date,open,high,low,close,volume
2009-03-05,122.1,124.55,119.05,121.75,92998
2009-03-06,120.5,125.0,119.15,122.95,59454
2009-03-09,124.95,124.95,120.5,122.38,23626
2009-03-12,124.75,124.9,120.55,122.18,34828
2009-03-13,122.9,124.88,122.53,124.28,55528
2009-03-16,126.0,126.38,122.75,125.28,52686
2009-03-17,125.45,125.45,122.8,124.03,78556
2009-03-18,125.82,130.5,123.0,123.65,246272
2009-03-19,126.72,127.45,120.25,121.63,102044
2009-03-20,123.5,126.75,121.5,123.13,98734
2009-03-23,125.0,126.5,122.5,123.93,132768
2009-03-24,126.5,127.4,121.0,121.72,102794
2009-03-25,122.5,123.2,121.05,121.95,55708
2009-03-26,124.38,125.25,121.65,123.95,146336
2009-03-27,125.0,139.5,122.5,125.68,684016
2009-03-30,132.0,143.98,126.1,128.88,506402
2009-03-31,131.27,139.5,129.3,133.82,535898
2009-04-01,133.95,146.2,133.55,139.88,549844
2009-04-02,143.48,153.95,140.6,149.2,628558
2009-04-06,152.5,171.5,149.55,167.93,579700
2009-04-08,164.5,167.5,156.65,165.23,334404
2009-04-09,168.5,184.95,167.5,169.07,362726
2009-04-13,172.52,177.9,170.55,172.4,210046
2009-04-15,173.0,187.0,167.0,182.9,593884
2009-04-16,188.2,189.0,172.0,174.77,332834
2009-04-17,175.5,182.5,173.0,175.57,604160
2009-04-20,177.5,179.5,171.02,175.73,396604
2009-04-21,175.0,184.5,172.3,180.1,682802
2009-04-22,184.5,186.95,178.07,182.0,785016
2009-04-23,187.45,199.45,180.1,194.2,1811538
2009-04-24,197.2,229.35,195.1,221.93,2634056
2009-04-27,219.9,231.7,208.1,213.23,1258852
2009-04-28,212.5,218.85,195.0,196.7,541578
2009-04-29,201.0,216.38,197.5,210.52,822282
2009-05-04,213.5,231.6,203.25,231.6,1337008
2009-05-05,237.2,237.2,222.0,226.13,905930
2009-05-06,226.4,232.4,219.0,222.57,530768
2009-05-07,225.0,231.0,222.5,225.4,351790
2009-05-08,226.0,228.5,210.43,215.18,379810
2009-05-11,216.5,219.48,208.05,212.15,170070
2009-05-12,206.5,218.5,206.5,215.75,687784
2009-05-13,219.85,228.4,215.25,222.38,564744
2009-05-14,205.0,228.95,205.0,225.93,442210
2009-05-15,229.43,247.5,228.0,239.3,783320
2009-05-18,262.33,263.25,262.33,263.25,1812
2009-05-19,265.55,289.58,241.0,289.58,785860
2009-05-20,291.0,304.08,287.65,304.08,267030
2009-05-21,307.5,317.5,296.65,300.95,350946
2009-05-22,300.0,314.5,298.5,312.55,315634
2009-05-25,316.7,327.0,315.5,317.73,228500
2009-05-26,322.45,327.45,306.5,308.85,256130
2009-05-27,315.0,323.5,311.0,318.55,211144
2009-05-28,323.15,324.5,315.5,321.4,149016
2009-05-29,325.42,337.48,325.42,337.48,156164
2009-06-01,347.2,354.35,337.5,353.45,551858
2009-06-02,359.7,359.7,335.77,336.92,288222
2009-06-03,341.0,349.5,339.25,346.15,296776
2009-06-04,345.0,363.48,340.0,363.48,448724
2009-06-05,369.85,381.65,369.85,381.45,1275034
2009-06-08,385.0,396.65,362.38,362.42,510664
2009-06-09,359.7,372.5,345.05,360.58,428404
2009-06-10,364.95,372.5,360.0,365.7,290148
2009-06-11,369.95,370.0,350.4,357.95,410188
2009-06-12,360.0,368.5,350.5,362.55,317412
2009-06-15,354.5,368.2,353.67,360.9,92200
2009-06-16,353.0,377.5,353.0,375.0,285000
2009-06-17,378.2,385.0,356.25,358.33,317900
2009-06-18,358.5,370.0,345.55,357.6,373766
2009-06-19,360.0,367.45,342.0,350.73,173692
2009-06-22,362.0,362.0,336.17,344.85,198504
2009-06-23,339.5,345.0,329.0,341.13,271532
2009-06-24,345.0,358.2,345.0,358.2,101750
2009-06-25,376.13,376.13,371.5,376.13,116432
2009-06-26,394.95,394.95,372.6,394.95,1007450
2009-06-29,402.35,414.7,402.35,414.35,2270538
2009-06-30,417.5,434.48,402.55,410.15,602350
2009-07-01,411.0,412.0,390.0,401.1,162716
2009-07-02,409.85,409.85,384.05,390.35,461022
2009-07-03,390.0,409.88,387.5,409.88,165642
2009-07-06,412.5,429.92,397.5,401.6,768354
2009-07-07,406.0,415.0,389.98,397.17,625304
2009-07-08,390.0,390.0,357.48,366.5,657516
2009-07-09,374.0,374.0,352.5,358.7,174406
2009-07-10,364.0,367.0,354.0,356.7,108440
2009-07-13,360.0,362.52,330.7,337.4,445418
2009-07-14,342.9,371.15,342.9,371.15,344374
2009-07-15,386.65,408.27,381.63,399.48,1144722
2009-07-16,400.5,414.23,396.1,401.65,675014
2009-07-17,406.0,412.2,400.52,403.05,256932
2009-07-20,407.0,425.9,405.13,420.65,562484
2009-07-21,424.85,424.85,410.0,419.63,258680
2009-07-22,423.0,427.33,415.0,419.8,291052
2009-07-23,425.0,426.4,418.0,424.45,315360
2009-07-24,426.0,426.0,416.58,422.05,236640
2009-07-27,424.8,424.8,413.5,418.23,782740
2009-07-28,420.0,425.0,417.5,422.83,527820
2009-07-29,417.5,422.0,411.0,416.92,195394
2009-07-30,417.5,422.5,403.5,412.55,483948
2009-07-31,417.5,419.6,405.05,415.02,402714
2009-08-03,416.5,421.1,410.0,414.13,217946
2009-08-04,411.6,412.5,388.5,391.5,334302
2009-08-05,391.0,394.9,377.05,380.77,286186
2009-08-06,377.5,377.5,370.0,371.13,279330
2009-08-07,365.0,367.0,340.05,364.17,178722
2009-08-10,370.0,379.0,357.5,360.13,136508
2009-08-11,352.5,366.0,335.0,364.3,140680
2009-08-12,360.0,364.5,358.02,359.98,119914
2009-08-13,365.0,370.0,360.15,366.13,150156
2009-08-14,369.45,384.0,363.6,374.3,110846
2009-08-17,369.0,373.5,360.55,365.23,212618
2009-08-18,367.58,374.0,365.0,369.3,269276
2009-08-19,370.0,372.3,356.52,360.35,114390
2009-08-20,367.5,367.5,337.52,349.75,445052
2009-08-21,345.0,357.5,341.58,351.88,241284
2009-08-24,356.0,359.4,340.0,354.05,74562
2009-08-25,354.0,355.98,344.0,345.55,195726
2009-08-26,346.4,353.4,344.5,346.33,66456
2009-08-27,345.55,366.0,336.0,358.35,251706
2009-08-28,362.5,362.5,350.05,353.45,159100
2009-08-31,351.0,360.0,350.5,357.33,136188
2009-09-01,356.0,362.5,347.5,350.05,91772
2009-09-02,350.0,353.35,337.52,342.17,94832
2009-09-03,347.5,347.5,336.5,338.67,83200
2009-09-04,340.0,343.0,326.1,333.4,244648
2009-09-07,340.9,340.9,329.75,333.9,109510
2009-09-08,337.25,339.5,333.02,336.4,90268
2009-09-09,331.0,338.0,327.5,329.55,69582
2009-09-10,336.95,340.0,309.2,319.38,165658
2009-09-11,318.77,322.42,311.02,316.95,373192
2009-09-14,317.0,325.0,310.0,312.27,193204
2009-09-15,316.0,322.2,314.0,318.77,281234
2009-09-16,322.5,336.9,321.27,328.13,249310
2009-09-17,331.5,336.0,328.5,330.2,198802
2009-09-18,335.0,356.2,330.52,346.3,784894
2009-09-22,346.5,352.0,341.5,344.02,134410
2009-09-23,347.4,349.85,337.45,338.52,128644
2009-09-24,335.0,342.5,329.4,340.45,94134
2009-09-25,338.0,347.35,334.02,336.38,103854
2009-09-29,348.5,357.5,335.02,336.33,61690
2009-09-30,336.0,341.23,330.0,332.92,93606
2009-10-01,335.0,336.0,330.5,331.45,122434
2009-10-05,330.0,331.75,325.55,326.92,50588
2009-10-06,330.0,335.0,315.0,330.3,52276
2009-10-07,334.25,336.0,325.5,330.13,89434
2009-10-08,330.3,333.95,321.25,323.77,45728
2009-10-09,329.85,329.88,317.5,322.7,58822
2009-10-12,322.7,327.0,318.5,322.98,60966
2009-10-14,325.5,333.5,322.0,329.75,276708
2009-10-15,335.0,338.95,332.0,334.95,239680
2009-10-16,334.5,349.5,333.0,345.38,406084
2009-10-17,347.5,350.45,343.02,345.35,47178
2009-10-20,349.0,351.5,336.5,339.73,325802
2009-10-21,344.0,358.75,340.6,350.42,743460
2009-10-22,350.0,363.8,347.5,353.73,886492
2009-10-23,358.4,365.5,357.5,360.7,310806
2009-10-26,360.05,379.0,350.52,363.83,893870
2009-10-27,362.2,377.0,361.58,365.67,554046
2009-10-28,365.42,369.95,352.25,357.73,416304
2009-10-29,340.5,358.45,340.5,353.85,254266
2009-10-30,356.45,378.7,354.08,357.45,1235328
2009-11-03,358.0,371.4,357.0,364.75,381150
2009-11-04,371.0,386.0,364.83,379.83,207768
2009-11-05,380.0,397.2,377.5,394.75,410572
2009-11-06,400.0,415.0,400.0,413.2,367634
2009-11-09,413.5,479.95,413.5,431.13,996448
2009-11-10,438.7,443.5,415.5,424.45,653072
2009-11-11,432.2,437.5,407.5,411.75,729664
2009-11-12,414.0,427.0,392.5,394.73,615964
2009-11-13,388.0,407.67,388.0,402.42,227008
2009-11-16,407.5,415.0,400.58,409.7,333886
2009-11-17,409.5,413.95,401.5,403.65,150178
2009-11-18,403.65,426.0,402.5,420.13,504630
2009-11-19,425.0,429.8,410.5,413.4,279404
2009-11-20,412.1,417.0,402.52,412.98,154780
2009-11-23,427.5,427.5,412.98,415.0,131432
2009-11-24,418.38,420.5,407.0,411.55,123312
2009-11-25,414.38,420.0,409.0,416.4,156426
2009-11-26,419.35,425.0,408.65,410.98,168258
2009-11-27,405.0,410.45,393.6,406.2,255792
2009-11-30,412.5,413.95,405.5,407.42,99488
2009-12-01,412.0,412.95,409.5,411.38,107910
2009-12-02,416.5,416.5,407.5,408.85,105526
2009-12-03,412.25,412.5,408.5,409.83,216652
2009-12-04,407.5,424.0,407.5,415.0,350640
2009-12-07,417.5,422.5,417.5,419.48,169160
2009-12-08,421.0,428.5,416.63,420.15,466276
2009-12-09,422.45,428.9,416.0,422.85,434726
2009-12-10,430.0,434.8,423.0,427.55,160413
2009-12-11,430.0,437.0,424.5,425.6,91503
2009-12-14,429.45,432.0,424.0,425.25,84367
2009-12-15,425.5,428.8,416.25,419.3,47816
2009-12-16,415.0,425.95,410.0,424.0,50708
2009-12-17,427.9,428.0,422.85,424.3,32512
2009-12-18,424.5,432.0,418.1,424.55,61376
2009-12-21,425.0,426.0,415.05,422.2,56464
2009-12-22,424.5,424.5,415.15,417.65,83654
2009-12-23,422.0,427.25,417.05,426.35,85436
2009-12-24,427.0,432.0,420.25,430.2,93826
2009-12-29,435.0,435.0,425.0,428.3,59464
2009-12-30,425.0,445.0,388.0,434.65,677052
2009-12-31,439.0,442.2,430.25,436.0,102999
2010-01-04,437.2,454.0,433.0,451.6,285126
2010-01-05,453.0,463.95,453.0,462.05,349511
2010-01-06,463.0,517.0,460.0,507.65,1122953
2010-01-07,519.4,519.4,483.0,486.7,729468
2010-01-08,489.8,508.0,482.2,492.85,509498
2010-01-11,494.0,506.95,494.0,501.65,183421
2010-01-12,504.5,512.0,461.65,468.65,578227
2010-01-13,474.9,478.9,458.0,463.4,728048
2010-01-14,469.7,487.0,467.1,482.5,482105
2010-01-15,485.0,487.4,472.65,482.4,208602
2010-01-18,476.15,482.4,474.2,476.65,563744
2010-01-19,479.85,487.95,470.0,474.75,82478
2010-01-20,480.0,482.75,471.05,478.15,113360
2010-01-21,470.0,479.8,465.0,467.65,82925
2010-01-22,463.0,472.0,445.0,463.55,94469
2010-01-25,455.0,462.0,446.25,454.3,769461
2010-01-27,456.0,458.85,432.6,445.1,481788
2010-01-28,445.1,453.0,441.0,444.85,400075
2010-01-29,437.0,446.0,430.1,443.25,120703
2010-02-01,437.0,463.9,437.0,457.75,109156
2010-02-02,462.0,479.9,454.1,466.85,467237
2010-02-03,470.0,488.0,467.05,486.55,207410
2010-02-04,480.0,484.2,473.0,478.5,101076
2010-02-05,460.0,472.0,442.0,466.9,175861
2010-02-06,469.9,477.0,466.25,468.9,10801
2010-02-08,460.0,480.0,460.0,472.05,600302
2010-02-09,472.05,484.5,467.55,478.75,601822
2010-02-10,470.0,485.9,470.0,481.1,57191
2010-02-11,477.0,493.0,477.0,485.7,357663
2010-02-15,490.0,496.0,486.0,489.25,168811
2010-02-16,495.0,500.85,491.05,497.7,129018
2010-02-17,510.1,525.9,502.4,518.65,748471
2010-02-18,518.4,518.4,496.05,503.9,245760
2010-02-19,491.0,504.4,480.0,494.5,231152
2010-02-22,501.0,502.0,485.05,491.95,253894
2010-02-23,491.95,497.4,487.15,491.25,148058
2010-02-24,488.0,492.05,485.0,490.8,137367
2010-02-25,480.0,492.9,480.0,486.4,273827
2010-02-26,487.0,495.7,480.15,486.6,455452
2010-03-02,490.0,490.0,418.5,485.6,572930
2010-03-03,486.0,501.4,486.0,495.3,426944
2010-03-04,497.0,509.9,488.4,494.4,405879
2010-03-05,495.0,506.65,493.25,503.9,193989
2010-03-08,508.0,509.9,502.0,505.6,181276
2010-03-09,505.3,506.8,499.1,504.75,72742
2010-03-10,505.0,505.0,482.0,486.25,135787
2010-03-11,452.25,484.95,452.25,474.6,167827
2010-03-12,477.0,487.7,475.0,479.95,95945
2010-03-15,481.0,484.0,474.1,480.2,69449
2010-03-16,484.45,490.0,480.0,487.0,92962
2010-03-17,493.8,493.8,479.0,481.65,328831
2010-03-18,497.9,497.9,475.0,480.0,104272
2010-03-19,470.0,482.75,470.0,480.1,140904
2010-03-22,479.0,479.0,463.05,465.7,287443
2010-03-23,467.0,472.5,456.15,464.7,89324
2010-03-25,457.25,475.0,457.0,470.4,141002
2010-03-26,465.0,477.5,465.0,473.75,77016
2010-03-29,474.05,485.0,467.15,471.5,290199
2010-03-30,478.0,488.0,468.0,473.95,321786
2010-03-31,462.1,482.0,462.1,469.7,195397
2010-04-01,472.0,481.4,472.0,479.15,207637
2010-04-05,484.0,488.9,478.05,486.75,280418
2010-04-06,488.4,492.6,481.5,483.85,348270
2010-04-07,486.0,498.0,485.45,492.1,522114
2010-04-08,493.5,499.0,488.0,491.6,380619
2010-04-09,490.0,494.95,485.0,489.55,138335
2010-04-12,489.05,492.0,483.5,485.3,103372
2010-04-13,488.9,490.6,477.05,489.65,90836
2010-04-15,491.0,491.0,484.05,487.8,181663
2010-04-16,486.1,489.2,482.15,484.6,72469
2010-04-19,480.0,497.7,477.0,493.55,193034
2010-04-20,499.15,527.0,492.05,522.45,707568
2010-04-21,526.8,548.0,524.0,544.35,522153
2010-04-22,547.0,558.0,523.55,553.45,367490
2010-04-23,569.2,586.7,548.05,562.8,371692
2010-04-26,564.0,576.0,558.05,573.15,423711
2010-04-27,574.0,594.8,567.55,580.55,1305419
2010-04-28,577.0,584.9,560.0,563.3,815043
2010-04-29,565.0,570.0,556.35,561.45,569363
2010-04-30,565.0,567.5,555.25,562.55,236341
2010-05-03,559.9,575.35,552.0,568.05,627849
2010-05-04,551.0,573.9,518.05,562.95,370071
2010-05-05,561.0,570.55,546.0,565.2,430138
2010-05-06,562.25,567.9,555.2,565.0,493810
2010-05-07,559.9,563.5,550.0,560.8,507904
2010-05-10,561.0,583.0,560.0,580.95,446405
2010-05-11,583.8,583.8,572.15,581.3,285364
2010-05-12,584.0,600.75,564.0,580.75,953483
2010-05-13,582.0,592.5,581.0,582.95,376801
2010-05-14,580.0,603.95,580.0,597.4,621436
2010-05-17,589.0,591.9,575.3,582.75,333782
2010-05-18,584.55,595.05,583.4,588.7,398686
2010-05-19,581.0,587.0,571.0,578.0,375603
2010-05-20,580.0,598.0,580.0,594.1,519062
2010-05-21,580.1,613.7,580.1,591.85,1081123
2010-05-24,580.0,607.9,548.0,593.7,1493632
2010-05-25,589.0,601.0,577.35,580.8,938150
2010-05-26,599.7,599.7,571.25,584.7,5039518
2010-05-27,586.65,586.65,508.65,541.95,9739829
2010-05-28,570.0,570.0,530.05,540.2,885091
2010-05-31,538.9,551.4,534.05,542.75,605232
2010-06-01,538.5,547.8,532.2,536.5,254647
2010-06-02,538.0,544.85,532.0,540.85,234877
2010-06-03,545.05,551.0,541.05,550.2,254020
2010-06-04,551.0,557.0,544.1,551.05,225233
2010-06-07,549.0,549.0,528.0,538.0,147845
2010-06-08,538.0,542.8,531.65,535.1,131480
2010-06-09,543.0,543.0,531.0,534.85,69345
2010-06-10,531.2,547.5,531.2,545.35,120303
2010-06-11,549.95,554.0,538.05,542.25,109673
2010-06-14,545.0,546.75,538.7,542.3,173939
2010-06-15,542.3,547.0,538.5,544.5,120139
2010-06-16,548.0,549.9,539.1,544.65,166029
2010-06-17,541.0,549.4,540.45,545.5,115804
2010-06-18,541.15,546.75,536.0,543.1,1127461
2010-06-21,547.8,548.9,538.25,539.85,228129
2010-06-22,538.0,542.8,533.5,537.1,229011
2010-06-23,532.0,539.0,532.0,537.15,335218
2010-06-24,532.0,540.0,532.0,535.05,1570890
2010-06-25,531.0,540.0,505.0,533.85,171323
2010-06-28,533.9,538.0,531.2,535.7,164603
2010-06-29,536.95,537.2,534.0,536.25,126996
2010-06-30,534.05,545.95,534.05,538.75,263115
2010-07-01,535.8,540.35,533.55,536.85,95743
2010-07-02,535.0,544.0,531.0,537.35,219069
2010-07-05,540.0,540.0,532.55,536.25,187445
2010-07-06,533.5,541.7,529.2,532.65,454392
2010-07-07,530.25,536.3,529.55,531.15,62955
2010-07-08,536.95,540.65,530.6,535.0,495017
2010-07-09,537.0,539.8,529.0,533.15,201022
2010-07-12,535.9,538.0,531.2,533.35,159136
2010-07-13,533.05,537.85,530.1,533.45,180748
2010-07-14,538.15,558.2,534.1,537.75,1855815
2010-07-15,540.0,544.75,537.05,539.1,728282
2010-07-16,538.1,549.9,538.05,541.9,928261
2010-07-19,538.15,549.4,538.15,544.95,383102
2010-07-20,549.7,550.9,540.05,543.8,410337
2010-07-21,549.9,552.8,542.9,549.3,1076695
2010-07-22,548.1,561.4,548.05,558.9,1654061
2010-07-23,564.8,564.95,548.6,556.35,1527094
2010-07-26,561.9,572.0,557.0,568.95,959387
2010-07-27,560.0,595.0,560.0,586.8,1277511
2010-07-28,587.8,607.4,585.55,591.4,1696294
2010-07-29,592.0,597.1,577.5,582.5,727979
2010-07-30,585.45,588.9,575.5,583.85,755292
2010-08-02,584.0,624.9,581.65,609.8,2584815
2010-08-03,615.0,635.0,612.1,622.95,5744729
2010-08-04,627.1,629.95,609.1,612.45,2153442
2010-08-05,618.0,618.2,606.0,609.6,1051257
2010-08-06,607.1,622.0,603.0,612.3,517970
2010-08-09,614.05,617.0,602.9,608.7,795257
2010-08-10,612.6,629.8,607.5,616.95,1356490
2010-08-11,620.95,622.75,608.85,612.75,516101
2010-08-12,610.0,612.75,593.2,599.8,1243038
2010-08-13,604.0,661.45,603.0,626.65,2863882
2010-08-16,629.0,642.7,619.0,625.8,2601167
2010-08-17,629.5,636.7,622.0,628.35,653874
2010-08-18,632.0,647.0,630.0,640.1,652727
2010-08-19,640.4,646.9,634.0,639.6,1099548
2010-08-20,637.0,646.0,632.3,643.9,4043048
2010-08-23,645.0,661.0,642.0,653.95,533328
2010-08-24,661.8,674.0,650.0,668.65,753721
2010-08-25,673.0,674.8,643.7,650.65,1477790
2010-08-26,658.6,659.2,627.4,631.5,3218138
2010-08-27,631.55,636.9,618.0,620.0,413872
2010-08-30,625.0,635.6,625.0,627.15,302939
2010-08-31,627.0,664.9,619.0,650.1,474743
2010-09-01,655.0,678.5,654.5,675.0,751611
2010-09-02,678.0,684.0,650.75,656.3,720880
2010-09-03,660.0,660.0,639.4,649.85,701302
2010-09-06,651.0,668.0,646.25,662.2,489819
2010-09-07,656.2,662.0,651.05,655.2,126699
2010-09-08,655.8,660.8,649.9,654.55,281139
2010-09-09,654.5,663.45,648.1,661.05,2467305
2010-09-13,664.5,705.05,664.0,700.8,918775
2010-09-14,705.0,709.0,684.35,690.65,1466315
2010-09-15,690.0,699.0,682.0,694.85,630159
2010-09-16,690.0,693.75,678.6,680.7,547323
2010-09-17,684.95,698.0,681.6,691.7,368116
2010-09-20,650.0,694.0,618.9,689.45,538913
2010-09-21,690.5,710.7,674.0,684.75,3706642
2010-09-22,688.0,689.25,678.0,679.85,337727
2010-09-23,684.7,686.9,675.05,679.35,226205
2010-09-24,674.0,681.0,664.85,670.75,651856
2010-09-27,675.15,684.45,668.6,670.75,687570
2010-09-28,676.8,678.35,665.5,666.9,445161
2010-09-29,667.55,676.0,666.5,673.2,354641
2010-09-30,675.5,678.95,656.7,662.8,3148353
2010-10-01,652.25,678.1,652.25,674.5,213253
2010-10-04,675.6,691.8,672.2,684.25,645225
2010-10-05,689.0,690.15,660.45,662.3,1374625
2010-10-06,670.0,676.0,656.0,661.05,859944
2010-10-07,662.5,698.4,662.5,690.15,2826465
2010-10-08,694.45,706.0,683.3,693.65,4552068
2010-10-11,698.75,711.85,690.15,706.15,969343
2010-10-12,708.35,708.9,692.2,699.6,779644
2010-10-13,702.0,705.9,687.15,704.05,921681
2010-10-14,709.0,709.0,686.95,689.5,794852
2010-10-15,693.4,694.45,680.25,687.0,334222
2010-10-18,687.0,698.85,670.1,679.3,216332
2010-10-19,670.15,697.0,670.15,675.15,561023
2010-10-20,675.1,675.1,667.0,670.65,354203
2010-10-21,675.0,687.15,673.7,680.85,397115
2010-10-22,675.8,684.85,672.0,674.05,413231
2010-10-25,678.8,684.5,670.0,674.05,292731
2010-10-26,680.05,688.0,660.0,678.55,370100
2010-10-27,674.5,684.0,672.0,676.15,220423
2010-10-28,684.0,692.6,675.0,683.7,1435793
2010-10-29,689.0,714.15,681.0,704.45,459274
2010-11-01,711.8,744.0,711.8,738.95,850862
2010-11-02,744.75,782.9,735.25,768.65,875828
2010-11-03,772.8,772.8,744.5,749.8,336261
2010-11-04,750.0,786.0,745.8,770.85,574980
2010-11-05,775.0,778.0,766.5,769.85,43106
2010-11-08,765.2,769.0,752.4,756.25,191023
2010-11-09,759.25,770.8,745.15,757.05,359328
2010-11-10,755.0,767.0,735.5,742.9,369577
2010-11-11,748.25,762.7,729.0,738.2,248275
2010-11-12,736.05,761.6,736.0,747.9,521541
2010-11-15,737.0,755.0,731.1,747.2,369826
2010-11-16,752.7,766.8,696.45,739.45,631589
2010-11-18,754.3,762.0,743.05,755.2,981795
2010-11-19,760.0,760.5,732.25,738.0,472328
2010-11-22,747.0,775.0,733.5,751.05,375587
2010-11-23,758.45,758.45,725.25,739.6,277315
2010-11-24,740.05,749.45,717.0,725.85,372206
2010-11-25,728.05,730.0,698.5,704.4,755330
2010-11-26,660.0,698.0,565.0,584.6,3842524
2010-11-29,600.0,642.4,560.0,635.2,2719763
2010-11-30,650.0,685.0,634.05,669.25,1977507
2010-12-01,673.0,689.9,670.0,679.05,773440
2010-12-02,685.0,714.45,656.85,672.95,781053
2010-12-03,672.95,683.5,667.15,673.1,544986
2010-12-06,668.3,685.0,666.0,670.05,465939
2010-12-07,669.95,673.45,655.2,659.75,209518
2010-12-08,655.2,661.85,630.5,643.75,324382
2010-12-09,640.0,655.3,612.6,623.4,1585872
2010-12-10,620.05,648.1,612.3,635.65,1682462
2010-12-13,635.0,654.35,634.2,647.0,147731
2010-12-14,650.0,655.0,634.0,635.35,269431
2010-12-15,633.45,639.8,625.0,633.25,341741
2010-12-16,639.7,639.7,618.4,623.25,1070638
2010-12-20,619.75,635.0,597.0,624.55,685868
2010-12-21,620.25,634.0,611.55,624.75,2942673
2010-12-22,629.0,636.85,623.0,624.8,163175
2010-12-23,623.35,627.95,615.0,619.4,193050
2010-12-24,612.0,624.8,612.0,618.75,169364
2010-12-27,619.75,629.3,616.0,619.3,58348
2010-12-28,621.0,627.8,619.25,624.0,64052
2010-12-29,625.0,642.8,621.3,638.45,174418
2010-12-30,649.0,700.0,630.05,647.7,605604
2011-01-03,655.0,659.8,645.0,648.75,134552
2011-01-04,650.0,656.0,646.3,650.35,181965
2011-01-05,645.0,659.8,641.45,652.05,222808
2011-01-06,656.05,674.8,620.1,644.4,6999325
2011-01-07,646.75,656.0,623.15,628.1,260412
2011-01-10,636.4,647.8,580.8,584.55,2629451
2011-01-11,590.0,612.0,585.8,603.6,824918
2011-01-12,609.0,626.0,609.0,619.55,2247901
2011-01-13,623.25,649.5,622.2,643.6,1888852
2011-01-14,640.0,649.0,633.0,641.9,622721
2011-01-17,637.0,645.0,603.65,609.35,543941
2011-01-18,619.0,631.0,609.0,622.8,2836811
2011-01-19,625.0,635.75,614.6,629.05,548890
2011-01-20,627.0,645.0,618.15,629.4,368635
2011-01-21,629.4,639.3,628.25,636.15,1156991
2011-01-24,636.0,640.95,631.0,635.75,144230
2011-01-25,637.0,642.9,617.1,620.0,376426
2011-01-27,625.1,627.7,609.1,612.25,490686
2011-01-28,610.0,614.0,572.95,576.8,905179
2011-01-31,570.0,576.4,551.05,564.2,856570
2011-02-01,565.0,579.25,544.65,565.9,612699
2011-02-02,570.0,596.9,570.0,583.35,551505
2011-02-03,582.95,614.0,579.15,609.4,238455
2011-02-04,610.0,618.7,597.8,602.15,370581
2011-02-07,590.7,610.0,582.0,588.2,727290
2011-02-08,595.0,601.95,561.65,585.7,4002431
2011-02-09,586.9,595.75,568.4,582.2,593373
2011-02-10,581.0,595.0,570.15,582.35,653568
2011-02-11,579.55,589.0,574.25,584.45,331499
2011-02-14,586.0,612.0,585.0,604.05,256726
2011-02-15,610.15,615.0,585.8,606.0,300634
2011-02-16,610.85,628.5,603.05,626.15,213928
2011-02-17,628.1,634.7,624.25,627.85,165251
2011-02-18,625.9,636.7,617.5,619.55,286858
2011-02-21,621.95,631.95,616.0,628.1,139145
2011-02-22,625.0,642.5,620.0,627.45,230207
2011-02-23,621.45,626.8,606.6,610.85,515742
2011-02-24,611.0,611.0,588.0,592.5,433151
2011-02-25,587.55,600.0,552.2,595.35,603782
2011-02-28,584.05,627.5,584.05,611.1,326691
2011-03-01,621.4,624.0,614.5,617.65,411238
2011-03-03,605.0,620.0,599.95,605.75,545188
2011-03-04,618.0,619.7,598.0,599.6,320423
2011-03-07,599.95,604.0,590.0,593.5,676004
2011-03-08,597.0,602.55,591.8,593.8,855393
2011-03-09,595.4,602.9,591.05,592.85,436964
2011-03-10,592.9,597.7,592.85,594.65,223132
2011-03-11,595.0,596.55,586.0,594.4,305191
2011-03-14,594.35,606.65,593.5,603.85,400445
2011-03-15,594.7,601.95,587.7,599.8,509376
2011-03-16,598.5,606.95,598.5,600.05,323502
2011-03-17,600.0,601.95,598.0,600.25,267812
2011-03-18,600.05,611.0,594.4,600.55,319819
2011-03-21,600.05,601.7,592.5,599.45,193841
2011-03-22,595.05,604.35,595.05,600.0,219355
2011-03-23,600.0,602.1,597.05,599.75,584450
2011-03-24,595.35,602.75,595.35,599.8,150374
2011-03-25,599.95,609.9,598.1,600.65,368542
2011-03-28,602.05,604.5,598.0,600.15,190370
2011-03-29,601.0,617.75,598.2,613.65,602776
2011-03-30,621.8,638.0,614.8,630.85,332666
2011-03-31,638.95,685.0,632.4,666.55,1228621
2011-04-01,666.0,668.2,652.3,661.0,210396
2011-04-04,669.95,677.45,657.8,663.65,233154
2011-04-05,670.0,670.0,660.0,666.25,142995
2011-04-06,665.05,668.5,653.0,659.3,181212
2011-04-07,664.9,664.9,649.2,652.05,282708
2011-04-08,655.0,655.0,637.05,648.85,213584
2011-04-11,653.9,653.9,643.15,649.3,127293
2011-04-13,650.0,654.7,644.2,649.55,183706
2011-04-15,648.0,651.9,641.2,643.6,92648
2011-04-18,644.45,649.15,628.7,636.0,395268
2011-04-19,641.5,645.85,620.0,638.2,91647
2011-04-20,640.0,655.0,628.0,650.5,221106
2011-04-21,655.0,656.65,647.4,649.5,728292
2011-04-25,648.95,650.9,639.05,643.4,79107
2011-04-26,647.7,647.7,625.15,637.1,121790
2011-04-27,644.0,645.65,631.15,640.7,111050
2011-04-28,644.85,649.9,636.0,641.35,275284
2011-04-29,644.0,654.9,620.0,624.95,381900
2011-05-02,631.15,641.7,623.0,629.0,243611
2011-05-03,633.1,642.0,616.75,622.3,518048
2011-05-04,624.0,632.85,604.7,615.6,227527
2011-05-05,622.95,623.0,600.2,606.45,211642
2011-05-06,613.75,619.35,606.15,618.35,126379
2011-05-09,622.3,629.9,610.65,621.55,4078164
2011-05-10,623.0,626.8,617.05,623.5,88336
2011-05-11,629.3,631.6,622.2,627.4,1681417
2011-05-12,629.7,648.0,624.4,637.55,536281
2011-05-13,641.65,664.65,631.8,639.65,349703
2011-05-16,636.85,640.05,631.0,635.05,62058
2011-05-17,618.0,647.0,615.6,635.05,90431
2011-05-18,637.6,637.6,621.0,627.85,217541
2011-05-19,635.0,636.4,624.1,625.9,65489
2011-05-20,629.7,630.1,622.1,625.95,99570
2011-05-23,622.0,626.4,612.05,614.85,169228
2011-05-24,619.75,629.7,607.4,618.75,136261
2011-05-25,621.0,623.85,597.55,605.95,287203
2011-05-26,611.0,614.95,600.25,604.85,196968
2011-05-27,615.0,619.6,595.2,610.2,276858
2011-05-30,615.95,622.8,613.05,616.9,203398
2011-05-31,617.2,642.9,616.0,638.55,440383
2011-06-01,644.4,645.65,630.6,635.9,105926
2011-06-02,637.05,638.35,620.0,627.0,112496
2011-06-03,627.9,632.7,611.0,614.9,241780
2011-06-06,617.2,617.2,596.05,603.0,201157
2011-06-07,603.0,618.45,600.3,615.45,140100
2011-06-08,614.1,628.8,607.3,626.45,151218
2011-06-09,628.0,653.0,625.0,648.0,298699
2011-06-10,648.05,654.45,639.0,644.35,290453
2011-06-13,647.0,669.9,634.1,666.6,424090
2011-06-14,667.05,681.95,662.0,677.35,369231
2011-06-15,675.0,681.9,650.05,652.95,223054
2011-06-16,650.05,673.55,647.0,665.1,295101
2011-06-17,672.35,684.35,665.0,674.45,448322
2011-06-20,673.05,675.9,655.0,660.7,140726
2011-06-21,660.15,666.9,652.95,662.75,342607
2011-06-22,669.6,669.6,656.0,660.35,139758
2011-06-23,660.5,664.45,651.0,659.0,137249
2011-06-24,668.35,700.0,662.0,691.9,478842
2011-06-27,692.0,710.0,692.0,700.4,279236
2011-06-28,703.75,707.0,695.0,699.6,534594
2011-06-29,699.05,708.65,691.05,698.7,156965
2011-06-30,696.75,720.0,696.0,714.9,632595
2011-07-01,731.0,731.0,693.25,701.8,118510
2011-07-04,703.95,716.5,702.45,708.5,151311
2011-07-05,714.0,714.0,697.45,702.35,67900
2011-07-06,708.7,708.7,698.3,699.6,56458
2011-07-07,693.7,714.45,665.05,711.05,338944
2011-07-08,705.65,717.15,700.75,702.95,357263
2011-07-11,708.9,728.0,698.25,715.8,339566
2011-07-12,715.0,732.7,700.15,705.6,187943
2011-07-13,706.05,712.85,701.65,709.95,120178
2011-07-14,711.7,718.9,706.4,714.9,105539
2011-07-15,718.0,720.0,710.05,715.6,87651
2011-07-18,719.85,719.85,711.8,714.4,56397
2011-07-19,711.0,740.0,711.0,731.35,582231
2011-07-20,737.45,741.9,728.0,733.6,344309
2011-07-21,731.3,732.85,715.0,719.6,190717
2011-07-22,723.0,739.9,723.0,737.55,100640
2011-07-25,733.8,754.0,730.05,750.4,190215
2011-07-26,749.95,766.5,749.95,761.3,305047
2011-07-27,761.5,764.05,750.0,760.0,670680
2011-07-28,759.0,759.85,736.5,744.55,513050
2011-07-29,732.0,733.75,548.0,585.5,11692093
2011-08-01,605.0,649.0,601.1,638.15,5426379
2011-08-02,658.6,680.4,626.0,671.45,3387787
2011-08-03,664.8,672.0,652.7,658.0,1643986
2011-08-04,651.05,667.45,651.05,657.4,661815
2011-08-05,649.75,649.8,610.0,619.85,1185672
2011-08-08,613.0,632.6,591.05,613.2,1072571
2011-08-09,600.9,604.35,591.95,597.45,593706
2011-08-10,604.0,615.0,575.05,601.95,1252538
2011-08-11,599.8,604.65,570.0,571.95,803528
2011-08-12,580.95,587.95,566.0,571.7,342661
2011-08-16,581.9,581.9,560.0,564.05,348885
2011-08-17,562.95,577.5,551.9,562.9,326670
2011-08-18,569.95,574.9,556.9,558.95,282668
2011-08-19,543.0,561.95,514.3,531.6,473683
2011-08-22,528.95,545.0,520.0,539.95,244550
2011-08-23,544.95,559.05,530.5,539.75,377777
2011-08-24,540.3,544.85,522.25,531.4,402094
2011-08-25,537.75,543.0,527.0,531.15,493370
2011-08-26,536.7,536.7,517.7,523.35,332328
2011-08-29,533.8,540.55,527.25,539.45,310207
2011-08-30,547.75,551.6,525.2,529.45,777767
2011-09-02,539.8,542.1,527.0,532.75,498496
2011-09-05,531.0,541.0,521.2,531.7,293913
2011-09-06,531.05,541.9,524.7,535.1,309731
2011-09-07,539.5,575.3,532.0,553.95,881583
2011-09-08,555.0,572.8,550.0,561.45,339146
2011-09-09,565.75,568.4,541.45,552.55,399710
2011-09-12,545.2,574.0,535.0,553.4,1036279
2011-09-13,557.0,564.0,548.4,556.6,410007
2011-09-14,556.0,572.05,552.45,562.95,225912
2011-09-15,565.2,591.85,565.15,586.2,543748
2011-09-16,586.0,602.0,582.25,599.5,425703
2011-09-19,605.0,609.0,575.0,578.1,277733
2011-09-20,579.95,611.95,578.05,603.9,434575
2011-09-21,604.9,628.0,604.9,618.95,538675
2011-09-22,611.0,611.0,581.0,583.9,404317
2011-09-23,579.95,582.8,565.2,569.55,331219
2011-09-26,580.0,580.0,536.95,541.0,366441
2011-09-27,550.0,567.9,546.5,562.05,536332
2011-09-28,568.35,568.35,533.0,541.85,222175
2011-09-29,543.0,551.9,533.0,537.75,533096
2011-09-30,548.35,548.35,520.0,526.85,411520
2011-10-03,521.55,522.0,494.0,505.7,421327
2011-10-04,509.0,509.0,476.15,483.0,457586
2011-10-05,485.15,492.45,468.0,470.4,436699
2011-10-07,484.95,510.85,447.6,461.9,804156
2011-10-10,464.95,470.95,457.0,460.4,355527
2011-10-11,469.55,469.55,439.15,458.75,1636850
2011-10-12,461.0,467.65,459.85,464.7,462615
2011-10-13,466.1,483.3,457.0,469.95,1762132
2011-10-14,472.95,479.9,467.0,470.9,204808
2011-10-17,473.9,477.95,464.3,466.2,222500
2011-10-18,458.0,463.9,455.0,461.1,1017808
2011-10-19,463.15,474.5,460.15,473.15,716097
2011-10-20,470.0,471.65,458.75,465.6,179181
2011-10-21,473.95,473.95,458.0,462.15,221703
2011-10-24,466.05,468.25,459.0,461.05,391691
2011-10-25,464.7,466.4,453.15,460.5,417805
2011-10-26,469.0,469.0,461.5,463.5,18830
2011-10-28,473.9,485.4,470.0,479.65,556576
2011-10-31,482.85,487.4,475.25,477.9,520956
2011-11-01,472.0,474.95,460.0,463.6,512364
2011-11-02,457.05,466.05,457.05,463.45,549812
2011-11-03,464.75,474.0,457.4,463.0,502509
2011-11-04,469.15,469.7,459.25,462.25,904414
2011-11-08,464.8,464.8,458.1,462.25,365331
2011-11-09,462.2,463.0,457.1,460.55,199635
2011-11-11,459.35,466.15,454.25,458.95,558155
2011-11-14,464.6,465.8,455.0,456.5,529840
2011-11-15,458.9,458.9,403.7,412.3,1366027
2011-11-16,408.0,410.0,366.2,383.3,2156561
2011-11-17,391.0,391.1,346.15,351.55,1948782
2011-11-18,365.0,365.0,321.0,335.4,2518798
2011-11-21,331.0,338.75,308.75,312.0,911872
2011-11-22,310.0,323.4,306.1,314.5,1054154
2011-11-23,310.0,319.0,293.1,295.6,903259
2011-11-24,291.75,325.0,279.05,317.3,4049487
2011-11-25,329.0,333.0,310.2,320.95,981533
2011-11-28,325.6,329.65,316.0,317.55,656436
2011-11-29,320.0,326.7,300.65,305.7,895255
2011-11-30,304.0,316.05,294.7,301.4,910863
2011-12-01,311.0,316.4,304.15,309.25,498567
2011-12-02,314.65,344.5,305.0,338.7,1072820
2011-12-05,338.5,353.55,335.1,343.75,1075515
2011-12-07,344.0,350.8,336.5,340.95,573302
2011-12-08,341.05,343.9,321.55,334.8,860406
2011-12-09,329.5,334.5,317.35,324.65,849980
2011-12-12,326.3,332.4,309.55,314.1,666782
2011-12-13,310.9,327.5,307.05,321.3,780072
2011-12-14,321.3,321.4,310.7,315.3,1001744
2011-12-15,311.0,317.5,306.9,314.55,414642
2011-12-16,316.0,325.0,306.75,314.85,509103
2011-12-19,311.0,314.85,304.75,309.45,898069
2011-12-20,309.85,314.75,302.55,308.7,528401
2011-12-21,312.0,318.0,301.4,311.9,665429
2011-12-22,310.95,314.9,308.25,311.4,599486
2011-12-23,312.7,327.3,312.7,321.15,611959
2011-12-26,323.35,332.0,320.15,326.1,440645
2011-12-27,326.85,330.15,318.0,321.8,183426
2011-12-28,316.85,327.5,314.0,325.15,358537
2011-12-29,326.7,329.45,308.95,313.0,735850
2011-12-30,310.5,316.0,288.15,293.6,845931
2012-01-02,293.0,293.0,283.0,288.65,678461
2012-01-03,290.0,294.0,283.75,287.35,1095637
2012-01-04,287.35,294.0,276.2,278.15,1123089
2012-01-05,276.1,277.7,265.0,267.1,1022100
2012-01-06,263.0,273.5,261.05,268.55,1199156
2012-01-07,269.0,271.8,266.1,269.15,81556
2012-01-09,269.35,273.0,264.35,267.8,1149831
2012-01-10,268.7,285.5,268.7,283.35,2149322
2012-01-11,283.95,323.0,283.95,314.0,4467073
2012-01-12,313.7,329.8,306.55,321.15,2488235
2012-01-13,319.15,327.75,308.05,322.9,680702
2012-01-16,322.0,358.35,317.1,355.0,1761189
2012-01-17,358.9,376.0,352.55,372.4,2128954
2012-01-18,374.0,404.45,371.8,399.85,3390797
2012-01-19,409.75,449.7,401.1,440.5,3470963
2012-01-20,445.0,455.85,401.0,405.8,4333603
2012-01-23,400.0,416.9,389.05,399.45,3686908
2012-01-24,399.0,413.4,397.25,405.6,1428202
2012-01-25,406.5,411.3,397.7,399.9,1171590
2012-01-27,396.1,429.7,332.65,423.45,3103498
2012-01-30,419.2,423.5,388.15,393.35,2248378
2012-01-31,394.4,421.0,392.0,415.9,2903067
2012-02-01,415.0,438.25,415.0,436.25,2126919
2012-02-02,442.9,442.9,421.9,430.05,2254582
2012-02-03,430.05,433.2,420.05,427.35,649587
2012-02-06,433.75,440.0,425.0,435.05,2527332
2012-02-07,440.0,440.05,397.55,401.55,1621646
2012-02-08,403.0,418.65,402.55,410.25,1161603
2012-02-09,412.05,416.0,378.35,391.8,3488059
2012-02-10,393.5,405.4,380.25,393.8,1395728
2012-02-13,395.0,397.75,370.1,372.8,1581725
2012-02-14,372.5,373.5,350.05,356.1,3751382
2012-02-15,357.0,381.0,355.8,378.4,5249465
2012-02-16,380.2,394.9,371.9,392.2,2867114
2012-02-17,396.75,424.5,395.05,414.25,3898825
2012-02-21,414.25,427.4,414.25,421.8,2485718
2012-02-22,422.7,426.0,382.15,387.25,3037579
2012-02-23,386.0,396.0,375.0,384.4,2367797
2012-02-24,388.9,394.1,372.0,376.7,1235649
2012-02-27,376.7,377.85,345.0,347.55,1029520
2012-02-28,351.05,370.0,351.0,367.75,1511785
2012-02-29,372.9,380.95,370.0,374.75,1176365
2012-03-01,375.0,375.0,361.0,366.65,868385
2012-03-02,369.0,371.3,350.0,353.2,1454754
2012-03-03,353.5,362.8,352.85,359.0,216489
2012-03-05,359.0,368.8,352.0,358.9,1204731
2012-03-06,360.0,367.8,348.1,350.5,880279
2012-03-07,345.0,349.9,315.45,319.0,2811560
2012-03-09,328.4,334.95,302.9,317.55,3855631
2012-03-12,326.7,330.5,316.7,324.6,1616455
2012-03-13,328.0,341.85,322.1,333.4,2494944
2012-03-14,329.8,342.0,323.5,325.3,1769209
2012-03-15,323.55,323.55,314.0,316.85,1018629
2012-03-16,315.35,322.6,304.55,307.35,1156743
2012-03-19,310.2,311.55,288.7,294.95,1480337
2012-03-20,293.25,296.0,280.5,284.25,2643386
2012-03-21,284.9,300.95,282.4,299.4,2575835
2012-03-22,298.0,305.25,282.0,284.25,1999100
2012-03-23,286.25,293.0,282.2,288.75,1150425
2012-03-26,286.7,289.5,275.0,276.3,1222485
2012-03-27,280.15,287.85,279.0,284.9,1141063
2012-03-28,283.1,286.9,280.45,284.2,1560690
2012-03-29,281.4,304.0,280.4,299.65,3435969
2012-03-30,300.0,309.5,300.0,304.85,1247335
2012-04-02,305.05,313.45,305.05,308.0,845391
2012-04-03,311.75,323.6,303.0,320.5,1891954
2012-04-04,321.0,325.0,314.6,317.6,1035621
2012-04-09,316.0,316.9,307.95,310.75,563366
2012-04-10,310.75,320.0,308.0,316.0,1017564
2012-04-11,312.0,319.4,303.9,307.25,881204
2012-04-12,309.1,315.05,307.7,309.55,545480
2012-04-13,312.35,317.55,301.0,303.45,911048
2012-04-16,302.1,308.8,298.4,304.9,711803
2012-04-17,303.85,307.7,294.6,303.45,955760
2012-04-18,306.55,319.5,305.4,307.35,2050321
2012-04-19,309.4,309.4,297.45,299.9,1140568
2012-04-20,299.0,301.5,285.5,287.35,1806129
2012-04-23,289.85,295.0,276.8,278.4,948817
2012-04-24,280.0,282.3,273.4,278.85,1045149
2012-04-25,279.45,281.6,272.1,275.75,699210
2012-04-26,276.95,284.75,270.0,272.75,1630633
2012-04-27,274.0,277.0,270.0,275.4,594516
2012-04-28,275.0,277.15,274.15,276.35,67366
2012-04-30,276.2,283.0,272.0,280.95,571738
2012-05-02,284.35,285.25,277.55,279.25,497580
2012-05-03,277.0,278.8,270.0,271.3,630856
2012-05-04,268.0,273.85,261.0,269.2,1398863
2012-05-07,262.1,280.7,258.7,277.05,855451
2012-05-08,274.6,280.05,265.0,268.75,604303
2012-05-09,266.9,273.75,256.1,258.05,897210
2012-05-10,259.2,266.0,256.1,257.5,628193
2012-05-11,257.0,259.9,247.75,251.55,781988
2012-05-14,252.75,254.7,235.25,239.95,787603
2012-05-15,239.65,241.0,231.1,236.45,659365
2012-05-16,233.1,234.35,228.6,230.25,652990
2012-05-17,231.35,238.5,227.0,229.05,591264
2012-05-18,218.7,233.9,208.1,232.15,708680
2012-05-21,230.0,244.85,230.0,239.15,1963868
2012-05-22,242.45,246.3,240.05,242.2,912077
2012-05-23,240.0,244.9,238.6,241.35,474923
2012-05-24,240.9,244.6,235.95,242.3,303545
2012-05-25,242.25,263.8,242.25,259.5,1756239
2012-05-28,262.1,264.9,259.2,262.35,716666
2012-05-29,262.0,269.7,257.25,266.85,756155
2012-05-30,265.0,273.7,260.6,262.05,907684
2012-05-31,260.0,270.15,255.45,260.55,1357298
2012-06-01,256.0,257.75,237.65,239.9,772875
2012-06-04,236.0,236.0,225.8,230.5,1184205
2012-06-05,232.55,234.95,227.1,228.95,990624
2012-06-06,228.0,236.7,228.0,231.25,2778968
2012-06-07,234.8,235.9,225.1,230.65,1894265
2012-06-08,228.8,230.3,225.5,227.7,1524894
2012-06-11,230.0,234.65,224.3,225.4,2821605
2012-06-12,222.0,232.0,220.25,228.45,1743718
2012-06-13,230.15,230.15,222.2,223.9,1485628
2012-06-14,223.05,226.0,219.5,220.7,837072
2012-06-15,222.0,224.55,221.0,222.55,752801
2012-06-18,223.5,225.4,204.3,208.2,1871620
2012-06-19,210.0,212.0,204.0,209.05,1502431
2012-06-20,210.35,218.0,208.8,216.3,1647624
2012-06-21,216.0,219.85,213.0,218.4,1722139
2012-06-22,214.05,223.5,214.0,219.65,2302940
2012-06-25,220.0,223.2,209.6,211.55,1936768
2012-06-26,212.25,215.45,209.9,212.55,981907
2012-06-27,213.6,220.5,212.7,219.35,1491307
2012-06-28,220.0,221.9,215.5,217.55,1718591
2012-06-29,220.0,225.4,219.15,222.4,3569633
2012-07-02,224.0,238.4,220.0,235.0,15123220
2012-07-03,236.4,242.5,236.1,238.15,3899141
2012-07-04,239.0,243.3,235.05,237.5,2882947
2012-07-05,238.0,241.8,237.4,238.9,2939684
2012-07-06,238.6,239.0,230.1,234.35,2520743
2012-07-09,234.0,235.7,222.65,224.2,2376699
2012-07-10,224.0,230.35,221.6,228.95,2213629
2012-07-11,228.0,233.4,226.8,229.55,1403275
2012-07-12,226.6,228.35,222.75,224.75,1641500
2012-07-13,225.0,227.45,221.6,222.35,1371451
2012-07-16,221.9,223.5,211.1,212.25,1973600
2012-07-17,212.5,213.95,193.1,194.5,6337326
2012-07-18,196.0,201.9,187.1,198.7,15392536
2012-07-19,200.0,204.5,193.8,195.85,4937758
2012-07-20,196.0,198.8,192.1,195.7,2185823
2012-07-23,194.0,195.75,189.0,191.8,1600292
2012-07-24,192.0,194.95,190.2,192.35,1913813
2012-07-25,195.15,195.15,187.65,189.8,1657528
2012-07-26,192.5,194.2,178.8,180.75,4102236
2012-07-27,182.3,187.4,170.9,173.25,2715438
2012-07-30,174.0,179.6,169.25,178.1,2750811
2012-07-31,178.75,182.5,176.6,180.9,1954829
2012-08-01,181.45,187.55,180.3,185.35,1941699
2012-08-02,185.3,187.8,183.5,185.75,1410820
2012-08-03,185.2,185.2,177.0,179.8,1766035
2012-08-06,180.0,184.8,180.0,181.0,1068414
2012-08-07,182.0,184.45,180.65,182.7,943979
2012-08-08,182.95,187.2,180.0,181.05,2037289
2012-08-09,181.0,183.5,175.1,177.9,3326587
2012-08-10,178.0,179.85,175.5,177.5,982154
2012-08-13,177.1,184.75,177.1,182.95,1484725
2012-08-14,183.0,192.75,183.0,191.8,2731467
2012-08-16,192.0,195.3,189.7,191.0,2965497
2012-08-17,190.3,193.35,182.1,183.2,1941864
2012-08-21,183.05,185.95,181.35,185.15,1001492
2012-08-22,185.5,186.5,180.55,181.85,704312
2012-08-23,181.05,183.35,177.25,178.5,1156345
2012-08-24,178.0,178.2,172.65,174.75,1198346
2012-08-27,175.0,175.2,158.1,159.1,3734146
2012-08-28,159.0,159.4,151.5,155.9,4609696
2012-08-29,156.25,157.9,153.2,154.6,1951065
2012-08-30,155.0,157.5,152.6,155.35,2640479
2012-08-31,155.0,157.8,151.5,155.8,2047996
2012-09-03,157.0,160.4,155.3,157.1,1322393
2012-09-04,156.8,159.0,152.75,158.15,1547323
2012-09-05,157.15,158.5,152.6,154.4,1844796
2012-09-06,155.35,156.6,151.7,153.55,1825457
2012-09-07,154.0,157.6,153.0,155.15,2180738
2012-09-08,155.0,156.85,153.05,155.3,265233
2012-09-10,155.0,171.45,153.1,170.1,5988331
2012-09-11,170.0,180.8,166.6,179.5,6983560
2012-09-12,180.0,180.2,174.0,175.8,2815005
2012-09-13,175.6,183.7,174.7,177.75,3115234
2012-09-14,180.0,190.65,178.75,188.95,3958604
2012-09-17,190.1,194.5,186.2,192.5,2551609
2012-09-18,192.5,201.3,190.4,196.3,2523239
2012-09-20,196.0,202.7,191.2,199.7,4631838
2012-09-21,200.0,204.5,198.5,203.05,3616903
2012-09-24,203.7,208.9,197.65,199.0,3191670
2012-09-25,199.5,204.9,192.2,200.3,3107669
2012-09-26,200.35,202.35,196.55,198.25,2520845
2012-09-27,198.95,201.0,195.6,196.3,1322473
2012-09-28,197.85,203.75,197.85,201.15,2154163
2012-10-01,201.0,202.35,195.0,198.1,1225002
2012-10-03,199.2,212.45,198.15,208.6,6568083
2012-10-04,209.1,227.8,209.1,225.15,5853848
2012-10-05,228.6,237.45,220.0,235.55,8486468
2012-10-08,234.8,238.55,225.7,227.35,3374014
2012-10-09,227.95,232.35,218.8,220.3,2939067
2012-10-10,218.9,219.05,210.15,211.15,3312822
2012-10-11,212.0,227.7,208.4,225.35,5009223
2012-10-12,225.0,231.3,221.3,222.65,3194151
2012-10-15,222.85,224.8,217.65,221.0,1686535
2012-10-16,218.0,226.7,213.2,214.35,2676901
2012-10-17,216.0,218.25,210.0,213.85,1848305
2012-10-18,215.0,221.85,212.5,220.75,1839825
2012-10-19,219.5,220.9,213.8,216.15,1388327
2012-10-22,215.0,224.2,212.1,223.35,2147329
2012-10-23,224.75,226.9,222.0,223.9,4266746
2012-10-25,224.4,225.5,218.5,221.8,3305759
2012-10-26,218.5,223.75,215.5,216.65,1274586
2012-10-29,217.5,219.9,214.0,215.75,835970
2012-10-30,215.6,219.8,212.25,214.8,1237848
2012-10-31,215.0,218.2,214.5,215.35,849499
2012-11-01,215.9,226.4,215.45,225.6,2295445
2012-11-02,227.1,231.25,224.0,225.1,1813950
2012-11-05,225.2,228.3,221.3,224.3,1291976
2012-11-06,224.95,229.95,224.35,227.9,1018497
2012-11-07,228.5,233.5,227.25,228.9,1601655
2012-11-08,228.0,229.45,222.4,226.95,1084762
2012-11-09,226.95,229.75,224.2,225.2,703110
2012-11-12,225.9,228.5,224.7,226.0,525940
2012-11-13,227.0,228.0,223.6,224.8,109369
2012-11-15,224.4,237.5,221.15,235.85,1743338
2012-11-16,237.15,241.7,223.7,225.3,1984648
2012-11-19,226.0,228.65,222.0,225.5,939389
2012-11-20,226.0,227.65,218.0,222.2,1293334
2012-11-21,222.0,226.6,219.3,225.1,793017
2012-11-22,225.2,226.95,220.2,223.85,689746
2012-11-23,224.0,228.95,222.65,226.1,817718
2012-11-26,227.0,231.0,225.25,228.6,723854
2012-11-27,228.5,234.5,228.5,232.4,802564
2012-11-29,232.55,234.7,228.8,230.75,1024936
2012-11-30,232.25,241.85,231.5,239.75,1541395
2012-12-03,241.2,262.8,240.25,259.15,3592667
2012-12-04,260.0,266.55,251.4,254.4,3256649
2012-12-05,250.0,260.0,248.0,249.25,2082176
2012-12-06,250.0,264.15,242.1,261.85,4634625
2012-12-07,262.0,268.9,258.1,263.25,3546926
2012-12-10,264.0,268.65,261.0,266.9,1404522
2012-12-11,267.1,274.9,262.0,271.95,2475234
2012-12-12,273.05,279.4,271.05,275.45,2439694
2012-12-13,276.0,277.5,263.6,265.8,1856444
2012-12-14,265.0,271.5,260.95,269.4,1603838
2012-12-17,270.0,281.8,268.5,280.2,2191370
2012-12-18,282.55,285.35,278.0,282.65,2524383
2012-12-19,282.05,296.8,280.0,291.7,3957613
2012-12-20,292.6,293.25,269.0,271.0,8325549
2012-12-21,278.15,284.4,270.65,272.95,9211522
2012-12-24,274.0,276.8,265.25,274.65,3295453
2012-12-26,275.0,276.0,271.05,272.8,1545490
2012-12-27,272.7,277.75,268.0,270.35,3153996
2012-12-28,271.75,273.95,269.15,272.15,1300760
2013-01-01,273.3,277.45,272.8,275.9,949270
2013-01-02,278.2,286.5,277.15,285.35,2819260
2013-01-03,286.9,287.3,279.35,280.7,1408033
2013-01-04,285.05,285.05,274.65,276.7,1726008
2013-01-07,278.2,282.7,277.65,279.4,1129136
2013-01-08,279.7,279.8,272.8,277.1,1367983
2013-01-09,277.9,281.0,274.05,275.25,1135351
2013-01-10,276.0,278.1,268.8,271.85,1432751
2013-01-11,270.95,272.65,259.65,261.5,1272240
2013-01-14,262.2,273.6,255.7,271.05,2173104
2013-01-15,270.0,272.0,265.15,267.5,1310527
2013-01-16,267.4,272.45,261.5,263.0,1418181
2013-01-17,264.0,268.8,261.6,266.45,921635
2013-01-18,267.4,270.8,264.15,267.0,931517
2013-01-21,268.2,275.8,265.35,274.65,1226906
2013-01-22,275.75,278.7,267.5,269.75,1670153
2013-01-23,268.3,271.05,263.55,269.15,1297071
2013-01-24,270.0,270.2,248.15,251.95,1566643
2013-01-25,251.0,259.7,247.75,258.65,1288882
2013-01-28,259.05,259.95,251.1,253.05,937955
2013-01-29,253.1,263.8,245.85,246.9,2791324
2013-01-30,247.0,250.75,243.9,245.85,1219711
2013-01-31,246.0,252.85,240.5,250.05,1760162
2013-02-01,252.1,255.85,244.0,245.75,2091967
2013-02-04,248.1,251.9,243.3,246.35,1736939
2013-02-05,242.4,248.85,240.0,242.25,1386088
2013-02-06,244.0,250.9,244.0,247.6,1696377
2013-02-07,247.5,249.5,241.0,243.4,1004979
2013-02-08,244.15,244.95,232.0,232.75,1176562
2013-02-11,233.6,236.75,231.05,232.85,906646
2013-02-12,233.2,236.0,223.2,225.2,1412624
2013-02-13,226.05,231.9,224.2,226.75,1324364
2013-02-14,227.15,227.15,212.6,215.55,2122806
2013-02-15,214.95,224.0,213.1,222.4,1244331
2013-02-18,223.55,232.9,222.2,231.25,1569802
2013-02-19,233.1,239.0,230.0,237.6,1315444
2013-02-20,238.0,239.9,235.3,236.6,1394548
2013-02-21,234.0,235.8,227.25,229.15,1017817
2013-02-22,228.5,234.7,225.3,231.6,1118633
2013-02-25,233.0,234.45,220.25,224.1,1138755
2013-02-26,224.1,224.1,215.1,216.75,1244218
2013-02-27,216.95,227.7,211.5,224.35,1567035
2013-02-28,226.4,228.75,215.0,215.65,1773333
2013-03-01,215.4,217.9,205.1,211.75,1684029
2013-03-04,213.05,213.75,203.6,210.2,2008007
2013-03-05,211.2,218.2,205.75,216.9,1615403
2013-03-06,217.95,223.85,214.05,220.55,1618838
2013-03-07,221.1,228.3,221.0,227.5,1424572
2013-03-08,228.65,236.8,227.5,235.65,1818036
2013-03-11,234.0,244.9,234.0,243.6,2220352
2013-03-12,244.0,245.0,235.5,239.1,1591267
2013-03-13,239.0,239.0,230.25,231.6,1232150
2013-03-14,230.0,242.0,226.2,239.6,1740518
2013-03-15,240.0,245.95,237.0,239.35,2022466
2013-03-18,238.0,238.8,231.15,235.6,1165634
2013-03-19,237.5,237.5,224.3,225.3,1398779
2013-03-20,223.0,227.4,215.0,217.0,1353862
2013-03-21,218.0,220.95,205.1,208.4,1726511
2013-03-22,208.7,209.9,197.7,201.45,2828373
2013-03-25,202.55,207.2,191.05,193.65,2956226
2013-03-26,194.75,194.75,188.55,192.25,1342233
2013-03-28,192.55,204.8,188.45,202.2,1639008
2013-04-01,203.95,207.7,201.35,206.8,1088434
2013-04-02,205.0,213.95,205.0,212.95,1187010
2013-04-03,212.9,230.45,211.1,218.8,3175999
2013-04-04,216.6,218.7,207.7,209.4,1835548
2013-04-05,208.3,216.9,207.0,211.85,1390675
2013-04-08,213.0,215.9,208.1,210.2,1038480
2013-04-09,212.0,217.9,207.6,209.2,1423703
2013-04-10,210.4,212.35,198.15,205.55,2479775
2013-04-11,206.6,209.9,203.45,207.45,1402201
2013-04-12,205.0,211.85,202.8,210.5,1210335
2013-04-15,208.0,215.55,206.05,212.55,1211150
2013-04-16,213.0,220.9,211.1,219.75,1315221
2013-04-17,220.9,223.5,214.2,215.55,1608223
2013-04-18,214.85,221.15,211.3,220.15,1550606
2013-04-22,220.0,226.2,215.7,224.45,1245857
2013-04-23,225.0,227.4,214.05,215.95,3328311
2013-04-25,214.75,217.9,211.55,215.95,1988129
2013-04-26,216.65,219.25,211.5,212.85,885992
2013-04-29,213.5,219.0,210.0,216.95,1073106
2013-04-30,218.05,219.85,212.0,218.1,1418499
2013-05-02,216.0,223.0,215.4,218.85,1232502
2013-05-03,219.0,224.85,214.15,222.45,1430028
2013-05-06,224.0,230.0,220.1,228.4,1155104
2013-05-07,229.55,233.6,229.0,231.95,1507902
2013-05-08,231.0,232.5,225.65,229.2,1037646
2013-05-09,229.5,234.7,227.35,229.3,941153
2013-05-10,229.5,230.25,225.0,226.7,744658
2013-05-11,226.7,226.9,225.4,226.3,49199
2013-05-13,225.4,225.95,214.95,217.2,846924
2013-05-14,216.8,217.2,212.5,214.75,770119
2013-05-15,215.0,228.4,214.75,226.05,1061669
2013-05-16,227.2,232.0,225.1,229.15,947037
2013-05-17,229.15,238.4,226.0,235.35,1042914
2013-05-20,239.0,251.25,235.0,242.9,4363819
2013-05-21,243.4,247.05,236.5,239.75,2112376
2013-05-22,240.25,242.35,231.25,232.8,1095969
2013-05-23,231.0,231.35,214.6,219.05,1599967
2013-05-24,220.15,223.35,215.8,221.1,929792
2013-05-27,220.5,227.4,219.0,225.25,788334
2013-05-28,225.95,228.1,220.1,221.85,991840
2013-05-29,220.0,223.95,216.05,219.55,1352959
2013-05-30,224.0,225.7,220.3,222.15,1615034
2013-05-31,220.1,223.45,209.9,211.7,1070070
2013-06-03,212.0,212.2,204.7,207.95,1253739
2013-06-04,208.0,212.4,205.0,206.4,1153706
2013-06-05,206.8,214.1,205.0,213.1,1213315
2013-06-06,212.9,215.8,208.2,215.1,1028104
2013-06-07,215.35,217.95,208.3,209.65,853181
2013-06-10,211.1,212.9,203.55,206.05,941014
2013-06-11,204.0,205.7,187.1,196.95,1969004
2013-06-12,196.0,198.75,176.0,182.9,3953119
2013-06-13,180.0,182.85,175.45,177.45,1872052
2013-06-14,179.7,181.65,176.2,179.25,3123203
2013-06-17,179.95,180.0,169.55,177.75,2066978
2013-06-18,178.7,188.9,175.1,186.3,1975935
2013-06-19,187.0,194.0,183.6,192.0,1649982
2013-06-20,189.9,189.9,179.2,183.05,2033418
2013-06-21,181.0,188.3,178.55,182.8,3838005
2013-06-24,180.9,184.8,175.1,182.15,1197612
2013-06-25,182.15,192.2,177.7,188.65,1710370
2013-06-26,191.35,191.35,182.4,185.5,2111465
2013-06-27,188.25,194.4,186.6,191.85,1880859
2013-06-28,193.4,210.0,193.4,206.05,1695339
2013-07-01,207.9,216.95,205.75,216.15,1150235
2013-07-02,217.0,219.45,212.35,216.7,1582749
2013-07-03,213.0,213.5,202.55,205.65,1626698
2013-07-04,206.3,208.7,199.8,205.95,1599627
2013-07-05,206.5,210.5,201.15,204.05,1727845
2013-07-08,199.8,205.85,195.5,204.15,1147184
2013-07-09,205.0,208.45,199.75,204.8,1359179
2013-07-10,204.8,206.25,198.6,200.1,969062
2013-07-11,203.8,206.95,201.5,203.45,927062
2013-07-12,204.55,206.0,197.7,200.8,893741
2013-07-15,201.0,203.75,198.35,201.8,971357
2013-07-16,200.0,201.2,195.1,199.5,951818
2013-07-17,199.55,202.3,194.2,198.35,1155378
2013-07-18,200.0,201.7,197.55,200.75,1211675
2013-07-19,200.75,202.75,195.5,199.8,1015765
2013-07-22,198.0,201.95,195.8,199.0,990100
2013-07-23,201.0,204.25,200.7,202.9,1388729
2013-07-24,201.0,201.05,195.7,199.2,823136
2013-07-25,197.6,199.65,191.85,194.45,2455926
2013-07-26,195.1,197.0,189.0,191.95,1286492
2013-07-29,190.0,191.75,180.6,181.25,1550187
2013-07-30,179.05,182.9,175.45,176.3,1829452
2013-07-31,176.5,177.9,168.1,175.0,1494389
2013-08-01,176.0,180.0,166.35,176.5,2282381
2013-08-02,176.0,178.95,145.5,157.8,5349676
2013-08-05,163.0,170.0,155.6,167.8,1829812
2013-08-06,166.0,166.45,157.55,164.1,1466368
2013-08-07,162.0,172.0,160.3,167.15,1678861
2013-08-08,167.0,174.0,162.65,166.4,3122098
2013-08-12,167.0,170.9,165.0,169.25,3045149
2013-08-13,168.0,172.9,165.2,171.15,1596959
2013-08-14,168.7,173.9,162.6,168.8,1559106
2013-08-16,166.0,167.2,159.75,160.15,1295843
2013-08-19,158.9,164.5,153.0,162.35,986402
2013-08-20,157.5,166.9,156.05,160.75,939439
2013-08-21,161.55,165.4,153.2,156.9,866888
2013-08-22,153.65,166.4,153.5,164.9,1177026
2013-08-23,166.65,167.45,158.5,164.7,985246
2013-08-26,164.0,164.7,153.15,156.45,2110521
2013-08-27,154.45,155.8,145.25,148.05,1933212
2013-08-28,145.0,151.0,138.55,146.4,3055732
2013-08-29,148.1,152.45,142.8,150.8,3522428
2013-08-30,149.35,150.55,138.3,141.5,5944550
2013-09-02,140.8,141.0,135.8,139.15,2519350
2013-09-03,139.7,143.2,132.65,133.95,2288753
2013-09-04,133.75,136.0,126.45,133.05,2147409
2013-09-05,135.35,138.5,133.0,135.3,1596174
2013-09-06,136.65,139.0,133.55,136.4,1142179
2013-09-10,138.15,141.4,137.1,139.85,1402610
2013-09-11,137.65,144.8,137.0,142.1,2221651
2013-09-12,142.95,145.25,135.25,136.55,1778613
2013-09-13,138.4,143.75,138.0,141.05,3607963
2013-09-16,144.3,144.3,134.0,135.2,2340086
2013-09-17,134.5,137.6,132.2,135.25,1063105
2013-09-18,134.1,137.25,133.55,135.55,819163
2013-09-19,140.35,150.45,138.0,149.35,7261927
2013-09-20,150.75,156.4,140.05,151.05,4115108
2013-09-23,149.8,153.45,141.2,144.75,3481665
2013-09-24,142.9,149.35,141.55,146.8,1637864
2013-09-25,146.15,148.0,140.65,142.8,1304290
2013-09-26,143.1,145.6,140.1,142.6,1886657
2013-09-27,142.0,149.8,141.5,145.55,1688743
2013-09-30,144.05,146.0,139.75,140.75,1131202
2013-10-01,141.0,143.85,138.5,141.35,999889
2013-10-03,142.1,148.75,142.0,147.15,1506066
2013-10-04,145.1,150.0,145.1,148.3,2445180
2013-10-07,148.0,151.75,145.75,150.1,4173073
2013-10-08,152.5,154.25,150.65,151.65,1291000
2013-10-09,151.8,158.4,151.3,157.6,1438067
2013-10-10,158.35,160.9,155.4,157.15,1069424
2013-10-11,159.1,167.0,155.4,164.3,1602443
2013-10-14,166.7,172.3,164.95,169.4,1559280
2013-10-15,170.85,173.0,162.6,167.9,2071198
2013-10-17,167.25,170.25,165.75,167.0,1199665
2013-10-18,167.5,177.9,167.5,175.35,1541898
2013-10-21,175.95,202.95,175.1,198.0,8104487
2013-10-22,198.45,198.9,190.5,193.85,1777453
2013-10-23,194.85,201.5,190.2,198.15,1537871
2013-10-24,196.1,213.65,196.1,207.8,4424598
2013-10-25,207.1,208.8,192.55,193.9,2605288
2013-10-28,192.1,209.8,192.1,207.25,4194887
2013-10-29,208.3,214.4,200.75,212.6,3205241
2013-10-30,213.4,221.0,209.35,211.05,2762115
2013-10-31,210.0,211.5,199.3,207.65,3767903
2013-11-01,206.0,207.65,200.75,203.85,1879537
2013-11-03,205.0,205.8,202.7,203.65,174336
2013-11-05,202.2,214.3,199.65,210.25,2549620
2013-11-06,211.0,215.5,206.65,209.4,1752669
2013-11-07,208.1,217.8,208.1,211.3,1855642
2013-11-08,211.0,219.5,209.25,216.95,1724728
2013-11-11,216.0,241.0,215.3,233.85,5911722
2013-11-12,233.0,236.8,226.0,227.9,2934445
2013-11-13,225.0,236.8,223.5,229.3,2343437
2013-11-14,232.0,249.15,231.5,244.25,2433240
2013-11-18,248.0,253.75,245.75,250.15,1772418
2013-11-19,249.0,249.0,237.6,242.3,2175746
2013-11-20,241.1,255.9,240.15,249.2,3108918
2013-11-21,248.8,251.2,239.15,240.95,4458956
2013-11-22,242.8,247.9,241.0,243.1,1505431
2013-11-25,245.15,257.7,245.15,256.0,4212598
2013-11-26,256.8,259.9,239.25,242.4,3688636
2013-11-27,242.65,244.3,232.1,240.15,1712547
2013-11-28,243.15,263.7,243.15,261.4,5569935
2013-11-29,262.75,267.9,256.85,263.15,2864091
2013-12-02,264.5,269.5,260.7,266.3,1860198
2013-12-03,265.0,269.25,262.05,267.2,3571835
2013-12-04,268.05,276.0,264.3,266.4,3629896
2013-12-05,274.7,276.75,267.6,269.45,2294458
2013-12-06,269.0,276.8,264.1,274.1,2270961
2013-12-09,284.0,286.3,275.7,279.05,3020242
2013-12-10,277.0,282.4,272.15,277.15,1634420
2013-12-11,276.4,276.95,263.2,266.75,1905991
2013-12-12,264.0,265.6,250.5,252.0,3143997
2013-12-13,249.15,250.95,243.4,248.15,3027472
2013-12-16,248.15,262.5,245.1,258.7,4226347
2013-12-17,261.7,263.8,254.2,256.3,1750122
2013-12-18,255.1,264.9,255.1,258.05,3010175
2013-12-19,260.0,262.55,251.6,254.45,1958221
2013-12-20,252.0,260.85,251.2,259.5,1134670
2013-12-23,260.1,275.3,259.6,271.5,3193500
2013-12-24,272.9,275.9,264.15,268.5,1432218
2013-12-26,269.0,272.6,266.55,269.8,1271239
2013-12-27,271.7,275.5,270.0,272.5,869266
2013-12-30,273.7,273.9,264.25,266.25,860324
2013-12-31,267.1,267.8,260.4,262.5,964140
2014-01-01,263.8,269.9,262.3,268.75,1159480
2014-01-02,264.0,268.75,253.3,255.35,2634518
2014-01-03,253.0,256.05,244.5,248.35,1766615
2014-01-06,247.9,254.9,244.7,252.05,1634064
2014-01-07,253.35,254.9,241.0,241.95,1686479
2014-01-08,242.6,243.9,237.3,240.15,1711275
2014-01-09,241.05,248.7,240.0,245.55,1610468
2014-01-10,245.6,247.25,238.3,240.95,874416
2014-01-13,239.15,244.25,232.85,235.3,1100182
2014-01-14,232.1,246.0,231.25,244.25,1758968
2014-01-15,246.0,251.9,242.65,249.15,1364492
2014-01-16,250.4,252.95,247.1,248.65,948208
2014-01-17,249.65,249.7,238.1,239.85,1375757
2014-01-20,241.05,249.65,238.0,246.7,1362918
2014-01-21,249.35,250.5,243.2,247.0,840215
2014-01-22,247.2,247.45,242.2,245.95,705384
2014-01-23,244.0,258.7,242.0,257.35,3532498
2014-01-24,258.0,262.5,248.3,249.8,2388979
2014-01-27,246.2,246.3,236.3,237.05,1343993
2014-01-28,241.0,243.8,236.0,239.9,1146075
2014-01-29,241.0,257.0,241.0,254.45,2138593
2014-01-30,246.05,252.25,237.2,240.05,1723930
2014-01-31,240.9,246.0,229.25,238.85,3176760
2014-02-03,238.5,243.1,233.0,235.0,1652433
2014-02-04,232.75,232.9,225.55,231.3,1897802
2014-02-05,230.0,236.5,228.0,230.35,1671300
2014-02-06,231.35,235.45,224.5,226.3,1834369
2014-02-07,229.0,230.3,223.6,225.7,1924817
2014-02-10,224.0,228.7,220.6,221.7,1511912
2014-02-11,221.7,224.8,217.6,220.95,1554059
2014-02-12,222.9,223.95,218.65,220.0,2538487
2014-02-13,221.2,222.85,216.5,217.75,2202635
2014-02-14,216.1,219.2,210.1,215.2,1350776
2014-02-17,214.1,221.4,213.1,220.15,1392023
2014-02-18,220.25,231.0,220.25,227.75,3332132
2014-02-19,230.9,245.0,228.75,244.05,6012230
2014-02-20,243.0,252.75,239.1,245.2,5044713
2014-02-21,246.45,250.6,242.75,249.6,3039749
2014-02-24,250.85,254.7,247.7,249.65,2115875
2014-02-25,250.75,253.9,246.4,249.35,1986988
2014-02-26,249.8,250.6,243.6,248.3,1763097
2014-02-28,249.25,256.5,248.05,254.25,1701092
2014-03-03,255.0,265.5,255.0,263.9,2678358
2014-03-04,266.0,269.05,263.55,267.7,2047675
2014-03-05,270.0,271.0,264.2,267.95,1676828
2014-03-06,269.0,275.3,267.2,274.35,1578804
2014-03-07,275.5,309.4,273.4,303.1,5896753
2014-03-10,303.85,322.9,301.0,316.75,5453837
2014-03-11,318.4,326.0,315.1,318.3,3898246
2014-03-12,319.0,320.65,309.55,313.35,2499419
2014-03-13,314.5,320.0,305.6,309.0,2423995
2014-03-14,305.1,324.5,301.55,320.25,3575727
2014-03-18,323.35,329.2,319.35,323.0,2643568
2014-03-19,324.4,327.5,322.0,324.05,1862241
2014-03-20,322.9,322.9,312.55,314.35,2380339
2014-03-21,316.0,328.2,315.4,326.05,2927795
2014-03-22,327.2,327.35,324.1,325.0,227753
2014-03-24,327.0,331.8,323.3,324.95,2008614
2014-03-25,324.7,334.5,322.6,330.8,2682992
2014-03-26,332.4,336.5,326.7,328.9,1989774
2014-03-27,329.5,333.6,328.15,330.95,1489009
2014-03-28,331.9,357.7,330.1,355.8,4173998
2014-03-31,359.05,372.8,357.6,368.0,3510261
2014-04-01,370.0,371.3,350.45,352.7,3367843
2014-04-02,354.85,362.0,352.8,358.5,3072813
2014-04-03,358.8,359.5,347.0,351.65,2443856
2014-04-04,353.2,372.5,351.5,371.3,4108893
2014-04-07,372.95,382.5,368.55,378.85,3139615
2014-04-09,380.95,386.4,372.4,382.35,2382364
2014-04-10,383.95,477.9,382.35,469.85,25023148
2014-04-11,451.0,469.65,432.55,437.7,15227263
2014-04-15,439.8,451.1,411.0,417.6,9322759
2014-04-16,420.0,471.8,418.3,430.5,27189652
2014-04-17,435.0,455.7,434.4,438.35,10955151
2014-04-21,442.0,453.55,440.75,443.1,6422103
2014-04-22,446.05,449.7,435.6,440.3,4597819
2014-04-23,442.5,448.0,425.9,431.8,5236568
2014-04-25,433.75,440.9,430.55,432.5,3069908
2014-04-28,433.0,436.3,418.1,428.05,3732678
2014-04-29,425.0,448.5,425.0,433.7,6510874
2014-04-30,435.9,444.9,395.7,417.85,6839256
2014-05-02,423.6,432.3,416.25,420.75,3475037
2014-05-05,423.0,438.0,412.1,426.25,5359951
2014-05-06,430.5,436.3,425.35,432.5,3172512
2014-05-07,434.4,435.6,425.15,427.45,2319315
2014-05-08,430.5,431.85,420.2,422.85,1948619
2014-05-09,424.1,441.0,424.1,432.15,6460335
2014-05-12,436.75,446.3,426.7,430.15,4826465
2014-05-13,437.25,486.95,436.4,478.5,19777628
2014-05-14,482.0,517.5,480.0,498.15,17246440
2014-05-15,501.95,514.0,495.5,500.55,6128559
2014-05-16,545.0,585.0,518.55,529.7,19124796
2014-05-19,545.0,559.4,535.0,540.5,7404713
2014-05-20,547.5,548.9,529.1,533.15,2932990
2014-05-21,534.45,534.5,508.05,515.4,4442973
2014-05-22,519.8,522.65,500.1,501.75,5300107
2014-05-23,503.0,515.5,500.15,508.15,3735200
2014-05-26,514.0,530.5,448.85,488.95,6939074
2014-05-27,486.1,488.4,456.2,474.55,3951272
2014-05-28,469.8,487.75,468.3,476.35,2631617
2014-05-29,472.15,480.9,448.35,451.8,3376783
2014-05-30,450.3,489.5,450.0,478.9,5852248
2014-06-02,485.0,488.0,473.6,481.0,2671849
2014-06-03,480.3,498.4,477.0,482.6,6034424
2014-06-04,480.2,501.9,480.2,497.55,3845932
2014-06-05,499.9,504.5,490.3,498.15,3107609
2014-06-06,502.2,508.5,497.15,505.8,2905404
2014-06-09,509.0,514.3,502.7,506.2,2329767
2014-06-10,507.0,508.05,487.5,495.9,1619552
2014-06-11,495.9,506.4,483.25,487.55,2649432
2014-06-12,483.3,492.0,479.1,489.2,1622773
2014-06-13,486.6,507.0,460.25,469.9,4948324
2014-06-16,467.0,476.9,451.4,474.6,2758163
2014-06-17,472.05,485.0,465.3,483.0,2433605
2014-06-18,484.0,495.5,472.6,480.05,2883642
2014-06-19,479.95,485.0,458.7,460.65,2919223
2014-06-20,461.0,462.0,447.0,449.05,2909677
2014-06-23,451.5,459.0,450.4,454.0,2046051
2014-06-24,456.45,468.75,456.35,464.45,2168839
2014-06-25,465.0,468.0,461.2,462.6,965245
2014-06-26,464.05,464.9,448.3,450.25,1412454
2014-06-27,448.25,454.0,431.8,437.55,2671655
2014-06-30,437.5,457.0,437.5,455.05,2021544
2014-07-01,457.6,463.7,455.2,458.6,1585495
2014-07-02,462.1,500.4,461.05,492.7,7908977
2014-07-03,495.35,506.5,489.0,495.45,5036208
2014-07-04,496.0,506.5,494.0,498.75,3786433
2014-07-07,500.0,503.9,494.0,498.15,2011415
2014-07-08,498.05,498.7,444.0,452.75,3086913
2014-07-09,451.0,458.0,426.2,444.05,3888962
2014-07-10,444.1,468.9,423.8,444.55,3930067
2014-07-11,443.15,455.9,416.1,421.6,3017760
2014-07-14,419.25,422.85,409.2,416.9,1761105
2014-07-15,420.5,434.9,420.5,433.5,2418287
2014-07-16,436.0,452.4,430.25,450.0,2774591
2014-07-17,448.35,456.65,447.15,451.6,2093910
2014-07-18,449.75,463.0,435.0,455.05,3177473
2014-07-21,459.45,463.6,445.0,447.95,2472826
2014-07-22,448.5,454.5,441.55,445.7,1715447
2014-07-23,447.05,452.7,436.5,442.7,1666279
2014-07-24,443.6,449.85,436.0,441.35,1986886
2014-07-25,440.65,442.0,420.2,426.9,2091820
2014-07-28,430.75,438.5,428.0,432.6,1790654
2014-07-30,433.05,440.9,432.85,439.9,1427815
2014-07-31,437.65,444.5,431.15,433.8,1641187
2014-08-01,429.35,433.0,419.1,420.5,1647339
2014-08-04,421.05,434.2,420.6,431.85,1753568
2014-08-05,431.9,444.35,426.4,440.4,2125205
2014-08-06,441.7,459.9,439.45,454.5,4275587
2014-08-07,455.4,467.75,452.95,464.05,3210300
2014-08-08,458.5,458.5,447.35,454.8,2454405
2014-08-11,477.2,487.5,467.95,479.95,5333595
2014-08-12,481.7,484.35,473.75,477.1,2027975
2014-08-13,477.1,483.45,462.1,481.45,2656672
2014-08-14,483.25,488.7,474.25,486.8,2418223
2014-08-18,487.8,498.0,483.0,492.9,1943437
2014-08-19,495.0,501.6,490.0,496.6,2166234
2014-08-20,496.0,504.2,487.25,498.0,3322275
2014-08-21,499.0,503.3,490.75,497.4,2650693
2014-08-22,496.15,506.0,492.1,504.45,2139571
2014-08-25,505.0,515.8,492.3,497.65,3081334
2014-08-26,493.9,495.0,480.5,490.55,2141474
2014-08-27,491.0,494.15,476.25,482.4,1985141
2014-08-28,481.65,490.0,477.0,478.9,1822805
2014-09-01,480.75,493.8,479.7,489.05,2058343
2014-09-02,486.55,494.6,486.55,493.35,1351439
2014-09-03,496.0,502.2,493.1,497.3,2143406
2014-09-04,496.9,516.0,490.5,514.3,2983431
2014-09-05,517.0,523.9,507.1,509.7,2389027
2014-09-08,510.1,522.5,506.3,517.65,1775932
2014-09-09,518.0,518.0,505.45,506.75,1360182
2014-09-10,499.9,512.0,497.75,506.75,1108975
2014-09-11,508.6,510.05,499.25,502.5,876223
2014-09-12,504.8,504.9,493.05,498.65,1640155
2014-09-15,497.2,503.0,492.3,497.05,983616
2014-09-16,493.45,503.7,490.5,493.65,2538145
2014-09-17,493.5,500.0,484.15,494.8,2470640
2014-09-18,490.3,510.8,490.3,509.4,2656415
2014-09-19,512.5,512.6,490.1,494.8,2456877
2014-09-22,491.5,498.5,488.55,497.3,1200751
2014-09-23,499.9,500.0,483.3,485.2,3016822
2014-09-24,485.1,488.8,475.3,483.05,2493088
2014-09-25,485.0,485.0,467.4,471.3,2498521
2014-09-26,467.1,478.4,463.9,473.65,1674494
2014-09-29,475.0,485.0,470.4,477.0,864159
2014-09-30,472.55,483.0,467.0,470.7,761045
2014-10-01,469.0,477.65,455.2,464.0,1204229
2014-10-07,459.5,469.25,449.55,452.25,1143640
2014-10-08,448.55,467.5,448.55,461.6,1393748
2014-10-09,464.0,471.85,461.4,466.25,871810
2014-10-10,461.7,465.0,455.0,460.8,1115017
2014-10-13,456.65,462.0,453.55,461.1,1012231
2014-10-14,463.55,464.9,445.55,453.0,2503306
2014-10-16,449.15,456.7,438.75,444.7,2544823
2014-10-17,446.0,446.7,434.1,440.95,2918690
2014-10-20,447.6,454.6,439.45,450.3,1002561
2014-10-21,453.5,463.0,451.35,461.95,1715568
2014-10-22,465.4,475.9,465.4,474.6,1011112
2014-10-23,477.0,477.0,472.2,473.95,159156
2014-10-27,476.85,476.95,461.5,463.75,790758
2014-10-28,463.15,468.85,459.0,463.15,682022
2014-10-29,464.9,471.0,461.8,468.15,753443
2014-10-30,465.7,472.7,461.8,470.7,828817
2014-10-31,474.3,488.0,474.0,484.25,1834920
2014-11-03,483.0,493.55,479.0,486.3,1418102
2014-11-05,488.4,493.6,472.05,478.25,915788
2014-11-07,479.7,482.55,468.15,475.4,776465
2014-11-10,475.5,479.6,465.5,468.6,719929
2014-11-11,470.0,486.9,469.05,485.45,1469851
2014-11-12,487.0,490.85,470.55,478.9,3715906
2014-11-13,481.3,487.25,474.95,481.4,1320077
2014-11-14,482.95,491.5,478.0,490.0,1180060
2014-11-17,491.0,500.9,490.75,495.3,1225574
2014-11-18,499.7,504.6,491.5,496.55,1321990
2014-11-19,498.0,500.95,477.0,482.5,1170623
2014-11-20,483.5,484.2,470.3,479.55,1134023
2014-11-21,479.2,485.85,475.1,478.55,688745
2014-11-24,485.5,488.3,477.0,482.35,929611
2014-11-25,482.7,484.7,461.5,463.75,959250
2014-11-26,460.2,462.7,450.5,453.7,1286128
2014-11-27,454.7,459.7,450.25,456.85,1084143
2014-11-28,457.85,468.5,457.05,458.95,808303
2014-12-01,457.1,462.6,450.25,451.75,550573
2014-12-02,451.9,456.0,444.5,454.25,1125932
2014-12-03,454.9,466.7,454.9,464.55,952065
2014-12-04,465.1,468.3,455.15,459.65,873841
2014-12-05,458.25,465.0,454.6,456.35,549420
2014-12-08,457.0,459.35,449.0,452.95,827157
2014-12-09,452.95,457.2,439.2,442.55,1668618
2014-12-10,439.05,447.6,437.45,447.0,948095
2014-12-11,445.0,448.05,432.1,441.65,1198918
2014-12-12,443.0,449.0,441.05,444.25,962057
2014-12-15,440.0,446.75,434.8,444.5,706324
2014-12-16,440.1,445.9,435.0,440.55,1103216
2014-12-17,438.1,443.55,427.0,437.95,1625189
2014-12-18,443.0,449.9,439.65,445.7,989726
2014-12-19,447.55,459.85,447.55,452.2,1292611
2014-12-22,453.55,459.5,453.55,455.5,772424
2014-12-23,456.05,458.3,440.0,442.8,867355
2014-12-24,443.4,446.95,438.5,441.6,1539329
2014-12-26,445.5,455.0,438.0,452.9,733709
2014-12-29,452.25,462.75,451.0,458.2,888214
2014-12-30,460.9,481.25,459.4,480.1,1730301
2015-01-01,485.4,492.55,480.6,490.0,604947
2015-01-02,491.3,497.0,490.0,492.4,1006286
2015-01-05,491.1,506.55,490.7,500.55,1441527
2015-01-06,495.6,517.9,484.2,496.75,2822168
2015-01-07,500.0,507.55,482.0,492.35,1665081
2015-01-08,499.3,514.0,498.8,511.75,1217449
2015-01-09,516.0,520.75,498.0,506.65,1852057
2015-01-12,510.65,522.4,510.0,514.55,1885648
2015-01-13,517.95,518.8,494.95,496.7,1181967
2015-01-14,498.5,498.7,486.0,491.35,933231
2015-01-15,500.0,504.85,486.0,500.9,1301413
2015-01-16,498.5,506.5,492.4,500.3,1153856
2015-01-19,502.0,512.0,500.15,506.3,1218109
2015-01-20,508.7,510.0,502.65,506.5,1010208
2015-01-21,507.0,508.9,499.75,506.15,983547
2015-01-22,507.0,522.0,506.5,518.6,1246821
2015-01-23,525.0,574.4,524.3,563.85,6971858
2015-01-27,563.95,572.7,554.3,561.3,1856900
2015-01-28,554.0,580.35,551.0,557.2,2131036
2015-01-29,558.0,595.75,557.2,583.4,5797584
2015-01-30,593.4,646.0,564.1,627.3,10006572
2015-02-02,651.0,662.6,639.1,654.8,6391851
2015-02-03,655.3,655.45,634.1,641.6,1829676
2015-02-04,641.95,664.4,632.85,648.3,3147420
2015-02-05,652.0,652.5,619.4,622.85,2379061
2015-02-06,625.0,643.9,623.05,627.35,2006883
2015-02-09,610.0,634.5,605.0,609.2,1530644
2015-02-10,606.0,639.4,600.05,634.95,2525908
2015-02-11,640.0,666.8,637.0,661.5,2937300
2015-02-12,664.85,687.0,664.0,684.35,2995135
2015-02-13,687.4,689.7,667.8,671.9,1719339
2015-02-16,674.2,685.1,657.5,663.0,1766248
2015-02-18,665.4,675.0,661.5,665.75,1042726
2015-02-19,670.95,701.35,665.2,692.25,2536010
2015-02-20,699.0,707.7,680.0,687.4,2108022
2015-02-23,690.0,693.0,674.1,679.85,1064381
2015-02-24,679.55,714.7,679.55,712.2,2902695
2015-02-25,717.0,719.45,694.0,695.9,2077426
2015-02-26,696.1,704.0,681.0,688.05,2372115
2015-02-27,692.2,713.3,687.9,711.35,1968517
2015-02-28,716.7,719.8,687.5,697.5,1881758
2015-03-02,702.0,716.0,690.0,709.9,1345964
2015-03-03,713.5,727.5,707.1,721.8,1672000
2015-03-04,727.95,728.65,700.0,704.3,1480166
2015-03-05,705.25,706.95,690.0,699.45,1924899
2015-03-09,694.9,694.9,663.4,665.75,1222416
2015-03-10,666.0,679.5,639.75,648.45,1530525
2015-03-11,649.3,661.5,637.7,648.7,1772811
2015-03-12,654.0,659.7,649.6,655.7,1030655
2015-03-13,659.75,665.0,628.0,634.1,1402916
2015-03-16,635.0,644.85,621.5,640.0,1556627
2015-03-17,643.25,649.5,634.15,644.85,1019284
2015-03-18,645.1,651.0,639.5,644.1,700128
2015-03-19,650.05,651.0,613.35,618.75,1303932
2015-03-20,617.0,621.3,604.0,609.85,1880283
2015-03-23,612.25,617.85,593.05,596.25,1507910
2015-03-24,593.55,598.25,581.5,591.45,1381527
2015-03-25,595.3,612.4,593.05,608.8,1342173
2015-03-26,604.8,614.45,596.05,601.5,2238936
2015-03-27,600.0,600.0,583.4,595.25,1079853
2015-03-30,603.0,620.0,601.5,618.75,860685
2015-03-31,622.1,633.0,611.65,615.35,1254981
2015-04-01,608.8,615.8,603.0,612.4,868006
2015-04-06,615.0,635.0,612.65,629.0,820494
2015-04-07,635.0,644.9,625.55,640.95,1257131
2015-04-08,643.9,648.9,634.0,644.85,1526304
2015-04-09,646.9,646.9,632.55,640.0,630391
2015-04-10,630.05,642.6,625.3,638.05,1007562
2015-04-13,637.5,664.0,635.0,661.8,1597149
2015-04-15,663.8,669.1,640.2,645.4,1197566
2015-04-16,645.2,655.05,633.0,640.75,1074559
2015-04-17,640.0,649.6,636.15,642.5,936853
2015-04-20,642.5,647.8,632.0,641.75,1270180
2015-04-21,640.0,660.85,635.0,651.2,1713729
2015-04-22,655.85,664.7,645.55,660.2,1406253
2015-04-23,665.15,678.5,660.1,672.7,1454115
2015-04-24,671.95,671.95,653.0,660.25,1203432
2015-04-27,661.95,667.5,640.2,654.0,1019119
2015-04-28,645.25,656.7,640.05,653.95,893670
2015-04-29,655.95,683.0,653.9,677.5,1183606
2015-04-30,678.0,689.0,670.7,674.2,2009750
2015-05-04,678.0,712.8,671.0,707.6,1780976
2015-05-05,710.0,725.0,702.25,715.45,1521327
2015-05-06,709.15,710.0,673.0,678.65,1425160
2015-05-07,673.05,675.0,633.5,649.65,1032457
2015-05-08,660.25,689.0,657.0,684.15,1002075
2015-05-11,692.0,710.0,688.6,707.15,957999
2015-05-12,707.0,707.25,670.0,673.65,1050621
2015-05-13,681.0,729.95,681.0,722.2,5898308
2015-05-14,713.0,740.85,705.4,737.45,4028198
2015-05-15,738.0,744.3,728.0,738.7,2376103
2015-05-18,735.1,779.0,735.1,774.35,2648789
2015-05-19,769.0,782.5,763.5,770.05,2068178
2015-05-20,775.0,785.5,772.0,780.45,2212376
2015-05-21,782.65,785.0,771.0,780.45,1510005
2015-05-22,785.9,799.5,780.0,794.75,2051023
2015-05-25,790.0,798.5,781.5,786.3,1833756
2015-05-26,789.8,803.95,785.0,793.5,2732288
2015-05-27,781.2,794.0,781.1,790.5,1704642
2015-05-28,789.0,791.0,715.4,734.5,5874505
2015-05-29,734.0,734.0,678.65,706.3,8061945
2015-06-01,709.0,721.7,627.3,633.05,10966199
2015-06-02,638.0,653.45,621.5,637.0,17253576
2015-06-03,573.3,573.3,106.35,109.75,48863344
2015-06-04,112.0,119.35,109.3,116.55,14787561
2015-06-05,117.0,121.05,112.35,115.25,9867790
2015-06-08,116.65,117.4,98.55,99.75,15246698
2015-06-09,100.65,103.9,97.8,100.25,13551071
2015-06-10,100.5,103.4,100.0,100.6,5064313
2015-06-11,101.7,102.2,96.5,97.9,5715588
2015-06-12,97.0,97.05,93.1,93.95,5172752
2015-06-15,93.95,104.55,92.0,100.45,12949211
2015-06-16,100.45,100.75,93.8,96.8,6137780
2015-06-17,97.9,101.35,96.2,99.25,7204398
2015-06-18,100.15,101.3,98.1,99.65,4264660
2015-06-19,99.65,100.85,96.25,96.9,3503801
2015-06-22,97.45,99.35,96.5,97.85,2940262
2015-06-23,98.0,101.4,97.45,100.35,4439038
2015-06-24,100.05,100.85,96.6,97.15,3060431
2015-06-25,94.5,95.5,92.05,94.5,8058202
2015-06-26,94.7,97.2,93.75,94.35,4740716
2015-06-29,92.9,92.9,90.2,91.35,2861284
2015-06-30,90.75,93.9,89.75,90.85,5846432
2015-07-01,91.3,93.0,91.05,91.65,4465812
2015-07-02,92.5,93.0,90.4,91.3,5113326
2015-07-03,91.6,93.35,90.5,91.0,4700964
2015-07-06,90.0,91.6,89.65,90.75,4367651
2015-07-07,91.4,93.5,90.05,92.05,4748948
2015-07-08,91.3,91.45,89.2,89.45,4708766
2015-07-09,90.0,90.8,88.4,88.95,3791758
2015-07-10,89.4,90.4,88.3,89.6,5118260
2015-07-13,90.0,91.2,89.0,90.65,4081409
2015-07-14,91.1,92.15,88.75,89.4,4344710
2015-07-15,89.5,90.2,88.6,89.1,3380001
2015-07-16,89.75,90.7,87.85,89.0,3709641
2015-07-17,89.5,89.75,88.2,88.6,1652076
2015-07-20,88.95,89.1,87.4,87.95,1778558
2015-07-21,88.0,88.15,84.15,84.7,3112254
2015-07-22,84.35,85.35,83.8,84.85,2153857
2015-07-23,85.45,85.45,83.3,84.55,1672117
2015-07-24,84.5,87.25,84.35,85.35,2874595
2015-07-27,85.0,85.05,80.7,81.05,3445054
2015-07-28,81.6,81.75,79.8,80.35,2518067
2015-07-29,80.8,82.3,80.1,81.75,1982851
2015-07-30,82.05,90.4,81.4,88.65,7068951
2015-07-31,88.0,88.75,86.4,87.15,3530494
2015-08-03,87.8,87.8,84.1,84.8,2264675
2015-08-04,85.4,95.8,84.5,94.45,10508274
2015-08-05,96.1,103.05,95.0,98.9,18013192
2015-08-06,97.5,97.9,93.6,95.15,5930159
2015-08-07,94.35,94.35,89.7,90.3,5844687
2015-08-10,91.5,95.65,90.3,91.25,6136388
2015-08-11,92.65,95.9,90.4,92.45,9266414
2015-08-12,93.0,93.35,87.5,88.25,4512973
2015-08-13,89.65,91.25,84.8,86.0,6285304
2015-08-14,86.8,90.2,85.6,88.65,4678444
2015-08-17,89.3,90.6,88.0,88.55,4602781
2015-08-18,89.05,90.4,86.0,86.4,4427061
2015-08-19,86.4,87.5,85.25,85.8,3382100
2015-08-20,86.6,88.8,82.2,83.2,6974713
2015-08-21,82.6,83.2,80.6,82.1,3421899
2015-08-24,80.0,80.15,70.05,71.35,5584604
2015-08-25,76.0,76.1,67.3,72.55,7214312
2015-08-26,72.75,73.9,69.7,72.0,4224850
2015-08-27,73.0,81.75,73.0,79.8,10890594
2015-08-28,81.2,82.75,75.35,77.1,5744742
2015-08-31,77.4,78.2,74.9,75.15,3313017
2015-09-01,74.0,74.6,70.35,72.0,3474548
2015-09-02,73.2,73.8,70.55,71.25,3217607
2015-09-03,72.0,75.4,72.0,73.0,3392960
2015-09-04,72.75,72.75,68.0,69.4,3436053
2015-09-07,69.75,70.6,67.0,67.3,3586067
2015-09-08,68.0,69.0,65.85,68.4,2882489
2015-09-09,69.75,72.75,69.0,70.45,3413559
2015-09-10,69.75,70.3,67.3,69.5,2805589
2015-09-11,70.25,71.65,68.85,69.4,2989235
2015-09-14,70.9,79.4,70.0,77.1,8769092
2015-09-15,75.3,77.05,72.6,73.45,4334109
2015-09-16,74.6,77.45,72.3,74.65,5464283
2015-09-18,75.35,79.1,75.35,77.95,9068661
2015-09-21,76.8,82.95,76.1,81.15,5561209
2015-09-22,81.7,84.0,77.55,78.4,4061225
2015-09-23,76.05,81.0,76.0,80.0,3982170
2015-09-24,80.0,81.25,78.5,80.3,3343737
2015-09-28,81.0,82.8,79.65,80.35,2747839
2015-09-29,78.55,82.0,76.8,79.05,3876587
2015-09-30,80.0,81.4,78.65,80.85,2706881
2015-10-01,81.7,82.7,79.45,80.55,2974598
2015-10-05,81.3,83.0,81.05,82.25,2955606
2015-10-06,83.0,86.55,82.65,84.15,4511923
2015-10-07,84.55,86.4,84.2,84.85,2831684
2015-10-08,85.3,85.4,82.2,84.15,2003678
2015-10-09,85.0,86.25,82.4,83.95,2714686
2015-10-12,84.45,87.8,83.75,86.1,3089281
2015-10-13,86.0,86.4,84.2,85.05,1748944
2015-10-14,84.95,87.4,84.05,84.8,1891862
2015-10-15,85.45,98.6,85.45,96.75,25277896
2015-10-16,98.0,102.0,94.8,96.1,16094236
2015-10-19,95.5,95.95,93.0,93.75,3798212
2015-10-20,94.0,98.2,93.85,96.0,4752006
2015-10-21,96.0,96.8,91.3,93.7,3011971
2015-10-23,94.5,96.45,93.7,94.05,2855488
2015-10-26,94.2,94.8,91.1,91.65,2063707
2015-10-27,91.2,92.55,90.75,91.8,2874968
2015-10-28,91.4,93.0,90.0,91.1,3510522
2015-10-29,91.3,92.4,90.45,91.15,2923488
2015-10-30,91.3,94.4,91.0,92.4,4393195
2015-11-02,92.5,92.75,87.6,88.4,5245268
2015-11-03,89.2,90.05,87.2,88.4,3580084
2015-11-04,89.0,89.6,84.85,85.2,2815021
2015-11-05,85.05,85.2,81.0,81.55,2625816
2015-11-06,81.9,82.4,78.0,79.05,3374873
2015-11-09,75.7,80.3,75.1,79.45,4257169
2015-11-10,79.3,79.65,76.0,76.3,2560600
2015-11-11,76.95,78.0,76.8,77.6,332686
2015-11-13,77.4,77.4,74.3,75.45,2386058
2015-11-16,75.3,78.25,74.75,77.1,2632700
2015-11-17,77.6,81.9,77.4,80.15,5074688
2015-11-18,80.15,80.35,77.45,77.95,2109870
2015-11-19,78.4,79.25,76.55,77.95,2116927
2015-11-20,78.3,79.8,77.2,78.2,2664657
2015-11-23,78.5,81.0,78.5,79.25,2886638
2015-11-24,79.7,81.25,78.9,79.6,3913611
2015-11-26,80.0,83.75,79.5,82.6,4083203
2015-11-27,83.0,83.9,81.7,82.25,2055704
2015-11-30,82.25,83.45,81.6,82.4,1511509
2015-12-01,82.75,82.8,80.85,81.5,1284825
2015-12-02,81.8,84.65,80.65,83.3,3380397
2015-12-03,83.0,83.05,80.55,80.95,2300212
2015-12-04,80.2,82.7,78.4,79.0,2526335
2015-12-07,79.45,80.75,79.0,79.3,1289510
2015-12-08,78.9,79.7,75.8,76.25,2104213
2015-12-09,75.7,77.1,73.95,75.3,3218816
2015-12-10,75.7,76.5,75.0,75.45,1831958
2015-12-11,75.95,76.5,72.0,72.85,2788627
2015-12-14,72.8,76.4,72.5,75.05,2803444
2015-12-15,79.4,80.5,77.4,78.55,7308221
2015-12-16,78.95,79.35,77.2,77.65,2288833
2015-12-17,78.35,80.9,76.65,80.05,3217283
2015-12-18,79.15,81.8,78.6,80.1,3068253
2015-12-21,80.45,82.5,79.6,81.45,2337562
2015-12-22,81.3,83.45,80.85,81.3,3157315
2015-12-23,82.0,83.3,81.45,82.35,2708546
2015-12-24,82.5,84.9,81.6,84.25,3181312
2015-12-28,84.0,85.35,82.75,84.0,2132077
2015-12-29,84.25,84.75,83.1,83.8,2338544
2015-12-30,83.8,85.2,83.0,83.4,3088149
2015-12-31,83.6,84.05,82.25,83.4,2335838
2016-01-01,83.6,90.7,82.35,90.1,5974246
2016-01-04,89.5,92.05,84.25,85.1,5126957
2016-01-05,85.65,89.6,84.2,88.6,5341021
2016-01-06,88.0,88.95,85.3,86.25,3865229
2016-01-07,84.9,84.9,78.0,79.95,4859987
2016-01-08,82.0,83.0,80.65,82.0,3492476
2016-01-11,81.0,83.9,78.9,82.35,4147205
2016-01-12,82.35,83.75,79.5,80.8,3916491
2016-01-13,81.8,85.6,77.2,80.85,8071984
2016-01-14,78.95,81.0,77.35,77.8,4641059
2016-01-15,78.4,79.8,73.9,74.4,3358140
2016-01-18,73.8,74.3,68.2,70.1,3808252
2016-01-19,71.55,73.6,69.9,72.5,3234862
2016-01-20,70.55,71.6,67.45,68.8,2889158
2016-01-21,70.4,71.95,68.0,69.6,3433478
2016-01-22,70.65,74.5,70.65,73.75,3494205
2016-01-25,74.45,75.4,72.7,74.1,2017645
2016-01-27,74.8,75.2,72.8,73.25,1883604
2016-01-28,73.65,73.95,71.55,72.05,2040065
2016-01-29,72.05,73.35,70.2,72.85,2498348
2016-02-01,73.55,78.3,73.4,74.55,7792744
2016-02-02,74.2,74.75,71.2,72.05,2332755
2016-02-03,74.15,74.5,71.2,71.95,4952349
2016-02-04,72.7,73.6,71.15,72.25,2395128
2016-02-05,72.3,74.7,71.8,73.7,2486680
2016-02-08,74.45,79.7,73.3,75.5,6989577
2016-02-09,74.45,76.0,72.5,75.0,3893431
2016-02-10,74.0,74.5,71.8,72.35,2966979
2016-02-11,72.5,72.7,66.55,67.9,3358153
2016-02-12,68.9,68.9,61.5,64.2,4493848
2016-02-15,65.8,68.4,64.5,65.35,4700525
2016-02-16,66.4,66.7,62.65,63.05,4184052
2016-02-17,63.15,63.8,60.5,63.05,3520529
2016-02-18,64.0,64.65,61.25,62.6,3177613
2016-02-19,62.6,63.55,61.85,62.95,2645576
2016-02-22,63.8,64.0,61.75,62.3,2364637
2016-02-23,62.8,62.85,60.25,60.9,2846256
2016-02-24,60.7,62.8,59.6,61.1,3329498
2016-02-25,61.75,62.0,59.85,60.2,2999322
2016-02-26,61.05,61.6,59.15,60.5,2582455
2016-02-29,60.7,61.3,58.2,58.75,4510265
2016-03-01,59.0,61.4,58.6,60.75,3730739
2016-03-02,62.0,64.05,61.1,62.45,5075038
2016-03-03,63.0,63.5,61.35,62.5,4199436
2016-03-04,63.0,64.65,62.5,63.2,4911436
2016-03-08,63.5,64.5,62.25,64.05,6043593
2016-03-09,63.5,66.85,63.1,66.4,4012710
2016-03-10,67.05,67.5,64.9,65.2,3158131
2016-03-11,65.2,66.8,64.8,65.45,2391480
2016-03-14,66.05,66.65,64.65,65.75,5252839
2016-03-15,66.3,67.9,66.0,66.6,7169508
2016-03-16,67.9,68.3,65.3,66.1,3609167
2016-03-17,67.0,69.1,66.3,67.35,3376753
2016-03-18,67.55,69.45,67.3,68.9,2699233
2016-03-21,68.1,69.5,67.8,68.6,2420375
2016-03-22,68.85,69.05,67.35,68.5,1917374
2016-03-23,68.55,72.3,68.25,71.2,5032482
2016-03-28,71.45,71.7,68.05,68.4,2434376
2016-03-29,68.35,69.0,67.05,67.65,1609883
2016-03-30,68.05,73.0,68.0,72.5,4196394
2016-03-31,72.8,74.9,72.5,73.8,5380079
2016-04-01,73.55,77.7,72.8,76.1,4136685
2016-04-04,79.4,81.85,79.2,80.55,7013011
2016-04-05,81.3,81.3,74.0,74.45,8505422
2016-04-06,74.7,76.35,74.45,75.5,4516196
2016-04-07,76.5,77.2,74.95,75.8,4604094
2016-04-08,75.1,78.9,75.1,78.25,3016415
2016-04-11,78.3,80.4,76.55,79.9,5001117
2016-04-12,80.0,81.2,78.5,79.15,2816658
2016-04-13,80.45,81.6,78.85,80.55,4772741
2016-04-18,81.25,83.8,81.2,82.95,3617747
2016-04-20,83.35,85.0,83.05,84.2,5397825
2016-04-21,85.0,85.0,82.15,83.2,4341882
2016-04-22,82.5,83.35,81.65,82.05,1577372
2016-04-25,82.05,83.45,80.8,82.85,2405474
2016-04-26,82.0,84.6,82.0,84.25,4315785
2016-04-27,84.2,86.8,83.7,85.75,3403486
2016-04-28,86.2,86.45,83.5,83.85,8585859
2016-04-29,84.0,88.8,83.2,86.7,3789412
2016-05-02,86.3,88.65,84.5,87.05,4581405
2016-05-03,87.0,88.3,85.4,85.9,1749315
2016-05-04,86.1,86.3,78.5,79.15,11346291
2016-05-05,78.5,80.8,76.5,78.1,5022687
2016-05-06,77.9,78.3,76.0,76.75,2293415
2016-05-09,77.25,78.4,76.75,77.4,1962954
2016-05-10,77.5,77.8,74.7,75.2,2568108
2016-05-11,73.95,76.65,73.05,74.3,3531771
2016-05-12,74.7,76.1,74.5,75.7,1375120
2016-05-13,75.3,76.95,70.35,73.35,3575599
2016-05-16,73.9,76.6,73.3,76.15,2838312
2016-05-17,76.3,76.3,74.45,74.95,1444024
2016-05-18,74.0,76.5,73.45,74.95,2212966
2016-05-19,74.95,74.95,71.0,71.5,2260593
2016-05-20,72.3,72.45,68.5,68.9,3172695
2016-05-23,69.5,71.4,69.25,69.7,2284836
2016-05-24,69.6,71.15,69.0,70.55,2174454
2016-05-25,71.1,71.6,70.3,71.1,1433642
2016-05-26,71.5,74.8,71.15,74.1,2011895
2016-05-27,74.2,76.0,72.6,73.35,1881069
2016-05-30,73.9,75.25,72.75,74.65,1326261
2016-05-31,75.35,75.35,71.9,72.85,3439525
2016-06-01,73.0,77.3,72.6,75.15,4915953
2016-06-02,76.1,76.4,74.2,75.55,2937023
2016-06-03,76.0,76.7,71.45,72.05,2971945
2016-06-06,72.05,72.9,70.1,72.3,2752786
2016-06-07,72.9,73.4,71.8,72.8,2287292
2016-06-08,73.0,75.5,72.7,74.9,2711964
2016-06-09,75.1,75.75,73.85,74.7,2072485
2016-06-10,74.55,75.9,73.9,74.65,1524505
2016-06-13,73.2,74.35,72.05,72.8,2433703
2016-06-14,73.3,79.75,72.8,78.85,6482466
2016-06-15,79.1,80.4,78.1,79.9,4587238
2016-06-16,79.0,79.8,76.8,78.7,2661273
2016-06-17,79.3,81.2,78.4,78.8,3015068
2016-06-20,78.0,80.8,77.4,79.75,1971264
2016-06-21,79.95,80.7,78.1,78.65,1732849
2016-06-22,79.3,79.6,76.9,77.65,2237406
2016-06-23,77.95,79.3,76.25,78.8,3017234
2016-06-24,75.0,75.85,72.3,74.2,3060943
2016-06-27,74.6,76.1,73.1,75.55,1815421
2016-06-28,75.7,82.5,75.4,81.45,8161501
2016-06-29,82.25,83.85,80.8,83.3,4748070
2016-06-30,83.6,87.75,83.25,86.75,5183906
2016-07-01,87.05,87.25,84.4,84.65,2684704
2016-07-04,85.0,86.85,84.75,86.0,2391858
2016-07-05,85.6,86.45,84.15,84.6,2659582
2016-07-07,84.55,85.4,83.4,83.65,1863199
2016-07-08,83.7,84.0,80.65,81.95,2366287
2016-07-11,83.0,84.3,82.1,83.7,2440603
2016-07-12,84.3,84.85,83.15,83.95,2688265
2016-07-13,84.4,85.45,81.6,82.35,2920752
2016-07-14,82.4,83.2,81.65,81.95,1834659
2016-07-15,82.35,83.65,80.0,80.9,2409598
2016-07-18,81.5,84.1,80.1,81.1,3433362
2016-07-19,80.8,82.0,79.5,80.25,2325218
2016-07-20,80.65,83.65,80.25,82.95,3949699
2016-07-21,83.2,84.5,80.5,81.1,2909067
2016-07-22,80.4,82.2,80.4,81.6,2263392
2016-07-25,81.5,81.8,80.0,80.85,3619395
2016-07-26,81.2,85.25,81.1,82.9,7643635
2016-07-27,83.1,84.2,82.2,82.85,5068378
2016-07-28,83.1,84.0,79.8,82.3,28341774
2016-07-29,80.7,82.1,80.1,80.65,3927060
2016-08-01,81.1,81.75,74.75,77.75,4642872
2016-08-02,77.5,79.0,77.2,77.8,2790632
2016-08-03,77.5,78.2,74.85,75.15,3809139
2016-08-04,75.75,77.2,74.25,76.55,2377424
2016-08-05,77.1,77.65,75.5,77.25,3387256
2016-08-08,77.7,79.2,77.0,78.7,2358729
2016-08-09,78.55,79.3,76.8,77.6,2493376
2016-08-10,77.8,81.4,76.5,79.9,12385935
2016-08-11,80.0,80.25,74.6,75.9,5591985
2016-08-12,76.1,76.35,74.5,75.0,2609566
2016-08-16,75.2,75.8,73.5,73.9,3591869
2016-08-17,74.0,75.55,73.85,74.4,2996065
2016-08-18,74.7,75.8,74.4,74.75,2438266
2016-08-19,74.9,78.35,74.75,76.95,7164709
2016-08-22,76.95,76.95,74.55,75.0,3091690
2016-08-23,74.9,75.4,73.7,74.45,2213879
2016-08-24,74.2,75.35,74.1,74.85,2651441
2016-08-25,75.0,75.35,73.0,73.25,3724664
2016-08-26,73.35,74.0,71.7,72.25,2378177
2016-08-29,70.6,74.25,70.55,72.75,5899090
2016-08-30,73.0,73.9,72.75,73.35,2411488
2016-08-31,73.65,73.95,72.6,72.8,2112304
2016-09-01,72.9,73.5,70.2,70.5,2712230
2016-09-02,70.85,71.75,70.65,71.1,1890352
2016-09-06,71.55,72.85,71.55,72.1,2209617
2016-09-07,72.4,73.8,71.7,72.45,2546141
2016-09-08,72.75,74.9,72.2,74.45,3286784
2016-09-09,74.75,74.75,73.25,73.45,1701015
2016-09-12,72.5,72.5,67.1,69.95,2346615
2016-09-14,70.05,71.75,70.0,71.3,2167342
2016-09-15,71.5,72.0,70.4,71.15,987221
2016-09-16,71.5,72.5,68.55,69.1,6658479
2016-09-19,69.5,70.65,69.3,70.0,1556246
2016-09-20,70.2,71.35,70.2,70.5,2598567
2016-09-21,70.9,71.75,70.3,70.95,2383940
2016-09-22,71.6,72.25,70.75,71.85,2483877
2016-09-23,72.4,72.85,71.35,71.6,2359971
2016-09-26,71.4,72.1,69.95,70.25,1955410
2016-09-27,70.65,71.4,70.35,70.5,1832541
2016-09-28,70.5,71.8,70.5,71.15,1430433
2016-09-29,71.7,72.1,64.1,64.9,5058328
2016-09-30,64.8,66.3,63.3,65.7,3074896
2016-10-03,66.0,67.35,66.0,67.0,1326961
2016-10-04,67.5,68.7,67.0,68.0,2594335
2016-10-05,68.4,68.8,67.1,67.65,1582629
2016-10-06,68.0,68.55,66.15,66.75,1633790
2016-10-07,67.15,68.35,66.3,67.85,2956857
2016-10-10,68.35,70.35,67.1,69.05,4932347
2016-10-13,68.95,69.7,67.05,67.4,2189833
2016-10-14,67.8,68.5,67.1,67.6,2161935
2016-10-17,67.9,68.95,66.5,67.4,3056855
2016-10-18,67.95,68.75,67.7,68.55,1109854
2016-10-19,68.9,69.6,68.4,69.15,2055706
2016-10-20,69.5,71.65,69.3,71.15,2649883
2016-10-21,71.5,72.25,70.6,71.4,2736427
2016-10-24,71.9,72.8,71.1,71.4,2729507
2016-10-25,70.0,70.5,66.8,67.5,6806517
2016-10-26,67.5,68.1,67.0,67.3,2306069
2016-10-27,67.45,67.45,66.35,66.95,2459748
2016-10-28,67.15,67.75,66.2,66.9,2381678
2016-10-30,67.35,67.4,66.65,67.0,288125
2016-11-01,67.3,67.4,66.6,66.75,1497525
2016-11-02,66.2,66.2,64.55,64.75,3024115
2016-11-03,64.6,65.55,64.4,64.5,1596308
2016-11-04,64.7,65.0,61.8,62.4,2569558
2016-11-07,63.2,63.65,62.85,63.1,1076460
2016-11-08,63.5,66.75,62.45,64.8,4102167
2016-11-09,59.8,62.6,58.35,61.9,2891545
2016-11-10,63.1,67.5,63.0,65.15,3047984
2016-11-11,64.0,66.9,63.35,63.95,2003671
2016-11-15,64.3,64.4,59.6,61.85,2180463
2016-11-16,62.65,63.3,61.35,61.95,1686674
2016-11-17,62.2,64.0,62.0,62.95,1617737
2016-11-18,62.9,65.0,62.25,64.35,2512944
2016-11-21,65.35,65.35,61.7,62.8,1899446
2016-11-22,63.15,63.9,61.6,62.55,1292979
2016-11-23,63.05,64.0,62.6,63.35,1323336
2016-11-24,62.9,63.35,61.3,61.65,1928880
2016-11-25,62.35,64.25,62.0,63.55,2278191
2016-11-28,63.45,66.6,63.0,65.6,2509327
2016-11-29,65.7,67.45,65.55,66.45,1821304
2016-11-30,66.5,68.6,66.5,68.05,1786277
2016-12-01,68.3,68.9,66.6,67.15,920325
2016-12-02,66.8,70.65,66.5,68.05,4601737
2016-12-05,68.0,71.65,67.1,69.65,4469826
2016-12-06,71.0,71.15,69.4,69.8,2239444
2016-12-07,71.0,71.25,68.6,69.85,1854777
2016-12-08,70.6,71.0,70.15,70.7,1446097
2016-12-09,71.0,72.0,70.85,71.4,1876949
2016-12-12,71.1,73.0,70.55,71.15,2305199
2016-12-13,71.3,71.85,70.1,70.9,1159531
2016-12-14,70.9,71.8,70.55,70.95,1193512
2016-12-15,70.4,73.9,70.1,72.9,3208438
2016-12-16,73.4,74.0,72.5,73.55,2535884
2016-12-19,73.1,74.6,72.75,73.15,1694060
2016-12-20,73.0,73.6,71.5,72.25,1610755
2016-12-21,72.5,74.25,72.1,73.6,1599200
2016-12-22,73.3,73.9,71.35,71.7,1011735
2016-12-23,71.65,72.2,70.2,71.35,1092115
2016-12-26,70.7,71.35,69.05,69.7,946524
2016-12-27,69.9,71.3,68.65,70.9,1215202
2016-12-28,71.3,71.85,70.5,70.8,1175042
2016-12-29,70.5,73.75,70.15,73.05,1791048
2016-12-30,73.35,77.15,72.65,76.55,5065751
2017-01-02,77.8,77.8,76.35,76.95,2296460
2017-01-03,77.1,77.4,75.8,76.55,1259423
2017-01-04,77.0,78.8,76.8,77.8,2179592
2017-01-05,78.5,79.6,78.2,79.15,2308694
2017-01-06,79.2,79.9,78.4,78.65,1160629
2017-01-09,78.55,79.55,78.25,78.75,846284
2017-01-10,78.55,81.2,78.5,80.2,3196502
2017-01-11,80.55,81.6,80.15,80.85,1502221
2017-01-12,80.6,81.25,79.05,80.15,1553335
2017-01-13,80.05,80.5,77.55,78.5,1854287
2017-01-16,78.4,80.4,77.6,79.8,1503222
2017-01-17,79.9,80.25,78.6,78.95,891846
2017-01-18,79.1,80.7,78.4,79.2,1599586
2017-01-19,79.5,81.0,78.8,80.6,1285140
2017-01-20,80.95,82.0,77.0,77.5,2985011
2017-01-23,77.4,79.0,77.0,78.2,884490
2017-01-24,78.3,80.25,78.3,79.65,1527674
2017-01-25,79.85,80.35,78.8,80.0,1701611
2017-01-27,80.1,93.75,80.1,92.6,25002552
2017-01-30,91.9,93.9,90.7,92.35,9616013
2017-01-31,92.0,93.45,85.55,87.15,10535197
2017-02-01,88.0,91.3,87.2,90.85,6995463
2017-02-02,90.4,97.65,89.3,93.95,13368036
2017-02-03,94.45,95.35,92.45,94.55,4592647
2017-02-06,95.1,100.2,94.65,97.2,7629554
2017-02-07,97.9,97.9,90.75,91.85,7549222
2017-02-08,92.45,95.1,91.0,92.1,6130858
2017-02-09,92.5,94.4,90.55,93.65,3656581
2017-02-10,94.0,94.95,92.4,92.85,3194365
2017-02-13,93.55,93.65,90.0,91.7,2133187
2017-02-14,91.9,92.1,89.3,90.75,3326446
2017-02-15,91.5,96.75,91.25,92.25,11656510
2017-02-16,92.7,94.5,91.0,94.3,3447121
2017-02-17,94.9,95.35,93.4,93.8,1838828
2017-02-20,94.0,99.75,93.65,97.4,8798985
2017-02-21,97.9,99.2,96.85,97.45,3633716
2017-02-22,97.6,98.3,94.05,94.55,4687483
2017-02-23,94.5,97.7,93.9,96.6,5958620
2017-02-27,96.8,97.7,94.6,96.05,2478463
2017-02-28,96.0,100.75,95.1,98.5,8148197
2017-03-01,99.0,99.55,97.15,98.0,2397830
2017-03-02,98.35,99.9,93.05,93.6,3923833
2017-03-03,93.2,95.3,92.95,94.7,3920942
2017-03-06,95.05,95.85,94.05,95.4,2240085
2017-03-07,95.65,99.4,95.2,97.85,5164512
2017-03-08,98.0,99.05,93.95,94.65,3198694
2017-03-09,94.35,94.85,92.8,93.6,2253696
2017-03-10,94.0,95.5,92.75,94.05,2176686
2017-03-14,97.05,99.0,95.75,97.55,5071245
2017-03-15,97.65,101.8,96.55,101.2,9540896
2017-03-16,102.45,103.95,101.8,102.75,7119866
2017-03-17,103.5,105.4,102.2,103.7,6463490
2017-03-20,103.6,104.8,101.85,103.3,2192937
2017-03-21,103.2,104.4,101.5,103.6,2632837
2017-03-22,102.4,103.7,101.5,101.75,2174100
2017-03-23,101.9,105.25,101.65,104.55,4346658
2017-03-24,105.2,107.0,104.35,105.75,5178267
2017-03-27,105.9,105.9,102.8,103.85,3408128
2017-03-28,105.0,105.85,103.85,104.55,2590526
2017-03-29,104.95,105.25,103.7,104.45,1897100
2017-03-30,104.65,106.5,104.15,105.8,7405888
2017-03-31,106.35,110.2,105.2,108.55,6986469
2017-04-03,108.85,112.3,107.95,111.8,4741739
2017-04-05,112.0,115.45,110.75,114.6,4340487
2017-04-06,114.2,116.15,113.85,115.75,3258878
2017-04-07,114.5,119.55,114.3,117.4,5580242
2017-04-10,117.95,120.65,117.3,120.1,4859156
2017-04-11,119.85,125.5,118.55,121.3,11436293
2017-04-12,118.5,119.5,109.8,114.35,9171249
2017-04-13,114.9,117.5,112.15,116.85,5018338
2017-04-17,115.05,124.2,115.05,123.35,5952208
2017-04-18,124.0,160.7,124.0,144.9,92715072
2017-04-19,142.9,148.5,138.05,145.15,23662260
2017-04-20,145.8,149.4,143.5,146.25,8478294
2017-04-21,146.5,148.5,143.7,145.95,5457294
2017-04-24,145.9,159.15,145.0,150.05,17018360
2017-04-25,150.6,153.65,148.3,149.95,7988542
2017-04-26,150.2,151.55,117.2,118.55,44780600
2017-04-27,121.7,135.35,112.7,114.15,78120752
2017-04-28,116.8,118.7,107.3,108.95,39309184
2017-05-02,109.85,116.3,106.55,112.75,31196578
2017-05-03,113.85,115.9,109.8,112.65,17853028
2017-05-04,112.95,114.65,112.05,113.4,9225795
2017-05-05,113.6,115.4,108.45,113.7,12155635
2017-05-08,114.1,116.0,111.55,114.55,8351327
2017-05-09,114.9,119.9,113.7,118.2,12659485
2017-05-10,119.45,123.85,118.5,122.8,12398019
2017-05-11,125.45,126.8,117.4,120.15,23149912
2017-05-12,120.6,122.85,117.2,121.55,10909470
2017-05-15,122.5,123.2,120.0,121.9,7090402
2017-05-16,121.95,124.5,120.8,122.8,6895666
2017-05-17,122.5,122.85,119.55,121.5,5817867
2017-05-18,119.9,125.85,118.6,120.35,10312432
2017-05-19,123.2,124.45,120.15,121.9,6205020
2017-05-22,122.55,124.35,120.6,121.35,5788097
2017-05-23,118.5,118.6,109.5,113.15,12969389
2017-05-24,114.1,115.4,110.6,113.6,6385463
2017-05-25,119.0,119.4,114.45,116.25,9523315
2017-05-26,117.0,117.8,115.0,115.95,4170952
2017-05-29,115.95,116.0,110.05,111.4,4816508
2017-05-30,112.0,124.8,110.0,117.9,20862798
2017-05-31,118.3,120.7,115.05,116.8,8292327
2017-06-01,117.2,118.7,116.25,116.75,5578850
2017-06-02,117.2,118.75,116.5,117.5,4227409
2017-06-05,117.5,119.7,116.5,117.5,4628391
2017-06-06,119.1,128.8,119.1,128.05,37683896
2017-06-07,130.75,134.5,129.1,131.3,24487190
2017-06-08,131.0,131.6,126.75,129.8,8299688
2017-06-09,130.0,133.2,127.05,132.25,9200926
2017-06-12,131.5,133.2,128.0,130.75,5195277
2017-06-13,129.0,135.8,129.0,132.4,12237856
2017-06-14,132.8,133.7,130.4,131.25,4219965
2017-06-15,131.0,133.95,129.0,132.5,5069151
2017-06-16,132.45,133.4,130.3,130.9,4333378
2017-06-19,132.25,133.35,131.3,131.95,3366146
2017-06-20,132.4,132.4,129.3,130.9,3600676
2017-06-21,130.8,132.9,130.3,131.85,4123135
2017-06-22,132.5,133.2,130.0,130.85,3971698
2017-06-23,130.9,131.1,124.15,126.35,5913258
2017-06-27,126.9,132.9,124.5,131.0,5961133
2017-06-28,132.3,136.7,132.1,134.4,14293742
2017-06-29,135.0,135.6,132.6,133.25,4347591
2017-06-30,133.0,134.3,130.55,132.6,4288794
2017-07-03,132.4,138.95,132.0,136.5,9590074
2017-07-04,136.5,137.45,132.9,133.55,3729846
2017-07-05,134.0,136.0,132.5,135.25,4430195
2017-07-06,135.0,136.1,133.85,135.2,3032861
2017-07-07,134.45,136.0,133.5,134.2,1890872
2017-07-10,138.9,138.9,131.2,134.85,619714
2017-07-11,135.0,135.45,132.8,133.4,2459729
2017-07-12,133.7,141.85,133.0,141.3,15422906
2017-07-13,142.5,144.35,138.15,140.8,10926196
2017-07-14,141.0,141.45,137.7,139.4,4692142
2017-07-17,139.5,140.8,138.4,139.4,2426468
2017-07-18,138.95,140.35,137.1,137.85,2732576
2017-07-19,138.0,140.65,137.5,139.5,2985094
2017-07-20,140.0,142.0,138.5,140.4,3904565
2017-07-21,140.85,141.8,137.85,141.2,3543548
2017-07-24,141.4,142.7,139.2,140.25,3416472
2017-07-25,140.95,140.95,138.3,139.3,2869545
2017-07-26,139.5,142.3,138.9,140.75,3418321
2017-07-27,140.75,141.85,137.5,138.5,4166061
2017-07-28,138.1,139.35,136.45,138.7,1810929
2017-07-31,138.7,139.75,137.05,137.9,1735603
2017-08-01,137.9,140.85,137.9,140.2,2635910
2017-08-02,140.7,143.85,140.55,141.95,4380118
2017-08-03,142.1,142.65,137.1,137.75,2488880
2017-08-04,137.6,139.25,136.2,138.0,2306461
2017-08-07,138.45,140.9,138.0,140.1,2242614
2017-08-08,140.15,141.2,135.4,137.35,2862404
2017-08-09,137.0,137.0,120.65,124.25,5431633
2017-08-10,122.5,123.25,113.25,115.85,5134939
2017-08-11,114.0,115.8,106.0,113.7,5174105
2017-08-14,115.0,117.9,111.8,116.65,2885275
2017-08-16,114.0,116.45,109.05,115.2,6940295
2017-08-17,115.5,117.5,112.3,113.4,3746529
2017-08-18,112.25,113.5,110.55,112.25,3078656
2017-08-21,113.0,113.85,106.75,107.5,2773290
2017-08-22,108.55,109.35,104.8,106.3,4036450
2017-08-23,107.45,110.5,107.0,110.05,4677977
2017-08-24,110.7,110.9,108.1,109.15,4390164
2017-08-28,117.1,121.05,115.05,119.2,16245306
2017-08-29,117.4,122.75,116.75,118.95,9812669
2017-08-30,120.4,131.85,120.15,128.15,16432031
2017-08-31,133.0,133.95,128.05,132.55,23717124
2017-09-01,132.75,138.85,131.35,136.6,17807316
2017-09-04,136.2,136.45,128.0,130.8,10003075
2017-09-05,131.4,135.1,130.8,133.1,6456212
2017-09-06,130.1,132.1,128.5,130.8,6965729
2017-09-07,131.45,133.25,129.65,130.4,4234036
2017-09-08,130.9,131.8,126.35,127.6,3798565
2017-09-11,128.5,132.35,128.2,130.65,3788024
2017-09-12,131.8,134.9,130.4,133.95,5724435
2017-09-13,133.9,134.5,130.3,130.75,3109588
2017-09-14,131.0,133.3,129.65,131.9,3516832
2017-09-15,130.05,131.75,129.2,130.65,3939948
2017-09-18,131.65,132.9,130.1,130.85,2676220
2017-09-19,130.95,132.2,130.1,131.0,2326183
2017-09-20,131.75,131.75,129.1,129.4,2458718
2017-09-21,129.4,130.95,124.9,127.7,3041970
2017-09-22,126.85,126.85,121.0,121.75,2761762
2017-09-25,121.9,122.05,113.75,116.65,3651981
2017-09-26,116.6,120.2,114.8,118.6,4273887
2017-09-27,119.5,120.8,113.15,114.25,3698588
2017-09-28,114.8,116.75,113.4,115.3,3251061
2017-09-29,116.0,117.7,115.45,116.3,2668774
2017-10-03,116.55,116.6,110.35,111.8,5786682
2017-10-04,112.2,115.95,111.9,115.3,6485757
2017-10-05,116.6,123.2,116.1,121.6,10839785
2017-10-06,122.9,125.0,121.75,123.45,6023990
2017-10-09,120.0,121.95,117.1,119.3,7515146
2017-10-10,119.5,122.0,119.5,120.25,3765307
2017-10-11,121.15,123.4,117.6,118.95,4263901
2017-10-12,120.0,120.8,118.5,120.1,2146531
2017-10-13,120.8,121.15,119.5,119.85,1922554
2017-10-16,120.65,120.95,116.5,117.4,2672505
2017-10-17,117.85,118.95,117.05,118.1,1646672
2017-10-18,118.0,123.55,116.85,122.6,5756535
2017-10-19,123.25,127.0,122.35,125.6,2677513
2017-10-23,126.4,129.8,125.2,126.95,4877150
2017-10-24,127.0,128.35,125.4,126.3,2510874
2017-10-25,126.85,129.2,124.05,127.7,3208639
2017-10-26,127.5,131.75,126.15,131.0,4101271
2017-10-27,131.9,132.9,128.5,129.95,3390969
2017-10-30,130.65,136.4,129.1,134.2,5432720
2017-10-31,134.7,134.7,130.05,132.3,2930305
2017-11-01,132.8,135.3,132.1,133.1,2233742
2017-11-02,133.3,135.6,131.85,133.35,2230547
2017-11-03,134.0,142.7,132.9,140.5,6569012
2017-11-06,143.2,151.45,142.65,149.7,12584319
2017-11-07,149.75,152.3,141.2,148.35,7356189
2017-11-08,148.05,158.4,146.4,151.5,13716214
2017-11-09,151.85,155.9,149.1,154.4,4923828
2017-11-10,154.35,158.25,151.8,156.4,5725960
2017-11-13,157.1,160.2,150.85,152.8,5822879
2017-11-14,152.0,158.4,151.5,155.35,6292563
2017-11-15,154.8,155.8,146.1,147.05,4240874
2017-11-16,145.0,146.0,139.6,144.75,5535897
2017-11-17,146.5,158.75,146.2,156.6,8535047
2017-11-20,156.95,162.0,156.05,160.4,8674469
2017-11-21,161.0,161.7,152.2,153.45,5386978
2017-11-22,154.3,159.2,152.55,157.8,4955519
2017-11-23,158.0,158.45,149.7,152.5,4727002
2017-11-24,152.6,155.4,150.0,153.25,3761880
2017-11-27,150.0,152.2,146.85,151.25,4600982
2017-11-28,151.2,152.7,147.55,148.85,2824828
2017-11-29,148.85,149.45,146.0,147.45,2648352
2017-11-30,146.5,149.5,145.1,146.6,2702060
2017-12-01,147.0,151.35,140.05,142.35,5272779
2017-12-04,142.8,145.8,131.75,142.6,6970705
2017-12-05,142.65,146.8,139.55,145.75,4720284
2017-12-06,143.7,147.4,141.3,142.25,3852721
2017-12-07,142.7,148.95,142.1,147.55,3346587
2017-12-08,149.2,152.55,148.6,151.05,5248995
2017-12-11,152.4,154.25,149.7,153.3,4547863
2017-12-12,153.9,155.3,149.05,152.55,7656986
2017-12-13,150.0,153.4,146.2,147.5,7720271
2017-12-14,147.0,150.3,142.85,148.55,4719833
2017-12-15,154.95,155.8,150.7,155.2,9641091
2017-12-18,148.0,166.45,139.7,159.95,36258412
2017-12-19,159.9,161.7,155.85,160.4,8093608
2017-12-20,160.0,163.05,157.7,160.95,6211843
2017-12-21,161.0,164.95,160.25,162.6,5528048
2017-12-22,162.95,165.95,161.1,162.9,4597724
2017-12-26,163.0,165.2,160.95,163.2,2925999
2017-12-27,163.0,169.35,162.4,165.95,9076528
2017-12-28,166.0,167.2,163.5,165.25,3753225
2017-12-29,165.0,168.25,163.9,166.35,4272076
2018-01-01,165.8,169.85,165.0,166.05,4220395
2018-01-02,166.1,167.4,162.15,163.9,2712044
2018-01-03,163.9,180.25,163.9,176.2,21268696
2018-01-04,176.0,185.2,174.15,183.3,12411875
2018-01-05,184.8,194.3,182.4,193.15,11521764
2018-01-08,192.6,201.0,192.3,196.45,8253904
2018-01-09,198.0,198.95,194.1,195.9,4715461
2018-01-10,196.1,203.85,196.0,198.8,11667268
2018-01-11,198.0,203.7,195.55,201.7,5579135
2018-01-12,202.0,203.75,194.25,199.95,5218945
2018-01-15,201.0,202.2,197.3,198.2,2971871
2018-01-16,198.7,199.1,188.2,194.6,7331265
2018-01-17,194.2,205.7,187.9,204.55,9472531
2018-01-18,206.0,207.5,188.7,195.25,13242809
2018-01-19,195.25,201.0,188.55,199.7,14032888
2018-01-22,198.0,202.35,196.0,198.9,5740115
2018-01-23,199.4,205.25,196.1,204.4,7561852
2018-01-24,204.3,207.55,200.0,205.5,7805766
2018-01-25,205.0,215.75,201.8,214.4,13233590
2018-01-29,215.6,220.5,210.6,213.35,7973287
2018-01-30,211.0,213.55,207.5,211.3,4290228
2018-01-31,209.95,218.75,209.15,213.2,7732419
2018-02-01,213.0,217.05,203.7,214.0,4905671
2018-02-02,213.0,213.0,195.1,197.2,6946208
2018-02-05,185.1,201.0,183.7,199.45,6443758
2018-02-06,185.0,198.2,182.7,195.3,5920376
2018-02-07,199.55,202.75,195.1,196.75,3982586
2018-02-08,198.25,206.15,196.9,204.5,4439467
2018-02-09,200.0,211.85,197.65,210.1,6060617
2018-02-12,211.2,219.3,211.2,217.25,7269216
2018-02-14,218.5,223.5,216.75,219.45,6915464
2018-02-15,221.1,222.65,210.65,214.75,4974761
2018-02-16,215.8,218.45,204.8,207.8,5458989
2018-02-19,205.0,207.45,200.5,202.9,4869612
2018-02-20,202.0,203.55,195.0,198.0,6326486
2018-02-21,199.3,200.5,195.3,197.4,4152954
2018-02-22,196.0,204.45,193.8,203.3,8957045
2018-02-23,204.5,205.75,201.5,204.35,5007111
2018-02-26,205.0,207.85,203.5,205.6,2916864
2018-02-27,206.0,209.85,201.2,207.05,5990667
2018-02-28,204.95,207.95,202.5,203.55,3876913
2018-03-01,203.55,206.7,198.2,199.15,3600007
2018-03-05,199.0,202.7,196.75,200.9,3891702
2018-03-06,202.5,203.35,180.1,186.2,8063223
2018-03-07,182.9,185.45,169.2,172.2,21742280
2018-03-08,174.0,177.4,160.0,168.95,19371104
2018-03-09,168.95,170.5,154.65,156.1,17088756
2018-03-12,158.45,164.4,150.0,162.25,20088994
2018-03-13,162.05,164.5,157.0,159.75,15160439
2018-03-14,156.8,165.2,156.55,163.75,13334956
2018-03-15,163.5,170.45,163.2,167.05,13195532
2018-03-16,167.5,168.45,159.15,160.5,12405008
2018-03-19,160.0,162.0,154.65,160.6,11657832
2018-03-20,158.95,163.4,158.3,160.95,9395255
2018-03-21,161.75,166.15,161.15,162.2,7748642
2018-03-22,162.4,163.85,158.55,159.45,6171698
2018-03-23,155.0,156.2,148.7,152.45,9936873
2018-03-26,152.5,166.25,150.75,163.75,12479612
2018-03-27,165.9,167.7,158.6,159.9,12016092
2018-03-28,158.9,161.9,154.7,156.4,11699148
2018-04-02,157.3,162.45,151.2,160.9,9992345
2018-04-03,158.25,163.3,156.55,162.4,11497486
2018-04-04,162.45,166.4,147.1,151.45,33352404
2018-04-05,133.0,152.95,126.25,147.85,27497508
2018-04-06,148.25,154.65,147.7,149.75,10623849
2018-04-09,150.2,152.0,145.65,147.15,5148636
2018-04-10,148.5,150.95,146.7,147.75,4948074
2018-04-11,148.05,148.75,142.6,144.55,5128577
2018-04-12,144.6,146.3,134.65,136.1,7768352
2018-04-13,140.4,143.0,137.6,139.4,11986798
2018-04-16,138.7,141.9,137.0,140.75,5077236
2018-04-17,141.45,142.95,137.8,139.5,3526569
2018-04-18,141.0,141.0,135.7,136.75,3297720
2018-04-19,135.5,142.3,135.0,141.65,6407262
2018-04-20,141.0,141.0,136.0,137.7,3928069
2018-04-23,139.0,142.0,137.6,139.75,4466205
2018-04-24,140.55,141.3,136.85,137.9,3619659
2018-04-25,138.0,139.5,136.65,137.55,2744549
2018-04-26,138.0,141.75,136.0,140.55,2829547
2018-04-27,140.95,148.6,140.25,141.8,7560641
2018-04-30,142.35,144.4,138.6,140.1,2549744
2018-05-02,140.35,141.5,124.2,129.4,8357323
2018-05-03,130.0,130.5,123.3,126.4,12869077
2018-05-04,126.7,132.45,125.65,126.6,12870721
2018-05-07,127.1,129.9,124.85,127.6,12195077
2018-05-08,128.25,133.5,125.8,131.45,4625620
2018-05-09,130.4,131.45,128.05,129.05,3565162
2018-05-10,129.9,130.7,125.7,126.65,4815033
2018-05-11,127.55,129.4,123.4,127.8,5943405
2018-05-14,127.85,128.0,121.6,124.0,5039909
2018-05-15,124.0,129.45,121.3,123.3,6753335
2018-05-16,123.0,124.8,120.65,123.1,4008619
2018-05-17,124.4,125.6,121.8,123.4,3158060
2018-05-18,123.8,124.0,117.55,118.6,4125360
2018-05-21,119.0,120.9,116.0,118.2,3196634
2018-05-22,119.9,123.5,118.25,122.25,3700083
2018-05-23,122.0,122.45,116.8,117.4,2564043
2018-05-24,118.0,120.5,115.65,119.15,4368851
2018-05-25,119.05,125.9,118.05,124.8,5483064
2018-05-28,123.9,131.5,123.9,129.65,5007622
2018-05-29,128.0,129.35,122.75,123.7,4091255
2018-05-30,122.1,125.2,121.5,123.4,2133256
2018-05-31,124.0,124.25,120.25,121.0,4584277
2018-06-01,121.0,122.2,115.55,119.55,6238346
2018-06-04,119.95,121.0,113.65,116.25,5153935
2018-06-05,116.0,117.3,113.05,115.4,3155941
2018-06-06,115.5,119.65,114.45,118.25,4012380
2018-06-07,118.25,128.2,118.25,125.4,11000722
2018-06-08,124.75,127.2,122.55,126.3,5338810
2018-06-11,127.7,132.85,126.9,128.25,6562401
2018-06-12,127.3,128.9,126.15,127.65,2262313
2018-06-13,128.55,132.65,128.3,129.15,6679378
2018-06-14,128.5,134.85,127.2,133.95,9893943
2018-06-15,135.0,137.2,131.4,132.45,8917748
2018-06-18,132.9,136.0,130.45,134.35,8419032
2018-06-19,132.6,135.55,128.9,129.9,5591679
2018-06-20,129.0,132.35,128.9,131.75,4895974
2018-06-21,131.7,132.7,128.5,129.85,3634286
2018-06-22,129.8,131.0,127.55,130.35,4123963
2018-06-25,130.0,131.1,126.7,127.0,2763727
2018-06-26,125.2,131.0,125.2,129.15,5572972
2018-06-27,128.0,128.0,112.5,115.1,11674336
2018-06-28,113.5,115.65,108.7,109.35,8742008
2018-06-29,110.1,114.2,110.1,113.15,6266086
2018-07-02,112.8,113.75,100.85,105.05,14163679
2018-07-03,104.6,107.95,102.6,106.25,7563035
2018-07-04,106.3,108.75,103.75,107.7,7081273
2018-07-05,108.05,108.05,104.55,105.9,4199495
2018-07-06,104.75,112.7,102.75,110.95,12419598
2018-07-09,111.5,113.35,108.7,111.65,6004307
2018-07-10,113.0,115.35,112.1,114.1,5607485
2018-07-11,114.5,125.5,114.1,124.1,26582476
2018-07-12,124.45,126.5,121.3,124.3,8275466
2018-07-13,124.65,132.2,122.35,131.65,26190344
2018-07-16,131.0,134.85,129.2,133.6,18221824
2018-07-17,135.05,141.6,134.2,138.3,19643642
2018-07-18,138.25,144.0,135.95,142.2,15509835
2018-07-19,143.4,154.2,141.05,151.05,14414031
2018-07-20,152.1,164.7,149.7,162.95,27020824
2018-07-23,161.35,172.4,159.0,171.2,23373736
2018-07-24,171.0,188.0,165.15,186.05,54181636
2018-07-25,185.0,205.3,183.7,199.8,57013584
2018-07-26,194.3,201.95,189.05,197.75,42450972
2018-07-27,198.05,206.75,190.5,195.9,28498884
2018-07-30,197.2,200.4,192.35,193.55,13913862
2018-07-31,193.45,198.2,191.05,195.45,8954739
2018-08-01,196.0,197.6,191.65,193.25,5366632
2018-08-02,193.0,201.7,185.5,196.5,17024744
2018-08-03,194.5,204.3,194.0,198.15,20404842
2018-08-06,200.0,202.15,196.2,198.2,8844068
2018-08-07,197.0,197.3,186.65,190.15,13606741
2018-08-08,182.05,208.7,179.0,199.65,35491148
2018-08-09,204.0,206.9,198.2,200.35,15237502
2018-08-10,199.65,201.9,196.1,199.15,9286699
2018-08-13,196.0,198.8,192.75,194.4,7193016
2018-08-14,194.7,205.4,194.55,202.3,13331334
2018-08-16,198.5,206.0,198.5,202.9,9452650
2018-08-17,202.0,206.7,200.7,203.05,5498632
2018-08-20,203.15,214.25,202.15,212.5,19808480
2018-08-21,214.0,222.0,212.05,213.3,22079310
2018-08-23,214.5,215.25,204.1,210.85,14397102
2018-08-24,210.0,214.5,207.35,208.8,7819637
2018-08-27,210.3,213.3,207.3,211.85,7894492
2018-08-28,212.65,232.5,209.45,229.7,36388656
2018-08-29,231.7,236.65,219.9,223.3,28860874
2018-08-30,222.5,231.25,219.8,224.0,28402632
2018-08-31,225.0,228.6,222.35,225.25,14184713
2018-09-03,226.0,227.4,204.15,210.5,20062124
2018-09-04,211.0,216.4,202.0,210.4,29213332
2018-09-05,208.2,216.7,205.8,210.95,35462764
2018-09-06,150.0,170.65,139.35,163.7,74817696
2018-09-07,165.25,169.9,155.7,157.35,42704820
2018-09-10,158.0,158.0,149.65,150.75,20590646
2018-09-11,151.0,153.7,146.3,148.25,15083637
2018-09-12,148.5,150.15,142.75,148.9,16166704
2018-09-14,149.75,152.9,148.25,150.6,8859644
2018-09-17,150.2,155.65,146.8,152.05,10925422
2018-09-18,151.95,154.85,146.3,148.45,7447741
2018-09-19,149.4,150.7,145.3,147.35,5315295
2018-09-21,148.0,153.5,132.65,138.45,12829824
2018-09-24,138.45,139.75,131.15,134.5,5960439
2018-09-25,133.5,142.4,125.65,138.35,8571550
2018-09-26,140.4,142.5,133.7,136.5,6768299
2018-09-27,136.0,143.05,132.7,142.25,9769528
2018-09-28,142.65,143.4,125.6,130.6,11876058
2018-10-01,127.0,138.6,121.55,137.35,9826192
2018-10-03,137.0,141.5,130.05,134.8,6829117
2018-10-04,129.4,134.3,127.0,132.95,7184987
2018-10-05,131.55,135.75,128.25,130.2,6099515
2018-10-08,129.0,134.85,121.35,133.15,10658358
2018-10-09,136.0,137.7,129.35,135.9,7186017
2018-10-10,136.5,147.85,135.0,143.75,9209149
2018-10-11,138.0,143.4,135.15,138.2,8421556
2018-10-12,140.1,145.4,140.1,143.85,6338784
2018-10-15,147.0,153.75,143.8,152.45,9011923
2018-10-16,152.35,160.0,151.75,157.65,9671300
2018-10-17,160.1,163.65,154.25,161.75,11660585
2018-10-19,158.5,170.7,158.5,168.75,11861481
2018-10-22,171.1,176.7,164.4,168.5,13950566
2018-10-23,169.0,171.85,166.0,169.55,8339433
2018-10-24,171.0,172.25,165.1,167.55,5451065
2018-10-25,166.75,174.4,161.5,172.1,7460591
2018-10-26,174.0,174.75,165.3,166.75,6982991
2018-10-29,168.65,172.6,165.05,171.75,5332500
2018-10-30,172.5,174.0,168.1,169.05,3885243
2018-10-31,167.0,173.8,164.7,170.0,10254679
2018-11-01,171.05,178.1,168.85,175.0,8041754
2018-11-02,176.6,179.5,173.8,175.6,6839045
2018-11-05,176.1,176.75,155.8,168.5,12668556
2018-11-06,168.25,169.0,162.0,164.45,5834504
2018-11-07,165.0,169.0,164.7,165.75,1138303
2018-11-09,165.5,167.8,163.95,166.3,4079435
2018-11-12,166.0,167.9,158.15,160.25,4332207
2018-11-13,160.25,163.0,158.75,162.15,3641712
2018-11-14,163.3,163.75,158.25,160.85,3263131
2018-11-15,161.75,166.25,160.0,162.85,5297431
2018-11-16,163.0,163.85,157.5,161.45,3885301
2018-11-19,162.4,164.4,159.55,162.1,3424402
2018-11-20,161.65,163.65,156.95,160.15,4293856
2018-11-21,161.6,162.0,158.5,161.0,4209404
2018-11-22,161.9,161.95,157.55,158.5,2405010
2018-11-26,158.5,159.9,155.65,157.35,2428238
2018-11-27,157.35,161.0,154.25,159.15,3925863
2018-11-28,159.15,159.6,156.3,158.0,3156482
2018-11-29,159.35,175.55,158.7,169.9,13648898
2018-11-30,168.5,174.8,163.5,165.0,9405499
2018-12-03,166.05,168.5,163.5,166.7,3213684
2018-12-04,165.95,166.5,160.0,162.75,3797368
2018-12-05,161.05,164.95,155.75,157.4,8601249
2018-12-06,155.8,156.0,149.75,150.55,5714514
2018-12-07,151.8,154.35,150.0,152.9,7411261
2018-12-10,146.85,147.0,141.0,143.15,7484723
2018-12-11,139.0,155.85,134.5,151.9,9251826
2018-12-12,152.8,157.0,151.05,156.1,4377945
2018-12-13,156.0,158.6,154.0,156.0,3499313
2018-12-14,156.0,157.9,154.1,157.1,3389589
2018-12-17,157.1,158.9,156.35,157.95,1595605
2018-12-18,157.7,159.75,156.2,158.05,1689582
2018-12-19,160.0,162.7,158.5,160.2,2312343
2018-12-20,159.4,162.5,158.4,159.25,2539589
2018-12-21,159.8,161.5,152.0,159.35,5335334
2018-12-24,159.4,160.9,156.5,158.55,3130614
2018-12-26,156.85,164.1,155.1,161.25,4065516
2018-12-27,162.25,167.8,159.85,162.35,10882426
2018-12-28,161.95,164.3,159.8,161.55,3905985
2019-01-01,160.9,162.35,155.45,157.25,4726656
2019-01-02,157.0,157.85,152.5,154.85,2735262
2019-01-03,154.9,156.1,150.3,152.5,2758876
2019-01-04,152.1,154.0,150.0,152.55,2777308
2019-01-07,152.9,154.45,150.25,151.25,2714218
2019-01-08,150.5,154.3,149.65,153.45,2791866
2019-01-09,153.6,154.45,147.6,149.35,4054809
2019-01-10,151.0,151.8,148.5,151.1,3534546
2019-01-11,151.1,152.6,149.1,151.5,2254999
2019-01-14,151.0,151.15,147.0,148.35,2624582
2019-01-15,148.5,149.95,147.25,148.65,1805678
2019-01-16,148.2,150.7,148.0,148.45,1574176
2019-01-17,148.4,151.25,146.35,149.0,2618859
2019-01-18,149.7,149.8,144.55,146.75,2306520
2019-01-21,146.5,148.0,144.25,145.95,1763205
2019-01-22,145.4,146.65,141.7,145.7,2261667
2019-01-23,145.5,146.5,142.05,143.0,2322990
2019-01-24,143.0,144.05,141.1,142.55,1678843
2019-01-25,142.85,145.45,136.15,137.35,3297651
2019-01-28,138.0,141.0,118.95,136.4,9404485
2019-01-29,136.45,143.8,133.6,140.8,4301493
2019-01-30,140.9,141.5,136.5,139.9,3102926
2019-01-31,139.5,141.75,135.0,137.15,3498642
2019-02-01,136.95,144.8,134.55,143.0,7091209
2019-02-04,142.9,142.9,121.3,123.1,9832462
2019-02-05,122.0,127.4,119.6,124.25,8484607
2019-02-06,123.85,124.2,114.8,122.9,9905219
2019-02-07,122.2,126.8,119.05,123.95,9826247
2019-02-08,123.0,125.45,115.7,123.75,8059813
2019-02-11,122.95,123.25,115.8,118.2,7048335
2019-02-12,117.2,120.0,115.35,116.95,3698931
2019-02-13,117.0,125.6,115.5,119.55,9784596
2019-02-14,118.45,119.5,116.0,118.1,4962697
2019-02-15,118.15,121.15,116.5,119.8,4509378
2019-02-18,118.3,119.9,116.1,117.5,2569451
2019-02-19,118.4,119.8,116.8,118.25,2644152
2019-02-20,117.95,121.1,116.2,120.05,3739081
2019-02-21,119.8,121.0,117.9,119.4,2698192
2019-02-22,120.25,130.7,119.8,128.05,14695085
2019-02-25,125.0,133.9,123.0,132.0,12769956
2019-02-26,130.0,134.3,128.0,132.1,8879092
2019-02-27,133.8,136.3,129.55,132.25,5875292
2019-02-28,133.5,134.2,128.0,128.85,3960957
2019-03-01,130.35,135.2,128.85,133.85,7738116
2019-03-05,132.5,143.7,132.0,141.8,7598974
2019-03-06,142.75,143.75,138.2,139.25,4856085
2019-03-07,139.0,140.95,135.3,136.9,3496617
2019-03-08,135.75,139.35,135.4,138.2,3681442
2019-03-11,137.85,140.95,137.6,139.05,2550759
2019-03-12,140.5,150.75,140.05,148.4,12543653
2019-03-13,148.4,150.4,145.4,147.35,5700158
2019-03-14,147.4,149.2,143.6,145.55,4052596
2019-03-15,145.8,148.9,140.25,141.85,5981701
2019-03-18,142.4,145.0,140.35,143.9,4934286
2019-03-19,144.45,144.85,140.5,142.0,4320808
2019-03-20,142.0,142.7,138.05,139.45,3242462
2019-03-22,140.7,141.45,137.05,138.25,3147147
2019-03-25,137.0,137.6,133.5,134.35,2977535
2019-03-26,134.9,140.0,133.4,138.3,4180951
2019-03-27,138.55,140.95,136.25,137.5,2778662
2019-03-28,138.45,143.15,136.3,137.8,3966292
2019-03-29,139.6,150.2,139.3,146.75,13910654
2019-04-01,147.45,153.2,145.1,151.45,7938713
2019-04-02,151.7,153.3,148.35,151.65,6228254
2019-04-03,150.3,152.65,146.6,147.55,3416023
2019-04-04,147.95,150.3,145.45,147.5,3963980
2019-04-05,148.0,149.2,146.2,146.9,2004719
2019-04-08,147.5,148.65,141.1,141.95,4399839
2019-04-09,142.3,147.0,137.45,146.0,8432342
2019-04-10,145.75,147.4,142.05,142.85,4356153
2019-04-11,142.75,143.15,138.6,141.0,3535449
2019-04-12,140.8,144.45,139.2,141.4,5769634
2019-04-15,141.0,145.15,140.55,142.95,4375074
2019-04-16,142.2,145.35,142.2,143.05,3648947
2019-04-18,143.1,144.45,137.65,138.6,3954004
2019-04-22,138.0,138.65,134.35,135.15,3189574
2019-04-23,135.4,136.3,131.55,132.5,4084835
2019-04-24,132.75,137.1,132.1,136.15,4329268
2019-04-25,135.1,137.0,133.85,134.75,2112063
2019-04-26,135.0,135.65,130.25,131.4,4350584
2019-04-30,131.8,131.8,125.0,127.05,4006829
2019-05-02,126.0,130.0,124.8,126.65,3754433
2019-05-03,124.0,129.0,123.0,128.3,6222801
2019-05-06,125.75,127.4,125.05,125.6,1996014
2019-05-07,126.4,127.0,120.05,122.35,4593214
2019-05-08,121.8,123.65,120.4,120.9,2661345
2019-05-09,121.9,122.2,119.15,120.1,2907774
2019-05-10,121.0,122.3,119.25,120.0,2835247
2019-05-13,120.7,120.9,116.65,117.6,2124122
2019-05-14,116.35,124.55,115.0,123.35,4548264
2019-05-15,124.2,124.95,116.1,117.4,3659017
2019-05-16,118.1,119.5,113.0,118.8,5368281
2019-05-17,117.75,120.55,116.1,119.3,4631007
2019-05-20,131.2,154.9,128.1,151.95,37670288
2019-05-21,154.7,158.95,148.45,154.65,39732348
2019-05-22,155.05,158.8,152.8,157.95,13565092
2019-05-23,169.5,180.8,157.7,161.05,61334484
2019-05-24,162.35,163.75,151.85,156.4,19435040
2019-05-27,159.1,160.7,155.15,157.2,9664810
2019-05-28,157.1,160.35,156.05,157.65,5456461
2019-05-29,157.95,158.4,151.75,155.15,12993604
2019-05-30,158.1,159.4,155.1,158.1,6740283
2019-05-31,158.5,159.3,149.1,154.75,7553254
2019-06-03,154.0,161.9,151.65,159.05,7975636
2019-06-04,158.15,159.3,154.5,157.6,5502910
2019-06-06,156.9,157.8,151.2,153.15,3832155
2019-06-07,152.95,153.55,146.8,151.35,5016442
2019-06-10,152.0,155.5,147.0,149.95,3967379
2019-06-11,149.5,154.25,148.35,153.6,3413094
2019-06-12,154.0,159.35,150.55,153.2,7477081
2019-06-13,153.2,158.85,149.0,153.1,7968656
2019-06-14,156.0,156.0,151.55,152.45,6589668
2019-06-17,153.0,153.95,147.25,147.9,3470303
2019-06-18,147.35,148.85,144.0,147.95,5764444
2019-06-19,148.45,149.75,140.6,142.8,4744374
2019-06-20,142.3,149.7,140.35,148.45,4477064
2019-06-21,147.0,152.0,145.95,146.8,4673136
2019-06-24,145.9,148.8,144.6,147.75,3240654
2019-06-25,146.5,151.95,144.85,150.85,4920288
2019-06-26,150.0,155.3,148.5,153.8,4779891
2019-06-27,152.3,154.95,151.5,152.85,2858423
2019-06-28,152.5,156.3,149.8,150.5,4642404
2019-07-01,150.65,155.6,148.05,154.1,6182608
2019-07-02,154.9,158.2,151.4,154.7,11741576
2019-07-03,156.4,157.6,154.2,155.6,5661251
2019-07-04,160.1,161.8,154.3,156.1,15687573
2019-07-05,156.3,156.85,145.85,147.3,6607087
2019-07-08,143.25,146.25,137.55,138.9,5896584
2019-07-09,138.05,143.2,135.75,141.15,7317997
2019-07-10,142.0,142.5,137.25,139.35,5548654
2019-07-11,140.5,141.85,137.5,141.0,5098558
2019-07-12,141.0,143.45,137.8,140.3,6678610
2019-07-15,141.0,141.7,136.1,137.95,4491271
2019-07-16,137.9,140.95,136.6,140.15,4954078
2019-07-17,140.2,141.0,137.0,138.05,3984405
2019-07-18,137.7,137.95,133.35,134.2,4247055
2019-07-19,134.25,135.2,130.3,131.4,4256095
2019-07-22,130.75,134.2,128.7,131.65,5467444
2019-07-23,131.45,135.95,130.75,134.05,5753483
2019-07-24,133.45,134.0,127.85,129.8,5403438
2019-07-25,130.5,131.3,127.75,129.4,3977652
2019-07-26,129.4,134.2,128.4,131.85,3632048
2019-07-29,131.0,131.85,127.1,129.45,4349871
2019-07-30,128.0,131.0,123.85,125.35,4167043
2019-07-31,125.0,129.3,124.2,128.8,3665392
2019-08-01,128.6,129.1,123.0,125.45,4462938
2019-08-02,124.9,129.75,123.3,128.1,4637509
2019-08-05,126.2,126.4,121.15,124.7,5259236
2019-08-06,124.0,129.45,124.0,128.2,3899290
2019-08-07,128.2,130.15,124.6,125.6,3911797
2019-08-08,126.2,134.0,124.05,130.9,7070036
2019-08-09,134.7,135.9,130.1,132.4,8589075
2019-08-13,133.0,133.9,128.6,130.3,4226112
2019-08-14,130.9,132.45,127.35,130.65,4761139
2019-08-16,130.0,133.95,128.15,132.85,4087073
2019-08-19,132.8,136.95,132.3,135.5,4261741
2019-08-20,135.7,136.8,132.05,135.65,4515865
2019-08-21,134.0,135.3,130.25,131.9,3426518
2019-08-22,130.95,131.3,126.1,126.9,3358838
2019-08-23,123.4,132.2,122.9,131.3,4374006
2019-08-26,132.1,135.95,128.3,135.2,5507570
2019-08-27,134.75,138.2,133.9,137.15,4495705
2019-08-28,136.2,137.1,132.15,135.95,5312871
2019-08-29,138.0,138.0,130.35,132.35,6108447
2019-08-30,132.4,138.3,132.15,137.35,7806183
2019-09-03,135.6,136.9,133.0,135.25,3477541
2019-09-04,134.6,135.5,130.6,134.95,4313711
2019-09-05,135.0,138.65,133.35,135.75,6840367
2019-09-06,135.4,138.45,135.05,137.75,3744649
2019-09-09,137.8,141.75,136.35,140.9,4349296
2019-09-11,140.05,144.9,140.05,143.95,4245005
2019-09-12,144.85,146.3,142.05,143.05,3500479
2019-09-13,143.0,146.9,140.55,145.75,3561056
2019-09-16,144.0,147.2,143.15,145.95,3713796
2019-09-17,145.5,147.9,142.4,143.75,4167662
2019-09-18,144.0,146.0,142.1,144.15,3465608
2019-09-19,143.95,144.9,140.5,142.55,2662885
2019-09-20,143.0,152.1,141.3,149.1,7545363
2019-09-23,154.0,154.0,147.55,152.4,4136992
2019-09-24,151.25,153.0,145.4,148.05,4576924
2019-09-25,149.7,151.0,145.5,147.55,4572108
2019-09-26,148.45,155.4,146.65,152.7,7013490
2019-09-27,152.7,152.7,147.2,149.45,4016921
2019-09-30,149.1,149.75,143.75,145.85,3528313
2019-10-01,146.1,147.7,140.5,143.65,3732047
2019-10-03,143.0,145.0,141.4,143.55,2070232
2019-10-04,143.95,144.5,137.55,140.0,2382805
2019-10-07,138.45,140.0,135.25,135.8,2701943
2019-10-09,134.95,139.65,134.1,139.0,2682715
2019-10-10,138.0,139.1,135.3,137.4,2413888
2019-10-11,137.45,138.8,134.6,136.95,2780875
2019-10-14,137.9,152.4,137.0,147.1,10795909
2019-10-15,147.7,155.85,146.6,155.0,11048872
2019-10-16,155.0,160.9,155.0,160.15,9587304
2019-10-17,159.8,165.0,157.65,162.55,6523046
2019-10-18,174.9,175.8,165.1,175.1,14162661
2019-10-22,174.5,180.0,173.4,178.65,7909839
2019-10-23,178.75,178.75,172.4,176.45,4743985
2019-10-24,175.0,180.0,174.3,179.0,4753708
2019-10-25,179.5,183.7,177.2,181.3,7857185
2019-10-27,182.9,184.25,182.0,183.4,1003414
2019-10-29,182.8,197.0,182.35,195.55,9534790
2019-10-30,194.35,197.45,192.3,195.75,4791525
2019-10-31,196.7,201.3,196.0,199.65,6584768
2019-11-01,199.0,202.4,196.2,200.45,3522957
2019-11-04,200.95,203.9,198.25,200.9,3965499
2019-11-05,200.0,201.5,197.7,200.55,2326138
2019-11-06,199.0,209.7,198.6,207.55,6220311
2019-11-07,207.9,210.4,205.5,209.15,3959490
2019-11-08,208.7,212.0,206.2,208.05,4057743
2019-11-11,206.95,212.25,206.05,210.85,2907157
2019-11-13,209.0,210.75,194.3,198.2,9836594
2019-11-14,196.25,203.15,194.05,202.3,4141184
2019-11-15,202.0,205.0,200.8,203.6,3314555
2019-11-18,203.8,205.6,200.1,201.15,2041767
2019-11-19,202.0,202.6,196.25,199.7,2954848
2019-11-20,198.5,207.45,198.1,205.7,3488019
2019-11-21,206.9,209.0,201.95,205.5,4409698
2019-11-22,204.75,206.3,200.1,203.45,2545651
2019-11-25,201.9,216.25,201.6,215.2,6805228
2019-11-26,214.75,217.7,207.15,210.6,5247790
2019-11-27,209.9,215.2,208.5,213.55,4051404
2019-11-28,212.8,216.2,210.5,213.1,4234343
2019-11-29,212.4,221.5,211.7,214.9,7969827
2019-12-02,212.0,213.7,206.05,209.0,3169460
2019-12-03,208.0,209.95,203.55,207.85,2382612
2019-12-04,205.8,213.5,205.3,212.45,2917279
2019-12-05,213.0,213.7,207.35,208.4,2309030
2019-12-06,208.45,210.05,205.05,206.5,1958477
2019-12-09,205.9,209.7,202.4,207.45,2550809
2019-12-10,207.45,208.2,203.3,204.2,2139886
2019-12-11,203.1,207.8,202.65,206.15,2155584
2019-12-12,206.9,212.35,206.6,210.4,2958155
2019-12-13,210.5,213.25,208.5,212.2,2867800
2019-12-16,212.1,213.25,209.4,210.5,2184582
2019-12-17,210.5,213.2,210.0,211.2,1968218
2019-12-18,211.8,212.45,205.6,208.15,2542320
2019-12-19,207.65,211.0,206.75,210.55,2180662
2019-12-20,210.0,220.8,209.5,218.8,6997898
2019-12-23,217.75,220.8,212.4,214.55,3709426
2019-12-24,214.55,216.95,207.6,209.15,2984621
2019-12-26,208.95,211.1,205.6,208.95,3299177
2019-12-27,209.05,211.2,207.1,209.1,2240503
2019-12-30,209.9,211.6,208.0,208.65,1938731
