date,open,high,low,close,volume
2009-03-05,17.5,17.8,14.75,15.4,891583
2009-03-06,14.9,15.9,14.9,15.35,528219
2009-03-09,14.65,16.25,14.65,15.75,463909
2009-03-12,15.95,16.4,15.05,15.25,519229
2009-03-13,15.4,15.8,15.05,15.35,1597468
2009-03-16,15.65,16.5,15.5,16.05,987054
2009-03-17,16.25,16.6,16.05,16.45,2159929
2009-03-18,16.5,18.5,16.5,18.15,1097712
2009-03-19,18.3,19.8,17.15,18.25,6481391
2009-03-20,18.5,19.15,18.0,18.25,1713691
2009-03-23,18.85,18.85,17.5,17.85,744766
2009-03-24,18.4,18.4,17.35,17.75,841106
2009-03-25,17.5,17.9,17.0,17.25,395480
2009-03-26,17.5,17.7,17.25,17.55,334708
2009-03-27,17.8,18.15,17.45,17.85,501063
2009-03-30,17.0,17.8,17.0,17.1,232000
2009-03-31,17.1,18.6,17.0,18.25,683224
2009-04-01,18.3,18.8,17.8,18.35,725186
2009-04-02,19.5,19.9,18.55,19.65,1368972
2009-04-06,19.7,21.7,19.55,19.65,525336
2009-04-08,18.7,20.5,18.65,20.15,841900
2009-04-09,20.4,20.5,19.7,20.0,536856
2009-04-13,20.0,23.6,20.0,22.4,1722085
2009-04-15,22.5,23.8,22.3,23.05,2127034
2009-04-16,23.65,23.85,20.3,22.0,2027388
2009-04-17,22.15,23.5,21.5,22.1,694881
2009-04-20,21.1,22.9,20.5,22.1,420836
2009-04-21,20.7,22.35,18.25,22.0,320243
2009-04-22,22.05,22.9,21.5,21.95,250727
2009-04-23,22.1,22.7,20.95,21.55,1763072
2009-04-24,22.0,22.4,21.6,21.75,299291
2009-04-27,22.45,22.55,21.35,22.25,307471
2009-04-28,22.0,22.45,21.0,21.2,157059
2009-04-29,21.4,22.75,20.7,21.35,2161394
2009-05-04,21.85,23.7,21.85,23.4,1518520
2009-05-05,23.5,24.4,22.6,22.8,1264063
2009-05-06,23.5,24.5,22.8,23.45,1891691
2009-05-07,24.5,25.65,23.9,25.35,2678220
2009-05-08,25.9,27.5,24.9,26.6,2640638
2009-05-11,27.0,27.4,25.9,26.0,1107232
2009-05-12,25.1,26.75,25.1,26.25,963546
2009-05-13,27.9,27.9,26.0,26.25,1409207
2009-05-14,25.8,26.2,25.3,26.0,543078
2009-05-15,26.2,26.7,25.7,26.45,816149
2009-05-18,30.0,30.0,28.0,29.0,3700
2009-05-19,29.9,31.9,25.3,29.4,2733899
2009-05-20,30.4,30.4,28.75,29.3,1165582
2009-05-21,30.0,31.2,29.0,29.55,3099334
2009-05-22,30.0,30.25,29.1,29.55,1136944
2009-05-25,29.95,31.4,29.95,30.4,2456445
2009-05-26,31.0,31.5,28.4,29.15,1980730
2009-05-27,30.0,31.75,29.8,31.15,2485970
2009-05-28,33.0,33.45,31.5,32.0,3644676
2009-05-29,32.75,32.75,31.1,31.35,2406355
2009-06-01,32.0,32.3,30.9,31.1,1515981
2009-06-02,31.0,31.15,28.9,29.1,4063291
2009-06-03,29.95,30.6,29.2,29.5,2428789
2009-06-04,29.1,29.95,28.8,28.85,2919460
2009-06-05,29.4,30.4,29.2,29.55,5454229
2009-06-08,30.6,31.0,28.7,29.25,3606719
2009-06-09,28.6,30.2,28.3,29.7,3674482
2009-06-10,30.65,30.95,29.7,29.9,4247593
2009-06-11,30.4,33.4,28.25,32.4,10358784
2009-06-12,32.65,33.25,30.6,30.95,6016024
2009-06-15,30.95,32.15,30.5,31.8,3784721
2009-06-16,31.0,35.25,30.9,34.85,13682727
2009-06-17,35.75,37.4,31.0,31.7,24971314
2009-06-18,32.0,32.65,29.25,30.95,7448227
2009-06-19,31.2,32.2,30.5,31.25,3858813
2009-06-22,31.9,32.15,30.65,30.9,2746136
2009-06-23,30.0,30.75,29.25,30.35,2271956
2009-06-24,30.5,32.55,30.5,31.35,3598105
2009-06-25,31.5,32.35,31.4,31.6,2302378
2009-06-26,31.6,33.0,31.55,32.8,3268331
2009-06-29,32.1,32.85,31.5,32.1,1889482
2009-06-30,32.2,32.4,30.25,30.9,2501935
2009-07-01,31.0,32.45,30.55,32.15,2364769
2009-07-02,32.5,32.9,30.55,31.2,2448994
2009-07-03,31.6,32.2,30.3,31.1,1731163
2009-07-06,31.5,32.3,28.75,29.05,2110796
2009-07-07,29.0,30.75,28.6,30.55,1456101
2009-07-08,30.0,30.3,29.3,29.65,1928693
2009-07-09,28.0,31.5,28.0,31.1,2272162
2009-07-10,31.3,32.95,30.8,31.45,2992248
2009-07-13,31.0,31.1,29.85,30.65,1284407
2009-07-14,31.5,32.65,30.85,32.4,1656271
2009-07-15,32.75,33.95,31.8,33.2,3302922
2009-07-16,34.0,35.2,33.05,34.05,5696918
2009-07-17,35.15,36.75,34.65,35.9,5618252
2009-07-20,36.25,36.6,34.75,35.05,2522128
2009-07-21,35.35,37.35,34.6,36.9,6220233
2009-07-22,37.45,38.6,37.0,38.05,6202541
2009-07-23,38.2,39.5,36.8,37.45,9431249
2009-07-24,38.0,38.75,36.4,37.4,4440522
2009-07-27,37.75,39.75,37.5,38.95,5031638
2009-07-28,39.4,40.1,38.5,39.2,3526004
2009-07-29,39.0,39.8,36.8,38.45,2528474
2009-07-30,39.65,40.3,39.0,39.95,13399503
2009-07-31,39.8,41.2,39.75,40.15,5835063
2009-08-03,40.8,40.8,39.85,40.45,3853306
2009-08-04,40.5,43.5,40.1,42.55,7295802
2009-08-05,41.45,43.25,41.45,41.95,3160150
2009-08-06,42.1,43.95,41.7,41.95,5111204
2009-08-07,41.0,42.5,39.3,40.0,2489098
2009-08-10,41.5,41.7,37.75,38.6,2240621
2009-08-11,38.1,39.9,37.75,38.6,1732877
2009-08-12,38.0,39.3,37.0,38.95,1530139
2009-08-13,39.3,40.5,39.3,39.95,2750510
2009-08-14,40.1,42.4,39.75,41.65,2753110
2009-08-17,41.25,44.3,38.05,39.1,6471618
2009-08-18,39.0,41.1,38.85,39.95,2277106
2009-08-19,40.1,42.35,40.1,40.95,3787812
2009-08-20,41.5,41.8,39.25,39.6,1763348
2009-08-21,39.8,40.55,39.35,39.8,1872531
2009-08-24,40.25,41.2,40.0,40.85,1982887
2009-08-25,40.5,41.45,40.3,41.05,1423987
2009-08-26,41.9,42.35,41.35,41.7,1885376
2009-08-27,40.75,42.65,40.75,42.1,2413023
2009-08-28,42.2,44.0,42.2,43.45,4401677
2009-08-31,42.9,43.5,42.0,42.4,1656217
2009-09-01,42.6,43.2,41.05,41.6,1560361
2009-09-02,41.45,43.05,41.0,42.9,1567983
2009-09-03,43.0,43.4,42.15,42.7,1074990
2009-09-04,43.5,44.0,42.6,42.9,1118387
2009-09-07,43.45,43.45,42.1,42.95,3956039
2009-09-08,43.5,43.9,42.1,42.35,1741840
2009-09-09,42.65,43.5,42.3,42.9,2088954
2009-09-10,43.25,45.75,42.9,44.65,12212036
2009-09-11,45.1,46.3,44.8,45.05,7967904
2009-09-14,44.5,46.4,44.5,45.85,5818102
2009-09-15,46.2,48.85,46.05,48.2,8918556
2009-09-16,48.8,50.25,47.7,49.0,6525834
2009-09-17,49.3,49.65,46.75,47.3,4214725
2009-09-18,47.0,48.35,46.8,48.05,1470117
2009-09-22,48.45,48.45,46.8,47.05,1146652
2009-09-23,47.25,47.4,45.3,46.65,1863019
2009-09-24,45.5,48.0,42.4,47.6,1511395
2009-09-25,47.0,47.8,46.25,46.65,993288
2009-09-29,47.0,47.95,45.7,46.2,1446762
2009-09-30,46.7,46.7,44.5,44.9,1666202
2009-10-01,45.25,46.0,45.0,45.4,1287360
2009-10-05,45.55,45.55,43.2,43.8,983216
2009-10-06,44.0,44.85,42.8,43.95,850617
2009-10-07,44.8,46.6,43.8,45.8,2008365
2009-10-08,46.0,47.5,44.9,47.1,2017362
2009-10-09,47.5,48.3,46.8,47.1,1359422
2009-10-12,47.5,48.5,46.2,48.05,3442196
2009-10-14,49.3,49.3,47.3,48.25,4115456
2009-10-15,48.9,53.0,48.1,52.3,8481170
2009-10-16,52.45,52.9,50.25,51.1,2963250
2009-10-17,51.45,52.3,51.0,52.05,1014169
2009-10-20,52.55,56.7,52.5,54.65,16777068
2009-10-21,55.15,57.2,53.55,54.1,11827278
2009-10-22,54.0,54.3,51.85,52.2,3085436
2009-10-23,53.0,54.0,52.0,52.55,4271318
2009-10-26,53.05,54.15,52.05,53.55,3394286
2009-10-27,52.0,53.4,50.3,50.8,2134325
2009-10-28,50.1,51.4,47.0,48.0,6154702
2009-10-29,47.0,47.85,45.0,45.65,5323541
2009-10-30,46.9,49.4,46.9,48.05,3341605
2009-11-03,48.0,50.3,46.15,47.5,3192404
2009-11-04,48.75,49.9,46.85,48.0,3094334
2009-11-05,48.7,53.0,47.75,52.3,4487383
2009-11-06,53.0,54.8,52.8,54.3,3541373
2009-11-09,57.6,57.6,53.1,53.6,3621641
2009-11-10,54.3,54.75,50.6,52.15,2251307
2009-11-11,52.15,54.8,50.7,54.1,3292388
2009-11-12,54.0,54.3,52.5,52.85,2083575
2009-11-13,52.7,53.9,52.25,52.7,2635904
2009-11-16,53.4,55.35,52.9,53.95,4593350
2009-11-17,54.5,55.9,54.3,55.0,5251941
2009-11-18,54.5,55.5,54.15,54.7,3621695
2009-11-19,54.25,55.3,51.4,52.65,3241722
2009-11-20,52.4,53.3,50.9,52.05,1745374
2009-11-23,53.15,54.5,52.65,53.25,2197877
2009-11-24,53.5,53.5,52.7,53.05,1040790
2009-11-25,53.0,53.45,51.55,51.95,1952631
2009-11-26,52.35,52.45,49.5,49.85,1586267
2009-11-27,48.0,49.45,47.5,48.05,2264683
2009-11-30,48.9,49.8,47.1,47.65,4726729
2009-12-01,48.25,48.6,47.55,47.95,3081661
2009-12-02,48.4,49.8,48.0,48.55,6279745
2009-12-03,49.0,49.25,47.4,47.8,3548496
2009-12-04,47.75,48.35,46.75,46.95,3112145
2009-12-07,47.35,48.4,46.0,46.1,3776905
2009-12-08,46.5,48.0,46.1,47.25,5263904
2009-12-09,47.1,49.5,46.5,48.85,5922082
2009-12-10,46.55,50.5,45.15,49.8,4477685
2009-12-11,49.85,50.2,48.25,49.5,3015013
2009-12-14,49.5,50.0,48.2,49.6,2201667
2009-12-15,49.6,49.9,48.5,48.7,1371629
2009-12-16,48.75,48.75,47.4,48.25,1143108
2009-12-17,48.3,49.35,48.0,48.6,2717440
2009-12-18,48.85,48.85,47.55,47.75,1607923
2009-12-21,48.0,48.15,46.8,47.1,998091
2009-12-22,47.5,47.6,47.0,47.15,833382
2009-12-23,47.65,49.1,47.15,47.95,4634094
2009-12-24,48.0,48.5,47.45,47.65,2141691
2009-12-29,48.0,48.2,47.75,48.0,1182418
2009-12-30,48.0,48.95,47.7,48.65,1372731
2009-12-31,49.0,49.8,48.5,49.0,1714690
2010-01-04,49.05,51.9,48.75,51.4,5797115
2010-01-05,51.95,53.75,51.75,53.55,4891846
2010-01-06,53.55,53.9,51.45,52.35,3129980
2010-01-07,52.5,52.8,51.2,51.5,1721641
2010-01-08,51.8,52.8,51.65,52.05,1389998
2010-01-11,52.75,53.5,52.05,52.4,1128199
2010-01-12,52.7,53.0,51.6,51.9,2368573
2010-01-13,51.75,52.75,50.25,52.15,1574718
2010-01-14,52.2,54.95,52.2,54.65,6123054
2010-01-15,55.25,56.35,55.0,55.7,4721425
2010-01-18,55.95,57.25,55.0,57.0,2917043
2010-01-19,55.55,57.4,55.0,55.5,1396294
2010-01-20,56.0,56.0,54.0,54.35,1700205
2010-01-21,54.2,56.0,53.0,53.65,3067576
2010-01-22,53.65,55.5,50.4,53.85,3331744
2010-01-25,53.5,54.1,51.9,52.0,1664412
2010-01-27,51.8,52.35,50.65,51.5,1497250
2010-01-28,51.75,52.5,50.15,51.25,1161585
2010-01-29,51.3,53.8,49.75,53.05,2634925
2010-02-01,53.4,57.25,52.55,56.65,4342557
2010-02-02,57.0,58.1,55.1,56.45,4279863
2010-02-03,57.0,57.0,55.5,56.3,2636714
2010-02-04,56.0,56.45,55.05,55.2,1612500
2010-02-05,52.0,53.5,50.9,52.05,3058328
2010-02-06,53.0,53.25,52.5,52.95,185901
2010-02-08,53.1,53.1,51.0,51.25,1431180
2010-02-09,51.6,52.45,51.4,52.05,1110319
2010-02-10,52.85,59.2,52.35,57.4,5990512
2010-02-11,57.8,58.0,55.1,55.75,3297232
2010-02-15,56.0,57.25,54.35,54.8,1429375
2010-02-16,55.15,57.1,54.9,56.25,1650101
2010-02-17,58.0,59.95,57.6,58.75,6841750
2010-02-18,59.2,59.65,57.75,59.15,3521803
2010-02-19,59.0,59.0,57.2,58.3,2805800
2010-02-22,58.5,59.6,57.45,57.75,3137105
2010-02-23,57.95,57.95,55.5,56.0,1649848
2010-02-24,55.5,55.6,54.5,54.95,1900366
2010-02-25,55.6,57.2,55.05,56.35,1857553
2010-02-26,56.9,58.9,55.85,58.15,2053040
2010-03-02,59.15,61.85,57.85,61.05,5426247
2010-03-03,62.3,62.8,60.85,61.4,4234959
2010-03-04,61.6,66.75,61.0,65.25,10601712
2010-03-05,65.95,65.95,63.55,63.85,5669073
2010-03-08,64.7,66.7,63.85,66.05,7255074
2010-03-09,66.25,66.7,63.25,64.05,5124260
2010-03-10,64.0,64.9,62.8,63.75,2360017
2010-03-11,63.8,64.75,63.2,63.95,3104294
2010-03-12,64.55,64.6,61.2,63.2,7916823
2010-03-15,64.5,67.5,63.15,64.3,3220847
2010-03-16,64.75,70.5,64.5,70.05,22581642
2010-03-17,70.4,71.3,69.05,70.55,10554550
2010-03-18,70.7,75.35,69.5,74.45,13389729
2010-03-19,74.8,79.8,73.15,78.0,15951613
2010-03-22,77.0,78.5,72.8,73.25,8891437
2010-03-23,74.5,75.2,72.55,73.05,10119426
2010-03-25,73.05,73.5,70.85,72.65,5819605
2010-03-26,73.3,74.9,73.0,73.65,4848244
2010-03-29,75.0,75.0,70.45,70.85,2427084
2010-03-30,71.0,72.6,70.25,70.85,4058783
2010-03-31,71.5,71.8,70.3,70.9,4379952
2010-04-01,71.4,73.25,71.2,72.25,5267673
2010-04-05,73.0,74.3,72.4,73.85,4584021
2010-04-06,74.9,75.0,72.7,73.05,5747834
2010-04-07,73.85,82.6,73.4,81.3,25776616
2010-04-08,80.9,81.75,76.8,77.65,9795007
2010-04-09,77.9,79.25,75.7,78.05,6073408
2010-04-12,78.6,79.0,76.5,76.9,2450746
2010-04-13,77.0,80.25,76.5,77.75,10100354
2010-04-15,78.6,79.45,74.5,75.15,5734764
2010-04-16,75.2,75.5,72.9,73.25,5167117
2010-04-19,71.9,74.95,71.0,74.2,4526931
2010-04-20,73.0,76.0,73.0,74.55,4398170
2010-04-21,75.9,78.25,74.6,75.95,5189202
2010-04-22,76.0,76.4,74.4,74.8,3248548
2010-04-23,61.5,75.5,61.5,73.4,2259801
2010-04-26,73.6,75.5,73.45,74.2,2117600
2010-04-27,74.7,74.7,72.55,72.9,2218795
2010-04-28,71.0,72.6,70.6,71.15,2200029
2010-04-29,71.9,73.15,71.05,71.5,2716614
2010-04-30,73.0,73.0,69.1,69.6,4847470
2010-05-03,69.5,69.5,67.65,68.15,2585032
2010-05-04,69.5,69.5,65.5,66.15,3089719
2010-05-05,64.5,69.7,63.15,69.5,6670943
2010-05-06,69.0,69.5,66.5,67.85,3422530
2010-05-07,67.0,67.0,64.0,65.35,2301494
2010-05-10,66.0,69.75,66.0,68.85,4672251
2010-05-11,69.7,69.7,66.6,67.8,2910122
2010-05-12,67.8,71.1,67.8,69.65,5633538
2010-05-13,70.05,71.75,69.65,70.8,5045546
2010-05-14,71.4,71.55,68.1,68.6,3815321
2010-05-17,68.7,70.2,65.0,69.75,2489676
2010-05-18,69.05,70.95,68.5,69.2,2430717
2010-05-19,69.05,69.05,65.0,65.55,2169791
2010-05-20,63.5,66.95,62.65,63.9,2117296
2010-05-21,63.0,63.9,61.3,63.35,2060949
2010-05-24,64.85,65.2,62.8,63.2,1723574
2010-05-25,62.5,64.45,62.0,63.75,1925189
2010-05-26,65.0,66.7,64.5,65.5,3210679
2010-05-27,66.25,67.3,64.6,65.85,4620985
2010-05-28,66.45,71.4,66.0,70.5,7052527
2010-05-31,70.9,72.75,69.8,71.4,3995091
2010-06-01,71.5,71.9,69.1,69.55,3056852
2010-06-02,69.6,70.2,67.4,69.4,4450492
2010-06-03,70.0,72.1,70.0,71.6,2672586
2010-06-04,72.0,72.45,69.4,69.55,4854336
2010-06-07,68.6,71.0,65.5,70.05,2740152
2010-06-08,70.0,71.0,67.8,68.3,3512877
2010-06-09,68.7,69.3,67.85,68.25,2418492
2010-06-10,68.0,68.9,67.45,68.05,2382475
2010-06-11,69.0,69.45,67.35,68.15,3999469
2010-06-14,68.2,68.45,66.7,67.1,2512457
2010-06-15,67.5,67.8,64.6,65.45,6889272
2010-06-16,66.0,66.7,64.5,64.8,3384338
2010-06-17,65.0,65.6,64.25,64.5,3374938
2010-06-18,65.0,65.85,64.25,64.4,3771442
2010-06-21,65.0,67.95,64.5,67.6,8192667
2010-06-22,68.0,68.8,67.1,67.3,6078022
2010-06-23,66.3,68.5,66.3,68.05,3868336
2010-06-24,67.9,69.65,67.9,68.4,5331286
2010-06-25,68.25,69.1,66.85,67.2,2611570
2010-06-28,67.5,67.65,65.75,66.55,3331870
2010-06-29,66.6,67.45,65.55,65.95,1841462
2010-06-30,64.5,65.9,64.4,64.9,4647161
2010-07-01,64.3,65.7,63.85,64.1,4185580
2010-07-02,64.7,65.35,64.2,64.4,2298189
2010-07-05,64.9,65.4,64.45,64.85,1981479
2010-07-06,64.9,65.7,64.65,65.35,1162247
2010-07-07,65.4,68.25,65.2,67.6,5712256
2010-07-08,67.9,69.8,67.85,69.05,5339020
2010-07-09,69.3,69.55,68.2,68.65,3030106
2010-07-12,68.75,69.4,67.0,67.45,1953476
2010-07-13,67.5,68.85,67.15,67.35,1513077
2010-07-14,67.5,67.9,66.9,67.25,2296306
2010-07-15,67.45,67.6,64.5,64.85,3609191
2010-07-16,64.5,65.35,64.2,64.6,2339356
2010-07-19,65.2,65.2,62.8,63.45,3241691
2010-07-20,64.0,65.15,63.0,63.75,1874661
2010-07-21,64.5,64.5,63.35,63.6,1959702
2010-07-22,63.4,64.5,63.25,64.0,1421833
2010-07-23,64.5,64.85,63.4,63.6,1359919
2010-07-26,64.4,64.4,61.45,61.9,1942615
2010-07-27,62.1,62.3,60.5,60.8,2521719
2010-07-28,61.0,62.4,59.55,59.8,3051342
2010-07-29,60.4,63.4,59.1,63.0,10051038
2010-07-30,62.9,65.2,62.0,63.9,4782979
2010-08-02,64.8,66.2,64.2,65.9,4042604
2010-08-03,66.0,66.9,65.1,65.95,2717361
2010-08-04,66.7,67.0,66.0,66.75,3277957
2010-08-05,66.75,67.15,65.55,65.95,3216914
2010-08-06,65.25,66.45,63.85,64.2,3133703
2010-08-09,64.05,65.6,63.2,65.2,2295861
2010-08-10,65.5,65.65,64.2,64.9,2799558
2010-08-11,64.95,65.4,63.9,64.35,2042524
2010-08-12,64.0,64.35,61.2,63.95,1982165
2010-08-13,63.5,65.2,63.5,64.15,3220190
2010-08-16,64.5,64.7,62.4,63.05,2021273
2010-08-17,63.85,65.9,63.05,65.5,2377711
2010-08-18,67.0,69.4,65.9,69.1,8873238
2010-08-19,69.4,69.9,67.55,68.2,3310766
2010-08-20,68.0,72.5,67.5,71.85,9605747
2010-08-23,73.0,78.4,72.0,76.35,15983929
2010-08-24,76.25,78.8,75.0,75.4,9123881
2010-08-25,75.0,75.4,72.5,73.75,4226222
2010-08-26,73.1,75.65,72.5,74.0,5233067
2010-08-27,74.0,74.75,71.35,71.8,3485924
2010-08-30,73.0,75.2,72.05,72.75,2548641
2010-08-31,72.5,72.9,70.3,71.55,2553399
2010-09-01,73.05,74.3,72.0,73.75,3223224
2010-09-02,74.8,83.8,74.65,82.35,33870188
2010-09-03,83.0,84.25,81.0,81.75,15494360
2010-09-06,82.45,88.8,82.45,87.3,24367196
2010-09-07,89.0,89.0,84.15,86.55,21468378
2010-09-08,86.0,87.9,84.85,86.0,6805084
2010-09-09,86.75,87.6,84.6,85.0,5241023
2010-09-13,86.0,87.2,83.85,84.3,8305910
2010-09-14,85.0,87.0,82.1,82.65,8570769
2010-09-15,82.75,85.25,82.2,84.75,6366266
2010-09-16,84.35,86.8,83.25,85.25,7581426
2010-09-17,86.0,87.7,85.7,86.1,4903336
2010-09-20,87.0,87.0,83.6,84.85,4473896
2010-09-21,85.0,85.85,83.6,83.85,4541309
2010-09-22,84.2,84.4,80.75,81.4,4602930
2010-09-23,82.0,82.0,80.0,80.6,2837560
2010-09-24,80.95,84.0,80.55,83.55,4158450
2010-09-27,84.45,84.65,81.8,82.2,2692435
2010-09-28,82.2,83.6,81.6,82.25,1718721
2010-09-29,82.7,83.0,80.6,80.9,1964981
2010-09-30,81.65,82.45,80.7,81.1,3824831
2010-10-01,81.3,84.7,81.3,84.3,4586665
2010-10-04,84.75,85.15,82.05,82.35,3306808
2010-10-05,82.4,83.95,81.5,83.25,1864454
2010-10-06,85.1,85.1,81.95,82.2,2888195
2010-10-07,81.95,85.1,81.5,82.45,5001895
2010-10-08,82.75,83.25,81.1,81.7,1540517
2010-10-11,83.0,83.0,81.0,81.4,1948910
2010-10-12,81.3,84.2,80.85,83.2,7658286
2010-10-13,83.6,85.8,83.5,84.25,6969455
2010-10-14,84.75,85.6,83.15,84.25,4135375
2010-10-15,85.8,85.8,80.8,81.4,2482257
2010-10-18,81.6,82.85,77.55,79.05,4300462
2010-10-19,80.05,81.0,78.5,79.0,2966058
2010-10-20,78.45,79.85,77.9,78.6,1666829
2010-10-21,78.6,79.3,77.4,77.7,2926756
2010-10-22,77.5,78.75,75.85,76.25,3185947
2010-10-25,76.95,77.9,76.5,76.75,1874212
2010-10-26,77.0,77.45,75.2,75.4,2433669
2010-10-27,75.75,77.8,75.5,76.95,5977391
2010-10-28,77.1,77.65,73.05,73.75,6548982
2010-10-29,74.0,74.45,70.45,71.55,4053677
2010-11-01,72.45,73.25,71.5,71.95,3682686
2010-11-02,72.05,72.05,69.8,70.8,8893702
2010-11-03,71.5,74.6,71.15,73.05,6586009
2010-11-04,73.0,74.4,73.0,73.45,2035494
2010-11-05,75.1,75.1,73.65,73.9,569357
2010-11-08,74.2,74.25,71.55,72.0,5556207
2010-11-09,72.4,73.6,72.0,72.95,2626618
2010-11-10,73.7,76.5,72.9,75.2,7245787
2010-11-11,76.0,76.3,69.7,70.35,10788281
2010-11-12,69.8,70.0,64.8,65.4,16390895
2010-11-15,65.4,67.0,64.85,66.4,5499614
2010-11-16,67.0,68.4,64.95,65.6,8272939
2010-11-18,65.95,66.9,62.5,64.8,4015647
2010-11-19,65.25,65.25,62.0,62.2,2638447
2010-11-22,62.55,63.2,60.3,62.0,5474304
2010-11-23,62.0,63.6,60.6,62.3,7630543
2010-11-24,62.05,65.8,62.05,65.2,9491044
2010-11-25,65.5,67.45,65.1,66.9,9285634
2010-11-26,67.5,68.5,61.2,63.35,4210783
2010-11-29,64.0,64.85,62.2,64.25,3113901
2010-11-30,64.0,66.3,63.0,66.1,2881676
2010-12-01,66.3,67.9,66.3,67.5,2789629
2010-12-02,68.0,72.0,67.6,71.65,10411400
2010-12-03,72.2,72.4,69.05,69.75,3992367
2010-12-06,70.0,71.55,67.1,67.85,3996522
2010-12-07,68.0,68.5,65.5,66.3,3660240
2010-12-08,65.5,67.4,64.1,65.1,3820302
2010-12-09,65.1,65.5,63.2,64.2,3394384
2010-12-10,64.0,65.8,62.5,64.05,2200555
2010-12-13,64.3,65.5,63.25,64.2,1835929
2010-12-14,65.0,65.45,63.55,63.9,2830853
2010-12-15,64.5,65.8,63.6,65.35,4394889
2010-12-16,65.45,67.55,65.45,67.25,3505675
2010-12-20,66.9,67.45,65.0,67.05,2751923
2010-12-21,65.15,67.8,65.15,66.45,1420441
2010-12-22,66.5,66.75,65.15,65.25,1084041
2010-12-23,65.5,65.75,63.6,63.85,2851725
2010-12-24,65.1,67.1,64.2,65.9,5602921
2010-12-27,66.3,66.85,64.5,64.65,1744346
2010-12-28,65.5,65.5,64.15,65.0,1849152
2010-12-29,65.0,65.5,64.4,65.15,1396690
2010-12-30,65.05,66.1,64.4,65.85,1486243
2011-01-03,67.5,69.4,67.5,68.55,3418316
2011-01-04,69.35,71.2,67.8,70.5,5031415
2011-01-05,70.0,70.5,67.05,67.2,5457789
2011-01-06,67.4,67.75,64.6,65.85,5803423
2011-01-07,65.9,67.1,64.0,64.3,4012507
2011-01-10,64.35,64.35,60.55,60.9,2861261
2011-01-11,60.9,62.95,60.15,62.0,2982983
2011-01-12,62.8,63.4,60.85,62.35,5484923
2011-01-13,61.0,63.35,61.0,61.35,2239146
2011-01-14,61.8,61.8,58.65,59.1,2599199
2011-01-17,59.5,59.65,56.05,56.35,2296104
2011-01-18,56.95,57.1,55.2,55.85,3685681
2011-01-19,56.5,56.95,55.25,56.05,3082793
2011-01-20,54.0,56.75,54.0,56.35,4189265
2011-01-21,56.3,57.5,56.2,56.7,2471253
2011-01-24,56.8,57.95,56.8,57.2,1731957
2011-01-25,57.5,57.6,55.7,56.05,1267751
2011-01-27,56.5,56.7,53.35,53.75,2239080
2011-01-28,53.65,53.75,50.3,51.15,5313702
2011-01-31,50.45,51.7,48.2,51.2,4897958
2011-02-01,51.0,54.65,51.0,53.55,5313036
2011-02-02,53.3,54.45,52.35,53.7,3525100
2011-02-03,53.7,54.35,53.15,53.55,2179387
2011-02-04,53.95,55.2,52.4,52.9,2326785
2011-02-07,52.9,53.4,51.95,52.35,1633232
2011-02-08,52.55,53.0,51.05,51.3,1300886
2011-02-09,51.05,51.2,45.55,46.35,2919954
2011-02-10,46.1,48.8,44.0,47.75,3306911
2011-02-11,48.0,52.7,47.05,50.95,6055137
2011-02-14,51.6,56.1,51.05,55.5,5941222
2011-02-15,55.9,56.7,54.7,56.1,3651371
2011-02-16,56.0,57.65,55.55,57.2,2368324
2011-02-17,57.1,59.85,56.6,58.3,4481048
2011-02-18,58.3,59.3,55.8,56.4,3649010
2011-02-21,56.05,59.2,55.0,58.65,2724864
2011-02-22,58.6,58.85,56.4,58.0,2980529
2011-02-23,58.0,58.45,56.5,57.05,2399506
2011-02-24,56.3,57.6,52.4,53.3,6916808
2011-02-25,53.5,54.4,52.45,54.0,3502999
2011-02-28,54.0,54.8,51.1,52.45,5748048
2011-03-01,53.0,56.95,52.5,55.9,7214715
2011-03-03,55.7,58.3,54.75,57.85,6358787
2011-03-04,58.3,60.0,57.85,59.25,6676704
2011-03-07,54.05,59.85,54.05,59.4,5465151
2011-03-08,59.25,62.2,58.9,61.9,6715195
2011-03-09,62.65,64.75,61.8,64.45,5779388
2011-03-10,64.45,66.25,63.7,65.9,4970702
2011-03-11,65.5,66.95,64.8,66.4,5264094
2011-03-14,66.05,68.4,65.35,67.8,4185612
2011-03-15,66.0,70.8,65.05,69.0,11106079
2011-03-16,69.5,71.2,66.25,68.15,7689546
2011-03-17,68.0,68.5,66.15,67.05,4913424
2011-03-18,67.1,67.8,64.25,65.05,5789178
2011-03-21,65.45,65.9,62.9,63.45,7165598
2011-03-22,63.75,66.65,63.3,66.15,7123459
2011-03-23,66.0,68.9,65.45,68.2,7146819
2011-03-24,68.9,70.0,67.6,69.55,5921103
2011-03-25,69.9,70.1,68.3,68.65,1661758
2011-03-28,69.0,69.55,68.05,69.4,1785970
2011-03-29,69.1,69.1,68.0,68.4,1602091
2011-03-30,68.4,69.95,66.85,67.45,1550899
2011-03-31,68.6,70.15,67.1,69.55,5057876
2011-04-01,69.9,69.9,68.4,69.05,1223373
2011-04-04,69.0,70.8,69.0,69.85,2942108
2011-04-05,70.0,70.5,68.45,69.0,2055854
2011-04-06,68.0,69.6,67.35,68.0,1770628
2011-04-07,68.1,69.4,67.1,68.0,2417443
2011-04-08,68.5,68.8,66.1,66.55,2055922
2011-04-11,65.6,66.3,65.0,65.25,1040504
2011-04-13,65.0,67.9,64.9,67.5,1478051
2011-04-15,67.25,68.65,66.8,67.55,1277714
2011-04-18,68.0,69.8,66.05,66.35,2911523
2011-04-19,66.0,67.55,66.0,66.75,1251261
2011-04-20,67.05,70.1,67.05,69.7,2765662
2011-04-21,70.0,73.5,69.25,73.1,9966299
2011-04-25,73.4,74.3,72.2,72.45,3978809
2011-04-26,72.85,73.45,71.55,73.15,2449030
2011-04-27,73.6,73.8,70.9,71.45,2095513
2011-04-28,72.5,72.5,70.3,70.65,1796962
2011-04-29,71.5,71.5,68.75,69.4,2137333
2011-05-02,69.4,70.3,67.85,68.55,1291814
2011-05-03,68.5,68.5,65.5,66.05,1440319
2011-05-04,66.1,67.9,64.15,67.4,2155514
2011-05-05,67.95,70.2,67.4,69.15,4127947
2011-05-06,69.4,71.0,69.35,70.55,3183123
2011-05-09,70.8,71.6,70.05,70.55,2939979
2011-05-10,70.25,72.4,69.1,71.85,2380655
2011-05-11,70.9,74.85,69.85,70.55,18157968
2011-05-12,70.4,71.25,69.0,69.6,4636975
2011-05-13,69.5,70.8,68.8,69.7,2302892
2011-05-16,69.15,69.65,68.5,69.05,880842
2011-05-17,68.75,69.4,65.5,66.45,2126993
2011-05-18,66.1,67.9,65.1,66.8,5783635
2011-05-19,66.15,67.55,65.8,66.1,1646015
2011-05-20,66.25,67.05,65.45,65.85,2043335
2011-05-23,65.8,66.0,62.25,62.65,2378107
2011-05-24,62.65,64.3,61.1,63.85,3446090
2011-05-25,63.55,65.3,62.25,64.95,4434959
2011-05-26,65.0,67.65,63.7,67.1,3686968
2011-05-27,67.2,71.95,66.15,70.7,5236828
2011-05-30,70.75,71.0,68.5,69.0,1281724
2011-05-31,69.5,69.9,68.35,68.9,655827
2011-06-01,68.9,71.2,68.15,70.95,2208823
2011-06-02,70.0,71.8,68.4,70.85,2447964
2011-06-03,71.0,71.9,69.55,69.85,1318198
2011-06-06,69.5,70.75,68.95,70.05,962177
2011-06-07,70.0,72.4,69.65,71.95,1797664
2011-06-08,71.9,72.85,71.2,71.85,2723243
2011-06-09,71.9,72.35,70.9,71.55,1851831
2011-06-10,71.9,72.9,71.35,72.05,2477609
2011-06-13,71.05,72.9,71.05,72.55,1333143
2011-06-14,72.5,72.9,71.05,71.4,2441685
2011-06-15,71.5,73.6,71.05,73.3,2619157
2011-06-16,73.3,77.25,72.55,76.2,5722902
2011-06-17,76.0,76.45,74.3,75.35,2174114
2011-06-20,75.8,75.8,71.0,73.15,1820960
2011-06-21,72.55,76.0,72.55,75.05,1830065
2011-06-22,75.0,76.15,71.6,72.05,2617347
2011-06-23,71.45,73.9,70.7,73.25,1936141
2011-06-24,72.4,75.25,72.05,74.95,1771650
2011-06-27,73.55,77.3,73.55,76.25,2895342
2011-06-28,76.9,79.1,76.7,78.6,5958491
2011-06-29,78.95,79.65,77.2,77.65,2344733
2011-06-30,77.0,79.4,76.1,78.25,5874182
2011-07-01,78.85,80.4,77.6,79.6,2803095
2011-07-04,79.65,80.35,78.1,79.0,1359693
2011-07-05,78.95,81.0,78.3,80.25,3349413
2011-07-06,80.25,80.4,78.2,78.65,1700211
2011-07-07,78.6,79.8,77.7,79.6,1650496
2011-07-08,79.6,80.4,78.65,79.15,1340377
2011-07-11,78.9,79.8,78.1,79.15,991449
2011-07-12,78.6,79.4,77.25,77.7,1752554
2011-07-13,77.45,80.75,77.45,80.1,1496820
2011-07-14,80.0,80.9,79.25,79.75,1677720
2011-07-15,78.6,81.5,78.6,80.85,3284284
2011-07-18,80.75,82.4,80.55,81.1,2967592
2011-07-19,81.3,81.55,80.3,80.75,2015475
2011-07-20,81.25,81.35,78.35,78.6,2095024
2011-07-21,79.0,79.35,73.7,74.6,3799237
2011-07-22,75.0,76.15,74.3,74.85,2595564
2011-07-25,75.0,77.0,74.85,76.1,2019008
2011-07-26,76.1,76.2,73.5,74.15,1954291
2011-07-27,74.15,74.5,72.6,73.95,4033096
2011-07-28,73.5,76.25,72.5,75.4,6638940
2011-07-29,75.45,76.15,72.8,73.2,2737285
2011-08-01,73.65,74.3,72.25,72.8,3300541
2011-08-02,72.45,74.2,72.1,73.55,1775664
2011-08-03,71.25,73.8,69.2,72.75,1836585
2011-08-04,72.75,74.5,71.65,71.95,2004564
2011-08-05,70.5,70.5,66.8,69.9,1523165
2011-08-08,66.75,68.9,66.2,66.75,1320504
2011-08-09,61.65,70.0,61.65,69.5,3268224
2011-08-10,70.0,71.4,69.55,70.9,3606579
2011-08-11,71.2,71.3,66.3,67.2,5779989
2011-08-12,67.5,67.8,60.8,62.05,7973147
2011-08-16,62.5,63.3,55.6,56.3,6958801
2011-08-17,56.5,59.35,54.4,58.65,6019561
2011-08-18,59.0,60.35,56.0,56.75,4800227
2011-08-19,53.5,55.95,50.8,52.9,8522854
2011-08-22,55.0,55.6,51.65,54.65,6746004
2011-08-23,54.75,58.25,53.4,57.65,5597594
2011-08-24,57.85,58.9,56.15,56.75,3420634
2011-08-25,57.35,58.0,55.2,55.65,2719363
2011-08-26,55.3,56.45,52.4,53.95,3396314
2011-08-29,54.2,56.95,53.9,56.3,3396307
2011-08-30,56.5,59.9,55.25,59.15,6450955
2011-09-02,59.4,60.6,58.05,59.8,2661337
2011-09-05,58.75,61.95,58.15,61.4,3092307
2011-09-06,61.0,63.5,59.85,63.0,2758219
2011-09-07,63.35,63.7,62.25,62.95,1464811
2011-09-08,63.0,63.45,61.5,62.25,1447143
2011-09-09,62.75,63.3,59.95,60.15,1571938
2011-09-12,59.2,59.4,57.5,57.9,1288991
2011-09-13,58.2,60.0,58.0,58.35,885465
2011-09-14,58.6,60.4,58.15,59.2,1949454
2011-09-15,61.5,62.95,59.5,60.0,1706325
2011-09-16,60.5,60.85,58.5,58.8,1041860
2011-09-19,58.5,60.65,58.25,60.15,1157430
2011-09-20,59.05,60.5,58.75,59.55,1277605
2011-09-21,59.6,61.25,58.95,60.35,1840823
2011-09-22,59.5,60.0,57.85,58.65,2152168
2011-09-23,57.85,58.9,55.9,58.05,1553880
2011-09-26,57.8,58.35,55.5,56.35,837611
2011-09-27,60.0,60.0,56.2,57.15,2259313
2011-09-28,57.55,58.45,55.3,55.65,1274185
2011-09-29,55.2,56.65,54.2,56.05,2020578
2011-09-30,55.5,56.7,55.05,55.25,985399
2011-10-03,54.2,55.0,51.9,53.25,3591832
2011-10-04,53.0,54.25,51.7,51.9,1291608
2011-10-05,52.25,53.65,52.1,52.85,1255046
2011-10-07,54.1,55.4,53.8,54.6,1131667
2011-10-10,54.75,56.65,54.05,56.45,1412200
2011-10-11,57.8,57.8,56.1,57.1,1625527
2011-10-12,56.9,58.9,56.9,58.45,1295735
2011-10-13,58.6,59.5,57.0,57.3,1248635
2011-10-14,56.9,57.75,56.1,56.6,1322859
2011-10-17,57.2,57.2,55.5,55.75,1055626
2011-10-18,54.95,55.3,53.8,54.4,1556313
2011-10-19,54.85,55.4,54.1,54.5,1083348
2011-10-20,54.1,54.2,52.0,53.2,3858669
2011-10-21,53.25,55.7,53.15,53.9,3447869
2011-10-24,54.6,55.3,53.6,54.2,1030400
2011-10-25,54.5,56.3,53.65,56.05,1781475
2011-10-26,56.9,57.0,55.45,55.7,277463
2011-10-28,56.5,58.25,56.0,57.05,2723615
2011-10-31,57.25,58.3,56.4,57.6,1386955
2011-11-01,57.5,57.5,56.2,56.5,760588
2011-11-02,55.9,57.05,55.1,55.4,1237552
2011-11-03,55.35,56.0,54.7,55.4,889128
2011-11-04,55.9,57.0,55.9,56.85,713804
2011-11-08,57.0,60.35,56.1,59.85,3117251
2011-11-09,61.2,62.2,59.0,59.35,7305156
2011-11-11,59.85,62.4,58.9,61.25,4113374
2011-11-14,61.4,62.3,60.5,61.6,2798201
2011-11-15,61.6,62.9,60.2,61.0,2808487
2011-11-16,60.95,61.7,58.8,60.25,1148527
2011-11-17,60.25,60.85,58.65,59.65,1477768
2011-11-18,59.3,61.75,57.35,60.3,1210045
2011-11-21,60.5,61.8,59.0,60.0,1091973
2011-11-22,61.0,63.5,59.8,61.4,1776848
2011-11-23,60.9,62.65,60.25,60.9,1705165
2011-11-24,60.55,66.0,60.1,64.6,2925198
2011-11-25,64.6,65.6,62.5,63.25,1697635
2011-11-28,64.6,66.05,63.6,64.65,3023524
2011-11-29,65.4,66.5,63.8,64.95,2121372
2011-11-30,64.95,66.5,63.65,66.05,1442517
2011-12-01,67.1,68.8,64.85,65.75,2044688
2011-12-02,66.2,66.7,64.55,66.3,1912622
2011-12-05,65.6,67.75,65.4,65.8,1848112
2011-12-07,66.8,67.45,65.5,66.45,1819970
2011-12-08,66.4,66.95,64.6,65.15,1674993
2011-12-09,63.8,65.8,63.1,65.4,1065115
2011-12-12,66.0,66.4,59.6,60.9,1549749
2011-12-13,59.55,61.0,58.15,60.25,2663374
2011-12-14,59.8,62.5,59.65,61.15,2097216
2011-12-15,61.15,63.85,59.45,63.45,1370054
2011-12-16,63.15,64.4,59.5,60.85,2592166
2011-12-19,60.25,62.6,58.95,61.45,1983841
2011-12-20,61.45,62.7,56.8,57.2,5427978
2011-12-21,58.7,59.25,54.5,55.5,5399002
2011-12-22,57.0,59.95,54.25,59.2,5329829
2011-12-23,59.9,61.0,58.1,60.45,2261641
2011-12-26,59.65,61.35,59.45,60.25,1569202
2011-12-27,60.4,61.0,59.15,60.75,1387559
2011-12-28,60.7,62.45,59.55,60.2,1103340
2011-12-29,59.8,60.55,59.15,59.75,1673075
2011-12-30,60.05,60.7,58.7,59.1,784626
2012-01-02,59.2,60.35,57.25,57.95,1181962
2012-01-03,58.7,62.2,58.65,61.75,2283676
2012-01-04,61.8,63.8,60.7,62.25,1820071
2012-01-05,61.9,63.7,61.6,63.15,1663313
2012-01-06,63.4,64.5,62.0,62.45,1682944
2012-01-07,62.8,63.0,62.3,62.65,47763
2012-01-09,63.0,64.3,61.7,63.7,1065170
2012-01-10,64.25,67.5,64.25,67.1,2104978
2012-01-11,67.55,67.75,65.45,66.65,2682030
2012-01-12,66.3,68.25,66.0,67.8,1290696
2012-01-13,67.5,69.15,67.15,67.65,1346031
2012-01-16,68.0,68.0,65.0,66.65,954785
2012-01-17,67.0,67.85,65.0,65.85,2506646
2012-01-18,66.0,66.0,63.15,64.45,1761104
2012-01-19,65.2,65.7,63.6,64.75,2026950
2012-01-20,65.45,66.2,63.95,64.5,1412596
2012-01-23,64.5,65.65,63.8,64.65,1044853
2012-01-24,65.45,67.5,64.6,67.05,3503392
2012-01-25,68.0,68.85,67.3,68.5,1684841
2012-01-27,68.95,70.75,68.4,68.95,2425323
2012-01-30,68.5,69.75,66.6,68.25,2760960
2012-01-31,68.8,72.9,67.85,72.45,2564782
2012-02-01,72.5,73.65,71.0,73.05,2682337
2012-02-02,73.25,73.7,69.85,70.95,1594022
2012-02-03,71.1,71.5,68.8,70.35,1101945
2012-02-06,71.1,73.9,70.6,72.75,4349254
2012-02-07,73.0,74.4,70.75,71.5,2683528
2012-02-08,71.5,73.0,71.05,72.4,1680014
2012-02-09,72.2,75.9,72.05,75.5,7615969
2012-02-10,75.2,77.25,73.85,75.75,5089780
2012-02-13,75.8,78.8,74.4,78.15,4350787
2012-02-14,78.4,78.9,76.1,77.9,2063773
2012-02-15,78.2,83.7,78.1,82.8,4455196
2012-02-16,82.9,83.45,78.95,79.55,2995865
2012-02-17,80.0,84.4,80.0,83.7,3449241
2012-02-21,82.5,84.1,81.1,82.4,3044796
2012-02-22,82.25,82.8,78.0,78.6,1669964
2012-02-23,78.2,78.9,74.75,76.0,2941606
2012-02-24,76.8,77.5,75.0,75.75,1916848
2012-02-27,76.25,76.25,74.6,75.55,1486790
2012-02-28,76.9,83.35,75.5,82.85,3281737
2012-02-29,84.3,86.45,82.05,85.4,4128424
2012-03-01,83.3,86.7,81.05,81.9,2901163
2012-03-02,85.4,85.4,79.3,79.55,2396127
2012-03-03,79.55,80.35,79.1,79.6,71864
2012-03-05,79.1,79.2,76.2,77.5,994753
2012-03-06,76.1,80.6,75.75,76.65,3252333
2012-03-07,76.55,80.35,75.8,79.8,1846856
2012-03-09,79.8,82.4,79.45,81.4,2747268
2012-03-12,82.5,84.15,80.25,83.8,2839275
2012-03-13,85.0,85.0,82.1,82.8,915574
2012-03-14,83.1,84.2,80.55,82.05,1440005
2012-03-15,81.4,81.75,79.2,79.8,1579256
2012-03-16,80.0,83.45,79.5,81.3,2209037
2012-03-19,81.75,82.45,79.3,80.15,1053884
2012-03-20,79.9,82.25,79.05,81.85,1621515
2012-03-21,82.85,84.1,80.75,83.05,4117251
2012-03-22,83.5,85.65,78.8,79.6,4550724
2012-03-23,79.4,81.8,78.85,80.55,2042953
2012-03-26,81.0,81.0,77.05,77.95,1442894
2012-03-27,78.15,80.7,76.1,76.9,1812486
2012-03-28,76.9,77.4,75.15,75.65,923865
2012-03-29,75.0,79.3,74.35,77.35,3090287
2012-03-30,77.2,80.1,76.85,79.65,1347083
2012-04-02,79.8,81.0,78.6,79.3,1685507
2012-04-03,80.0,80.9,79.7,80.45,1191192
2012-04-04,80.5,83.85,79.7,83.55,2370708
2012-04-09,84.0,86.4,82.35,84.6,5332129
2012-04-10,84.8,85.6,83.6,85.05,2539537
2012-04-11,85.05,85.45,81.5,82.65,1694105
2012-04-12,83.05,84.75,82.95,84.4,2134292
2012-04-13,85.3,88.9,84.05,86.2,8227646
2012-04-16,86.2,87.3,85.4,86.65,2080871
2012-04-17,86.8,91.8,85.85,91.4,6924491
2012-04-18,92.0,94.0,90.55,93.5,5531622
2012-04-19,93.9,94.8,90.75,91.2,6906484
2012-04-20,90.55,92.85,89.55,91.75,3997279
2012-04-23,91.75,92.85,88.1,89.2,2424693
2012-04-24,89.3,91.9,87.6,90.95,3104169
2012-04-25,91.5,92.25,88.5,91.0,2475623
2012-04-26,92.85,92.85,90.1,91.35,1878922
2012-04-27,92.8,94.5,91.5,93.75,4869738
2012-04-28,94.0,94.0,91.85,92.35,459584
2012-04-30,92.75,93.4,89.4,90.4,4525260
2012-05-02,90.5,91.7,87.35,87.8,2837573
2012-05-03,87.5,87.95,84.3,84.75,2731475
2012-05-04,84.0,84.7,80.0,80.75,3632250
2012-05-07,79.15,84.1,76.7,83.2,3850473
2012-05-08,84.2,84.85,81.15,82.25,4311201
2012-05-09,81.25,85.1,81.1,84.6,3842407
2012-05-10,85.0,86.85,79.65,81.7,11347756
2012-05-11,80.85,83.5,80.4,82.95,2754857
2012-05-14,83.0,83.5,79.75,82.1,1769785
2012-05-15,81.45,85.25,81.45,84.8,1798593
2012-05-16,83.95,84.55,81.8,83.2,1817379
2012-05-17,83.85,84.4,82.05,83.9,1756948
2012-05-18,83.05,85.25,81.5,84.65,1452495
2012-05-21,84.65,86.45,84.3,85.55,1268590
2012-05-22,85.0,86.55,81.75,82.7,3022623
2012-05-23,82.2,83.75,81.75,83.35,1292462
2012-05-24,83.25,88.1,82.85,87.55,2134121
2012-05-25,88.0,89.0,86.8,87.75,2428138
2012-05-28,87.0,89.3,86.9,88.85,1521687
2012-05-29,89.0,91.2,88.1,89.1,2254662
2012-05-30,88.65,88.65,85.8,86.2,732086
2012-05-31,85.4,87.35,85.05,86.6,1491430
2012-06-01,85.35,86.6,79.35,80.85,3363520
2012-06-04,80.3,82.2,78.45,81.45,1509104
2012-06-05,81.75,83.2,77.65,78.15,3007782
2012-06-06,79.0,84.9,76.5,84.05,4666313
2012-06-07,84.5,85.3,82.1,83.4,2172828
2012-06-08,83.05,83.35,81.4,82.35,2519161
2012-06-11,83.0,85.1,81.5,81.9,2703288
2012-06-12,81.65,83.1,80.4,82.15,3813263
2012-06-13,82.5,82.95,80.1,80.95,2203378
2012-06-14,80.5,82.35,79.0,79.45,3284214
2012-06-15,79.5,81.8,79.15,80.9,2917691
2012-06-18,80.9,82.0,76.9,78.15,2391315
2012-06-19,77.8,79.1,75.3,75.95,2965865
2012-06-20,75.5,77.95,73.75,77.3,6378938
2012-06-21,77.1,79.6,76.0,78.8,2074378
2012-06-22,76.05,79.6,76.05,79.0,2377722
2012-06-25,79.2,80.8,78.1,78.65,2309515
2012-06-26,78.0,79.3,77.6,78.45,1096206
2012-06-27,78.35,79.75,78.25,79.55,1607912
2012-06-28,79.65,79.85,77.5,77.85,1818649
2012-06-29,78.25,79.85,78.05,79.0,2360784
2012-07-02,79.15,80.65,78.0,79.3,2606539
2012-07-03,79.95,80.0,77.5,77.95,2716679
2012-07-04,78.0,78.4,76.25,77.0,3332054
2012-07-05,77.2,81.0,76.85,80.65,3989725
2012-07-06,79.5,82.5,78.6,81.75,3417229
2012-07-09,81.6,82.3,79.9,81.25,2176048
2012-07-10,81.9,83.9,81.75,83.4,3039365
2012-07-11,83.0,84.4,81.35,81.85,1944824
2012-07-12,81.05,83.85,80.05,83.35,3810113
2012-07-13,84.0,84.25,82.35,82.7,1908861
2012-07-16,82.7,83.7,81.5,82.45,1331353
2012-07-17,82.95,83.6,80.9,81.35,1294151
2012-07-18,80.6,83.6,80.6,83.3,1640476
2012-07-19,83.9,85.2,82.6,82.85,2397800
2012-07-20,82.5,83.75,82.25,83.05,773049
2012-07-23,81.5,82.7,80.75,81.7,1285938
2012-07-24,81.6,82.45,79.65,80.95,1748545
2012-07-25,81.2,81.55,79.3,80.9,1960360
2012-07-26,80.5,82.35,79.5,80.2,1332603
2012-07-27,81.0,83.3,78.4,79.4,4112913
2012-07-30,80.0,80.25,78.6,79.75,2118395
2012-07-31,80.45,80.45,77.3,77.75,2477761
2012-08-01,77.4,78.75,76.55,78.3,2401348
2012-08-02,78.5,79.35,78.1,78.65,2050403
2012-08-03,78.0,80.0,77.8,79.35,2315954
2012-08-06,80.9,80.9,78.85,79.4,1870019
2012-08-07,79.85,81.35,79.3,80.55,2006777
2012-08-08,81.05,81.5,79.2,79.5,1754693
2012-08-09,80.0,84.3,80.0,83.7,10767890
2012-08-10,84.0,86.45,83.7,85.85,4926046
2012-08-13,86.0,87.2,84.7,87.0,3092487
2012-08-14,87.1,88.4,85.05,87.6,2587608
2012-08-16,88.0,91.0,87.1,89.15,4220518
2012-08-17,89.5,92.0,89.1,91.3,6177834
2012-08-21,91.4,95.5,90.05,95.2,4807507
2012-08-22,95.6,96.45,93.5,93.9,4201509
2012-08-23,94.0,95.7,93.5,95.0,4039038
2012-08-24,94.7,95.95,93.9,95.25,2385163
2012-08-27,94.0,98.3,94.0,95.2,6039752
2012-08-28,96.0,96.2,91.05,93.9,3565422
2012-08-29,93.9,94.05,90.15,90.6,3507889
2012-08-30,90.5,100.8,88.3,95.2,3873876
2012-08-31,94.75,95.45,93.05,93.8,1865576
2012-09-03,93.2,94.85,91.2,91.65,3466938
2012-09-04,92.0,93.25,91.6,92.15,2246031
2012-09-05,91.9,93.8,91.05,92.1,2370674
2012-09-06,92.15,93.15,91.15,91.5,1705003
2012-09-07,92.85,94.5,92.15,93.55,2811632
2012-09-08,93.7,94.8,93.05,94.25,442690
2012-09-10,95.05,95.95,92.8,93.6,2666128
2012-09-11,93.5,94.0,91.8,93.6,1658600
2012-09-12,94.5,100.2,94.5,99.65,6736587
2012-09-13,100.15,102.45,98.9,99.85,6182756
2012-09-14,101.0,102.35,99.55,100.0,3309418
2012-09-17,101.8,102.0,98.4,99.9,3516225
2012-09-18,100.0,102.3,99.05,99.4,4046573
2012-09-20,99.5,99.75,95.6,95.85,2619876
2012-09-21,95.5,98.65,95.3,97.2,5083176
2012-09-24,97.05,98.1,92.4,92.8,5684351
2012-09-25,91.5,93.45,88.75,92.3,7978976
2012-09-26,92.95,94.25,89.2,89.85,7741857
2012-09-27,89.4,91.7,88.6,90.4,4982997
2012-09-28,91.55,93.0,91.1,92.65,3857571
2012-10-01,93.0,94.7,91.8,92.1,5709879
2012-10-03,92.5,93.5,91.15,92.8,3390744
2012-10-04,93.35,93.7,89.9,90.15,3953733
2012-10-05,90.5,91.6,88.8,89.7,3787030
2012-10-08,90.2,90.5,86.2,86.45,5675053
2012-10-09,86.55,87.25,85.45,85.95,4693344
2012-10-10,85.5,87.9,84.3,86.25,5771616
2012-10-11,86.4,88.5,85.85,88.0,3781474
2012-10-12,88.0,89.45,87.05,87.4,6516642
2012-10-15,87.85,87.95,85.9,86.15,2494696
2012-10-16,86.25,87.25,84.35,84.85,2347715
2012-10-17,85.05,86.7,84.6,85.1,2636674
2012-10-18,85.35,86.85,85.3,85.95,3255745
2012-10-19,85.95,86.7,84.25,84.5,2653196
2012-10-22,84.5,86.6,83.75,86.0,3234230
2012-10-23,86.9,87.7,86.3,86.6,3434408
2012-10-25,87.2,87.5,85.7,85.95,4082630
2012-10-26,85.95,85.95,83.95,84.55,1690661
2012-10-29,85.0,85.75,84.15,84.95,1384400
2012-10-30,85.1,87.6,82.75,87.1,6160030
2012-10-31,88.05,88.15,85.25,85.8,5953841
2012-11-01,86.45,88.9,85.5,88.5,6150857
2012-11-02,89.0,90.5,85.9,86.35,19470448
2012-11-05,86.0,86.45,84.1,84.6,3970556
2012-11-06,83.05,85.5,83.05,84.85,3660619
2012-11-07,84.9,85.7,83.85,84.2,3202702
2012-11-08,84.0,84.0,82.2,82.45,4077694
2012-11-09,82.3,82.85,79.85,80.1,4656447
2012-11-12,80.1,82.15,79.55,81.8,2653985
2012-11-13,81.95,82.2,81.15,81.6,568936
2012-11-15,81.5,81.75,80.15,81.5,1892380
2012-11-16,81.25,82.4,79.3,80.2,2355014
2012-11-19,80.4,80.9,80.0,80.2,1565533
2012-11-20,80.0,81.0,78.3,78.9,2846599
2012-11-21,79.0,81.25,78.1,80.9,5759545
2012-11-22,81.25,84.0,81.25,83.1,6680028
2012-11-23,83.2,83.9,81.65,82.25,2574295
2012-11-26,82.25,83.8,82.25,83.5,1921919
2012-11-27,84.0,84.6,83.3,83.55,1601185
2012-11-29,83.75,84.45,83.0,83.55,2989547
2012-11-30,83.8,84.9,83.35,84.6,3253185
2012-12-03,84.75,85.25,83.05,84.05,1284410
2012-12-04,84.05,84.9,83.8,84.55,934117
2012-12-05,84.9,87.1,84.85,86.45,3063693
2012-12-06,86.75,88.5,86.25,87.8,3962653
2012-12-07,88.0,88.5,85.7,86.4,3041839
2012-12-10,86.5,87.25,85.55,86.35,1081478
2012-12-11,86.35,86.95,84.25,85.15,1707652
2012-12-12,85.3,87.2,85.1,86.25,2615342
2012-12-13,86.8,87.85,85.6,86.15,4623887
2012-12-14,87.8,87.8,86.0,86.85,1799849
2012-12-17,87.8,87.85,86.1,87.0,2232803
2012-12-18,87.3,88.35,86.5,88.1,2521819
2012-12-19,88.25,89.45,88.25,88.75,2354929
2012-12-20,89.0,89.3,87.05,88.0,2481795
2012-12-21,87.9,88.7,86.35,87.0,2509262
2012-12-24,87.85,88.0,86.05,86.6,1307656
2012-12-26,87.0,87.85,86.1,86.5,1204010
2012-12-27,86.55,87.5,84.3,85.2,4954207
2012-12-28,84.2,87.0,84.2,86.5,2143115
2013-01-01,89.1,90.3,87.25,89.4,1284271
2013-01-02,90.25,91.5,89.75,90.3,2723709
2013-01-03,90.25,91.4,89.7,90.05,2771961
2013-01-04,90.1,90.4,88.05,89.55,1600590
2013-01-07,89.75,90.0,87.9,88.15,1852637
2013-01-08,88.3,89.65,87.25,89.25,1413179
2013-01-09,89.5,90.7,88.55,89.05,2876118
2013-01-10,89.0,89.8,87.85,88.55,1527983
2013-01-11,89.0,89.0,87.2,87.4,1375049
2013-01-14,87.95,89.6,87.15,89.3,1789105
2013-01-15,89.3,90.8,89.1,90.1,2389167
2013-01-16,89.8,90.4,87.6,88.4,2459553
2013-01-17,88.75,89.5,87.8,88.4,1254942
2013-01-18,88.5,89.0,87.5,87.7,1082051
2013-01-21,87.9,88.65,86.55,86.9,1230028
2013-01-22,87.3,88.1,85.5,85.9,2655880
2013-01-23,85.5,86.45,84.4,85.6,2256787
2013-01-24,85.4,85.5,81.6,82.4,2575494
2013-01-25,82.4,84.8,81.5,84.4,1443227
2013-01-28,82.7,85.6,82.7,84.15,963997
2013-01-29,84.1,86.1,83.6,85.05,2139765
2013-01-30,85.35,86.45,85.0,85.95,1820507
2013-01-31,86.0,87.35,85.65,86.0,3207856
2013-02-01,86.75,87.7,85.4,86.95,1201422
2013-02-04,87.0,87.45,86.0,86.6,1011117
2013-02-05,86.35,86.75,84.2,85.05,1929110
2013-02-06,86.0,87.5,84.3,84.85,6459205
2013-02-07,85.7,86.25,84.25,85.55,2083114
2013-02-08,85.95,86.9,85.1,86.4,1789434
2013-02-11,86.7,86.75,84.75,85.4,830657
2013-02-12,85.0,85.6,83.35,85.1,1361889
2013-02-13,84.95,85.75,83.55,84.1,578001
2013-02-14,84.15,85.6,83.1,84.9,2242910
2013-02-15,85.3,86.2,85.05,85.95,1624702
2013-02-18,86.2,87.25,80.0,86.9,1832381
2013-02-19,87.05,88.4,86.25,88.2,1301197
2013-02-20,89.4,89.4,88.3,89.1,1425256
2013-02-21,88.5,88.95,86.4,86.7,1266598
2013-02-22,86.75,90.0,86.3,89.0,1588981
2013-02-25,89.2,90.45,85.8,88.7,2026454
2013-02-26,88.3,88.6,84.6,84.9,1741874
2013-02-27,84.85,86.8,83.65,86.15,2055153
2013-02-28,86.5,87.2,82.1,82.7,2723746
2013-03-01,82.95,85.95,82.95,85.5,792663
2013-03-04,85.05,86.0,83.5,85.0,922660
2013-03-05,85.3,88.25,84.85,88.0,1875136
2013-03-06,88.5,89.75,88.5,88.95,1843239
2013-03-07,85.65,93.0,85.65,92.0,2794323
2013-03-08,92.6,93.5,90.7,91.15,2749727
2013-03-11,91.0,92.0,88.5,88.9,1575675
2013-03-12,88.9,90.2,85.9,86.7,1958332
2013-03-13,86.75,87.3,85.1,85.8,896769
2013-03-14,85.95,88.0,85.2,87.8,2920964
2013-03-15,87.95,88.75,85.5,86.8,3407910
2013-03-18,86.0,86.25,84.1,84.45,892275
2013-03-19,84.95,86.15,83.7,84.75,2763685
2013-03-20,84.9,84.9,82.75,83.5,974530
2013-03-21,83.5,84.95,81.55,82.95,3313790
2013-03-22,83.95,83.95,79.1,82.05,2339905
2013-03-25,83.0,83.4,81.5,82.85,1903347
2013-03-26,82.75,83.0,80.45,80.7,1229740
2013-03-28,81.0,84.8,81.0,83.45,2854283
2013-04-01,84.0,86.5,82.95,86.1,1225750
2013-04-02,85.5,86.25,84.75,85.75,947128
2013-04-03,86.0,86.4,83.45,83.85,792914
2013-04-04,83.5,84.15,82.9,83.15,785683
2013-04-05,82.8,83.95,81.8,83.75,1231376
2013-04-08,83.7,84.4,82.5,83.15,604084
2013-04-09,82.55,84.25,82.55,83.0,1097983
2013-04-10,83.15,84.35,81.5,84.0,784037
2013-04-11,84.0,84.5,83.0,83.6,696426
2013-04-12,83.0,84.15,83.0,83.45,483071
2013-04-15,83.35,85.5,83.25,83.8,669221
2013-04-16,83.8,86.5,83.8,86.0,798135
2013-04-17,86.5,87.25,85.35,86.2,878864
2013-04-18,86.2,90.4,85.6,89.7,2115069
2013-04-22,90.0,94.3,90.0,93.7,2896952
2013-04-23,93.7,94.35,90.55,92.1,2345408
2013-04-25,92.5,93.15,91.55,92.15,750486
2013-04-26,92.0,92.5,90.1,91.05,864533
2013-04-29,90.85,95.3,90.85,95.15,1911684
2013-04-30,95.6,97.6,93.3,96.6,3047303
2013-05-02,96.2,97.25,95.3,96.0,950326
2013-05-03,96.95,99.7,94.4,98.8,2862878
2013-05-06,99.0,100.5,97.5,99.7,2524112
2013-05-07,99.5,101.5,98.2,100.45,1577257
2013-05-08,101.0,101.55,97.15,98.05,2259248
2013-05-09,98.5,98.7,94.1,94.9,3289228
2013-05-10,95.65,96.0,93.5,94.45,2744468
2013-05-11,94.0,94.75,93.2,94.25,608056
2013-05-13,94.0,94.8,89.7,90.05,2780208
2013-05-14,90.45,90.65,88.0,88.55,1821984
2013-05-15,88.55,91.15,88.55,90.75,1997742
2013-05-16,91.0,93.0,91.0,92.1,2254834
2013-05-17,92.5,92.7,90.5,91.7,813182
2013-05-20,92.0,92.4,90.4,91.5,1160784
2013-05-21,91.0,93.65,90.4,91.2,2037947
2013-05-22,90.55,92.5,88.8,89.3,1781148
2013-05-23,89.0,89.0,85.25,86.65,1571132
2013-05-24,86.8,87.1,85.0,86.0,1852517
2013-05-27,85.15,90.9,85.15,90.55,1511864
2013-05-28,91.5,91.5,89.15,90.3,940301
2013-05-29,90.3,90.9,88.75,90.45,952027
2013-05-30,91.5,92.5,89.3,89.95,2214324
2013-05-31,90.0,90.4,88.0,89.35,1362950
2013-06-03,88.5,89.9,88.0,89.2,591418
2013-06-04,88.7,90.95,88.65,89.9,1346272
2013-06-05,90.0,91.75,89.15,91.25,1127269
2013-06-06,91.2,94.0,90.35,93.15,1844506
2013-06-07,94.0,94.2,90.65,91.0,1604329
2013-06-10,91.5,92.15,89.5,90.0,1623504
2013-06-11,89.5,90.9,87.55,89.55,1778789
2013-06-12,89.5,92.8,88.2,91.95,2209609
2013-06-13,86.2,86.2,67.65,68.55,37466800
2013-06-14,72.0,72.8,62.6,64.75,53761980
2013-06-17,63.75,66.5,61.3,63.9,28282800
2013-06-18,64.4,65.9,62.2,62.6,23751976
2013-06-19,62.85,63.1,60.55,60.95,11203982
2013-06-20,60.0,62.85,59.5,61.5,13366823
2013-06-21,61.15,62.3,54.6,57.3,12928014
2013-06-24,57.0,59.15,55.95,58.4,9168835
2013-06-25,59.0,59.4,56.05,56.35,12000459
2013-06-26,56.9,57.8,56.05,56.45,8966799
2013-06-27,57.0,57.45,54.8,56.45,9077235
2013-06-28,57.35,57.35,55.6,56.5,6188791
2013-07-01,56.9,61.2,56.4,60.4,10495962
2013-07-02,60.5,61.7,59.4,59.9,8623311
2013-07-03,59.7,61.25,58.65,60.1,8572482
2013-07-04,59.7,62.3,59.7,60.9,7282742
2013-07-05,61.25,61.9,60.55,61.35,4481288
2013-07-08,60.6,61.15,59.65,60.3,3880222
2013-07-09,60.35,64.05,60.35,63.2,5886887
2013-07-10,63.4,64.2,62.15,63.25,9891019
2013-07-11,64.5,64.9,63.5,64.25,8191043
2013-07-12,64.8,66.1,64.6,65.75,6126017
2013-07-15,66.0,67.75,65.5,67.35,4673863
2013-07-16,65.8,68.95,65.35,68.2,7244569
2013-07-17,68.0,71.9,67.8,71.2,8589160
2013-07-18,71.25,71.7,69.85,71.2,12498640
2013-07-19,71.0,71.75,69.85,70.35,7129059
2013-07-22,70.3,70.45,68.75,69.8,5643891
2013-07-23,70.5,70.75,66.95,67.75,4052739
2013-07-24,67.6,68.8,65.1,66.0,5223950
2013-07-25,66.0,70.2,66.0,68.8,6000726
2013-07-26,69.55,69.7,67.0,68.25,2625370
2013-07-29,68.0,69.15,67.1,67.5,2887344
2013-07-30,68.0,68.85,67.1,68.05,2980375
2013-07-31,68.0,68.75,61.55,67.3,3864040
2013-08-01,67.0,67.65,62.8,64.9,2567153
2013-08-02,65.6,67.2,64.3,65.9,2153034
2013-08-05,65.75,66.35,62.05,64.15,1360479
2013-08-06,63.5,64.6,62.1,63.1,1478933
2013-08-07,62.7,64.35,59.5,60.3,10694399
2013-08-08,60.9,62.4,60.65,61.65,5624444
2013-08-12,61.5,65.15,61.5,62.95,4626368
2013-08-13,63.0,65.5,62.85,65.3,7041983
2013-08-14,65.5,66.0,64.75,65.4,3355946
2013-08-16,64.95,68.25,64.35,65.1,7319251
2013-08-19,64.8,64.8,62.45,63.15,2501956
2013-08-20,63.0,65.55,61.65,64.25,2061469
2013-08-21,65.3,65.8,62.75,63.0,5540771
2013-08-22,62.65,64.15,61.5,63.2,2379270
2013-08-23,63.4,63.75,61.1,62.05,2773187
2013-08-26,62.6,64.5,62.45,63.5,3624154
2013-08-27,64.5,64.7,61.15,61.7,3031342
2013-08-28,59.7,62.6,59.4,62.0,3465391
2013-08-29,62.0,65.75,60.65,64.1,3528636
2013-08-30,64.0,65.1,62.0,62.95,2203820
2013-09-02,63.0,64.15,62.75,63.55,1326893
2013-09-03,63.5,64.1,61.65,62.25,1769320
2013-09-04,62.7,65.0,61.7,64.9,5370503
2013-09-05,66.5,67.5,64.4,65.0,2411101
2013-09-06,65.4,65.5,63.7,65.0,1450409
2013-09-10,65.95,65.95,63.35,64.15,2161289
2013-09-11,63.85,65.05,63.4,64.0,1761571
2013-09-12,64.15,66.4,63.25,64.05,3307306
2013-09-13,64.25,65.4,63.6,64.95,1373141
2013-09-16,65.8,66.7,64.7,65.7,3462758
2013-09-17,65.7,67.5,64.6,66.8,3186296
2013-09-18,67.5,67.95,65.9,66.55,2347136
2013-09-19,68.0,68.65,66.95,67.85,2426790
2013-09-20,68.5,74.65,66.15,72.75,9130122
2013-09-23,71.0,72.15,67.9,68.3,4339382
2013-09-24,68.0,69.9,67.75,69.0,3974601
2013-09-25,69.1,69.2,67.0,68.4,3254349
2013-09-26,68.3,68.7,67.55,68.0,3457431
2013-09-27,67.5,68.1,66.25,66.75,2287781
2013-09-30,66.05,68.95,66.05,66.65,2171108
2013-10-01,66.5,66.6,60.7,65.45,4801216
2013-10-03,66.0,67.7,65.65,66.5,1753264
2013-10-04,66.8,67.4,65.55,66.65,1108149
2013-10-07,67.25,71.25,66.9,69.75,6033964
2013-10-08,71.6,73.0,69.9,70.55,5867969
2013-10-09,70.2,70.3,68.15,68.6,4261284
2013-10-10,68.0,69.5,67.05,67.4,3103526
2013-10-11,69.6,69.6,66.7,66.9,2650548
2013-10-14,67.7,67.75,66.15,66.5,1949981
2013-10-15,66.95,67.3,64.75,65.15,1537940
2013-10-17,65.95,67.85,65.6,66.85,2553969
2013-10-18,66.2,67.9,66.2,67.0,1723452
2013-10-21,66.5,68.35,66.5,67.8,2249114
2013-10-22,67.35,70.8,67.35,70.1,4233270
2013-10-23,70.4,71.0,68.05,68.8,3450948
2013-10-24,68.8,70.1,67.85,68.1,2009433
2013-10-25,67.75,69.7,67.75,69.2,1858337
2013-10-28,69.7,70.15,68.35,68.9,2766239
2013-10-29,68.8,69.7,67.75,68.85,2454571
2013-10-30,69.15,69.2,67.5,67.95,2648435
2013-10-31,68.4,68.8,67.25,68.1,3724444
2013-11-01,68.0,74.3,68.0,73.8,13118845
2013-11-03,74.35,74.75,72.5,72.85,1200820
2013-11-05,72.8,75.5,69.75,74.05,5480346
2013-11-06,74.4,76.25,73.1,73.55,3986838
2013-11-07,73.5,75.7,72.5,73.1,2885489
2013-11-08,72.85,72.95,69.85,71.65,6392547
2013-11-11,73.4,76.0,73.1,74.55,9291122
2013-11-12,76.9,77.4,69.05,70.2,11255179
2013-11-13,69.8,71.85,69.3,70.2,3486202
2013-11-14,71.0,72.7,71.0,72.35,2213287
2013-11-18,72.8,74.2,72.5,74.0,2330783
2013-11-19,74.0,79.8,73.1,78.95,8235760
2013-11-20,79.1,80.2,76.0,76.75,8219632
2013-11-21,76.45,78.25,74.2,75.35,5264382
2013-11-22,76.05,78.2,75.2,76.5,4163645
2013-11-25,77.0,78.75,76.6,77.65,2227407
2013-11-26,77.5,78.25,75.8,76.25,2078430
2013-11-27,76.5,78.35,75.1,77.5,3076874
2013-11-28,78.9,83.05,78.25,80.95,16054027
2013-11-29,81.6,82.3,79.8,80.5,5306898
2013-12-02,80.6,82.7,80.6,81.0,3188438
2013-12-03,81.0,81.35,77.9,78.45,6256112
2013-12-04,77.85,80.65,77.5,78.2,6482756
2013-12-05,79.8,80.3,78.2,78.8,4417237
2013-12-06,79.2,80.15,78.35,79.5,2399030
2013-12-09,80.45,82.15,79.5,81.55,4313455
2013-12-10,81.4,82.85,79.9,81.35,4891929
2013-12-11,81.0,84.2,80.8,82.95,8427670
2013-12-12,82.95,84.5,82.55,83.0,6146820
2013-12-13,82.0,83.45,81.35,82.0,3882163
2013-12-16,82.3,86.0,80.8,84.8,6659544
2013-12-17,88.0,92.15,84.35,86.65,33930896
2013-12-18,87.0,89.4,85.15,88.7,12111031
2013-12-19,89.0,91.1,88.2,88.9,11904032
2013-12-20,88.25,93.6,87.2,92.5,19223388
2013-12-23,91.9,95.0,91.5,93.5,7511517
2013-12-24,93.3,101.85,93.0,100.9,29189768
2013-12-26,101.5,102.5,96.55,97.3,16852698
2013-12-27,97.05,101.35,97.05,100.7,11473431
2013-12-30,101.05,104.0,99.65,101.35,21504946
2013-12-31,111.45,116.55,103.15,107.2,42563184
2014-01-01,107.95,108.0,104.2,104.8,10509799
2014-01-02,105.0,107.25,101.05,102.75,17711344
2014-01-03,102.0,105.7,101.2,105.0,8170579
2014-01-06,105.2,107.85,105.0,105.9,13223802
2014-01-07,107.0,111.65,105.15,106.35,24937836
2014-01-08,107.0,113.7,106.2,112.7,33996072
2014-01-09,113.0,115.05,107.4,110.5,21017576
2014-01-10,111.5,113.35,108.7,111.85,12623259
2014-01-13,112.0,117.9,109.0,117.05,13361553
2014-01-14,117.0,118.55,115.85,117.15,11635435
2014-01-15,117.7,117.75,113.55,114.25,6958134
2014-01-16,114.95,117.5,114.6,116.4,9658578
2014-01-17,115.6,117.45,112.75,113.85,4933548
2014-01-20,114.0,117.2,112.85,116.45,4178427
2014-01-21,116.45,117.15,114.25,115.8,4630215
2014-01-22,116.0,118.3,113.4,114.25,9567151
2014-01-23,113.0,114.85,112.85,113.8,3838412
2014-01-24,113.0,113.2,108.3,108.8,5949152
2014-01-27,107.7,111.7,101.8,103.9,10840083
2014-01-28,104.75,110.95,104.65,109.95,11944739
2014-01-29,111.0,112.35,106.3,107.45,4460605
2014-01-30,106.0,109.45,104.4,108.15,4371955
2014-01-31,109.1,114.1,108.5,113.3,6826962
2014-02-03,112.5,114.95,111.3,112.8,6587705
2014-02-04,111.0,113.45,109.15,112.7,4747446
2014-02-05,113.1,113.55,110.25,112.85,4804602
2014-02-06,113.35,114.3,110.9,112.5,5610304
2014-02-07,113.0,116.4,112.0,114.1,3785511
2014-02-10,115.65,119.7,115.65,117.55,10495666
2014-02-11,118.7,119.7,117.55,118.6,6247897
2014-02-12,119.45,119.45,116.8,118.4,6232541
2014-02-13,120.8,121.85,116.2,117.1,12686488
2014-02-14,117.5,118.3,114.45,117.65,5628302
2014-02-17,118.1,119.15,117.0,118.75,3675411
2014-02-18,119.0,120.7,115.95,117.35,5759927
2014-02-19,117.2,120.0,117.1,119.6,5544974
2014-02-20,118.95,124.9,118.65,124.1,13923748
2014-02-21,124.4,125.8,123.7,124.7,6987606
2014-02-24,123.35,126.65,123.35,125.8,3814537
2014-02-25,126.9,128.95,126.05,128.65,7187354
2014-02-26,128.4,129.85,128.35,128.95,7875823
2014-02-28,129.0,133.3,128.1,131.65,4178760
2014-03-03,132.45,132.75,126.95,127.95,4369013
2014-03-04,128.2,133.15,127.5,131.95,6239009
2014-03-05,132.5,132.5,128.7,129.45,2779110
2014-03-06,129.7,133.15,129.3,132.45,5788165
2014-03-07,133.0,134.4,129.05,130.2,6248951
2014-03-10,129.8,130.8,125.8,127.0,3761484
2014-03-11,127.35,131.9,125.0,129.85,7692591
2014-03-12,130.0,130.65,127.4,128.7,3017450
2014-03-13,129.9,134.3,129.8,131.15,6486900
2014-03-14,131.05,133.5,129.0,132.85,3008485
2014-03-18,133.55,136.6,133.3,135.95,5546086
2014-03-19,137.0,138.25,135.4,136.0,5099350
2014-03-20,135.5,139.0,135.1,137.45,5025585
2014-03-21,138.0,144.2,138.0,143.55,8888535
2014-03-22,144.0,145.75,142.7,145.4,1342545
2014-03-24,146.2,149.2,144.6,148.3,7376499
2014-03-25,147.4,166.15,147.35,156.75,29302054
2014-03-26,158.0,159.25,154.05,155.35,6868381
2014-03-27,156.0,157.95,153.7,155.45,6404298
2014-03-28,156.25,158.65,155.1,157.1,2893000
2014-03-31,157.9,161.0,156.35,159.6,3032038
2014-04-01,160.5,163.7,157.75,162.3,3619964
2014-04-02,162.8,164.2,162.0,163.1,1681299
2014-04-03,163.0,167.8,159.8,166.9,4474021
2014-04-04,168.1,169.2,166.15,167.1,2318707
2014-04-07,167.0,169.7,164.5,166.0,2814789
2014-04-09,166.7,168.55,165.5,167.95,2375686
2014-04-10,167.0,170.0,164.35,165.8,3161865
2014-04-11,163.9,168.0,162.75,165.0,3251228
2014-04-15,165.85,168.45,162.85,166.15,2759206
2014-04-16,165.7,168.8,159.2,160.95,2873111
2014-04-17,162.4,175.3,160.0,173.3,11504438
2014-04-21,174.1,178.9,174.0,177.6,3640039
2014-04-22,178.25,178.25,165.65,167.0,5470844
2014-04-23,167.5,173.65,167.5,172.2,6180671
2014-04-25,173.0,173.45,166.1,167.9,4148327
2014-04-28,167.9,168.7,163.05,163.6,3298505
2014-04-29,164.45,168.0,161.55,162.9,2478298
2014-04-30,163.65,163.65,154.5,159.05,5149203
2014-05-02,159.1,164.35,157.55,162.75,2975927
2014-05-05,163.0,167.45,162.3,164.9,3632202
2014-05-06,164.0,169.95,161.75,163.0,4682026
2014-05-07,163.05,170.5,163.05,168.3,4550365
2014-05-08,169.85,172.0,167.6,170.4,4440021
2014-05-09,170.4,170.85,164.15,167.75,4979612
2014-05-12,168.45,180.5,167.1,172.3,5369332
2014-05-13,174.35,175.8,165.15,166.45,3863172
2014-05-14,168.0,169.9,160.0,167.7,3876119
2014-05-15,169.0,182.9,166.8,177.35,16121058
2014-05-16,181.8,184.85,170.7,172.8,5373267
2014-05-19,175.7,179.8,173.1,174.3,3768394
2014-05-20,175.9,177.45,173.0,174.0,2893399
2014-05-21,175.6,184.3,175.0,183.0,6415163
2014-05-22,185.7,193.95,184.6,190.6,6320549
2014-05-23,191.75,193.95,184.4,186.75,3710273
2014-05-26,189.8,190.7,174.2,178.3,3855212
2014-05-27,178.0,181.25,174.05,175.15,2608944
2014-05-28,175.9,178.4,173.0,173.45,2098514
2014-05-29,174.35,181.0,173.85,178.0,4215238
2014-05-30,177.7,182.4,174.9,176.15,3451700
2014-06-02,175.0,180.7,175.0,180.0,1779118
2014-06-03,180.0,184.95,178.5,184.3,3260964
2014-06-04,184.0,186.0,179.6,180.2,3268991
2014-06-05,181.75,187.1,181.2,186.3,3023740
2014-06-06,188.1,195.4,188.0,194.15,6539485
2014-06-09,195.8,203.6,194.15,201.8,4355407
2014-06-10,202.75,206.9,196.2,204.0,3523379
2014-06-11,206.0,211.9,200.5,202.8,5055015
2014-06-12,203.3,210.8,202.4,208.55,3485452
2014-06-13,209.7,213.4,197.6,200.05,4174166
2014-06-16,200.0,201.7,191.35,198.05,3910373
2014-06-17,198.0,201.35,193.0,199.35,4271766
2014-06-18,200.75,207.3,194.5,196.4,6228901
2014-06-19,198.35,201.0,192.0,193.25,3953922
2014-06-20,191.4,195.5,187.65,192.2,6959564
2014-06-23,193.0,198.8,192.1,197.75,4904477
2014-06-24,199.55,203.45,196.0,199.25,5798598
2014-06-25,199.2,203.35,199.2,200.0,3062965
2014-06-26,201.8,201.8,193.95,195.0,4190082
2014-06-27,195.0,197.0,193.1,195.65,1607687
2014-06-30,196.65,199.9,196.65,199.1,2318185
2014-07-01,200.25,204.8,199.75,203.3,4241333
2014-07-02,205.0,207.4,203.05,204.4,3193720
2014-07-03,207.1,217.2,207.1,211.5,9105692
2014-07-04,213.0,213.6,208.2,211.9,2687276
2014-07-07,213.0,214.8,210.45,212.0,2550849
2014-07-08,214.1,214.2,195.65,198.05,3246478
2014-07-09,197.4,199.4,178.6,183.0,6298112
2014-07-10,180.05,185.0,168.5,175.65,9105439
2014-07-11,177.4,181.9,167.5,169.5,4465242
2014-07-14,170.1,173.35,164.25,172.45,2668551
2014-07-15,173.5,182.0,173.5,180.7,5359148
2014-07-16,181.55,188.6,181.3,187.35,4744096
2014-07-17,188.0,193.65,183.9,192.85,4808697
2014-07-18,190.9,191.35,185.0,188.55,2309621
2014-07-21,189.95,192.3,187.4,188.7,2022086
2014-07-22,188.5,191.75,183.25,184.95,2085023
2014-07-23,185.0,186.65,178.65,184.9,3676219
2014-07-24,185.35,185.85,178.25,179.0,3543465
2014-07-25,179.3,181.5,170.5,176.15,3297964
2014-07-28,176.0,179.5,175.4,177.55,1752278
2014-07-30,176.55,177.7,170.05,172.6,3235092
2014-07-31,173.05,176.4,170.5,174.8,2632959
2014-08-01,173.1,173.4,167.0,168.5,3807156
2014-08-04,170.5,179.7,170.45,177.4,4721168
2014-08-05,179.2,185.85,178.0,185.15,6652253
2014-08-06,185.85,190.0,170.25,171.5,14846042
2014-08-07,173.0,174.2,166.4,168.75,9007972
2014-08-08,167.75,170.3,166.0,167.2,5336060
2014-08-11,169.7,171.35,168.5,170.15,3088723
2014-08-12,171.45,171.5,168.1,170.65,1900242
2014-08-13,169.5,170.6,161.5,163.0,3581096
2014-08-14,164.45,165.55,160.55,162.65,3166026
2014-08-18,161.0,171.15,160.9,170.05,4548097
2014-08-19,170.45,173.5,167.5,172.55,5027503
2014-08-20,171.65,173.75,169.5,169.9,4154324
2014-08-21,170.75,174.6,170.0,172.4,3694713
2014-08-22,172.9,173.75,167.25,168.25,2763808
2014-08-25,168.8,170.75,166.0,166.75,2865770
2014-08-26,165.1,168.9,162.35,166.45,1884782
2014-08-27,167.95,168.5,165.5,166.95,1411981
2014-08-28,167.0,169.45,164.8,165.3,2088959
2014-09-01,166.95,180.0,166.7,179.15,6868744
2014-09-02,180.9,186.5,180.05,185.65,7535975
2014-09-03,186.5,189.55,184.35,188.0,6363077
2014-09-04,188.0,195.7,184.2,194.4,6720275
2014-09-05,196.0,199.8,191.45,193.85,6019560
2014-09-08,195.0,213.9,192.7,209.4,19077952
2014-09-09,212.0,217.8,209.15,210.9,13335010
2014-09-10,210.1,215.5,205.8,209.45,10026944
2014-09-11,210.3,214.25,209.0,211.2,5459799
2014-09-12,211.25,213.4,206.45,207.35,5559477
2014-09-15,206.6,213.4,201.85,209.95,7577182
2014-09-16,209.8,213.9,194.4,195.65,9571533
2014-09-17,198.8,203.45,193.35,201.65,10055449
2014-09-18,202.9,206.8,201.1,205.0,5837690
2014-09-19,206.45,210.6,204.1,206.25,6241605
2014-09-22,204.8,205.9,200.05,201.25,4336154
2014-09-23,201.0,203.0,192.0,193.15,4701611
2014-09-24,193.0,194.0,185.55,191.4,4637472
2014-09-25,191.7,195.45,186.3,190.8,4771157
2014-09-26,189.55,193.75,182.7,191.55,4611246
2014-09-29,191.7,194.7,190.65,191.9,2070299
2014-09-30,191.0,206.2,190.7,203.75,10255785
2014-10-01,204.7,204.7,196.0,196.75,4296084
2014-10-07,198.6,213.4,198.3,208.6,15635094
2014-10-08,209.8,217.9,206.25,215.25,11410653
2014-10-09,217.3,219.9,214.25,215.45,7889356
2014-10-10,213.95,226.45,210.9,220.45,11608307
2014-10-13,221.0,223.55,219.0,221.6,4287505
2014-10-14,223.3,226.75,215.55,216.45,6937630
2014-10-16,215.85,218.7,204.05,205.45,8542636
2014-10-17,207.65,209.9,203.1,206.6,7148671
2014-10-20,210.0,212.8,207.0,208.4,3418192
2014-10-21,209.9,219.25,209.05,217.85,6593698
2014-10-22,219.9,223.45,217.45,220.2,3389058
2014-10-23,221.45,221.45,218.6,219.1,452486
2014-10-27,220.7,221.0,213.1,215.75,2413190
2014-10-28,214.85,219.9,211.0,219.05,3565996
2014-10-29,220.0,221.9,216.05,216.7,3507504
2014-10-30,216.8,218.7,214.1,216.1,2589868
2014-10-31,217.8,222.85,216.15,219.1,5398536
2014-11-03,221.15,230.9,220.1,229.65,6251768
2014-11-05,231.0,237.2,231.0,235.9,6437658
2014-11-07,231.05,235.15,227.6,233.05,2793059
2014-11-10,234.2,240.8,231.5,236.3,5358665
2014-11-11,238.0,239.0,228.8,233.3,4772496
2014-11-12,234.75,242.95,231.6,240.8,5873298
2014-11-13,242.0,242.55,231.0,233.8,4029329
2014-11-14,235.0,239.4,233.7,237.05,4476518
2014-11-17,235.9,236.55,231.55,232.95,2786619
2014-11-18,234.0,236.25,231.3,233.0,1748792
2014-11-19,234.15,235.35,224.1,225.1,3574891
2014-11-20,224.9,226.8,220.15,225.65,2802224
2014-11-21,223.65,227.95,222.35,223.75,2097043
2014-11-24,222.2,228.5,222.2,226.5,3367774
2014-11-25,226.5,229.9,214.35,221.65,4431426
2014-11-26,220.0,225.5,219.8,223.7,2635380
2014-11-27,223.85,225.7,218.7,222.5,3224531
2014-11-28,224.6,232.65,224.55,228.4,3583535
2014-12-01,229.95,236.3,229.7,232.9,3391804
2014-12-02,231.8,237.1,228.55,235.3,3002143
2014-12-03,234.0,239.9,234.0,238.45,3276098
2014-12-04,240.0,242.75,235.25,237.4,2889738
2014-12-05,238.9,240.9,235.0,235.65,2209794
2014-12-08,236.8,237.45,230.3,232.15,1630894
2014-12-09,230.75,231.95,220.0,222.1,2326433
2014-12-10,220.2,228.8,220.2,227.7,2054901
2014-12-11,225.3,227.2,222.2,225.15,1444923
2014-12-12,224.8,229.8,216.3,222.2,2707903
2014-12-15,219.8,228.65,219.4,227.3,1751324
2014-12-16,228.0,231.3,219.25,223.25,3917662
2014-12-17,221.0,223.25,205.15,207.9,4590334
2014-12-18,212.4,217.85,210.0,216.35,3765932
2014-12-19,218.65,227.6,217.7,222.6,3988140
2014-12-22,223.5,224.15,217.2,221.0,2743800
2014-12-23,220.2,224.0,216.3,218.1,2370805
2014-12-24,218.2,222.45,216.15,218.45,4031367
2014-12-26,218.5,219.65,216.15,218.15,1167609
2014-12-29,218.0,224.15,218.0,223.25,1702931
2014-12-30,224.55,225.15,220.6,222.4,1608721
2015-01-01,222.0,225.0,222.0,223.6,836653
2015-01-02,222.25,226.0,222.1,223.65,1850799
2015-01-05,222.2,231.35,222.2,229.6,3668113
2015-01-06,230.3,230.7,220.7,221.65,3767376
2015-01-07,221.7,223.6,214.5,218.8,2441198
2015-01-08,222.3,227.25,220.65,226.65,1751458
2015-01-09,228.1,228.6,221.35,224.1,1659291
2015-01-12,223.95,226.8,220.1,225.4,2008440
2015-01-13,226.75,228.4,222.05,223.65,2742530
2015-01-14,223.0,225.75,217.75,219.1,1998777
2015-01-15,222.05,225.9,218.9,222.4,2777582
2015-01-16,222.3,227.8,221.15,226.3,2398241
2015-01-19,226.4,230.65,224.5,228.85,2284195
2015-01-20,229.8,237.7,229.4,235.25,3144072
2015-01-21,235.65,236.45,228.1,232.35,2929541
2015-01-22,233.0,234.25,228.4,231.05,1870122
2015-01-23,232.0,233.15,225.05,225.8,2269971
2015-01-27,226.3,231.5,222.85,230.9,2313395
2015-01-28,227.2,233.75,224.15,226.85,2919031
2015-01-29,227.2,236.4,225.0,234.95,3050605
2015-01-30,236.75,246.0,234.0,242.55,6004542
2015-02-02,243.5,248.95,241.75,243.15,3574123
2015-02-03,245.7,249.8,236.2,238.55,6014205
2015-02-04,239.0,241.1,229.55,231.2,1996795
2015-02-05,231.05,233.4,225.8,226.85,1462081
2015-02-06,227.0,228.9,211.0,213.65,3519373
2015-02-09,204.1,204.75,177.55,187.1,19661640
2015-02-10,185.15,191.95,178.5,181.85,12258487
2015-02-11,183.5,183.9,176.5,179.65,8018843
2015-02-12,180.9,185.4,176.55,183.4,8673168
2015-02-13,185.0,185.7,181.55,182.7,3962246
2015-02-16,184.2,189.5,180.2,186.95,6955835
2015-02-18,188.0,189.95,185.15,185.9,3068049
2015-02-19,187.4,187.4,177.85,182.2,4601768
2015-02-20,182.0,184.8,179.45,183.15,2885594
2015-02-23,184.0,184.5,173.8,175.1,4539229
2015-02-24,173.8,177.45,170.45,176.8,8951423
2015-02-25,178.0,178.75,172.55,173.4,4882261
2015-02-26,173.55,176.2,171.5,174.75,5597130
2015-02-27,175.95,180.45,173.85,179.9,3780135
2015-02-28,181.0,181.7,172.6,175.0,2218733
2015-03-02,177.0,180.0,173.65,178.65,2906234
2015-03-03,178.8,183.4,176.0,179.0,3007720
2015-03-04,180.3,180.7,173.0,174.3,4296499
2015-03-05,174.65,176.8,173.85,175.1,2425560
2015-03-09,174.0,176.6,172.1,174.15,1376470
2015-03-10,175.65,176.0,171.25,173.7,2324197
2015-03-11,173.05,175.9,171.85,173.55,1957368
2015-03-12,174.5,177.6,174.5,175.6,2180734
2015-03-13,174.0,175.0,167.6,169.95,4836063
2015-03-16,170.0,172.6,165.0,169.2,5349867
2015-03-17,170.9,171.35,166.1,168.85,2919973
2015-03-18,169.35,169.6,167.0,167.95,1934901
2015-03-19,168.6,170.35,165.4,166.3,2699405
2015-03-20,166.7,166.8,160.1,162.05,3307185
2015-03-23,162.1,163.45,158.8,162.3,1973941
2015-03-24,161.2,163.9,160.7,161.65,3007614
2015-03-25,162.95,162.95,161.15,161.45,1764955
2015-03-26,159.0,161.0,156.7,157.8,5774857
2015-03-27,158.1,160.75,155.0,159.95,2705017
2015-03-30,162.55,166.1,161.4,165.3,4165812
2015-03-31,166.25,173.15,163.2,168.25,10527737
2015-04-01,169.65,175.9,169.0,175.2,3515274
2015-04-06,176.7,179.5,174.3,177.35,2173585
2015-04-07,178.7,181.7,175.55,180.35,3234054
2015-04-08,181.2,184.6,180.4,182.15,5641939
2015-04-09,182.65,183.7,178.05,181.95,2611743
2015-04-10,182.45,182.45,179.45,180.45,3079185
2015-04-13,181.2,189.25,180.5,188.0,3897449
2015-04-15,189.4,194.0,188.25,190.75,4694378
2015-04-16,191.55,193.95,187.7,191.85,3214202
2015-04-17,191.2,191.2,184.0,185.1,1841537
2015-04-20,185.55,186.85,181.0,183.35,2234055
2015-04-21,182.3,185.2,172.0,173.05,2724524
2015-04-22,172.6,175.6,170.2,174.75,2737147
2015-04-23,175.8,177.45,173.55,174.75,1349204
2015-04-24,175.05,175.35,166.25,168.3,1521760
2015-04-27,168.65,173.8,165.7,170.15,2951437
2015-04-28,169.9,173.5,167.9,172.95,2119526
2015-04-29,173.0,175.2,172.0,173.4,1433147
2015-04-30,173.2,175.0,171.7,173.3,3318146
2015-05-04,172.0,178.65,170.55,177.95,1936734
2015-05-05,177.95,178.6,174.55,175.65,1210386
2015-05-06,175.0,175.0,162.0,165.25,3981255
2015-05-07,165.25,168.7,162.05,163.35,2670262
2015-05-08,166.9,167.7,163.4,163.9,1378980
2015-05-11,165.6,172.25,164.85,170.95,1508316
2015-05-12,173.95,174.25,165.4,169.6,6126802
2015-05-13,169.15,173.7,167.05,171.8,3702320
2015-05-14,171.0,175.3,170.0,173.75,2300326
2015-05-15,174.55,176.25,170.0,171.45,1729733
2015-05-18,173.3,187.0,172.5,186.15,6694734
2015-05-19,182.15,188.15,182.15,183.45,3387537
2015-05-20,184.0,188.35,183.95,187.65,2651828
2015-05-21,188.1,189.0,182.55,183.25,2866847
2015-05-22,183.3,185.85,181.05,183.7,2363851
2015-05-25,183.8,186.0,183.15,184.0,1065048
2015-05-26,184.0,185.75,182.25,183.4,1038445
2015-05-27,181.45,184.4,181.3,183.5,1019610
2015-05-28,183.0,185.0,179.85,182.1,1227271
2015-05-29,182.0,191.4,180.3,189.85,3101702
2015-06-01,189.4,192.55,183.75,184.8,2192895
2015-06-02,185.0,185.6,175.05,176.0,2352601
2015-06-03,175.5,177.9,170.6,175.65,2794818
2015-06-04,175.7,176.15,170.3,172.35,1898017
2015-06-05,170.0,173.6,167.7,171.45,2993925
2015-06-08,173.0,175.75,170.75,174.8,3186054
2015-06-09,174.05,174.5,155.9,161.05,6226023
2015-06-10,163.0,166.3,158.65,165.4,4733962
2015-06-11,166.0,166.85,160.1,162.5,2986940
2015-06-12,160.45,165.5,160.45,164.2,1740678
2015-06-15,163.9,169.0,162.8,165.0,1738656
2015-06-16,164.45,167.0,163.0,165.2,2143031
2015-06-17,165.75,168.65,164.7,167.15,2066797
2015-06-18,167.0,169.65,165.6,166.7,1236189
2015-06-19,167.0,168.7,162.25,166.1,1427495
2015-06-22,166.9,171.5,165.9,168.85,1542867
2015-06-23,168.8,172.5,167.7,169.8,2693875
2015-06-24,169.75,171.5,167.45,168.35,2086568
2015-06-25,167.2,172.3,167.0,171.65,2252154
2015-06-26,170.3,173.1,168.25,171.9,1671491
2015-06-29,167.9,168.75,163.15,165.6,2536350
2015-06-30,164.55,171.0,163.5,170.25,2161849
2015-07-01,169.35,175.45,168.25,172.9,2445064
2015-07-02,173.85,176.5,172.25,173.25,1492878
2015-07-03,172.35,174.45,169.3,170.65,805949
2015-07-06,167.0,173.1,166.4,172.1,1504214
2015-07-07,174.35,180.75,173.6,177.8,4744818
2015-07-08,175.5,179.25,170.0,171.9,2780868
2015-07-09,172.55,176.0,170.6,175.15,1808345
2015-07-10,176.05,177.15,172.75,175.9,1933561
2015-07-13,177.05,183.5,175.05,183.05,2190201
2015-07-14,183.95,185.45,182.0,183.3,1952181
2015-07-15,184.0,186.35,183.5,185.65,1626114
2015-07-16,187.0,190.2,186.3,189.2,2794969
2015-07-17,190.0,190.9,188.25,189.1,2245704
2015-07-20,189.7,196.0,188.1,194.7,2243459
2015-07-21,195.3,196.4,190.7,192.05,3092921
2015-07-22,191.1,194.7,188.0,193.2,2359368
2015-07-23,196.0,202.9,194.75,197.15,4383803
2015-07-24,197.8,198.5,192.5,193.95,1674170
2015-07-27,192.7,195.75,190.2,191.45,2417645
2015-07-28,192.8,199.5,190.75,196.8,2879173
2015-07-29,198.4,204.9,198.35,203.8,3514965
2015-07-30,204.85,208.5,204.0,207.35,3591399
2015-07-31,208.3,209.95,200.1,202.55,3800203
2015-08-03,202.5,208.8,202.35,207.35,2953730
2015-08-04,207.25,218.5,203.5,217.25,4863271
2015-08-05,218.5,223.4,208.6,209.7,4259197
2015-08-06,210.45,213.75,207.15,212.05,2815104
2015-08-07,212.05,216.7,210.8,212.0,2628809
2015-08-10,212.1,214.8,207.5,209.15,2106953
2015-08-11,208.55,209.0,180.75,183.1,13375624
2015-08-12,183.1,190.25,180.0,188.35,8419224
2015-08-13,188.95,191.6,185.65,187.95,3575532
2015-08-14,189.5,192.9,186.4,191.95,2049543
2015-08-17,192.1,194.5,188.25,192.2,1723850
2015-08-18,194.0,204.0,193.55,202.0,2956582
2015-08-19,202.5,206.0,191.95,195.25,4588655
2015-08-20,195.9,197.9,191.65,194.45,2802925
2015-08-21,190.9,196.75,186.2,195.65,2469104
2015-08-24,187.8,188.5,166.35,169.9,5539839
2015-08-25,174.6,175.95,165.6,173.1,4959915
2015-08-26,173.0,182.7,169.0,179.15,3251072
2015-08-27,184.6,186.0,180.3,181.25,4072606
2015-08-28,182.2,186.95,178.3,181.25,1879712
2015-08-31,182.0,184.9,178.95,180.0,2207090
2015-09-01,178.6,180.75,167.5,169.65,3221786
2015-09-02,170.1,176.25,169.15,173.8,2117812
2015-09-03,174.9,176.6,170.8,172.0,2011862
2015-09-04,170.6,173.3,162.9,170.2,3009823
2015-09-07,170.7,172.7,167.85,168.7,1393563
2015-09-08,169.1,179.2,166.65,177.15,2188449
2015-09-09,179.25,181.6,177.3,178.25,2000066
2015-09-10,175.3,185.4,173.3,184.5,3003995
2015-09-11,185.0,188.6,183.05,185.4,2531572
2015-09-14,186.4,190.15,185.2,188.05,1501966
2015-09-15,188.55,189.9,185.0,186.4,1484762
2015-09-16,187.8,189.0,183.75,184.6,1587411
2015-09-18,187.05,191.5,185.65,186.55,2692858
2015-09-21,184.8,194.7,183.85,193.4,2685207
2015-09-22,195.05,197.5,180.9,183.5,3707639
2015-09-23,179.0,186.5,179.0,185.55,2040030
2015-09-24,183.8,187.65,183.5,186.7,2464837
2015-09-28,187.0,188.6,181.75,182.85,989652
2015-09-29,179.0,185.0,177.2,182.2,1926079
2015-09-30,184.35,185.4,177.9,179.95,2265916
2015-10-01,180.8,184.15,180.1,182.15,1493092
2015-10-05,182.6,192.3,182.6,190.95,2138798
2015-10-06,191.9,197.0,189.25,195.55,2405909
2015-10-07,196.1,198.5,193.2,194.55,1884280
2015-10-08,194.7,195.65,190.4,193.25,1375466
2015-10-09,194.5,195.55,185.1,187.95,1775725
2015-10-12,188.7,190.3,184.25,188.0,1065389
2015-10-13,187.0,191.35,186.9,190.55,1575122
2015-10-14,192.1,192.1,186.3,187.1,1251822
2015-10-15,187.75,192.6,187.75,191.3,1296881
2015-10-16,192.7,193.85,189.7,191.3,1490651
2015-10-19,192.0,194.8,191.05,193.8,944789
2015-10-20,195.0,196.8,194.05,194.95,2467064
2015-10-21,194.9,196.25,191.0,192.95,1685892
2015-10-23,194.05,198.3,192.25,194.75,1979573
2015-10-26,195.05,196.25,189.5,190.25,1662124
2015-10-27,189.4,190.85,187.65,190.1,944773
2015-10-28,190.0,193.0,188.8,190.85,1163622
2015-10-29,190.25,190.75,181.5,182.25,2334947
2015-10-30,181.05,181.5,168.2,171.05,5702135
2015-11-02,171.95,172.6,165.7,169.85,3576727
2015-11-03,171.1,171.5,163.4,164.75,3632925
2015-11-04,165.3,166.4,161.7,162.2,3101330
2015-11-05,162.0,163.15,158.1,159.05,3894925
2015-11-06,159.15,162.3,156.45,158.9,1949061
2015-11-09,156.8,161.4,153.4,160.55,2276910
2015-11-10,160.0,162.25,155.7,156.45,1731105
2015-11-11,158.7,159.0,157.45,158.15,185224
2015-11-13,158.0,158.0,154.25,155.1,1354971
2015-11-16,154.9,160.35,151.25,157.7,4472873
2015-11-17,160.65,163.3,159.25,162.0,4481654
2015-11-18,162.5,163.65,156.0,157.6,2754896
2015-11-19,159.25,161.0,157.6,160.35,2058770
2015-11-20,160.8,162.4,159.6,161.05,1526082
2015-11-23,161.75,162.25,160.2,161.4,1079892
2015-11-24,161.6,164.4,160.7,162.0,2070483
2015-11-26,162.9,162.9,160.5,160.85,2250995
2015-11-27,161.35,165.2,161.0,163.05,1508031
2015-11-30,163.4,165.0,161.15,162.3,1098966
2015-12-01,162.0,164.5,161.0,162.95,2109378
2015-12-02,164.8,166.8,163.5,164.05,2349853
2015-12-03,163.5,165.0,157.5,158.45,2693334
2015-12-04,156.0,157.9,154.1,155.2,1789734
2015-12-07,157.2,158.3,156.25,156.8,978387
2015-12-08,157.0,157.5,154.5,156.05,1617886
2015-12-09,154.5,157.05,150.25,151.1,1671180
2015-12-10,151.15,153.0,147.55,150.9,2443257
2015-12-11,151.4,152.1,146.6,148.05,2112922
2015-12-14,146.0,151.7,145.15,151.0,2203178
2015-12-15,152.6,152.65,147.05,149.3,1467455
2015-12-16,151.0,152.15,149.35,150.2,1246336
2015-12-17,151.0,154.3,149.2,153.65,1833787
2015-12-18,153.0,153.55,150.1,150.9,1726016
2015-12-21,150.7,152.5,149.2,151.7,1236059
2015-12-22,152.0,154.9,151.15,151.65,2060127
2015-12-23,153.1,153.35,151.0,152.25,856158
2015-12-24,152.65,154.3,151.7,153.55,820751
2015-12-28,153.5,156.6,153.35,155.65,1051634
2015-12-29,156.0,157.8,155.8,157.0,1237041
2015-12-30,157.0,158.5,154.25,155.2,1045000
2015-12-31,156.4,157.9,155.2,156.2,1053168
2016-01-01,156.9,160.0,156.05,159.0,1224291
2016-01-04,159.15,161.9,153.25,155.75,2203740
2016-01-05,156.95,158.4,154.25,157.25,1324704
2016-01-06,156.8,160.4,154.5,155.35,1550088
2016-01-07,153.75,153.8,147.0,148.85,3355306
2016-01-08,150.85,151.4,144.25,150.1,3121295
2016-01-11,148.95,151.95,146.65,148.0,1772306
2016-01-12,148.9,151.3,145.8,149.1,1597678
2016-01-13,149.5,152.6,144.9,148.6,2942194
2016-01-14,147.0,148.65,145.15,146.0,1774069
2016-01-15,146.6,147.3,136.85,139.3,3319165
2016-01-18,137.55,138.35,129.4,133.8,3310150
2016-01-19,132.0,135.85,129.05,132.4,4067685
2016-01-20,130.0,136.8,127.05,134.9,5680721
2016-01-21,136.0,139.05,132.95,135.65,1973050
2016-01-22,137.95,143.15,136.25,140.75,2078588
2016-01-25,142.0,146.4,141.2,142.7,2030338
2016-01-27,142.8,147.0,142.8,145.6,1233470
2016-01-28,146.0,149.7,143.85,146.95,2175330
2016-01-29,145.8,148.7,143.1,147.45,1578791
2016-02-01,149.0,149.0,142.1,144.0,2532906
2016-02-02,143.8,144.0,141.5,142.45,3388035
2016-02-03,140.0,142.5,137.6,138.5,3826110
2016-02-04,140.0,142.7,134.1,141.25,3865348
2016-02-05,140.9,141.65,136.9,138.25,2249494
2016-02-08,138.95,143.15,136.0,136.95,2251547
2016-02-09,134.05,138.4,133.45,135.1,2618057
2016-02-10,135.5,150.9,135.5,149.55,11748500
2016-02-11,149.85,152.4,147.4,149.0,6373004
2016-02-12,150.0,152.45,142.0,148.05,7522145
2016-02-15,150.0,157.9,150.0,156.4,2838355
2016-02-16,158.2,158.7,148.85,151.5,2537035
2016-02-17,151.5,160.3,151.5,159.7,5496754
2016-02-18,161.2,162.5,154.1,160.25,5320936
2016-02-19,159.5,163.5,158.05,160.65,2356212
2016-02-22,159.4,163.0,157.8,162.45,2573800
2016-02-23,162.55,164.5,158.3,163.25,2928145
2016-02-24,162.0,166.4,160.7,161.75,2940746
2016-02-25,161.8,161.8,157.0,158.1,2655870
2016-02-26,159.2,159.75,153.8,154.95,1746099
2016-02-29,156.4,160.55,152.4,157.85,3031587
2016-03-01,158.0,161.3,157.05,158.35,2925741
2016-03-02,160.2,169.05,160.1,164.85,3315300
2016-03-03,166.7,167.2,163.8,165.95,3644847
2016-03-04,166.0,171.6,165.1,170.15,3474287
2016-03-08,172.5,174.85,169.4,171.75,3665146
2016-03-09,170.0,172.75,166.0,171.5,2510975
2016-03-10,172.5,173.05,167.0,168.85,1855545
2016-03-11,168.85,170.55,166.5,167.5,1586552
2016-03-14,169.0,170.7,168.3,169.35,874339
2016-03-15,170.0,172.45,166.2,168.9,2437775
2016-03-16,170.6,170.6,165.5,168.4,1263306
2016-03-17,170.5,171.8,168.9,170.4,1611633
2016-03-18,171.0,179.4,168.55,177.25,3737007
2016-03-21,177.0,180.25,177.0,178.3,2170256
2016-03-22,177.55,181.5,176.2,178.6,3587364
2016-03-23,178.4,178.65,173.05,175.2,2239435
2016-03-28,173.05,176.25,170.25,172.0,1666204
2016-03-29,171.9,174.35,169.05,170.25,2093617
2016-03-30,171.45,173.9,169.95,172.9,2662792
2016-03-31,173.0,178.0,171.6,174.9,4069107
2016-04-01,174.3,176.4,173.1,174.4,1024764
2016-04-04,174.4,175.6,169.1,171.3,2140904
2016-04-05,170.7,172.15,164.5,165.5,1620648
2016-04-06,166.8,173.5,165.55,172.6,3151470
2016-04-07,173.6,173.85,167.9,168.5,1971133
2016-04-08,168.75,169.6,167.1,168.0,877445
2016-04-11,169.5,169.5,165.0,168.15,1824405
2016-04-12,168.7,170.0,165.5,168.1,2022831
2016-04-13,170.8,172.0,168.75,169.45,1358250
2016-04-18,169.0,174.8,167.9,173.25,2233362
2016-04-20,173.3,175.4,168.5,169.0,2367848
2016-04-21,169.6,170.75,162.8,164.05,2025872
2016-04-22,162.5,163.7,159.75,162.65,2162723
2016-04-25,162.8,165.35,158.55,161.55,2075010
2016-04-26,162.0,164.3,160.55,162.8,1886113
2016-04-27,163.0,167.2,162.1,166.45,2357341
2016-04-28,165.65,167.5,163.75,164.45,1590539
2016-04-29,164.4,164.45,158.1,160.15,1821818
2016-05-02,150.0,162.95,150.0,162.1,1909350
2016-05-03,162.9,163.45,158.0,158.5,1095169
2016-05-04,159.4,160.7,153.8,154.95,1611468
2016-05-05,155.3,157.1,154.1,155.4,1047717
2016-05-06,155.9,159.45,154.3,158.8,1037440
2016-05-09,159.0,160.2,156.3,157.25,1906405
2016-05-10,158.5,158.5,151.25,152.35,3266476
2016-05-11,150.1,154.3,149.7,153.5,2661915
2016-05-12,150.55,159.4,148.7,158.6,10149074
2016-05-13,158.4,161.25,156.85,159.75,3512999
2016-05-16,159.95,161.2,155.65,157.15,1776664
2016-05-17,156.6,158.8,153.1,153.55,1439028
2016-05-18,152.5,153.5,151.5,152.8,1301836
2016-05-19,153.2,154.7,150.0,150.8,2172570
2016-05-20,151.3,153.15,149.25,152.3,1472348
2016-05-23,151.9,152.9,150.75,151.5,1663293
2016-05-24,151.0,152.0,147.15,147.75,2282634
2016-05-25,148.65,152.45,147.3,151.8,1925250
2016-05-26,152.55,153.5,149.7,152.85,1673863
2016-05-27,153.0,157.25,152.8,156.85,1236710
2016-05-30,157.9,159.1,154.3,157.25,783258
2016-05-31,157.4,158.5,155.05,156.45,1125847
2016-06-01,156.55,157.7,153.05,153.45,990218
2016-06-02,153.45,155.45,151.05,154.95,835294
2016-06-03,155.1,156.6,150.35,150.95,860468
2016-06-06,151.0,153.1,150.15,151.8,375987
2016-06-07,153.0,153.75,150.85,153.25,1030575
2016-06-08,152.85,154.9,151.85,153.95,817263
2016-06-09,154.0,155.25,151.65,152.4,989693
2016-06-10,152.5,153.9,149.8,150.25,1317070
2016-06-13,149.0,150.0,147.4,148.1,873346
2016-06-14,148.0,152.4,147.7,151.6,1507275
2016-06-15,153.0,153.3,151.0,151.95,929650
2016-06-16,151.5,151.7,148.1,149.15,1835460
2016-06-17,149.15,150.3,147.8,148.9,1241361
2016-06-20,148.7,150.9,147.0,149.85,1825442
2016-06-21,149.95,151.0,148.05,148.6,863775
2016-06-22,149.7,149.7,147.05,148.75,1149498
2016-06-23,148.7,149.4,147.4,148.65,988343
2016-06-24,145.0,148.3,139.35,147.5,2024469
2016-06-27,147.5,147.95,145.0,146.1,909438
2016-06-28,146.0,148.6,145.6,147.95,1784911
2016-06-29,148.5,152.6,148.5,151.4,2189946
2016-06-30,154.9,154.9,151.1,151.5,1831804
2016-07-01,152.1,155.5,152.0,154.75,1869177
2016-07-04,155.0,157.95,155.0,156.6,1243946
2016-07-05,156.7,157.3,154.0,156.15,688093
2016-07-07,156.0,156.15,149.25,150.4,2274958
2016-07-08,150.4,151.6,149.3,149.75,1333960
2016-07-11,151.3,153.75,151.3,152.85,1290915
2016-07-12,152.65,156.65,151.1,156.05,3388577
2016-07-13,156.0,156.7,152.2,153.8,1490048
2016-07-14,153.0,155.95,153.0,155.25,807365
2016-07-15,156.5,157.65,155.9,156.85,1967506
2016-07-18,158.3,161.8,158.0,159.9,2932461
2016-07-19,160.95,161.3,156.75,158.7,2711588
2016-07-20,159.5,161.75,158.55,158.95,1321839
2016-07-21,160.0,161.0,157.0,157.9,1315066
2016-07-22,158.1,159.5,155.5,157.65,1894200
2016-07-25,158.0,163.25,158.0,162.55,2320610
2016-07-26,163.6,165.0,159.85,161.05,2486686
2016-07-27,161.3,162.75,158.6,161.3,1639458
2016-07-28,161.9,164.5,160.5,164.2,1561008
2016-07-29,164.05,165.3,161.5,163.3,2381739
2016-08-01,163.1,166.1,160.6,162.95,2180723
2016-08-02,164.0,164.5,159.5,161.45,1116580
2016-08-03,161.45,162.45,155.1,156.0,1628289
2016-08-04,158.4,163.4,154.25,161.05,2653327
2016-08-05,162.75,176.7,161.75,174.95,9551847
2016-08-08,175.0,183.25,175.0,181.0,5224830
2016-08-09,180.55,190.3,176.15,182.55,13871309
2016-08-10,182.8,186.0,171.55,172.6,7900943
2016-08-11,171.0,173.9,166.25,169.0,4213420
2016-08-12,168.5,174.2,168.5,170.4,2657868
2016-08-16,170.05,173.4,170.05,172.75,2063622
2016-08-17,172.75,177.0,170.75,175.65,2395507
2016-08-18,175.5,178.5,175.35,177.35,1624689
2016-08-19,177.4,178.8,174.5,175.5,1333543
2016-08-22,175.95,176.25,168.45,170.8,3146195
2016-08-23,169.5,173.9,168.1,172.5,2343873
2016-08-24,172.6,174.8,171.0,174.15,2411252
2016-08-25,174.6,176.7,172.6,173.8,1979466
2016-08-26,173.5,177.3,171.4,176.7,1629274
2016-08-29,178.6,185.7,178.6,184.2,4846688
2016-08-30,185.0,186.4,183.45,185.0,2381932
2016-08-31,184.85,186.2,181.15,183.05,2079953
2016-09-01,184.3,188.75,182.0,186.1,4992181
2016-09-02,186.95,195.9,186.65,194.5,6293256
2016-09-06,196.45,203.95,196.25,202.45,6547672
2016-09-07,203.75,207.7,203.0,206.0,3457581
2016-09-08,206.5,210.5,204.7,207.75,2817238
2016-09-09,209.5,215.9,208.5,212.85,4866480
2016-09-12,209.8,210.0,201.8,203.7,1937247
2016-09-14,205.0,214.85,203.0,213.25,5335005
2016-09-15,214.8,219.9,213.6,215.5,4719164
2016-09-16,216.0,217.95,208.25,213.45,3749895
2016-09-19,215.2,222.2,214.45,221.35,5757699
2016-09-20,222.85,223.7,216.05,217.25,5620605
2016-09-21,216.5,219.5,213.2,215.1,3723720
2016-09-22,218.0,218.7,212.8,215.7,2828200
2016-09-23,216.0,223.0,213.9,221.0,4590732
2016-09-26,221.0,221.75,215.6,216.25,2195480
2016-09-27,217.6,219.85,214.05,215.25,2597505
2016-09-28,214.0,221.65,210.6,220.45,6489227
2016-09-29,221.7,225.0,207.8,210.5,7063592
2016-09-30,210.0,221.4,210.0,219.95,3633516
2016-10-03,222.0,225.65,220.45,223.85,2873544
2016-10-04,224.1,225.9,219.3,220.6,2607046
2016-10-05,222.65,233.35,221.8,229.45,7048803
2016-10-06,230.95,234.75,225.05,227.5,4734834
2016-10-07,230.1,231.0,222.65,223.8,2240468
2016-10-10,224.1,228.9,223.1,223.7,2038308
2016-10-13,223.3,224.65,215.0,223.3,3176077
2016-10-14,222.75,223.65,215.6,216.75,3257357
2016-10-17,216.75,216.75,208.2,209.5,3341161
2016-10-18,210.5,220.9,206.1,219.7,5967957
2016-10-19,220.2,220.6,211.2,211.75,4508177
2016-10-20,212.0,215.15,210.45,212.3,3409691
2016-10-21,214.0,215.3,209.7,212.95,2446018
2016-10-24,214.9,215.05,209.1,209.8,2001973
2016-10-25,209.8,213.75,209.2,212.05,2096346
2016-10-26,211.0,216.1,207.4,208.3,3284971
2016-10-27,207.2,210.5,198.7,199.6,4846243
2016-10-28,200.0,203.75,199.0,201.9,2506033
2016-10-30,203.9,203.9,199.9,201.25,313694
2016-11-01,201.8,209.35,201.3,205.9,3268615
2016-11-02,204.35,204.35,198.35,199.2,1886663
2016-11-03,199.1,204.55,196.65,197.5,2484882
2016-11-04,198.15,200.95,190.1,193.15,2504600
2016-11-07,198.4,198.4,193.0,193.55,1844271
2016-11-08,194.9,199.0,190.55,197.55,3727718
2016-11-09,182.55,197.4,177.8,195.65,6049755
2016-11-10,197.0,203.35,194.7,195.55,2886090
2016-11-11,193.0,198.9,191.5,192.7,2835153
2016-11-15,194.9,194.9,182.1,186.75,3119302
2016-11-16,190.0,191.95,183.05,184.2,3105884
2016-11-17,183.0,187.5,182.65,185.6,1497150
2016-11-18,186.6,190.3,183.25,189.2,2019695
2016-11-21,189.7,189.85,178.65,181.55,2571775
2016-11-22,182.0,184.9,178.55,183.6,1858610
2016-11-23,184.2,184.5,176.1,177.95,3927960
2016-11-24,175.0,179.5,173.3,178.05,4103030
2016-11-25,179.8,181.75,177.65,180.85,1460448
2016-11-28,181.0,185.95,180.75,181.9,2212790
2016-11-29,184.75,185.85,181.8,184.1,1576827
2016-11-30,186.0,192.0,186.0,190.9,4014074
2016-12-01,192.25,192.5,187.5,188.15,1902668
2016-12-02,187.0,187.45,181.3,182.05,1875276
2016-12-05,182.0,187.5,179.6,186.5,2068990
2016-12-06,187.9,191.4,187.5,189.35,2078436
2016-12-07,189.4,190.9,186.5,188.7,1533694
2016-12-08,192.0,196.0,190.9,194.5,2700524
2016-12-09,197.0,198.8,194.45,197.75,2185182
2016-12-12,197.0,197.5,192.8,194.2,2224388
2016-12-13,194.0,197.25,192.95,196.8,1570751
2016-12-14,197.85,198.8,195.0,197.55,1893893
2016-12-15,196.9,203.2,195.45,201.3,4181174
2016-12-16,201.95,202.35,193.5,194.85,2790785
2016-12-19,194.2,196.85,192.1,195.75,2068003
2016-12-20,196.25,197.8,191.7,195.35,3089581
2016-12-21,195.4,195.75,189.8,192.45,5455440
2016-12-22,189.95,192.1,187.6,189.65,1798771
2016-12-23,189.7,191.5,187.9,189.35,1328790
2016-12-26,189.0,189.35,183.9,185.2,1303544
2016-12-27,184.8,188.6,179.65,187.85,2207500
2016-12-28,188.8,189.0,182.5,183.15,2405817
2016-12-29,183.0,186.0,182.35,185.35,3051743
2016-12-30,185.4,186.7,183.6,184.9,2138316
2017-01-02,187.0,187.85,183.85,185.85,1781042
2017-01-03,186.9,188.25,185.4,187.25,1360567
2017-01-04,187.7,189.4,184.5,185.3,1244450
2017-01-05,185.6,188.65,185.6,187.7,1595767
2017-01-06,187.65,191.85,186.75,188.9,2580440
2017-01-09,189.75,189.9,185.0,186.25,1325132
2017-01-10,186.6,195.9,186.1,194.45,2495539
2017-01-11,197.0,198.6,195.65,197.1,3622122
2017-01-12,197.35,198.55,193.35,194.8,2046050
2017-01-13,194.8,194.8,185.05,187.75,5589804
2017-01-16,185.25,188.5,184.6,186.85,2842194
2017-01-17,187.5,191.5,187.3,187.85,2488815
2017-01-18,188.55,190.4,186.6,188.95,2435356
2017-01-19,188.75,188.75,184.7,185.6,2291906
2017-01-20,185.85,186.95,182.65,183.75,2066552
2017-01-23,184.0,186.7,183.3,184.7,1211178
2017-01-24,185.35,186.5,184.05,185.05,2431531
2017-01-25,185.6,187.45,184.4,186.75,3912026
2017-01-27,188.0,189.8,186.1,187.35,1741509
2017-01-30,187.3,187.4,183.3,183.9,1390787
2017-01-31,183.4,183.5,179.0,180.4,2025683
2017-02-01,180.3,189.0,176.25,186.95,7118554
2017-02-02,187.0,188.75,182.1,184.45,2558578
2017-02-03,184.2,187.3,181.3,183.3,2777653
2017-02-06,184.0,184.9,181.35,182.15,1670342
2017-02-07,181.7,185.0,180.45,182.65,2725144
2017-02-08,182.3,186.65,181.45,185.9,2462154
2017-02-09,186.3,187.85,182.25,183.6,1739437
2017-02-10,183.6,184.25,181.05,182.45,2590030
2017-02-13,183.3,183.3,178.25,179.25,1726610
2017-02-14,180.0,180.0,174.5,175.45,1972119
2017-02-15,174.55,176.85,173.35,174.2,2517954
2017-02-16,174.3,179.7,171.6,178.9,4054456
2017-02-17,179.95,181.5,176.6,179.5,2274487
2017-02-20,179.0,182.0,178.15,179.75,2545288
2017-02-21,180.45,180.85,178.85,180.0,2152875
2017-02-22,180.85,182.8,178.9,179.9,3638530
2017-02-23,180.7,185.15,179.6,184.45,4030414
2017-02-27,185.2,187.0,183.75,185.05,2991680
2017-02-28,185.8,189.45,185.1,187.6,3301330
2017-03-01,188.95,191.15,184.6,185.65,2229344
2017-03-02,186.9,187.65,180.6,181.4,1864411
2017-03-03,180.8,184.0,179.65,183.45,2264868
2017-03-06,184.2,184.45,181.8,182.7,1515319
2017-03-07,182.4,183.5,180.55,181.25,1249252
2017-03-08,180.25,182.35,177.8,179.9,1628933
2017-03-09,179.9,182.55,179.05,179.5,2079204
2017-03-10,181.9,181.9,178.45,179.1,1590706
2017-03-14,183.0,187.3,181.25,186.1,3340317
2017-03-15,187.2,196.5,187.0,194.1,9848960
2017-03-16,195.7,198.65,194.6,196.25,3822845
2017-03-17,197.4,199.8,191.8,198.85,4872998
2017-03-20,204.0,205.9,202.0,203.0,8999554
2017-03-21,204.0,205.95,199.2,204.95,4512017
2017-03-22,203.8,207.95,202.1,204.65,7102360
2017-03-23,206.6,208.0,204.0,206.5,4474217
2017-03-24,206.7,211.3,205.1,209.25,6289999
2017-03-27,208.75,211.9,206.6,210.6,4714879
2017-03-28,211.0,212.5,203.3,203.95,4666644
2017-03-29,203.5,210.5,200.65,209.4,6029056
2017-03-30,211.1,211.1,207.15,207.9,2759080
2017-03-31,208.9,210.9,207.6,208.7,1893678
2017-04-03,209.0,211.45,208.65,210.25,1688873
2017-04-05,211.5,214.15,210.9,211.95,2484413
2017-04-06,212.0,215.3,210.3,212.85,3386136
2017-04-07,211.5,216.5,210.0,213.45,3579041
2017-04-10,216.0,218.0,214.15,216.7,3368676
2017-04-11,217.55,232.95,216.75,227.75,9480815
2017-04-12,229.9,229.9,220.1,221.2,4711488
2017-04-13,221.25,227.3,220.95,222.35,3646063
2017-04-17,223.0,231.4,220.75,229.25,5253164
2017-04-18,229.95,236.45,225.3,227.0,5388471
2017-04-19,227.7,233.0,226.15,230.55,3249841
2017-04-20,231.45,241.0,228.95,240.1,5839488
2017-04-21,241.9,242.35,233.2,237.1,4537956
2017-04-24,238.05,242.3,235.5,241.5,4364101
2017-04-25,242.4,244.4,239.0,242.75,2993642
2017-04-26,242.7,249.5,241.85,247.25,6171207
2017-04-27,249.0,249.9,245.4,248.1,3700308
2017-04-28,248.0,248.15,242.1,244.0,1879173
2017-05-02,244.2,252.5,241.15,250.25,2997430
2017-05-03,252.0,254.25,243.65,244.65,4256400
2017-05-04,245.1,250.2,241.1,242.8,3174956
2017-05-05,242.5,247.45,239.5,245.9,5050129
2017-05-08,240.0,245.0,238.25,240.35,6158877
2017-05-09,242.0,242.6,232.6,234.6,3771651
2017-05-10,234.95,236.35,228.55,231.65,4538041
2017-05-11,233.7,235.4,229.2,230.4,4696584
2017-05-12,231.6,232.7,225.2,227.05,2467294
2017-05-15,227.6,232.4,225.05,231.9,4347614
2017-05-16,232.0,235.35,230.7,234.4,3426685
2017-05-17,234.1,239.05,231.7,237.35,5219959
2017-05-18,235.1,239.9,230.05,232.65,3965961
2017-05-19,234.4,237.75,230.1,234.65,5363574
2017-05-22,234.0,237.55,230.9,233.75,4429589
2017-05-23,232.0,233.0,225.65,230.5,3349365
2017-05-24,229.0,230.45,217.25,221.45,4210918
2017-05-25,223.7,228.0,218.8,226.9,2798923
2017-05-26,227.45,236.0,223.8,232.1,2473018
2017-05-29,232.0,234.35,225.05,225.65,2325611
2017-05-30,224.0,229.75,222.85,228.2,2050162
2017-05-31,229.3,231.65,227.5,228.6,2233535
2017-06-01,228.0,243.9,227.5,242.8,7092775
2017-06-02,243.15,248.85,241.6,247.15,5512657
2017-06-05,245.15,254.5,245.15,248.2,3539094
2017-06-06,248.95,260.9,242.15,259.35,6377588
2017-06-07,261.95,264.75,257.3,259.45,6591199
2017-06-08,259.95,264.35,257.0,258.2,5124556
2017-06-09,260.1,262.5,255.7,258.0,4079827
2017-06-12,256.8,262.4,254.35,260.35,3182739
2017-06-13,261.0,266.6,253.95,257.3,8151583
2017-06-14,254.4,259.9,251.5,258.15,6064458
2017-06-15,257.0,260.6,254.95,257.2,3452982
2017-06-16,257.3,259.65,254.65,255.65,2155363
2017-06-19,256.95,258.4,253.05,256.7,2695737
2017-06-20,256.95,265.0,256.95,261.75,4810795
2017-06-21,262.0,266.3,258.8,260.3,6463867
2017-06-22,261.1,263.35,255.0,257.3,3234463
2017-06-23,256.9,257.0,246.0,247.05,4146341
2017-06-27,245.35,245.4,238.9,243.25,2949329
2017-06-28,240.0,245.75,237.5,244.3,4211405
2017-06-29,246.5,247.3,241.85,242.9,2014274
2017-06-30,240.0,243.1,239.0,240.7,2152305
2017-07-03,241.0,255.05,241.0,254.6,5023488
2017-07-04,255.7,256.75,250.35,251.2,3128081
2017-07-05,252.8,257.9,251.0,254.55,2260574
2017-07-06,256.25,260.0,255.0,256.4,2911311
2017-07-07,254.9,260.0,252.9,258.75,3812270
2017-07-10,260.0,260.0,251.0,257.25,301951
2017-07-11,257.4,259.7,247.4,249.6,3938837
2017-07-12,247.7,254.0,245.5,252.25,3907251
2017-07-13,251.45,254.85,250.0,251.5,2118858
2017-07-14,252.5,252.5,249.0,251.0,1480370
2017-07-17,251.0,254.75,246.7,253.35,3015300
2017-07-18,252.85,256.9,249.95,252.85,3368756
2017-07-19,253.9,257.35,253.15,255.9,3036591
2017-07-20,256.0,257.45,252.25,253.7,1830875
2017-07-21,253.0,255.7,250.3,252.4,2795175
2017-07-24,254.3,255.5,251.05,253.7,1905074
2017-07-25,253.8,265.7,252.55,264.55,6443067
2017-07-26,265.8,268.9,264.25,266.9,5575016
2017-07-27,266.2,267.15,258.75,261.9,2727039
2017-07-28,261.4,265.4,259.45,263.2,2729167
2017-07-31,263.65,269.9,261.2,266.5,4278814
2017-08-01,267.7,268.0,263.0,266.95,2285358
2017-08-02,266.0,279.0,263.75,277.75,8790037
2017-08-03,278.5,278.6,269.3,270.85,5013187
2017-08-04,261.0,270.4,259.1,262.25,10772073
2017-08-07,255.6,288.45,255.6,285.5,18908914
2017-08-08,285.0,285.0,271.75,280.45,8342293
2017-08-09,276.15,279.0,267.5,270.25,6919830
2017-08-10,269.7,275.75,257.45,262.6,4651785
2017-08-11,260.1,262.5,252.0,257.05,4783508
2017-08-14,260.3,264.75,258.65,262.9,2552441
2017-08-16,265.0,273.95,259.5,272.7,4475188
2017-08-17,272.85,274.75,268.35,269.25,3452974
2017-08-18,267.4,271.8,265.3,270.15,2175670
2017-08-21,270.0,273.7,266.85,268.9,2921377
2017-08-22,270.25,271.7,255.4,259.65,4894280
2017-08-23,260.0,264.95,256.0,259.8,3009326
2017-08-24,261.0,261.4,253.6,257.0,3459869
2017-08-28,257.05,257.65,251.2,252.6,5360565
2017-08-29,249.5,254.65,246.15,249.15,6524043
2017-08-30,251.0,253.3,247.6,248.35,3302942
2017-08-31,248.35,254.2,248.35,253.4,4619190
2017-09-01,256.0,257.05,252.6,256.35,3278369
2017-09-04,257.0,257.0,248.25,250.7,4478038
2017-09-05,250.85,255.0,250.7,253.45,2357609
2017-09-06,251.1,257.1,250.1,254.85,2563552
2017-09-07,256.8,257.6,252.25,253.2,2377279
2017-09-08,253.45,255.4,250.3,252.4,1600999
2017-09-11,253.8,257.2,252.05,256.2,2212611
2017-09-12,257.65,264.5,256.1,263.35,3002793
2017-09-13,266.0,266.55,258.2,260.0,4176745
2017-09-14,260.5,263.1,258.45,259.45,1673275
2017-09-15,258.3,260.45,253.55,255.7,2512542
2017-09-18,259.5,262.95,255.5,261.55,3148346
2017-09-19,261.25,263.3,257.5,258.5,1709213
2017-09-20,268.0,269.0,261.65,262.25,5085001
2017-09-21,262.7,263.8,254.8,257.4,3027899
2017-09-22,259.75,263.0,248.65,251.35,4945207
2017-09-25,253.2,253.2,245.0,249.8,2827572
2017-09-26,243.0,252.2,243.0,248.0,3655722
2017-09-27,248.55,250.1,239.3,241.7,2004251
2017-09-28,242.05,246.3,240.6,243.15,4015188
2017-09-29,244.55,249.4,244.55,245.75,2881800
2017-10-03,249.0,249.7,242.0,244.15,2325570
2017-10-04,245.2,246.25,237.65,238.95,4024911
2017-10-05,237.5,240.8,236.0,239.7,3443418
2017-10-06,239.2,243.75,237.25,242.3,3960690
2017-10-09,243.6,243.9,236.5,238.1,3689179
2017-10-10,238.4,242.8,238.05,242.25,2879505
2017-10-11,242.9,244.35,236.0,238.15,2982730
2017-10-12,239.2,243.0,238.5,242.5,2427106
2017-10-13,246.4,246.4,240.35,242.2,1801541
2017-10-16,242.4,245.7,240.45,242.35,2832308
2017-10-17,242.35,247.0,240.95,246.0,1810140
2017-10-18,246.9,248.9,242.85,243.55,1753632
2017-10-19,243.55,243.95,240.0,241.3,200575
2017-10-23,241.0,242.5,237.0,239.75,2839975
2017-10-24,239.65,243.65,239.5,240.5,1249906
2017-10-25,241.5,242.5,238.5,241.2,1203040
2017-10-26,240.95,242.5,237.4,238.6,9175736
2017-10-27,239.0,244.8,238.85,243.5,2700936
2017-10-30,245.45,249.65,243.7,246.9,2939875
2017-10-31,246.7,247.3,243.8,246.0,1474552
2017-11-01,248.65,248.65,240.55,244.65,3135278
2017-11-02,241.1,250.8,235.7,237.15,6073028
2017-11-03,237.5,239.9,232.75,236.45,3858578
2017-11-06,236.0,244.2,234.05,242.85,4508729
2017-11-07,242.5,243.75,232.4,234.3,4061444
2017-11-08,234.3,236.75,228.2,229.7,2729724
2017-11-09,232.85,234.0,228.15,233.15,2260142
2017-11-10,234.55,237.9,230.3,236.0,2568531
2017-11-13,237.0,239.2,235.25,236.25,1880772
2017-11-14,236.55,237.35,230.55,231.55,1616032
2017-11-15,233.4,241.05,229.55,232.0,4418215
2017-11-16,233.45,237.0,231.55,233.25,2056626
2017-11-17,235.8,239.0,234.5,236.3,1957214
2017-11-20,236.8,238.0,234.55,235.55,2905664
2017-11-21,237.0,247.0,235.35,245.7,6369579
2017-11-22,247.7,249.8,243.55,248.15,3977673
2017-11-23,250.0,253.9,248.0,252.8,4768486
2017-11-24,253.0,255.4,251.5,254.1,2320121
2017-11-27,251.55,257.5,250.65,256.8,2432690
2017-11-28,256.95,258.3,255.0,256.8,1413873
2017-11-29,255.05,259.6,255.05,258.8,1546171
2017-11-30,255.65,257.75,249.2,250.7,2736138
2017-12-01,251.85,255.65,243.4,244.25,2469582
2017-12-04,245.7,246.9,240.95,242.95,1416428
2017-12-05,241.25,243.0,236.8,239.6,2816961
2017-12-06,237.6,241.4,237.1,238.25,3637090
2017-12-07,239.35,244.65,239.0,243.2,1971658
2017-12-08,245.0,249.35,244.2,247.9,2076472
2017-12-11,249.0,250.4,245.2,246.75,1534556
2017-12-12,247.0,249.95,243.2,244.5,2185339
2017-12-13,245.0,247.0,241.7,245.55,2229760
2017-12-14,245.3,246.7,239.55,240.75,2193001
2017-12-15,243.0,254.1,243.0,249.6,5124428
2017-12-18,248.8,260.25,240.35,255.1,4980855
2017-12-19,255.2,260.85,255.2,259.55,2517564
2017-12-20,259.6,262.65,257.9,260.05,2506464
2017-12-21,261.9,266.7,256.3,265.4,4126638
2017-12-22,266.3,268.85,262.35,264.85,3742427
2017-12-26,263.0,269.95,260.05,267.5,2731077
2017-12-27,267.5,271.35,262.5,268.85,4025076
2017-12-28,269.8,271.5,266.0,268.8,2972180
2017-12-29,267.2,270.3,266.05,268.25,2891635
2018-01-01,268.25,272.7,266.75,268.85,1308125
2018-01-02,268.85,272.4,262.2,267.55,2819943
2018-01-03,267.6,271.0,267.6,269.95,1504749
2018-01-04,270.9,272.0,268.4,270.9,2423527
2018-01-05,270.1,283.5,269.75,280.6,5282717
2018-01-08,282.1,285.0,279.0,283.7,2827715
2018-01-09,283.95,288.65,280.65,285.6,3741055
2018-01-10,287.0,288.15,275.85,278.05,3481128
2018-01-11,278.5,280.45,275.5,279.05,1633890
2018-01-12,279.45,281.8,274.95,278.95,2675592
2018-01-15,280.0,282.0,277.35,278.7,1738472
2018-01-16,277.35,278.0,268.7,271.7,2962659
2018-01-17,273.0,275.0,269.55,273.85,2010538
2018-01-18,274.0,274.65,259.35,261.85,3167641
2018-01-19,261.95,266.0,260.35,264.8,1621095
2018-01-22,265.9,265.9,257.3,259.6,1411127
2018-01-23,261.4,267.95,260.2,264.85,1899243
2018-01-24,264.8,268.7,260.65,267.25,1868919
2018-01-25,269.0,269.6,259.6,261.05,5131170
2018-01-29,263.95,264.4,254.75,257.6,1497214
2018-01-30,256.7,261.35,250.75,258.45,4217855
2018-01-31,259.4,263.75,253.55,254.85,3531429
2018-02-01,255.8,268.5,248.4,262.35,4693162
2018-02-02,258.0,260.25,246.0,249.5,5641354
2018-02-05,241.3,255.7,238.4,252.0,2874449
2018-02-06,240.0,255.4,229.55,248.25,6238520
2018-02-07,250.9,264.9,250.15,261.1,5587479
2018-02-08,261.0,272.0,259.15,269.75,5327898
2018-02-09,262.8,272.0,262.65,270.8,2254834
2018-02-12,272.05,277.8,271.1,274.9,3624552
2018-02-14,279.9,279.95,272.5,274.0,3007377
2018-02-15,274.0,279.0,270.55,272.75,4238095
2018-02-16,273.0,276.0,260.05,261.3,2417120
2018-02-19,262.4,262.85,250.1,254.55,2842510
2018-02-20,255.0,265.5,253.65,264.7,4636403
2018-02-21,266.1,268.0,259.1,262.15,1935835
2018-02-22,260.0,264.65,260.0,262.95,2296396
2018-02-23,264.0,269.85,263.0,268.85,2901084
2018-02-26,270.45,271.0,265.75,268.45,2201918
2018-02-27,269.95,269.95,262.15,264.65,2640754
2018-02-28,265.1,275.5,261.7,274.55,5332447
2018-03-01,274.0,274.0,264.7,265.7,3851150
2018-03-05,266.4,266.7,257.7,259.15,3163425
2018-03-06,260.0,263.0,255.0,258.55,3745933
2018-03-07,260.0,260.0,250.5,254.95,2605902
2018-03-08,255.55,261.25,252.4,260.0,2801164
2018-03-09,263.3,265.2,257.8,260.0,2986138
2018-03-12,260.85,262.8,256.15,262.15,1659940
2018-03-13,260.1,267.95,260.1,264.55,1798681
2018-03-14,263.1,267.65,261.95,267.0,1613608
2018-03-15,266.5,269.5,262.4,266.45,2765849
2018-03-16,264.5,268.7,263.25,265.65,3241898
2018-03-19,263.55,265.5,259.25,261.25,1384506
2018-03-20,261.1,264.3,258.0,263.25,1132351
2018-03-21,263.5,267.3,262.7,263.05,1030507
2018-03-22,262.5,264.25,259.8,260.2,1427843
2018-03-23,253.8,258.4,251.65,256.05,2051561
2018-03-26,257.0,268.75,255.0,267.65,2042206
2018-03-27,269.0,276.0,269.0,274.8,3310412
2018-03-28,272.5,281.8,271.6,277.05,3024236
2018-04-02,277.7,279.65,271.3,277.4,1501332
2018-04-03,277.4,289.45,276.0,285.6,3788338
2018-04-04,286.1,289.05,280.5,282.15,2783007
2018-04-05,284.35,295.35,284.35,292.5,4642680
2018-04-06,292.0,296.2,288.9,294.1,3223111
2018-04-09,294.1,297.5,291.2,293.2,2702990
2018-04-10,296.85,296.85,288.0,290.7,1881153
2018-04-11,290.3,291.6,285.75,286.75,1954853
2018-04-12,288.5,297.2,284.3,294.6,4040620
2018-04-13,296.75,300.5,293.5,296.25,4792776
2018-04-16,293.5,301.5,290.55,300.05,2363413
2018-04-17,301.0,307.25,295.2,296.55,6913502
2018-04-18,298.75,299.2,288.25,289.45,3521201
2018-04-19,291.35,295.95,286.55,292.95,4278681
2018-04-20,291.0,293.65,286.2,287.95,2551938
2018-04-23,287.0,290.5,283.95,289.1,2374803
2018-04-24,289.0,293.0,286.6,288.7,2202561
2018-04-25,288.9,289.15,284.0,284.75,1528321
2018-04-26,283.8,287.4,282.05,285.95,2654908
2018-04-27,287.0,293.9,286.5,292.85,2852936
2018-04-30,295.85,296.85,293.05,294.35,1769276
2018-05-02,296.85,300.7,287.65,290.2,3122546
2018-05-03,291.5,295.3,285.15,286.35,2402684
2018-05-04,285.55,287.95,282.0,286.45,1888110
2018-05-07,287.15,294.8,285.55,293.9,2189545
2018-05-08,294.9,296.45,288.2,289.1,2067280
2018-05-09,288.85,292.85,285.55,286.6,2545142
2018-05-10,288.05,291.9,282.1,283.6,2873706
2018-05-11,288.6,289.65,274.1,280.0,3776298
2018-05-14,281.9,287.5,278.55,286.3,2561495
2018-05-15,285.4,290.8,283.45,288.05,1992223
2018-05-16,287.5,295.4,285.2,294.05,2123951
2018-05-17,295.0,295.0,286.9,288.45,1831666
2018-05-18,289.45,290.5,284.5,285.95,1404964
2018-05-21,285.0,286.45,273.15,276.0,2647317
2018-05-22,276.0,278.0,269.6,274.25,1686995
2018-05-23,273.25,277.85,271.25,274.9,1653827
2018-05-24,275.0,276.3,266.25,272.6,2318445
2018-05-25,272.7,282.2,271.05,279.5,1420896
2018-05-28,282.95,297.4,280.5,287.05,5098864
2018-05-29,288.0,291.35,279.15,280.0,2483607
2018-05-30,277.0,280.75,273.75,276.15,2661368
2018-05-31,276.55,277.55,267.0,269.3,2039549
2018-06-01,269.95,271.7,263.0,266.0,2252213
2018-06-04,269.0,270.45,264.35,266.05,2099074
2018-06-05,268.0,270.35,260.6,269.05,5148797
2018-06-06,269.25,274.5,266.65,273.4,2271168
2018-06-07,274.1,277.0,272.3,275.95,3335231
2018-06-08,275.0,276.65,272.6,275.25,1997748
2018-06-11,276.25,278.6,273.8,275.2,1595285
2018-06-12,274.2,276.35,273.0,275.3,1278763
2018-06-13,275.6,279.0,274.25,275.1,1363820
2018-06-14,274.85,276.55,273.0,275.1,1199938
2018-06-15,275.7,277.75,267.2,268.7,1759211
2018-06-18,269.45,274.15,268.0,271.4,1192130
2018-06-19,271.0,274.45,267.75,268.5,1385595
2018-06-20,268.45,272.2,261.5,271.1,2304827
2018-06-21,274.2,275.5,268.95,274.25,2367482
2018-06-22,273.85,274.45,267.15,272.75,1890787
2018-06-25,272.0,272.95,267.8,268.25,980663
2018-06-26,267.8,270.7,264.35,265.8,2041181
2018-06-27,264.85,266.4,257.85,259.75,1539547
2018-06-28,255.8,260.9,246.35,254.65,3890653
2018-06-29,254.5,258.85,250.75,254.0,2401324
2018-07-02,255.0,258.35,251.3,252.4,1810125
2018-07-03,252.65,255.6,250.5,251.65,1929833
2018-07-04,251.9,254.15,246.65,253.3,2113615
2018-07-05,254.8,256.4,251.0,252.05,1262640
2018-07-06,251.75,262.95,251.1,261.5,3592025
2018-07-09,263.0,266.75,261.2,262.1,3349316
2018-07-10,260.0,267.75,260.0,266.7,1943253
2018-07-11,266.65,268.75,261.6,264.8,1736695
2018-07-12,268.5,272.0,265.05,265.75,2340177
2018-07-13,266.25,270.0,258.25,269.0,2456357
2018-07-16,268.0,270.0,263.5,268.25,1688534
2018-07-17,268.0,279.35,266.85,277.25,2864129
2018-07-18,276.95,276.95,269.5,272.0,2547022
2018-07-19,274.95,284.0,270.25,279.75,2616046
2018-07-20,277.15,289.8,274.35,280.3,5049006
2018-07-23,280.0,280.2,269.5,275.9,3385991
2018-07-24,276.05,280.45,270.5,274.35,2616286
2018-07-25,274.0,282.95,270.8,276.85,3236167
2018-07-26,277.0,290.0,277.0,286.85,7421999
2018-07-27,286.3,293.7,283.45,290.4,2773138
2018-07-30,289.9,293.0,286.05,289.45,2175750
2018-07-31,291.4,296.1,287.15,292.8,4015896
2018-08-01,294.95,299.5,287.55,291.6,11145442
2018-08-02,292.9,294.4,285.0,286.25,3627740
2018-08-03,288.35,290.65,285.0,286.65,2113372
2018-08-06,287.3,288.05,273.1,275.9,5083429
2018-08-07,275.0,278.0,272.5,276.8,3620771
2018-08-08,277.0,277.8,271.5,272.55,2127601
2018-08-09,273.0,276.0,270.1,271.3,2781246
2018-08-10,271.0,272.05,263.1,264.0,2584615
2018-08-13,262.0,265.6,260.05,261.55,2026369
2018-08-14,262.1,267.5,262.0,266.95,3368667
2018-08-16,265.5,267.4,261.65,263.45,2679639
2018-08-17,266.25,269.0,264.3,266.7,1804401
2018-08-20,264.6,266.5,261.2,261.85,4447592
2018-08-21,258.0,264.8,257.55,262.6,6870652
2018-08-23,263.0,263.0,255.7,259.25,3566372
2018-08-24,259.0,264.3,257.1,260.7,3052623
2018-08-27,264.0,266.0,261.45,263.75,2527938
2018-08-28,264.1,265.0,252.5,253.85,6296138
2018-08-29,255.0,256.8,249.4,250.5,3213653
2018-08-30,252.0,252.0,248.7,250.55,4947003
2018-08-31,251.4,254.85,250.65,251.4,2067525
2018-09-03,252.0,254.5,248.8,250.3,1674997
2018-09-04,250.0,251.0,239.75,241.15,4263761
2018-09-05,240.0,245.5,237.2,244.35,3165366
2018-09-06,246.0,247.0,242.5,245.95,1624909
2018-09-07,246.2,250.5,245.0,247.75,2248742
2018-09-10,247.0,250.8,235.7,241.25,1994669
2018-09-11,238.2,242.85,229.0,230.75,4318217
2018-09-12,231.95,233.0,225.55,230.6,4642573
2018-09-14,234.0,242.45,232.3,241.6,5074936
2018-09-17,240.45,245.0,236.5,243.55,2939173
2018-09-18,243.35,244.65,238.0,238.85,2947278
2018-09-19,241.0,241.8,236.3,239.85,2286893
2018-09-21,242.6,243.65,216.5,231.2,5453773
2018-09-24,231.3,233.2,223.3,226.1,2291403
2018-09-25,225.7,235.1,222.15,231.1,2889656
2018-09-26,235.0,235.0,226.55,228.3,2397083
2018-09-27,233.0,236.3,220.15,222.05,6857884
2018-09-28,216.05,221.95,205.55,212.25,7769507
2018-10-01,211.0,215.4,202.8,213.1,4267809
2018-10-03,210.0,214.45,205.25,206.0,3624093
2018-10-04,200.8,205.45,198.5,203.3,2991297
2018-10-05,201.25,204.2,194.0,198.0,2951857
2018-10-08,195.9,207.45,193.9,205.25,3261159
2018-10-09,206.2,208.0,199.65,201.4,3482398
2018-10-10,201.6,215.65,201.6,214.35,3138955
2018-10-11,208.0,211.65,204.95,206.0,1980808
2018-10-12,209.0,219.0,209.0,217.05,3747478
2018-10-15,219.7,219.7,212.9,216.6,1811281
2018-10-16,218.8,222.8,216.95,220.3,2053978
2018-10-17,222.3,223.95,208.0,209.3,2346918
2018-10-19,209.5,211.9,204.5,206.3,2104200
2018-10-22,208.65,209.55,205.65,206.3,1467975
2018-10-23,204.1,208.0,192.05,196.25,6821891
2018-10-24,201.1,206.6,200.0,205.05,3257357
2018-10-25,201.5,208.85,199.2,207.05,3043270
2018-10-26,202.9,213.45,200.4,207.55,3171759
2018-10-29,208.0,216.0,204.95,214.95,1684170
2018-10-30,215.2,219.7,213.6,215.05,2383136
2018-10-31,216.05,219.9,209.6,218.8,1582761
2018-11-01,220.0,223.4,216.8,218.4,1269156
2018-11-02,222.0,229.5,219.1,220.7,4362130
2018-11-05,220.5,222.05,213.85,215.2,1515633
2018-11-06,216.75,219.9,211.9,212.75,2272040
2018-11-07,214.85,221.2,213.2,220.25,1142635
2018-11-09,220.8,224.3,218.7,221.05,2660337
2018-11-12,221.1,222.2,213.8,214.6,2200263
2018-11-13,214.9,224.5,212.0,222.6,10096359
2018-11-14,226.0,230.5,221.0,223.35,7305882
2018-11-15,223.75,231.2,219.15,230.0,3354365
2018-11-16,229.0,231.4,224.1,226.25,2715552
2018-11-19,226.6,229.9,222.9,229.15,2500442
2018-11-20,229.0,229.8,224.65,225.3,2820381
2018-11-21,227.95,231.75,224.8,225.45,6062909
2018-11-22,227.95,227.95,216.7,218.75,3826219
2018-11-26,219.95,225.0,218.6,224.2,3812986
2018-11-27,223.25,231.0,222.15,230.1,4816417
2018-11-28,230.1,237.35,230.1,236.3,8415614
2018-11-29,238.15,241.0,234.5,236.0,8069235
2018-11-30,236.95,240.3,234.35,239.05,2180338
2018-12-03,242.35,242.35,233.5,234.95,2285274
2018-12-04,234.55,236.85,230.4,232.65,1822163
2018-12-05,232.8,235.35,226.1,228.1,2123955
2018-12-06,226.0,226.95,222.45,225.15,1153486
2018-12-07,226.9,228.15,222.55,226.4,2388836
2018-12-10,223.6,226.25,220.75,225.0,1835010
2018-12-11,221.05,234.95,221.05,233.7,1980032
2018-12-12,233.4,240.0,232.5,237.85,1755281
2018-12-13,239.7,239.7,233.0,234.45,1430472
2018-12-14,235.0,237.35,230.5,235.1,2118894
2018-12-17,235.0,236.6,231.7,234.8,1484694
2018-12-18,234.7,242.3,233.2,235.55,4136850
2018-12-19,237.1,240.2,236.8,239.65,2910445
2018-12-20,241.35,244.85,238.2,239.55,6293860
2018-12-21,243.0,243.0,232.1,233.4,3965309
2018-12-24,230.25,233.5,225.3,229.05,4165981
2018-12-26,227.0,235.25,225.6,233.35,2417738
2018-12-27,234.45,235.3,230.1,231.05,1916532
2018-12-28,232.5,236.5,231.8,234.5,1568629
2019-01-01,236.5,236.5,232.6,234.4,1125991
2019-01-02,233.0,235.25,229.25,230.85,1983510
2019-01-03,230.0,232.55,227.35,227.85,1183802
2019-01-04,228.0,234.25,226.15,233.4,1540427
2019-01-07,234.85,234.9,229.45,230.15,929054
2019-01-08,230.0,232.35,228.05,228.8,1285634
2019-01-09,230.3,230.3,223.0,223.4,1830077
2019-01-10,223.0,228.2,222.0,227.25,1371920
2019-01-11,227.0,227.45,224.7,225.95,870820
2019-01-14,225.5,225.5,222.0,223.4,1067341
2019-01-15,224.0,225.5,222.6,223.2,2219716
2019-01-16,222.3,227.4,217.25,218.85,3263101
2019-01-17,218.85,221.85,217.7,218.4,2694921
2019-01-18,219.5,221.0,217.5,217.9,1519378
2019-01-21,217.8,219.6,215.5,216.6,915690
2019-01-22,215.6,220.3,214.55,219.0,1885675
2019-01-23,219.05,219.9,217.0,218.4,995406
2019-01-24,218.8,219.05,216.0,216.8,802132
2019-01-25,217.5,218.7,208.75,210.75,2218748
2019-01-28,208.35,212.4,207.8,209.65,1887429
2019-01-29,207.0,208.75,199.65,203.05,3260886
2019-01-30,202.9,206.6,201.3,203.3,1409006
2019-01-31,205.3,205.3,199.3,204.35,1795751
2019-02-01,204.65,210.75,203.6,207.85,1670882
2019-02-04,208.0,208.05,197.3,200.15,2328060
2019-02-05,200.15,205.4,196.35,202.5,6299857
2019-02-06,201.9,202.85,193.8,199.15,3309459
2019-02-07,199.8,208.6,197.5,207.45,3735779
2019-02-08,206.2,209.9,202.0,203.15,2519281
2019-02-11,202.15,204.85,200.2,201.7,1741712
2019-02-12,202.0,205.15,199.25,200.9,1566055
2019-02-13,201.0,203.85,198.5,199.5,2357127
2019-02-14,198.2,204.35,197.45,202.7,2090637
2019-02-15,202.8,202.9,196.7,200.4,2385065
2019-02-18,200.5,203.8,199.65,202.7,1647484
2019-02-19,202.5,208.95,201.55,202.4,2764354
2019-02-20,203.2,210.9,203.2,209.1,3626848
2019-02-21,209.95,211.5,207.0,208.95,2324645
2019-02-22,210.0,211.15,206.2,210.15,2463708
2019-02-25,211.05,214.4,210.25,211.25,2445738
2019-02-26,211.0,211.5,206.45,209.65,3339902
2019-02-27,210.95,216.5,210.65,213.85,2532635
2019-02-28,215.15,218.0,212.65,217.45,3454722
2019-03-01,218.5,220.35,217.3,219.9,1763953
2019-03-05,220.0,224.4,219.0,223.1,2949672
2019-03-06,224.2,225.0,218.65,219.45,2297209
2019-03-07,219.85,220.0,216.0,216.5,1750522
2019-03-08,215.4,216.85,211.5,212.3,1554812
2019-03-11,212.8,219.05,212.35,217.65,4214398
2019-03-12,219.25,228.2,219.0,226.8,3085459
2019-03-13,235.0,235.0,224.5,225.45,9846829
2019-03-14,226.6,226.85,220.05,223.0,2363806
2019-03-15,223.2,225.15,221.1,222.25,2591655
2019-03-18,222.4,224.0,217.05,217.95,2014211
2019-03-19,218.05,222.45,215.0,221.0,2939295
2019-03-20,221.15,223.75,219.6,220.55,1930121
2019-03-22,221.0,222.8,215.0,215.75,1498576
2019-03-25,214.9,215.4,211.4,212.4,1824816
2019-03-26,212.95,214.4,210.0,213.45,2734381
2019-03-27,214.8,217.5,213.05,214.0,1548540
2019-03-28,213.3,219.9,212.75,217.45,1865135
2019-03-29,219.6,224.3,217.65,222.75,3657462
2019-04-01,223.9,227.65,222.05,225.85,3023752
2019-04-02,226.1,226.5,219.75,221.25,2392936
2019-04-03,220.1,225.0,218.45,219.85,2602557
2019-04-04,220.1,223.55,217.0,222.9,2344897
2019-04-05,223.45,224.6,220.8,224.05,1464673
2019-04-08,225.0,225.0,219.5,220.1,1752415
2019-04-09,219.0,219.0,214.25,216.0,2335176
2019-04-10,216.5,219.25,215.5,216.1,1582070
2019-04-11,215.75,216.5,212.5,213.5,2456854
2019-04-12,214.0,216.0,212.8,215.0,2332414
2019-04-15,215.4,219.75,214.95,218.0,1155929
2019-04-16,218.2,219.45,215.2,216.35,2450298
2019-04-18,217.0,221.25,214.35,219.1,2590365
2019-04-22,216.95,217.5,208.8,209.65,2367067
2019-04-23,210.0,213.5,207.3,211.95,2093535
2019-04-24,211.0,211.9,207.75,209.0,2273549
2019-04-25,209.45,211.3,207.55,209.05,3218763
2019-04-26,208.0,210.1,205.25,209.5,3470828
2019-04-30,209.95,209.95,204.3,206.05,2755508
2019-05-02,203.0,206.6,201.1,202.0,2632924
2019-05-03,204.0,204.4,201.25,201.65,1646418
2019-05-06,201.0,202.5,196.5,197.05,1990897
2019-05-07,197.8,199.1,194.55,195.2,1273921
2019-05-08,195.9,197.2,191.0,191.75,2511215
2019-05-09,191.7,192.5,182.2,185.3,9156401
2019-05-10,184.9,191.8,183.45,190.95,4279032
2019-05-13,190.1,190.6,185.55,186.2,2297813
2019-05-14,184.95,186.0,178.35,179.65,6485545
2019-05-15,179.8,182.8,176.05,177.1,2285495
2019-05-16,177.5,177.75,174.0,176.05,1886278
2019-05-17,176.45,178.85,175.15,177.5,1880591
2019-05-20,180.4,187.75,180.4,182.6,1960620
2019-05-21,183.85,184.5,181.1,181.9,1808112
2019-05-22,182.9,184.4,179.35,183.2,1077368
2019-05-23,185.0,189.85,182.6,183.6,2515235
2019-05-24,185.5,197.0,184.45,194.6,2673882
2019-05-27,195.0,200.9,194.5,199.1,3074229
2019-05-28,199.0,199.8,194.0,197.9,2772492
2019-05-29,197.5,197.8,192.65,194.15,1319186
2019-05-30,194.0,198.25,193.8,197.1,1367906
2019-05-31,198.05,198.5,190.7,194.5,3370473
2019-06-03,192.55,198.0,192.2,196.35,2324600
2019-06-04,194.75,202.5,194.3,197.3,4667323
2019-06-06,199.7,200.75,195.8,199.5,2810121
2019-06-07,198.95,199.95,191.45,192.2,2645450
2019-06-10,193.0,195.0,190.8,194.2,1857605
2019-06-11,194.9,196.35,191.05,195.45,1713021
2019-06-12,195.0,198.0,191.1,191.75,1166390
2019-06-13,191.55,191.8,185.8,188.1,2430739
2019-06-14,187.0,188.4,184.0,184.75,2285350
2019-06-17,185.0,202.4,183.9,199.95,36924876
2019-06-18,200.9,201.15,191.85,193.9,7041882
2019-06-19,194.95,195.85,186.8,189.25,2901176
2019-06-20,188.7,196.4,188.2,195.35,2061074
2019-06-21,194.5,200.0,192.4,197.55,1872101
2019-06-24,197.6,200.9,195.3,199.45,1829459
2019-06-25,198.4,205.5,197.1,200.4,5981431
2019-06-26,201.95,203.5,198.7,200.55,3406548
2019-06-27,201.0,204.0,200.2,202.9,2785295
2019-06-28,203.45,204.25,199.15,200.65,1125746
2019-07-01,202.0,204.6,199.8,200.3,2895320
2019-07-02,202.0,202.15,197.25,200.2,1643088
2019-07-03,199.9,202.5,199.0,200.9,1156109
2019-07-04,201.0,201.6,199.0,199.4,1112054
2019-07-05,200.0,200.8,194.75,195.3,1509512
2019-07-08,193.0,195.3,186.6,187.45,2485531
2019-07-09,186.2,189.5,185.15,186.35,1763656
2019-07-10,187.05,188.5,185.6,187.0,996851
2019-07-11,187.95,189.05,184.3,188.1,1534438
2019-07-12,188.3,189.2,186.3,187.15,861265
2019-07-15,187.5,187.75,184.1,184.95,1468874
2019-07-16,185.0,188.0,184.4,187.05,1638368
2019-07-17,187.0,189.1,184.05,184.6,2612031
2019-07-18,184.65,186.35,178.4,179.25,2057799
2019-07-19,180.5,180.8,174.25,174.8,3277411
2019-07-22,175.0,175.95,172.6,175.0,2605914
2019-07-23,173.5,174.0,166.0,167.5,7116134
2019-07-24,167.5,168.0,162.5,164.55,3311058
2019-07-25,164.55,165.4,160.7,161.35,2589689
2019-07-26,162.25,165.5,160.2,164.05,2768222
2019-07-29,163.9,164.0,153.1,154.35,4794798
2019-07-30,151.95,154.75,149.0,149.7,4672764
2019-07-31,149.05,158.35,148.4,157.5,7616628
2019-08-01,156.5,157.9,151.75,154.15,2624505
2019-08-02,152.0,152.55,144.05,150.35,5958824
2019-08-05,148.0,151.85,146.3,147.05,2208778
2019-08-06,146.0,154.0,146.0,151.7,2974338
2019-08-07,152.45,154.95,149.4,150.0,3210045
2019-08-08,152.0,157.8,151.5,157.1,3426285
2019-08-09,157.8,165.1,157.4,162.65,5025774
2019-08-13,162.7,165.0,158.0,158.7,3038805
2019-08-14,158.7,164.0,156.85,162.95,3230504
2019-08-16,162.0,166.45,161.7,164.25,4814865
2019-08-19,163.95,165.9,162.5,163.65,2539598
2019-08-20,163.5,166.0,162.6,165.2,1816108
2019-08-21,165.2,166.25,160.25,162.45,3119072
2019-08-22,161.9,165.45,161.25,163.3,2229324
2019-08-23,161.65,168.3,161.65,165.6,2414430
2019-08-26,167.05,168.0,164.0,166.45,1727710
2019-08-27,167.5,173.0,167.5,172.0,2162552
2019-08-28,172.5,172.95,167.0,168.55,2366161
2019-08-29,167.55,172.4,167.25,169.6,2913894
2019-08-30,169.6,172.15,168.5,171.25,2026816
2019-09-03,170.0,176.5,167.5,170.25,3516636
2019-09-04,169.25,176.9,168.8,175.9,3883974
2019-09-05,175.85,175.85,172.85,173.75,3388610
2019-09-06,175.0,176.7,174.6,175.25,2010523
2019-09-09,175.6,177.9,174.0,176.7,1583348
2019-09-11,177.0,180.0,176.2,179.1,2119204
2019-09-12,179.1,181.6,176.65,177.1,1332394
2019-09-13,178.0,181.0,175.1,180.6,1615075
2019-09-16,178.5,183.0,177.15,180.6,2527053
2019-09-17,179.95,180.65,175.8,177.75,3102533
2019-09-18,177.65,181.9,177.5,179.85,3058152
2019-09-19,180.25,181.25,174.35,175.2,1760079
2019-09-20,175.2,189.1,173.35,185.2,5194630
2019-09-23,187.5,192.45,184.8,189.2,2134581
2019-09-24,190.0,191.4,185.25,186.25,1878154
2019-09-25,186.0,187.5,181.9,184.95,3128869
2019-09-26,184.95,188.65,183.7,184.4,2459090
2019-09-27,184.1,185.8,181.0,181.85,1715776
2019-09-30,183.0,184.4,176.3,181.65,3073573
2019-10-01,181.7,182.55,167.35,169.1,5019342
2019-10-03,169.1,172.6,167.2,168.85,2587269
2019-10-04,169.7,174.55,166.75,168.8,2865252
2019-10-07,167.5,168.2,163.5,164.35,1684274
2019-10-09,163.0,169.95,162.55,168.85,1858232
2019-10-10,168.8,169.5,165.0,165.85,1585971
2019-10-11,166.7,170.3,165.65,166.5,1199478
2019-10-14,166.95,172.15,166.5,169.95,1843627
2019-10-15,169.95,173.8,168.65,173.3,1647100
2019-10-16,173.7,177.8,172.85,177.45,1914748
2019-10-17,177.35,182.5,175.1,181.0,1323156
2019-10-18,180.0,186.9,179.05,186.05,1620760
2019-10-22,184.55,188.35,183.4,185.05,3680040
2019-10-23,185.15,185.65,181.4,183.55,2078362
2019-10-24,184.6,184.6,180.65,181.7,1215140
2019-10-25,182.8,184.2,178.95,181.0,2541205
2019-10-27,182.1,183.3,181.0,181.85,108516
2019-10-29,181.5,190.1,181.2,186.85,3239605
2019-10-30,187.75,188.5,184.45,187.8,1410885
2019-10-31,190.3,194.4,189.1,190.3,4163472
2019-11-01,191.4,196.75,188.1,189.2,4995111
2019-11-04,189.75,190.65,184.8,185.55,2125782
2019-11-05,185.4,187.65,177.95,179.85,8595442
2019-11-06,178.0,178.6,167.15,168.5,6895790
2019-11-07,168.4,169.7,166.0,167.0,4178035
2019-11-08,167.0,168.8,164.5,165.15,2566305
2019-11-11,165.0,168.2,163.65,166.25,1908437
2019-11-13,167.0,167.2,162.85,163.6,1891558
2019-11-14,163.0,165.15,161.9,162.7,2272057
2019-11-15,164.0,169.6,163.85,167.9,4085824
2019-11-18,168.65,170.25,167.1,169.15,2781990
2019-11-19,169.9,169.95,167.5,167.9,1177120
2019-11-20,167.95,170.75,166.5,167.65,2212021
2019-11-21,167.6,169.5,164.8,165.45,1679699
2019-11-22,165.0,168.4,162.5,167.9,2546788
2019-11-25,168.0,171.1,167.0,170.25,2016912
2019-11-26,172.8,173.5,167.7,168.4,4125715
2019-11-27,169.4,172.5,168.0,171.75,2687302
2019-11-28,171.75,172.75,169.4,171.35,2719784
2019-11-29,171.0,172.8,167.3,168.05,2077562
2019-12-02,169.0,169.0,166.25,168.05,1099589
2019-12-03,169.0,169.75,164.6,166.3,1638809
2019-12-04,166.0,170.6,165.15,170.1,1462104
2019-12-05,170.85,174.2,169.0,173.25,2248253
2019-12-06,177.0,177.5,171.2,173.9,10658225
2019-12-09,173.7,173.7,168.6,170.05,2912380
2019-12-10,170.0,171.85,161.0,162.6,3424810
2019-12-11,161.0,166.15,159.25,164.1,6462347
2019-12-12,164.1,166.5,163.55,165.5,1363824
2019-12-13,165.45,169.4,165.2,166.8,2822701
2019-12-16,167.5,168.4,163.35,164.35,2277535
2019-12-17,165.3,167.6,165.0,165.4,1728569
2019-12-18,166.0,166.5,163.55,164.55,2040202
2019-12-19,164.4,166.2,163.6,164.9,1135000
2019-12-20,165.0,165.5,163.1,163.5,998404
2019-12-23,163.75,164.8,163.2,163.6,624872
2019-12-24,163.65,164.6,161.6,163.1,1030346
2019-12-26,163.1,164.1,161.0,161.2,1305674
2019-12-27,162.1,164.5,161.65,163.65,1076433
2019-12-30,164.55,166.5,164.25,165.0,1581502
