date,open,high,low,close,volume
2009-03-05,1.65,1.83,1.53,1.55,9421
2009-03-06,1.66,1.74,1.37,1.51,38888
2009-03-09,1.66,1.66,1.46,1.51,66354
2009-03-12,1.49,1.49,1.42,1.42,25132
2009-03-13,1.36,1.71,1.36,1.49,15354
2009-03-16,1.53,1.6,1.49,1.6,32266
2009-03-18,1.75,1.9,1.75,1.81,266154
2009-03-19,1.85,1.85,1.58,1.66,22598
2009-03-20,1.79,1.79,1.71,1.71,3110
2009-03-23,1.85,1.91,1.67,1.79,23510
2009-03-24,1.67,1.8,1.67,1.75,29777
2009-03-25,1.66,1.75,1.54,1.59,101466
2009-03-26,1.79,1.79,1.44,1.69,253532
2009-03-27,1.8,1.8,1.61,1.72,85354
2009-03-30,1.66,1.74,1.64,1.71,19910
2009-03-31,1.72,1.72,1.6,1.64,13066
2009-04-01,1.64,1.71,1.64,1.64,83842
2009-04-02,1.75,1.96,1.72,1.86,75354
2009-04-06,1.93,1.98,1.8,1.82,80221
2009-04-08,1.85,2.11,1.85,2.06,20310
2009-04-09,2.08,2.12,2.05,2.09,15466
2009-04-13,1.92,2.34,1.92,2.2,13377
2009-04-15,2.23,2.5,2.12,2.45,122977
2009-04-16,2.3,2.51,2.12,2.21,112332
2009-04-17,2.29,2.34,2.25,2.32,50109
2009-04-20,2.34,2.34,2.26,2.26,3110
2009-04-21,2.21,2.32,2.21,2.32,13333
2009-04-22,2.3,2.47,2.3,2.47,125842
2009-04-23,2.7,2.84,2.54,2.8,148732
2009-04-24,2.57,3.05,2.57,2.96,149398
2009-04-27,2.97,2.97,2.85,2.87,19021
2009-04-28,2.7,2.79,2.61,2.66,20109
2009-04-29,2.57,2.93,2.57,2.84,89309
2009-05-04,2.93,2.97,2.76,2.93,44666
2009-05-05,2.88,2.93,2.8,2.89,27754
2009-05-06,3.01,3.06,2.92,2.93,13866
2009-05-07,3.15,3.22,2.87,3.13,40310
2009-05-08,3.41,3.41,2.93,3.0,44710
2009-05-11,3.14,3.2,3.11,3.13,2909
2009-05-12,2.91,3.13,2.91,3.01,19021
2009-05-13,3.02,3.32,3.02,3.32,40310
2009-05-14,3.32,3.32,3.07,3.1,109442
2009-05-15,3.24,3.24,3.02,3.16,79154
2009-05-19,3.47,3.47,3.47,3.47,45866
2009-05-20,3.8,3.82,3.8,3.82,19265
2009-05-21,4.01,4.01,4.01,4.01,27754
2009-05-22,4.05,4.22,3.89,4.17,30310
2009-05-25,4.37,4.37,4.06,4.06,35442
2009-05-26,4.21,4.21,3.87,4.01,18509
2009-05-27,3.97,4.2,3.97,4.2,87288
2009-05-28,4.23,4.34,4.06,4.32,24133
2009-05-29,4.41,4.54,4.41,4.54,75510
2009-06-01,4.76,4.76,4.45,4.71,69576
2009-06-02,4.79,4.95,4.78,4.95,98288
2009-06-03,5.17,5.2,5.09,5.2,320065
2009-06-04,5.31,5.45,5.07,5.42,115244
2009-06-05,5.4,5.45,5.18,5.24,110821
2009-06-08,5.27,5.45,5.14,5.32,307333
2009-06-09,5.49,5.49,5.22,5.32,110998
2009-06-10,5.57,5.57,5.18,5.18,117888
2009-06-11,5.32,5.32,4.96,5.07,45866
2009-06-12,5.22,5.22,4.95,5.12,134642
2009-06-15,5.26,5.37,4.99,5.09,548198
2009-06-16,5.18,5.33,4.97,5.05,47754
2009-06-17,5.14,5.18,4.82,4.91,45066
2009-06-18,4.73,4.94,4.67,4.68,121333
2009-06-19,4.68,4.82,4.45,4.51,115221
2009-06-22,4.7,4.73,4.32,4.55,22710
2009-06-23,4.68,4.68,4.32,4.34,107910
2009-06-24,4.55,4.55,4.41,4.49,26888
2009-06-25,4.5,4.59,4.37,4.49,71576
2009-06-26,4.62,4.62,4.41,4.49,108666
2009-06-29,4.63,4.71,4.63,4.7,98266
2009-06-30,4.82,4.82,4.73,4.8,64133
2009-07-01,4.99,4.99,4.77,4.81,49221
2009-07-02,4.83,4.98,4.7,4.71,63932
2009-07-03,4.73,4.89,4.73,4.77,22266
2009-07-06,4.9,4.9,4.63,4.78,263132
2009-07-07,4.82,4.82,4.52,4.6,78776
2009-07-08,4.76,4.76,4.28,4.39,89954
2009-07-09,4.41,4.62,4.34,4.42,34221
2009-07-10,4.5,4.63,4.41,4.45,74666
2009-07-13,4.12,4.59,4.12,4.29,79754
2009-07-14,4.29,4.58,4.29,4.44,17888
2009-07-15,4.17,4.69,4.17,4.68,18421
2009-07-16,4.86,4.9,4.42,4.67,40509
2009-07-17,4.85,4.85,4.55,4.73,21798
2009-07-20,4.59,4.68,4.48,4.55,38577
2009-07-21,4.62,4.99,4.62,4.71,29265
2009-07-22,4.75,4.75,4.59,4.7,75866
2009-07-23,4.6,4.86,4.6,4.85,68465
2009-07-24,4.51,4.9,4.51,4.85,69066
2009-07-27,4.9,5.32,4.74,5.14,95532
2009-07-28,5.22,5.45,5.05,5.41,106400
2009-07-29,5.18,5.31,4.95,5.23,217110
2009-07-30,5.04,5.31,5.04,5.2,61244
2009-07-31,5.26,5.73,5.13,5.51,141510
2009-08-03,5.53,5.53,5.18,5.3,164221
2009-08-04,5.18,5.37,5.13,5.18,71132
2009-08-05,5.18,5.4,5.09,5.09,16776
2009-08-06,5.13,5.35,5.04,5.14,95754
2009-08-07,5.18,5.37,5.02,5.14,25244
2009-08-10,5.26,5.26,5.06,5.1,34266
2009-08-11,4.96,5.13,4.96,5.05,39042
2009-08-12,4.91,5.0,4.84,4.89,35954
2009-08-13,5.22,5.33,5.02,5.18,61354
2009-08-14,5.38,5.38,5.13,5.14,27132
2009-08-17,5.18,5.22,5.04,5.09,13442
2009-08-18,4.99,5.53,4.84,5.1,41333
2009-08-19,5.24,5.29,4.82,4.86,102198
2009-08-20,4.92,5.05,4.82,4.95,18954
2009-08-21,4.83,5.05,4.82,4.99,59042
2009-08-24,5.2,5.26,4.82,5.03,254732
2009-08-25,4.99,5.17,4.99,5.05,124933
2009-08-26,5.31,5.31,5.06,5.16,67265
2009-08-27,5.31,5.33,5.19,5.3,70888
2009-08-28,5.53,5.53,4.88,5.12,31200
2009-08-31,5.36,5.63,5.25,5.35,205244
2009-09-01,5.64,5.64,5.09,5.24,160354
2009-09-02,5.13,5.31,5.0,5.19,89132
2009-09-03,4.67,5.61,4.67,5.26,54354
2009-09-04,5.52,5.52,5.09,5.18,95976
2009-09-07,5.62,5.93,5.21,5.55,1763354
2009-09-08,5.63,5.72,5.45,5.59,366288
2009-09-09,5.74,6.2,5.18,6.05,720821
2009-09-10,6.27,6.51,5.64,5.8,1452642
2009-09-11,5.58,6.02,5.49,5.8,256488
2009-09-14,5.72,5.8,5.63,5.66,88288
2009-09-15,5.98,5.98,5.58,5.59,115488
2009-09-16,5.53,5.73,5.45,5.64,97066
2009-09-17,5.18,5.69,5.18,5.52,96400
2009-09-18,5.26,5.58,5.24,5.29,387754
2009-09-22,5.57,5.63,5.31,5.58,132888
2009-09-23,5.66,6.29,5.41,5.93,1405754
2009-09-24,5.68,5.87,5.64,5.77,224133
2009-09-25,5.64,5.89,5.64,5.74,42909
2009-09-29,6.11,6.11,5.76,5.93,124177
2009-09-30,5.96,6.08,5.74,5.99,172266
2009-10-01,6.07,6.07,5.88,5.91,142109
2009-10-05,6.05,6.05,5.72,5.74,50666
2009-10-06,5.67,5.99,5.63,5.93,108154
2009-10-07,5.95,6.01,5.85,5.97,109421
2009-10-08,5.89,5.99,5.82,5.89,113777
2009-10-09,5.87,5.94,5.8,5.82,97910
2009-10-12,6.11,6.39,5.85,6.26,545733
2009-10-14,6.39,6.48,6.15,6.2,272909
2009-10-15,6.12,6.29,6.08,6.2,192332
2009-10-16,6.16,6.35,6.16,6.31,168088
2009-10-17,6.54,6.67,6.28,6.42,161777
2009-10-20,6.66,6.66,6.3,6.35,261265
2009-10-21,6.35,6.46,6.35,6.38,137688
2009-10-22,6.35,6.35,5.99,6.25,156776
2009-10-23,6.38,6.46,6.26,6.43,355176
2009-10-26,6.3,6.38,6.29,6.33,121600
2009-10-27,6.3,6.38,6.14,6.22,134198
2009-10-28,6.2,6.32,6.05,6.22,128109
2009-10-29,5.99,6.38,5.99,6.31,330800
2009-10-30,6.33,6.73,6.33,6.65,1868954
2009-11-03,6.93,7.88,6.39,6.49,399421
2009-11-04,7.15,7.15,6.32,6.38,166242
2009-11-05,6.35,6.68,6.22,6.29,74710
2009-11-06,6.75,6.75,6.23,6.34,42421
2009-11-09,6.2,6.46,6.2,6.39,59442
2009-11-10,6.31,6.48,6.31,6.4,56732
2009-11-11,6.26,6.48,6.26,6.46,34488
2009-11-12,6.32,6.57,6.31,6.49,38577
2009-11-13,6.52,6.52,6.41,6.43,80109
2009-11-16,6.4,6.52,6.4,6.46,43288
2009-11-17,6.36,6.56,6.35,6.49,40888
2009-11-18,6.4,6.52,6.4,6.45,11510
2009-11-19,6.43,6.83,6.39,6.64,505466
2009-11-20,6.64,6.81,6.64,6.79,172332
2009-11-23,6.8,6.8,6.66,6.73,231754
2009-11-24,6.8,6.84,6.77,6.8,65665
2009-11-25,6.76,6.89,6.73,6.73,50444
2009-11-26,6.92,6.92,6.54,6.8,89709
2009-11-27,6.55,6.7,6.52,6.61,65754
2009-11-30,6.52,6.7,6.52,6.55,56021
2009-12-01,6.6,6.76,6.6,6.75,35442
2009-12-02,6.35,6.84,6.35,6.77,106533
2009-12-03,6.76,6.83,6.57,6.7,134376
2009-12-04,6.58,6.73,6.58,6.73,10000
2009-12-07,7.29,7.29,6.53,6.9,112642
2009-12-08,6.8,6.84,6.71,6.8,19309
2009-12-09,6.69,6.77,6.66,6.73,100844
2009-12-10,6.76,6.86,6.74,6.77,28577
2009-12-11,6.8,6.83,6.75,6.77,101665
2009-12-14,6.77,7.07,6.77,6.89,122998
2009-12-15,6.98,7.29,6.9,7.12,385088
2009-12-16,7.65,7.99,6.99,7.48,1412888
2009-12-17,7.65,8.14,7.31,7.65,3306865
2009-12-18,7.47,7.78,7.35,7.42,384332
2009-12-21,7.39,7.51,7.27,7.3,158688
2009-12-22,7.61,7.61,7.21,7.26,116109
2009-12-23,7.3,7.55,7.29,7.48,164044
2009-12-24,7.56,7.97,7.43,7.82,445398
2009-12-29,7.82,7.83,7.41,7.51,363532
2009-12-30,7.45,7.61,7.45,7.47,81576
2009-12-31,7.52,8.54,7.52,8.14,13341821
2010-01-04,8.17,8.21,7.85,7.9,665442
2010-01-05,7.99,8.33,7.7,7.78,207042
2010-01-06,7.82,7.88,7.61,7.69,218354
2010-01-07,7.78,7.82,7.56,7.61,223488
2010-01-08,7.57,7.99,7.57,7.7,280198
2010-01-11,7.92,8.53,7.66,8.23,3225398
2010-01-12,8.28,8.37,7.83,7.9,288400
2010-01-13,7.88,7.99,7.74,7.9,147398
2010-01-14,8.14,8.23,7.92,8.07,330488
2010-01-15,8.14,8.17,7.74,7.82,98177
2010-01-18,7.88,8.17,7.76,7.9,135510
2010-01-19,8.01,8.44,7.97,8.26,700376
2010-01-20,8.41,8.5,7.97,8.02,282844
2010-01-21,7.92,8.88,7.9,8.32,5504488
2010-01-22,8.27,8.64,7.88,8.38,1152933
2010-01-25,8.07,8.49,8.06,8.09,180177
2010-01-27,8.39,8.64,7.65,7.76,358577
2010-01-28,7.83,8.02,7.43,7.55,220044
2010-01-29,7.42,7.96,6.86,7.82,870933
2010-02-01,7.88,9.11,7.61,8.66,2126288
2010-02-02,8.77,8.89,8.26,8.33,444554
2010-02-03,8.38,8.5,8.1,8.23,196732
2010-02-04,8.27,8.64,8.01,8.17,202888
2010-02-05,7.87,8.06,7.17,7.7,280044
2010-02-06,7.74,8.06,7.74,7.98,50888
2010-02-08,7.84,8.31,7.84,8.15,279466
2010-02-09,8.06,8.18,8.02,8.05,124266
2010-02-10,8.33,8.66,8.1,8.14,576509
2010-02-11,8.27,8.28,8.1,8.13,263466
2010-02-15,8.32,8.32,7.93,7.99,181442
2010-02-16,8.06,8.12,7.88,7.96,100266
2010-02-17,7.99,8.77,7.99,8.18,352710
2010-02-18,8.2,9.26,8.11,8.56,16288844
2010-02-19,8.46,8.46,8.12,8.2,1382109
2010-02-22,8.24,8.33,7.92,8.02,469088
2010-02-23,8.01,8.14,7.81,7.88,490154
2010-02-24,7.7,7.88,7.7,7.76,204977
2010-02-25,7.71,7.83,7.58,7.64,336109
2010-02-26,7.7,7.97,7.61,7.82,418354
2010-03-02,7.74,8.6,7.7,8.39,794198
2010-03-03,8.6,8.64,8.23,8.3,248421
2010-03-04,8.54,8.54,8.19,8.31,166088
2010-03-05,8.3,8.41,8.19,8.23,245554
2010-03-08,8.21,8.46,8.21,8.36,166954
2010-03-09,8.21,8.86,8.21,8.56,1282732
2010-03-10,8.51,8.68,8.38,8.5,122065
2010-03-11,8.66,8.95,8.39,8.73,3021554
2010-03-12,8.84,8.94,8.48,8.6,1087244
2010-03-15,8.51,8.62,8.33,8.41,216642
2010-03-16,8.41,8.62,8.33,8.48,193510
2010-03-17,8.51,8.59,8.19,8.33,130800
2010-03-18,8.51,8.51,8.23,8.33,254533
2010-03-19,8.5,8.5,8.2,8.32,77176
2010-03-22,8.19,8.46,8.17,8.24,180021
2010-03-23,8.33,8.46,8.24,8.27,141377
2010-03-25,8.33,8.68,8.33,8.63,416400
2010-03-26,8.73,8.81,8.61,8.66,409066
2010-03-29,8.66,8.74,8.37,8.48,144909
2010-03-30,8.64,9.23,8.41,8.68,6662554
2010-03-31,8.76,8.86,8.56,8.59,248310
2010-04-01,8.72,8.91,8.68,8.78,353821
2010-04-05,8.97,9.18,8.82,8.94,729421
2010-04-06,9.07,9.23,8.91,9.02,1120109
2010-04-07,9.18,9.86,9.11,9.44,3855510
2010-04-08,9.45,9.68,9.26,9.32,730088
2010-04-09,9.61,9.61,9.27,9.33,324421
2010-04-12,9.28,9.67,9.28,9.38,575798
2010-04-13,9.32,9.59,9.28,9.31,301644
2010-04-15,9.36,9.49,9.28,9.32,98288
2010-04-16,9.36,9.36,9.0,9.27,417842
2010-04-19,8.95,9.14,8.83,8.89,403600
2010-04-20,8.82,9.15,8.82,9.02,185733
2010-04-21,8.86,9.23,8.86,9.09,226577
2010-04-22,9.26,9.26,9.0,9.02,205688
2010-04-23,9.13,9.13,8.92,8.97,127398
2010-04-26,9.0,9.08,8.89,9.02,200710
2010-04-27,9.0,9.14,8.95,9.08,169042
2010-04-28,8.84,9.12,8.83,9.04,259954
2010-04-29,9.09,9.26,9.02,9.12,140400
2010-04-30,9.22,9.4,9.05,9.24,192288
2010-05-03,9.23,9.23,9.05,9.09,61154
2010-05-04,9.35,9.35,8.98,9.0,72000
2010-05-05,8.64,9.04,8.64,9.0,149510
2010-05-06,9.19,9.19,8.65,8.89,135221
2010-05-07,8.91,8.91,8.56,8.71,99665
2010-05-10,9.44,9.56,8.68,9.4,2432242
2010-05-11,9.64,9.64,9.32,9.44,730865
2010-05-12,9.54,9.67,9.4,9.64,564109
2010-05-13,9.67,9.98,9.61,9.9,893688
2010-05-14,9.63,10.13,9.63,9.91,861221
2010-05-17,9.91,10.07,9.54,9.8,1120688
2010-05-18,9.8,10.36,9.59,10.24,875244
2010-05-19,10.22,10.22,9.81,9.9,420577
2010-05-20,9.94,10.26,9.73,9.94,325798
2010-05-21,9.86,10.23,9.48,10.11,556998
2010-05-24,10.22,10.49,9.91,9.98,321733
2010-05-25,9.9,9.91,9.27,9.32,243442
2010-05-26,9.62,9.62,8.92,9.22,266465
2010-05-27,9.35,9.44,9.23,9.34,120109
2010-05-28,9.54,9.8,9.49,9.64,132465
2010-05-31,9.37,10.03,9.37,9.87,225200
2010-06-01,9.83,10.13,9.59,9.73,80488
2010-06-02,9.86,10.08,9.59,9.71,117665
2010-06-03,9.9,9.9,9.7,9.72,102533
2010-06-04,9.77,9.89,9.68,9.77,80109
2010-06-07,9.68,9.72,9.46,9.61,48577
2010-06-08,9.85,9.85,9.51,9.59,159976
2010-06-09,9.63,9.76,9.34,9.67,72621
2010-06-10,9.63,9.67,9.42,9.62,53110
2010-06-11,9.54,9.83,9.46,9.73,91309
2010-06-14,9.7,9.99,9.7,9.91,150021
2010-06-15,9.99,10.16,9.87,10.11,208177
2010-06-16,10.16,10.17,10.01,10.08,112177
2010-06-17,10.13,10.45,10.13,10.2,384021
2010-06-18,10.31,10.36,10.17,10.19,235042
2010-06-21,10.26,10.65,10.26,10.39,266998
2010-06-22,10.57,10.62,10.28,10.35,152533
2010-06-23,10.53,11.14,10.48,11.01,923954
2010-06-24,11.11,11.3,11.05,11.23,264400
2010-06-25,11.69,11.84,11.42,11.67,1401621
2010-06-28,11.7,11.83,11.04,11.39,312444
2010-06-29,11.51,11.51,11.04,11.16,166154
2010-06-30,11.19,11.28,10.9,11.11,80554
2010-07-01,11.48,11.48,10.91,10.94,142977
2010-07-02,11.48,11.48,10.94,10.99,37488
2010-07-05,11.02,11.36,10.93,11.31,102776
2010-07-06,11.48,11.48,10.99,11.23,97066
2010-07-07,11.3,11.36,11.11,11.14,88598
2010-07-08,11.34,11.47,11.17,11.33,75888
2010-07-09,12.1,12.1,11.03,11.17,32533
2010-07-12,11.25,11.34,10.96,11.14,110933
2010-07-13,11.34,11.74,11.02,11.23,110488
2010-07-14,11.39,11.39,11.07,11.12,49554
2010-07-15,11.2,11.23,11.02,11.2,93665
2010-07-16,11.04,11.18,11.0,11.02,63600
2010-07-19,10.85,11.24,10.76,11.1,111888
2010-07-20,11.16,11.2,10.96,11.01,48000
2010-07-21,11.97,11.97,10.8,11.21,712666
2010-07-22,11.39,11.39,11.1,11.14,257488
2010-07-23,10.98,12.33,10.98,12.05,3281421
2010-07-26,12.14,12.28,11.51,11.67,910088
2010-07-27,11.79,11.84,11.49,11.56,98754
2010-07-28,11.74,11.87,11.11,11.21,211777
2010-07-29,11.25,11.25,11.09,11.12,19733
2010-07-30,11.2,11.83,11.2,11.25,491954
2010-08-02,11.3,11.48,11.03,11.31,68133
2010-08-03,11.09,11.7,11.09,11.44,130376
2010-08-04,11.95,11.95,11.43,11.54,148888
2010-08-05,11.36,12.38,11.36,11.71,156642
2010-08-06,11.67,11.92,11.65,11.73,283088
2010-08-09,11.85,12.19,11.77,12.12,313154
2010-08-10,12.06,12.06,11.2,11.32,1898954
2010-08-11,11.25,11.47,11.17,11.31,71333
2010-08-12,11.25,11.34,10.98,11.27,39532
2010-08-13,11.43,11.48,11.23,11.25,85754
2010-08-16,11.92,11.92,11.02,11.24,82732
2010-08-17,11.39,11.61,11.07,11.15,89176
2010-08-18,11.39,11.61,10.89,11.51,242909
2010-08-19,11.48,11.63,11.48,11.49,60821
2010-08-20,11.48,11.62,11.48,11.48,95600
2010-08-23,11.5,11.92,11.48,11.65,160109
2010-08-24,11.65,11.7,11.49,11.53,77576
2010-08-25,11.53,11.59,11.3,11.49,70598
2010-08-26,11.92,11.92,11.3,11.51,65244
2010-08-27,11.69,11.69,11.03,11.23,89954
2010-08-30,11.7,11.7,10.8,10.9,72509
2010-08-31,11.46,11.46,10.58,11.26,226998
2010-09-01,11.46,11.74,11.11,11.58,108844
2010-09-02,11.7,12.23,11.53,11.76,77976
2010-09-03,11.92,13.64,11.53,13.26,3418888
2010-09-06,13.49,13.59,13.06,13.28,1579910
2010-09-07,13.05,13.18,12.56,12.61,607244
2010-09-08,12.26,13.07,12.24,12.9,487244
2010-09-09,13.05,13.13,12.79,13.04,504666
2010-09-13,13.18,13.41,12.83,12.9,173377
2010-09-14,13.03,13.03,12.78,12.88,181821
2010-09-15,13.13,13.5,13.05,13.46,319430
2010-09-16,13.5,13.66,12.89,13.18,525052
2010-09-17,13.5,15.81,13.06,15.05,3329265
2010-09-20,15.3,15.47,14.4,14.52,718497
2010-09-21,14.76,15.03,14.04,14.2,708065
2010-09-22,14.58,14.84,13.86,14.23,189120
2010-09-23,14.31,14.49,13.86,14.32,209244
2010-09-24,14.4,14.48,13.97,14.39,220829
2010-09-27,14.22,14.84,14.22,14.59,1072296
2010-09-28,14.63,17.04,14.4,16.16,3088853
2010-09-29,16.37,17.1,16.21,16.48,1249600
2010-09-30,17.55,17.55,15.75,16.13,318696
2010-10-01,15.94,16.38,15.93,16.25,146341
2010-10-04,16.92,16.92,15.66,16.21,405074
2010-10-05,16.21,16.45,15.94,15.96,442696
2010-10-06,16.26,16.45,16.02,16.15,140754
2010-10-07,16.47,16.64,15.67,15.75,241229
2010-10-08,15.8,16.2,15.21,15.58,420829
2010-10-11,15.39,16.01,15.31,15.43,113141
2010-10-12,15.48,16.19,15.48,16.03,164296
2010-10-13,16.2,16.38,15.93,16.19,193842
2010-10-14,16.95,16.95,16.16,16.51,345808
2010-10-15,16.31,17.01,15.84,16.39,698577
2010-10-18,17.46,17.46,15.99,16.09,76376
2010-10-19,16.29,16.65,16.09,16.52,310865
2010-10-20,16.38,16.49,15.75,15.93,147964
2010-10-21,15.94,16.29,15.94,16.18,45244
2010-10-22,16.11,16.28,15.84,16.17,53466
2010-10-25,16.25,16.65,16.24,16.45,97274
2010-10-26,16.78,16.78,15.76,15.93,248118
2010-10-27,16.11,16.16,15.48,15.85,128332
2010-10-28,15.7,15.91,15.41,15.71,59200
2010-10-29,15.57,17.28,15.04,16.51,765621
2010-11-01,16.78,17.1,16.02,16.07,160909
2010-11-02,16.25,17.18,15.67,16.98,350088
2010-11-03,17.1,17.38,16.36,16.49,107008
2010-11-04,16.51,17.54,16.51,16.82,510829
2010-11-05,17.1,17.44,16.92,16.95,64652
2010-11-08,16.65,16.81,16.47,16.55,54133
2010-11-09,16.65,16.91,16.39,16.45,39008
2010-11-10,16.32,16.84,15.19,15.95,222376
2010-11-11,15.99,16.38,15.99,16.11,94221
2010-11-12,15.75,15.99,15.05,15.4,120408
2010-11-15,15.75,16.01,15.16,15.31,48109
2010-11-16,15.71,15.71,14.95,15.15,144652
2010-11-18,15.31,15.75,14.31,14.88,127608
2010-11-19,15.25,15.25,14.45,14.52,57874
2010-11-22,14.53,15.03,14.41,14.66,36829
2010-11-23,14.82,16.57,14.4,15.42,203021
2010-11-24,15.3,15.75,14.76,15.48,106497
2010-11-25,15.48,15.56,14.67,15.19,99932
2010-11-26,14.77,15.24,13.58,14.77,190162
2010-11-29,14.76,14.76,14.31,14.45,102274
2010-11-30,14.23,14.7,14.22,14.51,23309
2010-12-01,14.49,14.91,14.49,14.82,94444
2010-12-02,14.82,14.86,14.67,14.84,26586
2010-12-03,14.84,14.84,14.12,14.37,124008
2010-12-06,14.24,14.41,13.96,14.24,67830
2010-12-07,14.39,14.57,13.78,14.12,50000
2010-12-08,13.97,14.2,13.71,13.91,65030
2010-12-09,13.52,13.68,12.56,13.4,286044
2010-12-10,13.49,14.27,12.97,13.94,26266
2010-12-13,13.71,14.39,13.71,14.3,6998
2010-12-14,13.99,14.85,13.99,14.62,52865
2010-12-15,15.2,15.2,14.4,14.43,188274
2010-12-16,14.4,14.4,13.95,14.16,18341
2010-12-20,14.04,14.48,14.04,14.12,58518
2010-12-21,13.86,14.4,13.68,14.09,42488
2010-12-22,14.73,14.73,13.95,13.97,74598
2010-12-23,14.09,14.27,13.78,13.86,776065
2010-12-24,13.68,14.68,13.68,14.45,60118
2010-12-27,14.22,14.4,13.9,14.18,27608
2010-12-28,13.95,14.3,13.69,13.95,44918
2010-12-29,14.32,14.49,14.22,14.39,37288
2010-12-30,14.05,14.99,14.05,14.35,1987808
2011-01-03,14.24,14.58,14.17,14.3,55377
2011-01-04,14.26,14.34,13.94,14.03,109164
2011-01-05,14.28,14.28,13.94,14.11,23976
2011-01-06,13.87,14.23,13.71,13.76,51733
2011-01-07,13.92,14.31,13.15,13.31,194998
2011-01-10,13.05,13.49,12.52,13.27,281496
2011-01-11,12.83,14.13,12.47,12.64,131333
2011-01-12,12.68,12.91,12.67,12.76,34354
2011-01-13,13.01,13.23,12.78,13.02,123176
2011-01-14,12.7,13.94,12.7,13.34,179052
2011-01-17,13.5,13.58,12.73,12.83,137185
2011-01-18,12.69,13.38,12.61,13.24,40764
2011-01-19,13.28,13.28,13.06,13.09,12998
2011-01-20,13.14,13.18,12.69,12.89,158208
2011-01-21,12.74,13.5,12.33,13.36,47830
2011-01-24,12.71,13.34,12.61,13.01,46154
2011-01-25,13.14,13.68,11.97,12.32,890186
2011-01-27,12.59,12.75,12.51,12.59,114821
2011-01-28,13.14,13.18,11.85,12.33,69442
2011-01-31,12.24,12.41,12.06,12.19,132044
2011-02-01,11.98,12.38,11.98,12.15,138221
2011-02-02,12.15,12.38,11.61,11.67,64621
2011-02-03,12.01,12.02,11.4,11.81,67874
2011-02-04,12.15,12.73,11.88,12.35,267341
2011-02-07,12.15,12.5,11.56,11.85,14429
2011-02-08,11.71,12.01,11.25,11.31,30764
2011-02-09,11.16,11.52,11.02,11.25,133074
2011-02-10,10.89,11.79,10.37,11.48,72518
2011-02-11,11.09,11.41,10.41,11.31,219386
2011-02-14,11.31,11.97,11.31,11.55,34000
2011-02-15,11.36,11.61,10.74,11.49,1087665
2011-02-16,11.11,11.88,11.07,11.5,563488
2011-02-17,11.7,11.7,11.37,11.56,24429
2011-02-18,11.74,11.77,11.46,11.51,26844
2011-02-21,11.48,11.56,11.48,11.51,20354
2011-02-22,11.26,11.65,11.26,11.6,44141
2011-02-23,11.32,11.53,11.16,11.25,37297
2011-02-24,10.99,11.46,10.98,11.22,353941
2011-02-25,11.09,11.68,11.07,11.2,287496
2011-02-28,11.08,11.41,10.98,11.13,9096
2011-03-01,11.26,11.51,10.9,11.14,50133
2011-03-03,11.14,11.25,11.07,11.22,21354
2011-03-04,11.24,11.24,11.09,11.1,2962
2011-03-07,11.04,11.07,10.78,10.97,877297
2011-03-08,10.99,11.33,10.99,11.21,48044
2011-03-09,11.61,11.61,10.82,10.89,79644
2011-03-10,10.76,11.15,10.76,11.13,53496
2011-03-11,10.81,11.31,10.62,11.14,175442
2011-03-14,10.98,11.23,10.98,11.02,21830
2011-03-15,10.89,11.52,10.82,11.19,99386
2011-03-16,11.25,11.25,10.85,11.15,58844
2011-03-17,11.25,11.65,11.12,11.27,59608
2011-03-18,11.14,11.29,10.8,11.21,84118
2011-03-21,11.07,11.07,10.87,10.97,46332
2011-03-22,11.02,11.16,10.85,11.07,55164
2011-03-23,11.2,11.25,10.98,11.06,164242
2011-03-24,10.98,11.24,10.9,11.17,31674
2011-03-25,10.92,11.34,10.92,11.17,132608
2011-03-28,11.17,11.25,10.71,11.17,243976
2011-03-29,11.2,11.34,11.16,11.32,223777
2011-03-30,11.25,11.69,11.25,11.6,77932
2011-03-31,11.52,12.49,11.03,12.05,248400
2011-04-01,11.97,12.24,11.7,12.18,572518
2011-04-04,12.33,12.94,12.33,12.8,226230
2011-04-05,12.95,12.95,12.48,12.57,126408
2011-04-06,12.51,12.68,12.15,12.41,106118
2011-04-07,12.33,12.59,12.33,12.41,87474
2011-04-08,12.24,12.34,11.98,12.16,75318
2011-04-11,12.61,12.61,12.15,12.38,323520
2011-04-13,12.47,13.26,12.38,13.0,226266
2011-04-15,13.24,13.59,13.05,13.29,293976
2011-04-18,13.34,13.5,12.83,13.13,52400
2011-04-19,13.13,13.62,12.97,13.5,117042
2011-04-20,13.26,13.89,13.24,13.83,92230
2011-04-21,13.83,14.55,13.6,14.36,231466
2011-04-25,14.31,15.08,14.31,14.93,290021
2011-04-26,14.82,15.05,14.82,14.86,90044
2011-04-27,14.99,15.59,14.94,15.05,318097
2011-04-28,14.94,15.12,14.85,14.9,41976
2011-04-29,14.98,15.34,14.9,14.98,145318
2011-05-02,15.66,15.66,15.21,15.31,70909
2011-05-03,15.56,15.62,15.28,15.3,230288
2011-05-04,15.3,15.93,15.3,15.67,322608
2011-05-05,15.62,15.62,15.21,15.31,201496
2011-05-06,15.3,15.93,15.3,15.72,127932
2011-05-09,15.66,16.45,15.66,15.81,241042
2011-05-10,15.71,16.15,15.7,15.95,109777
2011-05-11,15.76,16.02,15.75,15.79,79008
2011-05-12,15.76,15.88,15.75,15.76,119052
2011-05-13,15.8,16.11,15.76,15.9,63398
2011-05-16,15.93,16.16,15.77,15.84,107896
2011-05-17,16.42,16.42,15.75,15.76,148296
2011-05-18,15.76,16.01,15.75,15.94,124266
2011-05-19,16.19,16.19,15.84,15.89,92853
2011-05-20,15.94,16.45,15.94,16.07,138909
2011-05-23,16.03,16.03,15.49,15.5,902941
2011-05-24,15.56,15.66,14.86,15.62,234133
2011-05-25,15.7,15.75,15.3,15.47,998408
2011-05-26,15.75,16.38,15.22,15.31,541452
2011-05-27,15.32,15.67,15.31,15.49,134918
2011-05-30,15.66,15.66,15.39,15.46,104800
2011-05-31,15.56,15.87,15.46,15.75,183265
2011-06-01,15.53,16.45,15.53,16.24,142376
2011-06-02,16.02,16.29,15.89,16.21,52242
2011-06-03,16.21,16.29,15.67,16.18,100785
2011-06-06,16.45,16.45,15.85,15.96,32642
2011-06-07,15.84,16.17,15.84,15.91,113554
2011-06-08,15.94,16.06,15.93,15.93,16518
2011-06-09,15.84,16.74,15.75,16.64,177474
2011-06-10,16.38,17.34,16.34,16.73,726097
2011-06-13,16.87,16.87,16.47,16.48,43442
2011-06-14,16.47,16.78,16.47,16.64,206453
2011-06-15,16.65,17.64,16.48,16.64,577398
2011-06-16,16.74,16.81,16.42,16.64,281208
2011-06-17,16.31,18.0,16.21,16.95,745644
2011-06-20,16.89,16.89,15.81,16.64,186977
2011-06-21,16.66,16.82,16.49,16.66,207697
2011-06-22,16.65,16.65,16.35,16.37,39154
2011-06-23,16.39,16.46,16.27,16.37,163021
2011-06-24,16.02,16.58,16.02,16.55,204044
2011-06-27,16.31,16.55,16.31,16.43,33120
2011-06-28,16.31,16.55,16.31,16.39,166977
2011-06-29,16.21,17.46,16.21,17.33,387741
2011-06-30,17.76,17.89,17.35,17.44,110400
2011-07-01,17.74,17.74,17.1,17.18,50133
2011-07-04,17.04,17.45,16.74,17.02,57964
2011-07-05,16.74,17.09,16.74,16.97,54874
2011-07-06,16.98,17.64,16.66,17.41,126252
2011-07-07,17.46,17.82,17.4,17.51,189132
2011-07-08,17.33,17.37,16.65,16.89,211253
2011-07-11,17.06,17.08,16.56,17.04,110088
2011-07-12,16.78,17.05,16.56,16.72,30296
2011-07-13,17.0,17.44,16.74,17.21,195141
2011-07-14,17.64,18.41,17.6,17.68,561164
2011-07-15,18.61,18.61,17.79,17.98,223964
2011-07-18,18.0,18.49,17.87,18.22,192109
2011-07-19,18.4,18.45,18.01,18.19,98688
2011-07-20,18.2,18.27,17.64,18.01,161421
2011-07-21,18.0,18.34,17.64,17.96,120118
2011-07-22,18.17,18.42,18.01,18.36,123697
2011-07-25,18.32,18.61,18.1,18.49,115554
2011-07-26,18.61,18.61,18.14,18.46,182764
2011-07-27,18.44,18.45,17.64,18.28,335510
2011-07-28,17.92,18.27,17.92,18.16,34400
2011-07-29,18.09,18.54,17.86,17.92,476674
2011-08-01,17.85,18.34,17.74,17.96,128933
2011-08-02,18.0,18.14,17.58,18.05,41442
2011-08-03,18.0,18.37,17.73,18.25,175674
2011-08-04,18.11,18.18,17.65,17.72,47608
2011-08-05,17.55,17.91,17.01,17.37,357088
2011-08-08,17.1,17.28,16.83,17.03,120162
2011-08-09,16.29,17.33,16.2,17.03,293341
2011-08-10,17.81,17.82,17.24,17.26,83954
2011-08-11,17.1,17.37,17.1,17.23,15888
2011-08-12,17.37,17.37,17.1,17.11,28577
2011-08-16,17.37,17.63,17.06,17.13,33842
2011-08-17,17.1,17.37,16.4,16.45,248421
2011-08-18,16.65,16.65,16.34,16.37,60154
2011-08-19,16.29,16.45,16.02,16.38,142688
2011-08-22,16.38,16.82,16.13,16.72,106962
2011-08-23,16.98,16.98,16.47,16.68,73309
2011-08-24,16.65,16.69,16.51,16.64,66562
2011-08-25,16.38,16.48,16.22,16.27,7141
2011-08-26,16.29,16.65,15.93,15.94,86198
2011-08-29,16.2,16.69,15.96,16.6,40764
2011-08-30,16.47,17.1,16.38,16.96,104785
2011-09-02,16.52,16.74,16.52,16.72,2065
2011-09-05,16.65,16.91,16.39,16.71,26666
2011-09-06,16.85,17.28,16.44,17.08,77564
2011-09-07,17.1,17.19,16.92,17.1,98341
2011-09-08,17.36,17.36,16.88,16.96,12776
2011-09-09,16.96,17.09,16.48,16.72,10865
2011-09-12,16.56,16.56,16.12,16.29,69866
2011-09-13,16.55,16.84,16.25,16.73,29932
2011-09-14,16.69,16.83,16.48,16.65,19244
2011-09-15,16.47,17.01,16.47,16.99,144118
2011-09-16,16.83,16.83,16.65,16.74,22421
2011-09-19,16.65,16.91,16.65,16.74,79932
2011-09-20,16.56,17.28,16.56,16.82,63488
2011-09-21,16.91,16.91,16.2,16.43,73842
2011-09-22,17.22,19.72,17.22,19.57,5626097
2011-09-23,19.73,20.56,17.64,17.86,2648741
2011-09-26,18.18,18.8,16.66,16.85,671208
2011-09-27,17.1,17.79,16.8,17.21,239985
2011-09-28,17.82,17.82,16.8,16.88,103709
2011-09-29,16.66,17.07,16.57,16.75,169008
2011-09-30,16.42,17.28,16.42,16.84,94933
2011-10-03,16.56,17.34,16.3,17.24,127096
2011-10-04,17.09,17.17,16.86,17.1,44177
2011-10-05,16.84,17.22,16.84,17.11,19208
2011-10-07,17.46,17.82,16.84,17.2,43341
2011-10-10,17.11,17.64,17.03,17.54,79920
2011-10-11,17.72,17.72,17.21,17.36,35074
2011-10-12,17.11,17.55,17.11,17.38,40385
2011-10-13,17.51,17.7,17.25,17.44,59442
2011-10-14,17.27,17.82,17.12,17.72,114044
2011-10-17,17.47,18.0,17.2,17.81,63674
2011-10-18,17.99,18.0,17.65,17.9,89541
2011-10-19,17.74,18.17,17.46,18.04,20865
2011-10-20,18.0,18.0,17.56,17.81,75554
2011-10-21,17.3,17.99,17.3,17.79,116933
2011-10-24,17.84,17.84,17.01,17.38,105030
2011-10-25,17.11,17.44,17.01,17.07,248808
2011-10-26,18.89,18.89,16.92,17.6,18865
2011-10-28,17.94,17.94,17.07,17.18,54354
2011-10-31,17.41,17.41,17.11,17.26,17200
2011-11-01,17.19,17.39,17.12,17.18,82109
2011-11-02,17.1,17.18,16.84,17.1,151398
2011-11-03,17.1,17.16,16.65,16.91,170408
2011-11-04,16.47,17.1,16.47,16.84,48621
2011-11-08,16.92,16.92,16.66,16.85,192577
2011-11-09,17.01,17.07,16.8,16.91,19253
2011-11-11,16.83,17.19,16.76,16.91,100666
2011-11-14,16.76,17.05,16.55,16.65,75688
2011-11-15,16.92,16.92,15.45,15.89,28429
2011-11-16,16.19,16.42,15.3,16.08,53132
2011-11-17,15.94,16.07,15.39,15.61,49030
2011-11-18,15.92,15.92,14.85,15.27,89896
2011-11-21,15.3,15.38,14.94,15.07,40844
2011-11-22,14.93,15.03,14.67,14.72,36977
2011-11-23,14.59,14.84,13.5,13.93,171442
2011-11-24,13.86,13.95,13.59,13.85,83120
2011-11-25,13.51,13.95,13.51,13.69,72865
2011-11-28,13.82,13.89,12.71,12.8,535874
2011-11-29,12.51,12.84,11.37,12.73,790429
2011-11-30,13.18,13.29,12.43,12.52,221341
2011-12-01,12.6,13.31,12.6,12.89,101386
2011-12-02,12.93,13.26,12.8,13.18,25074
2011-12-05,13.31,13.36,13.09,13.22,13488
2011-12-07,13.36,13.95,13.24,13.55,192776
2011-12-08,13.72,13.95,12.96,13.0,195466
2011-12-09,13.05,13.48,12.82,13.22,29074
2011-12-12,13.01,13.06,12.37,12.4,190666
2011-12-13,12.35,12.59,12.06,12.1,193741
2011-12-14,12.14,12.14,11.91,12.02,100518
2011-12-15,12.24,12.24,11.64,11.73,259653
2011-12-16,11.97,13.05,11.97,12.6,1176897
2011-12-19,12.7,12.7,11.81,12.07,167910
2011-12-20,11.81,11.81,11.52,11.7,242562
2011-12-21,11.88,11.92,11.26,11.71,61920
2011-12-22,11.61,12.42,11.27,12.21,169341
2011-12-23,12.59,12.77,12.12,12.17,75408
2011-12-26,12.36,12.41,11.81,11.87,41842
2011-12-27,11.8,12.15,11.79,11.85,20674
2011-12-28,11.88,11.99,11.71,11.77,35341
2011-12-29,11.71,11.93,11.7,11.7,33120
2011-12-30,11.53,12.37,11.36,11.69,19297
2012-01-02,11.46,12.06,11.25,11.71,32776
2012-01-03,11.7,12.33,11.7,12.16,21798
2012-01-04,12.15,12.42,11.89,11.93,13110
2012-01-05,12.38,12.67,11.99,12.21,80554
2012-01-06,11.99,12.41,11.97,12.19,13341
2012-01-09,12.15,12.73,12.15,12.65,39398
2012-01-10,12.6,13.32,12.6,13.22,111985
2012-01-11,13.41,13.5,13.02,13.13,80785
2012-01-12,12.97,13.4,12.97,13.36,37821
2012-01-13,13.23,13.66,12.87,13.6,110074
2012-01-16,13.68,13.68,13.32,13.49,11398
2012-01-17,13.67,13.77,12.85,13.54,52688
2012-01-18,13.46,13.76,13.06,13.51,86029
2012-01-19,13.76,13.77,13.51,13.71,71920
2012-01-20,13.08,13.86,13.08,13.55,68962
2012-01-23,13.42,13.78,13.32,13.49,300696
2012-01-24,13.62,13.76,13.51,13.6,9777
2012-01-25,13.41,14.1,13.41,13.99,53777
2012-01-27,13.96,14.35,13.96,14.2,51932
2012-01-30,14.04,14.24,13.86,13.96,31608
2012-01-31,14.22,14.22,13.77,13.87,73674
2012-02-01,13.68,14.04,13.64,13.95,39474
2012-02-02,14.03,14.04,13.68,13.7,54364
2012-02-03,13.68,16.44,13.68,15.54,212598
2012-02-06,15.54,16.2,14.98,15.1,128429
2012-02-07,15.83,15.83,15.12,15.26,98354
2012-02-08,14.67,15.85,14.67,15.31,381852
2012-02-09,15.31,16.29,15.31,15.71,468296
2012-02-10,15.4,16.21,15.31,16.01,906909
2012-02-13,16.11,16.63,15.89,16.57,1346696
2012-02-14,16.38,16.91,15.84,16.73,223541
2012-02-15,16.66,16.92,16.38,16.46,261318
2012-02-16,16.29,16.69,16.07,16.64,476785
2012-02-17,16.47,16.8,16.29,16.74,154909
2012-02-21,16.65,17.09,16.02,16.81,178497
2012-02-22,16.65,17.18,16.1,16.31,229932
2012-02-23,16.39,16.77,16.39,16.66,57510
2012-02-24,16.65,16.87,16.65,16.83,127200
2012-02-27,16.65,16.73,16.38,16.65,122288
2012-02-28,16.91,17.54,16.65,16.8,76829
2012-02-29,16.99,16.99,16.65,16.7,19030
2012-03-01,16.76,16.76,16.01,16.16,75274
2012-03-02,16.47,16.73,16.11,16.66,77377
2012-03-03,16.92,16.92,16.38,16.66,6177
2012-03-05,16.65,16.66,16.21,16.65,59954
2012-03-06,16.47,16.83,16.47,16.66,61718
2012-03-07,16.47,17.01,16.38,16.68,65576
2012-03-09,16.91,16.92,16.49,16.74,116029
2012-03-12,16.75,17.09,16.74,16.9,39674
2012-03-13,16.88,17.28,16.88,17.0,57985
2012-03-14,17.28,17.28,16.92,16.92,40252
2012-03-15,17.1,17.1,16.74,16.82,36266
2012-03-16,16.99,17.07,16.65,16.93,39554
2012-03-19,16.65,17.1,16.65,16.92,293629
2012-03-20,16.92,17.16,16.74,17.1,127442
2012-03-21,17.1,17.2,17.1,17.13,41910
2012-03-22,17.19,17.58,17.06,17.2,249665
2012-03-23,17.29,17.94,17.21,17.39,12977
2012-03-26,17.1,18.08,17.09,17.63,666977
2012-03-27,17.82,18.09,17.55,17.84,1076474
2012-03-28,18.05,18.26,17.15,17.4,156741
2012-03-29,17.37,17.63,17.13,17.55,44518
2012-03-30,17.02,17.86,16.95,17.51,46274
2012-04-02,17.9,18.0,17.2,17.27,38208
2012-04-03,17.46,17.64,17.35,17.55,181564
2012-04-04,17.28,17.63,17.28,17.56,9941
2012-04-09,17.64,17.73,17.1,17.31,73408
2012-04-10,17.13,17.64,17.13,17.5,62364
2012-04-11,17.29,17.91,17.28,17.83,154162
2012-04-12,17.8,18.27,17.64,17.99,56720
2012-04-13,17.82,18.18,17.82,17.99,21564
2012-04-16,17.55,18.0,17.55,17.99,46933
2012-04-17,18.0,18.09,17.82,17.99,40608
2012-04-18,17.74,18.09,17.74,17.99,115318
2012-04-19,17.84,18.17,17.84,17.99,102000
2012-04-20,18.0,18.16,17.86,18.0,93554
2012-04-23,18.18,18.18,16.93,17.53,1508310
2012-04-24,17.51,17.81,17.37,17.55,223354
2012-04-25,17.55,18.16,17.55,17.72,615585
2012-04-26,17.81,18.0,17.59,17.65,48518
2012-04-27,17.91,18.09,17.58,18.0,762710
2012-04-28,18.16,18.16,17.92,18.05,16177
2012-04-30,18.01,18.01,18.0,18.0,47221
2012-05-02,18.0,18.51,18.0,18.46,132888
2012-05-03,18.36,18.49,18.36,18.46,44198
2012-05-04,18.19,18.48,18.14,18.32,366266
2012-05-07,18.36,18.85,18.01,18.61,398977
2012-05-08,18.63,18.81,18.32,18.36,402598
2012-05-09,18.41,18.53,18.4,18.45,149052
2012-05-10,18.49,18.69,18.46,18.57,16044
2012-05-11,18.45,18.61,18.45,18.46,45985
2012-05-14,18.1,18.54,18.09,18.47,95733
2012-05-15,18.14,18.43,17.33,17.51,44444
2012-05-16,17.53,17.77,16.64,17.38,371510
2012-05-17,17.1,17.55,17.1,17.17,46474
2012-05-18,16.7,17.46,16.7,17.09,134021
2012-05-21,17.55,17.86,16.44,16.58,90776
2012-05-22,16.82,16.87,16.38,16.47,358141
2012-05-23,16.83,17.46,16.52,16.58,168266
2012-05-24,16.58,17.19,16.38,17.11,463442
2012-05-25,17.1,18.27,17.1,17.91,86474
2012-05-28,17.95,18.0,17.55,17.9,39341
2012-05-29,17.91,18.35,17.91,18.11,23421
2012-05-30,18.17,18.54,18.01,18.43,25074
2012-05-31,18.91,19.08,18.9,19.03,112053
2012-06-01,18.92,19.07,18.9,18.96,12621
2012-06-04,18.9,18.98,18.9,18.96,954688
2012-06-05,19.52,20.06,18.9,18.96,26429
2012-06-06,18.93,19.24,18.9,18.94,17164
2012-06-07,19.34,19.66,18.9,18.98,156421
2012-06-08,19.0,19.08,18.9,19.0,86177
2012-06-11,19.0,19.08,18.9,18.91,48533
2012-06-12,18.9,19.08,18.9,18.9,37398
2012-06-13,19.69,19.69,18.76,18.93,68652
2012-06-14,19.07,19.43,18.9,19.25,70177
2012-06-15,19.27,19.45,19.27,19.31,30465
2012-06-18,19.17,19.88,19.17,19.55,140720
2012-06-19,19.44,19.88,19.22,19.82,50385
2012-06-20,20.02,20.25,19.57,19.64,50918
2012-06-21,19.62,19.84,19.28,19.56,22688
2012-06-22,19.8,19.93,19.36,19.61,80288
2012-06-25,19.36,20.15,19.36,19.75,43030
2012-06-26,19.72,20.15,19.72,20.02,8444
2012-06-27,19.92,20.11,19.82,19.98,17576
2012-06-28,20.07,20.25,19.81,20.09,29709
2012-06-29,20.25,20.25,19.64,20.12,21164
2012-07-02,20.3,20.67,19.99,20.6,157066
2012-07-03,20.61,21.1,20.32,20.65,98897
2012-07-04,20.74,21.05,20.57,20.65,94141
2012-07-05,20.78,21.38,20.71,21.23,166874
2012-07-06,21.33,21.5,21.24,21.3,104053
2012-07-09,21.24,21.31,20.1,20.65,167697
2012-07-10,21.07,21.14,20.17,20.81,335541
2012-07-11,20.79,20.86,20.53,20.66,20177
2012-07-12,20.78,21.03,20.61,21.01,49164
2012-07-13,21.14,21.7,20.88,21.57,58341
2012-07-16,21.59,21.59,21.24,21.41,17576
2012-07-17,21.77,21.77,21.27,21.38,106829
2012-07-18,21.33,21.5,21.24,21.41,11110
2012-07-19,21.56,21.56,21.34,21.43,34252
2012-07-20,21.7,21.7,21.24,21.41,18421
2012-07-23,21.41,21.57,20.68,20.78,36933
2012-07-24,20.78,20.92,20.57,20.78,17421
2012-07-25,21.11,21.11,20.57,20.63,12865
2012-07-26,20.7,20.88,20.36,20.71,49052
2012-07-27,20.69,21.06,20.43,20.76,53608
2012-07-30,20.57,20.96,20.57,20.67,16808
2012-07-31,20.26,20.79,20.26,20.72,20732
2012-08-01,20.79,21.14,20.79,21.12,40509
2012-08-02,20.89,21.1,20.53,20.81,6764
2012-08-03,20.88,21.06,20.88,21.02,4533
2012-08-06,20.81,21.33,20.81,21.29,65932
2012-08-07,21.1,21.41,21.1,21.23,7910
2012-08-08,21.06,21.33,20.89,21.19,88421
2012-08-09,21.15,21.33,21.01,21.23,76933
2012-08-10,23.76,23.76,21.15,21.32,48310
2012-08-13,21.41,22.4,21.24,22.04,160541
2012-08-14,21.61,22.29,21.24,21.76,337042
2012-08-16,21.87,21.97,21.6,21.61,88630
2012-08-17,22.04,22.16,21.6,22.13,136874
2012-08-21,22.05,24.21,22.05,23.86,460118
2012-08-22,24.2,24.66,23.84,24.54,62874
2012-08-23,24.3,25.1,24.21,24.8,195253
2012-08-24,24.62,24.62,23.58,23.86,251488
2012-08-27,23.85,24.3,23.66,23.82,213576
2012-08-28,23.9,24.02,23.61,23.91,113520
2012-08-29,23.86,24.11,23.14,23.77,158154
2012-08-30,23.98,24.02,23.55,23.92,18332
2012-08-31,23.85,24.03,23.4,23.98,38598
2012-09-03,24.53,25.2,23.98,24.47,87621
2012-09-04,24.75,25.82,24.66,25.72,164874
2012-09-05,25.52,26.27,25.47,25.68,178785
2012-09-06,26.08,26.08,25.74,25.99,240897
2012-09-07,26.09,26.09,25.74,25.94,31008
2012-09-08,26.1,26.1,25.92,26.1,5229
2012-09-10,26.55,27.91,26.1,26.14,131653
2012-09-11,26.1,26.1,25.68,25.79,23297
2012-09-12,25.74,25.95,25.06,25.49,54109
2012-09-13,25.51,25.64,25.15,25.23,17896
2012-09-14,25.2,25.8,24.75,25.03,113910
2012-09-17,24.93,25.31,24.31,24.79,91644
2012-09-18,25.56,25.62,24.57,24.79,98400
2012-09-20,24.66,24.74,22.69,24.65,14696
2012-09-21,24.39,25.37,24.39,25.03,272785
2012-09-24,25.44,25.44,24.75,25.36,31786
2012-09-25,25.2,26.49,24.79,26.01,119576
2012-09-26,26.44,27.23,26.01,26.87,218118
2012-09-27,26.99,27.44,26.55,26.96,198242
2012-09-28,27.18,27.26,26.55,26.93,88696
2012-10-01,27.27,27.27,26.7,27.0,32865
2012-10-03,26.65,27.44,26.65,26.95,44364
2012-10-04,27.01,27.81,26.73,27.74,384354
2012-10-05,27.99,28.08,27.36,27.73,86541
2012-10-08,27.32,27.9,27.23,27.29,141585
2012-10-09,27.8,27.8,27.36,27.51,51200
2012-10-10,27.27,27.55,27.07,27.14,62177
2012-10-11,27.44,27.44,26.81,27.01,669585
2012-10-12,27.63,27.9,27.05,27.73,101229
2012-10-15,27.19,27.9,27.19,27.62,31200
2012-10-16,28.24,28.24,27.56,27.8,22518
2012-10-17,27.89,28.08,27.46,28.03,89920
2012-10-18,27.64,27.9,27.49,27.73,105354
2012-10-19,27.45,28.35,27.34,27.93,96133
2012-10-22,27.48,30.6,26.76,30.44,459585
2012-10-23,30.57,32.63,27.9,30.94,513910
2012-10-25,30.94,31.62,30.25,30.8,110776
2012-10-26,31.05,31.05,29.44,29.7,111665
2012-10-29,29.28,30.24,29.09,29.76,30208
2012-10-30,30.06,31.33,29.7,30.36,59888
2012-10-31,29.97,31.49,29.81,31.3,66177
2012-11-01,31.5,32.16,30.94,31.76,62341
2012-11-02,31.5,31.94,30.73,31.19,19585
2012-11-05,31.48,31.67,30.23,31.01,63362
2012-11-06,30.87,32.17,29.71,31.15,28998
2012-11-07,31.41,33.38,31.41,33.0,173608
2012-11-08,33.31,37.62,32.7,34.87,1149042
2012-11-09,35.1,35.94,34.02,34.52,175274
2012-11-12,34.2,34.69,33.31,34.0,161377
2012-11-13,32.13,34.2,32.13,33.63,26853
2012-11-15,33.67,34.56,33.31,33.58,44408
2012-11-16,33.62,34.1,32.19,32.93,96630
2012-11-19,32.69,33.29,31.99,32.14,52897
2012-11-20,32.27,32.67,30.84,31.49,201964
2012-11-21,31.55,33.24,30.69,32.19,76109
2012-11-22,31.59,32.62,31.5,31.69,27976
2012-11-23,32.31,32.49,31.41,31.51,53608
2012-11-26,31.23,32.35,31.23,31.67,116288
2012-11-27,31.91,32.4,31.41,31.76,278177
2012-11-29,31.99,32.04,31.15,31.43,235896
2012-11-30,31.86,31.9,31.32,31.46,143244
2012-12-03,32.36,32.41,31.52,31.94,39786
2012-12-04,32.13,34.11,31.87,32.95,172400
2012-12-05,33.89,33.89,32.5,32.58,50874
2012-12-06,33.89,33.89,32.59,32.98,37777
2012-12-07,33.12,33.84,32.75,33.05,45377
2012-12-10,34.08,34.08,33.19,33.54,16021
2012-12-11,33.31,34.38,32.88,33.26,36088
2012-12-12,34.17,34.2,32.46,32.84,38621
2012-12-13,33.88,33.89,32.51,32.83,27386
2012-12-14,32.94,32.94,31.64,32.14,46053
2012-12-17,32.2,32.66,31.95,32.35,35488
2012-12-18,32.35,33.02,32.31,32.77,10941
2012-12-19,32.15,32.83,32.13,32.26,46088
2012-12-20,31.64,32.89,31.63,32.5,20764
2012-12-21,31.96,32.55,29.6,31.99,124198
2012-12-24,31.99,32.86,31.96,32.73,20296
2012-12-26,32.86,33.03,31.86,32.07,53421
2012-12-27,32.05,32.61,31.88,31.91,25430
2012-12-28,31.99,32.58,31.54,32.26,190074
2013-01-01,32.06,37.35,31.94,34.44,728154
2013-01-02,34.65,35.82,33.68,34.58,160962
2013-01-03,34.78,35.01,33.94,34.45,38198
2013-01-04,34.8,34.93,33.94,34.35,58230
2013-01-07,34.19,34.2,33.3,33.94,110918
2013-01-08,34.19,34.2,33.21,33.52,83786
2013-01-09,33.3,34.65,33.03,33.79,192829
2013-01-10,33.48,35.0,32.92,34.61,70533
2013-01-11,34.65,35.03,33.4,34.39,27120
2013-01-14,35.04,35.04,33.28,34.48,47910
2013-01-15,34.43,34.43,33.76,34.04,27520
2013-01-16,33.89,34.2,33.57,33.71,12154
2013-01-17,34.82,34.82,33.12,33.24,24162
2013-01-18,33.48,33.48,32.69,33.13,121762
2013-01-21,33.56,33.56,32.18,32.44,43920
2013-01-22,32.4,33.21,32.22,32.3,41866
2013-01-23,32.85,32.89,31.86,32.2,29644
2013-01-24,31.96,33.75,31.88,32.83,39066
2013-01-25,32.22,33.71,32.05,32.59,69718
2013-01-28,33.3,34.19,33.3,33.91,108465
2013-01-29,34.11,34.38,31.33,32.66,240400
2013-01-30,32.55,32.98,31.95,32.41,69964
2013-01-31,32.84,32.84,31.42,31.81,29110
2013-02-01,31.81,31.95,31.5,31.6,49585
2013-02-04,32.11,32.11,31.23,31.6,60288
2013-02-05,31.51,31.86,31.5,31.57,50754
2013-02-06,31.06,34.74,30.7,32.93,1309341
2013-02-07,33.11,33.61,32.42,33.28,885576
2013-02-08,32.14,35.27,31.97,34.71,1825354
2013-02-11,34.65,34.83,34.46,34.49,103474
2013-02-12,34.5,34.88,34.29,34.67,185520
2013-02-13,34.99,35.0,34.24,34.55,40666
2013-02-14,35.44,35.44,33.76,34.51,88764
2013-02-15,34.11,35.1,34.11,34.75,89762
2013-02-18,35.49,35.49,34.67,35.08,35585
2013-02-19,34.49,37.95,34.48,36.67,316252
2013-02-20,36.63,37.61,36.0,36.26,60177
2013-02-21,35.1,36.3,33.89,36.03,45821
2013-02-22,35.4,36.21,35.4,35.95,64821
2013-02-25,35.54,36.09,35.54,36.01,88865
2013-02-26,35.92,36.45,35.55,35.97,318621
2013-02-27,36.45,36.45,35.91,36.01,64252
2013-02-28,36.01,36.45,35.82,35.98,170941
2013-03-01,36.01,36.69,35.3,36.01,158874
2013-03-04,36.72,36.72,35.56,36.28,182465
2013-03-05,36.18,36.45,35.93,36.04,9541
2013-03-06,36.88,36.88,36.0,36.02,26497
2013-03-07,36.0,36.45,35.91,36.26,24021
2013-03-08,36.0,36.37,35.99,36.01,21777
2013-03-11,36.53,36.53,36.0,36.06,10065
2013-03-12,35.33,36.31,35.14,36.01,121200
2013-03-13,36.0,36.23,35.79,36.0,44044
2013-03-14,35.46,36.53,35.46,36.03,13665
2013-03-15,36.89,36.89,36.0,36.01,24554
2013-03-18,36.15,36.15,35.56,36.0,90421
2013-03-19,36.17,37.35,35.91,36.53,750097
2013-03-20,36.18,36.18,34.21,34.99,270320
2013-03-21,33.84,34.99,33.75,33.77,69777
2013-03-22,33.75,34.01,29.85,32.2,172764
2013-03-25,33.3,37.17,31.96,33.8,1291520
2013-03-26,34.37,34.42,32.4,32.45,32065
2013-03-28,33.66,33.66,32.4,32.8,40421
2013-04-01,32.8,34.56,32.8,34.21,18221
2013-04-02,34.2,35.64,32.85,34.84,352354
2013-04-03,34.03,35.6,34.03,34.52,5777
2013-04-04,33.74,34.67,33.4,34.52,98408
2013-04-05,33.84,34.99,33.49,34.21,313309
2013-04-08,35.19,35.19,33.17,33.31,47488
2013-04-09,32.98,34.13,32.97,34.03,141488
2013-04-10,33.4,33.74,32.99,33.38,22444
2013-04-11,35.63,35.63,32.85,33.24,18888
2013-04-12,33.32,34.17,33.3,33.38,8865
2013-04-15,31.99,33.84,31.99,33.35,82509
2013-04-16,33.32,33.74,33.3,33.4,231141
2013-04-17,33.35,33.65,33.3,33.39,69629
2013-04-18,34.15,34.15,33.39,33.88,76764
2013-04-22,35.07,35.07,33.85,34.45,138888
2013-04-23,33.67,34.29,33.66,34.22,18888
2013-04-25,35.0,35.0,33.29,33.75,38118
2013-04-26,33.33,34.29,33.29,34.15,63600
2013-04-29,34.15,34.65,33.89,34.17,13221
2013-04-30,33.82,34.32,33.76,34.21,10474
2013-05-02,35.35,36.17,34.02,35.22,30821
2013-05-03,35.22,35.28,34.25,34.64,22221
2013-05-06,34.48,34.92,34.47,34.65,232053
2013-05-07,34.25,35.44,34.25,34.74,30274
2013-05-08,34.75,36.17,34.75,35.98,46162
2013-05-09,36.0,36.63,35.6,36.08,37576
2013-05-10,36.1,36.8,35.99,36.01,62053
2013-05-11,36.01,36.01,35.23,36.0,1176
2013-05-13,36.01,36.89,36.01,36.55,80630
2013-05-14,36.8,36.82,36.27,36.37,43074
2013-05-15,36.89,36.99,35.55,36.07,56688
2013-05-16,37.08,39.06,36.69,38.32,266829
2013-05-17,38.7,38.89,37.67,38.28,185564
2013-05-20,39.14,40.18,38.61,39.48,156421
2013-05-21,40.29,47.38,40.29,46.42,3315496
2013-05-22,46.97,50.85,44.1,48.86,3213132
2013-05-23,48.86,51.27,46.36,49.0,2971976
2013-05-24,49.05,49.86,47.7,48.39,330288
2013-05-27,48.6,49.04,46.81,47.0,130444
2013-05-28,46.88,48.14,46.71,46.91,91608
2013-05-29,46.62,49.2,46.62,47.75,115621
2013-05-30,47.7,47.87,46.76,47.38,63208
2013-05-31,47.35,47.61,46.8,47.25,184320
2013-06-03,46.98,49.05,46.98,47.83,246186
2013-06-04,47.52,48.87,47.52,48.21,59377
2013-06-05,48.6,48.6,47.79,48.06,27274
2013-06-06,48.51,48.51,46.89,47.65,44242
2013-06-07,47.01,49.06,47.01,48.37,58732
2013-06-10,49.59,53.91,48.6,52.72,1882154
2013-06-11,52.11,52.71,49.05,50.8,413354
2013-06-12,50.4,51.74,49.96,50.57,70154
2013-06-13,50.66,50.66,49.86,50.21,128554
2013-06-14,50.84,53.01,50.06,51.29,194829
2013-06-17,51.44,52.11,51.3,51.52,38400
2013-06-18,51.23,51.84,50.4,50.48,29585
2013-06-19,51.12,51.3,50.4,50.64,21741
2013-06-20,49.71,51.11,49.59,50.07,36509
2013-06-21,50.06,51.7,49.05,49.59,62053
2013-06-24,49.68,50.13,48.73,49.22,62162
2013-06-25,48.79,49.59,47.7,48.64,35821
2013-06-26,49.49,50.3,48.6,49.43,50421
2013-06-27,49.95,50.39,49.52,50.01,32354
2013-06-28,51.12,51.12,49.95,50.05,50630
2013-07-01,52.08,52.08,50.04,51.2,35896
2013-07-02,51.21,52.19,50.22,51.06,28874
2013-07-03,50.85,52.65,50.85,51.38,73074
2013-07-04,52.05,52.05,50.84,51.19,78586
2013-07-05,50.86,51.75,50.85,51.01,54808
2013-07-08,49.06,51.29,48.69,50.52,36621
2013-07-09,50.4,51.11,49.86,50.08,805141
2013-07-10,49.77,51.75,49.77,51.44,265244
2013-07-11,51.57,52.83,50.85,51.01,85600
2013-07-12,52.02,52.8,50.47,52.24,123496
2013-07-15,52.29,53.28,52.02,52.14,23608
2013-07-16,50.67,54.44,50.67,53.72,65386
2013-07-17,53.72,57.33,51.4,52.26,458053
2013-07-18,52.95,54.45,52.22,53.09,47466
2013-07-19,52.21,53.91,52.21,52.93,31621
2013-07-22,53.99,55.8,53.38,54.29,110853
2013-07-23,53.83,56.39,53.83,55.0,101964
2013-07-24,54.37,55.35,54.28,55.07,72630
2013-07-25,56.25,56.69,54.74,55.36,52429
2013-07-26,55.8,56.07,49.6,54.1,135754
2013-07-29,54.0,54.09,52.29,53.11,43786
2013-07-30,53.36,53.36,51.94,52.21,15110
2013-07-31,51.33,51.4,47.94,48.95,56408
2013-08-01,49.45,49.77,49.05,49.52,34844
2013-08-02,49.51,51.3,48.25,49.85,43697
2013-08-05,50.4,50.83,48.15,49.45,34408
2013-08-06,49.41,52.19,40.5,50.65,878208
2013-08-07,50.4,51.48,46.35,51.16,64109
2013-08-08,49.22,51.58,49.08,50.06,24865
2013-08-12,50.4,50.85,49.77,50.68,55120
2013-08-13,50.76,50.85,48.61,50.4,61052
2013-08-14,50.5,51.3,49.5,49.51,37096
2013-08-16,49.27,50.36,48.69,49.27,120785
2013-08-19,49.05,49.05,45.21,46.63,142933
2013-08-20,46.64,47.51,44.78,45.46,108208
2013-08-21,45.27,46.8,43.02,43.66,54562
2013-08-22,43.74,45.44,43.02,43.67,72332
2013-08-23,43.13,46.33,43.13,45.46,28562
2013-08-26,45.54,47.18,44.91,46.9,27430
2013-08-27,47.16,47.16,45.36,46.76,81964
2013-08-28,46.75,46.8,43.47,45.33,130785
2013-08-29,46.08,46.8,45.19,45.33,3354
2013-08-30,45.27,46.61,43.75,46.3,34141
2013-09-02,45.81,47.61,45.64,45.81,24754
2013-09-03,46.78,46.78,44.11,44.58,32310
2013-09-04,44.38,45.17,44.1,44.44,38710
2013-09-05,45.54,51.77,44.1,49.25,142266
2013-09-06,53.55,53.55,46.35,47.18,50293
2013-09-10,49.26,49.32,47.39,48.17,717120
2013-09-11,48.14,48.15,45.26,45.74,47280
2013-09-12,47.0,47.0,44.11,46.33,140240
2013-09-13,45.46,47.7,44.32,47.24,220284
2013-09-16,47.25,47.88,45.27,46.06,30669
2013-09-17,45.46,47.68,44.36,47.41,305202
2013-09-18,46.71,48.25,46.71,47.6,26341
2013-09-19,47.7,48.76,47.3,48.47,72070
2013-09-20,47.82,49.73,47.71,49.33,31093
2013-09-23,47.25,49.95,47.25,48.78,22029
2013-09-24,49.67,49.68,47.71,47.88,19781
2013-09-25,48.19,48.33,47.03,47.3,48248
2013-09-26,47.25,47.86,47.03,47.15,7745
2013-09-27,47.23,47.53,46.41,46.55,43381
2013-09-30,47.2,48.69,47.2,48.37,59830
2013-10-01,48.38,49.75,48.38,49.52,50962
2013-10-03,49.75,52.09,47.7,51.79,69501
2013-10-04,52.88,53.91,51.77,53.39,63088
2013-10-07,52.1,54.9,52.1,53.83,30790
2013-10-08,54.65,55.69,53.81,55.25,49034
2013-10-09,55.57,56.7,54.7,55.72,65149
2013-10-10,57.35,57.38,56.25,56.28,49282
2013-10-11,55.54,58.03,55.13,56.45,23968
2013-10-14,55.15,57.94,55.15,56.75,57074
2013-10-15,57.58,58.73,56.7,58.13,52545
2013-10-17,59.18,60.75,58.13,60.45,81937
2013-10-18,61.65,61.65,58.74,59.62,154728
2013-10-21,58.51,63.0,58.51,62.87,978768
2013-10-22,60.3,60.52,58.95,59.62,39762
2013-10-23,59.06,60.07,58.73,59.07,32314
2013-10-24,58.5,60.43,56.5,56.95,46634
2013-10-25,56.25,57.82,55.43,56.25,20194
2013-10-28,59.51,59.51,55.01,55.4,36118
2013-10-29,54.68,55.88,53.26,54.44,35674
2013-10-30,56.02,57.6,54.49,57.32,75309
2013-10-31,56.5,59.11,56.02,56.86,60616
2013-11-01,58.46,58.46,57.38,57.89,51324
2013-11-03,59.63,64.57,59.63,62.75,159040
2013-11-05,62.55,62.55,59.18,59.77,65629
2013-11-06,61.29,61.29,59.72,60.7,135901
2013-11-07,60.73,62.18,59.53,60.36,323590
2013-11-08,59.74,61.42,57.82,58.43,96594
2013-11-11,58.43,59.94,56.25,56.64,37594
2013-11-12,56.25,57.44,55.57,55.79,51354
2013-11-13,56.23,57.15,55.8,56.24,34044
2013-11-14,55.33,62.32,55.33,57.81,39101
2013-11-18,58.9,58.9,52.74,57.53,21457
2013-11-19,57.15,58.21,56.7,57.58,24714
2013-11-20,57.4,57.56,57.04,57.17,43728
2013-11-21,58.23,58.23,56.72,57.05,14474
2013-11-22,57.05,58.23,55.57,56.18,25648
2013-11-25,56.94,57.13,55.61,56.32,66545
2013-11-26,55.87,57.37,55.87,56.6,16177
2013-11-27,56.81,56.92,56.05,56.48,18684
2013-11-28,56.69,56.88,56.28,56.48,103372
2013-11-29,56.92,56.93,56.25,56.7,32293
2013-12-02,58.03,59.63,56.83,59.18,54888
2013-12-03,59.62,60.04,58.95,59.2,25789
2013-12-04,59.24,62.98,59.01,61.32,297141
2013-12-05,62.76,62.77,59.96,60.41,25554
2013-12-06,59.29,60.21,59.29,59.42,14412
2013-12-09,60.03,60.64,58.96,59.38,97360
2013-12-10,60.45,60.45,59.18,59.51,15976
2013-12-11,59.8,60.71,59.4,59.7,26208
2013-12-12,59.86,61.83,59.85,60.54,13816
2013-12-13,60.3,63.2,59.65,61.76,122346
2013-12-16,64.05,64.86,62.56,63.69,227762
2013-12-17,64.57,66.56,62.68,66.28,95718
2013-12-18,67.27,77.63,66.75,74.14,856204
2013-12-19,74.48,74.48,69.75,71.12,90914
2013-12-20,71.43,73.03,69.52,71.02,92412
2013-12-23,73.03,73.1,70.77,71.93,53248
2013-12-24,75.37,75.37,71.23,73.3,29408
2013-12-26,74.25,75.35,72.94,73.75,31884
2013-12-27,73.57,74.97,72.9,73.45,17306
2013-12-30,73.13,78.43,73.13,76.33,140693
2013-12-31,76.5,77.33,73.8,74.26,61505
2014-01-01,73.8,76.03,73.57,74.27,35194
2014-01-02,73.82,75.25,72.36,73.01,24981
2014-01-03,72.45,74.18,71.57,72.53,10288
2014-01-06,72.45,74.81,72.0,73.12,38800
2014-01-07,73.13,74.7,73.13,74.39,76928
2014-01-08,73.91,74.68,72.0,73.3,65954
2014-01-09,74.19,75.38,71.55,73.31,53861
2014-01-10,73.61,73.61,71.6,72.58,34688
2014-01-13,73.13,73.9,71.32,72.56,26056
2014-01-14,73.13,73.56,71.55,71.63,10506
2014-01-15,73.33,73.33,69.58,70.85,30773
2014-01-16,71.48,76.27,70.54,73.87,29398
2014-01-17,72.68,76.05,72.0,72.66,32274
2014-01-20,74.07,74.23,72.61,72.91,17852
2014-01-21,73.13,74.02,72.45,72.58,16657
2014-01-22,72.72,73.57,71.77,72.07,28533
2014-01-23,73.13,73.13,71.96,72.47,50124
2014-01-24,72.02,72.9,69.99,71.93,13958
2014-01-27,74.14,74.14,69.88,70.67,23212
2014-01-28,72.13,72.13,69.76,69.96,16941
2014-01-29,69.75,71.5,68.42,70.83,22097
2014-01-30,69.75,74.25,68.18,72.65,21670
2014-01-31,74.02,76.95,72.69,76.37,105884
2014-02-03,77.63,78.59,76.4,77.65,182482
2014-02-04,77.58,78.98,75.64,77.96,113554
2014-02-05,78.61,83.18,78.07,80.41,115221
2014-02-06,81.2,88.2,81.2,87.32,423354
2014-02-07,88.2,89.44,83.34,84.43,93154
2014-02-10,85.49,91.87,83.93,90.11,269741
2014-02-11,90.23,92.24,87.07,87.93,83501
2014-02-12,88.85,89.1,86.74,87.89,149088
2014-02-13,87.89,88.64,87.04,87.98,60812
2014-02-14,87.65,89.55,87.3,87.88,52332
2014-02-17,87.89,88.2,82.41,85.82,143861
2014-02-18,84.43,89.53,84.43,88.41,128892
2014-02-19,89.65,90.68,87.75,88.36,51888
2014-02-20,88.18,88.75,87.75,87.97,62444
2014-02-21,87.07,88.43,87.07,87.68,25154
2014-02-24,86.81,88.25,86.81,87.5,15430
2014-02-25,87.32,87.98,86.18,87.68,47328
2014-02-26,87.71,87.75,84.6,84.86,39016
2014-02-28,85.27,87.64,84.16,84.62,46012
2014-03-03,87.46,87.46,83.7,84.62,29821
2014-03-04,86.72,87.41,84.45,85.48,27190
2014-03-05,84.62,85.95,84.15,85.44,27061
2014-03-06,85.5,87.46,85.5,86.72,59350
2014-03-07,87.74,88.65,85.95,86.49,125941
2014-03-10,86.63,91.13,85.88,89.55,250133
2014-03-11,91.13,93.33,90.68,91.47,154160
2014-03-12,92.81,92.81,90.45,91.96,490008
2014-03-13,92.25,92.68,90.68,91.69,279532
2014-03-14,91.35,92.23,91.35,91.87,39078
2014-03-18,92.23,92.48,90.3,91.91,151261
2014-03-19,92.68,104.63,91.35,101.48,300438
2014-03-20,102.25,106.6,100.58,104.91,176128
2014-03-21,103.56,107.21,103.56,105.91,112160
2014-03-22,107.09,107.89,105.74,106.47,8092
2014-03-24,107.75,112.44,106.24,109.04,274461
2014-03-25,109.89,110.02,105.52,108.54,69368
2014-03-26,111.38,114.28,107.19,108.02,310133
2014-03-27,108.02,109.13,107.1,107.94,168794
2014-03-28,108.0,110.07,105.81,106.58,62732
2014-03-31,106.88,108.0,104.4,104.87,159697
2014-04-01,105.75,107.55,104.17,104.54,18616
2014-04-02,105.74,109.13,103.73,105.47,37096
2014-04-03,104.48,108.9,104.48,108.27,71202
2014-04-04,107.38,112.93,107.38,112.03,232800
2014-04-07,112.5,113.6,110.25,110.83,75336
2014-04-09,110.83,113.15,110.48,112.82,63034
2014-04-10,112.95,112.95,110.25,112.61,132109
2014-04-11,111.42,112.48,109.13,110.95,40880
2014-04-15,112.93,112.93,107.31,110.26,85229
2014-04-16,109.63,110.81,107.62,108.09,138461
2014-04-17,107.3,111.1,107.3,110.49,43834
2014-04-21,108.47,112.25,105.52,110.02,97084
2014-04-22,110.82,113.17,110.02,112.63,105137
2014-04-23,114.19,131.63,112.73,121.08,1432661
2014-04-25,123.21,126.9,120.62,122.48,134710
2014-04-28,124.42,127.8,122.42,125.44,141990
2014-04-29,126.83,126.9,123.36,124.25,36114
2014-04-30,125.43,127.13,121.18,121.96,67141
2014-05-02,123.5,126.74,121.05,122.87,95398
2014-05-05,123.81,128.79,115.09,127.12,481457
2014-05-06,128.25,134.77,124.28,125.66,212720
2014-05-07,126.65,127.13,121.59,123.04,141132
2014-05-08,123.75,123.75,118.69,122.36,58385
2014-05-09,121.14,123.62,118.1,118.68,95306
2014-05-12,121.14,123.75,119.7,123.62,89173
2014-05-13,122.0,123.75,118.62,123.21,140705
2014-05-14,122.63,122.67,119.84,121.59,86722
2014-05-15,120.38,126.23,120.15,125.21,1208021
2014-05-16,126.67,128.02,120.38,123.04,118901
2014-05-19,124.75,124.85,121.86,124.04,43154
2014-05-20,124.2,124.65,121.27,123.78,81893
2014-05-21,120.83,127.13,120.83,126.32,267025
2014-05-22,126.0,136.13,126.0,134.76,146341
2014-05-23,135.16,136.96,133.21,134.94,209318
2014-05-26,136.13,136.35,130.63,134.12,283949
2014-05-27,134.99,134.99,131.42,133.2,50186
2014-05-28,132.75,134.55,131.65,132.64,45132
2014-05-29,106.11,134.51,106.11,130.69,407132
2014-05-30,136.99,136.99,130.77,133.32,111670
2014-06-02,135.02,136.63,112.49,135.74,175994
2014-06-03,135.7,136.8,130.34,134.78,144746
2014-06-04,134.36,147.38,134.17,143.0,91149
2014-06-05,145.91,148.34,139.5,147.13,89608
2014-06-06,148.14,155.25,145.24,153.83,102598
2014-06-09,152.33,155.7,151.42,155.28,74429
2014-06-10,155.31,159.08,151.88,158.69,58914
2014-06-11,160.2,162.45,153.0,153.93,55016
2014-06-12,156.83,156.84,150.75,154.45,17452
2014-06-13,153.29,154.15,148.73,151.87,39661
2014-06-16,152.15,153.99,148.35,152.71,56962
2014-06-17,155.25,155.79,151.44,152.44,25452
2014-06-18,152.34,155.25,151.2,153.76,66501
2014-06-19,155.38,155.38,149.33,151.12,20794
2014-06-20,149.63,152.33,148.5,150.32,25120
2014-06-23,150.52,150.75,146.68,150.14,75088
2014-06-24,148.84,154.56,148.84,150.48,27280
2014-06-25,151.4,153.01,150.32,152.35,92314
2014-06-26,152.99,153.0,150.78,152.07,20080
2014-06-27,151.38,153.45,150.76,152.62,23248
2014-06-30,151.32,159.52,149.06,157.85,49724
2014-07-01,158.22,163.13,156.62,162.4,51932
2014-07-02,161.22,166.95,160.79,162.91,36821
2014-07-03,159.19,170.98,159.19,164.68,64741
2014-07-04,164.68,166.5,160.96,161.94,34368
2014-07-07,166.42,166.42,154.8,155.74,110426
2014-07-08,156.38,158.4,147.38,152.97,173200
2014-07-09,153.4,155.23,150.08,151.33,33176
2014-07-10,148.53,153.0,147.38,148.25,79505
2014-07-11,148.84,152.92,148.7,151.56,34608
2014-07-14,151.92,153.0,149.3,151.34,29888
2014-07-15,151.21,152.03,138.67,142.96,310533
2014-07-16,141.64,147.15,137.95,146.12,239794
2014-07-17,146.02,151.88,144.0,150.5,68288
2014-07-18,148.5,148.93,140.85,146.91,74714
2014-07-21,147.38,152.08,147.38,149.06,139212
2014-07-22,149.62,155.23,148.95,150.12,72118
2014-07-23,152.77,153.13,149.2,149.96,27074
2014-07-24,151.65,151.65,147.38,150.67,49372
2014-07-25,149.17,151.36,147.4,149.77,44438
2014-07-28,150.08,158.99,148.52,155.54,70533
2014-07-30,157.05,159.3,148.5,153.47,85122
2014-07-31,154.99,156.35,152.77,155.27,42554
2014-08-01,155.25,157.26,151.22,153.72,26758
2014-08-04,153.24,163.69,152.1,158.3,57949
2014-08-05,156.62,159.74,155.25,155.72,32082
2014-08-06,155.7,159.6,153.76,157.63,91229
2014-08-07,159.29,159.29,153.56,155.15,37878
2014-08-08,157.04,157.04,150.75,153.86,78177
2014-08-11,152.12,158.4,152.12,157.27,54354
2014-08-12,158.17,158.17,155.94,156.8,44012
2014-08-13,157.51,158.62,155.54,157.63,60581
2014-08-14,158.38,161.33,157.5,159.45,78044
2014-08-18,162.0,167.63,160.22,166.6,107842
2014-08-19,166.6,176.63,165.38,175.73,244341
2014-08-20,177.23,179.96,176.69,178.02,55208
2014-08-21,177.98,179.77,173.25,178.58,68754
2014-08-22,179.77,186.64,178.28,185.36,208225
2014-08-25,189.9,193.28,185.87,189.83,155612
2014-08-26,194.15,194.78,182.25,185.84,84669
2014-08-27,188.31,188.87,180.47,183.15,47021
2014-08-28,184.73,188.55,180.0,182.0,59110
2014-09-01,180.93,189.0,177.75,179.17,73306
2014-09-02,181.08,184.49,176.4,177.76,80826
2014-09-03,178.99,182.48,167.04,181.45,72412
2014-09-04,182.25,185.63,178.88,184.9,64608
2014-09-05,185.63,187.65,184.74,186.46,57537
2014-09-08,192.15,192.15,184.5,187.79,60480
2014-09-09,189.0,189.0,185.63,187.31,34669
2014-09-10,188.93,188.93,182.33,183.57,47813
2014-09-11,183.57,185.85,182.25,184.27,181469
2014-09-12,183.38,190.35,180.13,189.15,66962
2014-09-15,187.0,192.69,185.78,187.82,39469
2014-09-16,189.45,189.9,174.97,184.73,67768
2014-09-17,186.3,186.3,177.75,178.21,81248
2014-09-18,180.23,183.71,175.74,181.64,62594
2014-09-19,183.15,185.63,181.13,185.09,52746
2014-09-22,184.95,189.9,181.13,188.44,69937
2014-09-23,188.55,190.13,181.4,183.59,62688
2014-09-24,182.96,185.38,178.88,182.0,56794
2014-09-25,182.99,182.99,168.75,173.29,57868
2014-09-26,173.25,183.6,165.6,169.56,109272
2014-09-29,174.33,184.5,171.0,181.49,32906
2014-09-30,182.95,186.75,178.2,180.97,34742
2014-10-01,185.35,185.38,176.85,179.28,42936
2014-10-07,179.28,181.8,171.0,173.97,109478
2014-10-08,171.11,178.0,168.79,170.53,45760
2014-10-09,168.84,176.85,168.75,175.39,50390
2014-10-10,173.65,175.88,171.56,173.68,13106
2014-10-13,173.68,175.43,169.74,171.16,25445
2014-10-14,171.47,173.02,166.95,169.33,43128
2014-10-16,169.18,170.46,166.73,168.5,26189
2014-10-17,166.97,173.05,162.18,170.84,51392
2014-10-20,173.25,173.48,169.42,171.13,14906
2014-10-21,173.09,173.9,166.5,171.2,47525
2014-10-22,173.86,176.13,168.79,174.67,154289
2014-10-23,173.29,177.75,170.57,176.26,11080
2014-10-27,177.71,177.71,169.79,172.55,121520
2014-10-28,169.65,170.1,157.95,161.57,404342
2014-10-29,165.13,168.75,162.0,168.32,111946
2014-10-30,167.4,169.2,163.35,166.41,88941
2014-10-31,168.68,168.71,152.53,153.2,6637549
2014-11-03,159.3,162.45,152.1,159.77,4153842
2014-11-05,158.4,163.8,157.88,162.07,664173
2014-11-07,164.25,166.34,162.07,163.8,231984
2014-11-10,162.58,166.23,162.0,164.27,162090
2014-11-11,164.34,168.12,163.08,166.39,231352
2014-11-12,167.33,173.21,166.73,171.13,284721
2014-11-13,171.0,180.76,169.85,177.01,371676
2014-11-14,177.03,178.99,173.25,175.12,155176
2014-11-17,173.38,181.49,171.0,179.33,308144
2014-11-18,180.85,186.62,180.76,185.83,401674
2014-11-19,184.5,195.71,180.25,188.68,1709244
2014-11-20,187.42,190.67,181.35,183.46,162902
2014-11-21,182.34,186.3,179.1,182.25,147306
2014-11-24,186.28,189.0,182.14,183.15,103157
2014-11-25,180.0,190.31,177.75,185.47,581154
2014-11-26,185.81,195.26,185.81,191.7,227314
2014-11-27,192.6,195.26,187.65,194.04,118161
2014-11-28,195.75,197.96,191.25,196.18,207788
2014-12-01,197.96,201.6,193.66,200.03,182118
2014-12-02,202.46,202.46,192.35,194.87,112880
2014-12-03,195.3,197.68,181.4,184.5,473301
2014-12-04,184.95,195.71,184.61,194.56,426061
2014-12-05,195.59,195.59,189.0,190.26,92908
2014-12-08,191.99,193.03,189.04,191.18,195298
2014-12-09,187.79,193.95,186.3,190.1,129229
2014-12-10,189.38,191.14,186.75,187.99,29910
2014-12-11,186.75,187.67,181.8,187.47,33637
2014-12-12,185.85,188.55,180.0,182.59,113532
2014-12-15,181.78,182.25,178.33,180.76,57078
2014-12-16,179.17,180.0,171.99,176.24,186849
2014-12-17,175.05,176.15,166.5,171.4,124304
2014-12-18,174.6,175.9,167.85,169.63,247184
2014-12-19,174.58,174.58,167.85,171.29,165408
2014-12-22,176.4,176.4,168.3,168.62,229266
2014-12-23,169.65,172.13,166.5,168.37,172012
2014-12-24,168.79,175.3,168.75,174.58,2790870
2014-12-26,175.95,175.95,171.9,173.95,72272
2014-12-29,172.8,176.4,171.54,174.76,140858
2014-12-30,175.93,178.2,173.41,176.94,102056
2015-01-01,175.5,177.66,174.38,175.12,31213
2015-01-02,175.16,178.2,173.32,174.01,223654
2015-01-05,175.48,176.71,170.08,171.25,108338
2015-01-06,172.35,172.35,163.4,165.1,154428
2015-01-07,163.62,166.5,162.45,163.24,118374
2015-01-08,163.8,167.4,162.67,163.89,103354
2015-01-09,164.7,167.85,164.7,167.15,55120
2015-01-12,171.9,171.9,165.44,165.89,52058
2015-01-13,168.66,168.66,165.65,166.59,61968
2015-01-14,166.32,168.08,166.32,167.42,49814
2015-01-15,167.06,169.74,166.12,169.27,305238
2015-01-16,168.46,173.7,167.67,173.02,89617
2015-01-19,172.1,177.3,171.04,175.59,162224
2015-01-20,179.03,179.03,173.74,177.39,95132
2015-01-21,179.51,179.51,171.0,173.97,52812
2015-01-22,177.3,177.3,171.49,174.22,66321
2015-01-23,176.78,176.78,170.68,171.94,316801
2015-01-27,173.25,176.4,170.15,175.41,228225
2015-01-28,180.9,182.7,167.85,173.5,157034
2015-01-29,168.75,173.25,160.65,172.37,269416
2015-01-30,173.14,174.15,166.48,171.76,129240
2015-02-02,170.98,174.56,166.68,173.43,101137
2015-02-03,172.28,178.65,170.1,178.04,114092
2015-02-04,178.2,188.33,175.95,187.02,233397
2015-02-05,189.0,193.5,184.84,187.85,180945
2015-02-06,184.95,189.45,177.75,186.91,120232
2015-02-09,187.15,188.55,179.98,187.24,106988
2015-02-10,187.2,192.13,182.29,188.12,77381
2015-02-11,183.19,200.68,183.19,196.29,135841
2015-02-12,194.17,200.07,191.65,195.23,142284
2015-02-13,193.5,202.05,193.5,201.2,201948
2015-02-16,217.8,217.8,200.7,203.4,113720
2015-02-18,203.4,212.85,199.35,207.04,1306454
2015-02-19,206.78,207.0,197.71,200.7,109514
2015-02-20,202.5,206.48,195.79,201.22,61578
2015-02-23,204.71,204.71,195.75,201.69,63568
2015-02-24,200.03,206.42,198.04,201.49,79628
2015-02-25,199.35,205.61,194.96,198.97,63612
2015-02-26,198.0,200.47,191.45,195.08,68586
2015-02-27,195.12,202.23,193.77,200.34,88145
2015-02-28,198.0,202.93,196.04,202.43,98950
2015-03-02,202.52,202.52,195.3,197.78,143612
2015-03-03,198.11,200.18,194.56,195.12,172070
2015-03-04,196.24,197.55,191.25,193.9,167761
2015-03-05,197.53,197.53,189.09,193.48,41318
2015-03-09,193.5,193.5,189.0,189.47,69133
2015-03-10,192.38,192.38,186.98,188.53,79285
2015-03-11,188.98,192.6,187.15,190.64,49297
2015-03-12,191.02,196.11,189.0,194.56,80156
2015-03-13,200.14,203.4,191.5,199.64,119229
2015-03-16,198.0,200.95,196.2,198.81,56952
2015-03-17,199.8,200.14,196.47,199.37,50138
2015-03-18,200.25,202.5,198.0,202.03,50205
2015-03-19,201.15,213.75,198.22,206.66,181205
2015-03-20,205.7,207.22,198.02,201.26,42920
2015-03-23,202.01,202.01,193.63,198.76,37026
2015-03-24,199.8,200.72,194.47,195.39,32760
2015-03-25,196.18,196.18,190.35,191.95,42768
2015-03-26,191.25,200.16,187.88,195.75,64097
2015-03-27,194.85,197.55,188.57,191.52,78989
2015-03-30,192.15,198.0,191.7,195.43,41208
2015-03-31,198.0,202.5,191.95,201.53,86146
2015-04-01,201.29,203.08,195.82,201.87,144197
2015-04-06,200.47,203.4,198.34,200.72,127708
2015-04-07,201.17,210.42,200.72,208.42,48925
2015-04-08,209.23,227.23,207.0,226.01,222480
2015-04-09,226.01,233.73,221.58,230.76,519510
2015-04-10,231.75,234.9,230.42,232.83,82349
2015-04-13,233.1,240.66,221.42,224.71,369992
2015-04-15,222.82,235.8,213.75,217.01,62332
2015-04-16,217.01,221.4,202.95,205.49,123938
2015-04-17,207.0,215.12,201.55,205.27,58678
2015-04-20,211.05,215.28,198.47,201.74,54028
2015-04-21,209.07,209.07,200.25,202.12,34970
2015-04-22,198.49,207.88,198.49,205.81,37717
2015-04-23,212.63,213.3,202.97,210.55,42321
2015-04-24,208.3,210.6,198.09,199.44,66800
2015-04-27,193.99,197.73,184.77,194.67,389602
2015-04-28,194.22,201.15,188.57,193.28,167274
2015-04-29,193.07,207.0,191.25,201.13,40090
2015-04-30,204.73,204.75,194.65,198.54,34208
2015-05-04,199.78,204.03,198.45,202.88,21388
2015-05-05,203.08,206.01,193.66,195.37,2010421
2015-05-06,193.5,197.53,186.19,189.52,1092285
2015-05-07,189.0,195.75,182.81,185.81,214826
2015-05-08,186.19,193.01,184.16,191.52,60608
2015-05-11,193.48,193.52,186.88,188.17,42856
2015-05-12,188.08,188.08,181.8,184.32,56088
2015-05-13,186.64,188.08,181.33,184.34,78034
2015-05-14,183.69,186.86,180.18,185.92,83212
2015-05-15,188.96,188.96,182.83,183.44,30573
2015-05-18,185.33,185.4,177.21,182.81,144476
2015-05-19,182.99,185.4,180.54,182.25,128630
2015-05-20,181.13,184.37,177.52,179.91,119008
2015-05-21,179.55,181.31,177.5,179.33,185392
2015-05-22,180.07,185.33,177.39,181.78,144026
2015-05-25,185.26,187.65,180.0,185.38,37638
2015-05-26,185.4,188.1,183.65,187.31,713912
2015-05-27,185.65,186.98,182.38,183.1,15026
2015-05-28,183.6,186.75,181.15,181.76,200758
2015-05-29,180.0,180.0,169.65,173.29,1004301
2015-06-01,173.29,176.4,169.67,173.12,121309
2015-06-02,175.46,175.46,162.45,167.4,196470
2015-06-03,166.95,169.92,161.55,165.69,81912
2015-06-04,166.01,175.5,164.21,174.46,182909
2015-06-05,171.7,180.76,171.54,176.81,409425
2015-06-08,176.4,176.4,162.0,173.27,1361165
2015-06-09,176.31,176.31,168.75,174.53,48341
2015-06-10,174.06,177.75,171.11,175.41,85738
2015-06-11,174.17,180.9,172.53,173.77,1199036
2015-06-12,173.27,174.94,167.99,170.39,116872
2015-06-15,170.57,175.48,169.63,173.12,51560
2015-06-16,173.72,176.4,173.25,175.39,51862
2015-06-17,177.3,177.39,169.24,174.19,258732
2015-06-18,173.68,174.15,169.79,172.58,75077
2015-06-19,168.98,176.4,165.62,176.04,114325
2015-06-22,178.6,178.6,171.27,172.73,68093
2015-06-23,177.3,177.32,171.99,175.46,76177
2015-06-24,175.5,175.5,172.35,172.98,20401
2015-06-25,174.15,174.26,170.66,173.05,78917
2015-06-26,175.43,175.43,171.13,173.99,89788
2015-06-29,171.45,175.5,167.81,174.46,102173
2015-06-30,175.05,177.26,171.13,174.85,63496
2015-07-01,174.6,176.85,172.17,175.39,68348
2015-07-02,175.52,175.66,172.62,174.87,66961
2015-07-03,175.3,175.5,171.45,174.6,55314
2015-07-06,173.95,173.95,171.0,172.4,46177
2015-07-07,174.15,175.05,166.46,167.49,130621
2015-07-08,165.6,169.65,165.6,167.24,69237
2015-07-09,165.6,169.65,164.29,168.12,69948
2015-07-10,165.31,171.0,165.31,167.38,60972
2015-07-13,166.52,171.04,166.05,168.01,95584
2015-07-14,165.6,169.18,165.6,166.57,173976
2015-07-15,168.28,173.25,166.73,171.38,85041
2015-07-16,170.12,173.25,169.65,171.9,56680
2015-07-17,171.9,172.89,168.19,170.46,34568
2015-07-20,171.0,175.48,166.54,168.19,111034
2015-07-21,169.4,170.28,166.05,166.84,72480
2015-07-22,166.57,171.85,165.17,169.2,80198
2015-07-23,169.24,170.21,166.63,168.48,78970
2015-07-24,168.32,169.15,166.5,167.76,55992
2015-07-27,167.76,170.87,164.72,168.86,64274
2015-07-28,169.0,170.1,166.5,167.87,55725
2015-07-29,167.92,170.55,166.73,169.69,27808
2015-07-30,169.69,171.0,167.69,170.08,27729
2015-07-31,170.1,171.02,166.05,167.26,72870
2015-08-03,170.46,170.46,167.13,169.29,44885
2015-08-04,167.6,194.8,167.4,183.44,550901
2015-08-05,186.03,192.26,183.15,184.07,199362
2015-08-06,185.4,187.65,180.47,184.66,129957
2015-08-07,185.85,187.2,184.48,184.82,74221
2015-08-10,187.63,191.7,184.48,188.73,123478
2015-08-11,188.57,189.65,180.74,184.7,229741
2015-08-12,184.5,184.5,175.5,184.43,1611504
2015-08-13,184.5,187.74,180.9,185.99,64028
2015-08-14,185.85,188.51,182.72,187.65,53221
2015-08-17,185.85,190.35,178.92,189.0,199137
2015-08-18,189.0,191.25,188.15,189.27,54853
2015-08-19,189.7,195.48,188.51,194.22,137101
2015-08-20,199.46,203.04,189.02,195.84,97996
2015-08-21,192.92,199.76,189.7,197.62,82053
2015-08-24,186.75,199.53,181.78,188.64,1762429
2015-08-25,187.04,192.13,182.7,187.45,321520
2015-08-26,185.85,191.25,181.82,190.26,65894
2015-08-27,192.26,206.55,189.67,203.89,166520
2015-08-28,204.3,208.01,193.93,195.91,46088
2015-08-31,198.16,200.92,189.45,194.4,33786
2015-09-01,191.14,191.25,183.78,186.55,145965
2015-09-02,186.55,187.2,183.67,185.38,42848
2015-09-03,184.75,195.71,184.75,194.11,60028
2015-09-04,194.4,195.84,182.29,185.92,39968
2015-09-07,186.32,189.0,183.17,186.32,54640
2015-09-08,185.4,189.45,184.95,185.58,25477
2015-09-09,189.92,192.55,184.21,188.28,63706
2015-09-10,187.63,195.55,185.85,194.06,41186
2015-09-11,192.62,196.61,190.35,192.62,31234
2015-09-14,191.25,196.88,191.14,195.79,45680
2015-09-15,194.99,195.75,189.52,194.29,25537
2015-09-16,193.57,196.88,189.9,193.95,44658
2015-09-18,195.68,195.68,190.49,192.67,33612
2015-09-21,193.21,194.83,190.35,192.42,30954
2015-09-22,194.02,194.85,190.35,193.01,30653
2015-09-23,192.17,192.6,189.72,191.27,22074
2015-09-24,189.92,191.65,189.49,191.16,16333
2015-09-28,191.09,191.25,186.75,190.21,32374
2015-09-29,188.1,191.27,186.32,190.89,18972
2015-09-30,191.27,191.27,189.29,190.87,54613
2015-10-01,191.25,193.14,187.07,190.78,42274
2015-10-05,188.57,192.6,187.38,191.14,119741
2015-10-06,193.03,193.03,187.56,191.12,105122
2015-10-07,190.6,190.67,187.79,189.76,22920
2015-10-08,187.67,191.25,187.0,190.55,27298
2015-10-09,191.25,193.41,186.98,188.93,113734
2015-10-12,189.45,191.23,185.99,189.11,35274
2015-10-13,190.06,191.5,186.88,191.14,123114
2015-10-14,191.09,192.62,188.57,191.99,30853
2015-10-15,190.82,196.18,189.0,193.84,50733
2015-10-16,195.75,197.55,190.37,194.17,41229
2015-10-19,196.96,199.35,194.67,199.21,175760
2015-10-20,202.5,202.5,187.24,199.49,153946
2015-10-21,200.7,200.7,193.5,196.94,40472
2015-10-23,191.48,196.61,190.37,194.74,117889
2015-10-26,194.33,195.97,189.45,191.29,34874
2015-10-27,189.0,191.23,183.6,188.75,114854
2015-10-28,186.77,189.0,184.93,187.76,42858
2015-10-29,185.83,189.11,184.97,188.62,29834
2015-10-30,185.44,189.23,185.02,186.48,27094
2015-11-02,187.67,188.12,185.29,186.75,211674
2015-11-03,188.53,190.64,186.75,188.96,26092
2015-11-04,189.18,196.61,186.86,193.14,55725
2015-11-05,193.9,197.08,187.67,190.06,15697
2015-11-06,188.98,191.25,185.85,190.1,36417
2015-11-09,186.77,193.5,185.63,191.63,41494
2015-11-10,192.06,195.3,187.42,192.69,41654
2015-11-11,193.37,193.37,189.47,190.58,6373
2015-11-13,190.21,190.21,185.31,186.88,30165
2015-11-16,185.4,186.71,183.76,185.76,28161
2015-11-17,185.4,189.0,184.5,188.39,27146
2015-11-18,186.91,189.79,185.4,187.67,26512
2015-11-19,187.9,191.23,185.99,189.04,27834
2015-11-20,190.8,190.8,185.9,188.96,34794
2015-11-23,190.53,190.53,185.96,187.2,205142
2015-11-24,187.2,188.44,184.99,186.48,18962
2015-11-26,186.77,187.96,184.52,186.48,39701
2015-11-27,185.83,188.87,184.97,187.58,543165
2015-11-30,187.63,188.06,184.16,186.46,81800
2015-12-01,186.32,187.65,183.19,185.22,73488
2015-12-02,184.32,186.75,180.0,184.59,134912
2015-12-03,186.26,186.26,182.41,184.16,72968
2015-12-04,185.15,189.49,182.41,187.74,38872
2015-12-07,186.77,194.04,185.47,191.5,167053
2015-12-08,190.8,193.95,189.67,192.64,102778
2015-12-09,191.7,191.74,186.84,191.09,37021
2015-12-10,191.23,192.6,189.9,191.88,55910
2015-12-11,191.63,192.6,189.99,191.63,69462
2015-12-14,190.33,192.53,187.65,192.06,201077
2015-12-15,189.0,193.5,189.0,192.4,93718
2015-12-16,192.15,193.5,190.35,192.15,102386
2015-12-17,191.97,192.89,191.25,192.55,73676
2015-12-18,192.11,193.5,191.54,192.96,72870
2015-12-21,191.34,193.95,191.34,192.92,51414
2015-12-22,193.48,194.13,191.54,193.01,75729
2015-12-23,193.21,194.85,189.99,193.46,76858
2015-12-24,192.38,194.85,191.23,194.6,33546
2015-12-28,195.75,200.25,194.89,197.42,61181
2015-12-29,194.4,200.25,193.95,195.79,23613
2015-12-30,192.38,196.51,192.38,194.74,47493
2015-12-31,196.92,198.0,194.4,196.81,40908
2016-01-01,197.08,198.47,191.34,193.99,20144
2016-01-04,193.95,194.36,191.27,192.78,103000
2016-01-05,193.5,194.38,185.44,189.97,55522
2016-01-06,190.26,193.23,189.0,190.67,184866
2016-01-07,190.31,193.46,185.47,190.85,40688
2016-01-08,192.94,194.85,187.88,194.49,60748
2016-01-11,189.92,197.96,186.75,193.52,38038
2016-01-12,193.54,194.04,191.48,192.15,37014
2016-01-13,196.65,196.65,185.94,188.53,48421
2016-01-14,185.63,190.78,177.3,188.51,75670
2016-01-15,189.88,189.92,185.63,188.48,48144
2016-01-18,182.27,187.24,182.27,184.27,35121
2016-01-19,181.89,184.5,180.7,183.6,28625
2016-01-20,181.8,192.38,169.81,182.52,139738
2016-01-21,182.27,187.2,171.92,174.6,25130
2016-01-22,175.39,177.75,172.35,176.4,32898
2016-01-25,179.33,181.33,176.02,179.42,47181
2016-01-27,177.75,187.2,177.75,183.8,27585
2016-01-28,181.78,187.2,181.13,184.77,14476
2016-01-29,185.9,191.45,182.27,190.19,32230
2016-02-01,187.65,193.03,178.47,187.99,95986
2016-02-02,184.05,190.33,182.34,184.34,4485
2016-02-03,186.28,188.55,182.7,185.83,7013
2016-02-04,184.93,189.85,178.2,179.57,42684
2016-02-05,177.75,184.18,176.4,178.56,25718
2016-02-08,175.03,181.73,175.03,177.73,8002
2016-02-09,175.97,185.4,171.09,183.31,85957
2016-02-10,183.53,187.65,176.85,184.18,48182
2016-02-11,181.78,183.19,160.2,172.91,265682
2016-02-12,170.55,176.35,157.95,172.4,66541
2016-02-15,173.25,177.26,168.88,171.7,22678
2016-02-16,171.0,173.7,166.97,170.03,39933
2016-02-17,168.75,169.58,160.88,163.51,48881
2016-02-18,163.26,165.51,160.67,162.16,48262
2016-02-19,163.33,163.58,157.5,160.96,45797
2016-02-22,164.14,164.14,157.5,159.28,60749
2016-02-23,156.85,159.75,156.17,159.43,37853
2016-02-24,156.38,159.75,155.34,157.93,24474
2016-02-25,162.9,162.9,151.69,155.16,29176
2016-02-26,157.05,157.5,153.9,154.73,11201
2016-02-29,157.95,158.83,149.87,153.85,38294
2016-03-01,154.13,158.44,154.13,156.69,90293
2016-03-02,158.4,160.65,154.4,156.56,89101
2016-03-03,155.7,158.99,154.91,157.32,44652
2016-03-04,157.5,163.33,155.38,157.43,21768
2016-03-08,161.51,165.6,156.38,164.5,91105
2016-03-09,162.0,168.75,160.76,166.5,81292
2016-03-10,165.6,168.64,165.6,167.13,355333
2016-03-11,166.5,186.75,165.17,179.64,85638
2016-03-14,181.35,193.5,175.14,187.45,160573
2016-03-15,192.15,192.15,178.36,179.75,24002
2016-03-16,179.55,184.5,177.77,181.55,52384
2016-03-17,180.0,181.73,176.4,180.27,24565
2016-03-18,181.8,181.8,178.27,179.24,16090
2016-03-21,180.0,182.25,177.14,181.37,10738
2016-03-22,182.25,185.83,178.65,181.62,361656
2016-03-23,183.6,183.6,178.9,181.69,100570
2016-03-28,183.6,183.6,179.35,181.46,8989
2016-03-29,180.02,184.5,179.33,183.19,29724
2016-03-30,183.71,190.78,181.01,186.68,447425
2016-03-31,184.01,188.44,182.32,185.35,40253
2016-04-01,184.9,186.75,180.25,183.53,56125
2016-04-04,181.35,184.95,179.08,184.18,685985
2016-04-05,183.8,189.32,181.8,187.24,298733
2016-04-06,187.63,191.21,185.4,188.89,43798
2016-04-07,188.62,192.6,185.71,189.63,87814
2016-04-08,186.77,190.1,184.59,187.58,22032
2016-04-11,188.08,189.0,184.5,188.08,66170
2016-04-12,188.06,193.5,185.87,191.61,77548
2016-04-13,195.71,197.46,191.25,194.71,45942
2016-04-18,197.1,203.99,196.88,197.51,79498
2016-04-20,198.7,199.42,194.87,195.79,24197
2016-04-21,196.65,198.7,191.25,193.16,71617
2016-04-22,199.3,199.3,191.99,194.24,22417
2016-04-25,195.3,195.3,190.37,194.13,66641
2016-04-26,195.3,196.36,192.01,195.75,59009
2016-04-27,193.28,199.78,193.28,198.32,16101
2016-04-28,196.2,201.6,195.75,198.47,36330
2016-04-29,201.6,201.6,195.77,199.21,12818
2016-05-02,196.38,200.81,194.45,196.54,22502
2016-05-03,194.65,198.0,194.4,196.24,12012
2016-05-04,195.1,197.01,191.25,193.12,11560
2016-05-05,192.15,195.59,191.5,193.82,21880
2016-05-06,191.25,195.59,191.25,193.88,28838
2016-05-09,193.88,198.0,193.88,196.54,36248
2016-05-10,201.6,201.6,194.4,197.91,34454
2016-05-11,196.61,197.91,194.85,197.28,19861
2016-05-12,194.51,197.91,190.76,192.15,186917
2016-05-13,191.92,193.52,186.75,192.15,20328
2016-05-16,189.0,193.95,189.0,193.41,24342
2016-05-17,194.4,194.4,191.7,192.69,54528
2016-05-18,194.4,195.73,190.35,193.23,109181
2016-05-19,195.75,199.58,191.29,192.62,15274
2016-05-20,194.85,194.85,191.25,191.41,28881
2016-05-23,189.47,195.3,189.47,191.61,44172
2016-05-24,190.13,193.9,187.6,188.71,23141
2016-05-25,188.55,190.1,186.32,186.88,24598
2016-05-26,187.65,188.51,183.6,184.5,119532
2016-05-27,184.05,189.9,182.25,187.09,260209
2016-05-30,191.25,198.0,190.19,194.71,58013
2016-05-31,197.96,201.69,192.17,199.96,56221
2016-06-01,202.5,205.83,196.88,203.22,1286604
2016-06-02,206.08,208.98,200.38,207.86,98737
2016-06-03,205.0,212.08,205.0,209.23,100208
2016-06-06,207.9,210.46,205.42,207.18,49629
2016-06-07,207.25,209.86,203.69,204.82,84070
2016-06-08,204.75,206.51,202.5,202.82,23212
2016-06-09,205.85,205.85,199.96,202.57,61114
2016-06-10,204.08,204.48,196.04,201.6,52209
2016-06-13,200.7,204.66,198.07,200.34,8741
2016-06-14,199.8,204.3,199.78,203.58,21280
2016-06-15,205.47,208.1,201.6,206.71,24257
2016-06-16,208.35,209.25,200.77,207.61,27880
2016-06-17,209.7,209.7,205.13,207.67,22314
2016-06-20,205.85,210.33,204.75,206.57,26757
2016-06-21,208.35,208.35,202.5,205.83,21901
2016-06-22,202.99,206.1,201.15,203.06,11016
2016-06-23,201.6,210.55,200.25,207.65,37512
2016-06-24,204.64,209.03,198.0,207.52,65868
2016-06-27,203.85,210.08,203.85,208.93,37074
2016-06-28,208.35,210.38,204.79,209.52,37221
2016-06-29,206.62,211.5,206.62,209.92,124410
2016-06-30,210.6,211.95,208.8,211.52,27608
2016-07-01,212.85,226.35,212.85,218.05,325032
2016-07-04,219.11,222.75,210.64,214.72,165084
2016-07-05,216.0,216.0,211.5,212.29,21564
2016-07-07,214.65,217.1,208.8,210.01,47350
2016-07-08,210.15,210.6,203.63,207.43,168230
2016-07-11,208.35,210.24,205.42,208.17,25840
2016-07-12,205.96,210.44,205.11,205.88,225933
2016-07-13,204.75,208.53,203.45,207.38,92449
2016-07-14,210.35,215.55,206.55,211.12,130534
2016-07-15,211.12,218.25,208.8,217.73,44098
2016-07-18,222.55,225.9,214.47,222.5,1053249
2016-07-19,224.55,225.56,218.74,222.5,128289
2016-07-20,220.52,234.4,220.52,233.78,296906
2016-07-21,233.78,234.0,227.25,228.67,48168
2016-07-22,229.43,230.71,223.24,224.51,27229
2016-07-25,228.94,236.21,225.02,233.66,83345
2016-07-26,235.78,237.4,230.92,233.91,50385
2016-07-27,233.93,237.53,231.75,233.24,98054
2016-07-28,233.24,234.0,231.95,233.26,252880
2016-07-29,233.26,233.33,227.25,230.4,28933
2016-08-01,227.7,227.7,219.01,222.73,378592
2016-08-02,218.7,221.38,217.15,218.21,89910
2016-08-03,218.21,222.75,216.02,217.89,67585
2016-08-04,218.32,225.0,215.55,216.22,29714
2016-08-05,215.6,218.25,215.6,217.96,23744
2016-08-08,218.25,218.7,216.13,217.82,21350
2016-08-09,220.5,220.95,216.02,217.3,17964
2016-08-10,216.07,218.18,211.5,212.83,37318
2016-08-11,211.52,216.0,211.52,215.78,16578
2016-08-12,215.55,218.68,212.02,213.53,10218
2016-08-16,211.95,216.9,211.61,215.6,43190
2016-08-17,211.75,218.52,209.25,217.87,58634
2016-08-18,217.87,220.95,216.16,218.25,126272
2016-08-19,218.23,218.25,213.77,214.58,21468
2016-08-22,219.51,224.55,216.7,218.45,267325
2016-08-23,219.6,226.55,217.13,224.01,128432
2016-08-24,223.99,225.45,221.85,224.64,55338
2016-08-25,225.0,225.43,221.4,222.1,12541
2016-08-26,224.08,224.08,214.47,215.78,68653
2016-08-29,217.91,218.5,210.31,213.05,39938
2016-08-30,211.52,215.78,211.5,213.05,15601
2016-08-31,215.08,215.71,212.17,213.84,13617
2016-09-01,213.88,216.92,213.75,215.42,61137
2016-09-02,218.0,218.03,212.26,215.51,86925
2016-09-06,217.33,217.33,212.63,213.68,14150
2016-09-07,214.2,215.78,211.63,214.24,15797
2016-09-08,212.42,216.0,212.42,213.84,12933
2016-09-09,216.81,218.25,209.5,210.8,37234
2016-09-12,209.92,209.92,202.99,205.38,340480
2016-09-14,208.13,208.13,200.86,202.68,29896
2016-09-15,203.85,205.38,198.22,199.87,137154
2016-09-16,201.83,201.83,195.75,196.83,82262
2016-09-19,194.4,198.0,194.4,195.91,1086018
2016-09-20,197.89,198.0,193.59,194.78,326410
2016-09-21,196.0,196.88,189.54,190.26,50882
2016-09-22,191.25,196.85,191.25,195.62,824440
2016-09-23,198.0,198.0,193.5,194.45,23701
2016-09-26,199.35,199.35,188.1,189.65,44152
2016-09-27,191.34,204.28,186.75,197.53,334941
2016-09-28,198.02,198.02,191.5,192.89,72316
2016-09-29,194.4,203.87,188.15,199.46,93409
2016-09-30,201.85,201.85,193.72,197.8,166892
2016-10-03,194.47,199.33,194.47,196.76,169041
2016-10-04,199.64,199.64,191.34,193.68,37661
2016-10-05,191.29,198.88,190.13,195.75,52192
2016-10-06,193.75,197.39,191.77,192.44,62609
2016-10-07,193.52,195.75,191.5,195.03,35937
2016-10-10,195.32,196.56,187.45,189.16,96322
2016-10-13,192.6,193.05,188.24,190.06,29032
2016-10-14,188.64,191.23,188.1,189.16,34962
2016-10-17,189.9,192.94,189.07,189.65,20652
2016-10-18,189.92,190.96,187.4,189.0,84400
2016-10-19,190.17,190.17,186.98,188.01,36250
2016-10-20,189.9,196.65,180.0,193.37,658962
2016-10-21,195.5,200.25,191.25,196.85,38165
2016-10-24,198.88,200.25,190.4,192.44,96694
2016-10-25,194.83,196.76,190.01,195.86,36864
2016-10-26,194.42,198.9,192.15,196.79,448698
2016-10-27,197.53,197.53,193.5,195.3,245541
2016-10-28,196.63,206.96,194.42,201.51,215798
2016-10-30,204.3,205.96,198.58,202.01,12781
2016-11-01,197.33,203.85,193.59,203.2,117244
2016-11-02,202.48,202.48,196.65,197.6,30098
2016-11-03,198.0,200.03,193.77,195.41,46509
2016-11-04,195.73,196.45,189.0,190.19,26365
2016-11-07,191.38,198.0,191.38,194.85,26401
2016-11-08,195.3,196.2,190.93,192.31,10914
2016-11-09,184.95,190.35,179.39,189.56,91168
2016-11-10,189.92,196.04,189.92,191.88,12021
2016-11-11,191.52,192.62,187.0,188.15,13274
2016-11-15,186.52,186.52,173.7,177.93,298525
2016-11-16,177.93,182.97,173.7,180.07,85946
2016-11-17,183.15,184.03,176.31,179.55,114448
2016-11-18,182.7,188.06,180.45,186.35,62341
2016-11-21,186.73,191.25,180.0,189.09,39697
2016-11-22,189.45,191.0,182.25,183.85,95920
2016-11-23,185.85,185.85,180.04,181.85,27120
2016-11-24,183.49,186.93,181.19,183.92,64588
2016-11-25,182.25,185.38,177.3,181.87,53720
2016-11-28,183.6,184.5,180.27,181.24,147610
2016-11-29,182.86,184.68,180.49,181.1,11921
2016-11-30,181.4,183.22,176.63,180.81,290000
2016-12-01,182.72,182.79,177.75,178.24,9245
2016-12-02,179.08,181.85,176.44,178.65,24642
2016-12-05,177.75,180.02,176.63,178.42,16125
2016-12-06,177.77,180.45,176.85,178.18,42444
2016-12-07,179.03,179.1,173.25,174.44,16794
2016-12-08,173.86,179.96,173.86,177.73,9426
2016-12-09,178.88,178.88,174.6,175.12,16117
2016-12-12,175.73,177.12,173.7,174.04,12438
2016-12-13,173.7,181.69,171.9,179.44,33840
2016-12-14,176.74,181.33,176.47,179.03,134413
2016-12-15,179.1,179.93,175.05,177.68,17904
2016-12-16,178.2,180.02,175.52,179.82,37605
2016-12-19,177.82,179.44,176.4,176.9,4712
2016-12-20,177.43,177.43,172.53,175.23,36306
2016-12-21,175.63,179.37,173.29,176.78,19312
2016-12-22,175.5,177.73,171.9,173.27,12354
2016-12-23,173.7,176.51,165.17,173.27,68621
2016-12-26,175.27,175.27,169.67,171.4,8785
2016-12-27,173.23,173.25,168.75,171.16,8209
2016-12-28,171.81,173.21,170.15,171.61,8000
2016-12-29,172.33,175.27,170.62,174.49,10701
2016-12-30,173.25,180.0,172.44,177.71,19149
2017-01-02,177.3,179.93,175.5,179.24,7440
2017-01-03,179.08,179.66,175.95,176.81,10534
2017-01-04,178.2,180.0,174.26,175.86,18394
2017-01-05,176.42,179.1,176.42,178.51,15181
2017-01-06,179.75,179.75,175.5,175.88,10725
2017-01-09,176.4,178.2,175.61,176.11,8785
2017-01-10,177.3,178.18,176.44,177.37,7505
2017-01-11,176.87,178.2,172.8,175.37,49632
2017-01-12,176.85,177.28,173.5,174.74,12349
2017-01-13,174.83,178.18,174.15,175.32,33992
2017-01-16,176.74,177.3,172.8,173.07,34710
2017-01-17,172.17,175.32,171.09,173.65,21397
2017-01-18,173.7,176.67,173.7,176.04,38426
2017-01-19,176.4,179.96,173.83,174.94,29320
2017-01-20,177.3,177.3,170.1,171.0,84901
2017-01-23,173.25,174.6,170.55,170.8,38065
2017-01-24,172.8,172.8,168.84,170.89,498778
2017-01-25,171.04,177.3,170.8,175.3,550662
2017-01-27,175.05,180.9,171.25,174.38,144882
2017-01-30,174.38,175.25,172.17,173.7,579434
2017-01-31,175.43,179.55,171.94,173.41,106674
2017-02-01,173.74,192.15,172.62,186.19,595754
2017-02-02,185.92,186.64,180.45,182.25,135850
2017-02-03,182.68,185.38,179.1,184.41,83818
2017-02-06,185.4,189.0,184.05,187.99,138826
2017-02-07,198.0,202.52,192.87,199.96,728274
2017-02-08,202.05,202.95,198.13,202.5,1178476
2017-02-09,202.05,203.4,198.49,202.46,342426
2017-02-10,202.5,202.5,198.99,200.88,25901
2017-02-13,200.7,202.28,198.72,200.18,237948
2017-02-14,199.93,202.68,198.72,202.5,248866
2017-02-15,202.5,202.5,193.95,202.16,88821
2017-02-16,202.5,202.63,200.29,202.18,69672
2017-02-17,202.18,202.18,198.13,198.99,15804
2017-02-20,199.67,202.03,197.3,198.32,32888
2017-02-21,198.67,200.23,196.83,197.64,21048
2017-02-22,202.03,202.03,195.75,196.42,25362
2017-02-23,198.0,202.5,194.04,202.03,84485
2017-02-27,202.03,203.38,198.99,202.48,470512
2017-02-28,202.43,202.66,200.45,202.5,511324
2017-03-01,202.37,202.5,200.81,202.23,78774
2017-03-02,200.74,202.59,200.74,202.41,128445
2017-03-03,202.9,202.9,198.02,198.76,20368
2017-03-06,201.15,202.5,195.73,201.87,162677
2017-03-07,202.95,202.95,198.0,199.1,32525
2017-03-08,207.9,213.71,202.59,210.42,1262945
2017-03-09,210.42,222.75,208.35,220.72,2439872
2017-03-10,221.4,225.9,213.97,223.02,243978
2017-03-14,225.9,230.4,223.2,228.67,225186
2017-03-15,228.71,228.71,225.25,226.35,93112
2017-03-16,228.22,253.8,227.34,242.24,780560
2017-03-17,242.05,255.46,238.61,247.14,470653
2017-03-20,247.59,256.23,246.6,249.41,327682
2017-03-21,249.73,251.78,242.1,244.55,438696
2017-03-22,242.46,253.26,239.42,247.1,258029
2017-03-23,247.54,257.83,247.54,250.42,392322
2017-03-24,250.96,255.83,250.96,254.25,280221
2017-03-27,254.25,260.73,250.67,253.69,219077
2017-03-28,254.27,266.08,252.45,254.12,816000
2017-03-29,254.25,261.88,249.86,252.13,576049
2017-03-30,253.78,260.46,250.47,251.8,167306
2017-03-31,254.21,254.32,244.15,246.44,202365
2017-04-03,246.6,256.95,245.25,254.0,175912
2017-04-05,255.51,256.66,252.09,253.3,103888
2017-04-06,252.04,256.43,252.04,253.69,103626
2017-04-07,254.68,256.18,248.42,249.77,52640
2017-04-10,247.95,256.99,247.95,251.75,95165
2017-04-11,251.6,255.96,251.1,254.9,71872
2017-04-12,253.98,258.75,250.83,255.17,117057
2017-04-13,254.23,259.65,254.23,257.45,70440
2017-04-17,256.5,260.33,252.47,253.35,333813
2017-04-18,254.25,256.16,252.0,254.36,266488
2017-04-19,255.4,255.4,248.2,249.57,37840
2017-04-20,251.46,260.91,249.46,255.83,210802
2017-04-21,258.03,258.03,254.25,255.55,30630
2017-04-24,255.42,258.05,253.15,253.98,116812
2017-04-25,257.4,257.6,251.12,252.11,60408
2017-04-26,252.45,256.5,244.87,246.46,90560
2017-04-27,248.4,249.21,237.87,240.26,233030
2017-04-28,240.26,252.74,236.92,248.67,127089
2017-05-02,253.8,255.15,248.87,251.3,45565
2017-05-03,251.05,253.58,241.24,244.37,84541
2017-05-04,245.7,247.7,241.67,244.35,307164
2017-05-05,245.45,247.5,238.97,246.22,203341
2017-05-08,247.5,269.55,247.5,263.77,264348
2017-05-09,267.66,270.9,259.45,268.49,237948
2017-05-10,266.58,269.96,263.25,265.61,71480
2017-05-11,263.61,272.25,263.25,266.08,65148
2017-05-12,265.5,274.5,262.44,268.29,200437
2017-05-15,274.03,276.3,270.0,274.84,109709
2017-05-16,276.3,276.3,270.7,273.22,125968
2017-05-17,271.35,274.57,263.36,264.04,125388
2017-05-18,264.04,269.1,256.52,259.33,63628
2017-05-19,261.22,264.8,254.61,256.5,35240
2017-05-22,256.52,258.75,246.6,248.69,62330
2017-05-23,247.05,248.85,239.49,245.09,208634
2017-05-24,246.6,251.08,241.88,243.63,66242
2017-05-25,247.28,260.55,243.7,257.6,134145
2017-05-26,259.65,269.55,255.17,264.13,102621
2017-05-29,261.47,268.79,250.45,252.13,198097
2017-05-30,252.07,260.46,252.04,256.52,40012
2017-05-31,261.22,276.75,259.29,272.97,376332
2017-06-01,277.2,281.25,272.5,280.06,423120
2017-06-02,280.06,281.21,271.71,275.2,126556
2017-06-05,276.3,276.75,269.1,270.09,81157
2017-06-06,268.63,281.0,266.4,276.17,280848
2017-06-07,278.55,278.75,272.29,273.74,107325
2017-06-08,276.57,280.39,272.95,279.16,149190
2017-06-09,280.71,291.6,279.49,287.64,355702
2017-06-12,287.91,291.55,281.63,289.13,248677
2017-06-13,288.88,299.16,284.85,297.32,346426
2017-06-14,299.25,311.26,297.9,308.14,683314
2017-06-15,307.35,315.0,306.07,312.68,486778
2017-06-16,310.52,316.8,309.17,313.09,166648
2017-06-19,311.96,321.39,311.96,318.67,259190
2017-06-20,322.33,328.05,315.47,319.66,294714
2017-06-21,316.13,319.36,306.45,308.52,210092
2017-06-22,308.21,312.19,302.85,310.82,147777
2017-06-23,306.54,314.55,303.75,309.76,59489
2017-06-27,304.22,317.7,304.2,306.09,102080
2017-06-28,302.85,313.07,302.85,309.89,59528
2017-06-29,313.07,315.32,305.55,307.35,571664
2017-06-30,306.0,311.36,302.63,309.13,1356981
2017-07-03,312.71,312.71,305.26,306.65,60445
2017-07-04,306.45,309.94,306.0,307.55,97301
2017-07-05,310.48,310.5,304.4,306.27,85932
2017-07-06,306.27,308.25,304.02,305.3,146652
2017-07-07,303.77,309.15,303.77,306.07,68225
2017-07-10,310.5,344.25,301.5,304.38,31478
2017-07-11,304.07,306.86,299.5,302.2,55062
2017-07-12,303.75,303.75,300.15,302.06,135414
2017-07-13,305.08,306.0,302.42,304.45,68152
2017-07-14,304.47,306.95,299.72,300.44,46832
2017-07-17,300.6,301.36,286.33,288.76,104248
2017-07-18,290.25,298.64,276.68,284.69,228689
2017-07-19,284.71,297.0,284.71,290.52,56748
2017-07-20,289.35,296.93,287.05,288.2,82373
2017-07-21,291.98,291.98,282.6,285.43,50028
2017-07-24,288.32,292.43,283.5,289.39,52221
2017-07-25,289.8,290.74,284.89,287.39,376872
2017-07-26,287.8,290.21,286.2,287.6,37698
2017-07-27,286.2,290.77,283.72,285.97,27845
2017-07-28,285.97,287.1,281.25,283.34,25130
2017-07-31,284.13,286.88,280.35,281.11,93505
2017-08-01,279.47,283.03,278.37,280.06,30160
2017-08-02,282.6,282.6,276.35,277.51,42250
2017-08-03,279.0,288.9,272.7,279.81,538858
2017-08-04,282.96,288.0,272.92,276.64,130902
2017-08-07,277.65,290.7,277.65,288.58,71457
2017-08-08,287.12,296.73,281.95,294.37,97452
2017-08-09,288.45,295.2,285.75,292.9,192908
2017-08-10,288.47,298.3,285.41,290.99,298988
2017-08-11,284.4,290.97,281.25,288.86,99478
2017-08-14,288.45,294.75,285.82,293.26,110064
2017-08-16,298.76,304.65,292.43,299.32,92978
2017-08-17,301.95,303.75,297.0,297.97,23634
2017-08-18,300.33,303.26,292.95,297.14,28474
2017-08-21,301.23,301.95,292.99,296.82,37334
2017-08-22,296.82,298.8,287.91,289.93,2923018
2017-08-23,288.47,293.4,286.18,290.9,200418
2017-08-24,293.36,300.15,288.0,294.68,341985
2017-08-28,294.39,301.5,288.14,300.69,31942
2017-08-29,303.73,304.65,297.9,302.38,133434
2017-08-30,304.63,308.25,302.17,305.98,99080
2017-08-31,307.04,312.75,302.2,308.9,33574
2017-09-01,306.22,314.12,305.35,313.13,58938
2017-09-04,315.0,317.21,303.23,306.14,52369
2017-09-05,307.33,309.17,300.83,302.83,30124
2017-09-06,306.0,313.18,306.0,311.47,123138
2017-09-07,314.08,316.8,308.29,315.38,140374
2017-09-08,317.21,321.75,314.55,318.33,310485
2017-09-11,319.03,329.65,307.44,328.52,371965
2017-09-12,328.95,330.75,325.8,326.32,255388
2017-09-13,329.85,329.85,318.6,319.77,269512
2017-09-14,318.15,324.88,315.72,320.04,27149
2017-09-15,321.64,325.8,318.13,323.42,27842
2017-09-18,325.76,333.9,325.76,330.66,135824
2017-09-19,330.75,335.7,328.57,333.56,80337
2017-09-20,335.7,335.7,330.75,332.17,29605
2017-09-21,334.35,334.8,327.6,329.24,30746
2017-09-22,325.35,333.0,315.86,329.96,125826
2017-09-25,330.75,332.08,321.75,329.99,66741
2017-09-26,327.6,330.03,318.76,326.88,92674
2017-09-27,326.7,332.48,317.7,321.91,106552
2017-09-28,323.96,328.46,316.35,324.14,76390
2017-09-29,328.28,333.11,324.36,332.44,63480
2017-10-03,332.44,334.8,324.0,327.11,59021
2017-10-04,330.08,330.08,324.7,325.91,68165
2017-10-05,322.2,332.1,320.49,325.62,113800
2017-10-06,326.29,329.4,321.75,326.23,142960
2017-10-09,326.25,332.55,324.83,329.71,18956
2017-10-10,330.39,332.08,326.7,329.42,56189
2017-10-11,330.66,330.66,320.4,323.05,36882
2017-10-12,326.23,327.15,321.35,324.07,691884
2017-10-13,324.07,328.5,323.64,326.77,111164
2017-10-16,326.77,331.2,322.94,328.5,28465
2017-10-17,330.3,343.35,329.6,336.64,170641
2017-10-18,337.5,340.94,331.81,332.64,30189
2017-10-19,333.45,337.5,331.2,333.52,6054
2017-10-23,330.75,339.3,330.75,337.52,103645
2017-10-24,337.48,341.55,332.12,336.44,217328
2017-10-25,339.68,341.03,330.26,332.48,18000
2017-10-26,335.92,339.73,332.12,337.5,48845
2017-10-27,337.5,344.79,337.48,340.61,236941
2017-10-30,340.61,343.98,336.96,337.61,53638
2017-10-31,340.22,344.25,336.15,342.76,77280
2017-11-01,342.76,344.27,336.15,336.83,38546
2017-11-02,341.48,343.8,339.01,341.55,118810
2017-11-03,339.21,342.9,338.04,340.67,9493
2017-11-06,340.65,352.8,340.65,346.88,112445
2017-11-07,346.88,349.2,340.56,344.65,75098
2017-11-08,348.1,348.1,339.75,342.65,25378
2017-11-09,346.05,348.28,342.45,345.96,139948
2017-11-10,348.3,348.3,340.45,345.58,19649
2017-11-13,347.6,351.0,342.02,349.09,100822
2017-11-14,349.2,364.05,343.62,358.54,294645
2017-11-15,358.88,361.35,346.59,356.06,94988
2017-11-16,364.05,366.73,351.72,357.35,1549324
2017-11-17,363.6,363.6,348.75,353.14,71085
2017-11-20,355.28,359.71,351.95,353.45,138893
2017-11-21,351.02,358.54,348.75,355.75,36630
2017-11-22,358.99,362.14,356.08,360.04,52909
2017-11-23,362.77,366.28,360.0,362.21,27682
2017-11-24,364.48,365.02,358.67,360.63,32694
2017-11-27,358.36,361.35,355.79,359.1,53640
2017-11-28,356.85,373.01,356.85,366.75,79116
2017-11-29,373.05,379.35,366.75,375.3,103960
2017-11-30,375.3,382.5,374.99,380.29,101706
2017-12-01,382.05,382.68,376.65,377.73,261290
2017-12-04,384.75,384.75,373.95,374.99,25872
2017-12-05,373.5,379.35,369.09,375.39,87328
2017-12-06,375.26,375.75,368.91,371.77,28421
2017-12-07,371.25,375.75,369.18,370.8,37826
2017-12-08,375.75,375.75,369.45,371.27,25904
2017-12-11,372.6,377.55,366.82,369.47,53202
2017-12-12,371.7,371.7,366.91,367.38,27932
2017-12-13,367.65,370.8,360.52,366.48,55938
2017-12-14,367.38,375.26,360.49,369.04,47602
2017-12-15,371.65,379.8,371.63,378.2,31477
2017-12-18,379.76,380.23,320.4,376.2,300117
2017-12-19,374.87,379.73,372.96,374.87,64621
2017-12-20,378.45,379.35,371.25,375.23,527798
2017-12-21,375.05,377.96,372.2,373.32,23240
2017-12-22,375.5,379.8,370.6,377.86,73176
2017-12-26,378.0,381.2,376.29,378.18,14129
2017-12-27,380.7,381.58,373.95,377.42,23254
2017-12-28,375.75,378.0,373.5,374.38,25690
2017-12-29,372.06,384.3,372.06,380.09,42280
2018-01-01,382.5,383.83,374.4,376.0,25042
2018-01-02,382.46,382.46,372.2,373.34,36544
2018-01-03,373.05,377.96,364.07,368.28,39282
2018-01-04,368.68,369.54,364.5,364.95,72284
2018-01-05,365.4,373.43,360.9,371.0,83240
2018-01-08,370.8,372.58,362.43,369.4,76466
2018-01-09,371.7,390.6,366.17,382.07,382485
2018-01-10,386.84,386.84,375.75,376.61,74796
2018-01-11,374.04,382.05,374.04,380.41,42465
2018-01-12,382.5,382.5,375.3,376.31,30058
2018-01-15,378.0,384.75,373.5,378.07,37068
2018-01-16,382.46,382.46,371.79,373.5,85533
2018-01-17,375.71,385.2,369.0,378.61,65009
2018-01-18,379.37,383.38,375.77,376.83,36968
2018-01-19,375.75,378.45,375.75,376.88,37068
2018-01-22,375.75,382.5,375.75,380.07,36005
2018-01-23,377.55,382.41,371.9,373.7,31168
2018-01-24,371.29,376.18,359.6,368.98,27373
2018-01-25,368.98,369.88,361.8,365.17,43548
2018-01-29,364.95,368.48,355.5,360.67,138440
2018-01-30,360.04,360.04,340.47,348.41,193640
2018-01-31,348.41,366.3,343.82,359.44,43745
2018-02-01,357.75,369.79,351.7,356.94,55960
2018-02-02,354.6,363.58,346.75,352.08,52365
2018-02-05,346.5,364.5,329.63,358.56,149750
2018-02-06,338.85,362.25,331.65,348.64,539832
2018-02-07,355.57,360.07,345.33,347.08,40321
2018-02-08,349.15,359.55,346.5,357.73,38426
2018-02-09,358.2,359.91,344.27,357.82,76280
2018-02-12,366.75,366.75,347.17,353.11,60898
2018-02-14,354.46,362.59,348.39,351.9,83905
2018-02-15,354.17,360.0,345.6,347.11,79018
2018-02-16,349.2,353.21,339.89,343.8,60573
2018-02-19,348.73,350.96,342.0,347.78,35816
2018-02-20,350.05,353.25,341.93,344.25,66029
2018-02-21,346.5,351.0,338.58,342.47,23333
2018-02-22,345.55,345.6,334.51,342.02,66337
2018-02-23,344.25,355.5,341.24,351.63,220712
2018-02-26,353.57,384.75,350.71,367.11,255637
2018-02-27,373.5,400.14,372.62,393.01,1122614
2018-02-28,389.32,427.5,383.4,407.95,942973
2018-03-01,414.45,417.15,392.38,394.63,229301
2018-03-05,393.75,407.25,384.77,388.82,151724
2018-03-06,389.27,398.16,382.5,383.17,102458
2018-03-07,383.17,390.51,378.9,380.88,77192
2018-03-08,380.7,382.77,373.5,380.59,132872
2018-03-09,382.52,390.58,380.7,389.36,80189
2018-03-12,392.85,399.6,387.45,388.96,172737
2018-03-13,390.89,397.8,390.17,392.29,57905
2018-03-14,392.29,400.48,388.08,393.32,92013
2018-03-15,392.96,394.65,387.9,391.05,36074
2018-03-16,392.83,400.01,383.49,384.57,103169
2018-03-19,388.8,389.11,375.75,379.55,79714
2018-03-20,381.83,394.61,373.34,377.91,95264
2018-03-21,378.0,386.1,373.05,375.3,92758
2018-03-22,373.5,384.75,371.25,379.04,76181
2018-03-23,377.98,393.23,372.62,388.28,134893
2018-03-26,382.5,397.04,382.5,390.26,107281
2018-03-27,396.88,403.88,386.19,395.44,118026
2018-03-28,391.5,407.16,391.5,401.92,198369
2018-04-02,413.55,417.6,404.1,415.1,195818
2018-04-03,420.3,420.75,404.1,405.92,121584
2018-04-04,408.6,416.14,405.0,407.16,77057
2018-04-05,412.65,414.0,405.49,411.23,127600
2018-04-06,412.65,416.25,411.32,414.56,180124
2018-04-09,414.56,420.3,411.77,418.07,735805
2018-04-10,418.52,426.6,416.25,423.04,704188
2018-04-11,427.05,436.05,421.45,427.25,431128
2018-04-12,427.48,431.96,419.4,422.08,64998
2018-04-13,423.0,430.2,421.22,428.11,52661
2018-04-16,427.5,436.05,422.57,426.85,100757
2018-04-17,429.64,429.73,420.12,423.25,95533
2018-04-18,426.6,427.28,414.0,415.3,74294
2018-04-19,418.43,421.13,407.74,417.89,55752
2018-04-20,418.93,418.93,407.88,415.33,82592
2018-04-23,411.97,422.55,411.97,419.24,26392
2018-04-24,422.98,427.5,410.45,412.22,28298
2018-04-25,409.3,411.53,399.71,401.45,126578
2018-04-26,401.71,412.79,397.44,407.54,44956
2018-04-27,408.06,414.9,404.1,406.57,39717
2018-04-30,408.51,429.64,408.17,427.59,81036
2018-05-02,424.8,427.5,418.66,421.61,44402
2018-05-03,420.3,429.75,418.59,424.82,203866
2018-05-04,427.95,429.75,422.14,427.46,220444
2018-05-07,427.46,434.21,425.7,432.0,64186
2018-05-08,434.25,439.63,426.6,437.13,156689
2018-05-09,438.64,438.75,427.95,433.53,79434
2018-05-10,434.21,435.6,427.54,432.14,41778
2018-05-11,435.6,435.6,428.49,432.09,458858
2018-05-14,432.09,436.41,428.4,433.33,38960
2018-05-15,432.9,436.5,427.39,434.29,61080
2018-05-16,429.75,436.46,422.44,433.57,88205
2018-05-17,432.0,433.35,427.05,428.49,46802
2018-05-18,429.75,432.0,416.25,419.54,27954
2018-05-21,426.15,426.15,412.88,413.57,22773
2018-05-22,418.48,420.3,409.52,417.38,35661
2018-05-23,420.28,420.28,404.12,406.78,32252
2018-05-24,402.89,438.75,398.32,431.71,139558
2018-05-25,431.55,436.5,423.0,431.03,128545
2018-05-28,433.8,436.48,415.21,434.39,86914
2018-05-29,437.8,437.8,424.35,432.04,78640
2018-05-30,432.0,458.55,431.71,455.83,338608
2018-05-31,456.75,472.05,438.03,465.79,146090
2018-06-01,469.8,476.1,443.25,451.35,147628
2018-06-04,454.1,463.14,443.34,447.73,46049
2018-06-05,450.45,451.78,429.75,433.98,58748
2018-06-06,432.0,465.28,432.0,462.04,96348
2018-06-07,462.35,472.05,450.45,453.29,101702
2018-06-08,454.95,463.5,446.18,455.36,945845
2018-06-11,457.2,459.52,447.79,450.54,42954
2018-06-12,453.98,456.46,447.35,452.5,55229
2018-06-13,460.8,460.8,448.0,453.6,42376
2018-06-14,455.45,462.55,443.7,452.93,49632
2018-06-15,454.1,457.94,447.75,451.24,19948
2018-06-18,447.77,459.0,446.4,456.28,22070
2018-06-19,456.28,459.0,448.2,450.09,155238
2018-06-20,452.25,452.93,444.82,447.28,38885
2018-06-21,449.1,460.33,444.15,456.95,47690
2018-06-22,457.54,458.96,452.29,457.09,581106
2018-06-25,457.2,457.2,447.75,448.61,22840
2018-06-26,448.43,479.14,445.5,462.11,119816
2018-06-27,470.23,470.23,450.45,454.72,48038
2018-06-28,458.37,458.37,445.5,447.91,32882
2018-06-29,448.65,454.61,447.79,453.49,50898
2018-07-02,457.65,463.05,441.22,444.51,229201
2018-07-03,443.57,447.3,437.42,441.32,67984
2018-07-04,445.05,447.75,439.13,441.34,576092
2018-07-05,443.25,443.25,432.04,437.31,47930
2018-07-06,441.36,447.3,435.67,446.06,34544
2018-07-09,456.75,456.75,447.37,450.88,57680
2018-07-10,457.65,466.65,452.7,466.02,240698
2018-07-11,465.75,476.55,459.45,464.83,141389
2018-07-12,468.0,486.0,462.8,481.23,177906
2018-07-13,483.75,487.64,464.98,472.25,69416
2018-07-16,472.05,480.96,464.49,466.76,46114
2018-07-17,470.47,486.0,470.34,480.06,47928
2018-07-18,485.01,495.0,475.2,479.36,170234
2018-07-19,481.5,482.4,469.8,472.1,28032
2018-07-20,475.63,493.65,466.2,470.32,170965
2018-07-23,470.32,490.46,470.27,484.24,133477
2018-07-24,484.24,503.96,484.24,492.26,66808
2018-07-25,495.0,498.94,490.48,491.8,117512
2018-07-26,491.87,499.95,491.87,498.08,158224
2018-07-27,501.75,506.25,492.97,503.32,52401
2018-07-30,503.32,526.05,495.0,500.2,196497
2018-07-31,499.95,510.66,490.05,502.24,58466
2018-08-01,500.45,509.71,489.15,493.7,479638
2018-08-02,490.95,497.32,481.5,490.05,90189
2018-08-03,495.0,495.0,477.45,480.04,58674
2018-08-06,480.04,487.35,475.34,479.99,337381
2018-08-07,485.93,485.93,469.85,473.11,252085
2018-08-08,477.0,497.25,476.8,489.26,393760
2018-08-09,492.75,506.03,490.5,495.65,75084
2018-08-10,494.55,502.2,489.58,496.39,36541
2018-08-13,496.39,506.09,494.32,503.3,170493
2018-08-14,508.66,517.46,495.0,515.14,78440
2018-08-16,516.6,537.66,502.31,506.9,292085
2018-08-17,510.97,522.95,505.39,507.15,31976
2018-08-20,517.05,526.05,498.76,503.26,38714
2018-08-21,507.6,512.08,499.99,503.82,48090
2018-08-23,501.3,522.0,500.42,504.99,95426
2018-08-24,510.75,513.0,502.65,506.07,38572
2018-08-27,503.1,512.73,501.75,506.05,203208
2018-08-28,506.05,513.02,503.32,506.68,27498
2018-08-29,515.23,515.25,496.17,501.07,484641
2018-08-30,506.16,511.65,496.39,507.11,61441
2018-08-31,507.15,519.61,495.45,497.88,87080
2018-09-03,498.2,517.05,498.2,509.76,80592
2018-09-04,507.89,519.68,504.07,515.14,64368
2018-09-05,507.6,517.05,499.95,506.54,41842
2018-09-06,506.54,510.73,496.13,498.06,58118
2018-09-07,501.75,512.1,497.72,500.24,69110
2018-09-10,500.24,504.86,490.5,494.78,43157
2018-09-11,497.03,497.25,479.25,481.14,48386
2018-09-12,478.87,500.92,470.34,495.56,90010
2018-09-14,495.0,502.18,486.22,492.95,55788
2018-09-17,499.05,505.35,490.5,496.01,73378
2018-09-18,491.06,501.73,486.04,492.07,48533
2018-09-19,489.06,495.2,478.6,483.05,30946
2018-09-21,485.46,489.89,470.7,482.58,79078
2018-09-24,482.58,483.77,426.44,455.45,212621
2018-09-25,450.0,456.71,435.4,453.82,67714
2018-09-26,450.0,468.0,437.54,445.32,120917
2018-09-27,443.03,443.43,428.4,431.66,173533
2018-09-28,431.66,454.5,409.54,443.07,667557
2018-10-01,433.15,449.05,419.4,429.61,565066
2018-10-03,432.81,432.81,407.72,414.2,309912
2018-10-04,405.0,409.52,379.21,394.96,610786
2018-10-05,380.7,387.0,374.38,378.99,196257
2018-10-08,372.69,376.83,367.2,372.74,133869
2018-10-09,375.3,387.34,371.27,382.23,118832
2018-10-10,378.43,404.91,378.43,402.3,62845
2018-10-11,394.27,398.25,387.0,390.44,539472
2018-10-12,396.45,402.59,392.27,399.6,62097
2018-10-15,404.93,436.05,397.37,425.16,194621
2018-10-16,425.18,435.6,423.02,427.79,46773
2018-10-17,432.99,439.65,419.63,432.65,55984
2018-10-19,436.5,436.5,406.35,409.5,228092
2018-10-22,412.65,412.65,398.25,400.79,293212
2018-10-23,396.9,400.97,387.29,391.64,201968
2018-10-24,399.44,404.98,383.45,395.53,306778
2018-10-25,388.82,402.64,388.82,396.0,325146
2018-10-26,395.08,395.96,383.45,391.84,203408
2018-10-29,393.28,397.69,387.04,391.48,528545
2018-10-30,393.46,413.08,388.01,409.14,266568
2018-10-31,405.07,449.55,405.02,441.61,472266
2018-11-01,438.73,460.66,433.01,451.69,161281
2018-11-02,458.53,481.05,446.13,457.27,276826
2018-11-05,457.27,457.27,427.5,430.45,104250
2018-11-06,428.54,437.56,423.52,435.17,24538
2018-11-07,445.48,445.48,432.95,436.5,3062
2018-11-09,436.5,438.28,427.57,436.18,36182
2018-11-12,436.18,438.3,423.61,429.23,24541
2018-11-13,426.15,436.46,423.63,432.22,59484
2018-11-14,435.85,468.0,432.59,460.35,254221
2018-11-15,460.35,477.0,454.93,472.46,367370
2018-11-16,472.48,480.6,458.71,468.97,91958
2018-11-19,464.85,467.55,453.11,463.3,71664
2018-11-20,463.5,474.46,460.78,470.88,170536
2018-11-21,470.88,472.25,466.4,467.55,67925
2018-11-22,467.1,478.13,464.4,474.26,203973
2018-11-26,471.6,486.4,465.14,475.76,198481
2018-11-27,482.38,492.48,473.51,489.96,175968
2018-11-28,494.66,500.38,477.2,481.97,80141
2018-11-29,481.95,485.78,474.75,480.04,35818
2018-11-30,476.1,482.18,459.49,467.26,492376
2018-12-03,466.63,472.05,461.18,467.86,44608
2018-12-04,467.1,472.41,458.55,470.63,32369
2018-12-05,465.95,479.25,465.95,473.18,235578
2018-12-06,470.47,475.18,464.42,471.85,87557
2018-12-07,472.79,475.65,469.48,475.36,50268
2018-12-10,472.05,478.8,467.32,472.39,89245
2018-12-11,461.7,473.36,461.7,464.24,100360
2018-12-12,462.6,481.5,462.6,479.93,132525
2018-12-13,485.91,485.91,469.8,475.65,46672
2018-12-14,476.1,482.42,470.95,481.25,40524
2018-12-17,477.95,479.97,470.25,477.22,39293
2018-12-18,474.75,481.5,471.17,480.35,39752
2018-12-19,485.19,487.8,477.95,485.78,32732
2018-12-20,482.87,490.05,478.35,487.17,29762
2018-12-21,487.91,493.09,483.75,489.15,32365
2018-12-24,489.15,489.15,477.9,483.37,59468
2018-12-26,480.15,496.73,467.32,485.82,264821
2018-12-27,491.18,506.14,479.74,503.17,334277
2018-12-28,507.96,525.15,504.0,522.79,282242
2019-01-01,512.78,512.78,504.52,507.96,11960
2019-01-02,509.36,517.01,504.59,513.47,83004
2019-01-03,514.8,517.28,507.06,515.18,57052
2019-01-04,515.16,533.23,512.15,530.51,110861
2019-01-07,531.9,538.2,509.89,512.84,1380872
2019-01-08,516.15,520.38,511.36,516.51,30677
2019-01-09,517.5,539.01,513.61,528.01,109693
2019-01-10,537.75,544.5,528.73,533.23,206928
2019-01-11,534.6,539.91,524.95,528.46,39274
2019-01-14,524.25,526.48,503.19,508.14,117344
2019-01-15,508.16,517.5,508.16,511.85,33789
2019-01-16,513.0,515.14,504.04,510.14,31974
2019-01-17,511.0,513.45,498.58,500.36,136444
2019-01-18,504.0,504.0,492.75,494.6,57656
2019-01-21,494.6,500.89,483.3,485.91,25914
2019-01-22,482.4,485.53,467.73,470.14,283532
2019-01-23,475.65,482.76,466.27,476.21,413754
2019-01-24,476.21,480.6,472.5,474.91,28010
2019-01-25,480.6,480.6,459.09,463.57,87697
2019-01-28,461.47,492.75,459.43,487.98,103992
2019-01-29,494.96,499.9,473.04,489.64,54874
2019-01-30,490.5,516.6,486.04,506.86,607218
2019-01-31,504.0,513.9,500.8,509.04,46648
2019-02-01,508.5,519.71,495.45,498.11,83169
2019-02-04,499.57,516.76,498.15,508.61,54609
2019-02-05,513.0,528.3,507.62,513.34,56826
2019-02-06,519.21,537.3,514.33,527.18,157954
2019-02-07,521.93,535.28,518.02,521.41,546614
2019-02-08,521.17,521.17,492.21,498.64,78858
2019-02-11,495.0,526.5,492.5,514.1,381077
2019-02-12,513.9,519.19,505.91,517.5,184648
2019-02-13,517.5,530.1,509.56,526.03,209788
2019-02-14,525.15,525.15,504.34,507.89,79078
2019-02-15,511.2,516.13,504.59,513.34,142232
2019-02-18,510.3,517.5,492.89,495.45,325114
2019-02-19,493.4,506.23,493.4,504.92,68277
2019-02-20,499.86,506.93,485.57,494.28,471922
2019-02-21,490.05,495.45,477.45,483.19,81078
2019-02-22,481.95,499.5,475.67,497.34,119297
2019-02-25,502.61,504.0,490.75,494.96,59293
2019-02-26,495.0,504.83,483.75,495.11,78988
2019-02-27,503.98,503.98,486.59,489.94,220817
2019-02-28,495.0,495.0,481.5,486.27,216666
2019-03-01,486.0,494.1,486.0,488.03,75634
2019-03-05,488.25,504.0,487.8,498.22,403285
2019-03-06,499.5,528.75,499.5,524.61,199085
2019-03-07,528.66,554.74,524.7,539.78,289069
2019-03-08,543.91,546.68,534.82,539.98,220989
2019-03-11,544.5,550.78,531.59,545.27,225777
2019-03-12,547.83,569.11,547.2,561.22,218401
2019-03-13,562.5,582.75,537.86,544.43,157910
2019-03-14,548.8,555.64,514.15,520.38,107414
2019-03-15,519.3,555.75,506.25,519.55,1521288
2019-03-18,513.9,516.62,505.19,511.22,63317
2019-03-19,517.5,517.5,496.82,504.32,165272
2019-03-20,507.6,511.0,498.17,500.24,75698
2019-03-22,500.85,521.05,500.85,515.7,170445
2019-03-25,515.25,521.53,492.79,495.09,190774
2019-03-26,495.92,501.84,480.13,499.72,131217
2019-03-27,504.0,519.3,494.14,512.32,689418
2019-03-28,513.79,524.25,513.04,516.51,78394
2019-03-29,521.68,526.5,514.4,522.85,83658
2019-04-01,526.5,544.5,524.63,539.32,123658
2019-04-02,542.23,543.46,531.0,537.77,115813
2019-04-03,537.57,539.57,522.45,525.24,42696
2019-04-04,528.73,530.53,523.46,525.2,27697
2019-04-05,526.95,540.0,521.93,525.51,77728
2019-04-08,532.35,539.1,526.95,536.31,55714
2019-04-09,539.53,540.45,528.82,539.62,39734
2019-04-10,540.0,541.06,533.99,536.78,26194
2019-04-11,539.98,540.43,533.68,539.86,81382
2019-04-12,535.99,550.48,533.0,547.58,62960
2019-04-15,544.05,555.75,537.97,539.73,40285
2019-04-16,540.65,562.41,540.02,554.35,107861
2019-04-18,558.0,566.1,547.65,560.9,94464
2019-04-22,553.64,556.85,545.85,547.22,18080
2019-04-23,551.25,562.05,539.66,551.27,70493
2019-04-24,559.28,560.25,553.54,555.35,118312
2019-04-25,558.0,558.0,543.6,545.71,20417
2019-04-26,547.6,557.08,546.66,548.62,18330
2019-04-30,553.05,558.0,544.5,554.65,28242
2019-05-02,558.0,558.0,545.83,546.93,14917
2019-05-03,546.35,552.2,527.06,533.88,38213
2019-05-06,524.36,538.22,522.45,530.26,40028
2019-05-07,537.28,548.98,522.49,528.79,81496
2019-05-08,539.35,539.35,523.91,525.73,14678
2019-05-09,521.86,525.98,517.61,521.82,35649
2019-05-10,521.1,528.12,512.6,522.83,21173
2019-05-13,518.85,544.5,515.7,528.07,71692
2019-05-14,531.9,533.47,519.16,521.82,31672
2019-05-15,526.95,526.95,513.47,522.25,54444
2019-05-16,520.02,528.32,517.07,524.25,16298
2019-05-17,519.75,530.55,519.75,527.38,31877
2019-05-20,540.0,573.07,531.92,569.77,334609
2019-05-21,573.75,573.75,522.45,528.53,373368
2019-05-22,531.45,544.21,520.7,537.1,223445
2019-05-23,553.05,562.46,535.5,557.17,461496
2019-05-24,558.0,562.43,546.3,555.3,69398
2019-05-27,573.75,578.65,553.52,575.93,277916
2019-05-28,575.93,588.91,563.4,583.6,463222
2019-05-29,574.52,591.59,562.23,582.35,655013
2019-05-30,566.46,575.1,564.82,567.97,46749
2019-05-31,567.0,600.71,566.55,596.36,377229
2019-06-03,598.95,607.34,596.25,601.72,105581
2019-06-04,609.3,609.3,586.13,592.96,34945
2019-06-06,594.0,594.0,567.04,574.0,56245
2019-06-07,575.1,606.53,575.1,599.06,227448
2019-06-10,599.85,607.34,589.97,603.54,64422
2019-06-11,607.99,621.0,600.79,617.49,414854
2019-06-12,617.4,617.4,598.97,601.63,104165
2019-06-13,604.93,604.93,585.0,590.2,29229
2019-06-14,590.4,611.05,589.54,606.31,96106
2019-06-17,611.1,611.1,574.02,579.17,59800
2019-06-18,582.16,602.55,567.25,586.1,90209
2019-06-19,593.15,599.98,571.5,576.52,41948
2019-06-20,579.26,586.8,566.39,574.0,141724
2019-06-21,574.67,593.55,571.5,584.19,44354
2019-06-24,583.2,599.85,583.2,594.81,59165
2019-06-25,594.22,603.0,587.25,600.75,49190
2019-06-26,604.35,607.5,589.77,595.53,68133
2019-06-27,600.75,603.45,591.32,594.43,72925
2019-06-28,598.5,602.55,593.01,596.65,41026
2019-07-01,602.05,606.15,597.6,598.93,29041
2019-07-02,605.25,607.46,598.5,605.54,97808
2019-07-03,605.54,607.5,594.32,597.17,107712
2019-07-04,605.7,605.7,591.75,595.3,28929
2019-07-05,598.39,600.71,587.18,589.3,36792
2019-07-08,587.25,590.24,577.35,580.5,27440
2019-07-09,576.54,593.1,574.9,581.56,109693
2019-07-10,582.73,600.39,579.78,593.84,53901
2019-07-11,602.1,604.8,585.0,591.3,20252
2019-07-12,588.65,589.01,572.04,574.24,44616
2019-07-15,580.39,582.71,566.55,578.09,34008
2019-07-16,585.45,589.48,577.82,587.27,23365
2019-07-17,591.64,592.81,579.6,582.03,29261
2019-07-18,579.15,589.05,579.15,584.41,43274
2019-07-19,581.51,585.45,568.28,575.17,42412
2019-07-22,564.75,570.58,551.95,558.2,41485
2019-07-23,554.45,558.0,545.87,553.82,288554
2019-07-24,553.82,557.15,531.02,537.1,46177
2019-07-25,533.84,558.04,533.84,542.16,71974
2019-07-26,540.0,549.0,532.35,546.07,232533
2019-07-29,546.75,571.05,546.46,559.04,223128
2019-07-30,564.75,571.07,556.94,558.83,42776
2019-07-31,558.0,562.43,547.2,560.25,73000
2019-08-01,562.5,563.85,546.95,555.19,58864
2019-08-02,557.55,558.0,545.4,548.73,116760
2019-08-05,546.75,554.85,540.95,547.94,108898
2019-08-06,542.7,557.48,541.01,551.61,139574
2019-08-07,551.23,551.25,541.6,544.77,87984
2019-08-08,543.38,555.75,537.75,550.96,128554
2019-08-09,557.55,557.55,544.52,550.6,136245
2019-08-13,550.6,550.6,540.99,542.47,55148
2019-08-14,551.25,553.01,540.0,544.03,32586
2019-08-16,555.75,555.75,540.56,544.61,115341
2019-08-19,544.95,552.6,540.63,550.4,96561
2019-08-20,553.5,571.5,544.5,559.04,111994
2019-08-21,549.49,568.8,549.49,562.75,122640
2019-08-22,569.23,569.23,553.52,557.68,54597
2019-08-23,553.99,561.96,553.18,556.31,54594
2019-08-26,564.97,569.25,553.46,559.1,73552
2019-08-27,567.9,585.9,567.47,578.21,137958
2019-08-28,576.45,588.73,571.59,586.62,39514
2019-08-29,592.2,593.64,575.17,580.52,293613
2019-08-30,578.27,595.8,578.25,592.58,204165
2019-09-03,585.9,598.1,582.53,585.04,69821
2019-09-04,585.0,592.63,576.45,586.85,52938
2019-09-05,589.1,594.85,582.55,591.68,38386
2019-09-06,597.6,597.6,583.54,586.6,47400
2019-09-09,587.25,595.78,578.72,581.31,244728
2019-09-11,585.68,588.58,578.03,580.61,55218
2019-09-12,583.27,616.05,580.72,599.65,94117
2019-09-13,605.09,615.24,595.37,606.04,74090
2019-09-16,672.19,705.43,619.36,629.47,298077
2019-09-17,634.5,646.7,620.44,638.52,120874
2019-09-18,632.81,658.13,631.66,654.38,136053
2019-09-19,657.26,657.26,641.86,647.66,163960
2019-09-20,647.66,712.99,535.1,680.21,7319228
2019-09-23,689.06,705.38,650.84,694.91,389322
2019-09-24,691.31,694.66,656.49,660.63,590194
2019-09-25,660.63,674.83,642.94,664.68,111685
2019-09-26,665.44,674.32,648.0,651.26,254501
2019-09-27,655.76,660.82,636.38,652.64,128950
2019-09-30,657.79,673.76,637.31,645.67,240168
2019-10-01,652.13,652.13,624.99,644.8,360448
2019-10-03,643.98,664.88,636.27,649.35,97650
2019-10-04,655.28,663.61,647.47,660.85,88880
2019-10-07,663.75,674.44,654.22,669.32,108006
2019-10-09,673.26,674.92,660.35,669.66,215090
2019-10-10,673.88,674.02,648.56,654.41,107473
2019-10-11,652.72,666.9,647.61,661.24,54230
2019-10-14,668.59,668.93,652.5,655.04,122198
2019-10-15,654.8,663.72,647.16,657.87,111889
2019-10-16,663.16,663.16,649.74,651.94,80656
2019-10-17,651.38,662.06,651.38,659.64,93717
2019-10-18,663.75,663.75,650.51,655.36,684182
2019-10-22,658.97,679.5,639.0,641.45,194512
2019-10-23,641.81,649.69,635.63,638.74,1036970
2019-10-24,644.51,644.51,635.68,638.1,291669
2019-10-25,660.94,666.56,630.0,632.14,432022
2019-10-27,644.06,644.06,637.43,640.32,17117
2019-10-29,646.88,646.88,630.22,631.72,476797
2019-10-30,638.39,641.25,622.13,626.37,174929
2019-10-31,632.25,636.14,624.38,628.28,200637
2019-11-01,637.31,637.31,625.5,628.09,142664
2019-11-04,624.99,634.5,579.94,612.85,285077
2019-11-05,612.51,617.6,593.49,596.22,545005
2019-11-06,599.06,602.44,586.21,590.6,234186
2019-11-07,594.39,623.81,592.04,613.38,461394
2019-11-08,617.06,627.33,613.74,620.97,994338
2019-11-11,613.15,632.81,613.15,621.48,380134
2019-11-13,624.32,625.08,604.13,608.65,242630
2019-11-14,610.31,620.1,600.19,610.62,220012
2019-11-15,608.63,617.37,608.63,611.72,132858
2019-11-18,611.72,615.38,600.19,603.51,292573
2019-11-19,603.51,612.0,591.53,602.47,166865
2019-11-20,610.31,611.41,599.45,609.92,149525
2019-11-21,611.44,611.44,596.25,597.97,80154
2019-11-22,599.11,612.45,586.72,610.12,116005
2019-11-25,608.06,618.78,605.45,618.22,228845
2019-11-26,618.22,622.46,599.68,610.26,978988
2019-11-27,607.5,617.06,597.97,613.15,142417
2019-11-28,612.51,654.75,608.23,638.41,159084
2019-11-29,640.69,645.75,624.94,637.85,432044
2019-12-02,632.3,639.05,618.75,623.08,1153329
2019-12-03,624.38,638.72,621.9,635.4,990712
2019-12-04,632.81,662.06,632.54,658.07,377057
2019-12-05,661.87,675.0,644.8,673.57,506501
2019-12-06,677.25,677.25,645.19,647.86,305992
2019-12-09,648.2,655.51,638.92,651.1,90053
2019-12-10,655.06,662.63,641.25,651.23,41589
2019-12-11,652.5,668.45,649.46,663.64,196224
2019-12-12,658.27,666.56,648.11,655.73,72781
2019-12-13,660.89,662.37,648.11,657.45,118146
2019-12-16,653.06,662.45,637.2,642.32,80816
2019-12-17,646.14,649.69,635.65,644.23,216402
2019-12-18,645.75,646.88,631.69,636.1,44829
2019-12-19,637.51,645.75,632.3,642.29,60610
2019-12-20,644.06,649.69,633.99,638.92,68605
2019-12-23,638.44,644.03,635.6,638.78,65274
2019-12-24,638.29,651.38,631.13,642.04,46226
2019-12-26,644.23,655.34,638.44,646.76,73586
2019-12-27,651.35,659.25,640.01,654.95,55962
2019-12-30,658.13,660.94,648.05,658.07,91997
