date,open,high,low,close,volume
2009-03-05,216.0,220.9,210.25,213.7,20165
2009-03-06,212.1,217.0,212.1,215.65,11890
2009-03-09,215.65,218.8,211.25,213.6,8903
2009-03-12,222.85,222.85,215.15,220.15,4037
2009-03-13,229.85,229.85,219.0,222.65,17353
2009-03-16,222.65,235.0,220.0,233.6,21875
2009-03-17,237.8,244.75,231.15,239.3,37532
2009-03-18,239.3,246.0,237.0,241.75,11807
2009-03-19,245.95,247.65,244.0,244.75,8704
2009-03-20,249.0,256.0,245.05,250.8,20202
2009-03-23,250.6,299.9,250.6,285.85,135413
2009-03-24,288.0,309.0,286.0,288.9,104257
2009-03-25,289.0,307.0,287.0,303.95,70425
2009-03-26,304.0,340.5,304.0,318.25,58008
2009-03-27,326.0,329.85,310.5,315.95,34403
2009-03-30,310.0,314.85,287.05,289.1,9324
2009-03-31,298.0,305.0,278.3,297.9,121947
2009-04-01,300.0,300.0,292.15,297.05,58559
2009-04-02,300.0,310.0,296.1,298.1,52334
2009-04-06,302.0,355.0,296.75,300.75,44714
2009-04-08,306.0,314.0,290.15,310.3,42156
2009-04-09,310.0,320.9,302.7,315.9,66031
2009-04-13,317.0,320.0,310.0,318.8,17534
2009-04-15,317.0,322.0,315.0,318.7,92982
2009-04-16,319.0,330.0,297.0,311.0,28356
2009-04-17,307.0,320.0,307.0,315.05,30039
2009-04-20,315.15,347.8,312.15,329.65,26478
2009-04-21,320.5,353.8,320.5,350.6,63269
2009-04-22,340.0,432.65,340.0,416.3,457461
2009-04-23,424.8,426.0,367.95,374.55,150960
2009-04-24,376.0,386.9,360.0,365.85,63621
2009-04-27,361.1,389.85,361.1,366.5,39081
2009-04-28,368.0,370.0,342.25,345.9,18687
2009-04-29,355.9,357.65,335.95,339.5,31664
2009-05-04,350.0,387.5,343.25,355.2,86651
2009-05-05,353.0,374.95,351.5,368.4,39221
2009-05-06,360.1,378.0,360.1,367.6,20150
2009-05-07,374.5,377.0,361.0,365.6,20805
2009-05-08,365.6,377.0,362.0,369.3,20554
2009-05-11,370.0,372.7,355.0,363.9,8237
2009-05-12,353.0,362.0,353.0,356.25,19316
2009-05-13,356.0,364.0,348.0,353.0,20918
2009-05-14,353.0,374.8,348.0,363.65,28880
2009-05-15,365.0,379.0,363.0,366.7,31998
2009-05-18,398.0,398.0,398.0,398.0,35
2009-05-19,400.0,425.0,365.1,383.3,61871
2009-05-20,387.0,405.0,376.0,394.8,40733
2009-05-21,395.0,407.0,388.0,397.0,104936
2009-05-22,393.0,408.0,384.05,399.85,58662
2009-05-25,396.0,404.9,381.2,388.1,50944
2009-05-26,390.0,393.9,367.0,373.95,48528
2009-05-27,362.25,384.0,362.25,372.9,37165
2009-05-28,380.0,385.0,365.0,368.9,69652
2009-05-29,372.0,403.9,362.0,364.45,169319
2009-06-01,376.0,408.0,376.0,404.3,248827
2009-06-02,408.5,457.0,408.5,453.25,324397
2009-06-03,465.0,502.0,432.1,440.25,512063
2009-06-04,440.0,490.0,440.0,447.35,445374
2009-06-05,450.0,469.0,436.25,445.5,279099
2009-06-08,438.0,458.4,425.0,431.95,108709
2009-06-09,413.0,459.0,412.0,452.2,122948
2009-06-10,454.9,467.95,450.0,460.8,198120
2009-06-11,461.0,480.0,455.6,470.65,206476
2009-06-12,475.0,479.95,438.3,461.45,117743
2009-06-15,460.0,460.0,437.05,442.45,25770
2009-06-16,430.25,444.0,422.3,439.1,25973
2009-06-17,443.85,443.85,408.85,411.95,44517
2009-06-18,419.0,420.0,360.0,388.95,936822
2009-06-19,401.0,407.85,383.0,390.15,79543
2009-06-22,392.1,403.95,368.0,371.95,68195
2009-06-23,354.0,370.0,351.2,359.75,170798
2009-06-24,359.0,388.0,345.3,355.5,161422
2009-06-25,359.9,370.0,358.0,362.2,122401
2009-06-26,365.0,365.0,360.05,362.9,78558
2009-06-29,363.0,368.65,359.05,364.15,208063
2009-06-30,369.0,374.0,361.0,366.3,342465
2009-07-01,361.4,409.3,360.1,402.0,239746
2009-07-02,402.0,418.95,381.0,415.2,368962
2009-07-03,420.95,436.0,410.0,414.35,209430
2009-07-06,420.5,427.0,393.0,400.5,96260
2009-07-07,400.5,400.5,375.15,380.05,281008
2009-07-08,380.0,383.95,366.7,375.15,45971
2009-07-09,375.0,375.0,364.1,367.9,116616
2009-07-10,370.0,386.0,363.05,369.1,112754
2009-07-13,364.0,373.0,351.0,363.1,90435
2009-07-14,371.0,381.0,370.0,374.35,47209
2009-07-15,380.0,390.0,376.0,384.1,73555
2009-07-16,395.0,406.0,390.05,401.15,96031
2009-07-17,431.1,474.95,411.45,428.2,167113
2009-07-20,439.4,452.85,434.05,439.7,157132
2009-07-21,436.05,448.0,428.0,435.2,185519
2009-07-22,438.8,445.0,420.0,427.05,129542
2009-07-23,426.0,439.25,421.1,426.3,63991
2009-07-24,428.0,438.4,428.0,430.9,101439
2009-07-27,435.0,447.95,433.05,435.9,88452
2009-07-28,439.9,442.0,434.0,436.3,42806
2009-07-29,433.05,442.0,425.2,434.85,57521
2009-07-30,426.25,446.9,426.25,444.05,51296
2009-07-31,445.0,476.8,442.5,468.7,128102
2009-08-03,470.0,526.8,466.0,499.25,248995
2009-08-04,502.0,507.0,465.0,500.7,55168
2009-08-05,500.0,504.8,480.0,489.85,74017
2009-08-06,476.15,490.0,462.25,471.3,33897
2009-08-07,456.6,470.0,445.0,449.85,43944
2009-08-10,456.0,463.85,432.25,453.5,72554
2009-08-11,457.0,458.8,438.1,441.1,31905
2009-08-12,437.15,458.8,435.85,449.05,40754
2009-08-13,459.0,465.0,453.05,458.25,85779
2009-08-14,462.0,462.0,439.3,441.4,43805
2009-08-17,441.0,478.6,432.0,456.8,224039
2009-08-18,464.0,464.5,449.05,450.3,64483
2009-08-19,457.85,457.85,446.0,447.6,29341
2009-08-20,449.5,454.0,442.5,446.35,36621
2009-08-21,448.0,470.0,445.05,467.8,172120
2009-08-24,470.15,478.95,455.15,466.55,51642
2009-08-25,466.55,479.0,457.2,471.6,35102
2009-08-26,474.0,479.7,470.25,476.7,16681
2009-08-27,479.9,479.9,463.95,467.4,32548
2009-08-28,463.25,476.5,463.25,470.95,15079
2009-08-31,470.95,475.0,465.0,469.35,16792
2009-09-01,474.0,475.0,463.0,464.9,22728
2009-09-02,466.0,466.0,453.0,462.95,6371
2009-09-03,477.0,477.5,455.2,469.4,17833
2009-09-04,470.25,475.1,466.5,472.2,10922
2009-09-07,474.0,491.5,470.05,487.45,44674
2009-09-08,495.0,495.0,483.05,485.25,21521
2009-09-09,486.0,488.95,478.0,481.4,10016
2009-09-10,480.0,491.45,480.0,488.75,22681
2009-09-11,485.25,491.45,474.1,478.5,29982
2009-09-14,474.0,479.7,467.05,468.7,24366
2009-09-15,471.3,488.8,471.3,478.9,29966
2009-09-16,485.0,489.0,470.1,473.25,44956
2009-09-17,478.95,484.85,471.0,473.35,33886
2009-09-18,482.9,485.0,472.0,476.95,400455
2009-09-22,480.0,513.85,475.0,487.4,403992
2009-09-23,495.0,508.95,481.0,485.15,603690
2009-09-24,483.0,509.95,480.0,502.45,167587
2009-09-25,500.0,510.0,492.0,498.4,167823
2009-09-29,510.0,518.0,501.0,504.6,52595
2009-09-30,510.0,515.0,505.0,511.7,60075
2009-10-01,510.0,568.85,507.7,539.65,229969
2009-10-05,531.35,560.0,523.2,528.5,83838
2009-10-06,532.0,542.0,514.0,518.8,64574
2009-10-07,518.0,537.6,515.0,519.0,86188
2009-10-08,517.0,529.2,511.0,515.05,48295
2009-10-09,518.1,538.0,511.05,517.35,133572
2009-10-12,528.0,535.0,507.7,517.75,102626
2009-10-14,522.0,533.8,513.05,520.4,320598
2009-10-15,527.4,542.0,515.5,520.25,206257
2009-10-16,535.0,553.95,528.15,532.85,468235
2009-10-17,544.4,554.4,536.0,545.85,78364
2009-10-20,547.5,551.8,535.0,538.3,64060
2009-10-21,535.0,543.0,530.3,531.5,37791
2009-10-22,530.0,535.0,518.0,522.05,37003
2009-10-23,528.0,529.9,518.5,520.4,25907
2009-10-26,525.9,525.9,511.2,513.4,39556
2009-10-27,510.0,516.75,486.35,490.95,51315
2009-10-28,487.0,508.0,482.45,501.0,32344
2009-10-29,497.0,500.0,486.0,492.15,46362
2009-10-30,520.0,590.0,482.4,486.9,53321
2009-11-03,486.9,495.0,463.0,465.4,43800
2009-11-04,470.0,487.4,468.05,481.1,37302
2009-11-05,481.1,497.0,478.0,490.1,78009
2009-11-06,498.85,504.95,492.0,494.3,21658
2009-11-09,489.0,504.0,489.0,500.1,15986
2009-11-10,501.25,518.0,497.0,508.45,80384
2009-11-11,507.0,515.0,500.0,506.55,26057
2009-11-12,506.55,509.85,496.1,500.65,14949
2009-11-13,504.4,505.85,497.0,498.65,12272
2009-11-16,500.0,504.8,494.9,495.85,34259
2009-11-17,507.0,507.0,496.0,503.7,28598
2009-11-18,505.0,505.0,497.0,498.5,20033
2009-11-19,498.25,503.0,495.5,497.3,14817
2009-11-20,492.0,509.95,490.1,504.05,28172
2009-11-23,504.0,512.0,499.0,504.0,27130
2009-11-24,506.85,528.0,503.65,524.85,236265
2009-11-25,526.0,541.0,525.0,525.55,35057
2009-11-26,525.0,532.95,521.4,525.2,21138
2009-11-27,511.0,530.0,505.25,528.35,70407
2009-11-30,530.0,531.8,523.05,528.3,101475
2009-12-01,528.0,540.0,524.5,537.35,52922
2009-12-02,535.0,539.85,532.05,534.0,39969
2009-12-03,536.2,540.0,530.4,535.85,18151
2009-12-04,527.4,558.75,526.55,549.25,177091
2009-12-07,547.05,566.35,547.0,556.85,80956
2009-12-08,556.85,562.0,553.65,560.15,28320
2009-12-09,559.0,559.0,550.15,553.0,17933
2009-12-10,550.0,568.0,550.0,555.5,32216
2009-12-11,555.3,565.7,550.0,555.25,35423
2009-12-14,555.0,558.0,550.3,556.25,25237
2009-12-15,563.9,591.5,557.0,575.8,253092
2009-12-16,579.4,590.0,570.15,583.2,96714
2009-12-17,583.35,625.0,583.35,609.55,133023
2009-12-18,608.0,661.15,603.7,648.5,248250
2009-12-21,648.5,670.0,611.25,621.3,160368
2009-12-22,630.0,640.3,622.55,630.55,56488
2009-12-23,637.4,643.0,620.15,625.65,38272
2009-12-24,634.0,634.8,606.2,610.0,66791
2009-12-29,624.9,641.0,615.0,620.0,83662
2009-12-30,625.0,631.45,617.0,619.95,224020
2009-12-31,624.95,644.0,615.0,615.3,160630
2010-01-04,627.0,668.0,620.0,645.4,288696
2010-01-05,662.95,662.95,645.0,650.35,93339
2010-01-06,653.0,656.9,636.5,641.25,73531
2010-01-07,645.0,647.0,625.1,628.15,68365
2010-01-08,632.5,638.7,622.0,625.2,49900
2010-01-11,630.05,636.0,619.0,629.2,135995
2010-01-12,634.9,642.95,615.0,620.15,152063
2010-01-13,619.0,634.95,610.0,616.05,170488
2010-01-14,638.0,649.8,621.9,623.8,237425
2010-01-15,628.0,633.85,615.0,618.65,121042
2010-01-18,623.0,623.0,612.0,615.85,45717
2010-01-19,618.0,635.0,616.0,617.7,211406
2010-01-20,625.0,633.0,617.75,621.0,128722
2010-01-21,621.0,625.0,612.0,613.75,51973
2010-01-22,625.0,625.0,590.0,592.75,180270
2010-01-25,593.95,609.0,588.85,598.55,80426
2010-01-27,598.0,610.45,580.1,583.1,69933
2010-01-28,585.0,596.9,570.3,574.45,39706
2010-01-29,566.1,568.85,556.25,564.75,40118
2010-02-01,567.85,591.0,560.0,586.25,94387
2010-02-02,594.7,594.7,574.0,579.8,89072
2010-02-03,590.0,590.0,568.05,573.0,52902
2010-02-04,575.0,593.0,563.15,566.2,85044
2010-02-05,550.0,565.0,541.0,553.7,32759
2010-02-06,558.0,564.95,553.15,557.4,6674
2010-02-08,557.5,586.2,555.5,579.45,397754
2010-02-09,583.0,588.4,563.1,564.95,85139
2010-02-10,572.85,573.0,561.4,563.75,19810
2010-02-11,568.0,569.0,561.4,563.55,88814
2010-02-15,560.0,569.85,535.8,557.4,12665
2010-02-16,559.05,573.9,551.6,562.45,45447
2010-02-17,572.2,587.5,565.5,570.55,269225
2010-02-18,561.6,583.0,561.6,572.2,42546
2010-02-19,561.0,574.6,555.0,562.25,31530
2010-02-22,567.0,595.0,555.0,571.35,448737
2010-02-23,575.0,593.9,573.0,589.85,177437
2010-02-24,585.0,603.95,585.0,600.2,257466
2010-02-25,605.0,606.4,587.2,593.35,60316
2010-02-26,590.0,612.8,586.0,594.95,87137
2010-03-02,599.8,621.05,596.25,610.0,116061
2010-03-03,612.0,617.0,598.05,603.05,71753
2010-03-04,608.7,613.25,587.1,593.5,76056
2010-03-05,598.95,604.0,585.3,587.2,36004
2010-03-08,598.0,603.0,587.3,589.95,24863
2010-03-09,594.8,601.0,585.35,590.55,34096
2010-03-10,589.8,606.8,588.25,593.45,69787
2010-03-11,592.0,599.0,585.6,590.05,42018
2010-03-12,597.0,603.0,587.0,589.5,205119
2010-03-15,594.0,595.0,582.0,582.95,44042
2010-03-16,587.5,588.0,575.0,577.6,67733
2010-03-17,583.0,589.95,573.0,573.95,357683
2010-03-18,579.2,579.2,571.2,572.55,23261
2010-03-19,578.7,581.3,571.55,574.85,100941
2010-03-22,590.0,597.8,566.15,573.1,47466
2010-03-23,582.0,582.0,568.35,568.95,37643
2010-03-25,569.0,573.7,561.25,564.6,56634
2010-03-26,569.95,582.0,566.2,573.9,93076
2010-03-29,576.9,604.8,574.95,598.2,204170
2010-03-30,600.0,629.0,596.6,614.3,443964
2010-03-31,622.0,629.85,597.25,604.15,162572
2010-04-01,592.3,611.45,592.3,606.2,51953
2010-04-05,613.15,622.0,608.0,620.25,65879
2010-04-06,630.0,630.0,611.15,615.55,68258
2010-04-07,624.0,624.0,611.0,612.5,65507
2010-04-08,597.15,619.65,597.15,615.05,102162
2010-04-09,584.3,628.4,584.3,611.8,118769
2010-04-12,612.0,631.5,611.0,628.0,127094
2010-04-13,635.0,635.0,626.05,630.25,86918
2010-04-15,628.0,636.65,626.0,631.1,86694
2010-04-16,629.0,630.0,611.0,618.9,89343
2010-04-19,614.0,640.0,605.0,627.8,73447
2010-04-20,634.0,640.0,623.0,625.65,42636
2010-04-21,631.9,642.0,617.0,637.7,85515
2010-04-22,642.8,656.0,633.0,647.0,282771
2010-04-23,647.2,664.0,645.0,657.4,140476
2010-04-26,667.8,684.7,665.0,674.05,158585
2010-04-27,662.3,678.0,656.0,658.85,63386
2010-04-28,650.1,650.1,621.25,623.65,115401
2010-04-29,634.0,640.0,617.0,620.95,63194
2010-04-30,630.0,634.8,625.4,627.35,41083
2010-05-03,605.8,640.0,605.8,627.7,25969
2010-05-04,610.1,660.0,610.1,642.15,232900
2010-05-05,625.0,691.8,618.0,666.0,581102
2010-05-06,671.0,678.95,649.0,654.0,136686
2010-05-07,643.0,659.0,633.7,641.1,66113
2010-05-10,649.9,675.0,645.5,662.4,188639
2010-05-11,669.85,672.0,640.0,643.05,160750
2010-05-12,649.6,659.9,647.05,653.95,104528
2010-05-13,670.0,718.0,664.0,706.8,1401385
2010-05-14,701.1,725.0,680.0,687.5,607941
2010-05-17,680.0,708.7,670.0,702.15,277089
2010-05-18,703.0,711.0,695.25,706.5,461525
2010-05-19,706.0,726.8,690.0,719.15,307776
2010-05-20,723.0,728.0,702.1,709.3,178018
2010-05-21,685.0,708.0,685.0,695.55,79253
2010-05-24,695.0,709.8,679.0,684.35,76930
2010-05-25,689.95,689.95,656.55,660.0,48660
2010-05-26,667.0,690.8,665.0,683.5,74727
2010-05-27,674.4,690.5,674.4,682.6,29473
2010-05-28,685.5,695.0,673.3,675.2,45144
2010-05-31,680.2,684.4,670.1,674.75,40256
2010-06-01,676.0,682.0,653.25,657.0,75326
2010-06-02,666.0,678.0,655.0,664.75,46823
2010-06-03,669.0,678.0,668.0,675.65,111037
2010-06-04,673.0,677.0,665.0,666.95,21846
2010-06-07,658.95,684.0,650.0,676.3,45236
2010-06-08,679.0,699.85,675.0,694.2,136983
2010-06-09,698.7,748.3,698.0,731.0,671181
2010-06-10,730.0,744.0,706.0,712.35,235048
2010-06-11,722.4,722.4,703.2,705.05,55091
2010-06-14,708.5,720.95,708.5,713.3,47531
2010-06-15,715.9,718.5,711.2,713.9,19561
2010-06-16,717.0,734.9,706.15,724.4,551580
2010-06-17,723.8,725.0,712.1,714.3,114532
2010-06-18,708.75,708.75,680.0,691.85,126352
2010-06-21,705.0,715.0,697.15,698.85,45261
2010-06-22,702.0,710.0,693.85,703.3,23732
2010-06-23,703.0,708.8,698.0,700.0,40418
2010-06-24,680.0,707.0,680.0,700.35,43721
2010-06-25,698.3,705.0,698.25,700.2,55468
2010-06-28,709.0,709.0,698.85,703.5,69583
2010-06-29,701.35,723.8,700.0,708.25,220057
2010-06-30,702.0,710.0,700.0,701.3,182414
2010-07-01,703.0,719.0,700.0,707.5,113408
2010-07-02,712.8,715.05,707.2,709.15,44538
2010-07-05,710.05,723.0,709.75,715.7,60473
2010-07-06,719.8,748.0,710.0,744.15,290934
2010-07-07,744.8,751.8,736.0,738.65,179105
2010-07-08,724.4,724.4,700.05,701.4,111968
2010-07-09,701.0,712.0,696.1,699.85,69495
2010-07-12,702.15,702.15,666.2,679.4,69349
2010-07-13,676.0,681.1,675.1,676.55,75211
2010-07-14,675.5,700.0,667.35,680.05,188009
2010-07-15,682.0,696.6,670.0,684.9,94960
2010-07-16,684.0,695.9,680.1,687.65,41982
2010-07-19,685.1,694.9,681.0,686.65,21614
2010-07-20,684.0,693.45,684.0,685.75,34372
2010-07-21,686.0,714.75,686.0,711.35,272966
2010-07-22,718.4,724.4,675.5,697.0,795783
2010-07-23,698.0,699.0,674.0,675.3,128918
2010-07-26,684.0,687.1,673.5,683.9,40010
2010-07-27,681.9,701.55,681.05,697.35,80565
2010-07-28,700.0,724.3,691.35,717.45,362137
2010-07-29,719.0,723.9,705.25,715.15,94188
2010-07-30,716.1,729.8,711.35,724.5,184370
2010-08-02,724.5,731.85,718.0,727.85,87406
2010-08-03,729.25,732.0,722.1,726.0,32378
2010-08-04,729.7,729.7,711.0,716.6,27967
2010-08-05,717.0,730.0,715.0,723.7,172546
2010-08-06,728.7,729.9,720.0,722.05,35566
2010-08-09,722.05,732.8,717.05,729.0,57018
2010-08-10,729.0,734.95,715.0,717.7,21380
2010-08-11,721.7,749.7,712.0,736.1,131017
2010-08-12,730.0,764.9,720.25,740.8,544342
2010-08-13,748.0,760.0,744.7,748.35,92693
2010-08-16,754.7,759.65,740.0,743.1,54506
2010-08-17,749.7,749.7,720.5,726.45,57712
2010-08-18,730.15,747.85,730.15,739.85,26087
2010-08-19,749.9,762.75,740.1,755.1,156514
2010-08-20,759.05,769.0,755.0,762.2,85314
2010-08-23,765.0,770.0,762.0,766.75,54159
2010-08-24,765.0,766.35,750.2,752.85,22309
2010-08-25,751.25,759.0,749.0,752.25,43214
2010-08-26,752.0,775.0,746.0,769.6,127265
2010-08-27,765.0,765.0,737.0,740.7,60995
2010-08-30,754.4,754.4,731.0,732.85,18755
2010-08-31,730.0,750.0,725.0,746.15,31996
2010-09-01,752.0,756.95,741.25,745.8,26558
2010-09-02,753.9,764.0,750.05,759.9,63022
2010-09-03,770.0,799.0,756.2,777.3,188855
2010-09-06,779.0,869.7,779.0,823.65,572849
2010-09-07,828.9,834.75,807.3,819.35,113651
2010-09-08,821.0,862.8,820.0,854.15,291580
2010-09-09,858.0,875.05,851.2,863.75,195617
2010-09-13,872.9,899.75,849.75,882.2,337443
2010-09-14,887.9,887.9,866.0,874.3,58684
2010-09-15,875.0,875.0,857.05,867.3,65029
2010-09-16,873.0,873.0,852.0,856.25,55468
2010-09-17,860.0,898.0,860.0,871.55,370870
2010-09-20,868.05,880.0,865.0,870.85,104171
2010-09-21,870.0,877.0,857.05,870.85,43928
2010-09-22,879.0,888.0,860.0,863.55,73564
2010-09-23,869.0,871.9,850.1,861.75,40949
2010-09-24,855.0,871.0,851.0,859.2,45498
2010-09-27,861.1,878.4,852.25,862.75,44113
2010-09-28,865.0,865.0,838.1,844.15,78096
2010-09-29,847.0,853.95,806.1,819.2,184236
2010-09-30,828.7,843.5,821.1,830.5,67806
2010-10-01,839.0,849.0,830.15,835.25,38172
2010-10-04,835.0,852.8,817.2,826.6,58978
2010-10-05,818.0,884.75,818.0,850.3,128336
2010-10-06,859.9,898.0,859.8,873.9,260474
2010-10-07,880.05,888.0,855.0,859.95,55351
2010-10-08,850.0,870.0,846.0,851.75,54272
2010-10-11,863.0,874.8,857.5,865.25,90247
2010-10-12,866.0,870.0,851.5,855.85,33685
2010-10-13,856.0,870.0,856.0,868.65,44059
2010-10-14,870.0,888.0,855.0,856.8,75798
2010-10-15,862.0,867.0,852.0,858.65,75692
2010-10-18,859.0,862.0,849.0,854.45,60567
2010-10-19,864.0,870.0,841.5,849.7,48937
2010-10-20,864.95,912.2,857.0,873.6,318443
2010-10-21,875.0,880.0,865.05,874.65,67892
2010-10-22,879.0,894.0,868.7,871.25,73231
2010-10-25,874.0,878.0,861.8,869.3,54927
2010-10-26,873.8,873.8,858.0,861.45,33508
2010-10-27,840.0,867.9,840.0,864.75,105672
2010-10-28,867.0,899.0,867.0,882.6,288962
2010-10-29,888.0,895.8,855.0,874.55,68321
2010-11-01,884.0,972.0,865.0,931.1,754296
2010-11-02,937.6,944.0,912.4,919.6,275407
2010-11-03,915.0,949.0,915.0,932.4,268976
2010-11-04,940.0,942.0,926.15,934.35,96556
2010-11-05,939.9,948.0,930.0,942.75,59755
2010-11-08,945.0,948.0,930.1,932.4,55048
2010-11-09,937.2,950.0,930.05,938.0,57485
2010-11-10,936.0,941.5,925.05,929.8,35487
2010-11-11,932.05,943.05,903.05,907.35,98545
2010-11-12,893.75,934.75,893.75,898.55,86164
2010-11-15,914.0,914.0,876.0,881.35,93432
2010-11-16,876.0,891.9,866.75,869.3,73112
2010-11-18,875.0,885.0,854.3,870.15,62233
2010-11-19,867.95,877.85,855.05,861.9,35238
2010-11-22,865.95,874.9,861.0,870.9,71319
2010-11-23,878.0,916.5,850.0,889.1,229056
2010-11-24,896.0,904.95,874.5,875.65,67791
2010-11-25,875.15,884.85,850.1,859.3,162492
2010-11-26,860.4,876.0,827.0,855.15,139447
2010-11-29,856.0,872.45,835.05,857.2,74069
2010-11-30,857.0,861.65,842.5,858.15,92006
2010-12-01,856.35,899.9,850.0,893.9,99491
2010-12-02,912.0,912.0,885.0,887.4,22681
2010-12-03,890.0,896.9,875.05,878.8,27757
2010-12-06,880.0,900.0,876.0,886.1,32380
2010-12-07,878.2,900.0,876.3,879.95,22292
2010-12-08,871.2,891.0,850.0,865.6,28293
2010-12-09,880.0,880.0,830.0,837.0,43080
2010-12-10,820.5,850.0,786.75,846.2,45252
2010-12-13,856.0,862.0,826.0,845.75,27920
2010-12-14,853.55,858.0,843.2,854.75,38018
2010-12-15,859.8,859.8,834.0,838.5,26962
2010-12-16,832.0,843.0,820.15,823.35,36909
2010-12-20,820.05,840.0,820.0,829.7,29739
2010-12-21,830.1,850.0,807.2,847.3,48123
2010-12-22,851.0,857.0,840.15,850.25,45321
2010-12-23,851.15,859.4,840.0,853.25,16787
2010-12-24,856.95,881.0,843.0,866.65,72911
2010-12-27,874.45,878.0,855.15,860.6,32742
2010-12-28,852.0,870.0,852.0,859.2,19811
2010-12-29,861.0,888.0,861.0,867.1,57833
2010-12-30,868.25,878.8,861.0,863.85,26835
2011-01-03,877.95,892.0,868.0,870.3,52723
2011-01-04,877.8,878.0,856.15,864.25,168249
2011-01-05,860.0,872.95,826.0,827.7,94497
2011-01-06,835.05,835.05,810.55,812.25,257547
2011-01-07,814.0,815.95,776.0,788.55,56541
2011-01-10,783.9,799.95,762.0,787.6,168339
2011-01-11,790.6,796.95,758.0,762.8,156881
2011-01-12,765.0,778.95,754.0,774.65,48188
2011-01-13,766.7,777.9,765.1,770.0,35133
2011-01-14,774.0,778.95,751.0,761.55,37714
2011-01-17,737.2,764.0,737.2,744.8,26429
2011-01-18,760.0,760.0,740.95,747.45,32211
2011-01-19,759.95,765.9,731.3,735.15,82794
2011-01-20,748.0,761.0,737.05,739.7,132436
2011-01-21,740.55,754.75,738.0,751.9,67997
2011-01-24,752.0,757.45,745.0,751.35,23703
2011-01-25,752.0,755.1,745.1,748.2,27152
2011-01-27,742.3,752.0,720.0,725.25,48768
2011-01-28,725.95,743.0,714.0,738.0,80250
2011-01-31,729.95,734.9,713.1,727.45,32644
2011-02-01,728.0,738.0,702.55,717.55,47181
2011-02-02,719.45,739.0,717.25,721.4,29545
2011-02-03,720.05,731.0,710.4,712.4,35689
2011-02-04,712.45,724.25,711.0,714.8,25313
2011-02-07,716.0,723.0,701.0,711.25,18175
2011-02-08,716.15,730.0,702.0,713.0,56255
2011-02-09,707.0,714.95,685.1,689.6,32215
2011-02-10,682.0,725.0,680.0,703.3,110497
2011-02-11,691.05,744.8,691.05,736.85,60563
2011-02-14,740.0,758.8,740.0,751.45,21899
2011-02-15,750.0,772.0,737.1,761.75,36948
2011-02-16,761.75,766.0,747.1,755.6,11643
2011-02-17,760.0,785.0,751.0,763.5,296695
2011-02-18,766.0,771.95,745.05,748.5,14725
2011-02-21,747.15,760.0,733.0,752.5,16616
2011-02-22,753.1,765.0,744.05,749.95,9817
2011-02-23,744.95,773.0,744.0,750.65,25616
2011-02-24,746.1,751.95,727.0,728.9,92006
2011-02-25,732.0,754.0,729.7,746.45,29237
2011-02-28,749.0,776.9,732.9,758.95,28607
2011-03-01,763.95,796.5,760.15,787.6,46199
2011-03-03,792.15,841.5,780.3,785.95,601103
2011-03-04,795.0,812.0,785.0,792.1,172549
2011-03-07,760.1,798.45,760.1,770.65,56923
2011-03-08,750.0,767.95,745.5,748.7,140607
2011-03-09,748.5,768.8,745.0,754.45,80500
2011-03-10,750.0,764.8,749.95,754.45,52018
2011-03-11,748.0,760.0,743.0,753.5,35598
2011-03-14,753.5,759.7,743.0,756.3,31179
2011-03-15,745.0,750.7,735.05,739.5,37175
2011-03-16,740.2,752.5,740.0,741.55,24956
2011-03-17,738.95,746.9,730.0,730.4,62461
2011-03-18,747.0,747.0,727.0,739.65,37630
2011-03-21,741.8,741.8,725.05,728.35,14872
2011-03-22,735.95,744.0,729.05,731.65,17008
2011-03-23,729.0,744.0,729.0,740.6,24033
2011-03-24,740.5,748.9,729.0,733.9,25163
2011-03-25,750.0,751.0,736.1,747.55,18658
2011-03-28,750.0,765.0,743.0,762.2,72869
2011-03-29,766.0,770.55,750.0,759.3,63635
2011-03-30,765.0,772.9,756.6,770.25,87684
2011-03-31,779.95,812.0,765.05,795.75,174003
2011-04-01,796.05,817.75,790.0,809.4,52662
2011-04-04,817.35,827.5,810.5,820.55,64576
2011-04-05,828.0,828.0,795.0,800.95,23849
2011-04-06,799.95,813.75,795.0,809.8,19016
2011-04-07,813.0,820.0,803.25,816.4,9636
2011-04-08,811.05,816.95,765.05,778.1,149991
2011-04-11,780.0,787.0,755.0,759.8,36114
2011-04-13,762.55,773.0,760.0,767.9,66861
2011-04-15,768.0,774.95,756.25,758.1,28467
2011-04-18,760.05,768.0,750.6,759.1,39092
2011-04-19,752.0,779.5,752.0,776.25,56691
2011-04-20,780.05,785.0,762.0,764.75,165034
2011-04-21,766.0,775.0,764.1,769.9,20058
2011-04-25,772.05,775.0,767.95,770.6,26707
2011-04-26,772.0,784.9,766.05,780.9,102130
2011-04-27,780.0,801.0,780.0,797.45,277823
2011-04-28,802.95,807.0,792.0,802.95,310861
2011-04-29,806.05,809.0,782.0,784.85,155620
2011-05-02,793.7,796.0,783.0,793.6,93058
2011-05-03,801.5,805.0,773.0,787.1,134800
2011-05-04,785.4,798.0,765.1,787.85,31682
2011-05-05,786.0,799.9,768.05,770.6,20319
2011-05-06,771.6,776.0,750.0,769.4,26341
2011-05-09,769.85,781.65,767.2,770.45,27390
2011-05-10,776.3,778.7,770.0,773.75,16498
2011-05-11,772.0,784.3,770.0,770.9,25209
2011-05-12,769.0,779.0,765.0,769.85,49101
2011-05-13,768.0,784.0,765.0,779.0,44515
2011-05-16,774.95,774.95,766.0,768.55,78959
2011-05-17,768.0,772.0,750.0,757.05,25628
2011-05-18,772.95,772.95,737.3,753.25,95107
2011-05-19,761.2,772.9,750.75,752.0,150683
2011-05-20,757.4,765.5,757.2,762.95,23305
2011-05-23,763.0,763.0,750.15,753.65,25250
2011-05-24,749.95,771.85,749.95,768.3,43656
2011-05-25,768.3,768.3,749.4,750.8,41089
2011-05-26,755.0,770.45,750.0,761.35,27536
2011-05-27,761.95,763.8,755.0,758.05,13628
2011-05-30,762.55,769.05,750.0,762.45,50888
2011-05-31,759.85,768.0,759.85,766.1,25909
2011-06-01,767.05,773.5,765.0,767.35,52124
2011-06-02,765.0,767.0,760.2,766.7,17961
2011-06-03,765.05,771.95,761.0,762.15,12755
2011-06-06,762.15,768.0,762.0,766.6,9654
2011-06-07,775.0,775.0,760.95,765.05,16474
2011-06-08,766.0,767.2,763.0,766.8,18550
2011-06-09,768.95,768.95,762.3,763.7,20799
2011-06-10,758.05,766.9,750.25,763.25,12496
2011-06-13,764.0,765.0,756.2,762.45,13061
2011-06-14,764.95,768.9,762.05,766.6,36066
2011-06-15,763.05,767.0,763.05,766.25,60908
2011-06-16,765.0,767.0,761.0,764.1,40976
2011-06-17,760.5,763.8,751.0,756.95,31748
2011-06-20,758.0,758.0,744.0,747.4,45202
2011-06-21,751.0,751.6,740.25,741.45,34743
2011-06-22,730.1,747.95,730.1,741.75,33749
2011-06-23,742.05,742.5,732.2,738.9,31359
2011-06-24,732.5,759.5,732.5,754.95,65498
2011-06-27,740.0,765.0,740.0,759.3,54194
2011-06-28,742.0,781.0,742.0,774.9,158370
2011-06-29,749.95,756.0,728.0,731.85,135139
2011-06-30,725.05,741.8,721.0,725.35,85974
2011-07-01,726.0,740.0,726.0,737.9,36954
2011-07-04,735.0,744.9,735.0,741.1,135012
2011-07-05,739.95,749.5,737.55,746.6,105255
2011-07-06,746.0,750.9,742.15,748.65,33150
2011-07-07,742.0,764.05,742.0,761.45,92358
2011-07-08,742.0,761.45,742.0,757.35,54049
2011-07-11,742.25,758.3,742.25,756.45,24289
2011-07-12,758.0,764.8,752.25,760.7,40414
2011-07-13,742.25,770.0,742.25,765.35,74758
2011-07-14,768.0,785.25,767.6,772.9,221128
2011-07-15,768.0,768.0,744.0,752.35,162816
2011-07-18,748.0,759.7,732.1,737.1,56481
2011-07-19,740.0,743.25,728.0,738.55,198560
2011-07-20,730.0,744.95,730.0,741.7,144761
2011-07-21,746.7,764.75,737.2,741.6,95828
2011-07-22,742.2,760.0,735.0,745.05,74812
2011-07-25,745.0,755.0,738.0,747.7,33087
2011-07-26,742.05,754.75,737.1,752.05,75472
2011-07-27,757.0,774.0,752.05,768.75,111126
2011-07-28,769.9,777.6,761.55,771.9,69736
2011-07-29,772.0,780.5,765.55,772.05,69320
2011-08-01,772.05,778.7,771.0,776.95,128389
2011-08-02,779.95,785.05,762.2,766.1,37775
2011-08-03,760.0,768.0,751.0,763.55,29980
2011-08-04,760.0,768.3,760.0,760.4,11870
2011-08-05,750.0,756.95,740.2,753.7,1481725
2011-08-08,746.0,763.95,705.05,753.6,67785
2011-08-09,743.0,759.7,730.0,752.95,51943
2011-08-10,757.55,764.05,755.0,759.9,52884
2011-08-11,754.9,765.0,747.55,750.05,44123
2011-08-12,753.4,758.45,746.0,747.35,21671
2011-08-16,757.0,757.0,744.9,748.7,24267
2011-08-17,743.2,749.95,719.95,724.9,829665
2011-08-18,724.9,732.0,709.05,728.4,39036
2011-08-19,718.0,726.0,711.15,722.5,42724
2011-08-22,720.0,748.0,716.4,739.55,51736
2011-08-23,739.0,750.0,730.0,745.05,35818
2011-08-24,749.9,753.9,732.1,737.35,63084
2011-08-25,735.4,750.0,733.0,743.7,40523
2011-08-26,749.9,761.0,735.05,749.5,172538
2011-08-29,736.9,754.35,736.9,750.35,60947
2011-08-30,757.0,768.0,748.1,749.95,151884
2011-09-02,759.0,760.0,742.45,748.25,37444
2011-09-05,740.0,763.95,740.0,756.85,77437
2011-09-06,752.05,760.95,752.0,754.9,59892
2011-09-07,759.85,759.85,746.0,750.9,45916
2011-09-08,759.0,759.0,741.0,745.4,47549
2011-09-09,749.0,751.5,740.6,746.15,36357
2011-09-12,741.5,746.7,735.0,739.2,19777
2011-09-13,744.0,750.0,735.0,737.15,24644
2011-09-14,739.3,745.0,735.05,740.45,15762
2011-09-15,747.0,748.65,738.65,745.9,22528
2011-09-16,764.8,780.1,725.8,742.1,553532
2011-09-19,730.95,741.95,730.1,739.35,82036
2011-09-20,747.95,747.95,734.05,740.15,50856
2011-09-21,747.95,747.95,732.05,740.5,70367
2011-09-22,740.05,740.05,735.0,737.15,101137
2011-09-23,738.05,738.05,730.05,734.1,56433
2011-09-26,735.3,735.3,726.5,729.0,31390
2011-09-27,731.0,748.7,731.0,738.3,24402
2011-09-28,738.3,740.05,722.25,724.55,62310
2011-09-29,735.0,735.0,707.0,711.45,82335
2011-09-30,679.45,724.8,679.45,719.4,550664
2011-10-03,710.0,725.0,710.0,722.35,106216
2011-10-04,715.25,729.85,700.15,710.75,140143
2011-10-05,701.2,719.4,701.2,709.9,129874
2011-10-07,729.0,732.0,715.0,727.7,19862
2011-10-10,727.7,733.8,714.1,716.35,78130
2011-10-11,722.25,728.9,722.0,723.45,26552
2011-10-12,727.9,731.0,720.25,722.6,18558
2011-10-13,729.0,740.95,726.0,732.55,25546
2011-10-14,727.05,735.0,725.5,730.65,9085
2011-10-17,734.0,744.0,729.95,731.65,23009
2011-10-18,725.15,734.8,725.05,731.35,20171
2011-10-19,735.95,741.0,729.1,739.2,30114
2011-10-20,743.0,750.0,728.0,731.7,48340
2011-10-21,723.0,739.7,716.6,721.15,90655
2011-10-24,727.0,737.8,725.0,730.7,53785
2011-10-25,728.75,735.0,723.4,727.55,95549
2011-10-26,731.0,737.95,731.0,735.4,8445
2011-10-28,739.95,752.5,737.0,743.55,93108
2011-10-31,748.8,748.8,735.5,739.5,114739
2011-11-01,735.0,750.0,735.0,744.45,30749
2011-11-02,739.45,750.0,735.55,747.3,19730
2011-11-03,747.0,748.95,738.35,742.5,16243
2011-11-04,742.05,752.0,742.05,749.5,18891
2011-11-08,751.0,755.0,746.0,752.65,18781
2011-11-09,750.15,760.0,748.1,752.95,35920
2011-11-11,745.0,751.0,741.1,749.5,11528
2011-11-14,746.05,759.9,742.1,747.55,18330
2011-11-15,740.15,744.9,735.0,736.95,11843
2011-11-16,736.0,741.9,730.3,738.2,24810
2011-11-17,736.0,743.9,734.0,735.85,38463
2011-11-18,734.0,736.0,724.15,731.9,43350
2011-11-21,730.0,737.95,725.2,730.05,24556
2011-11-22,734.95,739.95,723.0,733.6,10958
2011-11-23,726.65,732.65,720.4,724.25,62417
2011-11-24,721.2,749.2,715.0,736.7,70894
2011-11-25,737.25,762.0,733.1,734.75,66293
2011-11-28,737.5,741.4,723.0,728.45,43988
2011-11-29,728.0,741.0,723.25,725.3,14672
2011-11-30,725.0,728.95,687.1,700.45,307080
2011-12-01,706.0,729.7,704.0,710.8,27714
2011-12-02,713.0,716.95,705.0,709.1,12371
2011-12-05,710.05,719.7,710.0,714.95,9996
2011-12-07,713.0,717.75,710.3,712.85,35484
2011-12-08,712.85,715.0,708.0,709.65,32046
2011-12-09,707.4,707.4,695.05,701.45,11498
2011-12-12,718.9,718.9,698.05,703.9,36702
2011-12-13,695.1,704.0,681.15,690.0,45049
2011-12-14,703.7,703.7,681.1,684.8,25058
2011-12-15,685.9,705.4,675.1,699.9,28449
2011-12-16,692.0,712.0,692.0,706.9,47284
2011-12-19,704.0,713.0,698.45,700.8,63437
2011-12-20,702.55,706.9,695.0,699.0,36845
2011-12-21,698.0,707.0,692.1,699.0,32186
2011-12-22,699.0,699.0,685.2,692.8,11325
2011-12-23,704.0,704.8,682.15,689.5,18269
2011-12-26,686.5,710.05,686.0,701.9,17998
2011-12-27,705.0,705.0,679.95,681.9,15938
2011-12-28,680.0,686.8,655.0,660.6,28214
2011-12-29,670.0,684.95,651.0,675.25,34740
2011-12-30,677.5,690.0,675.05,681.65,28504
2012-01-02,681.1,691.0,655.0,669.45,19619
2012-01-03,670.1,693.95,666.25,689.2,20734
2012-01-04,676.2,689.0,642.65,649.1,68970
2012-01-05,648.25,656.65,633.75,652.85,52112
2012-01-06,654.0,654.0,641.0,644.15,19404
2012-01-07,648.0,651.75,645.0,648.8,1917
2012-01-09,640.55,649.0,636.1,645.0,30550
2012-01-10,652.0,659.5,646.0,656.75,32066
2012-01-11,660.0,660.0,651.0,654.1,31188
2012-01-12,654.0,659.0,642.5,652.8,37932
2012-01-13,652.0,659.0,648.2,651.2,71815
2012-01-16,652.0,653.0,637.6,640.4,82852
2012-01-17,642.1,672.0,642.1,668.1,64030
2012-01-18,671.0,672.0,646.1,654.0,61553
2012-01-19,666.0,666.0,650.25,655.55,37304
2012-01-20,650.0,669.0,628.05,649.75,246440
2012-01-23,650.0,662.85,645.0,655.05,173691
2012-01-24,666.85,669.5,655.05,668.95,212605
2012-01-25,669.0,672.0,663.0,668.2,76698
2012-01-27,665.0,684.0,641.0,670.4,155880
2012-01-30,675.2,675.2,641.2,649.0,34918
2012-01-31,647.1,675.0,645.0,670.7,157834
2012-02-01,673.0,673.0,662.0,665.55,46895
2012-02-02,670.0,676.0,666.25,674.95,169471
2012-02-03,674.0,703.0,673.0,685.55,164063
2012-02-06,686.8,704.6,665.25,690.2,187885
2012-02-07,700.0,718.0,691.0,699.2,196839
2012-02-08,705.0,746.9,705.0,738.65,111847
2012-02-09,738.0,761.0,735.0,753.0,85873
2012-02-10,748.0,754.5,739.0,746.6,66520
2012-02-13,742.5,819.7,742.5,784.35,144095
2012-02-14,790.0,800.0,766.3,769.45,41255
2012-02-15,782.65,787.0,769.75,779.4,47944
2012-02-16,770.0,815.0,770.0,807.55,129094
2012-02-17,817.0,817.0,791.1,801.65,75992
2012-02-21,795.0,816.0,795.0,813.15,75559
2012-02-22,807.55,818.95,795.7,802.7,60214
2012-02-23,798.0,813.4,783.0,801.1,103582
2012-02-24,809.85,815.0,798.1,803.15,37112
2012-02-27,800.3,807.6,784.05,792.55,98342
2012-02-28,792.5,803.95,792.5,799.0,67542
2012-02-29,801.0,829.7,799.0,807.5,89035
2012-03-01,669.0,833.9,669.0,806.2,62009
2012-03-02,808.0,809.85,803.05,804.55,29446
2012-03-03,805.0,808.9,799.0,800.8,1978
2012-03-05,780.05,809.0,780.05,804.65,43132
2012-03-06,800.0,815.85,800.0,804.95,147540
2012-03-07,806.0,821.0,804.05,812.95,120917
2012-03-09,822.0,845.0,804.45,805.25,113143
2012-03-12,810.0,816.7,805.0,805.35,17751
2012-03-13,809.8,818.5,803.05,807.55,43597
2012-03-14,814.75,814.75,804.95,806.55,35448
2012-03-15,807.0,815.0,803.5,811.7,125954
2012-03-16,805.0,810.0,803.0,805.65,35062
2012-03-19,805.0,805.1,795.0,802.9,14150
2012-03-20,800.0,815.0,799.6,810.55,93063
2012-03-21,810.0,810.0,802.0,805.35,37030
2012-03-22,805.05,809.95,804.0,805.1,20899
2012-03-23,805.0,816.95,805.0,814.4,15711
2012-03-26,814.5,814.5,805.0,805.3,15097
2012-03-27,806.0,815.0,805.05,813.65,28108
2012-03-28,807.05,821.0,807.05,814.95,26285
2012-03-29,814.75,814.75,804.5,805.05,106238
2012-03-30,809.7,817.0,805.05,815.15,43333
2012-04-02,806.3,845.0,806.25,829.2,69040
2012-04-03,845.0,845.0,806.0,810.7,39854
2012-04-04,811.0,825.05,807.0,815.4,442093
2012-04-09,815.1,823.0,810.0,815.7,25118
2012-04-10,820.0,824.0,811.0,812.55,10496
2012-04-11,813.0,814.95,810.0,811.05,6915
2012-04-12,803.0,814.75,803.0,811.1,19368
2012-04-13,818.85,818.85,810.05,812.65,8652
2012-04-16,810.05,818.0,810.0,814.65,4432
2012-04-17,812.25,822.8,812.25,818.2,13766
2012-04-18,827.9,831.2,815.0,826.5,26382
2012-04-19,820.0,842.0,818.0,838.15,25243
2012-04-20,842.9,854.85,830.35,847.4,30489
2012-04-23,838.0,863.0,836.05,840.6,15236
2012-04-24,842.0,849.5,834.0,838.7,10160
2012-04-25,832.0,843.8,825.05,834.4,13049
2012-04-26,847.9,863.0,815.0,849.95,134166
2012-04-27,857.1,857.1,835.5,842.7,17445
2012-04-28,835.1,840.0,835.05,837.55,192
2012-04-30,835.0,850.0,825.0,843.25,13593
2012-05-02,848.0,850.0,827.95,832.7,47554
2012-05-03,833.0,834.6,808.05,814.2,34810
2012-05-04,812.0,812.0,798.0,803.15,76749
2012-05-07,800.0,809.0,791.95,803.95,7534
2012-05-08,807.25,815.8,801.0,801.8,5688
2012-05-09,809.9,814.4,798.0,800.8,17290
2012-05-10,809.8,816.0,795.0,805.1,27036
2012-05-11,802.2,814.85,802.2,804.8,23046
2012-05-14,812.8,816.05,797.0,812.9,16250
2012-05-15,808.85,818.0,805.2,815.65,11903
2012-05-16,812.0,815.0,802.0,807.85,8222
2012-05-17,814.95,847.9,800.0,805.35,59177
2012-05-18,785.0,808.15,760.2,776.2,84176
2012-05-21,775.5,780.0,765.0,768.4,81413
2012-05-22,771.0,778.0,769.0,770.85,19309
2012-05-23,752.0,765.95,736.35,755.8,15805
2012-05-24,755.0,769.8,755.0,764.45,19539
2012-05-25,772.0,772.3,758.1,760.7,17696
2012-05-28,760.05,794.0,760.05,788.2,32942
2012-05-29,784.0,788.8,768.05,771.55,7770
2012-05-30,770.0,780.0,765.1,774.7,6973
2012-05-31,770.0,794.4,770.0,787.45,25685
2012-06-01,797.85,797.85,762.0,764.15,73100
2012-06-04,768.9,769.0,757.0,764.9,8173
2012-06-05,761.1,775.0,760.0,765.7,4912
2012-06-06,765.0,774.0,765.0,770.35,4473
2012-06-07,769.0,783.05,769.0,774.9,26333
2012-06-08,770.05,773.7,762.0,765.15,39391
2012-06-11,768.0,776.0,766.05,773.65,33133
2012-06-12,770.0,771.9,765.05,765.8,16617
2012-06-13,761.3,773.3,761.3,768.25,21054
2012-06-14,772.0,773.8,766.0,767.9,4656
2012-06-15,775.95,775.95,766.8,771.9,16709
2012-06-18,774.0,777.6,769.0,772.2,35105
2012-06-19,773.0,773.05,759.0,767.7,5981
2012-06-20,771.0,771.8,763.05,767.0,7796
2012-06-21,766.05,772.8,765.45,768.6,3312
2012-06-22,765.0,768.45,750.1,765.2,4248
2012-06-25,768.0,775.0,766.05,768.45,3540
2012-06-26,769.0,772.6,766.5,769.8,10366
2012-06-27,768.05,773.8,768.05,772.85,8307
2012-06-28,772.85,782.8,766.0,775.6,35830
2012-06-29,784.1,784.2,775.0,780.85,5804
2012-07-02,776.05,790.0,776.05,786.95,9234
2012-07-03,786.0,814.5,782.15,808.1,20844
2012-07-04,815.0,829.5,810.0,825.75,25490
2012-07-05,800.95,809.9,792.25,795.0,25985
2012-07-06,800.0,805.7,793.0,797.2,12707
2012-07-09,783.0,795.0,774.75,778.8,20591
2012-07-10,765.25,781.7,765.25,779.9,16197
2012-07-11,779.95,781.5,770.15,779.75,23773
2012-07-12,770.05,783.0,763.0,779.65,25039
2012-07-13,779.95,785.0,775.0,779.9,6983
2012-07-16,785.0,787.0,771.05,774.0,7511
2012-07-17,788.5,788.5,759.5,764.2,17851
2012-07-18,770.0,774.35,764.0,770.1,28570
2012-07-19,785.0,785.0,761.05,766.85,66151
2012-07-20,765.15,769.7,758.45,766.65,18439
2012-07-23,757.25,775.0,748.95,769.3,66121
2012-07-24,769.0,776.8,748.05,750.4,573409
2012-07-25,760.0,760.0,749.0,755.85,15070
2012-07-26,755.0,759.0,738.0,743.8,38074
2012-07-27,746.1,759.9,731.05,736.95,12932
2012-07-30,738.0,746.4,733.2,743.05,8831
2012-07-31,748.0,778.9,735.0,766.1,18573
2012-08-01,761.0,785.7,761.0,778.05,20633
2012-08-02,775.0,780.0,770.2,775.65,9174
2012-08-03,770.0,774.95,756.05,761.5,7578
2012-08-06,779.0,779.0,745.5,750.35,12119
2012-08-07,749.0,768.4,749.0,760.35,17238
2012-08-08,761.0,771.45,759.0,760.3,18310
2012-08-09,764.5,808.7,760.15,786.2,77113
2012-08-10,792.0,792.0,767.5,787.45,12146
2012-08-13,787.0,803.0,787.0,798.45,41248
2012-08-14,797.0,800.0,781.0,795.65,16802
2012-08-16,797.0,797.0,775.25,779.8,6774
2012-08-17,782.05,792.95,773.55,786.65,7170
2012-08-21,781.25,800.0,781.25,799.1,25431
2012-08-22,804.95,810.0,789.0,804.15,32983
2012-08-23,812.0,815.0,801.25,808.6,42067
2012-08-24,801.2,807.0,789.0,800.9,10371
2012-08-27,794.2,803.8,785.95,796.55,9304
2012-08-28,800.05,800.05,781.1,786.3,8226
2012-08-29,782.5,787.9,768.25,772.45,5894
2012-08-30,765.0,777.0,742.0,768.9,24226
2012-08-31,770.0,779.9,752.65,765.75,17999
2012-09-03,761.2,788.9,761.2,772.1,6554
2012-09-04,770.0,774.95,748.55,752.8,21484
2012-09-05,754.0,764.9,744.5,748.9,18689
2012-09-06,735.05,761.9,735.05,750.7,3571
2012-09-07,764.0,764.0,751.0,762.9,7802
2012-09-08,764.9,764.9,753.1,758.25,495
2012-09-10,758.0,761.75,745.0,750.1,48242
2012-09-11,750.3,766.0,750.3,764.7,18146
2012-09-12,766.55,770.0,760.0,764.35,15451
2012-09-13,768.0,768.0,752.0,755.2,101510
2012-09-14,763.7,765.0,760.0,763.5,10337
2012-09-17,766.0,769.95,757.3,760.05,45192
2012-09-18,760.05,765.0,757.95,760.65,33307
2012-09-20,760.1,762.0,756.0,758.25,58715
2012-09-21,758.0,809.95,757.0,787.5,140985
2012-09-24,787.5,807.15,776.0,779.75,37856
2012-09-25,788.7,789.65,763.45,770.0,81175
2012-09-26,773.75,784.8,767.0,773.4,16922
2012-09-27,777.9,800.0,770.0,795.85,76519
2012-09-28,800.0,811.0,786.7,794.55,35893
2012-10-01,809.8,873.05,796.0,802.9,52521
2012-10-03,803.0,824.0,803.0,819.5,268105
2012-10-04,821.0,845.5,821.0,838.6,36487
2012-10-05,845.0,847.6,817.6,832.95,30240
2012-10-08,831.95,848.9,830.1,837.5,10507
2012-10-09,839.55,858.4,825.35,856.4,22911
2012-10-10,850.0,856.0,842.35,850.9,73842
2012-10-11,850.25,853.05,836.0,848.2,124417
2012-10-12,850.95,875.0,842.0,869.95,170957
2012-10-15,869.9,880.0,845.5,849.6,22233
2012-10-16,850.0,850.0,840.0,844.3,36977
2012-10-17,845.05,850.0,843.0,846.35,29202
2012-10-18,850.0,852.0,840.05,849.7,74062
2012-10-19,852.0,863.95,846.65,856.4,64985
2012-10-22,850.0,870.0,836.85,843.95,26679
2012-10-23,843.55,857.1,834.1,843.8,124128
2012-10-25,843.45,863.9,835.25,861.2,172469
2012-10-26,860.0,883.0,851.0,855.4,38044
2012-10-29,857.05,868.75,845.0,847.25,30759
2012-10-30,847.45,856.0,840.0,841.1,10568
2012-10-31,840.0,874.8,839.05,868.85,51977
2012-11-01,861.05,879.0,859.3,860.3,20168
2012-11-02,869.4,869.4,858.0,861.2,29447
2012-11-05,851.0,876.7,850.25,869.3,87785
2012-11-06,871.0,881.85,866.0,878.1,39872
2012-11-07,880.0,888.0,870.1,872.7,14159
2012-11-08,869.95,880.0,860.05,875.5,26698
2012-11-09,881.85,881.85,862.35,868.05,6852
2012-11-12,868.2,877.95,867.05,870.0,55219
2012-11-13,858.6,871.0,858.6,866.95,2525
2012-11-15,865.0,868.95,850.35,859.15,55169
2012-11-16,846.35,868.0,846.35,851.05,63725
2012-11-19,841.0,865.0,841.0,854.65,52080
2012-11-20,844.0,857.9,839.0,849.95,115076
2012-11-21,845.0,846.0,838.05,840.0,256472
2012-11-22,840.5,852.8,835.0,837.4,240595
2012-11-23,849.5,852.0,828.0,833.4,15941
2012-11-26,828.3,860.0,818.1,829.3,50704
2012-11-27,826.05,858.75,826.05,833.9,40611
2012-11-29,842.55,864.0,835.0,856.2,14090
2012-11-30,844.05,865.0,844.0,859.3,28077
2012-12-03,873.2,878.6,860.0,861.85,37507
2012-12-04,847.05,878.45,847.05,867.75,76287
2012-12-05,867.7,929.0,860.0,893.45,100331
2012-12-06,902.35,912.5,882.25,908.05,32609
2012-12-07,917.4,917.4,900.2,906.75,31421
2012-12-10,903.5,921.0,903.5,913.0,76537
2012-12-11,909.95,926.0,908.0,911.35,180415
2012-12-12,902.25,921.95,902.25,910.75,29616
2012-12-13,910.55,934.0,910.55,926.8,110113
2012-12-14,927.0,945.0,910.05,930.65,158455
2012-12-17,932.0,953.0,930.0,949.25,53928
2012-12-18,949.25,984.0,949.25,976.15,87451
2012-12-19,988.95,1024.65,984.0,1008.1,112925
2012-12-20,1008.05,1008.05,974.45,984.1,31733
2012-12-21,985.0,1018.0,973.4,994.7,84030
2012-12-24,994.65,994.7,964.0,971.55,11095
2012-12-26,972.0,994.0,967.0,971.05,45502
2012-12-27,975.35,983.65,957.1,962.4,28667
2012-12-28,984.9,1008.9,956.0,1000.55,106946
2013-01-01,984.1,1002.0,983.95,989.45,26989
2013-01-02,993.3,1009.0,993.3,1001.5,65550
2013-01-03,1004.0,1047.25,998.95,1036.35,105626
2013-01-04,1047.35,1058.3,1016.4,1032.8,47845
2013-01-07,1034.6,1040.0,1020.0,1025.4,18880
2013-01-08,1034.3,1035.0,1000.05,1015.6,28069
2013-01-09,1022.95,1032.95,1008.15,1015.45,11776
2013-01-10,1018.3,1020.3,975.3,982.5,50933
2013-01-11,983.05,1002.0,980.5,997.25,27622
2013-01-14,995.0,1016.0,982.05,1010.85,32149
2013-01-15,1009.55,1009.55,986.1,991.35,230294
2013-01-16,998.45,1015.95,995.05,1002.1,99988
2013-01-17,1008.15,1028.0,990.0,998.6,20192
2013-01-18,1004.0,1008.3,982.0,984.6,17398
2013-01-21,978.25,1005.0,975.1,979.05,27263
2013-01-22,980.0,989.05,974.05,979.05,214827
2013-01-23,979.15,985.95,963.0,968.1,34020
2013-01-24,972.05,975.0,954.05,966.75,18799
2013-01-25,963.95,990.0,963.95,988.55,16753
2013-01-28,979.0,999.95,962.6,970.9,11836
2013-01-29,974.0,978.5,955.0,966.75,18488
2013-01-30,967.35,974.0,965.2,968.25,19837
2013-01-31,964.9,979.95,956.8,969.35,32442
2013-02-01,976.05,976.05,970.0,972.15,17286
2013-02-04,967.85,985.95,967.85,979.9,19052
2013-02-05,969.0,977.45,964.95,969.85,15728
2013-02-06,964.4,988.0,964.35,970.45,13447
2013-02-07,961.9,984.9,961.0,976.5,6385
2013-02-08,974.95,979.9,966.5,973.1,26543
2013-02-11,976.9,990.0,971.0,976.5,12166
2013-02-12,975.05,984.95,972.4,979.1,11358
2013-02-13,987.85,988.9,974.35,982.9,164863
2013-02-14,983.0,983.9,958.3,969.65,91576
2013-02-15,965.8,974.95,952.35,958.85,150311
2013-02-18,975.0,975.0,948.2,955.5,6518
2013-02-19,950.0,972.4,950.0,961.0,3115
2013-02-20,965.6,983.25,961.0,979.85,213647
2013-02-21,977.9,985.0,962.95,966.6,57063
2013-02-22,978.6,982.0,962.25,970.6,137816
2013-02-25,975.0,998.8,955.0,965.45,6798
2013-02-26,959.65,970.0,950.1,962.4,63543
2013-02-27,962.0,969.7,940.9,949.8,110093
2013-02-28,954.15,960.0,949.9,955.0,16631
2013-03-01,952.2,957.95,952.2,955.4,10610
2013-03-04,955.05,961.25,948.7,949.55,14736
2013-03-05,954.45,957.2,935.1,941.4,22685
2013-03-06,920.5,945.0,920.5,941.95,364032
2013-03-07,936.0,953.95,936.0,945.35,266908
2013-03-08,937.15,949.9,925.1,937.7,7568
2013-03-11,937.0,943.95,932.5,937.3,66578
2013-03-12,920.0,949.9,902.0,915.15,21404
2013-03-13,915.05,920.0,904.05,914.75,8929
2013-03-14,915.0,922.65,891.05,899.95,37037
2013-03-15,891.8,948.0,886.1,907.95,188959
2013-03-18,908.0,917.9,855.55,913.1,6046
2013-03-19,913.05,920.0,889.95,900.2,28938
2013-03-20,882.15,912.15,882.15,899.35,34187
2013-03-21,903.4,906.85,895.3,899.9,7072
2013-03-22,897.95,906.0,892.05,900.2,244871
2013-03-25,900.15,907.95,895.25,901.4,33803
2013-03-26,902.05,905.0,893.0,899.85,9631
2013-03-28,907.95,924.95,898.05,912.2,54242
2013-04-01,911.95,927.0,896.6,914.15,9348
2013-04-02,927.9,927.9,901.2,910.55,15316
2013-04-03,901.0,924.95,901.0,909.6,66208
2013-04-04,910.0,917.95,904.3,909.2,15171
2013-04-05,923.95,923.95,901.45,911.9,8201
2013-04-08,919.95,920.0,911.35,918.6,6690
2013-04-09,919.9,922.0,905.3,911.55,8549
2013-04-10,905.3,915.0,905.0,911.85,92684
2013-04-11,885.5,926.45,885.5,911.85,6327
2013-04-12,924.95,924.95,896.15,911.55,22346
2013-04-15,893.35,912.0,865.0,878.55,12501
2013-04-16,865.0,902.0,865.0,886.0,12370
2013-04-17,890.0,900.75,884.05,889.3,31477
2013-04-18,898.95,914.0,890.0,903.05,9673
2013-04-22,900.0,905.05,885.0,887.15,16349
2013-04-23,894.55,894.55,881.2,888.95,6705
2013-04-25,881.0,910.0,881.0,901.05,20952
2013-04-26,915.0,915.0,890.0,900.05,7661
2013-04-29,891.25,914.6,887.4,891.5,2711
2013-04-30,895.0,904.7,886.05,889.5,87019
2013-05-02,894.95,931.6,894.95,910.55,12803
2013-05-03,909.5,918.95,883.2,903.65,30758
2013-05-06,892.75,902.05,892.75,899.05,13163
2013-05-07,885.15,912.85,885.15,895.0,2800
2013-05-08,901.0,906.0,885.0,893.25,7448
2013-05-09,909.8,910.0,893.5,899.55,8730
2013-05-10,895.0,908.6,890.1,902.85,8279
2013-05-11,886.5,905.0,886.5,892.65,618
2013-05-13,895.0,927.95,894.9,920.4,11997
2013-05-14,920.0,929.0,913.0,920.8,10881
2013-05-15,912.0,926.95,912.0,920.3,7028
2013-05-16,920.0,929.95,910.95,915.4,85637
2013-05-17,903.05,928.0,903.05,913.65,174769
2013-05-20,908.0,919.95,895.4,909.5,103514
2013-05-21,910.1,919.65,885.0,892.1,504799
2013-05-22,894.85,894.85,880.85,884.5,5781
2013-05-23,885.2,907.0,883.15,891.95,15572
2013-05-24,886.65,905.2,886.65,903.9,4826
2013-05-27,890.75,924.0,890.75,918.75,25481
2013-05-28,921.0,932.0,905.2,928.55,7518
2013-05-29,924.25,938.45,923.05,927.5,9909
2013-05-30,911.5,932.95,911.5,925.6,6589
2013-05-31,925.0,935.0,925.0,925.6,17358
2013-06-03,916.0,929.55,916.0,925.3,12785
2013-06-04,916.0,934.85,916.0,925.3,10342
2013-06-05,924.35,933.9,924.35,926.55,17860
2013-06-06,927.35,935.95,920.25,925.55,75863
2013-06-07,930.15,936.5,907.0,913.85,102087
2013-06-10,914.45,920.0,885.0,887.75,14261
2013-06-11,880.0,899.65,875.0,894.3,9994
2013-06-12,872.0,895.95,812.0,828.0,18674
2013-06-13,827.95,832.0,800.0,809.45,16936
2013-06-14,805.0,818.0,779.0,797.45,52967
2013-06-17,788.1,796.95,783.05,789.95,20190
2013-06-18,789.95,809.9,789.05,800.1,16159
2013-06-19,796.2,807.05,785.55,790.35,31200
2013-06-20,780.0,808.6,780.0,804.8,21132
2013-06-21,790.0,798.05,748.0,749.55,73093
2013-06-24,752.0,763.85,750.0,760.05,47620
2013-06-25,760.0,783.9,760.0,778.75,7864
2013-06-26,783.0,788.0,774.0,785.65,4059
2013-06-27,785.5,801.55,768.0,776.65,21072
2013-06-28,779.05,808.0,765.15,804.45,239846
2013-07-01,820.0,820.0,803.0,805.45,14280
2013-07-02,800.05,812.0,792.15,795.05,22001
2013-07-03,791.75,823.0,772.55,781.25,34248
2013-07-04,768.0,774.0,755.0,770.45,11345
2013-07-05,770.0,781.9,770.0,775.85,7662
2013-07-08,779.95,781.0,748.0,778.25,30679
2013-07-09,780.0,780.05,763.0,775.7,14180
2013-07-10,777.05,796.0,769.9,771.35,23521
2013-07-11,776.0,779.95,772.0,775.0,13656
2013-07-12,777.5,778.45,774.9,775.2,16928
2013-07-15,775.0,787.0,773.5,780.3,13014
2013-07-16,762.15,786.0,761.25,779.85,7701
2013-07-17,784.75,795.0,772.0,775.4,30311
2013-07-18,773.5,787.0,772.2,780.8,27519
2013-07-19,780.1,798.95,775.0,778.95,7046
2013-07-22,800.0,805.0,787.95,800.15,19156
2013-07-23,800.0,804.95,796.0,800.65,7208
2013-07-24,801.0,808.0,790.4,793.8,5569
2013-07-25,800.05,800.1,792.0,797.15,3075
2013-07-26,808.95,824.9,795.3,818.5,15293
2013-07-29,818.0,839.95,800.3,826.55,13372
2013-07-30,827.0,844.0,825.95,835.7,14579
2013-07-31,836.65,837.0,810.0,818.1,11368
2013-08-01,834.0,834.0,787.0,801.9,8929
2013-08-02,781.4,879.0,781.4,853.5,24227
2013-08-05,833.0,898.8,822.25,881.1,26940
2013-08-06,853.0,880.0,832.5,843.3,9178
2013-08-07,835.3,855.25,815.85,833.5,12958
2013-08-08,821.15,828.0,815.0,818.6,7886
2013-08-12,829.85,855.0,798.7,812.05,17834
2013-08-13,808.95,819.95,791.5,816.9,11764
2013-08-14,818.0,867.45,803.2,853.35,147564
2013-08-16,854.0,862.0,829.0,837.35,27000
2013-08-19,837.0,849.95,823.45,829.95,33234
2013-08-20,830.85,839.0,815.15,828.15,20856
2013-08-21,830.05,833.4,820.1,828.9,6406
2013-08-22,825.0,839.9,820.1,826.55,11732
2013-08-23,825.05,830.6,813.0,822.8,4714
2013-08-26,827.0,833.0,815.0,818.6,9232
2013-08-27,814.1,820.25,793.0,799.7,24106
2013-08-28,800.0,800.0,783.5,787.1,23368
2013-08-29,788.0,819.0,781.0,810.25,25887
2013-08-30,790.0,825.0,782.0,804.8,23800
2013-09-02,806.1,816.0,794.9,802.85,5707
2013-09-03,803.05,814.0,781.0,785.25,3390
2013-09-04,797.95,805.8,781.1,800.05,25401
2013-09-05,808.0,820.0,792.0,795.0,32067
2013-09-06,800.0,835.0,784.95,825.3,29714
2013-09-10,821.0,830.0,814.05,826.3,30871
2013-09-11,828.0,942.0,801.0,803.7,48255
2013-09-12,802.15,820.0,791.3,794.35,14980
2013-09-13,799.0,807.0,794.05,798.05,15143
2013-09-16,808.0,808.0,797.1,798.7,7142
2013-09-17,809.0,809.0,786.5,793.3,15216
2013-09-18,793.0,794.45,775.0,777.35,42209
2013-09-19,789.1,795.05,774.0,786.7,55550
2013-09-20,790.0,805.0,780.0,790.85,207436
2013-09-23,802.95,802.95,780.1,782.0,32831
2013-09-24,781.95,784.5,774.1,775.7,14135
2013-09-25,783.5,783.5,770.2,775.55,49930
2013-09-26,779.75,779.75,770.0,772.6,150285
2013-09-27,771.0,787.9,771.0,779.15,94047
2013-09-30,789.8,789.85,772.1,776.0,8288
2013-10-01,776.0,784.0,773.05,780.65,21843
2013-10-03,773.8,794.0,773.0,791.55,27754
2013-10-04,782.0,809.0,782.0,805.0,27293
2013-10-07,797.0,807.0,797.0,805.2,39089
2013-10-08,807.8,807.9,804.95,805.1,20924
2013-10-09,804.0,807.0,803.95,805.35,17354
2013-10-10,809.95,810.0,804.95,806.45,19531
2013-10-11,807.0,812.95,807.0,810.0,28840
2013-10-14,808.0,816.2,808.0,812.4,8746
2013-10-15,806.05,813.0,806.0,810.0,13702
2013-10-17,804.0,825.65,804.0,823.35,33062
2013-10-18,830.0,834.0,825.2,830.45,32418
2013-10-21,823.35,839.0,823.35,838.25,25066
2013-10-22,825.05,839.0,825.05,835.2,16422
2013-10-23,836.0,836.0,805.0,820.1,21098
2013-10-24,820.0,831.0,813.1,822.15,15269
2013-10-25,825.0,825.0,818.0,819.95,11956
2013-10-28,824.7,824.7,818.0,821.85,18828
2013-10-29,820.0,822.75,817.65,819.9,17381
2013-10-30,821.9,825.95,819.55,821.35,16099
2013-10-31,818.0,830.0,818.0,825.4,16051
2013-11-01,825.0,851.95,821.05,844.35,29360
2013-11-03,855.0,855.0,835.35,844.0,3521
2013-11-05,841.0,852.0,841.0,846.6,20477
2013-11-06,841.05,855.0,841.05,849.9,39148
2013-11-07,848.95,871.0,845.0,865.65,25872
2013-11-08,847.95,870.0,847.95,865.15,42425
2013-11-11,860.15,866.85,845.0,861.35,17165
2013-11-12,864.75,879.0,858.0,872.1,18754
2013-11-13,869.65,878.5,862.1,875.55,11993
2013-11-14,871.35,877.95,871.35,875.0,32500
2013-11-18,874.95,884.75,866.05,881.0,9704
2013-11-19,879.05,883.95,872.0,875.2,57087
2013-11-20,868.05,887.9,868.05,881.8,8626
2013-11-21,865.05,885.0,865.0,876.05,16595
2013-11-22,873.35,890.0,872.05,880.15,7542
2013-11-25,885.0,904.8,871.55,877.3,12492
2013-11-26,892.95,892.95,857.0,859.9,5068
2013-11-27,860.0,872.0,842.7,850.9,20981
2013-11-28,879.9,879.9,851.05,858.6,2864
2013-11-29,857.05,866.7,855.35,860.05,5507
2013-12-02,869.4,869.4,856.8,860.75,7932
2013-12-03,853.0,879.0,853.0,873.1,22178
2013-12-04,874.75,878.6,866.1,871.0,19960
2013-12-05,875.0,880.05,872.1,875.1,8956
2013-12-06,890.0,890.0,872.0,875.85,4265
2013-12-09,880.0,890.0,875.3,881.6,10125
2013-12-10,883.0,883.0,874.0,876.2,6168
2013-12-11,875.05,875.05,865.7,869.95,8165
2013-12-12,880.0,880.0,860.35,866.0,8408
2013-12-13,866.0,879.0,860.0,864.5,5187
2013-12-16,879.0,889.9,850.15,875.9,4992
2013-12-17,871.9,884.1,863.7,874.75,5996
2013-12-18,874.45,894.85,868.0,884.25,5019
2013-12-19,886.8,888.5,875.05,880.95,3142
2013-12-20,883.95,919.95,871.85,907.9,15926
2013-12-23,900.0,906.0,888.85,891.3,3675
2013-12-24,904.75,910.0,893.55,897.8,10462
2013-12-26,887.0,902.0,885.1,897.35,3064
2013-12-27,891.4,899.0,882.0,894.9,12607
2013-12-30,886.0,899.0,881.1,888.25,4847
2013-12-31,886.0,891.0,877.0,888.1,5520
2014-01-01,877.25,910.0,877.25,896.55,7778
2014-01-02,890.0,909.75,878.0,881.0,3880
2014-01-03,876.5,888.0,865.0,876.0,4948
2014-01-06,877.05,910.0,869.7,900.75,11914
2014-01-07,900.0,914.0,881.6,889.55,5773
2014-01-08,899.85,910.0,890.0,902.25,35218
2014-01-09,903.0,925.0,899.0,920.65,16939
2014-01-10,910.05,921.55,899.0,904.6,26136
2014-01-13,899.1,931.7,899.1,921.4,187133
2014-01-14,910.05,923.9,901.0,904.2,6770
2014-01-15,910.0,950.0,902.0,925.8,540317
2014-01-16,919.0,927.0,910.1,915.7,22770
2014-01-17,908.75,944.75,890.05,924.55,24895
2014-01-20,915.0,931.0,913.4,921.75,22917
2014-01-21,915.05,941.6,915.05,927.25,26693
2014-01-22,925.6,940.0,920.05,929.95,23412
2014-01-23,929.65,942.95,928.95,936.95,7245
2014-01-24,928.05,949.0,927.25,936.3,23157
2014-01-27,925.0,934.95,925.0,930.6,17211
2014-01-28,936.3,941.0,928.5,930.45,64068
2014-01-29,932.85,939.95,929.15,930.35,16330
2014-01-30,931.0,936.0,913.7,930.95,10064
2014-01-31,937.9,937.9,921.1,926.45,3637
2014-02-03,929.95,944.4,920.6,931.65,15940
2014-02-04,929.95,937.95,915.95,930.0,5624
2014-02-05,912.05,939.95,912.05,936.2,8622
2014-02-06,936.0,954.95,935.05,950.0,112988
2014-02-07,945.0,963.0,943.25,959.05,9808
2014-02-10,959.0,964.9,950.0,953.05,6477
2014-02-11,955.0,955.0,950.0,950.15,32891
2014-02-12,954.95,959.9,953.95,955.35,49184
2014-02-13,950.0,966.0,950.0,957.85,81387
2014-02-14,958.95,958.95,953.05,955.4,36354
2014-02-17,954.0,960.9,954.0,955.05,15780
2014-02-18,959.95,960.0,947.2,954.0,50415
2014-02-19,944.5,960.0,944.5,955.35,23796
2014-02-20,956.45,959.0,947.0,950.95,21714
2014-02-21,956.0,957.0,945.65,951.35,6016
2014-02-24,922.0,954.95,922.0,947.95,5382
2014-02-25,949.0,950.0,942.05,945.7,11462
2014-02-26,901.35,950.0,901.35,944.0,15032
2014-02-28,931.0,949.95,931.0,944.5,9334
2014-03-03,949.0,969.6,935.0,959.45,9312
2014-03-04,950.05,968.95,950.05,964.8,10055
2014-03-05,960.75,979.0,950.1,957.55,19315
2014-03-06,965.0,969.0,955.05,962.75,4381
2014-03-07,968.0,969.9,956.2,966.0,11104
2014-03-10,960.05,980.0,960.05,966.55,24809
2014-03-11,958.05,973.0,958.05,965.9,7228
2014-03-12,974.0,975.05,960.05,967.75,6049
2014-03-13,966.1,971.65,958.95,960.15,15215
2014-03-14,970.0,970.0,956.1,960.3,7859
2014-03-18,957.2,975.0,957.2,970.25,14532
2014-03-19,969.9,978.0,965.95,971.55,11082
2014-03-20,976.0,976.0,968.0,969.45,6699
2014-03-21,977.0,998.6,967.95,989.95,37558
2014-03-22,981.7,992.0,970.2,974.0,974
2014-03-24,966.0,980.15,966.0,974.25,33571
2014-03-25,970.1,979.85,968.0,970.85,15343
2014-03-26,979.8,988.95,970.0,982.7,16451
2014-03-27,989.95,999.95,980.0,996.95,16648
2014-03-28,999.95,1045.0,999.95,1031.7,24088
2014-03-31,1008.0,1035.0,1008.0,1024.8,6991
2014-04-01,1034.95,1034.95,999.8,1004.05,12482
2014-04-02,1009.0,1025.0,1003.5,1020.7,22280
2014-04-03,1014.25,1045.0,1004.1,1031.4,21489
2014-04-04,1031.4,1040.0,1024.2,1039.05,5187
2014-04-07,1039.0,1040.0,1011.35,1021.65,4401
2014-04-09,1021.05,1040.0,1020.35,1035.55,37151
2014-04-10,1034.95,1045.0,1025.05,1042.55,21362
2014-04-11,1040.95,1054.8,1029.95,1042.2,93291
2014-04-15,1021.0,1055.0,1016.2,1029.5,23588
2014-04-16,1022.05,1034.0,1020.15,1029.3,11185
2014-04-17,1010.0,1049.95,1010.0,1042.45,137503
2014-04-21,1042.45,1050.0,1023.0,1044.3,8331
2014-04-22,1049.9,1055.0,1045.5,1051.55,14381
2014-04-23,1051.0,1060.0,1036.3,1051.05,12356
2014-04-25,1051.3,1085.0,1050.2,1076.35,53714
2014-04-28,1075.0,1090.0,1075.0,1088.9,148954
2014-04-29,1071.0,1094.95,1071.0,1085.6,38535
2014-04-30,1086.7,1094.0,1010.0,1049.6,31978
2014-05-02,1092.0,1092.0,1061.0,1084.3,39644
2014-05-05,1069.05,1095.0,1069.05,1091.8,11398
2014-05-06,1091.8,1118.0,1091.8,1102.7,29867
2014-05-07,1091.05,1110.0,1091.05,1100.05,23780
2014-05-08,1103.95,1120.0,1043.8,1066.75,35129
2014-05-09,1052.0,1072.35,1045.0,1058.05,11400
2014-05-12,1010.0,1066.8,988.55,1030.75,57210
2014-05-13,1051.0,1066.0,1037.0,1040.8,27318
2014-05-14,1041.8,1050.05,1031.0,1035.0,18523
2014-05-15,1040.0,1054.65,1028.0,1034.3,23608
2014-05-16,1040.05,1080.0,1035.15,1062.85,101334
2014-05-19,1070.25,1120.0,1061.1,1105.7,17940
2014-05-20,1118.0,1147.1,1117.9,1124.0,15184
2014-05-21,1150.0,1180.0,1128.1,1173.95,63177
2014-05-22,1189.95,1194.95,1172.1,1180.4,11931
2014-05-23,1193.95,1239.9,1180.0,1218.1,45224
2014-05-26,1230.0,1270.0,1171.1,1226.95,29077
2014-05-27,1213.0,1215.05,1142.0,1168.6,16359
2014-05-28,1168.6,1175.0,1140.55,1147.95,6651
2014-05-29,1137.0,1230.0,1137.0,1204.75,6339
2014-05-30,1200.0,1211.0,1140.1,1154.0,14721
2014-06-02,1170.0,1191.0,1145.0,1151.15,16803
2014-06-03,1142.0,1198.0,1139.6,1161.3,13917
2014-06-04,1187.45,1188.0,1155.2,1166.9,14047
2014-06-05,1158.0,1197.85,1158.0,1179.8,7348
2014-06-06,1185.0,1219.0,1185.0,1214.35,7510
2014-06-09,1244.0,1244.0,1193.35,1202.35,13094
2014-06-10,1218.85,1223.95,1202.35,1214.55,12449
2014-06-11,1220.25,1249.0,1220.25,1241.1,10791
2014-06-12,1244.0,1244.0,1210.0,1223.35,6949
2014-06-13,1245.0,1245.0,1215.0,1217.75,13489
2014-06-16,1239.85,1239.85,1175.05,1195.6,5258
2014-06-17,1190.15,1217.65,1178.5,1206.05,3895
2014-06-18,1194.05,1225.05,1194.05,1221.05,4519
2014-06-19,1224.35,1235.0,1215.0,1221.0,8376
2014-06-20,1228.65,1229.0,1190.0,1213.7,28705
2014-06-23,1196.0,1225.0,1196.0,1219.8,10143
2014-06-24,1207.6,1227.95,1193.0,1214.05,8196
2014-06-25,1210.05,1233.0,1210.05,1231.65,7898
2014-06-26,1232.95,1249.7,1225.95,1240.4,8804
2014-06-27,1228.0,1270.0,1228.0,1255.3,6193
2014-06-30,1262.0,1283.4,1246.05,1271.25,8321
2014-07-01,1283.0,1390.0,1275.0,1382.75,49585
2014-07-02,1383.0,1396.0,1345.0,1384.75,24251
2014-07-03,1389.0,1389.0,1325.0,1328.5,14703
2014-07-04,1330.25,1354.7,1292.3,1304.25,14047
2014-07-07,1295.0,1324.5,1295.0,1315.85,30311
2014-07-08,1303.0,1343.8,1303.0,1321.55,10872
2014-07-09,1315.05,1332.0,1310.0,1323.15,13765
2014-07-10,1328.95,1330.0,1283.0,1301.15,31130
2014-07-11,1288.1,1300.0,1260.3,1261.8,2658
2014-07-14,1202.5,1282.0,1202.5,1237.45,4520
2014-07-15,1220.0,1260.0,1220.0,1251.8,2218
2014-07-16,1250.0,1267.0,1241.1,1249.0,4476
2014-07-17,1237.45,1270.5,1237.45,1250.5,35203
2014-07-18,1252.0,1294.9,1245.0,1279.45,30042
2014-07-21,1282.0,1330.0,1282.0,1306.2,23544
2014-07-22,1311.0,1324.45,1298.0,1310.6,48853
2014-07-23,1316.0,1325.0,1310.0,1314.95,21482
2014-07-24,1329.5,1340.0,1302.05,1318.6,12324
2014-07-25,1324.45,1329.95,1304.0,1309.65,3741
2014-07-28,1311.1,1330.0,1309.0,1322.7,7049
2014-07-30,1324.95,1338.85,1307.0,1327.9,45189
2014-07-31,1330.0,1330.0,1295.0,1295.3,3780
2014-08-01,1286.0,1331.0,1286.0,1319.25,9593
2014-08-04,1305.0,1334.0,1296.0,1318.75,5988
2014-08-05,1305.6,1328.0,1300.1,1314.45,4698
2014-08-06,1301.5,1324.0,1301.5,1313.6,2632
2014-08-07,1303.0,1313.95,1295.0,1298.7,6207
2014-08-08,1287.0,1295.0,1261.05,1274.8,3134
2014-08-11,1315.0,1315.0,1272.6,1288.95,2653
2014-08-12,1297.65,1322.5,1290.05,1316.5,5709
2014-08-13,1320.0,1320.0,1299.75,1311.05,4419
2014-08-14,1302.65,1308.9,1297.5,1300.05,3313
2014-08-18,1301.0,1358.5,1300.15,1346.45,11356
2014-08-19,1360.0,1380.0,1329.0,1372.65,41907
2014-08-20,1350.05,1384.7,1350.05,1381.65,140764
2014-08-21,1381.65,1394.7,1346.5,1359.8,27455
2014-08-22,1360.0,1374.9,1350.0,1366.9,11067
2014-08-25,1379.0,1389.7,1374.0,1384.85,25795
2014-08-26,1380.0,1407.35,1351.3,1381.1,50123
2014-08-27,1360.0,1378.0,1350.0,1352.65,7802
2014-08-28,1354.0,1360.95,1330.0,1335.2,3561
2014-09-01,1335.2,1349.9,1325.0,1335.1,5658
2014-09-02,1337.0,1380.0,1329.0,1346.9,11544
2014-09-03,1351.1,1360.0,1339.0,1345.95,24345
2014-09-04,1340.0,1354.0,1336.0,1340.45,20691
2014-09-05,1364.95,1369.0,1342.05,1350.05,19318
2014-09-08,1360.0,1392.0,1348.0,1386.55,34150
2014-09-09,1360.05,1381.05,1360.05,1370.8,38244
2014-09-10,1367.1,1370.15,1353.0,1359.3,60302
2014-09-11,1364.7,1364.7,1344.15,1349.3,52682
2014-09-12,1344.0,1364.95,1342.0,1350.45,10905
2014-09-15,1351.0,1368.0,1351.0,1354.3,4488
2014-09-16,1351.05,1374.0,1303.7,1317.45,18699
2014-09-17,1330.0,1361.0,1320.0,1346.1,9626
2014-09-18,1340.0,1369.7,1329.95,1350.05,9045
2014-09-19,1373.95,1410.45,1357.3,1380.9,21202
2014-09-22,1370.0,1389.65,1355.0,1372.35,7272
2014-09-23,1375.05,1388.9,1370.0,1374.05,42458
2014-09-24,1378.0,1378.0,1360.05,1369.1,9283
2014-09-25,1373.8,1435.0,1373.8,1405.9,40856
2014-09-26,1407.0,1411.0,1379.95,1393.05,19988
2014-09-29,1380.1,1392.0,1375.1,1379.3,40857
2014-09-30,1375.05,1430.0,1375.05,1392.55,8731
2014-10-01,1388.0,1412.95,1377.0,1380.1,42427
2014-10-07,1380.0,1413.3,1353.05,1379.1,29750
2014-10-08,1374.1,1380.0,1368.0,1370.65,2804
2014-10-09,1366.0,1450.0,1366.0,1435.75,27186
2014-10-10,1441.0,1441.0,1385.0,1413.8,30721
2014-10-13,1409.05,1419.0,1380.0,1383.1,18827
2014-10-14,1388.0,1425.0,1380.5,1384.95,5260
2014-10-16,1401.0,1437.35,1322.0,1356.85,24959
2014-10-17,1359.0,1376.95,1340.25,1365.45,4896
2014-10-20,1370.0,1404.75,1370.0,1384.7,20534
2014-10-21,1381.1,1419.0,1370.05,1404.5,16433
2014-10-22,1408.95,1435.5,1406.35,1409.85,11963
2014-10-23,1424.95,1432.0,1402.0,1415.3,1182
2014-10-27,1415.0,1428.95,1390.0,1399.6,4110
2014-10-28,1395.0,1403.9,1376.1,1380.0,20758
2014-10-29,1377.0,1405.0,1377.0,1387.8,28187
2014-10-30,1383.0,1391.65,1375.0,1380.0,27820
2014-10-31,1375.0,1414.5,1375.0,1386.55,9099
2014-11-03,1382.5,1409.3,1380.1,1383.9,15626
2014-11-05,1381.35,1399.8,1380.9,1390.3,58670
2014-11-07,1395.0,1410.2,1390.0,1396.0,57124
2014-11-10,1402.0,1402.0,1371.3,1380.85,13360
2014-11-11,1385.0,1391.95,1377.1,1381.95,5948
2014-11-12,1386.95,1408.0,1379.5,1402.35,230574
2014-11-13,1401.0,1403.0,1390.0,1400.0,19815
2014-11-14,1400.0,1407.0,1397.15,1404.45,61228
2014-11-17,1398.05,1439.7,1398.05,1422.85,92136
2014-11-18,1428.0,1432.0,1412.1,1413.4,12221
2014-11-19,1401.45,1447.8,1401.45,1429.15,31385
2014-11-20,1438.0,1638.0,1418.0,1539.45,144203
2014-11-21,1530.0,1540.0,1441.2,1460.95,37816
2014-11-24,1470.0,1494.95,1445.0,1463.9,17242
2014-11-25,1464.85,1470.0,1422.05,1431.45,7255
2014-11-26,1441.0,1470.0,1401.05,1406.2,13520
2014-11-27,1415.0,1420.0,1391.3,1409.45,67397
2014-11-28,1415.0,1440.0,1411.1,1429.8,12460
2014-12-01,1420.0,1449.0,1415.35,1423.35,12121
2014-12-02,1419.0,1444.3,1419.0,1422.25,18788
2014-12-03,1426.95,1459.9,1420.0,1424.05,16544
2014-12-04,1429.0,1457.95,1420.0,1437.95,28545
2014-12-05,1430.35,1460.0,1420.25,1429.85,36827
2014-12-08,1432.0,1432.0,1411.1,1424.75,96085
2014-12-09,1424.8,1437.0,1418.1,1420.1,17823
2014-12-10,1428.1,1443.0,1409.8,1413.3,10684
2014-12-11,1422.0,1438.2,1410.0,1434.05,466376
2014-12-12,1436.0,1465.0,1423.0,1440.95,26886
2014-12-15,1441.0,1441.0,1395.55,1406.65,7149
2014-12-16,1414.3,1430.0,1361.05,1399.4,15142
2014-12-17,1394.9,1399.95,1206.5,1349.8,13524
2014-12-18,1350.0,1379.85,1342.3,1360.25,6144
2014-12-19,1384.0,1391.6,1303.3,1320.8,21681
2014-12-22,1325.0,1415.0,1325.0,1401.15,15839
2014-12-23,1395.0,1424.75,1351.2,1373.35,83766
2014-12-24,1379.9,1399.9,1367.05,1384.6,6874
2014-12-26,1390.0,1414.0,1373.0,1384.7,7803
2014-12-29,1384.0,1414.0,1384.0,1398.9,3449
2014-12-30,1397.95,1414.0,1392.0,1400.25,8880
2015-01-01,1400.05,1422.0,1400.0,1407.1,4619
2015-01-02,1407.0,1450.0,1407.0,1436.35,16347
2015-01-05,1435.0,1471.0,1427.05,1457.35,10385
2015-01-06,1448.0,1450.0,1425.0,1430.9,10257
2015-01-07,1431.05,1450.0,1416.0,1428.65,15356
2015-01-08,1438.0,1519.85,1437.95,1466.45,21704
2015-01-09,1462.0,1479.55,1420.5,1428.75,10465
2015-01-12,1420.05,1468.0,1420.05,1452.5,14398
2015-01-13,1457.0,1476.75,1448.05,1463.95,7864
2015-01-14,1459.0,1535.0,1453.05,1496.1,42562
2015-01-15,1501.0,1528.0,1454.0,1468.45,27882
2015-01-16,1464.0,1465.0,1391.3,1434.9,23795
2015-01-19,1435.0,1458.0,1410.95,1420.6,64199
2015-01-20,1425.0,1439.95,1405.1,1413.8,14297
2015-01-21,1419.0,1436.95,1400.0,1404.5,12918
2015-01-22,1392.0,1434.9,1371.2,1407.55,37696
2015-01-23,1412.0,1433.6,1396.1,1402.85,11183
2015-01-27,1407.95,1412.0,1382.0,1396.75,74299
2015-01-28,1392.0,1427.0,1392.0,1424.1,103355
2015-01-29,1426.1,1426.2,1410.0,1421.75,99786
2015-01-30,1423.25,1429.0,1402.0,1405.55,56627
2015-02-02,1404.5,1435.7,1401.15,1409.6,25241
2015-02-03,1413.95,1420.0,1406.15,1414.1,42407
2015-02-04,1410.3,1421.0,1405.0,1411.9,9885
2015-02-05,1416.65,1442.0,1410.15,1420.8,72363
2015-02-06,1419.95,1425.0,1403.25,1414.95,24298
2015-02-09,1420.0,1420.0,1386.05,1387.4,36714
2015-02-10,1394.15,1412.0,1390.0,1400.0,15486
2015-02-11,1401.05,1408.95,1395.0,1400.9,8683
2015-02-12,1406.0,1414.85,1385.0,1399.85,27395
2015-02-13,1397.75,1405.0,1380.0,1389.7,17161
2015-02-16,1385.25,1396.05,1368.15,1376.8,69371
2015-02-18,1375.0,1424.0,1308.05,1379.7,102065
2015-02-19,1379.05,1396.3,1377.3,1380.4,33605
2015-02-20,1380.45,1405.0,1370.0,1395.3,15320
2015-02-23,1455.0,1468.0,1370.0,1410.8,73397
2015-02-24,1406.0,1416.0,1379.0,1390.05,14868
2015-02-25,1394.65,1400.9,1365.0,1371.35,28035
2015-02-26,1367.5,1378.0,1360.0,1363.5,5780
2015-02-27,1368.0,1404.95,1368.0,1390.7,152314
2015-02-28,1395.0,1420.0,1390.0,1399.6,9155
2015-03-02,1399.0,1410.0,1390.05,1395.15,58036
2015-03-03,1390.0,1415.0,1390.0,1406.5,15529
2015-03-04,1402.05,1410.9,1392.45,1397.1,10883
2015-03-05,1395.5,1399.0,1390.05,1395.5,6322
2015-03-09,1391.0,1396.95,1326.0,1328.8,79417
2015-03-10,1335.0,1376.0,1335.0,1373.3,12288
2015-03-11,1374.6,1390.0,1374.6,1377.65,9889
2015-03-12,1382.0,1395.0,1358.05,1377.95,16247
2015-03-13,1373.05,1388.0,1355.0,1363.7,6684
2015-03-16,1365.05,1367.9,1330.0,1334.7,28183
2015-03-17,1339.0,1374.65,1339.0,1358.8,14349
2015-03-18,1348.0,1358.3,1342.0,1353.95,130173
2015-03-19,1359.95,1378.0,1352.45,1366.7,18984
2015-03-20,1355.4,1362.65,1260.0,1298.95,69591
2015-03-23,1321.1,1321.1,1286.0,1303.7,21093
2015-03-24,1302.05,1309.0,1268.3,1301.9,4769
2015-03-25,1296.15,1304.75,1285.0,1298.65,100963
2015-03-26,1298.65,1310.0,1296.0,1300.6,9936
2015-03-27,1306.15,1315.0,1295.65,1300.05,25403
2015-03-30,1300.0,1310.2,1285.0,1291.0,13368
2015-03-31,1302.05,1303.85,1290.0,1296.25,21577
2015-04-01,1302.3,1329.85,1285.05,1299.9,24626
2015-04-06,1299.9,1303.35,1287.65,1290.55,8751
2015-04-07,1304.95,1326.0,1281.0,1316.05,15434
2015-04-08,1316.05,1326.0,1299.95,1314.35,9934
2015-04-09,1310.8,1320.0,1295.9,1300.4,8992
2015-04-10,1304.65,1315.0,1297.8,1299.75,9240
2015-04-13,1324.85,1348.0,1285.0,1288.6,8867
2015-04-15,1290.05,1305.0,1272.0,1294.7,13236
2015-04-16,1292.05,1299.0,1290.0,1293.6,3400
2015-04-17,1293.15,1298.45,1280.0,1287.55,9479
2015-04-20,1287.05,1294.0,1281.05,1292.9,35437
2015-04-21,1287.0,1298.0,1267.05,1270.0,12521
2015-04-22,1271.15,1273.8,1263.05,1267.2,21414
2015-04-23,1265.15,1274.95,1265.15,1270.25,9079
2015-04-24,1265.5,1274.85,1251.25,1267.0,16555
2015-04-27,1261.05,1266.1,1244.2,1256.7,10924
2015-04-28,1253.4,1310.0,1253.0,1303.3,14070
2015-04-29,1297.0,1298.6,1263.75,1283.55,22320
2015-04-30,1277.0,1298.0,1271.05,1293.1,3581
2015-05-04,1290.0,1306.15,1290.0,1299.7,11319
2015-05-05,1296.0,1305.95,1278.3,1290.05,23719
2015-05-06,1296.0,1296.0,1259.05,1278.1,6258
2015-05-07,1272.75,1289.9,1272.0,1281.7,15845
2015-05-08,1287.9,1300.05,1277.9,1295.95,39487
2015-05-11,1296.1,1303.35,1278.45,1294.85,58450
2015-05-12,1272.0,1315.3,1272.0,1296.05,21418
2015-05-13,1303.15,1305.0,1290.0,1298.75,134719
2015-05-14,1299.05,1305.0,1295.6,1299.0,50945
2015-05-15,1300.65,1306.0,1297.0,1301.2,72933
2015-05-18,1305.4,1311.2,1297.05,1304.95,41722
2015-05-19,1309.15,1311.0,1295.0,1301.65,37807
2015-05-20,1299.0,1308.0,1296.0,1302.6,47121
2015-05-21,1286.0,1319.75,1286.0,1303.65,21935
2015-05-22,1286.1,1338.0,1286.1,1325.5,14696
2015-05-25,1301.1,1329.0,1301.1,1314.6,3496
2015-05-26,1300.05,1326.35,1300.05,1307.35,3571
2015-05-27,1290.0,1344.0,1290.0,1331.95,6637
2015-05-28,1337.6,1339.75,1313.0,1324.05,2540
2015-05-29,1325.75,1346.0,1320.3,1331.55,4717
2015-06-01,1305.0,1330.0,1296.3,1322.6,4642
2015-06-02,1322.5,1335.0,1318.95,1327.25,5407
2015-06-03,1311.25,1330.0,1304.05,1320.55,9297
2015-06-04,1320.15,1360.0,1312.0,1335.05,16377
2015-06-05,1317.1,1349.95,1305.0,1309.1,32066
2015-06-08,1320.15,1338.6,1320.15,1326.8,5309
2015-06-09,1326.75,1349.0,1310.0,1337.0,5421
2015-06-10,1321.65,1371.85,1321.0,1347.3,4350
2015-06-11,1349.1,1354.05,1306.0,1327.8,3721
2015-06-12,1320.05,1345.0,1315.95,1338.15,3103
2015-06-15,1349.95,1349.95,1323.0,1327.95,2306
2015-06-16,1334.55,1337.85,1311.6,1320.15,2188
2015-06-17,1313.0,1340.8,1313.0,1332.4,3405
2015-06-18,1337.0,1344.0,1331.05,1334.85,2447
2015-06-19,1331.1,1339.95,1316.15,1323.95,39982
2015-06-22,1330.15,1365.0,1325.0,1354.1,8438
2015-06-23,1351.5,1407.2,1351.05,1401.35,118942
2015-06-24,1410.0,1494.1,1404.2,1448.8,49240
2015-06-25,1443.65,1469.7,1425.0,1459.45,20779
2015-06-26,1428.0,1449.95,1413.0,1434.2,8368
2015-06-29,1430.0,1450.0,1387.0,1423.05,211165
2015-06-30,1438.0,1474.0,1417.4,1459.55,15348
2015-07-01,1450.0,1466.0,1439.85,1455.25,20881
2015-07-02,1450.0,1485.0,1450.0,1478.35,9193
2015-07-03,1475.0,1510.0,1455.65,1473.25,13611
2015-07-06,1475.0,1523.1,1475.0,1508.3,10730
2015-07-07,1500.0,1537.9,1498.0,1504.9,10874
2015-07-08,1506.0,1525.0,1476.85,1504.1,28302
2015-07-09,1486.0,1490.0,1462.4,1469.5,5260
2015-07-10,1469.5,1495.3,1444.05,1451.1,11641
2015-07-13,1456.15,1456.2,1424.1,1428.35,15578
2015-07-14,1437.0,1439.95,1416.55,1420.75,15102
2015-07-15,1412.0,1414.0,1390.0,1399.8,44219
2015-07-16,1399.95,1428.0,1398.75,1406.65,12594
2015-07-17,1415.25,1419.65,1400.1,1410.2,3685
2015-07-20,1410.0,1413.3,1390.0,1395.5,7540
2015-07-21,1398.0,1422.0,1386.25,1392.8,12950
2015-07-22,1398.75,1410.55,1372.25,1379.45,14287
2015-07-23,1394.75,1432.0,1394.75,1424.6,25405
2015-07-24,1431.95,1431.95,1399.95,1404.35,35938
2015-07-27,1405.0,1439.0,1402.35,1433.45,15424
2015-07-28,1438.0,1446.55,1415.9,1420.7,26788
2015-07-29,1440.0,1455.0,1428.45,1444.75,11811
2015-07-30,1449.0,1499.15,1449.0,1483.0,30456
2015-07-31,1483.0,1500.0,1461.0,1475.45,11820
2015-08-03,1462.0,1499.3,1462.0,1477.55,7250
2015-08-04,1480.0,1521.0,1479.1,1503.15,63611
2015-08-05,1512.05,1529.3,1507.3,1523.45,33178
2015-08-06,1529.95,1565.0,1526.4,1558.2,45274
2015-08-07,1558.2,1630.0,1558.0,1581.9,34924
2015-08-10,1593.0,1609.3,1566.5,1599.6,35416
2015-08-11,1606.95,1606.95,1551.1,1581.7,17147
2015-08-12,1584.05,1584.05,1565.05,1575.5,4442
2015-08-13,1580.0,1613.0,1580.0,1600.25,41043
2015-08-14,1610.05,1665.0,1610.0,1645.35,149984
2015-08-17,1645.0,1667.0,1638.0,1645.95,49609
2015-08-18,1645.05,1665.0,1645.05,1657.1,3234
2015-08-19,1661.0,1672.0,1654.1,1664.65,6277
2015-08-20,1668.0,1694.05,1651.3,1660.25,18736
2015-08-21,1640.0,1674.9,1640.0,1656.1,26556
2015-08-24,1669.0,1669.0,1615.0,1618.3,70387
2015-08-25,1580.0,1630.0,1580.0,1611.85,61012
2015-08-26,1605.05,1621.25,1531.05,1575.1,98682
2015-08-27,1545.0,1604.0,1545.0,1585.15,25066
2015-08-28,1582.5,1639.9,1582.5,1626.4,107108
2015-08-31,1626.4,1626.4,1551.25,1584.45,22609
2015-09-01,1616.05,1618.25,1561.25,1613.65,149195
2015-09-02,1635.0,1635.0,1542.25,1556.9,17657
2015-09-03,1584.0,1616.0,1569.0,1611.7,65942
2015-09-04,1610.0,1610.0,1576.7,1588.75,11233
2015-09-07,1588.0,1590.35,1545.0,1553.5,2860
2015-09-08,1588.9,1588.9,1489.0,1497.55,6800
2015-09-09,1490.1,1514.95,1490.1,1500.7,11851
2015-09-10,1480.05,1606.0,1480.05,1600.5,40594
2015-09-11,1575.0,1660.35,1567.4,1639.6,21785
2015-09-14,1649.0,1649.0,1609.0,1616.6,12425
2015-09-15,1596.0,1616.25,1580.0,1596.1,10031
2015-09-16,1592.95,1615.0,1580.0,1601.1,180500
2015-09-18,1582.0,1645.0,1575.1,1617.7,150725
2015-09-21,1622.0,1622.0,1536.0,1553.05,29872
2015-09-22,1560.0,1584.0,1560.0,1573.35,6887
2015-09-23,1551.0,1599.0,1551.0,1589.45,4847
2015-09-24,1587.8,1595.0,1565.1,1578.25,7564
2015-09-28,1590.0,1592.0,1561.05,1566.1,8896
2015-09-29,1560.0,1568.0,1545.0,1557.1,7922
2015-09-30,1566.25,1580.0,1558.1,1570.85,4155
2015-10-01,1572.8,1600.0,1569.6,1591.4,9916
2015-10-05,1619.0,1628.1,1580.0,1593.35,63929
2015-10-06,1572.0,1608.0,1572.0,1586.25,2061
2015-10-07,1592.95,1619.0,1580.0,1583.75,39542
2015-10-08,1583.0,1605.0,1572.0,1584.8,26204
2015-10-09,1585.0,1599.0,1579.2,1591.05,35257
2015-10-12,1584.0,1608.0,1571.0,1572.3,2722
2015-10-13,1575.1,1597.4,1570.5,1581.5,45430
2015-10-14,1587.2,1587.2,1570.1,1578.3,184377
2015-10-15,1579.1,1580.5,1560.2,1574.75,29439
2015-10-16,1579.55,1580.0,1562.8,1568.35,5040
2015-10-19,1559.1,1595.0,1559.1,1590.2,34320
2015-10-20,1599.55,1617.0,1580.05,1597.4,37302
2015-10-21,1600.0,1639.0,1598.0,1629.05,55170
2015-10-23,1630.95,1630.95,1590.1,1621.65,31263
2015-10-26,1624.85,1639.0,1610.05,1625.2,120000
2015-10-27,1630.0,1680.0,1630.0,1667.8,17084
2015-10-28,1679.0,1718.95,1650.0,1651.3,14207
2015-10-29,1657.55,1665.0,1649.0,1650.25,3614
2015-10-30,1650.25,1665.0,1650.0,1658.85,15131
2015-11-02,1662.6,1725.0,1650.0,1677.85,11437
2015-11-03,1677.0,1709.0,1653.0,1661.95,10955
2015-11-04,1661.0,1682.0,1653.25,1670.1,9079
2015-11-05,1680.8,1695.0,1653.0,1680.45,55747
2015-11-06,1680.0,1687.9,1650.05,1665.3,19519
2015-11-09,1664.95,1670.25,1649.95,1653.9,3994
2015-11-10,1661.0,1662.1,1650.25,1651.35,4158
2015-11-11,1687.95,1687.95,1651.0,1655.15,1304
2015-11-13,1655.15,1659.95,1650.15,1653.95,5042
2015-11-16,1667.5,1667.5,1650.85,1657.15,2377
2015-11-17,1670.0,1683.95,1652.6,1669.45,2423
2015-11-18,1660.1,1685.0,1654.55,1667.5,10611
2015-11-19,1652.05,1676.0,1652.05,1661.8,14562
2015-11-20,1665.6,1671.5,1659.1,1664.7,9235
2015-11-23,1665.0,1680.0,1656.0,1670.8,15991
2015-11-24,1670.0,1694.0,1670.0,1684.7,75360
2015-11-26,1685.0,1709.0,1685.0,1693.8,10829
2015-11-27,1690.0,1740.0,1689.95,1709.6,12202
2015-11-30,1724.0,1724.0,1681.25,1707.25,14948
2015-12-01,1713.2,1725.0,1700.0,1718.85,158612
2015-12-02,1704.25,1740.0,1704.25,1733.65,94319
2015-12-03,1747.8,1747.8,1725.0,1725.2,3324
2015-12-04,1720.0,1738.0,1720.0,1729.1,2902
2015-12-07,1722.0,1735.5,1720.0,1720.1,69545
2015-12-08,1699.0,1737.95,1693.2,1718.5,19808
2015-12-09,1718.2,1730.05,1711.1,1729.8,24185
2015-12-10,1730.0,1735.05,1680.1,1693.6,15932
2015-12-11,1693.6,1716.0,1662.25,1675.15,6135
2015-12-14,1675.0,1680.0,1602.0,1610.4,9630
2015-12-15,1601.0,1659.0,1601.0,1648.05,3282
2015-12-16,1621.2,1668.0,1621.2,1652.7,3669
2015-12-17,1641.0,1697.95,1620.0,1669.8,4010
2015-12-18,1693.1,1747.0,1644.0,1720.8,17247
2015-12-21,1690.05,1730.0,1690.0,1718.45,17177
2015-12-22,1691.05,1732.0,1661.9,1679.45,44874
2015-12-23,1675.1,1695.0,1631.1,1638.55,14643
2015-12-24,1674.8,1674.85,1606.1,1617.85,19646
2015-12-28,1619.0,1679.0,1619.0,1662.75,4359
2015-12-29,1641.0,1670.25,1641.0,1651.5,4733
2015-12-30,1655.05,1666.85,1648.1,1650.1,9322
2015-12-31,1660.0,1670.25,1651.0,1659.2,2360
2016-01-01,1632.05,1695.0,1632.05,1677.1,15983
2016-01-04,1677.1,1684.95,1651.0,1660.15,6517
2016-01-05,1665.0,1670.0,1650.0,1652.6,11430
2016-01-06,1650.05,1663.45,1650.0,1655.0,19496
2016-01-07,1695.0,1695.0,1645.0,1657.95,18527
2016-01-08,1635.1,1675.0,1632.0,1668.7,20242
2016-01-11,1650.0,1657.5,1620.1,1644.4,29844
2016-01-12,1656.0,1664.95,1615.0,1620.9,8885
2016-01-13,1639.95,1651.0,1610.0,1625.35,21639
2016-01-14,1616.0,1661.65,1614.0,1630.95,7600
2016-01-15,1653.0,1653.0,1601.1,1617.3,4550
2016-01-18,1598.05,1600.0,1529.15,1552.4,15677
2016-01-19,1546.2,1547.6,1502.05,1505.25,7075
2016-01-20,1506.0,1513.5,1470.0,1478.05,3438
2016-01-21,1486.5,1496.0,1406.65,1414.8,4767
2016-01-22,1445.0,1480.0,1430.0,1474.9,12027
2016-01-25,1478.9,1520.6,1452.1,1469.3,8298
2016-01-27,1467.0,1477.0,1445.5,1456.4,3904
2016-01-28,1469.85,1487.8,1458.05,1470.65,10604
2016-01-29,1441.2,1498.0,1425.0,1480.45,3591
2016-02-01,1495.3,1526.0,1466.0,1473.3,4129
2016-02-02,1473.3,1494.0,1412.35,1426.1,21453
2016-02-03,1447.9,1499.0,1382.0,1435.85,18158
2016-02-04,1443.1,1479.9,1421.15,1459.7,75835
2016-02-05,1479.0,1498.0,1435.0,1471.05,7067
2016-02-08,1471.0,1484.9,1425.0,1432.4,38207
2016-02-09,1432.0,1432.0,1401.05,1421.4,2359
2016-02-10,1420.0,1428.75,1375.0,1380.45,6729
2016-02-11,1380.45,1404.0,1341.0,1349.9,6036
2016-02-12,1386.0,1386.0,1310.0,1359.35,4931
2016-02-15,1361.05,1419.0,1361.05,1404.2,9488
2016-02-16,1363.1,1401.0,1363.1,1380.55,7539
2016-02-17,1380.0,1416.3,1375.05,1383.35,15554
2016-02-18,1383.0,1423.0,1380.0,1404.0,4014
2016-02-19,1399.45,1410.0,1380.0,1383.7,3119
2016-02-22,1396.0,1405.05,1386.65,1394.75,1051
2016-02-23,1390.0,1393.5,1380.0,1387.9,17735
2016-02-24,1388.0,1400.0,1380.0,1392.95,54419
2016-02-25,1392.0,1424.0,1383.35,1412.4,4783
2016-02-26,1412.0,1429.5,1412.0,1419.8,3272
2016-02-29,1420.0,1420.0,1331.0,1349.15,12735
2016-03-01,1379.95,1411.45,1350.55,1406.55,7782
2016-03-02,1410.6,1436.25,1406.05,1416.75,2334
2016-03-03,1430.0,1430.0,1390.0,1412.7,33923
2016-03-04,1415.0,1444.0,1397.85,1431.4,117757
2016-03-08,1458.0,1458.0,1416.0,1423.3,13605
2016-03-09,1400.35,1439.95,1397.95,1429.9,147616
2016-03-10,1445.0,1449.65,1425.75,1439.4,4711
2016-03-11,1449.0,1473.4,1410.0,1454.5,3997
2016-03-14,1436.85,1455.0,1420.0,1443.6,7802
2016-03-15,1430.0,1454.0,1417.0,1420.25,27094
2016-03-16,1408.75,1409.2,1395.0,1401.15,2994
2016-03-17,1421.0,1470.0,1401.1,1459.9,9705
2016-03-18,1458.9,1458.9,1417.0,1427.0,12900
2016-03-21,1437.0,1454.9,1427.0,1439.25,3453
2016-03-22,1434.95,1435.0,1425.0,1426.15,3492
2016-03-23,1431.75,1449.9,1425.0,1434.2,5645
2016-03-28,1449.95,1449.95,1420.0,1425.0,10484
2016-03-29,1438.7,1441.6,1420.1,1430.0,166081
2016-03-30,1433.0,1465.9,1425.0,1437.3,7350
2016-03-31,1456.0,1533.3,1430.35,1468.5,38416
2016-04-01,1468.55,1538.7,1420.0,1482.35,20909
2016-04-04,1482.0,1493.7,1450.0,1474.65,5136
2016-04-05,1454.0,1479.0,1429.5,1435.5,4383
2016-04-06,1432.1,1461.0,1432.1,1441.9,1633
2016-04-07,1464.95,1464.95,1426.0,1429.95,20889
2016-04-08,1440.05,1454.0,1432.0,1451.8,1935
2016-04-11,1451.25,1472.7,1440.3,1450.45,4247
2016-04-12,1450.0,1469.0,1448.0,1464.05,1405
2016-04-13,1464.0,1510.0,1462.0,1504.55,8635
2016-04-18,1473.1,1510.0,1473.1,1509.3,9141
2016-04-20,1508.95,1522.9,1500.0,1507.4,15022
2016-04-21,1509.0,1510.0,1478.7,1499.45,4943
2016-04-22,1519.95,1519.95,1476.0,1482.65,4850
2016-04-25,1476.0,1494.85,1475.1,1477.45,1301
2016-04-26,1477.0,1491.0,1461.0,1467.35,105366
2016-04-27,1467.0,1484.75,1451.0,1455.8,9016
2016-04-28,1455.0,1469.0,1423.0,1434.1,5909
2016-04-29,1464.0,1464.0,1430.0,1438.95,3236
2016-05-02,1438.0,1459.9,1395.05,1442.1,20298
2016-05-03,1442.0,1452.95,1425.0,1435.0,5398
2016-05-04,1435.05,1435.05,1415.0,1419.35,18817
2016-05-05,1420.0,1429.9,1406.0,1409.65,41892
2016-05-06,1424.65,1443.0,1409.0,1434.6,4085
2016-05-09,1453.05,1453.05,1425.5,1430.3,199989
2016-05-10,1435.0,1530.95,1435.0,1488.1,47877
2016-05-11,1468.0,1488.95,1465.0,1478.6,2845
2016-05-12,1490.0,1515.0,1467.0,1511.4,10722
2016-05-13,1509.9,1535.0,1491.05,1520.2,310988
2016-05-16,1512.0,1574.9,1501.0,1538.25,26468
2016-05-17,1540.0,1540.0,1494.05,1515.0,16252
2016-05-18,1515.0,1539.9,1501.0,1534.05,5378
2016-05-19,1524.05,1527.95,1499.1,1509.95,23769
2016-05-20,1520.0,1520.0,1481.0,1481.8,4794
2016-05-23,1494.0,1502.85,1480.0,1493.7,4778
2016-05-24,1504.95,1518.4,1468.5,1507.65,3520
2016-05-25,1499.95,1548.0,1472.0,1501.75,13519
2016-05-26,1578.0,1595.6,1520.0,1530.6,28012
2016-05-27,1540.5,1543.45,1515.0,1532.95,6475
2016-05-30,1539.65,1548.0,1507.1,1517.3,16602
2016-05-31,1518.55,1538.95,1512.8,1527.7,2734
2016-06-01,1538.65,1541.6,1515.05,1518.05,2511
2016-06-02,1520.0,1538.8,1505.7,1522.0,98480
2016-06-03,1528.0,1532.5,1493.0,1507.05,14985
2016-06-06,1507.15,1554.95,1500.0,1545.0,6173
2016-06-07,1545.0,1545.0,1522.0,1540.45,55392
2016-06-08,1539.0,1550.0,1525.1,1541.35,3564
2016-06-09,1547.7,1555.0,1542.0,1548.3,2576
2016-06-10,1548.0,1559.85,1540.05,1550.25,16981
2016-06-13,1520.05,1546.0,1500.0,1542.35,2037
2016-06-14,1542.5,1548.0,1519.95,1529.8,3276
2016-06-15,1533.05,1556.5,1527.0,1534.45,18171
2016-06-16,1555.0,1555.0,1517.35,1534.65,20338
2016-06-17,1544.95,1566.95,1530.0,1554.7,14681
2016-06-20,1548.0,1584.0,1531.1,1578.4,487646
2016-06-21,1577.95,1599.9,1560.1,1590.95,8260
2016-06-22,1575.0,1600.0,1570.15,1596.15,6083
2016-06-23,1596.0,1629.0,1550.45,1565.15,5395
2016-06-24,1549.7,1554.95,1517.0,1542.85,12814
2016-06-27,1542.05,1580.75,1542.0,1564.5,5994
2016-06-28,1574.95,1616.0,1574.95,1585.35,15459
2016-06-29,1586.05,1650.0,1586.0,1637.6,27196
2016-06-30,1661.0,1695.25,1650.0,1665.15,30849
2016-07-01,1673.95,1720.0,1673.95,1681.05,20327
2016-07-04,1683.2,1715.95,1665.0,1673.55,7374
2016-07-05,1675.15,1688.45,1610.35,1620.4,12124
2016-07-07,1620.05,1635.0,1601.25,1607.35,6145
2016-07-08,1623.0,1623.0,1576.6,1600.95,34063
2016-07-11,1603.0,1699.9,1603.0,1659.1,39429
2016-07-12,1689.95,1689.95,1625.0,1631.05,18119
2016-07-13,1642.0,1655.05,1612.25,1625.0,8120
2016-07-14,1625.0,1632.0,1611.25,1618.95,26880
2016-07-15,1618.55,1622.0,1601.1,1613.25,22229
2016-07-18,1613.5,1674.0,1613.5,1631.25,42919
2016-07-19,1641.0,1650.0,1622.25,1626.1,11363
2016-07-20,1627.1,1669.9,1623.5,1661.7,24415
2016-07-21,1662.05,1714.5,1662.05,1705.55,79708
2016-07-22,1707.1,1798.0,1707.1,1788.85,71595
2016-07-25,1818.9,1830.0,1747.0,1808.6,34729
2016-07-26,1808.0,1855.0,1777.0,1829.75,129115
2016-07-27,1840.0,1897.1,1814.4,1844.55,68759
2016-07-28,1821.7,1821.7,1742.5,1799.95,73740
2016-07-29,1819.0,1833.0,1796.8,1807.7,43843
2016-08-01,1811.25,1855.0,1811.25,1838.7,28650
2016-08-02,1849.8,1865.1,1770.75,1788.2,64464
2016-08-03,1790.1,1809.9,1773.95,1781.6,16869
2016-08-04,1808.7,1815.0,1782.0,1801.4,16566
2016-08-05,1805.1,1817.75,1798.0,1800.8,31359
2016-08-08,1810.05,1825.0,1799.0,1818.3,22205
2016-08-09,1806.65,1824.0,1778.3,1808.25,11301
2016-08-10,1797.15,1820.0,1776.35,1798.2,9609
2016-08-11,1800.05,1824.9,1800.0,1814.6,46244
2016-08-12,1814.0,1827.95,1800.0,1816.45,20033
2016-08-16,1816.0,1816.0,1800.0,1808.9,30209
2016-08-17,1809.9,1818.0,1785.0,1797.4,46212
2016-08-18,1804.15,1833.85,1787.0,1791.75,32983
2016-08-19,1800.9,1824.75,1790.35,1810.2,13936
2016-08-22,1809.9,1816.0,1782.1,1790.6,10867
2016-08-23,1792.15,1802.95,1770.1,1785.45,9658
2016-08-24,1790.95,1795.0,1766.15,1780.85,7416
2016-08-25,1840.0,1894.85,1795.0,1798.25,56126
2016-08-26,1812.25,1824.05,1796.0,1806.9,14116
2016-08-29,1810.0,1810.0,1782.05,1791.25,12475
2016-08-30,1790.0,1806.35,1789.05,1799.85,48347
2016-08-31,1808.75,1822.5,1799.1,1808.25,18335
2016-09-01,1806.7,1839.9,1797.0,1820.95,53091
2016-09-02,1829.0,1925.0,1821.0,1869.75,73929
2016-09-06,1894.7,1924.0,1851.0,1868.6,27099
2016-09-07,1869.9,1875.0,1840.2,1866.8,9576
2016-09-08,1867.0,1908.0,1845.5,1895.55,37323
2016-09-09,1894.95,1911.0,1863.15,1868.1,19105
2016-09-12,1828.0,1864.3,1805.0,1831.8,17907
2016-09-14,1832.3,1849.0,1830.0,1843.05,17847
2016-09-15,1843.05,1896.0,1833.05,1864.0,10604
2016-09-16,1863.95,1880.0,1760.35,1796.65,125326
2016-09-19,1836.0,1852.95,1803.25,1843.6,23067
2016-09-20,1830.05,1850.35,1830.05,1839.95,19886
2016-09-21,1840.0,1893.0,1840.0,1849.95,35042
2016-09-22,1870.0,1870.05,1820.05,1840.1,29137
2016-09-23,1868.9,1897.05,1843.4,1872.0,67676
2016-09-26,1898.95,1898.95,1861.6,1880.25,22521
2016-09-27,1882.05,1953.5,1882.05,1905.05,85088
2016-09-28,1908.0,1964.0,1908.0,1950.0,78702
2016-09-29,1955.0,1965.0,1836.6,1905.0,47696
2016-09-30,1905.0,1925.0,1865.0,1909.6,11327
2016-10-03,1871.0,1952.0,1871.0,1938.2,43295
2016-10-04,1956.0,2000.0,1935.0,1991.7,30128
2016-10-05,2009.0,2241.95,1999.0,2130.4,134855
2016-10-06,2147.0,2197.0,2070.2,2094.75,43960
2016-10-07,2118.0,2120.0,2048.0,2053.8,41627
2016-10-10,2074.9,2074.9,1990.0,2005.8,144268
2016-10-13,2018.0,2023.0,1980.0,2018.45,27137
2016-10-14,2021.6,2109.0,2005.1,2086.85,68810
2016-10-17,2087.05,2169.85,2085.1,2100.0,63972
2016-10-18,2124.0,2187.0,2082.6,2106.6,37941
2016-10-19,2120.0,2138.7,2095.0,2106.6,18786
2016-10-20,2119.9,2143.0,2104.3,2131.7,51248
2016-10-21,2131.0,2199.0,2115.05,2172.6,44807
2016-10-24,2156.15,2189.95,2126.0,2155.0,27046
2016-10-25,2145.0,2197.95,2139.95,2169.15,68630
2016-10-26,2184.65,2238.95,2143.05,2159.15,63416
2016-10-27,2160.0,2175.0,2118.9,2140.0,30422
2016-10-28,2151.2,2188.0,2151.2,2177.4,29644
2016-10-30,2200.0,2225.0,2183.75,2211.65,11612
2016-11-01,2245.0,2245.0,2173.6,2190.7,33513
2016-11-02,2170.0,2225.0,2145.0,2202.4,18051
2016-11-03,2204.9,2210.0,2180.0,2195.0,32120
2016-11-04,2195.0,2205.0,2173.0,2190.1,31242
2016-11-07,2194.0,2208.0,2110.0,2122.4,467309
2016-11-08,2132.65,2225.0,2105.1,2187.05,547941
2016-11-09,1980.0,2155.4,1902.55,2067.45,38176
2016-11-10,2141.9,2163.95,2080.2,2149.75,20339
2016-11-11,2180.0,2180.0,2105.1,2119.9,14106
2016-11-15,2119.9,2119.9,1961.6,2011.55,17258
2016-11-16,2011.0,2048.0,1965.05,1975.6,10618
2016-11-17,1968.0,1975.0,1912.0,1919.4,13718
2016-11-18,1936.0,1951.05,1898.9,1902.2,9344
2016-11-21,1916.75,1918.95,1841.6,1852.4,7805
2016-11-22,1859.05,1950.0,1840.1,1924.15,12901
2016-11-23,1954.0,2045.0,1905.5,1999.8,12905
2016-11-24,2001.0,2140.0,1992.0,2122.15,333797
2016-11-25,2115.0,2115.0,2033.0,2041.1,17667
2016-11-28,2055.0,2088.0,2050.25,2073.35,6252
2016-11-29,2079.95,2132.0,2079.0,2103.3,8641
2016-11-30,2112.2,2159.7,2101.1,2135.45,7811
2016-12-01,2154.85,2155.05,2034.55,2053.35,279483
2016-12-02,2049.9,2053.8,1975.05,2018.75,5926
2016-12-05,2025.0,2025.05,1970.0,1976.4,16388
2016-12-06,1998.95,2043.0,1980.0,2027.1,10466
2016-12-07,2017.95,2058.95,2001.25,2009.7,12043
2016-12-08,2044.85,2050.0,1999.05,2039.55,8064
2016-12-09,2064.95,2064.95,2006.05,2014.25,15080
2016-12-12,2034.4,2054.9,2020.05,2037.4,6788
2016-12-13,2021.05,2040.05,1992.15,1996.85,9216
2016-12-14,2007.95,2015.0,1988.0,1994.2,3518
2016-12-15,1999.85,2005.8,1940.55,1946.9,12106
2016-12-16,1969.0,1969.0,1925.0,1931.2,14047
2016-12-19,1935.05,1942.95,1884.55,1898.35,8290
2016-12-20,1900.05,1902.95,1840.0,1843.4,8911
2016-12-21,1851.05,1859.7,1829.0,1840.35,4627
2016-12-22,1850.0,1850.0,1792.0,1796.8,47935
2016-12-23,1805.0,1839.85,1780.85,1806.85,11357
2016-12-26,1801.55,1815.15,1756.0,1767.2,12418
2016-12-27,1775.65,1817.1,1742.65,1757.85,20737
2016-12-28,1762.15,1790.0,1748.0,1767.85,144618
2016-12-29,1785.0,1819.9,1770.0,1810.7,14301
2016-12-30,1810.7,1879.3,1806.35,1819.35,16198
2017-01-02,1870.0,1870.0,1801.25,1825.65,10818
2017-01-03,1825.0,1887.5,1819.8,1840.75,12224
2017-01-04,1859.0,1887.0,1821.0,1838.45,14011
2017-01-05,1853.6,1870.0,1840.85,1862.5,9508
2017-01-06,1855.2,1899.0,1855.2,1891.8,40899
2017-01-09,1900.35,1924.85,1896.0,1903.85,5968
2017-01-10,1909.0,1920.0,1892.0,1910.5,3101
2017-01-11,1938.95,1938.95,1906.0,1918.95,5494
2017-01-12,1924.95,1925.0,1870.4,1886.95,8619
2017-01-13,1896.1,1909.3,1887.0,1899.35,6733
2017-01-16,1907.95,1908.0,1878.05,1897.6,8138
2017-01-17,1894.05,1919.0,1888.0,1911.85,5457
2017-01-18,1916.05,1943.15,1886.05,1889.9,15302
2017-01-19,1889.95,1912.6,1864.0,1880.5,11210
2017-01-20,1886.0,1892.9,1870.0,1882.45,7807
2017-01-23,1871.15,1892.85,1870.45,1874.8,3710
2017-01-24,1877.15,1905.0,1874.8,1891.75,7503
2017-01-25,1891.75,1934.0,1891.0,1927.6,12422
2017-01-27,1934.7,1943.95,1914.6,1929.65,18937
2017-01-30,1947.0,1947.0,1911.05,1933.85,33808
2017-01-31,1940.0,2010.0,1938.6,1999.45,137779
2017-02-01,2022.05,2056.15,1990.0,2043.7,30858
2017-02-02,2075.95,2075.95,2008.7,2057.75,15007
2017-02-03,2060.0,2099.0,2012.15,2026.55,19796
2017-02-06,2010.45,2096.0,2010.45,2086.75,23762
2017-02-07,2099.7,2099.7,2023.05,2033.1,20040
2017-02-08,2045.8,2090.0,2037.0,2049.55,31196
2017-02-09,2053.0,2079.0,2040.1,2058.55,8964
2017-02-10,2062.7,2069.3,2030.0,2040.35,6713
2017-02-13,2058.95,2073.3,2018.0,2031.65,6050
2017-02-14,2037.0,2048.8,2014.0,2027.1,9115
2017-02-15,2020.0,2069.5,2020.0,2037.55,9154
2017-02-16,2053.7,2077.4,2030.0,2056.1,128601
2017-02-17,2068.95,2073.55,2011.4,2032.15,8950
2017-02-20,2033.0,2040.0,2019.75,2031.95,24490
2017-02-21,2046.9,2046.9,2020.1,2030.2,5005
2017-02-22,2030.05,2035.0,2025.0,2030.95,19509
2017-02-23,2025.05,2080.0,2025.05,2062.45,20061
2017-02-27,2050.05,2060.95,2030.95,2052.7,11976
2017-02-28,2055.0,2084.0,2040.05,2064.7,14859
2017-03-01,2084.95,2138.9,2060.1,2105.45,35867
2017-03-02,2109.9,2121.0,2091.35,2106.05,19680
2017-03-03,2106.0,2122.65,2073.05,2096.8,6210
2017-03-06,2128.85,2128.85,2071.0,2102.0,33595
2017-03-07,2102.05,2131.0,2100.0,2128.85,59906
2017-03-08,2114.95,2139.0,2100.0,2107.35,35596
2017-03-09,2102.1,2114.9,2101.0,2106.45,6525
2017-03-10,2092.0,2119.2,2058.1,2070.0,31273
2017-03-14,2118.0,2118.0,2067.0,2076.75,41395
2017-03-15,2098.0,2098.0,2065.1,2075.8,32022
2017-03-16,2097.95,2116.0,2062.05,2109.75,31996
2017-03-17,2119.0,2128.9,2090.0,2110.9,33274
2017-03-20,2110.9,2136.95,2093.1,2105.15,6000
2017-03-21,2122.0,2122.0,2082.0,2099.1,12073
2017-03-22,2095.0,2100.0,2048.7,2056.9,17878
2017-03-23,2060.05,2070.0,2043.0,2055.05,24332
2017-03-24,2038.15,2070.0,2038.15,2055.85,13675
2017-03-27,2056.85,2075.45,2045.0,2064.0,13444
2017-03-28,2074.8,2128.0,2062.0,2107.7,26225
2017-03-29,2092.0,2109.9,2082.55,2105.75,11677
2017-03-30,2150.0,2150.0,2089.9,2101.35,102065
2017-03-31,2101.35,2195.0,2084.0,2163.95,39868
2017-04-03,2170.1,2194.0,2148.0,2168.25,26157
2017-04-05,2161.15,2204.85,2128.7,2144.3,24203
2017-04-06,2145.0,2147.35,2116.6,2133.55,23732
2017-04-07,2130.05,2158.75,2117.35,2128.2,19079
2017-04-10,2128.2,2164.95,2122.05,2139.15,18442
2017-04-11,2140.25,2150.0,2128.0,2132.85,10925
2017-04-12,2149.05,2149.05,2110.05,2119.35,21738
2017-04-13,2125.1,2145.0,2116.0,2140.3,19468
2017-04-17,2139.3,2153.4,2117.0,2123.55,7471
2017-04-18,2130.55,2170.05,2103.55,2118.75,19709
2017-04-19,2127.0,2149.25,2091.1,2101.3,31899
2017-04-20,2110.05,2123.1,2091.75,2102.4,7948
2017-04-21,2114.9,2149.0,2110.0,2113.95,65961
2017-04-24,2113.1,2151.0,2112.0,2129.95,21767
2017-04-25,2135.3,2184.1,2120.0,2170.5,25148
2017-04-26,2175.9,2175.9,2130.1,2145.25,19357
2017-04-27,2155.95,2155.95,2100.3,2122.25,15528
2017-04-28,2121.9,2131.0,2109.6,2114.45,15112
2017-05-02,2121.2,2127.9,2050.0,2066.4,34370
2017-05-03,2072.05,2093.0,2048.95,2066.45,12415
2017-05-04,2063.05,2120.05,2049.05,2109.4,34160
2017-05-05,2102.05,2115.0,2045.0,2056.0,22244
2017-05-08,2065.1,2095.0,2059.5,2070.35,21815
2017-05-09,2076.05,2148.6,2074.1,2106.4,201548
2017-05-10,2124.0,2135.0,2115.0,2125.7,6950
2017-05-11,2123.0,2179.95,2123.0,2150.85,15622
2017-05-12,2164.0,2188.9,2160.0,2180.0,42876
2017-05-15,2176.0,2209.95,2176.0,2196.85,27628
2017-05-16,2210.0,2247.0,2199.95,2237.8,52055
2017-05-17,2215.0,2259.0,2195.0,2215.85,15048
2017-05-18,2221.0,2239.7,2175.55,2200.4,20242
2017-05-19,2200.0,2219.6,2144.25,2159.8,11374
2017-05-22,2140.0,2177.6,2071.0,2095.65,16160
2017-05-23,2128.0,2128.0,2042.4,2049.1,18740
2017-05-24,2109.0,2109.0,2025.0,2034.25,6984
2017-05-25,2029.0,2076.0,2025.0,2068.4,7096
2017-05-26,2036.0,2095.0,2036.0,2066.55,5276
2017-05-29,2099.85,2099.85,2039.0,2058.8,10696
2017-05-30,2059.15,2075.45,2046.95,2066.1,9972
2017-05-31,2066.15,2087.4,2055.1,2060.35,12893
2017-06-01,2067.3,2081.9,2058.0,2075.75,5677
2017-06-02,2077.35,2125.0,2073.75,2097.0,8786
2017-06-05,2096.25,2109.0,2082.1,2095.4,5921
2017-06-06,2118.75,2164.9,2079.05,2095.5,5333
2017-06-07,2085.3,2148.0,2085.3,2139.75,44675
2017-06-08,2140.0,2140.8,2080.0,2112.9,8872
2017-06-09,2144.85,2145.0,2110.55,2118.35,4505
2017-06-12,2145.0,2145.0,2100.0,2128.3,5100
2017-06-13,2108.0,2143.45,2090.55,2126.05,10549
2017-06-14,2121.95,2140.2,2112.3,2124.15,3770
2017-06-15,2090.0,2134.0,2090.0,2102.55,7542
2017-06-16,2102.05,2158.45,2065.2,2112.35,29305
2017-06-19,2114.95,2134.95,2109.95,2112.75,6223
2017-06-20,2113.25,2135.95,2104.0,2126.05,15828
2017-06-21,2124.0,2125.95,2104.95,2115.15,4043
2017-06-22,2117.6,2150.0,2115.1,2126.0,10052
2017-06-23,2107.8,2138.9,2098.3,2121.8,6189
2017-06-27,2132.0,2132.0,2100.1,2104.9,55713
2017-06-28,2111.05,2111.05,2094.8,2100.55,7517
2017-06-29,2107.95,2124.6,2102.0,2105.7,6646
2017-06-30,2105.1,2140.05,2094.8,2112.85,11045
2017-07-03,2073.0,2145.45,2073.0,2104.4,14358
2017-07-04,2110.05,2139.7,2104.0,2126.55,23123
2017-07-05,2113.0,2157.5,2113.0,2151.1,9018
2017-07-06,2132.35,2175.0,2121.25,2131.9,14929
2017-07-07,2131.9,2140.0,2128.0,2135.3,3620
2017-07-10,1750.0,2158.0,1750.0,2127.1,814
2017-07-11,2130.2,2145.0,2111.5,2136.1,10542
2017-07-12,2122.05,2174.0,2122.05,2163.7,10146
2017-07-13,2163.1,2206.0,2159.9,2195.7,10983
2017-07-14,2211.95,2250.0,2192.05,2241.15,19188
2017-07-17,2226.1,2236.05,2205.55,2223.3,4694
2017-07-18,2219.95,2239.9,2219.1,2223.25,5492
2017-07-19,2227.5,2240.0,2214.05,2226.15,3944
2017-07-20,2228.0,2267.65,2222.2,2250.6,10245
2017-07-21,2266.95,2425.0,2247.75,2367.45,66361
2017-07-24,2351.2,2434.8,2312.05,2328.8,18412
2017-07-25,2350.0,2350.0,2282.05,2292.35,6609
2017-07-26,2280.05,2335.0,2280.05,2313.3,9119
2017-07-27,2308.05,2375.0,2295.05,2352.85,29754
2017-07-28,2369.8,2399.75,2344.9,2385.5,10602
2017-07-31,2365.15,2434.8,2364.15,2420.9,15093
2017-08-01,2388.0,2434.8,2388.0,2423.2,9363
2017-08-02,2436.95,2436.95,2392.05,2413.35,11281
2017-08-03,2400.0,2420.0,2400.0,2403.1,68358
2017-08-04,2408.95,2427.75,2402.3,2416.65,19909
2017-08-07,2422.95,2575.0,2422.95,2562.3,66226
2017-08-08,2565.0,2660.0,2525.0,2540.2,49360
2017-08-09,2528.0,2588.9,2525.0,2554.1,13820
2017-08-10,2531.0,2563.0,2483.0,2499.95,21313
2017-08-11,2496.0,2551.8,2465.0,2515.65,18097
2017-08-14,2547.8,2597.95,2512.25,2555.7,11808
2017-08-16,2590.0,2659.8,2556.65,2584.25,99761
2017-08-17,2595.05,2669.7,2570.0,2583.85,76854
2017-08-18,2593.7,2660.0,2570.0,2636.35,19137
2017-08-21,2638.0,2649.95,2603.0,2622.0,12748
2017-08-22,2645.0,2645.0,2576.0,2609.9,8098
2017-08-23,2612.05,2659.0,2612.05,2634.85,9423
2017-08-24,2647.9,2798.0,2620.85,2750.8,112086
2017-08-28,2784.0,2870.0,2760.05,2834.0,48942
2017-08-29,2834.05,2998.0,2834.05,2970.8,72575
2017-08-30,2970.15,3000.3,2934.0,2962.05,59314
2017-08-31,2962.15,2975.0,2890.0,2904.8,17250
2017-09-01,2876.15,2963.65,2876.15,2912.9,16375
2017-09-04,2900.0,2937.75,2820.15,2844.45,14515
2017-09-05,2845.0,2855.0,2800.05,2815.65,27830
2017-09-06,2809.9,2809.9,2759.35,2768.7,25370
2017-09-07,2790.0,2916.95,2750.0,2816.25,95811
2017-09-08,2848.85,2861.95,2770.0,2782.95,27755
2017-09-11,2803.7,2825.0,2774.3,2797.8,56230
2017-09-12,2825.0,2850.5,2756.15,2799.45,65430
2017-09-13,2800.0,2835.0,2761.15,2778.0,20269
2017-09-14,2778.0,2804.9,2743.5,2751.65,24163
2017-09-15,2763.0,2785.9,2701.1,2749.4,174329
2017-09-18,2732.0,2840.0,2710.0,2822.7,100459
2017-09-19,2827.5,2878.0,2821.2,2853.15,37518
2017-09-20,2885.0,2900.05,2795.0,2805.75,16307
2017-09-21,2825.8,2830.0,2758.0,2798.7,14438
2017-09-22,2798.65,2798.65,2675.5,2693.8,24326
2017-09-25,2675.0,2748.0,2586.0,2707.85,34204
2017-09-26,2700.0,2765.95,2665.0,2697.0,39437
2017-09-27,2716.0,2820.7,2700.0,2761.15,52499
2017-09-28,2754.95,2879.95,2718.0,2866.8,51824
2017-09-29,2865.0,2935.0,2772.05,2796.45,59263
2017-10-03,2801.05,2910.0,2801.05,2884.35,48522
2017-10-04,2920.0,2968.0,2887.55,2925.95,27790
2017-10-05,2935.1,2976.05,2912.25,2967.05,30882
2017-10-06,2965.05,2967.05,2925.95,2937.75,26830
2017-10-09,2949.9,2949.9,2878.2,2904.35,16629
2017-10-10,2904.35,2915.05,2886.25,2903.4,9083
2017-10-11,2904.0,2935.0,2874.1,2902.6,27860
2017-10-12,2910.0,2918.0,2875.3,2903.45,12078
2017-10-13,2917.95,2925.0,2887.45,2910.0,7428
2017-10-16,2938.95,2938.95,2886.1,2896.0,6578
2017-10-17,2925.0,2925.0,2856.3,2865.35,13342
2017-10-18,2914.0,2935.0,2877.0,2883.25,25127
2017-10-19,2885.0,2923.9,2885.0,2913.9,5041
2017-10-23,2923.95,2942.4,2886.0,2898.3,10954
2017-10-24,2917.95,2934.9,2881.15,2903.95,10015
2017-10-25,2935.0,2940.0,2811.1,2876.65,22656
2017-10-26,2875.95,3025.0,2751.05,2966.4,45807
2017-10-27,2990.0,3024.0,2940.05,2977.4,24526
2017-10-30,2977.4,2998.95,2917.05,2946.95,15200
2017-10-31,2934.0,2985.0,2900.55,2968.95,19411
2017-11-01,2994.95,2994.95,2911.5,2946.65,15259
2017-11-02,2944.65,2974.9,2916.0,2949.8,39358
2017-11-03,2958.0,2958.0,2914.0,2928.5,34275
2017-11-06,2928.05,2929.95,2865.1,2914.95,7232
2017-11-07,2922.2,2925.0,2846.0,2853.45,8378
2017-11-08,2860.25,2900.0,2808.0,2865.85,25136
2017-11-09,2875.0,2930.0,2840.0,2908.55,12818
2017-11-10,2928.0,2935.0,2865.0,2925.0,12297
2017-11-13,2924.95,2930.0,2879.9,2898.9,3727
2017-11-14,2897.75,2898.9,2855.0,2861.8,10815
2017-11-15,2840.05,2861.95,2795.6,2814.4,8458
2017-11-16,2815.0,2864.0,2801.0,2852.35,9065
2017-11-17,2850.0,2883.5,2824.0,2834.45,14469
2017-11-20,2865.0,2878.0,2822.0,2841.0,13958
2017-11-21,2859.95,2865.95,2840.0,2857.4,2471
2017-11-22,2855.5,2904.95,2847.55,2865.3,9066
2017-11-23,2874.5,2921.0,2839.0,2893.8,11107
2017-11-24,2919.8,2930.0,2870.0,2888.45,13190
2017-11-27,2890.45,2920.0,2885.05,2892.45,10698
2017-11-28,2888.0,2900.0,2846.3,2882.1,15010
2017-11-29,2899.0,2899.0,2774.65,2815.9,11125
2017-11-30,2805.0,2909.0,2801.2,2853.65,17917
2017-12-01,2830.05,2904.0,2828.0,2890.3,9954
2017-12-04,2890.3,2910.0,2855.1,2901.5,5915
2017-12-05,2871.0,2910.0,2851.3,2896.6,10380
2017-12-06,2870.05,2908.0,2870.0,2900.15,6983
2017-12-07,2899.65,2924.95,2862.1,2900.7,16814
2017-12-08,2892.4,2961.0,2892.4,2948.8,13018
2017-12-11,2995.0,2995.0,2900.0,2911.45,34548
2017-12-12,2900.05,2929.95,2852.0,2854.2,9927
2017-12-13,2856.05,2914.5,2856.05,2890.5,5243
2017-12-14,2930.0,2930.0,2804.9,2832.85,15267
2017-12-15,2834.05,2899.0,2834.05,2887.75,9255
2017-12-18,2892.95,2944.0,2850.0,2930.45,5261
2017-12-19,2941.85,3003.0,2939.65,2960.45,48755
2017-12-20,2975.0,2977.35,2940.0,2949.35,70806
2017-12-21,2964.65,2968.5,2935.0,2950.45,92896
2017-12-22,2915.0,2975.0,2910.0,2927.3,6824
2017-12-26,2938.3,2950.0,2920.0,2945.25,4790
2017-12-27,2945.25,3020.0,2919.0,2931.2,38298
2017-12-28,2945.0,2950.1,2850.0,2877.3,14606
2017-12-29,2890.0,2919.0,2860.05,2867.35,4010
2018-01-01,2868.0,2899.0,2860.55,2864.45,7651
2018-01-02,2873.0,2876.65,2832.0,2839.8,6563
2018-01-03,2867.5,2872.0,2830.0,2843.55,4207
2018-01-04,2855.0,2876.5,2820.05,2828.5,6551
2018-01-05,2835.05,2849.4,2820.05,2829.8,10840
2018-01-08,2829.8,2880.0,2829.8,2864.9,9820
2018-01-09,2865.25,2865.25,2835.0,2841.25,57349
2018-01-10,2850.0,2905.0,2839.0,2880.35,10099
2018-01-11,2867.5,2894.9,2825.0,2837.2,14997
2018-01-12,2839.0,2850.0,2798.4,2812.85,67441
2018-01-15,2812.85,2825.0,2790.0,2808.9,23185
2018-01-16,2830.65,2840.0,2750.0,2776.7,7785
2018-01-17,2751.05,2795.0,2751.05,2770.55,6300
2018-01-18,2767.45,2819.9,2700.0,2724.7,13482
2018-01-19,2725.0,2816.8,2701.2,2800.5,27815
2018-01-22,2811.0,2815.0,2738.95,2800.85,6872
2018-01-23,2775.0,2833.1,2775.0,2827.65,11594
2018-01-24,2824.95,2829.95,2804.0,2819.15,16271
2018-01-25,2811.2,2831.15,2794.7,2819.75,25223
2018-01-29,2838.95,2838.95,2799.95,2817.2,13389
2018-01-30,2820.95,2820.95,2799.8,2800.65,10580
2018-01-31,2782.65,2815.0,2767.2,2808.45,33221
2018-02-01,2808.9,2830.15,2767.0,2801.95,14050
2018-02-02,2826.0,2826.0,2765.0,2781.45,16452
2018-02-05,2779.95,2779.95,2661.1,2742.7,15267
2018-02-06,2527.0,2720.0,2527.0,2694.3,26334
2018-02-07,2700.0,2720.0,2675.0,2691.8,16087
2018-02-08,2700.0,2734.15,2682.2,2709.75,13977
2018-02-09,2651.1,2704.95,2631.0,2693.8,6149
2018-02-12,2682.05,2715.0,2682.05,2689.9,11220
2018-02-14,2708.9,2785.0,2700.1,2743.4,33172
2018-02-15,2757.0,2759.95,2727.65,2749.25,43980
2018-02-16,2732.05,2750.0,2728.0,2738.1,9992
2018-02-19,2750.0,2750.0,2714.85,2722.75,18968
2018-02-20,2735.0,2755.0,2700.0,2723.15,10366
2018-02-21,2702.5,2735.0,2702.5,2718.65,19881
2018-02-22,2718.8,2723.85,2700.0,2712.95,9829
2018-02-23,2714.2,2739.95,2710.0,2737.1,2975
2018-02-26,2758.95,2767.45,2722.95,2736.3,8308
2018-02-27,2726.0,2763.0,2726.0,2737.4,6449
2018-02-28,2734.0,2734.0,2710.05,2723.55,2512
2018-03-01,2736.0,2750.0,2710.0,2720.65,10466
2018-03-05,2711.0,2742.45,2711.0,2720.6,18141
2018-03-06,2720.6,2955.0,2720.6,2761.35,54499
2018-03-07,2780.0,2780.0,2725.0,2733.6,8348
2018-03-08,2708.6,2757.45,2708.6,2727.75,10762
2018-03-09,2739.95,2749.95,2719.95,2728.8,3598
2018-03-12,2763.85,2763.85,2723.4,2745.35,63508
2018-03-13,2735.05,2743.8,2704.0,2706.3,8989
2018-03-14,2701.0,2716.0,2680.0,2684.05,16204
2018-03-15,2710.0,2753.85,2689.0,2729.75,37650
2018-03-16,2755.0,2755.0,2565.0,2602.5,58527
2018-03-19,2633.0,2633.0,2522.25,2531.9,9005
2018-03-20,2525.0,2555.0,2522.25,2543.75,5301
2018-03-21,2539.05,2563.0,2522.25,2533.7,9441
2018-03-22,2534.9,2548.95,2517.65,2527.45,3243
2018-03-23,2501.0,2538.0,2501.0,2530.2,13683
2018-03-26,2511.05,2712.75,2511.05,2665.05,29315
2018-03-27,2669.7,2673.9,2613.15,2620.75,9121
2018-03-28,2614.0,2690.0,2520.0,2664.5,17847
2018-04-02,2657.5,2672.15,2580.05,2622.85,12403
2018-04-03,2600.05,2635.0,2592.05,2621.75,2516
2018-04-04,2634.0,2649.0,2605.0,2617.7,5817
2018-04-05,2634.0,2636.0,2612.1,2624.5,30267
2018-04-06,2645.0,2647.0,2626.0,2641.1,63025
2018-04-09,2667.0,2667.0,2613.5,2640.15,3757
2018-04-10,2632.05,2649.0,2598.95,2631.9,6541
2018-04-11,2638.95,2650.05,2602.35,2629.75,24319
2018-04-12,2629.0,2650.0,2629.0,2636.3,1831
2018-04-13,2658.8,2658.8,2630.0,2636.3,2070
2018-04-16,2640.8,2654.0,2626.2,2641.45,2912
2018-04-17,2640.0,2655.0,2640.0,2649.3,2665
2018-04-18,2659.95,2659.95,2640.0,2647.55,8254
2018-04-19,2649.0,2650.4,2611.25,2620.25,4887
2018-04-20,2625.0,2635.05,2611.2,2620.95,4364
2018-04-23,2605.05,2621.65,2600.0,2602.4,6957
2018-04-24,2602.4,2640.85,2602.4,2625.65,23508
2018-04-25,2626.55,2646.0,2620.55,2629.45,13103
2018-04-26,2653.7,2653.7,2612.3,2625.7,26690
2018-04-27,2611.1,2658.0,2611.1,2645.95,59293
2018-04-30,2645.0,2735.0,2645.0,2705.65,10759
2018-05-02,2705.65,2719.7,2676.0,2700.0,11714
2018-05-03,2674.3,2709.8,2652.85,2679.75,26679
2018-05-04,2653.05,2696.15,2648.05,2665.35,6282
2018-05-07,2658.05,2684.7,2651.2,2678.4,4474
2018-05-08,2689.5,2689.5,2651.0,2661.65,27393
2018-05-09,2650.0,2657.0,2641.0,2650.15,11316
2018-05-10,2641.05,2654.9,2641.05,2649.95,7487
2018-05-11,2650.15,2656.1,2641.0,2651.8,1889
2018-05-14,2680.0,2680.0,2610.25,2614.4,6753
2018-05-15,2638.8,2638.8,2599.95,2633.8,15276
2018-05-16,2620.85,2648.6,2572.05,2635.1,3006
2018-05-17,2612.85,2756.0,2605.5,2730.35,14209
2018-05-18,2730.35,2849.95,2725.0,2762.3,59428
2018-05-21,2762.05,2763.7,2690.0,2721.55,7388
2018-05-22,2710.0,2920.0,2710.0,2875.0,763720
2018-05-23,2852.55,2920.2,2783.6,2861.8,295868
2018-05-24,2831.15,2858.6,2758.75,2773.8,9693
2018-05-25,2780.0,2848.0,2771.2,2795.3,10367
2018-05-28,2791.05,2840.0,2780.0,2790.2,7047
2018-05-29,2811.8,2811.8,2755.0,2766.05,3554
2018-05-30,2750.1,2824.8,2730.05,2763.75,10298
2018-05-31,2797.0,2815.0,2760.4,2769.95,9574
2018-06-01,2776.5,2809.55,2743.55,2782.55,6880
2018-06-04,2780.0,2805.0,2770.05,2786.2,24765
2018-06-05,2786.0,2786.0,2732.0,2741.75,3688
2018-06-06,2759.95,2790.05,2728.8,2762.8,8238
2018-06-07,2787.3,2810.0,2751.2,2772.05,7173
2018-06-08,2796.0,2915.95,2760.95,2872.15,37221
2018-06-11,2875.55,2928.0,2865.1,2878.35,15263
2018-06-12,2887.05,2985.8,2887.05,2949.4,41600
2018-06-13,2945.0,3005.0,2911.0,2933.1,17899
2018-06-14,2942.95,2973.55,2910.95,2935.1,8802
2018-06-15,2963.95,3020.0,2931.9,3000.85,100459
2018-06-18,3019.65,3156.25,3018.95,3109.55,72721
2018-06-19,3110.0,3150.0,3070.0,3106.7,95717
2018-06-20,3109.9,3145.0,3100.0,3126.5,29896
2018-06-21,3127.0,3242.0,3127.0,3213.4,81188
2018-06-22,3213.0,3231.9,3145.0,3168.6,37577
2018-06-25,3166.85,3248.0,3101.15,3130.3,31627
2018-06-26,3124.95,3165.0,3065.25,3079.15,13290
2018-06-27,3093.95,3093.95,2933.0,2973.1,24516
2018-06-28,2974.95,2974.95,2860.0,2883.3,15116
2018-06-29,2900.0,2965.4,2875.0,2882.4,18584
2018-07-02,2899.9,2934.3,2869.05,2884.35,13147
2018-07-03,2899.95,2934.05,2851.0,2895.9,16455
2018-07-04,2914.15,2980.0,2885.55,2959.5,16920
2018-07-05,2936.0,2944.9,2916.0,2926.8,10390
2018-07-06,2939.95,2955.55,2925.0,2946.15,10368
2018-07-09,2951.05,3040.0,2951.05,3011.95,12925
2018-07-10,3063.9,3063.9,2990.5,3029.2,12722
2018-07-11,3000.0,3046.25,2998.1,2999.5,9747
2018-07-12,3000.05,3017.0,2979.55,2995.6,11901
2018-07-13,2995.6,3029.65,2982.1,2998.75,12099
2018-07-16,3000.0,3023.65,2930.1,2942.2,10207
2018-07-17,2936.0,3043.0,2926.45,2975.45,26399
2018-07-18,2994.95,3000.0,2963.0,2985.15,14750
2018-07-19,2990.0,2992.45,2916.2,2950.75,7385
2018-07-20,2968.9,3126.85,2915.1,3020.0,95199
2018-07-23,3035.0,3120.0,3010.0,3047.4,59064
2018-07-24,3040.0,3047.0,2969.15,2983.8,13738
2018-07-25,2983.95,3040.0,2950.0,2960.2,16303
2018-07-26,2968.0,2980.0,2948.95,2970.3,65122
2018-07-27,2978.65,3038.95,2960.0,2991.4,33875
2018-07-30,2990.95,2990.95,2936.15,2945.85,10130
2018-07-31,2950.0,2955.0,2900.0,2904.4,10584
2018-08-01,2910.0,2982.75,2910.0,2934.75,10362
2018-08-02,2965.0,2977.95,2909.75,2946.05,3599
2018-08-03,2920.15,2994.95,2920.15,2980.2,8579
2018-08-06,3000.0,3000.0,2962.0,2980.0,19633
2018-08-07,2998.5,2998.5,2945.05,2979.35,15429
2018-08-08,2999.5,3019.7,2972.0,2981.05,12292
2018-08-09,2987.3,3024.95,2954.0,2972.3,10329
2018-08-10,3048.0,3048.0,2975.65,2996.6,13902
2018-08-13,3004.0,3018.0,2955.25,2986.7,10183
2018-08-14,2999.9,3020.0,2987.0,2994.95,3425
2018-08-16,3004.0,3019.35,2976.0,2982.25,16695
2018-08-17,3000.0,3013.65,2976.15,2980.6,7437
2018-08-20,2983.05,3047.0,2983.05,3007.05,9395
2018-08-21,3005.0,3038.7,2987.1,3024.0,10182
2018-08-23,3023.95,3046.0,3002.0,3019.15,41216
2018-08-24,3019.0,3019.0,2960.0,2963.65,21770
2018-08-27,2976.0,3008.0,2970.0,2998.85,39253
2018-08-28,2990.0,3010.0,2979.05,3002.6,15457
2018-08-29,2995.0,3141.0,2990.0,3107.25,45389
2018-08-30,3120.0,3171.0,3066.0,3128.0,17488
2018-08-31,3125.0,3211.0,3105.0,3117.25,29559
2018-09-03,3135.0,3155.0,3027.0,3039.0,14190
2018-09-04,3049.0,3050.0,2994.1,3038.05,15424
2018-09-05,3049.0,3075.0,2970.0,3007.95,14652
2018-09-06,3031.0,3082.0,3031.0,3060.95,13048
2018-09-07,3100.0,3169.95,3076.05,3112.65,18765
2018-09-10,3120.05,3134.95,3030.0,3046.2,15635
2018-09-11,3042.0,3079.0,3018.0,3060.75,40458
2018-09-12,3055.0,3072.0,3050.0,3066.65,22039
2018-09-14,3101.0,3142.5,3090.65,3116.35,13530
2018-09-17,3123.8,3163.95,3090.05,3104.4,19538
2018-09-18,3105.0,3121.75,3041.0,3062.55,5507
2018-09-19,3062.55,3089.0,3051.0,3063.95,13888
2018-09-21,3065.2,3115.0,2451.2,3101.35,120042
2018-09-24,3051.0,3101.35,3050.0,3082.45,47597
2018-09-25,3020.2,3106.0,3020.2,3080.8,54530
2018-09-26,3068.25,3109.85,3020.0,3095.85,35026
2018-09-27,3068.0,3116.6,3061.15,3090.95,36835
2018-09-28,3100.0,3130.0,3058.0,3093.55,89896
2018-10-01,3084.0,3084.0,2949.3,2964.1,10454
2018-10-03,2996.0,3036.25,2937.0,3005.65,11542
2018-10-04,3012.0,3012.0,2908.75,2930.05,20985
2018-10-05,2920.0,2959.95,2599.65,2703.05,17445
2018-10-08,2738.0,2738.0,2465.05,2520.05,112609
2018-10-09,2491.15,2596.0,2482.45,2512.05,33174
2018-10-10,2512.5,2649.7,2512.5,2614.8,12090
2018-10-11,2512.75,2675.9,2512.75,2600.05,7515
2018-10-12,2619.0,2694.65,2615.05,2635.35,5835
2018-10-15,2637.1,2662.65,2600.0,2611.7,15386
2018-10-16,2611.7,2651.0,2605.15,2625.7,17831
2018-10-17,2640.0,2644.95,2560.0,2576.9,5050
2018-10-19,2579.0,2628.3,2545.25,2602.9,17232
2018-10-22,2606.05,2669.9,2582.1,2628.4,64141
2018-10-23,2624.95,2699.0,2539.5,2626.25,7735
2018-10-24,2603.0,2690.0,2603.0,2635.55,6307
2018-10-25,2620.0,2661.0,2550.55,2651.4,47285
2018-10-26,2674.75,2674.75,2637.0,2642.6,15488
2018-10-29,2642.55,2712.95,2640.1,2698.4,7316
2018-10-30,2675.15,2749.0,2660.0,2734.4,6168
2018-10-31,2749.8,2818.0,2714.0,2809.5,47145
2018-11-01,2814.85,2845.6,2752.15,2813.1,96107
2018-11-02,2825.0,2854.95,2810.0,2815.05,3935
2018-11-05,2807.9,2844.0,2780.05,2833.45,4835
2018-11-06,2817.8,2817.8,2792.0,2799.05,2250
2018-11-07,2799.0,2838.7,2790.0,2820.35,537
2018-11-09,2800.05,2835.0,2791.0,2805.15,1883
2018-11-12,2792.0,2833.0,2792.0,2799.15,1848
2018-11-13,2799.0,2897.9,2775.6,2854.15,33399
2018-11-14,2896.9,2964.0,2850.0,2925.25,18138
2018-11-15,2920.0,2988.0,2920.0,2954.5,8054
2018-11-16,2960.05,3316.05,2954.5,3131.6,379004
2018-11-19,3122.0,3188.0,3059.0,3080.25,13716
2018-11-20,3051.0,3076.95,3000.0,3025.65,10365
2018-11-21,3024.8,3062.0,2978.0,3006.95,12621
2018-11-22,3026.9,3056.0,3000.0,3026.1,8040
2018-11-26,3015.15,3044.95,2955.15,3002.9,9604
2018-11-27,3003.0,3020.95,2981.0,2995.35,3793
2018-11-28,3012.95,3019.0,2976.3,2990.15,4002
2018-11-29,3003.1,3030.0,2992.4,3022.1,6577
2018-11-30,3022.0,3029.8,2980.0,3000.8,15452
2018-12-03,3034.0,3034.0,2976.0,2992.8,8007
2018-12-04,2999.9,2999.9,2965.1,2980.6,3535
2018-12-05,2973.8,3038.0,2936.1,2969.45,7823
2018-12-06,2940.05,3010.0,2902.0,2970.05,6554
2018-12-07,2975.05,2999.65,2926.05,2985.0,2721
2018-12-10,2969.95,2969.95,2922.25,2939.8,4575
2018-12-11,2939.75,2962.0,2910.1,2930.4,4380
2018-12-12,2934.55,2982.5,2901.0,2976.45,7284
2018-12-13,2965.6,3001.0,2965.6,2998.8,34210
2018-12-14,2997.05,3015.0,2950.0,2958.4,6481
2018-12-17,2996.95,2996.95,2952.4,2959.75,14350
2018-12-18,2949.95,2949.95,2911.0,2919.9,10883
2018-12-19,2931.15,2979.0,2917.75,2932.0,23798
2018-12-20,2921.3,2977.2,2921.0,2969.2,4159
2018-12-21,2950.05,2990.0,2915.0,2940.3,40029
2018-12-24,2956.4,2965.0,2920.0,2937.85,48668
2018-12-26,2920.05,2923.85,2738.7,2859.45,116124
2018-12-27,2872.0,2988.8,2871.05,2950.05,59145
2018-12-28,2944.8,2999.9,2925.0,2934.95,10438
2019-01-01,2967.95,2970.0,2925.0,2949.95,56276
2019-01-02,2930.15,2968.0,2925.0,2950.1,15693
2019-01-03,2968.3,2985.0,2939.95,2977.25,25184
2019-01-04,2960.05,3000.0,2948.0,2951.65,16159
2019-01-07,2926.05,2987.85,2926.05,2953.8,4452
2019-01-08,2953.0,2978.95,2950.0,2955.45,6335
2019-01-09,2962.7,2975.0,2949.5,2951.15,5980
2019-01-10,2999.0,3030.0,2952.35,2969.95,14544
2019-01-11,2970.0,3030.0,2950.0,3007.35,8073
2019-01-14,3026.05,3112.0,2999.0,3008.65,25939
2019-01-15,3014.05,3044.8,2989.95,2998.35,7811
2019-01-16,3000.4,3018.0,2950.0,2958.45,5828
2019-01-17,2962.05,2995.0,2920.0,2950.05,61769
2019-01-18,2976.95,2988.0,2952.1,2960.4,5107
2019-01-21,2955.65,2999.85,2951.0,2961.4,11792
2019-01-22,2971.85,2989.0,2929.75,2956.95,28214
2019-01-23,2961.2,2981.0,2950.0,2966.65,17908
2019-01-24,2971.95,2977.0,2931.65,2939.8,39805
2019-01-25,2968.95,2968.95,2860.0,2861.8,11730
2019-01-28,2860.0,2909.95,2821.0,2853.5,28941
2019-01-29,2855.0,2855.0,2825.0,2844.9,52299
2019-01-30,2847.8,2894.6,2841.3,2852.65,10198
2019-01-31,2836.05,2879.7,2815.0,2847.05,28439
2019-02-01,2850.0,2925.95,2850.0,2865.9,16406
2019-02-04,2856.5,3050.0,2856.5,2993.5,583619
2019-02-05,2988.0,3085.25,2904.05,2928.6,13382
2019-02-06,2924.1,3005.0,2924.1,2994.25,86499
2019-02-07,2986.7,3179.95,2986.65,3116.85,550055
2019-02-08,3120.0,3178.85,3099.65,3131.5,16906
2019-02-11,3158.45,3158.45,3095.8,3117.25,74757
2019-02-12,3117.25,3117.25,3067.0,3100.35,33654
2019-02-13,3071.5,3159.9,3071.5,3132.35,19694
2019-02-14,3120.0,3176.95,3107.2,3149.95,15773
2019-02-15,3150.0,3180.0,3127.7,3159.7,72564
2019-02-18,3168.85,3195.0,3000.0,3006.85,21499
2019-02-19,3001.0,3123.45,2999.9,3105.95,10738
2019-02-20,3100.05,3192.9,3039.5,3159.2,94549
2019-02-21,3159.0,3221.9,3107.0,3152.9,20575
2019-02-22,3152.9,3190.0,3125.0,3150.9,9013
2019-02-25,3133.0,3195.05,3101.0,3135.95,25970
2019-02-26,3022.25,3180.0,3022.25,3130.4,58731
2019-02-27,3163.0,3179.0,3123.0,3158.25,16231
2019-02-28,3163.0,3195.0,3150.0,3165.05,80990
2019-03-01,3165.1,3205.0,3152.0,3170.3,12820
2019-03-05,3170.3,3198.9,3152.0,3161.4,23572
2019-03-06,3188.05,3248.0,3164.2,3220.1,19548
2019-03-07,3220.0,3298.0,3220.0,3274.35,63115
2019-03-08,3298.0,3298.0,3220.8,3276.9,16530
2019-03-11,3313.95,3335.1,3283.1,3296.7,13466
2019-03-12,3334.9,3385.85,3305.8,3343.35,19409
2019-03-13,3360.0,3390.0,3302.75,3317.75,28254
2019-03-14,3360.0,3370.0,3317.1,3335.85,10881
2019-03-15,3358.85,3376.05,3300.0,3337.2,49372
2019-03-18,3340.05,3355.4,3310.15,3321.5,10156
2019-03-19,3326.05,3366.65,3276.05,3357.45,42551
2019-03-20,3325.35,3370.0,3325.35,3364.0,22184
2019-03-22,3363.6,3388.5,3342.95,3366.95,66853
2019-03-25,3373.0,3373.0,3255.5,3260.5,19966
2019-03-26,3279.9,3281.25,3210.0,3250.25,21102
2019-03-27,3294.95,3324.2,3250.0,3273.75,45199
2019-03-28,3237.0,3800.0,3237.0,3593.65,240494
2019-03-29,3570.0,3730.0,3352.1,3416.55,114770
2019-04-01,3445.0,3454.15,3341.1,3352.15,59859
2019-04-02,3375.0,3450.0,3353.95,3423.55,342322
2019-04-03,3425.05,3461.2,3383.1,3406.15,130489
2019-04-04,3433.0,3433.0,3270.55,3326.15,47065
2019-04-05,3351.0,3441.9,3331.55,3351.45,15422
2019-04-08,3355.15,3381.9,3285.3,3317.4,15427
2019-04-09,3316.95,3356.0,3270.9,3284.45,37279
2019-04-10,3314.65,3347.95,3275.0,3304.75,14305
2019-04-11,3304.1,3346.6,3279.55,3306.15,17982
2019-04-12,3340.0,3344.55,3296.85,3300.2,21177
2019-04-15,3318.0,3333.95,3285.0,3311.1,13158
2019-04-16,3318.9,3329.6,3293.6,3304.1,16358
2019-04-18,3307.0,3324.95,3280.0,3289.4,30759
2019-04-22,3290.0,3313.05,3258.9,3286.35,13356
2019-04-23,3285.9,3319.0,3276.25,3291.75,26272
2019-04-24,3300.0,3335.0,3293.05,3300.45,31159
2019-04-25,3326.9,3328.0,3251.25,3272.1,27350
2019-04-26,3261.0,3298.0,3252.35,3268.6,14453
2019-04-30,3261.0,3271.15,2980.0,3086.0,114146
2019-05-02,3085.95,3221.5,3080.1,3204.55,29569
2019-05-03,3200.35,3240.2,3175.05,3191.4,11171
2019-05-06,3190.0,3208.0,3169.5,3181.0,10989
2019-05-07,3185.2,3193.7,3168.0,3178.05,9918
2019-05-08,3151.0,3178.55,3080.1,3102.25,18724
2019-05-09,3102.25,3106.55,3051.0,3073.1,12622
2019-05-10,3098.95,3100.0,3036.05,3060.95,9168
2019-05-13,3060.9,3145.25,3030.05,3106.4,15934
2019-05-14,3083.65,3156.0,3059.85,3131.05,11668
2019-05-15,3119.0,3185.0,3076.2,3165.4,17830
2019-05-16,3187.0,3200.0,3152.9,3167.45,15226
2019-05-17,3180.0,3310.0,3174.0,3281.7,58762
2019-05-20,3333.0,3388.0,3263.15,3325.75,50034
2019-05-21,3302.0,3360.0,3251.0,3304.35,15920
2019-05-22,3327.85,3329.0,3260.0,3289.7,26297
2019-05-23,3300.05,3345.95,3300.05,3325.0,68189
2019-05-24,3325.05,3423.0,3325.05,3399.5,24461
2019-05-27,3424.7,3500.0,3420.0,3473.85,43027
2019-05-28,3500.0,3534.75,3455.0,3513.75,30618
2019-05-29,3513.75,3521.95,3469.0,3507.1,23639
2019-05-30,3520.0,3529.0,3450.0,3510.15,35029
2019-05-31,3540.0,3548.0,3454.65,3496.4,22538
2019-06-03,3524.0,3524.0,3470.0,3505.3,47101
2019-06-04,3480.15,3598.75,3480.15,3503.35,67310
2019-06-06,3503.35,3566.9,3503.35,3531.85,30475
2019-06-07,3538.95,3665.0,3512.45,3609.35,66933
2019-06-10,3611.0,3677.95,3575.0,3658.05,41366
2019-06-11,3646.1,3790.0,3610.4,3761.8,42162
2019-06-12,3779.8,3793.95,3712.1,3742.8,24203
2019-06-13,3742.8,3763.0,3651.0,3665.95,16157
2019-06-14,3655.0,3690.0,3600.0,3614.55,13994
2019-06-17,3619.95,3645.45,3526.0,3536.25,15831
2019-06-18,3545.15,3653.95,3545.0,3565.1,33954
2019-06-19,3590.0,3626.0,3542.4,3579.2,41689
2019-06-20,3570.0,3630.0,3547.0,3606.85,31667
2019-06-21,3601.35,3688.0,3587.25,3633.4,69388
2019-06-24,3634.0,3659.0,3572.0,3603.95,18104
2019-06-25,3599.95,3649.0,3570.0,3636.95,18228
2019-06-26,3641.8,3690.0,3605.0,3632.0,21442
2019-06-27,3623.3,3684.8,3591.0,3616.4,45054
2019-06-28,3615.0,3631.9,3585.4,3598.25,25184
2019-07-01,3665.0,3665.0,3605.0,3642.55,12823
2019-07-02,3659.0,3747.0,3628.8,3729.2,25615
2019-07-03,3725.0,3735.0,3680.4,3723.8,92949
2019-07-04,3723.8,3749.9,3695.0,3711.6,27677
2019-07-05,3711.6,3733.2,3580.05,3601.8,34693
2019-07-08,3601.0,3646.95,3460.0,3505.55,52061
2019-07-09,3528.0,3643.95,3484.05,3618.85,43802
2019-07-10,3617.7,3630.0,3558.1,3580.9,19690
2019-07-11,3585.0,3627.65,3520.0,3546.95,17634
2019-07-12,3545.1,3574.9,3490.0,3505.15,21905
2019-07-15,3512.0,3539.0,3500.7,3522.85,19109
2019-07-16,3527.0,3565.0,3508.5,3557.05,9724
2019-07-17,3566.0,3584.5,3528.9,3556.85,14435
2019-07-18,3560.05,3564.65,3520.1,3523.4,13972
2019-07-19,3530.15,3583.55,3445.85,3500.05,31091
2019-07-22,3475.0,3511.95,3395.9,3431.0,30928
2019-07-23,3444.0,3444.45,3355.7,3367.35,18619
2019-07-24,3360.15,3417.7,3262.25,3294.45,18182
2019-07-25,3339.0,3400.0,3298.6,3372.6,34631
2019-07-26,3389.0,3411.0,3312.0,3384.75,48703
2019-07-29,3438.55,3469.95,3374.65,3414.2,36376
2019-07-30,3417.8,3594.9,3414.35,3562.9,77206
2019-07-31,3526.0,3559.95,3384.0,3400.5,24113
2019-08-01,3400.5,3426.95,3340.0,3354.25,24386
2019-08-02,3339.9,3590.0,3265.0,3511.65,40230
2019-08-05,3490.0,3515.0,3419.1,3465.45,50877
2019-08-06,3435.0,3496.3,3408.9,3447.4,19560
2019-08-07,3475.0,3540.0,3425.0,3488.75,18257
2019-08-08,3458.35,3486.95,3413.2,3443.5,15876
2019-08-09,3469.95,3495.0,3417.3,3453.7,14375
2019-08-13,3453.7,3453.7,3350.0,3365.05,15054
2019-08-14,3382.95,3399.0,3331.0,3338.35,14726
2019-08-16,3348.4,3435.0,3220.0,3414.55,18356
2019-08-19,3414.55,3439.0,3353.55,3381.7,21396
2019-08-20,3336.05,3424.8,3335.0,3351.0,11382
2019-08-21,3387.0,3387.0,3315.8,3351.5,14737
2019-08-22,3370.0,3389.7,3330.0,3350.2,18968
2019-08-23,3344.7,3398.85,3280.0,3335.3,18912
2019-08-26,3348.0,3442.95,3335.0,3344.05,11342
2019-08-27,3356.0,3386.0,3295.5,3324.35,19144
2019-08-28,3349.85,3349.85,3290.15,3303.65,5657
2019-08-29,3284.1,3320.0,3284.1,3310.3,10291
2019-08-30,3324.0,3324.0,3235.0,3252.05,23172
2019-09-03,3231.0,3285.0,3211.0,3262.7,8816
2019-09-04,3265.0,3312.3,3221.0,3304.5,6835
2019-09-05,3283.95,3326.35,3283.95,3316.2,18915
2019-09-06,3324.95,3330.0,3269.55,3305.1,16285
2019-09-09,3334.95,3367.95,3287.0,3306.3,7407
2019-09-11,3307.5,3340.7,3301.05,3316.4,10121
2019-09-12,3314.5,3376.0,3312.15,3362.55,7622
2019-09-13,3350.0,3397.95,3305.0,3376.8,27781
2019-09-16,3389.0,3389.0,3301.6,3320.9,11086
2019-09-17,3329.0,3329.0,3220.0,3232.0,12614
2019-09-18,3252.0,3280.0,3140.0,3152.2,22676
2019-09-19,3175.2,3192.05,3120.3,3153.3,22900
2019-09-20,3174.95,3350.0,3111.0,3233.95,99963
2019-09-23,3309.0,3681.0,3305.0,3537.55,184248
2019-09-24,3650.0,3710.0,3420.0,3688.05,60960
2019-09-25,3680.0,3680.0,3476.0,3501.75,26257
2019-09-26,3501.1,3553.0,3453.0,3481.95,20827
2019-09-27,3508.9,3573.0,3481.0,3553.5,34839
2019-09-30,3549.95,3597.0,3512.0,3593.25,15975
2019-10-01,3594.0,3630.0,3535.0,3588.65,16393
2019-10-03,3590.0,3664.35,3489.55,3525.25,33716
2019-10-04,3533.75,3630.7,3512.0,3585.75,327183
2019-10-07,3600.0,3628.05,3536.15,3587.6,13217
2019-10-09,3590.05,3625.0,3575.0,3616.0,11569
2019-10-10,3623.0,3623.0,3580.0,3587.85,7662
2019-10-11,3590.0,3611.9,3505.0,3524.0,13485
2019-10-14,3510.0,3629.5,3506.2,3566.1,19272
2019-10-15,3570.0,3620.4,3570.0,3600.0,12923
2019-10-16,3599.95,3650.0,3555.0,3627.35,16337
2019-10-17,3632.0,3750.0,3610.05,3686.15,36706
2019-10-18,3688.95,3745.0,3670.05,3742.5,29744
2019-10-22,3742.4,3800.0,3656.0,3673.1,23709
2019-10-23,3675.2,3731.25,3650.0,3662.55,16167
2019-10-24,3662.0,3734.0,3650.0,3666.1,15525
2019-10-25,3705.0,3716.0,3631.0,3651.2,11937
2019-10-27,3602.0,3705.85,3602.0,3692.3,3618
2019-10-29,3684.15,3725.0,3662.0,3695.35,23522
2019-10-30,3706.95,3715.0,3675.65,3682.85,10490
2019-10-31,3709.0,3711.85,3650.0,3669.7,19164
2019-11-01,3668.95,3738.1,3668.95,3698.2,55997
2019-11-04,3708.0,3806.0,3677.0,3708.95,43348
2019-11-05,3700.0,3745.0,3695.1,3728.05,17767
2019-11-06,3738.25,3760.0,3700.0,3728.7,12845
2019-11-07,3745.0,3850.0,3726.05,3799.95,39080
2019-11-08,3830.0,3903.95,3763.2,3777.1,34834
2019-11-11,3792.0,3792.0,3705.1,3710.85,55191
2019-11-13,3711.0,3787.55,3707.45,3718.05,20620
2019-11-14,3735.0,3750.0,3695.0,3716.25,23300
2019-11-15,3724.8,3738.8,3706.5,3720.05,9304
2019-11-18,3720.05,3733.0,3680.85,3701.9,106305
2019-11-19,3707.1,3794.25,3705.0,3730.4,17577
2019-11-20,3757.0,3757.0,3692.0,3702.05,11041
2019-11-21,3713.95,3718.0,3680.0,3687.8,6206
2019-11-22,3676.0,3735.0,3676.0,3691.3,9917
2019-11-25,3712.95,3729.0,3666.65,3700.5,17504
2019-11-26,3705.0,3713.5,3628.7,3669.05,37516
2019-11-27,3666.0,3681.75,3629.35,3651.9,36989
2019-11-28,3653.15,3675.95,3610.25,3634.65,37306
2019-11-29,3620.05,3625.15,3552.0,3564.35,12025
2019-12-02,3565.0,3565.0,3510.0,3517.45,23036
2019-12-03,3516.05,3547.6,3475.0,3484.1,11348
2019-12-04,3460.05,3489.5,3452.6,3461.55,9131
2019-12-05,3459.0,3484.0,3428.75,3448.85,67255
2019-12-06,3457.8,3457.8,3405.1,3411.8,21071
2019-12-09,3406.05,3416.0,3371.0,3380.5,13740
2019-12-10,3381.0,3410.0,3272.8,3296.25,27276
2019-12-11,3316.4,3415.0,3305.8,3381.25,43319
2019-12-12,3386.5,3432.95,3304.95,3359.75,59401
2019-12-13,3351.0,3382.15,3305.55,3315.35,18923
2019-12-16,3320.05,3344.15,3259.0,3279.35,94036
2019-12-17,3280.0,3315.5,3279.0,3286.1,94650
2019-12-18,3287.05,3298.85,3277.5,3282.55,54838
2019-12-19,3283.15,3323.3,3283.15,3305.75,22511
2019-12-20,3316.0,3328.55,3250.0,3287.6,75225
2019-12-23,3277.0,3380.0,3255.05,3353.6,15657
2019-12-24,3363.1,3445.0,3345.45,3441.35,28086
2019-12-26,3450.0,3500.0,3410.25,3427.2,19617
2019-12-27,3420.0,3520.0,3416.8,3439.1,32651
2019-12-30,3454.6,3589.85,3401.0,3430.0,23840
