date,open,high,low,close,volume
2009-03-05,8.68,8.68,8.4,8.59,1649142
2009-03-06,8.53,8.74,8.36,8.68,9795654
2009-03-09,8.67,8.79,8.46,8.7,1732698
2009-03-12,8.79,8.79,8.4,8.45,12559437
2009-03-13,8.38,8.57,8.38,8.45,2112660
2009-03-16,8.4,8.56,8.38,8.42,2371149
2009-03-17,8.42,8.52,8.33,8.39,2033163
2009-03-18,8.31,8.46,8.26,8.3,1149786
2009-03-19,8.37,8.43,8.23,8.26,772497
2009-03-20,8.11,8.36,8.11,8.24,1162755
2009-03-23,8.32,8.47,8.21,8.43,13776840
2009-03-24,8.49,8.64,8.33,8.34,3051873
2009-03-25,8.28,8.41,8.28,8.34,302742
2009-03-26,8.36,8.74,8.33,8.64,3782493
2009-03-27,8.75,8.77,8.44,8.47,3678840
2009-03-30,8.42,8.83,8.34,8.75,2207997
2009-03-31,8.77,9.02,8.77,8.93,3362931
2009-04-01,8.96,9.18,8.9,9.04,2857338
2009-04-02,9.07,9.95,9.04,9.19,14217984
2009-04-06,9.09,9.52,8.99,9.48,11594781
2009-04-08,9.2,9.89,9.2,9.43,9262143
2009-04-09,9.5,9.57,9.31,9.4,1383426
2009-04-13,9.53,9.76,9.35,9.41,3107313
2009-04-15,9.31,9.99,9.29,9.82,13507065
2009-04-16,10.05,10.08,9.39,9.44,3312243
2009-04-17,9.6,9.73,9.45,9.48,2416194
2009-04-20,9.58,9.77,8.99,9.08,2160972
2009-04-21,8.58,9.49,8.34,9.39,9877527
2009-04-22,9.49,9.54,9.01,9.2,3083652
2009-04-23,9.19,9.49,8.89,9.38,1790712
2009-04-24,9.45,9.49,9.25,9.34,1051281
2009-04-27,9.1,9.58,9.1,9.39,2645775
2009-04-28,9.29,9.58,9.26,9.46,4044051
2009-04-29,9.48,9.79,9.48,9.65,2401443
2009-05-04,9.85,9.95,9.66,9.75,3335607
2009-05-05,9.82,9.97,9.77,9.9,6888717
2009-05-06,9.73,10.12,9.73,10.02,4403619
2009-05-07,10.09,10.49,10.04,10.28,5169186
2009-05-08,10.35,10.35,9.98,10.08,1117611
2009-05-11,10.1,10.28,9.75,9.78,1919808
2009-05-12,9.57,9.82,9.49,9.8,2275317
2009-05-13,9.82,9.95,9.7,9.85,826947
2009-05-14,9.9,10.09,9.73,9.99,1389168
2009-05-15,10.0,10.1,9.95,10.03,22037896
2009-05-18,10.91,11.12,10.91,11.09,47223
2009-05-19,11.92,12.73,10.22,11.92,13355991
2009-05-20,11.61,12.64,11.46,12.46,26977500
2009-05-21,12.45,13.84,12.24,13.33,26412606
2009-05-22,13.28,13.94,12.88,13.36,13106511
2009-05-25,13.33,14.09,13.24,13.54,5522616
2009-05-26,13.58,13.64,12.83,13.09,5895351
2009-05-27,13.13,13.58,13.13,13.32,14200065
2009-05-28,13.13,13.38,12.71,12.87,5865255
2009-05-29,13.04,13.69,12.63,13.54,4413222
2009-06-01,13.75,13.94,13.15,13.21,5026626
2009-06-02,13.23,13.49,13.03,13.19,1662210
2009-06-03,13.11,13.31,12.96,13.06,3963564
2009-06-04,12.76,13.79,12.67,13.28,4415994
2009-06-05,13.45,14.83,13.15,14.08,30656934
2009-06-08,14.23,14.72,12.83,13.22,13222440
2009-06-09,12.98,13.29,12.76,13.12,8755263
2009-06-10,13.25,13.74,13.15,13.26,7148889
2009-06-11,13.33,13.83,13.08,13.49,7661808
2009-06-12,13.43,14.01,13.14,13.62,5142951
2009-06-15,13.62,14.13,13.18,13.81,4275018
2009-06-16,13.44,14.45,13.39,14.35,10156014
2009-06-17,14.45,14.62,12.98,13.22,14573097
2009-06-18,13.21,13.59,12.78,13.14,22128480
2009-06-19,13.23,13.62,13.08,13.31,4388175
2009-06-22,13.36,13.72,13.23,13.3,2263140
2009-06-23,12.84,13.52,12.73,13.45,2122362
2009-06-24,13.53,13.6,13.14,13.5,1798533
2009-06-25,13.42,13.89,13.23,13.42,8578350
2009-06-26,13.42,13.73,13.23,13.5,1112067
2009-06-29,13.34,14.22,13.34,13.84,8789913
2009-06-30,13.89,14.12,12.9,13.28,6287589
2009-07-01,13.42,14.23,13.23,13.88,4947723
2009-07-02,14.16,14.73,13.79,13.89,21850388
2009-07-03,13.84,14.23,13.54,14.01,7305111
2009-07-06,14.14,14.45,13.18,13.5,17072352
2009-07-07,13.4,13.74,13.23,13.63,6062661
2009-07-08,13.33,14.34,12.96,13.96,6840999
2009-07-09,13.89,14.18,13.8,14.03,6470937
2009-07-10,13.76,14.38,13.56,13.73,3517668
2009-07-13,13.67,13.84,13.14,13.32,1194930
2009-07-14,13.38,14.02,13.38,13.8,2231856
2009-07-15,13.84,14.55,13.64,14.21,2941092
2009-07-16,14.48,14.54,14.05,14.18,5620725
2009-07-17,14.34,14.42,13.99,14.17,20973150
2009-07-20,14.26,15.49,14.18,15.29,19924344
2009-07-21,15.41,15.58,15.06,15.27,12706650
2009-07-22,15.4,15.5,14.13,14.32,10189476
2009-07-23,14.55,14.76,13.84,14.05,16515180
2009-07-24,14.3,14.43,14.1,14.2,7347582
2009-07-27,14.39,15.25,14.39,14.83,9014841
2009-07-28,15.13,15.17,14.83,14.92,4950693
2009-07-29,14.83,14.95,13.99,14.34,5481729
2009-07-30,14.58,14.83,14.35,14.65,6564492
2009-07-31,14.9,15.2,14.68,14.83,7048602
2009-08-03,14.61,15.01,14.55,14.85,2000592
2009-08-04,14.87,15.24,14.81,15.04,5220963
2009-08-05,14.89,15.2,14.85,14.86,1936737
2009-08-06,14.95,15.04,14.45,14.61,2973069
2009-08-07,14.61,14.84,14.29,14.36,2363031
2009-08-10,14.37,14.84,14.18,14.51,2685078
2009-08-11,14.36,14.54,14.19,14.25,3395403
2009-08-12,14.21,14.55,13.96,14.25,3583404
2009-08-13,14.52,14.99,14.45,14.75,4931289
2009-08-14,14.85,15.16,14.7,15.09,4480443
2009-08-17,14.73,14.99,14.36,14.52,1527075
2009-08-18,14.79,14.85,14.21,14.78,1365408
2009-08-19,14.67,14.89,14.24,14.48,1670724
2009-08-20,14.61,14.79,14.61,14.65,782100
2009-08-21,14.49,14.9,14.37,14.82,1502226
2009-08-24,14.95,15.09,14.77,14.84,2636964
2009-08-25,14.89,14.92,14.35,14.45,9221355
2009-08-26,14.49,14.74,14.29,14.35,8665371
2009-08-27,14.34,14.55,14.19,14.35,7222149
2009-08-28,14.36,14.55,14.29,14.35,13332132
2009-08-31,14.33,14.65,14.25,14.4,4199184
2009-09-01,14.51,14.65,13.91,14.09,24241734
2009-09-02,13.91,14.34,13.79,14.09,16557453
2009-09-03,14.16,14.34,14.11,14.13,1148004
2009-09-04,14.16,14.24,14.01,14.15,4619142
2009-09-07,14.22,14.34,14.17,14.27,3477177
2009-09-08,14.34,14.34,14.08,14.21,46571084
2009-09-09,14.2,14.34,14.08,14.17,24440922
2009-09-10,14.34,14.34,13.92,14.01,1751805
2009-09-11,14.14,14.14,13.76,13.85,10834758
2009-09-14,13.77,14.12,13.66,14.04,1880010
2009-09-15,14.08,14.22,13.87,13.94,3219678
2009-09-16,13.99,14.24,13.86,13.92,2419362
2009-09-17,14.04,14.14,13.89,13.97,3514995
2009-09-18,14.04,14.2,13.84,14.1,3197997
2009-09-22,14.16,14.54,14.16,14.45,6984450
2009-09-23,14.24,14.62,14.24,14.45,16584381
2009-09-24,14.29,14.55,14.24,14.41,3948912
2009-09-25,14.15,14.53,14.15,14.33,6467175
2009-09-29,14.27,14.6,14.16,14.35,10741995
2009-09-30,14.28,15.63,14.17,15.49,15146802
2009-10-01,15.36,16.18,15.07,15.9,11439252
2009-10-05,15.52,16.61,15.18,16.45,21973544
2009-10-06,16.45,16.73,15.67,16.18,12349557
2009-10-07,16.22,16.46,15.86,16.01,5872185
2009-10-08,16.1,16.1,15.51,15.83,4801599
2009-10-09,16.11,16.11,15.16,15.33,2692008
2009-10-12,14.97,15.86,14.97,15.69,5975838
2009-10-14,15.67,15.86,15.48,15.61,2711016
2009-10-15,15.87,15.87,15.36,15.57,1302939
2009-10-16,15.77,15.77,15.25,15.31,4342239
2009-10-17,15.5,16.01,15.25,15.88,2139885
2009-10-20,15.94,16.04,15.35,15.45,3393522
2009-10-21,15.16,15.8,14.95,15.32,2688543
2009-10-22,15.3,15.81,15.12,15.35,4818132
2009-10-23,15.4,15.75,15.35,15.45,1699929
2009-10-26,15.4,15.65,15.01,15.28,1807542
2009-10-27,15.05,15.15,14.66,14.81,2098899
2009-10-28,14.6,14.81,14.35,14.62,1461339
2009-10-29,14.35,14.54,14.04,14.11,3260466
2009-10-30,14.29,14.67,13.97,14.42,5691015
2009-11-03,14.82,15.42,14.49,14.93,11779218
2009-11-04,15.19,15.51,15.07,15.38,3326499
2009-11-05,15.55,16.4,15.47,16.33,9413019
2009-11-06,16.85,16.85,16.11,16.25,3939012
2009-11-09,16.56,16.56,16.03,16.09,1632609
2009-11-10,16.26,16.37,15.86,16.03,3511728
2009-11-11,16.07,16.52,15.92,16.39,5328279
2009-11-12,16.32,16.66,16.06,16.18,3423123
2009-11-13,16.17,16.38,16.08,16.2,2884959
2009-11-16,16.36,16.42,16.02,16.11,3468960
2009-11-17,16.06,16.34,15.98,16.25,3386691
2009-11-18,16.25,16.62,16.1,16.48,9215910
2009-11-19,16.61,16.66,15.69,15.83,7624485
2009-11-20,15.76,15.96,15.46,15.88,2977425
2009-11-23,15.92,16.76,15.77,16.64,8902971
2009-11-24,16.74,17.28,16.58,17.0,10792782
2009-11-25,17.07,17.58,16.97,17.46,9569736
2009-11-26,17.48,17.66,17.23,17.33,5690718
2009-11-27,17.17,17.97,16.79,17.87,14195016
2009-11-30,18.08,18.33,17.79,18.13,9752886
2009-12-01,18.25,18.48,18.13,18.28,14653881
2009-12-02,18.38,18.73,18.09,18.63,15360741
2009-12-03,18.81,18.83,18.47,18.68,10479546
2009-12-04,18.89,18.98,18.36,18.55,1886148
2009-12-07,18.58,18.68,18.43,18.61,2830608
2009-12-08,18.84,19.25,18.65,19.14,10803177
2009-12-09,19.13,19.43,18.89,19.26,5706855
2009-12-10,19.25,19.39,19.01,19.28,5193936
2009-12-11,19.27,19.49,18.99,19.36,4055931
2009-12-14,19.29,19.39,18.94,19.02,1990593
2009-12-15,19.29,19.29,18.81,18.9,3058011
2009-12-16,19.06,19.32,18.5,19.13,3836151
2009-12-17,18.95,19.29,18.95,19.0,1416096
2009-12-18,19.13,19.13,18.81,18.89,1092465
2009-12-21,18.74,18.98,18.69,18.76,3023262
2009-12-22,19.18,19.18,18.64,18.72,1465002
2009-12-23,18.88,19.58,18.64,19.25,6050484
2009-12-24,19.29,19.47,18.86,19.07,2998710
2009-12-29,19.27,19.27,18.83,18.98,928422
2009-12-30,19.16,19.54,18.89,19.34,1855062
2009-12-31,19.24,19.81,19.2,19.61,8915247
2010-01-04,19.7,19.94,19.55,19.68,7048998
2010-01-05,19.8,19.88,19.61,19.74,4961484
2010-01-06,19.71,19.77,19.51,19.6,1252251
2010-01-07,19.7,19.75,19.43,19.49,1266012
2010-01-08,19.27,19.58,19.27,19.51,2553705
2010-01-11,19.52,20.78,19.37,20.49,13219272
2010-01-12,20.48,20.81,19.84,19.92,4437576
2010-01-13,19.92,20.62,19.76,20.34,5629338
2010-01-14,20.51,21.2,20.32,20.91,14958207
2010-01-15,21.16,21.88,20.72,20.91,10269072
2010-01-18,20.73,21.61,20.71,21.21,7632207
2010-01-19,21.24,21.62,20.65,20.77,5140080
2010-01-20,20.98,21.21,20.35,20.51,5129487
2010-01-21,20.51,20.78,19.94,20.21,4840110
2010-01-22,19.91,20.29,19.49,20.15,6182253
2010-01-25,20.1,20.1,19.6,19.72,4688145
2010-01-27,19.8,19.85,19.57,19.6,8576469
2010-01-28,19.75,20.0,19.63,19.81,9076815
2010-01-29,19.9,20.02,18.98,19.62,10304019
2010-02-01,20.02,20.4,19.8,20.24,11437866
2010-02-02,20.35,20.55,19.45,19.57,11954349
2010-02-03,19.8,20.89,19.7,20.04,40411404
2010-02-04,20.15,20.45,19.81,20.09,13308174
2010-02-05,19.8,19.87,19.45,19.67,6843474
2010-02-06,19.92,20.38,19.72,20.15,688149
2010-02-08,20.31,20.31,19.7,19.8,5905647
2010-02-09,19.67,19.87,19.55,19.69,5846148
2010-02-10,20.19,20.19,19.65,19.95,11379159
2010-02-11,20.02,20.13,19.84,19.93,2024451
2010-02-15,20.0,20.27,19.95,20.14,4534398
2010-02-16,20.27,21.01,20.22,20.89,12084732
2010-02-17,20.89,21.16,20.66,20.78,9184626
2010-02-18,21.0,21.09,20.74,20.95,9209079
2010-02-19,20.86,21.05,20.51,20.75,4575087
2010-02-22,20.94,21.13,20.61,20.68,2187207
2010-02-23,20.7,20.7,20.32,20.51,20759804
2010-02-24,20.9,20.9,20.22,20.4,11403711
2010-02-25,20.5,20.5,20.0,20.18,5417082
2010-02-26,20.35,20.58,20.15,20.21,5411934
2010-03-02,20.49,20.61,20.17,20.22,3810213
2010-03-03,20.45,20.85,20.21,20.3,7203240
2010-03-04,20.55,20.55,20.29,20.39,3898818
2010-03-05,20.42,21.66,20.42,20.79,20534184
2010-03-08,21.16,21.34,20.92,21.07,5240466
2010-03-09,21.16,21.46,20.88,21.13,6486975
2010-03-10,21.07,21.31,20.88,20.95,6560631
2010-03-11,20.61,21.11,20.61,20.9,12597156
2010-03-12,21.06,21.11,20.72,21.07,2359467
2010-03-15,21.13,21.14,20.64,20.79,4801203
2010-03-16,20.76,21.11,20.71,20.99,2053260
2010-03-17,21.02,21.68,20.96,21.26,10743381
2010-03-18,21.19,21.55,21.07,21.23,5569542
2010-03-19,21.31,22.58,21.21,22.42,36711776
2010-03-22,22.38,22.75,22.11,22.37,9176409
2010-03-23,22.05,22.71,22.05,22.24,10196010
2010-03-25,22.27,22.42,22.02,22.32,5242149
2010-03-26,22.42,22.52,21.96,22.04,5299074
2010-03-29,21.87,22.22,21.8,21.87,5691114
2010-03-30,21.94,22.42,21.73,22.11,4473711
2010-03-31,21.98,22.42,21.77,22.25,6365898
2010-04-01,22.37,22.37,21.72,22.08,4974651
2010-04-05,22.26,22.26,21.03,21.24,19198376
2010-04-06,21.32,21.32,20.17,20.27,38550700
2010-04-07,20.39,20.53,19.82,20.04,15113736
2010-04-08,20.0,20.34,19.86,20.0,8405892
2010-04-09,20.05,20.19,19.85,19.88,5893470
2010-04-12,20.0,20.1,19.6,19.73,8165817
2010-04-13,19.65,19.95,19.42,19.55,8958312
2010-04-15,19.61,19.7,19.1,19.18,13402719
2010-04-16,19.18,19.33,18.94,19.08,6678342
2010-04-19,19.06,19.09,18.63,18.92,11590227
2010-04-20,19.1,19.34,18.95,19.18,9550332
2010-04-21,19.29,19.35,19.04,19.17,4585779
2010-04-22,19.14,19.24,18.95,19.11,10984050
2010-04-23,19.01,19.3,19.0,19.1,4839912
2010-04-26,19.18,19.28,19.0,19.13,5580927
2010-04-27,19.01,19.24,18.71,18.78,5962176
2010-04-28,18.69,18.73,18.43,18.54,5580234
2010-04-29,18.42,18.73,18.2,18.36,4119390
2010-04-30,18.42,18.82,18.09,18.38,11105820
2010-05-03,18.36,18.67,18.23,18.41,5234229
2010-05-04,18.58,18.58,17.95,18.16,4031082
2010-05-05,17.98,18.36,17.53,18.22,5903667
2010-05-06,18.0,18.52,18.0,18.15,3651219
2010-05-07,17.89,18.27,17.69,18.0,6516081
2010-05-10,18.45,18.45,18.0,18.19,5387580
2010-05-11,18.93,18.93,18.08,18.19,2408373
2010-05-12,18.79,18.79,17.98,18.2,2680722
2010-05-13,18.42,18.49,18.0,18.18,5616765
2010-05-14,18.18,18.46,17.7,18.03,3146715
2010-05-17,17.78,18.03,17.42,17.95,9473607
2010-05-18,18.03,18.64,17.9,18.37,2968812
2010-05-19,18.19,18.39,17.76,18.03,2839716
2010-05-20,18.07,18.23,17.62,17.72,3390849
2010-05-21,17.42,17.62,17.22,17.51,2203245
2010-05-24,17.87,17.87,17.49,17.67,2546181
2010-05-25,17.76,17.78,17.02,17.1,4831596
2010-05-26,17.32,17.37,17.06,17.15,2653794
2010-05-27,17.26,17.35,16.64,16.79,8434107
2010-05-28,17.07,17.36,16.79,17.26,2258487
2010-05-31,17.29,17.6,17.13,17.36,2895255
2010-06-01,17.36,17.36,17.12,17.23,5321547
2010-06-02,17.23,17.53,16.89,17.17,7669530
2010-06-03,17.43,17.45,17.19,17.26,1962576
2010-06-04,17.06,17.37,17.06,17.33,1064052
2010-06-07,17.32,17.32,16.79,17.07,2202453
2010-06-08,16.92,17.17,16.74,16.82,6897924
2010-06-09,17.0,17.11,16.83,16.92,3040983
2010-06-10,16.82,17.21,16.82,17.11,9751203
2010-06-11,17.22,17.74,17.12,17.47,6296598
2010-06-14,17.55,17.9,17.55,17.84,5217498
2010-06-15,17.84,18.15,17.7,18.05,4243635
2010-06-16,18.1,18.68,17.99,18.54,5697945
2010-06-17,18.55,18.63,18.28,18.35,5337090
2010-06-18,18.22,18.43,17.93,18.09,3164337
2010-06-21,17.93,18.3,17.88,18.2,3150972
2010-06-22,18.15,18.34,17.7,18.06,2051379
2010-06-23,17.78,18.16,17.78,17.97,2295216
2010-06-24,18.05,18.11,17.34,17.48,12183732
2010-06-25,17.42,17.77,17.12,17.28,5671314
2010-06-28,17.13,17.68,17.13,17.61,10157598
2010-06-29,17.77,17.77,17.28,17.42,2286009
2010-06-30,17.27,17.76,17.17,17.55,7159977
2010-07-01,17.4,17.55,17.25,17.36,2068506
2010-07-02,17.31,17.58,17.28,17.41,2242548
2010-07-05,17.42,17.73,17.42,17.68,2829222
2010-07-06,17.74,18.18,17.68,18.08,8640126
2010-07-07,18.18,18.26,17.73,17.87,4617954
2010-07-08,17.91,18.27,17.91,18.19,5451435
2010-07-09,18.23,18.45,18.14,18.22,5012964
2010-07-12,18.43,18.43,18.15,18.21,2162952
2010-07-13,18.24,18.48,18.04,18.34,1838034
2010-07-14,18.46,18.53,17.79,17.98,4393125
2010-07-15,18.17,18.17,17.85,17.98,4562118
2010-07-16,17.98,18.31,17.88,18.15,2565090
2010-07-19,18.16,18.33,17.93,18.15,2060190
2010-07-20,18.02,18.29,18.02,18.09,1775664
2010-07-21,18.04,18.33,17.93,18.2,2834964
2010-07-22,18.3,18.37,18.13,18.28,1768833
2010-07-23,18.3,19.14,18.23,18.65,17664372
2010-07-26,18.94,18.94,18.38,18.46,6027021
2010-07-27,18.67,18.67,18.16,18.35,2965446
2010-07-28,18.55,18.55,18.03,18.11,1562616
2010-07-29,18.13,18.23,17.93,17.97,3654288
2010-07-30,18.08,18.33,18.03,18.28,3733488
2010-08-02,18.23,18.46,18.1,18.33,1676565
2010-08-03,18.33,18.45,18.14,18.31,898227
2010-08-04,18.43,18.45,18.04,18.14,1771506
2010-08-05,18.42,18.42,17.78,17.85,2932578
2010-08-06,17.85,17.85,17.63,17.67,8646363
2010-08-09,17.65,18.41,17.65,18.12,8360550
2010-08-10,18.37,18.38,17.9,17.98,2762595
2010-08-11,18.08,18.08,17.67,17.72,1387188
2010-08-12,17.68,17.81,17.43,17.48,3453120
2010-08-13,17.49,17.67,17.41,17.48,4616370
2010-08-16,17.52,17.63,17.4,17.54,5046624
2010-08-17,17.67,17.67,17.37,17.4,2953368
2010-08-18,17.42,17.62,17.24,17.43,6419655
2010-08-19,17.62,17.67,17.39,17.59,1923273
2010-08-20,17.42,18.28,17.42,17.89,13444794
2010-08-23,17.71,18.02,17.42,17.49,4102758
2010-08-24,17.58,17.68,17.32,17.41,3638745
2010-08-25,17.22,17.47,16.84,16.92,8037216
2010-08-26,16.97,17.25,16.89,17.03,12267486
2010-08-27,17.06,17.17,16.72,16.86,9642402
2010-08-30,16.97,17.12,16.77,16.89,3038013
2010-08-31,16.87,18.17,16.58,16.77,2107710
2010-09-01,16.87,17.25,16.78,17.12,3988116
2010-09-02,17.21,17.58,17.02,17.42,5109291
2010-09-03,17.52,17.78,17.36,17.51,3058209
2010-09-06,17.6,17.85,17.39,17.63,5555484
2010-09-07,17.58,17.78,17.38,17.44,2757447
2010-09-08,17.48,17.61,17.25,17.28,2435004
2010-09-09,17.29,17.52,17.22,17.26,9073746
2010-09-13,17.36,18.16,17.35,17.96,16000677
2010-09-14,18.08,18.28,17.88,17.95,7718139
2010-09-15,18.08,18.48,17.91,18.34,11009097
2010-09-16,18.3,18.73,18.1,18.25,14981868
2010-09-17,18.28,18.67,18.28,18.57,9009297
2010-09-20,18.57,18.73,18.25,18.33,7033455
2010-09-21,18.58,18.69,17.87,18.1,10783971
2010-09-22,18.79,18.79,17.73,17.95,8366193
2010-09-23,17.99,18.17,17.77,17.91,15785550
2010-09-24,18.01,18.01,17.78,17.82,3305511
2010-09-27,17.85,18.13,17.85,17.95,5273235
2010-09-28,18.02,18.08,17.88,17.93,7543404
2010-09-29,17.88,18.23,17.73,17.79,15792282
2010-09-30,17.81,17.93,17.46,17.57,9958113
2010-10-01,17.67,17.96,17.63,17.89,3988413
2010-10-04,17.97,18.49,17.96,18.32,8900694
2010-10-05,18.32,18.48,18.13,18.22,15213132
2010-10-06,18.26,18.91,18.26,18.83,22000176
2010-10-07,18.89,19.48,18.85,18.94,22062546
2010-10-08,19.08,19.29,18.69,18.91,7460739
2010-10-11,18.94,19.21,18.92,19.02,4826547
2010-10-12,19.05,19.09,18.56,18.69,4394511
2010-10-13,18.92,18.92,18.62,18.67,12548646
2010-10-14,18.69,18.89,18.42,18.59,4223439
2010-10-15,18.64,18.64,17.6,17.7,9279765
2010-10-18,17.72,17.98,17.42,17.95,15074730
2010-10-19,18.06,18.18,17.83,17.93,3353229
2010-10-20,17.83,17.93,17.55,17.82,7980786
2010-10-21,17.92,17.98,17.79,17.86,1205523
2010-10-22,17.93,18.04,17.8,17.93,1757745
2010-10-25,17.98,18.0,17.88,17.97,2606769
2010-10-26,17.98,17.98,17.78,17.83,592119
2010-10-27,17.83,17.92,17.68,17.76,5087610
2010-10-28,17.63,17.83,17.2,17.44,11169972
2010-10-29,17.65,17.65,16.16,16.49,11695464
2010-11-01,16.77,16.82,16.42,16.58,22997106
2010-11-02,16.57,16.98,16.52,16.91,4735071
2010-11-03,17.07,17.7,16.73,17.57,15311934
2010-11-04,17.62,17.76,17.36,17.53,1683396
2010-11-05,17.68,17.73,17.41,17.51,278784
2010-11-08,17.68,17.68,17.52,17.64,886446
2010-11-09,17.68,17.68,17.42,17.59,8780706
2010-11-10,17.51,17.6,17.27,17.4,4128498
2010-11-11,17.6,17.6,17.17,17.22,838134
2010-11-12,17.29,17.52,17.07,17.15,6561423
2010-11-15,17.17,17.3,16.88,17.21,7582905
2010-11-16,17.22,17.26,16.92,17.13,5603400
2010-11-18,17.12,17.62,16.85,17.27,5385798
2010-11-19,17.42,17.42,16.99,17.05,8801991
2010-11-22,17.12,17.32,16.92,17.27,1474704
2010-11-23,17.17,17.42,16.97,17.1,6855651
2010-11-24,17.26,17.42,17.05,17.27,27935324
2010-11-25,17.37,17.39,17.15,17.26,12666258
2010-11-26,17.17,17.42,16.87,17.32,6773976
2010-11-29,17.23,17.41,16.88,17.27,2920005
2010-11-30,17.37,17.55,17.18,17.29,3462327
2010-12-01,17.41,17.55,17.23,17.44,825462
2010-12-02,17.58,17.77,17.48,17.56,3046428
2010-12-03,17.71,17.77,17.4,17.59,15716052
2010-12-06,17.68,18.11,17.59,17.98,4776354
2010-12-07,18.12,18.25,17.83,18.0,2765961
2010-12-08,17.78,18.08,17.66,17.73,855459
2010-12-09,18.01,18.01,17.5,17.62,5362236
2010-12-10,17.32,17.58,17.07,17.35,2336697
2010-12-13,17.31,17.49,17.12,17.38,622908
2010-12-14,17.29,17.68,17.27,17.52,1113750
2010-12-15,17.3,17.68,16.68,17.48,2218194
2010-12-16,17.48,17.55,17.3,17.45,544005
2010-12-20,17.3,17.7,17.27,17.42,1585485
2010-12-21,17.37,17.88,17.37,17.75,1451637
2010-12-22,17.78,17.94,17.62,17.88,5590530
2010-12-23,17.78,17.98,17.78,17.92,729828
2010-12-24,17.7,17.88,17.48,17.6,966141
2010-12-27,17.76,17.77,17.39,17.45,409959
2010-12-28,17.52,17.55,17.24,17.42,826551
2010-12-29,17.4,17.44,17.21,17.27,4208193
2010-12-30,17.33,17.93,17.24,17.72,2297592
2011-01-03,18.08,18.13,17.69,17.72,1927233
2011-01-04,17.78,17.88,17.54,17.78,3721608
2011-01-05,17.63,17.86,17.59,17.76,968121
2011-01-06,17.76,17.9,17.59,17.74,1109691
2011-01-07,17.59,17.93,17.59,17.71,2070684
2011-01-10,17.53,17.71,17.07,17.22,588852
2011-01-11,17.33,17.33,16.78,17.0,2481435
2011-01-12,17.07,17.08,16.59,16.92,2245419
2011-01-13,17.15,17.42,16.89,16.93,1604889
2011-01-14,17.07,17.42,16.79,17.15,2170476
2011-01-17,17.07,17.17,16.88,17.1,1843281
2011-01-18,17.01,17.27,17.01,17.06,4304421
2011-01-19,17.27,17.27,17.03,17.13,383823
2011-01-20,16.79,17.22,16.41,17.19,1036827
2011-01-21,17.22,17.62,17.17,17.55,1454013
2011-01-24,17.57,17.62,17.29,17.32,428274
2011-01-25,17.5,17.85,17.22,17.29,1872189
2011-01-27,17.27,17.67,17.1,17.34,2826648
2011-01-28,17.31,17.41,16.44,17.03,7377975
2011-01-31,16.98,17.98,16.52,17.69,4929804
2011-02-01,17.56,17.85,17.27,17.44,3291156
2011-02-02,17.93,17.93,17.21,17.6,1142955
2011-02-03,17.54,18.62,17.26,17.45,3571425
2011-02-04,17.65,17.65,16.97,17.11,801108
2011-02-07,17.32,17.32,16.95,17.0,1620531
2011-02-08,17.12,17.12,16.9,16.97,968319
2011-02-09,17.09,17.09,16.31,16.74,2422035
2011-02-10,16.66,16.77,16.28,16.48,2219679
2011-02-11,16.57,16.95,16.31,16.71,701019
2011-02-14,16.97,17.33,16.87,17.21,1125630
2011-02-15,17.55,17.57,16.82,17.02,958914
2011-02-16,17.15,17.15,16.63,16.71,1504701
2011-02-17,16.67,17.06,16.67,16.92,929709
2011-02-18,16.77,17.07,16.67,16.95,1103949
2011-02-21,16.99,16.99,16.58,16.78,976635
2011-02-22,16.87,16.92,16.67,16.74,1186713
2011-02-23,16.57,16.95,16.57,16.88,1093356
2011-02-24,16.89,17.12,16.42,16.96,4367187
2011-02-25,17.55,17.55,16.82,16.99,2249577
2011-02-28,17.09,17.22,16.67,16.76,6235713
2011-03-01,16.92,17.17,16.81,17.13,1037223
2011-03-03,16.87,17.17,16.87,16.92,892089
2011-03-04,17.02,17.27,16.92,16.97,1255122
2011-03-07,16.9,17.12,16.73,16.93,654192
2011-03-08,16.92,17.05,16.69,16.77,1182258
2011-03-09,16.87,16.91,16.68,16.72,1090881
2011-03-10,16.72,17.02,16.62,16.96,1273833
2011-03-11,16.77,17.1,16.58,16.69,922383
2011-03-14,16.73,16.89,16.68,16.75,313335
2011-03-15,16.7,16.92,16.52,16.83,1415997
2011-03-16,16.9,16.9,16.67,16.76,1361646
2011-03-17,16.76,16.76,16.36,16.42,3267990
2011-03-18,16.85,16.85,16.36,16.73,3922776
2011-03-21,16.75,17.0,16.49,16.68,931986
2011-03-22,16.98,16.98,16.59,16.79,704682
2011-03-23,16.74,16.87,16.62,16.84,338481
2011-03-24,16.97,17.45,16.86,17.13,14271642
2011-03-25,17.17,17.22,16.98,17.01,4771998
2011-03-28,17.1,17.27,16.97,17.07,4612410
2011-03-29,17.15,17.15,16.92,17.02,1443717
2011-03-30,17.12,17.12,16.97,17.05,2985048
2011-03-31,16.83,17.17,16.79,17.0,6096222
2011-04-01,17.11,17.12,16.92,17.02,1024749
2011-04-04,16.67,17.08,16.62,17.04,4271850
2011-04-05,16.97,17.84,16.97,17.58,5113548
2011-04-06,17.58,18.17,17.58,18.12,3975741
2011-04-07,18.12,18.53,18.12,18.46,4844268
2011-04-08,18.52,18.6,18.04,18.47,4412232
2011-04-11,18.43,18.83,18.21,18.54,4290660
2011-04-13,18.64,18.82,18.39,18.65,2197503
2011-04-15,18.57,18.87,18.43,18.59,1832094
2011-04-18,18.54,18.94,18.37,18.45,2236410
2011-04-19,18.38,18.78,18.22,18.47,1099989
2011-04-20,18.54,18.84,18.54,18.8,1372833
2011-04-21,18.98,19.08,18.69,18.91,1403226
2011-04-25,18.96,18.96,18.43,18.5,871101
2011-04-26,18.61,18.61,18.26,18.42,730521
2011-04-27,18.58,18.79,18.43,18.52,2747844
2011-04-28,18.65,18.72,18.34,18.48,1855755
2011-04-29,18.99,19.06,18.1,18.5,9748035
2011-05-02,18.69,18.83,18.33,18.45,1126521
2011-05-03,18.32,18.56,17.8,17.92,990495
2011-05-04,18.18,18.37,17.61,18.19,956736
2011-05-05,18.43,18.57,17.92,18.02,1267893
2011-05-06,17.9,18.42,17.8,18.13,2032866
2011-05-09,18.23,18.33,18.01,18.11,888228
2011-05-10,18.18,18.4,18.01,18.07,806157
2011-05-11,18.18,18.27,17.53,17.73,1752795
2011-05-12,17.73,17.85,17.22,17.35,2284227
2011-05-13,17.34,17.6,17.21,17.36,2665080
2011-05-16,17.36,17.52,17.19,17.37,809127
2011-05-17,17.27,17.42,17.19,17.27,1024155
2011-05-18,17.27,17.56,17.22,17.37,1655775
2011-05-19,17.22,17.45,17.17,17.19,623601
2011-05-20,17.17,17.4,17.17,17.38,1486386
2011-05-23,17.37,17.39,16.97,17.04,1792791
2011-05-24,17.03,17.26,16.92,17.2,901890
2011-05-25,17.2,17.37,17.04,17.37,734184
2011-05-26,17.36,17.36,16.88,16.93,1563111
2011-05-27,17.0,17.17,16.98,17.05,1362933
2011-05-30,17.22,17.22,16.74,16.82,1587069
2011-05-31,16.82,17.02,16.72,16.78,1878822
2011-06-01,16.99,17.32,16.88,17.28,3128796
2011-06-02,17.15,17.3,16.85,16.93,1295613
2011-06-03,17.15,17.15,16.62,16.7,1674981
2011-06-06,16.72,16.99,16.72,16.92,568062
2011-06-07,16.92,17.04,16.79,16.95,718542
2011-06-08,16.95,17.02,16.67,16.77,18875142
2011-06-09,16.9,17.07,16.69,16.98,1059498
2011-06-10,17.06,17.14,16.73,17.01,1768041
2011-06-13,17.07,17.07,16.82,16.95,1661517
2011-06-14,17.07,17.07,16.75,16.92,7286499
2011-06-15,16.77,17.05,16.77,16.97,1354815
2011-06-16,16.97,17.02,16.84,16.96,432729
2011-06-17,16.98,16.98,16.66,16.71,817443
2011-06-20,16.81,16.82,15.78,16.2,2437380
2011-06-21,16.2,16.59,15.91,15.96,1914363
2011-06-22,16.06,16.34,15.78,15.85,1772199
2011-06-23,15.79,15.9,15.62,15.65,418473
2011-06-24,15.91,15.91,15.65,15.71,3229776
2011-06-27,15.51,15.83,15.48,15.73,6867135
2011-06-28,15.85,16.1,15.76,16.07,3853674
2011-06-29,16.16,16.57,16.08,16.14,2036925
2011-06-30,16.36,16.42,15.97,16.24,1713690
2011-07-01,15.91,16.51,15.91,16.39,2318976
2011-07-04,16.52,16.8,16.42,16.77,5908617
2011-07-05,16.86,16.86,16.47,16.59,1354320
2011-07-06,16.61,16.62,16.46,16.52,895158
2011-07-07,16.62,16.87,16.52,16.84,3754872
2011-07-08,16.84,16.97,16.61,16.87,7868916
2011-07-11,16.62,17.16,16.62,16.9,2336004
2011-07-12,16.87,16.97,16.86,16.87,1305513
2011-07-13,16.87,17.02,16.83,16.97,990396
2011-07-14,17.06,17.17,16.89,17.09,2635479
2011-07-15,16.87,17.36,16.67,17.22,1445400
2011-07-18,17.22,17.42,17.22,17.33,1269279
2011-07-19,17.42,17.42,17.22,17.41,2108700
2011-07-20,17.42,17.58,17.27,17.43,1748241
2011-07-21,17.27,17.52,17.27,17.36,840213
2011-07-22,17.48,17.68,17.3,17.52,2476188
2011-07-25,17.52,17.61,17.51,17.56,19610316
2011-07-26,17.57,17.73,17.45,17.53,6726357
2011-07-27,17.99,17.99,17.42,17.55,1279971
2011-07-28,17.48,17.62,17.45,17.55,6585084
2011-07-29,17.68,17.83,17.3,17.73,8435790
2011-08-01,17.85,17.89,17.19,17.36,8552313
2011-08-02,17.52,17.78,17.17,17.21,1842390
2011-08-03,17.17,17.17,16.69,16.75,16491816
2011-08-04,17.05,17.12,16.85,16.88,2399463
2011-08-05,16.57,16.92,16.35,16.88,1224729
2011-08-08,16.55,16.69,16.32,16.36,3843675
2011-08-09,15.96,16.82,15.67,16.57,1287198
2011-08-10,16.37,16.85,16.36,16.48,2484504
2011-08-11,16.48,16.85,16.36,16.52,1934163
2011-08-12,16.47,16.87,16.46,16.59,602514
2011-08-16,16.85,16.85,16.36,16.45,831600
2011-08-17,16.66,16.82,15.58,15.77,9925443
2011-08-18,15.8,16.24,15.76,16.11,4686165
2011-08-19,16.24,16.24,15.81,15.9,2302542
2011-08-22,16.06,16.52,15.66,16.39,1099890
2011-08-23,16.16,16.49,16.1,16.22,1856547
2011-08-24,16.85,16.85,16.01,16.04,790515
2011-08-25,16.05,16.35,15.45,15.79,3277098
2011-08-26,16.14,16.14,15.48,15.72,2236707
2011-08-29,15.73,15.85,15.61,15.79,1095138
2011-08-30,15.76,16.05,15.48,15.57,2053161
2011-09-02,15.83,16.36,15.67,16.08,5800905
2011-09-05,15.96,16.41,15.96,16.25,2763585
2011-09-06,16.64,16.64,16.06,16.14,1644786
2011-09-07,16.31,16.56,16.16,16.36,1760913
2011-09-08,16.52,16.52,16.12,16.16,1085139
2011-09-09,16.34,16.34,16.11,16.22,1342242
2011-09-12,16.16,16.25,15.89,15.95,818730
2011-09-13,15.96,16.01,15.7,15.73,1941192
2011-09-14,15.71,15.95,15.7,15.88,1091475
2011-09-15,15.96,16.16,15.93,16.11,453123
2011-09-16,15.95,16.3,15.67,15.75,4579740
2011-09-19,15.66,16.14,15.66,15.85,646965
2011-09-20,16.15,16.67,15.68,15.98,455796
2011-09-21,15.98,16.21,15.86,16.04,1284030
2011-09-22,15.63,16.25,15.6,16.07,1704483
2011-09-23,15.66,16.01,15.4,15.53,12173733
2011-09-26,15.4,15.76,14.96,15.07,3510837
2011-09-27,14.9,15.35,14.9,15.3,1794177
2011-09-28,15.81,15.81,15.3,15.39,2140974
2011-09-29,15.45,15.6,15.15,15.3,2149389
2011-09-30,15.0,15.55,15.0,15.5,1793583
2011-10-03,15.06,15.45,14.77,15.04,1322838
2011-10-04,14.89,15.3,14.88,15.02,2115531
2011-10-05,15.13,15.33,15.1,15.18,1352439
2011-10-07,14.66,15.63,14.49,15.35,2203344
2011-10-10,15.42,15.42,15.21,15.36,565983
2011-10-11,15.45,15.62,15.37,15.46,1320759
2011-10-12,15.45,15.61,15.45,15.55,9888813
2011-10-13,15.57,15.75,15.55,15.68,5031180
2011-10-14,15.69,15.69,15.48,15.55,152460
2011-10-17,15.55,15.55,15.39,15.45,1962972
2011-10-18,15.35,15.61,15.34,15.36,429165
2011-10-19,15.55,15.55,15.34,15.44,577566
2011-10-20,15.61,15.61,15.34,15.37,245619
2011-10-21,15.45,15.5,15.32,15.38,1531629
2011-10-24,15.38,15.46,15.29,15.37,513909
2011-10-25,15.35,15.45,15.28,15.45,1204632
2011-10-26,15.45,15.66,15.35,15.62,162360
2011-10-28,15.7,16.03,15.7,15.88,951390
2011-10-31,16.16,16.36,15.72,15.82,2843280
2011-11-01,15.86,16.11,15.7,16.05,1018512
2011-11-02,15.89,16.04,15.71,15.79,1422531
2011-11-03,15.73,15.84,15.55,15.67,4673691
2011-11-04,16.04,16.04,15.67,15.8,1321947
2011-11-08,15.94,16.08,15.76,15.97,375804
2011-11-09,15.78,16.04,15.78,15.96,3698739
2011-11-11,15.8,16.06,15.76,16.0,2183445
2011-11-14,16.04,16.04,15.69,15.77,187506
2011-11-15,15.77,15.86,15.36,15.49,353529
2011-11-16,15.55,15.55,15.21,15.32,307494
2011-11-17,15.44,15.44,15.05,15.18,1159290
2011-11-18,15.05,15.35,14.99,15.1,4593204
2011-11-21,15.05,15.12,14.95,15.08,1451340
2011-11-22,15.05,15.25,14.95,15.18,11446182
2011-11-23,15.05,15.15,14.8,14.93,7787835
2011-11-24,15.15,15.45,14.87,15.15,13863366
2011-11-25,15.12,15.4,14.96,15.09,3015837
2011-11-28,15.25,15.33,15.05,15.18,1431936
2011-11-29,15.12,15.35,15.05,15.23,220671
2011-11-30,15.17,15.31,14.99,15.21,4273236
2011-12-01,15.25,15.51,14.87,15.02,879516
2011-12-02,15.15,15.29,15.09,15.21,322938
2011-12-05,15.22,15.35,15.05,15.14,4096323
2011-12-07,15.28,15.51,15.17,15.42,530244
2011-12-08,15.35,15.67,15.24,15.41,3763584
2011-12-09,15.33,15.51,15.08,15.45,533412
2011-12-12,15.22,15.51,15.22,15.44,839223
2011-12-13,15.25,15.4,14.89,15.04,5232150
2011-12-14,15.15,15.29,15.0,15.17,1709433
2011-12-15,14.65,15.18,14.41,15.09,2250369
2011-12-16,15.17,15.25,14.67,14.85,438372
2011-12-19,15.15,15.24,14.1,14.2,6148296
2011-12-20,14.21,14.27,13.84,14.01,2848329
2011-12-21,14.15,14.27,13.84,14.05,759627
2011-12-22,13.92,14.22,13.89,14.06,2133351
2011-12-23,14.14,14.19,13.89,14.13,1196316
2011-12-26,14.14,14.24,14.05,14.2,234036
2011-12-27,14.24,14.24,13.84,13.96,985644
2011-12-28,13.87,14.04,13.56,13.7,2078010
2011-12-29,13.74,14.03,13.33,13.61,3265713
2011-12-30,13.4,14.11,13.03,13.64,6083154
2012-01-02,13.69,13.89,13.55,13.66,1220472
2012-01-03,13.94,14.21,13.65,14.02,910008
2012-01-04,13.91,14.42,13.91,14.29,2594493
2012-01-05,14.14,14.32,14.1,14.25,2890008
2012-01-06,14.23,14.36,13.94,14.21,1299870
2012-01-07,14.15,14.37,14.15,14.29,117117
2012-01-09,14.14,14.69,14.14,14.53,2407680
2012-01-10,14.53,14.77,14.45,14.59,1932183
2012-01-11,14.65,15.26,14.57,14.86,2196909
2012-01-12,15.0,15.0,14.68,14.79,1283535
2012-01-13,15.01,15.45,15.01,15.35,10851489
2012-01-16,15.07,15.32,15.03,15.16,6820110
2012-01-17,15.4,15.51,15.2,15.26,2515392
2012-01-18,15.15,15.43,14.9,15.15,863973
2012-01-19,15.37,15.45,14.97,15.09,1795959
2012-01-20,15.3,15.37,14.66,14.82,4376097
2012-01-23,15.0,15.0,14.77,14.8,21287376
2012-01-24,15.05,15.05,14.65,14.72,4397778
2012-01-25,14.8,14.81,14.25,14.45,4678839
2012-01-27,14.45,14.89,14.37,14.49,7253235
2012-01-30,14.33,14.74,13.94,14.02,4742397
2012-01-31,14.04,14.44,14.04,14.19,6508854
2012-02-01,14.0,14.32,13.8,13.92,8898516
2012-02-02,13.84,14.31,13.84,14.26,2880009
2012-02-03,14.38,14.73,14.19,14.45,3248586
2012-02-06,14.25,14.89,14.25,14.83,3207006
2012-02-07,14.65,15.17,14.65,14.97,10230858
2012-02-08,15.19,15.59,15.05,15.51,20086308
2012-02-09,15.54,16.01,15.52,15.6,4753683
2012-02-10,16.04,16.04,15.41,15.47,4707351
2012-02-13,15.48,15.66,15.47,15.52,3108402
2012-02-14,15.71,15.71,15.34,15.44,4160277
2012-02-15,15.55,15.61,15.17,15.32,33524568
2012-02-16,15.42,15.72,15.3,15.31,2533410
2012-02-17,15.35,15.67,15.06,15.12,4326300
2012-02-21,15.4,15.4,14.98,15.05,9758232
2012-02-22,15.05,15.33,14.99,15.1,9610128
2012-02-23,15.25,16.55,15.25,15.38,13890393
2012-02-24,15.38,15.61,14.67,14.83,32773852
2012-02-27,14.9,15.15,14.75,15.08,11494494
2012-02-28,15.15,15.86,15.15,15.81,7401141
2012-02-29,15.81,16.6,15.81,16.34,12570624
2012-03-01,16.06,17.27,15.96,16.1,5155821
2012-03-02,16.52,16.77,15.54,15.96,4220568
2012-03-03,16.06,16.06,15.77,15.99,261855
2012-03-05,16.16,16.2,15.66,15.74,2027718
2012-03-06,15.66,16.0,15.48,15.77,2105631
2012-03-07,15.61,15.73,15.48,15.55,2223342
2012-03-09,15.64,16.05,15.61,15.75,1796751
2012-03-12,15.81,16.06,15.67,15.83,1561923
2012-03-13,15.86,16.27,15.83,16.18,3389463
2012-03-14,16.21,16.57,16.19,16.47,7436286
2012-03-15,16.46,16.66,16.31,16.46,6704280
2012-03-16,16.65,16.82,15.81,16.08,11282040
2012-03-19,15.72,16.15,15.35,15.78,2161368
2012-03-20,16.06,16.06,15.52,15.81,1831797
2012-03-21,15.74,16.14,15.66,16.08,1035639
2012-03-22,16.16,16.25,15.55,15.73,2613105
2012-03-23,15.96,17.16,15.61,15.7,2324718
2012-03-26,15.71,15.76,15.42,15.47,1136916
2012-03-27,15.48,15.76,15.48,15.52,4529151
2012-03-28,15.55,15.55,15.2,15.25,1479060
2012-03-29,15.17,15.17,14.93,15.03,2981781
2012-03-30,15.08,15.42,15.05,15.4,2634192
2012-04-02,15.44,15.65,15.32,15.38,1328976
2012-04-03,15.4,15.43,15.0,15.34,1392138
2012-04-04,15.3,15.4,15.13,15.26,3437874
2012-04-09,15.0,15.25,14.97,15.17,5187006
2012-04-10,15.11,15.38,15.05,15.21,4392432
2012-04-11,15.19,15.19,15.0,15.09,7434999
2012-04-12,15.07,15.23,14.95,15.0,5162949
2012-04-13,15.13,15.17,15.01,15.13,1417482
2012-04-16,15.12,15.25,14.97,15.02,662508
2012-04-17,15.09,15.19,15.02,15.16,477378
2012-04-18,15.06,16.03,15.06,15.37,16954444
2012-04-19,15.45,15.71,15.42,15.45,1857636
2012-04-20,15.45,15.45,15.12,15.15,2106819
2012-04-23,15.25,15.35,14.85,14.86,3838923
2012-04-24,15.14,15.15,14.8,14.85,8158788
2012-04-25,14.95,15.35,14.85,15.0,4847139
2012-04-26,14.68,14.95,14.24,14.78,17491716
2012-04-27,13.65,14.87,13.65,14.77,2177307
2012-04-28,14.71,14.85,14.7,14.75,74646
2012-04-30,14.75,14.92,14.65,14.86,3306204
2012-05-02,14.89,15.03,14.7,14.73,1774080
2012-05-03,14.76,14.84,14.47,14.6,6763086
2012-05-04,14.48,14.62,14.34,14.4,2475693
2012-05-07,14.35,14.7,13.92,14.4,2750121
2012-05-08,14.47,14.47,14.14,14.29,1115829
2012-05-09,14.16,14.29,14.15,14.24,728046
2012-05-10,14.15,14.64,14.15,14.46,1150776
2012-05-11,14.32,14.38,14.04,14.14,3145725
2012-05-14,14.18,14.24,13.55,13.74,3957129
2012-05-15,13.56,13.89,13.45,13.5,2977920
2012-05-16,13.49,13.54,13.24,13.32,1019106
2012-05-17,13.35,13.82,13.03,13.14,2893275
2012-05-18,12.86,13.2,12.42,12.52,6286500
2012-05-21,12.48,12.92,12.48,12.72,2417778
2012-05-22,12.84,12.88,12.6,12.69,687456
2012-05-23,12.7,12.78,12.31,12.45,2505789
2012-05-24,12.48,12.65,12.39,12.59,1066923
2012-05-25,12.65,12.65,12.45,12.54,933966
2012-05-28,12.58,12.89,12.56,12.85,950499
2012-05-29,12.78,12.93,12.76,12.85,1017126
2012-05-30,12.88,12.88,12.63,12.68,397089
2012-05-31,12.52,12.67,12.5,12.57,1370457
2012-06-01,12.58,12.79,12.27,12.33,1032867
2012-06-04,12.32,12.67,12.02,12.51,1752003
2012-06-05,12.52,12.62,12.12,12.16,3671811
2012-06-06,12.38,12.73,12.2,12.53,4560534
2012-06-07,12.88,13.06,12.68,12.92,1902384
2012-06-08,12.86,13.28,12.83,13.1,3082761
2012-06-11,13.22,13.25,12.87,12.96,1611918
2012-06-12,12.75,13.0,12.71,12.76,6334119
2012-06-13,12.6,12.88,12.6,12.73,4589442
2012-06-14,12.65,12.82,12.53,12.59,1769130
2012-06-15,12.59,12.6,12.43,12.49,1356894
2012-06-18,12.53,12.71,12.45,12.5,1147410
2012-06-19,12.71,12.71,12.39,12.64,753984
2012-06-20,12.65,12.78,12.65,12.73,1839321
2012-06-21,12.83,13.01,12.69,12.96,2498760
2012-06-22,12.95,13.12,12.83,12.98,2175723
2012-06-25,12.99,13.19,12.95,13.08,1165230
2012-06-26,13.11,13.13,12.99,13.08,547965
2012-06-27,12.83,13.11,12.83,13.07,1861299
2012-06-28,13.27,13.38,13.07,13.27,1439955
2012-06-29,13.29,13.64,13.29,13.54,3630825
2012-07-02,13.53,13.84,13.45,13.68,1595781
2012-07-03,13.43,13.87,13.43,13.82,1132956
2012-07-04,13.6,13.87,13.6,13.78,2566575
2012-07-05,13.61,13.9,13.61,13.78,1908423
2012-07-06,13.13,14.14,13.13,13.73,2450151
2012-07-09,13.79,13.79,13.48,13.52,598257
2012-07-10,13.62,13.65,13.41,13.45,1624392
2012-07-11,13.62,13.62,13.22,13.31,1936737
2012-07-12,13.31,13.71,13.28,13.48,3101472
2012-07-13,13.42,13.58,13.37,13.5,1191762
2012-07-16,13.48,13.63,13.44,13.52,3666069
2012-07-17,13.45,13.55,13.23,13.41,3177801
2012-07-18,13.48,13.52,13.21,13.32,1185822
2012-07-19,13.37,13.43,13.31,13.38,2523609
2012-07-20,13.34,13.41,13.15,13.23,547371
2012-07-23,13.18,13.28,12.93,13.14,842193
2012-07-24,13.4,13.4,12.88,12.92,2363328
2012-07-25,12.93,12.93,12.59,12.7,8168094
2012-07-26,12.73,12.76,12.43,12.61,1497375
2012-07-27,12.58,12.92,12.38,12.5,1119294
2012-07-30,12.38,12.58,11.42,11.58,13564089
2012-07-31,11.56,11.9,11.32,11.74,46945600
2012-08-01,11.87,12.38,11.82,12.34,7482024
2012-08-02,11.56,13.18,11.56,13.05,6091767
2012-08-03,12.84,13.15,12.73,12.85,2840409
2012-08-06,12.93,13.13,12.68,12.82,12175515
2012-08-07,12.52,13.33,12.52,12.87,2860605
2012-08-08,13.03,13.03,12.48,12.91,2694186
2012-08-09,12.91,12.93,12.68,12.74,397386
2012-08-10,12.59,12.87,12.58,12.74,2237499
2012-08-13,12.78,12.83,12.55,12.78,669141
2012-08-14,12.78,12.78,12.68,12.71,884367
2012-08-16,12.72,12.78,12.63,12.66,351846
2012-08-17,12.63,12.79,12.63,12.72,654390
2012-08-21,12.72,12.74,12.52,12.72,2271357
2012-08-22,12.92,12.93,12.58,12.77,2502126
2012-08-23,12.78,12.78,12.64,12.7,4602213
2012-08-24,12.69,12.72,12.29,12.39,1344717
2012-08-27,12.43,12.52,12.28,12.42,2732202
2012-08-28,12.47,12.76,12.3,12.6,1197108
2012-08-29,12.54,12.81,12.54,12.72,3954852
2012-08-30,12.63,12.7,12.41,12.62,2604393
2012-08-31,12.52,12.72,12.42,12.54,1930896
2012-09-03,12.72,12.72,12.46,12.6,257796
2012-09-04,12.67,12.67,12.48,12.54,2299869
2012-09-05,12.55,12.58,12.25,12.32,561033
2012-09-06,12.44,12.58,12.35,12.44,2064447
2012-09-07,12.45,12.52,12.37,12.43,3350655
2012-09-08,12.42,12.51,12.33,12.39,116127
2012-09-10,12.38,12.42,12.24,12.28,2407284
2012-09-11,12.31,12.37,12.08,12.15,868428
2012-09-12,12.15,12.23,11.92,11.99,3020094
2012-09-13,12.09,12.28,11.87,11.89,2392830
2012-09-14,11.96,12.12,11.82,11.92,1575288
2012-09-17,11.93,12.23,11.84,12.08,8697051
2012-09-18,12.12,12.27,12.07,12.13,3757050
2012-09-20,12.02,12.28,11.82,12.21,9880200
2012-09-21,12.21,12.52,12.04,12.37,14562108
2012-09-24,12.42,12.45,11.92,11.97,5708340
2012-09-25,11.99,12.19,11.78,11.95,7846839
2012-09-26,11.97,12.07,11.92,11.98,4000590
2012-09-27,12.07,12.22,11.87,11.99,24282324
2012-09-28,12.2,12.3,11.22,12.21,6001479
2012-10-01,12.22,12.58,12.18,12.52,2040588
2012-10-03,12.55,12.73,12.32,12.45,3138894
2012-10-04,12.48,12.63,12.37,12.48,1814670
2012-10-05,12.53,12.58,12.33,12.36,625086
2012-10-08,12.36,12.61,12.35,12.38,3618054
2012-10-09,12.51,12.51,12.38,12.45,4620528
2012-10-10,12.34,12.47,12.32,12.43,493812
2012-10-11,12.52,12.63,12.37,12.54,1490049
2012-10-12,12.5,12.63,12.45,12.56,1370358
2012-10-15,12.55,12.83,12.46,12.75,2024451
2012-10-16,12.83,12.98,12.42,12.52,4446288
2012-10-17,12.62,12.89,12.51,12.87,3796452
2012-10-18,12.93,13.21,12.88,13.16,5145030
2012-10-19,13.18,13.37,12.94,13.11,4385106
2012-10-22,13.04,13.17,12.73,13.13,2083455
2012-10-23,13.08,13.13,12.89,12.94,613503
2012-10-25,12.94,13.12,12.94,13.07,821205
2012-10-26,13.13,13.24,12.95,12.98,389862
2012-10-29,12.98,12.99,12.57,12.63,6270759
2012-10-30,12.52,12.6,11.93,12.19,7763877
2012-10-31,12.27,12.46,12.2,12.42,2098503
2012-11-01,12.48,12.48,12.33,12.43,1010295
2012-11-02,12.42,12.6,12.32,12.38,12601512
2012-11-05,12.24,12.41,12.09,12.12,8975043
2012-11-06,12.07,12.34,11.93,12.17,11978208
2012-11-07,12.18,12.34,12.04,12.25,13350942
2012-11-08,12.12,12.25,12.07,12.17,8319366
2012-11-09,12.12,12.37,11.82,11.85,3229083
2012-11-12,11.96,12.02,11.87,11.93,569349
2012-11-13,11.87,12.27,11.87,12.18,484209
2012-11-15,11.91,12.19,11.84,11.92,3418866
2012-11-16,11.97,12.13,11.89,12.11,1193445
2012-11-19,12.09,12.17,12.03,12.1,6010884
2012-11-20,12.12,12.22,12.06,12.12,11551617
2012-11-21,11.87,12.27,11.68,12.19,1099197
2012-11-22,12.05,12.45,12.05,12.26,2807046
2012-11-23,12.27,12.27,11.87,12.04,1096821
2012-11-26,12.04,12.21,12.04,12.08,3183246
2012-11-27,11.85,12.18,11.85,12.02,2472129
2012-11-29,11.92,12.34,11.92,12.23,410058
2012-11-30,12.16,12.27,11.94,11.98,946836
2012-12-03,11.99,12.13,11.93,11.97,3064149
2012-12-04,12.04,12.17,11.93,12.11,1521036
2012-12-05,12.03,12.4,12.03,12.2,1801800
2012-12-06,12.41,12.41,11.97,12.05,480744
2012-12-07,12.12,12.24,11.97,12.08,1756260
2012-12-10,12.22,12.27,11.97,12.14,5901885
2012-12-11,12.73,12.85,12.03,12.1,4320261
2012-12-12,12.36,12.36,11.82,11.89,7289073
2012-12-13,12.0,12.1,11.86,12.01,1330362
2012-12-14,12.01,12.02,11.75,11.93,2735172
2012-12-17,11.94,12.01,11.75,11.82,4678839
2012-12-18,11.68,12.0,11.68,11.86,548856
2012-12-19,11.87,12.34,11.85,12.06,3020292
2012-12-20,11.74,12.11,11.74,11.99,571131
2012-12-21,12.0,12.09,11.88,11.97,878031
2012-12-24,12.02,12.09,11.87,12.05,751212
2012-12-26,12.05,12.32,11.97,12.26,1116819
2012-12-27,12.32,12.51,12.27,12.43,1703097
2012-12-28,12.83,12.85,12.34,12.82,3488562
2013-01-01,13.28,13.43,12.98,13.08,1414017
2013-01-02,13.08,13.38,13.03,13.33,25872956
2013-01-03,13.33,13.42,13.13,13.17,828927
2013-01-04,13.2,13.36,13.09,13.31,685377
2013-01-07,13.31,13.48,13.13,13.15,576774
2013-01-08,13.15,13.38,13.08,13.32,1469754
2013-01-09,13.32,13.48,13.31,13.41,2032371
2013-01-10,13.36,13.63,13.08,13.13,8990289
2013-01-11,13.1,13.4,12.95,13.04,3935646
2013-01-14,13.23,13.27,13.05,13.15,389466
2013-01-15,13.11,13.33,13.07,13.12,1450449
2013-01-16,13.33,13.33,12.98,13.02,966438
2013-01-17,13.13,13.23,12.96,13.11,1108701
2013-01-18,13.05,13.23,12.95,13.18,406098
2013-01-21,13.21,13.3,12.95,13.02,880506
2013-01-22,13.08,13.13,12.83,12.85,643203
2013-01-23,12.81,13.03,12.5,12.58,2784276
2013-01-24,12.72,12.72,12.11,12.18,2959506
2013-01-25,12.18,13.11,11.97,12.42,10024146
2013-01-28,12.42,13.33,12.42,13.15,7889310
2013-01-29,13.12,13.15,12.86,12.96,5239872
2013-01-30,12.97,13.08,12.79,12.86,380259
2013-01-31,12.84,12.97,12.65,12.86,832491
2013-02-01,12.95,13.08,12.74,12.84,247896
2013-02-04,13.01,13.03,12.75,12.82,405009
2013-02-05,12.82,12.93,12.57,12.9,1415304
2013-02-06,12.83,12.99,12.83,12.86,6175521
2013-02-07,12.83,13.22,12.81,13.13,2371644
2013-02-08,13.14,13.15,12.83,12.87,1569249
2013-02-11,12.88,12.98,12.78,12.88,1389762
2013-02-12,13.03,13.03,12.81,12.88,1100385
2013-02-13,13.03,13.03,12.73,12.74,1008414
2013-02-14,12.8,12.8,12.37,12.43,583902
2013-02-15,12.35,12.58,12.22,12.31,714285
2013-02-18,12.48,12.52,12.16,12.19,819720
2013-02-19,12.42,12.42,12.14,12.18,610038
2013-02-20,12.23,12.37,12.17,12.27,461835
2013-02-21,12.32,12.32,12.12,12.21,839520
2013-02-22,12.27,12.37,12.03,12.18,636669
2013-02-25,12.08,12.32,11.89,11.92,1538460
2013-02-26,12.08,12.08,11.35,11.55,1768239
2013-02-27,11.66,11.7,11.39,11.51,916641
2013-02-28,11.57,11.67,11.32,11.39,905058
2013-03-01,11.48,11.82,11.42,11.75,1123056
2013-03-04,11.82,12.88,11.68,12.48,5863275
2013-03-05,12.51,12.63,11.98,12.54,2214333
2013-03-06,12.42,12.72,12.33,12.57,831699
2013-03-07,12.45,12.68,12.43,12.58,381447
2013-03-08,12.71,12.71,12.42,12.47,2385603
2013-03-11,12.62,12.7,12.42,12.49,20933252
2013-03-12,12.49,12.58,12.17,12.31,257994
2013-03-13,12.32,12.42,12.08,12.19,462330
2013-03-14,11.92,12.32,11.77,11.88,1069200
2013-03-15,11.78,12.02,11.57,11.69,1773783
2013-03-18,11.62,11.87,11.52,11.65,415503
2013-03-19,11.72,11.77,11.46,11.54,518661
2013-03-20,11.55,11.62,11.33,11.41,453222
2013-03-21,11.62,11.62,11.31,11.4,613503
2013-03-22,11.37,11.62,11.16,11.53,2643300
2013-03-25,12.0,12.0,11.42,11.5,507078
2013-03-26,11.36,11.51,11.31,11.43,305019
2013-03-28,11.45,11.87,11.26,11.67,3851892
2013-04-01,11.55,11.86,11.31,11.46,456687
2013-04-02,11.42,11.77,11.42,11.7,600633
2013-04-03,11.72,12.46,11.72,12.3,10642104
2013-04-04,12.27,12.27,11.72,11.92,750123
2013-04-05,11.9,12.23,11.73,11.86,2056923
2013-04-08,11.95,12.07,11.82,11.98,2704977
2013-04-09,11.97,12.22,11.82,11.99,195624
2013-04-10,11.95,12.12,11.77,12.09,2125233
2013-04-11,12.06,12.06,11.67,11.74,666270
2013-04-12,11.83,11.91,11.64,11.74,140877
2013-04-15,11.77,11.87,11.52,11.56,357984
2013-04-16,11.56,11.76,11.56,11.71,462924
2013-04-17,11.72,11.81,11.57,11.72,762498
2013-04-18,11.77,11.82,11.63,11.78,245916
2013-04-22,11.83,11.87,11.72,11.82,261261
2013-04-23,11.89,12.02,11.77,11.93,165033
2013-04-25,11.93,12.01,11.83,11.92,205029
2013-04-26,11.95,12.19,11.92,12.1,437778
2013-04-29,11.99,12.19,11.57,12.03,180378
2013-04-30,11.72,12.17,11.72,11.88,215919
2013-05-02,11.92,12.4,11.83,12.05,965943
2013-05-03,12.12,12.27,11.96,12.13,4205025
2013-05-06,12.21,12.21,12.02,12.12,2041875
2013-05-07,12.12,12.22,11.97,12.11,1021680
2013-05-08,12.17,12.81,12.15,12.6,3898422
2013-05-09,12.68,12.8,12.51,12.58,1505097
2013-05-10,12.55,13.29,12.55,13.15,8096220
2013-05-11,12.83,13.07,12.58,12.71,300960
2013-05-13,12.71,12.85,12.53,12.61,333234
2013-05-14,12.65,12.78,12.52,12.59,266805
2013-05-15,12.57,13.13,12.36,12.95,813285
2013-05-16,12.65,13.13,12.65,13.11,1114245
2013-05-17,12.99,13.64,12.94,13.36,1902384
2013-05-20,13.28,13.43,12.94,12.95,522522
2013-05-21,12.93,13.22,12.64,12.72,647559
2013-05-22,13.02,13.02,12.66,12.72,414711
2013-05-23,12.6,12.78,12.52,12.65,340560
2013-05-24,12.48,12.73,12.48,12.65,94842
2013-05-27,12.73,13.19,12.55,12.94,338184
2013-05-28,13.19,13.19,12.7,13.05,480348
2013-05-29,12.78,13.19,12.78,12.98,477576
2013-05-30,13.13,13.13,12.68,12.79,394713
2013-05-31,13.29,13.54,13.03,13.23,12070773
2013-06-03,13.32,13.38,13.08,13.18,520641
2013-06-04,13.19,13.83,13.19,13.4,2499156
2013-06-05,13.43,13.58,13.38,13.51,934956
2013-06-06,13.41,13.78,13.41,13.58,6853473
2013-06-07,13.64,13.68,13.33,13.4,4603995
2013-06-10,13.39,13.94,13.39,13.66,11281347
2013-06-11,13.54,13.81,13.23,13.3,713097
2013-06-12,13.3,13.69,13.26,13.63,1653993
2013-06-13,13.36,13.64,13.02,13.32,6139188
2013-06-14,13.38,13.58,13.23,13.39,1510443
2013-06-17,13.42,13.42,12.68,13.08,485694
2013-06-18,12.94,13.58,12.94,13.42,692505
2013-06-19,13.28,13.55,13.15,13.43,315909
2013-06-20,13.29,13.36,13.09,13.25,258093
2013-06-21,13.31,13.38,12.7,12.91,5976135
2013-06-24,12.9,12.91,12.54,12.63,15081561
2013-06-25,12.84,12.85,12.54,12.71,2470050
2013-06-26,12.48,12.74,12.48,12.63,87318
2013-06-27,12.9,12.9,12.45,12.57,96624
2013-06-28,12.94,12.98,12.65,12.89,1223343
2013-07-01,12.9,13.09,12.65,12.75,495297
2013-07-02,12.85,13.03,12.79,12.88,700623
2013-07-03,12.7,12.88,12.54,12.57,311949
2013-07-04,12.62,12.78,12.44,12.61,785367
2013-07-05,12.81,12.81,12.62,12.72,247797
2013-07-08,12.59,12.7,12.48,12.62,808434
2013-07-09,12.64,12.79,12.48,12.59,8138889
2013-07-10,12.52,12.7,12.38,12.43,2054745
2013-07-11,12.3,12.65,12.3,12.42,1827441
2013-07-12,12.52,12.57,12.32,12.37,325413
2013-07-15,12.37,12.52,12.32,12.42,1707354
2013-07-16,12.53,12.53,12.3,12.36,78309
2013-07-17,12.44,12.58,12.13,12.26,454212
2013-07-18,12.2,12.32,12.08,12.15,231462
2013-07-19,12.24,12.37,12.03,12.13,1774278
2013-07-22,12.08,12.27,11.94,12.03,247896
2013-07-23,12.12,12.25,12.02,12.18,242352
2013-07-24,12.27,12.27,11.94,12.03,15026121
2013-07-25,12.26,12.26,11.92,11.99,3126024
2013-07-26,11.93,12.11,11.43,11.77,2319570
2013-07-29,12.42,12.42,11.43,11.5,219483
2013-07-30,11.49,11.51,11.36,11.42,509355
2013-07-31,11.33,11.52,10.86,11.15,5694975
2013-08-01,11.16,11.51,11.16,11.28,1529550
2013-08-02,11.17,11.42,11.17,11.32,2434311
2013-08-05,11.28,11.67,11.26,11.46,1483713
2013-08-06,11.34,12.05,11.28,11.53,1598751
2013-08-07,11.49,11.76,11.32,11.46,469062
2013-08-08,11.49,11.82,11.37,11.68,11141856
2013-08-12,11.82,12.22,11.68,11.99,396594
2013-08-13,12.12,12.4,11.86,12.2,371646
2013-08-14,12.29,12.42,12.08,12.17,292347
2013-08-16,12.16,12.29,11.9,12.03,313137
2013-08-19,12.02,12.1,11.87,11.98,298683
2013-08-20,11.87,11.98,11.59,11.93,364122
2013-08-21,12.11,12.11,11.82,12.01,225126
2013-08-22,11.97,12.12,11.83,11.85,1607364
2013-08-23,11.99,12.05,11.77,11.92,6663789
2013-08-26,11.8,12.0,11.78,11.9,4038606
2013-08-27,11.79,11.98,11.46,11.64,874170
2013-08-28,11.52,11.75,11.33,11.42,3201561
2013-08-29,11.34,11.89,11.34,11.74,1078902
2013-08-30,11.75,11.92,11.69,11.81,220374
2013-09-02,11.7,12.02,11.7,11.92,2671911
2013-09-03,11.82,12.02,11.82,11.88,129888
2013-09-04,12.05,12.07,11.8,12.02,270666
2013-09-05,12.02,12.07,11.84,11.89,100584
2013-09-06,11.8,12.01,11.77,11.93,391941
2013-09-10,11.82,12.22,11.82,12.13,345510
2013-09-11,11.9,12.21,11.9,12.1,2590929
2013-09-12,11.97,12.12,11.89,11.93,2565585
2013-09-13,12.01,12.07,11.82,11.92,6399855
2013-09-16,11.92,12.11,11.68,11.84,7690221
2013-09-17,11.65,11.82,11.63,11.65,154836
2013-09-18,11.69,11.73,11.57,11.61,1310463
2013-09-19,11.63,11.81,11.62,11.64,847638
2013-09-20,11.64,11.64,10.55,10.95,18833760
2013-09-23,11.25,11.25,10.76,10.95,860607
2013-09-24,11.11,11.31,10.59,10.89,1453122
2013-09-25,10.91,11.19,10.82,11.06,1931193
2013-09-26,11.06,11.25,10.92,11.15,1951983
2013-09-27,11.15,11.15,10.92,11.01,2094444
2013-09-30,11.03,11.13,10.77,10.98,1163250
2013-10-01,10.87,11.18,10.83,10.95,6088599
2013-10-03,11.12,11.15,11.0,11.03,839223
2013-10-04,10.92,11.31,10.86,10.96,6540633
2013-10-07,10.99,11.07,10.86,10.91,5647950
2013-10-08,11.06,11.06,10.86,10.97,1707750
2013-10-09,10.96,10.99,10.86,10.94,3696759
2013-10-10,11.0,11.21,10.91,11.1,1168596
2013-10-11,11.19,11.19,10.92,11.0,1986831
2013-10-14,11.1,11.15,10.75,11.0,1964556
2013-10-15,11.06,11.06,10.84,10.92,3137508
2013-10-17,11.01,11.01,10.77,10.86,830313
2013-10-18,10.97,11.46,10.82,11.02,2185029
2013-10-21,11.21,11.34,10.97,11.11,1238589
2013-10-22,11.02,11.31,10.98,11.12,5888025
2013-10-23,11.21,11.21,10.92,11.04,2642112
2013-10-24,11.04,11.09,10.8,10.91,2404809
2013-10-25,10.92,10.95,10.65,10.77,1524798
2013-10-28,10.76,10.93,10.74,10.83,932085
2013-10-29,10.89,10.91,10.76,10.85,985842
2013-10-30,11.01,11.01,10.76,10.88,653004
2013-10-31,10.92,10.92,10.62,10.78,2375703
2013-11-01,10.86,10.92,10.76,10.8,4802292
2013-11-03,10.92,10.94,10.81,10.85,93060
2013-11-05,10.79,10.99,10.72,10.85,968220
2013-11-06,10.86,10.86,10.73,10.78,1607364
2013-11-07,10.73,10.87,10.71,10.81,734184
2013-11-08,10.77,10.93,10.71,10.87,672408
2013-11-11,10.93,10.95,10.73,10.78,518067
2013-11-12,10.78,10.81,10.69,10.71,360657
2013-11-13,10.7,10.86,10.66,10.78,445104
2013-11-14,10.78,10.94,10.66,10.86,466290
2013-11-18,10.83,10.86,10.7,10.77,4938318
2013-11-19,10.84,10.85,10.76,10.8,3643299
2013-11-20,10.79,10.81,10.72,10.79,294327
2013-11-21,10.71,10.86,10.7,10.78,304722
2013-11-22,10.85,10.85,10.7,10.73,8023356
2013-11-25,10.73,10.81,10.73,10.77,441837
2013-11-26,10.74,10.8,10.66,10.73,457875
2013-11-27,10.67,10.76,10.67,10.7,293931
2013-11-28,10.69,10.79,10.63,10.7,599445
2013-11-29,10.76,10.77,10.58,10.67,375210
2013-12-02,10.67,10.76,10.55,10.66,438372
2013-12-03,10.55,10.75,10.55,10.68,264132
2013-12-04,10.68,10.75,10.56,10.64,435699
2013-12-05,10.71,10.71,10.55,10.62,511731
2013-12-06,10.52,10.67,10.52,10.57,585090
2013-12-09,10.67,10.71,10.58,10.61,515394
2013-12-10,10.55,10.62,10.55,10.58,2430252
2013-12-11,10.56,10.64,10.52,10.55,693495
2013-12-12,10.59,10.59,10.52,10.55,642411
2013-12-13,10.58,10.58,10.14,10.35,1244727
2013-12-16,10.55,10.71,10.13,10.19,15019587
2013-12-17,10.28,10.28,10.1,10.15,1593207
2013-12-18,10.31,10.31,10.06,10.09,1136223
2013-12-19,10.17,10.3,10.05,10.16,656568
2013-12-20,10.35,10.35,10.0,10.05,2474604
2013-12-23,10.1,10.15,10.02,10.08,2461338
2013-12-24,10.14,10.25,10.05,10.14,1455399
2013-12-26,10.17,10.24,10.08,10.18,1624986
2013-12-27,10.18,10.22,10.07,10.16,1365804
2013-12-30,10.25,10.25,10.05,10.11,1214730
2013-12-31,10.05,10.7,10.05,10.4,1107612
2014-01-01,10.41,10.57,10.3,10.35,1242054
2014-01-02,10.34,10.55,10.26,10.32,1185822
2014-01-03,10.28,10.4,10.15,10.25,605682
2014-01-06,10.35,10.51,10.27,10.37,754182
2014-01-07,10.4,10.48,10.18,10.32,763488
2014-01-08,10.31,10.4,10.2,10.29,391446
2014-01-09,10.35,10.35,10.16,10.22,545292
2014-01-10,10.22,10.25,9.8,10.0,3008709
2014-01-13,10.0,10.25,10.0,10.16,500742
2014-01-14,10.12,10.3,10.03,10.16,380556
2014-01-15,10.06,10.19,10.04,10.11,598257
2014-01-16,10.05,10.15,10.05,10.06,3479949
2014-01-17,10.02,10.19,9.96,10.07,652014
2014-01-20,10.05,10.2,10.0,10.16,597069
2014-01-21,10.08,10.15,10.05,10.07,335115
2014-01-22,10.1,10.19,10.03,10.11,356202
2014-01-23,10.07,10.25,10.05,10.15,531531
2014-01-24,10.1,10.16,9.66,9.82,4754673
2014-01-27,9.82,9.82,9.42,9.57,7581420
2014-01-28,9.48,9.7,9.48,9.65,23056704
2014-01-29,9.65,9.67,9.47,9.52,8881389
2014-01-30,9.52,9.58,9.35,9.44,1418373
2014-01-31,9.44,9.44,9.37,9.38,378675
2014-02-03,9.38,9.44,9.18,9.23,1888623
2014-02-04,9.23,9.44,9.02,9.32,1397682
2014-02-05,9.31,9.31,9.2,9.28,775863
2014-02-06,9.31,9.31,9.11,9.17,13178385
2014-02-07,9.26,9.45,9.14,9.24,8048304
2014-02-10,9.18,9.49,9.18,9.38,3056427
2014-02-11,9.37,9.45,9.29,9.4,487773
2014-02-12,9.38,9.7,9.32,9.62,716958
2014-02-13,9.65,10.04,9.47,9.67,1029105
2014-02-14,9.57,9.82,9.46,9.78,554697
2014-02-17,9.76,9.82,9.49,9.59,1166913
2014-02-18,9.51,9.58,9.42,9.48,269874
2014-02-19,9.5,9.6,9.35,9.48,272250
2014-02-20,9.69,9.69,9.39,9.42,239085
2014-02-21,9.55,9.55,9.31,9.38,1192851
2014-02-24,9.45,9.49,9.31,9.37,239382
2014-02-25,9.36,9.59,9.36,9.54,260271
2014-02-26,9.45,9.52,9.34,9.43,9164430
2014-02-28,9.49,9.57,9.35,9.4,14835942
2014-03-03,9.39,9.55,9.29,9.35,10444995
2014-03-04,9.3,9.49,9.27,9.33,3772098
2014-03-05,9.35,9.8,9.35,9.78,3780117
2014-03-06,9.7,9.96,9.7,9.92,7806249
2014-03-07,10.2,10.2,9.72,9.87,8801199
2014-03-10,9.87,10.08,9.75,9.96,5418369
2014-03-11,9.96,10.08,9.8,10.01,1009800
2014-03-12,9.86,9.95,9.8,9.87,3593007
2014-03-13,9.9,10.42,9.8,10.08,11308473
2014-03-14,10.07,10.21,9.96,10.17,1165032
2014-03-18,10.17,10.5,10.07,10.34,10673586
2014-03-19,10.28,10.45,10.2,10.38,1584000
2014-03-20,10.28,10.5,10.24,10.28,419661
2014-03-21,10.35,10.42,9.8,10.0,3121569
2014-03-22,10.35,10.37,10.15,10.2,211068
2014-03-24,10.11,10.85,10.11,10.68,9114633
2014-03-25,10.63,10.9,10.63,10.71,4521528
2014-03-26,10.76,10.98,10.51,10.91,6591519
2014-03-27,10.9,11.57,10.77,11.25,4353525
2014-03-28,11.52,11.73,11.12,11.59,5565780
2014-03-31,11.48,12.05,11.38,11.59,3295611
2014-04-01,11.57,11.73,11.31,11.4,1723986
2014-04-02,11.52,11.77,11.13,11.21,3538854
2014-04-03,11.17,11.41,10.8,11.0,2290662
2014-04-04,10.91,11.74,10.45,11.48,40951844
2014-04-07,11.59,11.66,11.01,11.25,5336694
2014-04-09,11.14,11.57,11.04,11.47,6257295
2014-04-10,11.54,12.7,11.32,12.29,17269660
2014-04-11,12.52,12.52,11.98,12.16,14943852
2014-04-15,12.22,12.84,12.18,12.39,15661899
2014-04-16,12.42,12.69,12.12,12.17,7472421
2014-04-17,12.17,12.43,12.0,12.25,5620626
2014-04-21,12.26,12.48,12.13,12.37,4842486
2014-04-22,12.38,12.66,12.28,12.38,4471434
2014-04-23,12.39,12.58,12.19,12.48,8229969
2014-04-25,12.38,12.63,12.22,12.55,3806154
2014-04-28,12.57,12.58,12.27,12.54,3372039
2014-04-29,12.42,12.83,12.28,12.63,6217299
2014-04-30,12.54,12.75,11.93,12.23,11550726
2014-05-02,12.23,12.45,12.17,12.25,5228487
2014-05-05,12.12,12.52,12.04,12.43,3672306
2014-05-06,12.3,12.51,12.28,12.45,2044152
2014-05-07,12.32,12.49,12.3,12.39,2963268
2014-05-08,12.28,12.48,12.17,12.22,6098103
2014-05-09,12.13,12.46,12.13,12.33,8359362
2014-05-12,12.38,12.86,12.38,12.59,9321048
2014-05-13,12.63,14.88,12.48,13.54,37588716
2014-05-14,13.55,13.97,13.25,13.39,13671702
2014-05-15,13.39,13.58,13.2,13.45,6781797
2014-05-16,13.58,16.14,13.48,14.3,22700304
2014-05-19,14.37,15.19,14.36,14.74,34206776
2014-05-20,14.85,15.71,14.85,15.18,14847327
2014-05-21,15.19,15.49,14.88,15.24,11505186
2014-05-22,15.29,16.31,15.29,15.94,23555070
2014-05-23,16.87,17.37,16.37,16.47,22072446
2014-05-26,16.71,17.58,15.42,16.46,46164296
2014-05-27,16.42,16.51,15.78,15.96,10926630
2014-05-28,16.25,16.52,15.96,16.05,10289070
2014-05-29,16.2,16.23,15.86,15.94,15533100
2014-05-30,16.87,16.87,16.06,16.24,38155592
2014-06-02,16.36,16.97,16.36,16.89,29024720
2014-06-03,16.92,17.52,16.62,17.3,17543988
2014-06-04,17.42,17.67,17.17,17.52,20015028
2014-06-05,17.37,18.18,17.37,18.03,12223629
2014-06-06,18.2,18.84,18.2,18.56,18763866
2014-06-09,18.69,19.34,18.69,19.04,10082556
2014-06-10,19.14,19.23,18.45,18.65,6980688
2014-06-11,18.95,18.95,18.2,18.33,6457671
2014-06-12,18.44,18.44,17.85,18.27,9332631
2014-06-13,18.28,18.69,17.63,18.4,10167201
2014-06-16,18.67,18.83,17.95,18.44,6068601
2014-06-17,18.3,18.51,17.7,18.38,11520729
2014-06-18,18.43,18.74,18.28,18.4,8879409
2014-06-19,18.49,20.07,18.49,19.77,31455468
2014-06-20,19.84,20.15,19.54,19.69,11060478
2014-06-23,19.88,20.0,19.45,19.68,6464700
2014-06-24,19.71,20.45,19.61,20.28,12502314
2014-06-25,20.35,21.52,20.11,21.32,16562997
2014-06-26,21.51,22.07,21.13,21.35,20747430
2014-06-27,21.49,21.87,20.45,20.65,12951576
2014-06-30,20.8,21.83,19.94,21.73,16894548
2014-07-01,21.71,22.51,21.67,22.16,15306489
2014-07-02,22.39,22.62,21.92,22.05,9436185
2014-07-03,22.22,22.42,21.67,21.93,7847532
2014-07-04,22.09,22.32,21.96,22.08,7678539
2014-07-07,22.22,23.42,21.6,22.95,23519034
2014-07-08,23.08,23.18,21.52,21.65,19511514
2014-07-09,21.71,21.71,19.54,19.8,30887900
2014-07-10,19.82,19.99,17.83,18.53,70510768
2014-07-11,18.7,19.49,17.78,17.92,16231149
2014-07-14,17.95,18.37,17.2,18.17,9536967
2014-07-15,18.43,18.94,18.24,18.76,9713583
2014-07-16,18.76,19.18,18.42,18.76,8163540
2014-07-17,18.92,18.97,18.54,18.58,4138101
2014-07-18,18.48,18.92,18.21,18.69,7872975
2014-07-21,18.69,19.03,18.33,18.43,4732893
2014-07-22,18.4,19.06,18.33,18.62,7659432
2014-07-23,18.54,19.06,18.54,18.65,5285016
2014-07-24,18.79,18.79,18.34,18.45,2663991
2014-07-25,18.45,18.62,17.98,18.16,3996432
2014-07-28,18.18,18.31,17.5,17.6,7417377
2014-07-30,17.44,17.79,17.42,17.65,6019200
2014-07-31,17.53,18.33,17.53,17.8,27799002
2014-08-01,17.68,18.06,17.18,17.71,6694578
2014-08-04,17.55,17.98,17.55,17.84,2518065
2014-08-05,17.68,18.03,17.58,17.89,3346200
2014-08-06,17.81,18.54,17.81,18.07,6360354
2014-08-07,18.25,18.94,17.75,17.91,11110176
2014-08-08,17.75,18.38,17.54,18.08,9095526
2014-08-11,17.84,18.43,17.84,18.23,4212747
2014-08-12,18.1,18.42,18.0,18.08,3686661
2014-08-13,18.07,18.18,17.43,17.57,2829717
2014-08-14,17.58,17.88,17.58,17.79,2830707
2014-08-18,17.68,18.68,17.68,18.4,4020786
2014-08-19,18.34,18.57,18.28,18.39,2030490
2014-08-20,18.31,18.53,18.04,18.1,3377385
2014-08-21,18.0,18.32,17.83,17.96,1944756
2014-08-22,18.14,18.38,18.14,18.26,5631714
2014-08-25,18.27,18.38,17.88,18.24,4926141
2014-08-26,18.1,18.26,17.68,17.84,2053755
2014-08-27,18.48,21.41,18.48,21.03,106898024
2014-08-28,21.6,22.32,20.67,20.78,92926152
2014-09-01,20.95,21.48,20.76,21.32,24929982
2014-09-02,21.45,21.47,20.82,20.95,9251352
2014-09-03,21.01,21.21,20.35,20.46,8049591
2014-09-04,20.64,20.64,19.92,20.04,8240661
2014-09-05,20.15,21.92,20.15,21.01,46720476
2014-09-08,21.11,21.46,20.76,21.12,11611017
2014-09-09,21.21,21.31,20.77,20.83,6017517
2014-09-10,20.86,21.2,20.58,20.66,6064542
2014-09-11,21.03,21.77,21.03,21.39,26918200
2014-09-12,21.36,21.63,20.93,21.19,12434796
2014-09-15,21.13,21.91,20.98,21.66,14625666
2014-09-16,21.91,22.62,20.73,21.07,26234604
2014-09-17,21.38,21.72,20.97,21.39,11977812
2014-09-18,21.31,21.85,21.18,21.36,9094338
2014-09-19,21.48,21.6,21.22,21.36,4871097
2014-09-22,21.31,21.81,21.01,21.23,9048798
2014-09-23,21.27,21.62,20.88,21.05,11394702
2014-09-24,21.04,21.4,21.04,21.22,5888619
2014-09-25,21.23,21.45,20.31,20.71,4983264
2014-09-26,20.2,20.58,19.84,20.32,12882276
2014-09-29,20.43,20.72,20.27,20.4,9137898
2014-09-30,20.46,20.61,19.95,20.1,5137110
2014-10-01,20.22,21.21,20.22,20.75,18088092
2014-10-07,20.72,21.01,20.1,20.22,16197291
2014-10-08,20.3,20.45,19.96,20.01,5780907
2014-10-09,20.4,20.93,20.15,20.66,10495089
2014-10-10,20.61,20.66,20.15,20.27,4961880
2014-10-13,20.16,20.3,20.02,20.22,2757942
2014-10-14,20.24,20.45,20.1,20.29,4627656
2014-10-16,20.13,20.51,20.0,20.04,6340059
2014-10-17,20.04,20.49,20.01,20.2,4066524
2014-10-20,20.4,20.49,20.21,20.41,5334318
2014-10-21,20.46,21.46,20.12,20.28,21855042
2014-10-22,20.42,20.99,20.42,20.89,6008211
2014-10-23,21.05,21.05,20.47,20.78,799227
2014-10-27,21.52,22.66,20.62,20.76,26462700
2014-10-28,20.93,21.37,20.59,20.67,8396784
2014-10-29,20.83,20.91,20.35,20.61,4372533
2014-10-30,20.68,20.85,20.42,20.62,3010689
2014-10-31,20.69,21.18,20.65,21.05,7010883
2014-11-03,21.11,21.31,20.96,21.08,4101075
2014-11-05,21.13,21.48,20.73,20.85,6987915
2014-11-07,20.96,22.98,20.96,22.54,52978068
2014-11-10,22.98,23.88,22.82,23.03,37516744
2014-11-11,23.15,23.48,23.03,23.2,9700713
2014-11-12,23.01,23.99,23.01,23.31,14722191
2014-11-13,23.43,23.58,22.67,22.91,6043059
2014-11-14,23.02,23.33,22.44,22.68,4894263
2014-11-17,22.83,23.23,22.68,23.04,12171159
2014-11-18,23.17,23.57,22.68,22.87,7040286
2014-11-19,22.79,23.18,22.48,22.62,5518656
2014-11-20,22.58,22.87,22.12,22.2,5297688
2014-11-21,22.03,22.52,22.03,22.14,9924057
2014-11-24,22.32,23.58,22.28,23.27,22573782
2014-11-25,23.47,23.52,22.73,23.03,10817433
2014-11-26,23.01,23.36,22.86,23.25,14719320
2014-11-27,23.25,23.61,23.15,23.28,11748429
2014-11-28,23.4,23.58,23.29,23.45,11135223
2014-12-01,23.38,23.52,23.08,23.29,8713386
2014-12-02,23.45,25.75,23.27,25.4,70537400
2014-12-03,25.84,27.15,25.77,26.6,38939672
2014-12-04,26.75,30.15,26.54,29.59,94107424
2014-12-05,29.49,31.72,28.79,29.24,65482956
2014-12-08,28.99,29.88,28.2,28.42,30783456
2014-12-09,28.58,30.05,28.36,28.74,30555260
2014-12-10,28.98,29.64,28.11,28.41,19423602
2014-12-11,28.64,29.49,27.88,29.21,25527248
2014-12-12,29.69,30.16,27.88,28.27,24526160
2014-12-15,28.12,28.57,27.29,27.44,14519538
2014-12-16,27.17,27.4,26.18,26.79,19666252
2014-12-17,26.6,27.42,26.39,26.78,14211054
2014-12-18,27.29,28.31,27.25,28.13,21166596
2014-12-19,28.65,28.99,28.06,28.26,10738035
2014-12-22,28.52,28.58,27.65,27.96,7773084
2014-12-23,27.8,28.02,27.38,27.64,5598945
2014-12-24,27.46,27.88,27.17,27.55,6491331
2014-12-26,27.55,27.85,27.48,27.54,5058801
2014-12-29,27.78,28.16,27.52,27.58,8350848
2014-12-30,27.68,28.96,27.65,28.37,21703672
2015-01-01,29.8,30.64,26.39,29.69,16552206
2015-01-02,29.55,29.98,29.14,29.54,10896534
2015-01-05,29.42,29.58,28.9,28.98,7117209
2015-01-06,28.98,29.43,28.21,28.6,14174127
2015-01-07,28.7,33.13,28.7,32.45,106931184
2015-01-08,32.4,32.98,31.53,31.76,53019448
2015-01-09,31.97,33.52,31.83,32.35,41711868
2015-01-12,32.52,33.02,32.01,32.48,30037888
2015-01-13,32.65,34.63,32.58,33.67,67516216
2015-01-14,33.58,33.89,32.99,33.22,20496860
2015-01-15,33.45,33.72,32.89,33.04,11048400
2015-01-16,33.3,34.03,33.08,33.27,21368656
2015-01-19,33.4,33.67,32.73,32.84,11937024
2015-01-20,33.07,33.15,31.73,31.95,17753968
2015-01-21,32.08,32.77,31.65,31.83,18738424
2015-01-22,32.0,32.83,31.82,32.41,38991248
2015-01-23,32.72,33.13,32.13,32.49,28132434
2015-01-27,34.57,36.1,33.95,34.39,58023208
2015-01-28,34.49,34.8,34.12,34.43,19361528
2015-01-29,34.34,34.34,33.48,33.81,11334510
2015-01-30,33.89,34.12,33.37,33.72,8474994
2015-02-02,33.84,35.33,33.43,34.58,20583486
2015-02-03,34.82,36.64,33.8,36.37,44045100
2015-02-04,36.77,37.1,35.71,35.89,22104820
2015-02-05,35.87,35.89,35.15,35.27,7194330
2015-02-06,35.35,35.89,34.28,34.43,8053254
2015-02-09,34.43,34.47,33.28,33.38,8275806
2015-02-10,33.23,34.42,32.97,33.73,10634481
2015-02-11,34.39,35.55,34.39,35.34,31994128
2015-02-12,35.54,37.46,34.97,37.25,44479016
2015-02-13,37.52,37.68,36.39,36.57,20106604
2015-02-16,36.82,37.82,36.42,36.98,16078788
2015-02-18,37.27,41.87,37.18,40.34,109588152
2015-02-19,40.19,40.66,38.45,38.76,37016100
2015-02-20,38.89,39.79,38.52,38.65,24559820
2015-02-23,38.93,39.37,37.43,37.62,20875832
2015-02-24,38.06,38.54,37.03,37.37,31191040
2015-02-25,37.76,38.23,37.27,37.44,21727828
2015-02-26,37.61,38.17,36.57,36.84,34231132
2015-02-27,37.78,41.26,37.75,38.06,161824704
2015-02-28,38.76,39.3,36.58,37.69,52635628
2015-03-02,37.97,37.98,36.62,36.79,24964632
2015-03-03,36.99,37.23,36.42,36.77,19086210
2015-03-04,37.0,37.85,36.73,36.99,26097884
2015-03-05,37.16,37.32,35.88,36.18,24376672
2015-03-09,36.15,36.16,34.64,34.79,17811090
2015-03-10,34.95,35.16,33.13,33.49,32164804
2015-03-11,33.64,34.9,33.28,33.89,38426552
2015-03-12,34.2,34.73,34.04,34.19,20495080
2015-03-13,34.48,34.7,33.45,33.63,22500522
2015-03-16,33.74,33.82,32.78,32.97,11763873
2015-03-17,33.21,34.11,33.08,34.0,27175302
2015-03-18,34.04,34.25,33.12,33.28,12434202
2015-03-19,33.53,33.76,32.69,32.77,16199865
2015-03-20,32.93,32.94,31.82,32.24,15232635
2015-03-23,32.46,32.83,31.97,32.2,20835440
2015-03-24,32.42,32.99,32.21,32.84,23075020
2015-03-25,32.93,32.93,32.04,32.23,11144727
2015-03-26,32.22,32.43,31.57,31.93,11206899
2015-03-27,32.22,32.32,31.13,31.33,17418456
2015-03-30,32.02,33.07,32.02,32.81,44026784
2015-03-31,33.02,34.11,32.64,33.84,36140248
2015-04-01,33.89,36.31,33.84,35.29,57692744
2015-04-06,35.45,36.45,35.45,36.3,23404096
2015-04-07,36.52,36.61,35.26,36.22,16399251
2015-04-08,36.36,37.62,36.04,37.2,21605660
2015-04-09,37.52,37.93,36.78,37.32,13617351
2015-04-10,37.36,37.36,36.36,36.71,10212444
2015-04-13,36.86,36.99,34.65,34.78,22594672
2015-04-15,34.93,35.03,33.14,33.58,31522194
2015-04-16,33.83,34.3,33.14,33.32,19918404
2015-04-17,33.43,33.64,32.32,32.42,13110966
2015-04-20,32.51,33.17,31.31,31.52,18779310
2015-04-21,31.82,32.08,31.31,31.6,11051964
2015-04-22,31.83,32.32,31.62,32.1,12318372
2015-04-23,32.49,32.93,32.17,32.28,15151257
2015-04-24,32.37,32.5,31.34,31.47,12249567
2015-04-27,31.62,31.68,30.05,30.1,12447864
2015-04-28,29.9,30.49,29.54,30.12,12513897
2015-04-29,30.19,30.81,29.81,30.32,14457663
2015-04-30,30.3,31.42,29.92,31.16,11784564
2015-05-04,31.5,32.07,31.31,31.65,9386982
2015-05-05,31.75,33.98,31.36,33.05,30648520
2015-05-06,33.21,33.94,30.83,31.75,32678316
2015-05-07,31.43,32.58,29.92,30.35,35901460
2015-05-08,30.82,31.72,30.82,31.36,20133630
2015-05-11,31.77,32.31,31.46,31.61,11096118
2015-05-12,31.75,32.17,31.12,31.73,18304902
2015-05-13,32.05,32.22,31.83,32.0,15410835
2015-05-14,32.0,32.27,31.67,31.75,7010487
2015-05-15,32.07,32.83,31.73,31.89,10490337
2015-05-18,32.12,32.42,31.77,31.97,6051672
2015-05-19,32.11,32.37,31.84,32.18,8670123
2015-05-20,32.48,32.58,32.02,32.12,5335011
2015-05-21,32.37,32.98,32.12,32.52,12054933
2015-05-22,32.6,32.67,32.08,32.27,4779918
2015-05-25,32.41,32.78,32.22,32.45,5633595
2015-05-26,32.45,33.52,32.45,33.32,16580421
2015-05-27,33.13,33.67,32.84,33.45,8275707
2015-05-28,33.54,34.06,33.46,33.7,8401536
2015-05-29,33.86,36.65,32.15,36.15,84869632
2015-06-01,36.21,36.92,35.97,36.45,22627736
2015-06-02,36.11,36.21,34.65,35.08,23190652
2015-06-03,35.18,35.18,31.95,32.87,24557346
2015-06-04,33.23,33.7,32.35,33.43,18543294
2015-06-05,33.31,34.29,32.85,33.56,15275700
2015-06-08,33.58,34.08,33.08,33.24,8058699
2015-06-09,33.11,33.58,32.51,32.68,8142849
2015-06-10,32.73,33.52,32.73,33.04,6222150
2015-06-11,33.28,33.47,32.21,32.39,8519544
2015-06-12,32.51,32.93,32.05,32.82,8975538
2015-06-15,32.83,33.42,32.6,33.01,7584984
2015-06-16,32.69,33.03,32.55,32.93,5414607
2015-06-17,33.12,33.7,32.86,33.36,13570920
2015-06-18,33.37,34.26,33.37,34.02,12617847
2015-06-19,34.22,34.6,34.14,34.4,11836044
2015-06-22,34.65,34.75,34.05,34.39,7175916
2015-06-23,34.38,34.78,34.09,34.29,7694577
2015-06-24,34.39,34.68,33.61,33.96,7587063
2015-06-25,33.86,34.22,33.58,34.03,6584886
2015-06-26,34.09,35.2,33.89,34.78,15173235
2015-06-29,34.21,34.32,33.08,33.67,9170766
2015-06-30,33.82,34.29,33.66,34.0,11378862
2015-07-01,34.13,34.83,34.1,34.48,9997515
2015-07-02,34.54,35.1,34.34,34.51,9492714
2015-07-03,34.59,34.89,34.35,34.52,6734277
2015-07-06,34.3,34.45,32.22,34.18,8270658
2015-07-07,34.28,35.51,34.24,34.88,14410341
2015-07-08,34.58,35.14,34.08,34.44,8962668
2015-07-09,34.65,35.0,34.42,34.62,5673393
2015-07-10,34.8,35.05,34.34,34.74,4535784
2015-07-13,34.85,35.01,34.56,34.85,4255911
2015-07-14,34.9,35.58,34.8,35.25,9681408
2015-07-15,35.51,35.86,35.35,35.58,6866046
2015-07-16,35.84,37.15,35.55,36.95,24660604
2015-07-17,37.42,37.55,36.73,36.85,14044833
2015-07-20,37.01,37.16,36.65,36.9,5303826
2015-07-21,37.07,37.63,36.49,36.62,12587157
2015-07-22,36.65,37.16,36.16,36.99,5129982
2015-07-23,37.34,38.28,37.18,37.97,18236296
2015-07-24,38.17,38.27,36.94,37.08,13132845
2015-07-27,39.48,39.68,37.02,37.19,40279536
2015-07-28,37.55,38.07,37.25,37.89,12994542
2015-07-29,38.12,39.92,37.63,39.69,27314100
2015-07-30,40.15,40.21,39.5,39.67,14478750
2015-07-31,39.79,40.55,39.53,40.25,19211248
2015-08-03,40.26,41.96,40.21,41.66,20486564
2015-08-04,41.92,42.02,41.11,41.68,16490925
2015-08-05,41.82,41.94,40.64,40.85,10469547
2015-08-06,40.95,41.01,39.65,40.21,10861389
2015-08-07,40.3,40.85,39.8,40.05,12000879
2015-08-10,40.02,40.4,39.42,39.58,5712597
2015-08-11,39.55,39.83,38.29,38.48,11398761
2015-08-12,38.61,38.64,37.51,37.68,10953360
2015-08-13,37.98,38.76,37.73,37.96,12544983
2015-08-14,38.13,38.97,37.87,38.83,11867130
2015-08-17,39.04,39.04,38.14,38.3,7882083
2015-08-18,38.38,38.66,37.38,37.5,12560724
2015-08-19,37.88,37.88,36.74,36.82,26581400
2015-08-20,36.85,37.17,36.31,36.59,13040478
2015-08-21,36.36,36.46,35.81,36.18,15330051
2015-08-24,35.45,35.45,31.52,32.05,20647936
2015-08-25,32.42,33.97,29.82,33.68,29554768
2015-08-26,33.38,34.31,32.49,33.99,13196007
2015-08-27,34.29,35.01,34.29,34.55,12168684
2015-08-28,34.78,36.11,34.78,35.1,16223328
2015-08-31,35.2,35.25,33.92,34.03,12774465
2015-09-01,33.75,33.75,32.43,32.54,12255012
2015-09-02,32.93,34.09,32.65,33.08,18747630
2015-09-03,33.33,33.94,33.03,33.34,7975539
2015-09-04,33.34,33.34,32.44,32.61,15925536
2015-09-07,32.61,32.78,31.62,31.88,16773471
2015-09-08,32.02,33.29,31.88,33.04,13866336
2015-09-09,33.84,34.24,33.41,33.85,23537052
2015-09-10,33.38,35.1,33.08,34.36,37580500
2015-09-11,35.0,35.43,33.58,33.77,54376936
2015-09-14,34.85,34.85,32.67,33.17,14214090
2015-09-15,33.18,33.78,32.38,32.96,11272899
2015-09-16,33.3,34.06,32.49,32.62,10171392
2015-09-18,33.29,33.78,32.72,32.96,13291344
2015-09-21,33.18,33.82,33.03,33.4,9001212
2015-09-22,33.67,33.74,32.94,33.16,9080445
2015-09-23,33.0,35.0,32.82,34.62,22769440
2015-09-24,35.15,36.06,34.32,35.51,45326292
2015-09-28,35.82,36.56,35.52,35.85,11624745
2015-09-29,35.42,35.79,34.6,34.79,9061635
2015-09-30,35.15,35.3,34.09,34.41,7614486
2015-10-01,34.55,34.99,34.27,34.67,7382925
2015-10-05,35.03,36.06,35.03,35.87,9730083
2015-10-06,36.67,37.17,35.54,36.02,18573786
2015-10-07,36.0,36.82,35.49,36.48,10532973
2015-10-08,36.51,36.67,36.06,36.46,5093979
2015-10-09,36.58,37.09,36.45,36.59,7844793
2015-10-12,36.76,36.91,36.36,36.57,4172223
2015-10-13,36.37,36.6,35.78,36.0,4650525
2015-10-14,35.89,36.32,35.7,35.95,3386955
2015-10-15,36.27,36.27,35.67,35.85,2798169
2015-10-16,36.06,36.31,35.37,36.11,6246306
2015-10-19,36.27,36.47,35.91,36.02,2439591
2015-10-20,36.3,38.03,36.0,37.78,15788388
2015-10-21,38.06,38.15,36.36,37.28,10940028
2015-10-23,37.55,37.66,36.55,36.84,4580829
2015-10-26,37.09,37.09,36.21,36.4,8727213
2015-10-27,36.25,37.21,36.24,36.86,7597887
2015-10-28,36.86,37.24,36.36,36.73,8467767
2015-10-29,36.72,37.58,36.55,36.92,31515660
2015-10-30,38.03,38.45,37.42,37.69,23721390
2015-11-02,37.7,37.93,37.05,37.3,3293103
2015-11-03,37.61,38.33,36.52,38.12,11755029
2015-11-04,38.33,38.79,37.68,38.06,7079688
2015-11-05,37.88,38.04,37.42,37.58,3305280
2015-11-06,37.63,38.24,37.45,37.72,8562015
2015-11-09,37.23,39.39,36.82,39.11,11813043
2015-11-10,39.18,39.18,37.58,37.86,5994417
2015-11-11,38.03,38.69,37.88,38.57,1375770
2015-11-13,38.33,38.33,37.08,37.45,3767379
2015-11-16,37.42,38.29,37.13,37.83,4003890
2015-11-17,37.89,38.45,37.83,38.0,4960758
2015-11-18,38.03,38.12,37.13,37.29,4275975
2015-11-19,37.46,37.95,37.29,37.82,2664156
2015-11-20,37.88,38.39,37.54,37.96,8867463
2015-11-23,38.24,38.31,37.66,37.91,4149420
2015-11-24,38.06,38.58,37.82,38.03,6782490
2015-11-26,38.03,39.13,37.82,38.77,15326388
2015-11-27,38.81,39.3,38.46,38.63,3939540
2015-11-30,38.24,38.63,37.82,38.0,7236141
2015-12-01,38.04,38.36,37.42,37.51,4438302
2015-12-02,37.72,37.72,36.73,36.92,6123315
2015-12-03,36.67,37.58,36.64,37.07,5696559
2015-12-04,36.76,37.55,36.68,37.15,3926439
2015-12-07,37.56,37.56,36.76,37.08,3788235
2015-12-08,36.91,37.27,36.67,36.82,3471864
2015-12-09,36.73,37.12,35.92,36.28,6490077
2015-12-10,36.33,36.55,35.72,36.12,7385664
2015-12-11,36.21,36.65,35.27,35.49,6885648
2015-12-14,35.48,36.29,35.09,35.94,3628944
2015-12-15,36.03,36.14,35.49,35.68,4976697
2015-12-16,36.13,36.84,35.82,36.21,6116022
2015-12-17,36.36,36.86,36.36,36.51,10445721
2015-12-18,36.52,37.86,36.37,37.38,32125864
2015-12-21,37.06,38.3,37.06,38.12,13544388
2015-12-22,38.03,38.76,37.91,38.49,12566730
2015-12-23,38.63,38.85,37.97,38.55,5534331
2015-12-24,38.94,40.44,38.61,39.92,20373308
2015-12-28,40.15,40.2,39.49,39.6,9020814
2015-12-29,39.72,40.89,39.64,40.72,21020076
2015-12-30,41.0,41.7,40.79,40.98,16273092
2015-12-31,41.24,41.89,41.06,41.55,19482474
2016-01-01,41.73,41.82,41.26,41.69,7632504
2016-01-04,41.57,42.93,41.36,41.52,14444199
2016-01-05,41.79,42.18,41.18,41.4,8738796
2016-01-06,41.36,41.82,40.7,41.01,5917362
2016-01-07,41.0,41.0,38.94,39.21,14032953
2016-01-08,39.55,40.0,39.0,39.34,6597558
2016-01-11,39.15,40.51,38.52,40.32,10047939
2016-01-12,40.67,41.5,40.44,40.61,16810036
2016-01-13,40.91,41.21,39.23,40.6,17194684
2016-01-14,40.06,40.3,39.09,39.63,5554494
2016-01-15,39.8,40.15,37.67,38.17,6103053
2016-01-18,37.94,38.26,36.28,37.43,7673622
2016-01-19,37.58,38.27,36.99,38.12,5920530
2016-01-20,37.14,37.53,35.66,36.75,8477106
2016-01-21,37.0,37.57,35.24,35.52,16178118
2016-01-22,36.06,36.73,35.12,36.17,11598576
2016-01-25,36.71,37.24,36.36,36.65,7404012
2016-01-27,36.97,39.96,36.17,36.55,37507304
2016-01-28,36.61,37.55,36.24,37.21,12522939
2016-01-29,37.3,37.61,36.88,37.32,5345769
2016-02-01,37.73,37.83,37.03,37.38,6798957
2016-02-02,37.55,37.73,36.82,37.07,5510934
2016-02-03,36.77,37.58,36.33,36.85,7856574
2016-02-04,37.12,37.48,36.38,37.0,8496345
2016-02-05,37.0,37.58,36.79,37.45,3783747
2016-02-08,37.45,38.05,37.12,37.28,4560798
2016-02-09,36.67,37.09,36.38,36.64,4598781
2016-02-10,36.73,36.73,35.84,36.01,6421965
2016-02-11,35.76,36.07,33.5,34.06,13682889
2016-02-12,34.09,35.09,32.99,34.1,14815482
2016-02-15,34.55,35.89,34.51,35.19,4469619
2016-02-16,35.61,35.79,33.39,33.83,5975376
2016-02-17,33.61,34.11,32.73,33.94,11192577
2016-02-18,34.52,34.85,34.09,34.69,7631679
2016-02-19,34.24,34.54,34.02,34.23,5712927
2016-02-22,34.51,35.58,34.18,35.08,8107869
2016-02-23,35.32,35.32,33.77,33.85,8421996
2016-02-24,33.91,34.48,32.79,33.06,9448065
2016-02-25,33.33,33.58,31.97,32.33,8384673
2016-02-26,32.55,32.68,31.82,31.99,8811000
2016-02-29,32.08,32.69,31.06,31.21,12762288
2016-03-01,31.06,31.62,30.55,31.49,19493628
2016-03-02,31.88,32.58,31.7,31.84,12335598
2016-03-03,32.12,32.95,31.98,32.58,16994406
2016-03-04,32.88,33.63,32.27,33.35,14022426
2016-03-08,33.48,33.77,32.71,32.91,6107805
2016-03-09,32.91,33.3,32.37,33.18,5204232
2016-03-10,33.22,33.37,32.55,32.85,5288217
2016-03-11,32.85,33.48,32.64,32.93,7105395
2016-03-14,33.06,33.24,31.95,32.57,10004445
2016-03-15,32.67,32.67,31.72,32.22,6046491
2016-03-16,32.42,32.42,31.7,32.28,9017316
2016-03-17,32.58,33.21,32.42,32.85,12100539
2016-03-18,33.15,33.57,32.96,33.42,13588113
2016-03-21,33.48,36.45,33.39,35.67,30386136
2016-03-22,36.06,36.42,35.69,36.1,21158180
2016-03-23,36.2,37.03,35.6,36.42,9746913
2016-03-28,36.74,36.93,35.09,35.38,10003983
2016-03-29,35.47,36.15,35.2,35.76,8062098
2016-03-30,36.24,36.85,35.88,36.66,12866271
2016-03-31,36.94,37.85,36.27,37.1,26654034
2016-04-01,36.61,36.94,36.11,36.34,7250529
2016-04-04,36.82,36.94,36.43,36.54,6463941
2016-04-05,36.43,36.43,35.46,35.79,8653590
2016-04-06,35.94,36.28,35.31,35.5,6180009
2016-04-07,35.61,35.61,34.64,34.92,11185977
2016-04-08,35.15,35.68,34.68,35.38,5622408
2016-04-11,35.52,35.61,34.32,34.87,8720118
2016-04-12,35.0,36.15,34.85,35.87,9551091
2016-04-13,36.25,36.82,35.91,36.18,8398434
2016-04-18,36.27,36.86,35.85,36.55,7556703
2016-04-20,36.55,36.99,36.13,36.31,6570828
2016-04-21,36.42,36.64,35.07,35.43,6347979
2016-04-22,34.91,35.71,34.91,35.44,7199775
2016-04-25,35.6,35.95,35.34,35.52,5381013
2016-04-26,35.45,36.18,35.38,36.1,7310721
2016-04-27,36.17,37.03,36.15,36.75,9726387
2016-04-28,36.91,37.35,35.7,35.87,16132512
2016-04-29,36.06,36.54,35.61,35.81,5478495
2016-05-02,35.46,36.33,35.46,35.98,3579312
2016-05-03,36.2,36.33,35.48,35.63,4534959
2016-05-04,35.55,35.87,34.55,34.75,5203704
2016-05-05,34.81,35.21,34.57,34.74,7493508
2016-05-06,34.75,34.98,34.39,34.61,4345869
2016-05-09,34.69,35.18,34.56,34.92,7226010
2016-05-10,34.99,35.58,34.99,35.45,6585249
2016-05-11,35.03,35.38,34.7,35.07,2995509
2016-05-12,35.06,35.42,35.05,35.15,2950497
2016-05-13,35.12,35.14,34.73,34.82,3763254
2016-05-16,34.85,34.86,33.73,34.38,11061171
2016-05-17,34.55,34.85,34.09,34.32,7111038
2016-05-18,34.25,35.03,34.09,34.85,6377085
2016-05-19,34.85,34.9,33.71,33.87,5153676
2016-05-20,34.03,34.21,33.18,33.34,17118784
2016-05-23,33.51,34.09,33.1,33.29,5337123
2016-05-24,33.33,33.8,32.79,33.6,6896406
2016-05-25,33.67,34.13,33.42,33.61,9635175
2016-05-26,33.7,34.39,33.7,34.06,12716385
2016-05-27,34.36,36.52,34.36,35.85,27444186
2016-05-30,36.21,36.33,35.45,36.1,10446975
2016-05-31,36.24,36.24,35.61,35.71,4653825
2016-06-01,35.88,36.36,34.98,35.05,6768168
2016-06-02,35.21,35.42,34.74,35.28,3668346
2016-06-03,35.61,35.65,34.55,34.65,5763450
2016-06-06,34.76,36.18,34.76,35.95,13310682
2016-06-07,36.09,37.06,36.06,36.89,19364730
2016-06-08,37.27,39.4,37.27,39.07,41726620
2016-06-09,38.88,39.82,37.88,38.23,25260246
2016-06-10,38.33,39.21,38.03,38.35,15447861
2016-06-13,38.17,38.31,37.52,37.75,7603332
2016-06-14,37.97,38.24,37.32,37.68,7024908
2016-06-15,37.88,38.75,37.76,38.17,8456415
2016-06-16,38.39,38.87,38.12,38.46,13936791
2016-06-17,38.73,38.82,38.03,38.1,6652965
2016-06-20,37.91,39.44,37.72,38.93,14185578
2016-06-21,39.27,39.51,38.7,38.9,12154956
2016-06-22,38.88,39.06,37.94,38.32,8904258
2016-06-23,38.31,38.75,38.05,38.62,5525520
2016-06-24,36.42,38.09,35.76,37.82,10806411
2016-06-27,38.03,38.45,37.79,38.11,6742791
2016-06-28,38.16,38.4,37.7,37.85,10660155
2016-06-29,38.04,38.78,38.04,38.5,9329430
2016-06-30,38.79,39.0,38.21,38.4,10950225
2016-07-01,38.48,38.88,38.48,38.54,7899738
2016-07-04,38.78,39.08,38.52,38.62,10511523
2016-07-05,38.75,39.15,38.48,38.63,5635905
2016-07-07,39.03,39.06,38.34,38.48,5829021
2016-07-08,38.57,38.57,37.88,38.13,4411572
2016-07-11,38.36,38.7,38.05,38.12,6797505
2016-07-12,38.24,38.45,38.13,38.24,4329402
2016-07-13,38.33,38.72,37.6,37.77,8253366
2016-07-14,37.88,38.85,37.45,38.75,13721796
2016-07-15,38.84,38.97,37.85,37.96,10370745
2016-07-18,38.17,38.32,37.58,37.67,5091273
2016-07-19,37.82,38.16,37.34,37.62,5785461
2016-07-20,37.67,38.33,37.58,37.87,6440181
2016-07-21,37.91,38.24,37.45,37.5,8993292
2016-07-22,37.49,37.77,37.17,37.46,9319200
2016-07-25,37.5,37.94,37.15,37.69,8267259
2016-07-26,37.89,37.97,37.0,37.16,4663791
2016-07-27,37.27,37.52,36.7,36.95,6979368
2016-07-28,37.52,37.85,36.86,37.0,15301506
2016-07-29,37.09,37.6,37.03,37.45,10115787
2016-08-01,37.45,38.12,37.43,37.6,10576599
2016-08-02,38.03,38.06,37.27,37.56,9098661
2016-08-03,37.55,37.94,37.05,37.47,12184260
2016-08-04,37.69,37.72,37.18,37.3,4116882
2016-08-05,37.53,38.39,37.47,38.16,14064567
2016-08-08,37.58,37.94,37.18,37.65,15772878
2016-08-09,37.72,38.06,37.53,37.63,8674182
2016-08-10,37.64,37.79,37.27,37.33,5608812
2016-08-11,37.33,37.38,36.41,36.7,7988772
2016-08-12,36.82,37.33,36.68,37.24,3440019
2016-08-16,37.3,37.66,36.91,37.45,4589079
2016-08-17,37.52,37.83,37.34,37.59,4400286
2016-08-18,37.33,37.65,37.02,37.15,3674847
2016-08-19,37.27,37.57,37.13,37.26,2686464
2016-08-22,37.24,37.48,36.97,37.04,3929574
2016-08-23,37.07,37.1,36.74,36.99,4007025
2016-08-24,37.03,37.37,36.92,37.21,3262083
2016-08-25,37.18,37.32,36.39,36.54,6525288
2016-08-26,36.64,37.15,36.58,36.95,3269310
2016-08-29,37.0,37.24,36.67,36.82,2505591
2016-08-30,36.85,37.14,36.85,36.94,2959242
2016-08-31,37.08,37.67,36.75,36.98,5384808
2016-09-01,37.02,37.39,36.84,37.12,2819487
2016-09-02,37.12,37.36,36.74,36.94,3834435
2016-09-06,36.97,37.2,36.68,36.77,3371247
2016-09-07,37.09,37.09,36.52,36.66,7576635
2016-09-08,36.67,36.77,36.36,36.45,12228117
2016-09-09,36.55,36.91,36.55,36.7,5343129
2016-09-12,36.22,37.02,35.79,36.36,6735102
2016-09-14,36.48,36.48,36.06,36.13,4491300
2016-09-15,36.36,37.06,36.15,36.95,12278871
2016-09-16,37.18,37.39,36.53,36.72,11109549
2016-09-19,37.06,37.58,37.0,37.44,11196603
2016-09-20,37.64,37.99,37.35,37.51,14822676
2016-09-21,37.7,38.03,37.43,37.74,12498651
2016-09-22,38.15,38.18,37.76,38.07,12518682
2016-09-23,38.18,38.64,38.05,38.22,26270244
2016-09-26,37.97,38.64,37.88,38.34,26825238
2016-09-27,38.42,38.91,38.42,38.78,28611264
2016-09-28,39.03,39.03,38.7,38.82,13159707
2016-09-29,38.92,39.36,37.16,37.34,56855668
2016-09-30,37.69,38.01,37.34,37.72,12572670
2016-10-03,37.72,38.79,37.72,38.57,8482584
2016-10-04,38.87,38.87,38.26,38.48,5913831
2016-10-05,38.75,38.75,38.39,38.57,11828124
2016-10-06,38.61,38.95,38.35,38.55,11703417
2016-10-07,38.55,38.67,38.19,38.41,5227035
2016-10-10,38.63,38.64,37.97,38.0,5917692
2016-10-13,38.13,38.13,37.58,37.7,6919506
2016-10-14,37.82,38.63,37.61,38.47,11869308
2016-10-17,38.78,38.78,38.27,38.32,9585906
2016-10-18,38.39,38.93,38.04,38.84,13391037
2016-10-19,38.94,39.07,38.42,38.56,10091697
2016-10-20,38.55,38.82,38.49,38.66,5921520
2016-10-21,38.66,38.78,38.11,38.31,3518658
2016-10-24,38.57,38.79,38.31,38.44,3416358
2016-10-25,38.45,38.61,38.18,38.43,2114409
2016-10-26,38.43,38.48,38.04,38.16,2585253
2016-10-27,37.94,38.45,37.94,38.16,5722596
2016-10-28,39.39,40.23,38.91,39.43,41732624
2016-10-30,39.7,40.48,39.61,40.22,5835687
2016-11-01,40.3,40.72,40.0,40.31,16200723
2016-11-02,39.88,39.88,39.39,39.45,6853242
2016-11-03,39.48,40.13,39.43,39.56,9568119
2016-11-04,39.78,39.96,38.98,39.39,10960587
2016-11-07,39.73,40.12,39.36,39.45,5020323
2016-11-08,39.63,40.24,39.63,39.98,5196807
2016-11-09,38.45,39.8,36.49,39.51,11724603
2016-11-10,39.88,41.94,39.83,41.32,10143276
2016-11-11,40.82,41.16,39.37,39.46,6715071
2016-11-15,39.92,39.92,38.4,39.07,7809153
2016-11-16,39.64,40.12,38.86,39.58,7524561
2016-11-17,39.29,40.15,38.91,39.84,5736522
2016-11-18,39.62,39.97,39.42,39.63,8050416
2016-11-21,39.63,39.82,38.41,38.73,7109982
2016-11-22,38.94,39.65,38.63,39.4,7614024
2016-11-23,39.67,39.74,38.83,39.22,13912536
2016-11-24,38.91,39.82,38.85,39.35,9225579
2016-11-25,39.74,40.04,39.29,39.54,6715170
2016-11-28,39.36,42.27,39.36,41.97,27132632
2016-11-29,42.42,43.24,42.05,42.65,29433656
2016-11-30,42.65,43.79,42.6,43.61,21258600
2016-12-01,43.61,44.15,43.17,43.45,17914480
2016-12-02,43.5,44.09,42.8,43.0,10175220
2016-12-05,43.29,43.58,43.0,43.38,7455624
2016-12-06,43.76,44.76,43.48,44.15,19838346
2016-12-07,44.45,44.69,43.94,44.2,14647974
2016-12-08,45.07,45.62,44.31,44.86,15582831
2016-12-09,45.58,46.03,45.08,45.72,15616491
2016-12-12,45.45,46.21,45.05,45.63,10948938
2016-12-13,45.45,45.88,44.5,44.66,10120506
2016-12-14,44.77,45.09,43.06,43.18,11504262
2016-12-15,42.48,44.32,42.48,43.62,11336952
2016-12-16,43.91,44.09,43.41,43.78,6757773
2016-12-19,44.09,44.63,43.44,43.62,10815618
2016-12-20,43.85,43.97,42.67,42.79,7061934
2016-12-21,43.03,43.48,42.47,42.84,7208388
2016-12-22,42.82,42.85,41.58,42.25,11355597
2016-12-23,42.43,42.73,41.67,41.97,9659529
2016-12-26,42.12,42.21,40.78,41.1,6534099
2016-12-27,41.21,41.85,40.31,41.58,9690318
2016-12-28,41.82,41.97,40.94,41.18,6700254
2016-12-29,41.4,41.82,40.94,41.44,15370938
2016-12-30,41.74,42.23,41.48,41.67,12502347
2017-01-02,41.97,41.97,41.0,41.38,8992995
2017-01-03,41.58,43.2,41.42,43.13,20316220
2017-01-04,43.45,43.95,43.18,43.4,18360376
2017-01-05,43.64,44.0,43.09,43.39,7328706
2017-01-06,43.5,43.88,42.68,42.78,16340709
2017-01-09,42.92,45.61,42.46,44.07,31377258
2017-01-10,44.52,46.3,44.34,45.81,45535480
2017-01-11,46.76,46.92,46.02,46.29,28558068
2017-01-12,46.41,47.52,46.36,47.0,23395680
2017-01-13,47.12,47.18,46.06,46.32,10845780
2017-01-16,46.32,46.62,45.77,46.35,8161494
2017-01-17,46.72,46.79,45.67,45.9,6088005
2017-01-18,45.9,46.32,45.53,45.82,11967153
2017-01-19,45.91,46.12,44.92,45.15,13663023
2017-01-20,45.06,45.4,44.12,44.69,10197726
2017-01-23,44.85,46.06,44.62,45.89,14906034
2017-01-24,46.3,46.48,45.84,46.06,11601744
2017-01-25,46.39,46.45,45.75,45.89,12168948
2017-01-27,45.97,47.56,45.92,46.69,23096864
2017-01-30,48.18,49.24,47.75,48.03,63852424
2017-01-31,48.0,48.02,46.55,46.67,47114396
2017-02-01,46.96,47.69,46.76,47.53,25770492
2017-02-02,47.39,47.86,46.71,46.84,16414002
2017-02-03,46.85,47.56,46.52,46.8,15787497
2017-02-06,46.95,47.44,46.46,46.57,11405427
2017-02-07,46.67,47.65,46.67,47.43,18650082
2017-02-08,47.76,48.12,46.87,47.44,13352130
2017-02-09,47.78,47.92,47.12,47.4,11168817
2017-02-10,47.41,47.54,46.71,46.78,6972207
2017-02-13,46.97,47.0,45.98,46.26,7557297
2017-02-14,46.45,46.77,45.67,45.75,18594774
2017-02-15,46.15,46.75,46.09,46.2,23131218
2017-02-16,46.33,46.45,46.0,46.25,12281841
2017-02-17,46.49,46.88,46.09,46.29,7979565
2017-02-20,46.3,46.82,46.09,46.54,11227029
2017-02-21,46.67,47.58,46.52,47.28,11338899
2017-02-22,45.88,46.3,45.67,45.78,42311048
2017-02-23,45.7,46.78,45.47,45.62,44609300
2017-02-27,45.72,46.06,45.4,45.7,77749912
2017-02-28,45.77,46.18,45.77,45.93,25550052
2017-03-01,45.97,46.21,45.95,46.1,13325367
2017-03-02,46.11,46.42,45.45,45.56,12683550
2017-03-03,45.45,45.72,45.04,45.3,16429677
2017-03-06,45.45,46.48,45.45,46.37,15495249
2017-03-07,46.67,46.7,46.19,46.38,11109087
2017-03-08,46.42,46.46,45.76,46.1,8635242
2017-03-09,46.14,47.27,45.94,47.1,27252786
2017-03-10,47.27,47.66,46.97,47.5,23827616
2017-03-14,48.18,48.29,47.45,47.63,16393608
2017-03-15,47.72,48.24,47.43,47.57,12442188
2017-03-16,48.3,50.39,47.88,50.05,30188880
2017-03-17,50.29,50.45,48.73,48.97,20305566
2017-03-20,48.98,49.45,48.32,49.24,11478342
2017-03-21,49.24,49.36,47.55,48.33,14300865
2017-03-22,47.94,48.0,46.45,46.61,20921224
2017-03-23,46.89,47.79,46.59,47.64,10892574
2017-03-24,47.74,47.79,47.0,47.14,6134988
2017-03-27,47.12,48.48,46.83,48.12,15834465
2017-03-28,48.18,48.61,47.79,48.0,12604668
2017-03-29,48.15,48.15,46.98,47.17,10068645
2017-03-30,47.3,47.73,46.38,46.5,24407532
2017-03-31,46.67,47.77,46.42,47.5,17963396
2017-04-03,48.24,48.91,47.94,48.45,16554813
2017-04-05,48.64,49.06,48.55,48.89,14952531
2017-04-06,49.05,50.55,48.64,50.15,32088788
2017-04-07,49.98,51.3,49.7,50.8,24437492
2017-04-10,50.79,52.55,50.35,52.09,26679720
2017-04-11,52.42,53.94,52.42,53.52,28558572
2017-04-12,53.91,53.94,51.82,52.92,13919160
2017-04-13,53.02,53.02,51.06,51.5,14012511
2017-04-17,51.52,52.42,51.38,51.85,8772819
2017-04-18,52.21,53.76,51.7,52.09,12658521
2017-04-19,52.8,55.24,52.74,54.15,42584796
2017-04-20,54.59,55.3,53.64,53.97,25164768
2017-04-21,54.58,55.41,54.39,54.7,17237960
2017-04-24,55.0,55.53,54.7,55.08,8938533
2017-04-25,55.36,55.42,54.36,54.62,10220826
2017-04-26,54.68,55.03,53.7,54.48,10616304
2017-04-27,54.94,55.02,54.21,54.41,9521118
2017-04-28,54.97,55.91,54.7,55.44,14299023
2017-05-02,54.94,55.85,54.94,55.48,8068743
2017-05-03,55.64,55.74,53.91,54.2,11362962
2017-05-04,54.26,55.24,53.73,55.08,8101485
2017-05-05,54.56,55.11,54.18,54.39,11472864
2017-05-08,54.39,55.36,54.39,54.8,6032136
2017-05-09,54.8,55.18,54.56,54.92,5079927
2017-05-10,54.67,56.06,54.67,55.74,8149074
2017-05-11,56.29,56.64,54.86,55.08,15243900
2017-05-12,55.24,55.24,53.77,54.36,7175988
2017-05-15,54.55,54.83,54.18,54.53,5182041
2017-05-16,54.55,55.48,54.36,55.33,5923692
2017-05-17,55.44,55.59,54.39,54.56,6199491
2017-05-18,53.94,54.39,52.89,53.02,9948081
2017-05-19,53.33,53.74,51.82,52.76,9595323
2017-05-22,54.39,54.7,52.92,53.23,6467049
2017-05-23,53.32,53.48,51.59,52.14,6969453
2017-05-24,52.12,52.62,50.15,50.55,9802203
2017-05-25,51.23,52.61,50.61,52.12,13634988
2017-05-26,52.12,53.15,51.67,53.02,16167171
2017-05-29,53.33,53.42,51.86,52.29,8203581
2017-05-30,52.59,52.67,51.33,51.56,12844893
2017-05-31,52.11,53.0,51.68,52.32,13470012
2017-06-01,52.55,53.62,52.18,52.33,14179134
2017-06-02,52.73,53.05,52.02,52.15,9192975
2017-06-05,52.36,52.39,51.45,51.53,8791080
2017-06-06,51.71,52.33,51.11,51.26,10209972
2017-06-07,51.64,52.24,51.32,51.98,6827391
2017-06-08,52.36,52.39,51.23,51.32,10178607
2017-06-09,51.35,51.58,50.79,50.98,12007530
2017-06-12,51.18,51.42,50.03,50.18,13142730
2017-06-13,50.29,50.73,49.95,50.02,13319421
2017-06-14,50.03,51.03,50.03,50.3,17473388
2017-06-15,50.3,51.35,50.18,50.59,19151632
2017-06-16,50.67,51.58,50.67,51.44,22207560
2017-06-19,51.82,51.82,50.85,51.11,12413694
2017-06-20,51.44,51.44,50.77,50.86,6717633
2017-06-21,50.91,51.64,50.77,51.3,7135689
2017-06-22,51.5,51.5,50.08,50.42,9751797
2017-06-23,50.79,50.79,49.24,50.09,9145884
2017-06-27,50.21,50.23,47.8,48.65,9581484
2017-06-28,48.42,49.09,47.76,48.41,11784552
2017-06-29,48.68,49.24,48.23,48.48,7076103
2017-06-30,48.55,49.3,47.97,48.95,8591532
2017-07-03,49.32,49.64,48.8,49.21,10894995
2017-07-04,49.27,49.76,49.24,49.52,10296468
2017-07-05,49.48,51.56,49.26,51.39,14784669
2017-07-06,51.82,52.55,51.52,52.12,17489016
2017-07-07,51.91,52.09,50.94,51.58,10662972
2017-07-10,52.12,52.77,50.41,52.33,2300880
2017-07-11,52.68,53.11,51.58,51.85,17347772
2017-07-12,52.06,52.15,51.3,51.65,6511470
2017-07-13,52.21,52.61,51.94,52.45,8588637
2017-07-14,52.68,53.32,52.26,52.5,14834658
2017-07-17,52.56,53.32,52.55,53.0,5949294
2017-07-18,53.03,53.45,52.12,52.64,10553010
2017-07-19,52.73,52.91,52.12,52.62,4820289
2017-07-20,52.73,52.86,51.8,52.29,10397820
2017-07-21,52.32,52.59,51.36,51.97,7562361
2017-07-24,52.2,52.7,51.97,52.32,7285782
2017-07-25,52.5,52.56,51.8,52.32,9441366
2017-07-26,52.32,53.35,52.21,53.18,13393866
2017-07-27,53.62,54.39,53.39,53.77,37764924
2017-07-28,53.77,54.21,53.17,53.91,6569799
2017-07-31,54.23,54.33,53.52,54.17,16658910
2017-08-01,56.05,56.82,54.48,54.83,29153430
2017-08-02,55.44,55.44,54.85,55.17,14308899
2017-08-03,55.14,55.15,54.47,54.73,7276545
2017-08-04,54.36,54.67,53.91,54.23,8845140
2017-08-07,54.39,55.27,54.24,55.09,5944758
2017-08-08,55.0,55.7,54.33,55.11,10737771
2017-08-09,54.85,55.3,53.94,54.32,7223907
2017-08-10,54.06,54.06,51.52,51.74,12330222
2017-08-11,51.14,52.24,48.82,51.86,12930030
2017-08-14,52.2,53.92,51.73,53.41,5945436
2017-08-16,53.67,54.0,52.8,53.12,6269559
2017-08-17,52.98,56.03,52.92,55.5,26626620
2017-08-18,55.26,56.21,54.55,55.3,13600476
2017-08-21,55.44,56.58,53.95,54.27,19677740
2017-08-22,54.52,55.14,53.68,54.0,7591950
2017-08-23,54.45,55.61,54.0,55.47,10218765
2017-08-24,55.73,57.39,55.5,56.95,21204340
2017-08-28,57.65,57.97,57.03,57.23,14316996
2017-08-29,56.82,57.52,55.79,56.11,9450402
2017-08-30,56.48,58.58,56.48,58.14,16054206
2017-08-31,58.7,59.0,57.27,57.58,19381000
2017-09-01,57.82,58.97,57.67,58.77,10242156
2017-09-04,58.76,58.88,57.53,58.09,9781608
2017-09-05,58.09,58.53,57.91,58.3,4331424
2017-09-06,57.64,59.24,57.64,58.64,7678725
2017-09-07,58.7,59.68,58.64,58.8,7797819
2017-09-08,59.0,59.15,56.79,57.02,10831122
2017-09-11,57.42,58.33,57.12,58.18,9218016
2017-09-12,58.58,60.0,58.42,59.86,20454624
2017-09-13,59.98,60.35,58.77,59.05,19274116
2017-09-14,59.05,59.32,57.18,57.64,21851544
2017-09-15,57.55,57.8,56.67,57.61,13158420
2017-09-18,58.06,58.86,57.61,58.44,8670192
2017-09-19,58.47,58.85,57.65,57.83,6527172
2017-09-20,58.18,58.39,57.61,58.02,3679824
2017-09-21,58.33,58.45,56.77,57.03,7126359
2017-09-22,56.85,56.85,54.55,54.82,7359891
2017-09-25,54.85,55.29,52.76,54.85,15014148
2017-09-26,54.86,55.73,54.68,55.32,11293221
2017-09-27,55.48,55.94,53.36,53.59,13886829
2017-09-28,55.33,55.52,54.03,54.52,16193742
2017-09-29,54.6,55.53,53.98,54.27,11087949
2017-10-03,54.67,54.9,53.42,54.5,12084912
2017-10-04,54.8,55.08,54.35,54.83,7194519
2017-10-05,55.2,55.28,54.48,54.58,5632314
2017-10-06,55.0,56.12,54.77,55.4,14234925
2017-10-09,55.67,55.73,54.88,55.43,8180193
2017-10-10,55.63,55.63,54.9,55.08,6092373
2017-10-11,55.43,55.8,55.15,55.3,11937174
2017-10-12,55.33,56.67,55.25,56.45,17344374
2017-10-13,56.65,57.47,56.2,57.0,7833861
2017-10-16,57.02,57.52,56.23,57.23,8306547
2017-10-17,57.2,57.2,56.67,56.95,3679266
2017-10-18,56.97,58.0,56.67,57.55,10262934
2017-10-19,57.95,57.95,57.18,57.43,1513617
2017-10-23,57.93,58.63,57.6,58.1,8494290
2017-10-24,58.0,58.58,57.68,58.33,4764408
2017-10-25,58.8,58.95,56.48,57.13,8386635
2017-10-26,57.13,57.93,56.42,56.62,10685091
2017-10-27,57.3,57.98,56.95,57.45,5783406
2017-10-30,57.85,58.92,57.68,58.5,7391871
2017-10-31,62.0,64.13,60.42,61.53,75144496
2017-11-01,61.98,62.33,61.57,61.93,14100363
2017-11-02,62.08,62.22,61.4,61.75,8766645
2017-11-03,61.97,61.97,60.77,61.0,7825704
2017-11-06,60.98,61.83,60.08,61.55,9703422
2017-11-07,62.0,62.5,59.13,60.18,13384689
2017-11-08,60.65,60.83,59.07,59.58,9024780
2017-11-09,59.8,61.67,59.63,61.43,8723295
2017-11-10,61.4,61.67,60.35,60.65,5964225
2017-11-13,60.83,60.98,59.47,59.65,6147795
2017-11-14,59.67,59.67,58.17,58.48,9238092
2017-11-15,58.43,59.53,58.05,58.82,9654879
2017-11-16,59.02,60.17,59.0,59.92,9771558
2017-11-17,60.33,60.83,59.37,59.57,10201404
2017-11-20,59.57,60.08,59.25,59.92,6510531
2017-11-21,60.03,60.08,59.03,59.15,9066429
2017-11-22,59.22,60.5,59.2,60.12,9406272
2017-11-23,60.72,62.63,60.72,62.37,31021160
2017-11-24,62.75,63.15,61.37,61.55,11278188
2017-11-27,61.63,62.5,60.7,62.1,7129203
2017-11-28,63.33,63.33,62.02,62.18,20069670
2017-11-29,62.42,64.47,62.33,63.0,26750220
2017-11-30,62.67,62.87,61.68,61.93,16002063
2017-12-01,62.27,62.97,61.27,61.5,10760892
2017-12-04,61.67,61.83,59.27,60.08,11866296
2017-12-05,59.67,60.85,58.78,60.7,11439243
2017-12-06,60.67,60.67,59.42,59.72,8780127
2017-12-07,59.67,61.38,59.57,61.1,4550679
2017-12-08,61.6,61.9,61.37,61.7,4826619
2017-12-11,61.87,62.47,60.77,61.13,4514526
2017-12-12,60.87,61.22,60.35,60.45,3302022
2017-12-13,60.33,60.98,59.85,60.22,4752969
2017-12-14,60.23,60.47,59.58,60.23,4593927
2017-12-15,60.42,61.23,59.73,59.98,8831664
2017-12-18,59.92,61.68,57.33,60.82,9356181
2017-12-19,60.83,61.83,60.83,61.37,6707226
2017-12-20,61.83,62.3,61.52,61.9,8328321
2017-12-21,61.7,62.27,61.28,61.5,4412676
2017-12-22,61.67,63.07,61.53,62.83,11938740
2017-12-26,63.1,63.15,62.0,62.18,9328047
2017-12-27,62.28,62.62,60.88,61.42,9960756
2017-12-28,61.42,61.65,60.27,60.52,23326452
2017-12-29,60.75,61.8,60.58,60.72,15759831
2018-01-01,61.0,61.3,60.4,60.48,8166816
2018-01-02,60.83,61.22,60.25,60.55,11789442
2018-01-03,60.67,61.2,60.27,60.33,8387208
2018-01-04,60.37,60.63,59.9,60.02,13893633
2018-01-05,60.33,61.17,60.27,60.77,10396050
2018-01-08,61.18,61.73,60.9,61.35,12205740
2018-01-09,61.67,61.67,60.78,60.85,7031151
2018-01-10,60.88,61.25,59.73,59.98,11870301
2018-01-11,60.03,60.33,59.5,59.67,11860599
2018-01-12,59.93,60.03,58.68,59.33,9999291
2018-01-15,59.5,60.0,59.27,59.53,8986140
2018-01-16,59.5,59.6,57.53,57.73,13604358
2018-01-17,57.67,58.93,55.67,58.68,14795268
2018-01-18,58.73,59.3,56.35,57.03,9535365
2018-01-19,57.25,57.8,56.7,57.58,5545041
2018-01-22,57.8,58.63,57.45,58.47,7885137
2018-01-23,58.67,59.05,57.93,58.23,13850478
2018-01-24,58.27,58.3,57.45,57.85,10449144
2018-01-25,59.43,59.83,58.47,58.97,45728052
2018-01-29,59.5,59.57,58.17,58.55,10870470
2018-01-30,58.98,59.32,58.33,59.0,10192740
2018-01-31,57.08,57.33,55.83,56.45,43235284
2018-02-01,56.67,57.07,53.7,53.85,41361112
2018-02-02,53.82,53.83,50.07,50.62,39743728
2018-02-05,50.0,50.6,48.8,50.0,57654584
2018-02-06,46.67,50.1,46.67,49.73,41933932
2018-02-07,51.08,53.2,50.87,52.62,53579584
2018-02-08,52.92,52.92,51.5,52.32,21077784
2018-02-09,51.0,52.6,51.0,52.1,8938587
2018-02-12,52.67,52.7,51.92,52.58,6431490
2018-02-14,53.3,54.22,52.93,53.53,15063036
2018-02-15,53.75,54.05,52.07,52.32,10960020
2018-02-16,52.77,52.77,51.22,51.9,7547409
2018-02-19,52.0,52.0,50.42,51.07,10100100
2018-02-20,51.03,51.4,50.67,51.25,8543745
2018-02-21,51.28,51.58,50.02,50.28,11911635
2018-02-22,50.08,50.42,48.45,48.85,24507504
2018-02-23,49.62,50.57,48.8,50.32,34034544
2018-02-26,50.98,52.25,50.77,51.73,19477392
2018-02-27,52.17,52.27,50.73,50.95,10397679
2018-02-28,50.83,51.73,50.38,51.45,6432813
2018-03-01,51.62,51.65,51.03,51.1,4595199
2018-03-05,50.97,52.4,50.47,51.85,9187710
2018-03-06,52.48,52.65,50.38,50.67,10445304
2018-03-07,50.5,50.53,49.05,49.45,7936389
2018-03-08,50.27,50.27,48.33,49.08,9916260
2018-03-09,49.58,50.45,49.12,49.48,9234141
2018-03-12,49.92,50.28,49.22,50.05,14156727
2018-03-13,50.0,50.73,49.87,50.52,12466362
2018-03-14,50.07,50.58,49.73,50.38,6788655
2018-03-15,50.35,51.43,50.0,50.43,9095664
2018-03-16,50.5,51.13,49.53,49.73,10796703
2018-03-19,49.77,49.9,48.83,49.52,6301965
2018-03-20,49.17,50.05,49.07,49.83,6695130
2018-03-21,50.0,50.67,49.33,49.45,7860561
2018-03-22,49.6,49.72,47.5,47.8,19364408
2018-03-23,46.97,47.05,46.02,46.65,24617190
2018-03-26,46.65,48.33,46.57,47.65,14150625
2018-03-27,48.02,48.17,47.5,47.68,8877729
2018-03-28,47.48,48.6,46.9,47.15,23399328
2018-04-02,47.6,48.45,47.37,48.25,7534800
2018-04-03,48.3,49.12,47.92,48.92,9860166
2018-04-04,49.1,49.58,47.67,47.92,11741064
2018-04-05,48.33,48.73,47.88,48.35,10456299
2018-04-06,48.35,48.8,47.85,48.27,5684175
2018-04-09,48.33,48.52,47.92,48.2,7065069
2018-04-10,48.33,48.98,48.22,48.5,6792945
2018-04-11,48.67,48.77,48.17,48.3,5636949
2018-04-12,48.83,49.72,48.63,49.1,13782747
2018-04-13,49.03,49.23,47.37,47.5,14176671
2018-04-16,47.7,47.73,46.23,46.35,17572878
2018-04-17,46.67,46.95,45.95,46.32,10461405
2018-04-18,46.63,46.83,46.1,46.23,13714419
2018-04-19,46.0,46.03,45.08,45.38,15710562
2018-04-20,44.65,44.78,43.5,44.1,24909216
2018-04-23,44.15,46.3,44.15,45.75,26176192
2018-04-24,46.03,46.18,45.1,45.27,9272688
2018-04-25,45.27,45.27,43.93,44.27,8935848
2018-04-26,44.3,44.48,43.53,43.68,15748587
2018-04-27,43.77,44.9,43.67,44.4,13382757
2018-04-30,43.85,44.32,43.6,43.73,13847460
2018-05-02,44.0,44.08,43.27,43.43,9106338
2018-05-03,43.33,43.48,42.3,42.97,14574378
2018-05-04,43.22,44.1,43.0,43.2,7078263
2018-05-07,43.3,43.98,42.78,43.77,7313223
2018-05-08,43.97,44.28,43.73,43.97,8788539
2018-05-09,43.93,44.25,43.83,44.12,6669102
2018-05-10,44.13,44.27,43.12,43.27,6999927
2018-05-11,43.33,43.53,42.5,42.62,7212126
2018-05-14,42.83,42.83,41.47,41.92,9882675
2018-05-15,41.37,42.62,39.77,40.07,37511736
2018-05-16,39.83,41.1,37.47,40.55,28314476
2018-05-17,40.6,42.25,39.52,41.8,22246566
2018-05-18,41.57,42.17,40.33,40.48,11526891
2018-05-21,40.0,40.5,38.92,39.1,9176997
2018-05-22,38.67,39.82,38.27,39.03,16655865
2018-05-23,38.95,39.57,38.7,38.93,8386623
2018-05-24,39.05,39.23,38.38,38.68,7425024
2018-05-25,38.8,39.73,38.52,39.48,8685510
2018-05-28,39.67,41.8,39.58,41.2,21852888
2018-05-29,41.17,41.52,40.67,40.93,13140726
2018-05-30,39.47,40.07,38.9,39.82,25204604
2018-05-31,39.97,39.97,37.95,38.13,27125460
2018-06-01,38.0,38.57,36.73,37.13,20689938
2018-06-04,37.33,38.13,36.67,37.37,24504604
2018-06-05,37.38,38.12,37.0,37.67,17626572
2018-06-06,37.67,38.97,37.58,38.73,19982228
2018-06-07,39.9,40.75,38.75,40.57,32471312
2018-06-08,39.83,40.22,39.33,39.52,10464249
2018-06-11,39.43,40.4,39.43,39.65,6191661
2018-06-12,39.6,40.62,39.5,40.47,10322559
2018-06-13,40.67,40.75,39.5,39.73,8779887
2018-06-14,39.58,39.65,38.48,38.72,11821971
2018-06-15,38.83,39.7,38.47,38.95,21030120
2018-06-18,38.98,39.13,37.8,38.1,9619353
2018-06-19,37.98,38.4,37.58,37.82,10429416
2018-06-20,37.73,38.07,37.03,37.25,10259367
2018-06-21,37.47,37.47,36.02,36.45,16149600
2018-06-22,36.43,36.77,35.73,36.57,17661148
2018-06-25,36.48,37.0,35.78,36.47,18864450
2018-06-26,36.3,36.4,35.08,35.33,19411376
2018-06-27,35.33,35.33,33.93,34.8,26922588
2018-06-28,34.42,35.17,33.77,34.58,24051936
2018-06-29,34.88,36.43,34.8,36.22,19270500
2018-07-02,36.28,36.28,34.6,35.2,18396412
2018-07-03,35.0,35.95,34.77,35.82,18868144
2018-07-04,35.62,35.75,34.62,34.78,13058145
2018-07-05,34.77,35.22,34.0,34.08,10440048
2018-07-06,34.17,37.42,34.1,36.93,53028896
2018-07-09,37.23,37.53,35.68,35.92,22921556
2018-07-10,36.17,37.72,35.93,37.6,26831130
2018-07-11,37.67,37.73,35.9,36.1,23040108
2018-07-12,36.33,36.92,35.03,35.33,17688438
2018-07-13,35.8,36.23,34.25,34.6,21314028
2018-07-16,34.72,35.03,33.5,33.67,15895158
2018-07-17,34.07,34.82,33.6,34.68,24264596
2018-07-18,34.73,35.02,33.0,33.18,24044444
2018-07-19,33.3,33.73,32.23,32.63,19658436
2018-07-20,32.8,34.73,32.58,34.55,27581040
2018-07-23,34.4,34.8,33.38,34.27,16157148
2018-07-24,34.28,35.85,34.15,35.63,22493088
2018-07-25,35.5,35.5,33.52,33.67,31127564
2018-07-26,33.78,34.17,33.25,33.4,32172804
2018-07-27,33.63,34.38,33.47,34.17,17262076
2018-07-30,34.33,36.27,34.22,35.93,42168244
2018-07-31,36.13,39.88,35.73,38.78,77121656
2018-08-01,39.57,40.63,38.83,39.03,80280800
2018-08-02,39.0,39.62,38.0,38.95,22892568
2018-08-03,39.0,40.18,38.87,39.83,28213676
2018-08-06,40.03,40.2,39.33,39.83,29598678
2018-08-07,39.6,39.8,38.68,38.83,13025202
2018-08-08,38.87,40.6,38.37,40.32,40606016
2018-08-09,40.67,41.03,39.72,40.4,38338100
2018-08-10,40.48,41.47,39.93,40.38,43808428
2018-08-13,40.22,40.23,38.83,39.12,14906724
2018-08-14,38.88,39.4,37.77,39.2,28673466
2018-08-16,39.0,39.43,38.1,38.28,14290698
2018-08-17,38.57,39.47,38.37,39.18,11741781
2018-08-20,39.07,39.5,38.82,39.15,9578118
2018-08-21,39.33,40.17,39.18,39.53,14753664
2018-08-23,39.53,39.6,38.67,38.73,13224216
2018-08-24,38.67,39.32,38.4,39.17,10920258
2018-08-27,39.33,39.63,38.77,38.92,15681402
2018-08-28,39.07,39.15,38.33,38.37,8750094
2018-08-29,38.4,38.85,38.17,38.27,8680368
2018-08-30,38.33,38.57,37.93,38.07,12692523
2018-08-31,38.07,39.13,37.68,37.83,29239140
2018-09-03,38.08,38.5,37.33,37.48,23274776
2018-09-04,37.8,37.8,35.83,36.38,20666516
2018-09-05,36.47,36.47,29.83,31.48,435838624
2018-09-06,31.57,31.62,29.87,30.42,144894592
2018-09-07,30.33,31.25,30.03,30.62,64860560
2018-09-10,30.62,31.03,30.22,30.32,32605424
2018-09-11,30.47,30.63,29.38,29.5,47399024
2018-09-12,29.5,29.53,28.42,29.22,56999528
2018-09-14,29.37,29.83,29.37,29.6,22618240
2018-09-17,29.58,29.6,28.93,29.03,22569124
2018-09-18,29.03,29.18,27.9,28.0,33779468
2018-09-19,28.25,28.3,27.43,27.53,23632948
2018-09-21,27.77,27.88,24.83,26.72,37031124
2018-09-24,26.87,26.97,25.73,25.9,21786212
2018-09-25,25.7,26.13,24.75,25.4,26192304
2018-09-26,26.23,28.77,26.08,28.07,142002320
2018-09-27,28.33,28.65,27.17,27.35,45255256
2018-09-28,27.53,27.77,26.28,26.77,22137960
2018-10-01,26.85,27.95,26.03,27.57,29322090
2018-10-03,27.58,28.25,27.05,27.8,30933704
2018-10-04,27.38,27.83,26.83,27.42,24482432
2018-10-05,27.33,27.75,26.53,26.87,20945432
2018-10-08,26.33,26.58,25.07,25.72,29928748
2018-10-09,25.72,26.25,24.93,25.3,28296092
2018-10-10,25.67,27.27,25.55,27.15,26090592
2018-10-11,26.17,28.83,25.9,28.3,42896796
2018-10-12,28.67,29.13,28.27,28.52,23021736
2018-10-15,28.82,29.37,28.1,29.08,17167396
2018-10-16,29.18,29.5,28.92,29.33,13062003
2018-10-17,29.53,29.75,28.28,28.5,11772090
2018-10-19,28.3,28.73,27.4,27.7,22909692
2018-10-22,27.97,28.67,27.58,28.23,18668120
2018-10-23,28.12,29.17,28.03,29.02,21949756
2018-10-24,29.33,29.47,28.0,28.23,20489004
2018-10-25,27.93,28.4,27.33,27.78,27339908
2018-10-26,27.73,30.33,27.18,29.42,72418192
2018-10-29,29.67,30.33,28.68,28.8,39264528
2018-10-30,28.8,30.33,28.8,29.95,53536696
2018-10-31,29.67,31.13,29.67,31.02,34635968
2018-11-01,31.12,32.83,31.07,32.5,58131712
2018-11-02,32.77,32.97,31.52,31.67,20519660
2018-11-05,31.68,32.23,31.02,31.7,12621051
2018-11-06,31.92,32.25,31.57,31.75,12935340
2018-11-07,31.98,31.98,31.72,31.82,1471155
2018-11-09,31.83,33.08,31.77,32.88,26676956
2018-11-12,32.9,33.1,31.5,31.68,13179546
2018-11-13,31.67,31.77,30.9,31.53,11296545
2018-11-14,31.82,32.65,31.4,31.93,16517217
2018-11-15,31.9,32.48,31.35,32.23,8838150
2018-11-16,32.33,32.35,30.53,30.95,17977204
2018-11-19,31.0,31.5,30.8,31.3,10805367
2018-11-20,31.32,32.0,30.77,30.97,21194664
2018-11-21,31.15,31.72,30.77,31.42,10910604
2018-11-22,31.43,31.58,31.07,31.25,10296039
2018-11-26,31.6,32.05,31.03,31.97,20503504
2018-11-27,31.67,31.83,30.87,31.05,13761777
2018-11-28,31.22,31.33,29.42,29.57,29465752
2018-11-29,29.67,29.73,27.83,28.27,80182448
2018-11-30,28.25,28.47,27.58,27.75,35208712
2018-12-03,28.05,28.82,27.47,28.4,30724904
2018-12-04,28.33,28.8,27.83,27.97,14637795
2018-12-05,27.68,27.97,27.0,27.57,16503828
2018-12-06,27.18,28.0,27.17,27.27,21612812
2018-12-07,27.43,27.52,26.67,26.7,21818304
2018-12-10,26.03,26.77,25.6,25.88,60029284
2018-12-11,25.5,26.6,25.0,26.25,49626948
2018-12-12,26.47,27.3,26.42,26.73,24321090
2018-12-13,27.03,28.38,26.88,28.13,51720444
2018-12-14,28.3,28.3,27.08,27.47,29710962
2018-12-17,27.6,28.17,27.58,27.92,24032520
2018-12-18,27.77,28.2,27.62,28.12,26882104
2018-12-19,28.22,29.1,28.13,28.88,35638596
2018-12-20,28.62,30.32,28.47,30.1,62658464
2018-12-21,30.38,31.6,29.33,29.47,113350496
2018-12-24,29.47,29.78,29.07,29.32,33134252
2018-12-26,29.25,29.83,28.42,29.57,37833784
2018-12-27,30.08,30.17,28.55,28.72,74696944
2018-12-28,29.0,29.42,28.87,29.3,22391712
2019-01-01,29.47,29.58,29.03,29.15,10478028
2019-01-02,29.08,30.08,28.92,29.9,30694160
2019-01-03,30.03,30.28,29.45,29.6,39807892
2019-01-04,29.63,30.72,29.5,30.62,34527272
2019-01-07,30.83,31.07,30.35,30.47,24057508
2019-01-08,30.5,30.62,30.02,30.28,14104692
2019-01-09,30.37,30.95,30.07,30.78,18285608
2019-01-10,30.63,31.0,30.5,30.8,17549420
2019-01-11,30.87,30.97,30.58,30.68,22185702
2019-01-14,30.63,30.85,29.9,30.53,15934200
2019-01-15,30.67,30.72,29.92,30.07,22043668
2019-01-16,30.17,30.42,29.47,29.63,17562354
2019-01-17,29.73,29.8,28.9,29.07,23812968
2019-01-18,29.3,29.42,28.68,28.78,11667606
2019-01-21,28.97,29.2,28.57,28.83,9151740
2019-01-22,28.98,29.13,28.12,28.38,19554852
2019-01-23,28.47,28.58,27.87,27.97,11639016
2019-01-24,27.98,28.1,27.47,27.6,13418628
2019-01-25,27.73,28.0,26.68,26.78,17708478
2019-01-28,26.78,27.03,26.35,26.57,13648203
2019-01-29,26.65,27.47,26.53,27.28,26089252
2019-01-30,27.45,28.22,27.33,28.0,23315920
2019-01-31,29.2,29.33,27.78,27.88,87060928
2019-02-01,28.05,28.73,27.75,28.2,29213256
2019-02-04,28.17,28.17,27.22,27.6,11287905
2019-02-05,27.2,27.73,26.42,26.6,15855786
2019-02-06,26.67,27.4,26.1,27.3,18884960
2019-02-07,27.33,27.67,26.85,27.22,16189332
2019-02-08,27.05,27.28,26.5,26.67,10374135
2019-02-11,26.62,26.63,25.3,25.58,24270604
2019-02-12,25.62,26.65,25.38,25.9,26343552
2019-02-13,26.05,26.28,24.6,24.83,27244444
2019-02-14,25.03,25.48,24.17,24.83,53580392
2019-02-15,25.0,25.42,24.72,25.03,30063424
2019-02-18,25.18,25.43,24.95,25.1,12307260
2019-02-19,25.17,25.67,25.05,25.33,17095686
2019-02-20,25.93,26.25,25.43,25.83,37576564
2019-02-21,25.73,25.98,25.35,25.82,14611077
2019-02-22,26.27,26.42,26.0,26.18,31188136
2019-02-25,26.18,27.1,25.7,26.97,66028140
2019-02-26,26.5,26.85,25.8,26.57,45772244
2019-02-27,26.67,27.58,26.57,26.88,42834908
2019-02-28,27.0,27.73,26.68,27.5,71638552
2019-03-01,27.67,28.43,27.67,28.33,34016796
2019-03-05,28.6,30.38,28.38,30.05,59932652
2019-03-06,30.28,31.3,30.02,30.7,51195620
2019-03-07,30.92,30.92,29.63,29.78,34017736
2019-03-08,29.33,29.67,28.93,29.07,36310504
2019-03-11,29.25,30.67,29.1,30.55,42558604
2019-03-12,30.73,31.23,30.23,30.4,45229076
2019-03-13,30.43,31.45,29.32,31.2,63010848
2019-03-14,31.5,31.57,30.38,31.07,45891692
2019-03-15,31.02,31.82,30.78,31.65,63556004
2019-03-18,31.87,32.05,31.13,31.45,35936860
2019-03-19,31.48,32.33,31.15,32.23,48370724
2019-03-20,32.22,32.55,31.02,31.17,54651848
2019-03-22,31.33,31.47,30.18,30.35,41619884
2019-03-25,30.17,31.03,30.0,30.6,30160204
2019-03-26,30.75,31.08,30.57,30.8,20409296
2019-03-27,30.97,31.4,30.52,30.7,27294354
2019-03-28,30.97,31.07,30.55,30.82,49917376
2019-03-29,31.58,32.03,31.0,31.08,74227488
2019-04-01,31.27,32.52,30.95,31.97,65733300
2019-04-02,32.13,33.93,32.02,33.62,106871752
2019-04-03,34.02,34.07,32.25,32.42,61986712
2019-04-04,32.43,33.0,32.03,32.45,37349864
2019-04-05,32.72,32.78,32.1,32.27,20317580
2019-04-08,32.3,32.48,31.48,31.67,20624224
2019-04-09,31.72,32.12,31.07,31.93,27228856
2019-04-10,31.85,32.27,31.63,31.85,21749288
2019-04-11,31.8,31.83,30.97,31.1,53425360
2019-04-12,31.18,31.4,30.67,31.32,41529544
2019-04-15,31.55,31.92,31.35,31.67,20654934
2019-04-16,31.68,31.88,31.3,31.38,13209351
2019-04-18,31.38,31.52,30.72,30.83,16277727
2019-04-22,30.63,30.63,29.53,29.8,22971246
2019-04-23,29.77,29.95,29.3,29.47,24354744
2019-04-24,29.5,29.73,29.17,29.47,20413532
2019-04-25,29.52,29.87,28.88,29.02,48818152
2019-04-26,29.17,29.52,28.85,29.38,21338168
2019-04-30,29.33,29.42,28.43,29.05,22789724
2019-05-02,28.93,29.75,28.75,29.42,24345006
2019-05-03,29.42,29.77,29.17,29.48,26423516
2019-05-06,29.22,29.48,29.07,29.42,11389035
2019-05-07,29.67,29.78,28.82,28.9,18255918
2019-05-08,28.9,29.1,28.53,28.97,15589908
2019-05-09,28.95,30.37,28.75,29.98,29622102
2019-05-10,30.03,30.25,29.6,29.9,20809256
2019-05-13,29.9,30.17,28.8,28.97,18117832
2019-05-14,28.97,29.93,28.67,29.7,17664834
2019-05-15,29.7,29.93,29.52,29.67,14422137
2019-05-16,29.83,29.88,28.88,29.75,12642906
2019-05-17,29.67,30.8,29.55,30.65,20954694
2019-05-20,31.7,33.37,31.7,33.1,51849136
2019-05-21,33.3,33.3,31.85,32.32,25111280
2019-05-22,32.67,34.08,32.27,33.7,45689824
2019-05-23,34.67,35.88,33.78,34.22,77956992
2019-05-24,34.37,37.5,34.33,37.27,108593048
2019-05-27,37.17,39.25,36.48,37.67,68298936
2019-05-28,37.65,38.23,37.18,37.58,35917172
2019-05-29,37.77,37.88,36.67,37.4,32644272
2019-05-30,38.67,38.67,37.12,37.8,105093192
2019-05-31,37.95,38.32,36.55,37.22,49922292
2019-06-03,37.33,37.57,36.88,37.07,31057964
2019-06-04,36.93,38.07,36.93,37.72,28189440
2019-06-06,37.67,37.72,35.4,35.62,41677016
2019-06-07,35.9,36.67,34.98,36.1,39082832
2019-06-10,36.18,36.5,35.45,35.9,15825306
2019-06-11,36.02,37.05,35.85,36.82,23772856
2019-06-12,36.67,36.97,35.58,35.67,20186848
2019-06-13,35.75,36.75,35.73,36.68,18529364
2019-06-14,36.58,37.2,36.28,36.93,24943608
2019-06-17,37.0,37.42,36.15,36.33,32924068
2019-06-18,36.45,36.9,36.25,36.6,23424800
2019-06-19,36.85,37.33,35.35,35.87,32430930
2019-06-20,36.0,36.98,35.88,36.87,16063953
2019-06-21,36.92,37.77,36.32,37.17,33804484
2019-06-24,37.28,38.4,37.17,38.25,42151768
2019-06-25,38.32,38.43,37.55,37.97,33003268
2019-06-26,37.95,38.45,37.83,38.13,21223506
2019-06-27,38.5,38.87,38.2,38.32,51050244
2019-06-28,38.33,38.7,37.23,37.5,20912468
2019-07-01,37.75,38.48,36.6,36.95,33367892
2019-07-02,37.0,37.62,37.0,37.37,14009295
2019-07-03,37.57,37.95,36.97,37.7,25226940
2019-07-04,37.73,38.15,37.45,37.87,12187362
2019-07-05,38.08,38.25,35.73,36.13,30916248
2019-07-08,36.03,36.58,33.58,33.73,53678784
2019-07-09,33.67,36.03,33.33,35.78,71879160
2019-07-10,35.82,35.82,34.43,34.62,24602504
2019-07-11,34.83,35.73,34.38,35.6,28447612
2019-07-12,35.47,35.7,34.77,35.35,58318252
2019-07-15,35.25,35.25,33.73,34.28,30095892
2019-07-16,34.3,35.07,34.17,34.35,23451318
2019-07-17,34.5,34.8,34.03,34.43,16754862
2019-07-18,34.6,34.63,31.97,32.18,43257152
2019-07-19,32.5,33.32,31.27,32.85,63753268
2019-07-22,32.8,33.92,31.93,33.5,41161548
2019-07-23,33.65,34.13,32.75,32.95,30391386
2019-07-24,33.05,33.4,31.95,32.53,24861368
2019-07-25,32.73,33.42,32.4,33.05,40596892
2019-07-26,33.3,33.3,32.62,32.88,21059480
2019-07-29,32.68,32.77,30.72,30.92,41593816
2019-07-30,31.13,33.47,31.08,32.8,114516856
2019-07-31,32.47,34.5,32.33,34.23,68598408
2019-08-01,33.78,33.93,32.23,32.92,38784584
2019-08-02,32.33,32.88,31.42,31.78,41095088
2019-08-05,31.65,31.65,30.4,30.83,70443656
2019-08-06,30.8,32.57,30.8,32.32,42197172
2019-08-07,32.3,32.8,31.4,31.62,33700072
2019-08-08,31.73,32.47,31.17,32.33,31400160
2019-08-09,32.25,32.97,32.17,32.55,17455608
2019-08-13,32.55,32.82,31.13,31.42,22317750
2019-08-14,31.33,32.0,30.7,31.68,21367104
2019-08-16,31.68,32.17,31.35,32.03,16438485
2019-08-19,32.13,32.8,31.8,32.62,20751876
2019-08-20,32.3,32.45,30.67,31.12,27155040
2019-08-21,31.2,31.77,30.5,30.65,25750648
2019-08-22,30.95,31.4,30.7,31.1,35013808
2019-08-23,31.27,33.65,30.93,33.3,51949132
2019-08-26,33.98,35.0,33.4,34.07,51918060
2019-08-27,34.0,34.93,33.92,34.55,27645472
2019-08-28,34.4,34.85,34.25,34.57,26066440
2019-08-29,34.42,35.45,33.58,34.9,60333248
2019-08-30,34.67,35.0,33.55,34.3,26464308
2019-09-03,33.75,34.6,33.47,33.62,20432800
2019-09-04,33.63,35.73,33.63,35.5,51820020
2019-09-05,35.67,36.48,35.4,35.95,46413760
2019-09-06,35.83,36.5,35.65,36.35,29489360
2019-09-09,36.57,36.97,36.25,36.57,30785802
2019-09-11,36.57,37.12,35.73,35.98,28361922
2019-09-12,36.17,36.73,35.68,36.0,26803832
2019-09-13,36.03,36.6,35.13,36.22,22195424
2019-09-16,37.0,37.8,36.23,36.43,53785868
2019-09-17,36.65,37.48,35.82,36.02,55784604
2019-09-18,36.35,36.8,35.22,35.63,34163944
2019-09-19,35.9,35.9,34.65,34.77,20922834
2019-09-20,35.13,36.98,34.57,36.03,63740280
2019-09-23,36.75,38.55,36.13,37.48,60392520
2019-09-24,37.5,37.75,36.83,37.28,33511350
2019-09-25,37.17,37.18,35.97,36.32,18553128
2019-09-26,36.25,37.27,35.77,37.0,24021438
2019-09-27,36.82,37.08,35.95,36.05,18383574
2019-09-30,36.12,36.3,35.03,36.1,23611184
2019-10-01,36.2,37.07,35.22,35.72,30449868
2019-10-03,35.4,35.73,34.77,35.13,20914976
2019-10-04,35.33,35.83,34.75,34.98,26160762
2019-10-07,35.03,35.42,34.5,34.78,18641932
2019-10-09,35.0,35.55,34.68,35.13,20174292
2019-10-10,35.03,35.48,34.63,35.22,13718334
2019-10-11,35.23,35.47,34.67,35.02,18654188
2019-10-14,35.2,36.72,35.17,36.32,33280900
2019-10-15,36.65,37.05,36.05,36.83,25630196
2019-10-16,37.0,37.53,36.72,37.32,31470330
2019-10-17,37.32,37.83,37.22,37.73,24550348
2019-10-18,37.65,40.33,37.63,38.85,77943672
2019-10-22,38.93,39.35,38.22,38.45,28561276
2019-10-23,38.45,38.85,37.77,37.98,32842876
2019-10-24,38.15,38.73,37.53,38.65,21415912
2019-10-25,38.67,39.08,38.22,38.9,22725064
2019-10-27,38.93,39.15,38.75,38.88,2065773
2019-10-29,39.1,40.13,38.9,39.57,27978864
2019-10-30,39.97,40.7,39.23,39.78,28093326
2019-10-31,39.95,40.13,39.22,39.38,23706222
2019-11-01,39.6,40.58,39.37,40.13,25696772
2019-11-04,40.35,40.7,39.68,39.83,32659980
2019-11-05,38.43,38.63,37.2,37.53,62888308
2019-11-06,37.48,37.5,36.05,36.47,50423024
2019-11-07,36.52,36.75,35.9,36.3,26145680
2019-11-08,36.22,37.6,36.22,36.48,40157720
2019-11-11,36.38,36.72,35.92,36.28,22302712
2019-11-13,36.27,36.53,35.73,36.37,26958764
2019-11-14,36.48,36.97,36.27,36.43,17998972
2019-11-15,36.57,37.45,36.53,37.08,16088199
2019-11-18,37.02,37.43,36.52,36.63,17733186
2019-11-19,36.58,37.33,36.53,37.15,11950386
2019-11-20,37.32,37.58,36.8,36.93,20834538
2019-11-21,36.87,37.12,36.57,36.8,12233283
2019-11-22,36.73,36.93,36.0,36.48,17271448
2019-11-25,36.12,36.32,34.97,35.58,33287656
2019-11-26,35.98,36.27,34.2,34.38,31860954
2019-11-27,34.5,34.83,34.2,34.35,12796782
2019-11-28,34.35,35.08,34.08,34.77,22439826
2019-11-29,34.85,35.13,34.22,34.37,14661717
2019-12-02,34.43,34.53,33.58,34.37,20186344
2019-12-03,34.25,34.4,33.48,33.67,26022180
2019-12-04,33.73,33.93,33.37,33.75,18411348
2019-12-05,33.93,34.43,33.82,34.02,19073526
2019-12-06,34.17,34.67,33.83,34.22,24794032
2019-12-09,34.27,35.0,34.02,34.17,18155056
2019-12-10,34.28,34.3,32.58,33.23,35565380
2019-12-11,33.57,33.57,32.18,32.82,39852760
2019-12-12,33.1,33.15,32.55,32.93,32591920
2019-12-13,33.27,33.73,32.83,33.33,28292490
2019-12-16,33.47,34.1,33.17,33.68,19226304
2019-12-17,33.68,33.82,33.33,33.4,12393666
2019-12-18,33.45,33.58,33.22,33.48,13404162
2019-12-19,33.42,33.6,33.17,33.37,10160163
2019-12-20,33.38,33.47,32.83,32.93,10121097
2019-12-23,32.9,33.35,32.83,32.95,22862668
2019-12-24,32.95,33.27,32.83,33.2,11035944
2019-12-26,33.2,33.57,32.78,32.95,22525710
2019-12-27,33.1,33.92,33.05,33.23,17607090
2019-12-30,33.38,33.6,33.2,33.32,9577833
