date,open,high,low,close,volume
2009-03-05,187.5,189.8,174.4,176.1,114606
2009-03-06,176.0,176.0,165.8,170.3,146044
2009-03-09,165.0,180.0,165.0,172.3,168690
2009-03-12,175.4,176.5,167.0,169.9,314254
2009-03-13,172.0,174.5,169.0,170.1,465114
2009-03-16,172.4,174.0,170.0,170.5,117958
2009-03-17,172.5,177.9,171.0,175.9,251294
2009-03-18,178.3,192.0,178.3,189.6,281852
2009-03-19,191.0,197.6,185.0,187.6,179324
2009-03-20,189.3,189.6,180.0,188.0,287090
2009-03-23,189.5,191.9,184.2,186.6,244678
2009-03-24,190.0,192.2,177.0,180.2,246718
2009-03-25,179.2,179.2,174.5,175.3,357246
2009-03-26,179.0,182.5,174.0,178.2,471100
2009-03-27,179.2,192.0,179.2,187.9,314124
2009-03-30,184.9,195.0,181.3,189.6,379144
2009-03-31,192.5,199.0,188.0,190.9,472420
2009-04-01,193.0,214.5,191.5,212.1,974106
2009-04-02,219.0,220.9,211.5,213.0,773150
2009-04-06,214.0,226.0,210.0,218.4,550894
2009-04-08,216.0,233.9,206.0,230.2,457202
2009-04-09,237.2,237.2,221.5,225.8,266694
2009-04-13,225.0,234.0,218.6,229.4,262366
2009-04-15,228.9,238.4,227.0,237.0,246804
2009-04-16,240.0,246.0,222.6,232.3,347302
2009-04-17,235.0,242.0,234.5,237.1,148832
2009-04-20,241.5,247.4,236.0,238.2,130244
2009-04-21,234.5,244.4,231.5,241.8,148454
2009-04-22,242.5,247.4,230.0,232.2,136248
2009-04-23,234.5,249.4,225.5,242.0,147204
2009-04-24,237.0,247.0,237.0,245.6,115768
2009-04-27,240.7,267.4,240.7,263.8,466636
2009-04-28,261.2,271.0,236.0,239.6,328196
2009-04-29,242.5,264.9,239.0,258.4,243838
2009-05-04,260.5,271.8,260.5,268.0,175804
2009-05-05,269.0,279.0,268.0,270.7,169056
2009-05-06,274.8,279.9,257.7,261.9,234582
2009-05-07,270.0,271.0,260.5,264.4,71896
2009-05-08,269.0,269.5,254.8,264.0,188472
2009-05-11,264.0,268.5,252.5,259.4,137520
2009-05-12,250.0,271.0,250.0,257.8,304020
2009-05-13,262.8,267.4,256.5,262.6,133516
2009-05-14,260.0,272.5,253.5,267.2,155992
2009-05-15,272.0,274.7,263.5,270.5,171602
2009-05-18,312.6,325.0,300.0,321.2,932
2009-05-19,325.0,347.5,297.5,342.7,329844
2009-05-20,342.5,394.0,342.5,384.2,206498
2009-05-21,388.5,412.4,382.5,398.8,278678
2009-05-22,395.0,397.0,371.6,388.4,116872
2009-05-25,387.5,404.5,374.0,378.5,163246
2009-05-26,377.5,386.5,355.6,368.0,88006
2009-05-27,377.4,384.0,372.0,374.9,55602
2009-05-28,376.5,389.0,362.0,367.1,289628
2009-05-29,370.0,381.5,370.0,377.5,147990
2009-06-01,381.8,391.5,374.5,389.8,262684
2009-06-02,394.5,396.0,368.5,373.0,215956
2009-06-03,390.0,392.8,369.5,378.6,168076
2009-06-04,373.5,406.9,373.5,400.8,1046630
2009-06-05,420.6,475.0,410.0,454.8,1741926
2009-06-08,459.8,480.0,455.8,463.4,785162
2009-06-09,470.0,480.4,433.0,469.6,475186
2009-06-10,475.0,484.9,455.0,459.3,193358
2009-06-11,462.5,462.5,441.0,452.3,133944
2009-06-12,462.0,479.0,437.5,442.1,299968
2009-06-15,443.0,443.5,417.6,420.0,150570
2009-06-16,405.5,437.5,405.5,430.4,180342
2009-06-17,432.5,437.0,422.5,423.5,170992
2009-06-18,425.0,440.0,416.5,425.0,333776
2009-06-19,426.0,437.4,405.0,425.2,147186
2009-06-22,432.5,461.4,430.0,453.7,395814
2009-06-23,450.0,459.7,432.5,450.2,270542
2009-06-24,455.0,462.5,447.6,450.4,155524
2009-06-25,460.0,465.0,445.0,448.5,142798
2009-06-26,450.6,457.4,435.1,452.6,98758
2009-06-29,455.0,539.9,455.0,531.2,1282694
2009-06-30,540.0,576.5,526.0,534.8,1930656
2009-07-01,537.5,557.0,525.2,549.0,686424
2009-07-02,557.5,565.0,532.5,541.9,485886
2009-07-03,545.8,557.0,501.8,515.5,2834338
2009-07-06,517.5,530.0,480.0,487.9,895244
2009-07-07,488.5,494.5,454.4,475.7,642990
2009-07-08,470.0,522.0,455.0,500.4,1348882
2009-07-09,502.5,529.4,497.6,521.8,895438
2009-07-10,527.5,537.0,487.5,494.2,866656
2009-07-13,501.0,505.5,475.6,480.3,356606
2009-07-14,484.0,520.0,484.0,513.7,468522
2009-07-15,517.5,535.7,503.0,512.6,370980
2009-07-16,517.5,535.0,507.6,512.0,296924
2009-07-17,487.5,527.8,487.5,521.6,241428
2009-07-20,526.0,532.5,518.0,523.0,189098
2009-07-21,528.0,545.0,520.1,530.2,379604
2009-07-22,529.5,539.9,513.5,518.5,191410
2009-07-23,519.5,529.9,501.9,519.3,106950
2009-07-24,523.0,538.0,521.1,530.6,184274
2009-07-27,534.0,541.5,526.5,529.7,97078
2009-07-28,531.0,550.0,526.0,534.6,219604
2009-07-29,529.5,544.0,513.0,520.5,161888
2009-07-30,519.0,532.2,516.2,528.8,288138
2009-07-31,531.0,539.0,527.5,533.1,603932
2009-08-03,532.5,547.5,530.0,543.2,129976
2009-08-04,550.0,592.2,545.6,553.0,393478
2009-08-05,558.8,560.8,540.0,548.0,159786
2009-08-06,549.5,554.3,526.0,531.4,100824
2009-08-07,506.9,546.5,506.9,540.1,238818
2009-08-10,545.0,557.5,530.1,542.0,299568
2009-08-11,528.1,550.0,528.1,539.8,189348
2009-08-12,530.0,540.8,512.5,535.6,237874
2009-08-13,537.5,554.0,536.0,548.4,122604
2009-08-14,550.0,560.0,542.5,548.3,147894
2009-08-17,542.5,542.5,527.6,531.8,66876
2009-08-18,530.0,537.4,519.0,526.6,95988
2009-08-19,534.5,537.0,521.6,530.7,78852
2009-08-20,535.0,543.9,525.0,532.5,70952
2009-08-21,526.0,537.0,526.0,534.7,29626
2009-08-24,540.0,554.5,536.0,550.6,105888
2009-08-25,545.0,555.0,540.1,543.0,63860
2009-08-26,545.5,552.0,535.0,540.1,125596
2009-08-27,542.2,562.5,538.5,551.0,211986
2009-08-28,559.0,573.0,550.5,556.7,185484
2009-08-31,550.0,565.0,547.6,555.7,69020
2009-09-01,514.0,562.4,514.0,542.2,67708
2009-09-02,539.0,549.8,528.1,539.8,48738
2009-09-03,541.0,548.4,523.3,526.5,50148
2009-09-04,536.5,538.5,527.5,531.4,49206
2009-09-07,538.9,545.0,534.5,537.2,54778
2009-09-08,531.0,609.8,531.0,590.2,832534
2009-09-09,585.0,587.0,562.7,569.6,286558
2009-09-10,574.5,579.0,533.5,540.2,311440
2009-09-11,549.0,562.4,541.0,551.4,210926
2009-09-14,572.5,572.5,544.0,548.9,75458
2009-09-15,550.0,552.5,541.0,544.2,163910
2009-09-16,524.0,565.5,524.0,554.7,243112
2009-09-17,561.0,572.2,545.1,551.0,371116
2009-09-18,557.0,557.0,543.5,545.9,131000
2009-09-22,549.9,554.2,545.9,550.8,99600
2009-09-23,552.5,555.0,542.6,547.2,156546
2009-09-24,540.0,549.0,534.0,543.4,328120
2009-09-25,542.5,545.0,537.6,539.3,237882
2009-09-29,543.0,547.4,533.1,535.2,179490
2009-09-30,536.5,544.0,531.0,539.0,333514
2009-10-01,532.6,552.5,532.6,538.0,240236
2009-10-05,534.5,547.9,526.8,535.5,113846
2009-10-06,540.0,546.0,526.0,544.8,147140
2009-10-07,547.6,561.8,538.1,543.0,204792
2009-10-08,552.5,559.5,540.7,546.0,137702
2009-10-09,554.5,557.5,535.0,537.5,114132
2009-10-12,540.0,546.0,538.0,542.1,65990
2009-10-14,544.1,555.8,544.1,547.8,110338
2009-10-15,554.5,555.0,543.5,547.4,72568
2009-10-16,552.0,560.0,527.5,541.1,269594
2009-10-17,548.5,548.5,542.5,545.4,30544
2009-10-20,546.5,553.0,538.2,540.1,71202
2009-10-21,545.0,545.0,538.0,540.0,130146
2009-10-22,535.5,536.5,531.5,533.1,138430
2009-10-23,542.2,542.2,522.0,526.0,109436
2009-10-26,531.0,534.7,512.5,516.0,177766
2009-10-27,516.0,547.5,496.5,512.2,125982
2009-10-28,510.0,519.5,485.0,487.4,206894
2009-10-29,467.8,482.5,456.0,460.7,481440
2009-10-30,458.6,477.4,458.6,469.8,156374
2009-11-03,467.5,491.0,462.6,482.0,222462
2009-11-04,488.0,492.4,463.0,484.6,114824
2009-11-05,494.0,494.0,478.3,489.7,73656
2009-11-06,498.5,517.5,492.5,510.4,127814
2009-11-09,510.5,517.5,505.0,510.8,87114
2009-11-10,519.5,519.5,492.8,496.2,55836
2009-11-11,493.0,512.5,492.5,503.6,96964
2009-11-12,507.0,511.5,501.2,505.4,66986
2009-11-13,501.5,509.4,500.0,505.7,50336
2009-11-16,511.0,518.0,505.7,513.0,60722
2009-11-17,515.0,527.5,514.1,515.3,94322
2009-11-18,510.5,522.4,510.5,518.1,64616
2009-11-19,518.0,522.4,510.0,515.8,64110
2009-11-20,515.0,519.5,505.5,511.8,48380
2009-11-23,512.6,519.0,503.0,505.4,44958
2009-11-24,507.5,516.5,490.0,494.7,156598
2009-11-25,499.4,512.5,496.0,507.6,252432
2009-11-26,508.0,509.4,497.5,500.3,79564
2009-11-27,489.3,499.0,486.0,495.4,251404
2009-11-30,522.2,522.2,496.1,501.4,111958
2009-12-01,502.5,512.5,501.6,507.1,48758
2009-12-02,508.5,546.0,492.2,505.4,1048904
2009-12-03,512.5,520.0,505.0,509.8,154828
2009-12-04,505.0,517.5,505.0,512.8,71618
2009-12-07,512.0,516.8,500.0,501.5,57324
2009-12-08,510.0,512.5,501.0,505.4,51828
2009-12-09,500.6,514.5,500.6,501.6,134024
2009-12-10,505.0,507.0,501.0,503.5,53412
2009-12-11,508.0,514.0,506.0,508.8,140584
2009-12-14,511.0,516.0,503.5,512.6,117038
2009-12-15,512.5,519.4,500.0,500.8,108148
2009-12-16,499.5,509.0,497.5,502.9,48450
2009-12-17,504.8,509.0,501.0,503.8,48040
2009-12-18,501.4,506.5,499.5,501.7,50358
2009-12-21,501.7,506.4,494.5,500.0,58844
2009-12-22,501.5,506.0,499.5,502.4,24654
2009-12-23,501.0,535.0,500.2,520.5,135390
2009-12-24,535.0,557.4,525.0,546.0,554028
2009-12-29,547.0,569.0,547.0,560.9,287754
2009-12-30,567.5,571.0,552.0,553.7,122636
2009-12-31,555.0,570.0,555.0,562.9,429952
2010-01-04,560.5,575.5,560.5,567.8,203302
2010-01-05,573.4,574.5,564.4,567.3,119008
2010-01-06,570.0,582.1,565.0,569.8,257816
2010-01-07,571.0,579.7,559.6,572.1,235742
2010-01-08,578.0,586.0,570.0,572.0,340126
2010-01-11,577.0,579.7,567.0,568.5,117820
2010-01-12,575.0,578.4,558.5,571.8,226728
2010-01-13,565.0,578.4,562.5,571.1,111288
2010-01-14,574.2,584.2,572.6,574.1,188512
2010-01-15,580.0,616.0,575.5,603.5,983372
2010-01-18,607.5,631.2,598.5,618.1,729870
2010-01-19,623.5,637.5,607.6,610.6,566716
2010-01-20,613.0,621.0,589.3,593.1,288880
2010-01-21,590.5,593.9,568.0,575.1,214562
2010-01-22,572.5,590.0,547.0,585.4,258296
2010-01-25,577.5,589.7,573.0,577.4,103130
2010-01-27,579.4,587.0,522.0,529.3,314902
2010-01-28,539.0,542.0,516.0,519.6,323588
2010-01-29,519.6,537.4,502.5,534.5,203356
2010-02-01,532.0,574.4,525.6,570.0,283670
2010-02-02,575.0,584.5,550.0,554.0,145190
2010-02-03,559.7,573.0,552.6,559.4,167852
2010-02-04,562.9,570.0,542.6,545.2,124440
2010-02-05,525.5,544.5,508.3,535.2,183494
2010-02-06,535.5,544.0,535.0,540.2,24508
2010-02-08,544.9,554.5,532.8,547.8,119198
2010-02-09,547.0,557.0,540.0,554.5,109182
2010-02-10,555.0,564.0,517.5,547.7,96828
2010-02-11,550.5,564.5,547.6,560.3,424174
2010-02-15,563.8,578.4,563.5,569.8,264666
2010-02-16,574.5,576.5,565.5,569.0,125640
2010-02-17,587.5,595.0,569.5,571.4,145198
2010-02-18,577.5,577.5,563.3,565.5,89944
2010-02-19,567.2,575.8,548.2,558.2,159016
2010-02-22,564.5,573.5,543.1,547.0,166360
2010-02-23,545.5,547.5,531.0,532.5,197054
2010-02-24,532.5,538.4,518.6,523.2,667190
2010-02-25,511.3,528.0,500.5,505.6,419570
2010-02-26,511.0,520.4,505.0,506.8,163064
2010-03-02,517.5,525.0,512.6,521.0,131176
2010-03-03,526.0,529.9,515.0,517.9,139216
2010-03-04,519.0,526.5,515.5,524.4,136620
2010-03-05,529.0,539.0,528.0,532.2,189488
2010-03-08,537.0,540.0,533.5,534.9,77986
2010-03-09,530.6,536.9,528.6,531.9,65308
2010-03-10,532.5,539.0,528.5,529.8,55288
2010-03-11,537.4,537.4,520.8,522.4,78714
2010-03-12,525.0,527.4,514.0,518.1,70908
2010-03-15,526.5,526.5,508.0,509.8,142716
2010-03-16,512.0,517.0,508.0,514.6,99458
2010-03-17,516.5,523.5,515.5,519.4,105910
2010-03-18,521.0,531.5,519.0,524.6,138530
2010-03-19,530.0,537.4,528.0,531.6,195874
2010-03-22,529.0,529.0,520.0,525.1,51522
2010-03-23,529.5,534.4,518.1,522.6,66590
2010-03-25,526.5,526.5,514.7,516.9,98466
2010-03-26,516.5,529.0,516.5,525.2,74150
2010-03-29,522.1,537.3,522.1,528.8,77864
2010-03-30,526.6,536.5,521.5,524.0,59888
2010-03-31,525.1,529.8,520.5,524.8,64362
2010-04-01,526.8,534.0,526.0,529.5,44108
2010-04-05,532.5,536.8,529.1,532.1,67836
2010-04-06,535.0,551.2,533.0,543.9,270922
2010-04-07,546.0,552.5,534.0,538.2,137256
2010-04-08,537.5,545.0,532.5,534.8,67178
2010-04-09,582.5,582.5,531.0,538.5,269322
2010-04-12,542.5,551.0,537.5,540.6,111652
2010-04-13,542.5,546.0,536.0,537.3,65038
2010-04-15,540.0,545.0,532.5,533.7,39910
2010-04-16,533.8,534.4,521.1,523.2,65428
2010-04-19,520.0,520.0,508.5,518.2,134768
2010-04-20,520.0,524.5,513.0,519.3,52972
2010-04-21,522.5,527.5,513.5,515.6,120356
2010-04-22,514.0,521.0,510.0,512.8,156954
2010-04-23,514.0,518.5,509.4,516.5,145442
2010-04-26,520.0,527.0,515.4,525.2,131538
2010-04-27,524.5,533.4,520.1,525.4,134014
2010-04-28,516.0,528.2,515.6,523.5,290356
2010-04-29,522.2,532.5,518.5,524.7,114334
2010-04-30,527.5,529.1,522.5,524.0,28638
2010-05-03,522.5,527.4,517.5,519.0,130452
2010-05-04,524.8,524.8,510.8,513.4,50362
2010-05-05,502.5,513.0,495.9,506.1,80818
2010-05-06,520.0,520.0,503.5,507.4,31330
2010-05-07,504.5,505.5,492.2,494.1,51346
2010-05-10,504.5,508.9,496.0,503.2,22526
2010-05-11,503.5,508.5,495.5,497.6,23696
2010-05-12,509.0,509.0,495.4,497.5,19348
2010-05-13,507.0,507.0,499.5,504.7,20754
2010-05-14,502.7,506.8,497.5,502.5,20832
2010-05-17,506.0,506.0,490.0,501.3,40654
2010-05-18,498.5,528.5,495.0,524.3,157616
2010-05-19,512.5,521.5,489.0,492.4,79282
2010-05-20,499.8,504.0,492.0,495.5,21060
2010-05-21,490.0,500.0,482.5,497.7,105276
2010-05-24,502.5,505.0,497.5,499.8,15228
2010-05-25,502.5,502.5,485.0,487.8,209508
2010-05-26,487.5,499.5,482.8,488.4,18896
2010-05-27,498.4,498.4,476.0,482.0,102592
2010-05-28,492.0,492.4,485.0,490.6,41626
2010-05-31,487.5,488.5,481.0,485.3,56558
2010-06-01,481.0,485.0,478.5,482.5,56634
2010-06-02,485.0,490.0,481.0,484.1,16966
2010-06-03,490.0,504.4,485.5,497.0,76022
2010-06-04,499.5,504.9,497.5,500.3,42344
2010-06-07,495.0,497.5,486.5,489.0,15218
2010-06-08,484.0,503.8,484.0,498.4,57594
2010-06-09,502.8,503.0,496.1,498.5,13804
2010-06-10,498.5,502.8,495.6,499.6,13964
2010-06-11,504.5,509.0,496.5,500.6,66064
2010-06-14,505.0,512.5,499.0,506.8,31468
2010-06-15,507.5,509.0,502.2,505.8,12576
2010-06-16,506.0,509.4,502.0,505.2,32702
2010-06-17,503.2,510.0,500.6,506.9,19402
2010-06-18,510.0,512.5,503.0,510.9,33764
2010-06-21,514.0,523.5,511.6,518.2,132132
2010-06-22,523.0,523.0,509.0,510.6,73872
2010-06-23,509.0,516.4,509.0,513.8,35786
2010-06-24,516.6,522.5,500.5,501.8,210930
2010-06-25,500.5,507.5,497.6,504.5,26326
2010-06-28,505.0,509.0,501.4,505.1,18136
2010-06-29,506.0,506.5,495.5,499.2,26784
2010-06-30,499.0,503.2,492.6,500.3,22572
2010-07-01,500.3,503.5,495.0,497.5,14738
2010-07-02,500.0,507.4,498.1,500.1,47354
2010-07-05,500.0,504.7,490.8,492.2,49528
2010-07-06,499.9,499.9,493.5,498.2,266032
2010-07-07,498.5,509.0,497.5,501.1,87104
2010-07-08,505.0,508.0,496.6,499.7,53808
2010-07-09,500.0,506.4,496.5,500.6,63068
2010-07-12,504.5,505.5,498.5,499.6,54314
2010-07-13,502.5,504.7,495.0,498.1,91100
2010-07-14,502.0,517.5,495.1,507.1,221630
2010-07-15,507.0,515.0,506.5,509.1,78354
2010-07-16,511.0,512.6,501.0,502.0,39904
2010-07-19,500.0,525.0,500.0,510.2,178620
2010-07-20,512.5,516.0,507.5,510.6,32128
2010-07-21,511.5,519.5,510.5,516.8,48004
2010-07-22,517.8,522.5,511.5,514.1,85610
2010-07-23,520.0,520.0,507.5,510.3,58430
2010-07-26,510.5,515.0,506.5,508.8,73132
2010-07-27,502.8,510.5,502.8,507.3,118062
2010-07-28,507.6,509.5,504.4,507.0,26112
2010-07-29,509.5,509.5,500.8,504.2,48288
2010-07-30,500.0,513.0,500.0,508.0,28694
2010-08-02,508.5,518.5,500.8,515.5,65860
2010-08-03,515.0,518.0,510.0,513.5,34730
2010-08-04,517.0,518.0,509.5,513.1,40500
2010-08-05,514.6,516.0,511.1,512.7,20484
2010-08-06,517.0,525.0,505.5,506.8,94530
2010-08-09,504.5,507.5,500.2,505.4,27058
2010-08-10,505.5,510.6,502.5,502.8,115470
2010-08-11,504.0,506.0,496.5,497.9,251234
2010-08-12,495.0,500.0,490.2,496.0,29354
2010-08-13,496.7,517.4,495.1,504.6,268740
2010-08-16,507.5,509.0,502.7,505.0,91536
2010-08-17,507.0,514.5,502.5,508.0,144592
2010-08-18,508.5,511.8,501.3,509.6,77922
2010-08-19,510.1,514.0,508.0,511.2,122884
2010-08-20,524.5,524.5,507.5,510.2,66754
2010-08-23,516.0,516.0,508.0,510.6,143676
2010-08-24,513.0,514.9,509.2,510.2,88884
2010-08-25,505.0,513.8,505.0,511.0,295162
2010-08-26,511.0,517.0,497.8,501.2,517618
2010-08-27,502.0,507.5,495.3,502.0,111236
2010-08-30,504.5,507.4,497.0,504.6,41198
2010-08-31,502.5,506.0,499.8,504.5,27546
2010-09-01,505.0,508.8,503.1,506.6,25792
2010-09-02,509.0,532.5,505.2,530.6,756786
2010-09-03,532.5,579.5,532.5,567.0,1267514
2010-09-06,569.5,605.0,569.5,597.5,895736
2010-09-07,600.0,605.0,586.6,594.0,398226
2010-09-08,592.5,596.5,580.5,586.2,283512
2010-09-09,590.0,619.0,590.0,603.0,550594
2010-09-13,615.0,615.0,585.0,592.6,160284
2010-09-14,590.0,601.4,583.7,585.2,82928
2010-09-15,585.0,591.5,572.0,584.0,160414
2010-09-16,585.0,585.0,573.0,576.3,112888
2010-09-17,575.0,593.4,575.0,582.4,197756
2010-09-20,582.5,587.5,575.4,580.7,69968
2010-09-21,582.5,587.5,567.5,570.6,84304
2010-09-22,572.0,584.2,565.1,568.9,79566
2010-09-23,570.1,576.2,546.5,555.3,104308
2010-09-24,552.5,557.4,542.1,545.4,177076
2010-09-27,547.8,562.0,537.5,557.4,172280
2010-09-28,560.0,560.0,553.0,556.5,92474
2010-09-29,556.0,562.0,551.5,553.0,165472
2010-09-30,545.5,554.0,537.5,539.6,103232
2010-10-01,548.0,568.5,540.0,553.7,185892
2010-10-04,541.8,577.0,541.8,572.2,437504
2010-10-05,578.0,605.5,573.6,595.1,292124
2010-10-06,604.0,611.0,582.6,589.0,159128
2010-10-07,595.0,604.0,566.6,576.2,194254
2010-10-08,583.0,585.0,568.2,572.3,43938
2010-10-11,577.5,584.5,573.2,579.0,43304
2010-10-12,584.4,584.4,561.6,572.4,65374
2010-10-13,572.6,588.5,566.4,570.8,93892
2010-10-14,572.6,579.5,570.0,572.7,37156
2010-10-15,574.4,581.4,563.2,569.7,105348
2010-10-18,570.0,571.4,546.1,560.8,95476
2010-10-19,559.5,578.2,559.5,566.5,55162
2010-10-20,565.0,573.8,561.0,564.8,48576
2010-10-21,566.5,577.0,566.5,573.2,52002
2010-10-22,574.9,581.4,567.5,571.2,26948
2010-10-25,573.5,573.5,564.0,565.1,43882
2010-10-26,563.0,569.0,563.0,565.7,14452
2010-10-27,567.6,569.9,550.5,562.4,81076
2010-10-28,560.2,569.4,542.5,547.1,90840
2010-10-29,547.5,570.0,538.0,561.8,70510
2010-11-01,552.0,560.8,546.3,555.4,19578
2010-11-02,557.1,558.5,547.8,550.4,26434
2010-11-03,552.1,573.5,552.1,564.5,86372
2010-11-04,575.0,582.5,562.6,568.1,45736
2010-11-05,580.0,580.0,558.3,566.9,5746
2010-11-08,567.5,574.4,561.5,567.6,36014
2010-11-09,566.0,572.7,557.5,560.4,37900
2010-11-10,610.0,610.0,555.0,563.8,16152
2010-11-11,561.0,583.3,561.0,562.9,185706
2010-11-12,570.0,579.0,545.0,551.8,156414
2010-11-15,554.0,564.0,545.8,549.9,88446
2010-11-16,557.2,560.0,541.3,552.0,105894
2010-11-18,552.9,552.9,529.0,550.2,53626
2010-11-19,540.0,558.5,536.6,546.8,29612
2010-11-22,546.5,550.0,540.0,542.9,169380
2010-11-23,540.5,547.0,536.7,538.8,36522
2010-11-24,542.9,547.0,528.0,532.5,17090
2010-11-25,533.0,542.0,510.0,520.8,66288
2010-11-26,519.5,525.0,476.6,495.4,110366
2010-11-29,493.5,497.3,485.0,490.1,51194
2010-11-30,487.5,495.9,478.6,491.4,53756
2010-12-01,499.0,512.5,493.0,509.2,149160
2010-12-02,514.5,518.5,510.0,513.1,23372
2010-12-03,511.0,514.0,502.6,504.6,13062
2010-12-06,506.0,514.5,500.1,502.8,15292
2010-12-07,502.5,519.5,498.0,511.7,41840
2010-12-08,511.8,513.0,499.1,502.5,24010
2010-12-09,507.4,507.4,497.5,500.2,64374
2010-12-10,506.3,506.3,495.0,499.0,32384
2010-12-13,500.0,504.0,490.5,499.8,23794
2010-12-14,504.5,509.5,500.0,502.5,74036
2010-12-15,500.5,512.0,494.5,495.9,47660
2010-12-16,495.0,500.0,492.5,494.5,26246
2010-12-20,497.5,500.0,492.6,496.2,18626
2010-12-21,502.0,502.0,497.5,498.9,11350
2010-12-22,500.0,504.7,495.0,496.3,13746
2010-12-23,496.5,502.0,495.0,496.6,23986
2010-12-24,493.0,499.5,493.0,497.2,21760
2010-12-27,499.5,499.8,487.6,489.8,62940
2010-12-28,489.0,496.4,486.0,488.8,83838
2010-12-29,489.6,494.3,487.5,492.0,31488
2010-12-30,493.0,502.5,491.1,499.4,42062
2011-01-03,520.0,526.3,512.5,514.1,48400
2011-01-04,519.1,520.0,509.9,511.9,32498
2011-01-05,512.5,515.5,502.0,503.3,27660
2011-01-06,509.9,514.9,495.1,497.0,94400
2011-01-07,501.5,502.5,492.0,493.5,53394
2011-01-10,495.0,495.0,482.5,483.6,29150
2011-01-11,482.6,487.0,470.2,481.1,82434
2011-01-12,475.0,487.0,474.0,483.7,54106
2011-01-13,485.0,497.0,475.0,477.1,64378
2011-01-14,480.1,484.4,472.5,474.8,46560
2011-01-17,472.5,478.5,465.5,472.6,111712
2011-01-18,481.0,481.0,462.6,470.0,84012
2011-01-19,469.0,476.5,466.1,470.4,18258
2011-01-20,465.5,475.0,465.5,471.4,12372
2011-01-21,469.0,481.5,468.8,474.6,57882
2011-01-24,475.0,480.5,467.6,471.8,43952
2011-01-25,475.0,476.0,461.5,464.7,72326
2011-01-27,464.1,465.0,450.5,452.8,157854
2011-01-28,455.0,457.9,437.6,443.8,55786
2011-01-31,440.0,440.0,428.5,435.0,51178
2011-02-01,428.0,439.4,408.7,414.6,66928
2011-02-02,422.1,425.0,405.0,409.8,120980
2011-02-03,417.5,417.5,398.5,407.0,71266
2011-02-04,412.5,412.5,395.0,397.3,78440
2011-02-07,410.0,410.0,378.0,379.9,151534
2011-02-08,388.0,388.0,329.5,337.6,1445002
2011-02-09,336.5,338.5,285.0,292.4,4383114
2011-02-10,290.0,307.6,288.0,294.6,1502246
2011-02-11,301.2,312.6,293.0,307.2,911028
2011-02-14,313.0,327.6,310.6,325.5,685090
2011-02-15,328.5,338.5,322.5,330.4,592918
2011-02-16,330.0,340.0,327.8,334.4,359634
2011-02-17,334.5,341.5,332.5,339.8,317354
2011-02-18,331.3,347.1,325.6,329.3,361668
2011-02-21,335.0,336.8,326.2,334.0,161222
2011-02-22,334.5,342.8,329.1,332.0,296764
2011-02-23,332.5,336.6,329.5,330.2,94232
2011-02-24,332.4,333.9,302.0,316.8,897378
2011-02-25,320.0,332.0,300.5,306.8,1745910
2011-02-28,308.0,313.5,302.7,310.2,285386
2011-03-01,314.5,322.8,310.0,321.4,274870
2011-03-03,320.0,328.5,314.3,323.3,172400
2011-03-04,322.0,329.8,320.6,321.8,103452
2011-03-07,312.8,321.2,310.0,318.8,97600
2011-03-08,320.0,325.5,318.1,320.5,115192
2011-03-09,321.2,336.0,321.2,331.2,187458
2011-03-10,330.0,330.9,323.0,327.1,85716
2011-03-11,325.0,335.3,320.0,333.0,264346
2011-03-14,333.5,338.0,331.6,335.7,174996
2011-03-15,325.0,344.5,317.6,336.7,263344
2011-03-16,344.0,344.0,335.9,337.7,107832
2011-03-17,337.0,338.4,328.3,335.0,103284
2011-03-18,330.1,339.9,326.2,330.0,258600
2011-03-21,330.1,333.5,325.1,331.3,87888
2011-03-22,334.8,334.8,327.5,330.7,216032
2011-03-23,335.0,343.8,332.5,340.0,298646
2011-03-24,340.0,352.5,337.5,343.0,209096
2011-03-25,349.2,354.0,344.0,349.2,233532
2011-03-28,340.3,354.7,340.3,346.1,144350
2011-03-29,345.0,348.4,341.2,345.6,73458
2011-03-30,352.0,352.0,345.0,346.8,64468
2011-03-31,350.0,350.0,336.5,341.0,203156
2011-04-01,346.0,358.8,341.5,353.0,218378
2011-04-04,356.0,370.0,353.5,368.8,252612
2011-04-05,372.8,379.0,366.1,375.0,191128
2011-04-06,381.7,382.4,372.6,375.3,156466
2011-04-07,376.0,385.0,371.8,379.6,201420
2011-04-08,380.0,380.5,365.3,368.0,129468
2011-04-11,367.5,373.2,360.3,361.4,77356
2011-04-13,359.5,369.8,358.0,365.0,149770
2011-04-15,368.7,368.7,362.0,364.1,93250
2011-04-18,361.5,370.0,360.0,362.2,75948
2011-04-19,361.1,366.0,356.0,358.0,63540
2011-04-20,364.4,365.0,358.8,361.5,40230
2011-04-21,363.2,367.4,360.1,362.7,26462
2011-04-25,364.0,367.4,359.1,363.8,56890
2011-04-26,360.5,363.6,358.2,362.2,27728
2011-04-27,362.4,364.5,359.1,360.4,47568
2011-04-28,360.0,362.4,352.7,354.2,129684
2011-04-29,360.6,360.6,343.6,347.4,61304
2011-05-02,343.0,350.0,327.5,335.3,97760
2011-05-03,342.5,344.9,327.1,331.4,121904
2011-05-04,332.0,339.0,328.0,337.0,80398
2011-05-05,344.5,344.5,327.6,328.8,84448
2011-05-06,330.6,335.3,327.8,334.4,58812
2011-05-09,325.5,342.4,325.5,332.9,27744
2011-05-10,338.9,338.9,329.1,330.7,30404
2011-05-11,335.0,335.0,329.0,330.5,36790
2011-05-12,332.0,333.5,327.8,328.8,42990
2011-05-13,326.0,333.4,319.6,329.6,54570
2011-05-16,331.0,331.3,324.0,326.1,32246
2011-05-17,320.2,328.0,320.2,323.3,27330
2011-05-18,329.1,329.1,318.8,320.2,59588
2011-05-19,323.5,323.5,319.0,319.4,65552
2011-05-20,315.0,323.5,314.0,321.8,35442
2011-05-23,322.5,324.9,314.0,315.2,26002
2011-05-24,315.0,318.7,310.1,311.4,48974
2011-05-25,311.4,311.4,301.3,306.5,197876
2011-05-26,306.6,315.0,304.0,312.6,84580
2011-05-27,310.3,330.5,310.3,325.4,109356
2011-05-30,325.0,330.9,322.5,323.4,85166
2011-05-31,326.0,331.4,322.0,326.6,99864
2011-06-01,325.6,328.5,305.0,306.2,798926
2011-06-02,304.7,305.0,291.2,301.9,371382
2011-06-03,302.5,307.5,300.0,302.0,155316
2011-06-06,305.5,305.5,298.3,299.2,110830
2011-06-07,301.4,301.5,297.0,299.5,173460
2011-06-08,298.0,302.7,298.0,299.8,46356
2011-06-09,298.5,301.4,298.5,299.8,53286
2011-06-10,303.0,303.0,297.3,298.2,120198
2011-06-13,293.5,299.1,291.2,294.1,64568
2011-06-14,299.4,299.4,291.0,291.9,79774
2011-06-15,294.5,294.8,291.2,292.5,87428
2011-06-16,292.5,292.9,289.0,289.9,48690
2011-06-17,291.0,296.5,287.5,294.0,84654
2011-06-20,295.0,297.4,276.0,286.4,144830
2011-06-21,290.5,290.5,277.5,279.7,455526
2011-06-22,281.0,282.0,269.0,270.6,105136
2011-06-23,270.6,278.8,264.5,276.1,161172
2011-06-24,278.0,288.4,278.0,284.1,232844
2011-06-27,276.3,293.5,276.0,289.0,131880
2011-06-28,290.0,293.3,289.5,291.8,77378
2011-06-29,288.4,299.4,288.4,296.4,94532
2011-06-30,298.4,299.5,289.0,290.1,122160
2011-07-01,288.0,297.5,287.9,294.7,131592
2011-07-04,297.0,299.4,294.0,297.2,76364
2011-07-05,297.2,309.5,297.2,305.0,238300
2011-07-06,306.0,307.4,296.0,303.6,133682
2011-07-07,298.0,308.5,298.0,304.6,65384
2011-07-08,304.7,307.0,300.5,301.4,48900
2011-07-11,300.5,305.8,298.5,299.2,36036
2011-07-12,302.0,302.0,292.6,295.1,59856
2011-07-13,298.1,300.0,295.5,297.1,72492
2011-07-14,291.1,300.5,291.1,297.9,61064
2011-07-15,300.0,301.5,292.4,294.7,89106
2011-07-18,294.5,296.4,290.5,291.6,230526
2011-07-19,294.5,294.5,290.0,290.8,158724
2011-07-20,292.5,293.4,287.5,288.4,40708
2011-07-21,291.3,291.3,283.0,284.4,65360
2011-07-22,282.5,286.5,277.5,285.0,273754
2011-07-25,285.0,290.5,280.5,287.8,450136
2011-07-26,290.0,290.0,277.2,278.7,177956
2011-07-27,280.0,282.4,277.5,280.3,78304
2011-07-28,278.9,279.4,270.0,273.2,551398
2011-07-29,271.5,279.1,265.5,274.6,299254
2011-08-01,279.5,282.7,270.0,270.6,289236
2011-08-02,270.6,271.0,265.3,267.0,112406
2011-08-03,266.4,269.0,259.0,264.6,52516
2011-08-04,268.5,272.5,260.1,261.0,152512
2011-08-05,254.5,257.5,247.0,250.0,153756
2011-08-08,250.0,250.0,240.0,245.4,127854
2011-08-09,239.5,247.2,237.5,240.2,87510
2011-08-10,245.0,249.0,240.0,242.7,270916
2011-08-11,243.0,247.4,240.5,241.2,102724
2011-08-12,242.6,245.0,239.5,240.8,60952
2011-08-16,242.8,243.0,225.0,225.8,170120
2011-08-17,229.0,229.0,213.0,222.4,255364
2011-08-18,222.0,224.7,212.5,218.0,179986
2011-08-19,213.0,216.5,205.8,209.4,193184
2011-08-22,212.0,222.0,207.9,220.1,563340
2011-08-23,222.1,226.8,213.5,224.9,578220
2011-08-24,225.4,225.8,221.0,224.1,323210
2011-08-25,224.5,226.0,219.2,223.2,474298
2011-08-26,221.5,222.0,216.6,219.9,228822
2011-08-29,220.0,229.4,217.6,226.3,196430
2011-08-30,227.0,234.5,226.4,231.7,95364
2011-09-02,232.0,234.0,228.4,231.9,56362
2011-09-05,234.0,237.0,229.0,235.1,83830
2011-09-06,235.1,239.0,232.5,234.3,73580
2011-09-07,236.0,239.0,233.3,236.1,119064
2011-09-08,239.3,239.3,232.5,234.4,162778
2011-09-09,234.5,235.3,225.6,227.6,138766
2011-09-12,226.5,232.4,222.6,228.9,61688
2011-09-13,234.5,239.5,228.5,236.8,337666
2011-09-14,238.7,247.5,238.7,241.2,551834
2011-09-15,242.6,244.4,238.0,239.2,467794
2011-09-16,241.3,242.2,237.0,240.7,144400
2011-09-19,240.3,240.3,236.5,237.2,35984
2011-09-20,237.5,242.5,235.5,240.4,260644
2011-09-21,240.3,247.5,240.3,245.8,440180
2011-09-22,242.5,242.5,230.6,234.5,218614
2011-09-23,234.8,234.8,224.9,227.5,106318
2011-09-26,234.0,234.0,218.5,224.8,98354
2011-09-27,226.0,239.5,226.0,236.1,146796
2011-09-28,237.5,239.4,229.4,231.8,97422
2011-09-29,229.6,234.5,227.9,231.0,85136
2011-09-30,225.5,236.0,222.5,228.9,72252
2011-10-03,261.0,261.0,224.0,229.5,45664
2011-10-04,229.5,234.4,226.1,228.0,68096
2011-10-05,228.1,231.5,222.5,224.8,58252
2011-10-07,242.5,242.5,227.6,234.0,73178
2011-10-10,231.3,249.0,231.3,244.8,218872
2011-10-11,247.0,256.4,241.0,243.6,253522
2011-10-12,246.0,250.6,241.0,245.4,112784
2011-10-13,246.5,249.4,243.0,244.4,63800
2011-10-14,242.5,261.2,242.5,257.4,896084
2011-10-17,259.9,261.0,253.0,254.4,182294
2011-10-18,249.0,251.0,244.0,245.6,95600
2011-10-19,247.5,251.0,244.5,246.4,99046
2011-10-20,246.8,249.0,240.0,242.0,117108
2011-10-21,241.5,245.5,239.0,241.0,68186
2011-10-24,241.0,247.0,240.0,241.0,59540
2011-10-25,242.5,245.8,240.0,242.3,148972
2011-10-26,242.8,248.5,242.5,247.8,41332
2011-10-28,250.5,265.0,249.0,262.9,485098
2011-10-31,264.4,272.5,261.5,264.5,121286
2011-11-01,259.8,264.4,257.0,261.5,73218
2011-11-02,257.5,261.0,256.2,258.3,38232
2011-11-03,258.6,268.3,258.3,265.9,159462
2011-11-04,267.6,275.4,267.6,271.7,142102
2011-11-08,277.4,278.2,273.2,274.0,137136
2011-11-09,276.0,277.0,267.6,269.2,85150
2011-11-11,264.6,271.0,261.2,264.2,53994
2011-11-14,272.0,273.4,255.4,260.4,90990
2011-11-15,259.0,262.4,247.5,250.0,126448
2011-11-16,250.0,250.0,242.5,243.7,115984
2011-11-17,244.5,248.0,241.5,247.1,114664
2011-11-18,246.4,249.0,238.5,244.1,110894
2011-11-21,245.1,246.5,237.4,241.5,63910
2011-11-22,243.5,244.3,233.8,236.4,134224
2011-11-23,234.0,239.1,218.1,224.5,213662
2011-11-24,220.0,233.5,219.5,231.1,176154
2011-11-25,229.5,244.0,228.0,242.0,455820
2011-11-28,242.5,253.5,235.0,248.8,165412
2011-11-29,248.8,252.2,246.0,250.1,272462
2011-11-30,250.0,254.2,245.5,252.2,308956
2011-12-01,257.0,263.8,249.7,252.2,90126
2011-12-02,252.2,259.5,248.5,257.8,112848
2011-12-05,257.5,261.5,255.6,259.1,85306
2011-12-07,260.3,263.7,256.6,258.6,76156
2011-12-08,258.7,260.8,249.5,253.8,87184
2011-12-09,251.5,254.7,246.5,252.1,112052
2011-12-12,254.9,254.9,240.1,242.7,86524
2011-12-13,241.1,244.0,237.6,240.0,70506
2011-12-14,242.2,244.9,238.3,239.6,131946
2011-12-15,239.4,241.0,231.2,235.8,269310
2011-12-16,238.0,240.8,229.1,230.0,103612
2011-12-19,227.5,237.4,222.0,231.0,114336
2011-12-20,232.5,238.4,226.8,234.2,265276
2011-12-21,236.0,242.5,231.2,235.0,226332
2011-12-22,234.0,234.3,227.0,231.7,116778
2011-12-23,232.5,237.7,230.7,231.8,67980
2011-12-26,230.5,240.0,228.0,234.6,99194
2011-12-27,235.0,238.0,232.5,233.4,91394
2011-12-28,233.7,239.0,228.5,234.6,55058
2011-12-29,234.5,236.5,225.5,227.5,227632
2011-12-30,227.5,231.5,225.0,227.6,97676
2012-01-02,228.5,231.2,227.5,229.7,64678
2012-01-03,226.8,236.0,226.8,233.2,253726
2012-01-04,235.0,240.5,231.6,236.4,261086
2012-01-05,236.8,238.5,232.0,235.6,307206
2012-01-06,233.5,239.9,232.6,238.2,113600
2012-01-07,239.5,245.7,237.5,243.0,27904
2012-01-09,246.0,254.6,246.0,248.6,256148
2012-01-10,250.0,254.8,248.6,253.6,93998
2012-01-11,253.6,260.0,234.6,256.7,140940
2012-01-12,255.0,260.7,253.0,258.0,157752
2012-01-13,259.0,260.0,255.6,258.5,105984
2012-01-16,258.2,259.8,254.6,258.9,134456
2012-01-17,259.8,267.4,259.6,264.0,127346
2012-01-18,266.0,266.0,252.5,254.4,164350
2012-01-19,257.5,271.0,256.6,266.9,182666
2012-01-20,270.0,272.8,262.0,264.2,138344
2012-01-23,265.0,272.5,264.0,264.9,117306
2012-01-24,267.4,269.4,261.0,264.9,169836
2012-01-25,261.0,269.0,261.0,264.4,210536
2012-01-27,259.0,269.7,255.4,264.8,161660
2012-01-30,267.0,271.9,256.8,260.2,108532
2012-01-31,254.5,266.5,253.5,265.2,120388
2012-02-01,259.0,269.8,251.3,267.4,204272
2012-02-02,268.5,272.2,264.5,266.0,235538
2012-02-03,266.0,278.7,262.4,274.1,307074
2012-02-06,277.5,295.5,276.5,286.6,562410
2012-02-07,287.5,289.4,273.4,274.6,215034
2012-02-08,277.5,281.0,275.0,277.9,143890
2012-02-09,277.8,287.5,275.1,285.5,206750
2012-02-10,285.0,291.5,282.6,288.9,161192
2012-02-13,294.4,294.4,282.4,286.4,94046
2012-02-14,286.3,296.5,285.0,293.6,170390
2012-02-15,290.5,300.9,290.5,297.3,169168
2012-02-16,297.5,306.5,295.6,304.4,233680
2012-02-17,306.5,322.0,305.5,317.0,372526
2012-02-21,318.0,320.0,309.0,318.8,278578
2012-02-22,319.9,329.5,317.5,320.3,666810
2012-02-23,319.0,326.0,301.3,322.3,184156
2012-02-24,325.1,329.4,318.5,327.0,164472
2012-02-27,327.2,329.7,318.6,321.6,417682
2012-02-28,322.0,335.0,318.8,333.7,358128
2012-02-29,335.8,339.0,326.3,332.8,184606
2012-03-01,325.5,337.5,325.5,332.4,95080
2012-03-02,332.0,335.7,327.5,331.2,100306
2012-03-03,331.0,334.0,328.2,329.8,4882
2012-03-05,329.6,337.5,325.5,333.4,195424
2012-03-06,330.2,340.0,328.6,335.0,280594
2012-03-07,332.6,338.5,326.5,330.3,136854
2012-03-09,331.5,342.0,331.5,333.9,130020
2012-03-12,340.0,346.5,335.6,344.5,184850
2012-03-13,345.0,349.9,337.7,341.8,252046
2012-03-14,349.0,349.0,337.6,344.4,841512
2012-03-15,343.0,343.5,337.9,342.2,126124
2012-03-16,345.0,352.4,340.0,344.7,443224
2012-03-19,337.5,347.0,331.6,334.6,124064
2012-03-20,329.1,334.5,326.8,330.4,120250
2012-03-21,329.4,347.0,327.0,341.0,120264
2012-03-22,341.5,348.0,332.5,335.8,106476
2012-03-23,334.3,343.0,332.8,339.0,62982
2012-03-26,339.0,341.9,333.2,334.9,68148
2012-03-27,334.0,335.0,324.5,328.1,150426
2012-03-28,322.8,323.4,306.8,312.5,590136
2012-03-29,308.6,310.2,299.3,305.4,458230
2012-03-30,307.0,343.2,297.5,326.8,694712
2012-04-02,329.9,329.9,306.9,310.8,324194
2012-04-03,308.0,315.0,307.6,309.2,212072
2012-04-04,305.0,312.4,303.5,309.5,175474
2012-04-09,307.0,307.0,301.2,304.4,124710
2012-04-10,301.5,302.2,289.0,290.4,282536
2012-04-11,286.0,288.0,280.8,282.9,190324
2012-04-12,282.7,292.5,280.6,291.2,175578
2012-04-13,291.5,297.5,289.5,292.2,128890
2012-04-16,290.0,291.4,286.6,289.9,89194
2012-04-17,290.0,293.8,285.0,287.0,79724
2012-04-18,284.6,292.0,283.5,288.0,94902
2012-04-19,283.6,296.0,272.2,281.0,788858
2012-04-20,279.5,279.8,266.1,277.0,214064
2012-04-23,277.4,283.5,276.0,277.4,108246
2012-04-24,277.0,277.2,267.5,273.0,104920
2012-04-25,274.9,276.0,270.5,273.7,78840
2012-04-26,274.0,276.0,263.5,266.4,223424
2012-04-27,266.3,273.5,260.0,264.9,119862
2012-04-28,266.5,268.2,263.8,265.7,7798
2012-04-30,262.5,267.5,259.4,266.8,126480
2012-05-02,266.5,271.0,262.6,263.5,251070
2012-05-03,262.5,267.0,259.1,261.9,43898
2012-05-04,264.5,264.5,257.5,260.9,70628
2012-05-07,259.8,260.0,253.0,256.5,62026
2012-05-08,257.4,264.0,257.4,261.7,114814
2012-05-09,260.2,266.0,257.6,259.7,55460
2012-05-10,259.7,267.5,256.0,264.4,98290
2012-05-11,263.3,265.0,257.8,263.7,95470
2012-05-14,257.5,260.8,250.5,252.8,99242
2012-05-15,250.0,260.0,246.2,259.0,79986
2012-05-16,256.0,257.0,252.5,254.2,25450
2012-05-17,253.5,259.0,253.5,257.8,46804
2012-05-18,252.3,256.0,222.3,237.1,2798616
2012-05-21,237.0,248.5,234.5,241.3,280150
2012-05-22,242.0,245.0,232.5,234.1,215538
2012-05-23,231.6,235.0,227.6,231.1,145058
2012-05-24,226.8,236.2,226.8,229.5,154574
2012-05-25,228.5,232.4,225.8,228.0,139156
2012-05-28,230.7,235.0,226.2,227.2,246738
2012-05-29,229.4,230.2,216.6,218.0,261240
2012-05-30,220.0,221.5,213.5,214.4,154022
2012-05-31,213.0,217.0,206.2,215.2,355808
2012-06-01,211.5,211.5,203.0,208.7,433462
2012-06-04,205.0,211.0,205.0,208.7,148170
2012-06-05,211.3,211.5,204.0,204.8,126728
2012-06-06,207.0,207.4,204.0,205.1,212174
2012-06-07,208.5,208.5,202.6,203.6,191416
2012-06-08,201.0,202.0,190.5,191.9,720890
2012-06-11,193.0,197.5,186.0,187.0,1816696
2012-06-12,186.0,193.0,183.4,192.0,959962
2012-06-13,193.0,194.8,187.8,188.5,545550
2012-06-14,188.0,188.6,184.2,185.2,561172
2012-06-15,186.0,188.0,185.2,186.1,311642
2012-06-18,186.7,190.8,182.8,185.3,263854
2012-06-19,184.5,187.3,184.1,185.0,172070
2012-06-20,184.8,192.0,184.7,189.3,544566
2012-06-21,189.5,193.0,188.8,190.8,495568
2012-06-22,189.4,192.2,187.8,189.2,192370
2012-06-25,185.6,195.0,185.6,190.5,361158
2012-06-26,192.0,195.7,190.8,191.4,501006
2012-06-27,192.0,193.2,188.8,189.8,258056
2012-06-28,190.8,191.4,186.8,187.5,305422
2012-06-29,191.0,191.0,188.1,188.7,464372
2012-07-02,189.0,198.2,189.0,197.0,702590
2012-07-03,199.0,204.5,197.9,202.9,922158
2012-07-04,205.0,206.2,203.2,204.4,481850
2012-07-05,204.9,207.0,204.2,205.6,261882
2012-07-06,203.5,206.9,202.5,203.7,192788
2012-07-09,203.4,204.0,194.0,195.0,836144
2012-07-10,193.7,196.0,191.0,194.4,431630
2012-07-11,194.2,196.7,192.3,192.7,387130
2012-07-12,193.0,193.2,188.8,190.0,320124
2012-07-13,190.5,192.4,188.0,188.4,223852
2012-07-16,189.8,190.7,184.6,185.3,251760
2012-07-17,185.5,187.2,182.0,182.7,275632
2012-07-18,185.0,185.0,180.6,181.3,481192
2012-07-19,183.4,184.0,181.0,182.0,347020
2012-07-20,183.0,184.8,181.0,181.7,165558
2012-07-23,181.4,181.8,176.4,177.4,277868
2012-07-24,177.1,178.1,175.2,175.4,204962
2012-07-25,175.0,175.0,167.6,168.8,362374
2012-07-26,169.5,170.0,156.3,160.0,1014232
2012-07-27,163.0,164.0,154.8,155.7,344154
2012-07-30,154.5,159.6,152.8,158.0,407240
2012-07-31,158.5,162.4,157.6,159.2,466304
2012-08-01,159.3,163.5,159.2,161.6,309934
2012-08-02,161.2,164.4,159.9,162.7,256410
2012-08-03,162.2,162.2,158.6,159.5,239592
2012-08-06,161.0,162.3,157.7,158.9,530328
2012-08-07,156.0,157.4,153.2,155.2,681288
2012-08-08,155.2,157.0,154.2,154.9,258954
2012-08-09,154.5,156.2,150.0,150.4,349632
2012-08-10,150.6,150.6,143.0,143.7,466998
2012-08-13,143.6,146.9,143.6,145.0,396356
2012-08-14,146.3,147.2,144.1,145.8,295100
2012-08-16,146.5,147.2,145.0,145.5,229856
2012-08-17,145.6,146.6,141.0,141.5,343728
2012-08-21,143.2,143.2,138.0,138.5,333962
2012-08-22,138.0,143.0,136.6,139.0,528362
2012-08-23,139.9,141.8,139.1,139.9,306010
2012-08-24,139.0,140.4,135.0,135.2,404752
2012-08-27,137.5,139.4,135.0,136.6,905978
2012-08-28,137.4,140.0,135.0,139.0,411914
2012-08-29,140.0,142.4,139.5,140.8,626106
2012-08-30,140.5,142.9,138.0,138.7,450548
2012-08-31,139.2,140.2,137.4,137.9,167516
2012-09-03,139.5,141.4,135.5,139.4,195590
2012-09-04,139.9,142.4,138.5,141.8,238290
2012-09-05,142.5,145.5,138.8,142.5,525022
2012-09-06,142.4,142.4,138.5,139.4,196534
2012-09-07,140.5,141.8,139.4,140.0,151878
2012-09-08,140.2,141.0,139.0,139.7,21916
2012-09-10,140.6,141.5,139.0,139.4,159788
2012-09-11,140.0,140.0,136.5,137.8,151792
2012-09-12,138.0,139.4,136.5,137.0,146456
2012-09-13,138.0,138.5,135.5,135.9,272222
2012-09-14,138.9,140.4,136.4,139.2,380220
2012-09-17,140.0,157.0,139.5,155.8,3071802
2012-09-18,155.8,161.4,155.8,158.3,1386562
2012-09-20,155.5,157.5,150.1,152.9,801724
2012-09-21,155.4,159.2,153.6,156.6,638378
2012-09-24,158.5,160.2,156.0,157.2,506440
2012-09-25,157.0,159.5,155.1,156.9,325812
2012-09-26,156.2,157.5,154.0,155.2,185316
2012-09-27,155.4,156.5,151.6,152.5,475546
2012-09-28,153.9,157.5,153.5,154.2,218922
2012-10-01,155.0,157.5,153.5,155.3,199384
2012-10-03,155.8,165.9,155.5,165.0,1414158
2012-10-04,166.2,169.2,165.0,165.5,730818
2012-10-05,166.0,166.8,159.3,164.9,384950
2012-10-08,164.9,167.4,161.0,161.6,231084
2012-10-09,163.4,164.7,160.8,161.1,126154
2012-10-10,161.0,162.4,157.5,157.7,161172
2012-10-11,158.7,160.0,155.2,159.3,173380
2012-10-12,159.0,162.4,158.0,159.2,159324
2012-10-15,160.0,160.5,156.2,157.5,106282
2012-10-16,158.9,160.0,154.2,154.9,142438
2012-10-17,155.5,157.0,153.8,154.3,86388
2012-10-18,155.4,157.8,154.0,157.1,133316
2012-10-19,157.5,157.5,154.1,154.6,165030
2012-10-22,154.6,154.6,151.5,151.8,119474
2012-10-23,152.0,155.3,151.9,154.4,99830
2012-10-25,156.0,156.5,153.6,155.0,108372
2012-10-26,154.5,155.6,151.0,152.0,66656
2012-10-29,152.8,154.0,148.4,150.6,115542
2012-10-30,151.2,152.9,145.0,146.9,131646
2012-10-31,147.5,148.0,143.3,144.6,93658
2012-11-01,146.2,148.3,144.5,146.6,79098
2012-11-02,148.2,150.0,147.2,147.7,77210
2012-11-05,148.0,149.5,146.0,146.4,69584
2012-11-06,147.4,148.6,145.1,146.0,93008
2012-11-07,146.6,148.0,145.8,146.0,108630
2012-11-08,146.5,147.5,143.8,145.9,147198
2012-11-09,146.0,147.3,143.3,144.1,105398
2012-11-12,143.2,143.2,136.9,138.7,230878
2012-11-13,139.5,142.2,139.0,141.4,47746
2012-11-15,140.1,141.5,138.5,139.2,89760
2012-11-16,140.5,140.9,137.2,138.0,113808
2012-11-19,139.0,139.8,136.0,137.4,66372
2012-11-20,137.9,139.5,135.5,136.0,105294
2012-11-21,136.0,136.9,135.0,135.7,64836
2012-11-22,135.5,138.5,135.5,136.4,71214
2012-11-23,136.7,137.2,135.5,136.0,44986
2012-11-26,137.0,137.0,135.5,136.2,43018
2012-11-27,137.5,142.5,135.5,136.4,78044
2012-11-29,137.0,139.8,136.9,138.0,188972
2012-11-30,139.3,142.5,138.2,141.8,327990
2012-12-03,142.2,145.5,142.2,144.1,166388
2012-12-04,144.5,147.5,144.5,145.8,138108
2012-12-05,148.9,166.4,147.5,154.0,6381802
2012-12-06,154.8,158.2,154.8,155.6,846456
2012-12-07,156.5,157.3,151.0,153.3,468438
2012-12-10,154.4,156.5,151.9,152.8,410000
2012-12-11,153.5,154.0,148.0,149.3,342164
2012-12-12,151.0,151.0,147.0,147.6,211592
2012-12-13,147.6,150.0,145.0,145.6,230386
2012-12-14,146.5,147.0,143.3,144.4,169430
2012-12-17,143.3,144.8,141.8,142.6,114456
2012-12-18,142.8,144.3,141.0,141.4,293826
2012-12-19,142.7,144.5,141.6,142.4,229164
2012-12-20,142.4,142.8,140.0,140.6,217838
2012-12-21,140.4,141.8,139.3,139.9,198124
2012-12-24,140.5,141.2,138.6,139.8,147738
2012-12-26,139.3,142.9,139.2,139.9,292358
2012-12-27,140.0,140.9,137.5,139.7,131362
2012-12-28,140.7,141.5,139.0,139.6,211294
2013-01-01,141.0,142.5,140.2,142.0,163912
2013-01-02,143.0,144.4,142.6,143.1,310128
2013-01-03,143.7,145.6,142.0,142.5,580760
2013-01-04,142.5,143.5,141.6,141.9,218388
2013-01-07,142.9,145.0,141.6,142.1,474350
2013-01-08,142.5,142.9,141.6,142.0,197784
2013-01-09,142.5,143.0,140.5,140.9,194336
2013-01-10,141.0,141.4,138.8,139.3,264642
2013-01-11,142.5,142.5,137.2,137.6,150864
2013-01-14,137.6,139.5,137.1,138.6,499014
2013-01-15,139.0,140.4,138.6,138.8,108550
2013-01-16,139.0,140.8,137.7,138.2,218226
2013-01-17,138.5,138.8,137.0,137.9,86374
2013-01-18,138.5,140.4,137.7,138.6,193366
2013-01-21,138.5,140.0,138.5,139.2,108638
2013-01-22,139.2,140.3,137.8,138.0,123660
2013-01-23,137.8,138.8,136.0,136.3,122098
2013-01-24,136.5,136.6,133.0,133.6,157040
2013-01-25,133.5,134.5,131.3,132.9,102224
2013-01-28,131.2,135.5,131.2,134.6,93850
2013-01-29,134.8,136.6,132.7,133.4,137608
2013-01-30,133.6,134.4,132.6,133.0,53776
2013-01-31,133.0,134.9,132.2,132.7,69624
2013-02-01,132.6,134.4,132.6,132.7,92476
2013-02-04,133.8,134.0,130.5,130.9,95074
2013-02-05,130.9,131.4,129.0,129.7,99690
2013-02-06,129.6,131.5,129.6,129.9,67010
2013-02-07,130.0,135.5,130.0,131.6,236800
2013-02-08,131.1,132.9,129.5,130.7,154058
2013-02-11,130.2,130.2,126.0,126.8,206952
2013-02-12,126.9,126.9,124.0,125.3,171182
2013-02-13,125.8,127.2,125.0,125.3,106016
2013-02-14,125.3,125.3,122.0,122.6,141380
2013-02-15,120.8,121.5,117.5,120.3,101344
2013-02-18,121.0,122.6,118.6,121.8,48080
2013-02-19,122.5,122.6,120.6,121.5,46322
2013-02-20,121.5,122.7,120.6,121.9,48386
2013-02-21,122.0,123.0,120.1,121.5,60960
2013-02-22,121.9,128.5,121.5,125.3,246276
2013-02-25,126.0,129.4,123.1,124.4,168414
2013-02-26,123.8,129.0,119.4,120.7,747172
2013-02-27,122.6,122.6,117.5,117.8,189846
2013-02-28,119.6,121.9,111.5,112.2,173116
2013-03-01,112.4,112.9,108.6,109.0,167024
2013-03-04,109.0,109.0,104.1,105.5,160790
2013-03-05,108.0,108.0,104.7,105.1,96720
2013-03-06,105.4,108.4,104.2,104.6,295296
2013-03-07,105.0,105.8,103.0,103.4,194436
2013-03-08,104.0,105.2,103.5,104.0,181674
2013-03-11,105.1,107.5,102.5,103.1,613484
2013-03-12,103.4,104.5,101.2,101.7,251122
2013-03-13,101.8,101.8,98.0,98.8,240306
2013-03-14,99.0,99.4,96.0,96.5,276612
2013-03-15,98.0,98.0,91.6,93.3,674484
2013-03-18,92.0,93.3,89.0,89.8,259998
2013-03-19,90.2,90.5,86.0,86.3,318694
2013-03-20,80.0,86.2,80.0,81.2,610460
2013-03-21,81.2,81.5,75.9,76.4,373196
2013-03-22,75.7,76.0,72.1,74.2,569060
2013-03-25,75.0,76.5,70.0,71.1,289016
2013-03-26,71.0,72.0,69.5,70.2,301508
2013-03-28,70.2,75.0,68.0,73.5,659026
2013-04-01,74.2,80.0,73.6,76.6,646530
2013-04-02,76.0,84.0,76.0,82.8,866986
2013-04-03,82.0,89.8,82.0,85.6,916702
2013-04-04,84.2,88.7,83.5,85.2,531076
2013-04-05,85.2,88.2,85.1,86.4,286676
2013-04-08,86.4,88.0,80.4,81.8,338206
2013-04-09,81.9,83.2,78.0,78.5,295310
2013-04-10,78.2,81.0,78.2,80.5,309734
2013-04-11,81.4,83.2,80.6,81.0,165642
2013-04-12,80.2,81.0,79.0,80.2,128578
2013-04-15,79.5,81.0,79.0,79.7,108820
2013-04-16,80.7,83.2,79.7,82.2,233806
2013-04-17,82.0,83.3,81.0,81.8,134788
2013-04-18,81.9,82.5,80.6,81.9,131844
2013-04-22,82.7,83.9,82.0,82.5,195872
2013-04-23,82.6,86.3,82.5,83.6,258410
2013-04-25,85.8,85.8,83.6,84.2,129972
2013-04-26,84.0,85.4,82.0,82.2,88790
2013-04-29,82.5,83.7,81.0,81.8,90136
2013-04-30,82.0,83.2,80.0,80.3,119164
2013-05-02,79.7,82.0,79.7,80.5,114934
2013-05-03,80.6,81.2,79.5,79.9,96326
2013-05-06,80.0,84.4,79.5,83.7,287202
2013-05-07,83.8,88.0,83.8,86.6,448216
2013-05-08,86.0,89.2,86.0,87.6,299560
2013-05-09,87.2,88.5,83.7,84.5,153546
2013-05-10,84.6,87.2,84.6,85.2,139666
2013-05-11,85.0,86.4,85.0,86.0,32616
2013-05-13,86.4,86.4,83.2,83.6,88758
2013-05-14,84.0,85.0,82.4,83.2,89252
2013-05-15,82.6,84.9,82.6,84.0,123014
2013-05-16,84.8,87.2,84.1,85.5,199494
2013-05-17,86.4,94.5,85.8,93.2,868748
2013-05-20,93.4,97.0,91.8,92.8,686454
2013-05-21,92.0,94.8,90.2,91.3,343880
2013-05-22,91.8,92.6,88.0,88.8,189222
2013-05-23,88.5,88.5,82.0,82.7,266334
2013-05-24,82.8,84.0,80.1,82.6,233420
2013-05-27,82.0,84.4,82.0,83.2,136556
2013-05-28,82.5,85.2,82.5,83.7,195882
2013-05-29,83.3,86.0,83.3,84.0,181734
2013-05-30,89.0,93.0,88.1,91.6,2334838
2013-05-31,92.1,93.4,86.6,87.8,920062
2013-06-03,87.9,88.5,85.8,86.5,151494
2013-06-04,86.6,89.0,85.8,86.1,177808
2013-06-05,85.7,87.2,85.6,86.0,104494
2013-06-06,85.7,85.8,84.2,85.1,94266
2013-06-07,86.0,87.4,84.5,85.0,194660
2013-06-10,85.5,86.0,82.6,82.8,100252
2013-06-11,82.1,82.5,78.4,81.7,240504
2013-06-12,81.0,82.5,78.6,78.9,224768
2013-06-13,77.9,78.9,75.6,76.6,163210
2013-06-14,77.6,80.2,77.6,79.5,125262
2013-06-17,80.1,80.6,77.6,78.8,108706
2013-06-18,79.0,82.4,79.0,81.9,204702
2013-06-19,82.5,85.1,82.4,83.1,258620
2013-06-20,82.2,82.2,78.1,78.5,138934
2013-06-21,77.0,79.0,74.1,76.2,212384
2013-06-24,75.5,78.0,75.2,75.6,77872
2013-06-25,75.2,76.9,75.2,76.0,52422
2013-06-26,76.0,77.5,74.5,74.8,56454
2013-06-27,75.7,76.5,74.5,74.9,78140
2013-06-28,75.1,78.8,75.1,77.6,385198
2013-07-01,78.0,82.4,77.0,81.6,456316
2013-07-02,81.5,82.3,79.3,79.8,115012
2013-07-03,79.0,84.8,78.7,81.3,374274
2013-07-04,81.6,84.2,81.2,81.5,280678
2013-07-05,82.4,83.1,80.2,80.6,109668
2013-07-08,80.4,83.4,77.6,81.0,164450
2013-07-09,81.0,83.9,80.6,82.6,309808
2013-07-10,82.6,83.2,80.5,80.8,92004
2013-07-11,82.0,84.4,81.6,82.2,335918
2013-07-12,83.2,83.2,81.5,81.7,59378
2013-07-15,81.0,85.0,81.0,83.3,217044
2013-07-16,82.4,83.0,80.7,81.8,86062
2013-07-17,83.2,86.2,82.3,84.6,424656
2013-07-18,84.6,87.7,84.6,86.4,335554
2013-07-19,88.1,90.2,87.5,87.8,481462
2013-07-22,88.0,88.0,80.8,85.3,147440
2013-07-23,84.6,86.7,84.5,85.4,73764
2013-07-24,84.1,84.8,82.8,83.2,511292
2013-07-25,83.5,84.3,81.2,82.4,334064
2013-07-26,81.5,82.4,78.6,79.1,73100
2013-07-29,78.5,79.5,76.5,76.8,53170
2013-07-30,76.0,77.3,73.4,74.1,91478
2013-07-31,74.1,74.1,70.2,71.7,121418
2013-08-01,71.3,75.0,70.4,70.8,83496
2013-08-02,70.3,71.8,67.0,67.4,117076
2013-08-05,67.5,71.3,67.5,67.7,169854
2013-08-06,67.0,68.2,64.8,65.2,113444
2013-08-07,64.6,67.9,62.5,66.2,179268
2013-08-08,66.0,72.1,53.0,71.6,525226
2013-08-12,70.1,74.5,70.1,72.4,175132
2013-08-13,72.5,75.5,69.7,72.7,120698
2013-08-14,72.1,73.6,70.3,70.9,84562
2013-08-16,69.2,70.5,67.5,68.0,95496
2013-08-19,67.5,67.6,64.0,64.6,177028
2013-08-20,65.0,67.2,64.1,64.9,222080
2013-08-21,65.1,67.4,64.1,64.6,112412
2013-08-22,64.8,66.8,63.3,65.8,106232
2013-08-23,65.0,78.4,65.0,73.5,1451454
2013-08-26,73.6,77.4,72.6,73.8,403266
2013-08-27,73.0,73.8,69.2,69.8,131480
2013-08-28,70.0,70.0,66.5,68.0,114784
2013-08-29,69.3,72.9,68.5,70.2,191568
2013-08-30,70.0,72.5,69.1,69.8,134840
2013-09-02,70.0,73.0,69.3,70.7,127476
2013-09-03,70.8,77.0,70.8,71.8,650982
2013-09-04,73.9,74.9,72.6,73.7,270702
2013-09-05,75.0,76.7,73.1,75.0,274012
2013-09-06,75.7,76.2,73.0,73.5,277706
2013-09-10,75.0,77.5,74.0,74.5,230594
2013-09-11,74.6,76.4,73.5,75.4,131126
2013-09-12,75.5,80.0,75.5,76.6,535978
2013-09-13,75.7,78.4,75.7,76.4,136956
2013-09-16,77.2,77.8,74.6,75.0,145368
2013-09-17,75.0,75.0,73.0,73.3,81580
2013-09-18,73.8,76.4,73.5,74.6,236890
2013-09-19,76.2,78.2,75.8,77.4,298388
2013-09-20,76.6,78.0,71.6,72.1,487294
2013-09-23,71.1,73.8,71.1,72.0,173280
2013-09-24,72.0,72.9,71.1,71.9,79068
2013-09-25,72.0,72.7,70.5,72.4,104624
2013-09-26,73.0,75.0,72.5,72.9,322828
2013-09-27,73.6,73.8,70.8,71.6,174980
2013-09-30,71.0,71.2,69.8,70.1,76748
2013-10-01,70.0,71.4,70.0,70.6,76382
2013-10-03,71.0,76.8,70.8,75.7,478320
2013-10-04,75.0,89.7,73.8,88.3,4372854
2013-10-07,88.4,90.0,85.7,86.5,1153264
2013-10-08,86.5,87.5,83.1,83.7,355968
2013-10-09,83.0,87.2,83.0,84.8,498558
2013-10-10,84.8,89.4,84.7,86.6,809764
2013-10-11,87.7,87.8,84.5,85.4,194188
2013-10-14,85.9,87.0,83.8,84.3,194858
2013-10-15,85.2,87.0,84.0,84.4,209866
2013-10-17,84.5,86.4,83.2,83.5,154098
2013-10-18,84.0,86.4,83.0,84.7,213964
2013-10-21,85.0,87.4,85.0,86.0,198046
2013-10-22,86.4,91.4,85.6,88.9,991538
2013-10-23,89.7,91.0,86.3,87.4,263586
2013-10-24,86.9,89.1,86.6,87.1,218136
2013-10-25,86.7,87.4,85.0,85.8,139198
2013-10-28,85.8,86.9,84.6,84.8,92620
2013-10-29,85.0,87.2,83.5,85.7,175754
2013-10-30,86.0,95.8,85.5,93.4,1947282
2013-10-31,93.4,97.4,93.0,93.8,829976
2013-11-01,94.0,94.7,93.0,93.7,228968
2013-11-03,94.4,95.5,93.6,94.6,93904
2013-11-05,94.5,102.2,93.4,97.8,1022466
2013-11-06,97.9,99.6,96.6,97.7,381694
2013-11-07,95.5,101.0,93.8,94.6,502340
2013-11-08,95.4,96.4,91.2,91.6,272870
2013-11-11,91.5,92.6,87.6,88.6,355850
2013-11-12,88.9,95.6,86.5,90.0,789924
2013-11-13,90.0,93.1,90.0,90.6,155898
2013-11-14,90.8,94.0,90.8,91.8,175362
2013-11-18,92.2,93.9,91.8,92.4,139424
2013-11-19,92.5,95.4,92.0,92.8,229486
2013-11-20,92.0,93.8,90.8,91.3,136504
2013-11-21,91.1,93.0,89.5,90.4,158130
2013-11-22,91.0,91.7,89.1,89.9,99954
2013-11-25,90.5,93.2,90.3,91.2,250398
2013-11-26,91.2,92.8,90.0,90.4,200034
2013-11-27,90.0,91.2,89.4,90.0,100312
2013-11-28,90.5,92.4,90.5,91.2,219870
2013-11-29,91.8,93.9,91.2,91.5,174446
2013-12-02,91.2,99.5,91.2,97.9,814048
2013-12-03,98.4,101.5,96.6,97.2,1149434
2013-12-04,97.5,99.4,94.1,95.0,330078
2013-12-05,96.5,99.7,95.0,98.2,801638
2013-12-06,98.2,106.7,98.0,104.2,3005990
2013-12-09,107.2,110.4,106.2,107.6,1463206
2013-12-10,108.1,108.6,102.9,104.6,459814
2013-12-11,104.7,108.1,104.0,106.2,553462
2013-12-12,105.2,106.3,103.2,103.7,194392
2013-12-13,103.0,104.0,92.2,98.8,323530
2013-12-16,99.3,103.2,96.8,102.1,489774
2013-12-17,101.6,105.0,101.1,103.2,473618
2013-12-18,102.9,103.0,98.1,101.8,148188
2013-12-19,102.8,105.5,101.0,102.9,433460
2013-12-20,102.0,106.0,102.0,105.0,303960
2013-12-23,105.3,121.2,105.1,117.4,3963526
2013-12-24,118.3,122.4,117.1,120.4,1466388
2013-12-26,120.9,124.4,120.6,122.0,667998
2013-12-27,122.5,122.9,117.4,119.7,359932
2013-12-30,120.4,124.4,118.5,121.0,882708
2013-12-31,121.5,122.4,117.1,118.0,399714
2014-01-01,117.6,119.4,117.2,118.5,199102
2014-01-02,119.1,121.6,112.5,113.6,396312
2014-01-03,112.4,115.9,109.5,110.1,317106
2014-01-06,110.5,114.0,110.0,110.7,310818
2014-01-07,111.4,117.9,110.7,111.6,941328
2014-01-08,112.3,112.7,105.6,106.4,624414
2014-01-09,106.6,108.5,103.6,104.3,454420
2014-01-10,104.8,106.9,101.2,101.8,559490
2014-01-13,102.1,105.9,102.1,103.4,272768
2014-01-14,103.4,106.4,103.2,105.0,473420
2014-01-15,105.0,111.2,105.0,108.1,1005064
2014-01-16,108.8,111.5,107.2,107.8,575524
2014-01-17,108.2,108.5,103.2,103.8,251964
2014-01-20,103.8,106.0,103.2,104.6,266968
2014-01-21,104.9,107.0,104.5,104.8,197016
2014-01-22,104.0,105.3,103.5,104.0,202632
2014-01-23,103.4,105.5,103.4,103.8,158410
2014-01-24,102.5,106.9,102.4,103.2,529684
2014-01-27,101.3,102.0,96.6,97.2,223530
2014-01-28,97.5,101.3,96.5,97.4,225798
2014-01-29,98.1,101.2,98.1,99.0,274058
2014-01-30,97.7,98.2,93.0,93.4,358336
2014-01-31,93.6,95.8,93.6,94.7,263150
2014-02-03,95.0,95.0,91.3,91.6,187954
2014-02-04,90.6,105.8,90.0,102.6,2377082
2014-02-05,103.2,103.8,98.8,99.2,934646
2014-02-06,99.5,101.9,97.5,98.0,383762
2014-02-07,99.4,101.0,96.8,97.7,332458
2014-02-10,98.6,102.0,97.2,99.1,618984
2014-02-11,99.1,101.8,98.2,99.0,369060
2014-02-12,99.8,103.0,98.6,99.4,1381166
2014-02-13,99.8,100.0,96.5,97.2,274924
2014-02-14,98.4,100.2,94.0,98.4,268332
2014-02-17,101.5,101.5,97.8,98.6,240314
2014-02-18,98.5,100.2,97.8,99.4,253836
2014-02-19,98.8,99.9,98.1,98.6,372300
2014-02-20,97.7,99.8,97.7,99.1,192012
2014-02-21,99.7,102.8,99.0,101.8,360350
2014-02-24,101.3,106.0,100.8,104.1,590446
2014-02-25,104.1,105.7,102.4,102.8,211268
2014-02-26,102.6,105.4,102.6,104.4,450116
2014-02-28,104.0,105.0,102.8,103.5,100528
2014-03-03,103.5,108.4,102.8,104.4,685482
2014-03-04,105.2,106.0,103.6,104.4,207998
2014-03-05,104.9,105.4,103.6,104.3,259964
2014-03-06,104.5,109.4,104.1,108.1,908344
2014-03-07,109.0,116.0,108.9,114.3,1202308
2014-03-10,113.8,120.8,111.5,119.7,879186
2014-03-11,119.5,122.8,116.8,118.6,425762
2014-03-12,117.4,124.0,115.7,122.8,692312
2014-03-13,122.8,139.4,122.3,131.2,3888282
2014-03-14,131.0,134.9,128.3,130.3,1208944
2014-03-18,130.5,134.8,128.3,133.4,740824
2014-03-19,133.5,139.7,133.5,136.8,855904
2014-03-20,137.3,138.8,133.0,136.4,503720
2014-03-21,136.6,137.5,133.3,134.8,263708
2014-03-22,135.0,135.8,132.0,133.6,77002
2014-03-24,133.8,152.4,133.1,145.0,3830432
2014-03-25,145.0,148.5,142.3,144.0,958158
2014-03-26,143.5,148.4,142.5,144.4,736966
2014-03-27,144.0,147.4,142.6,146.1,658638
2014-03-28,146.5,148.8,143.5,144.6,378852
2014-03-31,145.7,148.4,144.2,146.1,354882
2014-04-01,147.2,147.5,143.5,144.2,344642
2014-04-02,143.8,152.0,143.8,150.1,819488
2014-04-03,151.0,156.0,148.0,152.3,1100192
2014-04-04,152.6,170.5,149.5,167.1,3981364
2014-04-07,168.8,169.6,160.7,162.9,1311314
2014-04-09,163.5,176.0,162.0,169.4,2229626
2014-04-10,170.0,203.2,167.1,199.5,4598474
2014-04-11,206.0,226.0,203.7,215.1,5560270
2014-04-15,216.0,216.2,196.3,199.8,1783714
2014-04-16,199.5,214.0,198.8,199.9,1576336
2014-04-17,201.8,207.9,196.4,198.0,901936
2014-04-21,199.8,204.4,194.8,199.1,1331474
2014-04-22,200.5,209.0,199.2,202.2,1779076
2014-04-23,202.6,208.5,202.6,205.2,1241734
2014-04-25,203.6,205.2,197.0,200.0,1062354
2014-04-28,198.6,202.0,195.0,195.7,512244
2014-04-29,197.0,206.9,193.8,197.1,1120886
2014-04-30,198.5,204.3,190.0,193.8,936950
2014-05-02,195.4,201.4,194.0,199.3,737806
2014-05-05,197.5,202.5,195.7,196.8,590962
2014-05-06,198.4,201.0,196.0,199.3,462868
2014-05-07,198.0,200.7,196.8,198.2,470546
2014-05-08,199.9,199.9,194.7,196.1,351826
2014-05-09,196.1,210.2,196.0,208.1,2043818
2014-05-12,210.4,218.0,199.5,205.2,1474408
2014-05-13,207.0,232.9,207.0,223.1,3395544
2014-05-14,225.0,244.0,224.5,228.3,4541382
2014-05-15,230.0,234.2,222.5,224.4,1006358
2014-05-16,233.0,242.8,225.0,233.4,2888344
2014-05-19,235.5,280.1,235.5,279.8,5329564
2014-05-20,283.9,305.0,282.5,284.5,3298346
2014-05-21,286.4,299.0,270.7,294.4,2434370
2014-05-22,297.4,310.0,295.8,302.4,2114566
2014-05-23,305.6,311.0,295.2,297.1,1180380
2014-05-26,304.0,347.5,298.8,305.2,7441708
2014-05-27,307.4,307.4,269.5,291.6,2613900
2014-05-28,294.0,307.4,283.0,302.5,4179202
2014-05-29,305.2,312.5,300.0,306.2,1621338
2014-05-30,325.6,338.8,322.5,326.4,4065880
2014-06-02,329.9,339.9,327.0,335.5,2080956
2014-06-03,337.3,341.5,328.0,335.1,1715212
2014-06-04,336.0,338.5,327.8,330.4,1013634
2014-06-05,330.8,348.7,330.8,344.0,1964600
2014-06-06,346.2,383.0,345.8,369.2,3919928
2014-06-09,372.7,393.4,371.0,389.2,2612680
2014-06-10,393.0,416.0,390.6,407.0,3349380
2014-06-11,410.0,418.2,392.5,398.0,2271772
2014-06-12,400.0,401.2,386.1,389.0,993754
2014-06-13,390.5,392.0,344.1,375.5,2197998
2014-06-16,377.5,391.0,370.0,381.7,1391856
2014-06-17,383.5,389.2,378.6,386.9,828480
2014-06-18,388.4,406.9,379.1,397.7,2113598
2014-06-19,401.2,410.0,396.1,405.1,2271340
2014-06-20,406.8,407.0,388.4,390.1,1004934
2014-06-23,393.0,405.8,390.0,402.0,1066432
2014-06-24,404.5,431.8,399.0,425.0,3962046
2014-06-25,426.0,438.8,420.8,433.4,3002596
2014-06-26,434.0,437.0,409.6,412.0,2531356
2014-06-27,413.5,424.0,400.0,403.6,1285210
2014-06-30,400.0,405.0,383.5,398.2,177336
2014-07-01,400.0,402.5,389.0,391.0,130254
2014-07-02,394.0,402.0,390.0,394.6,170750
2014-07-03,395.0,400.0,385.1,389.2,145608
2014-07-04,395.0,395.0,380.0,388.4,144152
2014-07-07,388.5,407.8,388.5,407.8,283684
2014-07-08,410.0,416.2,387.5,387.5,258608
2014-07-09,377.5,377.5,368.1,368.1,83818
2014-07-10,349.7,386.0,349.7,355.4,376192
2014-07-11,360.0,364.0,337.7,337.7,77496
2014-07-14,320.8,321.0,320.8,320.8,35562
2014-07-15,305.0,335.0,304.8,331.2,339778
2014-07-16,332.0,332.0,317.0,325.8,97812
2014-07-17,327.5,342.0,320.5,342.0,175342
2014-07-18,344.5,356.5,339.0,349.3,135010
2014-07-21,355.5,357.5,350.0,353.8,77460
2014-07-22,353.8,356.5,343.8,345.2,105342
2014-07-23,351.5,353.4,328.0,329.9,104706
2014-07-24,327.2,333.0,315.0,324.5,71800
2014-07-25,321.2,327.5,315.0,316.8,82408
2014-07-28,314.0,317.5,302.0,304.9,88638
2014-07-30,296.7,312.5,290.0,309.3,142792
2014-07-31,309.5,320.2,307.6,315.2,56880
2014-08-01,307.8,321.0,301.6,305.6,172894
2014-08-04,311.5,320.9,310.1,320.0,127258
2014-08-05,322.4,336.0,316.5,334.6,173364
2014-08-06,341.0,347.5,332.6,342.5,1002644
2014-08-07,347.0,359.0,333.0,335.6,1423556
2014-08-08,332.5,332.5,320.0,322.3,337146
2014-08-11,323.2,329.5,306.2,309.6,390890
2014-08-12,311.0,317.8,305.5,309.1,281340
2014-08-13,293.7,297.4,293.7,293.7,379798
2014-08-14,283.8,288.7,279.0,279.2,643180
2014-08-18,273.5,293.2,271.2,291.8,472832
2014-08-19,292.6,294.2,282.6,284.7,373874
2014-08-20,282.0,289.8,279.2,280.8,240560
2014-08-21,278.0,285.0,275.0,276.3,192824
2014-08-22,275.5,280.0,270.6,272.6,173406
2014-08-25,274.0,277.0,270.8,271.3,154502
2014-08-26,269.6,272.0,257.8,257.8,181786
2014-08-27,265.6,270.6,265.6,270.6,123392
2014-08-28,284.2,284.2,284.2,284.2,49072
2014-09-01,291.8,298.4,287.2,298.4,728774
2014-09-02,305.0,313.2,304.5,313.2,320406
2014-09-03,327.4,328.9,315.5,319.1,819516
2014-09-04,320.0,322.5,303.2,306.2,341078
2014-09-05,305.5,333.0,305.5,327.4,1089274
2014-09-08,330.5,336.8,327.5,331.2,342122
2014-09-09,332.5,333.4,321.4,324.2,214604
2014-09-10,303.0,322.8,303.0,310.1,378462
2014-09-11,311.0,341.1,311.0,341.1,1052890
2014-09-12,348.0,364.4,330.6,349.9,1915856
2014-09-15,349.5,354.8,342.5,343.8,527340
2014-09-16,341.8,355.0,322.0,326.1,537852
2014-09-17,327.8,338.9,323.0,331.6,399494
2014-09-18,331.7,347.0,329.9,338.0,515918
2014-09-19,339.0,342.0,326.0,329.5,314654
2014-09-22,325.0,340.8,322.5,333.5,332176
2014-09-23,331.7,335.5,322.0,323.6,212510
2014-09-24,324.8,327.2,310.0,314.0,239152
2014-09-25,315.0,318.8,287.7,290.4,376712
2014-09-26,287.5,303.5,273.0,297.0,533720
2014-09-29,298.9,314.0,298.9,305.6,294084
2014-09-30,305.2,318.4,300.8,307.5,393748
2014-10-01,310.9,315.4,303.1,304.8,289858
2014-10-07,302.0,305.2,286.4,288.4,206904
2014-10-08,289.9,303.0,287.6,291.0,783816
2014-10-09,293.5,304.0,293.5,298.2,582628
2014-10-10,294.0,301.0,288.1,292.9,371364
2014-10-13,290.0,296.7,288.0,291.1,211516
2014-10-14,293.8,296.0,288.0,288.8,169854
2014-10-16,286.6,291.9,271.0,275.0,257570
2014-10-17,276.0,280.7,270.0,275.4,227166
2014-10-20,280.8,285.5,278.0,279.0,132842
2014-10-21,279.6,332.3,279.6,326.8,3803460
2014-10-22,333.0,342.4,316.7,327.2,2073804
2014-10-23,326.9,329.0,321.4,324.0,185328
2014-10-27,326.9,351.1,326.9,341.2,2180452
2014-10-28,341.2,341.5,307.5,331.0,899364
2014-10-29,332.0,339.0,326.0,330.9,537494
2014-10-30,331.0,342.5,326.6,336.1,726804
2014-10-31,339.5,344.2,333.4,338.7,697768
2014-11-03,341.0,345.0,335.3,339.6,521444
2014-11-05,341.9,344.0,335.0,336.0,395370
2014-11-07,335.6,343.7,329.5,340.9,526076
2014-11-10,343.6,376.2,342.5,365.5,3404522
2014-11-11,368.0,379.0,364.9,370.2,1524138
2014-11-12,369.3,372.2,360.2,363.8,555460
2014-11-13,365.0,366.1,352.6,356.1,334724
2014-11-14,357.0,376.0,352.0,364.0,1078166
2014-11-17,340.6,356.0,338.8,351.2,929714
2014-11-18,353.2,360.0,352.4,355.3,444190
2014-11-19,357.4,372.5,352.5,357.0,1085812
2014-11-20,357.2,360.0,347.8,353.4,297210
2014-11-21,353.0,363.5,352.0,353.5,372164
2014-11-24,354.9,367.4,348.3,358.9,857152
2014-11-25,356.5,360.4,343.1,346.6,314888
2014-11-26,345.0,354.4,343.6,350.1,319300
2014-11-27,352.8,357.5,347.5,349.6,232950
2014-11-28,351.1,359.2,351.1,355.2,393534
2014-12-01,354.8,357.2,350.0,350.8,161360
2014-12-02,348.5,374.0,345.1,371.5,1247018
2014-12-03,376.0,398.4,373.5,395.4,2493956
2014-12-04,395.5,433.4,385.8,415.3,5435162
2014-12-05,417.0,436.0,402.8,405.4,2448522
2014-12-08,406.5,410.0,385.6,387.8,1209540
2014-12-09,388.6,407.4,386.0,391.0,1218518
2014-12-10,392.2,404.0,391.4,400.0,849748
2014-12-11,402.0,402.2,377.7,381.1,805108
2014-12-12,383.9,389.0,371.5,374.7,581894
2014-12-15,371.0,373.5,362.9,364.1,365148
2014-12-16,360.4,362.0,330.0,336.4,558980
2014-12-17,335.0,356.8,320.1,342.5,1170990
2014-12-18,352.7,362.0,348.0,355.4,540558
2014-12-19,359.5,362.0,341.1,343.9,538254
2014-12-22,346.1,351.8,341.5,346.8,301528
2014-12-23,349.5,349.9,336.6,340.2,312136
2014-12-24,340.0,356.0,337.5,344.7,607130
2014-12-26,347.5,355.5,339.6,349.2,590026
2014-12-29,349.6,355.0,347.5,350.1,344600
2014-12-30,352.4,378.0,350.5,375.5,2533896
2015-01-01,398.0,406.4,392.1,394.8,1237598
2015-01-02,396.6,401.5,390.0,392.8,603156
2015-01-05,393.5,397.4,384.0,387.3,558420
2015-01-06,385.0,397.2,373.5,379.2,1578324
2015-01-07,379.5,401.4,379.5,396.2,3081820
2015-01-08,401.0,404.8,390.8,395.0,1261678
2015-01-09,398.6,409.8,391.0,396.7,2131218
2015-01-12,397.5,441.5,392.5,436.5,6221572
2015-01-13,440.0,449.5,429.0,435.8,3498012
2015-01-14,436.5,452.5,431.6,443.8,3187152
2015-01-15,448.5,452.4,440.0,443.9,942736
2015-01-16,444.4,469.4,440.1,459.7,3874686
2015-01-19,463.0,473.2,458.7,463.2,1772682
2015-01-20,466.2,467.4,450.6,455.1,982266
2015-01-21,457.0,465.0,448.2,457.8,1337464
2015-01-22,461.6,465.8,453.0,456.7,844624
2015-01-23,461.0,463.5,453.9,456.1,950064
2015-01-27,461.0,475.8,460.1,462.2,1719460
2015-01-28,460.0,465.0,449.3,456.5,619004
2015-01-29,456.5,461.0,449.0,454.3,499310
2015-01-30,457.5,460.4,445.0,452.5,508692
2015-02-02,453.4,466.3,447.6,462.8,881886
2015-02-03,463.7,477.1,460.0,468.6,1415462
2015-02-04,470.4,470.5,455.5,456.9,490996
2015-02-05,457.0,464.4,453.0,456.2,560202
2015-02-06,457.2,460.0,447.0,451.2,375114
2015-02-09,448.2,448.2,426.0,427.7,451254
2015-02-10,425.0,445.0,420.0,433.2,536412
2015-02-11,436.4,485.8,435.0,479.7,2932356
2015-02-12,485.4,491.4,455.5,466.6,2673234
2015-02-13,468.7,474.5,448.7,461.4,1345388
2015-02-16,462.5,484.6,458.0,478.0,1881776
2015-02-18,477.5,506.4,475.0,495.4,4294688
2015-02-19,498.0,512.0,476.9,494.7,2264066
2015-02-20,495.8,497.2,485.6,490.0,738334
2015-02-23,492.2,503.9,486.0,494.8,1339394
2015-02-24,497.5,505.8,485.6,493.2,1645420
2015-02-25,495.2,499.4,487.5,490.8,558840
2015-02-26,493.4,505.0,475.8,481.5,3144670
2015-02-27,484.0,498.3,482.5,489.9,1249008
2015-02-28,493.8,498.0,479.0,488.0,1107322
2015-03-02,491.9,499.0,482.6,488.6,841702
2015-03-03,490.0,492.8,482.6,490.2,487000
2015-03-04,491.8,525.0,486.8,518.5,3879838
2015-03-05,519.9,530.0,512.5,520.2,1145268
2015-03-09,514.2,517.5,498.1,503.2,496862
2015-03-10,502.2,522.4,502.2,509.7,826630
2015-03-11,507.0,519.0,505.0,506.7,495676
2015-03-12,508.0,517.2,505.5,507.9,317146
2015-03-13,509.0,512.6,504.0,511.3,1407278
2015-03-16,513.3,514.6,495.0,510.7,559178
2015-03-17,515.5,558.9,507.5,550.4,3782048
2015-03-18,557.0,567.0,545.8,553.8,1527890
2015-03-19,558.0,562.0,540.5,547.2,756480
2015-03-20,539.0,542.5,526.3,528.1,371162
2015-03-23,526.5,529.0,507.2,520.7,247772
2015-03-24,519.0,535.0,519.0,529.1,340032
2015-03-25,533.6,534.8,510.0,512.6,367958
2015-03-26,508.8,530.0,495.0,510.2,451084
2015-03-27,529.0,531.8,491.8,504.5,438244
2015-03-30,513.0,541.9,513.0,533.3,806690
2015-03-31,534.4,555.0,520.0,548.5,922706
2015-04-01,550.0,581.9,543.0,569.6,1262462
2015-04-06,569.4,584.5,556.0,580.7,739960
2015-04-07,581.5,586.1,570.0,581.6,467156
2015-04-08,583.5,589.8,576.5,579.5,370788
2015-04-09,582.8,600.0,580.0,584.4,770554
2015-04-10,582.5,589.0,573.0,579.2,236950
2015-04-13,581.0,585.0,566.0,568.0,275114
2015-04-15,569.5,571.5,546.0,549.0,335986
2015-04-16,551.5,551.8,522.5,532.6,562528
2015-04-17,530.6,560.0,527.4,545.8,569800
2015-04-20,548.0,548.6,527.6,533.6,316722
2015-04-21,534.0,548.5,524.7,531.3,353774
2015-04-22,532.4,541.2,499.0,511.0,513136
2015-04-23,517.8,519.7,502.1,512.6,249966
2015-04-24,515.5,519.4,495.8,497.2,227620
2015-04-27,499.2,499.2,445.0,464.8,585710
2015-04-28,461.5,472.0,443.5,465.6,387212
2015-04-29,466.4,487.4,458.0,483.2,387112
2015-04-30,479.4,498.5,467.0,490.2,441534
2015-05-04,492.5,506.8,492.5,500.6,241636
2015-05-05,501.5,526.0,496.5,513.2,684988
2015-05-06,510.0,517.4,470.1,474.6,495794
2015-05-07,463.5,470.0,403.1,434.6,2728188
2015-05-08,453.7,459.9,430.0,440.8,950428
2015-05-11,444.8,460.0,442.8,453.6,514940
2015-05-12,453.5,453.5,433.2,439.4,352936
2015-05-13,440.4,461.5,439.0,457.1,554016
2015-05-14,457.0,474.4,447.5,460.4,700572
2015-05-15,464.0,473.5,460.0,462.3,356640
2015-05-18,466.4,482.0,463.0,470.0,584416
2015-05-19,473.8,479.5,465.6,471.6,276184
2015-05-20,476.4,476.4,468.0,473.0,175768
2015-05-21,473.0,476.0,461.9,467.3,179690
2015-05-22,470.0,479.5,468.5,472.7,267748
2015-05-25,470.5,475.6,467.6,470.0,157706
2015-05-26,471.0,477.0,462.5,473.9,209216
2015-05-27,471.0,485.8,466.0,472.4,371762
2015-05-28,470.6,494.4,470.4,488.6,398972
2015-05-29,492.0,538.8,481.1,518.6,1119456
2015-06-01,561.0,576.0,526.0,529.5,2528802
2015-06-02,530.0,534.0,508.0,519.2,584408
2015-06-03,521.1,536.5,492.4,530.7,795248
2015-06-04,534.0,576.0,517.6,568.0,1803772
2015-06-05,573.5,609.0,568.2,593.0,2247958
2015-06-08,594.5,603.0,572.6,592.0,839494
2015-06-09,589.8,622.5,581.0,608.0,1353820
2015-06-10,611.4,627.2,601.0,609.6,1226384
2015-06-11,624.0,631.9,606.6,613.8,1222558
2015-06-12,614.0,623.9,591.0,621.0,727720
2015-06-15,620.0,626.2,609.5,611.5,358570
2015-06-16,614.0,622.9,600.5,619.1,626198
2015-06-17,621.0,637.0,612.0,627.6,986170
2015-06-18,630.0,634.0,619.2,625.5,435370
2015-06-19,629.0,631.7,618.3,622.8,334302
2015-06-22,622.8,637.0,620.0,629.9,523306
2015-06-23,632.2,644.2,624.4,631.8,672566
2015-06-24,634.0,638.3,616.0,620.2,268582
2015-06-25,619.0,624.5,595.0,604.0,524402
2015-06-26,606.0,616.0,600.5,608.4,418410
2015-06-29,592.5,603.4,578.0,598.2,274848
2015-06-30,601.4,611.0,592.0,605.5,495080
2015-07-01,606.0,623.5,606.0,620.2,534196
2015-07-02,622.5,659.9,622.5,650.5,1284240
2015-07-03,655.0,672.5,654.9,664.2,776856
2015-07-06,650.6,669.0,644.2,661.6,460926
2015-07-07,661.2,682.5,661.2,675.2,645362
2015-07-08,668.5,673.8,651.2,656.1,448090
2015-07-09,660.0,667.0,652.6,655.8,247912
2015-07-10,664.0,669.2,652.8,663.2,225984
2015-07-13,666.6,678.4,663.2,674.0,398556
2015-07-14,675.0,684.0,664.5,673.7,466754
2015-07-15,677.0,682.5,672.5,678.5,475664
2015-07-16,680.5,726.0,677.6,712.4,1065410
2015-07-17,727.5,748.7,724.3,737.0,1303000
2015-07-20,741.0,759.0,736.3,748.5,742938
2015-07-21,747.5,806.0,746.0,770.8,1145724
2015-07-22,770.0,775.0,737.8,751.5,709836
2015-07-23,757.0,767.5,733.0,757.5,497848
2015-07-24,758.0,760.5,736.0,741.0,260226
2015-07-27,742.4,755.0,713.5,727.1,459674
2015-07-28,731.8,750.0,730.6,743.5,439008
2015-07-29,747.0,754.8,732.1,739.3,278230
2015-07-30,745.0,763.2,742.5,753.9,395974
2015-07-31,759.0,774.0,752.5,759.8,521152
2015-08-03,762.0,779.5,760.5,775.0,415606
2015-08-04,779.4,785.0,767.5,779.2,543274
2015-08-05,784.9,793.5,770.1,773.4,424612
2015-08-06,776.0,777.0,740.0,760.0,358650
2015-08-07,763.0,763.0,732.8,743.8,268156
2015-08-10,741.0,742.4,697.5,703.8,412008
2015-08-11,708.0,724.0,695.0,707.6,340640
2015-08-12,702.6,718.9,685.1,690.6,270338
2015-08-13,692.5,708.9,681.0,688.5,235416
2015-08-14,691.0,702.5,680.5,686.6,340048
2015-08-17,674.9,684.0,655.0,677.0,586610
2015-08-18,680.0,695.0,677.9,681.7,266954
2015-08-19,684.8,692.4,665.0,669.2,225784
2015-08-20,665.5,672.6,655.7,660.3,149720
2015-08-21,647.5,660.0,617.3,655.5,310316
2015-08-24,627.5,639.0,570.0,603.4,488642
2015-08-25,607.8,633.0,530.0,628.0,513204
2015-08-26,623.8,640.5,596.6,633.4,248242
2015-08-27,642.0,654.2,633.5,645.6,262946
2015-08-28,656.8,657.5,609.0,631.9,312466
2015-08-31,629.5,656.5,620.4,648.4,324478
2015-09-01,630.0,654.5,606.2,616.7,258426
2015-09-02,624.5,630.0,605.4,609.0,194272
2015-09-03,612.5,626.0,606.5,617.8,183008
2015-09-04,619.5,622.0,590.2,607.4,353848
2015-09-07,614.5,619.8,585.0,593.5,193038
2015-09-08,585.5,609.4,578.1,595.2,227496
2015-09-09,605.0,617.1,599.5,611.1,219098
2015-09-10,604.0,611.5,590.0,600.3,230308
2015-09-11,606.0,616.4,590.7,594.8,228834
2015-09-14,599.5,600.0,587.8,590.7,146508
2015-09-15,591.5,599.5,565.1,575.2,261040
2015-09-16,580.5,588.0,563.8,573.5,231984
2015-09-18,583.5,593.5,571.0,585.7,171036
2015-09-21,580.0,626.5,577.4,612.0,640690
2015-09-22,618.6,639.5,605.0,617.9,663120
2015-09-23,614.3,634.5,607.6,623.4,500318
2015-09-24,637.5,637.5,626.5,630.9,383588
2015-09-28,634.0,639.9,616.1,621.7,404644
2015-09-29,612.0,620.0,592.0,605.8,332888
2015-09-30,613.2,626.3,609.2,621.3,348852
2015-10-01,626.5,629.4,617.5,621.9,255204
2015-10-05,625.0,631.9,622.5,625.0,129940
2015-10-06,627.6,658.4,627.6,640.4,795386
2015-10-07,638.0,646.4,629.5,634.1,284142
2015-10-08,634.0,642.0,623.2,630.2,203972
2015-10-09,633.0,638.0,620.6,622.9,201840
2015-10-12,622.5,627.5,605.5,610.4,256696
2015-10-13,612.5,619.2,606.9,609.4,160806
2015-10-14,610.0,629.0,607.5,619.6,311276
2015-10-15,624.9,625.7,611.0,612.6,164174
2015-10-16,612.5,616.9,606.8,612.4,176954
2015-10-19,612.4,618.0,608.3,610.1,107248
2015-10-20,613.0,626.0,609.2,620.7,415578
2015-10-21,620.6,640.0,620.3,623.4,671436
2015-10-23,630.0,631.8,616.4,618.8,143138
2015-10-26,623.4,623.4,602.0,607.0,147724
2015-10-27,605.0,605.0,592.3,600.7,239400
2015-10-28,600.0,611.2,596.5,603.4,161020
2015-10-29,603.4,605.6,580.0,587.5,259858
2015-10-30,592.5,599.0,580.5,582.8,133218
2015-11-02,583.0,588.5,555.9,564.7,336524
2015-11-03,570.0,574.0,546.0,554.6,274786
2015-11-04,557.5,564.0,542.0,550.0,330244
2015-11-05,554.8,554.8,542.5,549.0,183486
2015-11-06,554.5,559.5,536.6,554.3,567236
2015-11-09,532.5,566.4,499.6,563.8,276442
2015-11-10,564.0,564.0,551.0,555.3,156178
2015-11-11,557.0,562.4,554.0,557.6,36328
2015-11-13,558.8,558.8,543.6,546.6,121570
2015-11-16,545.0,561.7,538.0,550.8,262228
2015-11-17,550.8,556.5,540.2,545.0,123660
2015-11-18,545.5,551.9,516.7,523.8,222720
2015-11-19,527.5,535.5,513.4,520.9,402846
2015-11-20,522.6,540.2,509.0,534.4,447848
2015-11-23,535.0,539.2,525.0,527.1,163568
2015-11-24,527.0,534.9,525.6,528.4,163796
2015-11-26,526.0,574.5,520.0,534.0,453986
2015-11-27,534.0,568.0,533.2,562.8,428892
2015-11-30,566.8,577.5,563.5,566.3,426272
2015-12-01,569.5,571.4,562.2,563.8,191958
2015-12-02,564.5,567.5,544.8,549.8,362140
2015-12-03,550.5,550.5,536.8,538.8,292892
2015-12-04,537.0,558.1,528.6,553.9,516938
2015-12-07,558.9,562.0,538.5,550.1,405790
2015-12-08,545.5,554.4,535.0,538.8,173970
2015-12-09,537.5,540.5,516.9,525.8,409644
2015-12-10,534.5,536.5,520.0,533.2,251218
2015-12-11,535.0,551.5,531.0,534.8,439764
2015-12-14,533.5,542.5,528.0,538.2,243840
2015-12-15,539.3,548.1,530.6,545.4,313494
2015-12-16,546.5,565.0,541.3,561.6,582622
2015-12-17,567.5,612.5,565.4,608.4,1716204
2015-12-18,614.1,635.9,610.0,631.5,2381864
2015-12-21,631.5,633.6,619.6,624.9,726860
2015-12-22,627.6,643.8,625.6,631.6,858270
2015-12-23,634.0,638.3,623.3,631.0,616350
2015-12-24,632.5,656.4,627.5,643.0,1418872
2015-12-28,642.5,654.6,638.1,643.8,587916
2015-12-29,643.5,650.5,636.2,647.7,544112
2015-12-30,649.5,652.2,637.5,640.4,432386
2015-12-31,640.6,645.5,633.0,640.6,392016
2016-01-01,642.5,658.8,639.3,650.4,760208
2016-01-04,655.0,662.2,627.6,638.0,617624
2016-01-05,641.0,646.2,630.6,636.0,273650
2016-01-06,635.0,641.4,625.5,628.2,382692
2016-01-07,620.6,621.0,597.6,604.7,626984
2016-01-08,606.5,617.5,603.1,607.4,428018
2016-01-11,605.0,624.4,595.2,612.2,580632
2016-01-12,616.5,623.6,611.0,614.3,264374
2016-01-13,617.5,622.6,571.0,607.7,476330
2016-01-14,598.0,605.8,583.5,600.3,321142
2016-01-15,608.0,611.0,572.5,581.4,337082
2016-01-18,577.6,580.0,527.5,558.6,361326
2016-01-19,556.5,569.0,550.0,557.0,289914
2016-01-20,550.0,559.2,531.0,548.2,412126
2016-01-21,557.5,559.5,532.0,536.5,356226
2016-01-22,541.5,559.2,538.0,549.4,328792
2016-01-25,558.0,567.5,546.6,550.9,316000
2016-01-27,550.7,559.0,539.0,542.2,322564
2016-01-28,540.5,546.5,528.9,531.7,467696
2016-01-29,527.2,535.4,518.2,524.7,415128
2016-02-01,525.0,533.2,520.8,524.0,333328
2016-02-02,523.0,536.0,517.5,520.8,333408
2016-02-03,515.0,515.0,494.0,501.6,551608
2016-02-04,505.5,509.9,487.5,498.0,443978
2016-02-05,497.8,519.0,492.2,514.5,359912
2016-02-08,515.0,533.0,515.0,518.6,357020
2016-02-09,513.4,522.0,498.8,505.5,359294
2016-02-10,497.5,507.3,495.8,500.4,244990
2016-02-11,498.0,505.0,460.0,484.6,757774
2016-02-12,475.0,521.8,450.0,469.0,671412
2016-02-15,477.0,504.0,470.0,491.6,640578
2016-02-16,501.5,504.5,475.6,479.6,512752
2016-02-17,485.0,486.0,462.0,477.3,355014
2016-02-18,483.8,493.5,466.0,470.3,450860
2016-02-19,467.5,490.5,466.0,485.8,380740
2016-02-22,491.7,524.5,487.5,520.3,1188856
2016-02-23,521.5,526.3,501.8,507.3,815934
2016-02-24,507.0,517.0,500.0,508.7,661212
2016-02-25,512.5,519.9,482.8,489.0,2212600
2016-02-26,492.5,493.4,469.0,476.4,918706
2016-02-29,476.5,493.4,455.5,472.7,993342
2016-03-01,490.0,499.0,482.5,495.1,1230432
2016-03-02,501.0,517.4,500.8,514.8,570952
2016-03-03,519.8,528.8,516.0,522.4,581658
2016-03-04,523.5,531.2,506.0,526.6,431280
2016-03-08,528.0,536.0,517.5,529.3,449540
2016-03-09,518.6,532.0,518.6,528.0,242986
2016-03-10,530.9,534.0,516.0,519.0,342910
2016-03-11,521.0,526.0,515.5,517.8,172728
2016-03-14,523.9,523.9,511.6,517.3,194338
2016-03-15,521.0,521.5,511.6,515.1,129588
2016-03-16,515.5,520.0,505.8,515.4,220616
2016-03-17,515.4,524.8,508.0,512.4,297616
2016-03-18,514.9,515.0,503.3,509.0,339298
2016-03-21,511.5,539.0,506.0,534.4,889548
2016-03-22,537.5,556.0,535.6,545.8,1020048
2016-03-23,547.2,548.5,532.5,545.4,724258
2016-03-28,549.0,554.3,525.1,527.4,485988
2016-03-29,530.0,533.2,508.4,517.8,626578
2016-03-30,525.5,526.0,511.0,516.5,602444
2016-03-31,520.0,534.0,507.8,522.0,734298
2016-04-01,517.5,525.0,512.5,514.2,380618
2016-04-04,516.5,518.0,505.6,508.3,251342
2016-04-05,508.3,508.5,485.0,487.6,522206
2016-04-06,488.6,494.0,463.2,471.0,734862
2016-04-07,471.5,472.6,457.5,459.4,731140
2016-04-08,455.0,458.9,442.1,444.1,1077694
2016-04-11,440.5,449.0,433.0,441.2,1699194
2016-04-12,442.5,457.5,440.6,452.4,1801490
2016-04-13,457.5,477.8,456.0,470.8,1702938
2016-04-18,472.0,481.2,465.5,476.3,736674
2016-04-20,482.5,484.4,469.0,473.6,679448
2016-04-21,475.5,478.0,464.0,466.4,522076
2016-04-22,462.5,474.4,459.8,469.7,707834
2016-04-25,473.9,473.9,457.5,459.0,448612
2016-04-26,455.0,467.5,454.5,465.7,400386
2016-04-27,469.0,472.5,466.0,469.6,303628
2016-04-28,471.9,474.0,456.9,459.5,522858
2016-04-29,460.9,468.3,456.4,460.5,437204
2016-05-02,457.5,463.5,455.0,459.2,210446
2016-05-03,460.2,469.4,455.8,458.1,447030
2016-05-04,458.0,461.8,445.7,448.9,329480
2016-05-05,447.0,452.4,443.3,446.4,339222
2016-05-06,446.9,451.2,434.7,436.5,425808
2016-05-09,433.0,457.0,432.5,454.0,810760
2016-05-10,455.5,466.0,453.8,458.4,676552
2016-05-11,455.0,463.4,447.8,456.5,484484
2016-05-12,459.5,465.0,456.4,458.5,237104
2016-05-13,461.5,462.8,448.0,449.8,402684
2016-05-16,450.5,454.8,445.5,450.5,302562
2016-05-17,452.5,457.5,448.0,451.3,275198
2016-05-18,451.2,454.2,446.3,449.4,275134
2016-05-19,450.0,453.5,435.2,437.4,350406
2016-05-20,440.5,441.5,430.0,431.2,424154
2016-05-23,432.6,438.0,420.0,424.8,433944
2016-05-24,422.0,423.7,406.5,409.7,621336
2016-05-25,417.0,417.0,403.5,408.7,573476
2016-05-26,412.5,416.9,404.5,413.4,573428
2016-05-27,415.7,432.5,414.6,427.1,746820
2016-05-30,432.5,446.4,427.5,442.2,1364850
2016-05-31,444.0,446.5,433.5,435.2,446168
2016-06-01,435.0,439.8,420.8,423.1,430550
2016-06-02,426.5,432.4,418.5,420.7,559206
2016-06-03,423.0,424.5,412.6,414.0,386918
2016-06-06,415.0,421.7,411.6,416.8,346730
2016-06-07,419.9,424.7,416.0,417.7,420410
2016-06-08,424.0,439.7,420.6,434.6,2041908
2016-06-09,438.4,443.5,430.9,434.5,1113646
2016-06-10,438.0,440.5,429.1,431.8,687486
2016-06-13,430.0,430.0,422.8,425.7,391922
2016-06-14,427.0,429.7,422.8,425.2,315116
2016-06-15,427.0,427.0,420.5,424.2,480960
2016-06-16,424.4,425.0,417.0,419.5,359220
2016-06-17,423.4,423.4,414.0,417.9,475596
2016-06-20,415.0,436.4,413.3,433.8,1219098
2016-06-21,436.6,438.4,427.0,429.2,1139564
2016-06-22,429.2,433.0,420.7,423.4,451578
2016-06-23,421.0,425.5,420.0,421.6,673138
2016-06-24,414.4,417.3,394.0,415.2,915980
2016-06-27,416.2,425.4,412.0,420.4,810012
2016-06-28,422.5,424.4,419.0,420.0,336456
2016-06-29,422.5,429.4,420.9,426.4,522200
2016-06-30,427.5,435.8,425.5,427.0,772506
2016-07-01,429.5,440.4,427.5,438.2,908694
2016-07-04,443.5,451.2,440.5,449.1,991928
2016-07-05,453.0,460.5,451.0,453.1,985184
2016-07-07,455.8,457.2,444.0,446.7,407602
2016-07-08,448.8,448.8,438.5,442.9,311706
2016-07-11,447.5,450.8,444.0,446.2,264680
2016-07-12,445.8,448.5,441.3,442.7,251248
2016-07-13,444.0,446.5,438.5,440.4,338516
2016-07-14,438.5,473.0,434.5,469.4,2342372
2016-07-15,475.5,477.2,468.0,471.1,1465512
2016-07-18,471.4,479.8,466.1,468.6,1359464
2016-07-19,469.0,471.5,463.6,469.0,878518
2016-07-20,471.5,482.5,469.0,480.1,934374
2016-07-21,482.5,485.8,472.5,478.8,1063172
2016-07-22,480.1,493.4,476.0,491.2,1000536
2016-07-25,492.8,496.0,489.0,492.0,516600
2016-07-26,490.0,499.1,481.6,487.7,797004
2016-07-27,492.1,498.5,484.0,496.1,913230
2016-07-28,502.5,517.5,499.6,502.0,1071434
2016-07-29,505.8,509.0,496.0,506.8,589002
2016-08-01,508.0,517.5,505.0,508.7,691394
2016-08-02,510.5,512.5,496.8,500.5,605720
2016-08-03,502.4,502.4,483.3,486.7,669258
2016-08-04,486.8,498.9,480.0,495.6,709948
2016-08-05,497.5,525.0,496.2,518.9,983482
2016-08-08,520.0,520.0,507.0,510.2,361712
2016-08-09,511.4,511.4,496.5,501.2,423260
2016-08-10,500.0,512.8,498.5,505.6,504066
2016-08-11,502.5,508.8,488.4,493.6,429216
2016-08-12,493.0,503.0,491.5,496.1,331450
2016-08-16,499.4,509.4,492.0,504.5,529044
2016-08-17,505.0,512.5,505.0,511.2,359952
2016-08-18,511.5,518.0,509.5,513.6,563876
2016-08-19,514.0,525.0,506.0,519.6,480614
2016-08-22,521.0,529.3,507.4,510.0,863220
2016-08-23,510.0,514.4,506.2,512.2,465290
2016-08-24,512.0,520.9,510.7,516.6,310374
2016-08-25,517.5,523.0,515.4,518.7,323610
2016-08-26,518.7,541.7,518.7,528.2,1330596
2016-08-29,529.8,534.2,521.0,529.5,476110
2016-08-30,530.6,539.8,528.1,533.1,366630
2016-08-31,536.5,542.5,531.1,532.9,381878
2016-09-01,533.2,536.6,529.2,533.1,255050
2016-09-02,536.9,544.0,531.2,539.7,502164
2016-09-06,542.4,542.4,531.3,533.2,191942
2016-09-07,536.0,550.5,527.8,541.1,431178
2016-09-08,538.4,548.5,537.5,541.4,273970
2016-09-09,545.0,545.0,531.1,536.6,187644
2016-09-12,531.1,543.0,518.0,523.4,341264
2016-09-14,523.0,530.4,509.4,512.6,738934
2016-09-15,490.0,490.0,446.4,450.1,4771734
2016-09-16,454.8,463.5,445.6,461.0,2238890
2016-09-19,465.0,467.0,453.8,455.0,887226
2016-09-20,456.7,458.4,447.5,452.5,1337772
2016-09-21,454.0,457.8,446.6,449.8,551904
2016-09-22,455.0,458.0,453.0,455.4,470112
2016-09-23,457.0,468.0,454.3,457.5,1120966
2016-09-26,455.6,464.0,455.2,459.5,434296
2016-09-27,462.0,463.4,450.0,452.3,455430
2016-09-28,453.6,458.0,450.5,454.4,395298
2016-09-29,457.0,459.4,428.3,437.4,718382
2016-09-30,434.0,441.4,429.8,438.0,396590
2016-10-03,448.0,452.6,438.6,450.9,458714
2016-10-04,451.5,461.0,451.1,455.1,459878
2016-10-05,460.0,460.0,450.1,451.7,334044
2016-10-06,454.0,462.5,452.0,456.1,533974
2016-10-07,453.0,461.0,451.1,454.1,244982
2016-10-10,455.4,460.0,451.3,453.3,170772
2016-10-13,454.4,464.0,448.4,456.2,526210
2016-10-14,462.4,474.8,458.0,472.8,1290614
2016-10-17,475.0,479.8,460.6,463.6,649606
2016-10-18,465.8,470.8,463.8,466.8,275878
2016-10-19,468.8,472.0,464.2,466.0,198124
2016-10-20,466.6,474.0,466.6,470.3,333822
2016-10-21,469.5,470.5,459.3,463.9,184322
2016-10-24,467.5,476.5,460.8,464.0,260068
2016-10-25,461.2,469.6,455.0,467.6,429366
2016-10-26,464.5,468.1,455.8,457.4,190150
2016-10-27,458.4,464.9,450.1,460.3,439968
2016-10-28,464.5,472.7,460.9,470.5,410154
2016-10-30,472.5,472.5,468.0,469.7,55338
2016-11-01,468.5,472.0,460.2,462.4,144148
2016-11-02,457.0,460.0,452.0,457.4,317970
2016-11-03,457.7,462.5,443.6,445.8,320760
2016-11-04,444.4,447.5,434.0,438.7,503036
2016-11-07,443.2,452.6,438.5,443.7,435252
2016-11-08,445.0,459.4,445.0,454.8,316850
2016-11-09,417.6,441.4,409.4,435.0,484524
2016-11-10,440.0,459.8,440.0,454.5,283584
2016-11-11,451.0,455.0,433.2,443.8,408108
2016-11-15,440.0,444.3,429.0,431.6,269424
2016-11-16,440.0,440.0,421.2,431.7,310398
2016-11-17,433.2,436.2,407.5,410.8,469726
2016-11-18,407.4,417.5,397.5,410.9,1035858
2016-11-21,411.9,416.6,400.0,403.9,316056
2016-11-22,405.6,409.5,390.1,392.5,495262
2016-11-23,397.5,399.2,385.5,393.0,519174
2016-11-24,394.0,398.2,388.0,393.2,521942
2016-11-25,393.2,405.5,387.8,402.5,584486
2016-11-28,405.0,415.0,400.0,412.8,555788
2016-11-29,413.5,422.0,413.5,418.8,334396
2016-11-30,420.0,423.0,417.6,421.5,256468
2016-12-01,423.0,426.0,411.1,415.3,225764
2016-12-02,416.5,416.5,408.5,414.0,282580
2016-12-05,415.0,425.0,409.1,419.8,307432
2016-12-06,423.0,441.0,420.3,436.5,778888
2016-12-07,438.0,443.0,430.0,431.8,422586
2016-12-08,435.0,460.8,435.0,457.7,1685958
2016-12-09,461.0,466.6,453.0,463.7,809486
2016-12-12,463.5,466.5,450.0,453.0,389724
2016-12-13,454.5,458.6,446.0,456.2,219100
2016-12-14,456.7,458.0,447.5,448.7,243666
2016-12-15,447.0,465.5,444.0,463.3,728574
2016-12-16,468.9,469.5,456.6,458.3,422830
2016-12-19,459.9,466.0,453.8,457.3,272934
2016-12-20,457.0,465.9,450.3,453.1,446978
2016-12-21,454.0,465.1,454.0,462.4,657464
2016-12-22,465.0,486.0,464.0,481.8,2800274
2016-12-23,490.5,491.5,481.0,485.8,2370028
2016-12-26,482.5,482.5,467.5,475.1,797392
2016-12-27,480.4,494.5,476.2,487.8,1617122
2016-12-28,490.4,492.5,485.1,487.2,734082
2016-12-29,488.6,499.0,487.3,493.0,1110466
2016-12-30,493.0,503.5,493.0,500.3,921350
2017-01-02,502.0,503.2,494.6,498.2,300708
2017-01-03,501.4,508.0,498.1,504.6,570978
2017-01-04,506.9,511.5,501.4,502.9,404010
2017-01-05,503.2,508.8,496.8,500.8,300926
2017-01-06,499.2,504.5,494.0,496.8,322428
2017-01-09,492.0,594.0,490.3,575.4,11586402
2017-01-10,580.7,587.8,566.8,585.4,5453394
2017-01-11,587.4,615.2,582.6,609.6,5486040
2017-01-12,610.5,621.0,605.5,611.4,2899752
2017-01-13,615.0,622.0,600.0,602.9,2690972
2017-01-16,604.0,612.9,590.2,606.4,2069044
2017-01-17,609.5,613.6,593.2,594.7,1205748
2017-01-18,595.0,604.5,584.8,590.9,1233820
2017-01-19,590.5,600.0,580.6,586.1,1680214
2017-01-20,586.0,591.8,576.0,579.3,1025950
2017-01-23,581.0,620.6,578.5,616.0,3046272
2017-01-24,624.4,631.5,611.0,616.6,3235324
2017-01-25,629.2,632.0,616.9,619.0,1895204
2017-01-27,620.0,624.6,608.0,610.4,1040306
2017-01-30,610.6,617.8,607.4,610.7,848074
2017-01-31,612.5,612.5,598.0,601.9,735536
2017-02-01,603.0,626.8,601.8,621.5,1944958
2017-02-02,619.5,620.0,605.2,607.8,764482
2017-02-03,608.2,636.1,606.9,628.2,1728980
2017-02-06,634.5,637.5,620.0,622.0,695790
2017-02-07,623.4,642.2,621.1,631.6,1223336
2017-02-08,632.4,640.5,627.8,637.3,641708
2017-02-09,641.0,670.5,641.0,665.4,3102542
2017-02-10,671.0,672.0,650.0,654.2,1508144
2017-02-13,658.7,665.0,635.5,643.5,1220266
2017-02-14,641.5,659.8,638.7,645.0,2021980
2017-02-15,647.0,660.0,625.8,628.1,1851958
2017-02-16,631.0,645.6,627.5,642.5,592748
2017-02-17,645.4,654.5,636.0,644.6,733440
2017-02-20,641.0,661.0,640.0,658.8,1246190
2017-02-21,658.8,669.2,651.2,656.7,864606
2017-02-22,659.4,660.5,644.5,648.4,548920
2017-02-23,649.0,665.0,640.2,661.1,1402178
2017-02-27,660.0,678.0,658.3,672.2,1398704
2017-02-28,674.9,677.0,667.9,669.6,542586
2017-03-01,674.0,675.0,662.5,665.4,501068
2017-03-02,667.5,671.6,645.5,647.9,747272
2017-03-03,647.5,654.9,644.2,650.4,435752
2017-03-06,655.0,656.5,647.6,651.1,448610
2017-03-07,654.8,654.8,643.1,645.4,424306
2017-03-08,648.0,650.4,635.0,639.3,539598
2017-03-09,641.0,646.8,635.5,642.3,523222
2017-03-10,647.5,647.5,635.5,639.0,399734
2017-03-14,654.0,654.7,638.7,651.2,659188
2017-03-15,654.0,655.0,645.5,649.7,481650
2017-03-16,651.6,668.0,650.0,666.6,918320
2017-03-17,670.0,671.0,653.5,656.4,476616
2017-03-20,657.0,657.0,646.0,648.8,446390
2017-03-21,650.0,653.5,641.2,646.4,382192
2017-03-22,642.0,650.0,636.6,648.1,324528
2017-03-23,649.0,665.5,648.0,658.6,758656
2017-03-24,660.0,662.0,649.0,651.2,470048
2017-03-27,651.0,660.0,641.2,654.8,618814
2017-03-28,659.0,659.0,650.3,655.2,641968
2017-03-29,656.5,659.0,648.4,654.7,300504
2017-03-30,652.7,670.0,652.7,655.8,1011906
2017-03-31,657.4,687.5,656.1,681.0,1555300
2017-04-03,685.0,690.0,681.8,685.1,794852
2017-04-05,688.5,689.0,677.8,682.0,374560
2017-04-06,678.5,703.0,677.0,693.9,1450048
2017-04-07,694.0,695.2,679.0,681.6,453944
2017-04-10,685.5,694.7,680.1,690.9,505828
2017-04-11,691.5,693.3,685.2,689.6,324940
2017-04-12,690.5,704.7,681.1,689.6,661818
2017-04-13,687.5,697.3,687.5,689.4,326192
2017-04-17,689.0,693.0,684.4,689.9,307378
2017-04-18,689.8,700.2,671.0,676.6,405506
2017-04-19,679.9,685.9,672.1,675.6,419332
2017-04-20,676.0,684.0,672.5,680.2,436016
2017-04-21,682.5,689.4,675.0,683.6,478276
2017-04-24,687.5,697.2,681.0,690.6,483384
2017-04-25,695.0,696.0,685.4,692.7,503340
2017-04-26,696.5,716.0,686.1,712.2,1644390
2017-04-27,720.0,720.0,700.0,703.9,982440
2017-04-28,712.6,712.6,697.8,701.4,575758
2017-05-02,697.8,704.7,691.5,695.3,444802
2017-05-03,696.0,701.2,683.0,685.4,297446
2017-05-04,685.5,696.5,685.5,690.6,373966
2017-05-05,692.5,692.5,676.1,679.2,389778
2017-05-08,683.7,683.7,668.8,672.4,308092
2017-05-09,673.0,678.5,662.7,666.2,604970
2017-05-10,669.4,684.0,665.4,680.7,541786
2017-05-11,687.0,697.2,686.2,691.6,762508
2017-05-12,691.8,693.3,680.0,681.7,418904
2017-05-15,683.1,691.9,679.0,682.3,293724
2017-05-16,676.1,691.0,676.1,688.6,284482
2017-05-17,690.0,704.5,686.7,695.9,666918
2017-05-18,690.0,691.1,669.6,671.6,258684
2017-05-19,671.0,680.6,630.8,639.2,559260
2017-05-22,649.5,649.5,619.8,623.8,387930
2017-05-23,624.6,625.9,582.5,596.4,530830
2017-05-24,597.5,602.5,562.7,566.8,568872
2017-05-25,572.5,594.5,562.6,585.8,1043382
2017-05-26,586.5,615.0,582.6,607.9,684374
2017-05-29,614.4,617.4,583.9,590.4,439142
2017-05-30,592.2,595.5,579.3,584.0,297422
2017-05-31,612.5,636.5,607.1,610.9,2724302
2017-06-01,609.9,619.8,604.9,611.0,552084
2017-06-02,618.0,631.0,610.6,625.2,695542
2017-06-05,625.2,627.5,615.0,619.4,287062
2017-06-06,619.1,623.1,606.1,616.9,345888
2017-06-07,611.5,626.8,611.5,622.3,354884
2017-06-08,622.3,644.0,622.3,639.6,769958
2017-06-09,643.8,646.2,631.8,642.7,522670
2017-06-12,642.5,661.2,634.5,647.8,1187464
2017-06-13,643.5,659.2,635.6,656.4,951056
2017-06-14,656.5,676.0,656.4,672.7,1217114
2017-06-15,669.0,682.5,666.3,676.1,742454
2017-06-16,679.5,731.8,671.1,727.5,3864842
2017-06-19,734.2,734.4,713.1,721.5,1378490
2017-06-20,724.5,772.0,718.0,750.7,4198824
2017-06-21,745.0,763.5,740.0,755.5,1550970
2017-06-22,758.0,784.8,756.0,773.5,2919656
2017-06-23,775.0,781.0,755.0,770.8,1488100
2017-06-27,773.0,774.5,735.0,742.0,1070380
2017-06-28,738.5,744.9,715.1,719.1,1436932
2017-06-29,717.5,741.1,717.3,727.1,1840300
2017-06-30,720.0,772.4,712.8,766.6,3032408
2017-07-03,772.5,778.6,760.8,768.3,1286970
2017-07-04,770.0,772.2,752.2,757.1,885000
2017-07-05,762.9,792.2,757.6,782.9,2455630
2017-07-06,786.5,798.9,776.2,780.9,1686816
2017-07-07,780.0,791.4,768.0,782.2,1503318
2017-07-10,785.0,794.8,775.1,786.2,229084
2017-07-11,788.6,793.6,774.0,777.0,1011570
2017-07-12,777.5,783.5,769.4,773.7,706360
2017-07-13,778.0,786.2,772.5,781.8,863906
2017-07-14,784.9,784.9,764.6,767.8,675222
2017-07-17,770.5,782.1,757.0,769.3,801814
2017-07-18,768.5,775.0,757.8,760.9,806288
2017-07-19,765.6,776.0,762.5,770.4,993458
2017-07-20,777.4,777.6,764.0,767.5,925370
2017-07-21,767.5,808.8,760.5,794.3,1923762
2017-07-24,805.0,833.4,786.1,825.0,4126480
2017-07-25,826.0,838.7,820.0,824.5,2016690
2017-07-26,825.0,839.9,820.6,829.3,1398018
2017-07-27,831.5,842.5,820.8,829.2,1318482
2017-07-28,828.0,840.0,825.2,836.9,957198
2017-07-31,836.5,865.0,832.8,863.1,2256856
2017-08-01,869.0,873.4,854.5,858.5,1193350
2017-08-02,858.8,863.0,848.8,853.2,696144
2017-08-03,853.2,853.3,837.5,843.9,661320
2017-08-04,835.0,869.2,835.0,863.8,1107492
2017-08-07,870.0,874.0,856.2,859.0,579336
2017-08-08,861.0,861.0,838.0,848.9,872352
2017-08-09,845.2,849.7,793.6,812.4,992080
2017-08-10,797.3,804.9,711.2,746.0,2146874
2017-08-11,734.5,802.2,720.0,778.1,3091110
2017-08-14,775.5,883.8,775.5,874.8,5639654
2017-08-16,875.0,879.4,845.6,858.6,2518360
2017-08-17,859.0,946.4,856.0,929.4,8494782
2017-08-18,919.9,959.5,914.3,942.3,7010256
2017-08-21,948.5,954.9,898.6,916.4,3523458
2017-08-22,925.0,945.0,882.5,894.7,3905702
2017-08-23,907.4,921.0,888.7,902.0,2841376
2017-08-24,906.6,910.6,887.4,895.5,1462064
2017-08-28,896.0,902.5,887.2,892.6,1025394
2017-08-29,889.9,889.9,855.0,863.1,1548326
2017-08-30,865.5,899.5,863.6,867.9,2650144
2017-08-31,874.5,889.0,870.1,881.7,2201202
2017-09-01,892.5,931.5,892.5,923.2,3879646
2017-09-04,928.5,942.5,913.0,927.8,2568770
2017-09-05,930.0,937.0,918.9,925.5,1192704
2017-09-06,920.0,924.4,909.9,918.1,1286192
2017-09-07,924.5,956.0,924.0,941.5,3325556
2017-09-08,945.0,945.0,922.5,928.0,1109954
2017-09-11,935.0,942.4,930.2,933.8,871296
2017-09-12,938.5,950.3,922.8,942.4,1407392
2017-09-13,941.0,942.5,920.0,922.8,928206
2017-09-14,926.0,944.5,925.1,933.4,1408304
2017-09-15,930.0,930.0,918.2,923.8,694770
2017-09-18,927.0,937.0,924.6,926.3,637436
2017-09-19,929.1,973.5,925.3,967.0,4438286
2017-09-20,967.0,967.0,925.0,935.7,1591062
2017-09-21,931.0,940.5,901.8,913.2,1568156
2017-09-22,908.5,908.5,850.6,861.6,1806596
2017-09-25,859.9,862.2,825.0,837.0,1835496
2017-09-26,832.6,860.0,824.5,843.1,1540824
2017-09-27,851.4,864.4,815.6,821.8,1738998
2017-09-28,826.0,843.6,812.5,821.7,2367866
2017-09-29,824.5,826.8,781.2,793.0,3808752
2017-10-03,809.4,813.0,793.5,799.9,1205356
2017-10-04,804.0,846.0,795.6,834.4,2895270
2017-10-05,847.5,876.0,841.0,864.6,4561098
2017-10-06,860.5,883.0,855.8,870.0,3196088
2017-10-09,873.0,876.8,848.0,852.3,1314318
2017-10-10,855.0,871.5,850.1,864.9,1054878
2017-10-11,871.5,876.5,838.8,849.6,1497120
2017-10-12,854.0,864.0,835.5,859.9,1870194
2017-10-13,867.0,874.2,853.5,860.6,1230386
2017-10-16,866.5,870.0,854.0,863.9,767698
2017-10-17,872.5,911.7,870.5,889.5,4959650
2017-10-18,873.6,885.0,861.0,865.9,1393004
2017-10-19,862.5,862.5,825.7,845.5,624722
2017-10-23,850.6,867.0,845.1,861.8,1129488
2017-10-24,866.1,884.5,862.3,869.1,1214950
2017-10-25,873.5,881.1,850.6,873.1,1055884
2017-10-26,883.8,900.0,814.5,850.6,3790880
2017-10-27,840.5,866.0,840.5,850.7,1340708
2017-10-30,858.0,860.0,848.8,851.2,566640
2017-10-31,855.0,877.2,852.8,856.8,1568516
2017-11-01,862.5,873.0,857.0,860.2,887890
2017-11-02,865.4,870.2,857.5,859.8,619248
2017-11-03,864.8,873.6,857.7,870.3,640332
2017-11-06,879.0,907.5,877.6,892.3,1963520
2017-11-07,895.0,902.5,867.6,872.4,1224940
2017-11-08,879.0,880.0,863.1,868.2,598312
2017-11-09,874.8,891.0,858.0,883.3,626260
2017-11-10,889.0,889.0,868.6,877.0,809984
2017-11-13,878.5,885.0,839.3,843.0,1286464
2017-11-14,837.5,852.1,825.5,831.4,1434000
2017-11-15,834.5,840.5,820.2,826.8,815138
2017-11-16,833.5,837.4,809.8,814.5,716430
2017-11-17,822.0,834.6,810.8,813.7,800496
2017-11-20,818.9,824.2,807.6,812.0,627344
2017-11-21,815.0,826.7,812.5,817.0,628756
2017-11-22,823.8,823.8,807.5,812.5,439802
2017-11-23,813.5,856.4,812.5,850.6,2339858
2017-11-24,854.5,864.0,833.8,839.4,1553836
2017-11-27,837.8,851.0,830.0,845.7,629610
2017-11-28,845.7,862.5,843.4,849.0,1016630
2017-11-29,852.0,857.0,835.6,839.2,624778
2017-11-30,838.0,838.5,821.3,834.8,1069198
2017-12-01,840.0,847.5,815.6,821.4,752924
2017-12-04,822.5,824.5,799.5,803.3,542808
2017-12-05,785.0,799.5,777.2,782.3,1149190
2017-12-06,781.0,781.0,753.0,756.0,934142
2017-12-07,752.5,791.0,746.8,786.2,1698524
2017-12-08,795.0,802.0,792.5,795.6,1193742
2017-12-11,802.5,806.5,787.5,793.0,714886
2017-12-12,795.5,801.0,775.6,780.4,762518
2017-12-13,780.4,784.0,746.0,750.2,999006
2017-12-14,754.5,759.5,731.0,738.2,1527334
2017-12-15,754.0,757.0,743.4,751.2,1032504
2017-12-18,750.0,763.9,717.2,752.5,1254602
2017-12-19,759.8,796.6,756.0,793.2,2570502
2017-12-20,793.0,799.0,779.0,783.4,1034668
2017-12-21,789.0,793.0,779.9,786.1,619456
2017-12-22,790.4,813.0,781.5,803.2,2255676
2017-12-26,807.3,812.5,798.6,803.4,631142
2017-12-27,801.8,814.5,786.0,794.9,922574
2017-12-28,793.6,802.5,788.5,794.1,788238
2017-12-29,799.5,819.8,796.2,809.1,1186388
2018-01-01,809.1,811.6,795.8,799.4,386264
2018-01-02,803.8,803.8,781.0,787.5,732768
2018-01-03,788.6,801.6,740.4,762.0,3092838
2018-01-04,767.0,774.5,755.2,765.4,1316168
2018-01-05,770.0,778.5,761.8,775.0,805866
2018-01-08,775.0,792.4,775.0,786.2,1035598
2018-01-09,785.0,791.8,776.0,783.5,646194
2018-01-10,780.0,789.7,769.5,777.0,531498
2018-01-11,775.0,789.0,775.0,778.4,493328
2018-01-12,783.5,787.5,765.6,774.5,614524
2018-01-15,782.5,798.0,778.1,787.8,1058776
2018-01-16,790.0,791.5,762.5,765.9,700506
2018-01-17,772.0,774.0,751.5,769.6,601936
2018-01-18,774.0,774.8,746.5,754.4,552006
2018-01-19,755.0,764.1,746.5,756.8,628456
2018-01-22,756.0,761.6,750.2,758.0,433960
2018-01-23,762.4,773.5,756.0,759.4,703356
2018-01-24,765.0,765.0,750.5,753.6,437854
2018-01-25,751.0,756.4,736.5,740.3,588834
2018-01-29,742.4,746.5,727.0,729.0,472298
2018-01-30,727.6,745.2,720.0,739.1,780434
2018-01-31,737.4,744.8,724.2,727.3,478604
2018-02-01,727.5,747.5,716.6,727.9,917538
2018-02-02,722.0,722.2,625.5,641.5,1790352
2018-02-05,623.5,642.4,582.6,631.6,968394
2018-02-06,580.5,615.0,573.0,601.8,1329052
2018-02-07,612.5,632.4,598.4,606.4,1328228
2018-02-08,611.0,628.0,611.0,623.0,885418
2018-02-09,606.0,634.0,594.4,628.1,725038
2018-02-12,632.3,679.9,628.1,673.9,1861726
2018-02-14,675.0,691.5,657.5,660.5,1331716
2018-02-15,673.5,677.4,648.0,651.9,986882
2018-02-16,656.5,665.5,631.6,634.2,993822
2018-02-19,632.5,632.5,609.0,613.5,905700
2018-02-20,610.0,616.0,600.1,611.2,1069394
2018-02-21,619.0,619.0,597.0,602.3,981958
2018-02-22,599.0,610.6,593.4,597.1,1551452
2018-02-23,601.6,619.5,597.5,616.2,1347094
2018-02-26,620.9,633.5,617.0,625.7,915802
2018-02-27,628.5,629.4,613.0,616.2,481680
2018-02-28,611.0,623.7,604.0,617.6,622068
2018-03-01,620.0,629.0,613.5,616.8,810976
2018-03-05,616.0,709.3,602.2,680.2,3709846
2018-03-06,662.5,662.5,620.0,629.6,4080042
2018-03-07,625.0,632.0,590.0,597.9,2421590
2018-03-08,601.0,609.9,555.6,568.6,3563914
2018-03-09,575.0,575.0,543.0,555.3,4501758
2018-03-12,560.0,566.0,545.0,561.3,2858832
2018-03-13,561.3,568.1,550.5,553.3,1757586
2018-03-14,546.5,559.3,542.5,551.8,1697578
2018-03-15,555.0,570.0,545.6,550.2,2156162
2018-03-16,552.0,557.6,530.5,535.7,1730314
2018-03-19,534.2,538.8,506.0,514.6,1785810
2018-03-20,503.5,536.9,497.8,524.6,2712226
2018-03-21,538.5,557.4,533.6,550.1,5105214
2018-03-22,548.0,552.5,536.2,539.8,1659564
2018-03-23,522.5,530.8,515.4,526.3,1854016
2018-03-26,526.3,532.1,517.5,528.2,1091076
2018-03-27,534.5,543.1,530.0,531.9,974066
2018-03-28,521.0,528.8,518.4,522.0,1088684
2018-04-02,526.4,546.0,524.1,541.6,1004718
2018-04-03,537.5,561.0,535.8,557.5,2086056
2018-04-04,564.0,570.5,539.1,541.4,1792204
2018-04-05,550.2,562.5,550.2,558.4,940566
2018-04-06,558.5,569.4,558.4,566.4,1113778
2018-04-09,565.0,581.0,561.2,573.2,1397328
2018-04-10,578.4,581.9,571.1,574.6,903416
2018-04-11,579.5,586.0,575.0,576.7,862442
2018-04-12,575.0,580.0,564.9,568.0,620542
2018-04-13,573.0,576.0,565.0,568.1,577046
2018-04-16,565.0,572.5,559.2,570.1,541806
2018-04-17,574.0,574.7,562.5,565.4,436240
2018-04-18,566.5,568.7,556.0,560.0,535550
2018-04-19,561.8,561.8,550.6,557.8,439570
2018-04-20,555.1,557.2,542.8,546.0,397764
2018-04-23,545.0,546.0,530.7,533.8,609640
2018-04-24,533.5,539.0,526.0,532.4,832590
2018-04-25,533.5,533.5,522.0,524.3,571054
2018-04-26,521.0,522.5,509.0,520.7,811134
2018-04-27,520.0,538.2,520.0,530.3,1081010
2018-04-30,535.1,537.5,528.0,533.1,357084
2018-05-02,533.0,543.4,514.4,520.8,644208
2018-05-03,517.9,518.0,500.6,503.3,649650
2018-05-04,496.5,525.0,485.8,513.3,2755986
2018-05-07,517.6,538.0,512.5,533.2,2326294
2018-05-08,537.2,570.5,536.6,558.5,3658430
2018-05-09,562.5,567.5,543.4,546.4,1300232
2018-05-10,541.0,547.4,519.5,522.0,1096174
2018-05-11,523.0,546.8,513.4,542.6,1555676
2018-05-14,545.2,545.2,521.5,527.1,1029394
2018-05-15,539.5,599.2,525.0,533.6,13971620
2018-05-16,521.2,562.5,518.7,549.2,9665526
2018-05-17,570.0,570.0,545.4,549.7,4186122
2018-05-18,546.6,549.5,505.5,513.7,3442976
2018-05-21,511.0,512.4,470.0,475.9,5084798
2018-05-22,472.2,479.5,455.5,471.4,5962616
2018-05-23,474.0,484.9,460.0,465.9,2787876
2018-05-24,463.5,474.0,461.5,466.3,2000074
2018-05-25,468.4,498.5,467.5,475.7,4862864
2018-05-28,475.5,482.8,462.6,472.2,2475690
2018-05-29,475.1,479.0,468.0,472.6,1509564
2018-05-30,471.5,477.5,465.8,470.3,1279072
2018-05-31,474.4,474.6,460.5,462.6,1515270
2018-06-01,463.0,465.8,438.0,439.6,3153106
2018-06-04,439.0,441.0,429.6,435.3,2744246
2018-06-05,434.0,441.9,415.0,420.7,3189046
2018-06-06,417.5,446.0,413.2,429.5,5682044
2018-06-07,431.7,440.4,431.5,436.6,2041408
2018-06-08,434.0,457.4,431.7,452.4,4660396
2018-06-11,452.5,459.2,439.0,441.0,2702056
2018-06-12,439.5,446.3,429.0,442.7,4233552
2018-06-13,442.5,451.4,437.2,440.1,2463614
2018-06-14,440.5,447.8,437.6,443.7,1824474
2018-06-15,442.5,449.4,432.0,436.7,1795252
2018-06-18,435.8,441.0,432.5,436.4,1135448
2018-06-19,433.4,436.6,428.0,432.0,1067498
2018-06-20,432.5,439.8,428.0,437.2,1011326
2018-06-21,439.2,440.0,426.7,428.8,1026754
2018-06-22,425.8,429.5,420.6,427.0,1227984
2018-06-25,427.5,443.1,424.1,435.4,2394974
2018-06-26,435.0,442.5,431.5,434.0,1871732
2018-06-27,434.2,437.3,416.6,420.2,1219410
2018-06-28,417.5,419.8,396.9,399.3,2434548
2018-06-29,400.0,408.4,387.5,404.6,4176734
2018-07-02,408.7,412.5,398.0,407.3,1899302
2018-07-03,407.3,412.2,401.2,409.6,1707938
2018-07-04,409.0,417.0,405.0,413.0,1528638
2018-07-05,413.0,416.0,403.8,407.0,1070630
2018-07-06,406.0,426.0,404.0,418.5,2345000
2018-07-09,421.0,423.5,415.1,416.8,1240808
2018-07-10,418.6,425.9,418.2,421.8,1119696
2018-07-11,421.9,432.0,417.6,420.6,1862858
2018-07-12,423.5,426.3,407.6,409.6,1425586
2018-07-13,409.2,409.9,397.8,401.1,1462712
2018-07-16,400.0,400.0,380.6,385.8,1511604
2018-07-17,395.0,401.5,390.1,395.4,2427938
2018-07-18,397.0,399.9,380.6,388.6,1329256
2018-07-19,389.5,392.7,376.4,383.5,1260820
2018-07-20,380.6,386.5,375.2,378.0,1162772
2018-07-23,380.7,381.4,368.6,377.8,1382690
2018-07-24,382.0,396.2,378.2,389.8,1790802
2018-07-25,393.4,396.8,381.6,384.2,1281872
2018-07-26,385.0,399.5,382.6,396.4,1744726
2018-07-27,398.5,412.5,396.0,410.3,2432122
2018-07-30,413.5,452.7,413.0,448.6,9633538
2018-07-31,452.0,454.5,438.2,448.9,3952556
2018-08-01,452.7,467.5,450.0,454.3,5131784
2018-08-02,452.8,461.5,443.5,455.1,2977502
2018-08-03,459.4,464.4,452.0,455.9,2364682
2018-08-06,455.9,461.0,451.6,454.6,1412640
2018-08-07,455.5,457.5,431.8,434.3,2477684
2018-08-08,434.2,434.2,409.0,412.6,6586348
2018-08-09,407.5,417.0,400.2,405.1,4630486
2018-08-10,406.0,412.4,402.5,403.9,1752402
2018-08-13,403.8,404.7,391.9,393.9,1605020
2018-08-14,392.8,400.0,388.5,397.0,2016406
2018-08-16,395.0,405.0,393.0,398.0,1706106
2018-08-17,402.2,409.0,398.9,403.7,2267490
2018-08-20,405.5,409.9,403.6,407.0,1128512
2018-08-21,408.5,421.0,407.5,414.8,3051372
2018-08-23,415.5,418.6,406.5,412.1,1445928
2018-08-24,411.0,416.4,402.8,406.6,1289122
2018-08-27,407.6,417.5,406.3,415.8,1828332
2018-08-28,417.5,418.9,408.0,409.8,973704
2018-08-29,408.5,416.8,407.0,411.2,1148250
2018-08-30,411.2,412.5,405.5,409.5,937216
2018-08-31,412.2,427.0,410.8,420.2,3300248
2018-09-03,423.3,435.2,418.5,420.6,2422534
2018-09-04,420.0,422.5,393.9,397.4,2938778
2018-09-05,390.0,395.0,375.2,383.9,5144168
2018-09-06,384.5,394.5,381.5,386.3,2328050
2018-09-07,387.5,390.5,384.0,388.1,1126784
2018-09-10,387.4,393.0,380.2,382.2,1242308
2018-09-11,386.4,388.4,375.6,377.2,1533630
2018-09-12,376.5,377.7,365.5,374.8,2014030
2018-09-14,380.0,385.5,376.6,381.6,1069786
2018-09-17,384.8,389.5,377.6,385.4,1188360
2018-09-18,385.5,391.4,371.8,373.7,1624630
2018-09-19,374.4,376.2,365.6,369.0,1368324
2018-09-21,373.5,374.0,346.0,356.6,1869918
2018-09-24,357.0,357.0,334.0,338.6,1624622
2018-09-25,335.5,339.4,314.4,323.2,2424534
2018-09-26,324.0,336.4,321.1,330.6,2105278
2018-09-27,336.0,336.0,311.0,313.1,1675680
2018-09-28,316.4,318.0,300.4,304.8,2054552
2018-10-01,304.4,304.4,284.0,292.7,2882072
2018-10-03,291.7,313.9,288.0,304.9,3494728
2018-10-04,297.0,311.5,294.6,307.7,2478646
2018-10-05,306.2,312.5,278.0,288.0,2306824
2018-10-08,282.4,287.5,274.0,280.3,2263382
2018-10-09,280.0,284.0,267.0,272.7,2021362
2018-10-10,274.8,295.3,272.4,292.2,2079250
2018-10-11,280.0,298.2,276.5,292.7,2408242
2018-10-12,294.7,303.8,294.3,297.4,2050868
2018-10-15,300.2,315.2,295.0,311.6,2302244
2018-10-16,313.0,317.0,311.0,314.7,1297860
2018-10-17,316.5,319.6,290.3,294.3,2384420
2018-10-19,291.0,297.0,281.5,291.6,1525306
2018-10-22,292.0,296.8,278.0,282.4,1634046
2018-10-23,281.9,284.8,274.0,279.1,1362638
2018-10-24,282.1,287.5,278.1,283.2,1287614
2018-10-25,278.0,281.2,270.2,271.6,1757054
2018-10-26,270.0,271.9,260.6,264.3,2619080
2018-10-29,266.0,283.9,261.5,280.6,2332430
2018-10-30,278.6,297.3,277.8,292.8,2202204
2018-10-31,293.8,298.8,283.6,293.6,1709134
2018-11-01,294.0,319.2,294.0,316.2,3366110
2018-11-02,320.5,348.8,317.9,344.4,5786856
2018-11-05,351.5,366.8,345.2,354.1,9926692
2018-11-06,355.0,361.1,348.4,357.2,3664434
2018-11-07,355.5,360.1,354.4,356.6,350830
2018-11-09,354.6,366.7,353.0,364.6,3448690
2018-11-12,367.0,373.6,357.7,360.3,2844866
2018-11-13,360.0,364.2,350.6,361.6,1750136
2018-11-14,363.2,364.2,349.7,354.6,1776834
2018-11-15,353.0,364.2,350.0,362.6,1859094
2018-11-16,363.9,368.8,346.0,350.2,2593988
2018-11-19,350.0,366.8,349.1,365.2,2770250
2018-11-20,364.0,383.9,359.6,378.0,8207204
2018-11-21,380.0,384.5,372.8,374.8,4037906
2018-11-22,375.2,382.4,370.0,375.4,2916148
2018-11-26,388.5,388.5,379.0,382.3,3778978
2018-11-27,382.3,383.5,376.0,379.4,1403258
2018-11-28,379.0,391.4,377.0,387.6,2958384
2018-11-29,388.8,394.0,381.3,382.5,2343800
2018-11-30,381.5,386.5,372.5,376.4,1587530
2018-12-03,380.2,380.7,371.2,373.8,1239808
2018-12-04,372.8,383.4,372.8,378.6,2197504
2018-12-05,373.7,378.5,363.2,365.8,1465270
2018-12-06,361.0,364.2,348.2,350.7,2757420
2018-12-07,349.0,358.5,344.2,354.5,2503760
2018-12-10,350.6,361.0,341.5,358.0,3082686
2018-12-11,351.3,368.4,342.5,364.0,3686954
2018-12-12,365.0,375.0,365.0,372.7,1828700
2018-12-13,374.0,396.6,374.0,392.8,4137500
2018-12-14,391.8,400.4,387.0,391.9,3407010
2018-12-17,393.4,425.0,389.2,423.2,12605270
2018-12-18,423.4,432.0,418.9,427.8,10838100
2018-12-19,426.2,431.0,421.6,424.4,3217564
2018-12-20,423.5,460.4,421.0,456.7,18898288
2018-12-21,456.7,473.0,440.8,443.7,25122726
2018-12-24,445.0,459.4,432.1,434.9,14044738
2018-12-26,435.6,452.5,426.2,449.9,12053896
2018-12-27,459.0,461.0,447.0,450.0,7978038
2018-12-28,451.6,458.5,449.5,454.2,5853536
2019-01-01,453.5,455.0,445.0,451.7,3289396
2019-01-02,451.5,464.8,447.5,461.4,9025164
2019-01-03,463.8,465.3,440.2,443.3,8116646
2019-01-04,445.0,448.2,430.0,440.3,8134518
2019-01-07,448.0,458.5,439.5,455.4,7584328
2019-01-08,455.3,462.5,452.5,458.5,6524970
2019-01-09,458.5,462.0,448.4,454.4,3807106
2019-01-10,453.0,455.7,449.2,453.4,2376278
2019-01-11,455.2,456.4,443.6,445.9,2937958
2019-01-14,445.0,445.0,436.2,438.0,2958474
2019-01-15,440.7,457.0,440.0,455.3,4679504
2019-01-16,455.8,463.4,454.1,457.0,4918208
2019-01-17,457.5,460.4,442.7,447.6,3533160
2019-01-18,447.8,454.2,441.5,446.0,3219290
2019-01-21,447.4,450.5,442.8,444.6,2191460
2019-01-22,443.6,444.5,433.3,439.1,2703682
2019-01-23,437.5,447.4,435.6,441.6,2892510
2019-01-24,441.0,443.4,433.2,435.4,1915942
2019-01-25,438.2,440.6,420.1,424.3,2885474
2019-01-28,423.5,423.5,404.6,408.6,2629760
2019-01-29,407.5,407.5,387.5,396.6,4765238
2019-01-30,400.0,401.4,391.9,398.2,2808744
2019-01-31,400.0,409.9,392.5,397.1,4198374
2019-02-01,400.9,408.8,395.5,399.6,3305712
2019-02-04,407.0,407.4,392.5,398.4,4108820
2019-02-05,397.4,399.8,376.0,381.8,3995038
2019-02-06,380.0,383.1,362.6,379.2,4686808
2019-02-07,379.2,389.8,378.5,385.8,3399074
2019-02-08,385.4,395.7,376.7,391.9,3500888
2019-02-11,389.0,396.4,380.6,392.6,3166204
2019-02-12,392.5,399.9,377.6,382.6,4000758
2019-02-13,382.5,385.0,376.3,379.4,2392620
2019-02-14,376.0,394.0,376.0,391.2,3288694
2019-02-15,392.4,393.0,382.8,385.0,1911726
2019-02-18,382.5,391.8,380.8,383.8,2059828
2019-02-19,384.1,389.2,375.0,378.3,2667180
2019-02-20,378.5,389.0,378.3,387.0,2820986
2019-02-21,387.0,395.6,387.0,393.2,2626372
2019-02-22,397.0,411.0,397.0,408.8,8037896
2019-02-25,411.4,417.8,408.6,412.4,4931530
2019-02-26,405.0,413.5,397.6,411.6,3325274
2019-02-27,413.2,426.5,411.6,419.6,5696326
2019-02-28,423.0,425.9,415.0,417.6,2529150
2019-03-01,422.0,429.5,419.3,425.5,3361498
2019-03-05,427.5,458.4,425.1,453.9,4777278
2019-03-06,458.5,474.7,451.4,455.3,7423236
2019-03-07,455.3,455.5,438.1,444.2,4590818
2019-03-08,442.5,456.9,437.6,449.2,6996394
2019-03-11,447.5,459.2,447.5,456.4,3362524
2019-03-12,460.0,463.0,450.6,452.5,2834802
2019-03-13,452.5,490.3,446.6,485.8,14893090
2019-03-14,486.5,493.2,476.8,484.9,8351980
2019-03-15,486.5,489.5,479.0,482.6,3646616
2019-03-18,485.0,506.7,484.5,497.6,8369834
2019-03-19,502.2,506.6,492.0,497.0,4738438
2019-03-20,499.6,502.5,486.8,494.6,3882068
2019-03-22,499.4,504.9,480.0,483.0,4371316
2019-03-25,481.0,487.5,470.0,483.8,3988822
2019-03-26,486.7,495.0,485.4,488.6,3484968
2019-03-27,489.0,495.6,477.6,482.9,3174678
2019-03-28,483.0,497.8,482.9,495.8,2715684
2019-03-29,504.5,515.0,501.2,506.3,7125884
2019-04-01,505.0,513.5,499.0,504.4,2304708
2019-04-02,504.3,509.8,497.0,504.2,2832752
2019-04-03,506.2,517.4,497.2,501.4,5125542
2019-04-04,502.4,505.9,490.0,491.4,2684698
2019-04-05,495.9,500.4,491.5,495.2,2260604
2019-04-08,499.2,499.2,478.4,480.8,3020090
2019-04-09,479.5,486.2,473.6,484.3,3333066
2019-04-10,482.6,490.8,481.1,486.4,2471114
2019-04-11,487.0,489.8,482.6,485.2,1619560
2019-04-12,487.4,492.5,485.5,489.2,2112352
2019-04-15,490.5,494.4,484.2,485.0,1422330
2019-04-16,489.0,489.2,481.0,482.5,1416428
2019-04-18,484.9,485.0,474.3,477.7,1799036
2019-04-22,473.5,474.5,457.2,461.9,2071234
2019-04-23,459.0,463.1,440.2,450.8,6396628
2019-04-24,452.2,460.9,452.2,453.2,2864024
2019-04-25,455.0,462.0,448.8,452.2,2693308
2019-04-26,455.2,456.8,445.4,447.8,2013442
2019-04-30,447.5,449.0,434.7,437.1,2003952
2019-05-02,435.0,443.8,429.2,437.5,2251904
2019-05-03,440.0,441.9,434.2,437.4,1312266
2019-05-06,430.1,437.0,425.0,426.6,1307872
2019-05-07,429.8,430.0,415.6,417.7,1502814
2019-05-08,415.7,420.5,412.5,416.1,1529298
2019-05-09,413.5,417.8,406.7,410.8,1487974
2019-05-10,414.8,424.4,411.8,421.5,1900708
2019-05-13,422.5,428.1,393.0,398.0,3939214
2019-05-14,395.6,420.0,391.8,415.6,3235188
2019-05-15,418.5,422.2,410.2,413.1,2885792
2019-05-16,416.5,422.8,406.3,420.2,1959712
2019-05-17,420.2,425.4,413.2,419.6,2125230
2019-05-20,444.8,467.4,433.0,458.0,4664338
2019-05-21,459.5,462.4,445.1,448.7,2687820
2019-05-22,449.9,467.3,444.3,461.2,3678246
2019-05-23,475.0,490.0,463.2,468.5,5163612
2019-05-24,472.0,491.0,471.0,487.8,4818656
2019-05-27,479.0,509.7,475.0,502.0,6541734
2019-05-28,509.0,509.0,493.5,504.7,3633534
2019-05-29,499.1,504.7,489.1,492.2,2050134
2019-05-30,493.8,507.0,487.7,504.3,3461042
2019-05-31,504.5,507.0,481.3,487.0,3897564
2019-06-03,489.0,502.2,482.0,500.0,3225018
2019-06-04,497.6,505.7,490.8,495.4,2733078
2019-06-06,492.8,497.5,476.8,480.3,2045002
2019-06-07,481.9,488.5,470.8,481.1,2592796
2019-06-10,485.9,489.4,472.0,475.7,2057806
2019-06-11,478.5,480.9,470.9,478.4,2091248
2019-06-12,477.5,481.0,456.9,459.7,2820626
2019-06-13,459.7,463.6,446.7,459.0,3081578
2019-06-14,457.9,460.7,445.0,448.0,2975234
2019-06-17,447.0,448.5,431.8,434.4,1964830
2019-06-18,431.4,437.4,425.3,427.6,2341124
2019-06-19,431.4,432.5,388.7,393.7,4970094
2019-06-20,386.5,415.0,378.7,405.8,7487020
2019-06-21,406.5,420.8,401.1,415.2,6396408
2019-06-24,414.8,417.6,405.1,411.8,3376982
2019-06-25,411.0,429.5,407.5,428.2,6111292
2019-06-26,422.5,457.5,420.8,455.6,8898094
2019-06-27,453.2,475.8,448.3,452.5,14789318
2019-06-28,453.4,468.0,450.0,456.0,4906936
2019-07-01,457.2,464.4,453.0,457.2,2130688
2019-07-02,458.7,461.0,451.8,454.4,1516040
2019-07-03,456.8,459.0,451.7,454.0,1028376
2019-07-04,457.5,462.2,456.2,458.2,1773766
2019-07-05,459.9,462.2,451.2,453.6,1439934
2019-07-08,452.4,452.7,435.7,442.3,1390738
2019-07-09,443.0,444.5,432.0,438.7,1778406
2019-07-10,435.0,438.3,424.0,427.1,1093396
2019-07-11,427.4,464.2,427.4,459.6,4976006
2019-07-12,457.9,469.5,446.2,451.8,4793870
2019-07-15,452.5,461.0,447.6,450.4,1743346
2019-07-16,450.5,457.4,446.0,450.1,1308974
2019-07-17,448.9,462.5,446.8,457.1,2389852
2019-07-18,456.9,464.0,453.6,457.0,1927426
2019-07-19,460.0,474.0,455.2,456.0,4291824
2019-07-22,456.0,456.0,443.5,446.5,1027430
2019-07-23,446.7,455.0,436.5,445.0,1117546
2019-07-24,454.5,462.4,445.6,449.0,2402864
2019-07-25,450.2,454.0,442.6,444.5,744120
2019-07-26,447.2,454.5,446.5,450.3,1253176
2019-07-29,451.1,454.6,444.1,447.0,991260
2019-07-30,449.2,452.5,418.6,428.4,1020440
2019-07-31,422.0,428.0,414.0,421.0,1124742
2019-08-01,420.0,429.8,412.5,422.5,1249040
2019-08-02,419.2,425.8,414.6,419.0,1245182
2019-08-05,414.5,415.0,403.6,406.2,846144
2019-08-06,406.8,417.0,406.2,412.0,795280
2019-08-07,412.9,414.2,400.5,403.7,656952
2019-08-08,404.5,409.9,398.5,404.3,700844
2019-08-09,406.5,415.5,405.0,408.0,1075648
2019-08-13,408.0,411.0,349.1,355.7,3011404
2019-08-14,358.4,393.0,356.3,384.4,4902498
2019-08-16,383.0,389.0,372.6,383.7,1468180
2019-08-19,386.4,388.5,377.6,380.0,849296
2019-08-20,380.6,385.9,377.0,383.9,904062
2019-08-21,386.0,386.1,375.8,380.5,722136
2019-08-22,379.0,379.5,360.1,367.6,1321020
2019-08-23,364.5,374.4,356.0,369.3,977800
2019-08-26,379.0,381.8,361.5,375.1,1007290
2019-08-27,377.4,392.2,375.0,387.6,1387974
2019-08-28,389.4,407.5,387.2,400.9,2888600
2019-08-29,401.4,411.0,395.3,400.8,1443950
2019-08-30,398.5,405.0,392.5,395.4,990030
2019-09-03,392.4,393.4,380.6,383.0,731628
2019-09-04,383.0,403.5,382.6,398.0,2385492
2019-09-05,399.2,417.5,397.0,408.3,2653094
2019-09-06,409.0,412.7,402.8,406.6,1200794
2019-09-09,408.5,413.5,405.0,406.7,1052960
2019-09-11,408.0,412.5,405.5,407.7,541990
2019-09-12,409.0,423.5,396.2,405.2,2261212
2019-09-13,407.4,421.0,405.0,419.7,1680392
2019-09-16,422.5,429.0,415.0,417.6,1772854
2019-09-17,416.2,423.4,405.2,407.0,1306922
2019-09-18,410.0,416.0,408.0,413.0,973630
2019-09-19,413.6,415.5,405.0,408.3,530836
2019-09-20,410.0,430.0,408.6,418.1,1698692
2019-09-23,430.0,482.0,424.0,457.6,4104720
2019-09-24,461.0,482.4,455.5,475.8,3494598
2019-09-25,472.5,475.0,446.9,453.8,1634958
2019-09-26,454.5,496.0,454.5,484.9,4143788
2019-09-27,475.5,483.9,467.5,469.9,2064506
2019-09-30,472.8,486.5,464.3,477.4,2212096
2019-10-01,481.4,487.5,462.5,473.1,1934022
2019-10-03,474.5,482.5,465.5,477.7,1260486
2019-10-04,480.2,492.0,467.9,470.6,2128638
2019-10-07,474.8,478.0,465.8,468.6,1128476
2019-10-09,469.5,474.5,465.1,467.4,813874
2019-10-10,465.0,470.7,447.0,453.4,913590
2019-10-11,453.5,461.6,447.6,451.2,903460
2019-10-14,452.0,456.0,442.6,445.3,752796
2019-10-15,445.5,452.8,436.0,439.1,977216
2019-10-16,441.9,455.5,440.0,448.8,1387646
2019-10-17,450.4,459.0,448.8,455.8,1025336
2019-10-18,455.9,481.9,454.6,477.8,2844036
2019-10-22,476.0,494.0,475.0,483.0,1873436
2019-10-23,485.0,488.0,470.0,476.0,625588
2019-10-24,479.0,481.0,465.6,471.3,568578
2019-10-25,473.5,484.0,468.2,473.0,1274336
2019-10-27,474.7,477.4,468.1,472.3,108890
2019-10-29,473.0,509.0,468.3,504.1,3272236
2019-10-30,545.5,554.5,510.0,529.3,5112040
2019-10-31,525.0,532.0,512.8,517.8,1441924
2019-11-01,515.0,530.0,512.5,523.2,1128268
2019-11-04,500.5,512.5,491.7,496.1,1579336
2019-11-05,493.5,499.5,482.5,484.6,1033104
2019-11-06,484.6,492.2,483.9,485.4,642282
2019-11-07,486.2,504.0,486.2,490.4,1631244
2019-11-08,490.0,490.0,478.9,480.8,668678
2019-11-11,482.0,491.8,479.0,489.9,940996
2019-11-13,489.0,489.0,477.9,480.6,683864
2019-11-14,480.5,482.0,472.5,474.8,501810
2019-11-15,476.4,487.4,473.3,476.2,1053186
2019-11-18,477.6,480.8,468.0,470.5,472868
2019-11-19,471.0,473.6,463.0,468.0,534962
2019-11-20,475.0,505.7,474.7,499.0,4813526
2019-11-21,480.0,486.6,475.0,476.2,1152308
2019-11-22,477.0,477.4,467.6,470.2,638676
2019-11-25,470.0,515.0,468.7,505.1,3220524
2019-11-26,507.5,511.5,488.1,492.1,1458890
2019-11-27,491.5,512.0,491.0,508.4,2766752
2019-11-28,501.7,510.0,497.5,500.4,1336876
2019-11-29,505.8,513.5,495.5,498.9,1440148
2019-12-02,497.2,524.5,493.2,518.5,2336408
2019-12-03,525.0,527.5,508.5,512.3,2441630
2019-12-04,507.5,515.0,505.0,508.5,781810
2019-12-05,507.7,514.0,496.0,501.2,861240
2019-12-06,504.4,504.4,488.0,490.5,690054
2019-12-09,493.4,518.0,491.1,516.0,3089320
2019-12-10,516.5,516.5,489.5,492.8,2020952
2019-12-11,493.4,504.5,487.6,491.8,1535730
2019-12-12,494.0,499.8,491.1,493.2,711964
2019-12-13,495.7,502.4,492.5,496.1,992200
2019-12-16,502.0,504.5,495.0,496.6,950512
2019-12-17,498.5,501.0,492.6,493.6,592566
2019-12-18,493.9,497.4,485.3,492.0,714478
2019-12-19,493.8,493.8,486.0,487.9,504364
2019-12-20,489.5,492.4,485.5,487.8,556864
2019-12-23,487.0,499.0,485.6,492.3,1333586
2019-12-24,490.0,493.4,487.8,489.5,470248
2019-12-26,488.0,491.9,482.5,485.3,585180
2019-12-27,486.0,492.4,485.0,486.8,452394
2019-12-30,489.2,498.5,488.0,490.9,1116944
