date,open,high,low,close,volume
2009-03-05,400.0,410.0,400.0,400.35,215
2009-03-06,405.0,405.0,395.0,404.0,80
2009-03-09,414.95,414.95,395.0,400.75,70
2009-03-12,413.95,413.95,395.0,402.75,427
2009-03-13,414.95,414.95,392.6,394.4,858
2009-03-16,391.0,410.0,391.0,401.2,103
2009-03-17,405.0,409.8,394.3,407.4,37
2009-03-18,400.15,401.0,393.0,394.55,140
2009-03-19,425.0,425.0,395.0,398.6,276
2009-03-20,448.0,448.0,390.0,403.35,1569
2009-03-23,410.0,412.95,400.05,410.0,212
2009-03-24,420.0,420.0,395.55,395.65,1249
2009-03-25,399.95,436.5,396.7,414.0,474
2009-03-26,422.0,422.0,396.0,400.3,447
2009-03-27,405.0,418.5,399.5,405.45,680
2009-03-30,406.0,419.0,406.0,418.65,80
2009-03-31,405.0,418.0,405.0,405.0,272
2009-04-01,410.0,420.0,410.0,418.1,303
2009-04-02,426.0,450.0,424.5,439.65,601
2009-04-06,450.0,450.0,448.0,448.0,13
2009-04-08,448.0,459.0,441.0,441.85,419
2009-04-09,499.0,499.0,437.0,457.75,681
2009-04-13,465.0,465.0,441.0,444.15,2469
2009-04-15,450.0,455.0,439.0,447.5,8213
2009-04-16,455.0,455.0,425.0,428.35,1239
2009-04-17,414.4,448.0,414.4,420.3,72
2009-04-20,419.0,446.0,410.0,420.7,812
2009-04-21,424.9,435.0,420.0,421.0,441
2009-04-22,440.0,440.0,421.1,429.0,253
2009-04-23,415.05,440.0,415.05,426.75,136
2009-04-24,437.0,503.55,437.0,463.5,22236
2009-04-27,458.0,496.0,458.0,464.2,38309
2009-04-28,475.8,475.8,435.0,440.5,3417
2009-04-29,431.2,448.8,425.0,429.0,1498
2009-05-04,440.0,444.95,430.05,439.3,1724
2009-05-05,425.5,444.95,425.5,437.6,553
2009-05-06,426.05,440.0,426.05,436.5,949
2009-05-07,430.55,444.5,430.55,435.45,648
2009-05-08,444.0,444.0,431.0,437.95,1883
2009-05-11,440.0,442.0,432.5,434.45,938
2009-05-12,435.0,437.5,430.05,432.0,1056
2009-05-13,430.0,434.8,425.05,431.35,914
2009-05-14,418.0,436.0,418.0,435.0,743
2009-05-15,426.2,445.0,426.2,438.2,620
2009-05-19,460.0,489.0,400.2,478.1,2802
2009-05-20,461.0,489.0,456.35,474.55,1955
2009-05-21,470.0,509.8,466.0,483.35,2675
2009-05-22,483.05,494.9,478.05,484.75,999
2009-05-25,498.0,505.0,484.0,496.5,1304
2009-05-26,495.0,510.0,483.05,491.5,851
2009-05-27,496.0,507.9,478.0,489.35,350
2009-05-28,485.0,506.5,470.0,494.0,485
2009-05-29,490.0,505.0,480.0,489.05,1195
2009-06-01,490.0,510.0,485.0,502.85,1793
2009-06-02,497.0,570.0,497.0,541.15,6616
2009-06-03,530.0,550.0,527.0,539.05,1352
2009-06-04,540.0,550.0,535.0,546.0,413
2009-06-05,550.0,550.0,520.1,522.7,579
2009-06-08,539.0,539.0,505.2,511.45,439
2009-06-09,515.0,520.0,492.0,510.0,154
2009-06-10,506.0,540.0,506.0,525.0,989
2009-06-11,539.9,539.9,492.15,500.0,2781
2009-06-12,529.0,529.0,500.0,517.9,540
2009-06-15,525.35,525.35,500.0,503.7,1556
2009-06-16,503.05,508.0,503.0,507.7,681
2009-06-17,502.0,508.0,501.0,501.05,2247
2009-06-18,500.0,507.95,481.0,500.4,401
2009-06-19,486.0,500.0,485.0,485.0,272
2009-06-22,485.35,500.0,485.35,497.2,418
2009-06-23,499.0,499.0,499.0,499.0,5
2009-06-24,490.05,504.0,490.05,502.3,225
2009-06-25,503.0,539.9,503.0,506.65,1395
2009-06-26,512.0,515.0,506.1,515.0,178
2009-06-29,510.05,524.95,501.25,509.3,630
2009-06-30,518.0,520.0,505.05,508.9,355
2009-07-01,505.05,528.0,490.0,516.3,1412
2009-07-02,514.95,515.0,504.0,506.65,170
2009-07-03,514.95,524.0,505.05,509.8,417
2009-07-06,510.0,535.0,490.0,492.0,1118
2009-07-07,500.0,500.0,488.0,496.35,591
2009-07-08,486.0,495.9,470.0,489.9,418
2009-07-09,481.05,497.95,475.1,479.75,120
2009-07-10,499.4,499.4,485.0,485.05,300
2009-07-13,475.2,504.9,475.2,503.5,652
2009-07-14,515.0,515.0,486.1,494.75,7241
2009-07-15,495.0,506.95,484.0,487.95,6654
2009-07-16,480.1,500.0,480.1,497.8,7641
2009-07-17,500.0,500.0,492.5,498.6,707
2009-07-20,500.0,514.8,491.0,498.0,924
2009-07-21,497.25,497.25,492.0,494.7,392
2009-07-22,493.2,506.0,493.2,501.4,630
2009-07-23,505.0,509.9,494.0,499.6,1835
2009-07-24,482.0,499.95,482.0,495.0,267
2009-07-27,490.0,525.0,490.0,512.5,5225
2009-07-28,519.9,524.0,500.9,515.4,877
2009-07-29,511.0,517.9,511.0,511.5,1151
2009-07-30,520.0,539.0,513.0,530.75,1834
2009-07-31,534.0,535.0,515.0,526.7,666
2009-08-03,554.95,554.95,501.25,517.35,688
2009-08-04,511.15,530.0,511.15,526.35,256
2009-08-05,513.5,530.0,513.5,528.35,422
2009-08-06,516.3,535.0,516.0,520.65,639
2009-08-07,527.0,527.0,495.05,515.0,162
2009-08-10,515.0,523.5,511.0,515.0,1753
2009-08-11,506.1,523.0,505.5,523.0,147
2009-08-12,524.0,524.0,503.1,508.75,176
2009-08-13,510.45,525.0,506.25,514.65,251
2009-08-14,515.0,539.95,513.0,532.0,259
2009-08-17,517.05,525.0,517.05,518.5,39
2009-08-18,504.05,525.0,504.05,515.0,127
2009-08-19,516.0,520.0,516.0,520.0,63
2009-08-20,520.0,550.0,520.0,545.0,1328
2009-08-21,526.0,540.0,523.0,528.15,329
2009-08-24,520.0,535.0,515.05,535.0,336
2009-08-25,518.25,538.0,518.25,533.95,427
2009-08-26,522.05,540.0,519.0,528.0,823
2009-08-27,521.5,530.0,520.0,525.75,1212
2009-08-28,528.0,548.9,528.0,546.95,276
2009-08-31,545.0,550.0,532.25,543.85,577
2009-09-01,544.95,565.0,539.0,544.7,670
2009-09-02,560.0,570.0,542.2,544.25,1023
2009-09-03,508.85,578.0,508.85,570.35,3515
2009-09-04,570.35,578.0,541.25,556.4,374
2009-09-07,553.1,575.05,540.0,562.55,3462
2009-09-08,576.0,585.0,565.0,574.9,4091
2009-09-09,575.5,593.0,575.5,592.75,1516
2009-09-10,590.0,599.95,575.1,589.5,2524
2009-09-11,589.5,604.8,572.0,595.55,1147
2009-09-14,610.0,610.0,556.8,587.3,433
2009-09-15,605.0,607.0,562.15,578.2,357
2009-09-16,580.05,585.0,557.0,562.25,764
2009-09-17,552.1,569.85,552.1,558.4,16
2009-09-18,554.05,577.0,553.1,570.05,1457
2009-09-22,580.0,580.0,564.95,571.0,408
2009-09-23,565.35,578.45,555.5,559.3,496
2009-09-24,540.1,563.0,535.55,560.0,3011
2009-09-25,549.1,565.0,541.1,554.9,580
2009-09-29,570.0,574.7,555.05,568.5,994
2009-09-30,565.8,574.0,564.1,570.0,387
2009-10-01,555.5,562.95,525.45,544.45,817
2009-10-05,542.9,542.9,515.0,528.0,789
2009-10-06,528.0,546.45,501.05,538.05,510
2009-10-07,539.95,545.0,517.0,524.9,324
2009-10-08,532.0,545.8,524.0,530.05,633
2009-10-09,543.0,543.0,526.0,533.2,64
2009-10-12,540.7,546.0,531.0,543.0,118
2009-10-14,545.0,545.0,535.0,538.85,982
2009-10-15,535.1,550.0,535.0,550.0,317
2009-10-16,540.5,569.95,537.0,560.0,1620
2009-10-17,574.0,575.0,551.3,567.8,277
2009-10-20,551.0,580.0,530.85,568.4,1286
2009-10-21,565.0,585.0,565.0,576.95,1344
2009-10-22,565.05,565.05,565.0,565.0,116
2009-10-23,555.5,575.0,555.5,568.15,1466
2009-10-26,580.0,580.0,550.0,559.0,511
2009-10-27,545.1,551.25,545.1,550.35,1025
2009-10-28,559.0,560.0,541.0,555.1,774
2009-10-29,532.55,559.0,532.55,546.2,343
2009-10-30,550.1,550.1,545.05,545.2,988
2009-11-03,550.0,568.0,535.0,550.0,7021
2009-11-04,549.75,553.0,541.0,546.7,2394
2009-11-05,549.5,550.0,545.0,545.0,24
2009-11-06,545.5,549.5,536.6,537.35,54
2009-11-09,541.65,549.75,540.0,542.0,34
2009-11-10,545.0,560.0,545.0,546.0,259
2009-11-11,546.0,546.0,536.0,541.0,159
2009-11-12,556.15,556.15,547.0,555.0,285
2009-11-13,550.0,570.95,545.0,563.15,2687
2009-11-16,565.0,570.0,560.0,561.35,233
2009-11-17,561.65,563.8,530.6,555.25,360
2009-11-18,555.3,567.0,555.0,560.15,1227
2009-11-19,580.15,580.15,543.5,556.25,291
2009-11-20,563.0,569.95,551.0,557.2,226
2009-11-23,579.0,579.0,552.5,557.9,653
2009-11-24,563.5,565.0,555.0,565.0,341
2009-11-25,560.0,570.0,557.1,560.0,187
2009-11-26,560.0,570.0,550.0,560.0,62
2009-11-27,560.0,560.0,541.1,557.35,544
2009-11-30,540.6,590.0,540.6,555.0,1028
2009-12-01,550.1,565.0,550.1,565.0,685
2009-12-02,552.0,588.2,550.0,578.15,545
2009-12-03,563.3,579.45,557.05,564.8,166
2009-12-04,563.0,577.95,550.0,560.5,10960
2009-12-07,569.9,586.35,562.0,568.65,204
2009-12-08,562.0,580.0,560.0,560.0,177
2009-12-09,600.0,609.9,574.0,590.75,81619
2009-12-10,591.0,649.95,590.0,622.55,6544
2009-12-11,583.0,645.9,583.0,633.8,2131
2009-12-14,614.5,633.0,614.5,631.4,1491
2009-12-15,625.0,635.0,612.0,630.05,1170
2009-12-16,606.0,630.0,606.0,624.85,233
2009-12-17,630.0,632.9,630.0,630.0,544
2009-12-18,615.35,635.0,615.35,630.0,598
2009-12-21,616.1,625.0,613.0,614.45,840
2009-12-22,619.0,639.6,601.0,620.35,2290
2009-12-23,609.0,660.0,609.0,639.8,2807
2009-12-24,633.0,655.0,630.25,641.95,279
2009-12-29,640.0,666.0,631.1,650.05,522
2009-12-30,608.0,673.0,607.8,668.75,3644
2009-12-31,668.5,720.0,659.0,702.9,5919
2010-01-04,710.0,787.0,705.0,711.6,9585
2010-01-05,743.5,743.5,684.95,700.0,1749
2010-01-06,695.0,695.0,665.0,675.3,2576
2010-01-07,670.1,680.5,666.0,670.35,454
2010-01-08,666.15,688.8,666.0,674.15,988
2010-01-11,661.5,699.0,661.5,666.75,1251
2010-01-12,660.0,674.8,642.0,662.1,594
2010-01-13,647.0,669.85,635.55,656.05,596
2010-01-14,645.2,684.0,645.0,678.0,613
2010-01-15,678.0,679.0,660.0,660.0,680
2010-01-18,652.1,678.9,652.1,667.75,912
2010-01-19,666.0,678.95,662.0,662.0,521
2010-01-20,655.0,673.35,651.25,660.2,588
2010-01-21,650.2,659.8,646.0,646.25,278
2010-01-22,640.0,649.95,617.0,636.5,891
2010-01-25,630.0,630.0,621.1,622.65,776
2010-01-27,615.0,615.0,579.95,581.65,1046
2010-01-28,595.0,605.95,584.25,590.0,308
2010-01-29,585.0,620.0,560.1,584.5,1392
2010-02-01,580.0,675.0,580.0,584.1,1322
2010-02-02,589.0,606.0,580.25,599.35,490
2010-02-03,600.0,698.0,600.0,640.55,2292
2010-02-04,655.0,661.0,631.0,650.6,1220
2010-02-05,605.55,655.0,605.55,649.75,3233
2010-02-06,680.0,680.0,640.0,649.85,241
2010-02-08,642.0,675.0,640.0,640.0,333
2010-02-09,638.9,663.0,630.0,650.0,390
2010-02-10,640.0,678.0,628.9,631.3,2064
2010-02-11,659.4,659.4,632.1,639.1,135
2010-02-15,640.4,658.0,621.5,628.75,1246
2010-02-16,646.0,646.0,614.05,629.15,2634
2010-02-17,621.0,670.0,621.0,656.45,3851
2010-02-18,657.0,669.4,643.15,656.1,597
2010-02-19,646.4,666.6,640.15,657.9,773
2010-02-22,668.0,689.0,655.45,662.0,2604
2010-02-23,660.05,661.0,653.1,655.9,1277
2010-02-24,665.0,665.0,653.1,655.8,1065
2010-02-25,670.0,670.0,649.0,665.8,476
2010-02-26,641.5,668.0,641.2,658.6,1943
2010-03-02,660.0,672.0,660.0,666.7,285
2010-03-03,655.05,745.25,645.0,690.3,17324
2010-03-04,710.0,726.0,700.0,703.65,4424
2010-03-05,682.1,754.85,681.0,719.75,37864
2010-03-08,739.0,793.6,730.0,740.35,6711
2010-03-09,745.0,745.0,730.0,734.15,995
2010-03-10,764.0,764.0,718.0,729.65,1238
2010-03-11,721.5,732.95,712.0,714.65,1107
2010-03-12,733.0,748.75,702.2,707.8,1992
2010-03-15,707.3,719.9,690.0,696.35,1756
2010-03-16,689.0,710.0,689.0,700.25,993
2010-03-17,695.15,711.0,691.5,694.2,722
2010-03-18,683.0,702.0,683.0,690.55,530
2010-03-19,681.1,709.7,681.1,705.0,1255
2010-03-22,686.1,725.0,686.1,714.3,1409
2010-03-23,712.1,720.0,706.0,707.75,1091
2010-03-25,702.0,730.5,701.0,721.45,1596
2010-03-26,714.0,735.0,710.5,726.25,1026
2010-03-29,730.0,737.95,705.0,716.0,2188
2010-03-30,710.0,729.9,710.0,716.1,246
2010-03-31,706.0,717.0,700.0,711.6,338
2010-04-01,729.85,729.85,703.1,710.9,416
2010-04-05,710.0,728.0,709.0,720.5,1077
2010-04-06,720.0,735.0,712.0,725.55,1173
2010-04-07,715.4,747.95,715.4,737.8,1177
2010-04-08,738.0,765.0,727.1,749.7,3314
2010-04-09,750.0,765.0,741.65,760.3,1860
2010-04-12,764.9,768.9,753.9,754.5,965
2010-04-13,760.0,775.0,740.1,749.6,3075
2010-04-15,756.0,899.55,756.0,899.55,77939
2010-04-16,927.0,1027.9,916.6,955.9,584070
2010-04-19,938.8,947.0,901.6,928.2,157660
2010-04-20,1004.0,1004.0,930.0,944.85,142462
2010-04-21,957.0,957.0,901.1,916.6,39643
2010-04-22,915.0,930.5,894.0,901.05,22969
2010-04-23,911.0,920.0,901.1,911.0,17213
2010-04-26,915.0,915.0,895.0,900.65,4837
2010-04-27,907.0,907.0,871.1,874.0,5353
2010-04-28,869.8,960.0,850.0,932.35,101498
2010-04-29,934.95,950.0,916.05,925.8,15448
2010-04-30,935.5,941.75,895.65,905.55,5322
2010-05-03,915.0,924.95,901.0,905.1,3613
2010-05-04,896.0,914.95,846.0,856.7,7943
2010-05-05,860.0,910.0,830.0,902.2,31716
2010-05-06,910.0,910.0,880.0,891.3,5678
2010-05-07,855.0,897.7,855.0,865.05,2041
2010-05-10,876.0,919.0,870.0,907.2,5694
2010-05-11,898.0,933.0,887.0,918.2,25057
2010-05-12,916.0,927.3,888.0,896.8,2780
2010-05-13,917.7,918.0,867.0,879.0,6086
2010-05-14,895.0,895.0,879.0,890.2,5904
2010-05-17,910.0,915.0,860.0,863.6,1603
2010-05-18,870.0,900.0,867.0,888.3,2979
2010-05-19,876.5,907.9,875.6,893.05,6694
2010-05-20,848.0,900.0,848.0,874.7,1882
2010-05-21,863.05,879.95,863.05,865.85,1588
2010-05-24,867.0,885.0,865.1,865.75,901
2010-05-25,857.0,885.5,857.0,869.95,1975
2010-05-26,869.0,869.0,849.0,858.5,520
2010-05-27,858.0,861.95,825.0,833.25,552
2010-05-28,850.05,880.0,850.05,876.7,2828
2010-05-31,886.9,905.0,870.0,899.6,2411
2010-06-01,911.85,915.0,861.25,877.65,2229
2010-06-02,877.0,890.0,860.0,868.8,968
2010-06-03,877.65,895.0,874.05,890.45,558
2010-06-04,891.0,891.0,871.5,876.1,592
2010-06-07,897.0,916.0,890.0,900.8,9102
2010-06-08,906.0,948.0,905.0,911.6,6384
2010-06-09,944.8,950.0,905.2,906.5,1234
2010-06-10,912.0,925.0,910.0,915.45,3958
2010-06-11,914.0,920.0,895.0,903.05,459
2010-06-14,908.0,928.85,901.0,925.05,1471
2010-06-15,925.05,938.95,909.0,926.2,1433
2010-06-16,939.8,939.8,912.0,922.3,531
2010-06-17,913.0,930.0,902.5,912.5,2015
2010-06-18,903.0,929.9,903.0,916.85,1127
2010-06-21,949.9,958.0,916.0,941.0,8555
2010-06-22,941.0,941.0,915.0,921.65,752
2010-06-23,915.0,944.0,915.0,939.25,835
2010-06-24,912.05,959.0,912.05,950.6,2796
2010-06-25,935.05,975.0,935.05,972.05,7670
2010-06-28,967.85,975.0,940.0,959.3,1274
2010-06-29,947.5,971.0,935.0,943.2,1787
2010-06-30,942.0,952.0,931.0,934.05,681
2010-07-01,940.0,949.0,936.0,944.9,2461
2010-07-02,965.0,965.0,935.25,940.45,455
2010-07-05,930.0,975.0,930.0,962.65,1498
2010-07-06,947.0,978.0,942.0,948.7,1909
2010-07-07,950.0,952.0,940.05,947.9,1507
2010-07-08,960.0,1074.0,958.5,1043.55,37846
2010-07-09,1059.8,1090.0,1030.0,1081.45,31223
2010-07-12,1081.0,1098.0,1062.05,1090.15,5928
2010-07-13,1078.05,1094.95,1051.0,1063.05,2211
2010-07-14,1051.25,1083.5,1051.25,1052.45,929
2010-07-15,1059.0,1060.0,1020.5,1037.5,1794
2010-07-16,1037.5,1080.0,1006.2,1070.5,3529
2010-07-19,1075.0,1110.0,1041.0,1091.2,6039
2010-07-20,1099.0,1101.0,1062.0,1079.45,2073
2010-07-21,1078.0,1125.0,1069.9,1107.4,6371
2010-07-22,1124.0,1124.0,1099.0,1104.8,3999
2010-07-23,1110.0,1159.4,1100.0,1143.05,12498
2010-07-26,1169.0,1169.0,1111.1,1132.1,3670
2010-07-27,1110.0,1140.0,1100.0,1101.4,3449
2010-07-28,1100.0,1200.0,1100.0,1120.0,4112
2010-07-29,1127.9,1128.0,1101.15,1115.7,1758
2010-07-30,1200.0,1200.0,1111.1,1119.65,3523
2010-08-02,1125.0,1145.0,1120.0,1134.15,2676
2010-08-03,1102.0,1151.0,1102.0,1122.3,1380
2010-08-04,1106.55,1147.0,1086.5,1135.15,5952
2010-08-05,1146.0,1150.1,1111.0,1115.05,1166
2010-08-06,1118.0,1129.85,1103.55,1108.5,2142
2010-08-09,1110.05,1139.0,1110.0,1128.1,2445
2010-08-10,1111.1,1129.75,1071.65,1082.45,3928
2010-08-11,1089.95,1131.0,1070.0,1086.3,1959
2010-08-12,1085.0,1090.0,1050.0,1062.85,1065
2010-08-13,1055.1,1087.0,1055.1,1069.65,1229
2010-08-16,1080.0,1089.65,1045.0,1054.75,528
2010-08-17,1058.0,1058.0,1035.3,1040.1,311
2010-08-18,1041.0,1050.0,1003.6,1021.15,1003
2010-08-19,1100.0,1113.0,1002.5,1053.85,7162
2010-08-20,1042.0,1095.0,1031.0,1086.7,3341
2010-08-23,1110.0,1147.0,1075.0,1121.95,28207
2010-08-24,1120.0,1176.0,1111.05,1138.8,2407
2010-08-25,1120.0,1133.0,1100.0,1118.8,1632
2010-08-26,1110.0,1130.0,1101.0,1109.95,517
2010-08-27,1105.0,1137.8,1105.0,1125.95,1603
2010-08-30,1101.15,1138.0,1096.0,1109.95,1930
2010-08-31,1109.95,1110.0,1090.0,1099.25,1168
2010-09-01,1100.0,1118.5,1100.0,1113.4,43913
2010-09-02,1105.5,1148.0,1086.0,1133.05,2556
2010-09-03,1139.5,1180.0,1135.2,1165.75,2572
2010-09-06,1140.1,1169.75,1125.0,1144.15,1368
2010-09-07,1199.9,1230.0,1141.0,1207.75,15337
2010-09-08,1145.0,1238.0,1140.0,1213.45,10088
2010-09-09,1234.0,1234.85,1182.85,1201.45,1915
2010-09-13,1206.0,1211.0,1180.0,1187.65,1074
2010-09-14,1170.45,1209.5,1170.0,1179.7,807
2010-09-15,1152.75,1199.9,1152.75,1176.4,1127
2010-09-16,1219.5,1219.5,1170.1,1186.15,1647
2010-09-17,1204.95,1217.85,1165.2,1202.1,6965
2010-09-20,1155.0,1198.0,1150.0,1155.05,3438
2010-09-21,1146.65,1173.5,1145.0,1145.85,827
2010-09-22,1130.35,1154.6,1130.35,1141.45,1534
2010-09-23,1123.0,1157.8,1120.0,1125.4,297
2010-09-24,1125.1,1140.0,1088.1,1108.5,3433
2010-09-27,1128.35,1128.35,1100.0,1123.5,865
2010-09-28,1110.05,1120.0,1080.0,1099.25,1315
2010-09-29,1100.0,1125.0,1070.0,1087.75,724
2010-09-30,1112.6,1125.0,1070.0,1109.25,327
2010-10-01,1150.0,1162.0,1100.0,1108.85,565
2010-10-04,1099.9,1134.75,1080.35,1082.95,1362
2010-10-05,1091.0,1095.0,1060.4,1089.4,740
2010-10-06,1114.95,1120.05,1100.0,1102.15,676
2010-10-07,1124.9,1124.95,1091.5,1096.15,206
2010-10-08,1085.0,1097.0,1070.0,1092.3,1066
2010-10-11,1092.0,1097.85,1080.05,1086.25,130
2010-10-12,1081.2,1100.0,1081.0,1082.65,365
2010-10-13,1075.2,1099.8,1075.2,1081.2,164
2010-10-14,1099.95,1220.0,1056.1,1064.85,4599
2010-10-15,1058.0,1085.8,1058.0,1061.1,268
2010-10-18,1056.0,1083.8,1040.25,1048.0,357
2010-10-19,1075.8,1075.8,1040.05,1049.85,305
2010-10-20,1069.0,1069.0,1030.25,1036.55,328
2010-10-21,1033.1,1058.9,1033.1,1041.05,777
2010-10-22,1059.95,1079.0,1038.1,1064.6,507
2010-10-25,1139.95,1139.95,1075.25,1087.95,1195
2010-10-26,1090.05,1100.0,1075.0,1077.25,554
2010-10-27,1080.0,1085.0,1055.05,1075.9,1117
2010-10-28,1080.0,1105.0,1066.5,1086.45,1163
2010-10-29,1092.95,1104.95,1072.95,1075.1,1382
2010-11-01,1111.0,1111.0,1070.0,1078.15,827
2010-11-02,1066.1,1092.0,1065.0,1083.35,732
2010-11-03,1087.0,1100.0,1073.4,1081.5,25393
2010-11-04,1100.0,1115.0,1075.0,1088.3,1976
2010-11-05,1110.0,1110.0,1090.6,1096.15,168
2010-11-08,1096.0,1096.0,1070.0,1071.75,1112
2010-11-09,1080.0,1120.0,1060.0,1095.65,539
2010-11-10,1095.65,1119.75,1076.0,1097.7,2067
2010-11-11,1086.5,1115.0,1080.0,1098.7,442
2010-11-12,1080.0,1147.0,1070.7,1076.75,641
2010-11-15,1090.0,1099.95,1075.7,1077.1,130
2010-11-16,1077.7,1078.0,1049.0,1062.65,1177
2010-11-18,1035.35,1078.0,1035.35,1044.95,348
2010-11-19,1038.0,1054.0,1000.1,1018.2,721
2010-11-22,1025.65,1030.0,1003.1,1028.25,245
2010-11-23,1074.0,1074.0,999.0,1007.9,322
2010-11-24,1004.0,1055.0,1001.1,1004.2,459
2010-11-25,1004.05,1020.0,999.0,1001.75,171
2010-11-26,981.0,1017.0,977.0,999.55,1179
2010-11-29,1025.0,1025.0,980.0,996.65,2771
2010-11-30,999.95,999.95,963.0,978.4,1175
2010-12-01,999.95,1000.0,952.5,981.05,3171
2010-12-02,1009.95,1045.0,990.0,997.3,1341
2010-12-03,1000.0,1020.0,1000.0,1000.0,29
2010-12-06,1132.0,1132.0,975.35,981.6,309
2010-12-07,965.1,992.0,965.1,980.3,5639
2010-12-08,979.95,980.0,972.0,975.1,59
2010-12-09,970.0,970.0,882.0,907.9,2988
2010-12-10,880.0,964.7,880.0,951.0,404
2010-12-13,1065.0,1065.0,935.15,984.6,292
2010-12-14,981.0,998.95,980.6,994.45,107
2010-12-15,975.05,1008.0,959.0,1002.25,702
2010-12-16,981.05,1010.0,981.05,1008.9,69
2010-12-20,1016.0,1016.0,973.25,994.9,51
2010-12-21,988.0,1014.0,982.05,1008.7,490
2010-12-22,998.0,1014.0,987.0,1010.4,438
2010-12-23,996.5,1019.95,985.0,1010.0,1258
2010-12-24,1017.0,1017.0,981.15,1017.0,399
2010-12-27,1001.05,1020.0,982.05,1018.7,417
2010-12-28,1008.1,1030.0,1008.1,1028.9,1450
2010-12-29,1035.0,1075.0,1020.05,1056.2,315
2010-12-30,1040.1,1098.8,1040.05,1085.9,6140
2011-01-03,1186.35,1186.35,1111.05,1120.25,6204
2011-01-04,1131.0,1134.0,1090.0,1115.15,3239
2011-01-05,1101.0,1118.95,1095.45,1103.4,716
2011-01-06,1082.0,1130.0,1082.0,1087.9,758
2011-01-07,1062.0,1098.65,1060.0,1061.5,683
2011-01-10,1060.0,1069.0,1000.0,1011.8,701
2011-01-11,1010.0,1029.0,985.0,1009.55,631
2011-01-12,996.2,1055.5,996.2,1048.8,261
2011-01-13,1050.0,1100.0,1010.0,1012.2,215
2011-01-14,1002.0,1044.5,1002.0,1016.6,1314
2011-01-17,1026.95,1026.95,975.4,1007.55,2123
2011-01-18,1005.2,1034.25,993.0,1012.65,522
2011-01-19,1011.0,1029.2,1001.2,1010.25,1180
2011-01-20,1025.0,1033.5,1010.0,1026.2,442
2011-01-21,1020.0,1040.0,1000.0,1013.65,1410
2011-01-24,1089.9,1089.9,1011.55,1015.0,1495
2011-01-25,1015.0,1035.0,962.3,1023.6,711
2011-01-27,1029.0,1040.0,1021.0,1027.45,147
2011-01-28,1060.0,1060.0,998.0,1037.05,859
2011-01-31,981.0,1040.0,981.0,1031.15,156
2011-02-01,1075.0,1110.0,1020.0,1037.8,1125
2011-02-02,1075.0,1075.0,1020.0,1038.2,1238
2011-02-03,1045.0,1049.0,1027.15,1047.45,209
2011-02-04,1037.0,1050.0,1025.0,1037.05,1047
2011-02-07,1050.0,1050.0,1026.35,1048.15,108963
2011-02-08,1035.25,1045.0,1021.0,1038.65,390
2011-02-09,1002.05,1022.05,999.0,1012.05,579
2011-02-10,1001.0,1023.0,975.1,1016.2,455
2011-02-11,1000.0,1020.0,985.0,1014.85,378
2011-02-14,1029.75,1050.0,1007.0,1035.1,700
2011-02-15,1022.1,1049.0,1005.0,1033.45,790
2011-02-16,1033.5,1050.0,1022.05,1039.1,107
2011-02-17,1048.9,1050.0,1029.25,1037.25,297
2011-02-18,1035.0,1050.0,1033.25,1035.85,210
2011-02-21,1011.15,1049.0,1011.15,1034.5,384
2011-02-22,1027.25,1049.8,1027.0,1047.7,68
2011-02-23,1029.0,1048.6,1017.5,1026.25,280
2011-02-24,1020.0,1037.4,996.1,997.6,757
2011-02-25,997.55,1030.0,965.05,1000.6,812
2011-02-28,990.0,1022.0,981.15,995.75,1237
2011-03-01,1006.0,1025.0,1006.0,1009.0,77
2011-03-03,1024.0,1025.0,1009.0,1019.0,1176
2011-03-04,1031.5,1031.5,1007.0,1008.85,20115
2011-03-07,1001.0,1019.9,992.05,999.3,2106
2011-03-08,1022.5,1022.5,1000.0,1005.0,12
2011-03-09,996.15,1015.0,996.15,1005.0,54
2011-03-10,986.0,999.0,974.7,992.35,582
2011-03-11,993.0,998.75,975.0,994.8,206
2011-03-14,988.0,1004.0,988.0,992.5,75
2011-03-15,974.7,1010.0,974.7,989.15,353
2011-03-16,985.0,1019.85,985.0,999.0,2537
2011-03-17,997.95,1000.0,978.05,982.85,190
2011-03-18,988.0,988.0,972.0,974.5,628
2011-03-21,984.0,989.0,976.0,985.6,52
2011-03-22,975.0,999.5,974.0,990.0,31
2011-03-23,999.0,999.0,964.0,977.85,386
2011-03-24,975.5,988.0,971.1,984.8,43
2011-03-25,994.95,1006.45,974.1,1001.65,1166
2011-03-28,1000.0,1015.0,980.0,982.55,520
2011-03-29,1050.0,1050.0,981.0,994.2,223
2011-03-30,982.1,1010.0,982.1,1005.65,612
2011-03-31,1009.0,1015.0,991.45,999.5,194
2011-04-01,1023.95,1050.0,1003.05,1024.35,8563
2011-04-04,1013.05,1147.0,1010.0,1090.0,30412
2011-04-05,1135.0,1199.0,1077.5,1131.0,31261
2011-04-06,1138.0,1187.0,1085.0,1112.45,31995
2011-04-07,1131.0,1334.95,1131.0,1334.95,282083
2011-04-08,1375.3,1477.0,1317.45,1386.45,692094
2011-04-11,1350.0,1438.0,1319.0,1419.9,217405
2011-04-13,1410.0,1468.0,1385.05,1418.35,98719
2011-04-15,1417.0,1445.4,1365.0,1382.95,48251
2011-04-18,1399.05,1408.8,1321.6,1335.95,27818
2011-04-19,1340.0,1347.0,1301.25,1307.25,14733
2011-04-20,1334.0,1434.0,1320.0,1376.3,65272
2011-04-21,1399.4,1465.0,1392.0,1422.85,98426
2011-04-25,1420.0,1506.4,1420.0,1492.45,124285
2011-04-26,1515.0,1550.0,1332.25,1381.45,432029
2011-04-27,1398.75,1559.9,1390.0,1488.15,411855
2011-04-28,1500.05,1529.0,1480.05,1491.25,105801
2011-04-29,1491.0,1511.1,1449.9,1462.9,40080
2011-05-02,1465.85,1477.45,1411.2,1426.95,14926
2011-05-03,1425.95,1474.4,1376.0,1393.0,26507
2011-05-04,1400.0,1408.0,1360.0,1366.85,15862
2011-05-05,1362.0,1421.45,1320.0,1357.55,22615
2011-05-06,1370.0,1393.95,1350.05,1357.8,10200
2011-05-09,1381.55,1381.6,1343.0,1359.8,11272
2011-05-10,1373.95,1393.85,1348.0,1361.3,12917
2011-05-11,1372.35,1372.35,1358.0,1367.2,4608
2011-05-12,1365.05,1421.0,1301.15,1394.9,16491
2011-05-13,1399.0,1454.05,1397.25,1431.8,34664
2011-05-16,1429.85,1449.0,1400.1,1411.15,11158
2011-05-17,1424.0,1425.0,1395.0,1399.45,4479
2011-05-18,1405.9,1405.9,1350.3,1351.3,7276
2011-05-19,1351.3,1384.95,1351.05,1357.9,3358
2011-05-20,1373.85,1375.0,1351.0,1355.6,2622
2011-05-23,1350.4,1360.0,1336.0,1342.25,3007
2011-05-24,1354.95,1389.0,1345.5,1349.3,4102
2011-05-25,1350.1,1373.9,1341.0,1351.1,2161
2011-05-26,1368.8,1373.0,1353.15,1362.75,2966
2011-05-27,1369.2,1374.0,1350.0,1353.25,1649
2011-05-30,1375.0,1375.0,1330.0,1334.7,2324
2011-05-31,1341.0,1360.0,1331.05,1333.8,4578
2011-06-01,1336.05,1347.85,1326.0,1327.95,4284
2011-06-02,1325.0,1325.1,1261.45,1271.85,7050
2011-06-03,1275.0,1310.0,1263.0,1296.6,9642
2011-06-06,1289.0,1339.7,1286.1,1316.7,3521
2011-06-07,1325.0,1340.0,1305.0,1330.1,4336
2011-06-08,1326.2,1350.0,1326.2,1347.05,2715
2011-06-09,1347.0,1359.0,1325.0,1344.1,4602
2011-06-10,1321.0,1395.2,1310.0,1360.95,12372
2011-06-13,1360.0,1379.1,1341.0,1374.7,2805
2011-06-14,1390.1,1410.0,1370.5,1385.05,6266
2011-06-15,1404.35,1425.0,1371.05,1401.2,9855
2011-06-16,1399.95,1422.5,1387.0,1395.6,2796
2011-06-17,1401.0,1412.0,1375.5,1391.75,2117
2011-06-20,1371.0,1390.0,1311.1,1320.15,3419
2011-06-21,1310.0,1359.0,1307.35,1331.05,2605
2011-06-22,1328.7,1339.0,1300.0,1307.0,2022
2011-06-23,1301.0,1310.0,1291.35,1297.4,1188
2011-06-24,1303.05,1349.0,1303.0,1338.05,1272
2011-06-27,1335.0,1368.0,1333.0,1339.3,1273
2011-06-28,1355.0,1375.0,1350.1,1359.75,1872
2011-06-29,1353.85,1374.0,1345.5,1358.0,683
2011-06-30,1367.95,1468.0,1346.35,1423.0,18534
2011-07-01,1438.0,1532.7,1426.0,1488.25,40273
2011-07-04,1490.0,1520.0,1465.0,1505.45,9223
2011-07-05,1500.0,1628.0,1480.0,1603.9,69891
2011-07-06,1619.0,1643.3,1572.2,1593.35,43458
2011-07-07,1599.3,1620.0,1570.0,1604.25,11691
2011-07-08,1599.8,1649.8,1525.0,1560.05,12849
2011-07-11,1577.95,1577.95,1500.1,1509.35,7308
2011-07-12,1502.1,1548.7,1485.0,1496.0,7252
2011-07-13,1519.9,1585.0,1485.05,1573.15,15292
2011-07-14,1551.1,1590.0,1536.05,1556.85,5881
2011-07-15,1569.9,1584.95,1551.2,1569.95,3107
2011-07-18,1582.0,1607.0,1577.05,1601.85,7145
2011-07-19,1610.0,1638.0,1572.0,1583.55,17390
2011-07-20,1610.0,1687.0,1592.25,1606.35,34780
2011-07-21,1603.8,1665.0,1603.8,1620.1,8162
2011-07-22,1642.0,1654.9,1626.0,1636.35,4797
2011-07-25,1649.9,1649.9,1508.8,1610.0,1738
2011-07-26,1638.0,1648.7,1570.25,1616.1,5667
2011-07-27,1635.0,1635.0,1593.05,1602.35,1624
2011-07-28,1615.0,1630.0,1591.0,1600.45,3973
2011-07-29,1600.25,1616.0,1581.35,1588.2,1331
2011-08-01,1572.0,1615.0,1561.0,1594.55,3217
2011-08-02,1595.0,1649.75,1571.0,1620.9,4973
2011-08-03,1616.0,1635.0,1585.1,1593.85,5391
2011-08-04,1592.0,1606.0,1575.0,1581.55,1131
2011-08-05,1550.0,1579.6,1510.0,1547.6,4617
2011-08-08,1536.0,1536.0,1480.0,1495.65,2359
2011-08-09,1485.0,1519.0,1455.0,1462.9,6176
2011-08-10,1500.0,1600.0,1469.95,1577.6,48206
2011-08-11,1565.0,1836.0,1546.05,1762.65,73414
2011-08-12,1788.0,1790.0,1661.0,1683.7,18852
2011-08-16,1723.7,1750.0,1625.0,1648.45,11430
2011-08-17,1664.0,1698.0,1610.0,1663.3,4242
2011-08-18,1670.0,1679.8,1645.55,1657.25,2804
2011-08-19,1650.0,1677.0,1550.0,1570.9,4249
2011-08-22,1573.0,1679.25,1550.0,1629.1,6442
2011-08-23,1664.0,1688.8,1605.0,1633.1,4308
2011-08-24,1611.0,1733.1,1610.4,1622.5,7676
2011-08-25,1630.0,1673.0,1610.1,1622.25,867
2011-08-26,1626.0,1660.0,1590.1,1608.2,3767
2011-08-29,1619.0,1694.0,1614.95,1620.95,2050
2011-08-30,1629.0,1646.95,1612.25,1628.1,2342
2011-09-02,1649.9,1679.0,1611.0,1634.0,1859
2011-09-05,1640.0,1764.0,1618.0,1676.5,16689
2011-09-06,1685.0,1735.0,1681.05,1694.35,2563
2011-09-07,1695.0,1738.95,1675.0,1681.6,3823
2011-09-08,1676.0,1699.0,1666.4,1686.0,1480
2011-09-09,1709.0,1718.95,1672.1,1679.35,1463
2011-09-12,1655.0,1685.0,1655.0,1677.95,682
2011-09-13,1680.0,1690.0,1657.05,1662.6,721
2011-09-14,1690.0,1690.0,1655.15,1662.4,669
2011-09-15,1679.0,1699.0,1655.4,1665.0,2726
2011-09-16,1685.0,1705.0,1639.95,1667.95,2573
2011-09-19,1659.95,1727.0,1632.0,1679.9,2919
2011-09-20,1709.0,1709.0,1667.35,1673.45,3209
2011-09-21,1692.25,1692.25,1661.2,1668.85,1125
2011-09-22,1669.7,1680.0,1637.0,1641.0,1078
2011-09-23,1680.0,1680.0,1622.0,1628.15,819
2011-09-26,1622.1,1655.75,1600.0,1647.6,4179
2011-09-27,1655.0,1656.75,1635.0,1641.8,2160
2011-09-28,1630.15,1649.0,1611.1,1624.25,665
2011-09-29,1624.25,1624.25,1591.15,1600.65,1149
2011-09-30,1623.8,1650.0,1600.0,1610.85,2045
2011-10-03,1591.0,1615.0,1580.0,1584.0,1118
2011-10-04,1590.2,1635.0,1560.05,1572.5,4476
2011-10-05,1596.0,1617.95,1565.45,1570.7,1766
2011-10-07,1600.0,1608.0,1560.25,1565.95,871
2011-10-10,1570.1,1599.9,1562.0,1574.1,739
2011-10-11,1580.1,1603.9,1575.0,1580.35,3226
2011-10-12,1556.05,1597.6,1556.05,1583.1,525
2011-10-13,1565.1,1609.0,1560.0,1565.8,2400
2011-10-14,1571.1,1625.0,1571.1,1601.4,10061
2011-10-17,1650.0,1650.0,1590.0,1598.5,650
2011-10-18,1618.0,1618.0,1571.5,1588.05,1877
2011-10-19,1600.0,1601.0,1585.0,1587.85,1469
2011-10-20,1598.4,1620.0,1575.0,1597.65,734
2011-10-21,1600.0,1645.0,1600.0,1625.8,7170
2011-10-24,1632.2,1670.0,1580.05,1585.35,3152
2011-10-25,1595.0,1599.7,1570.0,1584.6,370
2011-10-26,1600.0,1615.0,1591.0,1603.5,484
2011-10-28,1630.0,1630.0,1583.0,1587.9,2361
2011-10-31,1585.1,1615.0,1562.6,1609.65,1463
2011-11-01,1628.0,1676.0,1569.9,1580.25,3996
2011-11-02,1605.0,1621.0,1552.0,1563.55,1756
2011-11-03,1577.2,1594.95,1575.0,1588.0,670
2011-11-04,1585.0,1585.0,1565.2,1572.75,1222
2011-11-08,1570.0,1599.4,1569.95,1571.7,10131
2011-11-09,1616.0,1616.0,1583.4,1585.6,13930
2011-11-11,1562.15,1597.0,1560.0,1590.3,1305
2011-11-14,1598.0,1598.0,1555.15,1565.05,7905
2011-11-15,1561.95,1565.25,1489.1,1532.15,5598
2011-11-16,1539.95,1548.95,1476.6,1522.75,8535
2011-11-17,1525.0,1543.75,1500.0,1505.55,1389
2011-11-18,1500.0,1501.0,1449.0,1488.8,2961
2011-11-21,1470.0,1490.0,1450.0,1456.15,1359
2011-11-22,1451.15,1490.0,1450.0,1478.8,1555
2011-11-23,1469.95,1492.6,1456.0,1468.5,1642
2011-11-24,1470.0,1489.0,1450.0,1471.3,2945
2011-11-25,1471.15,1485.0,1443.15,1450.0,3273
2011-11-28,1539.0,1539.0,1425.0,1434.85,2777
2011-11-29,1450.0,1450.0,1405.0,1407.3,1642
2011-11-30,1455.0,1455.0,1380.0,1387.85,1616
2011-12-01,1423.0,1448.95,1398.0,1410.55,1377
2011-12-02,1401.0,1458.0,1401.0,1430.05,1264
2011-12-05,1415.5,1439.0,1411.7,1430.65,380
2011-12-07,1447.9,1472.0,1435.0,1460.15,2685
2011-12-08,1455.0,1523.95,1450.0,1490.65,3670
2011-12-09,1487.0,1510.0,1475.05,1502.4,1686
2011-12-12,1500.0,1510.0,1470.0,1487.05,843
2011-12-13,1472.0,1489.75,1444.05,1472.3,1025
2011-12-14,1484.0,1520.0,1470.0,1499.55,80020
2011-12-15,1481.0,1530.0,1481.0,1522.65,2006
2011-12-16,1525.0,1525.0,1462.1,1478.3,3702
2011-12-19,1500.0,1500.0,1450.0,1457.8,608
2011-12-20,1457.1,1457.5,1435.0,1446.45,355
2011-12-21,1450.1,1456.0,1432.95,1437.95,410
2011-12-22,1435.0,1480.0,1418.6,1466.75,938
2011-12-23,1475.0,1508.0,1453.0,1486.05,2634
2011-12-26,1466.55,1495.0,1466.55,1494.15,120
2011-12-27,1497.9,1510.0,1494.0,1499.45,1049
2011-12-28,1499.9,1506.0,1491.1,1497.15,1822
2011-12-29,1480.0,1570.0,1471.0,1544.7,3253
2011-12-30,1560.0,1602.95,1529.9,1583.05,2929
2012-01-02,1575.0,1600.0,1562.9,1590.2,170
2012-01-03,1599.0,1624.4,1585.0,1595.4,2187
2012-01-04,1624.0,1624.0,1590.0,1595.5,205
2012-01-05,1603.65,1603.65,1580.1,1585.65,247
2012-01-06,1595.95,1595.95,1560.0,1582.5,273
2012-01-07,1565.15,1598.95,1565.15,1580.5,28
2012-01-09,1585.0,1593.8,1570.0,1575.65,305
2012-01-10,1580.0,1610.0,1580.0,1598.5,1386
2012-01-11,1600.0,1620.0,1582.0,1589.8,3671
2012-01-12,1604.95,1608.0,1582.0,1589.95,2695
2012-01-13,1554.6,1630.0,1554.6,1615.5,3794
2012-01-16,1629.9,1630.0,1605.05,1624.5,1185
2012-01-17,1629.95,1734.0,1629.95,1692.7,8921
2012-01-18,1729.9,1744.0,1646.0,1683.8,12983
2012-01-19,1689.9,1689.9,1660.0,1668.4,778
2012-01-20,1668.1,1694.95,1668.0,1688.6,6049
2012-01-23,1668.6,1699.0,1668.6,1684.55,1151
2012-01-24,1700.0,1703.0,1665.0,1695.45,2052
2012-01-25,1700.0,1770.0,1699.95,1748.25,6742
2012-01-27,1750.0,1755.0,1720.0,1732.7,465
2012-01-30,1750.0,1750.0,1677.0,1682.1,1477
2012-01-31,1680.0,1712.7,1656.65,1674.25,11916
2012-02-01,1640.0,1680.0,1602.25,1667.6,4324
2012-02-02,1650.5,1690.0,1650.5,1668.75,826
2012-02-03,1652.0,1682.5,1651.2,1669.85,511
2012-02-06,1651.05,1707.0,1650.0,1682.45,2136
2012-02-07,1700.0,1700.0,1674.0,1680.5,2051
2012-02-08,1670.0,1698.95,1667.0,1679.8,561
2012-02-09,1671.1,1695.0,1642.0,1679.8,6013
2012-02-10,1690.0,1739.0,1680.05,1687.3,1015
2012-02-13,1687.0,1765.0,1685.0,1750.2,6405
2012-02-14,1768.0,1769.95,1710.5,1757.8,3424
2012-02-15,1750.0,1915.0,1731.1,1840.9,16673
2012-02-16,1849.0,1849.0,1760.05,1820.05,1081
2012-02-17,1848.0,1848.0,1752.0,1768.9,1916
2012-02-21,1795.95,1795.95,1742.25,1750.85,2817
2012-02-22,1789.95,1790.0,1742.0,1769.3,2089
2012-02-23,1752.0,1850.0,1749.55,1827.1,2745
2012-02-24,1830.0,1951.4,1827.3,1902.35,19729
2012-02-27,1883.0,1940.0,1830.0,1849.7,11615
2012-02-28,1873.0,1890.0,1846.05,1868.6,1825
2012-02-29,1895.0,2035.0,1875.0,1906.0,18845
2012-03-01,1924.0,1960.0,1890.0,1910.55,2724
2012-03-02,1920.0,1949.9,1880.0,1897.25,3882
2012-03-03,1918.0,2001.25,1917.0,1990.25,5035
2012-03-05,2010.0,2044.0,1960.0,1975.65,5606
2012-03-06,1974.0,2020.0,1912.65,1928.6,4021
2012-03-07,1963.95,1963.95,1875.0,1902.8,2910
2012-03-09,1930.0,1970.0,1905.0,1942.4,2652
2012-03-12,1940.0,1970.0,1930.1,1941.65,711
2012-03-13,1940.1,2008.0,1933.15,1960.25,19998
2012-03-14,1986.0,1986.0,1931.25,1946.25,756
2012-03-15,1948.0,1948.0,1880.0,1902.1,3387
2012-03-16,1910.0,1929.0,1902.05,1908.25,626
2012-03-19,1937.0,1937.0,1885.0,1897.7,529
2012-03-20,1925.0,1946.95,1908.05,1937.8,2912
2012-03-21,1940.0,1988.0,1902.6,1952.7,2249
2012-03-22,1950.0,1975.0,1922.0,1923.95,479
2012-03-23,1920.0,1944.4,1919.0,1937.85,309
2012-03-26,1940.0,1940.0,1900.0,1908.5,27123
2012-03-27,1901.0,1910.0,1875.0,1898.95,2445
2012-03-28,1900.0,1920.0,1851.1,1872.0,2283
2012-03-29,1900.0,1929.0,1891.4,1927.65,1180
2012-03-30,1901.05,2000.0,1901.05,1988.3,7315
2012-04-02,1975.0,2005.75,1962.0,1993.85,2081
2012-04-03,1999.0,2005.0,1985.1,2000.0,2451
2012-04-04,2000.0,2000.0,1980.0,1997.3,20892
2012-04-09,1975.0,2011.0,1966.0,2002.3,1971
2012-04-10,2009.95,2099.0,1985.0,2072.05,4980
2012-04-11,2056.0,2078.95,2032.5,2058.0,590
2012-04-12,2032.5,2096.9,1990.0,2080.3,4266
2012-04-13,2099.0,2189.8,2092.05,2145.95,16257
2012-04-16,2142.0,2192.95,2070.0,2175.75,3962
2012-04-17,2210.0,2210.0,2129.95,2156.25,3165
2012-04-18,2190.0,2193.0,2123.15,2176.0,3337
2012-04-19,2150.0,2205.0,2140.15,2164.25,8627
2012-04-20,2135.15,2187.85,2135.15,2161.35,1928
2012-04-23,2183.7,2183.7,2150.0,2160.9,1555
2012-04-24,2105.05,2170.0,2050.3,2105.75,27721
2012-04-25,2100.0,2135.0,1962.0,2105.6,14684
2012-04-26,2034.05,2100.0,2015.0,2078.8,5637
2012-04-27,2031.0,2065.0,1981.0,1994.2,1556
2012-04-28,1970.0,2009.45,1970.0,1986.55,517
2012-04-30,2009.95,2014.0,1965.0,1981.5,1146
2012-05-02,1960.2,1999.85,1920.0,1962.65,5226
2012-05-03,1975.0,2018.75,1951.1,2002.05,31368
2012-05-04,2002.05,2010.0,1881.0,1948.95,11398
2012-05-07,1925.0,1969.9,1900.0,1949.35,3061
2012-05-08,1925.15,1991.05,1925.0,1978.45,5387
2012-05-09,1951.0,1984.9,1932.95,1960.3,13049
2012-05-10,1950.0,2000.0,1940.0,1985.45,2353
2012-05-11,1960.35,1983.95,1930.65,1954.35,7551
2012-05-14,1940.0,1983.0,1911.25,1956.5,4489
2012-05-15,1945.1,2021.0,1937.55,2007.6,2764
2012-05-16,2039.95,2164.7,1980.15,2127.2,8254
2012-05-17,2127.0,2158.45,2056.45,2083.3,1217
2012-05-18,2091.0,2131.95,2050.0,2066.1,922
2012-05-21,2082.0,2088.95,2030.05,2069.7,1433
2012-05-22,2100.0,2100.0,2060.0,2060.0,286
2012-05-23,2045.0,2095.15,2040.0,2052.0,252
2012-05-24,2036.0,2074.75,2001.15,2014.65,1279
2012-05-25,2035.0,2072.0,2001.0,2052.1,924
2012-05-28,2084.95,2085.0,2030.0,2040.5,847
2012-05-29,2045.0,2089.65,2030.0,2050.2,2641
2012-05-30,2050.0,2090.0,2030.0,2053.4,2693
2012-05-31,2026.0,2026.0,1963.25,1971.25,4842
2012-06-01,1960.0,1997.0,1889.05,1914.4,5254
2012-06-04,1905.0,1940.0,1853.25,1909.05,2446
2012-06-05,1999.0,1999.0,1863.0,1907.95,1463
2012-06-06,1907.3,1948.95,1886.0,1935.6,1170
2012-06-07,1976.45,1976.45,1915.0,1967.4,791
2012-06-08,1980.0,1988.9,1930.0,1942.25,317
2012-06-11,1950.0,1970.15,1911.2,1941.3,1338
2012-06-12,2000.0,2000.0,1921.1,1977.5,892
2012-06-13,1984.95,1999.95,1951.0,1982.2,1841
2012-06-14,1962.0,1994.95,1950.0,1976.8,2094
2012-06-15,1979.0,2018.9,1978.05,2002.95,715
2012-06-18,2010.0,2019.6,1967.1,1978.95,1183
2012-06-19,2028.8,2028.8,1975.0,1981.05,127
2012-06-20,1999.0,2040.0,1976.15,1989.75,48180
2012-06-21,1985.0,1999.8,1870.05,1897.7,5540
2012-06-22,1939.65,1939.65,1890.0,1904.75,916
2012-06-25,1923.65,1936.65,1881.25,1895.55,1045
2012-06-26,1900.1,1915.65,1875.05,1887.85,438
2012-06-27,1919.65,1930.0,1895.0,1925.4,1316
2012-06-28,1925.0,1943.0,1915.0,1937.2,897
2012-06-29,1930.0,1997.0,1925.0,1976.6,1145
2012-07-02,1980.0,2009.95,1971.0,1997.0,914
2012-07-03,1985.1,2020.15,1982.0,1998.8,1923
2012-07-04,2000.0,2025.0,1977.25,2011.1,453
2012-07-05,2165.0,2165.0,1980.1,2011.35,1630
2012-07-06,1975.0,2035.0,1975.0,2021.0,2160
2012-07-09,1999.95,2024.0,1955.55,2012.85,898
2012-07-10,2024.0,2059.0,1952.0,2034.75,6229
2012-07-11,2019.95,2044.0,2009.95,2025.8,124
2012-07-12,2009.95,2034.95,1952.0,1980.05,1725
2012-07-13,2024.0,2024.0,1952.0,1958.45,553
2012-07-16,2040.0,2040.0,1945.0,1950.35,242
2012-07-17,1999.95,1999.95,1925.05,1949.85,234
2012-07-18,1974.8,1974.8,1931.15,1940.4,450
2012-07-19,1951.0,1968.95,1942.0,1945.45,595
2012-07-20,1954.8,1975.0,1925.0,1939.1,193
2012-07-23,1949.8,1949.8,1926.0,1936.9,53
2012-07-24,1950.9,1989.95,1905.25,1960.9,1947
2012-07-25,1963.1,1963.1,1925.05,1944.25,531
2012-07-26,1935.0,1959.85,1910.0,1930.2,296
2012-07-27,1945.0,1959.9,1900.0,1913.25,392
2012-07-30,1905.05,1986.85,1905.0,1967.5,945
2012-07-31,1947.95,1985.0,1930.0,1963.0,990
2012-08-01,1927.15,2020.95,1927.15,1978.5,1180
2012-08-02,1975.0,1989.95,1961.0,1971.45,81
2012-08-03,1964.95,2015.0,1951.5,1982.55,728
2012-08-06,1982.0,2038.0,1950.7,2012.25,1933
2012-08-07,2014.85,2037.7,1975.0,2016.15,1123
2012-08-08,2035.0,2049.0,2000.0,2025.55,881
2012-08-09,1992.0,2029.7,1990.0,2002.4,301
2012-08-10,2028.95,2028.95,1991.0,2011.5,352
2012-08-13,1990.3,2010.05,1976.0,1996.75,1010
2012-08-14,2039.95,2039.95,1976.0,2018.85,849
2012-08-16,2020.0,2029.95,1975.0,2010.05,67
2012-08-17,2000.0,2024.0,1981.55,2019.85,152
2012-08-21,2000.0,2075.0,1984.05,2038.25,1366
2012-08-22,2042.2,2083.95,2000.3,2026.0,162
2012-08-23,2020.25,2068.5,2020.25,2032.4,170
2012-08-24,2012.05,2025.0,1975.0,1984.25,1798
2012-08-27,1985.15,2010.05,1951.0,1971.0,1149
2012-08-28,1980.0,1988.0,1950.0,1950.5,224
2012-08-29,1999.95,1999.95,1930.0,1974.95,807
2012-08-30,1959.95,1980.0,1936.55,1975.65,253
2012-08-31,1955.05,1985.0,1955.05,1979.25,964
2012-09-03,1975.0,1985.0,1885.75,1906.3,5253
2012-09-04,1780.0,1830.0,1525.05,1683.4,123253
2012-09-05,1686.1,1740.0,1651.75,1687.7,38447
2012-09-06,1702.7,1720.0,1688.35,1709.2,6324
2012-09-07,1720.1,1734.55,1700.05,1715.25,3916
2012-09-08,1383.0,1712.0,1383.0,1702.5,355
2012-09-10,1700.0,1748.95,1696.05,1737.1,32748
2012-09-11,1710.05,1739.85,1710.05,1731.0,1326
2012-09-12,1714.0,1739.3,1714.0,1730.8,1108
2012-09-13,1725.05,1734.0,1701.0,1710.6,1163
2012-09-14,1722.25,1730.0,1690.0,1703.25,816
2012-09-17,1699.95,1743.95,1681.05,1703.15,1255
2012-09-18,1700.0,1729.9,1675.1,1710.6,21301
2012-09-20,1715.55,1720.0,1693.95,1705.15,866
2012-09-21,1695.05,1719.0,1684.0,1692.25,803
2012-09-24,1700.05,1713.2,1671.45,1707.75,4230
2012-09-25,1719.95,1734.0,1701.0,1720.35,2635
2012-09-26,1728.95,1749.0,1726.75,1737.5,2523
2012-09-27,1730.05,1733.05,1686.0,1698.0,2607
2012-09-28,1690.0,1740.0,1644.1,1720.3,606
2012-10-01,1703.0,1747.0,1703.0,1729.25,1697
2012-10-03,1750.0,1756.0,1710.5,1721.85,568
2012-10-04,1730.05,1768.0,1730.0,1754.35,1264
2012-10-05,1730.0,1770.0,1721.15,1751.65,1029
2012-10-08,1725.2,1768.0,1725.0,1735.45,505
2012-10-09,1745.8,1750.05,1700.0,1705.25,1486
2012-10-10,1705.5,1719.9,1705.0,1711.7,685
2012-10-11,1710.0,1725.0,1700.0,1713.6,2391
2012-10-12,1735.95,1760.0,1710.0,1754.0,2512
2012-10-15,1749.95,1750.0,1725.1,1739.7,166
2012-10-16,1732.0,1770.0,1732.0,1760.4,1240
2012-10-17,1794.0,1794.0,1742.0,1757.25,1266
2012-10-18,1761.9,1785.0,1755.0,1772.45,1010
2012-10-19,1779.7,1779.95,1745.0,1758.45,782
2012-10-22,1748.0,1780.0,1748.0,1774.35,936
2012-10-23,1753.05,1769.95,1750.0,1754.0,4084
2012-10-25,1759.95,1759.95,1740.0,1741.5,369
2012-10-26,1784.85,1784.9,1745.0,1751.15,235
2012-10-29,1740.0,1774.0,1739.95,1765.5,1059
2012-10-30,1765.0,1770.0,1670.0,1737.35,2967
2012-10-31,1727.5,1766.15,1726.0,1742.45,837
2012-11-01,1733.3,1740.0,1701.1,1707.8,1506
2012-11-02,1749.9,1749.9,1707.0,1713.65,886
2012-11-05,1700.0,1723.65,1680.0,1687.75,666
2012-11-06,1801.0,1801.0,1670.0,1678.3,1346
2012-11-07,1697.9,1725.0,1690.0,1704.65,603
2012-11-08,1712.4,1712.4,1690.25,1704.95,35
2012-11-09,1700.0,1709.0,1675.0,1683.3,801
2012-11-12,1671.2,1714.9,1671.2,1683.15,200
2012-11-13,1697.95,1708.5,1665.0,1689.45,337
2012-11-15,1699.9,1710.0,1680.05,1695.05,211
2012-11-16,1675.1,1717.85,1675.0,1690.15,1037
2012-11-19,1677.2,1714.45,1677.2,1684.4,265
2012-11-20,1680.15,1700.0,1672.25,1674.95,490
2012-11-21,1717.95,1724.95,1687.05,1716.3,1248
2012-11-22,1600.0,2059.55,1600.0,2059.55,249062
2012-11-23,2012.0,2091.4,1875.1,1989.8,440916
2012-11-26,2000.5,2060.0,1949.25,2003.15,99896
2012-11-27,2009.5,2037.75,1981.0,1994.35,38799
2012-11-29,1960.0,2028.0,1705.85,1979.55,26097
2012-11-30,1978.0,1999.0,1938.5,1968.65,14009
2012-12-03,1925.15,1959.0,1920.0,1930.0,12381
2012-12-04,1910.0,1989.0,1910.0,1970.65,13526
2012-12-05,1979.95,2009.0,1958.0,1999.45,7285
2012-12-06,2030.0,2049.0,1975.0,2026.5,11298
2012-12-07,2048.0,2060.05,2001.0,2022.3,1818
2012-12-10,1986.05,2027.95,1984.0,2022.0,3939
2012-12-11,2010.1,2024.95,2010.1,2017.45,1159
2012-12-12,2025.8,2034.65,2001.0,2006.2,2912
2012-12-13,1978.8,2014.9,1978.8,1998.25,1246
2012-12-14,1980.0,2049.0,1980.0,2041.6,1846
2012-12-17,2027.35,2040.0,2005.05,2024.75,697
2012-12-18,2000.0,2139.95,2000.0,2094.15,12731
2012-12-19,2093.0,2107.9,2064.0,2074.2,11286
2012-12-20,2050.0,2087.9,2040.0,2049.2,1010
2012-12-21,2060.0,2060.0,2025.0,2034.1,121
2012-12-24,2008.65,2050.0,2005.5,2027.3,722
2012-12-26,2049.95,2049.95,1944.95,2018.05,3832
2012-12-27,2018.05,2028.0,2002.0,2007.75,92
2012-12-28,2000.0,2049.95,1972.0,2001.5,2670
2013-01-01,2035.05,2057.0,2015.25,2037.4,2247
2013-01-02,2077.0,2077.0,2030.95,2038.7,528
2013-01-03,2074.8,2134.95,2036.05,2076.1,17265
2013-01-04,2100.0,2149.0,2007.1,2061.8,8396
2013-01-07,2074.9,2085.4,2031.1,2038.5,8185
2013-01-08,2079.9,2080.0,2036.1,2039.6,446
2013-01-09,2079.9,2093.6,2025.15,2036.7,618
2013-01-10,2016.15,2070.0,2010.0,2022.1,2302
2013-01-11,2045.0,2050.0,2019.1,2027.3,1644
2013-01-14,2030.0,2045.05,2010.05,2017.6,39098
2013-01-15,2025.05,2044.95,1985.0,1996.55,1486
2013-01-16,2024.95,2024.95,2000.0,2000.35,315
2013-01-17,1999.2,2036.0,1985.0,2031.75,635
2013-01-18,2010.15,2020.0,1995.0,2001.65,600
2013-01-21,1982.0,2024.0,1971.45,1979.9,668
2013-01-22,1980.05,2020.0,1960.0,1974.8,1063
2013-01-23,1990.0,2019.0,1965.0,1983.5,1159
2013-01-24,1964.65,2014.95,1925.5,1945.0,1155
2013-01-25,1945.35,1979.15,1945.35,1969.35,2169
2013-01-28,1980.05,1989.9,1960.1,1970.2,103
2013-01-29,1965.0,1995.0,1944.5,1988.15,1282
2013-01-30,2060.0,2099.9,2002.25,2021.65,10328
2013-01-31,2020.0,2099.9,2001.0,2011.3,1324
2013-02-01,2020.0,2030.0,1994.9,1997.85,849
2013-02-04,2040.0,2049.0,1964.55,1979.4,3000
2013-02-05,1959.95,2015.0,1959.95,1985.05,3969
2013-02-06,1977.25,2013.0,1977.25,1997.0,2869
2013-02-07,1995.95,2045.7,1984.9,2010.05,16964
2013-02-08,1990.0,2040.0,1990.0,2021.1,1133
2013-02-11,2021.15,2045.0,2012.25,2021.15,1141
2013-02-12,2049.8,2055.8,2030.05,2043.2,4577
2013-02-13,2087.0,2094.9,2050.85,2080.45,1389
2013-02-14,2090.0,2140.0,2056.1,2129.9,4190
2013-02-15,2088.15,2127.45,2088.15,2124.95,1614
2013-02-18,2001.0,2131.5,2001.0,2127.35,1143
2013-02-19,2120.4,2219.0,2120.4,2204.0,2104
2013-02-20,2172.0,2252.25,2172.0,2214.65,24574
2013-02-21,2198.05,2249.0,2177.05,2240.3,1020
2013-02-22,2210.25,2289.0,2210.25,2271.25,31431
2013-02-25,2240.0,2279.95,2240.0,2265.55,633
2013-02-26,2262.95,2273.75,2230.0,2249.25,1215
2013-02-27,2217.0,2285.0,2217.0,2270.1,11247
2013-02-28,2275.0,2309.95,2210.2,2288.85,1651
2013-03-01,2319.9,2319.9,2275.1,2303.05,1225
2013-03-04,2314.35,2314.35,2255.0,2307.7,1100
2013-03-05,2309.95,2310.0,2280.1,2291.95,70928
2013-03-06,2314.0,2434.25,2289.9,2401.6,23472
2013-03-07,2375.05,2448.75,2366.0,2419.75,17587
2013-03-08,2388.8,2549.0,2340.1,2439.6,8874
2013-03-11,2452.0,2630.0,2452.0,2485.7,927
2013-03-12,2500.1,2520.0,2470.0,2483.4,1128
2013-03-13,2462.25,2497.0,2380.0,2394.4,1121
2013-03-14,2419.0,2489.0,2300.0,2411.1,1585
2013-03-15,2498.95,2500.0,2441.1,2479.95,1497
2013-03-18,2430.05,2524.45,2430.05,2503.25,10908
2013-03-19,2498.95,2544.0,2475.0,2502.25,3152
2013-03-20,2510.0,2520.0,2404.1,2441.85,605
2013-03-21,2450.0,2450.0,2325.0,2350.5,1200
2013-03-22,2350.0,2449.0,2251.75,2298.65,19350
2013-03-25,2348.95,2349.0,2275.05,2287.05,975
2013-03-26,2289.95,2379.0,2259.0,2368.6,5426
2013-03-28,2370.0,2388.95,2291.0,2358.45,1823
2013-04-01,2360.1,2459.0,2360.1,2434.95,851
2013-04-02,2430.0,2430.0,2378.4,2401.05,119
2013-04-03,2428.95,2428.95,2391.0,2405.65,212
2013-04-04,2440.0,2440.0,2367.05,2373.5,305
2013-04-05,2429.9,2429.9,2334.0,2389.25,62044
2013-04-08,2400.0,2400.0,2311.05,2322.5,331
2013-04-09,2314.95,2327.8,2270.1,2278.4,1437
2013-04-10,2254.15,2354.0,2223.0,2250.0,17328
2013-04-11,2228.0,2270.3,2200.05,2203.55,8254
2013-04-12,2229.95,2289.0,2229.95,2250.15,10321
2013-04-15,2228.0,2289.0,2228.0,2241.75,134
2013-04-16,2299.95,2300.0,2234.6,2268.6,20519
2013-04-17,2275.0,2299.95,2240.0,2247.35,753
2013-04-18,2240.0,2288.95,2240.0,2284.35,257
2013-04-22,2324.9,2395.0,2300.0,2375.25,1372
2013-04-23,2350.0,2377.0,2350.0,2361.25,135
2013-04-25,2420.0,2420.0,2365.1,2376.6,154
2013-04-26,2424.1,2500.0,2390.1,2493.8,2042
2013-04-29,2499.95,2560.0,2499.95,2504.2,30328
2013-04-30,2475.0,2549.0,2451.0,2530.65,24281
2013-05-02,2530.0,2543.7,2455.15,2475.6,1948
2013-05-03,2575.0,2575.0,2480.1,2520.25,2867
2013-05-06,2520.25,2549.0,2510.05,2538.8,726
2013-05-07,2569.75,2590.0,2542.2,2571.35,8188
2013-05-08,2560.0,2585.0,2480.15,2503.05,675
2013-05-09,2475.1,2550.05,2475.05,2494.05,487
2013-05-10,2499.95,2515.05,2475.0,2483.35,203
2013-05-11,2497.85,2536.7,2497.85,2536.7,7
2013-05-13,2540.05,2548.8,2451.0,2458.7,642
2013-05-14,2450.0,2570.0,2423.0,2550.85,1043
2013-05-15,2550.0,2660.25,2527.8,2622.5,2050
2013-05-16,2555.0,2655.0,2555.0,2630.9,2446
2013-05-17,2660.0,2677.0,2601.0,2618.75,1789
2013-05-20,2610.0,2639.8,2580.0,2593.35,325
2013-05-21,2601.1,2643.85,2590.0,2602.65,350
2013-05-22,2592.0,2638.0,2580.0,2582.8,144
2013-05-23,2540.0,2632.0,2523.9,2540.3,428
2013-05-24,2525.05,2586.0,2525.05,2564.0,543
2013-05-27,2502.05,2603.95,2502.05,2587.4,493
2013-05-28,2599.8,2671.0,2575.0,2626.85,752
2013-05-29,2650.1,2675.0,2607.35,2641.15,250
2013-05-30,2628.0,2760.0,2627.85,2715.05,3207
2013-05-31,2700.0,2770.0,2700.0,2745.2,1264
2013-06-03,2730.0,2790.0,2639.95,2653.05,1627
2013-06-04,2650.0,2693.75,2602.15,2652.4,492
2013-06-05,2650.0,2699.95,2640.0,2646.9,460
2013-06-06,2655.0,2685.0,2584.05,2627.7,1276
2013-06-07,2588.15,2656.95,2588.15,2620.25,570
2013-06-10,2650.0,2665.05,2568.1,2606.7,522
2013-06-11,2622.0,2664.95,2581.15,2641.95,766
2013-06-12,2640.0,2657.0,2605.0,2628.0,784
2013-06-13,2525.0,2660.05,2525.0,2627.1,2143
2013-06-14,2680.0,2680.0,2601.5,2617.45,413
2013-06-17,2676.95,2676.95,2607.05,2654.9,265
2013-06-18,2655.0,2660.0,2614.0,2631.0,300
2013-06-19,2644.0,2699.0,2644.0,2656.8,49098
2013-06-20,2627.0,2648.0,2600.0,2609.45,538
2013-06-21,2629.95,2659.95,2590.0,2601.1,2125
2013-06-24,2600.0,2649.0,2560.1,2611.5,639
2013-06-25,2600.0,2600.0,2525.0,2547.95,820
2013-06-26,2548.9,2559.0,2453.05,2499.45,691
2013-06-27,2475.15,2498.0,2365.0,2428.95,6305
2013-06-28,2431.15,2589.75,2410.05,2436.25,79407
2013-07-01,2489.9,2499.0,2436.0,2462.55,834
2013-07-02,2465.0,2465.0,2415.05,2423.85,332
2013-07-03,2480.0,2548.0,2380.0,2434.1,1737
2013-07-04,2375.05,2479.7,2375.05,2399.5,739
2013-07-05,2448.85,2448.85,2356.05,2390.15,2066
2013-07-08,2390.0,2500.0,2390.0,2472.7,2246
2013-07-09,2480.0,2499.75,2425.0,2435.05,1017
2013-07-10,2459.2,2498.0,2459.2,2489.4,428
2013-07-11,2499.9,2587.95,2480.05,2559.85,2489
2013-07-12,2524.95,2599.0,2470.0,2535.8,892
2013-07-15,2572.0,2574.0,2504.6,2560.4,585
2013-07-16,2554.0,2559.75,2505.1,2534.65,951
2013-07-17,2565.85,2565.85,2460.3,2502.4,793
2013-07-18,2477.0,2525.0,2477.0,2504.95,1483
2013-07-19,2480.0,2540.0,2480.0,2500.75,9501
2013-07-22,2501.0,2547.65,2500.0,2504.3,524
2013-07-23,2480.05,2605.0,2480.0,2538.55,6014
2013-07-24,2605.0,2610.0,2485.0,2496.95,1765
2013-07-25,2497.55,2504.0,2452.3,2471.7,321
2013-07-26,2499.0,2507.0,2420.0,2455.25,1524
2013-07-29,2455.0,2495.0,2425.0,2425.95,13499
2013-07-30,2439.95,2463.95,2409.05,2415.2,294
2013-07-31,2400.15,2448.0,2365.0,2418.15,444
2013-08-01,2448.95,2448.95,2355.0,2355.95,731
2013-08-02,2356.2,2490.0,2305.7,2313.55,2215
2013-08-05,2312.0,2320.1,2267.5,2271.05,778
2013-08-06,2344.0,2344.0,2233.0,2235.45,830
2013-08-07,2206.35,2288.75,2168.35,2199.4,2615
2013-08-08,2190.0,2287.95,2190.0,2241.0,636
2013-08-12,2295.0,2298.95,2240.0,2283.25,10716
2013-08-13,2265.0,2350.05,2250.0,2289.95,7225
2013-08-14,2265.0,2310.0,2209.95,2287.1,593
2013-08-16,2307.85,2373.9,2251.0,2338.15,1337
2013-08-19,2338.15,2410.0,2220.1,2245.1,1731
2013-08-20,2275.15,2360.0,2220.0,2287.6,2539
2013-08-21,2299.45,2337.95,2205.0,2239.4,566
2013-08-22,2249.95,2249.95,2180.05,2231.4,262
2013-08-23,2229.95,2255.95,2185.0,2217.2,189
2013-08-26,2220.0,2229.95,2185.0,2195.05,235
2013-08-27,2185.0,2240.3,2185.0,2209.7,2438
2013-08-28,2266.95,2266.95,2109.95,2175.4,592
2013-08-29,2150.55,2209.95,2150.55,2164.45,9952
2013-08-30,2156.0,2249.0,2150.0,2209.35,831
2013-09-02,2250.0,2290.7,2201.0,2277.8,523
2013-09-03,2299.0,2300.0,2165.0,2205.95,552
2013-09-04,2235.6,2260.0,2165.0,2245.15,395
2013-09-05,2229.05,2281.0,2229.05,2259.55,2784
2013-09-06,2284.95,2290.5,2256.1,2274.6,194
2013-09-10,2260.6,2300.05,2260.6,2284.3,396
2013-09-11,2299.0,2425.0,2284.45,2346.4,2576
2013-09-12,2318.05,2455.0,2318.05,2440.8,849
2013-09-13,2415.05,2430.5,2367.0,2380.0,206
2013-09-16,2358.0,2419.7,2358.0,2378.45,1497
2013-09-17,2345.1,2400.0,2345.1,2390.25,1138
2013-09-18,2360.7,2448.65,2354.7,2409.95,2133
2013-09-19,2415.0,2429.7,2371.15,2407.0,1429
2013-09-20,2379.15,2447.95,2365.0,2420.45,1064
2013-09-23,2448.4,2448.4,2366.3,2417.65,53
2013-09-24,2378.1,2555.0,2378.1,2443.8,1172
2013-09-25,2405.0,2548.95,2405.0,2503.1,3200
2013-09-26,2496.0,2550.0,2490.0,2548.45,1571
2013-09-27,2514.0,2608.15,2511.1,2592.75,2129
2013-09-30,2592.75,2695.0,2592.75,2621.8,5941
2013-10-01,2621.0,2669.95,2599.8,2619.7,2474
2013-10-03,2654.5,2654.55,2625.05,2646.75,1328
2013-10-04,2670.0,2670.0,2611.3,2635.35,508
2013-10-07,2635.0,2730.0,2593.95,2687.6,1002
2013-10-08,2724.95,2820.0,2680.05,2773.75,1902
2013-10-09,2669.75,2839.95,2669.75,2830.35,1804
2013-10-10,2815.05,2920.0,2815.05,2856.2,9147
2013-10-11,2850.0,2865.0,2801.0,2836.2,1567
2013-10-14,2865.0,2865.0,2800.05,2810.55,1713
2013-10-15,2865.0,2865.0,2775.0,2786.95,1427
2013-10-17,2775.1,2797.05,2703.0,2726.55,588
2013-10-18,2701.7,2713.2,2659.95,2689.7,1007
2013-10-21,2670.05,2750.0,2670.05,2713.25,12749
2013-10-22,2686.0,2778.9,2672.5,2712.45,1315
2013-10-23,2725.0,2760.1,2680.0,2713.4,7726
2013-10-24,2717.95,2720.05,2661.0,2672.2,240
2013-10-25,2688.65,2738.0,2671.1,2700.4,9787
2013-10-28,2671.0,2738.3,2671.0,2709.85,157
2013-10-29,2715.0,2769.0,2681.0,2705.85,3057
2013-10-30,2700.0,2705.85,2654.0,2672.25,276
2013-10-31,2698.95,2817.0,2660.0,2739.15,1117
2013-11-01,2781.0,2820.0,2715.0,2798.0,905
2013-11-03,2800.0,2860.2,2800.0,2851.8,888
2013-11-05,2802.0,2875.0,2802.0,2829.95,273
2013-11-06,2824.1,2830.0,2801.0,2810.3,336
2013-11-07,2801.0,2820.0,2706.25,2742.3,398
2013-11-08,2759.95,2770.0,2746.0,2753.05,140
2013-11-11,2787.95,2811.95,2745.0,2797.15,378
2013-11-12,2809.95,2814.9,2716.0,2754.85,231
2013-11-13,2730.0,2782.75,2722.0,2753.65,101
2013-11-14,2797.95,2797.95,2765.0,2772.0,68
2013-11-18,2744.0,2799.0,2744.0,2757.75,56289
2013-11-19,2799.65,2820.0,2711.2,2749.8,15509
2013-11-20,2727.05,2780.0,2727.05,2757.65,259
2013-11-21,2746.1,2787.45,2737.0,2761.15,533
2013-11-22,2788.0,2788.0,2752.0,2776.4,345
2013-11-25,2950.0,2950.0,2753.3,2770.2,503
2013-11-26,2778.0,2829.95,2743.05,2754.45,344
2013-11-27,2778.75,2892.45,2778.75,2855.3,2313
2013-11-28,2840.0,2989.95,2840.0,2898.6,2613
2013-11-29,2870.1,2990.0,2870.1,2950.25,2347
2013-12-02,2999.95,3252.0,2985.0,3167.15,10581
2013-12-03,3167.95,3299.0,3130.0,3293.95,10917
2013-12-04,3295.0,3330.0,3240.0,3286.25,7191
2013-12-05,3299.0,3699.0,3275.0,3379.15,139814
2013-12-06,3350.0,3500.0,3279.3,3377.3,22536
2013-12-09,3380.8,3482.35,3380.8,3414.1,5503
2013-12-10,3417.6,3485.0,3301.0,3341.25,5622
2013-12-11,3359.95,3465.0,3306.0,3381.8,1391
2013-12-12,3419.95,3450.0,3219.95,3267.5,1477
2013-12-13,3299.6,3397.8,3125.65,3142.05,1192
2013-12-16,3249.95,3299.0,3151.2,3221.35,2902
2013-12-17,3249.95,3360.0,3213.05,3302.0,1252
2013-12-18,3302.0,3366.0,3271.0,3307.5,3463
2013-12-19,3281.0,3330.0,3235.1,3264.9,531
2013-12-20,3232.0,3297.45,3232.0,3256.75,7596
2013-12-23,3232.1,3305.0,3222.15,3235.75,184
2013-12-24,3206.05,3289.95,3177.55,3207.25,1653
2013-12-26,3183.0,3244.5,3151.25,3179.1,3574
2013-12-27,3151.0,3397.0,3151.0,3331.3,6688
2013-12-30,3350.0,3393.0,3305.55,3312.45,8122
2013-12-31,3313.35,3449.0,3305.65,3382.7,2099
2014-01-01,3370.0,3410.0,3305.2,3332.2,1126
2014-01-02,3330.0,3403.8,3260.95,3284.6,1003
2014-01-03,3269.95,3294.9,3240.0,3284.35,14000
2014-01-06,3251.1,3474.95,3210.0,3403.1,2399
2014-01-07,3459.0,3479.0,3310.0,3369.55,3841
2014-01-08,3419.0,3450.0,3379.9,3439.55,5961
2014-01-09,3440.0,3470.0,3389.3,3418.25,15251
2014-01-10,3432.0,3432.0,3338.0,3354.15,1362
2014-01-13,3354.15,3430.0,3321.0,3397.2,10048
2014-01-14,3430.0,3587.0,3361.4,3521.4,1535
2014-01-15,3478.0,3550.0,3451.2,3500.05,22287
2014-01-16,3550.0,3600.0,3520.3,3597.7,5152
2014-01-17,3580.0,3789.75,3547.35,3620.7,8584
2014-01-20,3602.0,3792.25,3601.0,3740.75,3826
2014-01-21,3752.0,3995.0,3752.0,3932.25,16599
2014-01-22,3957.05,4040.0,3886.5,3960.6,7745
2014-01-23,3994.4,4048.0,3860.0,3966.0,9581
2014-01-24,3900.0,3984.95,3900.0,3919.3,9582
2014-01-27,3315.0,3940.0,3315.0,3774.5,669
2014-01-28,3769.0,3770.15,3656.3,3699.6,1812
2014-01-29,3701.15,3775.05,3550.0,3577.75,15532
2014-01-30,3512.05,3584.75,3425.0,3461.75,30443
2014-01-31,3465.95,3475.15,3262.1,3310.9,8814
2014-02-03,3272.0,3351.0,3235.0,3253.8,2636
2014-02-04,3255.1,3305.0,3114.0,3238.8,6318
2014-02-05,3251.0,3467.7,3220.05,3400.1,11543
2014-02-06,3366.0,3410.0,3232.0,3380.85,5214
2014-02-07,3381.0,3439.0,3335.35,3356.95,1402
2014-02-10,3370.0,3370.0,3255.0,3271.55,1056
2014-02-11,3348.95,3349.0,3240.2,3273.05,2040
2014-02-12,3350.0,3350.0,3162.05,3206.75,8694
2014-02-13,3248.95,3248.95,3155.3,3193.25,10346
2014-02-14,3200.0,3200.0,3061.05,3147.95,8700
2014-02-17,3195.0,3195.0,3100.0,3111.7,2862
2014-02-18,3110.5,3144.85,3080.1,3099.45,2192
2014-02-19,3110.0,3110.0,2981.0,3026.55,9754
2014-02-20,3099.95,3100.0,2967.9,2999.95,6160
2014-02-21,3000.0,3150.0,2999.95,3113.25,11020
2014-02-24,3191.9,3509.95,3123.6,3341.0,16187
2014-02-25,3285.0,3400.0,3285.0,3323.8,2332
2014-02-26,3399.0,3399.0,3280.05,3328.2,551
2014-02-28,3325.75,3398.95,3201.5,3297.75,2784
2014-03-03,3300.0,3373.95,3250.0,3271.45,1652
2014-03-04,3300.0,3349.0,3205.0,3301.7,4187
2014-03-05,3299.0,3399.0,3269.95,3363.65,4822
2014-03-06,3320.0,3420.0,3305.05,3387.8,18071
2014-03-07,3350.0,3420.0,3340.1,3405.6,16009
2014-03-10,3355.05,3398.0,3289.75,3342.1,3413
2014-03-11,3340.9,3349.0,3212.0,3239.05,3227
2014-03-12,3212.1,3250.0,3184.0,3208.5,1393
2014-03-13,3180.05,3248.7,3175.5,3215.8,1379
2014-03-14,3203.0,3230.0,3181.1,3215.45,499
2014-03-18,3179.8,3217.95,3179.8,3202.05,642
2014-03-19,3202.15,3360.0,3198.0,3299.4,1095
2014-03-20,3300.0,3398.95,3270.0,3382.65,5121
2014-03-21,3398.95,3459.45,3385.0,3410.2,1907
2014-03-22,3400.0,3457.55,3399.95,3424.5,193
2014-03-24,3420.0,3600.0,3420.0,3519.5,8146
2014-03-25,3520.0,3695.45,3520.0,3659.2,5446
2014-03-26,3622.05,3665.6,3472.5,3507.6,3358
2014-03-27,3502.45,3599.0,3433.0,3551.8,9883
2014-03-28,3501.15,3654.0,3482.0,3609.75,4212
2014-03-31,3680.0,3790.0,3586.0,3720.8,13349
2014-04-01,3759.95,3759.95,3561.0,3636.25,2401
2014-04-02,3580.05,3635.0,3580.0,3601.5,2246
2014-04-03,3680.0,3750.0,3602.5,3718.3,4602
2014-04-04,3720.0,3737.0,3670.05,3684.5,627
2014-04-07,3722.6,3722.6,3560.25,3600.15,1716
2014-04-09,3635.95,3660.0,3612.0,3635.5,2188
2014-04-10,3650.0,3668.95,3615.0,3622.6,2702
2014-04-11,3618.95,3650.0,3502.05,3535.95,13743
2014-04-15,3600.0,3635.65,3456.05,3508.4,2368
2014-04-16,3510.05,3537.95,3440.0,3447.1,12020
2014-04-17,3447.0,3474.0,3421.05,3450.9,24243
2014-04-21,3521.0,3528.0,3475.0,3479.65,10114
2014-04-22,3550.0,3585.05,3480.05,3538.75,1236
2014-04-23,3549.0,3549.0,3465.05,3475.0,2810
2014-04-25,3470.0,3485.0,3360.75,3393.8,15452
2014-04-28,3390.0,3400.0,3295.0,3307.95,2961
2014-04-29,3292.7,3386.7,3190.5,3223.15,5469
2014-04-30,3235.3,3316.9,3235.25,3304.0,1380
2014-05-02,3299.9,3299.9,3232.6,3257.3,574
2014-05-05,3280.0,3293.95,3115.0,3132.2,2895
2014-05-06,3199.9,3230.0,3065.0,3084.75,1722
2014-05-07,3175.0,3200.0,3090.2,3115.8,1425
2014-05-08,3089.95,3240.0,3089.95,3161.3,3045
2014-05-09,3159.85,3298.0,3159.85,3245.2,933
2014-05-12,3299.4,3299.4,3185.0,3224.0,104859
2014-05-13,3210.0,3324.85,3210.0,3303.9,1441
2014-05-14,3266.05,3340.0,3240.2,3264.75,789
2014-05-15,3281.75,3359.0,3250.95,3314.15,4160
2014-05-16,3250.95,3649.95,3250.95,3443.9,7641
2014-05-19,3465.0,3714.0,3454.05,3644.0,30892
2014-05-20,3679.95,3725.0,3588.1,3704.7,2524
2014-05-21,3724.95,3724.95,3600.1,3691.2,7619
2014-05-22,3652.0,3849.9,3652.0,3807.4,1245
2014-05-23,3874.65,3999.0,3765.0,3854.85,2111
2014-05-26,3869.0,3900.0,3660.1,3726.05,4595
2014-05-27,3877.9,3877.9,3626.1,3793.9,1623
2014-05-28,3809.0,3840.0,3673.0,3814.5,391
2014-05-29,3791.4,3833.9,3715.0,3796.05,4770
2014-05-30,3715.0,3900.0,3715.0,3887.9,1154
2014-06-02,3879.8,3929.0,3849.95,3917.1,554
2014-06-03,3939.95,4040.0,3889.0,4001.05,1910
2014-06-04,3903.55,4345.0,3903.55,4250.25,6274
2014-06-05,4280.0,4339.65,4100.0,4232.15,1211
2014-06-06,4245.0,4257.0,4051.5,4119.25,2985
2014-06-09,4119.25,4130.0,3907.0,3929.5,5784
2014-06-10,3950.0,4040.0,3901.0,3972.75,6093
2014-06-11,3999.95,4020.0,3875.0,3924.4,5891
2014-06-12,3858.85,3971.5,3849.6,3869.25,1882
2014-06-13,3880.6,3898.0,3815.0,3866.65,2957
2014-06-16,3875.0,3955.0,3810.0,3906.65,3801
2014-06-17,3907.0,4023.0,3906.0,3999.95,1384
2014-06-18,3900.0,4040.0,3900.0,3997.1,3636
2014-06-19,3953.3,3998.0,3900.0,3927.4,1626
2014-06-20,3915.0,4119.3,3910.0,3974.65,1183
2014-06-23,3955.6,4050.0,3955.6,4033.7,725
2014-06-24,4071.95,4146.75,3976.0,4027.4,2323
2014-06-25,4099.0,4099.95,3990.0,4071.8,85378
2014-06-26,4086.95,4216.95,4085.0,4196.2,2000
2014-06-27,4200.0,4200.0,4100.05,4124.55,1242
2014-06-30,4109.05,4235.0,4109.0,4202.9,7436
2014-07-01,4224.95,4242.95,4100.0,4114.8,620
2014-07-02,4061.0,4249.9,4061.0,4231.25,1212
2014-07-03,4201.15,4300.0,4129.0,4294.25,937
2014-07-04,4300.0,4349.9,4233.05,4255.8,956
2014-07-07,4325.0,4325.0,4250.0,4284.65,805
2014-07-08,4233.0,4284.8,4025.1,4058.6,3858
2014-07-09,4100.0,4164.15,3959.8,4015.45,1625
2014-07-10,4015.45,4074.8,4005.0,4044.35,1471
2014-07-11,3975.0,4132.0,3975.0,4103.85,2060
2014-07-14,4089.95,4149.95,3931.05,4108.1,5073
2014-07-15,4121.45,4248.3,4070.4,4135.6,2648
2014-07-16,4129.95,4130.0,4055.0,4068.8,405
2014-07-17,4055.0,4226.75,4055.0,4100.65,2369
2014-07-18,4100.0,4115.0,3912.0,4075.3,3317
2014-07-21,4010.0,4111.5,4010.0,4096.9,1392
2014-07-22,4124.0,4125.0,4015.8,4038.15,980
2014-07-23,4089.0,4100.0,3900.0,3993.15,6963
2014-07-24,3980.0,4000.0,3961.0,3979.7,2454
2014-07-25,4000.0,4000.0,3969.3,3988.9,969
2014-07-28,4000.0,4000.0,3860.0,3930.85,1687
2014-07-30,3991.95,3992.0,3846.5,3877.1,2553
2014-07-31,3895.0,3899.8,3853.15,3871.2,2067
2014-08-01,3870.0,3870.0,3812.0,3825.55,5217
2014-08-04,3850.0,3850.0,3712.6,3766.55,3798
2014-08-05,3780.05,3780.05,3710.1,3739.6,20565
2014-08-06,3865.0,3865.0,3767.15,3805.4,7458
2014-08-07,3890.0,3890.0,3800.0,3836.9,4796
2014-08-08,3825.0,3879.9,3801.15,3830.6,9466
2014-08-11,3900.0,3900.0,3831.0,3851.85,4375
2014-08-12,3851.85,3959.0,3850.0,3890.75,2631
2014-08-13,3963.8,4530.0,3920.0,4423.75,25344
2014-08-14,4529.0,4639.95,4267.0,4320.6,14303
2014-08-18,4324.9,4390.0,4250.0,4283.0,1615
2014-08-19,4270.0,4300.0,4151.0,4173.7,1611
2014-08-20,4174.6,4624.95,4174.6,4418.45,6450
2014-08-21,4449.05,4499.95,4370.0,4421.0,68247
2014-08-22,4431.05,4540.0,4431.05,4467.7,1689
2014-08-25,4470.0,4547.25,4470.0,4506.45,1025
2014-08-26,4510.0,4625.0,4510.0,4600.45,9780
2014-08-27,4615.1,4750.0,4615.1,4723.15,19440
2014-08-28,4732.0,4761.9,4601.0,4720.1,1974
2014-09-01,4720.1,4818.25,4707.15,4737.55,4378
2014-09-02,4728.55,4800.0,4710.0,4733.4,24952
2014-09-03,4707.0,4949.95,4674.5,4705.1,20661
2014-09-04,4750.0,4800.0,4655.0,4756.95,41063
2014-09-05,4745.0,4752.5,4296.05,4724.25,4981
2014-09-08,4651.0,4859.4,4651.0,4738.35,18556
2014-09-09,4745.0,4755.0,4730.0,4747.85,3556
2014-09-10,4940.0,4940.0,4670.0,4741.2,1053
2014-09-11,4745.0,4755.0,4698.05,4742.8,2799
2014-09-12,4795.0,4795.0,4676.05,4736.35,12473
2014-09-15,4625.0,4931.7,4625.0,4792.35,36161
2014-09-16,4800.0,4867.8,4700.05,4791.1,3546
2014-09-17,4820.0,4820.0,4705.1,4736.5,1158
2014-09-18,4718.65,5365.1,4718.65,5192.45,42095
2014-09-19,5205.0,5349.45,5151.75,5195.85,5510
2014-09-22,5213.25,5573.95,5213.25,5467.25,18333
2014-09-23,5541.95,5541.95,5224.3,5330.55,17043
2014-09-24,5372.8,5390.0,5200.0,5234.85,16134
2014-09-25,5239.95,5344.7,5025.0,5087.75,2900
2014-09-26,5132.75,5169.0,4900.0,5048.3,3866
2014-09-29,5088.15,5250.0,5088.15,5168.3,10161
2014-09-30,5192.65,5320.0,5110.25,5287.4,6331
2014-10-01,5252.0,5399.7,5201.1,5231.8,2539
2014-10-07,5385.0,5409.95,5251.25,5282.7,2293
2014-10-08,5202.5,5300.05,5110.6,5232.95,1536
2014-10-09,5232.95,5299.45,5176.05,5210.8,1657
2014-10-10,5158.65,5300.0,5111.05,5251.5,1039
2014-10-13,5202.0,5285.0,5165.0,5240.4,3626
2014-10-14,5300.0,5300.0,5039.5,5074.9,14542
2014-10-16,5049.95,5133.9,4851.1,4932.55,16398
2014-10-17,4903.35,5179.95,4903.35,5077.55,2721
2014-10-20,5238.95,5238.95,5100.1,5148.45,21272
2014-10-21,5211.0,5279.0,5101.05,5257.85,4675
2014-10-22,5289.85,5300.0,5215.1,5287.35,18849
2014-10-23,5329.0,5385.0,5311.75,5367.1,1439
2014-10-27,5390.0,5410.0,5275.0,5294.15,1078
2014-10-28,5299.95,5390.0,5287.8,5324.8,3086
2014-10-29,5387.95,5387.95,5230.0,5259.0,24718
2014-10-30,5384.95,5384.95,5135.6,5197.75,5494
2014-10-31,5265.0,5462.4,5220.0,5330.35,6198
2014-11-03,5499.0,5639.0,5300.05,5443.05,20573
2014-11-05,5494.95,5494.95,5314.0,5355.2,4846
2014-11-07,5440.25,5524.0,5380.0,5510.9,2531
2014-11-10,5487.95,5740.0,5487.95,5580.85,7477
2014-11-11,5635.0,5887.7,5575.7,5873.0,6993
2014-11-12,5970.0,6179.95,5890.75,5914.95,7304
2014-11-13,5995.0,6352.0,5850.0,6258.65,15433
2014-11-14,6362.0,6580.0,6222.1,6511.5,19033
2014-11-17,6515.0,6534.7,6341.05,6496.55,9197
2014-11-18,6516.9,6517.0,6401.0,6422.05,4210
2014-11-19,6440.0,6440.0,6201.0,6237.85,11389
2014-11-20,6280.0,6389.0,5801.2,5849.15,13717
2014-11-21,5963.0,6049.0,5811.7,5902.15,10846
2014-11-24,5814.7,5958.65,5811.0,5886.05,5376
2014-11-25,5845.0,5899.95,5721.0,5813.75,4154
2014-11-26,5755.6,5871.0,5745.6,5780.1,2487
2014-11-27,5829.9,5850.05,5762.2,5834.55,2509
2014-11-28,5834.0,5848.95,5755.15,5797.7,12675
2014-12-01,5765.1,5905.0,5765.1,5870.7,16658
2014-12-02,5812.0,5874.85,5724.0,5744.2,4631
2014-12-03,5761.95,5887.3,5747.25,5834.5,3064
2014-12-04,5810.0,5897.2,5760.0,5769.7,3777
2014-12-05,5805.0,5861.0,5752.45,5790.35,3809
2014-12-08,5790.0,5900.0,5755.0,5794.05,27368
2014-12-09,5828.4,5828.4,5733.7,5764.7,2615
2014-12-10,5756.05,5839.85,5756.0,5772.6,1209
2014-12-11,5826.65,5920.0,5764.0,5835.15,2892
2014-12-12,5815.0,5899.85,5771.0,5833.5,6820
2014-12-15,5879.0,6022.0,5802.0,5957.5,6284
2014-12-16,5960.0,5969.6,5780.0,5849.2,2731
2014-12-17,5840.0,5880.0,5600.1,5710.55,6494
2014-12-18,5817.0,5980.0,5765.0,5924.95,5023
2014-12-19,5961.0,5980.1,5836.1,5886.5,2719
2014-12-22,5881.9,6070.0,5881.9,6047.75,23665
2014-12-23,6050.0,6189.85,6050.0,6137.6,4468
2014-12-24,6165.0,6272.65,6165.0,6240.75,3287
2014-12-26,6271.9,6271.9,6025.55,6103.4,3276
2014-12-29,6134.0,6269.0,6115.3,6232.45,2119
2014-12-30,6270.0,6270.0,6150.0,6206.7,1573
2015-01-01,6377.9,6498.7,6311.0,6475.45,5210
2015-01-02,6497.9,6844.0,6450.05,6510.6,8586
2015-01-05,6549.95,6649.0,6415.0,6631.3,2239
2015-01-06,6677.0,6677.0,6426.85,6514.65,4243
2015-01-07,6436.0,6666.8,6436.0,6562.45,3192
2015-01-08,6660.0,6740.0,6547.7,6673.0,5910
2015-01-09,6721.9,6849.0,6691.2,6825.45,2888
2015-01-12,6825.0,7300.0,6750.0,7058.4,13006
2015-01-13,7150.0,7187.95,7039.95,7087.4,3789
2015-01-14,7135.45,7850.0,7058.75,7407.8,30750
2015-01-15,7500.0,7514.4,7325.0,7370.5,7761
2015-01-16,7385.0,7489.95,7357.45,7413.75,2929
2015-01-19,7445.9,7575.95,7365.0,7474.85,4996
2015-01-20,7480.0,7650.0,7400.0,7598.05,6239
2015-01-21,7600.0,7748.35,7445.0,7515.3,6744
2015-01-22,7524.95,7599.0,7363.7,7404.05,3751
2015-01-23,7418.05,7615.0,7310.0,7393.05,6362
2015-01-27,7398.0,7575.25,7285.05,7321.55,8175
2015-01-28,7326.0,7326.0,7203.9,7276.2,4179
2015-01-29,7276.15,7430.3,6945.0,6975.95,8764
2015-01-30,7000.0,7060.0,6712.05,6842.35,8028
2015-02-02,6995.0,6995.0,6752.0,6774.35,5498
2015-02-03,6752.0,6971.95,6752.0,6939.75,8402
2015-02-04,6915.45,6944.85,6855.0,6914.8,1866
2015-02-05,6975.0,6975.0,6855.0,6876.4,3949
2015-02-06,6869.0,6870.15,6550.0,6669.85,7118
2015-02-09,6605.0,6900.0,6600.0,6780.15,7601
2015-02-10,6815.0,6815.0,6723.0,6792.15,3172
2015-02-11,6769.95,6800.0,6752.0,6794.95,4041
2015-02-12,6813.0,6813.0,6751.0,6789.75,4701
2015-02-13,6854.9,6975.0,6751.0,6800.15,20353
2015-02-16,6822.6,6889.0,6762.9,6797.55,4260
2015-02-18,6800.0,6989.9,6770.0,6918.25,21230
2015-02-19,6959.0,7180.0,6959.0,7094.1,15091
2015-02-20,7132.2,7144.25,6936.2,6995.75,3952
2015-02-23,6984.95,7030.75,6880.05,6916.3,2327
2015-02-24,6864.15,6906.7,6763.35,6816.25,6505
2015-02-25,6989.15,6989.15,6820.1,6929.1,3265
2015-02-26,6905.0,7080.0,6889.0,7018.0,7577
2015-02-27,7100.0,7174.8,6969.9,7116.35,3176
2015-02-28,7052.0,7180.05,6966.6,7120.4,2268
2015-03-02,7140.0,7145.0,7062.0,7107.05,2664
2015-03-03,7110.0,7349.0,7105.0,7276.85,7786
2015-03-04,7300.0,7313.0,7069.15,7139.2,2695
2015-03-05,7140.0,7178.0,7002.0,7070.2,3658
2015-03-09,7071.0,7077.0,6940.85,7031.85,4183
2015-03-10,7150.0,7313.6,6980.0,7173.1,5480
2015-03-11,7092.7,7445.0,7025.5,7372.15,6037
2015-03-12,7430.0,7479.95,7202.2,7400.25,27536
2015-03-13,7424.95,7555.0,7170.0,7420.1,3462
2015-03-16,7400.0,7499.85,7251.0,7403.05,4714
2015-03-17,7440.0,7440.0,7285.35,7403.7,4524
2015-03-18,7400.0,7443.55,7350.0,7400.05,8997
2015-03-19,7410.0,7492.4,7241.0,7307.9,1736
2015-03-20,7385.0,7385.0,7205.1,7237.5,8854
2015-03-23,7265.0,7793.5,6966.6,7556.1,8616
2015-03-24,7690.0,7700.0,7325.0,7380.65,6985
2015-03-25,7398.0,7398.0,7122.0,7173.65,5496
2015-03-26,7140.0,7200.0,7001.0,7015.85,2489
2015-03-27,7099.0,7100.0,7002.0,7032.0,8481
2015-03-30,7030.0,7300.0,7027.0,7148.7,10608
2015-03-31,7249.95,7379.0,7249.95,7299.35,18274
2015-04-01,7297.35,7315.0,7200.0,7285.55,2036
2015-04-06,7349.9,7360.0,7214.1,7245.65,1218
2015-04-07,7370.0,7370.0,7200.0,7218.05,1852
2015-04-08,7284.9,7299.95,7151.1,7187.9,2358
2015-04-09,7270.0,7270.0,7103.7,7184.7,3425
2015-04-10,7267.95,7267.95,7104.0,7135.3,3428
2015-04-13,7194.0,7194.0,6825.0,6903.75,11881
2015-04-15,7045.0,7070.0,6666.1,6697.35,7200
2015-04-16,6743.0,6899.95,6380.0,6468.75,14576
2015-04-17,6539.95,6540.0,6156.0,6203.0,7306
2015-04-20,6203.0,6250.0,6010.0,6137.65,6522
2015-04-21,6150.0,6150.0,5905.5,5970.45,13049
2015-04-22,6040.0,6150.0,5782.8,5843.85,20515
2015-04-23,5939.9,6170.0,5860.0,6048.45,20170
2015-04-24,6066.0,6124.95,5914.05,6044.65,3139
2015-04-27,6111.6,6111.7,5700.1,5768.55,3205
2015-04-28,5835.0,5925.1,5760.05,5806.8,6572
2015-04-29,5944.95,5944.95,5580.0,5606.8,16441
2015-04-30,5650.0,5800.0,5601.15,5756.9,8578
2015-05-04,5810.1,5977.95,5785.0,5885.45,17462
2015-05-05,5935.0,5975.0,5825.0,5847.25,5552
2015-05-06,5779.85,5935.8,5700.1,5861.9,29097
2015-05-07,5900.0,5900.0,5510.0,5543.2,4254
2015-05-08,5800.0,5899.9,5652.0,5788.95,21405
2015-05-11,5850.0,6590.0,5800.0,6312.45,52150
2015-05-12,6387.45,6450.0,6156.0,6324.65,6546
2015-05-13,6335.0,6600.0,6335.0,6394.35,11118
2015-05-14,6499.95,6779.75,6419.95,6730.05,12709
2015-05-15,6759.9,6977.0,6740.0,6903.05,8236
2015-05-18,6930.0,7023.15,6699.35,6771.4,7553
2015-05-19,6780.0,6815.0,6675.5,6691.0,2938
2015-05-20,6710.0,6870.0,6575.0,6592.1,4593
2015-05-21,6525.05,6730.7,6525.05,6579.25,4373
2015-05-22,6679.9,6945.0,6601.35,6807.75,6774
2015-05-25,6807.7,6817.95,6602.6,6683.6,4388
2015-05-26,6749.95,6749.95,6320.0,6356.55,10908
2015-05-27,6356.55,6356.55,6200.0,6209.0,3332
2015-05-28,6280.0,6379.95,6112.0,6140.7,9272
2015-05-29,6210.95,6490.0,6122.0,6332.8,58845
2015-06-01,6319.8,6391.95,6099.0,6139.3,5535
2015-06-02,6142.0,6176.55,6051.0,6088.95,11346
2015-06-03,6051.9,6145.05,5900.0,5929.8,5069
2015-06-04,5949.95,5950.0,5852.65,5897.7,4067
2015-06-05,5892.1,6080.0,5840.0,5897.4,4682
2015-06-08,5897.05,6039.7,5821.8,5993.8,7590
2015-06-09,5980.0,6084.0,5950.0,6066.15,4284
2015-06-10,6059.7,6184.7,5966.0,6091.95,5993
2015-06-11,6178.9,6189.85,6015.05,6067.4,5561
2015-06-12,6011.0,6097.9,5963.5,6035.35,1561
2015-06-15,6001.55,6087.95,5881.2,5917.75,3643
2015-06-16,5920.0,5929.25,5777.0,5828.9,2645
2015-06-17,5899.95,5949.0,5710.0,5741.95,9308
2015-06-18,5798.95,6800.0,5725.05,5880.15,15338
2015-06-19,5900.0,6108.95,5900.0,5985.85,39823
2015-06-22,5990.1,6219.0,5973.0,6074.85,26126
2015-06-23,6114.0,6146.15,6020.05,6073.75,5914
2015-06-24,6100.1,6100.1,5865.0,5966.55,5087
2015-06-25,6050.0,6149.75,5949.95,6089.45,10874
2015-06-26,6011.0,6122.0,6011.0,6100.45,10238
2015-06-29,6089.65,6149.0,5826.0,6056.2,15043
2015-06-30,6056.0,6298.0,6013.1,6187.9,6918
2015-07-01,6200.1,6356.0,6200.0,6330.9,5899
2015-07-02,6309.0,6479.95,6309.0,6423.55,6166
2015-07-03,6430.0,6490.0,6276.6,6291.65,2192
2015-07-06,6250.0,6389.75,6169.8,6266.25,2101
2015-07-07,6285.0,6315.25,6161.0,6185.0,2700
2015-07-08,6188.8,6260.0,6105.0,6215.7,27246
2015-07-09,6266.1,6266.1,6111.25,6138.7,1776
2015-07-10,6218.15,6218.15,6110.0,6153.3,1232
2015-07-13,6222.65,6267.0,6139.2,6229.3,1857
2015-07-14,6245.0,6322.75,6187.0,6268.05,7223
2015-07-15,6335.95,6360.0,6276.5,6293.45,23086
2015-07-16,6359.95,6360.0,6270.0,6278.2,1089
2015-07-17,6215.05,6339.95,6175.0,6212.8,1895
2015-07-20,6212.05,6430.0,6212.0,6426.3,4818
2015-07-21,6426.0,6470.0,6380.0,6431.65,2569
2015-07-22,6431.05,6574.5,6365.4,6525.65,4303
2015-07-23,6574.95,6657.0,6490.0,6519.4,3237
2015-07-24,6463.15,6569.95,6414.7,6490.45,5826
2015-07-27,6524.0,6524.0,6315.0,6453.25,3723
2015-07-28,6401.0,6540.0,6370.05,6477.8,4060
2015-07-29,6499.0,6588.95,6465.05,6543.25,2268
2015-07-30,6670.0,7059.95,6670.0,6878.3,24972
2015-07-31,6880.0,6999.0,6859.95,6942.1,16265
2015-08-03,6968.95,6969.0,6825.0,6919.2,12680
2015-08-04,6847.2,7315.0,6847.15,7129.05,28754
2015-08-05,6831.0,7479.4,6831.0,7433.45,14140
2015-08-06,7474.0,7682.0,7229.95,7307.85,7050
2015-08-07,7307.05,7388.95,7166.45,7190.5,2100
2015-08-10,7250.0,7270.0,7081.95,7143.05,1976
2015-08-11,7150.0,7319.85,7051.0,7105.1,3490
2015-08-12,7137.95,7140.0,7005.05,7022.3,1479
2015-08-13,7150.0,7189.95,6900.0,7092.15,2950
2015-08-14,7014.9,7250.0,7011.0,7180.25,2672
2015-08-17,7108.0,7203.0,7108.0,7183.35,2602
2015-08-18,7185.05,7283.0,7000.0,7184.8,4236
2015-08-19,7299.0,7455.0,7175.1,7381.85,4200
2015-08-20,7254.6,7429.1,7254.6,7321.6,2507
2015-08-21,7310.0,7310.0,7150.0,7181.65,3761
2015-08-24,7165.0,7165.0,6250.0,6661.25,4026
2015-08-25,6610.0,6965.35,6115.0,6552.55,7886
2015-08-26,6599.95,6676.85,6500.0,6564.75,2100
2015-08-27,6699.85,6827.35,6619.0,6785.4,2355
2015-08-28,6792.05,7049.0,6787.0,6982.6,3727
2015-08-31,6959.0,7000.0,6737.7,6826.75,24895
2015-09-01,6942.65,7140.0,6751.0,6912.25,8012
2015-09-02,6855.15,7275.05,6855.15,7195.95,19916
2015-09-03,7249.95,7291.85,7085.2,7163.2,3459
2015-09-04,7140.0,7250.0,7113.2,7146.05,4757
2015-09-07,7215.0,7215.0,6835.15,7104.85,5691
2015-09-08,7185.0,7185.0,6858.15,6932.05,4707
2015-09-09,7075.0,7140.0,6979.75,7093.5,8450
2015-09-10,7088.0,7100.0,7000.0,7063.8,7913
2015-09-11,7133.0,7135.0,6953.0,6985.1,2794
2015-09-14,7000.0,7005.0,6914.85,6981.0,2590
2015-09-15,6981.05,7000.0,6900.0,6940.6,1760
2015-09-16,6941.0,7000.0,6801.2,6838.2,2491
2015-09-18,6880.0,7700.05,6865.75,7073.8,104264
2015-09-21,6995.8,7113.0,6931.0,7073.35,5315
2015-09-22,7100.0,7149.9,7000.05,7104.15,3121
2015-09-23,7128.0,7164.95,7010.05,7097.3,2704
2015-09-24,7120.0,7159.95,7012.1,7114.1,1644
2015-09-28,7150.0,7299.0,7114.0,7190.3,15372
2015-09-29,7140.0,7354.0,7091.05,7250.85,2186
2015-09-30,7311.9,7525.0,7126.45,7490.6,7531
2015-10-01,7530.0,7530.0,7308.0,7347.65,3146
2015-10-05,7514.95,7514.95,7265.25,7337.95,3176
2015-10-06,7399.0,7493.0,7225.0,7437.9,7199
2015-10-07,7500.0,7579.95,7336.0,7376.0,4503
2015-10-08,7424.95,7520.0,7252.05,7499.3,3287
2015-10-09,7530.0,7579.9,7430.0,7480.05,4513
2015-10-12,7549.9,7549.9,7452.1,7481.9,1491
2015-10-13,7549.7,7549.7,7430.0,7444.3,1254
2015-10-14,7475.05,7478.0,7300.1,7359.7,1421
2015-10-15,7399.9,7425.05,7360.45,7419.45,11831
2015-10-16,7326.5,7598.0,7323.05,7353.1,5337
2015-10-19,7439.2,7550.0,7340.0,7538.15,2191
2015-10-20,7539.95,7695.0,7511.0,7559.45,6796
2015-10-21,7600.2,7668.5,7537.7,7577.65,4093
2015-10-23,7801.0,7850.0,7601.0,7636.65,19116
2015-10-26,7709.95,7739.8,7600.0,7692.9,5203
2015-10-27,7734.85,7750.0,7655.0,7680.25,6832
2015-10-28,7661.6,7675.0,7602.05,7641.75,2981
2015-10-29,7641.0,7800.0,7550.0,7625.1,7439
2015-10-30,7689.95,7750.0,7581.55,7608.1,9402
2015-11-02,7652.15,7700.05,7560.25,7675.25,9252
2015-11-03,7675.0,7679.85,7560.0,7597.0,42320
2015-11-04,7650.0,7650.0,7550.0,7610.15,1623
2015-11-05,7562.05,7597.35,7450.0,7497.0,2521
2015-11-06,7540.0,7542.35,7405.0,7443.8,3744
2015-11-09,7360.0,7400.7,7313.95,7371.35,1637
2015-11-10,7455.0,7455.0,7228.0,7256.45,5101
2015-11-11,7379.0,7497.95,7336.0,7462.8,1023
2015-11-13,7450.0,7450.0,7077.0,7109.4,8135
2015-11-16,7109.0,7149.95,6796.0,6836.85,8360
2015-11-17,6875.0,6999.4,6845.05,6922.85,5241
2015-11-18,6926.05,6988.0,6751.1,6782.95,3008
2015-11-19,6785.05,6980.0,6762.1,6915.7,2844
2015-11-20,6895.0,6923.1,6792.55,6861.15,4517
2015-11-23,6862.0,6994.6,6850.0,6900.8,3050
2015-11-24,6920.05,7165.0,6816.5,7044.45,6834
2015-11-26,7129.0,7290.0,7001.05,7144.4,9474
2015-11-27,7240.0,7240.0,7100.0,7192.75,4370
2015-11-30,7192.75,7589.0,7160.95,7400.0,6366
2015-12-01,7449.9,7450.0,7230.0,7389.6,3490
2015-12-02,7360.0,7429.5,7310.0,7341.45,4681
2015-12-03,7341.0,7341.0,7100.0,7140.9,2313
2015-12-04,7140.0,7230.95,7022.05,7163.3,1310
2015-12-07,7215.95,7260.0,7050.0,7149.6,1378
2015-12-08,7149.0,7149.0,7040.0,7080.4,1002
2015-12-09,7100.0,7194.0,6933.7,7152.85,2901
2015-12-10,7129.95,7155.0,6850.0,7000.6,2555
2015-12-11,7025.05,7085.05,6866.0,6966.1,1777
2015-12-14,6866.0,7069.0,6850.0,6976.9,2267
2015-12-15,6920.3,6987.4,6880.0,6924.3,4822
2015-12-16,6987.65,6987.85,6850.0,6864.6,1411
2015-12-17,6883.05,6980.0,6780.0,6812.55,7647
2015-12-18,6823.05,6875.5,6775.0,6855.6,5553
2015-12-21,6856.0,6860.0,6780.0,6848.0,2399
2015-12-22,6810.0,6823.4,6734.9,6757.45,2982
2015-12-23,6806.75,6849.95,6717.55,6729.1,3644
2015-12-24,6727.0,6765.85,6627.45,6710.95,4490
2015-12-28,6730.05,6785.0,6712.0,6768.0,3230
2015-12-29,6768.1,6815.0,6731.0,6779.65,2804
2015-12-30,6735.0,6750.05,6606.6,6686.3,6033
2015-12-31,6789.95,6790.0,6690.0,6782.45,4525
2016-01-01,6782.0,6830.95,6710.0,6771.55,760
2016-01-04,6771.05,6819.7,6703.1,6735.4,2461
2016-01-05,6745.15,6804.5,6702.0,6720.0,2787
2016-01-06,6790.0,6790.0,6710.0,6738.2,1615
2016-01-07,6738.0,6738.0,6600.0,6700.35,5142
2016-01-08,6715.25,6750.0,6612.0,6642.2,3441
2016-01-11,6661.9,6663.55,6480.65,6563.55,19942
2016-01-12,6548.85,6548.85,6302.9,6322.2,5700
2016-01-13,6375.0,6434.2,6299.55,6400.55,13121
2016-01-14,6399.9,6399.9,6225.0,6314.1,1850
2016-01-15,6330.0,6500.0,6329.95,6357.45,1215
2016-01-18,6312.0,6330.65,6010.0,6063.2,6188
2016-01-19,6050.0,6366.35,6011.0,6271.75,1456
2016-01-20,6255.0,6255.0,5950.0,6001.0,8476
2016-01-21,6087.45,6300.0,6050.0,6270.05,3596
2016-01-22,6299.0,6699.0,6280.65,6483.6,9289
2016-01-25,6580.0,6645.95,6280.0,6363.75,2859
2016-01-27,6320.0,6366.35,6001.1,6066.45,8341
2016-01-28,6114.0,6148.9,6012.0,6049.3,2844
2016-01-29,6050.0,6347.55,6050.0,6288.75,2312
2016-02-01,6274.0,6350.0,6224.75,6339.45,1363
2016-02-02,6216.6,6335.0,6130.1,6238.15,2949
2016-02-03,6238.0,6263.95,6080.85,6102.6,1268
2016-02-04,6132.0,6346.05,6090.0,6226.2,1921
2016-02-05,6226.0,6255.0,6121.0,6179.95,1778
2016-02-08,6209.9,6345.0,6209.9,6294.45,8003
2016-02-09,6291.9,6344.95,6075.0,6261.1,2402
2016-02-10,6300.0,6310.0,6111.0,6152.8,1858
2016-02-11,6231.0,6270.0,5980.0,6040.2,4675
2016-02-12,6040.0,6040.0,5615.65,5719.25,5222
2016-02-15,5775.0,5990.0,5775.0,5907.65,2813
2016-02-16,5907.65,5907.65,5611.0,5687.7,4208
2016-02-17,5715.0,5800.0,5602.0,5686.4,3542
2016-02-18,5749.95,5817.7,5683.0,5742.7,5064
2016-02-19,5700.0,5760.9,5600.0,5622.05,1757
2016-02-22,5698.0,5885.0,5625.05,5807.45,2933
2016-02-23,5807.0,5889.65,5634.0,5796.45,4738
2016-02-24,5796.0,5854.3,5640.15,5670.15,2119
2016-02-25,5670.0,5700.0,5576.35,5622.7,2264
2016-02-26,5640.05,5773.55,5570.0,5594.35,2066
2016-02-29,5650.0,5650.0,5312.5,5349.25,2967
2016-03-01,5390.0,5668.1,5355.1,5597.5,14420
2016-03-02,5597.5,5790.0,5511.15,5590.0,2562
2016-03-03,5670.0,5780.0,5590.0,5697.45,4367
2016-03-04,5697.0,5697.0,5512.0,5585.2,10813
2016-03-08,5600.0,5800.0,5532.0,5755.95,8368
2016-03-09,5700.1,5718.0,5562.05,5603.1,8374
2016-03-10,5639.9,5650.05,5555.55,5598.75,4549
2016-03-11,5600.0,5740.0,5555.0,5716.75,2016
2016-03-14,5766.0,5801.0,5750.0,5786.3,4518
2016-03-15,5701.0,5799.95,5554.8,5589.85,4790
2016-03-16,5610.0,5679.0,5560.0,5582.65,2587
2016-03-17,5630.0,5630.0,5511.05,5559.95,4260
2016-03-18,5619.0,5629.95,5425.05,5484.8,7584
2016-03-21,5500.0,6299.0,5500.0,6064.1,15248
2016-03-22,6064.1,6340.0,5905.25,6205.2,12688
2016-03-23,6205.0,6246.95,6080.05,6180.6,10781
2016-03-28,6180.0,6370.0,6010.0,6212.05,6647
2016-03-29,6212.05,6276.0,5940.0,5995.3,8303
2016-03-30,6100.0,6149.95,6000.0,6108.75,43007
2016-03-31,6050.0,6135.3,6006.6,6050.0,6230
2016-04-01,6050.0,6190.0,6035.6,6133.85,3033
2016-04-04,6133.0,6259.0,6132.95,6217.4,2110
2016-04-05,6217.0,6217.0,6111.0,6193.05,5037
2016-04-06,6200.0,6350.0,6130.1,6178.85,4871
2016-04-07,6178.0,6210.0,6058.1,6106.45,5290
2016-04-08,6100.0,6272.6,6090.0,6146.2,2336
2016-04-11,6110.0,6270.0,6110.0,6245.2,1353
2016-04-12,6279.0,6341.25,6200.0,6313.35,4304
2016-04-13,6340.0,6418.15,6300.0,6362.9,5738
2016-04-18,6370.0,6400.05,6210.1,6249.2,7389
2016-04-20,6288.95,6299.0,6155.0,6196.7,3751
2016-04-21,6205.0,6228.0,5955.1,5978.35,6059
2016-04-22,6051.0,6051.0,5920.0,5955.95,2811
2016-04-25,6029.75,6029.75,5900.0,5925.2,2436
2016-04-26,5925.0,5944.75,5816.0,5894.45,2228
2016-04-27,5900.15,5947.8,5851.05,5877.3,1888
2016-04-28,5933.4,5940.0,5700.0,5729.65,6170
2016-04-29,5788.95,5820.0,5657.0,5675.75,11222
2016-05-02,5700.0,5700.0,5589.6,5599.2,5230
2016-05-03,5610.0,5675.0,5555.1,5594.1,4438
2016-05-04,5640.0,5640.0,5492.0,5513.3,4028
2016-05-05,5542.0,5542.0,5430.0,5457.95,3072
2016-05-06,5543.0,5543.0,5396.0,5405.4,3210
2016-05-09,5426.55,5490.0,5280.0,5313.9,13695
2016-05-10,5328.0,5478.0,5300.0,5332.25,7171
2016-05-11,5320.0,5466.0,5285.0,5415.9,5614
2016-05-12,5468.85,5468.85,5424.95,5445.9,3517
2016-05-13,5450.0,5484.0,5375.0,5399.6,29034
2016-05-16,5415.0,5466.0,5370.0,5407.0,27651
2016-05-17,5460.0,5460.0,5371.05,5423.25,3008
2016-05-18,5430.0,5452.85,5402.1,5436.95,1748
2016-05-19,5450.0,5578.0,5413.0,5451.3,7250
2016-05-20,5470.15,5549.0,5375.0,5420.95,9783
2016-05-23,5430.0,5475.95,5345.0,5372.15,14127
2016-05-24,5386.55,5445.15,5260.0,5282.35,5037
2016-05-25,5286.55,5420.4,5286.55,5301.25,3198
2016-05-26,5348.0,5425.0,5336.0,5397.75,2994
2016-05-27,5420.0,5538.8,5400.0,5493.0,4190
2016-05-30,5538.0,5573.0,5425.0,5466.55,4409
2016-05-31,5500.0,5543.0,5425.0,5438.3,14731
2016-06-01,5485.0,5749.5,5410.5,5671.55,8914
2016-06-02,5601.1,5895.0,5575.9,5811.6,9214
2016-06-03,5811.5,5905.0,5788.0,5882.15,4411
2016-06-06,5928.0,5955.55,5861.6,5895.15,2710
2016-06-07,5955.0,6030.0,5899.65,6007.4,4372
2016-06-08,6000.0,6169.95,5999.95,6089.1,6784
2016-06-09,6127.0,6149.9,5890.0,5907.6,8656
2016-06-10,5980.0,6150.0,5930.0,6049.35,13362
2016-06-13,6039.0,6039.0,5811.1,5848.7,7154
2016-06-14,5922.0,5941.0,5855.0,5878.35,3531
2016-06-15,5934.9,5934.95,5825.0,5831.9,1588
2016-06-16,5900.0,5907.65,5770.0,5870.0,4233
2016-06-17,5900.0,5929.95,5801.0,5847.1,2055
2016-06-20,5801.0,5919.8,5800.0,5876.4,2184
2016-06-21,5900.0,5900.0,5835.15,5862.7,2104
2016-06-22,5947.0,5947.0,5821.0,5874.2,1480
2016-06-23,5944.0,5944.0,5805.0,5824.35,1942
2016-06-24,5770.0,5809.95,5550.0,5753.95,5362
2016-06-27,5838.85,5844.95,5729.95,5805.55,3192
2016-06-28,5811.0,5811.0,5735.0,5769.25,3502
2016-06-29,5780.0,5897.9,5780.0,5877.95,3216
2016-06-30,5903.0,5998.9,5877.6,5961.65,4186
2016-07-01,5962.0,6078.6,5919.65,5944.4,8194
2016-07-04,5993.0,6070.0,5945.0,5990.45,2577
2016-07-05,6000.0,6090.05,5961.0,6052.1,2538
2016-07-07,6098.9,6098.9,5965.0,6002.6,11999
2016-07-08,6030.0,6030.0,5955.0,5959.25,1629
2016-07-11,6020.0,6070.0,5985.0,6007.6,5077
2016-07-12,6007.0,6028.95,5959.95,5989.65,1323
2016-07-13,5989.0,6069.0,5959.0,6034.4,28204
2016-07-14,6005.05,6116.0,6005.0,6076.7,3758
2016-07-15,6050.2,6105.5,6005.0,6034.15,1903
2016-07-18,6050.0,6091.0,5989.85,6027.65,3641
2016-07-19,6027.0,6043.5,5903.05,5988.0,4448
2016-07-20,5999.95,6039.0,5970.0,6026.85,2821
2016-07-21,6001.1,6038.0,5951.1,5977.45,1606
2016-07-22,5977.5,5982.0,5913.0,5932.25,1547
2016-07-25,6018.0,6020.0,5925.05,5999.9,1730
2016-07-26,6000.0,6000.0,5900.1,5925.25,1739
2016-07-27,5926.0,6005.0,5890.0,5941.55,5163
2016-07-28,5941.0,6000.0,5871.95,5934.95,9716
2016-07-29,5930.0,5930.0,5730.0,5845.75,81328
2016-08-01,5840.0,5930.05,5746.75,5769.0,7309
2016-08-02,5775.0,5800.0,5675.0,5707.95,4652
2016-08-03,5775.0,5775.0,5681.05,5709.65,4134
2016-08-04,5775.0,5799.95,5711.05,5739.35,3588
2016-08-05,5785.0,5785.0,5665.1,5689.65,1869
2016-08-08,5698.5,5799.0,5649.95,5754.55,3244
2016-08-09,5754.0,5760.0,5625.0,5648.0,2316
2016-08-10,5709.0,5709.0,5620.0,5644.05,989
2016-08-11,5644.0,5650.0,5471.0,5500.65,4596
2016-08-12,5600.0,5600.0,5457.7,5488.9,3237
2016-08-16,5540.0,5555.0,5427.0,5454.9,7630
2016-08-17,5454.9,5470.0,5400.05,5452.5,3283
2016-08-18,5490.0,5575.0,5489.85,5543.7,1649
2016-08-19,5543.0,5545.0,5475.1,5492.85,6035
2016-08-22,5520.0,5532.15,5440.0,5461.15,2196
2016-08-23,5506.15,5506.15,5400.05,5438.75,1546
2016-08-24,5460.0,5469.15,5265.0,5292.45,13377
2016-08-25,5349.0,5393.0,5280.0,5326.65,4608
2016-08-26,5355.0,5355.0,5096.0,5127.1,19576
2016-08-29,5245.0,5245.0,4888.0,5083.05,107922
2016-08-30,5150.0,5225.25,5074.5,5207.5,20318
2016-08-31,5216.85,5480.0,5216.85,5443.65,11982
2016-09-01,5450.0,5614.5,5350.0,5589.95,8866
2016-09-02,5600.0,5614.0,5408.8,5532.75,2536
2016-09-06,5533.0,5592.8,5480.05,5546.05,6190
2016-09-07,5547.0,5690.0,5467.7,5613.35,11223
2016-09-08,5613.0,5640.0,5555.0,5615.8,1927
2016-09-09,5615.0,5720.0,5559.0,5686.2,12321
2016-09-12,5600.0,5636.0,5430.0,5470.15,3177
2016-09-14,5524.5,5550.0,5374.0,5394.75,8758
2016-09-15,5394.0,5500.0,5394.0,5445.35,3745
2016-09-16,5449.95,5580.0,5445.0,5545.85,6588
2016-09-19,5591.0,5614.5,5460.0,5510.15,18467
2016-09-20,5542.0,5542.0,5451.5,5498.3,4952
2016-09-21,5544.0,5550.0,5468.5,5525.25,14393
2016-09-22,5552.05,5575.0,5498.0,5530.4,1674
2016-09-23,5540.0,5540.15,5375.0,5390.25,33031
2016-09-26,5390.05,5423.0,5300.0,5326.25,19989
2016-09-27,5400.0,5400.0,5310.9,5344.75,5506
2016-09-28,5355.0,5530.0,5355.0,5505.05,3228
2016-09-29,5560.1,5560.1,5400.0,5467.35,7354
2016-09-30,5500.0,5549.0,5300.0,5482.15,2599
2016-10-03,5535.0,5550.0,5491.0,5524.5,7813
2016-10-04,5568.0,5574.0,5477.0,5557.6,1636
2016-10-05,5556.0,5620.0,5460.85,5474.5,3122
2016-10-06,5480.0,5539.0,5450.0,5521.8,1957
2016-10-07,5521.0,5521.0,5450.0,5487.8,1139
2016-10-10,5535.0,5600.0,5523.2,5563.2,3388
2016-10-13,5500.7,5500.7,5320.0,5332.95,13097
2016-10-14,5335.0,5356.55,5250.0,5260.3,11947
2016-10-17,5343.0,5343.0,5170.0,5198.2,27653
2016-10-18,5198.05,5231.1,5180.6,5196.2,9723
2016-10-19,5231.0,5231.0,5097.05,5135.15,6695
2016-10-20,5186.15,5186.15,5090.0,5107.4,6456
2016-10-21,5108.0,5119.1,5035.1,5051.5,6977
2016-10-24,5100.0,5119.0,5029.0,5046.7,5932
2016-10-25,5100.0,5150.0,5031.4,5057.55,2956
2016-10-26,5060.0,5130.0,5057.0,5093.0,3769
2016-10-27,5120.0,5180.0,5053.0,5080.45,6231
2016-10-28,5105.0,5105.0,5050.1,5083.2,5601
2016-10-30,5120.0,5165.0,5101.1,5144.75,1057
2016-11-01,5149.0,5175.0,5079.95,5097.8,21587
2016-11-02,5090.05,5135.0,5050.0,5111.15,6359
2016-11-03,5111.05,5149.95,5101.75,5127.75,4361
2016-11-04,5061.0,5175.0,5052.0,5097.2,3314
2016-11-07,5150.0,5150.0,5075.15,5093.9,3010
2016-11-08,5085.0,5110.0,5070.05,5089.65,4263
2016-11-09,4998.9,5078.9,4750.0,5053.6,4540
2016-11-10,5150.0,5150.0,5051.05,5118.35,3013
2016-11-11,5052.15,5133.6,4953.0,4994.8,3970
2016-11-15,4990.0,5098.95,4667.35,4898.45,8828
2016-11-16,4935.0,4935.0,4750.0,4790.65,7895
2016-11-17,4852.9,4852.9,4600.05,4674.65,58219
2016-11-18,4662.9,4674.05,4605.0,4627.3,5005
2016-11-21,4688.65,4688.65,4584.6,4623.1,6843
2016-11-22,4625.0,4641.95,4500.0,4605.15,10628
2016-11-23,4550.15,4680.0,4534.65,4643.25,8449
2016-11-24,4678.95,4678.95,4550.1,4565.7,2795
2016-11-25,4567.25,4650.05,4566.1,4623.9,1597
2016-11-28,4603.05,4640.0,4600.0,4614.4,3042
2016-11-29,4610.05,4615.9,4500.0,4530.7,8602
2016-11-30,4578.95,4837.0,4530.05,4756.35,8997
2016-12-01,4794.0,4820.0,4665.0,4697.95,5277
2016-12-02,4680.0,4686.65,4592.0,4602.35,1972
2016-12-05,4612.25,4631.9,4602.55,4613.5,1710
2016-12-06,4655.0,4655.0,4583.0,4597.55,13793
2016-12-07,4609.15,4615.9,4570.0,4581.75,954
2016-12-08,4632.95,4632.95,4580.0,4599.05,2913
2016-12-09,4601.0,4631.05,4564.05,4589.85,1336
2016-12-12,4601.0,4601.0,4560.0,4563.5,2072
2016-12-13,4573.5,4575.0,4538.15,4551.7,1750
2016-12-14,4573.0,4573.0,4415.0,4456.9,5158
2016-12-15,4456.6,4540.0,4445.15,4508.95,2407
2016-12-16,4575.0,4575.0,4420.0,4443.1,4433
2016-12-19,4510.0,4510.0,4400.0,4425.2,1481
2016-12-20,4430.05,4430.05,4340.05,4356.85,5197
2016-12-21,4388.95,4420.0,4346.8,4360.7,2050
2016-12-22,4398.0,4398.0,4330.0,4355.95,1464
2016-12-23,4399.0,4399.0,4215.0,4280.75,4277
2016-12-26,4350.0,4350.0,4235.15,4261.15,7103
2016-12-27,4226.0,4275.05,4170.0,4181.35,7473
2016-12-28,4217.95,4270.7,4200.1,4247.65,10835
2016-12-29,4190.65,4371.95,4190.65,4336.8,7184
2016-12-30,4336.85,4420.0,4333.0,4385.45,3455
2017-01-02,4385.45,4490.0,4313.4,4467.9,9488
2017-01-03,4532.0,4532.0,4450.0,4479.4,4118
2017-01-04,4467.45,4525.0,4444.55,4474.8,2675
2017-01-05,4510.0,4510.0,4432.5,4443.2,3059
2017-01-06,4440.0,4485.0,4380.6,4442.3,2252
2017-01-09,4500.0,4500.0,4400.0,4420.9,52968
2017-01-10,4403.15,4474.7,4402.05,4467.85,2066
2017-01-11,4477.0,4525.0,4475.0,4498.75,3183
2017-01-12,4539.85,4550.0,4492.5,4511.1,3801
2017-01-13,4516.05,4516.05,4430.0,4438.65,1200
2017-01-16,4430.05,4495.0,4403.7,4433.1,1425
2017-01-17,4474.0,4489.0,4411.05,4453.3,1696
2017-01-18,4459.95,4485.0,4440.05,4469.2,1574
2017-01-19,4464.1,4505.0,4434.25,4439.45,11689
2017-01-20,4457.35,4550.0,4457.35,4526.85,3181
2017-01-23,4550.0,4600.0,4464.0,4585.3,2052
2017-01-24,4592.95,4605.0,4550.0,4594.6,5327
2017-01-25,4581.0,4624.5,4525.0,4574.05,3175
2017-01-27,4574.05,4574.05,4470.45,4480.95,6728
2017-01-30,4519.9,4519.9,4365.0,4387.45,5293
2017-01-31,4430.0,4430.0,4338.7,4354.5,2753
2017-02-01,4359.95,4399.75,4340.0,4350.05,2970
2017-02-02,4351.1,4384.55,4266.0,4340.0,4014
2017-02-03,4341.3,4375.0,4312.0,4321.05,4441
2017-02-06,4358.95,4359.95,4303.9,4312.25,7126
2017-02-07,4352.8,4374.95,4275.0,4290.5,20464
2017-02-08,4250.0,4342.0,4205.4,4273.5,18688
2017-02-09,4275.0,4321.0,4250.05,4282.9,6950
2017-02-10,4261.0,4298.9,4205.15,4243.85,8499
2017-02-13,4230.4,4240.0,4177.0,4192.8,6178
2017-02-14,4234.95,4235.0,4180.0,4194.05,5496
2017-02-15,4206.95,4207.0,4162.1,4177.85,4267
2017-02-16,4183.8,4195.75,4160.65,4176.9,2407
2017-02-17,4177.2,4275.0,4172.1,4215.5,43269
2017-02-20,4200.5,4300.0,4200.5,4283.2,6461
2017-02-21,4300.0,4330.0,4285.0,4315.85,27093
2017-02-22,4275.1,4327.8,4275.0,4289.55,18241
2017-02-23,4290.05,4310.9,4221.5,4276.95,4767
2017-02-27,4299.0,4324.95,4277.95,4289.9,8351
2017-02-28,4280.15,4340.05,4272.05,4286.3,17175
2017-03-01,4290.05,4310.05,4275.0,4289.3,15599
2017-03-02,4339.2,4339.25,4250.0,4291.6,17650
2017-03-03,4277.2,4300.0,4269.55,4290.4,2649
2017-03-06,4284.0,4321.7,4256.0,4275.2,6545
2017-03-07,4300.0,4411.0,4280.05,4377.45,7472
2017-03-08,4376.0,4449.0,4340.9,4424.0,7590
2017-03-09,4449.85,4499.0,4394.55,4474.3,6390
2017-03-10,4500.0,4777.0,4475.0,4687.5,36088
2017-03-14,4758.0,4895.0,4710.25,4864.3,12921
2017-03-15,4875.0,5300.0,4767.0,5103.15,31788
2017-03-16,5185.6,5278.0,5039.6,5079.85,18144
2017-03-17,5065.0,5168.0,4900.05,5048.55,15118
2017-03-20,5048.55,5148.0,4985.0,5081.6,18598
2017-03-21,5051.1,5107.7,5051.1,5087.2,9306
2017-03-22,5053.7,5244.8,4986.7,5151.25,17725
2017-03-23,5111.0,5230.0,5065.05,5113.15,6648
2017-03-24,5140.85,5174.0,5012.5,5085.7,33814
2017-03-27,5039.0,5108.0,5022.0,5089.85,7064
2017-03-28,5098.95,5116.95,5010.1,5033.5,4404
2017-03-29,5050.0,5125.0,4960.0,5003.5,14149
2017-03-30,5019.0,5220.0,5009.95,5179.05,17638
2017-03-31,5215.0,5245.0,5125.5,5203.5,5339
2017-04-03,5224.95,5290.0,5180.0,5259.1,3465
2017-04-05,5213.0,5250.0,5188.0,5226.95,5727
2017-04-06,5250.0,5269.55,5132.05,5158.4,5025
2017-04-07,5190.0,5240.0,5070.0,5101.05,7450
2017-04-10,5090.0,5096.6,5030.0,5057.15,25902
2017-04-11,5046.05,5150.0,5000.0,5121.0,5623
2017-04-12,5122.0,5125.05,5030.1,5051.95,7157
2017-04-13,5080.0,5080.0,4990.0,5008.7,4488
2017-04-17,5034.9,5035.0,4880.0,4907.45,5538
2017-04-18,4890.0,4960.0,4855.9,4890.9,6194
2017-04-19,4929.95,4930.0,4860.0,4888.0,4243
2017-04-20,4865.25,4925.0,4825.0,4865.9,1896
2017-04-21,4866.0,4906.0,4830.0,4861.1,1683
2017-04-24,4869.85,4931.9,4854.0,4871.7,1693
2017-04-25,4878.0,4920.0,4871.7,4901.65,3326
2017-04-26,4949.0,4949.0,4841.6,4877.6,2413
2017-04-27,4850.05,4947.8,4840.0,4925.15,5929
2017-04-28,4926.05,4934.95,4832.8,4878.4,7966
2017-05-02,4870.0,4925.0,4753.7,4830.65,5915
2017-05-03,4815.05,4824.95,4651.05,4730.45,5099
2017-05-04,4730.0,4830.0,4730.0,4805.5,2984
2017-05-05,4847.9,4848.0,4735.55,4804.85,4762
2017-05-08,4730.05,4750.0,4675.0,4687.2,3966
2017-05-09,4660.0,4761.15,4600.25,4611.45,3876
2017-05-10,4615.0,4699.0,4615.0,4682.2,4349
2017-05-11,4670.0,4700.0,4567.0,4599.2,6907
2017-05-12,4634.85,4659.6,4488.05,4538.45,3152
2017-05-15,4549.0,4590.0,4491.05,4578.3,7635
2017-05-16,4580.0,4600.05,4490.0,4524.15,4360
2017-05-17,4580.0,4580.0,4380.0,4396.8,12716
2017-05-18,4420.0,4445.95,4286.55,4341.4,12728
2017-05-19,4378.0,4418.65,4300.0,4314.75,16254
2017-05-22,4358.0,4394.95,4212.0,4227.75,11685
2017-05-23,4250.0,4275.0,4180.5,4200.7,8720
2017-05-24,4212.1,4409.1,4197.0,4362.75,13222
2017-05-25,4363.0,4395.0,4280.0,4335.55,6141
2017-05-26,4362.75,4473.9,4311.1,4394.1,79219
2017-05-29,4478.0,4490.0,4401.0,4411.25,5430
2017-05-30,4401.0,4443.9,4400.15,4417.15,1663
2017-05-31,4450.0,4450.0,4402.5,4420.65,6149
2017-06-01,4449.75,4449.8,4403.0,4411.75,1877
2017-06-02,4416.2,4471.75,4401.0,4462.3,2776
2017-06-05,4500.0,4500.0,4427.95,4467.8,2585
2017-06-06,4430.5,4480.0,4410.3,4422.0,1282
2017-06-07,4405.0,4459.1,4351.0,4376.85,5280
2017-06-08,4398.0,4410.0,4388.05,4397.4,2199
2017-06-09,4400.0,4407.1,4350.0,4393.6,1892
2017-06-12,4450.0,4450.0,4330.0,4371.1,2191
2017-06-13,4355.55,4389.95,4311.05,4331.25,1368
2017-06-14,4335.0,4340.0,4280.0,4294.2,2413
2017-06-15,4330.0,4330.0,4201.3,4264.0,9950
2017-06-16,4261.0,4262.85,4164.95,4206.65,20738
2017-06-19,4284.95,4395.0,4210.0,4254.7,6689
2017-06-20,4263.1,4348.0,4230.0,4270.8,15704
2017-06-21,4270.0,4349.95,4235.1,4290.9,5531
2017-06-22,4300.05,4319.3,4250.25,4259.05,4731
2017-06-23,4290.0,4290.0,4230.0,4242.3,1983
2017-06-27,4225.0,4272.2,4175.0,4238.35,2552
2017-06-28,4249.95,4316.95,4213.0,4302.6,34738
2017-06-29,4303.05,4450.0,4302.6,4406.3,6633
2017-06-30,4470.0,4788.0,4444.9,4709.35,52117
2017-07-03,4800.0,4867.95,4780.0,4836.85,24018
2017-07-04,4832.0,4855.0,4651.1,4691.45,8776
2017-07-05,4675.0,4810.0,4675.0,4708.25,12886
2017-07-06,4701.0,4799.45,4690.05,4777.1,4645
2017-07-07,4737.15,4920.0,4720.05,4830.7,9714
2017-07-10,4920.0,4998.0,4774.0,4822.45,2269
2017-07-11,4800.0,4868.0,4678.0,4708.45,6055
2017-07-12,4675.0,4809.95,4675.0,4719.95,5783
2017-07-13,4719.95,4792.0,4719.9,4773.25,3979
2017-07-14,4600.0,4780.0,4600.0,4714.75,2567
2017-07-17,4714.8,4900.0,4700.0,4727.8,4579
2017-07-18,4759.85,4760.0,4578.65,4600.0,6683
2017-07-19,4600.0,4649.95,4501.3,4544.4,6787
2017-07-20,4579.0,4589.95,4452.1,4472.4,8201
2017-07-21,4471.0,4555.0,4425.0,4449.8,7683
2017-07-24,4456.6,4500.0,4375.05,4391.85,6683
2017-07-25,4435.7,4435.7,4335.05,4375.6,5365
2017-07-26,4444.0,4444.0,4354.9,4381.05,7333
2017-07-27,4424.9,4424.95,4360.0,4367.65,7286
2017-07-28,4325.1,4350.0,4236.0,4288.3,11902
2017-07-31,4349.95,4349.95,4250.0,4263.2,6565
2017-08-01,4319.0,4319.0,4229.2,4247.45,5986
2017-08-02,4251.0,4313.0,4200.0,4213.25,7680
2017-08-03,4265.95,4280.0,4170.0,4174.2,9727
2017-08-04,4217.0,4235.0,4165.0,4190.0,5738
2017-08-07,4200.05,4224.8,4134.1,4148.5,8880
2017-08-08,4199.0,4199.0,4078.0,4082.1,30555
2017-08-09,4082.1,4136.9,3933.05,3952.2,13061
2017-08-10,3997.0,4038.0,3843.1,3875.05,8064
2017-08-11,3885.0,3980.0,3830.0,3926.45,7010
2017-08-14,4020.0,4020.0,3870.0,3943.9,7417
2017-08-16,3989.0,4024.0,3951.0,4005.95,8086
2017-08-17,4001.05,4069.95,3990.1,4000.25,3393
2017-08-18,3998.55,4080.0,3975.05,4070.5,1659
2017-08-21,4099.9,4137.0,4062.1,4090.25,9254
2017-08-22,4092.0,4148.95,4032.05,4078.25,1872
2017-08-23,4098.35,4150.0,4089.05,4123.75,8815
2017-08-24,4134.95,4159.4,4090.0,4109.2,1725
2017-08-28,4140.0,4274.9,4100.0,4253.4,8135
2017-08-29,4202.0,4225.0,4193.15,4210.15,1802
2017-08-30,4159.6,4217.95,4156.25,4191.55,1190
2017-08-31,4164.05,4275.0,4164.05,4254.95,2086
2017-09-01,4277.95,4277.95,4200.0,4255.5,1188
2017-09-04,4274.0,4369.9,4245.1,4352.25,6416
2017-09-05,4350.0,4390.0,4266.05,4348.9,3571
2017-09-06,4341.0,4365.0,4282.05,4298.4,3709
2017-09-07,4348.0,4348.0,4276.0,4290.85,3718
2017-09-08,4277.0,4299.0,4259.95,4287.85,2452
2017-09-11,4261.1,4315.0,4188.0,4202.55,2194
2017-09-12,4230.0,4248.95,4190.0,4202.45,22269
2017-09-13,4202.45,4288.0,4168.65,4205.1,21213
2017-09-14,4280.95,4280.95,4188.1,4199.8,1221
2017-09-15,4155.05,4340.0,4155.05,4301.1,4561
2017-09-18,4346.4,4363.0,4280.0,4326.5,3003
2017-09-19,4326.45,4399.0,4263.05,4294.75,3577
2017-09-20,4299.95,4325.0,4249.1,4253.55,7755
2017-09-21,4310.0,4420.0,4250.0,4304.1,158329
2017-09-22,4280.0,4319.0,4134.45,4184.4,4668
2017-09-25,4190.0,4207.5,4095.0,4119.95,9195
2017-09-26,4090.4,4195.0,4075.5,4139.75,2247
2017-09-27,4140.0,4154.8,4070.0,4086.5,2504
2017-09-28,4104.1,4146.1,4045.35,4115.25,1666
2017-09-29,4128.1,4150.0,4110.05,4137.75,1729
2017-10-03,4116.05,4165.0,4099.0,4119.0,3217
2017-10-04,4185.0,4185.0,4085.0,4097.8,1993
2017-10-05,4097.8,4130.0,4075.0,4101.75,1471
2017-10-06,4169.95,4170.0,4090.15,4108.65,1617
2017-10-09,4100.0,4130.95,4100.0,4105.8,1327
2017-10-10,4106.0,4260.05,4105.0,4176.55,5949
2017-10-11,4244.0,4275.0,4159.15,4187.15,4398
2017-10-12,4150.05,4222.0,4150.0,4187.95,1162
2017-10-13,4187.95,4205.0,4087.9,4182.25,8134
2017-10-16,4150.0,4239.65,4089.95,4209.95,11062
2017-10-17,4240.4,4240.4,4122.1,4139.65,3228
2017-10-18,4100.0,4240.4,4060.0,4093.35,12682
2017-10-19,4114.0,4170.0,4076.95,4107.85,795
2017-10-23,4107.0,4130.1,4092.05,4108.5,1802
2017-10-24,4100.0,4111.0,4060.0,4074.85,1821
2017-10-25,4090.0,4184.9,4075.0,4154.4,6731
2017-10-26,4155.0,4200.0,4112.0,4174.95,3322
2017-10-27,4130.1,4200.0,4130.1,4187.7,2178
2017-10-30,4170.0,4300.0,4140.55,4150.55,10324
2017-10-31,4152.05,4200.0,4130.0,4193.15,6079
2017-11-01,4131.0,4218.0,4131.0,4149.05,5239
2017-11-02,4149.05,4188.0,4122.05,4137.7,39423
2017-11-03,4180.0,4180.0,4120.0,4142.15,33215
2017-11-06,4180.0,4180.0,4090.45,4100.1,17047
2017-11-07,4151.0,4151.0,4065.5,4081.95,15516
2017-11-08,4080.0,4094.7,4041.3,4072.15,86306
2017-11-09,4071.05,4080.0,4000.0,4021.65,112513
2017-11-10,4084.95,4151.65,4007.0,4072.45,4637
2017-11-13,4100.0,4170.0,4080.0,4094.0,8686
2017-11-14,4085.0,4085.9,4015.0,4041.75,7356
2017-11-15,4011.05,4041.0,3976.0,3997.65,5639
2017-11-16,4000.0,4000.05,3957.7,3969.25,2507
2017-11-17,3980.0,4159.95,3969.0,4104.7,20359
2017-11-20,4125.0,4220.1,4068.0,4101.25,8478
2017-11-21,4101.25,4219.9,4101.2,4193.85,10514
2017-11-22,4168.0,4265.95,4101.3,4172.35,12984
2017-11-23,4173.65,4190.9,4158.05,4168.8,4638
2017-11-24,4151.0,4160.0,4105.0,4118.7,3650
2017-11-27,4120.0,4194.0,4110.2,4123.35,2579
2017-11-28,4130.05,4149.0,4127.0,4131.4,3214
2017-11-29,4149.45,4253.0,4084.0,4094.1,8890
2017-11-30,4149.95,4149.95,4079.7,4112.35,17147
2017-12-01,4135.0,4150.0,4088.0,4094.75,1064
2017-12-04,4098.8,4170.0,4098.0,4154.3,3721
2017-12-05,4154.35,4154.35,4085.25,4137.85,3520
2017-12-06,4100.1,4142.0,4090.0,4098.85,14846
2017-12-07,4100.15,4165.0,4100.1,4153.8,5681
2017-12-08,4175.05,4399.0,4145.0,4319.5,17391
2017-12-11,4326.0,4551.05,4260.0,4516.7,20313
2017-12-12,4536.0,4674.0,4480.0,4646.95,22974
2017-12-13,4646.95,4720.0,4580.05,4683.9,18010
2017-12-14,4670.0,4688.0,4550.0,4602.3,5964
2017-12-15,4585.5,4679.8,4585.5,4636.3,7138
2017-12-18,4568.9,4639.95,4515.15,4599.3,29734
2017-12-19,4600.0,4650.2,4546.3,4608.15,4816
2017-12-20,4614.65,4614.65,4400.0,4452.05,8098
2017-12-21,4415.0,4548.0,4415.0,4532.8,5557
2017-12-22,4532.8,4664.4,4455.95,4620.05,9431
2017-12-26,4551.0,4637.0,4544.9,4564.85,5256
2017-12-27,4620.0,4630.0,4525.05,4622.45,6424
2017-12-28,4600.0,4630.0,4568.55,4601.35,44622
2017-12-29,4600.0,4643.65,4545.0,4552.85,4646
2018-01-01,4552.85,4619.95,4552.85,4600.3,6581
2018-01-02,4645.0,4645.0,4565.0,4587.25,1881
2018-01-03,4600.0,4623.95,4566.05,4598.05,2387
2018-01-04,4614.9,4640.0,4584.95,4631.65,5653
2018-01-05,4669.95,4746.95,4601.0,4728.0,18277
2018-01-08,4740.0,4795.0,4653.5,4677.1,27761
2018-01-09,4677.0,4687.9,4535.15,4581.95,8855
2018-01-10,4536.05,4615.9,4536.05,4594.0,2111
2018-01-11,4629.9,4704.95,4616.05,4682.7,20474
2018-01-12,4682.75,4810.25,4633.05,4730.35,11199
2018-01-15,4780.0,4800.0,4722.0,4787.5,28257
2018-01-16,4751.05,4810.25,4705.55,4737.65,6448
2018-01-17,4681.0,4795.0,4660.05,4735.8,5997
2018-01-18,4795.0,4795.0,4621.0,4707.2,5208
2018-01-19,4735.05,4735.05,4605.0,4645.5,9187
2018-01-22,4645.5,4749.0,4645.5,4731.45,2894
2018-01-23,4742.0,4780.0,4651.05,4721.25,6055
2018-01-24,4686.3,4746.5,4671.05,4697.7,12998
2018-01-25,4651.0,4697.0,4615.05,4651.9,2644
2018-01-29,4629.0,4705.0,4471.0,4679.95,8596
2018-01-30,4668.05,4747.0,4520.1,4631.9,12137
2018-01-31,4699.0,4747.0,4598.0,4681.85,15058
2018-02-01,4700.0,4710.0,4631.0,4673.9,2764
2018-02-02,4615.4,4660.7,4500.0,4620.15,9298
2018-02-05,4510.4,4824.0,4405.4,4693.35,7776
2018-02-06,4560.0,4634.75,4439.0,4551.05,6396
2018-02-07,4560.0,4637.5,4507.5,4554.1,5574
2018-02-08,4564.1,4625.0,4530.0,4566.05,2700
2018-02-09,4465.5,4580.0,4420.5,4521.6,30924
2018-02-12,4505.0,4560.0,4460.0,4495.8,45333
2018-02-14,4499.0,4567.0,4499.0,4541.55,20004
2018-02-15,4540.0,4677.0,4516.1,4555.45,21520
2018-02-16,4589.95,4590.0,4465.5,4512.3,2597
2018-02-19,4500.4,4531.9,4420.0,4444.65,3147
2018-02-20,4490.0,4499.9,4352.95,4392.1,1541
2018-02-21,4370.0,4425.0,4256.0,4285.45,4150
2018-02-22,4287.7,4295.95,4222.0,4240.15,1720
2018-02-23,4241.0,4241.0,4170.25,4193.1,8940
2018-02-26,4248.0,4315.0,4238.85,4285.5,4210
2018-02-27,4320.85,4325.0,4251.0,4284.1,1831
2018-02-28,4250.0,4325.0,4248.1,4284.15,4092
2018-03-01,4253.25,4320.0,4253.25,4303.5,24825
2018-03-05,4261.05,4355.0,4257.05,4310.5,1728
2018-03-06,4383.0,4383.0,4240.0,4295.95,24202
2018-03-07,4260.0,4290.0,4211.0,4227.0,1736
2018-03-08,4195.4,4281.7,4195.4,4264.1,901
2018-03-09,4252.75,4262.9,4188.0,4229.1,23524
2018-03-12,4250.05,4250.05,4130.0,4179.65,17661
2018-03-13,4190.95,4215.0,4160.0,4182.45,8582
2018-03-14,4170.1,4181.9,4149.85,4158.25,28715
2018-03-15,4150.05,4163.9,4131.1,4158.1,17036
2018-03-16,4160.4,4163.7,4010.6,4069.4,15364
2018-03-19,4060.0,4079.95,4040.0,4054.8,12458
2018-03-20,4050.0,4050.0,3975.0,3980.65,5360
2018-03-21,4002.65,4022.95,3950.5,3997.4,8484
2018-03-22,4000.0,4014.85,3925.95,3938.05,4515
2018-03-23,3900.0,3919.95,3850.0,3868.1,5771
2018-03-26,3859.3,3859.3,3756.0,3789.7,24643
2018-03-27,3782.2,3879.0,3757.05,3821.9,8289
2018-03-28,3820.9,3820.9,3705.0,3768.75,4796
2018-04-02,3808.5,3813.95,3729.0,3770.45,3973
2018-04-03,3775.05,3790.0,3730.0,3740.7,5331
2018-04-04,3775.0,3804.5,3731.0,3747.95,10631
2018-04-05,3799.9,3800.0,3723.0,3755.85,14158
2018-04-06,3772.0,3783.7,3725.5,3743.45,7258
2018-04-09,3760.0,3760.0,3712.0,3730.3,6133
2018-04-10,3731.0,3884.4,3731.0,3835.6,9854
2018-04-11,3864.35,3864.35,3695.75,3716.3,35233
2018-04-12,3746.0,3874.0,3701.0,3752.25,11071
2018-04-13,3780.0,3875.95,3744.05,3834.2,18136
2018-04-16,3761.4,3835.0,3752.0,3817.2,10965
2018-04-17,3807.0,3837.0,3780.0,3808.75,8410
2018-04-18,3806.0,3838.0,3785.15,3803.75,10197
2018-04-19,3847.9,3865.0,3802.0,3846.55,12876
2018-04-20,3879.95,3879.95,3804.0,3837.05,7561
2018-04-23,3847.0,3883.25,3828.05,3847.9,11711
2018-04-24,3859.95,3978.0,3839.45,3908.1,14495
2018-04-25,3945.0,4039.9,3824.05,3860.05,19059
2018-04-26,3860.0,3932.55,3777.0,3808.75,32897
2018-04-27,3837.3,3860.0,3770.0,3790.35,3770
2018-04-30,3790.35,3815.0,3646.55,3688.65,34292
2018-05-02,3650.1,3718.0,3625.5,3643.15,11016
2018-05-03,3641.0,3725.0,3626.6,3688.05,10347
2018-05-04,3688.3,3688.3,3455.0,3526.8,32090
2018-05-07,3526.8,3595.0,3526.8,3584.8,3273
2018-05-08,3600.0,3640.0,3560.0,3575.15,6680
2018-05-09,3560.0,3597.45,3490.0,3527.75,12641
2018-05-10,3538.65,3550.0,3490.0,3507.8,3192
2018-05-11,3455.0,3525.0,3215.15,3311.45,23513
2018-05-14,3300.1,3379.0,3234.1,3358.9,9003
2018-05-15,3358.9,3359.05,3280.0,3291.45,3961
2018-05-16,3255.0,3408.95,3255.0,3359.9,4335
2018-05-17,3340.0,3376.95,3305.1,3330.1,5223
2018-05-18,3330.0,3358.9,3302.0,3344.1,7359
2018-05-21,3340.0,3360.0,3262.5,3280.2,38819
2018-05-22,3280.05,3349.9,3222.85,3293.7,2041
2018-05-23,3293.75,3355.0,3261.0,3349.0,4975
2018-05-24,3379.0,3420.0,3308.65,3373.0,2212
2018-05-25,3399.95,3529.9,3330.0,3502.9,4761
2018-05-28,3475.0,3570.0,3475.0,3540.15,2571
2018-05-29,3530.0,3606.5,3373.75,3413.45,5844
2018-05-30,3414.0,3492.0,3380.0,3419.9,2531
2018-05-31,3450.0,3470.0,3390.0,3449.9,2962
2018-06-01,3424.0,3687.0,3424.0,3636.55,18304
2018-06-04,3636.55,3650.0,3535.35,3600.45,25767
2018-06-05,3563.15,3565.0,3442.0,3472.4,5906
2018-06-06,3469.9,3573.95,3390.0,3536.55,2130
2018-06-07,3510.0,3538.8,3454.4,3485.15,5578
2018-06-08,3478.0,3479.9,3411.35,3439.8,2126
2018-06-11,3510.0,3510.0,3405.25,3475.95,11204
2018-06-12,3473.7,3519.95,3453.05,3501.3,31703
2018-06-13,3507.0,3534.15,3485.0,3514.65,3934
2018-06-14,3474.0,3509.55,3470.4,3495.15,2061
2018-06-15,3511.35,3650.0,3481.8,3618.2,11571
2018-06-18,3580.0,3824.0,3565.0,3752.8,8079
2018-06-19,3749.8,3865.0,3640.1,3689.7,51228
2018-06-20,3689.65,3740.9,3652.55,3701.55,2237
2018-06-21,3749.0,3775.0,3560.0,3634.5,5320
2018-06-22,3649.95,3649.95,3550.0,3585.8,13183
2018-06-25,3599.7,3637.75,3566.1,3598.7,14101
2018-06-26,3600.1,3637.95,3585.0,3611.75,1499
2018-06-27,3633.0,3650.0,3480.0,3537.4,9798
2018-06-28,3570.0,3620.25,3500.0,3555.8,10287
2018-06-29,3588.0,3694.0,3525.05,3659.2,4679
2018-07-02,3693.5,3729.05,3622.0,3655.5,7419
2018-07-03,3715.0,3715.0,3650.3,3665.45,4362
2018-07-04,3699.0,3699.0,3608.55,3632.45,1594
2018-07-05,3697.0,3699.0,3580.0,3608.6,5886
2018-07-06,3608.6,3650.0,3590.25,3621.45,2258
2018-07-09,3621.45,3650.5,3618.0,3649.95,2186
2018-07-10,3622.0,3670.35,3620.2,3645.85,2271
2018-07-11,3633.3,3646.0,3583.1,3598.25,20246
2018-07-12,3598.35,3620.3,3582.65,3596.15,1415
2018-07-13,3629.95,3629.95,3585.65,3599.9,12822
2018-07-16,3600.0,3600.0,3544.05,3583.15,857
2018-07-17,3556.7,3573.1,3510.0,3533.5,920
2018-07-18,3505.15,3585.0,3505.0,3577.25,1975
2018-07-19,3580.1,3588.9,3535.0,3573.65,881
2018-07-20,3505.3,3588.0,3493.25,3539.95,2679
2018-07-23,3546.95,3579.25,3533.1,3550.4,20149
2018-07-24,3599.0,3721.0,3552.6,3695.4,2510
2018-07-25,3726.7,3726.7,3612.3,3678.75,1092
2018-07-26,3670.0,3750.0,3670.0,3744.25,2369
2018-07-27,3750.0,3750.0,3712.75,3748.05,1470
2018-07-30,3755.85,3831.0,3720.05,3822.7,3235
2018-07-31,3899.0,3920.0,3670.0,3706.75,16573
2018-08-01,3704.0,3711.25,3633.0,3666.45,4034
2018-08-02,3670.0,3675.7,3590.0,3596.45,9540
2018-08-03,3590.0,3714.4,3590.0,3700.85,3575
2018-08-06,3719.0,3732.25,3606.0,3621.5,1420
2018-08-07,3646.25,3649.0,3565.2,3611.45,1926
2018-08-08,3587.9,3625.0,3551.35,3578.4,64680
2018-08-09,3645.6,3648.65,3540.15,3554.35,1644
2018-08-10,3560.0,3589.25,3540.0,3553.1,1131
2018-08-13,3540.0,3595.0,3500.5,3570.75,1632
2018-08-14,3534.95,3680.0,3534.95,3648.9,1937
2018-08-16,3600.1,3661.15,3600.0,3630.55,2132
2018-08-17,3649.3,3660.05,3565.4,3599.25,1392
2018-08-20,3616.9,3640.0,3583.7,3606.95,1031
2018-08-21,3615.0,3615.0,3561.0,3583.85,788
2018-08-23,3600.0,3640.0,3536.9,3548.1,1576
2018-08-24,3538.25,3541.0,3487.05,3527.8,3277
2018-08-27,3527.8,3527.8,3472.75,3502.0,2168
2018-08-28,3502.0,3559.9,3466.6,3479.25,1317
2018-08-29,3480.0,3513.0,3453.05,3472.7,1073
2018-08-30,3473.0,3495.9,3450.0,3468.85,1291
2018-08-31,3468.85,3499.0,3441.2,3469.85,8193
2018-09-03,3499.95,3499.95,3425.05,3444.9,1553
2018-09-04,3449.5,3480.0,3388.0,3398.2,2410
2018-09-05,3447.0,3447.0,3362.65,3365.1,1376
2018-09-06,3365.0,3393.2,3325.0,3351.25,1502
2018-09-07,3356.0,3373.45,3314.0,3317.45,3273
2018-09-10,3318.0,3400.0,3282.0,3302.65,2191
2018-09-11,3327.05,3400.0,3250.0,3259.0,4173
2018-09-12,3259.0,3269.0,3180.5,3192.75,4358
2018-09-14,3200.0,3239.05,3150.0,3159.35,7021
2018-09-17,3160.0,3199.5,3151.0,3165.1,2500
2018-09-18,3199.0,3199.0,3094.65,3109.8,8497
2018-09-19,3103.0,3170.0,3079.0,3103.0,2479
2018-09-21,3119.6,3197.05,3050.0,3081.65,3560
2018-09-24,3150.0,3150.0,3000.0,3010.75,15539
2018-09-25,2990.0,3037.95,2988.95,2994.55,9467
2018-09-26,2991.0,3067.35,2980.0,3004.85,2450
2018-09-27,3000.0,3013.25,2992.7,3012.05,1443
2018-09-28,3000.0,3012.05,2925.0,2998.3,7344
2018-10-01,2955.0,3000.05,2850.0,2940.25,2313
2018-10-03,2978.85,3000.0,2920.5,2967.55,1144
2018-10-04,2949.95,2988.6,2905.1,2961.5,1533
2018-10-05,2981.95,2981.95,2882.0,2892.25,11873
2018-10-08,2850.0,2916.0,2850.0,2893.75,1321
2018-10-09,2895.15,2906.0,2732.05,2784.4,3023
2018-10-10,2799.15,2825.05,2758.25,2800.2,4524
2018-10-11,2800.0,2819.8,2760.0,2783.85,2101
2018-10-12,2818.9,2900.0,2790.0,2795.25,2191
2018-10-15,2898.5,2898.5,2796.0,2806.35,1876
2018-10-16,2800.05,2838.25,2782.0,2831.1,3473
2018-10-17,2825.1,2850.65,2767.0,2782.85,3118
2018-10-19,2792.15,2829.9,2750.0,2798.55,73399
2018-10-22,2850.0,2850.0,2732.3,2742.7,1762
2018-10-23,2732.2,2787.7,2643.2,2660.45,2134
2018-10-24,2650.2,2776.65,2645.0,2686.1,2288
2018-10-25,2625.35,2694.9,2625.35,2660.35,1244
2018-10-26,2620.0,2719.0,2620.0,2703.35,1835
2018-10-29,2700.0,2806.0,2651.25,2774.0,2349
2018-10-30,2751.05,2840.0,2663.0,2799.8,5087
2018-10-31,2800.0,2825.95,2770.75,2801.0,3989
2018-11-01,2751.05,2850.0,2680.0,2726.7,5450
2018-11-02,2780.7,2795.0,2740.0,2746.75,3192
2018-11-05,2730.0,2785.0,2724.95,2772.5,1588
2018-11-06,2770.0,2885.0,2753.7,2799.15,12755
2018-11-07,2834.95,2850.0,2801.0,2842.6,631
2018-11-09,2849.0,2989.0,2769.5,2973.5,7703
2018-11-12,2997.0,2999.7,2890.15,2925.65,2352
2018-11-13,2926.0,2945.0,2890.0,2919.8,1352
2018-11-14,2920.0,2980.0,2915.0,2968.3,2298
2018-11-15,2950.0,3080.0,2940.05,3057.05,3451
2018-11-16,3065.95,3150.0,3062.55,3134.7,3455
2018-11-19,3150.0,3175.0,3100.65,3132.35,1584
2018-11-20,3133.0,3155.0,3100.0,3120.2,1145
2018-11-21,3170.9,3173.95,3078.7,3104.95,2436
2018-11-22,3125.0,3140.0,3047.05,3059.55,4600
2018-11-26,3060.0,3100.0,2990.0,2994.1,2824
2018-11-27,2990.0,3200.0,2935.45,3042.6,6985
2018-11-28,2990.0,3125.0,2990.0,3058.45,2654
2018-11-29,3100.0,3200.0,3071.05,3165.2,6677
2018-11-30,3155.0,3214.0,3060.0,3097.15,7782
2018-12-03,3100.0,3131.2,3100.0,3117.25,807
2018-12-04,3129.3,3223.95,3098.55,3120.5,63612
2018-12-05,3148.6,3189.95,3119.45,3145.35,2137
2018-12-06,3145.15,3170.0,3077.5,3101.6,7472
2018-12-07,3100.0,3145.5,3078.95,3090.4,46410
2018-12-10,3089.15,3089.15,3002.0,3018.0,2390
2018-12-11,3017.7,3074.0,2992.55,3027.0,4662
2018-12-12,3051.2,3080.0,3010.0,3069.55,119171
2018-12-13,3080.0,3140.2,3078.0,3106.55,2288
2018-12-14,3084.05,3138.4,3081.65,3110.85,1901
2018-12-17,3147.0,3147.0,3081.0,3088.4,1372
2018-12-18,3084.0,3100.0,2974.95,3046.2,3001
2018-12-19,3046.2,3137.25,3046.2,3095.65,29545
2018-12-20,3080.05,3215.95,3050.0,3145.3,47450
2018-12-21,3120.3,3182.95,3113.0,3167.45,3765
2018-12-24,3170.95,3174.95,3107.7,3121.85,3971
2018-12-26,3090.0,3213.35,3025.5,3176.5,4722
2018-12-27,3195.45,3280.4,3167.3,3249.9,3294
2018-12-28,3240.1,3390.0,3195.85,3309.95,7099
2019-01-01,3409.95,3434.0,3320.0,3413.75,3533
2019-01-02,3409.9,3410.05,3330.0,3365.9,4900
2019-01-03,3361.15,3405.0,3340.1,3358.85,1825
2019-01-04,3333.0,3374.85,3301.0,3348.85,2599
2019-01-07,3348.0,3396.85,3300.0,3320.3,2198
2019-01-08,3287.0,3310.05,3287.0,3298.75,1131
2019-01-09,3310.1,3349.0,3285.0,3291.2,1253
2019-01-10,3291.2,3339.0,3267.0,3286.85,1073
2019-01-11,3275.35,3330.0,3232.0,3252.65,2050
2019-01-14,3299.2,3299.2,3215.45,3270.35,1141
2019-01-15,3286.7,3298.95,3180.0,3201.85,2188
2019-01-16,3180.0,3313.45,3180.0,3285.4,2892
2019-01-17,3285.45,3360.0,3285.45,3336.7,3114
2019-01-18,3335.7,3335.7,3313.0,3327.15,1522
2019-01-21,3360.0,3360.0,3240.0,3246.9,1056
2019-01-22,3219.0,3271.3,3060.5,3103.0,121505
2019-01-23,3129.95,3130.0,3050.5,3062.8,1341
2019-01-24,3050.0,3126.45,2970.0,2992.2,1873
2019-01-25,3005.95,3049.0,2950.0,2996.8,71297
2019-01-28,3001.7,3001.7,2885.05,2940.75,3617
2019-01-29,2920.0,3065.0,2920.0,2973.1,4175
2019-01-30,2975.0,3040.0,2911.05,3006.3,2138
2019-01-31,3055.0,3204.45,3050.0,3188.85,12849
2019-02-01,3105.05,3235.0,3105.05,3182.2,2027
2019-02-04,3177.4,3200.0,3147.55,3170.9,2158
2019-02-05,3162.1,3162.1,3033.95,3093.1,5525
2019-02-06,3062.35,3114.95,3062.2,3098.9,1730
2019-02-07,3100.6,3115.0,3069.95,3099.95,2313
2019-02-08,3090.05,3128.7,3055.0,3117.1,811
2019-02-11,3101.9,3127.0,3080.95,3121.95,525
2019-02-12,3126.0,3132.0,3076.75,3102.85,1283
2019-02-13,3076.55,3090.1,3006.6,3048.05,626
2019-02-14,3009.65,3065.0,3006.6,3038.7,1199
2019-02-15,3021.1,3060.0,3012.0,3045.45,881
2019-02-18,3048.4,3049.95,2985.0,3020.35,10099
2019-02-19,2962.0,3050.0,2962.0,3029.8,1116
2019-02-20,3009.1,3034.4,2980.0,2996.05,541
2019-02-21,3010.4,3042.0,2975.0,2992.15,757
2019-02-22,2999.55,3199.0,2960.75,3110.4,3459
2019-02-25,3108.8,3156.25,3041.0,3061.3,1936
2019-02-26,3052.8,3118.85,3021.05,3093.1,1313
2019-02-27,3110.8,3204.0,3054.0,3130.65,2527
2019-02-28,3169.0,3230.0,3100.0,3127.8,2144
2019-03-01,3169.95,3170.0,3122.95,3143.65,1112
2019-03-05,3128.6,3148.95,3095.1,3133.55,2598
2019-03-06,3140.15,3260.0,3140.15,3193.55,3666
2019-03-07,3260.0,3260.0,3200.0,3234.25,4660
2019-03-08,3296.9,3296.9,3190.0,3196.85,3504
2019-03-11,3248.9,3248.9,3196.0,3220.6,2412
2019-03-12,3264.0,3270.0,3225.0,3235.65,2198
2019-03-13,3250.85,3257.0,3201.0,3212.1,1891
2019-03-14,3265.0,3265.0,3210.35,3233.45,2567
2019-03-15,3234.0,3300.0,3234.0,3285.4,4729
2019-03-18,3336.0,3340.9,3265.0,3312.2,3798
2019-03-19,3327.05,3557.0,3317.95,3489.05,10410
2019-03-20,3521.0,3521.0,3384.4,3415.65,3711
2019-03-22,3479.8,3506.0,3402.7,3485.25,3802
2019-03-25,3480.0,3492.9,3372.4,3390.85,2977
2019-03-26,3372.4,3468.4,3372.4,3444.95,2711
2019-03-27,3470.45,3500.0,3405.1,3468.75,2817
2019-03-28,3435.0,3700.0,3418.45,3593.65,6280
2019-03-29,3607.0,3650.0,3550.0,3593.85,6408
2019-04-01,3639.0,3643.45,3550.0,3562.7,1417
2019-04-02,3591.95,3620.0,3464.95,3488.25,2140
2019-04-03,3498.7,3535.0,3342.0,3367.25,3482
2019-04-04,3361.85,3410.7,3290.0,3345.9,3987
2019-04-05,3344.35,3469.0,3311.3,3334.6,2689
2019-04-08,3378.0,3400.65,3334.6,3358.85,2260
2019-04-09,3318.0,3350.0,3252.0,3273.05,3300
2019-04-10,3262.0,3300.0,3257.15,3279.9,972
2019-04-11,3274.1,3300.0,3244.0,3250.7,1632
2019-04-12,3250.0,3281.1,3235.0,3254.7,2058
2019-04-15,3257.7,3350.0,3222.0,3284.7,2575
2019-04-16,3286.4,3334.85,3220.0,3242.6,4191
2019-04-18,3277.0,3277.0,3220.0,3230.85,3915
2019-04-22,3267.0,3267.0,3123.1,3224.3,2745
2019-04-23,3192.0,3241.35,3175.45,3210.35,1695
2019-04-24,3200.0,3213.85,3170.0,3183.8,1136
2019-04-25,3155.75,3199.9,3102.25,3124.1,1912
2019-04-26,3133.05,3145.0,3075.0,3081.9,2091
2019-04-30,3079.95,3310.0,3045.0,3289.7,9477
2019-05-02,3201.0,3302.2,3201.0,3222.0,1280
2019-05-03,3222.05,3222.05,3139.95,3161.85,1576
2019-05-06,3155.0,3155.0,3075.0,3093.75,1877
2019-05-07,3117.0,3117.0,2952.0,3028.65,8761
2019-05-08,2995.75,3002.0,2971.0,2997.75,973
2019-05-09,3054.0,3054.0,2982.05,3001.9,997
2019-05-10,2975.0,3059.95,2975.0,3006.75,892
2019-05-13,3027.1,3027.1,2944.1,2958.45,1099
2019-05-14,2932.0,2977.95,2932.0,2951.5,591
2019-05-15,2945.45,2976.0,2931.0,2932.8,640
2019-05-16,2912.15,2962.85,2900.0,2915.4,1122
2019-05-17,2825.0,2849.95,2680.0,2714.3,17685
2019-05-20,2850.0,2850.0,2700.0,2733.95,6660
2019-05-21,2733.0,2759.6,2694.0,2699.1,2660
2019-05-22,2700.45,2733.45,2691.55,2702.75,2829
2019-05-23,2700.15,2749.0,2700.0,2702.35,21511
2019-05-24,2705.95,2730.0,2697.0,2699.7,1975
2019-05-27,2699.65,2780.0,2699.65,2752.6,3566
2019-05-28,2797.9,2797.9,2700.0,2748.95,4108
2019-05-29,2722.0,2760.0,2690.9,2703.9,2391
2019-05-30,2735.25,2735.25,2680.0,2687.35,1932
2019-05-31,2709.95,2800.0,2644.95,2710.55,8144
2019-06-03,2650.2,2750.0,2650.2,2696.8,15187
2019-06-04,2748.0,2748.0,2644.7,2662.55,15925
2019-06-06,2730.0,2737.25,2665.0,2682.7,1902
2019-06-07,2700.0,2716.0,2651.0,2668.85,1242
2019-06-10,2687.35,2740.0,2655.0,2716.45,2718
2019-06-11,2726.9,2726.9,2692.55,2701.65,1603
2019-06-12,2721.05,2721.05,2680.2,2701.1,1146
2019-06-13,2705.0,2743.0,2682.45,2719.15,1474
2019-06-14,2706.1,2722.45,2700.1,2705.55,1740
2019-06-17,2709.3,2749.0,2662.65,2740.45,2910
2019-06-18,2768.0,2823.65,2715.0,2730.55,9746
2019-06-19,2739.95,2760.0,2665.0,2691.4,1016
2019-06-20,2689.0,2716.2,2653.45,2690.65,719
2019-06-21,2692.45,2747.95,2663.8,2728.25,1354
2019-06-24,2722.45,2743.0,2680.0,2708.15,713
2019-06-25,2708.2,2717.7,2655.55,2683.75,1123
2019-06-26,2670.5,2708.15,2644.7,2655.0,3640
2019-06-27,2667.3,2700.0,2650.0,2655.65,2799
2019-06-28,2670.0,2699.0,2659.95,2685.1,1236
2019-07-01,2675.0,2698.0,2660.0,2666.8,2155
2019-07-02,2680.1,2689.05,2632.0,2639.6,1932
2019-07-03,2646.0,2679.9,2640.2,2648.55,895
2019-07-04,2659.8,2685.0,2641.0,2664.6,880
2019-07-05,2678.95,2747.0,2652.0,2655.6,2287
2019-07-08,2660.55,2663.2,2625.05,2632.55,1043
2019-07-09,2690.0,2690.0,2601.0,2602.45,1504
2019-07-10,2619.0,2621.35,2600.0,2606.85,918
2019-07-11,2600.0,2615.0,2584.0,2587.45,824
2019-07-12,2589.3,2624.0,2560.0,2570.9,1386
2019-07-15,2565.95,2597.9,2430.85,2470.65,3610
2019-07-16,2494.7,2494.7,2381.55,2391.55,4442
2019-07-17,2405.0,2442.75,2349.1,2400.65,49966
2019-07-18,2400.65,2430.0,2395.0,2400.45,2948
2019-07-19,2406.0,2459.1,2390.1,2403.9,6624
2019-07-22,2390.0,2403.3,2382.0,2388.55,1187
2019-07-23,2402.8,2430.0,2378.0,2402.6,3060
2019-07-24,2403.25,2412.45,2392.5,2398.6,12005
2019-07-25,2400.05,2450.0,2399.0,2427.35,2829
2019-07-26,2425.0,2425.0,2398.55,2405.2,1785
2019-07-29,2447.95,2447.95,2381.15,2400.45,2045
2019-07-30,2439.95,2439.95,2398.05,2402.1,1112
2019-07-31,2398.3,2426.35,2370.0,2400.65,23507
2019-08-01,2392.0,2410.0,2180.05,2344.7,54804
2019-08-02,2320.0,2334.9,2279.0,2300.75,12302
2019-08-05,2275.0,2399.95,2270.0,2324.55,9133
2019-08-06,2357.0,2358.0,2300.0,2302.8,1702
2019-08-07,2441.0,2441.0,2300.0,2319.25,2296
2019-08-08,2301.1,2325.0,2301.1,2322.15,568
2019-08-09,2299.0,2325.0,2266.05,2316.15,2028
2019-08-13,2301.5,2319.25,2250.0,2257.75,1613
2019-08-14,2266.25,2325.0,2266.0,2313.65,1531
2019-08-16,2270.05,2310.0,2260.55,2300.1,1992
2019-08-19,2318.95,2438.05,2268.6,2323.1,24243
2019-08-20,2324.9,2338.85,2264.0,2274.5,1230
2019-08-21,2255.0,2320.0,2205.0,2226.8,1584
2019-08-22,2205.1,2241.65,2188.0,2222.75,1446
2019-08-23,2192.0,2334.0,2192.0,2215.65,3685
2019-08-26,2210.0,2264.8,2208.0,2231.15,756
2019-08-27,2223.0,2290.0,2208.0,2218.85,2143
2019-08-28,2232.4,2245.0,2200.95,2227.35,939
2019-08-29,2218.25,2240.15,2205.0,2210.55,891
2019-08-30,2219.35,2300.0,2201.45,2246.7,1239
2019-09-03,2265.0,2265.0,2220.0,2229.65,784
2019-09-04,2250.0,2250.0,2156.0,2175.0,1091
2019-09-05,2155.15,2209.15,2155.05,2169.35,642
2019-09-06,2169.35,2240.0,2169.35,2229.25,693
2019-09-09,2230.05,2411.95,2225.0,2350.45,58805
2019-09-11,2348.3,2447.5,2302.05,2381.6,3852
2019-09-12,2388.6,2443.95,2354.0,2377.35,1064
2019-09-13,2377.3,2390.0,2350.0,2368.65,646
2019-09-16,2430.0,2430.0,2300.1,2329.4,2530
2019-09-17,2336.5,2340.5,2225.0,2234.7,1631
2019-09-18,2275.0,2275.0,2208.0,2216.0,1565
2019-09-19,2200.2,2240.0,2190.0,2200.3,1734
2019-09-20,2200.1,2300.0,2148.85,2240.05,68362
2019-09-23,2300.0,2350.0,2225.55,2308.35,6073
2019-09-24,2350.0,2421.95,2312.5,2378.15,19912
2019-09-25,2351.2,2378.25,2299.0,2326.85,4926
2019-09-26,2326.85,2339.3,2245.0,2320.5,8063
2019-09-27,2296.95,2389.9,2292.0,2356.3,7620
2019-09-30,2382.0,2589.9,2335.5,2484.2,26309
2019-10-01,2490.0,2590.1,2350.0,2481.65,12775
2019-10-03,2501.55,2501.55,2350.0,2384.55,5383
2019-10-04,2389.0,2425.1,2316.05,2334.35,4069
2019-10-07,2335.0,2351.95,2220.0,2233.8,4094
2019-10-09,2236.5,2319.95,2233.0,2285.4,3327
2019-10-10,2285.9,2320.0,2270.0,2296.1,6022
2019-10-11,2296.0,2360.0,2270.0,2297.15,2790
2019-10-14,2295.95,2330.0,2245.0,2294.85,3675
2019-10-15,2304.1,2304.1,2254.05,2272.45,2396
2019-10-16,2255.65,2295.0,2255.65,2270.8,1335
2019-10-17,2271.15,2320.0,2271.0,2293.6,1959
2019-10-18,2293.65,2320.0,2265.0,2284.05,3117
2019-10-22,2284.05,2342.9,2269.2,2328.6,3175
2019-10-23,2328.6,2351.0,2313.15,2341.45,1470
2019-10-24,2370.0,2370.0,2288.65,2300.0,82409
2019-10-25,2303.05,2409.9,2290.1,2389.05,3537
2019-10-27,2420.0,2650.0,2316.1,2372.65,1755
2019-10-29,2362.75,2405.3,2350.0,2382.0,4211
2019-10-30,2400.55,2410.0,2382.6,2399.0,4223
2019-10-31,2409.9,2460.0,2366.55,2406.7,13036
2019-11-01,2449.95,2463.0,2365.55,2388.05,22505
2019-11-04,2398.6,2407.95,2286.0,2315.55,4375
2019-11-05,2335.0,2375.0,2265.0,2328.35,6510
2019-11-06,2303.95,2329.0,2281.05,2284.6,3626
2019-11-07,2329.0,2329.0,2267.0,2289.85,1639
2019-11-08,2277.0,2292.25,2255.0,2260.8,1641
2019-11-11,2262.1,2291.9,2222.2,2244.95,2145
2019-11-13,2245.0,2245.0,2165.7,2183.15,8795
2019-11-14,2200.0,2223.3,2167.1,2173.1,2380
2019-11-15,2174.0,2199.0,2140.0,2151.9,3021
2019-11-18,2179.5,2189.9,2152.55,2159.4,3272
2019-11-19,2150.0,2169.1,2135.0,2140.55,4431
2019-11-20,2141.0,2189.95,2110.0,2121.7,4139
2019-11-21,2111.0,2160.1,2104.0,2122.7,5123
2019-11-22,2122.7,2146.15,2101.0,2114.05,4212
2019-11-25,2102.05,2120.05,2040.25,2060.75,132006
2019-11-26,2075.0,2075.0,2040.05,2050.3,18863
2019-11-27,2016.0,2068.95,2016.0,2065.4,11464
2019-11-28,2060.0,2077.0,2050.0,2062.55,7222
2019-11-29,2055.0,2074.0,2050.0,2050.7,10845
2019-12-02,2045.0,2075.0,2045.0,2059.65,4312
2019-12-03,2055.6,2075.0,2049.25,2070.1,2729
2019-12-04,2077.0,2429.5,2077.0,2301.4,35835
2019-12-05,2388.0,2388.0,2245.45,2283.2,31100
2019-12-06,2297.5,2317.45,2219.2,2230.4,6760
2019-12-09,2220.0,2345.0,2181.75,2215.9,7701
2019-12-10,2233.8,2233.85,2151.0,2164.65,2205
2019-12-11,2192.8,2223.15,2160.3,2182.05,2715
2019-12-12,2215.45,2219.0,2172.1,2200.0,6465
2019-12-13,2215.4,2227.95,2161.95,2186.05,34198
2019-12-16,2163.0,2190.0,2155.0,2160.0,4042
2019-12-17,2164.1,2249.75,2134.65,2214.2,5801
2019-12-18,2219.0,2255.0,2202.2,2246.45,6271
2019-12-19,2224.0,2293.3,2209.7,2245.0,2591
2019-12-20,2232.35,2251.7,2230.0,2239.75,9495
2019-12-23,2252.7,2283.85,2208.65,2241.15,4369
2019-12-24,2243.05,2274.0,2221.25,2233.2,1350
2019-12-26,2235.05,2235.05,2167.0,2177.05,3000
2019-12-27,2180.9,2250.0,2178.0,2225.55,4792
2019-12-30,2228.6,2228.6,2172.25,2191.05,9780
