date,open,high,low,close,volume
2009-03-05,31.95,31.95,31.25,31.45,2097238
2009-03-06,31.4,32.0,31.3,31.6,3911626
2009-03-09,31.4,31.4,29.2,29.5,4931998
2009-03-12,29.5,30.85,29.2,29.6,9832990
2009-03-13,29.65,29.65,28.5,28.75,5881546
2009-03-16,29.15,30.15,29.15,30.0,9210874
2009-03-17,30.0,30.05,28.85,29.55,10740502
2009-03-18,29.35,29.4,27.95,28.4,10494934
2009-03-19,28.25,28.55,27.7,28.25,5830618
2009-03-20,28.1,28.15,27.45,27.75,6379738
2009-03-23,28.5,28.5,27.6,28.35,6207274
2009-03-24,28.35,29.5,28.15,29.15,14225134
2009-03-25,29.1,29.95,28.9,29.2,6415882
2009-03-26,29.4,30.25,29.15,29.95,10716742
2009-03-27,29.85,30.7,29.65,30.35,7263046
2009-03-30,30.35,31.5,30.25,30.75,7159570
2009-03-31,30.85,31.65,30.7,31.35,17083054
2009-04-01,31.65,31.85,30.2,30.4,5145982
2009-04-02,30.85,31.3,30.5,31.1,4999702
2009-04-06,31.35,31.5,30.2,31.2,10195090
2009-04-08,30.85,32.25,30.85,32.05,11064718
2009-04-09,32.05,32.7,31.7,32.0,5248462
2009-04-13,31.65,32.2,30.4,30.8,13155526
2009-04-15,30.9,31.4,30.1,30.7,18048634
2009-04-16,30.85,32.85,30.4,32.0,11839570
2009-04-17,32.1,33.3,32.0,32.35,11248798
2009-04-20,32.35,33.1,31.55,32.3,5878666
2009-04-21,32.5,33.1,32.05,32.15,3644278
2009-04-22,32.5,32.5,31.45,32.0,4418662
2009-04-23,31.75,32.15,31.35,32.0,1253134
2009-04-24,31.7,32.35,31.5,32.0,2330494
2009-04-27,32.4,32.4,31.2,31.5,5774254
2009-04-28,31.5,32.15,30.95,31.9,8420338
2009-04-29,32.25,32.55,31.5,32.3,10690654
2009-05-04,32.0,32.4,31.65,32.05,3709942
2009-05-05,31.75,32.25,30.85,31.0,6723094
2009-05-06,30.75,30.9,30.4,30.5,7327726
2009-05-07,30.35,30.55,29.8,29.95,6994186
2009-05-08,29.75,30.25,29.6,29.85,7486606
2009-05-11,29.75,29.85,29.05,29.55,9203794
2009-05-12,29.8,30.6,29.65,30.05,7952458
2009-05-13,30.4,30.75,29.6,30.2,12316954
2009-05-14,30.25,30.95,30.05,30.45,3203890
2009-05-15,30.55,31.2,29.6,30.85,11486758
2009-05-18,34.9,37.0,32.1,35.5,47398
2009-05-19,36.55,36.55,31.95,34.3,17406178
2009-05-20,33.35,35.3,33.0,33.7,11530630
2009-05-21,33.5,37.7,33.4,37.1,34285008
2009-05-22,37.45,38.0,35.45,37.3,19991530
2009-05-25,35.9,39.5,35.9,38.8,22126954
2009-05-26,39.15,39.9,36.85,37.15,16327942
2009-05-27,37.5,38.7,36.95,38.2,9281170
2009-05-28,38.2,38.75,36.75,37.35,14434270
2009-05-29,37.35,43.05,36.75,38.7,73378032
2009-06-01,39.6,40.6,38.75,39.3,22473166
2009-06-02,39.35,40.0,37.5,39.25,15050854
2009-06-03,39.65,40.65,37.85,38.35,16560658
2009-06-04,38.35,39.35,37.9,38.4,13480318
2009-06-05,38.5,40.25,37.85,39.35,19554082
2009-06-08,40.4,41.0,37.5,38.6,15436378
2009-06-09,37.9,38.15,35.4,37.35,28205926
2009-06-10,38.75,38.75,35.95,37.3,20051830
2009-06-11,38.25,38.25,34.95,35.5,16705834
2009-06-12,36.1,36.55,34.5,34.7,11340946
2009-06-15,34.6,36.3,34.35,35.75,12485698
2009-06-16,36.15,37.65,35.5,37.35,10856602
2009-06-17,37.1,37.25,35.45,36.35,6879286
2009-06-18,36.2,37.5,34.0,35.5,11225614
2009-06-19,40.4,40.4,34.85,35.25,6951202
2009-06-22,35.4,36.35,34.35,35.0,8885278
2009-06-23,34.9,35.8,34.75,35.3,6810178
2009-06-24,35.4,35.9,35.0,35.7,4016302
2009-06-25,36.1,36.1,34.4,34.6,18158218
2009-06-26,34.85,35.35,34.2,35.1,5219962
2009-06-29,35.4,36.35,35.35,35.55,6461266
2009-06-30,35.65,36.3,35.15,35.85,8143078
2009-07-01,34.65,38.5,34.65,37.95,11813746
2009-07-02,38.4,39.4,37.5,37.85,18190486
2009-07-03,37.75,38.75,37.75,38.3,9828550
2009-07-06,38.35,38.95,36.5,37.1,11156254
2009-07-07,37.0,38.1,36.95,37.1,5108110
2009-07-08,36.9,39.5,36.65,38.8,9845554
2009-07-09,39.15,39.7,38.75,39.4,9475222
2009-07-10,39.75,40.0,36.4,37.7,6678298
2009-07-13,35.65,38.2,35.65,37.2,3845230
2009-07-14,37.1,37.9,36.0,37.6,6057538
2009-07-15,37.65,38.95,37.05,38.45,4483678
2009-07-16,39.05,39.05,37.85,38.3,2843326
2009-07-17,38.35,38.6,37.35,38.3,4553986
2009-07-20,38.0,38.65,37.15,38.0,6622714
2009-07-21,37.85,38.0,37.4,37.5,7276630
2009-07-22,37.75,37.75,36.3,36.75,14046874
2009-07-23,37.4,38.05,36.65,37.65,9760726
2009-07-24,37.5,38.0,37.1,37.7,3342370
2009-07-27,37.5,37.85,36.9,37.65,3845422
2009-07-28,38.75,38.95,37.65,38.5,5946814
2009-07-29,39.1,39.35,37.7,39.1,8706010
2009-07-30,39.35,41.6,39.35,40.6,15484450
2009-07-31,41.15,41.15,39.2,39.5,12250654
2009-08-03,39.65,39.85,38.35,38.7,7107094
2009-08-04,38.75,42.2,37.95,40.65,17101318
2009-08-05,41.15,42.25,40.5,41.75,16430998
2009-08-06,41.5,43.6,41.5,42.35,16852450
2009-08-07,42.05,44.4,40.65,43.5,12432934
2009-08-10,44.6,45.35,40.85,41.45,10147114
2009-08-11,41.3,42.35,40.0,41.3,4776334
2009-08-12,41.25,43.15,41.05,42.55,9757066
2009-08-13,42.65,43.05,41.95,42.7,5145910
2009-08-14,43.0,44.1,42.7,43.55,11117434
2009-08-17,43.5,44.55,41.45,42.2,10102198
2009-08-18,42.15,43.75,41.95,43.25,5356018
2009-08-19,43.15,43.55,42.25,43.2,7363522
2009-08-20,43.15,43.65,42.4,43.0,4387822
2009-08-21,43.1,44.5,42.35,44.2,5729554
2009-08-24,44.6,44.6,42.9,43.15,6016054
2009-08-25,42.9,43.4,41.6,41.9,9367150
2009-08-26,41.8,42.45,41.45,41.75,7366102
2009-08-27,42.1,42.25,40.85,41.15,10386178
2009-08-28,40.35,41.9,40.35,41.1,6816862
2009-08-31,40.65,42.55,40.0,42.3,6406246
2009-09-01,42.9,43.55,42.25,42.7,7146262
2009-09-02,42.9,45.8,42.9,45.05,15354430
2009-09-03,45.0,46.8,45.0,46.2,17368006
2009-09-04,47.4,47.85,45.7,46.6,8010526
2009-09-07,48.15,50.1,46.85,49.65,22352974
2009-09-08,49.8,49.8,47.9,49.05,9504118
2009-09-09,48.75,48.75,46.45,46.9,11415826
2009-09-10,46.9,48.25,46.9,47.9,7665646
2009-09-11,47.9,48.3,45.75,46.6,10052602
2009-09-14,47.1,47.9,46.9,47.25,10697290
2009-09-15,47.6,48.65,47.1,47.5,9011986
2009-09-16,47.9,48.8,46.45,46.95,7957606
2009-09-17,47.1,47.3,44.2,44.65,16660150
2009-09-18,44.6,45.85,44.4,45.3,11452738
2009-09-22,45.8,47.05,45.7,46.7,7985830
2009-09-23,46.65,47.1,46.1,46.4,4248262
2009-09-24,46.5,48.1,46.4,47.8,10779322
2009-09-25,48.35,49.55,48.1,48.45,5783302
2009-09-29,49.1,49.1,47.15,47.35,4645918
2009-09-30,47.75,48.65,46.6,47.85,7599766
2009-10-01,47.55,47.6,46.05,46.4,8207950
2009-10-05,46.25,47.15,46.15,46.95,3004438
2009-10-06,47.1,47.5,45.85,46.1,16229134
2009-10-07,47.85,47.85,45.85,46.15,3027718
2009-10-08,46.25,48.0,46.2,47.3,5781622
2009-10-09,47.0,47.3,46.35,46.9,5241442
2009-10-12,46.7,47.3,46.25,47.1,3393034
2009-10-14,47.0,47.0,45.3,45.55,9567586
2009-10-15,45.0,45.85,44.35,44.8,8210362
2009-10-16,43.75,44.6,43.45,43.8,7817722
2009-10-17,43.75,44.25,42.9,44.05,1017394
2009-10-20,43.5,44.3,42.6,44.0,9509830
2009-10-21,44.25,44.85,43.05,43.55,7326142
2009-10-22,42.9,44.05,42.2,43.5,7213042
2009-10-23,43.4,44.4,43.0,43.25,5551330
2009-10-26,44.1,44.1,42.85,43.0,4115122
2009-10-27,43.0,43.5,41.75,42.75,8017078
2009-10-28,42.75,43.1,41.0,41.3,3169858
2009-10-29,40.85,43.0,40.15,42.1,7673074
2009-10-30,41.65,42.9,41.45,42.6,8218306
2009-11-03,42.4,43.5,41.7,42.05,5425066
2009-11-04,41.75,42.3,41.65,42.05,1637362
2009-11-05,42.4,42.4,41.45,42.1,2870626
2009-11-06,42.5,43.0,42.0,42.5,2219386
2009-11-09,42.85,43.3,42.25,43.2,3852622
2009-11-10,43.4,44.6,42.8,43.95,7479982
2009-11-11,44.35,45.1,42.9,43.2,8417134
2009-11-12,43.4,43.4,42.4,42.85,4437946
2009-11-13,43.5,43.85,42.6,43.55,10706062
2009-11-16,43.8,44.15,43.1,43.6,3926986
2009-11-17,44.0,44.15,42.7,43.3,4799170
2009-11-18,43.25,43.35,42.5,42.9,8600182
2009-11-19,42.5,43.15,42.1,42.3,6748162
2009-11-20,42.65,43.55,42.3,43.4,3696622
2009-11-23,43.4,44.3,43.1,43.95,4432786
2009-11-24,44.9,45.2,44.05,45.0,6859978
2009-11-25,45.15,48.65,45.15,48.05,17466634
2009-11-26,48.35,48.35,47.25,47.6,11532670
2009-11-27,47.6,49.4,46.85,48.45,9841414
2009-11-30,48.15,49.7,48.15,49.2,13846750
2009-12-01,49.4,51.4,48.45,50.45,11948578
2009-12-02,50.6,50.6,49.05,49.55,12481486
2009-12-03,50.4,50.8,49.2,50.3,6396970
2009-12-04,50.4,52.55,50.4,51.45,13699390
2009-12-07,51.75,52.15,51.2,51.95,6778486
2009-12-08,52.25,53.4,52.05,53.15,9292270
2009-12-09,53.1,53.8,52.5,52.9,6819346
2009-12-10,53.15,53.75,52.2,52.85,4757206
2009-12-11,53.15,53.3,51.65,51.85,5639422
2009-12-14,51.75,52.8,51.35,51.7,4204102
2009-12-15,51.4,51.95,50.95,51.3,5097106
2009-12-16,51.25,51.6,50.3,50.8,2702014
2009-12-17,50.9,50.9,49.6,49.9,5479498
2009-12-18,49.6,50.25,49.15,49.6,2807386
2009-12-21,49.55,49.85,48.9,49.5,5121166
2009-12-22,49.75,51.15,49.4,50.7,3389458
2009-12-23,51.15,51.4,50.55,50.9,9052078
2009-12-24,51.25,51.35,50.65,51.1,3596386
2009-12-29,50.9,52.15,50.7,51.25,3870670
2009-12-30,51.1,52.05,50.55,51.65,4043866
2009-12-31,51.7,53.25,51.5,52.95,15057466
2010-01-04,52.95,54.8,52.65,54.25,8574490
2010-01-05,54.7,54.7,53.25,53.4,9657742
2010-01-06,53.5,54.05,52.35,52.6,11658790
2010-01-07,52.6,53.1,51.2,51.6,11073502
2010-01-08,51.6,53.0,51.6,52.45,6865774
2010-01-11,52.75,53.5,52.05,52.3,5999218
2010-01-12,52.4,53.25,51.8,52.3,8602450
2010-01-13,52.65,53.55,51.8,52.5,9639406
2010-01-14,53.0,53.15,51.9,52.15,11102710
2010-01-15,52.25,52.7,51.25,51.45,5771338
2010-01-18,52.35,52.35,51.3,51.55,2665438
2010-01-19,51.55,52.45,50.25,50.45,5398270
2010-01-20,50.4,51.0,47.95,48.1,11995618
2010-01-21,48.7,48.9,47.2,47.8,5488198
2010-01-22,46.65,47.9,45.35,47.65,5595034
2010-01-25,47.9,47.9,46.35,47.5,2522014
2010-01-27,47.05,47.25,45.55,46.2,5549926
2010-01-28,47.1,47.25,44.45,45.2,10590634
2010-01-29,45.0,45.65,43.9,45.05,7842010
2010-02-01,45.65,49.15,45.4,48.65,11074558
2010-02-02,49.0,49.35,46.15,47.15,12864106
2010-02-03,47.5,48.7,46.85,48.35,7170022
2010-02-04,48.85,50.0,48.15,48.6,14772454
2010-02-05,48.35,48.6,46.75,47.35,7155550
2010-02-06,47.6,48.85,47.6,48.2,907438
2010-02-08,48.65,48.8,46.7,47.75,5056558
2010-02-09,47.3,47.9,46.45,46.7,4240594
2010-02-10,46.95,48.3,46.7,47.75,8534386
2010-02-11,48.35,48.75,46.8,47.2,9600298
2010-02-15,47.1,47.25,46.0,46.45,3930838
2010-02-16,46.65,47.85,46.35,47.5,2834890
2010-02-17,47.85,47.9,46.85,47.0,4306834
2010-02-18,47.4,51.1,46.75,49.25,26675050
2010-02-19,48.35,50.1,47.95,48.6,10731790
2010-02-22,48.75,49.75,48.05,49.35,8567758
2010-02-23,49.1,50.0,48.15,48.3,10161466
2010-02-24,47.9,48.9,47.9,48.5,3922150
2010-02-25,48.5,48.75,46.85,47.25,11466226
2010-02-26,47.7,49.65,46.55,47.0,18766666
2010-03-02,47.6,47.6,44.9,45.1,11484790
2010-03-03,45.15,45.8,44.85,45.15,5579674
2010-03-04,45.1,45.35,44.4,44.6,10751566
2010-03-05,44.75,45.2,44.75,45.0,9067114
2010-03-08,45.25,46.0,44.7,45.15,6785590
2010-03-09,45.5,45.8,44.6,44.7,9870634
2010-03-10,44.75,45.35,44.7,44.75,6288238
2010-03-11,44.65,44.9,43.75,44.15,7089334
2010-03-12,44.65,44.65,43.6,43.9,5192902
2010-03-15,44.75,44.9,43.35,44.0,4675006
2010-03-16,44.15,45.6,44.1,45.45,6379462
2010-03-17,45.6,45.75,44.7,44.85,5981854
2010-03-18,43.75,45.25,43.55,43.9,5885266
2010-03-19,44.15,44.25,43.35,43.55,6818122
2010-03-22,43.0,44.15,42.9,43.1,7041874
2010-03-23,44.15,44.6,42.4,42.65,12517186
2010-03-25,43.1,43.1,41.85,42.1,13769458
2010-03-26,42.1,42.9,41.95,42.5,9488350
2010-03-29,43.35,44.25,42.45,43.9,11004154
2010-03-30,44.15,44.35,43.4,43.5,4964254
2010-03-31,43.85,43.85,42.55,43.15,4819222
2010-04-01,43.2,43.3,42.6,42.65,2330926
2010-04-05,42.75,42.9,42.2,42.4,8340970
2010-04-06,42.4,43.15,42.15,42.25,10885486
2010-04-07,41.75,43.15,41.75,42.1,4475326
2010-04-08,42.4,42.8,41.85,42.4,7487206
2010-04-09,42.65,42.65,42.1,42.15,4152058
2010-04-12,42.25,42.6,41.1,41.7,10064338
2010-04-13,42.0,42.4,41.7,42.3,5900338
2010-04-15,42.3,42.6,41.95,42.35,10115278
2010-04-16,42.35,42.55,41.4,41.65,4469002
2010-04-19,41.25,42.35,41.25,41.6,4136662
2010-04-20,42.05,42.25,41.3,41.75,7092874
2010-04-21,41.75,41.9,41.4,41.65,3306454
2010-04-22,41.75,42.0,41.25,41.6,4043962
2010-04-23,41.65,42.1,41.25,41.55,3218506
2010-04-26,41.7,42.0,41.4,41.85,2837098
2010-04-27,42.0,42.5,41.8,41.95,4602562
2010-04-28,41.65,42.75,41.65,42.1,4370422
2010-04-29,42.2,42.5,40.7,40.95,6628090
2010-04-30,41.8,43.5,41.0,43.1,17011102
2010-05-03,43.4,44.0,42.95,43.25,7618510
2010-05-04,43.4,44.15,42.7,43.0,6286330
2010-05-05,42.5,44.35,42.4,43.9,9638254
2010-05-06,44.2,45.1,43.9,44.95,11643790
2010-05-07,44.7,47.05,44.6,45.8,14803546
2010-05-10,46.15,46.65,44.7,45.0,5403862
2010-05-11,45.4,45.5,44.6,45.15,3301654
2010-05-12,45.3,45.55,44.6,45.05,5028586
2010-05-13,45.2,45.65,44.3,44.8,6577198
2010-05-14,45.05,46.25,44.85,45.75,10100398
2010-05-17,46.1,46.3,44.95,45.2,6134170
2010-05-18,45.45,45.55,44.75,45.35,1961866
2010-05-19,45.4,45.75,44.9,45.35,4840138
2010-05-20,46.25,46.9,45.4,46.5,14468170
2010-05-21,46.0,46.7,45.2,46.55,14817178
2010-05-24,47.1,47.35,46.15,46.65,5967802
2010-05-25,47.0,47.0,45.5,45.8,5609098
2010-05-26,45.85,47.0,45.4,46.3,13837486
2010-05-27,46.25,47.9,46.1,47.75,13621690
2010-05-28,48.15,48.15,46.65,46.95,11655706
2010-05-31,47.1,49.1,46.85,48.45,14212078
2010-06-01,48.6,49.65,47.1,48.05,9745642
2010-06-02,48.65,48.7,47.65,47.95,3612826
2010-06-03,48.15,49.1,48.15,48.3,9746722
2010-06-04,48.6,49.15,47.3,48.3,18561946
2010-06-07,47.9,49.05,46.45,46.95,15933154
2010-06-08,46.4,46.4,44.7,45.3,15256246
2010-06-09,45.7,47.1,45.7,46.05,9906706
2010-06-10,46.45,46.5,45.5,45.9,3973030
2010-06-11,46.15,46.3,44.9,45.1,8574322
2010-06-14,45.55,47.2,45.25,46.95,9961450
2010-06-15,47.05,47.05,44.0,44.2,9503374
2010-06-16,44.2,44.9,42.95,44.5,16474270
2010-06-17,44.9,45.25,44.4,44.6,5569714
2010-06-18,45.0,45.0,43.25,43.5,10787218
2010-06-21,43.9,44.15,43.7,43.9,5392978
2010-06-22,43.85,46.3,43.85,45.85,15744838
2010-06-23,46.1,46.8,45.9,46.55,11620594
2010-06-24,46.85,47.1,45.7,45.9,8627818
2010-06-25,46.3,52.9,45.3,51.7,122441808
2010-06-28,52.0,54.5,50.45,53.55,122643032
2010-06-29,53.3,53.9,52.05,52.95,51177960
2010-06-30,52.4,56.05,52.1,55.25,71319864
2010-07-01,55.25,56.5,54.6,55.0,54190376
2010-07-02,55.4,56.15,55.1,55.55,29322862
2010-07-05,55.75,56.45,54.55,54.9,9839398
2010-07-06,55.0,55.75,54.25,55.3,16723942
2010-07-07,55.4,55.4,54.7,54.9,6611278
2010-07-08,55.5,58.55,55.15,58.2,49917488
2010-07-09,58.55,59.6,58.2,59.25,41452512
2010-07-12,59.25,59.6,57.25,57.5,17851318
2010-07-13,57.65,59.1,57.35,58.4,17108506
2010-07-14,58.9,59.9,57.65,58.4,24668926
2010-07-15,58.65,58.65,53.95,54.7,56752680
2010-07-16,52.15,55.8,52.15,55.1,36552800
2010-07-19,55.0,55.8,54.35,54.6,12208342
2010-07-20,54.6,55.3,53.05,53.4,18337942
2010-07-21,53.6,54.35,52.9,53.85,21111598
2010-07-22,53.75,54.4,53.15,53.45,21076942
2010-07-23,53.5,53.75,52.5,52.7,15784702
2010-07-26,52.1,52.85,51.8,52.0,12519886
2010-07-27,52.4,53.05,52.0,52.5,10000954
2010-07-28,52.85,54.0,52.75,53.65,17961082
2010-07-29,52.9,53.95,52.9,53.25,6451666
2010-07-30,53.1,54.55,52.55,53.45,26580514
2010-08-02,53.5,53.95,53.1,53.6,5874922
2010-08-03,53.5,54.85,53.25,54.5,16633750
2010-08-04,54.75,55.05,53.95,54.2,8515534
2010-08-05,54.1,55.15,53.55,54.25,10579162
2010-08-06,54.3,55.0,53.9,54.2,11416774
2010-08-09,54.35,54.75,53.75,53.95,8493598
2010-08-10,54.0,54.5,53.65,53.9,10059238
2010-08-11,54.15,55.7,53.95,55.05,26468458
2010-08-12,54.95,57.0,54.95,56.25,26375386
2010-08-13,56.5,57.65,55.8,55.9,8684806
2010-08-16,56.4,56.65,54.3,54.85,6551650
2010-08-17,54.9,56.65,54.85,56.1,14585242
2010-08-18,56.75,57.25,56.0,56.7,13980118
2010-08-19,56.75,57.1,56.05,56.4,4133266
2010-08-20,57.25,58.8,56.35,58.2,21284542
2010-08-23,58.5,65.1,58.35,64.65,103530608
2010-08-24,65.0,66.5,62.95,63.35,44172440
2010-08-25,63.35,64.6,62.35,62.65,26994202
2010-08-26,62.85,64.1,62.6,63.65,24156250
2010-08-27,63.45,66.8,62.65,64.7,50255264
2010-08-30,66.0,70.0,63.8,64.25,19951366
2010-08-31,64.1,64.75,61.85,63.45,18647098
2010-09-01,63.9,65.5,63.6,64.9,17319742
2010-09-02,65.15,65.75,64.6,64.9,12452266
2010-09-03,65.1,65.25,63.75,63.9,11076454
2010-09-06,64.0,64.4,63.3,63.6,12007066
2010-09-07,61.65,64.45,61.65,63.2,8995186
2010-09-08,62.85,63.9,62.2,63.1,18585754
2010-09-09,63.1,63.5,62.35,62.55,8749702
2010-09-13,62.65,63.05,61.75,62.7,16727374
2010-09-14,62.75,64.7,62.1,64.15,26795842
2010-09-15,64.0,64.95,63.6,63.9,15763258
2010-09-16,64.1,64.55,62.4,62.95,14493238
2010-09-17,63.5,64.2,62.85,63.8,11654866
2010-09-20,63.4,67.4,63.25,66.85,25724122
2010-09-21,68.15,68.15,65.75,66.15,18368614
2010-09-22,66.65,67.25,65.25,65.65,10633438
2010-09-23,65.85,66.15,64.4,65.25,8004838
2010-09-24,65.8,66.55,65.1,65.8,9418150
2010-09-27,66.25,66.75,65.4,65.7,11269186
2010-09-28,65.85,66.1,64.45,65.15,9348406
2010-09-29,65.15,65.45,63.2,63.75,10312726
2010-09-30,63.65,64.15,62.1,62.45,17448394
2010-10-01,62.5,63.55,62.15,62.95,9014602
2010-10-04,62.95,63.45,61.85,63.05,14108338
2010-10-05,63.1,64.25,62.65,63.75,11473942
2010-10-06,64.0,64.4,63.1,63.3,12150298
2010-10-07,63.35,64.7,62.15,62.75,16913998
2010-10-08,63.15,63.35,61.85,62.25,6902722
2010-10-11,62.65,62.8,61.65,62.0,8419894
2010-10-12,62.4,62.55,61.8,62.0,4382794
2010-10-13,61.65,63.55,61.65,63.4,7965070
2010-10-14,63.4,63.65,59.9,60.25,25038010
2010-10-15,60.65,60.65,57.4,57.95,33763856
2010-10-18,58.75,59.1,57.95,58.25,14592598
2010-10-19,58.75,59.75,57.9,59.0,14934106
2010-10-20,59.0,60.4,58.9,59.5,12183898
2010-10-21,59.7,60.5,59.25,60.1,10987870
2010-10-22,60.1,60.6,59.65,59.95,4517518
2010-10-25,60.0,60.75,59.85,60.3,5038786
2010-10-26,60.4,60.5,58.75,59.1,5551606
2010-10-27,59.45,59.45,58.35,58.5,5197270
2010-10-28,58.5,61.8,58.5,60.0,38685216
2010-10-29,59.95,61.6,59.4,60.85,15415426
2010-11-01,61.6,63.35,61.25,62.9,14228386
2010-11-02,63.0,64.6,62.6,64.4,17937766
2010-11-03,64.8,64.8,63.35,63.8,6285142
2010-11-04,63.8,64.0,63.1,63.35,3165094
2010-11-05,63.4,63.85,63.15,63.55,388486
2010-11-08,63.6,63.6,61.4,61.75,8978050
2010-11-09,62.0,62.6,61.85,62.0,4471270
2010-11-10,62.25,64.15,61.55,63.0,7653958
2010-11-11,64.6,65.4,61.9,62.25,19114078
2010-11-12,62.1,62.6,60.5,60.9,5057002
2010-11-15,61.7,61.9,60.35,61.45,6457114
2010-11-16,61.65,61.65,58.9,60.45,12384538
2010-11-18,61.0,62.1,59.35,61.6,8728174
2010-11-19,61.65,61.65,58.6,59.4,7765438
2010-11-22,60.0,60.15,58.65,59.75,4532422
2010-11-23,59.3,60.1,57.9,58.8,7123906
2010-11-24,58.8,59.95,57.7,58.4,4300258
2010-11-25,58.75,58.9,54.1,56.05,13981006
2010-11-26,56.05,57.1,54.65,55.65,6310654
2010-11-29,56.1,57.1,55.35,56.7,6116146
2010-11-30,56.9,56.9,55.2,56.25,4779910
2010-12-01,56.6,59.35,56.2,58.15,10293034
2010-12-02,58.5,58.9,56.9,57.15,9066934
2010-12-03,57.5,57.6,55.9,56.15,7749934
2010-12-06,55.75,57.85,55.2,55.7,13574962
2010-12-07,55.8,56.15,54.75,55.1,6235246
2010-12-08,54.75,57.25,54.7,56.5,14707726
2010-12-09,57.1,58.2,54.2,56.1,14514034
2010-12-10,55.85,57.15,55.7,56.7,3203698
2010-12-13,57.1,57.45,55.1,56.55,5729734
2010-12-14,57.35,57.85,56.1,56.3,5767186
2010-12-15,57.75,60.15,57.7,58.6,28592050
2010-12-16,58.9,59.15,57.2,58.3,7925782
2010-12-20,58.25,58.3,57.25,57.6,2344810
2010-12-21,57.9,57.9,56.7,56.95,3368710
2010-12-22,57.25,58.6,56.35,58.0,6463858
2010-12-23,58.5,58.5,57.0,57.35,4294798
2010-12-24,56.6,57.1,55.85,56.05,5384242
2010-12-27,56.05,56.25,55.2,55.55,5000242
2010-12-28,55.25,55.55,55.05,55.35,2888542
2010-12-29,55.5,56.15,55.5,55.75,4375234
2010-12-30,55.15,55.6,54.4,54.95,12254074
2011-01-03,55.15,55.8,54.65,55.0,8791390
2011-01-04,55.1,55.35,54.15,54.45,8159902
2011-01-05,54.6,55.2,52.6,52.7,11458318
2011-01-06,53.0,53.1,51.1,51.55,12815938
2011-01-07,51.6,52.3,51.25,51.4,5143366
2011-01-10,51.6,51.8,50.1,50.45,5393446
2011-01-11,50.3,51.5,49.4,50.8,6438886
2011-01-12,50.65,52.15,49.5,51.6,9444286
2011-01-13,51.6,51.6,49.55,49.8,9584806
2011-01-14,49.6,50.5,49.0,49.5,7704862
2011-01-17,51.15,51.4,48.6,48.8,11899414
2011-01-18,49.1,49.55,48.6,49.1,2522494
2011-01-19,49.1,49.85,48.4,48.7,4375966
2011-01-20,48.5,48.5,47.7,47.95,4479598
2011-01-21,47.75,49.5,47.1,49.25,7943122
2011-01-24,49.35,50.4,49.25,50.1,6525742
2011-01-25,50.5,53.0,50.2,52.6,18835042
2011-01-27,52.75,53.75,51.35,53.05,13893562
2011-01-28,53.3,53.3,51.7,52.7,3713086
2011-01-31,51.95,52.3,50.25,51.1,7639486
2011-02-01,50.4,52.75,48.0,48.4,9925198
2011-02-02,48.65,50.6,47.6,49.45,13946674
2011-02-03,49.15,53.7,48.5,49.65,4761454
2011-02-04,49.35,50.6,48.75,49.05,4016590
2011-02-07,49.6,50.25,48.75,49.6,12792814
2011-02-08,50.15,51.25,49.6,49.95,7475998
2011-02-09,49.95,50.15,48.0,48.75,7269862
2011-02-10,48.75,49.4,48.15,48.8,4283950
2011-02-11,48.75,49.4,45.6,48.6,10144162
2011-02-14,48.35,50.9,48.35,50.3,5326870
2011-02-15,50.75,51.75,50.0,50.3,8941090
2011-02-16,50.5,51.2,50.1,50.3,4667266
2011-02-17,50.5,51.5,49.35,51.3,8947342
2011-02-18,51.25,51.35,49.2,49.3,4875286
2011-02-21,49.15,49.35,48.05,49.1,4032466
2011-02-22,48.1,48.1,46.7,47.5,6893974
2011-02-23,46.75,47.35,46.45,46.9,6310186
2011-02-24,46.25,46.5,44.1,44.95,15265030
2011-02-25,45.55,46.15,44.2,44.9,10438726
2011-02-28,45.15,47.1,44.85,46.1,8595394
2011-03-01,46.5,48.9,46.5,48.7,8550154
2011-03-03,47.4,49.4,46.8,47.55,9244462
2011-03-04,48.6,49.1,47.25,48.35,8464402
2011-03-07,46.65,47.5,46.1,46.4,4743766
2011-03-08,46.65,47.15,46.3,46.8,6228526
2011-03-09,47.5,47.7,45.25,45.95,13454170
2011-03-10,45.4,45.65,44.85,45.3,8909146
2011-03-11,45.7,46.25,44.85,45.5,10975930
2011-03-14,45.95,47.75,45.95,47.55,9542206
2011-03-15,47.25,48.2,46.45,47.55,10274470
2011-03-16,48.35,49.15,47.8,48.05,8792638
2011-03-17,47.2,48.3,47.2,47.85,2235526
2011-03-18,46.9,47.3,46.25,46.55,4374718
2011-03-21,46.55,47.6,46.1,47.0,5206438
2011-03-22,46.95,47.35,46.5,47.15,2813326
2011-03-23,46.95,47.85,46.45,47.7,4281070
2011-03-24,47.7,48.45,47.25,48.1,3059362
2011-03-25,48.1,49.8,47.6,49.35,4624426
2011-03-28,49.5,49.95,48.6,49.05,4141318
2011-03-29,49.3,51.5,49.2,51.05,7720510
2011-03-30,51.25,51.65,50.5,51.1,6947758
2011-03-31,50.9,52.0,50.25,51.0,7872430
2011-04-01,50.1,50.75,49.8,50.5,3307474
2011-04-04,49.85,50.45,49.6,49.85,4598542
2011-04-05,49.6,50.15,49.4,49.6,4069306
2011-04-06,49.85,51.1,49.75,50.25,9978250
2011-04-07,50.4,51.4,50.25,51.15,6648778
2011-04-08,50.7,50.8,49.7,50.2,5733898
2011-04-11,49.1,49.4,48.85,48.95,3837778
2011-04-13,49.3,50.5,49.3,50.1,9014254
2011-04-15,49.65,50.3,49.2,49.95,4083598
2011-04-18,49.85,50.25,48.75,49.1,4117786
2011-04-19,49.35,50.65,48.8,50.4,7810162
2011-04-20,50.5,51.65,49.95,51.45,7614730
2011-04-21,50.85,51.8,50.75,51.65,3243718
2011-04-25,51.0,51.9,51.0,51.55,2073094
2011-04-26,52.25,52.8,51.85,52.5,6069874
2011-04-27,52.4,53.1,52.25,52.6,5874898
2011-04-28,52.9,53.1,52.25,52.9,3315718
2011-04-29,53.1,53.15,52.1,52.45,2544598
2011-05-02,52.5,53.7,52.2,52.8,6782830
2011-05-03,53.0,53.4,52.1,52.45,6924322
2011-05-04,52.9,55.35,52.6,54.55,20545042
2011-05-05,55.0,55.4,53.4,53.6,7895914
2011-05-06,54.85,56.2,54.6,55.5,19342894
2011-05-09,55.75,55.8,54.2,54.6,7160578
2011-05-10,55.05,55.4,53.1,54.3,12260434
2011-05-11,54.1,55.15,53.35,54.9,11227714
2011-05-12,54.85,55.6,54.75,55.05,6567286
2011-05-13,55.6,55.6,54.1,55.05,12418306
2011-05-16,56.25,56.7,53.75,54.35,16660234
2011-05-17,54.9,55.1,53.55,53.75,6333922
2011-05-18,53.95,53.95,50.9,51.55,7296838
2011-05-19,52.1,52.25,51.25,51.5,3804754
2011-05-20,51.7,52.6,51.4,52.15,4695226
2011-05-23,52.2,52.7,51.0,52.45,6887698
2011-05-24,52.35,52.5,51.5,51.65,2623090
2011-05-25,51.65,51.65,50.0,50.3,2682922
2011-05-26,50.4,51.95,49.6,51.35,7809262
2011-05-27,51.5,52.75,51.45,52.35,11641162
2011-05-30,52.9,53.0,52.0,52.3,11195122
2011-05-31,52.7,52.9,52.3,52.75,5649754
2011-06-01,52.35,53.15,52.15,52.7,8063818
2011-06-02,52.5,53.2,52.15,52.4,6592294
2011-06-03,52.5,52.7,51.45,51.75,3670762
2011-06-06,51.8,51.8,50.85,51.0,3677614
2011-06-07,51.1,51.4,50.7,51.15,5986534
2011-06-08,51.0,52.1,50.85,52.05,6635962
2011-06-09,51.65,51.65,50.9,51.1,2213734
2011-06-10,50.8,51.0,50.3,50.5,2490022
2011-06-13,50.9,51.5,50.6,51.25,3217282
2011-06-14,51.65,51.9,51.35,51.45,2634166
2011-06-15,51.65,52.0,51.1,51.6,2567626
2011-06-16,51.85,52.75,51.75,52.5,6774106
2011-06-17,52.5,53.2,51.7,52.6,9795646
2011-06-20,52.9,53.05,49.85,52.3,7298194
2011-06-21,51.9,52.5,51.3,51.5,3452506
2011-06-22,51.65,52.1,50.95,51.3,1905046
2011-06-23,51.4,52.85,50.55,51.45,9985930
2011-06-24,52.5,53.45,52.15,52.9,20225386
2011-06-27,54.75,57.2,54.6,55.35,38747864
2011-06-28,55.6,55.8,54.1,54.3,6141742
2011-06-29,54.25,54.45,53.1,53.65,6063466
2011-06-30,53.35,54.75,52.55,54.2,12806998
2011-07-01,54.25,54.25,53.4,53.75,3037306
2011-07-04,54.0,54.25,53.1,53.9,3513298
2011-07-05,53.4,55.2,53.4,54.9,9257182
2011-07-06,54.45,54.5,53.5,54.25,3976174
2011-07-07,54.0,55.45,54.0,55.35,4552678
2011-07-08,54.9,66.4,54.0,55.8,15248866
2011-07-11,55.4,56.25,55.1,55.6,3306934
2011-07-12,55.7,56.5,55.25,55.7,5049982
2011-07-13,55.8,56.15,55.4,55.75,7410310
2011-07-14,55.1,56.15,55.1,55.6,3460138
2011-07-15,56.15,56.4,55.65,56.0,5282134
2011-07-18,55.5,56.25,55.5,56.05,3815002
2011-07-19,56.2,56.4,55.7,56.0,3886114
2011-07-20,55.85,56.0,55.3,55.6,2998270
2011-07-21,55.0,55.55,54.85,55.05,2296990
2011-07-22,55.1,55.95,54.5,55.75,4663786
2011-07-25,55.5,56.35,55.5,55.95,2466730
2011-07-26,55.75,56.25,54.85,55.2,4688806
2011-07-27,55.5,55.5,54.6,54.9,1589854
2011-07-28,54.95,55.3,54.35,54.55,3122050
2011-07-29,55.0,55.1,54.25,54.8,2414686
2011-08-01,55.1,55.45,54.35,54.6,1885258
2011-08-02,54.3,55.15,54.3,54.85,4067242
2011-08-03,54.8,55.85,54.75,55.5,4402318
2011-08-04,55.95,57.9,55.9,57.4,9832234
2011-08-05,57.35,59.1,57.15,58.5,17918386
2011-08-08,58.75,59.55,58.15,58.6,8454814
2011-08-09,58.65,59.4,57.2,57.7,11940058
2011-08-10,57.85,58.25,56.65,57.8,6560626
2011-08-11,57.5,58.05,57.2,57.5,5418454
2011-08-12,57.5,57.9,56.85,57.55,11588158
2011-08-16,56.95,57.8,56.8,57.3,3944434
2011-08-17,57.3,58.25,56.8,57.1,6166486
2011-08-18,57.0,57.3,56.15,56.6,1417486
2011-08-19,57.1,57.85,56.6,56.8,7281370
2011-08-22,56.95,57.85,56.95,57.6,5035294
2011-08-23,58.0,58.1,57.0,57.35,3634654
2011-08-24,56.75,57.8,56.75,57.15,2843242
2011-08-25,57.3,57.8,56.75,57.4,6343990
2011-08-26,57.2,57.75,54.85,55.9,3320758
2011-08-29,56.6,57.3,56.1,56.55,2184598
2011-08-30,57.1,57.1,55.7,56.2,5699098
2011-09-02,56.35,57.3,55.5,56.9,6190606
2011-09-05,56.4,56.75,55.25,55.4,3143554
2011-09-06,56.25,56.45,55.6,55.9,4046626
2011-09-07,55.95,56.45,55.4,56.0,3013282
2011-09-08,55.65,56.5,55.45,56.15,3864886
2011-09-09,55.7,56.05,54.55,55.2,5857786
2011-09-12,55.4,55.95,54.1,54.95,3923146
2011-09-13,55.1,55.25,54.4,54.7,1731994
2011-09-14,55.0,55.7,54.3,55.05,4316422
2011-09-15,55.85,56.3,55.4,56.1,3242134
2011-09-16,57.15,57.45,54.7,54.95,9074614
2011-09-19,55.4,55.5,54.25,55.3,3257194
2011-09-20,55.4,55.75,54.8,55.4,2077762
2011-09-21,55.65,55.65,54.9,55.3,2453362
2011-09-22,55.3,56.15,54.65,54.95,4531438
2011-09-23,55.6,55.7,54.5,54.8,5058046
2011-09-26,55.0,55.1,53.95,54.9,6781558
2011-09-27,55.0,55.15,54.5,54.85,3423502
2011-09-28,54.9,54.9,53.1,53.3,3087754
2011-09-29,53.75,55.6,52.7,54.7,5609182
2011-09-30,54.05,55.1,53.35,54.0,2928658
2011-10-03,54.0,57.85,53.45,56.6,6380530
2011-10-04,56.6,57.1,55.3,56.15,5598454
2011-10-05,56.0,56.5,55.2,55.8,3965698
2011-10-07,55.8,56.2,55.45,55.8,2326906
2011-10-10,54.7,56.4,54.7,56.05,2263882
2011-10-11,55.6,56.6,55.6,56.25,3245542
2011-10-12,55.8,56.65,55.6,56.0,2950582
2011-10-13,55.85,56.1,54.45,54.55,2746522
2011-10-14,54.6,55.15,54.1,54.6,4750654
2011-10-17,54.55,54.8,52.45,52.7,4730110
2011-10-18,52.65,53.85,52.55,53.5,1763830
2011-10-19,53.5,54.25,53.1,54.0,1522258
2011-10-20,53.95,54.1,52.6,53.55,1815370
2011-10-21,53.35,54.25,52.95,53.7,1753078
2011-10-24,53.4,54.0,53.4,53.7,1041274
2011-10-25,53.35,55.4,52.95,54.8,6065602
2011-10-26,54.75,55.25,54.35,54.75,339562
2011-10-28,55.1,55.75,52.9,53.1,10678330
2011-10-31,53.7,53.7,51.35,51.9,10144258
2011-11-01,51.65,52.6,51.25,52.4,5341558
2011-11-02,52.85,53.2,52.2,52.4,3562042
2011-11-03,53.05,53.05,52.1,52.55,2835658
2011-11-04,53.4,53.5,51.75,52.05,4403002
2011-11-08,52.15,52.15,50.1,50.3,5906602
2011-11-09,50.6,50.6,47.25,47.45,11795218
2011-11-11,46.9,47.1,45.4,46.55,11793526
2011-11-14,46.85,46.85,45.65,45.85,3850402
2011-11-15,45.5,45.6,44.15,44.9,5981530
2011-11-16,43.9,44.1,42.1,43.0,8200390
2011-11-17,43.0,43.15,41.75,42.4,5497114
2011-11-18,42.5,44.15,42.3,43.4,11165926
2011-11-21,43.5,43.95,41.4,42.1,6019066
2011-11-22,41.85,43.9,41.05,43.5,7909582
2011-11-23,43.0,43.0,41.15,41.7,7593166
2011-11-24,41.9,42.5,40.55,41.9,10753366
2011-11-25,41.65,43.5,40.9,43.2,6137134
2011-11-28,43.15,45.15,42.6,44.6,7592194
2011-11-29,44.15,45.0,43.75,44.0,4543930
2011-11-30,43.25,45.2,43.1,44.85,6941182
2011-12-01,45.25,45.8,43.6,43.85,6037606
2011-12-02,43.8,47.2,43.25,46.45,13316038
2011-12-05,46.2,46.85,45.5,46.3,4809610
2011-12-07,46.1,46.65,45.1,45.8,8928082
2011-12-08,45.3,46.5,45.0,45.85,5737546
2011-12-09,45.4,46.6,45.4,46.2,6718450
2011-12-12,46.2,46.3,45.05,45.3,2690662
2011-12-13,44.65,45.65,44.4,45.1,4505482
2011-12-14,45.0,45.55,42.2,42.9,10171018
2011-12-15,43.3,44.6,43.2,44.15,9140230
2011-12-16,44.55,45.2,43.35,44.0,9103462
2011-12-19,43.75,44.7,43.35,43.75,3829318
2011-12-20,43.75,45.1,41.35,41.7,9321502
2011-12-21,42.1,43.75,41.6,42.9,5518246
2011-12-22,42.5,43.9,42.45,43.45,4942342
2011-12-23,43.25,44.0,41.8,42.2,7793458
2011-12-26,42.75,42.9,41.55,41.75,7465858
2011-12-27,41.9,42.5,41.55,42.0,3665518
2011-12-28,42.0,42.0,41.0,41.25,4704490
2011-12-29,41.25,41.75,39.6,39.9,10170490
2011-12-30,40.1,40.4,39.05,39.8,7945114
2012-01-02,40.4,40.6,39.7,40.05,6699070
2012-01-03,39.7,39.7,38.8,39.4,10187038
2012-01-04,39.1,39.55,38.4,39.2,13378750
2012-01-05,39.3,39.5,38.15,38.3,7216738
2012-01-06,38.5,39.95,38.4,39.7,12715558
2012-01-07,39.65,39.8,39.3,39.7,442450
2012-01-09,39.2,39.65,38.75,39.1,4425358
2012-01-10,39.35,40.55,39.2,40.2,4258642
2012-01-11,40.6,42.5,40.45,42.3,9241930
2012-01-12,42.45,43.0,41.7,42.7,9295870
2012-01-13,43.1,43.25,42.2,42.4,3024946
2012-01-16,42.3,42.6,41.5,42.1,2094982
2012-01-17,42.1,44.1,42.1,43.8,4256950
2012-01-18,43.45,46.0,43.45,44.65,7782394
2012-01-19,44.85,45.7,44.3,45.2,5500798
2012-01-20,44.85,47.1,44.85,46.65,5670046
2012-01-23,46.35,46.8,45.1,45.45,3884470
2012-01-24,45.4,47.0,45.1,46.35,6721678
2012-01-25,46.65,49.15,46.5,48.3,17195590
2012-01-27,48.95,48.95,47.6,48.1,5051974
2012-01-30,47.85,48.3,46.05,47.05,5680690
2012-01-31,47.8,48.5,46.75,47.7,6877582
2012-02-01,47.5,48.0,46.4,46.65,6496030
2012-02-02,47.35,48.25,47.05,48.0,6731638
2012-02-03,48.35,49.0,47.7,48.0,5099890
2012-02-06,48.3,48.3,47.6,47.8,5693554
2012-02-07,47.5,48.85,47.1,47.3,6242962
2012-02-08,47.5,48.3,47.05,48.2,4568434
2012-02-09,48.15,50.4,47.85,49.9,6130618
2012-02-10,50.9,52.3,49.2,49.85,18599410
2012-02-13,49.85,50.15,48.85,49.15,2565202
2012-02-14,49.5,50.35,49.15,49.85,3913930
2012-02-15,50.0,50.6,49.45,50.35,3288250
2012-02-16,49.75,52.1,49.35,51.9,6851722
2012-02-17,51.9,51.9,50.45,51.6,7667854
2012-02-21,51.05,52.0,50.35,51.15,7151542
2012-02-22,51.2,53.25,50.85,51.95,18407350
2012-02-23,51.75,55.4,51.7,54.7,29799226
2012-02-24,55.4,55.75,53.85,54.7,13183462
2012-02-27,55.4,57.1,54.3,54.95,14985922
2012-02-28,55.3,55.85,54.0,54.4,7920166
2012-02-29,54.8,55.8,54.6,55.2,13011574
2012-03-01,55.25,55.75,51.9,54.9,3402142
2012-03-02,55.4,55.7,54.85,55.3,3299398
2012-03-03,55.65,56.6,55.6,56.2,1316350
2012-03-05,56.75,56.85,55.25,55.5,7430326
2012-03-06,55.4,56.65,55.1,55.75,6643354
2012-03-07,55.2,55.5,54.1,54.95,7477306
2012-03-09,54.4,55.5,54.05,55.35,8670562
2012-03-12,55.9,55.9,54.7,55.25,3632590
2012-03-13,55.3,56.3,55.25,55.6,3620290
2012-03-14,55.65,57.4,55.65,56.8,6494098
2012-03-15,56.7,56.95,55.2,55.6,3738862
2012-03-16,55.65,56.85,55.05,55.35,7384630
2012-03-19,55.4,55.8,54.6,55.45,3540190
2012-03-20,55.9,57.7,55.5,57.1,7534474
2012-03-21,57.0,58.55,56.35,57.95,9558034
2012-03-22,58.35,58.35,56.05,56.65,4877290
2012-03-23,56.5,57.35,55.5,56.75,4063702
2012-03-26,56.85,57.15,55.15,55.45,2666002
2012-03-27,56.65,56.65,55.1,55.6,2914498
2012-03-28,55.6,55.85,55.3,55.6,3291310
2012-03-29,55.5,57.9,55.1,57.3,7200994
2012-03-30,57.6,58.65,57.1,58.35,8674690
2012-04-02,57.85,58.25,56.75,57.3,4183834
2012-04-03,57.55,59.05,56.9,58.8,5813998
2012-04-04,58.2,58.65,57.8,58.25,1716790
2012-04-09,57.8,57.8,56.3,56.7,2705410
2012-04-10,56.9,56.9,53.8,55.6,2118646
2012-04-11,55.05,57.2,55.0,55.9,2373322
2012-04-12,56.35,56.8,55.8,56.65,2372398
2012-04-13,56.25,57.7,56.1,56.5,4049014
2012-04-16,56.8,57.0,56.0,56.55,1594330
2012-04-17,56.5,57.45,56.2,57.25,3943462
2012-04-18,57.5,58.4,57.5,58.2,3319330
2012-04-19,58.3,58.5,57.7,57.9,2164294
2012-04-20,57.65,59.05,57.2,58.0,6367114
2012-04-23,58.0,58.25,56.0,56.2,1981402
2012-04-24,56.25,58.4,56.0,57.3,6905458
2012-04-25,57.8,58.15,56.9,57.2,5145466
2012-04-26,56.9,57.4,54.75,55.1,8391682
2012-04-27,55.1,56.0,55.0,55.25,3311710
2012-04-28,55.25,55.75,55.15,55.55,114586
2012-04-30,56.0,56.6,55.6,55.9,3213610
2012-05-02,55.75,56.2,54.6,54.8,5200834
2012-05-03,54.85,55.35,53.85,55.15,2497714
2012-05-04,54.8,55.75,53.95,54.35,5044690
2012-05-07,54.6,58.25,54.6,57.2,12501034
2012-05-08,57.5,58.0,56.15,56.7,8074930
2012-05-09,56.6,58.0,55.85,57.4,6719182
2012-05-10,57.2,58.95,57.15,58.7,7956718
2012-05-11,59.1,59.5,57.6,58.35,7561186
2012-05-14,58.75,59.65,58.6,59.5,10368430
2012-05-15,59.55,61.6,59.5,60.75,16448110
2012-05-16,60.85,64.15,60.75,62.7,20430130
2012-05-17,63.15,63.25,61.1,61.3,7850770
2012-05-18,60.4,61.85,60.1,60.4,5891302
2012-05-21,61.1,61.5,60.1,60.5,4848994
2012-05-22,61.4,61.85,60.35,60.7,6602494
2012-05-23,61.25,61.3,59.8,60.2,5934214
2012-05-24,62.9,63.3,60.1,60.5,21698710
2012-05-25,60.1,61.8,59.6,60.9,26260582
2012-05-28,61.4,61.4,59.35,59.7,7422442
2012-05-29,59.75,59.85,57.9,58.4,9903082
2012-05-30,57.85,57.9,56.65,57.6,6429478
2012-05-31,57.6,58.7,56.85,58.15,10384066
2012-06-01,58.1,58.4,57.05,57.9,3749842
2012-06-04,57.35,60.0,57.0,59.7,7835518
2012-06-05,59.85,60.1,58.35,58.7,3704038
2012-06-06,58.15,59.25,58.0,58.8,5238598
2012-06-07,58.8,58.9,58.1,58.35,2354650
2012-06-08,58.0,59.0,57.65,58.5,4245886
2012-06-11,59.4,60.6,58.9,59.3,9245218
2012-06-12,59.6,61.3,59.45,61.0,7283446
2012-06-13,61.25,61.5,60.65,61.05,4305298
2012-06-14,60.9,61.9,60.35,61.6,6376774
2012-06-15,61.1,62.6,61.1,61.9,7240774
2012-06-18,62.5,62.5,61.1,61.55,3413614
2012-06-19,61.6,63.15,61.25,62.6,7255942
2012-06-20,63.0,63.6,62.85,63.3,5142898
2012-06-21,63.6,64.6,63.4,63.6,10604122
2012-06-22,63.75,64.3,63.15,63.6,3646150
2012-06-25,63.35,64.05,61.95,62.35,5177890
2012-06-26,62.15,62.9,61.6,62.45,6568762
2012-06-27,62.6,62.8,62.0,62.5,2950174
2012-06-28,62.5,63.15,61.8,62.6,6871006
2012-06-29,62.75,62.85,61.75,62.0,7791610
2012-07-02,61.8,62.5,61.05,62.25,3428902
2012-07-03,62.25,63.55,62.0,63.35,6467134
2012-07-04,63.0,63.25,62.35,62.8,2754802
2012-07-05,62.75,63.75,62.6,63.2,3116998
2012-07-06,63.55,64.5,63.1,63.65,8504218
2012-07-09,63.9,64.1,63.3,63.6,5020654
2012-07-10,63.6,64.55,63.6,64.1,6444202
2012-07-11,64.1,65.65,63.6,64.75,9355186
2012-07-12,64.6,65.8,64.55,65.45,10643674
2012-07-13,65.0,65.6,64.15,64.4,4019416
2012-07-16,65.35,65.55,63.7,64.75,5355382
2012-07-17,64.2,64.3,62.55,62.8,9361828
2012-07-18,62.95,63.65,62.5,62.8,4145638
2012-07-19,63.3,65.3,63.2,64.7,7299712
2012-07-20,64.2,64.65,63.5,63.85,1693582
2012-07-23,63.4,63.55,61.95,62.3,3220384
2012-07-24,62.5,63.15,61.65,62.0,5072680
2012-07-25,61.65,62.15,60.5,61.05,3160114
2012-07-26,61.0,61.25,59.55,60.05,3757252
2012-07-27,60.55,61.75,58.7,59.25,1946212
2012-07-30,59.4,61.65,58.6,61.1,2900332
2012-07-31,61.15,61.15,59.05,60.55,9006808
2012-08-01,60.25,60.35,59.25,60.0,6487540
2012-08-02,59.5,60.2,58.8,59.1,3844528
2012-08-03,58.6,59.55,57.55,58.85,5613190
2012-08-06,58.55,58.8,57.0,57.4,6033406
2012-08-07,57.65,57.7,56.2,56.9,5482582
2012-08-08,56.65,58.75,56.6,58.6,5727448
2012-08-09,58.95,59.1,56.5,56.7,3205216
2012-08-10,56.65,59.15,55.55,58.75,12046246
2012-08-13,58.05,59.75,55.95,58.45,5824528
2012-08-14,58.85,58.95,57.5,57.75,2413612
2012-08-16,57.2,57.9,57.1,57.3,3141190
2012-08-17,57.35,57.85,56.4,56.75,5788480
2012-08-21,57.35,57.4,56.0,56.45,4954372
2012-08-22,56.35,58.5,55.75,58.15,9773548
2012-08-23,58.55,58.7,57.5,58.5,5180668
2012-08-24,58.7,59.65,58.0,59.1,5010946
2012-08-27,59.15,59.6,58.35,59.0,4064116
2012-08-28,58.7,59.6,58.65,59.05,2096266
2012-08-29,59.65,59.65,58.0,58.7,2759530
2012-08-30,58.85,59.45,57.55,58.0,6980506
2012-08-31,58.15,58.15,55.35,55.8,4404844
2012-09-03,55.85,57.05,54.85,56.8,3674770
2012-09-04,57.15,58.25,56.55,57.8,4208158
2012-09-05,58.5,58.95,57.05,57.6,6438892
2012-09-06,58.25,58.3,57.15,57.9,3791866
2012-09-07,59.25,59.25,55.95,57.5,16545088
2012-09-08,56.85,57.8,56.65,57.4,479242
2012-09-10,57.5,57.5,56.7,57.1,4560904
2012-09-11,57.15,58.85,57.15,58.2,10183630
2012-09-12,57.85,58.35,57.4,57.9,3235882
2012-09-13,58.35,59.4,58.35,59.1,6704548
2012-09-14,62.55,62.8,57.75,58.35,25693066
2012-09-17,59.2,59.55,56.35,56.45,13999768
2012-09-18,56.65,57.3,55.85,56.25,7382554
2012-09-20,55.65,58.0,55.6,57.55,10931206
2012-09-21,57.2,58.55,56.8,57.9,15343276
2012-09-24,58.35,58.8,57.1,57.5,7460746
2012-09-25,57.75,58.5,57.25,58.2,6758020
2012-09-26,58.3,58.9,57.9,58.65,5781562
2012-09-27,58.9,59.0,57.5,57.8,7866976
2012-09-28,58.0,59.75,57.5,58.1,3959944
2012-10-01,59.1,59.1,58.35,58.6,4603774
2012-10-03,58.5,59.25,57.9,58.0,3952684
2012-10-04,59.05,61.45,58.75,60.0,13878892
2012-10-05,60.15,60.5,56.15,59.4,6055462
2012-10-08,59.8,60.4,59.0,59.2,3466180
2012-10-09,59.4,60.1,58.6,59.55,8758030
2012-10-10,59.55,59.55,58.35,58.6,5927830
2012-10-11,58.5,59.45,58.5,58.8,5151856
2012-10-12,59.15,59.75,58.4,58.5,3427522
2012-10-15,58.05,58.85,58.05,58.3,3256768
2012-10-16,58.35,58.6,57.25,57.6,6059434
2012-10-17,57.9,57.9,57.05,57.4,2628574
2012-10-18,57.65,58.0,57.1,57.85,4546774
2012-10-19,57.85,57.95,56.2,56.6,4297648
2012-10-22,56.2,57.15,55.95,57.05,4520446
2012-10-23,57.7,58.35,57.15,58.1,4756774
2012-10-25,58.65,58.65,57.75,58.4,4674010
2012-10-26,58.3,58.6,57.85,58.0,1333084
2012-10-29,57.55,58.15,57.0,57.1,1019164
2012-10-30,57.1,57.15,56.15,56.35,2778328
2012-10-31,55.9,56.75,55.9,56.25,2509636
2012-11-01,56.35,56.7,56.0,56.3,5275006
2012-11-02,56.5,57.0,55.85,56.0,5458240
2012-11-05,56.6,56.8,56.2,56.65,2778556
2012-11-06,56.65,57.05,56.35,56.9,3596608
2012-11-07,56.65,56.95,56.55,56.65,4050250
2012-11-08,56.8,57.3,56.4,56.5,5958856
2012-11-09,57.1,57.1,55.9,56.4,5512888
2012-11-12,56.5,56.85,55.25,55.55,2536660
2012-11-13,55.85,55.85,55.1,55.55,417382
2012-11-15,55.65,55.8,54.75,55.1,5125006
2012-11-16,55.4,55.45,54.5,54.85,2855884
2012-11-19,54.55,55.4,53.9,54.7,3740326
2012-11-20,54.65,55.15,54.0,54.4,2036062
2012-11-21,54.5,54.9,54.0,54.8,3437650
2012-11-22,54.55,54.8,54.1,54.3,3441076
2012-11-23,54.35,54.6,53.2,53.6,4687432
2012-11-26,53.35,53.8,52.5,52.6,5741608
2012-11-27,52.7,55.15,52.7,54.7,9379684
2012-11-29,54.9,56.55,54.5,56.1,5130688
2012-11-30,56.65,58.25,56.15,57.9,5457616
2012-12-03,57.5,57.85,56.9,57.3,4961176
2012-12-04,57.5,58.75,57.35,58.3,4772842
2012-12-05,58.3,60.1,58.15,59.8,3984262
2012-12-06,59.4,60.45,59.0,60.1,8422408
2012-12-07,60.35,61.0,59.65,59.7,5449630
2012-12-10,59.8,60.1,58.5,59.45,2405872
2012-12-11,59.6,60.5,59.15,59.95,2881486
2012-12-12,60.35,60.4,58.85,59.0,1935982
2012-12-13,59.1,59.7,58.45,58.6,1317412
2012-12-14,58.6,59.45,58.1,58.5,4615006
2012-12-17,58.65,59.15,57.2,57.5,4490806
2012-12-18,57.55,58.55,57.0,58.4,3290206
2012-12-19,58.25,60.0,57.95,59.6,6714196
2012-12-20,59.5,59.85,57.85,58.3,4505314
2012-12-21,58.25,58.25,57.0,57.3,3430444
2012-12-24,57.6,58.65,56.75,57.8,3527284
2012-12-26,57.85,58.35,57.5,58.1,3045232
2012-12-27,58.3,58.4,57.1,57.35,7829200
2012-12-28,57.9,60.35,57.55,58.7,11804470
2013-01-01,59.6,59.75,58.9,59.4,3134092
2013-01-02,59.9,61.45,59.45,61.1,5924404
2013-01-03,61.25,61.85,60.55,61.05,3592552
2013-01-04,60.85,63.3,60.85,62.35,10694962
2013-01-07,62.85,65.55,62.65,64.25,12833434
2013-01-08,64.65,64.95,62.9,63.45,8416684
2013-01-09,63.7,65.5,62.45,64.3,10268134
2013-01-10,65.0,66.0,63.2,63.5,19261846
2013-01-11,63.65,63.8,61.45,61.8,7385698
2013-01-14,62.15,62.75,61.3,62.2,6698566
2013-01-15,62.35,64.4,61.85,64.2,8638000
2013-01-16,64.75,64.8,63.0,63.7,6631528
2013-01-17,64.1,68.0,63.6,66.0,39735360
2013-01-18,67.65,73.0,67.55,72.5,54611456
2013-01-21,73.3,74.85,71.65,73.5,19793596
2013-01-22,73.35,73.95,71.75,72.3,10802842
2013-01-23,72.35,72.55,68.55,70.75,12683656
2013-01-24,70.85,71.35,68.8,69.3,4931476
2013-01-25,69.05,71.15,68.65,70.0,6778630
2013-01-28,70.05,70.5,68.65,69.3,5403478
2013-01-29,68.9,69.7,67.7,68.25,5213728
2013-01-30,68.45,69.9,67.5,68.2,7766464
2013-01-31,68.2,70.25,67.95,68.4,9905050
2013-02-01,68.65,70.95,68.45,70.45,6523678
2013-02-04,71.15,71.5,69.4,69.8,6018022
2013-02-05,70.0,70.0,67.85,68.6,5809606
2013-02-06,69.15,70.4,68.35,69.7,6463018
2013-02-07,69.1,70.1,68.0,68.5,4225540
2013-02-08,68.6,68.65,66.7,66.9,4434094
2013-02-11,66.95,67.4,65.7,67.1,5581798
2013-02-12,67.0,68.75,66.6,68.4,4291360
2013-02-13,68.65,68.8,66.45,66.9,5279824
2013-02-14,67.5,68.1,64.05,64.55,10744222
2013-02-15,64.65,65.7,62.0,63.25,12565234
2013-02-18,64.9,65.2,62.85,63.2,9797482
2013-02-19,63.35,63.85,62.3,63.6,4026964
2013-02-20,63.6,65.7,63.5,65.5,9150118
2013-02-21,65.5,66.45,64.55,65.05,10447018
2013-02-22,65.15,65.6,64.25,64.9,6378328
2013-02-25,65.0,65.1,62.6,63.8,5465260
2013-02-26,63.6,64.3,61.85,62.7,8341720
2013-02-27,62.9,64.1,62.05,63.35,8809576
2013-02-28,63.95,64.15,61.4,62.0,16710562
2013-03-01,62.15,64.8,62.15,64.25,8986240
2013-03-04,64.65,65.8,64.2,64.55,9225382
2013-03-05,64.6,65.25,63.7,64.75,5790460
2013-03-06,65.6,65.6,63.9,64.05,6052702
2013-03-07,64.45,65.5,63.8,65.1,5832982
2013-03-08,65.4,68.1,65.2,67.55,9891310
2013-03-11,67.9,68.4,66.4,66.65,5421994
2013-03-12,66.7,67.45,65.75,66.1,3784282
2013-03-13,66.15,66.5,64.9,65.1,3100084
2013-03-14,65.1,66.85,64.75,66.2,3882628
2013-03-15,66.7,67.95,66.3,66.7,7459066
2013-03-18,65.7,65.95,64.8,65.35,4379350
2013-03-19,65.65,66.15,62.05,63.7,8004988
2013-03-20,63.05,63.9,62.65,63.4,4253782
2013-03-21,63.0,63.95,61.15,61.5,4810462
2013-03-22,61.5,62.05,60.25,61.0,6681424
2013-03-25,62.85,63.2,61.5,62.0,7629388
2013-03-26,61.9,62.65,61.35,62.45,4981666
2013-03-28,62.3,63.95,62.0,62.95,8850436
2013-04-01,62.85,63.25,62.25,62.85,1699894
2013-04-02,62.35,63.75,62.0,62.95,4195402
2013-04-03,62.35,63.25,62.15,62.5,4001842
2013-04-04,62.6,62.95,61.25,61.6,3302086
2013-04-05,61.6,63.45,61.6,62.75,4347106
2013-04-08,62.7,63.65,62.4,63.4,1895392
2013-04-09,63.75,64.2,61.9,62.1,4880302
2013-04-10,62.8,62.8,61.0,61.6,4404634
2013-04-11,62.3,62.3,60.85,61.05,4679932
2013-04-12,61.2,62.65,61.15,62.4,3390994
2013-04-15,63.0,67.65,63.0,65.8,15817714
2013-04-16,66.0,68.15,66.0,67.75,10868308
2013-04-17,68.1,68.1,66.2,66.9,4846540
2013-04-18,67.05,68.55,67.05,67.55,5922586
2013-04-22,67.9,70.4,67.7,69.1,7399996
2013-04-23,68.7,69.15,67.55,68.9,3202528
2013-04-25,68.55,70.0,68.3,69.45,5440018
2013-04-26,68.65,69.9,68.35,68.85,2262664
2013-04-29,68.55,69.45,68.55,69.05,3409306
2013-04-30,69.1,69.65,66.35,69.05,5461138
2013-05-02,69.4,70.35,69.15,69.5,3868396
2013-05-03,68.8,69.15,66.9,67.2,3641242
2013-05-06,67.45,68.25,66.45,68.1,3148414
2013-05-07,68.2,68.55,67.25,67.8,3362452
2013-05-08,68.0,68.8,67.8,68.2,2997358
2013-05-09,68.8,68.8,67.75,68.3,4056202
2013-05-10,68.45,69.5,68.45,69.2,10247398
2013-05-11,70.25,70.8,69.35,69.7,1503736
2013-05-13,69.8,70.15,67.75,68.25,3931234
2013-05-14,68.6,69.15,68.0,68.3,4681060
2013-05-15,68.5,69.85,68.4,69.3,5957590
2013-05-16,69.4,71.4,68.8,70.3,6074974
2013-05-17,70.3,71.0,69.15,69.7,3900694
2013-05-20,69.9,70.0,67.85,68.3,4365610
2013-05-21,68.5,68.75,66.8,67.05,4369456
2013-05-22,67.3,67.5,63.05,64.95,17432800
2013-05-23,65.1,65.15,62.25,63.3,18219106
2013-05-24,63.75,65.15,63.55,63.75,6878488
2013-05-27,64.55,64.75,62.7,62.9,8471314
2013-05-28,63.3,64.0,63.0,63.45,5519848
2013-05-29,63.85,64.45,62.95,63.1,4561606
2013-05-30,64.15,64.15,62.2,63.95,7588120
2013-05-31,64.2,64.5,62.5,62.8,4944262
2013-06-03,63.35,63.55,60.9,61.3,9184222
2013-06-04,61.6,62.45,61.15,61.9,5793604
2013-06-05,61.8,62.6,61.7,62.3,4300276
2013-06-06,62.35,62.4,61.5,62.15,2803210
2013-06-07,62.0,63.4,62.0,62.7,4617862
2013-06-10,63.3,63.3,60.7,61.05,4693252
2013-06-11,61.0,61.6,58.75,59.85,11963788
2013-06-12,60.0,61.25,59.3,60.45,3340912
2013-06-13,60.0,60.35,58.95,59.55,5081080
2013-06-14,60.2,61.95,60.0,61.5,5464108
2013-06-17,62.1,62.1,60.3,61.15,5620084
2013-06-18,60.85,61.0,60.35,60.8,4628074
2013-06-19,60.35,61.15,59.75,60.8,4458436
2013-06-20,59.85,60.0,58.4,58.55,5331040
2013-06-21,58.35,59.3,57.4,58.05,3291472
2013-06-24,58.35,58.6,55.8,56.5,5785618
2013-06-25,56.35,58.85,56.35,57.5,6566044
2013-06-26,57.95,58.85,57.7,58.1,5036968
2013-06-27,59.15,59.15,57.1,57.6,7713088
2013-06-28,58.65,61.55,58.4,61.15,9664822
2013-07-01,61.65,62.6,60.1,62.4,6935212
2013-07-02,62.7,63.1,61.7,61.9,5272594
2013-07-03,61.15,61.35,58.9,59.55,4719664
2013-07-04,60.0,63.35,59.45,61.1,3858604
2013-07-05,61.85,62.0,60.1,60.9,3100612
2013-07-08,60.35,60.35,57.4,57.6,8082118
2013-07-09,58.35,59.0,57.4,57.6,4045912
2013-07-10,57.65,57.7,55.65,55.85,4420078
2013-07-11,56.95,57.45,56.35,56.55,5166514
2013-07-12,56.85,57.5,56.0,57.3,2971192
2013-07-15,57.85,57.9,56.5,56.75,4476004
2013-07-16,56.0,58.4,56.0,57.85,5982886
2013-07-17,57.5,58.1,55.85,57.05,7051558
2013-07-18,57.15,57.8,56.7,57.25,4004404
2013-07-19,57.0,58.25,56.85,57.8,3777970
2013-07-22,57.5,58.85,56.8,57.7,6417970
2013-07-23,57.9,59.6,57.9,58.8,8577670
2013-07-24,58.5,59.5,57.6,58.0,6907114
2013-07-25,58.35,60.65,57.3,58.35,11431240
2013-07-26,58.85,59.7,57.8,58.4,7201810
2013-07-29,58.35,58.4,56.1,56.75,6435196
2013-07-30,56.85,56.9,51.25,51.9,15023272
2013-07-31,51.5,54.15,48.1,53.95,13281556
2013-08-01,54.6,54.6,49.7,50.75,12357880
2013-08-02,50.0,50.35,47.0,48.3,8653660
2013-08-05,49.3,49.3,46.5,47.0,10875850
2013-08-06,46.65,47.65,42.65,43.6,14497222
2013-08-07,43.65,46.65,43.35,45.6,19404388
2013-08-08,45.85,47.15,44.4,46.0,8079652
2013-08-12,46.15,47.6,45.4,47.3,6901282
2013-08-13,46.65,48.1,45.9,47.7,9527662
2013-08-14,49.0,50.95,48.35,50.75,15142984
2013-08-16,50.0,50.75,47.9,48.35,9352426
2013-08-19,47.4,48.8,46.1,48.05,5524132
2013-08-20,47.5,50.3,46.7,49.6,9379180
2013-08-21,50.25,50.6,46.6,47.4,9719452
2013-08-22,47.15,49.8,46.7,49.2,8002006
2013-08-23,49.35,50.6,48.7,50.2,11301346
2013-08-26,50.75,52.0,49.65,50.9,7485790
2013-08-27,50.25,50.8,48.1,48.35,8385124
2013-08-28,46.0,46.65,42.7,44.5,27202756
2013-08-29,45.8,46.15,44.2,45.0,24621856
2013-08-30,45.8,45.9,44.0,45.5,21660058
2013-09-02,46.35,46.65,45.1,46.05,12525700
2013-09-03,46.65,46.65,43.6,44.5,11250160
2013-09-04,44.4,45.55,44.1,45.15,10263100
2013-09-05,45.65,48.2,45.5,47.9,13341934
2013-09-06,46.9,50.6,45.95,49.95,16131574
2013-09-10,50.5,50.65,49.1,49.75,8872498
2013-09-11,49.5,52.5,49.45,52.05,10541932
2013-09-12,52.1,52.8,50.35,50.65,8628868
2013-09-13,50.2,51.25,49.35,50.85,6749032
2013-09-16,52.0,53.65,51.1,53.0,9172168
2013-09-17,53.15,53.6,51.95,52.3,6340198
2013-09-18,52.35,53.25,52.3,52.6,7490536
2013-09-19,53.55,57.1,53.0,56.05,20351926
2013-09-20,55.85,57.75,53.8,56.3,12199570
2013-09-23,55.55,56.75,53.35,53.9,9344746
2013-09-24,53.65,53.85,52.1,52.55,8560132
2013-09-25,51.65,51.85,49.5,50.9,17887978
2013-09-26,51.0,52.0,50.7,51.55,9627436
2013-09-27,52.5,56.65,52.5,54.75,47210008
2013-09-30,55.0,56.15,54.5,55.2,18153784
2013-10-01,54.75,54.75,53.4,54.4,8148856
2013-10-03,54.2,56.3,53.95,55.9,8336536
2013-10-04,55.7,58.5,55.6,56.9,16336192
2013-10-07,56.9,59.35,56.0,58.8,14831242
2013-10-08,58.8,59.45,56.8,56.95,8423506
2013-10-09,56.65,57.9,56.45,56.7,9498838
2013-10-10,57.2,57.7,56.55,57.2,3366898
2013-10-11,57.8,57.85,55.9,56.5,3489070
2013-10-14,56.5,57.4,56.1,57.1,4130398
2013-10-15,57.45,57.6,55.6,57.2,4865746
2013-10-17,57.25,58.8,56.95,58.0,6348340
2013-10-18,58.55,60.8,58.25,60.35,10630738
2013-10-21,60.65,61.8,59.6,60.45,12946864
2013-10-22,60.4,61.95,59.85,60.15,10798420
2013-10-23,60.75,61.3,58.45,59.35,6637606
2013-10-24,59.55,60.65,58.9,59.5,4992994
2013-10-25,59.5,59.85,57.4,58.15,6431548
2013-10-28,58.55,58.75,57.6,57.8,5387452
2013-10-29,58.0,59.45,57.95,58.55,7569202
2013-10-30,59.15,60.5,58.2,60.3,5518342
2013-10-31,60.8,61.25,59.2,59.9,7152748
2013-11-01,60.0,60.35,58.95,59.3,4385458
2013-11-03,59.9,60.95,59.7,60.75,1132468
2013-11-05,60.85,63.1,59.4,62.15,15162478
2013-11-06,62.45,63.6,61.35,61.65,7848826
2013-11-07,61.4,61.9,58.4,59.6,8289946
2013-11-08,59.2,59.75,58.4,58.65,7118512
2013-11-11,58.3,58.3,56.35,56.5,6774730
2013-11-12,56.7,57.35,56.0,56.6,5575756
2013-11-13,56.3,57.15,54.85,55.55,9561046
2013-11-14,56.6,58.15,56.4,57.35,6797188
2013-11-18,58.15,58.95,57.1,58.75,6562132
2013-11-19,58.5,59.3,56.85,57.6,10188616
2013-11-20,57.5,57.65,55.7,55.9,14412100
2013-11-21,55.85,56.55,55.0,55.2,6038572
2013-11-22,55.35,55.9,54.6,55.5,4316860
2013-11-25,56.85,58.6,56.45,57.9,11169256
2013-11-26,57.85,57.9,53.6,54.15,15360790
2013-11-27,54.15,55.2,54.0,55.05,6390304
2013-11-28,55.35,56.25,55.3,55.65,7421812
2013-11-29,56.2,57.1,55.8,56.65,10309906
2013-12-02,57.0,57.75,56.7,57.55,5464822
2013-12-03,57.2,58.55,56.85,58.35,6919552
2013-12-04,57.95,58.9,57.1,58.45,7651150
2013-12-05,59.15,60.4,58.9,59.7,6527134
2013-12-06,59.85,60.95,59.6,60.7,5145466
2013-12-09,62.5,62.5,60.7,60.9,7443136
2013-12-10,61.1,61.35,59.45,59.6,4699354
2013-12-11,59.25,59.65,57.6,58.35,8038108
2013-12-12,58.15,58.9,57.65,58.35,4813738
2013-12-13,57.95,58.25,56.55,57.0,6697624
2013-12-16,56.7,57.3,55.6,56.5,6654400
2013-12-17,56.7,57.4,56.0,57.0,6071062
2013-12-18,56.65,58.1,56.45,57.7,6929422
2013-12-19,58.0,58.4,55.35,56.35,11727370
2013-12-20,56.0,57.6,55.65,57.35,8705638
2013-12-23,57.55,58.8,57.55,57.85,6548758
2013-12-24,58.15,59.35,57.75,58.0,8806654
2013-12-26,58.35,60.15,58.3,59.1,10993714
2013-12-27,59.15,60.1,58.5,58.6,4329526
2013-12-30,58.85,58.95,57.75,58.05,3497842
2013-12-31,58.35,59.05,57.75,58.0,5177614
2014-01-01,58.35,58.75,57.65,58.2,3811660
2014-01-02,59.1,59.1,56.45,56.6,5679784
2014-01-03,56.5,56.85,54.65,54.9,6387208
2014-01-06,55.95,56.15,54.7,54.95,5477656
2014-01-07,55.1,55.3,53.7,53.9,5782630
2014-01-08,54.0,54.45,52.7,52.9,7563472
2014-01-09,53.0,54.55,52.7,54.2,9882424
2014-01-10,54.3,55.25,53.75,54.4,7194874
2014-01-13,54.7,55.5,54.6,55.25,6502372
2014-01-14,54.85,55.6,54.55,54.7,3028516
2014-01-15,54.4,55.2,54.4,54.55,6011026
2014-01-16,54.85,55.6,54.2,55.05,4481998
2014-01-17,55.35,57.15,55.35,56.7,10439386
2014-01-20,56.5,57.4,55.55,57.1,6983872
2014-01-21,57.15,57.5,55.7,56.2,5761174
2014-01-22,56.2,57.65,55.75,57.3,3082012
2014-01-23,57.15,58.3,56.9,57.9,6180628
2014-01-24,57.35,58.15,56.7,57.2,6313870
2014-01-27,56.5,56.85,55.3,56.3,6206488
2014-01-28,56.3,57.35,55.65,57.05,16153468
2014-01-29,57.6,60.3,57.2,59.15,11116834
2014-01-30,58.5,59.25,56.6,58.75,12404134
2014-01-31,58.75,60.85,57.7,60.45,8542594
2014-02-03,61.0,61.0,59.05,59.4,5411212
2014-02-04,58.85,60.35,58.4,59.2,5165776
2014-02-05,58.75,59.65,58.65,59.1,4547944
2014-02-06,59.2,59.9,57.65,58.8,6201478
2014-02-07,59.15,59.3,58.25,58.7,6422896
2014-02-10,58.35,59.45,58.35,59.15,2174530
2014-02-11,59.35,60.3,58.8,59.95,3928210
2014-02-12,60.4,61.8,59.45,60.8,16490320
2014-02-13,60.8,60.8,58.9,59.15,4701400
2014-02-14,59.6,59.6,58.3,59.3,2595436
2014-02-17,59.3,59.95,58.6,59.6,1322920
2014-02-18,59.15,59.9,58.7,59.15,3998038
2014-02-19,59.2,59.5,57.95,58.55,2601028
2014-02-20,58.45,58.45,57.05,57.8,3385600
2014-02-21,57.7,60.4,57.7,60.2,7908130
2014-02-24,60.05,61.4,59.9,60.65,5172484
2014-02-25,60.9,62.45,60.9,62.0,5048890
2014-02-26,62.15,63.8,61.35,62.9,11284342
2014-02-28,63.0,64.15,62.0,63.0,9688372
2014-03-03,62.85,63.65,62.05,62.8,6199738
2014-03-04,62.65,63.9,62.4,63.35,4705030
2014-03-05,63.65,64.85,63.1,64.6,8738038
2014-03-06,64.85,67.35,64.3,66.85,8615374
2014-03-07,67.45,69.95,67.1,69.65,10474582
2014-03-10,69.2,70.55,67.85,69.8,9217990
2014-03-11,70.0,70.6,68.85,69.1,6451348
2014-03-12,69.1,69.15,68.2,68.8,5730616
2014-03-13,68.85,76.45,68.85,73.95,36419728
2014-03-14,74.15,76.1,73.45,74.1,23358214
2014-03-18,74.2,76.2,74.2,74.9,12680452
2014-03-19,74.85,76.65,74.2,74.7,7061092
2014-03-20,72.85,73.6,71.55,71.85,14370118
2014-03-21,71.85,72.3,71.0,71.35,7736326
2014-03-22,71.35,72.15,71.25,71.7,823960
2014-03-24,72.15,73.3,71.7,72.35,7369762
2014-03-25,72.35,75.0,71.85,74.25,10169788
2014-03-26,74.4,75.3,73.8,74.2,6528268
2014-03-27,73.7,77.4,73.5,75.75,14669878
2014-03-28,76.0,77.0,75.4,76.4,8202046
2014-03-31,76.8,78.2,75.4,76.7,7880050
2014-04-01,76.5,77.3,74.2,74.5,11983384
2014-04-02,74.3,76.85,74.3,74.8,11234428
2014-04-03,75.15,75.15,72.9,73.25,14182240
2014-04-04,72.85,76.25,71.95,73.95,17728078
2014-04-07,74.25,75.8,72.7,73.0,8117332
2014-04-09,73.65,74.15,72.5,73.35,11608660
2014-04-10,73.65,75.5,72.75,75.3,8125720
2014-04-11,75.35,76.25,73.65,74.05,7454530
2014-04-15,74.2,75.1,72.75,74.3,8212582
2014-04-16,73.55,74.0,72.1,72.7,10377130
2014-04-17,72.9,75.35,72.45,74.95,7032706
2014-04-21,74.85,78.1,74.35,77.3,11811262
2014-04-22,77.3,81.15,76.7,80.45,13965430
2014-04-23,80.85,82.3,78.45,79.2,14017666
2014-04-25,79.9,79.9,76.15,76.8,9436780
2014-04-28,76.05,78.2,75.45,76.1,10168942
2014-04-29,76.4,77.25,75.25,76.75,5707264
2014-04-30,77.15,78.8,73.7,75.8,11533732
2014-05-02,76.15,77.85,75.95,77.1,6271534
2014-05-05,77.35,79.15,77.35,77.95,7778092
2014-05-06,78.35,79.0,77.7,77.9,6745630
2014-05-07,79.15,80.1,78.25,78.7,10309270
2014-05-08,78.8,79.0,76.85,77.1,8933026
2014-05-09,77.0,81.65,76.45,80.95,8032108
2014-05-12,81.15,84.25,80.15,83.75,10808314
2014-05-13,85.1,87.8,84.4,84.9,11534620
2014-05-14,84.95,87.0,84.25,86.45,4846714
2014-05-15,86.65,87.5,84.05,86.05,6402574
2014-05-16,88.35,96.5,87.55,92.0,15020890
2014-05-19,93.15,98.15,93.15,96.0,12917884
2014-05-20,96.65,98.1,92.3,93.1,8145460
2014-05-21,93.25,94.1,91.7,93.4,9222094
2014-05-22,94.3,94.3,92.05,93.3,9634312
2014-05-23,93.55,94.75,92.05,92.7,12715852
2014-05-26,93.25,96.6,91.1,92.95,11649982
2014-05-27,93.35,93.45,89.35,92.35,7767226
2014-05-28,92.2,92.8,89.4,90.4,13044682
2014-05-29,91.75,92.4,88.7,89.35,8295652
2014-05-30,89.5,91.6,86.15,87.0,9754144
2014-06-02,87.5,92.85,87.3,92.6,7093180
2014-06-03,92.7,96.3,92.45,95.6,9265228
2014-06-04,95.85,96.85,94.4,95.95,6657214
2014-06-05,95.75,104.55,95.75,103.25,20417140
2014-06-06,103.9,108.35,102.8,104.7,23704030
2014-06-09,105.75,105.85,101.5,102.5,9418642
2014-06-10,103.0,104.55,100.9,102.35,9740596
2014-06-11,103.3,104.05,100.4,101.2,9055366
2014-06-12,101.35,103.5,99.05,99.85,9335812
2014-06-13,99.35,99.35,92.55,94.95,15733312
2014-06-16,94.0,99.1,92.5,98.5,14948242
2014-06-17,97.85,102.85,96.3,101.7,12379630
2014-06-18,100.7,103.2,96.85,98.6,18291040
2014-06-19,97.85,101.0,93.35,94.1,23785060
2014-06-20,93.2,94.85,91.4,92.1,25713790
2014-06-23,91.85,93.3,89.85,92.8,16866886
2014-06-24,94.0,98.15,93.6,97.1,19763020
2014-06-25,97.5,97.85,95.6,96.9,14465662
2014-06-26,93.6,96.3,92.55,94.65,17009272
2014-06-27,95.35,96.15,93.85,94.95,5610172
2014-06-30,94.55,100.65,94.55,100.05,14885188
2014-07-01,101.7,101.7,97.85,98.25,11534374
2014-07-02,99.5,100.75,98.7,100.3,6307210
2014-07-03,100.85,101.3,99.5,99.95,8491282
2014-07-04,100.0,102.0,99.35,99.95,12548296
2014-07-07,100.0,100.15,97.55,98.9,10536628
2014-07-08,98.9,100.45,94.45,95.2,11648716
2014-07-09,96.35,98.4,95.0,97.15,11950948
2014-07-10,97.45,100.85,93.35,96.8,16219516
2014-07-11,96.2,97.25,92.75,93.55,9497002
2014-07-14,94.8,96.1,94.15,94.85,7861000
2014-07-15,95.8,97.4,94.9,97.0,6810136
2014-07-16,97.45,98.95,97.1,98.45,5370298
2014-07-17,97.5,98.8,96.75,98.5,5799538
2014-07-18,96.9,97.65,95.95,97.15,6601498
2014-07-21,97.5,98.2,96.15,96.9,4620166
2014-07-22,97.3,98.5,96.85,97.1,4334320
2014-07-23,97.5,101.15,97.35,100.05,7260364
2014-07-24,101.0,101.6,99.9,100.5,6659236
2014-07-25,100.65,102.15,98.0,98.6,8252476
2014-07-28,98.85,98.85,94.9,95.8,7535164
2014-07-30,96.15,96.8,95.0,95.55,7622452
2014-07-31,96.15,97.9,96.0,96.7,9784936
2014-08-01,97.1,98.6,95.8,96.2,7980526
2014-08-04,97.4,100.85,97.35,100.05,8319394
2014-08-05,100.9,101.3,97.9,98.8,6196240
2014-08-06,98.8,100.4,96.15,96.9,4763020
2014-08-07,97.55,98.75,97.15,97.5,6416224
2014-08-08,95.5,95.8,93.4,94.4,7453036
2014-08-11,95.35,96.8,95.25,95.6,4377430
2014-08-12,96.45,98.8,96.0,98.45,10202176
2014-08-13,99.4,102.0,98.95,100.6,11804212
2014-08-14,101.1,102.6,100.4,102.2,8788318
2014-08-18,102.85,109.65,102.65,108.1,15301726
2014-08-19,109.8,113.5,109.2,112.35,26929546
2014-08-20,112.95,113.0,110.85,111.15,13365742
2014-08-21,111.2,115.0,110.75,114.25,15308314
2014-08-22,115.0,115.55,111.65,112.0,11941018
2014-08-25,112.35,113.35,110.45,110.8,7093834
2014-08-26,110.35,112.15,108.0,110.8,7760266
2014-08-27,111.3,113.65,110.9,112.95,8090998
2014-08-28,113.35,116.55,113.35,115.7,20323510
2014-09-01,116.85,118.15,114.8,117.5,10414924
2014-09-02,117.5,118.6,115.9,117.3,9518620
2014-09-03,120.15,120.5,116.85,117.4,9642094
2014-09-04,117.1,117.5,115.65,116.8,8112238
2014-09-05,114.65,116.8,114.0,114.8,6827164
2014-09-08,116.1,117.25,114.65,116.7,11267074
2014-09-09,117.5,117.8,114.75,115.45,6325900
2014-09-10,114.65,115.45,112.5,112.8,5851684
2014-09-11,112.9,115.2,112.75,113.55,7718452
2014-09-12,113.35,115.15,113.35,113.85,8216668
2014-09-15,113.2,115.3,113.2,113.9,6804802
2014-09-16,113.7,114.65,107.75,108.35,10380298
2014-09-17,108.7,109.35,104.7,106.5,12280300
2014-09-18,105.5,110.65,105.5,110.4,7685134
2014-09-19,110.8,111.75,108.85,109.55,4791244
2014-09-22,109.15,112.4,108.7,111.7,5406628
2014-09-23,112.35,112.55,107.9,108.5,5529934
2014-09-24,108.45,108.95,104.75,107.05,6280768
2014-09-25,106.4,108.5,101.6,103.4,9209668
2014-09-26,102.65,107.35,99.55,106.6,10273294
2014-09-29,105.95,109.35,105.4,106.2,7123390
2014-09-30,106.1,110.0,105.15,109.25,10994656
2014-10-01,110.0,110.8,108.35,108.8,5219932
2014-10-07,109.0,110.1,107.4,108.4,7505596
2014-10-08,108.5,113.0,108.4,112.45,12987934
2014-10-09,112.75,114.05,111.45,111.95,6440188
2014-10-10,112.8,113.65,111.35,111.7,7807672
2014-10-13,111.85,113.15,110.65,111.95,8954278
2014-10-14,111.8,111.8,108.85,109.4,7199512
2014-10-16,109.4,113.6,109.4,111.05,13594228
2014-10-17,111.35,112.5,109.9,111.1,4384486
2014-10-20,118.85,119.2,114.85,116.15,21812710
2014-10-21,116.6,116.6,114.15,114.65,5947720
2014-10-22,115.35,115.95,113.85,114.8,4487272
2014-10-23,115.4,115.5,115.0,115.2,498910
2014-10-27,115.5,115.95,113.1,114.35,5009998
2014-10-28,114.85,117.35,114.65,117.0,10099906
2014-10-29,117.5,119.65,116.55,117.45,10133722
2014-10-30,117.5,117.9,115.4,117.0,9686602
2014-10-31,117.35,121.5,116.65,120.8,9917440
2014-11-03,121.75,122.15,119.6,120.7,5985424
2014-11-05,121.65,124.25,121.5,123.4,14223964
2014-11-07,123.4,127.65,123.1,126.5,13713730
2014-11-10,127.25,129.5,126.85,127.65,10316170
2014-11-11,128.8,128.9,127.1,127.8,11291278
2014-11-12,128.5,129.35,126.85,127.55,9465676
2014-11-13,125.15,125.75,120.85,121.75,13405240
2014-11-14,121.75,123.65,120.15,122.5,15496138
2014-11-17,122.35,123.45,118.85,121.0,6940468
2014-11-18,120.65,121.95,119.75,120.0,6857884
2014-11-19,120.8,123.1,119.6,120.25,8041462
2014-11-20,121.3,121.55,119.2,119.95,6292678
2014-11-21,119.95,122.25,119.6,120.75,4127578
2014-11-24,120.0,122.0,119.65,119.9,6241936
2014-11-25,120.0,121.6,117.8,118.3,8815744
2014-11-26,119.15,120.0,117.5,117.95,8961694
2014-11-27,118.4,122.0,118.35,120.1,19753294
2014-11-28,124.65,130.85,122.95,124.4,41002372
2014-12-01,126.65,126.9,123.1,124.05,19348462
2014-12-02,123.0,123.0,118.4,118.75,8981164
2014-12-03,119.35,120.45,117.5,118.5,7207138
2014-12-04,119.0,121.65,117.7,121.1,8130862
2014-12-05,121.65,121.95,117.95,118.35,4380196
2014-12-08,118.5,119.35,114.5,114.95,9795946
2014-12-09,115.5,116.2,111.15,112.2,15507988
2014-12-10,111.65,112.6,110.2,111.5,10305670
2014-12-11,112.45,113.35,109.7,110.5,10196530
2014-12-12,111.2,112.05,110.5,111.25,9711922
2014-12-15,110.35,111.35,104.15,106.05,13501090
2014-12-16,105.0,108.8,105.0,107.9,12427306
2014-12-17,107.55,108.7,105.85,107.95,9781384
2014-12-18,108.35,109.85,106.6,108.9,7510708
2014-12-19,109.3,111.15,108.1,108.95,7790620
2014-12-22,108.6,109.7,107.5,109.2,2968714
2014-12-23,108.65,110.4,108.1,108.45,3476416
2014-12-24,108.05,108.95,105.9,106.6,15322324
2014-12-26,106.5,108.2,104.95,107.6,3959974
2014-12-29,107.25,110.3,107.05,107.85,5237056
2014-12-30,108.4,109.6,107.5,108.1,3856522
2015-01-01,108.15,109.6,107.05,109.05,2893000
2015-01-02,108.5,109.3,107.1,107.4,6142288
2015-01-05,107.5,108.25,106.9,107.6,6566230
2015-01-06,108.75,109.2,105.0,106.5,13121008
2015-01-07,106.15,108.2,106.15,107.5,7856362
2015-01-08,108.15,113.65,108.15,112.95,16840192
2015-01-09,114.0,114.65,112.1,113.2,10079152
2015-01-12,114.15,114.15,112.05,112.75,3867442
2015-01-13,113.4,115.15,110.6,111.6,5972536
2015-01-14,112.65,112.65,108.15,108.6,7112272
2015-01-15,109.2,111.35,108.2,110.5,11808274
2015-01-16,110.55,112.15,109.25,109.9,7147246
2015-01-19,109.9,110.2,107.1,107.55,6617302
2015-01-20,107.7,109.0,107.2,107.95,4653268
2015-01-21,108.0,109.55,107.25,109.0,5534536
2015-01-22,109.15,110.0,107.5,109.5,4936336
2015-01-23,110.55,113.7,109.6,112.45,8706076
2015-01-27,113.15,115.8,110.15,115.35,11605282
2015-01-28,114.8,118.25,114.15,117.7,11438974
2015-01-29,118.55,122.95,117.9,122.3,19402492
2015-01-30,122.9,127.2,121.85,124.8,14754742
2015-02-02,124.35,127.9,122.55,124.8,10153594
2015-02-03,124.85,126.05,120.7,121.25,9786832
2015-02-04,120.85,122.65,119.4,120.15,10960312
2015-02-05,120.8,128.8,120.5,125.0,18653806
2015-02-06,122.65,124.85,121.15,121.8,9303970
2015-02-09,120.15,121.0,117.75,118.65,8207350
2015-02-10,117.5,119.25,114.85,116.4,14683528
2015-02-11,117.05,119.4,115.75,118.8,4827100
2015-02-12,119.6,120.35,116.85,117.65,4276552
2015-02-13,117.65,122.3,115.5,120.8,22005112
2015-02-16,122.0,126.2,120.15,121.0,11987338
2015-02-18,121.25,122.5,120.15,121.6,4127404
2015-02-19,122.35,124.6,121.95,123.7,7744432
2015-02-20,123.6,124.3,123.0,123.65,4395328
2015-02-23,124.15,125.65,122.4,123.3,4430632
2015-02-24,123.85,126.65,123.65,126.2,7384582
2015-02-25,126.35,128.7,124.5,125.3,9594052
2015-02-26,125.3,126.45,123.6,124.3,8611816
2015-02-27,124.85,125.0,121.7,124.05,5141578
2015-02-28,124.75,125.2,121.15,124.35,7438540
2015-03-02,126.65,131.0,126.35,129.9,18558556
2015-03-03,129.9,131.1,128.05,130.15,9442492
2015-03-04,130.6,131.65,127.3,128.4,10777342
2015-03-05,128.35,130.15,128.0,129.4,7745404
2015-03-09,129.2,130.15,125.75,127.35,10691734
2015-03-10,128.15,129.6,126.95,127.35,8797858
2015-03-11,127.35,128.65,124.5,125.15,3598276
2015-03-12,125.4,126.4,124.65,124.9,3971938
2015-03-13,125.65,125.8,121.2,121.9,5221906
2015-03-16,123.35,124.15,122.2,122.8,2856364
2015-03-17,123.85,126.0,123.3,125.1,6329614
2015-03-18,124.9,130.35,124.15,128.75,8524570
2015-03-19,129.5,130.0,124.85,125.55,4517644
2015-03-20,125.55,125.55,120.45,121.2,5789644
2015-03-23,121.35,122.65,118.85,119.25,4267108
2015-03-24,120.0,124.1,119.6,123.45,12425194
2015-03-25,123.35,126.0,122.0,124.8,8616526
2015-03-26,123.8,129.0,123.35,127.05,16437220
2015-03-27,125.85,128.45,123.75,124.95,10540138
2015-03-30,125.5,129.15,125.2,128.2,7203844
2015-03-31,128.35,136.0,128.2,135.15,15727750
2015-04-01,135.15,136.35,132.75,134.05,6395812
2015-04-06,134.5,135.95,133.35,133.7,5115970
2015-04-07,134.35,134.35,131.85,132.6,5338816
2015-04-08,132.2,138.65,131.8,136.6,13900222
2015-04-09,138.0,139.15,134.85,135.3,6251698
2015-04-10,135.8,138.25,134.65,136.7,8098516
2015-04-13,136.3,138.15,135.35,136.4,5826046
2015-04-15,135.7,137.25,132.65,133.75,7068100
2015-04-16,133.5,134.45,131.9,133.5,8001766
2015-04-17,133.35,135.8,132.3,133.0,6567682
2015-04-20,134.15,135.5,132.5,133.9,7801078
2015-04-21,134.65,136.45,132.45,133.2,9105100
2015-04-22,133.95,135.9,133.65,134.2,11554198
2015-04-23,135.35,135.8,133.15,133.75,5109904
2015-04-24,134.1,134.1,129.15,130.1,4140082
2015-04-27,130.25,130.35,120.05,122.05,7453996
2015-04-28,122.85,129.15,122.35,127.5,10898770
2015-04-29,127.25,127.5,124.55,126.0,6079546
2015-04-30,126.0,130.5,125.25,127.45,12239614
2015-05-04,129.15,132.05,127.35,130.6,6247294
2015-05-05,130.85,131.2,128.0,129.55,5669404
2015-05-06,128.4,128.5,123.1,124.7,9049054
2015-05-07,123.4,126.1,120.05,121.65,7835050
2015-05-08,124.15,126.4,122.9,124.7,6661258
2015-05-11,125.45,125.65,124.15,125.15,4596034
2015-05-12,125.25,125.35,120.5,121.0,6562186
2015-05-13,121.65,123.05,117.25,122.65,5709976
2015-05-14,122.9,126.6,121.65,126.1,8644738
2015-05-15,126.65,128.3,126.35,127.85,5713558
2015-05-18,129.95,132.5,128.7,132.15,9579508
2015-05-19,131.65,132.7,129.45,130.7,4082518
2015-05-20,131.65,132.65,130.6,131.15,3304954
2015-05-21,131.5,131.5,128.95,129.5,3487546
2015-05-22,129.15,130.85,128.4,130.4,3380908
2015-05-25,130.65,134.35,130.5,131.95,5917966
2015-05-26,132.2,132.8,129.15,130.3,3009904
2015-05-27,130.5,133.65,129.3,132.8,5004016
2015-05-28,133.25,137.3,132.6,136.3,17573182
2015-05-29,137.7,142.5,137.7,141.7,14055868
2015-06-01,141.85,145.25,139.85,143.45,7888960
2015-06-02,143.8,144.8,140.7,141.1,6693196
2015-06-03,141.2,141.8,138.8,139.85,6242428
2015-06-04,140.8,144.9,139.75,144.45,9076684
2015-06-05,144.5,146.05,142.35,142.6,6505036
2015-06-08,142.75,143.3,140.0,140.5,5678728
2015-06-09,139.65,142.35,139.5,141.55,6719182
2015-06-10,141.35,142.55,140.3,140.65,6214630
2015-06-11,141.6,143.65,139.75,140.4,7230664
2015-06-12,140.4,142.4,138.4,139.6,6596404
2015-06-15,139.65,141.0,138.55,138.9,4985320
2015-06-16,139.0,141.65,134.75,136.75,13739530
2015-06-17,136.65,136.95,133.85,135.1,8158960
2015-06-18,136.4,139.55,135.85,138.95,8334916
2015-06-19,139.85,141.15,138.1,139.3,10627726
2015-06-22,140.5,141.85,139.85,141.0,8893090
2015-06-23,142.0,144.15,141.0,143.5,7067236
2015-06-24,143.65,144.8,140.85,141.4,8124670
2015-06-25,141.4,144.45,141.4,143.05,8971210
2015-06-26,143.0,145.5,142.7,143.7,6327364
2015-06-29,142.3,147.0,142.15,145.3,10065322
2015-06-30,146.75,147.3,145.4,146.55,12221164
2015-07-01,147.5,149.35,146.85,148.0,10567198
2015-07-02,148.75,151.3,148.75,150.0,11362378
2015-07-03,150.65,152.45,149.4,150.5,9642436
2015-07-06,150.5,155.9,150.5,155.15,14890798
2015-07-07,156.35,157.2,154.55,155.4,10308676
2015-07-08,155.4,158.8,151.5,152.7,21047974
2015-07-09,152.1,152.8,143.9,144.45,22729300
2015-07-10,144.15,147.65,143.9,146.95,13542370
2015-07-13,147.5,152.3,146.65,151.55,11457928
2015-07-14,152.45,155.45,151.6,154.5,12379486
2015-07-15,154.85,154.85,152.0,152.95,6911446
2015-07-16,153.85,156.85,153.85,156.35,9387988
2015-07-17,157.0,158.45,155.85,156.6,6695740
2015-07-20,158.05,161.4,157.1,160.55,12488842
2015-07-21,160.85,161.6,158.3,158.7,6307186
2015-07-22,158.5,163.0,158.1,162.0,6997930
2015-07-23,162.4,164.5,160.9,161.7,8923294
2015-07-24,162.5,164.05,159.5,160.9,9778228
2015-07-27,160.75,162.35,158.5,159.1,6139318
2015-07-28,159.5,160.85,157.0,157.5,8393728
2015-07-29,158.15,159.9,156.25,158.2,6921430
2015-07-30,158.9,159.2,157.2,157.85,9763288
2015-07-31,158.35,158.6,153.0,154.45,7913962
2015-08-03,155.65,156.8,150.75,151.45,10713892
2015-08-04,153.0,156.15,152.4,155.6,13755922
2015-08-05,156.65,158.5,154.6,155.1,7028722
2015-08-06,155.8,157.95,155.35,156.45,8748196
2015-08-07,157.1,160.5,154.6,159.25,11210440
2015-08-10,160.0,163.25,156.85,157.8,9969232
2015-08-11,158.3,158.3,152.4,154.2,8983366
2015-08-12,154.8,155.15,144.1,145.0,15764056
2015-08-13,145.75,148.95,142.95,147.55,12599134
2015-08-14,148.35,151.3,145.0,145.6,14301694
2015-08-17,146.5,148.0,143.35,144.2,9525814
2015-08-18,145.6,150.35,144.25,149.4,11988598
2015-08-19,150.5,152.65,147.35,147.85,9754834
2015-08-20,149.8,153.15,147.5,150.35,16790152
2015-08-21,147.65,149.15,144.65,148.3,12428548
2015-08-24,143.65,145.35,133.8,136.45,14335528
2015-08-25,138.4,144.9,136.2,143.8,15342616
2015-08-26,144.15,146.15,138.65,139.6,11131888
2015-08-27,143.35,147.4,141.35,146.7,10730938
2015-08-28,144.45,144.6,140.95,143.5,12107524
2015-08-31,143.9,147.85,141.9,147.2,15147238
2015-09-01,145.2,146.45,141.9,143.9,6153928
2015-09-02,145.8,146.0,140.95,141.5,10897216
2015-09-03,142.35,143.5,138.7,139.65,7986280
2015-09-04,140.0,142.45,136.65,141.75,8178064
2015-09-07,140.9,143.2,137.25,138.35,5877946
2015-09-08,139.2,139.85,135.25,136.9,6657214
2015-09-09,139.0,140.85,136.3,136.7,9907270
2015-09-10,136.65,140.5,136.35,139.95,15361360
2015-09-11,140.85,142.95,140.5,141.75,6733846
2015-09-14,143.3,147.65,142.9,146.75,9196042
2015-09-15,147.45,148.75,145.15,146.6,6176134
2015-09-16,146.9,147.9,142.2,143.7,8430466
2015-09-18,145.85,147.9,143.95,144.9,7152394
2015-09-21,144.7,146.9,144.05,145.2,5070580
2015-09-22,146.15,146.8,142.35,143.55,5933386
2015-09-23,143.5,147.4,142.75,146.1,3956500
2015-09-24,147.6,148.7,146.25,146.8,5856358
2015-09-28,146.8,149.8,146.05,147.25,5234806
2015-09-29,146.65,146.65,140.55,141.3,9199630
2015-09-30,141.7,143.35,140.95,141.8,9221188
2015-10-01,142.9,144.1,140.85,142.5,7917070
2015-10-05,143.35,144.6,141.7,143.45,6550180
2015-10-06,144.0,147.35,143.25,145.95,8022016
2015-10-07,145.85,146.85,142.5,143.9,9349690
2015-10-08,144.35,144.45,141.15,142.5,6175330
2015-10-09,143.15,143.85,139.55,141.4,6165070
2015-10-12,141.65,142.15,139.85,141.5,4355764
2015-10-13,142.9,145.0,142.7,143.9,8031190
2015-10-14,144.8,145.15,143.4,143.7,4512736
2015-10-15,144.85,149.7,144.4,148.85,9365968
2015-10-16,150.3,152.45,149.75,151.9,10406158
2015-10-19,151.0,153.9,151.0,153.1,6140068
2015-10-20,152.65,154.25,151.65,152.1,5368294
2015-10-21,152.0,152.4,149.5,150.1,4277854
2015-10-23,150.85,152.95,150.85,151.7,4399378
2015-10-26,151.7,153.05,150.35,150.6,5264626
2015-10-27,150.0,152.85,149.35,152.45,11420242
2015-10-28,153.15,153.55,150.25,151.55,6413470
2015-10-29,151.15,151.5,145.85,146.5,12440092
2015-10-30,146.65,148.25,144.25,145.2,10099648
2015-11-02,145.5,146.5,143.6,145.3,6053734
2015-11-03,146.15,147.35,144.4,146.1,4376818
2015-11-04,146.4,148.5,145.9,147.65,3822778
2015-11-05,147.85,149.15,146.85,148.15,4922692
2015-11-06,148.6,149.9,148.0,149.35,4208080
2015-11-09,147.95,151.8,146.4,150.5,12706642
2015-11-10,150.0,151.9,145.35,146.15,7105120
2015-11-11,147.5,149.3,146.5,148.25,667696
2015-11-13,149.85,151.25,148.2,151.0,6901324
2015-11-16,151.35,152.05,149.4,149.8,7344070
2015-11-17,149.85,150.6,145.35,146.05,7002484
2015-11-18,146.0,148.05,145.5,147.35,3192472
2015-11-19,148.35,151.65,147.6,151.25,6606442
2015-11-20,150.8,154.0,150.05,152.7,5102560
2015-11-23,152.5,153.65,150.7,150.95,5525518
2015-11-24,150.9,152.55,149.35,151.25,5177026
2015-11-26,151.3,152.55,150.2,150.8,4895074
2015-11-27,151.45,151.65,148.4,150.2,3201418
2015-11-30,150.4,152.95,149.65,150.3,8882056
2015-12-01,150.35,155.65,150.35,155.45,9238090
2015-12-02,155.85,157.8,154.4,155.35,8326288
2015-12-03,155.85,156.0,152.85,153.3,5015890
2015-12-04,152.35,153.25,150.65,151.1,3626356
2015-12-07,152.85,153.85,151.3,151.8,5565604
2015-12-08,153.0,154.3,151.5,152.0,8616160
2015-12-09,152.0,152.6,146.15,147.05,6665104
2015-12-10,146.8,151.25,144.55,150.7,5594488
2015-12-11,150.85,151.9,147.65,148.8,5120416
2015-12-14,149.15,150.35,147.2,148.35,3884488
2015-12-15,148.65,149.3,146.95,148.3,2252188
2015-12-16,150.0,152.85,150.0,150.6,4870276
2015-12-17,152.15,152.7,149.9,150.65,5187334
2015-12-18,150.85,152.5,149.65,150.1,4418476
2015-12-21,150.9,151.65,148.7,149.6,3409948
2015-12-22,150.05,151.35,149.7,150.45,3324304
2015-12-23,150.85,151.3,149.7,150.15,5128012
2015-12-24,150.2,151.4,150.1,150.7,3247684
2015-12-28,150.65,151.35,150.15,150.55,2211556
2015-12-29,151.5,152.65,150.05,150.45,4788676
2015-12-30,150.45,151.2,148.1,148.6,3117586
2015-12-31,148.7,150.25,147.4,148.7,18646936
2016-01-01,148.85,150.4,148.5,149.35,1657348
2016-01-04,148.15,149.4,145.85,148.6,3606076
2016-01-05,148.8,151.3,146.7,150.45,5962270
2016-01-06,151.25,153.25,149.35,152.05,9086722
2016-01-07,152.65,153.25,146.65,147.4,5033248
2016-01-08,148.65,151.25,148.4,150.6,4050574
2016-01-11,150.4,150.4,147.55,148.0,4601890
2016-01-12,148.0,149.9,147.05,148.35,7515130
2016-01-13,149.5,150.4,144.65,149.3,9316642
2016-01-14,146.85,153.3,146.4,151.55,6475312
2016-01-15,151.8,157.85,151.6,155.4,17947960
2016-01-18,155.1,156.55,148.25,149.45,8199274
2016-01-19,149.65,151.05,147.0,149.3,5754628
2016-01-20,148.85,150.3,145.9,147.6,12644866
2016-01-21,148.65,149.8,144.25,145.9,6498922
2016-01-22,146.5,148.05,145.3,147.2,4724356
2016-01-25,147.25,147.8,144.7,146.3,5743552
2016-01-27,146.45,148.1,144.8,145.1,10432570
2016-01-28,145.25,146.25,143.5,144.8,13622440
2016-01-29,144.8,151.1,144.3,148.85,9394054
2016-02-01,148.5,148.9,145.3,146.7,5548906
2016-02-02,145.5,145.7,140.95,141.7,5678848
2016-02-03,140.95,142.9,137.6,138.25,8508742
2016-02-04,139.15,142.0,137.35,138.6,10128568
2016-02-05,139.45,141.1,137.75,140.5,4834666
2016-02-08,140.5,142.2,137.25,137.55,3625990
2016-02-09,137.0,139.9,136.1,137.5,10934464
2016-02-10,138.1,140.3,135.5,139.6,4740142
2016-02-11,139.15,139.6,135.35,136.3,6531508
2016-02-12,136.95,137.1,127.05,128.8,14008978
2016-02-15,133.3,134.75,129.45,129.95,9162586
2016-02-16,130.6,130.6,122.0,125.15,12028804
2016-02-17,126.5,130.9,125.85,130.15,12109606
2016-02-18,131.85,133.3,130.15,131.6,12523588
2016-02-19,131.65,131.65,126.9,127.65,10177930
2016-02-22,127.5,128.3,124.9,126.55,8374210
2016-02-23,126.7,127.0,121.85,122.7,7897012
2016-02-24,123.6,128.8,123.2,128.15,13869814
2016-02-25,128.1,128.3,124.25,127.35,12691174
2016-02-26,129.5,129.5,125.0,127.45,7388794
2016-02-29,126.85,131.35,123.35,128.2,58759392
2016-03-01,128.2,133.3,128.15,132.3,5870092
2016-03-02,133.15,135.85,130.5,131.1,6927814
2016-03-03,131.25,132.15,128.55,131.65,7814530
2016-03-04,132.15,136.3,131.15,135.85,10276462
2016-03-08,136.65,139.15,134.6,136.8,9000766
2016-03-09,135.6,137.0,132.75,133.2,11601112
2016-03-10,134.8,134.8,131.4,132.35,9329224
2016-03-11,133.0,135.8,132.5,133.95,8007784
2016-03-14,134.5,135.5,132.85,134.1,6063628
2016-03-15,134.35,136.65,134.25,135.15,6480742
2016-03-16,136.95,137.2,135.85,136.4,9897172
2016-03-17,137.95,144.9,137.5,144.15,24451708
2016-03-18,143.35,144.0,142.05,142.8,10210906
2016-03-21,144.1,146.65,143.4,145.0,10117390
2016-03-22,144.25,147.95,143.4,145.1,8979448
2016-03-23,145.8,146.65,144.05,144.75,6985864
2016-03-28,145.25,147.85,143.9,145.6,10564906
2016-03-29,146.25,148.2,144.95,145.65,9620320
2016-03-30,146.4,151.25,145.35,150.2,14510680
2016-03-31,150.65,153.65,149.8,150.7,16855630
2016-04-01,150.0,150.0,147.55,147.9,5694988
2016-04-04,149.15,149.55,146.75,147.85,5617642
2016-04-05,149.85,151.65,147.35,148.4,9844546
2016-04-06,149.5,149.65,146.4,148.35,10679806
2016-04-07,149.65,150.65,147.25,147.5,9557470
2016-04-08,147.85,150.25,146.7,149.95,3622738
2016-04-11,148.85,153.3,148.85,152.85,6454798
2016-04-12,154.75,156.65,153.0,153.5,9046570
2016-04-13,154.15,155.5,152.65,154.3,6253498
2016-04-18,154.15,163.3,154.15,161.65,12232618
2016-04-20,161.35,161.6,158.5,159.05,7911022
2016-04-21,159.05,164.15,159.05,161.8,6417178
2016-04-22,160.35,163.0,160.05,161.0,3955444
2016-04-25,160.0,163.65,159.8,163.05,3926890
2016-04-26,162.0,164.0,161.8,162.65,5958748
2016-04-27,161.85,165.8,161.85,163.7,4711894
2016-04-28,163.65,164.9,159.75,160.45,7211782
2016-04-29,160.0,163.6,160.0,163.0,3448786
2016-05-02,163.65,164.55,161.0,161.6,2469940
2016-05-03,162.5,162.65,158.55,159.0,5230198
2016-05-04,157.9,160.35,157.2,157.85,4202980
2016-05-05,158.15,158.55,154.85,156.45,4213528
2016-05-06,155.5,157.5,154.6,156.55,7279450
2016-05-09,157.15,158.35,155.45,156.15,5622880
2016-05-10,156.85,157.15,154.2,154.55,6334678
2016-05-11,153.1,154.6,151.4,153.25,6297274
2016-05-12,152.85,155.55,152.85,154.4,4013008
2016-05-13,154.05,155.85,153.25,154.65,3274210
2016-05-16,154.65,155.15,152.6,153.8,4096438
2016-05-17,155.0,158.1,155.0,157.55,6148594
2016-05-18,157.0,159.7,155.1,155.5,8779228
2016-05-19,155.3,158.25,155.15,157.2,6125830
2016-05-20,157.4,157.9,153.0,153.4,4772914
2016-05-23,154.45,155.35,151.85,153.65,4392418
2016-05-24,152.65,154.2,148.45,149.3,6197944
2016-05-25,150.75,156.8,146.85,152.9,4737292
2016-05-26,153.5,155.15,151.2,154.45,7243642
2016-05-27,158.5,170.8,157.9,168.65,35309520
2016-05-30,170.0,170.65,165.6,166.6,7861156
2016-05-31,166.6,168.0,162.3,163.4,13993594
2016-06-01,165.85,166.0,163.7,164.5,6444394
2016-06-02,164.45,167.75,163.1,167.2,8659594
2016-06-03,168.65,172.3,167.3,168.75,11162386
2016-06-06,167.75,168.2,165.0,165.7,7691854
2016-06-07,167.0,167.05,162.25,162.7,7041226
2016-06-08,162.05,164.25,161.5,163.35,6137644
2016-06-09,165.05,167.65,164.5,166.25,7902214
2016-06-10,166.5,167.4,164.1,164.5,5078656
2016-06-13,163.7,168.8,163.35,168.1,7468198
2016-06-14,169.35,169.5,164.7,165.2,6453568
2016-06-15,165.9,168.95,165.9,168.5,5033338
2016-06-16,169.05,170.0,166.75,168.6,6597214
2016-06-17,169.45,169.95,166.85,167.5,5262262
2016-06-20,166.65,168.75,165.7,167.45,3727576
2016-06-21,167.45,168.7,166.5,168.1,4405192
2016-06-22,168.0,168.9,167.2,168.2,4655758
2016-06-23,168.5,171.75,167.15,170.65,4479850
2016-06-24,168.65,170.75,166.0,168.9,6516622
2016-06-27,170.0,174.5,169.4,173.05,8603068
2016-06-28,173.65,175.7,173.35,175.3,7127812
2016-06-29,175.8,176.75,173.9,175.7,4994926
2016-06-30,177.0,179.65,175.2,178.7,14095066
2016-07-01,179.15,183.7,177.85,182.0,6395176
2016-07-04,182.5,185.0,182.5,184.35,10156234
2016-07-05,184.6,186.3,182.05,183.0,11752258
2016-07-07,183.2,186.85,181.6,185.7,15105400
2016-07-08,186.85,187.3,184.1,185.8,17025196
2016-07-11,187.8,191.65,186.7,188.9,18865732
2016-07-12,188.7,192.65,185.5,186.75,22119796
2016-07-13,186.65,187.65,181.2,181.85,11222684
2016-07-14,182.1,185.5,182.1,184.45,4710902
2016-07-15,184.65,185.95,182.35,184.9,7296568
2016-07-18,185.35,187.6,183.85,185.4,5087846
2016-07-19,185.2,191.35,184.7,190.7,8744864
2016-07-20,190.0,194.35,190.0,191.5,6950836
2016-07-21,194.05,196.85,191.1,192.1,8300902
2016-07-22,192.55,195.0,189.5,194.4,5877604
2016-07-25,195.65,200.6,195.15,197.85,9220000
2016-07-26,198.15,200.3,195.15,196.1,6438092
2016-07-27,196.2,198.8,194.15,196.15,6539756
2016-07-28,196.5,197.65,191.7,194.6,12794368
2016-07-29,195.85,199.0,194.2,197.55,5296828
2016-08-01,199.0,201.15,196.75,198.2,6665084
2016-08-02,198.85,199.9,192.4,193.1,8036000
2016-08-03,193.35,194.35,189.25,190.95,8537018
2016-08-04,191.4,192.7,186.0,189.75,7452466
2016-08-05,191.95,195.95,191.2,195.5,8297038
2016-08-08,197.7,205.9,196.35,202.25,24490666
2016-08-09,203.0,204.6,197.45,198.55,14751802
2016-08-10,199.2,201.5,192.8,194.5,12475204
2016-08-11,196.35,200.0,193.65,198.95,12648320
2016-08-12,196.4,198.15,191.65,193.3,9017326
2016-08-16,193.35,200.85,192.75,198.8,9808142
2016-08-17,198.65,199.6,194.5,195.8,5871176
2016-08-18,196.05,198.95,195.0,195.7,7606126
2016-08-19,196.35,198.35,193.75,197.75,7811122
2016-08-22,198.35,201.8,197.9,199.15,9868460
2016-08-23,200.35,200.7,190.5,192.05,11280068
2016-08-24,193.35,195.3,191.7,193.9,10981714
2016-08-25,195.65,200.0,193.7,199.4,16940336
2016-08-26,199.3,200.65,197.7,198.6,9223406
2016-08-29,199.0,200.6,197.95,199.6,7354324
2016-08-30,200.95,203.8,200.5,202.75,8935184
2016-08-31,203.0,203.3,199.2,200.85,29762540
2016-09-01,200.1,202.3,194.5,195.6,11173822
2016-09-02,196.65,197.0,193.75,195.6,7794670
2016-09-06,197.5,199.95,196.25,199.55,6827252
2016-09-07,199.95,200.0,195.7,196.6,4939658
2016-09-08,196.65,197.7,194.8,195.75,6330262
2016-09-09,195.7,198.35,195.0,196.2,5477116
2016-09-12,193.45,195.2,187.7,188.65,8236622
2016-09-14,190.55,192.85,188.8,191.8,7191988
2016-09-15,193.25,193.25,188.45,189.4,5802082
2016-09-16,191.65,193.95,189.7,192.65,34517980
2016-09-19,193.65,195.85,193.3,195.05,6450136
2016-09-20,195.65,196.65,194.25,195.25,6279580
2016-09-21,196.65,198.45,193.4,195.6,5321152
2016-09-22,197.65,200.15,196.25,199.6,7755262
2016-09-23,200.45,202.7,200.2,201.55,6251614
2016-09-26,201.65,208.3,198.45,207.5,9488158
2016-09-27,209.4,209.55,202.8,203.6,8364232
2016-09-28,204.0,206.6,203.15,205.45,4161452
2016-09-29,205.25,207.6,200.15,203.4,13435796
2016-09-30,201.65,206.25,201.35,204.2,5275096
2016-10-03,205.35,210.15,205.0,209.25,5511668
2016-10-04,209.4,213.0,209.35,212.5,4858816
2016-10-05,212.55,217.35,209.0,216.65,5038162
2016-10-06,217.9,227.85,217.35,223.55,10077340
2016-10-07,224.95,226.65,218.65,221.2,5750158
2016-10-10,221.35,222.3,217.75,219.25,4705732
2016-10-13,217.65,223.5,215.3,219.05,9780992
2016-10-14,220.3,224.15,219.65,222.3,5224340
2016-10-17,224.6,224.9,218.7,219.7,6081092
2016-10-18,220.35,221.2,215.35,218.9,5267632
2016-10-19,219.35,223.25,218.6,220.2,5475874
2016-10-20,220.35,221.65,218.0,220.7,4646500
2016-10-21,221.65,223.85,220.55,222.75,3965842
2016-10-24,223.15,229.3,222.35,228.75,5641778
2016-10-25,227.05,229.15,224.45,228.5,5356070
2016-10-26,227.8,228.8,223.65,225.35,5726602
2016-10-27,223.0,226.75,221.7,225.55,6855796
2016-10-28,224.35,225.5,222.1,223.0,5632264
2016-10-30,223.0,224.75,222.5,223.1,309268
2016-11-01,223.7,226.6,222.4,225.4,4520812
2016-11-02,223.35,223.35,218.35,220.05,4199950
2016-11-03,221.25,221.35,213.6,214.7,5728522
2016-11-04,214.35,216.45,210.65,214.5,5656076
2016-11-07,216.0,222.15,215.55,220.05,4872914
2016-11-08,219.0,222.65,218.1,220.2,4135612
2016-11-09,211.65,223.0,208.85,220.0,5701090
2016-11-10,219.5,224.3,219.5,221.5,6838786
2016-11-11,216.65,220.15,215.0,216.55,8564674
2016-11-15,215.45,218.25,207.2,214.55,19785116
2016-11-16,216.65,220.35,209.7,211.4,10973212
2016-11-17,211.65,214.6,207.05,211.85,13619666
2016-11-18,212.05,215.6,211.35,214.2,10984682
2016-11-21,215.55,215.85,210.0,211.3,9408086
2016-11-22,211.5,214.85,211.35,213.65,8587328
2016-11-23,213.35,214.35,208.15,211.3,9209446
2016-11-24,209.35,214.65,208.85,212.7,8038726
2016-11-25,213.65,215.75,211.75,213.15,4451606
2016-11-28,213.65,221.25,213.35,217.1,12447962
2016-11-29,217.65,219.2,214.0,214.6,7684372
2016-11-30,215.15,217.0,211.85,214.65,76838896
2016-12-01,212.25,213.35,206.2,209.65,9648662
2016-12-02,206.65,208.25,201.8,202.7,14752564
2016-12-05,201.65,205.65,199.4,201.4,8166352
2016-12-06,202.65,205.3,201.7,204.3,6772568
2016-12-07,205.35,211.35,205.15,210.7,8027162
2016-12-08,213.65,213.95,210.75,212.7,5348126
2016-12-09,212.6,212.65,208.45,211.55,6470068
2016-12-12,209.3,210.6,203.35,203.95,6398666
2016-12-13,204.05,210.35,203.15,209.55,4686298
2016-12-14,208.95,211.0,206.05,206.85,4862080
2016-12-15,206.65,210.25,202.8,205.2,8331280
2016-12-16,203.35,205.6,201.35,203.7,6771278
2016-12-19,206.3,207.65,203.35,203.95,5986498
2016-12-20,204.8,206.0,203.05,204.0,5768440
2016-12-21,203.85,205.45,200.8,204.6,6451358
2016-12-22,204.95,205.2,201.95,203.6,2523848
2016-12-23,203.25,205.4,202.4,203.65,2547052
2016-12-26,203.65,203.7,200.15,200.75,2446066
2016-12-27,201.0,205.65,200.4,205.2,3327188
2016-12-28,205.35,206.5,203.45,205.05,7007836
2016-12-29,205.15,215.0,204.7,213.2,14972488
2016-12-30,211.85,212.8,210.0,211.85,4676344
2017-01-02,213.35,214.9,212.45,213.5,3380302
2017-01-03,214.65,219.35,212.2,216.85,9472154
2017-01-04,216.6,220.3,213.95,218.5,8356222
2017-01-05,218.15,224.8,217.65,224.25,7441496
2017-01-06,223.65,227.0,220.5,221.6,4953352
2017-01-09,221.4,222.55,217.0,217.7,3520714
2017-01-10,219.9,225.35,219.45,220.1,5889746
2017-01-11,220.65,222.0,218.25,220.3,5018714
2017-01-12,220.65,222.9,219.05,219.75,3147278
2017-01-13,221.65,221.65,217.0,219.2,3556448
2017-01-16,220.9,223.7,218.55,222.7,3933178
2017-01-17,223.3,224.15,220.7,221.65,2637172
2017-01-18,221.35,221.4,216.75,218.5,6318376
2017-01-19,219.05,225.55,218.05,224.65,5453528
2017-01-20,224.0,225.35,220.65,221.6,4089550
2017-01-23,220.65,227.35,220.5,225.7,5101444
2017-01-24,225.65,229.4,224.55,227.45,5566490
2017-01-25,228.65,239.45,225.9,237.05,10893218
2017-01-27,237.65,242.25,230.45,234.9,5733752
2017-01-30,235.45,236.0,231.55,234.9,2928622
2017-01-31,235.15,235.15,225.7,227.2,6823652
2017-02-01,227.35,232.4,224.4,230.9,5528704
2017-02-02,231.65,237.65,231.45,233.95,4782460
2017-02-03,233.65,233.95,229.6,232.85,4896418
2017-02-06,234.45,237.1,233.0,235.1,3632684
2017-02-07,235.9,241.0,234.7,238.9,6836932
2017-02-08,239.55,242.35,238.05,240.15,7005250
2017-02-09,241.65,243.0,240.35,242.3,5934866
2017-02-10,244.35,244.35,237.35,238.5,7534046
2017-02-13,238.35,239.65,236.7,238.2,2897594
2017-02-14,238.9,238.95,228.95,230.7,5446898
2017-02-15,230.65,233.25,222.65,224.9,9680542
2017-02-16,223.5,225.7,220.65,223.15,10280530
2017-02-17,223.55,227.8,221.7,226.35,5836982
2017-02-20,227.5,234.0,226.7,233.4,5841242
2017-02-21,235.0,239.0,233.7,234.65,4876870
2017-02-22,235.0,239.35,234.55,238.1,7402580
2017-02-23,238.35,240.55,235.55,239.2,9037394
2017-02-27,238.0,241.6,233.65,235.9,6559226
2017-02-28,230.0,231.65,222.65,223.35,15042584
2017-03-01,225.0,225.65,217.8,219.8,10965872
2017-03-02,220.65,221.8,210.3,211.7,17818510
2017-03-03,211.3,211.8,205.1,210.95,23674238
2017-03-06,212.45,214.45,210.8,212.5,9895816
2017-03-07,213.65,216.25,212.95,215.3,6908278
2017-03-08,215.15,216.8,210.05,213.0,6447220
2017-03-09,214.7,214.8,210.15,210.65,6311062
2017-03-10,211.95,212.3,206.7,207.8,7306418
2017-03-14,212.0,213.65,209.65,212.25,9366016
2017-03-15,211.75,214.6,210.95,212.15,4512814
2017-03-16,213.0,216.45,212.35,215.9,5624440
2017-03-17,216.65,216.65,212.7,214.05,6703972
2017-03-20,213.35,216.0,211.8,214.55,3582734
2017-03-21,214.0,216.35,211.25,213.95,5581118
2017-03-22,212.2,216.15,209.35,215.0,5892470
2017-03-23,218.35,220.0,216.05,218.35,11486506
2017-03-24,216.65,217.35,215.05,216.55,5505502
2017-03-27,216.6,217.95,213.65,214.4,5589922
2017-03-28,213.85,216.15,213.35,215.3,3425300
2017-03-29,215.85,216.85,213.7,214.35,4163746
2017-03-30,214.35,215.5,212.8,213.55,9312886
2017-03-31,214.65,219.35,214.0,216.6,7375136
2017-04-03,216.35,216.5,212.2,212.8,3026666
2017-04-05,214.4,214.45,210.4,212.6,10093316
2017-04-06,212.6,215.85,210.85,215.4,5526770
2017-04-07,214.35,226.5,214.2,225.1,15781052
2017-04-10,226.65,234.95,226.65,233.45,15483082
2017-04-11,234.65,237.85,233.4,236.8,10697774
2017-04-12,237.8,240.55,232.75,239.1,6569678
2017-04-13,240.3,247.3,237.0,243.7,9633928
2017-04-17,243.0,246.0,239.55,241.25,4634014
2017-04-18,241.85,245.5,240.7,241.4,5230544
2017-04-19,241.15,243.9,237.25,240.95,5492080
2017-04-20,241.75,243.3,240.0,240.45,3699784
2017-04-21,241.5,242.45,237.75,238.6,3636796
2017-04-24,238.75,240.0,235.35,238.3,4247746
2017-04-25,239.0,247.25,239.0,246.45,7337696
2017-04-26,247.3,248.3,240.85,243.9,3972910
2017-04-27,243.95,246.15,241.25,245.35,3351434
2017-04-28,246.35,246.55,238.9,239.75,4010132
2017-05-02,242.35,247.65,240.4,246.6,6627812
2017-05-03,248.0,251.2,242.85,245.4,7422232
2017-05-04,247.0,247.0,239.95,243.85,5293184
2017-05-05,245.0,248.35,240.0,241.6,7678388
2017-05-08,242.0,243.2,236.7,238.55,5539538
2017-05-09,239.15,241.0,236.8,240.45,3841132
2017-05-10,242.6,243.35,240.15,242.75,4519718
2017-05-11,244.1,245.15,241.65,243.55,4014560
2017-05-12,243.55,245.3,241.65,244.4,3019360
2017-05-15,244.9,245.35,241.0,242.6,2519024
2017-05-16,242.35,245.0,241.0,244.45,2614562
2017-05-17,244.3,244.65,241.15,242.5,3423086
2017-05-18,240.75,242.5,237.0,238.3,3143222
2017-05-19,238.4,240.8,233.35,234.15,3208636
2017-05-22,233.65,233.65,228.85,231.85,4520810
2017-05-23,231.4,235.35,229.45,233.2,5377978
2017-05-24,234.35,238.9,230.4,237.3,7050064
2017-05-25,238.25,244.35,235.65,242.3,10675390
2017-05-26,240.7,251.3,234.35,249.9,11422912
2017-05-29,251.35,256.4,249.0,251.6,12864802
2017-05-30,247.9,248.3,241.9,246.25,7421122
2017-05-31,246.75,249.4,246.0,247.55,6592492
2017-06-01,246.45,248.95,243.0,246.35,4509994
2017-06-02,246.25,246.65,240.95,241.6,3975356
2017-06-05,241.65,245.85,241.2,242.85,4039430
2017-06-06,243.65,245.35,241.2,241.85,4600954
2017-06-07,242.35,242.45,237.0,239.1,8595086
2017-06-08,241.6,242.85,235.05,235.6,6691546
2017-06-09,236.4,237.1,231.85,234.6,5840326
2017-06-12,234.95,235.55,233.0,233.9,5218102
2017-06-13,235.55,236.2,232.45,233.0,2471294
2017-06-14,233.0,233.4,229.8,230.65,5689030
2017-06-15,230.65,231.65,221.15,223.45,13449644
2017-06-16,225.7,227.9,223.5,224.6,14039068
2017-06-19,225.65,226.25,222.0,222.4,6110036
2017-06-20,222.7,223.95,220.75,221.6,6585134
2017-06-21,222.35,222.35,217.05,218.15,8037778
2017-06-22,217.4,218.2,212.35,213.95,10208170
2017-06-23,215.0,215.35,209.55,210.25,5273570
2017-06-27,209.65,209.65,199.65,204.0,28287250
2017-06-28,203.35,208.2,202.9,205.55,10596598
2017-06-29,205.85,211.1,205.65,208.7,15832564
2017-06-30,208.0,213.75,207.45,213.15,12922400
2017-07-03,213.35,217.1,213.35,216.45,10764758
2017-07-04,215.9,221.65,215.3,219.05,22330906
2017-07-05,219.35,221.25,218.8,220.7,5161156
2017-07-06,221.3,221.35,219.15,220.0,7229720
2017-07-07,220.35,223.25,219.7,221.3,10959352
2017-07-10,215.05,230.4,215.05,221.55,1468618
2017-07-11,222.95,226.95,221.4,226.1,11229112
2017-07-12,228.0,229.0,226.1,227.9,9404596
2017-07-13,229.0,232.9,227.2,229.3,7751906
2017-07-14,231.45,232.2,228.05,230.4,5322378
2017-07-17,230.5,234.5,230.0,233.7,4081512
2017-07-18,233.7,237.5,232.2,234.3,5595054
2017-07-19,235.0,236.5,232.8,234.9,5090296
2017-07-20,234.4,235.75,231.7,233.6,3599056
2017-07-21,233.6,234.45,230.7,233.6,4011048
2017-07-24,233.05,236.4,232.45,233.1,5182362
2017-07-25,233.1,234.3,231.9,233.45,8360884
2017-07-26,233.25,236.3,233.25,235.7,6456672
2017-07-27,235.7,240.0,235.5,238.6,7113370
2017-07-28,237.0,240.25,234.7,237.8,7454950
2017-07-31,236.3,239.05,234.3,235.6,6001224
2017-08-01,236.05,243.5,236.0,242.8,6984958
2017-08-02,242.8,244.75,242.35,243.15,7148256
2017-08-03,244.65,249.35,242.55,245.0,12424750
2017-08-04,245.7,262.75,245.5,258.95,10812720
2017-08-07,260.0,264.5,257.3,263.85,9363506
2017-08-08,263.85,264.3,251.4,252.5,8597082
2017-08-09,250.75,256.1,246.5,248.0,6241150
2017-08-10,246.95,247.5,235.8,240.75,9696100
2017-08-11,237.6,246.0,236.0,242.15,8423938
2017-08-14,241.75,241.75,232.65,239.2,9685338
2017-08-16,239.9,244.1,237.0,242.0,6404160
2017-08-17,242.5,252.15,240.1,246.85,9280626
2017-08-18,246.5,255.8,244.0,251.65,11946308
2017-08-21,253.15,257.9,247.55,248.9,8719356
2017-08-22,246.75,256.5,246.75,255.2,9180118
2017-08-23,257.5,257.5,253.05,254.85,6142666
2017-08-24,255.2,257.25,252.1,254.1,5855832
2017-08-28,254.15,254.9,250.25,254.0,6220854
2017-08-29,254.0,259.2,250.7,252.05,7745342
2017-08-30,255.45,262.15,254.0,260.5,8234412
2017-08-31,260.25,267.2,258.45,264.5,11927368
2017-09-01,266.0,269.9,262.55,268.7,7310390
2017-09-04,268.7,273.05,263.75,265.6,8962268
2017-09-05,265.05,270.75,263.75,269.6,4018344
2017-09-06,268.65,268.65,264.9,267.45,3691782
2017-09-07,269.0,269.4,261.0,262.05,6529362
2017-09-08,262.5,263.85,255.6,256.7,6425078
2017-09-11,259.5,261.9,255.25,256.1,6053096
2017-09-12,257.95,267.6,256.3,266.9,7914244
2017-09-13,268.0,270.2,244.5,250.1,17962048
2017-09-14,260.0,262.45,243.5,250.25,31656128
2017-09-15,250.0,251.5,245.6,248.6,10685170
2017-09-18,252.0,253.4,246.7,249.0,5703140
2017-09-19,249.45,254.1,246.8,253.45,7939846
2017-09-20,253.5,253.5,246.25,247.15,12619394
2017-09-21,247.5,250.0,245.4,248.1,10910736
2017-09-22,247.0,248.6,241.55,246.0,9620876
2017-09-25,243.85,246.25,239.1,243.6,7274742
2017-09-26,241.5,242.8,230.0,234.6,18420112
2017-09-27,236.0,238.25,231.3,232.8,11097560
2017-09-28,231.65,232.7,224.7,231.4,13692558
2017-09-29,233.0,238.0,231.05,235.65,12056308
2017-10-03,238.5,240.85,233.5,239.4,6540366
2017-10-04,246.6,246.7,238.2,243.1,9858378
2017-10-05,241.05,242.4,237.6,240.05,5856194
2017-10-06,240.0,246.4,239.1,244.8,4993610
2017-10-09,243.0,246.0,239.8,240.6,6073230
2017-10-10,241.0,242.1,238.05,241.15,6351158
2017-10-11,240.5,248.0,239.65,244.7,12012196
2017-10-12,245.1,247.1,243.25,245.8,4643356
2017-10-13,246.2,247.0,242.0,244.35,6494000
2017-10-16,245.0,250.5,244.5,249.2,8298660
2017-10-17,249.0,257.25,247.0,256.4,8898506
2017-10-18,256.9,259.7,254.0,256.8,5375658
2017-10-19,258.2,258.2,252.4,254.1,412600
2017-10-23,255.0,259.8,254.05,255.65,4281146
2017-10-24,256.75,258.2,252.65,254.8,4140328
2017-10-25,257.5,257.5,252.5,254.9,6380212
2017-10-26,255.0,269.9,254.7,268.2,14973218
2017-10-27,270.7,274.4,261.7,264.0,18156626
2017-10-30,263.25,275.8,262.3,268.1,6843452
2017-10-31,267.8,272.2,263.5,270.8,6390978
2017-11-01,271.0,272.45,267.0,269.9,4928758
2017-11-02,272.45,273.3,267.75,271.4,4972752
2017-11-03,270.1,271.75,265.6,266.55,4452146
2017-11-06,266.6,266.6,260.5,262.1,6772472
2017-11-07,262.5,262.5,254.2,260.7,8327804
2017-11-08,262.5,263.6,255.6,260.1,4610162
2017-11-09,260.3,263.0,257.5,261.1,4520122
2017-11-10,258.0,258.15,254.0,256.05,5373388
2017-11-13,258.6,258.9,246.7,250.3,8779378
2017-11-14,247.9,250.0,243.7,246.5,6297226
2017-11-15,247.5,254.4,247.5,252.35,8235204
2017-11-16,253.5,254.9,246.4,249.7,5210196
2017-11-17,252.3,253.5,247.7,252.0,5960372
2017-11-20,251.3,253.9,248.25,252.2,3580888
2017-11-21,253.0,257.25,249.6,255.75,8089018
2017-11-22,257.15,257.2,251.8,253.85,4000474
2017-11-23,253.5,256.5,250.6,252.6,6902686
2017-11-24,251.5,255.9,251.5,255.5,3523990
2017-11-27,253.5,255.3,250.75,254.2,5464612
2017-11-28,252.5,254.4,250.15,253.8,8132930
2017-11-29,253.7,258.25,251.5,253.9,5519554
2017-11-30,252.9,256.8,250.65,251.9,12166956
2017-12-01,252.4,253.8,246.8,248.2,3303010
2017-12-04,248.5,250.0,245.2,248.1,3124760
2017-12-05,247.75,252.5,247.5,250.45,4796400
2017-12-06,250.6,251.45,244.7,245.5,5856060
2017-12-07,245.5,250.0,245.5,249.55,2700558
2017-12-08,249.25,257.95,249.2,257.2,5633376
2017-12-11,259.9,260.8,256.1,257.1,5134186
2017-12-12,258.5,258.95,248.55,249.5,3953284
2017-12-13,250.0,256.25,247.5,253.15,6012970
2017-12-14,255.0,257.85,252.7,256.8,7816630
2017-12-15,262.0,262.5,258.1,261.5,7770128
2017-12-18,261.2,264.9,252.7,263.2,9972622
2017-12-19,264.5,267.0,263.0,266.5,7799112
2017-12-20,267.0,267.45,263.5,266.0,5450164
2017-12-21,265.5,270.25,264.1,267.55,5495720
2017-12-22,266.55,268.3,264.65,267.6,3773180
2017-12-26,267.45,271.25,265.4,269.45,4046770
2017-12-27,267.5,270.6,265.6,266.7,3567206
2017-12-28,265.8,268.95,261.05,263.1,9984850
2017-12-29,261.6,264.9,257.7,258.85,3208434
2018-01-01,259.0,261.5,253.6,254.3,3880586
2018-01-02,255.65,256.5,248.6,249.9,5073166
2018-01-03,250.1,252.45,246.7,247.45,7741628
2018-01-04,247.5,247.75,245.25,245.75,5440616
2018-01-05,245.5,247.0,241.85,243.85,5878478
2018-01-08,245.0,250.75,245.0,248.6,9981252
2018-01-09,249.5,250.4,245.6,248.05,7307420
2018-01-10,247.3,249.1,246.75,247.15,6242816
2018-01-11,247.5,247.5,244.4,246.2,5917304
2018-01-12,245.25,246.5,243.8,244.95,5617420
2018-01-15,245.1,246.95,242.9,243.6,8156456
2018-01-16,244.0,244.1,237.7,239.7,9323778
2018-01-17,239.5,242.0,237.4,239.9,6795488
2018-01-18,240.05,241.4,234.0,235.1,7342492
2018-01-19,235.95,239.25,232.7,238.65,7816330
2018-01-22,240.0,240.0,232.6,234.6,4336230
2018-01-23,236.45,241.5,234.5,240.6,7558880
2018-01-24,240.5,241.25,236.6,240.25,5081584
2018-01-25,243.0,243.25,236.8,240.3,8033530
2018-01-29,240.25,240.3,234.1,234.9,5294232
2018-01-30,234.6,246.3,234.5,242.8,13185108
2018-01-31,243.0,246.8,241.7,246.15,12222654
2018-02-01,245.55,246.95,240.7,245.2,7298886
2018-02-02,241.5,246.3,236.2,238.6,5980182
2018-02-05,235.0,244.4,233.0,238.0,6870184
2018-02-06,232.5,238.95,232.5,233.6,6296186
2018-02-07,236.5,240.8,234.3,238.1,7262940
2018-02-08,241.7,247.0,238.4,239.1,12077668
2018-02-09,238.0,239.95,234.35,237.7,5724900
2018-02-12,240.5,240.9,231.25,233.8,9138866
2018-02-14,234.5,234.95,229.55,230.05,8902568
2018-02-15,230.5,238.3,230.5,237.5,9447478
2018-02-16,238.5,238.9,232.5,232.85,4826418
2018-02-19,234.0,234.1,226.7,228.4,3685810
2018-02-20,228.6,229.8,225.9,226.5,4500020
2018-02-21,229.1,229.1,220.05,223.8,18326086
2018-02-22,215.6,217.9,212.7,213.7,17814722
2018-02-23,214.5,216.5,211.35,214.95,6836098
2018-02-26,217.0,221.5,215.55,216.5,11794172
2018-02-27,217.75,218.2,212.2,213.5,13629606
2018-02-28,212.5,215.4,212.1,214.8,12142648
2018-03-01,216.0,221.95,215.1,220.95,12444394
2018-03-05,220.8,220.9,216.5,217.15,5686010
2018-03-06,220.5,227.5,217.75,222.6,15708338
2018-03-07,222.55,224.3,219.35,221.7,6948874
2018-03-08,223.0,223.5,215.8,221.1,7891378
2018-03-09,221.6,222.45,219.0,219.7,7425564
2018-03-12,220.0,224.0,219.0,223.4,5083992
2018-03-13,223.5,234.2,222.8,233.3,8341074
2018-03-14,232.0,232.2,228.7,231.4,5703778
2018-03-15,231.0,232.75,228.05,231.0,3657142
2018-03-16,228.25,229.25,221.5,223.8,12294654
2018-03-19,223.0,223.0,214.5,215.4,9910680
2018-03-20,214.5,219.4,211.25,212.45,5625596
2018-03-21,213.35,217.25,212.4,215.3,5800674
2018-03-22,216.25,216.25,206.8,207.35,9497264
2018-03-23,204.95,208.8,203.1,206.7,7327480
2018-03-26,206.25,211.4,201.25,209.8,7459884
2018-03-27,211.4,213.0,207.6,210.4,9496436
2018-03-28,209.5,215.0,207.8,213.7,11726684
2018-04-02,214.4,216.75,211.1,211.7,4584294
2018-04-03,211.85,214.9,211.85,213.1,7140288
2018-04-04,214.5,214.5,206.9,207.5,4902828
2018-04-05,208.8,211.8,208.3,211.2,3673050
2018-04-06,211.5,217.6,211.5,217.0,7060242
2018-04-09,218.95,226.9,217.5,225.2,12496028
2018-04-10,227.0,227.25,219.6,225.6,10069126
2018-04-11,223.5,225.5,207.55,208.65,36976824
2018-04-12,207.0,211.6,201.2,209.3,38695928
2018-04-13,210.5,211.0,201.75,202.7,17621388
2018-04-16,202.5,205.4,200.0,204.1,11015550
2018-04-17,205.0,206.2,201.7,205.3,12778496
2018-04-18,203.6,204.5,201.3,202.6,10324696
2018-04-19,198.0,198.9,187.7,188.3,31872834
2018-04-20,185.9,190.95,184.9,185.7,23408106
2018-04-23,188.0,192.6,186.8,190.7,17368914
2018-04-24,188.05,194.2,188.0,191.85,12783140
2018-04-25,192.65,195.5,191.1,192.9,13352822
2018-04-26,194.15,194.15,188.6,192.75,7893284
2018-04-27,193.9,197.4,191.6,195.1,8893008
2018-04-30,197.5,198.2,192.05,193.7,7924314
2018-05-02,195.3,195.6,190.0,190.5,4594832
2018-05-03,190.1,190.3,187.0,188.85,5778062
2018-05-04,187.5,191.8,186.05,190.1,7335112
2018-05-07,187.75,194.15,187.0,192.9,7618908
2018-05-08,190.5,197.7,190.5,196.3,11944494
2018-05-09,190.6,193.75,188.7,192.7,21715226
2018-05-10,192.95,195.7,190.4,195.1,8393668
2018-05-11,194.6,200.25,194.6,199.65,9051198
2018-05-14,201.0,205.2,199.7,202.1,8090792
2018-05-15,201.0,206.5,199.8,202.9,10351852
2018-05-16,202.9,202.9,198.05,199.2,9717354
2018-05-17,197.5,197.5,192.6,195.3,12898592
2018-05-18,194.5,196.4,191.35,193.2,13183142
2018-05-21,194.0,197.35,192.75,196.9,8663050
2018-05-22,197.75,200.2,194.2,198.8,11578438
2018-05-23,196.9,197.25,185.0,187.0,19965306
2018-05-24,188.0,188.4,179.8,185.7,17467898
2018-05-25,185.5,191.5,183.6,190.3,16436392
2018-05-28,197.5,202.7,196.5,201.0,14322672
2018-05-29,201.05,205.3,200.15,202.7,9805644
2018-05-30,203.75,204.5,198.0,200.1,12205548
2018-05-31,200.1,203.85,196.5,202.0,17614886
2018-06-01,202.5,205.75,201.8,204.6,10370104
2018-06-04,205.55,208.5,196.5,204.25,15724670
2018-06-05,204.95,205.2,201.5,202.7,7023232
2018-06-06,204.0,206.0,202.55,205.0,5862606
2018-06-07,205.5,208.9,205.1,208.0,6087188
2018-06-08,206.05,206.4,202.45,204.9,6484074
2018-06-11,205.0,209.0,204.3,207.2,12667834
2018-06-12,209.0,210.25,207.35,207.55,6865952
2018-06-13,208.75,210.7,206.8,209.95,10363704
2018-06-14,209.95,209.95,206.85,208.2,7497040
2018-06-15,208.25,208.3,204.65,206.1,12401856
2018-06-18,209.75,214.6,207.9,211.55,12946848
2018-06-19,209.4,210.0,204.2,206.8,8598042
2018-06-20,207.5,209.0,202.5,205.35,6025038
2018-06-21,207.45,213.2,203.6,211.0,8592666
2018-06-22,211.5,214.5,210.1,213.2,14595152
2018-06-25,212.0,212.5,204.65,206.0,10733728
2018-06-26,203.8,208.9,203.75,207.6,8421460
2018-06-27,204.0,204.35,189.2,191.4,17001328
2018-06-28,186.0,192.6,181.75,183.5,26701926
2018-06-29,185.0,189.45,180.9,186.65,13846402
2018-07-02,187.5,189.0,183.6,184.6,9069732
2018-07-03,183.9,188.4,182.05,186.95,7993666
2018-07-04,186.5,187.7,182.3,183.9,6720446
2018-07-05,185.85,187.75,184.55,185.8,8423950
2018-07-06,187.5,190.7,186.3,187.3,13842516
2018-07-09,188.0,189.3,185.55,188.15,4580944
2018-07-10,188.2,188.9,186.8,187.6,3375712
2018-07-11,187.95,189.5,181.9,183.25,8323782
2018-07-12,193.0,193.0,188.0,188.7,12074942
2018-07-13,190.55,194.5,187.65,193.3,11727122
2018-07-16,192.5,196.0,189.95,191.1,7070272
2018-07-17,195.0,197.75,192.3,196.3,14043960
2018-07-18,198.0,202.4,196.95,201.2,13400542
2018-07-19,199.95,201.5,195.7,199.15,5890524
2018-07-20,197.05,197.5,192.1,194.4,8501230
2018-07-23,195.75,200.25,192.3,194.85,7558568
2018-07-24,196.35,199.0,194.8,198.5,5659434
2018-07-25,195.7,199.65,194.3,197.8,5498132
2018-07-26,195.4,198.15,193.85,194.45,11744230
2018-07-27,195.0,199.5,192.0,198.6,6981856
2018-07-30,199.5,203.75,196.35,197.9,8310826
2018-07-31,195.55,196.45,192.8,194.9,7792336
2018-08-01,197.5,199.95,196.6,198.0,8792976
2018-08-02,200.7,202.0,198.75,200.9,8384800
2018-08-03,199.0,202.5,198.0,200.5,5823858
2018-08-06,200.0,202.0,199.7,200.5,3482306
2018-08-07,200.5,201.15,196.3,197.05,3810902
2018-08-08,197.5,198.9,191.6,193.65,8469624
2018-08-09,198.75,198.75,192.95,194.5,10836354
2018-08-10,195.7,202.0,193.8,200.8,11106596
2018-08-13,200.2,200.2,188.25,189.85,8766994
2018-08-14,191.25,191.7,187.9,188.3,8609654
2018-08-16,190.0,192.0,187.6,189.15,7820138
2018-08-17,190.5,190.5,187.55,188.8,5434214
2018-08-20,189.05,191.1,187.2,188.0,6797042
2018-08-21,189.25,189.25,184.05,184.4,11132910
2018-08-23,184.65,184.8,178.5,178.9,14180494
2018-08-24,179.1,181.0,176.75,178.5,9731858
2018-08-27,179.25,181.2,178.5,180.8,6347096
2018-08-28,180.8,182.45,178.6,179.3,7747378
2018-08-29,179.25,181.65,178.5,180.85,6736818
2018-08-30,179.95,182.25,178.9,181.7,8130098
2018-08-31,178.0,183.15,178.0,181.05,12008646
2018-09-03,182.75,182.75,179.3,180.05,4359234
2018-09-04,179.25,179.9,175.0,175.65,7254520
2018-09-05,174.75,177.9,172.75,174.55,7872604
2018-09-06,175.6,177.5,174.8,176.8,7535324
2018-09-07,177.7,179.75,176.5,178.5,6979302
2018-09-10,178.5,178.5,171.75,172.05,9668840
2018-09-11,172.9,174.5,168.55,169.0,9776294
2018-09-12,168.35,168.35,162.1,167.1,12442422
2018-09-14,170.1,178.3,170.0,177.25,18661472
2018-09-17,176.5,183.6,174.05,182.0,17953744
2018-09-18,182.5,184.6,176.1,177.55,12373420
2018-09-19,178.75,183.3,176.8,182.5,9421832
2018-09-21,185.1,189.5,180.8,188.25,16295730
2018-09-24,187.6,191.7,182.8,183.7,13131362
2018-09-25,179.0,182.7,177.55,182.1,7893402
2018-09-26,185.4,185.4,180.7,184.3,6304634
2018-09-27,184.0,187.4,182.65,186.1,6862024
2018-09-28,186.65,188.7,182.8,187.1,7629776
2018-10-01,186.0,186.4,180.1,184.2,6316314
2018-10-03,181.45,190.9,179.7,188.9,9743764
2018-10-04,186.0,191.9,151.9,165.6,19841194
2018-10-05,149.0,149.0,119.3,132.65,111440752
2018-10-08,136.5,140.0,128.5,132.45,51461200
2018-10-09,133.5,134.05,127.6,128.6,24359252
2018-10-10,129.45,136.8,128.0,132.7,18048794
2018-10-11,131.0,142.25,129.6,139.1,43975840
2018-10-12,144.5,147.85,140.05,144.45,22536196
2018-10-15,145.45,150.35,138.75,148.2,18292836
2018-10-16,148.25,152.75,145.85,151.05,15744782
2018-10-17,151.5,152.2,141.6,142.6,13039636
2018-10-19,145.05,145.95,140.2,141.8,22938928
2018-10-22,142.7,143.5,135.05,135.6,9585342
2018-10-23,134.0,136.85,130.25,134.8,17512914
2018-10-24,139.5,143.0,137.2,140.8,27791198
2018-10-25,139.3,141.15,137.1,138.5,18119966
2018-10-26,138.6,140.25,133.25,137.6,14583372
2018-10-29,138.95,140.5,135.25,138.7,9988492
2018-10-30,135.5,136.85,132.0,133.2,20999664
2018-10-31,133.2,138.2,132.05,137.55,11628440
2018-11-01,139.1,143.5,137.55,141.7,15030068
2018-11-02,147.5,154.0,146.1,151.2,34265320
2018-11-05,151.0,151.2,145.0,145.9,7889190
2018-11-06,145.8,147.2,142.0,142.55,6516560
2018-11-07,144.0,145.0,143.2,144.4,1059084
2018-11-09,146.95,148.95,145.15,148.4,13115928
2018-11-12,147.25,150.6,145.0,145.6,12029462
2018-11-13,147.6,152.3,147.6,151.6,15427542
2018-11-14,156.5,164.7,156.4,158.0,29661262
2018-11-15,157.75,161.7,154.25,160.9,11734218
2018-11-16,159.8,162.6,157.95,161.0,9942196
2018-11-19,160.4,162.3,158.45,161.5,5482956
2018-11-20,162.6,165.0,160.55,161.45,8885146
2018-11-21,168.5,171.4,162.65,163.3,15524294
2018-11-22,163.4,164.0,158.8,160.05,7144756
2018-11-26,165.05,166.45,161.7,163.7,14290304
2018-11-27,162.8,168.25,161.1,167.75,10291628
2018-11-28,167.35,167.65,159.3,160.1,10244930
2018-11-29,163.7,166.0,162.6,164.25,17783444
2018-11-30,164.55,165.9,160.2,162.2,18242294
2018-12-03,161.0,163.5,158.8,162.0,9158842
2018-12-04,161.0,167.45,160.25,166.85,10470422
2018-12-05,166.1,169.2,164.0,164.7,9539930
2018-12-06,164.0,165.8,161.5,162.45,7213812
2018-12-07,164.2,165.5,160.7,162.7,10294418
2018-12-10,159.0,166.25,158.6,165.1,11618054
2018-12-11,163.0,165.0,160.8,163.4,10861812
2018-12-12,163.35,165.1,162.2,164.7,6257126
2018-12-13,164.9,168.65,164.9,167.45,5970876
2018-12-14,167.3,174.7,165.4,172.65,7198212
2018-12-17,172.5,176.0,170.7,175.2,7454414
2018-12-18,176.55,178.8,174.35,176.6,8987630
2018-12-19,179.2,181.5,177.55,180.9,7350428
2018-12-20,178.5,185.95,178.05,185.55,7217516
2018-12-21,187.35,188.05,184.05,187.3,10465642
2018-12-24,187.05,188.25,181.9,182.5,6491252
2018-12-26,184.4,185.65,179.1,183.2,12955862
2018-12-27,180.5,184.4,177.45,182.3,14625538
2018-12-28,180.9,184.9,180.1,180.95,9355426
2019-01-01,180.5,184.65,180.0,183.6,3105422
2019-01-02,183.0,183.0,173.4,179.0,19725590
2019-01-03,176.0,177.4,174.1,176.25,9972260
2019-01-04,175.9,180.85,175.75,179.7,7717220
2019-01-07,180.0,181.4,177.0,177.8,5790820
2019-01-08,177.55,177.95,175.0,176.0,4342090
2019-01-09,175.5,175.75,169.0,170.0,9131732
2019-01-10,168.45,169.4,166.5,167.8,9773604
2019-01-11,168.0,169.85,167.3,168.65,4669620
2019-01-14,169.45,169.9,165.8,167.5,7516622
2019-01-15,168.45,171.7,168.1,170.85,6913912
2019-01-16,172.7,174.5,171.2,173.6,9562002
2019-01-17,173.55,178.5,173.0,177.6,7898996
2019-01-18,176.95,178.85,175.65,177.1,5008314
2019-01-21,175.55,177.85,174.15,175.8,3885636
2019-01-22,175.75,178.8,175.5,176.9,4687940
2019-01-23,177.25,179.3,177.2,178.6,3973026
2019-01-24,178.6,180.1,176.1,177.0,3294118
2019-01-25,177.5,180.2,177.5,178.7,3868832
2019-01-28,178.5,178.95,173.1,174.35,2902748
2019-01-29,174.05,176.7,170.35,172.45,6198614
2019-01-30,172.25,172.4,168.25,171.35,5565262
2019-01-31,170.4,175.5,169.05,172.7,15638906
2019-02-01,173.6,174.35,169.2,170.5,5444740
2019-02-04,170.0,171.0,168.0,169.3,4309536
2019-02-05,169.25,170.15,168.3,169.0,2584132
2019-02-06,169.0,170.7,168.35,169.65,4190822
2019-02-07,169.9,171.0,168.95,169.7,3048046
2019-02-08,170.15,173.4,167.5,168.7,6682742
2019-02-11,166.5,168.75,164.0,166.8,6629896
2019-02-12,167.0,171.75,167.0,169.65,6080496
2019-02-13,170.0,170.7,163.15,164.7,9718464
2019-02-14,163.05,164.1,156.0,157.8,21289140
2019-02-15,159.0,164.5,159.0,163.9,13414256
2019-02-18,161.3,165.05,161.3,163.9,7905264
2019-02-19,163.0,169.4,162.8,167.6,7666336
2019-02-20,169.0,172.4,168.05,170.55,12565482
2019-02-21,164.0,168.8,163.1,167.65,9353768
2019-02-22,168.5,173.5,167.85,172.1,9709800
2019-02-25,172.5,172.6,167.1,168.0,14031192
2019-02-26,168.0,169.0,164.6,168.3,9058794
2019-02-27,169.0,170.8,164.9,165.35,9000098
2019-02-28,167.0,170.0,165.0,168.8,17938838
2019-03-01,169.1,173.8,168.6,173.0,5744496
2019-03-05,173.0,182.7,172.7,181.25,12761902
2019-03-06,182.4,186.9,181.7,186.35,12197224
2019-03-07,186.8,188.5,184.5,185.35,11389848
2019-03-08,185.45,185.7,182.3,183.7,5625148
2019-03-11,184.7,194.25,184.4,193.5,18973830
2019-03-12,194.2,197.2,192.15,195.1,12191846
2019-03-13,195.0,196.25,191.3,194.5,9568180
2019-03-14,194.5,195.7,191.3,195.15,4095730
2019-03-15,195.5,199.15,194.7,198.15,17258182
2019-03-18,199.0,204.45,199.0,202.8,14786442
2019-03-19,204.0,204.95,201.3,203.9,8445352
2019-03-20,203.6,203.75,193.25,194.6,10572670
2019-03-22,194.75,197.35,188.2,189.5,11837696
2019-03-25,189.4,192.6,187.5,191.85,8329530
2019-03-26,192.1,194.2,188.25,191.95,8515642
2019-03-27,192.2,193.0,188.65,189.5,6621912
2019-03-28,189.8,194.5,189.2,192.9,11169948
2019-03-29,193.95,199.45,193.5,198.8,9103312
2019-04-01,199.0,199.75,195.25,195.95,5260852
2019-04-02,193.95,195.7,189.0,190.25,10816790
2019-04-03,191.0,191.0,181.1,181.6,16579908
2019-04-04,181.5,181.5,176.75,177.15,20399592
2019-04-05,176.8,179.75,176.8,179.05,9088048
2019-04-08,177.4,177.4,174.5,175.5,7918214
2019-04-09,173.25,178.7,172.5,178.15,9893784
2019-04-10,178.0,180.0,176.55,178.9,8233760
2019-04-11,179.25,182.0,178.0,180.85,12602810
2019-04-12,181.95,183.9,179.1,180.6,10236092
2019-04-15,180.95,181.5,178.35,179.2,4478062
2019-04-16,180.05,181.0,177.6,178.75,8531892
2019-04-18,179.0,182.5,176.9,181.45,9575132
2019-04-22,176.9,177.2,169.5,170.05,13842844
2019-04-23,169.0,171.2,166.7,168.2,16697164
2019-04-24,170.05,174.95,170.05,174.5,13873428
2019-04-25,174.5,179.7,173.8,179.1,19560314
2019-04-26,178.9,186.15,178.9,185.5,18568212
2019-04-30,186.7,191.9,184.8,189.9,19629858
2019-05-02,190.05,191.45,188.0,189.2,7697948
2019-05-03,192.5,193.25,189.3,190.4,10739028
2019-05-06,190.25,196.0,190.05,195.2,18541980
2019-05-07,194.2,194.2,186.05,189.4,14994644
2019-05-08,189.0,191.7,186.55,189.9,7602616
2019-05-09,189.8,189.8,183.3,184.0,9027084
2019-05-10,183.5,183.75,179.9,181.5,8232720
2019-05-13,181.0,184.0,176.4,177.55,7620290
2019-05-14,177.05,180.4,174.0,179.3,9998950
2019-05-15,179.5,184.1,178.4,179.8,12644948
2019-05-16,178.0,189.4,175.75,187.8,13210048
2019-05-17,186.0,189.4,183.3,188.1,12851786
2019-05-20,195.0,198.3,191.75,195.9,10395734
2019-05-21,197.75,198.7,184.15,187.2,16756886
2019-05-22,189.0,194.45,188.0,192.1,15525660
2019-05-23,194.95,205.7,191.0,192.2,25917602
2019-05-24,197.5,199.45,193.4,197.7,19806268
2019-05-27,196.5,201.9,194.4,201.0,10222742
2019-05-28,201.0,204.7,198.55,201.0,39821192
2019-05-29,201.0,201.5,196.8,199.6,8503056
2019-05-30,200.5,204.85,200.0,203.8,14101926
2019-05-31,207.1,210.85,203.1,204.7,27635592
2019-06-03,208.75,209.95,205.6,208.55,14043966
2019-06-04,207.7,207.95,203.4,204.2,7454624
2019-06-06,207.0,207.1,197.75,198.5,15270900
2019-06-07,197.0,202.3,194.8,201.5,11055246
2019-06-10,199.6,200.9,193.15,194.8,10884088
2019-06-11,194.3,196.75,189.6,193.5,12654378
2019-06-12,194.0,195.25,189.7,190.5,10407070
2019-06-13,192.45,195.25,191.5,194.4,13827442
2019-06-14,193.1,195.3,192.1,193.25,6075586
2019-06-17,192.6,192.75,188.1,189.1,7936522
2019-06-18,189.5,193.45,188.15,192.8,6221722
2019-06-19,192.8,193.4,188.05,189.7,8241572
2019-06-20,189.05,193.2,188.5,192.6,8612672
2019-06-21,188.5,193.7,188.5,190.0,10787948
2019-06-24,189.5,191.3,186.55,190.4,6543204
2019-06-25,189.5,197.3,189.5,196.55,12409938
2019-06-26,193.75,196.8,193.05,195.7,6532534
2019-06-27,194.0,199.0,193.3,196.1,14063226
2019-06-28,195.3,198.3,195.25,196.2,6986386
2019-07-01,195.5,196.4,187.25,188.1,10267468
2019-07-02,189.8,191.0,188.4,189.25,10836020
2019-07-03,191.5,192.7,189.5,190.6,10199616
2019-07-04,192.0,192.0,189.2,190.0,4168848
2019-07-05,190.1,190.2,180.4,185.0,17903966
2019-07-08,183.4,183.8,178.1,180.4,7431476
2019-07-09,181.0,183.9,179.3,180.05,7555928
2019-07-10,180.1,181.7,173.0,174.8,7914012
2019-07-11,174.45,177.75,173.5,175.3,12277678
2019-07-12,176.4,177.4,172.5,172.9,9083694
2019-07-15,173.1,174.15,171.35,173.7,6301116
2019-07-16,174.5,178.15,174.3,177.2,10593218
2019-07-17,179.5,179.5,175.2,176.4,9661402
2019-07-18,177.0,177.7,173.9,174.6,9032900
2019-07-19,175.65,176.7,173.35,175.5,7205646
2019-07-22,174.7,177.45,170.1,176.75,7729488
2019-07-23,176.75,180.0,175.8,179.5,7010734
2019-07-24,179.05,179.1,172.35,174.55,8405494
2019-07-25,175.5,175.75,169.7,170.15,7031300
2019-07-26,169.7,172.75,167.5,171.9,9319712
2019-07-29,171.5,173.6,169.4,171.1,4835106
2019-07-30,171.75,171.75,167.2,167.75,4263936
2019-07-31,165.75,173.3,164.1,172.75,8266802
2019-08-01,172.5,173.1,169.6,171.8,6126716
2019-08-02,172.5,173.5,168.7,171.2,7131364
2019-08-05,170.0,172.7,165.8,169.5,5443194
2019-08-06,170.0,173.75,168.3,172.65,6630268
2019-08-07,173.5,173.5,164.6,165.55,7087110
2019-08-08,166.6,172.5,165.15,171.75,8306696
2019-08-09,171.75,175.45,170.5,173.2,7708548
2019-08-13,173.0,178.9,171.0,171.55,11053004
2019-08-14,170.5,178.4,170.5,177.2,6025432
2019-08-16,177.75,177.95,173.2,175.6,5180670
2019-08-19,176.0,177.05,173.0,173.5,3454752
2019-08-20,174.45,174.45,169.55,171.1,4697534
2019-08-21,167.9,169.7,163.2,163.9,8004410
2019-08-22,164.0,164.9,154.8,156.5,11576938
2019-08-23,156.05,165.4,154.2,164.7,9339236
2019-08-26,165.55,168.35,160.55,167.7,7892084
2019-08-27,168.5,173.0,167.1,171.15,8821812
2019-08-28,171.0,176.25,168.75,175.3,10035400
2019-08-29,175.4,178.7,173.25,177.0,9832932
2019-08-30,176.9,178.4,172.6,177.6,8897562
2019-09-03,177.5,181.6,171.15,178.1,15730198
2019-09-04,176.75,183.2,174.5,181.8,14584568
2019-09-05,181.5,192.5,180.5,190.4,29854604
2019-09-06,188.5,191.2,186.75,189.5,14843534
2019-09-09,188.0,192.0,187.3,191.0,7140042
2019-09-11,190.0,193.95,189.25,193.05,9387752
2019-09-12,193.5,197.2,190.8,192.1,11277332
2019-09-13,192.75,206.0,188.7,204.3,25553156
2019-09-16,194.0,195.7,189.25,190.0,49680268
2019-09-17,189.95,189.95,183.8,184.4,30489784
2019-09-18,189.85,194.4,184.5,191.05,48256504
2019-09-19,191.5,193.25,187.8,189.9,25760746
2019-09-20,188.8,227.9,186.2,201.9,57665808
2019-09-23,206.5,231.5,206.0,225.4,62012632
2019-09-24,227.0,237.4,221.0,230.65,62666152
2019-09-25,229.0,236.7,224.2,232.6,66318296
2019-09-26,232.6,241.0,231.65,240.0,41339080
2019-09-27,237.5,240.9,232.75,234.9,21898254
2019-09-30,236.4,239.75,233.0,235.05,26279222
2019-10-01,249.0,255.8,239.4,246.95,68201816
2019-10-03,248.1,269.95,247.2,265.8,51969200
2019-10-04,272.5,272.5,255.8,257.8,55031840
2019-10-07,251.0,253.7,237.7,245.3,54898472
2019-10-09,245.0,247.9,240.8,246.4,21716066
2019-10-10,245.0,247.0,242.05,244.95,9259080
2019-10-11,244.1,246.3,239.3,244.0,14742088
2019-10-14,245.3,249.5,241.6,243.0,23112252
2019-10-15,245.0,247.25,244.0,245.15,11684324
2019-10-16,252.45,260.0,250.65,256.2,40761516
2019-10-17,256.2,257.65,252.05,256.65,16703674
2019-10-18,255.0,267.45,253.4,260.15,28373482
2019-10-22,266.0,269.3,261.2,267.05,27148144
2019-10-23,265.75,268.4,262.3,263.55,10594102
2019-10-24,262.95,262.95,250.3,256.5,28158152
2019-10-25,258.4,266.6,254.9,262.1,26762366
2019-10-27,264.45,264.5,260.5,263.4,2076366
2019-10-29,267.0,267.0,259.0,261.45,16633944
2019-10-30,263.5,267.3,259.2,262.55,15046050
2019-10-31,263.5,265.4,260.3,263.3,14271838
2019-11-01,260.0,262.9,258.0,259.7,10122286
2019-11-04,260.0,263.7,257.15,261.1,9362690
2019-11-05,259.5,261.1,256.7,258.75,6563058
2019-11-06,259.0,262.6,258.05,261.95,7611862
2019-11-07,262.15,263.3,255.15,256.6,8203706
2019-11-08,257.5,257.85,250.25,251.4,19724600
2019-11-11,253.3,259.75,249.5,258.8,17530142
2019-11-13,257.0,261.5,253.7,255.05,14465586
2019-11-14,253.5,260.0,251.9,257.3,10832162
2019-11-15,257.0,257.0,252.0,253.3,8330994
2019-11-18,260.0,264.0,258.6,260.9,34144672
2019-11-19,260.3,260.95,256.75,259.5,7099862
2019-11-20,264.45,274.0,261.0,272.3,37688996
2019-11-21,274.5,274.5,255.5,257.05,44625320
2019-11-22,256.9,257.7,252.75,254.7,23624890
2019-11-25,254.0,257.4,251.65,253.7,15397928
2019-11-26,254.5,255.2,247.2,248.3,24838188
2019-11-27,246.5,254.6,244.0,252.95,24415850
2019-11-28,253.25,257.1,251.05,255.0,15665952
2019-11-29,255.5,259.2,252.6,255.8,15058900
2019-12-02,254.0,254.75,249.4,250.0,8820042
2019-12-03,251.0,251.2,246.65,247.25,7580674
2019-12-04,247.0,252.1,246.1,250.6,8570876
2019-12-05,247.5,249.95,245.15,245.9,6266430
2019-12-06,245.5,248.25,241.75,244.25,9387226
2019-12-09,243.7,250.9,242.8,249.8,10948226
2019-12-10,247.95,251.85,242.1,243.15,14342168
2019-12-11,242.5,245.9,238.1,241.3,13760958
2019-12-12,243.4,249.15,243.0,245.9,12828956
2019-12-13,246.25,250.4,243.1,248.4,15259514
2019-12-16,247.5,249.7,245.55,246.0,6012620
2019-12-17,246.0,251.75,245.55,248.0,12287138
2019-12-18,248.25,249.1,244.05,244.6,9314170
2019-12-19,244.5,246.25,242.8,245.0,9325412
2019-12-20,245.0,246.2,243.25,243.9,7468454
2019-12-23,244.0,249.7,244.0,246.5,14857646
2019-12-24,246.0,247.2,235.8,238.9,14856636
2019-12-26,238.0,242.3,237.1,238.6,20743272
2019-12-27,239.75,246.05,238.5,245.5,16908756
2019-12-30,245.5,247.4,240.8,246.5,16373046
