date,open,high,low,close,volume
2009-03-05,29.5,29.5,24.15,25.05,212
2009-03-06,25.0,26.0,24.2,24.7,59565
2009-03-09,25.0,27.0,25.0,25.05,76529
2009-03-12,25.0,27.85,25.0,26.0,87082
2009-03-13,26.0,26.0,25.0,25.35,77401
2009-03-16,24.0,26.3,24.0,25.9,90972
2009-03-17,25.1,25.9,25.1,25.2,1680
2009-03-18,22.0,27.0,22.0,25.15,128211
2009-03-19,25.0,26.2,24.15,25.9,181774
2009-03-20,25.2,26.0,25.2,25.65,196648
2009-03-23,27.0,27.0,25.3,25.45,210412
2009-03-24,25.5,26.5,25.0,25.0,160420
2009-03-25,25.0,26.0,24.5,25.1,1354769
2009-03-26,25.5,25.95,25.05,25.75,1254611
2009-03-27,25.9,26.9,25.9,26.0,471825
2009-03-30,26.4,29.5,26.05,28.6,951543
2009-03-31,28.0,29.4,26.55,29.1,910386
2009-04-01,29.0,31.5,28.1,30.0,8512
2009-04-02,30.0,31.5,28.0,28.8,11237
2009-04-06,30.0,31.25,30.0,31.0,3941
2009-04-08,31.3,31.3,29.55,30.9,109923
2009-04-09,31.4,32.4,28.1,31.8,117369
2009-04-13,33.35,33.8,30.15,30.9,9025
2009-04-15,31.0,31.9,30.9,31.1,15305
2009-04-16,31.9,31.9,27.15,30.55,6248
2009-04-17,29.1,30.8,29.05,29.85,25255
2009-04-20,30.0,31.5,29.9,30.35,4900
2009-04-21,30.0,30.1,29.9,30.0,1659
2009-04-22,30.9,31.25,30.5,31.2,6966
2009-04-23,30.15,32.0,30.15,31.7,4523
2009-04-24,32.0,32.1,30.6,30.85,3202
2009-04-27,31.0,31.5,30.15,31.05,2203
2009-04-28,30.0,30.95,29.9,30.0,1453
2009-04-29,30.0,30.25,29.0,30.25,1503
2009-05-04,30.0,30.4,29.55,30.35,3657
2009-05-05,29.0,33.25,28.5,32.0,9935
2009-05-06,32.0,32.85,32.0,32.5,416
2009-05-07,32.05,32.9,32.0,32.5,2600
2009-05-08,32.0,32.9,32.0,32.0,1805
2009-05-11,32.3,32.75,29.5,30.0,3482
2009-05-12,30.5,31.0,29.8,30.15,3016
2009-05-13,30.0,33.9,29.0,29.7,13197
2009-05-14,30.5,30.9,30.25,30.25,2087
2009-05-15,30.5,32.0,30.5,31.2,3435
2009-05-19,33.0,37.4,28.5,34.9,13301
2009-05-20,35.0,37.3,35.0,36.7,22821
2009-05-21,37.95,44.0,33.35,38.3,15827
2009-05-22,40.0,40.0,36.3,37.9,12718
2009-05-25,38.0,45.4,38.0,42.9,34273
2009-05-26,44.5,46.9,41.0,42.2,26662
2009-05-27,41.9,43.5,41.35,42.85,10645
2009-05-28,40.1,44.0,40.1,41.3,11106
2009-05-29,44.45,44.45,41.65,43.05,14029
2009-06-01,40.7,44.95,40.7,44.1,12239
2009-06-02,42.95,45.0,42.75,43.05,6914
2009-06-03,44.9,44.9,43.05,43.55,4631
2009-06-04,42.85,45.0,42.85,43.95,14050
2009-06-05,44.95,46.25,43.8,44.6,22973
2009-06-08,44.5,47.0,42.2,43.3,15103
2009-06-09,41.0,43.85,41.0,42.5,9509
2009-06-10,43.0,44.15,42.05,42.5,6610
2009-06-11,42.0,44.7,42.0,43.85,30552
2009-06-12,45.75,45.75,36.15,40.95,23790
2009-06-15,41.65,41.65,38.5,39.8,3806
2009-06-16,39.0,41.5,38.0,40.5,3002
2009-06-17,41.0,41.9,39.0,39.05,9039
2009-06-18,38.4,39.6,37.3,38.0,4520
2009-06-19,39.0,39.65,36.1,36.35,11402
2009-06-22,36.6,39.8,36.0,37.0,2335
2009-06-23,35.1,42.0,35.1,40.2,24132
2009-06-24,40.2,42.0,39.0,39.15,2466
2009-06-25,39.0,42.5,39.0,41.85,59110
2009-06-26,41.55,45.0,40.0,44.6,104146
2009-06-29,44.6,50.0,44.4,45.3,113985
2009-06-30,46.0,46.0,43.25,43.35,197041
2009-07-01,42.2,44.5,39.05,40.25,108549
2009-07-02,41.0,45.0,39.6,43.25,150889
2009-07-03,42.0,42.0,39.1,39.3,189543
2009-07-06,40.9,40.9,37.5,38.15,16541
2009-07-07,38.3,39.4,37.1,37.45,5107
2009-07-08,37.2,37.85,35.7,36.35,7408
2009-07-09,36.55,40.9,36.55,37.3,46347
2009-07-10,39.0,39.0,36.6,37.0,5771
2009-07-13,38.75,38.9,36.75,37.0,10567
2009-07-14,36.55,40.5,36.55,38.15,30028
2009-07-15,38.2,40.7,37.7,39.8,61201
2009-07-16,40.95,43.1,39.7,41.85,32248
2009-07-17,42.5,44.95,41.5,42.05,35578
2009-07-20,40.2,41.9,40.2,41.3,12401
2009-07-21,43.35,43.35,40.5,41.75,6990
2009-07-22,40.7,42.6,40.7,41.95,10057
2009-07-23,41.55,42.2,41.55,41.75,2508
2009-07-24,42.5,43.2,41.15,42.55,12293
2009-07-27,43.0,43.7,42.35,42.85,4012
2009-07-28,43.0,43.75,40.7,41.6,27751
2009-07-29,42.6,43.95,40.15,41.9,15463
2009-07-30,41.0,41.75,40.0,41.0,7268
2009-07-31,42.4,42.4,41.0,41.45,17107
2009-08-03,42.7,42.7,40.35,41.25,3879
2009-08-04,41.1,41.9,40.1,40.8,3866
2009-08-05,41.15,41.5,40.4,41.15,1540
2009-08-06,39.45,41.8,39.35,39.75,11640
2009-08-07,41.0,41.0,38.65,39.0,5556
2009-08-10,38.1,39.8,38.0,38.0,8020
2009-08-11,38.1,40.25,36.1,38.05,2520
2009-08-12,39.4,39.4,37.1,38.1,3710
2009-08-13,37.35,40.0,37.35,38.5,9755
2009-08-14,39.85,39.85,38.1,38.4,4283
2009-08-17,37.5,39.6,36.85,38.0,5509
2009-08-18,37.3,39.0,37.3,38.95,2409
2009-08-19,39.6,39.95,36.75,37.2,16289
2009-08-20,37.2,38.45,36.0,36.1,17096
2009-08-21,34.5,40.0,34.5,39.0,14421
2009-08-24,38.0,39.15,36.15,37.7,11852
2009-08-25,38.0,38.5,37.9,38.1,33489
2009-08-26,38.5,38.8,37.35,37.6,116869
2009-08-27,38.9,40.5,37.5,37.8,133466
2009-08-28,38.65,40.4,37.6,39.45,170123
2009-08-31,41.5,47.35,39.0,46.55,405716
2009-09-01,48.7,50.0,43.5,43.9,140353
2009-09-02,45.0,49.8,43.35,44.65,129375
2009-09-03,45.9,52.0,44.95,50.3,714868
2009-09-04,51.0,51.0,47.0,47.45,134791
2009-09-07,48.0,48.6,46.65,47.05,161596
2009-09-08,47.5,48.0,45.1,45.75,190823
2009-09-09,43.6,46.8,43.5,45.0,110973
2009-09-10,45.5,47.5,44.5,44.85,85040
2009-09-11,45.6,45.6,43.4,43.75,21020
2009-09-14,43.0,45.5,42.2,43.9,145534
2009-09-15,44.0,45.6,43.65,44.55,121313
2009-09-16,44.9,48.0,43.5,43.9,44215
2009-09-17,43.0,45.1,43.0,43.35,22445
2009-09-18,43.05,44.4,43.0,43.65,15616
2009-09-22,43.1,47.5,43.1,46.6,62816
2009-09-23,46.0,48.5,46.0,47.1,81996
2009-09-24,46.7,47.0,45.7,46.1,21470
2009-09-25,45.0,47.3,43.35,44.3,36373
2009-09-29,44.85,44.85,43.4,43.6,31221
2009-09-30,44.25,44.3,43.05,43.65,13763
2009-10-01,44.8,44.8,42.5,43.55,35567
2009-10-05,44.7,44.75,42.35,43.4,25772
2009-10-06,42.7,43.2,40.5,42.95,38545
2009-10-07,43.0,46.5,42.5,43.85,40001
2009-10-08,44.5,44.5,42.5,43.05,10268
2009-10-09,44.0,47.5,42.5,44.2,269955
2009-10-12,45.0,47.2,44.75,45.45,117053
2009-10-14,46.0,46.25,44.7,45.2,39464
2009-10-15,45.05,45.8,44.5,44.65,23136
2009-10-16,45.5,46.45,44.5,45.0,19145
2009-10-17,45.9,46.95,44.6,45.75,23382
2009-10-20,46.5,47.5,45.8,47.0,140438
2009-10-21,47.0,49.6,46.05,46.95,104425
2009-10-22,47.2,47.75,44.5,45.15,48518
2009-10-23,46.25,47.0,44.5,44.95,56697
2009-10-26,45.4,46.45,44.6,45.15,60606
2009-10-27,43.35,44.5,43.05,43.2,31868
2009-10-28,42.75,43.4,41.2,42.3,103246
2009-10-29,41.5,47.4,40.1,42.7,27756
2009-10-30,46.4,46.4,41.5,41.7,34961
2009-11-03,42.0,42.0,40.0,40.35,96991
2009-11-04,38.0,42.9,38.0,41.65,12412
2009-11-05,39.0,43.5,39.0,41.15,18373
2009-11-06,40.5,42.65,40.4,40.85,8698
2009-11-09,40.45,41.9,40.45,41.55,18340
2009-11-10,40.7,41.45,40.0,40.05,18754
2009-11-11,40.1,41.75,40.1,40.8,3479
2009-11-12,40.0,42.5,39.75,41.4,32412
2009-11-13,41.0,41.5,40.65,41.2,4176
2009-11-16,41.4,41.8,41.0,41.5,8706
2009-11-17,42.0,42.0,40.9,41.0,7881
2009-11-18,40.7,43.1,40.7,41.45,12071
2009-11-19,41.65,42.2,40.25,40.95,9141
2009-11-20,41.0,41.5,41.0,41.25,1673
2009-11-23,43.0,43.0,41.2,41.4,3148
2009-11-24,41.9,41.9,40.8,41.25,13429
2009-11-25,41.15,41.9,41.15,41.45,5288
2009-11-26,41.05,41.7,41.05,41.15,1856
2009-11-27,39.1,41.0,38.75,39.15,24205
2009-11-30,39.8,42.15,39.8,41.4,18301
2009-12-01,42.8,43.0,41.5,41.65,15484
2009-12-02,42.5,42.9,41.25,42.45,10069
2009-12-03,42.95,44.25,42.95,43.0,16856
2009-12-04,42.15,42.95,42.0,42.1,9918
2009-12-07,42.1,42.8,41.15,41.5,4034
2009-12-08,41.15,42.5,41.0,42.2,10193
2009-12-09,41.6,42.45,41.6,41.9,2614
2009-12-10,41.35,43.5,41.35,41.75,8127
2009-12-11,41.25,43.1,41.1,41.6,12104
2009-12-14,41.0,42.45,40.75,41.45,6430
2009-12-15,41.6,43.5,41.15,41.45,17992
2009-12-16,41.1,48.5,41.05,46.2,487780
2009-12-17,46.2,47.6,42.35,46.0,176473
2009-12-18,44.3,48.8,44.25,45.15,632311
2009-12-21,45.75,47.0,43.25,43.85,86319
2009-12-22,44.85,44.85,43.0,43.55,31332
2009-12-23,43.35,45.4,42.45,44.05,45584
2009-12-24,44.2,45.25,43.85,44.25,46597
2009-12-29,44.05,46.4,44.05,45.15,91945
2009-12-30,45.3,46.0,44.5,45.3,25988
2009-12-31,45.85,46.1,44.55,45.3,30358
2010-01-04,45.0,46.0,45.0,45.15,21362
2010-01-05,46.45,46.45,44.0,44.95,33952
2010-01-06,45.8,45.8,44.45,44.65,20269
2010-01-07,44.05,45.35,44.05,44.55,22177
2010-01-08,44.3,45.0,44.2,44.45,27888
2010-01-11,44.05,46.8,44.05,44.8,39022
2010-01-12,45.5,45.8,44.15,44.55,14681
2010-01-13,44.05,45.5,43.75,44.95,19118
2010-01-14,45.75,47.2,44.65,45.8,55194
2010-01-15,46.0,50.6,45.55,48.3,482552
2010-01-18,48.3,48.75,46.35,47.05,64835
2010-01-19,47.7,47.95,44.5,45.15,42428
2010-01-20,45.8,47.5,45.2,46.05,42343
2010-01-21,46.6,47.95,43.1,46.4,102095
2010-01-22,45.0,46.9,42.05,46.05,56399
2010-01-25,46.5,46.6,44.9,45.35,35069
2010-01-27,45.0,48.0,44.1,45.15,39196
2010-01-28,45.9,46.45,44.0,44.5,17124
2010-01-29,46.0,46.0,43.3,44.95,37912
2010-02-01,44.25,45.7,44.0,45.25,9453
2010-02-02,45.2,45.8,45.2,45.3,20924
2010-02-03,45.85,46.4,45.0,46.05,24280
2010-02-04,47.0,47.2,44.5,46.6,72440
2010-02-05,45.5,45.85,44.05,44.7,69729
2010-02-06,36.0,45.6,36.0,44.95,2940
2010-02-08,43.5,47.45,43.5,45.6,7070
2010-02-09,45.0,45.65,44.25,44.95,11348
2010-02-10,46.0,46.0,44.7,44.85,4356
2010-02-11,45.1,46.0,44.7,44.85,6778
2010-02-15,44.05,48.9,44.05,45.35,17058
2010-02-16,45.25,45.9,44.5,45.35,6676
2010-02-17,45.5,45.9,45.2,45.65,15036
2010-02-18,44.6,47.0,44.6,45.9,27301
2010-02-19,45.5,46.45,44.45,44.8,17167
2010-02-22,46.9,47.9,44.5,44.7,11229
2010-02-23,44.5,47.75,44.25,45.4,281806
2010-02-24,44.7,45.8,44.7,44.75,21719
2010-02-25,45.0,45.25,44.4,44.6,21330
2010-02-26,44.25,45.15,42.5,44.05,18442
2010-03-02,44.25,45.5,44.25,45.0,14964
2010-03-03,45.05,46.25,45.0,45.1,16460
2010-03-04,45.1,45.35,43.9,44.2,19818
2010-03-05,44.0,44.9,44.0,44.5,24319
2010-03-08,44.55,47.0,44.55,46.0,52445
2010-03-09,46.3,46.3,45.5,45.85,11650
2010-03-10,45.5,48.4,45.5,47.35,1642870
2010-03-11,48.2,54.9,45.5,51.35,2960613
2010-03-12,51.5,53.85,50.4,51.65,1317774
2010-03-15,51.7,53.5,50.0,52.2,279520
2010-03-16,52.5,52.9,50.75,51.6,75238
2010-03-17,50.2,54.5,50.2,53.8,379646
2010-03-18,50.25,59.4,47.6,55.0,940330
2010-03-19,55.95,57.3,55.0,55.9,266026
2010-03-22,55.3,57.2,54.1,56.4,202929
2010-03-23,57.8,58.0,55.0,55.15,258796
2010-03-25,55.5,56.5,53.15,54.25,100446
2010-03-26,55.75,55.75,52.05,53.15,126437
2010-03-29,52.3,54.4,51.65,53.45,159472
2010-03-30,53.9,55.7,53.35,54.6,102223
2010-03-31,55.0,56.5,54.5,55.6,62548
2010-04-01,56.3,57.5,54.75,56.15,79018
2010-04-05,56.2,58.5,56.2,57.4,146231
2010-04-06,57.6,59.25,57.5,58.4,247171
2010-04-07,59.4,59.4,58.35,58.7,78342
2010-04-08,58.9,59.3,57.5,58.0,127917
2010-04-09,58.1,60.7,58.1,60.05,120338
2010-04-12,61.0,62.0,59.1,59.65,146725
2010-04-13,59.1,60.0,58.8,59.45,103304
2010-04-15,60.0,60.0,57.0,57.9,136815
2010-04-16,58.35,61.9,58.15,60.4,380532
2010-04-19,59.0,60.5,58.0,59.05,66511
2010-04-20,59.0,59.9,58.1,58.4,60073
2010-04-21,58.5,60.0,58.5,59.3,129164
2010-04-22,59.0,59.8,58.35,58.6,70721
2010-04-23,58.4,59.5,58.4,58.85,35628
2010-04-26,59.2,59.5,58.5,58.95,21720
2010-04-27,58.0,59.0,58.0,58.4,32708
2010-04-28,58.0,59.5,56.0,58.65,49720
2010-04-29,58.65,61.0,58.0,58.75,45313
2010-04-30,58.8,61.0,58.35,59.85,451998
2010-05-03,60.45,61.0,59.0,59.3,100650
2010-05-04,59.5,60.5,58.05,58.45,51639
2010-05-05,57.1,58.0,56.5,58.0,59222
2010-05-06,59.35,59.35,57.1,57.75,11586
2010-05-07,56.1,57.5,55.0,56.55,130155
2010-05-10,60.4,60.4,56.1,57.55,86677
2010-05-11,58.9,58.9,56.75,58.15,13518
2010-05-12,58.15,58.15,57.0,57.5,5541
2010-05-13,57.5,59.75,57.5,59.1,13589
2010-05-14,57.5,59.25,57.5,57.9,19709
2010-05-17,56.05,57.8,56.05,57.5,8174
2010-05-18,58.5,61.0,58.05,58.45,108288
2010-05-19,59.0,59.6,56.7,56.95,90923
2010-05-20,57.5,58.1,55.5,56.2,91777
2010-05-21,56.0,56.9,53.75,56.4,12944
2010-05-24,57.0,59.0,50.8,53.5,253682
2010-05-25,52.7,59.4,52.65,54.65,413535
2010-05-26,55.0,56.0,54.5,54.95,66583
2010-05-27,54.8,56.1,54.5,55.7,26576
2010-05-28,56.5,58.75,55.45,56.5,123396
2010-05-31,57.5,57.5,55.55,55.95,108370
2010-06-01,56.95,56.95,52.7,53.1,24003
2010-06-02,53.5,55.2,53.5,54.95,45935
2010-06-03,56.7,57.1,55.1,56.7,35126
2010-06-04,57.6,58.0,54.7,55.8,41184
2010-06-07,55.9,56.5,54.8,55.85,25968
2010-06-08,56.0,57.8,52.5,53.85,126854
2010-06-09,56.85,57.0,54.95,55.8,224547
2010-06-10,56.6,56.75,55.5,56.15,17998
2010-06-11,57.0,57.05,55.9,56.85,55416
2010-06-14,56.5,57.5,56.2,56.9,55360
2010-06-15,58.0,60.0,57.0,57.45,287791
2010-06-16,58.0,58.0,56.0,56.0,34753
2010-06-17,56.5,62.5,55.45,56.5,2258128
2010-06-18,57.0,58.3,56.0,56.3,245959
2010-06-21,56.15,57.45,56.1,57.25,65448
2010-06-22,56.1,57.9,56.1,57.45,69933
2010-06-23,56.7,61.75,56.65,59.35,977648
2010-06-24,59.8,61.5,59.0,59.3,1061890
2010-06-25,59.95,61.0,58.5,58.95,130567
2010-06-28,59.0,59.75,58.0,59.1,376528
2010-06-29,58.1,59.95,58.1,59.1,322478
2010-06-30,58.1,59.75,58.1,59.25,33005
2010-07-01,58.75,59.4,58.5,58.95,29183
2010-07-02,58.55,59.75,58.0,58.5,48337
2010-07-05,58.5,59.8,58.15,59.25,60144
2010-07-06,59.0,60.85,59.0,60.0,173899
2010-07-07,60.15,60.6,59.6,60.15,207497
2010-07-08,60.1,63.55,60.1,61.65,806249
2010-07-09,62.5,63.75,62.0,62.55,784830
2010-07-12,63.5,64.0,62.2,62.65,304083
2010-07-13,62.7,65.5,62.7,64.55,512025
2010-07-14,66.55,66.95,63.75,64.55,1171081
2010-07-15,65.0,65.5,63.8,64.3,407007
2010-07-16,64.55,65.5,64.35,64.65,131588
2010-07-19,63.45,65.0,62.7,63.05,86439
2010-07-20,63.5,65.5,62.35,62.7,983312
2010-07-21,63.1,64.5,61.5,62.45,1700352
2010-07-22,62.6,63.65,62.0,62.7,304425
2010-07-23,63.2,63.8,60.25,60.95,171217
2010-07-26,61.9,62.35,60.7,61.1,179622
2010-07-27,61.9,62.4,60.4,60.6,184053
2010-07-28,60.25,61.2,59.6,59.95,144347
2010-07-29,60.0,60.4,59.0,59.3,78037
2010-07-30,59.0,60.8,59.0,59.1,105538
2010-08-02,59.9,60.4,59.25,59.75,75979
2010-08-03,59.9,60.7,59.15,59.95,75773
2010-08-04,59.5,60.2,59.25,59.75,52840
2010-08-05,59.75,60.0,59.4,59.55,41035
2010-08-06,59.25,60.5,59.1,59.6,72163
2010-08-09,59.35,60.0,59.0,59.85,203596
2010-08-10,59.95,61.3,59.15,59.35,232181
2010-08-11,59.9,60.5,59.05,59.4,44752
2010-08-12,59.0,59.5,58.6,58.8,205858
2010-08-13,59.0,59.2,58.05,58.45,82336
2010-08-16,58.15,58.85,57.35,57.75,42603
2010-08-17,58.9,65.55,58.1,63.3,2695302
2010-08-18,66.35,66.4,62.8,63.75,2466482
2010-08-19,63.5,64.55,62.5,62.75,159754
2010-08-20,63.15,63.4,61.5,62.0,241277
2010-08-23,62.5,66.25,62.5,64.3,1000796
2010-08-24,64.5,65.15,63.4,64.0,220566
2010-08-25,64.0,69.9,62.4,67.5,2153147
2010-08-26,69.5,74.5,69.0,72.9,5572169
2010-08-27,75.0,75.65,71.2,72.35,2003998
2010-08-30,74.75,75.0,72.5,73.1,1182868
2010-08-31,72.8,73.65,71.0,72.2,621394
2010-09-01,72.9,75.9,72.35,72.95,2043684
2010-09-02,73.6,75.8,72.25,73.9,1188621
2010-09-03,74.0,74.65,72.5,72.9,536981
2010-09-06,73.4,73.9,71.35,71.9,374975
2010-09-07,71.25,72.5,70.2,70.5,231592
2010-09-08,71.0,71.0,68.25,69.1,465702
2010-09-09,71.0,71.9,68.5,69.0,341039
2010-09-13,69.6,69.95,67.5,68.0,239410
2010-09-14,68.5,68.65,66.15,67.1,378682
2010-09-15,66.75,69.4,66.05,66.45,342058
2010-09-16,66.2,67.8,65.8,66.55,311450
2010-09-17,67.45,70.4,66.5,69.55,539744
2010-09-20,69.6,71.2,67.15,68.65,1042730
2010-09-21,68.9,69.0,66.7,67.1,143424
2010-09-22,67.1,67.8,65.6,66.2,145531
2010-09-23,66.7,66.8,65.1,66.2,111694
2010-09-24,66.0,67.0,65.9,66.15,96164
2010-09-27,66.5,67.0,65.1,65.4,79944
2010-09-28,66.0,69.2,66.0,68.25,518790
2010-09-29,68.8,70.0,67.6,68.05,439442
2010-09-30,68.05,69.0,67.5,68.75,157254
2010-10-01,68.0,69.25,67.9,68.25,228406
2010-10-04,68.5,68.9,67.25,67.7,103466
2010-10-05,67.95,68.3,66.5,66.75,81394
2010-10-06,67.4,68.85,66.55,67.7,245776
2010-10-07,67.0,69.5,66.35,67.15,478224
2010-10-08,68.25,68.9,66.8,67.3,1106581
2010-10-11,68.4,69.0,67.25,67.45,172625
2010-10-12,67.9,68.5,66.25,66.45,123660
2010-10-13,67.4,69.0,65.85,68.55,381419
2010-10-14,68.6,69.35,67.0,67.55,204050
2010-10-15,67.8,68.4,66.4,66.75,82398
2010-10-18,66.75,67.2,66.0,66.3,53889
2010-10-19,66.3,67.8,65.0,65.75,142164
2010-10-20,66.0,68.5,66.0,67.95,399631
2010-10-21,68.0,69.0,67.45,68.15,211457
2010-10-22,68.05,68.05,66.6,67.1,71716
2010-10-25,67.5,67.9,66.6,67.35,184641
2010-10-26,67.2,68.0,66.15,66.7,285637
2010-10-27,66.9,67.5,66.6,67.05,152175
2010-10-28,67.2,67.4,66.6,67.05,291660
2010-10-29,66.55,69.55,66.5,68.55,356522
2010-11-01,69.9,72.4,68.6,69.1,374273
2010-11-02,69.4,69.4,67.55,67.65,58367
2010-11-03,67.4,68.4,67.35,67.9,68019
2010-11-04,67.7,68.9,67.1,67.85,121200
2010-11-05,68.4,69.9,68.0,68.35,21523
2010-11-08,70.0,70.0,67.0,67.25,109873
2010-11-09,67.2,67.95,66.6,66.9,179987
2010-11-10,66.6,67.35,66.0,66.1,152783
2010-11-11,67.1,68.9,66.85,67.5,217606
2010-11-12,67.25,68.4,66.0,66.35,109717
2010-11-15,66.85,67.4,65.65,66.0,63421
2010-11-16,66.0,67.25,64.75,65.1,405769
2010-11-18,66.4,66.5,63.5,64.95,94810
2010-11-19,64.95,66.2,63.55,64.15,106198
2010-11-22,64.1,65.3,63.05,65.0,98466
2010-11-23,64.1,64.9,62.95,63.7,121210
2010-11-24,63.75,64.5,63.0,63.5,46000
2010-11-25,63.1,64.5,61.5,62.55,54635
2010-11-26,62.7,63.5,53.55,61.45,432868
2010-11-29,61.75,62.5,59.0,61.55,44646
2010-11-30,60.3,63.5,60.3,62.8,174441
2010-12-01,63.0,65.65,62.1,65.3,146010
2010-12-02,65.75,65.9,64.65,65.1,40968
2010-12-03,65.0,66.0,64.3,65.3,77444
2010-12-06,65.9,65.9,60.6,61.95,164702
2010-12-07,61.1,62.1,57.0,58.15,663937
2010-12-08,57.15,57.9,54.6,56.7,209454
2010-12-09,57.05,57.1,54.05,54.55,75630
2010-12-10,55.35,57.4,54.5,56.8,45001
2010-12-13,57.0,57.85,56.1,56.5,56504
2010-12-14,56.5,57.3,56.2,56.85,25815
2010-12-15,56.55,57.5,56.55,57.0,17841
2010-12-16,56.55,57.75,56.15,57.0,26892
2010-12-20,57.4,57.5,56.3,57.3,23104
2010-12-21,57.0,59.4,57.0,58.95,18431
2010-12-22,59.75,59.9,59.0,59.7,22729
2010-12-23,59.2,60.4,59.1,59.35,21489
2010-12-24,59.1,60.25,59.1,60.0,13142
2010-12-27,59.1,60.75,59.1,60.15,23964
2010-12-28,60.2,60.45,59.1,59.55,32961
2010-12-29,59.55,59.75,59.0,59.1,21334
2010-12-30,59.15,60.95,59.15,60.45,26274
2011-01-03,60.2,61.0,59.9,60.1,131976
2011-01-04,60.25,61.75,59.5,59.7,199399
2011-01-05,60.0,60.5,59.1,60.0,31357
2011-01-06,59.95,60.75,58.25,59.95,302322
2011-01-07,59.0,61.0,57.6,58.05,30477
2011-01-10,57.5,58.75,56.5,57.4,35578
2011-01-11,58.9,61.4,55.5,56.5,51345
2011-01-12,56.5,57.75,56.35,57.25,20686
2011-01-13,58.0,59.8,57.5,58.4,63674
2011-01-14,57.35,58.95,56.1,56.3,32641
2011-01-17,56.3,58.5,56.0,58.05,37189
2011-01-18,58.0,59.4,57.1,58.65,40514
2011-01-19,59.95,60.5,58.2,60.1,34296
2011-01-20,59.75,60.25,58.55,59.6,41495
2011-01-21,59.0,60.2,58.6,59.9,11778
2011-01-24,60.5,61.0,59.0,59.95,13408
2011-01-25,60.95,61.0,59.45,60.65,29835
2011-01-27,61.0,63.3,59.0,59.7,597537
2011-01-28,60.1,60.1,56.0,56.3,76448
2011-01-31,55.55,59.95,54.0,58.3,72658
2011-02-01,58.3,60.9,57.1,58.15,85769
2011-02-02,58.95,59.0,57.5,58.15,21937
2011-02-03,58.3,59.0,56.85,58.1,23366
2011-02-04,58.9,58.9,57.0,57.65,11842
2011-02-07,58.25,58.5,57.05,57.7,24016
2011-02-08,59.95,59.95,55.4,55.65,45019
2011-02-09,55.65,57.0,54.5,54.85,329625
2011-02-10,54.85,54.95,53.0,53.35,28199
2011-02-11,54.0,55.4,53.0,54.1,25232
2011-02-14,54.2,57.4,54.2,56.1,37448
2011-02-15,56.0,58.6,56.0,58.15,22371
2011-02-16,60.0,60.0,57.25,58.8,24746
2011-02-17,60.0,60.0,57.75,58.4,22780
2011-02-18,59.6,60.35,58.4,59.7,35103
2011-02-21,62.0,62.0,58.6,59.25,10391
2011-02-22,60.5,60.5,58.2,58.9,11288
2011-02-23,60.0,61.55,57.55,60.85,67806
2011-02-24,60.0,61.0,59.1,59.45,42753
2011-02-25,58.1,59.5,57.7,58.15,18464
2011-02-28,60.35,60.4,58.55,58.9,12254
2011-03-01,58.5,60.6,57.55,60.15,23388
2011-03-03,59.0,60.25,59.0,59.2,3265
2011-03-04,59.9,59.9,57.35,59.45,157274
2011-03-07,59.0,59.45,58.9,59.0,3844
2011-03-08,59.5,60.5,58.5,59.95,13549
2011-03-09,61.5,61.5,58.6,60.45,177999
2011-03-10,61.4,61.5,59.0,59.45,61834
2011-03-11,58.1,61.4,58.1,59.4,16788
2011-03-14,60.0,60.95,59.0,60.55,26719
2011-03-15,58.0,61.0,58.0,60.0,542674
2011-03-16,60.95,60.95,59.05,59.2,398115
2011-03-17,59.0,60.4,58.5,60.15,519704
2011-03-18,59.1,61.5,59.1,60.85,569804
2011-03-21,61.35,64.4,60.85,63.4,215903
2011-03-22,63.55,66.5,63.55,65.8,209286
2011-03-23,66.5,73.7,66.5,69.9,691165
2011-03-24,70.25,71.95,68.8,69.7,253910
2011-03-25,69.9,70.7,66.55,67.25,94444
2011-03-28,68.5,69.0,67.4,67.7,85797
2011-03-29,68.9,68.9,64.4,65.25,134326
2011-03-30,66.1,68.5,65.5,66.75,587147
2011-03-31,67.4,67.9,64.5,66.2,61545
2011-04-01,65.6,67.45,65.2,66.9,23257
2011-04-04,67.9,69.7,66.5,68.4,73323
2011-04-05,70.0,72.7,69.0,69.55,305613
2011-04-06,69.85,70.4,68.4,68.7,32660
2011-04-07,69.0,69.5,68.2,68.9,53200
2011-04-08,68.5,69.5,68.05,68.5,46729
2011-04-11,68.0,68.7,67.1,68.1,50334
2011-04-13,67.35,69.0,67.0,68.3,21810
2011-04-15,67.3,69.5,67.3,68.5,46727
2011-04-18,69.5,69.5,67.5,67.75,18484
2011-04-19,67.25,70.55,67.25,69.9,79155
2011-04-20,70.0,71.25,69.75,70.5,115354
2011-04-21,71.5,71.5,69.5,70.25,86956
2011-04-25,69.1,70.9,69.1,70.1,28807
2011-04-26,70.3,70.75,69.35,69.8,18278
2011-04-27,69.8,70.15,68.55,68.8,14111
2011-04-28,70.2,70.2,68.4,69.15,6811
2011-04-29,69.5,77.3,69.0,74.15,1386266
2011-05-02,74.95,76.5,73.8,74.5,609490
2011-05-03,74.95,76.5,69.1,70.3,1136589
2011-05-04,71.1,72.7,70.2,71.0,282669
2011-05-05,72.6,73.0,68.8,69.65,146551
2011-05-06,70.5,71.75,69.5,70.1,80813
2011-05-09,70.55,70.55,68.0,68.8,67687
2011-05-10,69.95,69.95,68.1,68.5,45628
2011-05-11,69.0,69.0,67.5,67.65,36583
2011-05-12,68.0,68.5,66.1,66.15,39836
2011-05-13,65.1,67.4,61.1,66.15,115252
2011-05-16,68.6,68.6,64.75,67.05,46215
2011-05-17,69.0,70.2,67.05,67.7,99433
2011-05-18,67.5,67.55,65.75,65.9,29144
2011-05-19,66.35,66.35,65.2,65.45,14446
2011-05-20,65.15,66.5,65.15,65.9,16955
2011-05-23,65.1,65.8,65.05,65.1,24090
2011-05-24,65.9,66.0,65.1,65.6,20025
2011-05-25,65.0,67.2,65.0,65.5,40343
2011-05-26,66.25,67.95,65.2,65.3,82397
2011-05-27,65.5,66.8,65.1,65.15,16797
2011-05-30,65.2,66.5,65.2,66.2,27009
2011-05-31,65.7,66.7,65.7,66.05,8871
2011-06-01,66.05,66.9,66.05,66.4,7853
2011-06-02,65.1,66.7,65.1,66.35,13424
2011-06-03,66.0,67.45,66.0,66.7,13826
2011-06-06,67.5,68.0,66.0,66.15,45724
2011-06-07,65.8,66.7,65.5,66.0,20332
2011-06-08,66.0,66.5,65.4,65.55,12788
2011-06-09,65.3,66.4,65.3,65.5,9530
2011-06-10,65.55,66.0,65.3,65.35,21751
2011-06-13,65.25,65.85,65.25,65.35,16459
2011-06-14,65.4,66.8,65.4,65.9,10389
2011-06-15,66.0,66.55,66.0,66.15,10553
2011-06-16,66.0,66.2,65.3,65.75,7587
2011-06-17,66.45,67.0,66.05,66.1,15527
2011-06-20,66.05,66.05,63.1,64.4,23314
2011-06-21,64.05,66.15,64.05,64.75,34669
2011-06-22,65.05,65.75,65.0,65.05,17750
2011-06-23,65.05,65.8,64.25,64.8,34042
2011-06-24,65.0,65.7,64.8,64.9,16695
2011-06-27,65.0,65.85,64.9,65.45,14538
2011-06-28,65.2,68.0,65.2,66.6,98069
2011-06-29,67.2,67.8,65.1,65.3,18892
2011-06-30,65.55,66.0,65.1,65.25,5147
2011-07-01,65.15,66.4,65.0,65.55,17607
2011-07-04,65.2,66.4,65.2,66.0,11435
2011-07-05,66.0,67.3,65.5,66.35,29203
2011-07-06,66.5,67.25,66.35,66.45,19624
2011-07-07,66.3,67.25,66.3,66.9,16329
2011-07-08,66.75,67.0,65.2,65.35,23037
2011-07-11,65.25,67.0,65.25,66.6,4850
2011-07-12,66.6,68.85,66.35,67.1,116325
2011-07-13,68.0,73.8,68.0,71.15,358621
2011-07-14,73.0,73.0,70.4,71.55,409485
2011-07-15,72.0,72.4,70.15,71.95,205406
2011-07-18,72.5,72.5,70.6,72.0,258482
2011-07-19,72.0,72.0,71.0,71.75,32143
2011-07-20,72.5,72.5,71.5,72.15,62056
2011-07-21,72.05,72.5,70.2,70.8,24613
2011-07-22,71.0,72.45,70.4,72.0,51954
2011-07-25,70.3,71.7,68.45,71.05,27323
2011-07-26,70.25,71.9,70.0,71.15,34003
2011-07-27,71.0,71.85,70.6,71.0,16366
2011-07-28,70.7,71.85,70.1,70.25,18032
2011-07-29,70.5,71.8,69.5,71.25,62844
2011-08-01,71.25,72.4,71.15,71.5,35206
2011-08-02,70.35,72.0,70.1,70.3,24757
2011-08-03,69.9,71.35,69.15,70.95,30129
2011-08-04,70.55,72.0,70.5,71.25,25935
2011-08-05,69.0,70.9,67.0,68.9,70308
2011-08-08,68.0,68.5,62.25,66.95,27407
2011-08-09,65.5,66.0,62.85,63.1,63910
2011-08-10,64.5,67.25,63.5,66.05,118734
2011-08-11,66.9,67.5,65.5,66.0,22566
2011-08-12,66.0,67.3,65.0,66.6,9481
2011-08-16,66.1,67.6,65.1,65.7,12704
2011-08-17,65.0,67.0,64.75,65.8,18290
2011-08-18,65.5,66.45,62.75,63.25,29718
2011-08-19,63.0,63.0,61.5,62.05,14718
2011-08-22,61.3,63.5,61.3,63.0,4196
2011-08-23,63.0,64.0,62.5,63.45,3303
2011-08-24,62.0,64.5,62.0,63.3,2427
2011-08-25,63.5,64.5,62.8,62.9,6325
2011-08-26,62.1,63.45,59.75,60.7,88171
2011-08-29,63.25,64.5,60.9,64.2,11884
2011-08-30,63.5,65.25,63.5,64.75,23939
2011-09-02,65.5,65.5,64.0,64.95,6571
2011-09-05,64.0,64.95,63.55,63.8,3489
2011-09-06,63.0,63.9,62.05,63.3,4408
2011-09-07,64.0,64.2,62.9,63.45,14648
2011-09-08,63.05,65.0,62.8,64.5,4481
2011-09-09,63.3,67.0,63.3,64.05,6163
2011-09-12,64.0,64.0,62.6,62.75,3775
2011-09-13,62.1,65.1,61.7,64.25,16591
2011-09-14,63.25,64.4,61.0,62.55,120920
2011-09-15,62.15,64.1,62.15,64.0,11848
2011-09-16,63.3,63.75,62.6,63.2,4957
2011-09-19,63.5,63.95,62.7,63.35,30473
2011-09-20,63.15,63.95,63.15,63.2,62968
2011-09-21,64.3,64.3,63.0,63.25,20687
2011-09-22,62.6,63.65,60.75,61.05,51780
2011-09-23,61.05,61.2,59.55,60.25,15264
2011-09-26,60.0,62.0,57.35,59.75,19404
2011-09-27,60.95,60.95,59.75,59.95,9500
2011-09-28,59.6,60.35,59.05,59.95,4353
2011-09-29,61.85,61.85,57.35,59.15,22940
2011-09-30,59.9,59.9,59.05,59.35,5640
2011-10-03,60.0,60.95,58.5,59.45,1925
2011-10-04,58.5,59.75,57.7,59.1,6702
2011-10-05,58.2,59.0,57.5,57.75,1700
2011-10-07,58.5,59.0,57.8,58.0,2006
2011-10-10,58.5,59.85,58.25,59.15,3090
2011-10-11,66.0,66.0,59.1,59.8,3167
2011-10-12,63.8,63.8,59.25,59.95,7810
2011-10-13,63.8,63.8,59.0,60.0,4373
2011-10-14,63.45,63.45,59.5,60.1,4796
2011-10-17,62.0,62.0,59.55,60.15,2421
2011-10-18,63.8,63.8,58.0,59.9,7960
2011-10-19,59.9,60.7,58.5,59.9,25430
2011-10-20,59.0,60.75,58.5,60.1,2813
2011-10-21,63.8,63.8,58.85,60.0,5532
2011-10-24,60.5,60.9,58.8,60.0,10095
2011-10-25,62.4,62.4,58.5,59.9,4784
2011-10-26,63.8,63.8,59.75,60.45,3180
2011-10-28,59.8,61.2,58.6,60.05,13647
2011-10-31,60.0,60.0,59.25,59.5,2436
2011-11-01,59.3,60.05,56.65,58.55,7417
2011-11-02,58.25,59.0,57.75,58.0,12751
2011-11-03,57.25,59.1,57.25,59.0,10089
2011-11-04,63.0,63.0,58.4,59.05,319686
2011-11-08,59.7,60.8,57.55,59.75,41319
2011-11-09,59.0,60.2,57.8,57.9,26477
2011-11-11,58.1,59.0,57.0,57.15,9216
2011-11-14,57.25,57.8,56.6,57.0,10534
2011-11-15,56.1,58.05,53.3,55.25,49161
2011-11-16,57.0,57.0,52.7,52.85,30684
2011-11-17,52.7,53.0,50.95,51.3,15869
2011-11-18,51.0,51.0,48.7,50.05,38297
2011-11-21,50.0,50.15,46.3,49.8,11987
2011-11-22,49.0,50.7,48.3,50.15,11306
2011-11-23,50.9,50.9,47.55,49.25,29330
2011-11-24,48.1,50.0,48.1,48.95,13899
2011-11-25,48.1,50.5,48.0,49.7,20193
2011-11-28,48.5,49.8,48.5,49.75,12394
2011-11-29,49.15,49.95,48.8,49.15,7035
2011-11-30,48.9,50.0,48.25,48.4,3580
2011-12-01,48.55,51.45,46.0,49.35,49728
2011-12-02,50.0,51.0,48.0,49.65,5976
2011-12-05,50.45,50.5,48.55,49.95,1389
2011-12-07,50.95,50.95,49.1,49.65,5050
2011-12-08,48.5,50.4,48.3,49.7,9349
2011-12-09,48.5,50.0,48.15,49.15,16169
2011-12-12,48.8,50.0,48.8,49.95,1661
2011-12-13,50.2,50.2,48.0,49.45,4792
2011-12-14,48.5,49.6,48.25,48.75,141674
2011-12-15,48.1,49.5,46.55,48.6,17484
2011-12-16,48.3,49.45,47.2,48.5,39915
2011-12-19,48.5,48.65,46.25,47.5,13190
2011-12-20,48.8,48.8,46.55,46.85,3872
2011-12-21,48.5,48.5,46.25,47.0,14752
2011-12-22,46.3,48.0,45.8,47.45,53465
2011-12-23,47.95,49.0,46.6,46.75,10221
2011-12-26,47.4,47.95,46.55,47.15,1865
2011-12-27,48.0,48.0,46.75,47.05,1254
2011-12-28,47.0,47.35,46.0,47.0,14886
2011-12-29,47.0,47.15,46.55,46.7,2034
2011-12-30,46.0,47.25,45.55,47.0,6192
2012-01-02,46.0,47.5,45.5,45.85,36874
2012-01-03,46.05,46.7,44.5,45.4,8540
2012-01-04,45.05,45.95,44.65,45.75,1228
2012-01-05,45.0,47.9,44.6,46.35,3552
2012-01-06,48.5,48.5,45.5,47.7,71216
2012-01-07,47.0,47.0,47.0,47.0,52
2012-01-09,47.0,47.9,47.0,47.85,874
2012-01-10,47.1,48.75,47.1,48.05,1521
2012-01-11,47.5,52.0,47.05,50.2,4396
2012-01-12,49.75,50.5,49.05,50.1,2232
2012-01-13,49.0,51.15,48.0,51.0,4500
2012-01-16,50.6,56.8,50.1,55.2,29191
2012-01-17,58.0,60.0,52.35,53.7,44656
2012-01-18,53.95,54.0,50.5,51.65,46575
2012-01-19,51.8,53.0,49.9,50.8,26278
2012-01-20,50.8,51.25,49.75,50.0,120689
2012-01-23,50.5,52.5,49.9,52.0,107541
2012-01-24,53.0,53.0,51.1,52.4,6059
2012-01-25,52.5,53.7,52.5,53.0,10117
2012-01-27,52.5,54.0,52.5,53.15,2744
2012-01-30,52.5,54.0,52.05,53.0,22337
2012-01-31,52.5,53.95,52.5,53.2,2825
2012-02-01,52.5,55.5,52.5,54.5,13959
2012-02-02,55.5,57.0,55.0,55.35,71717
2012-02-03,54.75,56.6,54.75,56.25,52928
2012-02-06,58.0,58.75,56.0,57.65,73157
2012-02-07,58.0,58.0,52.75,55.45,50198
2012-02-08,56.0,56.5,55.0,55.85,4449
2012-02-09,55.05,56.0,55.0,55.35,2954
2012-02-10,54.05,57.55,54.05,56.5,6236
2012-02-13,56.5,57.5,55.05,57.15,2800
2012-02-14,57.0,58.0,57.0,57.1,6708
2012-02-15,57.1,58.55,57.1,57.55,29208
2012-02-16,57.5,57.5,56.5,56.65,14905
2012-02-17,56.0,57.5,56.0,57.0,5252
2012-02-21,57.7,61.35,56.8,57.75,37513
2012-02-22,57.05,58.0,55.3,55.65,56700
2012-02-23,55.5,57.3,54.55,57.0,49276
2012-02-24,56.2,60.25,55.5,59.5,35965
2012-02-27,59.1,59.1,54.8,55.25,38699
2012-02-28,57.9,57.9,54.15,57.05,9488
2012-02-29,56.5,57.75,56.05,57.5,6318
2012-03-01,57.0,58.25,55.1,57.95,18107
2012-03-02,57.0,60.75,56.55,60.0,61206
2012-03-03,60.0,60.0,58.05,59.05,1420
2012-03-05,59.0,61.75,59.0,59.5,44174
2012-03-06,59.0,60.3,59.0,59.65,10194
2012-03-07,59.0,59.5,57.1,58.0,8851
2012-03-09,58.0,58.5,56.75,57.5,10912
2012-03-12,58.0,58.9,57.25,57.8,20946
2012-03-13,57.8,57.9,57.0,57.65,4713
2012-03-14,57.5,58.2,57.0,57.3,9662
2012-03-15,57.0,58.0,57.0,57.2,4706
2012-03-16,57.0,59.1,57.0,57.2,5328
2012-03-19,57.0,58.65,52.8,56.25,12592
2012-03-20,55.9,57.0,54.05,56.0,2222
2012-03-21,55.55,57.6,55.3,55.9,7542
2012-03-22,56.1,58.0,55.95,57.55,12196
2012-03-23,56.35,60.25,56.35,58.95,28127
2012-03-26,60.0,60.0,57.45,57.85,85186
2012-03-27,57.75,59.9,53.8,57.95,40598
2012-03-28,57.5,59.45,57.0,58.75,190736
2012-03-29,59.5,59.5,58.0,59.45,24613
2012-03-30,59.5,59.5,58.0,59.0,12836
2012-04-02,58.0,59.9,56.75,58.85,12513
2012-04-03,59.8,60.2,58.5,59.9,39847
2012-04-04,60.0,63.1,59.8,62.15,51835
2012-04-09,62.15,62.15,59.85,60.1,2425
2012-04-10,60.0,60.9,59.1,60.1,3408
2012-04-11,62.0,63.0,59.5,61.0,308718
2012-04-12,61.0,63.15,60.15,61.95,63334
2012-04-13,61.0,62.0,60.0,61.75,8005
2012-04-16,62.5,63.0,60.3,61.05,4853
2012-04-17,61.0,61.5,59.6,60.75,10562
2012-04-18,61.0,61.7,60.25,60.75,54384
2012-04-19,60.1,61.3,60.0,60.5,2632
2012-04-20,60.1,61.5,59.65,60.5,60472
2012-04-23,61.5,62.0,60.4,61.0,6051
2012-04-24,61.0,61.7,60.35,61.2,7714
2012-04-25,61.0,61.95,60.35,61.0,27709
2012-04-26,60.5,62.05,60.5,61.5,14313
2012-04-27,61.25,62.0,60.65,61.8,17736
2012-04-28,61.25,61.95,61.25,61.6,4012
2012-04-30,61.4,61.85,61.4,61.6,4679
2012-05-02,61.15,61.95,60.25,60.6,20895
2012-05-03,60.05,61.3,60.0,60.2,3044
2012-05-04,60.0,60.15,58.75,59.05,7222
2012-05-07,58.6,60.0,58.4,58.8,4252
2012-05-08,58.35,59.7,58.3,59.5,1819
2012-05-09,59.9,59.9,57.5,58.15,5312
2012-05-10,60.0,60.15,57.5,57.8,8197
2012-05-11,58.0,58.0,56.5,56.7,7827
2012-05-14,57.0,57.9,56.0,56.0,2905
2012-05-15,56.1,56.4,56.1,56.1,453
2012-05-16,55.5,56.4,53.7,54.9,1228
2012-05-17,54.0,57.5,53.55,55.5,188
2012-05-18,56.0,56.55,53.5,54.55,25532
2012-05-21,54.5,54.8,53.6,54.25,2387
2012-05-22,54.4,55.25,53.8,53.8,379
2012-05-23,53.9,54.25,51.0,52.0,18557
2012-05-24,51.0,55.6,51.0,55.15,9542
2012-05-25,54.5,55.75,54.35,55.4,2772
2012-05-28,54.75,55.85,54.1,54.95,3351
2012-05-29,55.0,55.0,54.5,54.85,519
2012-05-30,55.2,55.2,54.1,54.9,688
2012-05-31,54.7,55.0,53.5,54.85,2012
2012-06-01,54.0,54.95,52.3,53.3,1574
2012-06-04,52.9,55.1,52.2,54.95,6646
2012-06-05,54.0,54.45,53.15,53.7,1546
2012-06-06,53.0,53.9,51.75,53.75,1991
2012-06-07,54.0,54.0,53.0,53.85,975
2012-06-08,52.0,54.95,52.0,54.4,3250
2012-06-11,57.9,58.0,53.1,55.3,3862
2012-06-12,54.5,55.85,53.95,54.15,640
2012-06-13,53.9,54.15,52.6,54.15,305
2012-06-14,53.9,54.0,53.0,53.6,940
2012-06-15,53.15,55.5,53.0,54.7,2923
2012-06-18,54.1,55.2,53.1,53.45,3223
2012-06-19,53.9,54.7,53.4,54.55,461
2012-06-20,54.5,54.5,53.1,53.3,878
2012-06-21,53.1,54.75,51.55,52.55,2200
2012-06-22,52.55,53.9,52.55,53.5,1458
2012-06-25,53.6,54.1,53.5,53.85,448
2012-06-26,54.5,54.8,53.05,53.1,504
2012-06-27,53.55,55.0,53.3,53.6,15829
2012-06-28,54.55,54.55,52.0,53.1,494
2012-06-29,52.95,53.85,52.1,53.6,2046
2012-07-02,53.5,53.5,53.0,53.2,12273
2012-07-03,52.85,54.0,52.85,53.7,287400
2012-07-04,53.05,54.0,52.65,53.05,5287
2012-07-05,55.1,55.1,52.0,52.7,9844
2012-07-06,53.45,53.45,52.35,53.0,158013
2012-07-09,53.5,54.85,53.2,54.1,2280
2012-07-10,55.0,55.0,53.0,53.05,3402
2012-07-11,53.1,53.7,52.55,52.85,1201
2012-07-12,52.5,53.45,52.5,52.75,3626
2012-07-13,53.9,53.9,52.3,53.0,1464
2012-07-16,53.8,53.8,50.75,51.5,4229
2012-07-17,51.25,52.0,51.2,51.35,1606
2012-07-18,51.4,53.7,51.2,51.4,1947
2012-07-19,51.35,52.7,51.35,51.6,1890
2012-07-20,51.5,51.5,50.0,50.55,7812
2012-07-23,49.25,50.9,48.25,49.25,20946
2012-07-24,52.05,52.05,49.55,49.95,2298
2012-07-25,50.5,50.8,49.0,49.5,3945
2012-07-26,50.75,50.75,48.95,50.35,15099
2012-07-27,50.0,52.25,50.0,51.65,29046
2012-07-30,51.45,51.5,50.55,51.0,6107
2012-07-31,50.5,52.0,49.4,50.0,7481
2012-08-01,50.25,50.8,49.6,50.15,3272
2012-08-02,50.05,51.85,49.05,49.6,840
2012-08-03,53.0,53.0,49.2,50.95,12263
2012-08-06,50.2,51.45,50.05,50.75,2468
2012-08-07,50.05,51.0,50.05,50.9,1507
2012-08-08,51.0,51.1,49.65,50.8,7123
2012-08-09,50.0,51.0,49.0,50.15,1806
2012-08-10,50.5,51.0,50.0,50.9,17312
2012-08-13,50.4,51.0,50.2,50.3,724
2012-08-14,51.0,51.5,50.1,50.75,2978
2012-08-16,50.95,51.0,50.2,50.6,40132
2012-08-17,51.0,51.0,50.35,50.9,2350
2012-08-21,51.4,51.4,50.5,51.0,32143
2012-08-22,51.5,52.5,51.5,51.55,4693
2012-08-23,53.0,53.0,51.0,51.8,3711
2012-08-24,53.0,53.75,51.0,51.0,2574
2012-08-27,51.05,51.75,50.5,51.45,1344
2012-08-28,51.0,51.05,50.0,50.55,3136
2012-08-29,50.5,51.5,50.1,50.6,4726
2012-08-30,50.4,53.2,50.1,50.45,1701
2012-08-31,53.5,53.5,50.45,51.0,594
2012-09-03,50.1,50.95,49.6,49.65,375
2012-09-04,49.0,51.75,49.0,51.1,1886
2012-09-05,51.75,51.75,50.05,50.75,12575
2012-09-06,50.4,51.85,50.15,50.9,245608
2012-09-07,51.15,53.75,50.75,53.1,39632
2012-09-08,52.5,53.0,51.65,52.8,1035
2012-09-10,54.8,55.7,52.8,55.2,10096
2012-09-11,55.0,55.45,53.45,55.25,8544
2012-09-12,56.0,57.25,53.95,56.45,37481
2012-09-13,56.0,56.0,52.7,52.8,14686
2012-09-14,53.05,53.45,51.8,52.3,5347
2012-09-17,52.1,53.9,52.1,53.5,1721
2012-09-18,55.0,55.8,53.15,54.1,4634
2012-09-20,53.05,55.2,52.5,52.8,2129
2012-09-21,51.25,56.5,51.25,55.1,16647
2012-09-24,56.0,58.75,54.75,57.35,28404
2012-09-25,57.4,57.4,55.1,56.1,2827
2012-09-26,55.35,57.85,55.15,57.25,4130
2012-09-27,56.0,59.75,54.55,58.7,15683
2012-09-28,58.2,62.0,58.2,60.2,16361
2012-10-01,60.5,62.45,60.5,62.1,13623
2012-10-03,60.0,65.5,60.0,64.6,27368
2012-10-04,64.5,66.5,62.0,63.25,31023
2012-10-05,63.4,64.4,60.05,62.6,11559
2012-10-08,62.05,62.95,61.05,61.4,3209
2012-10-09,61.05,63.0,60.1,61.55,6502
2012-10-10,61.0,62.25,58.5,59.2,13190
2012-10-11,60.0,62.25,58.25,60.5,7992
2012-10-12,63.95,63.95,59.5,62.0,13725
2012-10-15,61.5,62.0,59.1,60.1,5297
2012-10-16,61.0,61.0,60.0,60.0,1547
2012-10-17,60.0,61.1,58.5,59.2,10615
2012-10-18,60.1,62.9,60.0,61.4,17762
2012-10-19,61.7,62.7,59.75,60.8,14949
2012-10-22,58.4,61.35,51.25,60.0,3458
2012-10-23,59.6,61.9,59.5,59.5,3426
2012-10-25,59.6,60.75,58.4,60.05,3903
2012-10-26,59.8,60.0,59.4,59.5,2038
2012-10-29,59.75,60.2,59.5,59.5,3049
2012-10-30,60.0,63.0,59.65,60.1,14503
2012-10-31,59.5,60.8,59.5,60.2,9587
2012-11-01,59.8,60.05,59.5,60.0,2623
2012-11-02,62.5,63.5,60.0,60.15,13314
2012-11-05,60.5,61.6,59.95,60.0,6475
2012-11-06,60.5,71.0,60.0,67.9,319849
2012-11-07,69.0,69.0,62.8,63.35,466385
2012-11-08,62.55,63.9,61.15,62.05,32816
2012-11-09,62.05,63.0,60.4,60.55,14568
2012-11-12,60.25,61.0,59.5,59.85,10414
2012-11-13,59.95,62.8,59.95,61.4,6143
2012-11-15,60.75,61.75,59.7,60.4,5085
2012-11-16,60.6,61.5,59.0,60.05,9989
2012-11-19,59.7,61.2,57.05,59.1,15079
2012-11-20,59.0,59.5,56.5,57.05,10109
2012-11-21,58.9,58.9,56.05,56.9,12522
2012-11-22,58.9,58.9,56.35,57.1,3550
2012-11-23,59.0,59.0,56.75,58.55,9729
2012-11-26,58.0,58.9,56.35,57.75,333582
2012-11-27,57.75,59.9,57.2,58.95,8211
2012-11-29,59.95,59.95,58.0,59.15,6471
2012-11-30,58.5,59.2,57.45,58.7,7356
2012-12-03,59.5,59.7,57.6,58.0,8777
2012-12-04,57.8,58.1,56.8,57.05,10574
2012-12-05,56.8,58.1,56.0,57.5,7480
2012-12-06,57.0,59.5,57.0,58.9,17565
2012-12-07,60.05,64.15,60.05,61.05,174383
2012-12-10,60.5,61.0,59.15,60.0,6970
2012-12-11,60.25,60.25,58.05,58.5,6971
2012-12-12,58.5,58.8,58.0,58.15,5556
2012-12-13,58.4,59.4,58.4,58.5,54864
2012-12-14,58.1,59.1,58.0,58.2,94266
2012-12-17,58.0,59.7,57.55,59.2,63701
2012-12-18,64.95,64.95,59.05,60.3,114107
2012-12-19,60.45,61.0,59.1,59.4,8523
2012-12-20,61.0,61.25,58.1,58.45,4682
2012-12-21,58.05,58.5,58.0,58.0,3380
2012-12-24,58.0,59.0,57.65,58.1,1392
2012-12-26,57.85,58.4,57.05,57.9,6140
2012-12-27,57.8,58.95,55.75,58.0,6840
2012-12-28,57.8,59.0,57.05,57.35,6979
2013-01-01,57.45,59.5,56.6,58.7,14935
2013-01-02,60.0,63.0,58.85,59.55,114641
2013-01-03,59.4,60.0,58.25,58.5,9764
2013-01-04,58.95,59.4,57.75,58.75,13949
2013-01-07,58.15,63.5,58.15,61.3,92142
2013-01-08,61.3,61.7,60.2,61.15,15672
2013-01-09,60.25,61.55,59.2,60.25,15535
2013-01-10,60.25,62.4,60.15,61.1,24859
2013-01-11,63.0,64.2,61.05,61.4,252619
2013-01-14,61.2,62.45,60.5,60.8,34499
2013-01-15,60.65,61.4,59.05,59.55,12701
2013-01-16,59.45,60.9,58.7,58.9,9478
2013-01-17,59.1,59.5,58.1,58.6,9153
2013-01-18,58.25,60.3,57.6,59.55,10362
2013-01-21,59.0,60.0,58.35,58.6,4662
2013-01-22,59.0,60.0,58.0,58.25,13371
2013-01-23,58.5,58.5,57.6,57.75,7737
2013-01-24,57.6,58.5,57.5,57.6,5395
2013-01-25,57.5,59.75,57.0,59.1,629635
2013-01-28,59.0,60.3,58.6,60.15,272010
2013-01-29,60.95,61.0,58.7,59.05,23590
2013-01-30,59.65,59.65,58.2,58.65,2769
2013-01-31,58.5,58.95,57.8,58.15,5573
2013-02-01,58.5,60.95,57.3,58.1,13215
2013-02-04,60.0,61.9,56.75,57.65,38295
2013-02-05,57.05,57.9,56.5,56.75,30846
2013-02-06,56.6,57.25,55.55,56.65,18021
2013-02-07,56.5,57.25,55.7,56.6,5788
2013-02-08,57.0,57.55,56.7,57.45,20692
2013-02-11,59.8,59.8,56.2,57.05,29641
2013-02-12,58.65,58.65,57.1,57.3,6965
2013-02-13,56.85,58.3,56.5,56.95,4768
2013-02-14,56.75,57.5,54.0,55.7,15182
2013-02-15,55.0,57.9,54.55,57.3,11144
2013-02-18,56.5,57.0,55.6,55.8,3039
2013-02-19,55.75,56.55,55.05,55.5,3687
2013-02-20,59.8,59.8,55.55,58.0,6806
2013-02-21,57.7,57.7,55.55,55.7,2755
2013-02-22,57.0,57.0,55.15,55.9,806487
2013-02-25,55.8,56.45,54.3,54.45,3908
2013-02-26,54.0,54.8,52.75,54.4,3310
2013-02-27,55.8,55.85,53.05,55.65,5317
2013-02-28,55.0,56.15,53.8,54.0,5117
2013-03-01,53.1,54.5,52.8,53.7,5094
2013-03-04,53.0,53.45,52.0,52.25,4423
2013-03-05,52.35,53.55,52.35,53.05,3829
2013-03-06,57.8,57.8,53.55,54.25,1151
2013-03-07,53.55,54.5,53.5,53.55,2418
2013-03-08,53.6,54.5,53.5,54.1,4813
2013-03-11,55.9,55.9,51.75,53.5,12761
2013-03-12,56.95,56.95,52.8,53.45,1784
2013-03-13,53.0,53.85,51.3,52.25,5939
2013-03-14,52.0,52.9,51.75,52.2,3317
2013-03-15,52.05,54.45,52.0,53.4,32534
2013-03-18,53.0,53.9,52.5,52.95,2983
2013-03-19,52.5,53.15,50.2,51.5,15504
2013-03-20,51.1,51.1,49.0,50.5,3911
2013-03-21,50.15,52.9,50.15,51.0,9774
2013-03-22,53.6,53.6,51.0,52.0,26706
2013-03-25,53.0,53.05,50.9,51.0,11427
2013-03-26,50.15,52.6,48.5,51.75,5981
2013-03-28,50.2,54.9,50.2,54.25,36347
2013-04-01,54.25,54.25,49.65,50.9,14526
2013-04-02,50.9,51.65,50.5,50.9,7841
2013-04-03,50.55,52.0,50.55,51.25,2830
2013-04-04,52.35,52.35,51.1,51.5,1807
2013-04-05,51.3,52.8,51.0,51.0,1417
2013-04-08,50.1,52.4,50.1,51.35,1677
2013-04-09,51.0,52.0,50.5,51.25,2857
2013-04-10,51.45,51.45,50.15,51.15,3578
2013-04-11,51.0,51.9,50.75,51.6,3021
2013-04-12,50.8,51.75,50.55,50.8,4737
2013-04-15,51.95,51.95,50.55,50.6,845
2013-04-16,50.6,51.55,50.6,51.05,2119
2013-04-17,50.75,51.75,50.75,51.5,559
2013-04-18,51.5,51.9,50.6,51.35,2392
2013-04-22,51.35,52.95,51.0,51.85,8808
2013-04-23,52.5,52.5,51.5,51.55,653
2013-04-25,51.65,52.0,51.1,51.2,2965
2013-04-26,51.35,55.0,51.0,53.7,6759
2013-04-29,53.2,54.95,52.35,52.95,1361
2013-04-30,54.85,54.85,51.4,51.55,741
2013-05-02,53.4,53.4,50.6,51.2,3486
2013-05-03,51.0,52.2,51.0,51.95,18933
2013-05-06,51.5,51.95,50.9,51.0,3100
2013-05-07,51.25,55.5,51.0,53.5,8325
2013-05-08,54.55,54.6,53.15,53.45,1383
2013-05-09,54.55,54.55,52.05,53.5,1403
2013-05-10,53.0,54.0,52.1,53.45,5414
2013-05-11,53.0,53.0,51.65,51.85,712
2013-05-13,51.0,54.75,50.0,52.0,3187
2013-05-14,53.65,53.65,51.6,51.65,1793
2013-05-15,51.35,54.7,51.35,52.7,4727
2013-05-16,52.0,53.75,51.9,52.05,2427
2013-05-17,51.6,53.55,51.5,53.0,7879
2013-05-20,53.0,56.1,52.55,53.9,15650
2013-05-21,53.9,54.8,53.1,53.4,6344
2013-05-22,53.0,53.85,52.5,52.75,2557
2013-05-23,54.8,54.85,51.0,51.45,7133
2013-05-24,51.35,53.1,51.0,52.45,4615
2013-05-27,52.0,54.0,51.4,53.6,3581
2013-05-28,54.8,54.8,52.75,54.5,2565
2013-05-29,54.5,55.0,53.05,54.1,3134
2013-05-30,53.5,54.8,53.0,53.4,3546
2013-05-31,53.05,53.9,51.65,52.4,2547
2013-06-03,52.0,54.5,52.0,54.3,2179
2013-06-04,54.0,54.0,53.0,53.1,2531
2013-06-05,52.25,53.55,51.05,52.9,2901
2013-06-06,52.2,52.45,51.0,51.6,5423
2013-06-07,52.0,53.05,51.5,52.55,2370
2013-06-10,53.95,53.95,49.4,50.15,6109
2013-06-11,49.5,50.5,48.0,49.1,2707
2013-06-12,51.0,51.8,49.3,49.65,1564
2013-06-13,50.0,51.3,49.6,50.95,1011
2013-06-14,50.0,51.4,49.0,50.0,1416
2013-06-17,49.5,51.05,49.4,50.05,515
2013-06-18,50.0,50.0,48.65,48.85,810
2013-06-19,48.4,49.85,47.4,48.15,6704
2013-06-20,48.0,49.5,40.95,45.45,19560
2013-06-21,48.0,50.1,47.5,48.95,3113
2013-06-24,46.5,48.85,46.5,47.9,1808
2013-06-25,49.0,49.9,46.05,47.0,6216
2013-06-26,47.95,47.95,46.0,46.5,1620
2013-06-27,47.5,47.5,46.5,46.75,1007
2013-06-28,46.05,50.0,45.0,48.0,2424
2013-07-01,50.0,50.0,46.65,49.25,7059
2013-07-02,53.9,53.9,47.3,49.15,3764
2013-07-03,49.85,49.85,48.65,48.65,3702
2013-07-04,49.7,49.75,48.5,49.05,1454
2013-07-05,48.05,50.25,47.05,49.15,9229
2013-07-08,51.0,51.0,48.1,48.15,1524
2013-07-09,48.2,50.3,48.0,49.9,5685
2013-07-10,52.9,52.95,46.0,48.8,9752
2013-07-11,52.85,52.85,48.6,49.2,2413
2013-07-12,49.95,50.2,48.5,49.8,4082
2013-07-15,50.9,51.7,49.55,50.65,9209
2013-07-16,52.0,56.0,51.1,54.25,48744
2013-07-17,55.35,58.75,55.25,58.15,55553
2013-07-18,53.0,53.0,50.35,50.35,1387
2013-07-19,47.85,47.85,47.85,47.85,409
2013-07-22,45.5,45.5,45.5,45.5,10
2013-07-23,43.25,43.25,43.25,43.25,45
2013-07-24,41.1,41.1,41.1,41.1,224
2013-07-25,39.05,39.05,39.05,39.05,4407
2013-07-26,37.5,37.5,37.1,37.1,651
2013-07-29,35.25,35.25,35.25,35.25,5318
2013-07-30,35.0,36.9,33.5,33.5,2389
2013-07-31,31.85,32.0,31.85,31.85,1530
2013-08-01,28.85,32.5,28.7,31.55,5911
2013-08-02,31.0,34.0,30.0,30.45,3688
2013-08-05,33.45,33.45,27.45,28.0,23310
2013-08-06,25.25,28.9,25.2,26.65,7483
2013-08-07,26.5,28.0,24.05,26.1,9481
2013-08-08,26.2,26.7,23.6,24.4,8620
2013-08-12,24.35,25.0,24.05,24.55,1077
2013-08-13,25.0,25.75,24.05,24.8,1949
2013-08-14,24.4,26.0,24.35,24.9,2827
2013-08-16,25.85,25.95,24.4,24.5,5673
2013-08-19,25.7,25.7,24.45,24.45,3545
2013-08-20,25.0,25.0,24.35,24.5,663
2013-08-21,25.45,25.45,24.45,24.7,957
2013-08-22,24.05,24.05,23.5,23.75,5627
2013-08-23,24.3,24.7,23.35,24.3,522
2013-08-26,25.25,25.3,24.2,24.85,741
2013-08-27,24.0,25.5,24.0,25.0,769
2013-08-28,24.0,24.95,23.75,24.35,586
2013-08-29,25.4,25.4,23.55,23.95,2326
2013-08-30,23.2,24.9,23.2,24.3,370
2013-09-02,23.35,25.5,23.15,24.2,5605
2013-09-03,23.95,24.95,23.95,24.75,1567
2013-09-04,24.75,25.2,24.05,24.25,1330
2013-09-05,25.0,25.0,23.5,24.4,3914
2013-09-06,23.95,24.75,23.55,23.95,1517
2013-09-10,24.75,26.0,24.1,24.4,4375
2013-09-11,24.25,24.65,24.0,24.45,3115
2013-09-12,24.5,24.8,24.25,24.3,2683
2013-09-13,25.65,28.95,24.0,28.0,16339
2013-09-16,28.2,31.6,28.2,30.25,14131
2013-09-17,35.5,35.5,30.0,30.8,7373
2013-09-18,31.95,33.45,30.05,30.25,2173
2013-09-19,32.5,32.5,29.2,30.3,2803
2013-09-20,30.1,30.35,29.0,29.2,2016
2013-09-23,29.2,29.2,28.1,28.6,431
2013-09-24,28.05,31.8,28.05,30.5,12427
2013-09-25,30.2,31.9,29.45,30.0,3749
2013-09-26,30.0,30.5,29.75,30.05,1519
2013-09-27,31.55,31.55,29.5,30.05,4906
2013-09-30,30.0,31.45,29.1,29.4,695
2013-10-01,29.0,31.45,29.0,30.6,151
2013-10-03,29.0,31.5,29.0,29.1,3432
2013-10-04,28.3,30.0,28.3,29.85,1357
2013-10-07,29.85,30.0,27.05,28.85,4515
2013-10-08,31.9,31.9,25.4,27.7,5363
2013-10-09,29.35,29.35,26.7,29.1,3306
2013-10-10,27.7,30.25,27.7,29.95,6432
2013-10-11,30.0,30.75,29.0,29.3,3652
2013-10-14,29.0,30.65,29.0,30.25,200
2013-10-15,30.25,30.5,29.5,30.4,1044
2013-10-17,31.0,31.0,28.0,29.05,1849
2013-10-18,29.0,29.95,28.1,28.25,1229
2013-10-21,28.8,29.35,28.1,29.0,707
2013-10-22,28.3,29.3,26.4,29.05,8138
2013-10-23,30.35,30.35,28.75,28.85,2275
2013-10-24,28.5,29.85,28.5,29.25,2422
2013-10-25,29.5,29.5,29.0,29.25,2903
2013-10-28,29.5,30.0,28.8,29.25,2312
2013-10-29,29.25,29.25,26.4,29.0,7635
2013-10-30,28.7,30.0,28.7,28.8,1744
2013-10-31,28.95,29.0,27.55,28.05,10250
2013-11-01,27.8,28.75,27.75,27.8,5791
2013-11-03,27.0,31.95,26.65,27.95,7180
2013-11-05,27.05,28.9,27.05,28.05,1924
2013-11-06,29.45,29.45,27.85,28.5,7477
2013-11-07,28.5,28.5,27.25,27.9,3292
2013-11-08,27.75,27.9,27.3,27.45,7420
2013-11-11,27.5,27.8,27.25,27.35,712
2013-11-12,27.8,27.8,26.65,27.25,1245
2013-11-13,27.0,27.0,26.2,26.8,604
2013-11-14,26.4,27.35,26.1,26.35,4762
2013-11-18,26.3,26.85,25.8,26.6,4099
2013-11-19,26.75,27.0,26.75,27.0,4711
2013-11-20,26.3,26.75,26.3,26.75,1385
2013-11-21,26.2,26.2,25.55,25.7,156
2013-11-22,26.0,26.65,25.95,26.15,553
2013-11-25,26.95,27.0,25.75,26.15,3688
2013-11-26,25.85,26.5,25.35,25.5,1186
2013-11-27,25.3,26.45,24.5,24.85,4665
2013-11-28,26.65,26.65,24.9,26.0,10054
2013-11-29,26.0,26.45,25.3,25.45,3488
2013-12-02,25.75,26.1,25.3,25.85,5955
2013-12-03,25.7,26.0,25.0,25.4,7115
2013-12-04,25.3,26.2,25.3,26.2,9110
2013-12-05,26.2,26.4,25.25,25.45,4442
2013-12-06,26.0,29.8,25.3,27.65,637877
2013-12-09,28.0,28.6,26.5,26.7,405017
2013-12-10,26.95,27.3,26.0,27.0,16865
2013-12-11,26.15,27.9,26.1,27.0,27754
2013-12-12,27.0,27.0,25.65,25.8,13696
2013-12-13,26.0,26.0,24.5,25.35,20314
2013-12-16,24.55,26.65,24.35,26.45,974972
2013-12-17,26.4,26.5,25.55,25.9,8671
2013-12-18,27.0,29.9,26.2,26.55,274053
2013-12-19,26.15,26.2,25.55,25.6,8068
2013-12-20,24.35,26.8,24.35,24.8,11507
2013-12-23,25.0,25.4,24.8,25.0,28090
2013-12-24,25.75,26.15,25.25,25.7,65136
2013-12-26,25.2,25.5,25.0,25.1,34870
2013-12-27,25.55,25.55,24.5,24.95,41719
2013-12-30,25.0,25.45,24.9,25.15,6760
2013-12-31,26.5,26.5,24.9,25.4,30686
2014-01-01,25.25,25.9,25.25,25.6,13477
2014-01-02,25.5,25.95,25.0,25.0,63766
2014-01-03,25.0,25.5,24.9,25.0,7395
2014-01-06,25.0,25.3,24.15,24.45,22979
2014-01-07,25.0,26.5,24.7,26.1,64143
2014-01-08,27.0,27.5,26.5,26.75,159816
2014-01-09,27.2,27.4,26.35,26.7,80880
2014-01-10,26.0,27.0,26.0,26.8,128537
2014-01-13,28.0,28.0,25.0,26.95,32136
2014-01-14,27.5,28.0,26.4,26.8,410316
2014-01-15,26.65,27.5,26.6,26.9,22541
2014-01-16,26.95,27.0,25.3,25.5,20326
2014-01-17,26.3,26.3,25.0,25.0,44031
2014-01-20,26.45,26.45,25.35,25.55,143425
2014-01-21,27.4,30.35,27.25,29.8,1318340
2014-01-22,29.7,30.75,27.5,27.7,569082
2014-01-23,27.35,28.5,27.35,28.05,82539
2014-01-24,28.05,28.5,26.55,26.95,231147
2014-01-27,26.95,26.95,24.85,25.15,63261
2014-01-28,25.45,25.85,25.0,25.25,43236
2014-01-29,25.5,25.6,24.15,24.55,191353
2014-01-30,24.5,24.8,22.65,23.8,46777
2014-01-31,24.0,24.25,23.55,24.0,30480
2014-02-03,25.35,25.4,23.25,23.6,224780
2014-02-04,23.4,23.4,22.4,22.85,21881
2014-02-05,24.45,24.45,22.85,23.45,96900
2014-02-06,24.0,24.0,22.95,23.05,28003
2014-02-07,23.6,23.65,22.9,23.15,19913
2014-02-10,23.4,23.4,22.75,22.9,9737
2014-02-11,22.75,23.2,22.35,22.8,17538
2014-02-12,23.4,23.4,22.7,22.9,11496
2014-02-13,23.3,23.3,22.7,22.9,15318
2014-02-14,23.0,23.0,22.45,22.55,6712
2014-02-17,22.5,23.2,22.5,22.75,11855
2014-02-18,22.55,23.2,22.55,23.0,30074
2014-02-19,23.3,24.5,23.05,23.85,151550
2014-02-20,24.3,24.3,23.3,23.7,31610
2014-02-21,23.55,24.2,22.8,23.05,30160
2014-02-24,23.0,23.8,22.5,22.95,31476
2014-02-25,22.65,23.1,22.5,22.7,36892
2014-02-26,22.65,23.0,21.9,22.15,43221
2014-02-28,22.7,22.9,22.4,22.5,17687
2014-03-03,22.5,22.85,22.25,22.4,16530
2014-03-04,22.25,23.15,22.2,23.0,14816
2014-03-05,23.35,24.25,22.95,24.2,69762
2014-03-06,24.7,24.7,23.55,24.2,49834
2014-03-07,23.7,24.75,23.6,23.8,38386
2014-03-10,23.8,26.25,23.4,25.4,191835
2014-03-11,25.0,28.3,24.6,27.5,475148
2014-03-12,27.45,27.45,25.95,26.15,49984
2014-03-13,26.5,26.55,25.5,25.6,34832
2014-03-14,26.0,26.0,25.0,25.3,33693
2014-03-18,25.4,26.2,25.15,25.5,16298
2014-03-19,25.5,25.95,24.15,24.95,24399
2014-03-20,25.7,25.95,24.65,25.1,9501
2014-03-21,24.75,25.95,24.75,25.5,17056
2014-03-22,25.1,26.0,25.1,25.85,10401
2014-03-24,25.35,26.0,25.35,25.9,25847
2014-03-25,25.55,26.6,25.55,26.55,27565
2014-03-26,26.0,28.0,25.8,27.55,96788
2014-03-27,27.3,28.6,26.0,27.8,165830
2014-03-28,28.45,28.45,27.0,27.1,30140
2014-03-31,26.9,28.0,26.4,27.3,70817
2014-04-01,27.55,27.6,26.75,27.3,15146
2014-04-02,27.0,28.0,27.0,27.5,29403
2014-04-03,27.35,27.9,26.75,27.05,27601
2014-04-04,26.8,27.9,26.5,26.95,22250
2014-04-07,26.15,27.75,26.15,27.5,28364
2014-04-09,28.2,28.65,27.5,28.2,236428
2014-04-10,28.9,32.65,28.3,31.85,336049
2014-04-11,32.0,35.5,32.0,33.85,357632
2014-04-15,33.55,35.5,32.0,33.85,98096
2014-04-16,33.6,34.8,31.3,31.5,72254
2014-04-17,33.95,33.95,32.1,33.1,70782
2014-04-21,33.1,33.95,32.85,33.3,38044
2014-04-22,33.25,34.0,33.25,33.5,41207
2014-04-23,34.0,34.8,33.0,33.15,27710
2014-04-25,33.1,33.5,32.0,32.65,29023
2014-04-28,33.8,36.7,33.25,35.3,306969
2014-04-29,36.15,42.35,35.0,40.25,4025623
2014-04-30,40.7,42.0,34.55,36.95,1201289
2014-05-02,39.0,42.8,38.0,40.7,4644755
2014-05-05,40.35,41.8,39.15,39.75,866477
2014-05-06,40.0,41.8,40.0,40.95,269772
2014-05-07,40.75,41.15,38.75,39.15,189243
2014-05-08,39.4,40.0,37.75,38.0,174030
2014-05-09,38.25,41.1,38.25,40.75,1363996
2014-05-12,40.5,41.8,38.75,39.6,337741
2014-05-13,39.65,40.8,38.6,39.85,1368047
2014-05-14,39.9,42.0,39.55,41.65,739949
2014-05-15,42.35,42.9,40.05,40.45,455381
2014-05-16,40.6,47.4,40.55,46.4,3038406
2014-05-19,47.7,49.95,46.5,48.95,1435018
2014-05-20,48.95,58.7,48.95,56.3,3744819
2014-05-21,57.25,58.0,53.1,54.85,1794649
2014-05-22,55.0,57.0,54.0,55.55,1670050
2014-05-23,58.0,61.1,56.1,60.45,1958096
2014-05-26,61.3,62.4,58.0,59.45,1911886
2014-05-27,61.45,61.45,54.15,57.7,634818
2014-05-28,58.25,60.1,57.75,59.45,449336
2014-05-29,59.75,61.3,58.7,59.25,747421
2014-05-30,59.6,61.8,58.5,61.1,761531
2014-06-02,61.9,65.15,61.5,64.55,1345317
2014-06-03,65.0,66.6,63.6,64.25,709112
2014-06-04,64.85,64.85,62.55,63.5,832322
2014-06-05,64.3,66.5,62.55,65.55,900796
2014-06-06,67.95,68.7,65.7,66.3,885185
2014-06-09,66.9,72.9,65.0,72.8,5804415
2014-06-10,73.45,73.7,68.1,71.55,858913
2014-06-11,71.0,74.4,69.0,70.65,894402
2014-06-12,70.0,76.0,69.0,74.85,1541053
2014-06-13,75.8,77.8,71.1,72.9,1883777
2014-06-16,72.95,73.8,68.2,72.05,473244
2014-06-17,72.1,77.65,72.1,77.1,668951
2014-06-18,77.5,78.4,73.25,76.35,626569
2014-06-19,75.5,78.0,73.0,74.25,447426
2014-06-20,74.05,75.4,72.0,72.3,906723
2014-06-23,72.2,74.2,71.05,73.3,257711
2014-06-24,73.8,75.25,72.9,73.65,153384
2014-06-25,73.7,75.65,72.55,74.8,294184
2014-06-26,75.2,75.6,73.15,73.7,140686
2014-06-27,73.55,76.95,72.2,75.0,342230
2014-06-30,75.9,82.5,74.55,82.5,2110103
2014-07-01,83.7,86.45,81.1,82.9,1103641
2014-07-02,83.5,84.65,81.5,81.95,828160
2014-07-03,82.4,89.4,79.05,87.35,4579153
2014-07-04,87.75,87.75,83.6,84.85,562026
2014-07-07,84.9,92.4,84.9,90.0,2130926
2014-07-08,90.5,90.85,81.5,82.65,545424
2014-07-09,82.95,84.25,78.1,82.35,576174
2014-07-10,82.5,86.0,79.0,82.35,478045
2014-07-11,82.75,84.85,75.1,77.35,283996
2014-07-14,76.8,83.6,75.8,82.8,272779
2014-07-15,83.5,84.6,80.25,82.85,236342
2014-07-16,83.75,86.45,83.75,85.25,445603
2014-07-17,84.55,86.9,83.3,85.5,205482
2014-07-18,85.4,88.55,84.65,87.55,633061
2014-07-21,89.3,94.45,86.1,92.35,1340123
2014-07-22,93.0,95.3,90.2,92.75,1383001
2014-07-23,94.5,94.9,91.1,92.05,699361
2014-07-24,91.55,95.8,90.75,94.4,1173991
2014-07-25,95.9,95.9,87.15,89.8,1116765
2014-07-28,90.1,90.5,82.1,84.0,423961
2014-07-30,83.2,86.0,79.2,83.55,890821
2014-07-31,83.0,87.4,82.7,86.5,574802
2014-08-01,86.0,86.4,82.2,82.75,212980
2014-08-04,83.05,85.8,83.05,84.35,166773
2014-08-05,83.6,86.15,83.6,85.65,180958
2014-08-06,85.0,86.0,82.7,83.1,157543
2014-08-07,83.4,85.2,82.0,82.45,78169
2014-08-08,81.6,82.0,78.5,79.95,120942
2014-08-11,79.95,83.6,79.95,82.3,704371
2014-08-12,82.5,85.0,82.45,83.25,207299
2014-08-13,83.35,84.0,80.1,80.7,192214
2014-08-14,81.45,83.2,80.25,82.15,180405
2014-08-18,82.45,85.0,82.4,84.0,116304
2014-08-19,84.0,88.35,84.0,86.4,276450
2014-08-20,87.7,90.9,85.0,88.95,671908
2014-08-21,89.5,91.45,87.8,88.95,407226
2014-08-22,89.0,89.0,85.5,86.95,229050
2014-08-25,89.9,91.9,86.05,86.55,358218
2014-08-26,86.9,90.95,85.55,90.2,556100
2014-08-27,92.0,92.9,88.6,89.95,950585
2014-08-28,89.9,92.0,88.55,90.2,352300
2014-09-01,90.2,92.95,90.0,92.15,417190
2014-09-02,92.8,92.95,90.6,91.5,262559
2014-09-03,92.35,94.5,91.25,93.6,739316
2014-09-04,93.25,94.4,91.0,93.0,304859
2014-09-05,93.5,98.8,92.55,97.1,933573
2014-09-08,97.6,97.8,95.1,97.35,225842
2014-09-09,97.5,98.5,96.0,97.15,181705
2014-09-10,97.0,106.0,96.0,105.0,1073611
2014-09-11,105.85,110.0,104.0,109.5,723204
2014-09-12,110.4,113.9,110.4,112.75,995169
2014-09-15,113.7,123.8,112.55,122.3,2499858
2014-09-16,122.9,123.7,106.1,113.35,617838
2014-09-17,115.0,118.4,110.4,117.2,398275
2014-09-18,117.0,121.5,115.25,120.1,504266
2014-09-19,120.8,136.4,120.5,125.4,2421461
2014-09-22,124.0,130.0,122.05,128.35,430543
2014-09-23,128.9,132.2,124.25,125.8,309438
2014-09-24,127.45,128.5,118.0,118.9,601967
2014-09-25,120.4,121.45,113.0,115.25,276764
2014-09-26,114.1,117.7,111.5,114.95,294804
2014-09-29,115.0,121.3,114.55,116.1,281184
2014-09-30,114.85,118.0,114.55,116.2,178190
2014-10-01,116.4,117.15,112.25,113.7,170070
2014-10-07,113.4,114.25,111.1,111.45,183745
2014-10-08,111.0,113.0,110.05,111.9,338377
2014-10-09,112.3,115.25,112.25,114.45,127174
2014-10-10,114.25,119.3,111.15,115.65,217149
2014-10-13,115.0,117.0,114.35,114.95,135654
2014-10-14,114.9,115.7,112.5,113.55,141212
2014-10-16,112.4,114.7,109.5,110.85,107806
2014-10-17,110.5,117.8,110.5,116.4,687581
2014-10-20,117.0,119.95,113.1,114.3,212121
2014-10-21,114.45,115.7,112.85,114.15,80718
2014-10-22,114.85,118.0,113.5,115.6,128997
2014-10-23,116.85,121.0,115.6,117.55,61652
2014-10-27,118.2,119.5,115.8,116.45,91808
2014-10-28,116.25,123.3,116.1,121.65,396355
2014-10-29,122.45,130.0,122.15,126.8,668425
2014-10-30,128.45,134.5,126.1,127.3,1968877
2014-10-31,128.4,140.25,128.25,137.95,1102564
2014-11-03,138.25,141.95,130.6,140.1,494497
2014-11-05,140.45,148.25,138.0,146.4,648575
2014-11-07,147.7,148.0,142.65,145.0,1485244
2014-11-10,145.9,145.9,136.55,140.5,203323
2014-11-11,141.35,141.8,136.0,136.95,101647
2014-11-12,137.35,142.5,137.35,139.3,894343
2014-11-13,140.0,140.4,135.3,136.9,116021
2014-11-14,137.25,138.45,135.0,137.0,118491
2014-11-17,135.6,141.9,135.5,140.2,137582
2014-11-18,140.7,164.15,140.7,157.1,1193552
2014-11-19,157.0,159.05,142.5,145.9,1093637
2014-11-20,146.0,147.35,138.1,141.0,411139
2014-11-21,141.7,149.0,141.45,145.9,290035
2014-11-24,152.0,154.0,144.35,145.4,603550
2014-11-25,146.35,146.35,139.85,143.7,208205
2014-11-26,144.0,152.8,143.05,151.15,575743
2014-11-27,154.0,171.5,153.95,166.05,2389835
2014-11-28,168.0,176.6,168.0,170.65,1263869
2014-12-01,170.9,172.95,162.35,164.95,369850
2014-12-02,164.95,171.0,161.5,163.35,515726
2014-12-03,164.7,168.25,162.75,163.45,346640
2014-12-04,166.7,170.85,160.25,168.05,722425
2014-12-05,168.5,168.5,158.55,163.3,666310
2014-12-08,162.0,164.3,158.35,159.85,266141
2014-12-09,158.3,159.7,153.1,153.85,244364
2014-12-10,152.5,157.1,150.9,153.35,245377
2014-12-11,151.8,154.2,146.3,147.8,385913
2014-12-12,146.4,159.7,143.4,144.85,700515
2014-12-15,143.4,148.5,141.65,147.25,415651
2014-12-16,149.8,154.05,146.5,147.35,484358
2014-12-17,146.0,150.9,140.1,145.25,454946
2014-12-18,147.75,153.9,147.05,148.3,305226
2014-12-19,148.5,158.5,148.5,156.4,963614
2014-12-22,157.9,161.1,154.6,156.25,427903
2014-12-23,158.15,158.15,151.05,152.1,159582
2014-12-24,150.9,154.45,150.1,152.6,121363
2014-12-26,151.5,154.7,150.4,150.95,134560
2014-12-29,150.05,154.9,150.05,152.2,121674
2014-12-30,152.6,155.9,152.2,153.0,217864
2015-01-01,157.5,163.9,155.65,160.3,455277
2015-01-02,159.1,164.0,159.1,162.1,312573
2015-01-05,163.3,164.9,161.2,161.7,198227
2015-01-06,160.1,162.5,157.0,157.9,222014
2015-01-07,156.35,159.05,152.55,155.05,151774
2015-01-08,157.7,165.9,157.3,164.9,400834
2015-01-09,168.2,173.9,165.55,169.25,829298
2015-01-12,168.8,171.95,167.45,170.45,229204
2015-01-13,170.6,172.1,165.4,168.35,2027449
2015-01-14,167.55,170.05,165.1,165.95,164568
2015-01-15,167.05,170.45,162.35,164.15,232049
2015-01-16,164.0,168.0,161.4,164.95,256694
2015-01-19,166.1,175.0,166.1,173.6,586825
2015-01-20,174.8,178.0,171.0,172.85,697568
2015-01-21,174.6,199.0,174.25,192.75,5705142
2015-01-22,196.0,196.0,182.55,185.45,1311467
2015-01-23,186.9,187.85,176.3,178.35,579105
2015-01-27,180.9,183.4,175.5,177.4,1502480
2015-01-28,176.5,187.0,176.1,185.2,1332446
2015-01-29,188.0,193.5,187.6,188.85,750725
2015-01-30,189.3,190.3,181.7,183.75,186118
2015-02-02,183.95,187.95,182.0,184.05,236394
2015-02-03,184.7,187.0,180.0,184.85,4068828
2015-02-04,186.45,200.0,180.6,183.45,502046
2015-02-05,183.5,189.9,182.45,186.7,517495
2015-02-06,187.0,187.95,183.25,184.05,272670
2015-02-09,183.4,183.9,180.0,182.5,187093
2015-02-10,182.1,189.5,181.4,185.75,559800
2015-02-11,188.5,190.9,185.1,189.35,296754
2015-02-12,190.5,200.9,189.0,196.45,950362
2015-02-13,197.0,210.25,196.8,208.3,1160863
2015-02-16,211.0,215.0,207.1,208.85,905561
2015-02-18,208.75,209.8,204.1,208.55,2562359
2015-02-19,209.8,215.75,206.1,208.35,677139
2015-02-20,208.35,214.0,204.85,209.85,243976
2015-02-23,210.4,214.0,200.35,202.65,568129
2015-02-24,204.9,219.8,197.3,213.35,1435635
2015-02-25,220.1,225.8,218.1,223.4,824179
2015-02-26,224.3,230.8,213.6,220.25,656518
2015-02-27,219.1,227.8,219.0,226.8,318160
2015-02-28,227.8,235.8,221.2,234.0,435546
2015-03-02,235.9,262.0,235.0,248.7,1448419
2015-03-03,249.75,254.3,245.0,246.95,356492
2015-03-04,247.5,252.0,240.0,240.75,292504
2015-03-05,241.85,247.0,233.3,238.8,337974
2015-03-09,236.9,249.7,234.1,244.15,391449
2015-03-10,245.75,248.85,238.55,240.6,287634
2015-03-11,241.4,242.7,235.0,235.95,158828
2015-03-12,237.95,239.95,234.4,235.9,137471
2015-03-13,237.45,237.6,225.4,226.35,317292
2015-03-16,227.05,227.05,215.5,218.8,298942
2015-03-17,220.2,227.6,219.0,225.45,210061
2015-03-18,229.0,239.8,226.25,236.7,515949
2015-03-19,237.9,244.9,237.9,241.35,339361
2015-03-20,241.6,246.45,236.0,243.0,311064
2015-03-23,243.0,249.75,243.0,247.15,338989
2015-03-24,254.0,258.7,242.65,244.4,450459
2015-03-25,245.4,245.4,237.6,240.0,172946
2015-03-26,238.85,238.85,232.9,234.35,601154
2015-03-27,235.0,240.4,224.5,229.1,140523
2015-03-30,232.5,241.45,230.95,238.9,252132
2015-03-31,239.95,241.2,230.1,233.65,177198
2015-04-01,234.0,245.0,234.0,243.45,367540
2015-04-06,249.8,251.5,245.1,246.25,323188
2015-04-07,247.4,248.0,236.1,241.45,245577
2015-04-08,241.75,246.0,235.0,239.4,278922
2015-04-09,240.05,244.95,235.2,241.8,203896
2015-04-10,243.0,244.4,235.35,238.7,120614
2015-04-13,240.95,245.0,238.0,244.65,170591
2015-04-15,244.65,248.4,241.1,242.7,252654
2015-04-16,243.65,244.5,236.4,237.6,105594
2015-04-17,237.45,242.0,235.15,239.3,186639
2015-04-20,239.75,241.6,225.95,233.5,141026
2015-04-21,235.0,238.4,226.5,228.4,215445
2015-04-22,230.45,233.15,224.5,226.5,247901
2015-04-23,230.75,235.0,226.0,228.6,241541
2015-04-24,231.7,231.7,216.0,218.4,492629
2015-04-27,219.0,223.4,202.0,204.6,471629
2015-04-28,205.2,225.0,191.1,217.0,3107265
2015-04-29,222.8,224.9,206.55,209.15,714153
2015-04-30,209.45,209.5,200.0,204.3,370094
2015-05-04,205.7,214.5,205.35,209.75,368822
2015-05-05,210.0,210.7,199.5,202.0,484275
2015-05-06,203.75,207.4,181.7,184.55,798917
2015-05-07,184.8,184.8,163.6,175.8,1660716
2015-05-08,176.8,184.7,173.6,176.25,665898
2015-05-11,177.6,182.15,176.1,177.55,562831
2015-05-12,177.0,177.1,165.35,172.4,497583
2015-05-13,173.0,177.8,171.55,175.85,499019
2015-05-14,174.95,176.2,171.0,172.75,328505
2015-05-15,172.8,182.0,172.8,174.8,825853
2015-05-18,176.65,197.15,174.55,193.1,1556024
2015-05-19,193.4,199.9,187.0,193.15,1019557
2015-05-20,194.8,202.0,194.6,198.7,1597461
2015-05-21,199.6,207.85,197.8,206.25,1082083
2015-05-22,207.3,213.4,207.0,210.8,850599
2015-05-25,211.6,211.7,203.05,204.75,326841
2015-05-26,206.0,206.6,202.1,204.75,277650
2015-05-27,201.5,204.95,198.1,203.85,121404
2015-05-28,204.0,205.9,200.0,202.05,276136
2015-05-29,201.0,214.0,195.3,209.3,1064054
2015-06-01,214.9,217.2,206.1,207.55,685758
2015-06-02,207.85,208.3,200.05,201.5,244120
2015-06-03,200.5,201.5,186.95,191.45,251830
2015-06-04,191.95,194.3,182.9,189.1,247470
2015-06-05,189.95,199.75,186.5,194.85,364995
2015-06-08,197.0,197.7,181.2,183.65,423202
2015-06-09,182.3,183.45,180.0,180.75,187531
2015-06-10,180.0,189.1,180.0,187.15,205527
2015-06-11,188.9,190.0,174.2,176.15,316244
2015-06-12,175.9,181.9,169.1,170.5,546459
2015-06-15,172.1,180.9,172.0,177.05,499063
2015-06-16,177.45,186.5,177.15,185.7,574699
2015-06-17,187.85,189.7,181.25,182.5,423932
2015-06-18,183.25,192.5,183.25,187.9,520074
2015-06-19,189.1,209.7,189.1,202.6,1247480
2015-06-22,204.85,208.45,195.2,198.1,853915
2015-06-23,198.3,199.35,193.0,195.85,356277
2015-06-24,196.0,201.4,190.1,193.6,411241
2015-06-25,193.0,197.25,188.6,192.5,256885
2015-06-26,192.0,196.9,190.0,192.05,294849
2015-06-29,182.5,187.9,181.0,184.7,209051
2015-06-30,183.0,199.8,183.0,196.25,742257
2015-07-01,197.8,198.3,194.05,196.1,223152
2015-07-02,196.45,204.25,192.35,197.75,596224
2015-07-03,197.75,200.2,194.0,195.2,221522
2015-07-06,190.9,199.7,187.1,198.35,347790
2015-07-07,200.0,202.7,195.7,196.75,345696
2015-07-08,196.0,199.5,191.55,193.0,277204
2015-07-09,194.0,200.0,194.0,196.55,334812
2015-07-10,197.7,198.8,195.6,197.45,168475
2015-07-13,197.5,200.0,195.2,198.9,286398
2015-07-14,199.0,201.5,188.95,190.35,877657
2015-07-15,193.0,197.4,190.85,191.65,468261
2015-07-16,192.6,195.0,192.25,193.65,223653
2015-07-17,194.95,195.9,192.0,193.0,233986
2015-07-20,194.0,198.4,192.25,197.2,367163
2015-07-21,198.2,201.9,190.9,196.15,1997218
2015-07-22,191.4,194.4,188.1,190.55,479534
2015-07-23,191.6,192.35,185.15,188.55,1957872
2015-07-24,189.4,199.9,188.0,194.75,2826859
2015-07-27,193.5,199.4,190.65,194.0,559500
2015-07-28,194.95,195.8,192.1,192.8,247889
2015-07-29,193.7,209.3,192.3,206.05,4543186
2015-07-30,209.5,215.9,208.0,214.65,1726014
2015-07-31,214.9,215.4,207.5,208.55,536778
2015-08-03,208.85,208.85,202.3,206.0,369675
2015-08-04,206.0,210.0,202.1,207.6,353945
2015-08-05,208.6,219.4,208.5,210.15,860750
2015-08-06,210.0,211.7,201.6,202.45,452520
2015-08-07,202.75,205.0,195.0,195.65,378128
2015-08-10,196.1,196.85,192.55,194.65,850234
2015-08-11,194.75,198.7,190.2,190.85,510025
2015-08-12,190.0,192.45,186.1,187.1,263060
2015-08-13,188.0,196.0,182.55,184.15,283540
2015-08-14,185.4,190.75,183.0,185.95,242040
2015-08-17,187.3,189.8,183.0,186.7,802447
2015-08-18,186.45,196.4,186.0,194.85,570309
2015-08-19,194.65,196.4,187.0,188.05,768390
2015-08-20,187.1,190.15,181.1,181.7,361499
2015-08-21,179.7,179.7,175.25,176.75,406960
2015-08-24,170.0,174.0,148.1,155.35,1110842
2015-08-25,158.0,160.0,142.2,155.05,1592232
2015-08-26,154.9,159.9,145.0,156.65,514010
2015-08-27,158.3,166.3,155.9,158.3,814376
2015-08-28,162.5,164.2,155.5,157.15,995118
2015-08-31,156.4,159.0,152.5,153.35,294622
2015-09-01,151.0,151.75,146.4,147.75,449792
2015-09-02,148.6,151.4,144.05,145.2,274822
2015-09-03,147.75,151.0,143.5,144.6,344584
2015-09-04,144.0,144.0,137.0,140.85,856578
2015-09-07,141.6,146.8,141.0,143.55,307188
2015-09-08,145.4,150.6,141.7,148.05,353185
2015-09-09,151.5,153.0,149.9,152.45,241872
2015-09-10,149.5,159.9,146.8,156.15,1153755
2015-09-11,158.7,161.5,157.5,159.4,299426
2015-09-14,160.6,164.4,159.5,160.95,820432
2015-09-15,160.95,161.9,157.35,159.6,283425
2015-09-16,161.2,162.4,157.05,158.85,163342
2015-09-18,159.75,164.0,157.5,161.6,427607
2015-09-21,160.0,163.9,159.95,160.6,156817
2015-09-22,161.0,163.0,153.5,155.3,256864
2015-09-23,153.0,161.9,153.0,159.35,269156
2015-09-24,158.1,159.95,157.1,158.7,124427
2015-09-28,159.0,161.0,156.1,157.0,144604
2015-09-29,154.0,157.8,151.0,156.4,168361
2015-09-30,157.2,157.9,154.0,155.65,145983
2015-10-01,156.2,161.8,155.0,156.7,341228
2015-10-05,157.0,162.0,157.0,158.8,515439
2015-10-06,161.0,174.0,159.0,170.55,1125572
2015-10-07,172.9,179.2,170.0,175.25,907593
2015-10-08,176.25,178.1,173.55,174.55,322144
2015-10-09,176.1,178.0,171.0,174.6,259351
2015-10-12,176.9,176.9,171.15,171.9,131859
2015-10-13,173.1,175.75,171.0,174.6,201878
2015-10-14,174.5,189.0,174.5,183.7,800824
2015-10-15,185.95,188.1,183.2,184.85,372641
2015-10-16,185.2,186.6,178.35,184.4,301110
2015-10-19,185.15,187.8,183.05,183.75,223853
2015-10-20,183.75,185.9,181.2,182.35,177805
2015-10-21,183.5,188.4,183.5,183.95,377068
2015-10-23,184.0,186.0,180.0,182.25,184699
2015-10-26,182.5,182.75,175.7,178.85,194896
2015-10-27,175.6,183.0,175.3,179.45,175627
2015-10-28,179.45,182.0,178.1,179.3,133363
2015-10-29,177.5,180.9,170.0,171.8,309733
2015-10-30,171.9,176.9,171.0,175.0,171815
2015-11-02,174.3,182.45,171.45,181.2,336136
2015-11-03,182.0,184.3,177.05,181.1,257779
2015-11-04,182.95,186.5,177.8,179.65,840547
2015-11-05,179.75,179.75,170.9,172.4,213939
2015-11-06,172.9,177.5,165.2,175.45,344461
2015-11-09,171.0,181.9,160.1,180.9,318945
2015-11-10,179.0,179.95,174.3,175.15,84652
2015-11-11,176.75,182.3,176.75,180.65,115502
2015-11-13,178.55,179.3,175.0,175.65,109526
2015-11-16,175.0,182.4,174.9,181.5,227676
2015-11-17,183.2,183.8,177.5,178.25,154166
2015-11-18,177.05,179.0,175.1,176.5,91098
2015-11-19,178.8,181.5,177.05,178.05,98436
2015-11-20,179.0,180.5,176.55,177.6,106522
2015-11-23,177.25,182.8,176.0,181.45,247306
2015-11-24,179.5,187.1,179.5,184.2,496997
2015-11-26,184.75,186.35,183.0,183.55,121917
2015-11-27,184.5,184.95,180.35,181.35,152853
2015-11-30,182.9,194.8,182.0,192.1,828718
2015-12-01,193.7,197.8,190.6,192.6,405051
2015-12-02,192.6,195.3,189.0,193.35,272174
2015-12-03,194.25,194.35,189.35,190.45,152982
2015-12-04,187.65,191.2,187.5,189.85,187120
2015-12-07,193.0,195.25,189.95,193.6,215419
2015-12-08,194.65,195.0,186.5,188.15,187542
2015-12-09,187.75,189.0,175.5,177.95,366857
2015-12-10,178.05,183.25,175.1,176.7,164917
2015-12-11,176.4,180.7,175.0,176.2,146148
2015-12-14,176.0,178.3,174.25,176.3,102331
2015-12-15,177.05,178.25,171.7,175.5,113022
2015-12-16,175.95,176.85,172.05,173.1,117849
2015-12-17,174.2,177.7,171.0,172.2,216007
2015-12-18,172.0,172.0,168.15,169.15,248761
2015-12-21,169.7,170.8,166.0,169.3,196651
2015-12-22,170.8,171.0,165.85,166.65,358635
2015-12-23,168.05,176.0,166.1,175.0,424107
2015-12-24,176.9,179.5,175.3,176.15,404425
2015-12-28,177.7,177.9,175.2,176.15,189203
2015-12-29,176.9,177.45,173.5,174.1,138217
2015-12-30,174.85,174.85,171.2,171.65,159867
2015-12-31,171.65,172.7,169.0,169.5,208693
2016-01-01,170.6,175.5,169.5,173.75,291410
2016-01-04,174.8,176.4,171.0,172.4,255787
2016-01-05,172.1,176.7,169.4,175.05,250868
2016-01-06,176.0,177.5,172.2,173.2,179811
2016-01-07,172.1,172.5,167.2,167.7,180263
2016-01-08,169.8,170.9,166.55,167.3,133916
2016-01-11,166.0,173.4,165.0,172.4,425413
2016-01-12,173.35,174.9,169.1,170.05,139508
2016-01-13,172.4,172.4,159.0,166.3,754981
2016-01-14,165.0,169.8,161.05,164.9,103946
2016-01-15,165.45,168.4,157.5,159.9,130226
2016-01-18,151.25,161.0,151.0,155.05,246633
2016-01-19,152.65,165.0,152.65,163.4,153347
2016-01-20,156.6,161.9,153.3,155.2,249249
2016-01-21,155.55,159.4,152.0,153.3,325962
2016-01-22,156.15,159.0,155.1,158.3,107991
2016-01-25,160.3,165.0,159.65,163.85,133633
2016-01-27,165.5,165.55,161.5,163.3,98377
2016-01-28,164.9,166.4,151.15,152.05,459462
2016-01-29,153.0,154.4,148.05,149.5,218215
2016-02-01,152.0,154.95,150.0,152.65,220091
2016-02-02,153.9,153.9,145.1,147.35,142553
2016-02-03,146.0,146.0,141.1,142.1,93883
2016-02-04,143.95,145.3,141.1,141.6,77365
2016-02-05,144.0,144.0,140.0,143.45,91531
2016-02-08,143.5,145.6,141.15,144.35,91500
2016-02-09,142.0,147.0,141.3,146.1,106980
2016-02-10,147.9,147.9,142.25,145.1,101007
2016-02-11,145.0,145.85,141.0,142.0,114581
2016-02-12,138.0,142.95,135.65,140.1,154739
2016-02-15,145.0,152.7,141.9,149.65,144712
2016-02-16,149.65,153.1,145.15,147.25,76700
2016-02-17,147.0,149.4,142.0,148.1,88548
2016-02-18,148.7,150.4,147.0,148.8,46328
2016-02-19,148.9,149.8,146.65,147.65,40322
2016-02-22,148.85,150.0,145.5,147.65,59622
2016-02-23,148.5,148.5,145.95,147.05,49608
2016-02-24,148.0,148.9,144.4,146.4,69572
2016-02-25,144.05,151.5,144.05,148.1,118856
2016-02-26,147.0,150.85,143.5,148.5,135029
2016-02-29,149.5,149.8,145.0,149.0,88603
2016-03-01,148.9,154.5,147.7,154.0,139439
2016-03-02,155.8,168.5,154.95,167.3,360756
2016-03-03,168.0,168.9,160.05,165.8,170495
2016-03-04,165.8,170.1,163.5,168.55,130124
2016-03-08,168.95,169.0,164.5,165.6,139061
2016-03-09,164.9,165.0,162.6,164.5,222381
2016-03-10,164.9,173.45,164.9,167.05,301028
2016-03-11,167.9,168.15,164.5,167.05,97789
2016-03-14,169.9,169.9,165.55,167.2,83946
2016-03-15,166.1,167.7,164.0,166.25,136899
2016-03-16,167.3,167.3,163.55,165.35,206983
2016-03-17,167.85,168.35,162.3,163.4,882873
2016-03-18,164.55,167.25,163.5,165.65,1113986
2016-03-21,166.0,169.0,164.9,167.2,120386
2016-03-22,168.45,169.5,166.05,167.0,699588
2016-03-23,168.15,169.2,164.6,168.1,139049
2016-03-28,167.0,167.0,157.75,161.3,99991
2016-03-29,161.9,164.5,158.1,163.1,572814
2016-03-30,164.0,171.0,164.0,169.75,166284
2016-03-31,168.5,173.8,168.5,170.85,305897
2016-04-01,172.8,173.1,170.05,171.85,90197
2016-04-04,173.2,173.2,168.55,169.85,340167
2016-04-05,171.0,171.0,167.3,169.3,124089
2016-04-06,171.85,173.0,166.1,169.65,1651861
2016-04-07,169.9,172.6,166.1,170.1,82797
2016-04-08,168.05,173.9,168.05,171.2,127822
2016-04-11,170.05,174.5,170.05,173.1,94399
2016-04-12,174.9,182.35,172.6,180.6,442114
2016-04-13,183.4,185.8,182.1,183.05,680446
2016-04-18,183.3,183.3,180.0,182.1,172292
2016-04-20,182.1,187.5,179.8,186.05,213621
2016-04-21,185.0,189.0,184.85,185.95,301129
2016-04-22,184.0,188.4,179.6,180.85,139749
2016-04-25,180.85,181.45,176.5,178.55,88440
2016-04-26,179.9,185.9,179.3,184.7,245198
2016-04-27,185.3,185.9,182.25,183.25,68994
2016-04-28,184.5,184.8,180.5,181.8,46398
2016-04-29,181.7,184.7,180.1,184.05,62408
2016-05-02,185.0,191.65,181.95,189.75,442612
2016-05-03,191.45,192.5,187.7,188.65,323956
2016-05-04,188.2,189.7,185.15,187.3,111670
2016-05-05,188.2,191.85,186.8,190.65,387240
2016-05-06,189.45,190.6,186.9,189.7,104084
2016-05-09,190.0,190.9,187.8,188.4,173531
2016-05-10,189.35,194.4,178.6,182.95,906135
2016-05-11,179.9,179.9,163.85,177.5,357622
2016-05-12,182.0,185.0,172.6,173.4,982633
2016-05-13,173.4,174.7,170.3,171.6,245038
2016-05-16,170.35,172.2,168.0,168.9,103572
2016-05-17,170.4,171.0,166.15,167.0,91911
2016-05-18,166.0,166.5,165.0,165.8,72276
2016-05-19,166.2,169.9,163.35,165.2,328241
2016-05-20,165.0,168.0,161.2,162.05,194424
2016-05-23,163.2,163.2,158.4,158.85,86919
2016-05-24,159.8,160.0,157.0,159.05,60022
2016-05-25,159.9,163.0,158.8,161.8,241052
2016-05-26,163.25,163.25,160.5,162.0,58887
2016-05-27,164.35,164.35,160.45,161.25,40708
2016-05-30,162.0,163.8,161.0,161.9,73278
2016-05-31,160.55,164.6,158.4,163.0,1261420
2016-06-01,164.0,170.1,163.2,169.05,452088
2016-06-02,168.2,169.4,167.3,168.1,86916
2016-06-03,167.3,170.85,166.5,167.0,70027
2016-06-06,167.0,167.95,163.05,163.9,43945
2016-06-07,164.9,165.0,163.1,164.5,161924
2016-06-08,166.0,182.4,164.0,179.0,1440300
2016-06-09,179.0,184.75,173.65,181.9,316071
2016-06-10,182.2,183.0,176.3,178.0,109905
2016-06-13,177.0,177.95,173.5,175.2,103642
2016-06-14,176.0,187.0,175.45,186.3,514658
2016-06-15,187.25,194.0,183.05,191.95,426094
2016-06-16,191.0,198.9,187.85,197.95,531149
2016-06-17,199.0,204.0,194.8,202.75,466845
2016-06-20,198.25,201.65,195.2,196.75,134610
2016-06-21,196.75,202.3,195.0,201.2,134221
2016-06-22,203.0,205.0,198.0,199.65,283625
2016-06-23,191.95,198.95,191.95,194.1,112902
2016-06-24,188.05,196.8,177.2,193.95,221297
2016-06-27,190.1,192.1,188.1,189.4,300166
2016-06-28,190.7,194.2,189.05,190.6,237268
2016-06-29,194.0,194.0,187.85,191.2,221860
2016-06-30,191.3,197.4,189.35,195.55,530084
2016-07-01,197.2,205.5,196.0,204.3,1003872
2016-07-04,205.95,214.95,203.0,213.2,909351
2016-07-05,213.5,213.5,205.4,207.3,346108
2016-07-07,206.0,209.45,204.8,206.7,206367
2016-07-08,207.0,208.9,201.0,207.05,149374
2016-07-11,209.5,211.65,207.45,210.3,390308
2016-07-12,210.45,218.6,209.6,217.5,789639
2016-07-13,218.4,221.95,214.2,218.5,555594
2016-07-14,219.55,219.95,215.5,218.4,148843
2016-07-15,223.05,242.0,218.85,224.8,4002138
2016-07-18,225.45,228.0,219.0,220.55,399705
2016-07-19,222.3,224.4,216.25,222.25,150656
2016-07-20,221.55,229.0,221.55,228.5,308373
2016-07-21,229.0,232.4,222.1,229.75,3038027
2016-07-22,231.45,232.8,223.55,228.35,273865
2016-07-25,228.3,235.9,226.95,234.2,404935
2016-07-26,231.25,236.0,231.25,233.8,226851
2016-07-27,234.8,235.8,225.25,228.45,1236429
2016-07-28,230.3,236.4,228.0,233.85,952348
2016-07-29,238.0,243.9,232.1,235.35,692476
2016-08-01,239.0,241.0,228.5,229.95,494184
2016-08-02,231.35,231.85,222.0,224.7,690479
2016-08-03,225.0,227.05,216.25,219.55,416233
2016-08-04,227.0,227.05,212.3,213.2,303553
2016-08-05,216.65,226.0,215.1,224.3,656987
2016-08-08,226.0,227.0,216.35,217.7,249206
2016-08-09,218.6,221.9,216.55,217.75,103974
2016-08-10,218.95,219.55,208.4,210.7,163573
2016-08-11,211.3,211.65,204.65,208.4,144220
2016-08-12,208.4,216.1,208.0,210.65,178892
2016-08-16,209.65,215.0,207.45,212.6,186742
2016-08-17,212.5,219.95,209.35,217.75,516908
2016-08-18,218.25,222.5,216.25,218.1,225405
2016-08-19,218.1,219.35,213.0,214.8,122976
2016-08-22,214.8,216.55,212.05,213.8,96513
2016-08-23,213.85,222.3,210.55,220.55,490149
2016-08-24,222.3,222.9,218.0,221.45,265589
2016-08-25,227.0,227.0,220.0,222.55,256304
2016-08-26,224.0,224.9,219.75,222.3,153699
2016-08-29,222.45,222.45,217.25,218.9,92457
2016-08-30,221.45,221.45,217.9,218.65,302271
2016-08-31,218.65,220.95,215.0,217.0,98077
2016-09-01,218.0,227.0,217.0,225.45,501644
2016-09-02,225.0,228.8,223.55,226.4,225038
2016-09-06,226.4,235.35,222.95,233.2,520173
2016-09-07,233.0,235.0,229.0,232.55,142601
2016-09-08,234.5,234.5,230.1,233.2,104024
2016-09-09,233.15,233.15,226.25,227.25,102636
2016-09-12,222.55,227.0,218.05,221.6,106500
2016-09-14,219.3,227.55,219.3,224.95,62056
2016-09-15,225.6,230.65,225.0,228.55,131896
2016-09-16,227.5,232.1,227.5,229.4,82304
2016-09-19,232.5,239.7,226.0,238.15,386818
2016-09-20,242.9,243.5,232.35,235.9,298352
2016-09-21,236.0,239.95,235.55,238.75,131930
2016-09-22,241.9,245.0,236.1,244.35,348623
2016-09-23,245.5,253.6,241.25,252.6,534112
2016-09-26,255.1,259.7,251.0,253.85,298285
2016-09-27,255.9,258.0,253.05,254.8,124674
2016-09-28,255.1,260.95,254.1,259.6,177362
2016-09-29,261.6,262.9,215.2,245.55,292804
2016-09-30,240.0,253.4,237.5,250.55,124730
2016-10-03,250.6,262.6,250.6,260.9,264616
2016-10-04,261.8,263.7,253.5,259.55,192862
2016-10-05,259.6,261.9,254.6,257.15,100074
2016-10-06,258.0,259.2,250.05,252.95,159783
2016-10-07,253.0,253.4,247.7,250.5,68578
2016-10-10,250.55,253.9,245.5,250.95,58697
2016-10-13,249.25,265.05,245.0,256.25,131229
2016-10-14,258.9,263.0,250.9,254.35,216569
2016-10-17,251.2,256.9,248.5,254.35,724224
2016-10-18,255.25,259.9,251.45,256.1,146172
2016-10-19,256.95,264.3,253.95,262.55,177027
2016-10-20,264.4,267.8,252.5,255.0,335252
2016-10-21,256.35,256.4,249.05,252.0,122328
2016-10-24,252.0,253.9,246.5,249.15,103922
2016-10-25,247.5,254.9,246.0,251.85,91277
2016-10-26,251.55,251.55,245.5,247.1,94974
2016-10-27,247.15,247.4,238.55,240.95,117767
2016-10-28,241.95,251.4,237.6,246.5,115907
2016-10-30,246.5,251.9,245.0,250.0,35697
2016-11-01,253.0,257.6,244.0,251.15,852045
2016-11-02,249.8,250.0,240.1,240.9,172392
2016-11-03,242.5,245.05,230.6,237.5,307134
2016-11-04,243.0,243.4,227.0,229.7,134433
2016-11-07,231.0,237.55,230.0,232.5,111000
2016-11-08,234.15,234.15,223.4,227.2,186739
2016-11-09,208.0,223.0,200.15,212.1,343563
2016-11-10,215.2,225.0,215.15,220.35,607915
2016-11-11,218.0,218.1,203.0,204.6,211665
2016-11-15,204.95,204.95,182.5,184.8,294282
2016-11-16,186.4,194.05,181.0,182.2,727680
2016-11-17,181.15,184.9,176.5,178.3,118136
2016-11-18,179.45,181.5,173.35,179.4,188919
2016-11-21,180.6,181.95,174.5,175.8,944048
2016-11-22,175.0,178.75,171.05,175.9,146373
2016-11-23,177.0,178.05,174.8,175.6,149917
2016-11-24,174.0,182.55,171.9,177.6,148239
2016-11-25,178.1,185.45,177.05,181.55,137150
2016-11-28,183.9,187.6,182.4,185.1,169821
2016-11-29,187.4,188.7,183.0,183.8,144897
2016-11-30,184.2,185.1,180.6,181.7,107995
2016-12-01,181.75,184.15,177.25,178.3,122567
2016-12-02,176.5,177.0,172.0,172.95,137457
2016-12-05,172.0,173.85,168.5,169.35,191283
2016-12-06,170.4,170.85,167.0,167.75,459444
2016-12-07,168.75,171.9,161.45,164.15,283150
2016-12-08,164.9,171.9,164.55,170.65,415848
2016-12-09,172.65,182.6,172.0,172.8,991660
2016-12-12,173.8,173.8,168.85,169.65,111110
2016-12-13,168.15,170.5,166.05,167.5,168246
2016-12-14,168.0,168.0,164.0,164.6,204335
2016-12-15,162.05,165.25,161.55,163.55,153925
2016-12-16,164.45,168.9,162.0,167.4,468936
2016-12-19,168.0,168.0,158.35,163.15,637221
2016-12-20,164.3,165.6,162.1,164.05,147501
2016-12-21,164.0,164.05,160.55,160.9,102842
2016-12-22,160.9,161.7,154.45,155.1,322662
2016-12-23,155.75,167.5,155.35,163.7,758793
2016-12-26,163.0,170.4,160.0,162.0,353078
2016-12-27,163.0,163.0,160.05,161.1,160865
2016-12-28,162.0,164.3,161.35,161.95,166457
2016-12-29,162.45,165.3,162.0,164.15,95742
2016-12-30,164.0,169.95,164.0,168.55,634810
2017-01-02,170.1,173.0,169.4,172.15,322592
2017-01-03,172.85,174.9,171.25,174.3,388984
2017-01-04,174.9,178.0,173.75,175.85,201742
2017-01-05,177.4,180.55,175.65,179.55,278505
2017-01-06,180.9,180.9,175.15,176.5,185140
2017-01-09,179.75,180.0,177.2,177.95,109582
2017-01-10,179.2,179.95,177.0,178.4,107640
2017-01-11,178.45,179.9,178.0,178.4,112685
2017-01-12,179.8,180.7,178.0,179.05,113605
2017-01-13,179.75,180.5,177.0,178.15,98772
2017-01-16,178.7,178.7,176.0,177.55,74961
2017-01-17,180.3,185.35,179.1,182.8,613043
2017-01-18,182.5,187.0,181.8,184.05,277968
2017-01-19,184.7,185.0,182.0,182.65,117596
2017-01-20,182.5,183.5,177.0,179.25,296175
2017-01-23,179.25,181.95,178.7,180.7,213201
2017-01-24,181.0,181.4,178.75,180.75,196073
2017-01-25,180.75,185.6,180.0,184.25,432854
2017-01-27,184.05,196.7,184.0,195.25,908964
2017-01-30,196.2,201.0,196.05,199.8,752540
2017-01-31,201.0,203.25,192.2,196.05,1051177
2017-02-01,196.05,207.9,195.0,206.8,645572
2017-02-02,206.0,206.8,201.6,205.6,380234
2017-02-03,206.85,217.0,205.95,215.7,488390
2017-02-06,216.95,219.6,212.4,218.05,243067
2017-02-07,219.0,220.0,213.6,215.5,174856
2017-02-08,217.8,219.0,213.9,215.65,197410
2017-02-09,217.6,217.8,213.0,215.9,120463
2017-02-10,216.0,223.8,216.0,222.15,356973
2017-02-13,223.85,228.0,219.85,226.6,240538
2017-02-14,227.2,231.45,225.8,230.1,235678
2017-02-15,231.9,232.0,226.0,228.6,305816
2017-02-16,228.6,230.0,226.6,228.95,93076
2017-02-17,231.85,234.7,228.0,228.75,149721
2017-02-20,230.25,231.7,227.2,229.9,91869
2017-02-21,231.7,231.95,228.5,229.45,204490
2017-02-22,231.25,231.9,223.1,228.95,83010
2017-02-23,231.0,231.0,225.1,227.05,108789
2017-02-27,228.4,239.0,226.1,236.85,282619
2017-02-28,239.0,253.0,238.15,250.15,522536
2017-03-01,250.0,251.8,245.25,248.75,277324
2017-03-02,250.0,250.65,243.0,244.0,167440
2017-03-03,244.3,246.9,233.0,238.6,165021
2017-03-06,240.85,245.0,240.4,242.7,86590
2017-03-07,242.0,249.0,237.5,243.7,100830
2017-03-08,243.95,250.1,238.2,248.6,247915
2017-03-09,248.6,251.95,248.0,249.75,193481
2017-03-10,251.5,251.9,244.0,249.15,115511
2017-03-14,254.15,258.0,242.1,245.4,301280
2017-03-15,249.5,249.5,241.0,243.15,147976
2017-03-16,244.0,246.45,241.35,242.85,154756
2017-03-17,242.85,245.85,240.25,241.8,195088
2017-03-20,243.0,247.5,241.05,245.85,119171
2017-03-21,247.9,247.9,242.1,244.4,358893
2017-03-22,240.0,245.7,240.0,243.45,357952
2017-03-23,241.8,250.0,241.8,249.2,452976
2017-03-24,250.0,251.0,245.25,247.15,243653
2017-03-27,248.65,248.65,241.0,242.05,196404
2017-03-28,242.0,247.0,241.95,246.3,160598
2017-03-29,246.0,254.9,244.7,249.85,165712
2017-03-30,251.9,261.0,251.05,257.3,641054
2017-03-31,258.0,260.0,254.45,259.5,196879
2017-04-03,260.0,260.25,252.0,259.85,231168
2017-04-05,260.95,260.95,256.5,259.55,143907
2017-04-06,259.95,261.0,253.3,259.35,152410
2017-04-07,260.8,265.75,257.05,260.0,506218
2017-04-10,260.05,264.0,257.0,260.95,855424
2017-04-11,262.0,269.2,260.6,267.5,564616
2017-04-12,269.6,270.7,262.55,267.3,352889
2017-04-13,268.85,268.95,261.5,262.8,99883
2017-04-17,264.0,264.45,256.8,259.15,94302
2017-04-18,260.9,262.5,250.15,252.9,87069
2017-04-19,252.9,262.0,252.5,260.4,183578
2017-04-20,262.55,266.45,257.8,263.1,192010
2017-04-21,265.35,265.55,258.1,262.85,281145
2017-04-24,264.4,268.7,262.1,265.7,209881
2017-04-25,266.0,268.85,263.25,266.8,150063
2017-04-26,267.0,268.7,262.8,264.35,146390
2017-04-27,266.2,266.2,255.1,257.3,85202
2017-04-28,257.65,260.0,250.2,257.2,168667
2017-05-02,259.0,262.85,254.05,258.0,104813
2017-05-03,257.35,259.75,253.3,255.7,99692
2017-05-04,256.9,258.7,253.2,256.4,82055
2017-05-05,257.6,257.6,251.1,254.7,105032
2017-05-08,254.7,256.4,252.6,254.8,84186
2017-05-09,255.0,261.8,252.0,257.6,190067
2017-05-10,257.6,259.45,254.35,257.3,63213
2017-05-11,258.0,260.35,254.5,256.5,82121
2017-05-12,253.0,257.25,250.45,255.65,96340
2017-05-15,256.75,267.9,254.05,266.65,206437
2017-05-16,270.0,271.0,263.2,266.1,221371
2017-05-17,267.95,267.95,262.0,264.85,429282
2017-05-18,264.0,264.0,253.6,260.35,73215
2017-05-19,261.35,265.0,252.5,254.05,105993
2017-05-22,251.1,258.85,250.5,255.5,74288
2017-05-23,257.45,259.85,245.1,247.95,677476
2017-05-24,249.8,252.95,240.0,241.05,189657
2017-05-25,242.7,253.5,242.0,252.65,238187
2017-05-26,254.85,260.8,253.05,259.65,158287
2017-05-29,261.45,261.9,253.5,259.45,98371
2017-05-30,254.95,262.1,254.05,258.0,111289
2017-05-31,257.1,267.8,255.15,264.4,355145
2017-06-01,267.9,282.0,262.85,273.4,621533
2017-06-02,275.7,278.4,269.45,274.15,351995
2017-06-05,275.65,283.65,275.6,281.5,316887
2017-06-06,282.0,287.35,277.25,282.1,346635
2017-06-07,284.8,296.9,282.0,290.95,492289
2017-06-08,292.0,294.95,286.65,290.6,274571
2017-06-09,293.1,301.0,289.65,299.6,601320
2017-06-12,304.0,310.6,299.65,306.05,1270518
2017-06-13,308.8,309.25,298.05,299.4,332917
2017-06-14,301.85,309.8,298.05,308.35,239102
2017-06-15,309.9,311.2,299.05,303.2,208466
2017-06-16,306.9,314.0,304.1,307.1,329977
2017-06-19,309.85,310.6,298.3,302.9,226149
2017-06-20,302.9,303.0,290.85,292.65,110497
2017-06-21,292.5,299.95,291.85,298.9,117425
2017-06-22,298.9,307.4,298.25,301.1,231039
2017-06-23,299.1,307.75,291.0,301.05,466379
2017-06-27,303.0,304.35,284.6,290.9,164256
2017-06-28,289.5,302.5,289.5,300.85,150634
2017-06-29,301.0,307.45,300.0,302.05,274211
2017-06-30,301.0,302.95,291.5,294.25,203759
2017-07-03,298.9,306.0,291.7,292.9,297470
2017-07-04,294.85,300.5,290.1,291.5,327619
2017-07-05,294.3,294.3,284.6,286.7,331413
2017-07-06,287.95,291.3,287.15,289.9,199465
2017-07-07,289.95,291.0,285.0,288.8,167390
2017-07-10,274.4,290.5,274.4,289.5,28793
2017-07-11,290.9,291.55,280.0,281.0,151218
2017-07-12,281.85,284.4,278.1,281.4,214154
2017-07-13,283.8,285.35,282.0,284.0,419548
2017-07-14,284.05,284.95,281.05,283.15,226859
2017-07-17,284.25,294.8,281.75,293.5,297275
2017-07-18,293.95,294.0,287.15,292.15,196129
2017-07-19,292.15,294.6,284.85,288.6,111744
2017-07-20,292.0,292.9,285.0,286.2,84400
2017-07-21,286.3,290.25,285.0,286.8,81690
2017-07-24,288.95,288.95,283.15,285.25,92306
2017-07-25,287.95,290.0,284.0,286.95,133715
2017-07-26,288.0,300.85,287.1,299.05,429524
2017-07-27,301.9,305.9,294.0,299.1,451429
2017-07-28,300.5,302.9,295.7,299.65,129461
2017-07-31,302.8,303.8,291.0,295.2,237494
2017-08-01,299.8,303.0,279.0,280.45,915377
2017-08-02,278.05,285.4,274.25,283.85,359678
2017-08-03,284.6,287.5,273.6,274.6,258705
2017-08-04,275.95,276.95,260.0,260.75,456201
2017-08-07,262.85,271.45,262.85,266.3,591689
2017-08-08,289.8,289.8,256.35,259.5,1602902
2017-08-09,260.0,268.0,255.45,264.8,407933
2017-08-10,262.9,263.0,245.0,251.8,267801
2017-08-11,245.0,258.55,235.45,254.45,287853
2017-08-14,258.8,264.0,257.6,261.4,158844
2017-08-16,263.95,264.4,256.65,258.3,176343
2017-08-17,261.65,261.65,249.35,250.9,166171
2017-08-18,250.85,255.35,244.8,248.9,454988
2017-08-21,249.85,256.5,249.0,253.1,233949
2017-08-22,256.5,256.85,246.0,253.8,259971
2017-08-23,254.8,263.6,254.6,259.9,649712
2017-08-24,266.95,267.7,256.6,259.2,485079
2017-08-28,260.0,262.3,256.65,258.0,271853
2017-08-29,258.0,258.25,252.4,253.9,230973
2017-08-30,255.0,257.65,250.35,251.15,229898
2017-08-31,251.8,254.7,251.05,252.6,298269
2017-09-01,253.0,256.6,249.85,251.95,322892
2017-09-04,251.95,252.0,247.0,249.5,274744
2017-09-05,252.9,252.9,240.65,242.85,437539
2017-09-06,241.85,243.0,236.65,239.1,295442
2017-09-07,241.35,253.3,239.1,252.2,669714
2017-09-08,253.95,256.95,251.0,253.45,580249
2017-09-11,254.2,258.5,250.0,252.95,536147
2017-09-12,252.0,254.3,250.6,251.75,205564
2017-09-13,253.2,256.0,249.25,250.3,409595
2017-09-14,251.5,254.5,249.0,252.25,337711
2017-09-15,251.0,252.45,245.0,246.4,200665
2017-09-18,248.1,250.65,243.1,244.75,366923
2017-09-19,246.65,248.9,244.0,247.9,264697
2017-09-20,248.5,251.0,243.1,249.05,618385
2017-09-21,249.05,251.45,244.8,247.4,277151
2017-09-22,247.4,249.7,243.8,247.15,242763
2017-09-25,249.0,249.0,235.25,239.75,348326
2017-09-26,242.0,249.0,242.0,246.15,172569
2017-09-27,248.0,249.95,239.0,242.8,188380
2017-09-28,242.0,247.4,240.0,241.7,123935
2017-09-29,243.0,252.0,242.55,249.3,253416
2017-10-03,251.0,253.0,247.25,252.55,219054
2017-10-04,253.1,253.1,246.35,247.65,137584
2017-10-05,248.1,253.9,248.1,251.6,197198
2017-10-06,259.0,262.8,256.0,257.2,1149081
2017-10-09,255.1,257.6,249.75,251.8,282361
2017-10-10,252.95,252.95,245.0,246.2,224182
2017-10-11,247.2,273.35,242.8,264.0,2707675
2017-10-12,265.9,271.9,264.05,267.95,793682
2017-10-13,269.55,274.0,266.55,268.7,422370
2017-10-16,271.5,278.0,270.85,275.85,791356
2017-10-17,277.9,283.0,276.0,280.6,959309
2017-10-18,281.7,281.7,276.55,277.65,229907
2017-10-19,280.5,283.5,278.0,279.85,110720
2017-10-23,284.85,284.85,274.1,276.9,285055
2017-10-24,275.65,282.65,272.65,279.2,219860
2017-10-25,278.95,281.45,271.05,274.35,274758
2017-10-26,275.8,283.0,272.45,278.95,231734
2017-10-27,280.05,282.95,276.65,279.65,176099
2017-10-30,280.0,290.7,272.25,277.95,961776
2017-10-31,276.0,283.95,273.0,282.35,197801
2017-11-01,283.9,285.85,277.0,280.4,252054
2017-11-02,283.5,286.3,278.6,281.0,422132
2017-11-03,284.0,292.15,281.15,288.3,381387
2017-11-06,288.0,295.0,285.05,293.8,397426
2017-11-07,292.5,299.0,291.5,296.1,432555
2017-11-08,297.35,302.0,290.9,296.6,327029
2017-11-09,300.0,301.6,296.7,298.7,282096
2017-11-10,301.35,308.0,295.15,296.85,523738
2017-11-13,299.65,309.4,291.1,293.45,640235
2017-11-14,295.0,297.85,292.7,294.15,154350
2017-11-15,294.15,295.35,285.2,288.0,145784
2017-11-16,285.55,302.0,285.55,295.25,463817
2017-11-17,301.0,301.9,292.0,294.0,211408
2017-11-20,295.2,295.2,288.35,289.75,109475
2017-11-21,289.85,298.0,286.05,293.55,144607
2017-11-22,296.0,300.0,287.0,298.45,197041
2017-11-23,300.0,303.55,291.7,293.25,177774
2017-11-24,294.45,298.95,293.1,295.55,136371
2017-11-27,295.55,320.0,293.65,315.55,871544
2017-11-28,322.0,326.0,311.0,313.5,939079
2017-11-29,316.0,320.5,311.35,314.1,296308
2017-11-30,317.0,319.75,313.55,316.4,278893
2017-12-01,321.0,324.8,309.0,311.8,533462
2017-12-04,313.05,316.0,302.0,309.35,171592
2017-12-05,313.0,313.9,302.0,305.55,217486
2017-12-06,305.0,311.25,302.8,307.45,189025
2017-12-07,309.9,318.0,309.4,316.6,193121
2017-12-08,318.9,322.5,317.65,320.9,185850
2017-12-11,324.9,326.0,321.05,322.05,150516
2017-12-12,329.8,342.5,325.5,333.95,1147739
2017-12-13,334.0,339.65,324.5,326.6,342045
2017-12-14,328.85,334.75,320.05,322.2,189566
2017-12-15,326.1,344.0,326.1,336.75,695792
2017-12-18,338.0,348.2,317.1,334.65,733875
2017-12-19,337.15,341.3,333.25,335.15,246700
2017-12-20,335.05,339.35,333.05,335.65,180060
2017-12-21,337.8,340.0,334.0,336.65,140782
2017-12-22,338.0,342.65,333.7,336.85,299483
2017-12-26,339.55,340.9,333.1,337.85,310262
2017-12-27,339.9,344.0,336.0,339.2,177945
2017-12-28,339.2,343.25,335.55,337.65,123205
2017-12-29,340.1,341.7,337.75,339.25,171239
2018-01-01,341.0,354.0,337.45,347.55,396889
2018-01-02,349.5,349.75,336.05,338.85,280496
2018-01-03,342.2,346.85,337.5,342.65,436257
2018-01-04,348.65,350.0,344.5,349.2,261931
2018-01-05,349.95,351.35,342.45,344.3,184844
2018-01-08,347.9,349.95,344.0,348.55,272649
2018-01-09,351.3,354.9,347.0,348.25,220684
2018-01-10,350.0,356.0,348.4,352.55,434222
2018-01-11,355.9,363.0,353.0,354.6,351581
2018-01-12,357.8,359.9,352.0,355.05,317419
2018-01-15,357.7,362.95,355.05,358.35,183043
2018-01-16,360.0,360.0,346.5,348.55,187073
2018-01-17,345.05,356.0,338.4,352.15,196527
2018-01-18,359.9,359.9,337.1,341.25,201175
2018-01-19,344.1,350.0,332.55,346.6,161975
2018-01-22,350.9,350.9,335.55,339.2,201960
2018-01-23,340.5,342.85,331.0,332.6,182117
2018-01-24,333.6,338.9,331.9,337.5,101535
2018-01-25,340.0,340.95,335.6,339.0,92607
2018-01-29,340.0,340.0,320.0,321.15,309282
2018-01-30,315.5,334.6,312.05,324.45,268654
2018-01-31,327.7,329.0,313.4,321.15,191530
2018-02-01,325.0,329.5,314.0,322.9,182330
2018-02-02,321.9,325.95,305.0,309.65,242880
2018-02-05,291.0,307.0,291.0,303.1,375688
2018-02-06,292.0,301.75,284.6,296.65,306417
2018-02-07,307.5,339.7,305.1,335.75,1669411
2018-02-08,337.75,338.9,326.05,326.6,284140
2018-02-09,323.0,329.0,318.0,324.2,235328
2018-02-12,326.7,331.5,324.9,328.25,141285
2018-02-14,333.0,334.0,325.75,328.95,243885
2018-02-15,328.5,332.5,323.1,326.1,142024
2018-02-16,326.95,329.0,316.55,319.75,155992
2018-02-19,324.9,325.25,315.0,318.2,195705
2018-02-20,319.0,320.0,312.25,313.55,88451
2018-02-21,317.45,317.45,308.85,314.0,82280
2018-02-22,313.5,317.9,310.1,313.8,73704
2018-02-23,315.0,322.75,312.25,315.15,286879
2018-02-26,316.1,328.0,310.5,325.75,730614
2018-02-27,329.45,338.4,326.6,332.1,484118
2018-02-28,327.1,334.45,323.8,329.4,244373
2018-03-01,329.0,336.0,326.1,331.85,90987
2018-03-05,331.85,333.8,320.0,329.3,93399
2018-03-06,332.45,334.0,318.5,326.85,192189
2018-03-07,325.0,325.0,316.0,322.3,154430
2018-03-08,319.5,327.9,313.55,323.45,94493
2018-03-09,325.5,330.0,321.15,325.9,117509
2018-03-12,328.85,330.25,318.95,322.7,130748
2018-03-13,321.2,328.0,321.0,326.45,166412
2018-03-14,324.05,328.15,321.5,323.95,199948
2018-03-15,327.1,336.0,327.1,332.1,304274
2018-03-16,332.25,337.15,324.05,326.6,209419
2018-03-19,327.85,330.5,321.4,325.25,198605
2018-03-20,322.25,325.7,318.1,319.45,84025
2018-03-21,321.0,326.4,317.0,321.4,207691
2018-03-22,321.4,327.2,321.0,322.05,192208
2018-03-23,312.55,317.05,304.1,306.0,228315
2018-03-26,306.15,329.0,306.15,323.3,312634
2018-03-27,326.8,331.0,317.05,329.25,168181
2018-03-28,328.95,331.8,320.15,326.6,174314
2018-04-02,327.0,333.7,322.65,331.25,123313
2018-04-03,331.0,331.0,325.0,326.45,80139
2018-04-04,329.55,336.95,326.05,333.8,169729
2018-04-05,338.0,351.0,338.0,349.25,633428
2018-04-06,352.5,356.6,349.4,354.45,276881
2018-04-09,355.65,363.5,350.55,357.35,190413
2018-04-10,358.0,358.8,348.0,349.7,82300
2018-04-11,352.0,352.8,343.0,351.1,200275
2018-04-12,352.0,357.65,342.8,345.15,136376
2018-04-13,347.8,351.0,345.0,346.7,168629
2018-04-16,346.0,346.75,337.05,338.35,126011
2018-04-17,345.0,347.0,338.75,340.95,99445
2018-04-18,344.0,345.0,340.15,343.85,77129
2018-04-19,343.95,356.0,341.75,348.25,208863
2018-04-20,355.0,355.0,345.0,349.8,96850
2018-04-23,349.8,357.0,345.5,353.45,184614
2018-04-24,355.5,355.5,345.5,347.25,111500
2018-04-25,347.25,351.4,335.65,337.9,324537
2018-04-26,339.85,340.0,334.5,336.15,89752
2018-04-27,336.55,336.85,322.55,324.75,277842
2018-04-30,328.85,328.85,321.15,325.95,102247
2018-05-02,326.0,330.95,321.95,323.95,114968
2018-05-03,323.9,329.95,305.15,307.7,339969
2018-05-04,307.05,310.5,300.7,307.05,175735
2018-05-07,308.05,314.0,306.0,308.7,96014
2018-05-08,310.0,311.9,306.3,308.15,111836
2018-05-09,292.4,307.95,292.4,304.55,195580
2018-05-10,304.0,312.95,304.0,307.15,179095
2018-05-11,305.0,316.0,303.0,306.15,286164
2018-05-14,306.0,312.2,303.2,306.15,97557
2018-05-15,308.15,309.3,303.0,305.85,116383
2018-05-16,305.7,308.5,275.05,279.9,768134
2018-05-17,278.5,278.5,266.1,269.0,577998
2018-05-18,269.0,271.05,255.0,259.4,572955
2018-05-21,265.0,270.75,258.2,265.3,850903
2018-05-22,265.15,280.0,265.15,270.9,799303
2018-05-23,273.35,278.95,266.3,270.55,268881
2018-05-24,269.9,273.65,261.15,270.8,266898
2018-05-25,272.4,273.5,266.5,269.5,183189
2018-05-28,268.05,281.4,268.05,277.95,137036
2018-05-29,276.2,283.45,270.5,279.75,222156
2018-05-30,278.25,280.7,275.05,278.4,149785
2018-05-31,279.9,284.4,277.0,279.35,144526
2018-06-01,279.65,280.95,267.0,273.7,116036
2018-06-04,273.7,275.3,257.45,258.95,215632
2018-06-05,260.4,260.4,245.15,248.05,320424
2018-06-06,250.0,256.9,240.25,250.75,212863
2018-06-07,251.1,256.0,251.1,253.25,266762
2018-06-08,253.0,259.5,247.7,253.65,219403
2018-06-11,253.1,263.0,253.1,260.15,167094
2018-06-12,270.0,270.0,262.0,263.75,329669
2018-06-13,263.7,266.15,260.0,261.95,154771
2018-06-14,260.7,266.35,256.15,264.95,249774
2018-06-15,264.95,271.4,258.8,260.5,501988
2018-06-18,258.0,265.95,257.3,264.15,147697
2018-06-19,263.25,264.25,258.35,260.1,94919
2018-06-20,261.4,263.95,258.2,261.4,127877
2018-06-21,260.2,274.45,258.65,272.35,479738
2018-06-22,271.9,272.0,264.9,266.5,173969
2018-06-25,264.95,267.8,261.0,263.1,115426
2018-06-26,260.05,263.2,255.05,260.05,115930
2018-06-27,261.0,264.3,257.5,260.4,103754
2018-06-28,261.35,261.35,251.0,252.3,164022
2018-06-29,255.0,260.0,250.25,251.5,159633
2018-07-02,252.0,255.0,251.4,252.5,78577
2018-07-03,253.9,253.9,247.9,249.45,97134
2018-07-04,249.45,250.95,245.35,247.15,92803
2018-07-05,248.9,249.55,243.6,244.25,44829
2018-07-06,244.25,246.7,240.55,242.2,76831
2018-07-09,244.0,248.9,241.7,245.65,106345
2018-07-10,247.0,252.3,244.2,245.5,143117
2018-07-11,245.0,246.65,238.0,238.8,116193
2018-07-12,240.55,240.75,233.75,235.1,187990
2018-07-13,234.6,238.0,228.95,229.95,92654
2018-07-16,229.2,247.0,229.2,233.35,662930
2018-07-17,234.0,238.05,230.05,234.35,91426
2018-07-18,234.4,237.35,227.0,228.35,61382
2018-07-19,229.4,232.8,224.0,231.45,246586
2018-07-20,233.4,238.2,228.15,236.3,86908
2018-07-23,239.0,244.0,235.1,237.85,201877
2018-07-24,239.5,263.65,234.5,250.2,1968162
2018-07-25,251.9,261.8,247.0,250.35,632780
2018-07-26,252.0,252.75,247.0,248.4,123068
2018-07-27,249.65,252.75,248.0,249.6,243335
2018-07-30,251.0,253.5,248.8,249.9,143871
2018-07-31,250.75,252.0,244.55,250.4,254304
2018-08-01,251.8,251.95,242.95,244.45,115010
2018-08-02,244.0,245.95,236.0,236.55,194301
2018-08-03,238.3,240.95,237.1,239.45,142330
2018-08-06,240.0,249.2,239.0,242.95,200202
2018-08-07,244.7,247.05,240.0,242.25,134883
2018-08-08,242.9,248.95,241.55,246.2,342097
2018-08-09,245.0,248.9,241.65,242.35,140527
2018-08-10,243.8,244.15,235.0,236.55,136179
2018-08-13,235.95,235.95,231.5,232.4,77911
2018-08-14,232.4,234.95,225.8,227.35,149989
2018-08-16,226.95,232.8,225.0,226.4,137657
2018-08-17,227.1,231.0,224.0,226.05,139504
2018-08-20,226.95,229.95,226.3,227.6,149993
2018-08-21,228.95,229.6,225.0,226.15,247492
2018-08-23,230.0,238.0,226.55,227.55,341646
2018-08-24,227.95,231.75,226.1,230.5,176727
2018-08-27,231.25,231.95,226.5,228.95,162934
2018-08-28,230.0,230.95,224.1,224.7,196353
2018-08-29,225.8,226.85,224.15,224.95,122430
2018-08-30,225.5,227.6,220.1,221.3,187529
2018-08-31,222.15,225.85,221.0,223.35,173439
2018-09-03,224.7,227.0,221.15,222.35,164261
2018-09-04,222.35,224.9,216.2,219.1,132598
2018-09-05,219.0,220.6,207.95,211.0,238018
2018-09-06,211.9,214.9,208.55,210.55,223283
2018-09-07,210.55,210.85,206.0,207.0,355133
2018-09-10,207.9,208.25,192.9,195.55,781522
2018-09-11,195.5,201.95,195.0,198.9,790830
2018-09-12,199.0,204.95,199.0,204.15,310987
2018-09-14,206.1,211.5,205.6,208.55,209361
2018-09-17,207.0,216.05,204.95,212.1,287916
2018-09-18,213.0,213.0,204.05,205.35,417969
2018-09-19,205.45,206.9,197.2,199.5,172690
2018-09-21,201.95,205.0,192.0,197.7,262244
2018-09-24,198.95,199.0,190.0,190.7,136018
2018-09-25,190.0,191.95,185.2,187.15,147053
2018-09-26,187.5,193.4,186.0,186.9,171925
2018-09-27,187.05,192.1,186.5,190.15,1048815
2018-09-28,190.0,192.6,173.0,180.55,247347
2018-10-01,175.15,178.5,171.2,176.2,163603
2018-10-03,175.55,183.0,175.05,178.1,114800
2018-10-04,176.0,177.25,171.0,172.75,194847
2018-10-05,172.35,172.7,150.0,161.7,428445
2018-10-08,158.8,167.7,154.2,159.65,319610
2018-10-09,157.0,162.15,155.35,159.35,332546
2018-10-10,159.25,174.55,158.65,169.3,225246
2018-10-11,160.0,174.0,158.0,169.35,159325
2018-10-12,170.05,178.5,170.05,176.4,217337
2018-10-15,182.0,185.05,175.0,177.9,110613
2018-10-16,179.0,211.7,178.45,206.05,1809002
2018-10-17,212.0,214.1,185.0,187.1,1258306
2018-10-19,186.7,190.85,181.6,189.05,225112
2018-10-22,190.1,190.45,167.0,172.25,472604
2018-10-23,168.0,171.7,166.0,166.7,282333
2018-10-24,168.0,171.8,165.1,169.95,205653
2018-10-25,167.5,171.2,164.6,169.9,169457
2018-10-26,168.8,174.7,166.1,169.2,158893
2018-10-29,167.55,173.0,167.55,171.55,147516
2018-10-30,169.65,175.95,169.0,173.85,160755
2018-10-31,172.0,176.4,171.25,175.05,133150
2018-11-01,175.2,182.15,175.2,178.6,176616
2018-11-02,180.4,184.9,178.0,179.25,289827
2018-11-05,179.95,182.65,170.1,174.7,602246
2018-11-06,175.0,176.05,170.0,171.45,151571
2018-11-07,173.0,175.0,172.0,174.3,30074
2018-11-09,173.55,183.65,173.0,177.0,673431
2018-11-12,178.9,178.95,171.1,172.3,150205
2018-11-13,171.8,172.75,170.0,171.7,131481
2018-11-14,172.25,173.75,166.55,166.95,229562
2018-11-15,166.95,168.8,165.0,167.1,103709
2018-11-16,165.55,169.2,165.55,166.6,111753
2018-11-19,166.15,166.9,163.1,165.75,107060
2018-11-20,164.1,166.95,162.15,163.85,96763
2018-11-21,163.6,165.35,162.6,164.1,73967
2018-11-22,165.0,170.75,164.1,168.35,534226
2018-11-26,166.65,169.9,166.0,169.2,245595
2018-11-27,169.6,171.8,168.85,170.0,315883
2018-11-28,169.0,173.8,168.55,173.35,186818
2018-11-29,172.5,178.0,172.5,177.45,172842
2018-11-30,180.0,180.0,172.5,174.35,130013
2018-12-03,174.15,177.8,169.4,176.6,145458
2018-12-04,175.0,179.55,174.15,178.05,158835
2018-12-05,177.0,184.45,176.05,177.6,363303
2018-12-06,176.35,182.0,172.5,179.75,235317
2018-12-07,180.0,189.3,180.0,183.0,1073712
2018-12-10,175.0,181.5,174.0,180.45,242792
2018-12-11,175.1,185.45,175.1,184.15,188745
2018-12-12,184.15,189.3,184.15,188.3,475812
2018-12-13,189.7,190.55,182.4,184.2,103136
2018-12-14,187.0,188.75,184.05,185.55,134536
2018-12-17,185.55,187.4,182.25,183.4,52445
2018-12-18,181.45,183.9,174.75,177.6,287362
2018-12-19,181.0,186.0,181.0,184.8,389888
2018-12-20,184.0,186.5,181.7,183.25,219926
2018-12-21,181.8,184.45,177.45,178.6,131664
2018-12-24,176.0,178.35,173.75,174.3,181509
2018-12-26,173.1,173.95,170.0,171.7,165729
2018-12-27,172.6,175.2,170.65,173.75,402359
2018-12-28,174.3,178.4,173.4,177.0,275271
2019-01-01,175.75,178.75,175.45,176.45,138994
2019-01-02,175.6,178.0,174.0,174.9,345481
2019-01-03,175.0,176.3,171.0,171.65,80818
2019-01-04,172.0,174.95,169.0,171.3,221693
2019-01-07,172.9,173.75,172.0,172.75,91297
2019-01-08,171.2,176.75,170.5,173.55,1265249
2019-01-09,174.6,176.7,173.35,175.1,1087901
2019-01-10,176.25,185.65,174.0,184.55,503189
2019-01-11,184.9,186.55,180.45,185.0,377173
2019-01-14,184.0,188.9,181.55,182.95,177716
2019-01-15,183.1,183.1,178.55,180.15,105751
2019-01-16,181.0,184.4,179.6,182.9,216982
2019-01-17,182.8,185.5,181.5,184.8,146986
2019-01-18,183.15,184.75,178.05,179.15,65676
2019-01-21,179.15,179.9,172.6,173.65,73251
2019-01-22,174.0,174.5,170.0,170.75,67358
2019-01-23,170.75,173.0,169.35,170.7,91892
2019-01-24,170.0,171.85,167.05,167.95,81070
2019-01-25,167.95,170.45,165.0,166.15,109964
2019-01-28,165.15,167.55,159.0,164.25,72339
2019-01-29,163.95,167.95,161.1,165.5,83612
2019-01-30,165.55,166.9,162.15,164.3,47704
2019-01-31,163.5,164.8,162.0,162.45,71589
2019-02-01,163.45,169.5,163.4,167.45,93493
2019-02-04,165.1,165.75,161.0,162.15,63414
2019-02-05,162.95,170.75,156.85,162.15,375441
2019-02-06,162.55,169.0,162.1,162.75,86194
2019-02-07,162.75,170.95,161.75,169.6,144819
2019-02-08,171.0,174.9,169.05,170.65,159313
2019-02-11,169.1,171.95,165.05,166.5,76178
2019-02-12,166.0,168.35,164.05,164.65,73748
2019-02-13,166.6,166.6,161.1,162.2,44504
2019-02-14,161.1,166.45,161.1,162.5,75436
2019-02-15,163.45,163.95,160.85,162.15,55563
2019-02-18,163.0,164.75,160.0,160.7,47050
2019-02-19,162.1,164.3,160.0,160.65,65333
2019-02-20,160.65,161.95,160.05,160.55,31322
2019-02-21,161.95,163.0,158.15,159.85,70181
2019-02-22,161.05,164.7,161.05,162.2,79293
2019-02-25,163.0,167.35,161.55,165.8,111887
2019-02-26,165.15,165.2,161.1,161.6,125604
2019-02-27,162.2,169.0,162.1,163.45,133163
2019-02-28,165.0,168.5,164.1,167.35,82837
2019-03-01,167.0,183.0,167.0,181.55,916459
2019-03-05,181.0,186.9,180.5,185.65,276007
2019-03-06,187.0,190.0,185.25,187.35,155895
2019-03-07,188.95,188.95,184.1,187.5,106625
2019-03-08,187.5,188.85,184.55,187.7,119738
2019-03-11,188.95,194.0,188.65,193.3,187737
2019-03-12,196.0,199.1,193.1,196.0,215716
2019-03-13,197.7,197.75,192.85,194.8,148571
2019-03-14,195.0,195.85,189.8,191.85,82331
2019-03-15,192.0,197.5,192.0,193.25,179366
2019-03-18,194.2,201.95,185.95,199.45,181690
2019-03-19,199.0,206.0,196.65,203.9,315231
2019-03-20,204.1,204.1,198.7,200.65,132784
2019-03-22,202.45,206.2,198.65,200.65,278384
2019-03-25,198.0,199.7,194.05,195.8,110363
2019-03-26,196.0,200.35,196.0,198.65,126713
2019-03-27,197.0,202.0,196.8,200.4,155352
2019-03-28,200.4,203.7,198.35,201.55,138967
2019-03-29,202.0,212.0,198.4,208.3,248331
2019-04-01,212.0,220.0,209.3,216.8,230675
2019-04-02,217.9,221.0,216.0,217.8,167231
2019-04-03,218.9,219.0,206.4,209.75,81164
2019-04-04,210.4,210.4,202.1,205.65,101432
2019-04-05,205.0,215.2,204.8,213.45,154935
2019-04-08,212.0,222.4,201.5,204.05,865021
2019-04-09,207.0,207.0,201.5,203.1,252455
2019-04-10,198.0,198.9,193.5,194.5,517037
2019-04-11,193.5,194.75,187.65,188.25,283385
2019-04-12,188.25,190.3,185.55,187.55,303348
2019-04-15,187.1,190.95,187.1,188.9,149836
2019-04-16,190.0,191.9,188.0,189.0,93570
2019-04-18,188.5,190.95,184.25,185.7,74554
2019-04-22,188.0,188.0,180.9,182.6,112710
2019-04-23,183.0,184.95,179.75,180.45,127420
2019-04-24,182.25,183.0,178.05,182.05,71985
2019-04-25,182.0,183.2,180.65,181.4,73769
2019-04-26,182.0,182.0,178.05,179.15,41457
2019-04-30,179.0,179.15,172.9,173.35,169323
2019-05-02,173.9,176.5,164.35,164.9,213760
2019-05-03,162.55,173.2,162.55,168.75,327125
2019-05-06,167.0,171.0,165.0,168.95,182916
2019-05-07,169.2,171.6,160.4,163.15,197259
2019-05-08,161.7,164.0,160.9,161.3,100234
2019-05-09,161.0,161.6,158.0,160.5,86821
2019-05-10,163.0,164.9,160.0,160.5,249043
2019-05-13,162.6,163.9,160.1,162.85,86953
2019-05-14,162.85,168.0,159.0,163.85,66616
2019-05-15,165.0,167.8,162.95,163.9,74893
2019-05-16,163.25,168.75,162.05,164.65,106079
2019-05-17,163.1,165.0,162.5,163.05,63255
2019-05-20,171.0,172.1,167.0,170.7,245024
2019-05-21,171.0,171.95,167.0,168.8,93344
2019-05-22,169.0,170.55,164.25,165.9,64908
2019-05-23,169.9,172.5,160.1,161.05,328925
2019-05-24,162.7,170.1,161.55,169.7,182022
2019-05-27,170.0,171.0,165.0,166.15,300832
2019-05-28,166.3,176.0,164.0,173.25,511668
2019-05-29,174.4,175.0,169.55,170.3,163932
2019-05-30,168.4,174.85,168.0,171.6,128067
2019-05-31,173.7,174.5,169.55,170.85,129728
2019-06-03,172.0,174.75,172.0,173.75,96755
2019-06-04,175.0,175.0,171.15,172.3,75342
2019-06-06,172.3,173.2,167.3,168.55,75818
2019-06-07,167.1,168.9,164.7,167.25,90377
2019-06-10,167.75,169.5,163.6,164.6,63510
2019-06-11,165.0,165.0,161.15,163.1,107288
2019-06-12,163.1,163.9,162.15,163.05,83003
2019-06-13,164.0,167.9,161.0,166.05,83388
2019-06-14,166.5,167.3,162.8,163.7,34050
2019-06-17,163.7,165.75,161.1,163.05,82924
2019-06-18,161.8,163.8,160.05,160.55,118151
2019-06-19,160.0,162.65,155.0,159.95,121339
2019-06-20,158.0,166.0,155.95,159.85,123738
2019-06-21,159.0,159.25,155.6,156.85,205768
2019-06-24,156.85,160.0,156.1,157.3,47301
2019-06-25,155.1,157.75,155.1,156.5,48586
2019-06-26,156.5,161.1,155.55,160.15,945983
2019-06-27,161.0,167.5,160.15,166.05,116004
2019-06-28,165.0,168.5,164.35,167.4,96673
2019-07-01,169.2,169.2,164.55,167.2,53143
2019-07-02,167.0,169.0,164.95,167.8,59319
2019-07-03,166.35,174.65,160.5,173.1,139060
2019-07-04,173.0,173.9,169.05,172.0,138054
2019-07-05,174.0,174.0,165.05,166.6,128172
2019-07-08,165.9,168.95,162.05,162.3,85710
2019-07-09,162.0,163.4,158.7,159.85,87909
2019-07-10,160.0,160.45,150.3,151.85,183294
2019-07-11,152.1,154.0,147.5,148.85,742959
2019-07-12,148.0,148.8,145.05,147.0,213982
2019-07-15,146.0,147.95,145.0,145.3,197480
2019-07-16,145.0,145.3,142.05,142.5,82222
2019-07-17,143.25,147.15,142.65,144.1,189794
2019-07-18,144.1,144.1,136.5,137.2,242586
2019-07-19,139.3,139.3,130.3,130.95,277370
2019-07-22,131.0,136.0,122.55,133.85,335131
2019-07-23,135.0,140.9,134.0,136.95,136248
2019-07-24,137.25,140.0,128.15,130.25,115945
2019-07-25,130.5,131.3,126.05,128.25,75512
2019-07-26,127.0,129.65,125.0,128.1,76335
2019-07-29,128.5,130.5,127.05,128.7,44807
2019-07-30,127.6,128.75,122.5,123.65,69024
2019-07-31,123.0,128.0,122.0,126.25,63854
2019-08-01,126.0,126.0,120.0,120.65,94260
2019-08-02,119.0,122.0,115.0,117.9,160731
2019-08-05,119.9,119.9,112.1,114.5,66350
2019-08-06,114.0,117.0,112.0,115.0,270232
2019-08-07,117.0,118.4,114.25,115.9,190737
2019-08-08,115.2,117.5,114.1,115.55,68050
2019-08-09,115.6,129.8,115.6,126.65,479282
2019-08-13,129.95,135.0,127.0,134.75,424281
2019-08-14,134.6,135.0,131.1,131.9,299071
2019-08-16,132.0,135.8,131.95,134.75,331022
2019-08-19,139.3,139.3,133.75,134.6,162096
2019-08-20,135.7,136.35,133.0,133.85,128135
2019-08-21,133.2,134.8,130.4,131.6,103627
2019-08-22,131.9,131.9,125.0,126.45,214765
2019-08-23,127.0,133.0,124.05,131.6,113051
2019-08-26,135.0,137.95,131.9,134.95,101247
2019-08-27,136.0,136.7,133.55,134.6,68152
2019-08-28,135.95,136.3,132.75,133.6,84751
2019-08-29,133.6,135.65,131.4,132.85,74691
2019-08-30,132.95,136.75,132.0,135.6,56952
2019-09-03,135.6,136.85,131.0,134.65,59577
2019-09-04,133.4,135.5,132.5,135.05,31293
2019-09-05,136.0,137.5,132.1,133.35,53679
2019-09-06,133.55,135.0,133.55,134.05,80586
2019-09-09,134.3,142.5,133.55,139.8,311391
2019-09-11,141.0,146.95,140.55,145.85,255692
2019-09-12,146.95,149.5,145.25,147.1,175573
2019-09-13,148.1,152.6,148.0,150.55,364941
2019-09-16,148.75,150.55,148.0,149.4,324411
2019-09-17,149.0,149.55,142.2,143.2,125770
2019-09-18,145.0,146.85,138.1,139.0,166495
2019-09-19,138.5,138.5,134.5,135.3,145527
2019-09-20,136.0,144.15,132.1,137.3,700093
2019-09-23,140.5,149.5,140.5,147.2,409649
2019-09-24,147.2,153.35,145.2,149.9,229685
2019-09-25,149.95,155.45,149.9,154.8,1604427
2019-09-26,155.2,159.45,151.2,157.35,992935
2019-09-27,157.75,163.85,156.15,161.95,447636
2019-09-30,162.9,162.9,156.5,159.2,162328
2019-10-01,159.3,162.85,150.45,156.95,138251
2019-10-03,154.0,163.0,154.0,161.25,113459
2019-10-04,162.0,165.35,160.6,164.3,142899
2019-10-07,166.0,166.9,155.15,156.5,90631
2019-10-09,157.0,167.75,156.9,166.55,418880
2019-10-10,165.4,165.4,160.65,161.6,92790
2019-10-11,162.5,163.45,155.55,160.3,524297
2019-10-14,158.95,164.5,157.05,160.05,80612
2019-10-15,161.2,162.2,155.5,157.5,165634
2019-10-16,158.65,158.7,152.1,154.5,139557
2019-10-17,155.4,157.95,153.8,156.9,77472
2019-10-18,157.8,164.3,156.85,162.65,132892
2019-10-22,163.4,171.0,161.5,167.3,214532
2019-10-23,168.0,171.0,163.25,165.9,112009
2019-10-24,165.95,166.0,161.15,162.4,59700
2019-10-25,162.95,163.85,157.95,160.0,71506
2019-10-27,161.55,163.0,160.2,162.35,19655
2019-10-29,163.6,170.5,161.2,163.75,137945
2019-10-30,164.7,167.7,162.0,163.05,81992
2019-10-31,163.9,166.5,162.2,163.2,82627
2019-11-01,164.6,169.5,163.15,168.7,166217
2019-11-04,169.8,174.7,165.9,172.45,190064
2019-11-05,175.0,178.5,163.25,165.65,560333
2019-11-06,165.65,170.95,164.0,164.8,419163
2019-11-07,167.0,168.8,165.0,168.05,196410
2019-11-08,167.85,174.75,158.0,164.7,509777
2019-11-11,165.5,170.0,164.0,167.05,187583
2019-11-13,167.05,168.75,164.0,166.05,1109525
2019-11-14,167.4,181.5,165.0,177.95,1279612
2019-11-15,178.0,181.75,174.0,175.0,561499
2019-11-18,174.0,178.0,170.1,171.3,216504
2019-11-19,170.8,176.5,170.8,172.25,161351
2019-11-20,172.0,173.15,170.0,171.9,113365
2019-11-21,170.65,172.85,168.75,169.8,135836
2019-11-22,169.7,170.3,165.0,168.55,103382
2019-11-25,166.1,172.1,166.1,168.7,310124
2019-11-26,169.9,178.0,168.7,175.25,247968
2019-11-27,176.0,177.25,167.15,174.25,497469
2019-11-28,174.0,176.8,171.1,172.2,91504
2019-11-29,172.2,175.7,171.45,173.15,124003
2019-12-02,173.15,178.45,170.0,177.65,179198
2019-12-03,176.1,177.8,172.0,173.4,130793
2019-12-04,173.5,174.8,170.15,171.9,91084
2019-12-05,172.0,174.0,169.5,170.9,141961
2019-12-06,170.0,171.75,165.05,166.15,153518
2019-12-09,167.6,168.1,163.0,164.0,581944
2019-12-10,164.1,165.25,159.1,160.05,100305
2019-12-11,160.5,162.35,159.65,160.7,44221
2019-12-12,160.6,162.65,160.0,161.7,65720
2019-12-13,161.85,166.0,161.85,165.25,152047
2019-12-16,165.25,166.5,162.0,162.85,62597
2019-12-17,163.0,164.35,160.4,162.5,111836
2019-12-18,162.2,162.5,158.25,161.95,64876
2019-12-19,161.6,165.65,160.85,163.8,95779
2019-12-20,162.55,163.45,161.0,161.85,124873
2019-12-23,161.0,162.4,158.1,159.95,60890
2019-12-24,160.1,161.05,157.0,160.0,74123
2019-12-26,160.1,163.15,159.1,160.5,84535
2019-12-27,160.0,163.4,159.5,162.85,73893
2019-12-30,163.0,163.1,161.1,161.9,398310
