date,open,high,low,close,volume
2009-03-05,21.47,21.6,21.1,21.15,107250
2009-03-06,20.95,21.59,20.95,21.41,127530
2009-03-09,22.0,22.0,21.5,21.6,148550
2009-03-12,22.21,23.5,21.56,21.61,361100
2009-03-13,21.81,22.34,21.55,21.62,215870
2009-03-16,21.9,22.0,21.51,21.55,219390
2009-03-17,21.8,21.8,20.91,21.11,261980
2009-03-18,21.2,21.23,20.73,20.83,312330
2009-03-19,21.0,21.1,20.7,20.87,300630
2009-03-20,21.0,21.0,20.65,20.93,257090
2009-03-23,21.8,21.9,20.93,21.61,240080
2009-03-24,21.51,21.88,21.3,21.63,147730
2009-03-25,21.0,21.4,20.6,21.13,139380
2009-03-26,20.99,25.2,20.91,23.06,1095520
2009-03-27,22.8,23.0,22.11,22.41,148280
2009-03-30,22.19,22.59,21.11,21.34,55070
2009-03-31,21.45,22.19,21.34,21.75,64020
2009-04-01,21.9,21.95,21.5,21.86,51080
2009-04-02,21.62,22.8,21.6,21.91,217880
2009-04-06,21.41,21.8,20.8,20.99,274550
2009-04-08,20.7,20.7,18.41,19.75,1076340
2009-04-09,19.11,21.2,18.73,20.6,1273200
2009-04-13,20.0,20.0,18.54,19.08,2585550
2009-04-15,18.78,20.1,18.56,19.91,1461780
2009-04-16,19.6,21.49,18.7,18.97,3172120
2009-04-17,19.5,21.0,18.87,19.59,3916800
2009-04-20,19.8,20.48,19.7,19.88,773870
2009-04-21,19.4,20.24,19.4,19.99,512300
2009-04-22,20.49,20.5,19.7,19.84,185670
2009-04-23,19.9,20.3,19.04,19.99,323210
2009-04-24,20.29,20.3,19.8,19.91,218360
2009-04-27,20.09,20.3,19.84,20.22,289620
2009-04-28,20.5,20.5,19.8,20.13,252660
2009-04-29,20.34,20.8,19.9,20.47,424960
2009-05-04,20.2,20.65,19.65,19.76,397580
2009-05-05,19.66,20.19,19.53,19.64,310560
2009-05-06,19.8,20.4,19.8,20.03,396110
2009-05-07,20.1,20.7,20.01,20.6,384820
2009-05-08,20.88,21.5,20.22,21.4,559860
2009-05-11,21.4,23.09,21.18,22.91,933550
2009-05-12,22.9,22.9,22.0,22.52,233970
2009-05-13,22.15,23.09,22.15,22.84,130480
2009-05-14,22.01,22.8,22.01,22.64,93440
2009-05-15,22.47,22.8,22.0,22.19,118910
2009-05-18,25.01,25.01,25.01,25.01,250
2009-05-19,26.7,27.43,22.1,25.01,540250
2009-05-20,24.01,26.7,24.01,26.12,361280
2009-05-21,26.0,27.49,25.2,26.66,244040
2009-05-22,26.13,29.45,26.13,28.98,316560
2009-05-25,28.7,31.35,28.69,29.84,541430
2009-05-26,29.54,30.8,27.82,28.34,176630
2009-05-27,28.05,29.77,28.05,28.82,1125710
2009-05-28,29.4,29.4,27.5,28.65,95300
2009-05-29,28.7,29.4,28.0,28.43,95160
2009-06-01,29.0,29.2,29.0,29.09,126000
2009-06-02,28.8,29.5,28.11,28.39,92390
2009-06-03,28.5,30.99,27.32,29.65,963390
2009-06-04,28.01,30.25,28.01,29.89,188810
2009-06-05,30.5,30.7,29.05,29.54,183260
2009-06-08,29.0,29.8,28.4,28.5,66250
2009-06-09,26.86,29.38,26.86,29.02,99200
2009-06-10,29.5,30.33,29.5,30.05,191560
2009-06-11,30.5,30.5,29.0,29.17,95340
2009-06-12,27.5,32.2,27.5,30.53,1219900
2009-06-15,30.6,31.98,30.0,30.82,236690
2009-06-16,30.2,31.25,30.2,31.06,66340
2009-06-17,31.3,31.7,30.8,31.32,179870
2009-06-18,30.8,31.67,30.43,31.5,165570
2009-06-19,31.6,31.8,30.2,30.48,74860
2009-06-22,30.59,30.9,30.2,30.78,89990
2009-06-23,30.0,30.97,30.0,30.83,41760
2009-06-24,30.3,31.19,30.3,30.99,226360
2009-06-25,30.92,32.2,30.92,31.51,246860
2009-06-26,32.2,37.5,30.1,31.51,49210
2009-06-29,33.0,33.0,31.2,31.79,68570
2009-06-30,31.5,33.38,30.9,31.16,188220
2009-07-01,31.35,34.49,31.33,33.79,539280
2009-07-02,33.5,34.2,31.83,32.05,131040
2009-07-03,31.85,32.5,31.43,32.17,93770
2009-07-06,33.5,33.6,29.9,30.22,65880
2009-07-07,31.0,32.1,30.5,31.61,68710
2009-07-08,31.79,31.9,31.0,31.29,67320
2009-07-09,31.29,31.7,31.1,31.4,57850
2009-07-10,32.0,32.5,30.5,31.39,55730
2009-07-13,30.7,32.14,30.0,31.52,66220
2009-07-14,31.5,32.4,31.36,32.12,33620
2009-07-15,32.24,32.8,31.6,32.06,105380
2009-07-16,31.9,33.79,31.65,32.66,324520
2009-07-17,32.54,33.45,32.35,33.02,137970
2009-07-20,33.2,33.8,32.1,33.06,127760
2009-07-21,32.2,33.29,32.2,33.01,52590
2009-07-22,33.21,33.21,32.8,33.06,47890
2009-07-23,33.0,33.5,32.71,32.94,17570
2009-07-24,32.53,34.0,32.4,33.39,114980
2009-07-27,34.0,36.0,34.0,35.35,304210
2009-07-28,35.95,37.6,35.56,36.87,341360
2009-07-29,36.78,37.0,35.53,36.68,123500
2009-07-30,36.95,37.5,36.4,36.7,39780
2009-07-31,37.09,38.8,36.7,37.73,114250
2009-08-03,38.4,39.55,37.33,39.01,105000
2009-08-04,38.11,40.8,38.11,40.44,258350
2009-08-05,40.7,41.6,39.03,39.51,145660
2009-08-06,38.61,42.7,38.61,41.44,1206970
2009-08-07,40.9,41.74,39.8,40.89,571740
2009-08-10,40.9,41.8,40.1,40.1,160070
2009-08-11,40.5,41.2,39.75,41.06,99400
2009-08-12,41.0,41.0,40.0,40.43,56480
2009-08-13,41.0,42.5,40.8,42.2,667540
2009-08-14,42.2,44.2,41.81,42.35,927290
2009-08-17,41.5,41.7,40.7,41.0,118850
2009-08-18,40.73,42.97,40.7,42.47,163020
2009-08-19,42.5,43.65,42.01,42.94,174980
2009-08-20,42.9,44.5,42.0,43.06,259600
2009-08-21,42.95,43.8,42.51,43.03,82600
2009-08-24,43.5,44.4,43.3,44.05,168590
2009-08-25,43.8,44.7,42.2,44.48,96770
2009-08-26,44.0,45.2,44.0,44.59,84930
2009-08-27,43.6,45.0,43.2,44.29,49690
2009-08-28,43.11,44.5,42.8,43.28,38180
2009-08-31,43.2,44.7,42.81,44.45,77370
2009-09-01,44.7,44.9,44.05,44.53,120410
2009-09-02,44.8,45.5,44.01,45.08,189270
2009-09-03,45.08,45.7,44.24,44.58,81930
2009-09-04,44.22,45.31,44.22,45.05,142180
2009-09-07,45.5,48.9,45.21,47.98,425480
2009-09-08,48.76,51.0,47.8,48.24,279570
2009-09-09,48.5,48.6,47.1,47.91,114170
2009-09-10,48.48,50.25,48.0,48.48,571100
2009-09-11,49.7,50.8,48.5,50.23,885650
2009-09-14,50.5,50.99,49.21,50.1,201630
2009-09-15,50.5,52.6,49.31,52.1,452650
2009-09-16,52.51,53.8,52.0,53.38,458100
2009-09-17,54.0,56.0,53.2,54.57,374530
2009-09-18,55.5,55.9,52.5,54.2,258190
2009-09-22,53.5,54.78,53.01,54.31,114210
2009-09-23,54.0,55.5,54.0,55.08,147020
2009-09-24,54.4,55.2,54.08,55.06,322640
2009-09-25,54.8,57.0,54.5,56.43,207220
2009-09-29,56.8,57.7,53.22,55.48,274400
2009-09-30,54.7,61.0,53.61,58.08,338780
2009-10-01,58.0,58.0,55.7,56.13,120980
2009-10-05,57.99,57.99,54.23,54.85,86100
2009-10-06,55.0,55.01,51.03,54.15,287800
2009-10-07,54.5,55.5,53.02,53.51,97250
2009-10-08,53.4,53.4,51.55,52.33,112750
2009-10-09,51.8,52.6,51.0,51.2,109390
2009-10-12,51.3,53.0,49.55,51.15,63680
2009-10-14,52.49,54.49,50.42,51.7,510720
2009-10-15,50.75,53.0,50.75,51.82,83580
2009-10-16,51.45,52.26,51.2,51.58,68050
2009-10-17,51.8,52.4,50.9,51.5,30390
2009-10-20,52.4,52.4,51.01,51.65,59650
2009-10-21,51.1,53.99,51.1,53.06,252360
2009-10-22,53.2,54.5,51.8,52.07,39240
2009-10-23,52.07,53.5,52.07,53.13,100160
2009-10-26,53.0,53.9,51.52,52.93,74290
2009-10-27,51.8,53.2,51.7,52.65,161550
2009-10-28,51.5,52.25,50.82,51.03,47500
2009-10-29,50.11,51.5,48.21,50.33,114830
2009-10-30,53.0,53.0,49.5,50.07,75490
2009-11-03,50.0,50.8,47.23,48.01,50680
2009-11-04,48.7,50.99,47.81,50.6,58870
2009-11-05,50.7,52.3,50.7,51.45,84120
2009-11-06,51.49,53.88,51.49,53.58,143680
2009-11-09,53.6,56.5,52.14,55.03,183850
2009-11-10,55.12,57.5,55.12,55.87,122830
2009-11-11,55.9,58.78,55.15,57.63,491940
2009-11-12,58.0,58.5,56.2,57.97,138320
2009-11-13,57.97,58.7,56.81,57.02,147490
2009-11-16,60.6,60.6,56.5,58.05,231880
2009-11-17,58.1,58.8,57.7,58.48,143350
2009-11-18,57.61,60.0,57.61,58.73,132970
2009-11-19,58.65,60.5,58.56,59.56,297660
2009-11-20,59.0,60.29,57.5,59.96,158120
2009-11-23,60.0,60.7,58.55,58.81,28790
2009-11-24,59.59,59.59,58.3,58.49,31100
2009-11-25,58.5,59.39,55.17,56.88,56190
2009-11-26,56.8,58.4,56.11,56.43,26770
2009-11-27,56.0,56.5,54.55,55.71,46500
2009-11-30,56.23,58.97,56.23,58.45,69120
2009-12-01,60.0,60.2,58.0,58.78,121670
2009-12-02,58.8,59.99,58.1,59.52,81590
2009-12-03,59.88,67.0,58.2,62.52,2646010
2009-12-04,60.23,64.5,60.11,60.43,759760
2009-12-07,61.49,63.39,59.3,59.85,545590
2009-12-08,59.6,60.4,58.3,59.47,336300
2009-12-09,59.97,61.4,57.25,59.28,194810
2009-12-10,59.44,59.96,58.03,58.38,148240
2009-12-11,58.97,60.0,58.04,59.52,170300
2009-12-14,58.5,63.4,58.5,60.6,1325320
2009-12-15,61.0,61.9,59.13,61.35,482070
2009-12-16,62.3,62.3,59.53,60.03,149610
2009-12-17,60.0,61.2,59.25,59.82,81310
2009-12-18,59.99,61.5,58.62,59.13,94910
2009-12-21,58.7,61.49,58.7,60.93,219340
2009-12-22,61.01,62.0,59.32,60.03,168470
2009-12-23,60.0,61.87,59.63,61.5,197320
2009-12-24,61.48,62.3,60.62,61.85,139470
2009-12-29,61.7,63.0,61.4,62.93,242100
2009-12-30,63.5,64.69,62.01,64.5,469600
2009-12-31,63.8,66.0,63.7,65.52,242150
2010-01-04,65.8,69.0,64.62,67.57,410060
2010-01-05,66.63,68.5,65.0,65.31,235170
2010-01-06,65.7,66.5,64.23,64.77,128710
2010-01-07,65.5,65.5,63.6,63.86,85830
2010-01-08,66.05,68.5,63.8,64.72,988000
2010-01-11,65.0,65.9,63.68,64.32,1147460
2010-01-12,63.02,64.39,61.06,61.53,213100
2010-01-13,62.0,62.17,60.31,60.77,126660
2010-01-14,62.84,62.84,60.5,60.8,172990
2010-01-15,61.9,64.4,61.5,62.85,454640
2010-01-18,62.9,66.0,62.5,64.14,1306970
2010-01-19,64.2,65.0,62.6,63.21,177520
2010-01-20,63.7,63.98,61.53,61.86,73470
2010-01-21,61.7,63.39,60.6,60.98,101500
2010-01-22,61.2,61.2,59.13,60.3,99660
2010-01-25,60.7,61.38,59.11,59.56,83170
2010-01-27,55.37,60.0,55.37,56.86,72060
2010-01-28,57.0,59.0,53.27,57.6,618290
2010-01-29,59.05,59.05,55.8,56.78,53470
2010-02-01,57.5,60.05,56.5,58.88,62190
2010-02-02,61.6,61.6,56.61,57.19,62940
2010-02-03,57.5,58.78,57.16,57.58,38640
2010-02-04,57.0,58.0,55.1,55.37,64520
2010-02-05,54.2,55.1,51.0,52.62,393790
2010-02-06,52.5,57.5,52.31,56.15,246380
2010-02-08,58.0,59.0,54.02,54.48,156380
2010-02-09,55.0,56.0,54.3,54.82,78990
2010-02-10,55.69,55.69,53.52,54.13,52930
2010-02-11,54.0,56.4,53.5,53.88,78590
2010-02-15,54.99,55.86,51.45,51.85,286600
2010-02-16,52.38,53.7,52.3,52.75,1165000
2010-02-17,53.48,61.97,52.6,59.12,3854610
2010-02-18,58.82,60.7,57.23,57.86,1901420
2010-02-19,57.4,57.95,56.3,57.03,264580
2010-02-22,58.99,59.5,57.2,58.2,375730
2010-02-23,57.2,58.5,57.13,57.85,126300
2010-02-24,57.33,58.37,57.33,57.6,56180
2010-02-25,57.98,58.3,55.5,57.11,88270
2010-02-26,56.52,59.59,56.42,58.4,222210
2010-03-02,60.0,63.8,60.0,62.99,723600
2010-03-03,67.1,67.79,63.0,66.97,1131190
2010-03-04,66.8,66.8,65.2,65.5,231020
2010-03-05,65.8,66.6,63.06,63.6,165840
2010-03-08,67.89,67.89,63.0,63.15,152320
2010-03-09,64.6,64.84,62.28,62.66,220510
2010-03-10,62.8,63.8,61.57,62.45,78130
2010-03-11,63.2,63.8,61.85,62.7,72810
2010-03-12,63.0,63.4,61.5,62.73,80500
2010-03-15,63.44,63.44,61.05,62.2,44900
2010-03-16,62.3,63.5,61.4,62.87,74440
2010-03-17,63.67,63.67,62.4,62.54,30050
2010-03-18,62.2,63.5,62.2,62.6,59820
2010-03-19,62.5,63.0,62.01,62.46,58770
2010-03-22,63.5,63.5,60.5,61.51,128590
2010-03-23,60.0,63.18,60.0,62.04,91080
2010-03-25,61.4,62.5,60.83,61.78,54780
2010-03-26,60.1,62.8,60.1,62.0,50890
2010-03-29,61.63,62.5,61.11,62.21,43950
2010-03-30,61.8,65.5,61.8,64.51,163270
2010-03-31,63.23,66.2,63.23,65.14,129730
2010-04-01,65.14,66.49,64.5,66.07,204530
2010-04-05,67.35,69.3,66.0,68.07,316480
2010-04-06,68.47,68.47,66.6,68.05,208580
2010-04-07,69.0,69.0,67.8,68.06,37580
2010-04-08,68.4,68.45,66.8,68.32,63380
2010-04-09,68.44,68.49,67.1,67.65,376150
2010-04-12,68.49,68.49,67.11,67.65,23770
2010-04-13,67.5,67.9,66.7,66.87,31340
2010-04-15,67.5,68.8,66.76,68.43,105760
2010-04-16,67.75,68.7,67.22,68.15,37570
2010-04-19,67.9,69.3,66.66,68.5,67410
2010-04-20,69.0,69.0,67.53,68.07,27400
2010-04-21,68.3,69.8,67.72,68.22,59300
2010-04-22,69.9,70.0,67.63,69.22,167870
2010-04-23,69.4,69.9,68.8,68.95,145200
2010-04-26,69.8,70.0,69.1,69.8,65840
2010-04-27,69.14,70.0,68.03,69.75,289760
2010-04-28,68.0,69.8,67.5,68.65,73310
2010-04-29,70.03,82.1,70.03,80.28,9655250
2010-04-30,80.28,82.99,77.56,80.09,4805180
2010-05-03,78.98,81.48,78.16,80.03,1202980
2010-05-04,80.42,82.0,78.63,79.65,1968690
2010-05-05,78.85,81.99,77.01,81.58,745350
2010-05-06,81.3,88.37,81.21,84.65,3176060
2010-05-07,82.8,87.0,81.5,84.75,1924250
2010-05-10,85.3,87.0,84.22,84.95,811150
2010-05-11,85.11,86.6,81.8,82.71,311810
2010-05-12,82.2,84.5,81.9,82.53,330640
2010-05-13,83.5,83.88,82.5,83.06,141580
2010-05-14,82.2,83.38,80.0,81.0,126880
2010-05-17,80.21,84.0,77.9,82.57,229600
2010-05-18,81.7,84.99,81.01,81.4,99630
2010-05-19,82.2,83.5,78.65,82.64,209700
2010-05-20,82.02,84.2,81.0,82.52,204860
2010-05-21,79.5,82.0,79.0,81.5,68880
2010-05-24,81.5,84.5,80.0,80.89,97130
2010-05-25,82.0,82.0,79.0,80.37,833340
2010-05-26,81.4,82.0,80.0,80.94,53480
2010-05-27,80.01,82.89,80.01,82.02,51610
2010-05-28,83.0,83.0,82.0,82.64,58510
2010-05-31,83.2,85.49,82.2,84.87,211070
2010-06-01,85.03,86.0,83.7,85.5,81150
2010-06-02,85.5,86.49,84.3,84.89,200750
2010-06-03,86.0,86.0,84.0,84.6,113950
2010-06-04,84.68,84.68,82.33,83.48,79040
2010-06-07,82.49,82.8,81.4,82.3,112760
2010-06-08,82.2,83.0,78.65,79.67,71080
2010-06-09,80.5,82.5,78.69,79.44,173650
2010-06-10,80.3,80.7,79.7,80.09,52420
2010-06-11,80.2,96.11,80.2,92.28,13072100
2010-06-14,84.4,93.05,84.4,90.43,4617960
2010-06-15,90.9,97.69,90.14,93.94,8256920
2010-06-16,94.0,97.4,93.03,94.07,1912240
2010-06-17,94.5,95.74,93.2,93.77,728080
2010-06-18,94.58,95.6,91.33,92.22,618180
2010-06-21,92.22,94.3,91.8,92.32,402330
2010-06-22,92.32,93.69,91.12,92.16,203760
2010-06-23,91.2,92.85,90.4,90.99,126120
2010-06-24,91.3,92.8,90.0,90.9,319140
2010-06-25,91.2,91.5,89.0,89.68,206120
2010-06-28,90.0,90.5,88.9,90.05,115690
2010-06-29,90.05,96.7,89.25,91.48,827900
2010-06-30,90.5,94.48,90.5,91.7,223400
2010-07-01,92.5,93.1,90.5,91.1,88140
2010-07-02,90.7,92.71,89.6,90.19,115260
2010-07-05,90.3,97.13,90.1,93.33,1896480
2010-07-06,95.0,98.2,92.22,93.46,2769160
2010-07-07,93.46,95.5,92.42,93.98,1154570
2010-07-08,94.53,96.98,94.0,95.53,1104630
2010-07-09,95.65,96.0,93.17,93.78,290500
2010-07-12,94.41,95.0,93.43,93.88,166020
2010-07-13,94.5,95.99,93.5,93.8,247050
2010-07-14,94.9,95.8,94.1,94.53,236940
2010-07-15,94.1,95.69,94.1,94.49,136480
2010-07-16,94.49,96.0,94.0,94.52,1257840
2010-07-19,94.0,98.5,94.0,96.31,1123460
2010-07-20,96.5,97.68,95.5,96.55,250630
2010-07-21,97.0,97.58,95.27,95.89,599130
2010-07-22,95.8,99.97,91.27,98.44,1453990
2010-07-23,99.5,100.7,96.0,96.87,776850
2010-07-26,99.0,101.4,97.4,98.82,1278820
2010-07-27,99.0,100.0,96.51,96.97,244140
2010-07-28,98.23,99.0,97.03,98.75,272760
2010-07-29,99.2,99.9,98.15,99.37,152040
2010-07-30,99.9,100.5,98.1,98.41,96850
2010-08-02,98.6,99.6,98.6,99.15,128230
2010-08-03,98.81,103.9,98.75,102.96,732390
2010-08-04,103.0,104.49,101.7,103.83,236860
2010-08-05,104.1,104.78,100.22,100.87,155810
2010-08-06,101.2,103.89,98.56,99.68,230730
2010-08-09,100.8,102.49,99.9,101.49,143230
2010-08-10,102.48,102.48,100.2,101.15,39810
2010-08-11,102.15,102.15,100.0,100.91,52190
2010-08-12,100.45,115.0,98.22,109.83,3059250
2010-08-13,110.0,112.87,106.51,109.22,689850
2010-08-16,110.36,112.0,106.0,108.57,1131940
2010-08-17,108.7,112.0,108.5,110.49,185010
2010-08-18,109.5,111.5,108.01,109.88,142350
2010-08-19,109.8,112.85,109.1,109.85,181510
2010-08-20,109.8,112.5,107.05,109.27,107640
2010-08-23,108.2,111.4,105.23,107.17,137990
2010-08-24,107.7,109.0,105.52,108.13,136330
2010-08-25,107.0,109.2,105.4,105.94,357330
2010-08-26,106.5,122.4,106.34,119.93,5799000
2010-08-27,121.0,127.8,121.0,124.77,4549230
2010-08-30,126.5,126.94,121.36,122.96,922750
2010-08-31,123.0,134.03,122.34,125.57,2689130
2010-09-01,126.72,128.89,125.42,126.52,672540
2010-09-02,125.0,131.5,125.0,127.64,619470
2010-09-03,129.38,130.94,126.5,127.01,696450
2010-09-06,128.2,130.2,126.63,127.33,314140
2010-09-07,127.0,129.0,126.5,126.79,156360
2010-09-08,127.0,128.78,125.87,126.58,396120
2010-09-09,127.3,127.5,124.21,126.12,152740
2010-09-13,126.9,127.0,122.51,123.18,104370
2010-09-14,123.2,124.99,123.0,123.89,206080
2010-09-15,123.21,127.4,117.27,121.08,231520
2010-09-16,121.79,124.7,120.61,123.44,187990
2010-09-17,120.61,124.58,120.61,122.18,177260
2010-09-20,121.5,122.99,118.52,121.94,512110
2010-09-21,122.5,123.0,118.03,120.4,313440
2010-09-22,122.5,122.5,117.0,117.33,99360
2010-09-23,119.9,119.9,112.11,116.75,395200
2010-09-24,118.0,119.5,116.11,117.66,154850
2010-09-27,118.2,122.4,117.0,121.19,230730
2010-09-28,121.19,122.2,116.5,120.79,266580
2010-09-29,123.0,125.8,120.51,124.8,257080
2010-09-30,122.3,124.0,120.6,122.27,131900
2010-10-01,123.8,130.98,123.02,129.19,621990
2010-10-04,127.1,143.99,126.5,137.35,1370380
2010-10-05,137.3,137.88,133.16,134.62,378890
2010-10-06,134.7,137.46,130.02,133.71,172680
2010-10-07,134.6,134.6,127.0,127.7,201650
2010-10-08,127.02,132.0,126.04,126.68,151290
2010-10-11,129.99,132.0,127.25,128.96,334480
2010-10-12,129.9,131.38,127.5,128.27,160290
2010-10-13,129.79,131.0,127.22,128.19,151990
2010-10-14,129.79,129.9,124.0,126.22,182120
2010-10-15,128.5,129.9,125.0,128.61,250860
2010-10-18,123.26,129.5,123.26,127.19,73930
2010-10-19,128.95,129.5,126.55,127.2,625890
2010-10-20,126.72,129.49,123.55,124.34,107750
2010-10-21,125.95,126.1,124.1,124.93,79820
2010-10-22,126.39,126.39,124.0,124.33,29350
2010-10-25,125.89,127.4,124.5,125.32,80040
2010-10-26,125.5,132.1,124.1,129.32,227790
2010-10-27,130.5,130.5,127.22,128.43,35970
2010-10-28,129.01,131.0,127.01,127.46,91360
2010-10-29,129.0,129.3,125.8,128.1,92530
2010-11-01,129.98,131.0,128.0,129.86,70320
2010-11-02,132.19,133.63,128.62,132.63,326440
2010-11-03,133.11,142.3,133.0,139.29,644140
2010-11-04,140.23,142.49,136.56,140.07,276920
2010-11-05,141.0,141.9,140.0,141.07,40460
2010-11-08,141.5,144.79,140.0,142.43,371000
2010-11-09,143.0,143.0,136.05,138.47,96690
2010-11-10,136.21,139.99,134.15,134.78,234670
2010-11-11,135.78,136.4,131.0,131.7,165570
2010-11-12,131.6,132.9,125.3,127.62,164210
2010-11-15,128.0,128.0,121.51,123.52,346130
2010-11-16,124.02,129.8,123.6,127.93,326770
2010-11-18,129.6,130.0,126.2,127.59,109620
2010-11-19,129.9,129.9,118.01,121.27,161440
2010-11-22,122.11,123.78,119.37,120.46,1062980
2010-11-23,120.7,122.5,115.99,118.24,301130
2010-11-24,120.6,120.6,115.05,115.33,124850
2010-11-25,119.5,119.5,113.3,115.72,117630
2010-11-26,115.22,117.49,107.6,110.14,148360
2010-11-29,114.69,117.0,108.01,114.77,217280
2010-11-30,116.57,120.0,113.34,118.67,308130
2010-12-01,118.4,121.0,118.4,119.04,56180
2010-12-02,123.49,124.24,120.3,122.29,126350
2010-12-03,121.1,123.5,118.0,123.04,116790
2010-12-06,123.47,123.6,121.0,123.01,68480
2010-12-07,123.4,123.79,115.01,122.06,70150
2010-12-08,120.8,122.97,118.5,122.26,52990
2010-12-09,124.39,124.39,118.2,121.01,89920
2010-12-10,120.0,120.41,116.5,119.43,175960
2010-12-13,118.2,119.52,114.19,117.18,305300
2010-12-14,118.2,119.9,116.5,119.21,76940
2010-12-15,119.9,120.0,116.51,117.55,470930
2010-12-16,116.52,119.69,115.0,117.99,385660
2010-12-20,116.71,120.29,116.34,117.87,154840
2010-12-21,117.72,120.49,116.0,117.08,252930
2010-12-22,118.2,119.1,116.3,116.69,49860
2010-12-23,117.4,118.9,117.0,118.14,50840
2010-12-24,118.3,118.9,116.01,118.39,52150
2010-12-27,118.9,120.0,118.6,119.76,45750
2010-12-28,119.23,120.0,118.24,119.37,13870
2010-12-29,119.69,125.6,118.2,119.69,442010
2010-12-30,119.01,122.5,117.72,121.88,289860
2011-01-03,124.9,128.9,123.5,125.06,208230
2011-01-04,126.2,127.0,123.5,123.8,99300
2011-01-05,123.83,129.9,123.0,123.79,330440
2011-01-06,124.8,124.8,120.7,120.94,65670
2011-01-07,119.7,121.9,116.0,118.91,282170
2011-01-10,118.8,118.8,98.03,110.63,2057160
2011-01-11,107.7,115.7,107.7,110.02,159340
2011-01-12,106.06,115.7,106.06,115.16,109470
2011-01-13,116.4,117.89,114.13,116.91,57050
2011-01-14,116.0,117.0,114.24,116.1,39280
2011-01-17,116.92,116.92,113.11,114.88,67910
2011-01-18,113.7,115.59,113.0,113.11,60690
2011-01-19,112.5,113.52,110.01,111.83,33880
2011-01-20,110.99,111.78,109.0,109.77,13940
2011-01-21,109.0,111.69,108.1,108.52,52400
2011-01-24,109.85,112.0,108.0,110.83,53750
2011-01-25,112.0,114.0,109.01,113.07,45100
2011-01-27,113.0,113.0,105.11,107.5,222870
2011-01-28,109.0,109.0,102.66,104.96,333420
2011-01-31,104.0,105.99,98.1,102.29,947110
2011-02-01,102.9,107.5,97.0,100.42,382230
2011-02-02,102.4,114.75,101.0,107.48,4291470
2011-02-03,107.88,110.39,103.6,108.18,484910
2011-02-04,106.01,109.7,103.5,106.91,168620
2011-02-07,108.05,115.9,107.26,107.96,518870
2011-02-08,109.5,110.39,105.5,107.69,139490
2011-02-09,105.34,107.81,102.99,106.08,77590
2011-02-10,106.0,106.8,104.0,106.59,44710
2011-02-11,106.3,108.0,104.72,106.89,28920
2011-02-14,107.83,111.19,107.83,108.72,32690
2011-02-15,109.07,110.05,108.0,109.5,28250
2011-02-16,108.89,109.9,107.55,109.04,59630
2011-02-17,108.4,111.11,105.0,106.26,168190
2011-02-18,106.0,108.81,104.0,104.86,73740
2011-02-21,105.3,109.0,103.3,104.79,134780
2011-02-22,104.7,106.0,102.22,105.11,73340
2011-02-23,104.1,106.9,102.9,106.07,57260
2011-02-24,105.0,105.98,101.51,102.91,51660
2011-02-25,103.5,105.0,99.5,103.78,64920
2011-02-28,103.85,106.99,102.5,105.92,129290
2011-03-01,107.99,111.9,105.0,109.68,1211090
2011-03-03,109.3,111.28,107.71,110.34,124590
2011-03-04,113.46,113.46,105.6,106.81,181630
2011-03-07,104.0,106.9,103.5,105.87,76550
2011-03-08,105.87,106.58,103.9,104.93,312750
2011-03-09,105.5,106.0,102.5,103.33,72600
2011-03-10,103.5,103.99,101.4,103.44,288740
2011-03-11,102.0,105.9,102.0,104.34,42360
2011-03-14,103.0,111.04,103.0,107.97,410420
2011-03-15,105.0,111.79,104.0,109.69,238320
2011-03-16,110.5,114.9,108.6,114.03,820090
2011-03-17,113.1,114.99,110.3,114.77,140650
2011-03-18,115.2,117.11,113.05,115.93,161850
2011-03-21,115.99,119.9,114.0,118.01,154830
2011-03-22,117.79,122.8,117.29,121.38,155020
2011-03-23,121.8,122.8,120.4,122.49,41700
2011-03-24,119.02,125.5,119.02,124.18,160960
2011-03-25,124.0,125.99,124.0,125.5,72400
2011-03-28,126.5,126.78,122.25,125.47,133410
2011-03-29,124.5,132.9,124.5,129.59,262600
2011-03-30,131.5,135.99,130.11,134.44,191890
2011-03-31,135.9,136.3,127.6,134.43,281750
2011-04-01,134.0,136.44,132.2,133.65,229170
2011-04-04,133.0,136.79,131.2,132.62,70780
2011-04-05,133.48,133.48,128.0,128.71,87020
2011-04-06,129.9,130.8,125.1,125.67,109300
2011-04-07,126.49,127.5,125.02,126.06,79300
2011-04-08,126.61,128.7,125.22,126.78,180430
2011-04-11,126.7,128.69,124.14,126.87,72970
2011-04-13,126.7,128.6,126.12,127.47,269810
2011-04-15,127.76,127.99,125.3,126.31,116560
2011-04-18,127.99,128.47,122.51,124.14,111640
2011-04-19,125.0,127.1,121.2,124.19,79910
2011-04-20,126.49,127.1,124.8,126.86,31560
2011-04-21,126.99,126.99,124.2,125.64,74950
2011-04-25,125.03,126.97,123.0,124.13,184530
2011-04-26,124.78,126.49,123.4,123.95,144520
2011-04-27,125.89,133.98,125.13,125.54,256710
2011-04-28,127.34,127.4,123.51,125.39,79120
2011-04-29,125.71,126.0,123.3,124.74,90890
2011-05-02,125.99,125.99,119.8,121.47,160790
2011-05-03,121.14,123.0,117.6,117.91,38990
2011-05-04,118.08,118.08,112.0,114.81,249700
2011-05-05,112.55,119.1,111.4,116.16,135260
2011-05-06,116.5,118.0,113.6,115.03,323120
2011-05-09,116.5,134.0,116.5,128.95,4199200
2011-05-10,129.2,130.49,120.6,124.74,1161630
2011-05-11,126.01,130.2,126.0,129.04,312110
2011-05-12,127.5,130.6,126.52,128.08,181660
2011-05-13,127.26,129.5,127.1,128.76,93950
2011-05-16,127.6,131.35,127.6,129.75,218590
2011-05-17,129.51,130.9,127.0,128.34,107900
2011-05-18,128.5,129.4,126.22,128.74,98340
2011-05-19,128.4,130.16,127.01,129.44,89280
2011-05-20,130.0,132.59,129.36,130.91,737820
2011-05-23,131.51,133.2,130.01,132.02,181600
2011-05-24,131.5,137.5,131.21,133.32,439480
2011-05-25,135.8,139.9,131.04,132.94,164990
2011-05-26,133.37,136.0,129.79,132.73,72000
2011-05-27,133.59,136.5,129.51,135.06,108370
2011-05-30,133.57,135.5,133.5,134.64,96340
2011-05-31,134.6,136.5,132.51,133.49,64700
2011-06-01,132.93,137.0,132.92,135.24,72990
2011-06-02,137.2,137.2,134.6,135.44,91510
2011-06-03,133.2,135.98,132.0,133.12,31540
2011-06-06,132.99,135.49,131.31,133.34,36530
2011-06-07,133.99,134.7,132.04,133.51,78200
2011-06-08,134.2,137.5,128.5,130.09,173270
2011-06-09,131.74,132.49,130.49,130.86,31870
2011-06-10,132.2,134.4,130.73,132.04,52740
2011-06-13,131.21,133.0,130.6,131.14,19670
2011-06-14,132.98,132.98,130.7,131.46,151900
2011-06-15,131.2,132.8,128.79,129.2,31370
2011-06-16,126.3,139.87,126.3,128.38,1315940
2011-06-17,126.13,133.5,123.1,124.41,452170
2011-06-20,123.2,128.03,119.3,120.22,1446590
2011-06-21,120.2,123.0,120.0,120.66,1385620
2011-06-22,121.51,122.8,118.06,120.84,1450520
2011-06-23,121.9,123.58,119.3,122.9,23190
2011-06-24,124.49,128.67,122.03,127.86,72260
2011-06-27,125.2,131.39,125.2,130.53,71680
2011-06-28,129.5,131.95,129.5,131.71,29380
2011-06-29,130.7,132.6,130.62,131.47,17350
2011-06-30,131.99,132.54,129.51,130.04,17890
2011-07-01,131.99,132.28,130.0,130.24,20150
2011-07-04,131.9,133.0,130.01,131.01,82200
2011-07-05,129.52,131.1,129.49,129.82,50110
2011-07-06,129.5,131.4,124.17,130.32,15180
2011-07-07,130.91,132.48,129.5,131.51,29500
2011-07-08,132.68,132.8,130.0,131.63,38660
2011-07-11,131.01,131.01,130.0,130.28,15450
2011-07-12,129.11,136.5,128.51,129.79,83860
2011-07-13,130.1,133.6,130.0,132.63,79800
2011-07-14,133.38,134.6,131.22,131.85,89620
2011-07-15,133.2,133.29,130.47,131.75,14270
2011-07-18,129.01,133.8,128.26,132.89,15830
2011-07-19,132.13,136.5,132.13,134.0,83780
2011-07-20,134.28,135.9,134.23,134.68,52510
2011-07-21,133.01,134.57,132.4,132.83,19330
2011-07-22,131.1,134.38,131.1,132.84,114920
2011-07-25,134.4,135.4,131.51,134.09,23070
2011-07-26,132.65,134.4,129.5,133.15,43380
2011-07-27,133.6,133.6,131.1,131.49,11850
2011-07-28,131.01,132.5,131.0,131.03,9010
2011-07-29,131.01,133.0,130.6,132.03,17350
2011-08-01,138.8,144.7,134.52,135.72,231240
2011-08-02,136.1,137.98,132.5,132.96,46550
2011-08-03,131.4,135.0,131.0,134.6,32470
2011-08-04,135.2,136.49,129.5,133.52,68860
2011-08-05,128.0,135.5,126.53,134.99,75030
2011-08-08,134.0,135.6,130.0,132.77,89290
2011-08-09,130.0,133.7,129.3,133.12,41570
2011-08-10,133.1,134.9,132.2,133.62,78490
2011-08-11,133.0,134.5,130.15,133.96,71980
2011-08-12,133.89,134.9,131.7,134.59,22560
2011-08-16,135.2,136.1,129.63,132.98,78740
2011-08-17,131.5,136.9,131.5,135.97,59290
2011-08-18,139.9,139.9,132.32,135.4,80450
2011-08-19,132.75,135.0,130.99,134.84,100360
2011-08-22,132.9,136.49,131.69,135.63,45200
2011-08-23,132.5,139.4,132.5,133.29,45070
2011-08-24,136.0,136.0,132.0,132.26,19820
2011-08-25,131.51,134.3,131.51,133.84,110470
2011-08-26,134.65,134.65,132.0,133.7,93550
2011-08-29,132.3,135.49,131.13,133.46,55960
2011-08-30,130.1,135.5,130.1,134.43,105770
2011-09-02,135.63,137.9,132.01,133.93,69520
2011-09-05,132.21,135.0,132.21,133.73,25950
2011-09-06,132.22,138.49,132.22,137.1,54570
2011-09-07,138.5,149.6,136.01,146.54,884120
2011-09-08,147.5,151.8,138.03,140.05,689630
2011-09-09,142.0,145.38,139.11,143.18,891470
2011-09-12,142.4,148.67,140.13,144.69,239870
2011-09-13,146.0,150.11,142.0,144.96,137420
2011-09-14,144.5,146.8,142.51,145.35,114300
2011-09-15,145.0,147.0,142.23,144.87,61610
2011-09-16,144.5,149.0,143.99,147.13,735970
2011-09-19,144.55,154.41,144.4,149.93,318930
2011-09-20,149.5,156.5,149.49,155.57,862820
2011-09-21,154.5,162.5,154.5,161.51,432120
2011-09-22,161.4,165.0,155.51,157.37,610330
2011-09-23,155.8,163.5,151.12,160.27,371490
2011-09-26,161.0,163.44,158.5,160.84,199930
2011-09-27,160.0,164.89,159.1,160.12,224740
2011-09-28,159.5,161.9,158.5,159.76,76020
2011-09-29,158.96,161.4,157.5,160.61,66450
2011-09-30,159.81,164.5,159.5,160.59,114300
2011-10-03,159.0,163.7,159.0,162.78,64260
2011-10-04,162.1,169.79,162.1,164.83,307180
2011-10-05,167.49,167.99,160.51,161.68,32830
2011-10-07,162.7,165.85,160.5,161.23,351200
2011-10-10,160.43,168.99,160.42,167.93,810690
2011-10-11,171.5,172.8,164.01,165.71,174760
2011-10-12,167.99,169.3,163.21,164.18,134310
2011-10-13,165.9,165.99,162.01,163.83,117640
2011-10-14,164.47,165.7,162.3,164.48,59360
2011-10-17,164.91,165.0,164.0,164.38,250500
2011-10-18,163.6,167.1,162.69,164.77,167420
2011-10-19,165.59,166.2,161.02,164.48,101930
2011-10-20,163.61,165.6,163.3,165.07,56750
2011-10-21,165.0,165.9,163.54,164.91,103070
2011-10-24,165.6,168.0,163.0,163.53,14930
2011-10-25,163.11,167.4,163.11,166.63,34800
2011-10-26,167.3,167.3,164.01,164.98,11800
2011-10-28,166.5,167.48,165.04,165.86,25140
2011-10-31,165.0,170.59,164.1,169.11,81270
2011-11-01,169.85,169.85,167.51,168.8,28080
2011-11-02,166.11,170.96,166.11,167.9,74360
2011-11-03,168.51,174.0,168.41,172.13,78660
2011-11-04,172.21,175.0,172.21,174.28,90720
2011-11-08,174.3,176.2,172.01,173.53,42960
2011-11-09,175.0,175.0,170.0,171.53,37050
2011-11-11,173.5,175.2,167.55,170.03,181830
2011-11-14,170.3,172.5,166.51,168.03,128710
2011-11-15,167.2,170.33,166.11,166.74,1096140
2011-11-16,166.0,167.88,158.5,164.07,220330
2011-11-17,163.3,165.3,160.51,164.53,79380
2011-11-18,161.6,164.5,157.6,163.56,62210
2011-11-21,165.0,167.0,159.03,163.05,64020
2011-11-22,161.8,163.5,159.0,159.98,16060
2011-11-23,163.0,163.0,159.31,160.48,50960
2011-11-24,162.9,162.9,159.01,161.35,40570
2011-11-25,160.21,162.1,160.21,161.03,823030
2011-11-28,163.11,163.11,160.11,161.15,161510
2011-11-29,161.93,162.04,160.0,160.6,13040
2011-11-30,160.01,164.42,160.0,161.35,45030
2011-12-01,161.51,163.5,156.01,159.09,121210
2011-12-02,161.5,161.5,156.32,157.66,21880
2011-12-05,157.71,159.48,157.51,158.24,93370
2011-12-07,159.4,162.5,158.98,161.78,65390
2011-12-08,160.41,162.0,155.22,156.41,24200
2011-12-09,156.0,156.0,153.25,155.67,39500
2011-12-12,156.0,156.0,149.11,151.54,258010
2011-12-13,152.5,153.49,150.1,152.11,45780
2011-12-14,151.0,153.0,144.5,149.99,125960
2011-12-15,148.11,150.5,146.26,150.03,26180
2011-12-16,150.0,151.99,145.03,147.98,37800
2011-12-19,150.0,150.0,141.26,142.97,75870
2011-12-20,141.2,142.8,136.03,141.25,110740
2011-12-21,145.0,146.5,140.51,145.91,742220
2011-12-22,145.91,146.99,142.01,144.81,111980
2011-12-23,143.4,145.9,143.4,144.68,11930
2011-12-26,145.5,150.5,145.1,148.81,96640
2011-12-27,149.9,150.0,146.9,149.41,98830
2011-12-28,150.0,150.4,146.31,149.96,111050
2011-12-29,148.33,149.74,146.8,148.04,50840
2011-12-30,147.51,150.51,147.0,148.8,166830
2012-01-02,150.99,151.99,147.1,149.53,218320
2012-01-03,151.5,157.79,148.1,156.56,43780
2012-01-04,153.9,160.6,151.5,152.58,54850
2012-01-05,154.5,155.9,150.0,151.24,36390
2012-01-06,152.99,152.99,148.61,149.37,19840
2012-01-07,150.79,150.79,149.0,149.81,1290
2012-01-09,149.4,150.99,145.3,148.07,59910
2012-01-10,149.5,151.0,148.1,150.01,197250
2012-01-11,150.5,155.98,148.51,149.99,39000
2012-01-12,151.63,153.88,150.5,152.27,11220
2012-01-13,152.99,154.0,152.0,153.32,18200
2012-01-16,154.0,154.84,150.11,153.6,10260
2012-01-17,151.99,161.68,151.99,160.42,210430
2012-01-18,157.05,161.0,157.05,158.49,263230
2012-01-19,157.1,160.5,156.01,157.09,11670
2012-01-20,155.06,162.4,155.06,161.32,28410
2012-01-23,159.05,179.99,159.05,161.22,35130
2012-01-24,161.5,163.9,160.24,162.99,20100
2012-01-25,163.9,166.5,161.22,163.51,21730
2012-01-27,161.01,166.3,160.3,162.97,35850
2012-01-30,162.8,165.48,160.6,162.76,19260
2012-01-31,162.5,168.5,161.0,167.15,127790
2012-02-01,166.1,174.4,165.7,170.1,248560
2012-02-02,173.4,173.4,168.05,171.56,117890
2012-02-03,171.6,175.9,169.6,175.36,95860
2012-02-06,176.0,178.5,175.0,175.83,78130
2012-02-07,176.8,178.47,172.2,177.32,138970
2012-02-08,176.0,178.5,176.0,176.85,35930
2012-02-09,177.1,177.6,172.53,175.76,25230
2012-02-10,174.9,177.5,173.12,176.99,119260
2012-02-13,178.7,184.5,169.5,172.37,224850
2012-02-14,172.6,174.88,171.0,173.63,642100
2012-02-15,172.3,176.6,170.8,175.94,184950
2012-02-16,176.5,176.5,171.12,172.34,17100
2012-02-17,174.5,176.3,172.51,173.61,66730
2012-02-21,172.16,175.0,171.1,172.68,31290
2012-02-22,172.7,175.0,170.0,172.44,78290
2012-02-23,172.0,173.8,170.87,172.4,28530
2012-02-24,171.3,173.0,168.86,169.36,164470
2012-02-27,169.5,173.9,165.1,168.99,34400
2012-02-28,167.7,174.51,165.03,173.16,31430
2012-02-29,175.7,175.7,171.0,173.73,31250
2012-03-01,172.33,175.69,169.1,171.91,41440
2012-03-02,172.1,174.1,169.24,169.66,32330
2012-03-03,172.62,172.62,168.55,170.05,1220
2012-03-05,169.51,170.8,165.5,167.07,65010
2012-03-06,166.0,167.99,165.29,165.64,19790
2012-03-07,164.31,169.9,163.45,167.13,13100
2012-03-09,168.01,176.45,168.01,173.24,186220
2012-03-12,175.99,175.99,171.01,171.92,22260
2012-03-13,171.28,177.28,171.28,176.43,93960
2012-03-14,174.45,183.18,174.0,180.32,204570
2012-03-15,180.0,186.49,178.5,185.59,220000
2012-03-16,185.5,192.0,185.5,190.17,417100
2012-03-19,190.0,194.7,187.0,191.97,335530
2012-03-20,191.07,195.0,190.0,192.75,146430
2012-03-21,191.11,193.5,190.0,191.99,58790
2012-03-22,200.0,200.0,190.0,191.51,47890
2012-03-23,191.53,191.99,189.94,191.04,100930
2012-03-26,188.13,191.99,183.71,189.56,1298610
2012-03-27,188.0,192.0,183.8,189.4,53860
2012-03-28,188.8,189.5,185.61,186.03,499850
2012-03-29,194.1,194.1,184.5,192.24,106300
2012-03-30,191.11,200.0,191.11,199.34,596500
2012-04-02,202.0,215.19,201.6,210.51,1172620
2012-04-03,212.5,215.01,210.23,212.91,265260
2012-04-04,211.01,221.4,190.12,219.24,420740
2012-04-09,217.5,227.2,210.01,213.92,758190
2012-04-10,220.28,220.5,206.0,216.96,465270
2012-04-11,215.9,220.99,210.9,212.54,85370
2012-04-12,212.61,221.2,212.61,219.77,247030
2012-04-13,218.0,223.79,217.1,217.96,272640
2012-04-16,220.0,221.01,215.13,216.96,70430
2012-04-17,216.9,220.99,216.9,219.54,206180
2012-04-18,221.0,228.9,221.0,227.6,372190
2012-04-19,228.86,235.5,227.6,232.03,366080
2012-04-20,230.2,236.5,228.8,229.96,129970
2012-04-23,231.0,232.5,223.1,224.82,299470
2012-04-24,226.0,226.98,218.73,219.94,270290
2012-04-25,218.9,226.1,215.0,217.93,430310
2012-04-26,222.96,225.7,219.5,222.11,677470
2012-04-27,223.73,230.7,222.21,227.38,311960
2012-04-28,226.4,229.49,226.4,227.4,5970
2012-04-30,229.7,231.94,226.6,228.4,93660
2012-05-02,229.01,231.47,225.31,226.61,104250
2012-05-03,229.0,229.0,221.51,223.51,74530
2012-05-04,221.61,223.9,213.79,216.21,422340
2012-05-07,234.47,234.47,210.7,218.97,74820
2012-05-08,219.39,220.0,214.15,216.8,128070
2012-05-09,213.12,217.8,211.13,212.91,20250
2012-05-10,211.5,221.43,206.03,219.83,139220
2012-05-11,219.9,219.9,215.5,216.81,101100
2012-05-14,217.0,219.86,204.2,207.22,374000
2012-05-15,207.0,217.0,196.75,200.64,613890
2012-05-16,201.0,207.5,195.13,202.67,488790
2012-05-17,208.49,208.49,203.7,207.31,70640
2012-05-18,206.99,213.0,205.0,210.74,64330
2012-05-21,208.8,216.74,207.7,214.91,150010
2012-05-22,216.01,221.5,214.64,218.86,180700
2012-05-23,218.9,224.99,218.0,220.46,199440
2012-05-24,223.49,223.49,219.52,221.98,388430
2012-05-25,220.15,224.49,218.05,221.86,78700
2012-05-28,220.25,224.12,220.0,223.2,88120
2012-05-29,223.99,227.79,221.51,226.9,179450
2012-05-30,226.9,227.0,222.0,224.71,24280
2012-05-31,224.21,231.0,222.2,229.44,186310
2012-06-01,233.49,238.99,222.0,225.17,105180
2012-06-04,226.1,226.1,211.13,214.6,207710
2012-06-05,217.49,217.49,212.01,214.12,102880
2012-06-06,215.14,219.86,213.5,213.93,66450
2012-06-07,216.01,218.79,213.11,216.82,62610
2012-06-08,216.0,217.89,214.94,217.26,120060
2012-06-11,215.63,217.99,214.0,214.94,95000
2012-06-12,212.8,215.3,212.21,212.93,65020
2012-06-13,212.93,214.49,201.85,208.62,374710
2012-06-14,207.1,208.25,205.21,205.53,101150
2012-06-15,206.0,207.45,202.6,205.65,241230
2012-06-18,204.5,204.99,197.5,199.0,228170
2012-06-19,199.99,201.9,198.72,199.92,26130
2012-06-20,197.6,201.6,197.6,199.35,64760
2012-06-21,199.61,200.38,198.0,199.13,24680
2012-06-22,199.0,202.5,197.5,200.07,49200
2012-06-25,199.08,201.7,198.1,200.49,88300
2012-06-26,200.51,200.93,198.01,199.15,275560
2012-06-27,199.7,200.99,199.4,200.04,267190
2012-06-28,201.77,201.77,195.26,196.45,23490
2012-06-29,199.99,202.5,196.61,199.99,447170
2012-07-02,201.9,201.9,198.0,198.53,102940
2012-07-03,198.7,200.77,193.61,194.38,316310
2012-07-04,195.01,197.49,194.01,195.08,111510
2012-07-05,195.5,204.5,195.5,198.61,232940
2012-07-06,199.0,205.81,199.0,202.12,293750
2012-07-09,201.5,203.8,198.97,199.68,116040
2012-07-10,201.0,201.97,199.5,200.57,62940
2012-07-11,199.0,200.0,198.5,199.33,18670
2012-07-12,197.91,199.28,194.8,197.96,63440
2012-07-13,198.51,198.61,192.72,193.63,183520
2012-07-16,195.97,196.49,194.6,195.36,37310
2012-07-17,195.01,197.87,190.13,194.07,812580
2012-07-18,193.23,195.49,191.6,193.11,31230
2012-07-19,194.07,196.49,194.07,195.22,25790
2012-07-20,195.0,196.46,194.5,195.16,28320
2012-07-23,195.0,196.48,193.0,195.24,80110
2012-07-24,194.21,197.0,192.5,194.59,37930
2012-07-25,194.89,198.49,192.5,196.09,70460
2012-07-26,195.4,198.39,194.5,195.21,66050
2012-07-27,194.26,196.0,194.26,195.04,18940
2012-07-30,194.6,198.68,194.24,195.98,588660
2012-07-31,194.37,197.3,194.01,195.63,134070
2012-08-01,195.5,195.5,190.11,192.39,204620
2012-08-02,191.2,196.99,191.0,196.48,189210
2012-08-03,193.5,200.0,193.5,199.36,101410
2012-08-06,200.88,208.9,199.01,203.26,168790
2012-08-07,205.51,208.5,204.49,207.56,453660
2012-08-08,207.5,210.7,207.5,208.99,64120
2012-08-09,204.4,211.9,204.4,208.79,72570
2012-08-10,205.0,208.78,203.0,206.86,294170
2012-08-13,208.51,209.9,206.0,207.94,50870
2012-08-14,207.5,210.89,207.5,210.18,224960
2012-08-16,212.19,229.99,212.19,222.13,389740
2012-08-17,222.51,228.78,221.11,222.53,251710
2012-08-21,225.0,228.48,219.23,222.99,86190
2012-08-22,223.21,224.5,222.0,223.2,61100
2012-08-23,223.57,231.99,221.0,222.24,91030
2012-08-24,220.1,224.95,206.2,218.32,165960
2012-08-27,215.54,222.76,215.54,217.25,306850
2012-08-28,218.66,219.22,211.07,215.07,104880
2012-08-29,215.0,215.86,208.64,214.01,84480
2012-08-30,213.54,215.0,209.28,212.01,125710
2012-08-31,212.5,219.9,209.51,214.48,93620
2012-09-03,215.0,220.94,207.5,211.75,214180
2012-09-04,211.9,212.19,206.0,207.99,221500
2012-09-05,208.0,211.2,205.51,206.41,254280
2012-09-06,206.3,209.9,205.01,206.56,61730
2012-09-07,207.6,208.84,207.25,208.3,71960
2012-09-08,206.5,208.49,206.5,207.99,910
2012-09-10,208.36,209.9,207.5,208.91,81380
2012-09-11,209.9,216.0,208.0,211.03,345720
2012-09-12,210.11,218.8,210.11,216.02,71290
2012-09-13,219.4,225.0,216.5,223.82,338850
2012-09-14,224.73,227.5,222.1,226.96,134860
2012-09-17,227.29,232.51,226.96,231.6,113000
2012-09-18,231.0,231.49,227.0,229.16,57010
2012-09-20,227.09,227.51,221.5,224.26,149340
2012-09-21,229.99,230.0,214.31,220.89,402480
2012-09-24,230.11,230.69,221.99,226.16,103540
2012-09-25,229.89,229.89,222.2,223.07,25360
2012-09-26,225.79,226.0,223.4,224.56,35370
2012-09-27,229.99,239.99,223.2,223.84,22440
2012-09-28,227.03,237.0,221.33,231.12,308900
2012-10-01,234.99,235.79,224.79,225.89,118670
2012-10-03,224.0,231.9,223.99,229.34,115420
2012-10-04,230.99,230.99,226.53,227.29,383890
2012-10-05,228.6,232.3,228.22,230.27,140840
2012-10-08,233.2,233.2,223.7,224.85,383650
2012-10-09,229.79,229.79,225.11,226.37,185000
2012-10-10,223.4,228.6,223.4,223.85,71780
2012-10-11,235.0,235.0,223.0,224.07,35530
2012-10-12,221.16,227.19,221.16,222.51,63210
2012-10-15,222.75,225.86,220.5,220.76,75040
2012-10-16,219.0,222.7,206.65,222.29,15550
2012-10-17,224.5,228.09,223.0,224.88,27050
2012-10-18,223.6,231.49,223.6,229.92,48140
2012-10-19,228.51,231.0,225.26,230.24,36630
2012-10-22,229.0,230.79,227.5,228.9,34790
2012-10-23,229.32,237.9,228.99,234.69,215310
2012-10-25,235.85,240.5,235.0,239.18,337330
2012-10-26,239.69,239.7,235.5,236.57,169500
2012-10-29,238.29,238.29,231.49,231.55,21710
2012-10-30,237.0,237.0,227.5,231.49,164540
2012-10-31,236.9,237.0,229.01,232.0,104060
2012-11-01,227.36,237.5,227.36,235.08,174620
2012-11-02,238.0,239.99,230.11,239.14,261870
2012-11-05,235.56,241.47,235.56,241.04,952420
2012-11-06,242.49,262.88,241.31,254.21,681220
2012-11-07,254.5,262.2,250.9,259.96,193010
2012-11-08,259.0,259.5,252.15,256.19,138250
2012-11-09,256.5,257.43,249.7,250.32,110570
2012-11-12,248.0,260.0,240.5,257.61,339140
2012-11-13,260.0,261.8,256.24,258.51,17260
2012-11-15,263.0,304.99,248.0,250.71,256400
2012-11-16,250.0,254.9,237.11,240.49,160570
2012-11-19,244.4,244.4,232.0,233.65,117840
2012-11-20,240.99,244.9,233.54,235.52,1422210
2012-11-21,238.4,239.0,234.0,237.28,65110
2012-11-22,234.51,239.9,234.51,237.21,102400
2012-11-23,237.5,247.7,236.5,242.7,182350
2012-11-26,244.99,260.0,244.99,258.26,481000
2012-11-27,259.8,265.9,255.16,261.26,281190
2012-11-29,261.26,277.5,246.57,270.48,825020
2012-11-30,270.48,276.0,265.0,273.83,835940
2012-12-03,273.8,282.8,273.5,280.86,204480
2012-12-04,281.8,287.5,280.0,286.19,1125460
2012-12-05,286.0,286.0,275.1,276.85,178020
2012-12-06,279.6,279.6,273.5,277.74,544530
2012-12-07,276.95,283.4,267.06,269.01,97620
2012-12-10,274.9,279.5,263.63,267.01,106770
2012-12-11,267.51,271.79,265.18,268.28,47110
2012-12-12,272.0,274.9,268.5,270.7,103180
2012-12-13,271.21,274.5,265.29,269.57,114350
2012-12-14,268.1,273.18,267.0,270.67,85430
2012-12-17,278.79,278.79,270.01,270.86,40150
2012-12-18,271.02,273.4,267.0,269.47,28080
2012-12-19,270.0,273.45,269.11,271.7,49470
2012-12-20,272.7,274.41,271.0,272.34,52080
2012-12-21,271.15,273.5,267.01,268.77,50850
2012-12-24,268.77,270.01,265.15,268.34,46100
2012-12-26,267.5,296.3,267.1,281.42,311600
2012-12-27,282.37,292.0,273.5,275.29,313250
2012-12-28,277.89,282.47,275.0,280.26,94340
2013-01-01,290.66,295.0,286.01,292.31,122510
2013-01-02,292.0,292.0,284.12,285.54,130470
2013-01-03,289.87,291.0,285.0,286.02,48190
2013-01-04,299.39,299.39,280.2,282.27,86860
2013-01-07,289.98,289.98,282.01,284.35,96870
2013-01-08,277.8,287.49,277.8,279.48,58140
2013-01-09,281.4,283.5,274.7,276.73,72390
2013-01-10,281.99,285.5,275.31,280.61,138020
2013-01-11,279.02,284.8,278.26,281.08,105830
2013-01-14,286.97,289.4,274.1,276.45,58550
2013-01-15,278.92,281.99,276.55,277.44,95750
2013-01-16,279.85,279.88,276.5,277.42,77260
2013-01-17,279.49,279.49,271.0,273.07,100450
2013-01-18,273.56,278.7,268.11,271.23,56730
2013-01-21,276.2,276.2,268.5,269.31,36620
2013-01-22,269.51,270.5,267.5,269.73,135300
2013-01-23,268.51,271.39,265.0,267.13,446850
2013-01-24,269.39,277.5,263.01,269.96,146600
2013-01-25,271.8,271.8,263.82,265.39,113120
2013-01-28,269.99,269.99,262.5,264.01,121380
2013-01-29,266.86,274.0,261.0,273.1,235910
2013-01-30,273.1,278.9,268.6,276.26,252510
2013-01-31,277.5,284.5,275.5,282.04,142400
2013-02-01,285.8,286.5,278.38,284.12,133240
2013-02-04,278.39,290.8,275.11,287.89,154820
2013-02-05,287.89,291.0,286.51,287.67,348770
2013-02-06,289.79,289.79,275.5,277.37,74420
2013-02-07,282.01,284.0,276.8,278.61,75960
2013-02-08,278.0,281.0,271.5,274.01,131220
2013-02-11,275.11,278.9,268.0,274.13,21950
2013-02-12,276.9,276.9,263.1,267.14,231110
2013-02-13,275.1,275.1,259.0,262.47,243520
2013-02-14,262.47,271.91,262.46,268.7,983410
2013-02-15,269.39,269.5,265.23,265.93,21430
2013-02-18,265.94,269.61,265.14,268.96,1140020
2013-02-19,269.98,289.1,269.82,283.96,703010
2013-02-20,283.01,286.4,278.11,281.39,211520
2013-02-21,276.11,281.46,276.11,279.16,69940
2013-02-22,284.98,284.99,278.0,279.59,93750
2013-02-25,280.14,281.5,275.01,278.21,302430
2013-02-26,286.98,286.98,275.0,276.95,177650
2013-02-27,275.5,278.46,275.2,277.7,91010
2013-02-28,278.0,281.86,274.0,277.07,279450
2013-03-01,282.9,284.0,274.3,277.28,115990
2013-03-04,277.2,282.8,276.21,278.08,64880
2013-03-05,284.9,284.9,278.58,279.93,143810
2013-03-06,283.7,283.7,277.24,278.42,34210
2013-03-07,281.5,281.9,277.3,278.68,56040
2013-03-08,280.41,280.41,277.29,279.39,37190
2013-03-11,284.3,284.3,275.0,276.37,86620
2013-03-12,278.46,279.5,275.31,276.51,41510
2013-03-13,276.5,279.97,274.0,277.23,44520
2013-03-14,277.23,277.9,275.01,276.56,13490
2013-03-15,276.9,279.9,276.0,279.05,188190
2013-03-18,278.94,280.5,275.0,277.48,48530
2013-03-19,277.5,278.58,267.2,276.67,375190
2013-03-20,277.88,280.0,272.25,275.01,336700
2013-03-21,279.98,279.98,270.1,277.27,216390
2013-03-22,276.79,276.8,263.05,267.89,174000
2013-03-25,268.0,272.4,257.26,260.68,51010
2013-03-26,269.99,269.99,251.16,256.31,31700
2013-03-28,257.0,257.3,252.0,256.22,597860
2013-04-01,256.02,259.9,254.67,255.19,256360
2013-04-02,253.0,278.8,250.1,270.25,135340
2013-04-03,270.2,272.5,267.02,269.7,45220
2013-04-04,270.0,270.0,264.5,265.77,53400
2013-04-05,263.1,271.2,263.09,266.43,69070
2013-04-08,270.89,270.89,268.04,270.25,49320
2013-04-09,263.0,273.9,263.0,272.88,879200
2013-04-10,279.98,280.0,269.0,278.48,107390
2013-04-11,279.8,282.5,275.89,280.81,572760
2013-04-12,279.5,282.0,275.1,275.63,1062830
2013-04-15,275.99,278.0,270.7,273.4,65160
2013-04-16,270.71,273.4,261.11,272.11,80700
2013-04-17,276.7,276.77,270.0,271.08,29660
2013-04-18,263.1,273.0,263.1,268.7,55780
2013-04-22,270.3,288.5,266.24,287.31,859450
2013-04-23,285.1,285.1,281.31,282.42,29980
2013-04-25,284.99,292.07,281.67,291.35,140850
2013-04-26,288.37,290.0,287.3,289.41,53430
2013-04-29,288.11,295.0,287.24,292.4,72620
2013-04-30,295.5,297.6,286.71,295.84,259880
2013-05-02,302.6,307.5,293.96,306.2,302260
2013-05-03,305.0,315.0,301.11,313.26,138100
2013-05-06,312.0,318.0,310.71,317.66,351660
2013-05-07,313.5,319.39,312.03,313.97,264550
2013-05-08,318.7,318.7,307.89,313.52,124810
2013-05-09,312.78,312.78,303.0,307.85,148460
2013-05-10,308.95,308.95,303.3,306.49,290450
2013-05-11,306.5,307.48,302.7,306.51,2550
2013-05-13,306.57,307.99,303.5,306.71,71210
2013-05-14,309.0,330.0,307.9,327.95,1210070
2013-05-15,333.4,348.6,327.1,340.08,758590
2013-05-16,339.9,348.0,333.9,345.21,365860
2013-05-17,346.1,346.49,341.33,344.93,92650
2013-05-20,344.1,355.5,340.63,349.57,642660
2013-05-21,349.4,357.3,345.06,349.69,199850
2013-05-22,349.0,352.5,347.5,351.04,120890
2013-05-23,345.2,350.5,343.13,345.36,250060
2013-05-24,346.8,359.9,343.59,358.24,144670
2013-05-27,357.02,369.8,357.02,365.61,1006260
2013-05-28,365.5,382.9,362.34,378.15,168280
2013-05-29,377.51,388.33,374.81,378.66,288800
2013-05-30,380.0,382.6,374.0,377.95,80040
2013-05-31,378.1,378.99,364.8,370.16,89220
2013-06-03,374.99,376.56,364.0,369.04,92850
2013-06-04,368.89,374.8,355.22,359.42,128870
2013-06-05,360.04,360.04,346.5,354.07,177070
2013-06-06,357.49,361.7,343.22,345.65,101130
2013-06-07,347.96,358.4,340.1,355.04,612290
2013-06-10,357.0,363.5,355.02,359.8,418800
2013-06-11,357.0,361.4,350.9,352.76,177880
2013-06-12,348.63,355.5,344.13,349.58,309380
2013-06-13,350.0,355.0,341.22,348.29,41040
2013-06-14,348.1,356.5,345.51,351.44,238650
2013-06-17,350.1,359.0,346.7,355.5,145440
2013-06-18,351.6,368.8,351.6,361.87,350890
2013-06-19,365.7,369.9,360.07,366.85,268340
2013-06-20,365.8,367.5,362.3,366.06,130880
2013-06-21,366.36,367.65,354.4,356.17,52140
2013-06-24,354.89,354.89,337.5,339.96,101730
2013-06-25,348.87,348.87,331.0,335.11,504790
2013-06-26,335.1,344.88,331.0,336.8,204380
2013-06-27,333.31,337.5,321.2,330.68,440850
2013-06-28,339.5,347.5,322.07,327.69,701120
2013-07-01,336.2,350.99,330.1,346.46,232410
2013-07-02,349.8,354.9,342.1,353.48,97170
2013-07-03,355.5,361.03,346.3,359.15,45450
2013-07-04,362.5,362.5,355.11,356.11,79370
2013-07-05,356.11,363.96,356.11,361.46,39350
2013-07-08,360.52,372.5,359.84,365.84,551070
2013-07-09,362.9,372.0,361.0,369.94,835470
2013-07-10,372.5,375.0,370.3,373.55,184730
2013-07-11,376.5,378.31,373.5,376.7,440210
2013-07-12,378.9,379.9,375.5,378.35,63870
2013-07-15,378.0,383.3,370.53,380.75,179500
2013-07-16,381.0,381.0,372.11,377.61,161490
2013-07-17,388.8,394.5,377.51,386.14,1012740
2013-07-18,390.0,398.0,385.0,387.74,330710
2013-07-19,391.48,394.37,383.0,383.96,566230
2013-07-22,378.1,385.4,377.5,380.6,27040
2013-07-23,379.9,386.44,369.0,372.61,72380
2013-07-24,373.2,379.4,370.42,373.13,217870
2013-07-25,378.0,378.0,360.11,364.92,243510
2013-07-26,367.24,374.89,364.5,370.17,61420
2013-07-29,372.5,372.5,357.66,364.86,93910
2013-07-30,362.01,363.34,345.2,349.14,133210
2013-07-31,345.1,359.0,342.04,348.93,221590
2013-08-01,349.5,357.7,345.01,347.2,213980
2013-08-02,345.0,353.5,342.7,349.72,301440
2013-08-05,349.7,353.0,344.01,346.03,461110
2013-08-06,342.6,350.0,323.0,330.39,1599130
2013-08-07,325.1,332.5,317.5,320.17,199020
2013-08-08,328.62,349.9,325.23,331.9,743790
2013-08-12,333.0,348.8,315.22,328.04,185400
2013-08-13,329.0,335.55,321.31,326.98,149120
2013-08-14,327.6,332.5,327.5,329.99,372570
2013-08-16,329.01,332.0,313.12,316.77,201310
2013-08-19,316.71,316.71,307.7,309.97,428520
2013-08-20,304.01,311.48,300.0,308.96,417100
2013-08-21,306.5,320.0,298.0,305.1,659950
2013-08-22,300.6,311.6,296.5,308.86,60490
2013-08-23,309.9,327.39,307.58,319.96,107890
2013-08-26,325.12,337.9,325.12,332.69,63580
2013-08-27,334.5,334.5,327.0,327.82,58120
2013-08-28,327.99,327.99,315.0,316.44,138990
2013-08-29,318.0,324.59,309.23,315.27,215070
2013-08-30,317.01,322.24,310.56,318.98,119850
2013-09-02,319.5,324.49,312.21,319.96,213450
2013-09-03,325.0,325.0,315.11,318.11,149430
2013-09-04,317.1,321.6,316.0,316.87,194390
2013-09-05,327.0,327.0,317.0,318.64,159710
2013-09-06,317.12,324.27,317.12,319.21,321320
2013-09-10,317.1,334.0,317.1,332.39,95600
2013-09-11,328.38,347.0,328.38,345.19,230310
2013-09-12,345.19,364.86,341.33,360.06,523900
2013-09-13,360.7,363.66,356.0,361.35,45860
2013-09-16,363.57,368.57,361.1,366.67,78910
2013-09-17,368.49,368.49,355.3,357.18,141110
2013-09-18,359.99,364.4,355.23,358.26,825900
2013-09-19,360.99,361.98,353.0,354.29,51160
2013-09-20,357.04,359.36,328.14,347.45,355520
2013-09-23,340.5,346.99,334.2,338.86,1174370
2013-09-24,339.21,363.8,339.21,359.51,251440
2013-09-25,358.88,363.5,347.9,351.25,100410
2013-09-26,349.59,351.4,345.0,347.6,53570
2013-09-27,350.9,358.4,346.61,355.44,79460
2013-09-30,360.8,363.5,350.01,356.04,97570
2013-10-01,355.0,368.43,351.2,366.62,137330
2013-10-03,366.99,367.2,356.67,360.63,134830
2013-10-04,365.0,370.0,360.02,368.7,192880
2013-10-07,369.8,379.8,364.2,378.05,74940
2013-10-08,378.21,381.6,373.1,379.55,121840
2013-10-09,377.9,395.0,376.99,389.81,247640
2013-10-10,390.0,397.0,390.0,393.86,114990
2013-10-11,390.1,398.36,390.1,395.24,205270
2013-10-14,394.88,395.0,392.48,393.3,22930
2013-10-15,395.0,395.0,389.0,389.56,411450
2013-10-17,388.02,392.24,380.4,387.59,63160
2013-10-18,384.1,389.0,384.1,387.68,47780
2013-10-21,384.0,387.58,384.0,384.46,106190
2013-10-22,380.49,397.4,380.48,395.79,146100
2013-10-23,391.11,399.9,386.24,399.11,159420
2013-10-24,398.0,403.7,394.0,397.18,54950
2013-10-25,393.21,397.5,391.13,393.24,17810
2013-10-28,394.0,394.0,385.0,388.17,19040
2013-10-29,384.4,396.0,384.4,390.21,25550
2013-10-30,390.5,394.89,387.6,389.28,17460
2013-10-31,394.0,396.4,390.9,395.79,107150
2013-11-01,395.99,399.9,393.5,398.28,140140
2013-11-03,394.0,398.2,391.52,394.81,14400
2013-11-05,393.0,399.9,393.0,398.69,103480
2013-11-06,396.0,400.0,396.0,398.44,47950
2013-11-07,400.0,407.95,399.6,401.96,255740
2013-11-08,412.1,425.0,405.9,413.6,385560
2013-11-11,424.0,424.0,416.53,418.6,91370
2013-11-12,423.0,424.0,418.5,420.64,129120
2013-11-13,419.5,421.5,415.0,420.3,50450
2013-11-14,421.39,421.5,418.7,420.18,74710
2013-11-18,423.0,423.0,420.5,421.1,44450
2013-11-19,422.99,423.0,420.0,421.92,61100
2013-11-20,421.7,429.0,420.0,423.2,69830
2013-11-21,423.0,428.2,419.0,420.58,434770
2013-11-22,422.0,423.0,419.5,420.2,149200
2013-11-25,420.8,426.5,419.0,420.26,290970
2013-11-26,422.0,435.0,422.0,432.51,277070
2013-11-27,433.0,450.0,433.0,449.05,211270
2013-11-28,449.0,483.0,444.99,464.48,951780
2013-11-29,468.49,474.5,465.55,468.73,253920
2013-12-02,471.3,510.9,471.3,499.86,965010
2013-12-03,504.0,534.0,502.99,513.78,953180
2013-12-04,523.36,523.36,490.0,492.67,337650
2013-12-05,493.2,497.48,472.1,475.55,412250
2013-12-06,477.49,489.7,469.24,482.88,358630
2013-12-09,490.0,495.5,466.0,468.15,164480
2013-12-10,475.0,477.97,468.24,470.03,771730
2013-12-11,474.23,491.0,470.11,485.54,335410
2013-12-12,482.2,499.8,482.2,494.82,274280
2013-12-13,492.53,505.4,489.1,491.52,334190
2013-12-16,490.32,498.0,481.5,485.34,106560
2013-12-17,485.1,489.97,470.1,477.72,216700
2013-12-18,473.5,499.0,473.5,495.98,291290
2013-12-19,493.01,502.8,485.42,491.01,174040
2013-12-20,492.9,509.9,492.9,507.35,208430
2013-12-23,511.05,519.9,492.0,496.6,203800
2013-12-24,497.0,504.8,495.0,497.55,63400
2013-12-26,504.2,505.0,495.1,497.68,48140
2013-12-27,502.8,502.8,497.48,499.26,42200
2013-12-30,500.0,503.9,497.0,497.48,54320
2013-12-31,499.8,501.5,497.0,497.59,39690
2014-01-01,500.46,502.0,497.5,500.2,24440
2014-01-02,498.3,508.5,497.0,498.29,111890
2014-01-03,495.32,502.0,495.0,496.9,39520
2014-01-06,501.9,504.5,490.0,498.6,42660
2014-01-07,500.8,506.6,497.33,499.31,73340
2014-01-08,494.3,516.77,494.3,507.49,124240
2014-01-09,512.0,512.0,500.0,504.25,106690
2014-01-10,499.51,505.65,499.0,500.9,142080
2014-01-13,498.5,508.0,498.5,505.5,652240
2014-01-14,502.0,507.0,500.08,501.25,296390
2014-01-15,504.5,504.5,490.1,493.74,104790
2014-01-16,500.0,506.5,494.0,495.3,41560
2014-01-17,504.0,504.0,490.1,494.58,34280
2014-01-20,499.3,513.0,493.07,505.92,86410
2014-01-21,508.8,511.5,506.2,508.58,68610
2014-01-22,511.5,511.5,502.5,504.15,24820
2014-01-23,509.5,509.5,501.61,504.49,40330
2014-01-24,500.1,504.5,488.1,492.18,86060
2014-01-27,490.31,490.31,482.3,484.01,39100
2014-01-28,490.0,494.04,478.0,480.82,60800
2014-01-29,483.77,487.0,471.0,472.52,46690
2014-01-30,471.6,474.4,465.4,468.89,81210
2014-01-31,470.0,479.0,460.87,464.61,79070
2014-02-03,460.7,471.5,455.0,456.34,204090
2014-02-04,452.01,458.1,452.01,455.53,99580
2014-02-05,459.99,460.17,451.6,454.3,45770
2014-02-06,463.7,463.9,447.86,450.4,126410
2014-02-07,454.8,458.0,441.8,442.6,101770
2014-02-10,442.6,448.89,440.2,443.09,156690
2014-02-11,440.6,448.0,440.11,441.78,100790
2014-02-12,443.1,451.5,440.25,443.75,400040
2014-02-13,452.5,490.0,451.51,481.86,1901970
2014-02-14,483.99,493.8,482.3,484.95,739760
2014-02-17,489.9,494.0,487.0,490.44,280960
2014-02-18,490.0,494.82,488.52,492.0,298850
2014-02-19,492.5,494.56,488.12,489.99,169690
2014-02-20,490.7,494.9,488.6,490.18,352270
2014-02-21,490.5,491.9,486.0,488.4,87070
2014-02-24,492.0,492.0,480.5,482.02,217360
2014-02-25,488.49,494.9,483.0,491.61,151150
2014-02-26,491.3,504.9,486.0,501.26,429320
2014-02-28,501.5,515.01,499.15,514.03,276150
2014-03-03,509.4,522.79,505.6,518.71,910180
2014-03-04,518.0,549.4,514.78,542.61,299960
2014-03-05,545.1,570.0,545.1,559.91,281890
2014-03-06,564.99,569.8,546.9,551.04,195890
2014-03-07,552.5,558.0,538.2,543.41,980610
2014-03-10,549.8,560.0,540.0,556.0,451470
2014-03-11,556.4,559.7,546.36,550.44,421840
2014-03-12,546.6,551.21,540.56,549.4,156160
2014-03-13,549.0,558.49,545.21,554.75,76850
2014-03-14,552.5,559.96,550.0,557.14,513700
2014-03-18,557.14,559.9,550.55,556.44,190900
2014-03-19,558.99,584.9,558.0,574.05,316600
2014-03-20,573.61,578.02,568.96,572.65,107930
2014-03-21,576.0,584.9,572.21,576.34,106180
2014-03-22,580.0,580.0,570.5,571.8,5680
2014-03-24,577.2,582.3,573.0,579.54,486680
2014-03-25,583.4,599.9,579.39,595.15,244910
2014-03-26,602.2,614.99,569.0,577.67,194400
2014-03-27,575.96,595.0,572.48,591.91,148740
2014-03-28,592.52,596.0,580.5,583.21,612090
2014-03-31,585.0,599.5,584.0,596.15,93530
2014-04-01,596.5,609.7,587.21,604.95,201360
2014-04-02,607.0,619.0,602.03,613.59,190110
2014-04-03,617.5,620.0,602.03,615.48,146820
2014-04-04,610.1,611.5,602.2,604.98,153290
2014-04-07,604.0,614.0,602.03,604.33,83230
2014-04-09,605.0,624.98,602.03,621.52,635360
2014-04-10,617.06,637.4,616.5,632.83,246180
2014-04-11,629.66,632.79,607.08,610.55,91030
2014-04-15,619.5,619.5,598.06,601.76,153290
2014-04-16,603.49,605.5,598.27,600.22,132320
2014-04-17,601.0,603.0,575.93,587.09,235130
2014-04-21,594.4,602.0,590.0,597.43,475910
2014-04-22,597.5,612.78,596.8,606.66,737810
2014-04-23,611.44,632.0,605.86,628.59,296820
2014-04-25,628.0,628.0,607.5,610.79,114630
2014-04-28,610.0,619.99,610.0,612.73,289080
2014-04-29,611.7,620.11,609.7,610.02,517490
2014-04-30,611.9,627.35,610.0,620.13,68300
2014-05-02,624.4,628.5,614.1,624.84,172940
2014-05-05,624.8,648.0,620.0,643.26,121810
2014-05-06,650.0,662.94,635.0,639.67,141630
2014-05-07,643.47,655.0,642.14,647.67,167220
2014-05-08,655.0,659.7,636.0,649.1,125950
2014-05-09,650.1,676.77,639.0,647.86,671840
2014-05-12,655.0,665.0,642.5,646.1,424660
2014-05-13,648.7,655.2,646.56,649.23,570310
2014-05-14,650.7,651.93,645.14,648.82,212480
2014-05-15,646.66,648.0,615.11,635.16,205530
2014-05-16,638.0,648.0,621.56,634.67,311910
2014-05-19,628.13,640.0,628.1,635.71,277480
2014-05-20,636.7,679.0,632.5,670.49,372760
2014-05-21,673.0,733.66,671.01,726.61,599380
2014-05-22,730.0,746.5,721.85,729.18,503320
2014-05-23,731.0,748.5,721.89,744.29,403430
2014-05-26,735.0,745.0,700.0,715.34,194740
2014-05-27,717.48,728.8,701.0,708.77,266920
2014-05-28,709.97,725.01,690.0,693.95,162150
2014-05-29,694.9,719.9,681.5,690.23,73770
2014-05-30,696.18,703.0,660.11,667.55,778700
2014-06-02,668.0,689.83,665.0,688.18,152230
2014-06-03,687.5,729.5,683.0,722.96,531840
2014-06-04,721.03,726.49,711.13,719.24,339720
2014-06-05,720.0,720.5,710.2,714.22,92200
2014-06-06,716.0,722.0,715.01,719.29,394630
2014-06-09,719.29,736.73,719.29,729.11,331830
2014-06-10,730.0,730.0,715.6,719.06,170870
2014-06-11,721.0,721.25,710.85,718.39,259770
2014-06-12,711.2,737.0,707.87,728.8,373410
2014-06-13,735.5,739.17,728.8,733.93,191050
2014-06-16,729.0,734.0,722.81,725.13,489270
2014-06-17,725.13,731.9,718.2,727.41,206760
2014-06-18,730.0,739.9,718.4,724.01,144650
2014-06-19,730.0,730.1,718.21,720.42,49330
2014-06-20,721.0,729.85,715.05,721.58,49960
2014-06-23,721.58,721.58,705.0,713.93,152420
2014-06-24,717.07,728.0,715.33,721.86,346950
2014-06-25,720.0,730.0,717.1,721.84,432820
2014-06-26,732.0,749.99,731.28,739.99,258520
2014-06-27,742.0,777.5,740.0,772.89,471520
2014-06-30,784.97,812.5,784.97,799.46,477670
2014-07-01,798.5,812.0,788.15,804.94,207750
2014-07-02,814.9,824.5,810.0,817.69,260240
2014-07-03,821.47,909.0,821.46,858.28,772160
2014-07-04,864.9,874.9,850.01,863.78,355240
2014-07-07,863.8,870.0,840.1,843.39,156410
2014-07-08,843.0,861.0,831.1,833.89,214480
2014-07-09,840.0,841.87,816.0,818.9,249340
2014-07-10,822.87,828.88,800.51,812.4,127210
2014-07-11,814.74,852.0,814.42,826.08,293390
2014-07-14,826.0,840.83,819.09,826.03,86380
2014-07-15,833.87,860.0,823.76,852.85,142490
2014-07-16,860.0,866.9,850.01,855.78,139090
2014-07-17,858.67,872.9,855.31,869.3,371300
2014-07-18,869.5,869.5,852.5,856.51,119620
2014-07-21,862.7,878.0,845.12,855.63,126830
2014-07-22,848.6,863.98,848.6,853.63,82100
2014-07-23,855.0,864.43,849.02,854.55,105480
2014-07-24,859.46,859.51,847.5,848.78,66900
2014-07-25,848.7,867.27,816.22,858.67,113760
2014-07-28,859.4,871.0,845.01,864.2,93460
2014-07-30,864.2,868.0,845.5,851.88,121640
2014-07-31,845.7,857.0,845.6,849.9,49560
2014-08-01,843.1,863.99,838.04,840.8,160960
2014-08-04,843.0,849.8,839.01,842.65,51540
2014-08-05,845.0,853.94,840.03,844.78,488080
2014-08-06,841.03,859.1,841.03,847.2,114290
2014-08-07,851.4,854.98,845.1,851.08,133030
2014-08-08,851.47,851.47,841.58,847.75,123170
2014-08-11,858.4,870.0,853.02,858.78,287240
2014-08-12,881.0,936.5,881.0,929.16,1211690
2014-08-13,938.5,1063.44,938.5,1035.93,2297580
2014-08-14,1047.5,1050.0,986.0,1002.49,918020
2014-08-18,1002.49,1014.0,985.0,998.72,291780
2014-08-19,1004.97,1026.9,995.0,998.98,532740
2014-08-20,1009.87,1009.87,989.9,999.11,159850
2014-08-21,1004.4,1004.4,994.0,999.22,202980
2014-08-22,1004.88,1021.02,997.5,1001.4,217830
2014-08-25,1000.01,1005.0,985.9,990.51,119900
2014-08-26,982.0,1001.0,980.6,984.38,268370
2014-08-27,987.1,994.0,980.0,981.08,271400
2014-08-28,980.1,983.97,971.13,975.6,331600
2014-09-01,980.87,1015.0,980.0,1005.18,482290
2014-09-02,1016.1,1039.9,1010.8,1022.48,432070
2014-09-03,1025.1,1144.48,1025.1,1110.19,1163510
2014-09-04,1117.0,1155.0,1086.25,1093.81,980440
2014-09-05,1104.8,1116.14,1080.0,1082.91,312520
2014-09-08,1092.0,1113.83,1072.7,1096.38,274280
2014-09-09,1116.0,1132.79,1093.0,1095.94,409320
2014-09-10,1098.0,1137.4,1090.23,1104.05,979030
2014-09-11,1110.0,1176.67,1102.73,1162.38,789180
2014-09-12,1176.71,1215.0,1171.26,1202.38,898020
2014-09-15,1204.9,1233.89,1190.0,1220.51,683380
2014-09-16,1225.0,1237.0,1140.0,1148.47,972230
2014-09-17,1167.4,1177.44,1110.5,1140.55,1052840
2014-09-18,1140.0,1174.93,1128.33,1164.2,730870
2014-09-19,1172.9,1202.51,1157.0,1163.48,1589360
2014-09-22,1159.4,1184.9,1153.83,1175.45,429710
2014-09-23,1179.9,1182.0,1150.03,1163.93,473690
2014-09-24,1165.1,1169.8,1140.0,1157.07,796600
2014-09-25,1155.1,1169.8,1126.0,1136.43,384850
2014-09-26,1127.5,1149.5,1082.64,1135.68,417760
2014-09-29,1142.0,1150.5,1122.5,1128.08,299680
2014-09-30,1140.0,1229.9,1136.5,1197.2,1582440
2014-10-01,1219.0,1219.0,1176.51,1180.17,605450
2014-10-07,1190.0,1195.0,1167.2,1170.72,358500
2014-10-08,1179.8,1179.8,1165.01,1170.7,283610
2014-10-09,1178.99,1179.2,1155.56,1160.97,345880
2014-10-10,1161.9,1161.9,1120.0,1127.04,301900
2014-10-13,1108.0,1141.99,1087.58,1126.98,448020
2014-10-14,1136.0,1140.1,1108.93,1121.16,372530
2014-10-16,1110.5,1146.0,1086.0,1103.32,507440
2014-10-17,1100.51,1143.9,1100.5,1133.43,381930
2014-10-20,1164.87,1174.0,1144.5,1163.64,438770
2014-10-21,1166.29,1180.0,1155.66,1167.85,491300
2014-10-22,1178.0,1192.5,1174.0,1188.35,249960
2014-10-23,1198.68,1198.68,1186.14,1189.06,43960
2014-10-27,1191.97,1244.9,1183.8,1226.24,484960
2014-10-28,1243.0,1248.67,1227.88,1239.67,328830
2014-10-29,1241.5,1275.0,1237.1,1259.64,661280
2014-10-30,1263.8,1269.9,1244.1,1253.22,585860
2014-10-31,1263.8,1282.5,1259.83,1277.28,442630
2014-11-03,1150.11,1281.58,1150.11,1273.96,315630
2014-11-05,1280.0,1295.48,1271.3,1287.52,254950
2014-11-07,1300.0,1302.5,1265.0,1267.59,614550
2014-11-10,1276.9,1283.99,1263.01,1272.97,162200
2014-11-11,1280.0,1302.43,1275.0,1299.37,441380
2014-11-12,1313.0,1327.8,1301.0,1315.17,753290
2014-11-13,1344.5,1344.5,1303.87,1319.18,697620
2014-11-14,1335.0,1406.8,1328.18,1399.29,2001990
2014-11-17,1408.9,1408.9,1378.08,1384.55,541020
2014-11-18,1387.9,1417.45,1380.01,1407.31,382420
2014-11-19,1410.9,1496.8,1410.2,1474.53,1575020
2014-11-20,1475.0,1514.99,1440.01,1464.82,1219150
2014-11-21,1476.7,1480.35,1445.66,1451.28,547610
2014-11-24,1457.5,1480.26,1448.01,1462.13,271380
2014-11-25,1457.51,1464.93,1418.29,1427.73,455820
2014-11-26,1430.0,1445.67,1415.72,1426.78,299870
2014-11-27,1430.0,1441.01,1426.31,1433.87,296900
2014-11-28,1435.0,1460.0,1435.0,1451.87,332780
2014-12-01,1452.01,1472.9,1442.12,1452.08,553250
2014-12-02,1453.8,1456.9,1430.0,1435.91,398850
2014-12-03,1460.16,1537.31,1460.16,1523.56,1235200
2014-12-04,1554.8,1578.5,1521.0,1543.2,1111530
2014-12-05,1545.0,1561.99,1514.0,1521.35,695450
2014-12-08,1539.5,1542.74,1487.0,1495.23,436920
2014-12-09,1492.5,1496.5,1421.5,1435.37,889970
2014-12-10,1430.0,1451.89,1415.1,1437.79,569190
2014-12-11,1434.0,1441.0,1400.41,1406.18,858420
2014-12-12,1414.8,1424.99,1394.02,1403.68,443770
2014-12-15,1389.6,1432.97,1377.17,1421.13,555010
2014-12-16,1406.8,1418.48,1386.83,1406.39,335510
2014-12-17,1397.53,1409.88,1370.1,1387.18,734840
2014-12-18,1399.9,1453.87,1399.9,1442.79,702470
2014-12-19,1462.49,1480.99,1452.0,1462.11,638470
2014-12-22,1473.5,1479.0,1450.33,1473.72,271320
2014-12-23,1479.3,1489.0,1468.87,1481.82,385310
2014-12-24,1487.9,1501.5,1472.3,1482.55,1546170
2014-12-26,1490.0,1523.42,1477.2,1512.43,219730
2014-12-29,1524.8,1541.9,1519.26,1537.29,279480
2014-12-30,1527.5,1545.0,1526.11,1535.29,147480
2015-01-01,1501.1,1536.07,1501.1,1526.23,291150
2015-01-02,1545.0,1545.01,1501.3,1508.2,399730
2015-01-05,1502.0,1524.6,1502.0,1515.06,353760
2015-01-06,1500.0,1501.5,1464.0,1475.59,481180
2015-01-07,1476.0,1499.97,1471.57,1495.99,318150
2015-01-08,1496.3,1510.0,1481.1,1487.37,294870
2015-01-09,1492.55,1498.0,1455.0,1473.87,387420
2015-01-12,1465.2,1514.5,1460.03,1485.77,657230
2015-01-13,1489.99,1494.72,1469.0,1479.92,144320
2015-01-14,1476.5,1494.6,1472.01,1483.35,157940
2015-01-15,1499.0,1526.9,1484.5,1512.72,461690
2015-01-16,1512.0,1538.5,1501.1,1534.97,329840
2015-01-19,1538.0,1559.09,1536.0,1547.46,382660
2015-01-20,1547.6,1558.18,1540.2,1549.07,367410
2015-01-21,1551.1,1555.0,1524.0,1537.23,260600
2015-01-22,1530.1,1541.12,1524.13,1531.49,140850
2015-01-23,1537.2,1542.01,1511.3,1514.6,1040970
2015-01-27,1519.0,1613.3,1509.42,1608.93,1340650
2015-01-28,1616.7,1649.18,1600.0,1634.03,850260
2015-01-29,1645.4,1665.02,1630.1,1647.89,615340
2015-01-30,1650.1,1664.0,1602.0,1627.59,374570
2015-02-02,1639.7,1689.5,1637.78,1656.18,508360
2015-02-03,1649.5,1671.39,1625.5,1632.36,310210
2015-02-04,1637.5,1639.99,1579.24,1591.95,272800
2015-02-05,1592.0,1608.27,1576.05,1583.76,291850
2015-02-06,1589.8,1598.0,1550.2,1558.78,215600
2015-02-09,1558.0,1558.0,1506.76,1511.56,265960
2015-02-10,1515.0,1553.0,1475.51,1513.32,528920
2015-02-11,1533.0,1620.0,1522.2,1614.13,398680
2015-02-12,1626.1,1661.89,1607.38,1641.79,426470
2015-02-13,1658.7,1687.2,1540.2,1626.74,741780
2015-02-16,1662.1,1678.8,1597.52,1605.11,710030
2015-02-18,1640.0,1704.77,1630.0,1694.73,929620
2015-02-19,1714.9,1720.0,1650.0,1664.04,492290
2015-02-20,1668.5,1668.5,1630.13,1636.21,305210
2015-02-23,1638.9,1641.78,1592.5,1598.19,332010
2015-02-24,1600.0,1605.0,1569.9,1584.22,392330
2015-02-25,1592.8,1602.0,1552.0,1559.64,438780
2015-02-26,1560.0,1566.29,1505.11,1520.54,557840
2015-02-27,1529.4,1584.99,1529.4,1580.64,911790
2015-02-28,1594.9,1629.9,1545.0,1625.56,602860
2015-03-02,1655.0,1670.0,1617.4,1642.61,1004760
2015-03-03,1634.95,1634.95,1568.62,1590.8,1177760
2015-03-04,1540.0,1626.0,1530.0,1604.8,2456430
2015-03-05,1610.0,1618.8,1586.0,1600.11,439860
2015-03-09,1587.5,1593.06,1565.0,1569.98,516080
2015-03-10,1570.0,1604.74,1569.98,1594.78,814820
2015-03-11,1602.0,1619.9,1590.0,1605.39,513190
2015-03-12,1614.0,1637.73,1606.0,1630.39,485690
2015-03-13,1636.48,1638.19,1579.04,1591.28,431710
2015-03-16,1592.0,1594.99,1563.3,1582.04,165110
2015-03-17,1589.9,1605.99,1581.0,1594.28,313240
2015-03-18,1595.0,1621.6,1588.54,1604.42,256920
2015-03-19,1614.0,1632.7,1603.01,1611.16,579030
2015-03-20,1611.0,1617.86,1592.07,1601.75,338780
2015-03-23,1608.98,1612.9,1575.13,1586.6,188250
2015-03-24,1589.5,1590.5,1544.72,1550.11,333070
2015-03-25,1554.0,1569.9,1535.0,1557.28,451180
2015-03-26,1550.0,1574.53,1529.62,1553.82,1414180
2015-03-27,1558.99,1560.0,1511.1,1549.08,398000
2015-03-30,1559.9,1609.5,1557.41,1601.89,383940
2015-03-31,1615.0,1617.5,1582.17,1590.82,386800
2015-04-01,1592.9,1619.7,1583.01,1601.95,458790
2015-04-06,1609.43,1609.43,1552.03,1578.24,653130
2015-04-07,1579.98,1605.0,1571.51,1598.33,326890
2015-04-08,1602.0,1659.0,1597.63,1652.48,766960
2015-04-09,1670.0,1670.0,1627.2,1630.25,538500
2015-04-10,1633.5,1643.3,1610.63,1623.03,386810
2015-04-13,1620.0,1623.1,1600.1,1607.07,436620
2015-04-15,1609.99,1612.0,1581.0,1587.27,444450
2015-04-16,1624.0,1624.0,1573.4,1583.72,1081000
2015-04-17,1585.0,1587.5,1519.99,1531.11,575680
2015-04-20,1531.0,1531.0,1463.0,1476.2,902330
2015-04-21,1490.0,1494.87,1413.6,1431.03,904210
2015-04-22,1440.0,1446.99,1406.04,1436.62,1109130
2015-04-23,1451.0,1484.6,1445.1,1474.7,475210
2015-04-24,1474.2,1485.9,1449.04,1472.05,1226260
2015-04-27,1455.5,1507.0,1390.01,1477.1,982640
2015-04-28,1475.0,1525.5,1467.06,1517.51,487630
2015-04-29,1521.0,1543.48,1511.26,1523.81,384040
2015-04-30,1520.2,1534.7,1510.0,1519.16,635740
2015-05-04,1544.16,1549.99,1530.08,1533.46,260220
2015-05-05,1533.3,1572.17,1521.1,1555.55,323440
2015-05-06,1552.0,1569.88,1500.0,1508.03,465440
2015-05-07,1507.5,1511.4,1449.49,1480.7,750550
2015-05-08,1493.0,1589.0,1470.0,1578.12,1368920
2015-05-11,1597.0,1696.5,1593.8,1687.16,2452730
2015-05-12,1695.0,1730.0,1660.0,1715.86,1304850
2015-05-13,1745.5,1833.01,1741.6,1808.96,3417440
2015-05-14,1800.0,1847.8,1770.1,1817.62,1784400
2015-05-15,1817.7,1879.48,1817.7,1872.2,1506160
2015-05-18,1872.43,1915.5,1829.5,1859.78,1626570
2015-05-19,1861.5,1885.97,1807.6,1825.15,1045160
2015-05-20,1822.9,1861.7,1810.39,1852.85,1050920
2015-05-21,1850.0,1853.0,1830.6,1841.33,431240
2015-05-22,1840.0,1873.0,1838.28,1869.68,699030
2015-05-25,1860.0,1954.5,1850.01,1917.34,1777900
2015-05-26,1910.0,1938.5,1881.64,1890.93,1986630
2015-05-27,1886.96,1886.96,1805.11,1836.31,1934440
2015-05-28,1838.0,1860.0,1779.5,1798.62,1915360
2015-05-29,1805.0,1929.99,1780.9,1889.64,12860700
2015-06-01,1849.9,1892.58,1836.95,1877.79,1096380
2015-06-02,1886.76,1895.8,1798.0,1814.52,1097880
2015-06-03,1814.0,1844.5,1795.1,1819.12,897950
2015-06-04,1750.0,1775.0,1696.08,1731.18,3314370
2015-06-05,1719.9,1747.7,1706.21,1739.17,761860
2015-06-08,1748.5,1756.0,1720.77,1728.25,690480
2015-06-09,1730.0,1730.0,1664.97,1710.88,1049390
2015-06-10,1719.8,1768.73,1712.7,1759.27,861190
2015-06-11,1767.1,1775.0,1712.0,1724.43,595110
2015-06-12,1724.98,1747.71,1710.0,1740.41,455360
2015-06-15,1773.5,1812.34,1762.81,1802.74,718280
2015-06-16,1807.9,1852.53,1802.8,1845.18,1012840
2015-06-17,1854.62,1949.99,1854.62,1928.89,1717320
2015-06-18,1933.62,1968.8,1930.0,1949.57,1066240
2015-06-19,1955.02,2004.99,1918.01,1944.52,3874280
2015-06-22,1937.5,1965.8,1925.06,1940.48,1000180
2015-06-23,1940.0,1946.99,1918.0,1927.68,577410
2015-06-24,1925.0,1946.09,1904.23,1912.35,984390
2015-06-25,1916.5,1958.5,1916.5,1948.37,1835900
2015-06-26,1949.5,1967.8,1930.0,1956.17,408400
2015-06-29,1920.16,1939.9,1902.76,1929.83,425730
2015-06-30,1927.98,1969.99,1925.01,1958.67,577540
2015-07-01,1974.2,2045.0,1969.1,2035.23,1219040
2015-07-02,2040.0,2134.0,2040.0,2125.77,1601620
2015-07-03,2139.4,2155.51,2019.5,2027.56,1986580
2015-07-06,2010.0,2054.5,1990.03,2033.43,951730
2015-07-07,2047.3,2054.89,2020.0,2036.26,570230
2015-07-08,2020.01,2061.26,2012.51,2048.26,719440
2015-07-09,2054.99,2071.16,2049.01,2064.12,535190
2015-07-10,2072.5,2080.0,2059.0,2076.51,447180
2015-07-13,2080.2,2121.0,2080.2,2116.02,530250
2015-07-14,2119.49,2119.49,2070.0,2077.39,595940
2015-07-15,2077.49,2081.99,2060.5,2071.83,405100
2015-07-16,2075.0,2115.6,2072.0,2107.88,414520
2015-07-17,2123.0,2123.0,2093.22,2110.07,270490
2015-07-20,2119.0,2131.79,2100.0,2124.81,354460
2015-07-21,2125.1,2162.0,2125.0,2134.83,620990
2015-07-22,2138.5,2143.5,2073.5,2110.97,1130050
2015-07-23,2106.3,2106.3,2036.12,2053.82,677200
2015-07-24,2041.0,2059.79,2005.0,2011.39,813960
2015-07-27,1990.12,1996.0,1926.42,1934.79,1163350
2015-07-28,1944.5,1963.5,1913.25,1949.94,849090
2015-07-29,1960.0,1972.38,1915.12,1924.63,842570
2015-07-30,1939.4,1955.1,1890.79,1902.79,877940
2015-07-31,1916.5,1925.01,1869.5,1907.12,1033940
2015-08-03,1950.0,1950.0,1903.62,1908.31,632610
2015-08-04,1910.8,2030.0,1895.51,2017.81,1375040
2015-08-05,2048.0,2071.9,2006.1,2056.66,1188320
2015-08-06,2056.0,2067.3,2037.53,2057.24,449180
2015-08-07,2059.0,2076.9,2042.93,2063.16,359450
2015-08-10,2060.0,2075.99,2020.0,2036.46,366400
2015-08-11,2038.9,2051.99,1981.0,2016.33,462080
2015-08-12,2008.01,2013.0,1973.3,1984.92,375670
2015-08-13,1987.05,2026.8,1981.03,1990.27,439660
2015-08-14,2004.8,2067.99,1995.51,2060.06,551230
2015-08-17,2063.0,2075.0,2034.8,2066.48,402480
2015-08-18,2085.04,2104.0,2067.1,2094.46,488900
2015-08-19,2098.5,2136.0,2075.02,2123.55,521390
2015-08-20,2124.8,2159.6,2091.65,2101.76,686080
2015-08-21,2089.8,2089.8,2030.0,2046.48,745150
2015-08-24,1996.48,1996.5,1782.1,1858.55,1289170
2015-08-25,1885.11,1919.59,1790.0,1869.89,1385870
2015-08-26,1868.99,1919.49,1849.99,1856.7,754800
2015-08-27,1895.0,1949.97,1872.32,1877.16,689780
2015-08-28,1900.0,1914.58,1853.31,1891.93,757970
2015-08-31,1894.4,1918.97,1877.21,1901.48,1500930
2015-09-01,1889.0,1908.8,1803.42,1825.93,1010600
2015-09-02,1843.5,1872.0,1823.0,1837.72,940840
2015-09-03,1857.7,1864.3,1830.32,1838.27,475860
2015-09-04,1838.27,1838.31,1776.0,1817.77,615140
2015-09-07,1821.5,1830.0,1729.04,1744.29,736180
2015-09-08,1747.79,1747.79,1671.11,1723.43,1248080
2015-09-09,1750.0,1802.73,1732.23,1796.73,1048270
2015-09-10,1775.0,1869.44,1745.01,1849.69,977380
2015-09-11,1859.0,1902.4,1859.0,1888.21,906040
2015-09-14,1897.5,1908.0,1851.12,1883.65,495720
2015-09-15,1882.97,1896.49,1842.0,1857.63,860460
2015-09-16,1865.0,1875.0,1762.88,1793.7,1147980
2015-09-18,1814.97,1847.5,1811.0,1823.44,566930
2015-09-21,1815.0,1856.0,1805.22,1847.83,331240
2015-09-22,1857.9,1874.69,1822.83,1833.49,384670
2015-09-23,1810.0,1859.9,1810.0,1825.44,376810
2015-09-24,1829.99,1833.29,1770.33,1777.62,990070
2015-09-28,1791.48,1793.0,1720.0,1728.26,524080
2015-09-29,1710.0,1778.87,1684.2,1744.07,835400
2015-09-30,1758.03,1784.4,1718.39,1779.16,921680
2015-10-01,1800.1,1833.3,1761.98,1828.64,1104200
2015-10-05,1844.0,1880.0,1840.0,1877.28,702630
2015-10-06,1892.47,1893.5,1857.5,1863.02,466230
2015-10-07,1855.0,1898.8,1854.26,1890.53,574360
2015-10-08,1900.0,1900.53,1860.78,1866.63,366520
2015-10-09,1875.0,1886.33,1825.26,1831.82,634010
2015-10-12,1834.11,1851.82,1793.1,1798.24,478200
2015-10-13,1799.48,1818.2,1765.22,1782.04,672010
2015-10-14,1780.0,1828.9,1780.0,1818.02,307510
2015-10-15,1823.5,1847.8,1822.63,1831.12,369030
2015-10-16,1834.9,1844.39,1819.0,1828.66,367070
2015-10-19,1832.96,1834.39,1810.41,1824.13,411100
2015-10-20,1826.49,1835.0,1805.0,1816.12,473380
2015-10-21,1819.0,1843.0,1801.7,1821.06,609590
2015-10-23,1830.5,1835.99,1812.0,1815.87,572690
2015-10-26,1818.83,1824.0,1783.79,1793.49,365660
2015-10-27,1790.33,1790.5,1753.5,1765.97,692190
2015-10-28,1754.98,1773.49,1728.83,1739.23,961090
2015-10-29,1744.42,1753.01,1727.38,1741.87,612850
2015-10-30,1751.87,1786.2,1743.13,1774.24,456200
2015-11-02,1801.19,1809.44,1782.5,1797.54,524390
2015-11-03,1800.4,1809.5,1797.5,1801.08,330980
2015-11-04,1806.0,1818.67,1772.72,1776.82,350640
2015-11-05,1784.0,1796.7,1760.0,1767.8,185730
2015-11-06,1770.0,1799.5,1642.8,1669.33,1569340
2015-11-09,1640.0,1644.59,1581.88,1595.25,1375940
2015-11-10,1604.9,1611.18,1561.1,1584.16,751830
2015-11-11,1600.0,1609.16,1587.6,1604.58,87720
2015-11-13,1590.0,1592.55,1552.03,1562.43,496620
2015-11-16,1559.9,1568.97,1502.0,1526.22,875000
2015-11-17,1545.2,1554.0,1529.1,1549.39,379790
2015-11-18,1556.99,1598.36,1547.5,1588.39,698710
2015-11-19,1599.5,1619.0,1591.8,1616.67,657680
2015-11-20,1620.0,1646.0,1609.92,1641.69,445250
2015-11-23,1650.0,1679.55,1617.4,1675.63,474880
2015-11-24,1679.89,1679.9,1660.2,1665.02,369720
2015-11-26,1665.11,1672.97,1625.02,1648.56,697660
2015-11-27,1652.51,1705.0,1651.0,1659.64,677220
2015-11-30,1669.0,1686.11,1659.81,1672.89,594670
2015-12-01,1687.7,1687.97,1620.49,1623.74,614350
2015-12-02,1638.0,1650.0,1608.39,1636.07,432550
2015-12-03,1632.99,1676.5,1624.35,1669.23,828180
2015-12-04,1659.0,1667.98,1636.0,1642.89,366790
2015-12-07,1646.0,1657.5,1620.1,1623.08,213830
2015-12-08,1622.9,1653.0,1617.71,1630.71,255070
2015-12-09,1630.0,1637.04,1565.85,1572.81,464660
2015-12-10,1588.48,1610.0,1568.02,1603.97,438360
2015-12-11,1605.0,1610.0,1545.0,1556.08,614540
2015-12-14,1535.0,1557.5,1510.0,1536.65,659440
2015-12-15,1539.9,1592.5,1527.0,1586.2,418850
2015-12-16,1590.0,1628.0,1589.99,1606.38,382320
2015-12-17,1614.0,1638.0,1599.0,1627.71,309700
2015-12-18,1621.6,1627.03,1594.52,1616.03,1118880
2015-12-21,1610.01,1633.24,1596.99,1603.1,378080
2015-12-22,1610.0,1618.99,1601.0,1607.58,165960
2015-12-23,1617.58,1624.0,1601.02,1618.98,172870
2015-12-24,1620.1,1630.0,1611.45,1617.22,123040
2015-12-28,1619.89,1665.0,1619.8,1659.86,381400
2015-12-29,1660.1,1673.52,1650.8,1670.31,277630
2015-12-30,1669.9,1670.3,1643.97,1652.98,288980
2015-12-31,1659.0,1692.0,1654.19,1685.56,340390
2016-01-01,1687.9,1768.96,1677.27,1737.08,599660
2016-01-04,1751.99,1797.49,1744.01,1749.53,917430
2016-01-05,1757.5,1777.12,1711.09,1715.99,563490
2016-01-06,1728.7,1761.49,1722.0,1752.51,487940
2016-01-07,1739.0,1744.83,1691.95,1703.57,496240
2016-01-08,1706.0,1748.0,1706.0,1724.14,282520
2016-01-11,1716.0,1741.0,1690.3,1723.91,302910
2016-01-12,1739.98,1740.0,1698.09,1706.68,296900
2016-01-13,1728.8,1728.8,1667.47,1706.27,450700
2016-01-14,1689.0,1709.52,1674.99,1698.8,370670
2016-01-15,1701.0,1718.8,1605.1,1624.08,339700
2016-01-18,1624.73,1627.7,1525.0,1545.95,485220
2016-01-19,1545.0,1591.14,1480.0,1582.38,629330
2016-01-20,1560.1,1573.55,1503.0,1553.89,438840
2016-01-21,1578.89,1591.19,1538.0,1555.22,458590
2016-01-22,1588.5,1658.31,1570.51,1647.24,550390
2016-01-25,1677.75,1677.75,1635.56,1641.62,228320
2016-01-27,1645.4,1647.67,1611.2,1623.21,265500
2016-01-28,1623.2,1628.8,1588.9,1595.9,370670
2016-01-29,1600.0,1665.09,1584.41,1654.66,574020
2016-02-01,1680.0,1710.9,1660.03,1707.39,439140
2016-02-02,1719.9,1739.7,1700.2,1719.71,491340
2016-02-03,1701.0,1721.8,1661.74,1675.42,641660
2016-02-04,1690.1,1729.7,1675.0,1689.43,468130
2016-02-05,1706.0,1845.0,1689.84,1811.92,2169440
2016-02-08,1837.4,1888.87,1823.0,1838.47,1032770
2016-02-09,1820.0,1836.87,1797.76,1817.58,365830
2016-02-10,1813.7,1823.15,1781.0,1790.99,488060
2016-02-11,1775.0,1800.0,1756.22,1761.93,1258780
2016-02-12,1772.0,1825.0,1739.78,1799.37,817740
2016-02-15,1827.54,1890.0,1827.54,1877.22,564820
2016-02-16,1890.0,1891.09,1863.6,1869.03,859740
2016-02-17,1870.0,1925.0,1851.9,1880.25,1820560
2016-02-18,1899.99,1899.99,1852.36,1869.46,601230
2016-02-19,1855.0,1889.89,1822.36,1862.64,283560
2016-02-22,1879.8,1900.0,1867.51,1891.87,254910
2016-02-23,1910.1,1919.49,1890.0,1900.38,476050
2016-02-24,1893.72,1942.0,1877.73,1909.47,381300
2016-02-25,1904.92,1918.98,1865.3,1888.88,717030
2016-02-26,1900.1,1916.08,1879.02,1888.56,435180
2016-02-29,1882.0,1940.0,1845.03,1890.06,531940
2016-03-01,1895.0,1936.0,1890.0,1918.43,795420
2016-03-02,1950.0,1950.0,1922.32,1932.19,738640
2016-03-03,1943.0,1943.1,1925.2,1932.84,450450
2016-03-04,1940.0,1940.0,1910.1,1925.85,232010
2016-03-08,1920.0,1999.5,1915.0,1980.21,1035450
2016-03-09,1983.6,2027.25,1977.74,1993.38,799690
2016-03-10,1995.0,2001.0,1970.02,1979.99,942390
2016-03-11,1982.0,2012.78,1971.5,2000.4,473310
2016-03-14,2020.0,2025.0,1980.0,1984.98,728910
2016-03-15,1987.48,1987.48,1946.1,1954.83,1359590
2016-03-16,1954.09,1954.09,1865.5,1869.34,940110
2016-03-17,1878.0,1880.0,1799.5,1803.62,938590
2016-03-18,1805.1,1849.4,1789.5,1841.34,736590
2016-03-21,1856.4,1860.0,1818.0,1835.64,457150
2016-03-22,1850.0,1850.0,1800.2,1823.67,356490
2016-03-23,1829.9,1869.98,1800.3,1855.41,458270
2016-03-28,1859.7,1865.45,1833.0,1841.03,286470
2016-03-29,1845.0,1875.0,1818.11,1863.34,401700
2016-03-30,1879.98,1883.3,1853.34,1873.68,541470
2016-03-31,1882.5,1935.0,1854.94,1918.06,1633290
2016-04-01,1908.06,1945.0,1891.08,1925.41,800180
2016-04-04,1938.4,1957.1,1928.51,1950.39,505960
2016-04-05,1940.0,1944.89,1864.21,1873.55,486520
2016-04-06,1883.4,1922.54,1863.55,1917.98,338800
2016-04-07,1915.0,1919.79,1877.98,1888.41,206780
2016-04-08,1893.5,1929.08,1880.51,1918.12,256300
2016-04-11,1916.0,1942.5,1900.0,1938.89,285040
2016-04-12,1932.0,1960.0,1931.1,1955.79,542410
2016-04-13,1965.79,1996.8,1955.79,1989.63,855590
2016-04-18,1991.72,2060.0,1991.72,2026.83,545380
2016-04-20,2033.01,2057.93,2025.01,2051.12,519920
2016-04-21,2053.0,2069.98,2020.0,2032.88,362600
2016-04-22,2022.9,2037.48,2010.1,2016.99,241410
2016-04-25,2019.0,2019.0,1990.99,1994.54,293890
2016-04-26,1994.5,2032.5,1985.0,2014.84,510010
2016-04-27,2016.87,2020.08,2006.0,2011.43,283840
2016-04-28,2019.9,2037.34,2007.0,2029.29,459210
2016-04-29,2028.9,2028.99,1995.01,2003.5,304180
2016-05-02,1998.49,2013.0,1980.0,1985.43,326220
2016-05-03,1996.4,2027.99,1980.0,1998.15,394060
2016-05-04,1999.99,2008.86,1960.81,1976.08,255450
2016-05-05,1987.0,2000.0,1921.46,1968.67,1524120
2016-05-06,1976.87,2034.9,1962.0,2021.59,628300
2016-05-09,2039.96,2050.0,2028.06,2048.32,368000
2016-05-10,2049.9,2049.9,2007.92,2023.92,413240
2016-05-11,2010.0,2016.0,1990.84,1997.68,206790
2016-05-12,2000.4,2024.4,1970.1,1975.31,630110
2016-05-13,1890.01,1955.36,1838.0,1899.28,14316680
2016-05-16,1915.0,1921.0,1885.0,1906.32,504570
2016-05-17,1910.1,1916.32,1855.52,1860.17,494760
2016-05-18,1850.9,1881.78,1832.12,1872.0,480240
2016-05-19,1875.0,1876.28,1810.0,1820.07,380270
2016-05-20,1826.0,1835.0,1812.5,1828.07,587130
2016-05-23,1838.0,1844.0,1820.0,1826.81,282280
2016-05-24,1826.81,1829.79,1801.0,1817.73,335600
2016-05-25,1830.0,1856.0,1826.63,1853.07,280010
2016-05-26,1853.0,1867.0,1831.14,1839.43,1290760
2016-05-27,1849.4,1879.9,1842.53,1874.23,271290
2016-05-30,1871.1,1881.1,1860.0,1874.17,205130
2016-05-31,1883.94,1884.93,1827.0,1848.58,643950
2016-06-01,1850.0,1880.9,1850.0,1871.33,611780
2016-06-02,1870.1,1892.0,1865.21,1880.68,238200
2016-06-03,1880.6,1889.8,1862.63,1878.7,361990
2016-06-06,1878.5,1906.55,1874.9,1899.49,478670
2016-06-07,1909.0,1914.39,1871.64,1882.81,319570
2016-06-08,1892.0,1892.0,1868.97,1882.46,150210
2016-06-09,1885.0,1888.81,1853.83,1858.4,142550
2016-06-10,1854.51,1870.0,1843.4,1862.02,279580
2016-06-13,1850.0,1855.27,1827.77,1844.77,203860
2016-06-14,1847.5,1880.99,1835.0,1875.37,230410
2016-06-15,1878.0,1882.97,1857.0,1863.72,350050
2016-06-16,1860.0,1889.7,1850.54,1882.77,293590
2016-06-17,1883.01,1889.36,1867.5,1877.91,224540
2016-06-20,1872.11,1875.75,1861.0,1866.06,205560
2016-06-21,1874.7,1883.08,1863.67,1871.33,174170
2016-06-22,1869.5,1880.0,1867.58,1878.76,144490
2016-06-23,1871.1,1878.78,1860.01,1865.94,217010
2016-06-24,1838.8,1872.6,1800.0,1866.22,367500
2016-06-27,1866.22,1874.83,1843.03,1871.07,228880
2016-06-28,1869.0,1922.57,1868.99,1916.64,422380
2016-06-29,1928.97,1934.93,1906.79,1911.62,325870
2016-06-30,1930.0,1930.69,1913.32,1922.24,446640
2016-07-01,1922.2,1945.0,1905.02,1915.51,481990
2016-07-04,1935.0,1964.0,1925.0,1949.22,416680
2016-07-05,1950.0,1950.0,1932.52,1943.14,203110
2016-07-07,1949.9,1964.9,1930.0,1959.31,238640
2016-07-08,1960.0,1962.0,1940.0,1945.16,297610
2016-07-11,1961.99,1964.49,1948.0,1954.61,263370
2016-07-12,1950.2,1977.48,1950.2,1967.71,245520
2016-07-13,1962.18,1970.0,1941.1,1953.66,285270
2016-07-14,1952.1,1960.0,1945.0,1951.71,206180
2016-07-15,1953.5,1986.5,1952.5,1978.11,297590
2016-07-18,1980.0,1999.9,1980.0,1995.42,237760
2016-07-19,1990.7,1998.0,1953.2,1970.99,269150
2016-07-20,1965.5,1988.93,1965.5,1984.98,153130
2016-07-21,1975.0,1994.9,1970.0,1975.5,123310
2016-07-22,1982.5,1985.86,1961.0,1981.25,151190
2016-07-25,1985.0,2004.0,1977.12,1997.21,235760
2016-07-26,1998.0,2014.9,1985.0,2011.22,291660
2016-07-27,2013.24,2044.5,2008.0,2033.97,356150
2016-07-28,2049.9,2124.9,2046.01,2109.98,1363220
2016-07-29,2159.9,2252.0,2152.11,2246.08,1991410
2016-08-01,2274.98,2285.4,2221.11,2232.52,895520
2016-08-02,2235.11,2255.0,2180.0,2184.65,487560
2016-08-03,2197.99,2216.08,2124.01,2136.84,633640
2016-08-04,2158.21,2164.15,2100.5,2140.4,475940
2016-08-05,2160.0,2229.9,2151.65,2222.32,483330
2016-08-08,2243.09,2248.08,2207.92,2243.17,289940
2016-08-09,2248.9,2248.9,2176.58,2208.24,257300
2016-08-10,2208.24,2208.74,2162.03,2173.97,314570
2016-08-11,2173.5,2240.0,2152.52,2226.83,444390
2016-08-12,2235.99,2252.3,2207.93,2232.16,323420
2016-08-16,2233.48,2264.9,2214.11,2246.17,412380
2016-08-17,2250.0,2250.0,2221.21,2234.81,225290
2016-08-18,2234.8,2248.09,2207.81,2217.48,202150
2016-08-19,2227.9,2239.99,2171.3,2177.73,305600
2016-08-22,2179.5,2195.99,2154.73,2179.5,325200
2016-08-23,2174.9,2206.1,2165.4,2200.99,230270
2016-08-24,2216.8,2223.0,2189.0,2213.23,288280
2016-08-25,2223.0,2235.35,2197.14,2209.06,401510
2016-08-26,2212.2,2235.0,2210.0,2233.1,233470
2016-08-29,2230.0,2235.0,2216.0,2230.81,465400
2016-08-30,2240.0,2308.4,2217.59,2304.31,595460
2016-08-31,2310.0,2342.93,2260.1,2275.09,1436180
2016-09-01,2275.1,2295.01,2267.54,2277.43,365860
2016-09-02,2289.0,2302.43,2275.5,2281.7,301210
2016-09-06,2284.1,2304.52,2282.7,2294.83,438450
2016-09-07,2312.4,2312.4,2281.0,2297.28,448720
2016-09-08,2297.28,2349.9,2285.8,2341.92,384880
2016-09-09,2344.9,2357.29,2286.09,2292.51,320360
2016-09-12,2269.58,2282.5,2244.52,2274.14,652980
2016-09-14,2288.2,2291.4,2235.0,2259.82,580700
2016-09-15,2260.0,2267.99,2226.61,2244.01,392840
2016-09-16,2250.11,2323.99,2250.11,2313.53,552940
2016-09-19,2304.3,2333.28,2300.0,2312.93,291340
2016-09-20,2326.05,2354.51,2315.61,2342.78,559090
2016-09-21,2342.0,2428.0,2333.37,2419.86,956520
2016-09-22,2441.5,2485.0,2426.58,2480.9,714740
2016-09-23,2484.4,2500.0,2455.0,2485.32,537950
2016-09-26,2484.0,2499.5,2460.5,2469.38,520090
2016-09-27,2475.2,2485.0,2448.0,2464.32,323640
2016-09-28,2462.5,2604.5,2462.01,2578.66,1021860
2016-09-29,2634.4,2664.13,2445.15,2491.83,1385000
2016-09-30,2514.98,2555.0,2454.94,2482.78,726900
2016-10-03,2532.0,2596.9,2514.35,2579.63,552100
2016-10-04,2598.97,2607.74,2554.2,2584.24,398270
2016-10-05,2585.0,2634.59,2561.22,2628.14,393970
2016-10-06,2628.0,2650.5,2606.14,2624.08,382610
2016-10-07,2634.0,2634.0,2575.01,2581.04,259690
2016-10-10,2591.53,2608.2,2576.18,2580.46,200100
2016-10-13,2570.0,2597.8,2556.72,2580.32,499960
2016-10-14,2598.78,2599.0,2533.09,2540.02,457330
2016-10-17,2543.01,2557.82,2456.49,2464.74,456480
2016-10-18,2479.5,2522.03,2470.0,2506.91,412220
2016-10-19,2511.0,2529.9,2490.0,2497.82,223660
2016-10-20,2514.0,2524.0,2480.0,2498.86,274840
2016-10-21,2512.4,2519.39,2481.5,2512.22,178800
2016-10-24,2520.0,2532.3,2483.01,2491.44,183110
2016-10-25,2492.0,2502.39,2459.97,2463.1,334050
2016-10-26,2471.8,2479.89,2415.96,2441.88,376440
2016-10-27,2446.0,2472.4,2405.89,2449.19,509740
2016-10-28,2476.0,2479.9,2367.63,2402.0,953980
2016-10-30,2426.0,2428.8,2395.01,2401.7,53710
2016-11-01,2435.0,2552.09,2430.14,2532.1,884820
2016-11-02,2506.78,2518.4,2473.12,2477.98,360140
2016-11-03,2483.0,2510.0,2440.2,2454.94,260960
2016-11-04,2464.0,2474.51,2377.49,2392.98,331120
2016-11-07,2427.19,2458.49,2395.51,2402.16,274500
2016-11-08,2421.1,2448.5,2388.61,2426.78,248850
2016-11-09,2300.0,2377.99,2184.2,2333.13,560530
2016-11-10,2389.93,2399.9,2289.09,2306.63,361550
2016-11-11,2289.67,2289.67,2157.3,2168.52,624710
2016-11-15,2174.0,2174.0,1953.0,2028.12,1532410
2016-11-16,2070.0,2180.0,2001.0,2111.67,1516430
2016-11-17,2114.85,2140.0,2066.31,2103.6,577040
2016-11-18,2118.8,2193.42,2088.11,2179.23,752340
2016-11-21,2199.99,2199.99,2010.3,2036.16,857430
2016-11-22,2061.13,2098.82,2017.21,2065.31,720490
2016-11-23,2085.01,2146.6,2064.99,2096.03,701470
2016-11-24,2077.5,2077.5,2022.2,2035.66,748210
2016-11-25,2060.66,2069.9,1993.67,2022.26,889860
2016-11-28,2024.99,2064.99,2000.0,2021.39,1097740
2016-11-29,2047.5,2144.0,2032.73,2129.41,1123840
2016-11-30,2150.0,2177.07,2112.33,2161.98,892390
2016-12-01,2175.0,2244.4,2162.14,2220.23,1297540
2016-12-02,2220.2,2294.79,2212.61,2275.62,1830060
2016-12-05,2260.0,2318.9,2260.0,2274.83,725890
2016-12-06,2284.5,2298.8,2238.01,2245.75,370370
2016-12-07,2262.4,2351.68,2251.11,2338.2,1117730
2016-12-08,2365.0,2370.01,2305.6,2324.99,703600
2016-12-09,2349.95,2362.38,2278.51,2284.44,764510
2016-12-12,2280.0,2309.48,2205.1,2217.92,461830
2016-12-13,2217.92,2248.6,2201.74,2233.41,500860
2016-12-14,2258.41,2258.41,2171.11,2180.16,436400
2016-12-15,2162.51,2206.69,2146.5,2151.53,507650
2016-12-16,2157.0,2192.7,2150.0,2175.91,715780
2016-12-19,2170.0,2170.0,2150.0,2160.08,215560
2016-12-20,2175.0,2175.0,2110.0,2115.62,286490
2016-12-21,2127.5,2162.66,2121.12,2130.47,309990
2016-12-22,2130.0,2154.53,2115.0,2130.53,804070
2016-12-23,2135.0,2143.78,2078.8,2092.19,409580
2016-12-26,2080.0,2087.58,2022.8,2027.28,340060
2016-12-27,2030.2,2083.0,2029.2,2070.11,344740
2016-12-28,2075.9,2100.0,2073.0,2088.48,349770
2016-12-29,2091.0,2158.47,2065.0,2149.13,614480
2016-12-30,2160.0,2190.0,2160.0,2180.31,341740
2017-01-02,2240.0,2284.8,2230.11,2252.4,676060
2017-01-03,2255.5,2264.99,2232.16,2250.07,352730
2017-01-04,2259.0,2261.57,2208.89,2219.65,288600
2017-01-05,2231.54,2249.49,2221.81,2232.44,740730
2017-01-06,2242.44,2285.14,2235.01,2271.78,497160
2017-01-09,2289.9,2316.67,2285.0,2299.99,443740
2017-01-10,2305.31,2321.77,2269.0,2300.5,332290
2017-01-11,2305.55,2332.0,2293.5,2316.14,398250
2017-01-12,2327.63,2334.18,2278.5,2282.65,380260
2017-01-13,2300.0,2300.0,2267.92,2279.36,218480
2017-01-16,2270.1,2270.13,2231.0,2234.33,385490
2017-01-17,2232.5,2253.0,2217.51,2235.02,438100
2017-01-18,2240.0,2270.1,2234.5,2244.99,356790
2017-01-19,2245.0,2307.99,2218.57,2282.21,469260
2017-01-20,2292.21,2307.0,2260.01,2278.92,262290
2017-01-23,2270.5,2291.5,2255.0,2273.7,215190
2017-01-24,2280.0,2304.95,2270.03,2300.07,276870
2017-01-25,2304.0,2316.5,2288.58,2299.09,393410
2017-01-27,2319.53,2365.07,2312.56,2348.27,755910
2017-01-30,2359.0,2371.07,2310.05,2323.44,375140
2017-01-31,2332.73,2339.6,2240.53,2302.84,569100
2017-02-01,2319.8,2418.8,2305.0,2402.97,1000720
2017-02-02,2445.0,2445.0,2362.5,2377.92,718540
2017-02-03,2382.5,2382.5,2331.3,2338.59,305680
2017-02-06,2342.73,2394.0,2342.73,2381.54,250030
2017-02-07,2380.0,2386.0,2350.29,2378.39,210570
2017-02-08,2377.9,2402.58,2360.63,2395.94,266500
2017-02-09,2395.94,2410.0,2350.0,2389.32,277970
2017-02-10,2392.5,2406.99,2376.57,2401.31,192800
2017-02-13,2411.0,2494.8,2410.23,2485.89,565240
2017-02-14,2495.2,2548.89,2464.9,2531.53,597730
2017-02-15,2528.0,2555.0,2452.0,2475.04,578650
2017-02-16,2467.5,2548.0,2466.66,2533.13,466880
2017-02-17,2537.0,2549.99,2472.02,2504.03,428890
2017-02-20,2522.05,2529.5,2480.01,2513.91,208840
2017-02-21,2516.01,2538.0,2504.7,2525.35,216010
2017-02-22,2521.1,2521.26,2492.63,2507.03,491010
2017-02-23,2507.95,2530.0,2468.68,2487.77,846550
2017-02-27,2495.0,2504.65,2427.5,2433.74,446110
2017-02-28,2443.7,2443.7,2402.41,2413.01,792400
2017-03-01,2430.0,2439.0,2360.01,2370.97,713150
2017-03-02,2375.0,2399.24,2333.3,2344.9,431420
2017-03-03,2325.0,2337.99,2299.75,2308.93,379400
2017-03-06,2315.06,2360.0,2300.0,2306.15,656300
2017-03-07,2319.9,2329.9,2310.0,2321.11,314880
2017-03-08,2324.99,2355.5,2311.36,2344.83,266790
2017-03-09,2339.99,2359.82,2331.53,2339.7,282200
2017-03-10,2356.0,2356.0,2320.1,2335.66,329800
2017-03-14,2420.0,2421.49,2356.56,2400.13,412850
2017-03-15,2399.0,2431.62,2390.31,2413.34,303300
2017-03-16,2425.0,2458.24,2419.82,2451.48,302620
2017-03-17,2454.95,2478.79,2429.29,2469.14,492770
2017-03-20,2469.24,2519.2,2460.21,2509.93,396670
2017-03-21,2515.0,2516.79,2473.0,2496.2,361030
2017-03-22,2487.6,2488.0,2442.98,2454.1,429790
2017-03-23,2464.1,2464.1,2407.0,2437.36,285820
2017-03-24,2439.81,2464.99,2422.0,2435.02,140400
2017-03-27,2441.5,2441.5,2402.0,2416.36,257770
2017-03-28,2429.0,2515.0,2426.5,2489.78,391840
2017-03-29,2500.1,2538.6,2446.01,2505.61,787230
2017-03-30,2499.9,2579.99,2488.2,2565.86,841950
2017-03-31,2570.0,2581.49,2510.76,2558.75,561690
2017-04-03,2575.0,2575.0,2532.72,2554.36,363260
2017-04-05,2556.4,2581.09,2542.26,2576.53,397580
2017-04-06,2557.0,2575.0,2536.52,2559.63,292420
2017-04-07,2555.99,2599.0,2545.13,2580.69,373480
2017-04-10,2580.0,2580.0,2552.6,2557.82,261280
2017-04-11,2557.0,2597.61,2544.36,2588.04,280880
2017-04-12,2612.0,2650.0,2602.05,2642.25,717640
2017-04-13,2639.99,2642.5,2604.96,2608.57,206380
2017-04-17,2612.0,2636.0,2607.5,2612.54,166820
2017-04-18,2602.6,2629.0,2545.0,2553.26,362790
2017-04-19,2553.5,2572.2,2534.29,2545.76,219190
2017-04-20,2545.0,2561.46,2532.11,2550.18,189940
2017-04-21,2557.0,2581.74,2552.57,2561.06,236560
2017-04-24,2568.7,2620.0,2546.7,2609.32,261130
2017-04-25,2626.01,2626.01,2566.91,2608.23,353410
2017-04-26,2599.0,2630.0,2587.0,2604.11,254520
2017-04-27,2594.11,2628.1,2590.0,2597.39,277790
2017-04-28,2600.03,2624.95,2597.0,2606.8,154720
2017-05-02,2631.1,2674.79,2533.68,2579.07,637930
2017-05-03,2589.0,2605.77,2566.09,2591.49,177170
2017-05-04,2599.9,2609.9,2555.5,2576.43,276090
2017-05-05,2598.8,2615.0,2556.14,2583.34,422100
2017-05-08,2655.02,2696.49,2617.0,2691.95,1065060
2017-05-09,2698.5,2715.1,2679.0,2712.85,470110
2017-05-10,2712.0,2798.9,2691.23,2786.93,692260
2017-05-11,2790.0,3005.1,2790.0,2946.91,1635450
2017-05-12,2957.0,2978.0,2881.48,2917.83,513380
2017-05-15,2940.31,2945.5,2883.1,2893.06,200260
2017-05-16,2892.04,2945.0,2882.0,2936.25,361890
2017-05-17,2926.2,2930.0,2897.14,2909.36,185450
2017-05-18,2890.0,2899.89,2821.3,2835.73,301530
2017-05-19,2869.8,2869.8,2775.6,2793.61,442510
2017-05-22,2793.61,2827.99,2702.15,2718.99,489520
2017-05-23,2719.9,2790.0,2712.06,2759.82,680400
2017-05-24,2760.0,2775.71,2720.0,2736.47,346800
2017-05-25,2743.0,2812.0,2732.11,2800.95,423650
2017-05-26,2791.5,2863.35,2791.5,2835.14,302510
2017-05-29,2835.07,2849.5,2802.8,2817.21,217650
2017-05-30,2823.5,2845.94,2781.21,2832.34,237300
2017-05-31,2840.0,2854.9,2822.77,2843.5,428750
2017-06-01,2858.0,2901.95,2850.0,2879.34,474760
2017-06-02,2897.0,2930.0,2890.0,2918.01,299540
2017-06-05,2915.11,2938.5,2915.11,2932.55,168290
2017-06-06,2930.5,2938.87,2900.0,2919.12,169780
2017-06-07,2919.59,2977.57,2919.59,2971.32,465870
2017-06-08,2971.4,3005.1,2943.6,2969.11,308510
2017-06-09,2974.0,2985.47,2937.11,2976.49,216230
2017-06-12,2960.2,2971.77,2927.26,2935.34,179460
2017-06-13,2939.9,2964.66,2900.0,2912.13,264820
2017-06-14,2917.9,2921.69,2892.13,2904.95,182570
2017-06-15,2900.0,2904.95,2850.5,2877.2,269500
2017-06-16,2885.0,2888.49,2857.83,2874.69,426980
2017-06-19,2886.4,2886.4,2840.0,2844.52,236690
2017-06-20,2862.48,2872.8,2786.0,2791.74,809740
2017-06-21,2799.0,2799.0,2730.0,2753.32,700620
2017-06-22,2763.0,2799.39,2751.1,2768.08,1033640
2017-06-23,2775.5,2781.75,2705.01,2716.67,272600
2017-06-27,2727.99,2735.0,2655.5,2666.11,328010
2017-06-28,2669.99,2731.0,2640.0,2722.49,432310
2017-06-29,2744.94,2763.3,2700.0,2734.01,1515530
2017-06-30,2710.0,2729.49,2694.21,2703.94,255510
2017-07-03,2729.9,2781.22,2711.9,2776.68,573820
2017-07-04,2776.6,2797.7,2746.06,2785.09,464820
2017-07-05,2775.0,2812.4,2775.0,2806.71,659910
2017-07-06,2815.0,2818.0,2758.1,2768.91,338710
2017-07-07,2780.0,2814.97,2755.0,2785.23,247320
2017-07-10,2811.39,2820.0,2769.5,2793.13,41360
2017-07-11,2799.99,2825.0,2788.01,2813.09,329090
2017-07-12,2820.0,2832.84,2795.81,2825.85,341120
2017-07-13,2835.85,2839.99,2800.85,2805.59,326870
2017-07-14,2805.5,2814.0,2764.0,2790.72,323410
2017-07-17,2791.0,2823.4,2790.99,2805.96,525700
2017-07-18,2815.0,2869.0,2801.2,2859.85,438050
2017-07-19,2877.7,2929.0,2870.0,2921.5,391910
2017-07-20,2928.9,2933.64,2890.43,2925.27,305320
2017-07-21,2925.2,2939.25,2875.27,2890.32,218450
2017-07-24,2885.0,2909.0,2872.69,2884.38,140000
2017-07-25,2898.0,2898.0,2818.3,2840.74,431310
2017-07-26,2842.73,2910.0,2840.81,2900.24,438470
2017-07-27,2899.0,3016.25,2856.99,2910.23,1117140
2017-07-28,2875.0,2949.8,2869.99,2938.84,314600
2017-07-31,2936.39,3020.0,2905.0,3008.12,568380
2017-08-01,3022.33,3160.0,3021.3,3150.48,1282190
2017-08-02,3175.0,3180.48,3105.1,3115.38,423810
2017-08-03,3112.4,3139.99,3062.76,3072.61,344120
2017-08-04,3066.5,3192.5,3050.0,3163.73,475230
2017-08-07,3170.0,3219.1,3165.14,3196.99,359100
2017-08-08,3201.9,3244.94,3147.16,3212.08,478780
2017-08-09,3223.0,3237.45,3133.36,3148.91,638950
2017-08-10,3150.0,3179.99,2983.0,3011.17,770240
2017-08-11,2951.57,3010.0,2913.54,2962.74,589910
2017-08-14,2976.52,3092.4,2976.52,3038.56,454920
2017-08-16,3070.0,3070.99,3010.0,3061.7,391640
2017-08-17,3077.5,3109.32,3061.7,3092.8,347620
2017-08-18,3091.7,3159.89,3051.16,3151.15,390890
2017-08-21,3155.0,3207.79,3150.0,3163.43,442130
2017-08-22,3169.0,3189.4,3090.57,3097.72,318720
2017-08-23,3118.55,3122.99,3021.16,3064.82,376370
2017-08-24,3077.0,3098.95,3050.0,3075.09,211260
2017-08-28,3100.0,3190.0,3090.01,3128.83,472790
2017-08-29,3128.0,3132.87,3071.1,3085.92,304980
2017-08-30,3109.86,3136.74,3091.1,3098.4,273110
2017-08-31,3100.0,3154.5,3062.0,3145.08,454320
2017-09-01,3152.88,3197.0,3129.9,3177.24,446150
2017-09-04,3194.6,3194.6,3144.81,3175.36,313840
2017-09-05,3175.0,3200.0,3160.0,3193.53,295470
2017-09-06,3174.74,3212.11,3163.53,3208.26,249010
2017-09-07,3250.0,3332.88,3230.1,3286.2,806950
2017-09-08,3339.99,3348.0,3246.81,3261.78,549310
2017-09-11,3250.0,3275.0,3240.0,3249.86,341640
2017-09-12,3269.8,3269.9,3230.01,3266.19,281890
2017-09-13,3259.9,3260.43,3208.23,3222.64,249440
2017-09-14,3230.12,3234.0,3183.67,3206.52,280080
2017-09-15,3196.52,3209.94,3165.0,3200.79,394870
2017-09-18,3216.0,3279.92,3213.69,3276.61,319690
2017-09-19,3280.0,3291.69,3229.0,3240.4,222790
2017-09-20,3245.15,3264.49,3230.0,3244.35,179870
2017-09-21,3248.0,3254.9,3169.83,3182.43,297920
2017-09-22,3177.9,3177.9,3128.0,3157.96,360420
2017-09-25,3150.0,3165.12,3057.76,3097.99,388190
2017-09-26,3090.0,3106.02,3050.01,3082.73,545410
2017-09-27,3096.78,3105.0,3033.8,3047.02,248950
2017-09-28,3057.0,3059.42,2991.01,3018.52,779270
2017-09-29,3038.5,3128.9,3020.45,3121.33,397520
2017-10-03,3179.9,3196.79,3093.99,3114.73,465150
2017-10-04,3114.9,3128.07,3080.53,3088.46,207680
2017-10-05,3091.0,3120.0,3071.23,3078.87,191930
2017-10-06,3098.8,3162.5,3085.02,3154.11,291400
2017-10-09,3170.3,3199.0,3130.11,3187.42,273150
2017-10-10,3190.0,3207.23,3145.23,3154.52,321830
2017-10-11,3163.72,3174.86,3096.01,3124.32,277740
2017-10-12,3130.05,3151.2,3102.07,3133.59,251190
2017-10-13,3158.97,3158.97,3121.1,3139.93,221600
2017-10-16,3152.69,3195.0,3150.11,3173.99,249080
2017-10-17,3169.99,3191.0,3133.17,3186.35,276080
2017-10-18,3183.0,3183.0,3135.0,3152.14,310130
2017-10-19,3151.9,3169.9,3140.0,3148.91,35890
2017-10-23,3140.2,3165.35,3090.0,3117.08,266370
2017-10-24,3120.0,3161.09,3110.38,3148.33,171660
2017-10-25,3148.0,3184.65,3143.63,3171.64,211990
2017-10-26,3169.0,3182.88,3130.5,3161.76,419940
2017-10-27,3171.0,3189.99,3157.0,3181.18,140260
2017-10-30,3185.0,3250.0,3185.0,3237.11,220420
2017-10-31,3248.9,3276.66,3220.0,3223.34,297420
2017-11-01,3249.9,3253.92,3086.1,3092.98,911230
2017-11-02,3100.0,3139.23,3100.0,3114.04,280410
2017-11-03,3145.0,3145.0,3072.3,3123.51,267400
2017-11-06,3123.51,3144.32,3090.0,3108.83,256310
2017-11-07,3130.0,3130.0,3095.51,3115.99,383640
2017-11-08,3115.9,3129.99,3100.08,3119.53,146090
2017-11-09,3123.88,3123.88,3060.0,3085.33,205050
2017-11-10,3090.0,3093.49,3037.02,3055.17,349830
2017-11-13,3056.0,3104.25,3047.85,3058.41,234260
2017-11-14,3074.0,3092.3,2961.2,3008.96,704760
2017-11-15,3000.03,3068.59,3000.0,3048.33,383980
2017-11-16,3065.0,3072.7,3035.51,3039.91,253040
2017-11-17,3060.07,3083.99,3050.02,3070.74,269930
2017-11-20,3075.4,3075.4,3047.49,3063.97,161620
2017-11-21,3070.0,3079.49,3020.16,3042.06,258810
2017-11-22,3058.0,3059.29,3013.5,3017.82,152660
2017-11-23,3020.0,3068.5,3017.5,3061.99,341910
2017-11-24,3062.0,3100.32,3060.11,3081.24,265280
2017-11-27,3081.24,3109.9,3069.43,3075.57,335950
2017-11-28,3080.0,3085.0,3040.07,3053.66,192880
2017-11-29,3069.0,3080.0,3010.19,3022.03,377330
2017-11-30,3022.0,3024.97,2988.04,2994.41,405630
2017-12-01,3028.8,3034.4,2915.9,2928.09,495010
2017-12-04,2955.35,2975.79,2920.87,2940.37,380530
2017-12-05,2930.16,2939.9,2850.0,2892.88,761130
2017-12-06,2863.0,2887.0,2811.1,2815.78,488200
2017-12-07,2839.7,2898.7,2815.9,2881.05,750650
2017-12-08,2860.0,2923.78,2860.0,2899.99,457670
2017-12-11,2932.34,2966.98,2910.01,2924.79,478110
2017-12-12,2927.4,2927.4,2855.57,2859.86,387470
2017-12-13,2859.9,2907.61,2829.8,2872.13,437940
2017-12-14,2885.0,2888.9,2845.11,2873.87,232630
2017-12-15,2900.0,2956.44,2890.97,2947.87,475120
2017-12-18,2932.05,2999.9,2884.78,2990.94,376610
2017-12-19,2999.0,3095.0,2998.64,3082.33,533600
2017-12-20,3085.0,3099.9,2993.4,3017.46,584440
2017-12-21,3024.8,3045.74,3017.5,3024.85,182310
2017-12-22,3045.0,3072.01,3003.71,3025.07,240850
2017-12-26,3044.0,3045.0,2995.0,3025.11,206110
2017-12-27,3028.0,3032.0,3010.0,3019.07,123940
2017-12-28,3030.0,3030.0,2968.6,2983.24,298510
2017-12-29,2990.0,3046.65,2989.99,3034.08,218040
2018-01-01,3039.99,3042.0,2985.0,2989.32,198470
2018-01-02,2992.5,2995.5,2853.97,2867.02,847930
2018-01-03,2885.0,2904.5,2854.22,2881.44,470880
2018-01-04,2882.57,2895.76,2841.5,2857.07,494210
2018-01-05,2879.7,2932.5,2868.62,2923.7,527770
2018-01-08,2940.0,2940.0,2904.01,2919.74,329240
2018-01-09,2920.1,2924.17,2851.07,2859.7,827180
2018-01-10,2862.0,2869.99,2800.0,2809.75,842020
2018-01-11,2810.0,2852.5,2782.05,2844.47,600910
2018-01-12,2852.0,2878.0,2821.1,2864.98,596570
2018-01-15,2875.0,2875.0,2790.0,2798.15,575940
2018-01-16,2801.0,2815.0,2770.1,2789.12,465370
2018-01-17,2780.0,2830.1,2768.01,2822.28,475950
2018-01-18,2822.89,2847.9,2781.11,2795.44,493990
2018-01-19,2788.0,2818.83,2775.1,2800.95,324590
2018-01-22,2800.95,2809.78,2759.0,2764.98,344660
2018-01-23,2770.0,2782.95,2702.0,2707.13,1173990
2018-01-24,2700.6,2705.0,2630.22,2640.41,940580
2018-01-25,2650.0,2673.0,2620.81,2651.94,1754720
2018-01-29,2673.0,2784.9,2656.61,2745.36,1274230
2018-01-30,2745.0,2745.3,2655.9,2668.94,1416630
2018-01-31,2682.73,2738.7,2652.52,2692.36,1377660
2018-02-01,2698.4,2830.0,2671.45,2804.74,1255640
2018-02-02,2790.1,2852.15,2720.0,2781.18,1498590
2018-02-05,2730.0,2779.9,2730.0,2753.79,486830
2018-02-06,2654.56,2805.0,2650.0,2757.93,614080
2018-02-07,2791.97,2841.09,2712.01,2801.04,1388510
2018-02-08,2823.0,2835.0,2781.0,2819.8,685330
2018-02-09,2760.5,2795.0,2756.0,2774.79,335150
2018-02-12,2775.1,2800.0,2770.65,2790.14,175940
2018-02-14,2782.0,2821.74,2775.26,2802.76,379990
2018-02-15,2820.0,2839.9,2810.0,2834.04,302320
2018-02-16,2840.0,2842.49,2715.1,2732.82,493090
2018-02-19,2748.5,2755.88,2669.57,2708.95,332660
2018-02-20,2712.0,2739.99,2680.1,2691.64,210980
2018-02-21,2712.4,2748.0,2704.36,2736.57,366820
2018-02-22,2735.0,2735.0,2670.0,2686.85,617210
2018-02-23,2710.0,2714.65,2650.0,2672.44,868030
2018-02-26,2699.0,2728.52,2671.0,2718.59,450250
2018-02-27,2720.1,2734.68,2700.68,2715.47,506840
2018-02-28,2703.0,2759.9,2651.1,2743.78,627240
2018-03-01,2731.15,2800.1,2728.23,2774.24,914230
2018-03-05,2772.5,2779.99,2744.01,2754.83,510190
2018-03-06,2771.0,2778.43,2725.11,2748.84,427350
2018-03-07,2747.0,2765.5,2730.56,2752.82,274720
2018-03-08,2758.0,2784.9,2742.56,2771.19,298230
2018-03-09,2775.0,2806.5,2766.04,2796.39,286790
2018-03-12,2806.5,2838.0,2806.5,2831.69,230320
2018-03-13,2805.2,2892.0,2805.2,2884.94,412710
2018-03-14,2889.4,2905.99,2876.0,2884.67,464660
2018-03-15,2885.0,2893.32,2863.0,2869.56,252620
2018-03-16,2865.0,2883.84,2788.82,2807.92,534360
2018-03-19,2812.0,2827.47,2730.11,2740.31,195130
2018-03-20,2738.0,2842.4,2735.02,2836.04,470700
2018-03-21,2838.0,2848.9,2783.0,2798.08,341710
2018-03-22,2797.43,2848.8,2792.53,2803.05,261320
2018-03-23,2757.0,2801.53,2733.93,2789.61,441270
2018-03-26,2780.29,2800.1,2760.82,2787.31,262750
2018-03-27,2815.9,2856.0,2801.39,2842.41,356170
2018-03-28,2824.8,2865.15,2799.9,2837.27,785360
2018-04-02,2851.0,2880.37,2818.91,2828.88,311000
2018-04-03,2823.57,2823.57,2780.0,2799.0,309720
2018-04-04,2849.8,2925.0,2840.07,2893.43,860680
2018-04-05,2920.0,2974.9,2910.01,2967.78,510750
2018-04-06,2974.8,2989.99,2956.8,2979.92,463320
2018-04-09,2990.0,2998.61,2970.0,2980.57,246410
2018-04-10,2981.1,3017.0,2965.0,2997.21,465160
2018-04-11,2999.99,3084.0,2992.5,3068.51,694830
2018-04-12,3054.57,3090.0,3053.0,3068.16,584100
2018-04-13,3068.1,3150.0,3060.0,3135.3,452320
2018-04-16,3140.0,3140.0,3100.0,3129.93,350060
2018-04-17,3130.0,3146.82,3090.0,3102.76,272920
2018-04-18,3105.01,3133.73,3080.0,3087.39,222400
2018-04-19,3118.0,3118.9,3058.0,3092.02,268080
2018-04-20,3085.0,3122.0,3067.76,3114.87,175600
2018-04-23,3139.99,3139.99,3100.0,3106.52,256980
2018-04-24,3115.0,3150.0,3095.07,3113.68,302840
2018-04-25,3115.0,3120.0,3060.72,3074.7,193600
2018-04-26,3075.0,3131.6,3075.0,3120.52,223920
2018-04-27,3134.0,3223.67,3123.64,3159.93,444460
2018-04-30,3170.0,3188.49,3104.45,3118.86,256470
2018-05-02,3134.9,3145.38,3029.0,3052.23,592920
2018-05-03,3072.5,3072.5,2960.2,2987.84,317930
2018-05-04,2980.0,3010.0,2915.0,2920.84,247580
2018-05-07,2944.99,2985.0,2910.01,2976.69,292550
2018-05-08,2980.0,3050.0,2980.0,3042.71,385600
2018-05-09,3049.9,3074.02,3015.0,3031.57,382510
2018-05-10,3080.0,3120.74,3007.51,3064.75,701120
2018-05-11,3075.0,3115.0,3062.5,3087.3,339570
2018-05-14,3089.07,3095.0,3037.66,3049.53,229720
2018-05-15,3049.53,3100.0,3019.02,3077.28,446290
2018-05-16,3050.01,3097.04,3033.5,3056.57,309740
2018-05-17,3056.68,3092.5,3037.79,3049.59,267980
2018-05-18,3060.0,3074.0,2979.17,3008.62,309090
2018-05-21,2990.08,3019.98,2931.61,2943.29,299030
2018-05-22,2949.0,2996.99,2949.0,2992.96,234060
2018-05-23,2985.32,2985.32,2930.0,2939.21,435040
2018-05-24,2945.0,2970.03,2928.9,2951.54,194780
2018-05-25,2952.26,3033.33,2952.26,3020.34,319310
2018-05-28,3011.0,3075.0,3001.79,3068.28,259690
2018-05-29,3068.1,3075.0,3034.02,3051.07,202310
2018-05-30,3033.86,3043.0,3000.0,3013.63,269970
2018-05-31,3024.9,3149.9,3017.68,3078.07,915480
2018-06-01,3065.0,3065.0,2932.0,2986.88,688830
2018-06-04,2995.03,3027.38,2931.5,2937.77,346680
2018-06-05,2960.66,2960.66,2905.86,2923.64,241330
2018-06-06,2940.0,3006.2,2921.01,2994.93,221440
2018-06-07,3010.83,3026.7,2958.38,2971.24,239620
2018-06-08,2964.0,2964.0,2930.0,2951.3,176900
2018-06-11,2966.06,2978.0,2950.0,2967.7,159110
2018-06-12,2960.33,2997.9,2915.0,2920.84,407860
2018-06-13,2938.0,2955.6,2925.0,2944.86,269270
2018-06-14,2956.0,2957.5,2915.5,2953.67,320230
2018-06-15,2955.2,2964.8,2929.05,2957.38,539840
2018-06-18,2959.0,3026.5,2942.1,3013.53,389680
2018-06-19,3013.53,3015.0,2968.46,2994.97,227870
2018-06-20,2997.0,3019.0,2967.32,2980.53,250430
2018-06-21,2988.0,3005.83,2935.57,2942.49,235940
2018-06-22,2944.9,2947.23,2890.7,2914.07,490230
2018-06-25,2914.07,2972.14,2914.07,2944.0,266160
2018-06-26,2944.15,2955.74,2890.02,2903.54,507450
2018-06-27,2909.9,2917.78,2825.31,2837.19,345850
2018-06-28,2824.0,2855.0,2775.16,2842.56,766890
2018-06-29,2869.96,2878.88,2840.0,2859.04,815170
2018-07-02,2865.5,2878.1,2786.52,2818.77,419650
2018-07-03,2837.5,2837.5,2800.5,2807.9,504760
2018-07-04,2819.9,2839.0,2808.5,2823.8,378770
2018-07-05,2833.8,2833.81,2784.93,2788.8,366200
2018-07-06,2789.61,2814.0,2747.53,2762.63,599240
2018-07-09,2787.99,2790.0,2755.0,2763.25,288720
2018-07-10,2784.0,2839.23,2764.76,2828.9,981850
2018-07-11,2827.88,2861.0,2807.2,2816.05,426020
2018-07-12,2845.0,2845.0,2792.0,2799.53,269670
2018-07-13,2817.4,2817.4,2748.02,2752.92,507800
2018-07-16,2760.0,2774.5,2705.0,2742.43,193280
2018-07-17,2740.7,2747.92,2698.17,2715.37,835930
2018-07-18,2725.1,2770.0,2716.5,2722.26,596180
2018-07-19,2734.0,2738.68,2679.95,2698.07,450820
2018-07-20,2698.07,2714.99,2676.11,2704.81,295350
2018-07-23,2709.97,2734.8,2687.0,2702.34,324740
2018-07-24,2680.5,2780.0,2680.5,2769.78,860040
2018-07-25,2771.0,2790.0,2710.5,2728.83,578560
2018-07-26,2750.0,2855.0,2734.8,2826.57,1331650
2018-07-27,2844.9,2900.0,2830.11,2894.62,579170
2018-07-30,2912.49,2912.49,2848.7,2859.47,222190
2018-07-31,2865.0,2865.0,2773.3,2779.86,676180
2018-08-01,2784.6,2784.6,2713.45,2729.87,550960
2018-08-02,2667.0,2728.34,2660.1,2696.08,958940
2018-08-03,2719.89,2725.9,2688.6,2699.57,533280
2018-08-06,2691.11,2730.0,2691.11,2703.75,206860
2018-08-07,2724.94,2760.0,2700.0,2752.36,426990
2018-08-08,2769.7,2769.7,2737.0,2759.32,289800
2018-08-09,2780.0,2780.0,2720.0,2743.88,267970
2018-08-10,2768.99,2918.0,2765.1,2899.77,1509370
2018-08-13,2899.77,2899.77,2823.0,2840.66,432310
2018-08-14,2845.6,2914.8,2841.65,2899.24,495590
2018-08-16,2890.0,2947.0,2860.91,2880.39,459330
2018-08-17,2900.0,2917.5,2840.0,2847.61,371630
2018-08-20,2868.97,2880.0,2807.6,2838.28,448570
2018-08-21,2849.9,2880.0,2839.91,2861.11,394040
2018-08-23,2860.72,2882.49,2836.0,2876.69,368200
2018-08-24,2862.3,2900.0,2853.4,2886.98,408080
2018-08-27,2902.73,2930.0,2860.1,2898.21,423760
2018-08-28,2920.0,2926.7,2850.0,2867.79,405620
2018-08-29,2882.0,2882.13,2813.5,2818.88,421530
2018-08-30,2840.0,2848.99,2755.2,2760.22,613400
2018-08-31,2762.73,2814.4,2761.5,2805.98,627530
2018-09-03,2810.0,2899.9,2809.0,2888.58,1030520
2018-09-04,2890.0,2904.0,2862.5,2880.72,396520
2018-09-05,2860.01,2915.0,2860.01,2905.5,802480
2018-09-06,2924.96,2924.96,2871.0,2884.42,396840
2018-09-07,2884.42,2894.9,2861.07,2868.22,276550
2018-09-10,2868.0,2885.0,2855.0,2862.31,187090
2018-09-11,2868.0,2868.0,2795.07,2806.96,355320
2018-09-12,2827.23,2919.7,2804.5,2881.22,387700
2018-09-14,2882.99,2942.5,2882.99,2938.38,356980
2018-09-17,2930.5,2978.0,2917.2,2966.37,446770
2018-09-18,2960.1,2980.0,2857.21,2890.03,434830
2018-09-19,2909.79,2937.06,2828.01,2841.05,386640
2018-09-21,2859.5,2869.97,2733.6,2794.02,740660
2018-09-24,2798.3,2809.97,2561.1,2585.28,1398350
2018-09-25,2586.0,2599.0,2503.53,2559.97,1391260
2018-09-26,2589.7,2625.04,2510.1,2518.07,786090
2018-09-27,2536.96,2561.7,2460.12,2490.22,1258480
2018-09-28,2498.5,2549.99,2352.37,2418.54,1129010
2018-10-01,2428.0,2499.9,2323.0,2474.95,1144040
2018-10-03,2475.0,2475.0,2305.0,2323.57,2467470
2018-10-04,2290.0,2290.0,2000.12,2190.78,4125330
2018-10-05,2159.73,2266.95,2097.51,2119.04,1791150
2018-10-08,2140.0,2231.4,2065.11,2213.48,1614900
2018-10-09,2191.29,2218.11,2080.13,2108.57,1727430
2018-10-10,2132.73,2281.0,2132.73,2258.24,1488910
2018-10-11,2130.0,2260.0,2118.24,2235.74,1748840
2018-10-12,2294.4,2419.9,2250.1,2390.38,1761030
2018-10-15,2410.0,2413.41,2300.01,2343.45,1162290
2018-10-16,2355.0,2395.0,2275.0,2300.22,1051540
2018-10-17,2338.0,2372.74,2185.0,2197.81,1207330
2018-10-19,2197.81,2238.0,2135.11,2162.53,1219710
2018-10-22,2195.0,2256.0,2185.0,2242.51,955160
2018-10-23,2204.0,2247.5,2190.1,2225.82,894490
2018-10-24,2260.0,2269.0,2185.1,2262.47,760590
2018-10-25,2232.4,2242.73,2190.0,2209.22,1298190
2018-10-26,2227.23,2230.0,2170.5,2180.64,495930
2018-10-29,2199.0,2208.4,2129.0,2146.19,961780
2018-10-30,2150.0,2151.34,2098.5,2102.61,631350
2018-10-31,2120.0,2199.0,2070.11,2186.46,1215870
2018-11-01,2175.0,2229.98,2175.0,2199.21,1402560
2018-11-02,2230.0,2308.06,2220.0,2267.41,1318660
2018-11-05,2270.1,2276.5,2237.41,2255.23,358560
2018-11-06,2265.0,2282.73,2237.0,2255.97,507640
2018-11-07,2270.0,2282.59,2260.02,2265.03,52410
2018-11-09,2273.95,2273.95,2240.5,2249.53,724590
2018-11-12,2237.0,2249.53,2182.04,2193.36,537710
2018-11-13,2145.1,2340.0,2119.68,2324.19,2688470
2018-11-14,2330.0,2418.4,2305.6,2324.01,1993430
2018-11-15,2340.0,2404.2,2329.15,2394.53,1123080
2018-11-16,2412.0,2483.0,2392.51,2473.5,1302650
2018-11-19,2499.0,2534.0,2472.64,2489.71,1244430
2018-11-20,2489.71,2535.0,2445.06,2459.58,1030740
2018-11-21,2474.4,2530.0,2396.01,2421.64,1178150
2018-11-22,2442.0,2447.99,2394.0,2410.91,679060
2018-11-26,2416.0,2448.8,2362.66,2384.83,765770
2018-11-27,2401.79,2403.98,2358.0,2380.76,513890
2018-11-28,2378.0,2405.0,2304.0,2311.14,814340
2018-11-29,2330.0,2359.61,2295.21,2352.13,924630
2018-11-30,2350.0,2373.99,2331.0,2340.53,864900
2018-12-03,2332.0,2389.8,2295.3,2356.73,927780
2018-12-04,2350.5,2373.87,2330.0,2340.14,530750
2018-12-05,2328.0,2328.0,2268.5,2279.34,885510
2018-12-06,2277.0,2277.0,2210.0,2221.14,1152120
2018-12-07,2240.0,2248.61,2196.34,2236.93,962340
2018-12-10,2209.82,2259.98,2186.5,2240.49,505070
2018-12-11,2201.1,2276.61,2180.0,2264.06,611520
2018-12-12,2264.06,2385.0,2264.06,2372.2,668060
2018-12-13,2380.0,2412.49,2320.0,2330.54,1087130
2018-12-14,2335.0,2380.0,2315.07,2371.61,767570
2018-12-17,2395.1,2395.1,2355.0,2369.78,442650
2018-12-18,2357.0,2390.0,2334.4,2386.57,614160
2018-12-19,2386.57,2422.0,2380.81,2395.57,490790
2018-12-20,2380.0,2417.8,2370.01,2409.2,501230
2018-12-21,2414.6,2419.0,2341.11,2359.76,579890
2018-12-24,2347.99,2357.5,2311.92,2321.07,346870
2018-12-26,2310.0,2345.0,2270.0,2308.14,550490
2018-12-27,2330.0,2338.3,2288.79,2299.45,474780
2018-12-28,2301.1,2331.0,2299.5,2312.41,373040
2019-01-01,2316.23,2329.3,2290.5,2319.51,444340
2019-01-02,2234.0,2234.0,2095.03,2116.23,4814970
2019-01-03,2104.0,2104.0,2015.1,2021.14,4683010
2019-01-04,2032.5,2064.81,2000.1,2010.36,3418330
2019-01-07,2045.0,2047.7,1975.5,1983.04,2156680
2019-01-08,1985.5,2063.0,1978.5,2004.47,3664290
2019-01-09,1989.0,2039.78,1985.0,2029.11,1637520
2019-01-10,2036.0,2060.0,2034.51,2055.61,1021430
2019-01-11,2060.0,2076.73,2038.7,2050.76,1122200
2019-01-14,2062.8,2062.92,2022.2,2048.04,701210
2019-01-15,2054.0,2067.0,2048.0,2063.82,633190
2019-01-16,2062.6,2078.4,2062.6,2073.57,674680
2019-01-17,2080.0,2084.78,2016.04,2036.99,1037770
2019-01-18,2040.0,2042.5,1995.0,2012.28,1081400
2019-01-21,2015.1,2029.79,1994.97,2002.8,950380
2019-01-22,2000.1,2035.0,1990.0,2002.36,1378300
2019-01-23,2007.7,2022.3,1999.1,2008.92,535950
2019-01-24,2015.0,2033.0,2007.5,2011.56,457230
2019-01-25,2020.0,2033.78,1983.51,2004.99,671890
2019-01-28,2006.1,2024.1,1987.16,1998.74,1019070
2019-01-29,1999.9,2000.0,1880.0,1887.72,1931980
2019-01-30,1890.0,1909.49,1880.0,1891.92,1026320
2019-01-31,1912.0,1917.89,1883.61,1900.58,675110
2019-02-01,1909.0,2014.47,1907.61,1966.34,1857170
2019-02-04,1972.0,2043.19,1943.5,2012.83,1621290
2019-02-05,2016.1,2058.49,2016.0,2047.97,1018700
2019-02-06,2052.97,2120.0,2052.97,2110.43,1297160
2019-02-07,2123.49,2196.5,2115.07,2190.42,1352940
2019-02-08,2185.5,2190.42,2075.0,2084.74,1234030
2019-02-11,2043.4,2145.96,2033.1,2075.32,2619820
2019-02-12,2047.0,2130.0,2007.0,2113.75,2590360
2019-02-13,2125.0,2135.0,2000.1,2015.87,1504900
2019-02-14,2016.0,2058.81,1990.0,2001.64,1403410
2019-02-15,2014.73,2037.72,1993.21,2023.41,1235950
2019-02-18,2043.3,2045.0,2004.77,2015.52,850970
2019-02-19,2020.0,2046.46,2012.1,2040.98,654740
2019-02-20,2041.5,2065.0,2038.0,2052.86,698580
2019-02-21,2045.0,2063.47,2025.0,2044.74,670210
2019-02-22,2057.7,2070.0,2030.0,2059.54,740010
2019-02-25,2069.99,2078.09,2050.0,2070.48,462600
2019-02-26,2067.0,2087.49,2040.01,2062.0,878770
2019-02-27,2078.08,2078.08,2030.21,2040.78,624010
2019-02-28,2064.9,2064.9,1980.0,1986.91,1870270
2019-03-01,1990.4,2003.19,1972.0,1994.87,984330
2019-03-05,1950.0,2187.7,1932.0,2150.54,4523630
2019-03-06,2151.0,2180.0,2140.5,2150.4,1265860
2019-03-07,2154.9,2170.0,2141.13,2152.15,831150
2019-03-08,2152.0,2209.34,2140.01,2187.11,1957920
2019-03-11,2194.86,2314.52,2189.5,2297.24,2485590
2019-03-12,2300.1,2335.5,2227.29,2246.2,1992480
2019-03-13,2248.88,2289.8,2246.2,2277.73,1461680
2019-03-14,2280.0,2298.7,2250.1,2261.99,968750
2019-03-15,2283.8,2283.8,2242.6,2261.24,981900
2019-03-18,2260.0,2279.99,2210.2,2225.14,993140
2019-03-19,2224.0,2224.0,2157.96,2175.91,2011750
2019-03-20,2166.0,2185.0,2119.0,2133.8,1371030
2019-03-22,2133.8,2167.46,2127.5,2144.69,2168820
2019-03-25,2139.0,2139.0,2105.09,2115.14,994230
2019-03-26,2127.5,2144.42,2100.5,2138.2,1098830
2019-03-27,2140.1,2148.5,2085.57,2097.42,1175880
2019-03-28,2102.4,2130.0,2078.11,2089.9,1255610
2019-03-29,2079.5,2080.0,2049.8,2054.77,1141050
2019-04-01,2078.87,2078.87,1998.55,2004.84,1953970
2019-04-02,2031.0,2119.11,2030.1,2058.35,3146450
2019-04-03,2040.0,2047.6,2011.22,2020.27,1232650
2019-04-04,2024.0,2060.0,1992.1,2048.96,1675580
2019-04-05,2060.5,2102.94,2060.01,2098.03,1276880
2019-04-08,2112.4,2118.9,2054.36,2061.27,865240
2019-04-09,2069.9,2102.4,2035.5,2094.71,802560
2019-04-10,2084.0,2108.0,2065.0,2097.38,835500
2019-04-11,2090.0,2107.39,2081.04,2099.82,976450
2019-04-12,2102.73,2143.0,2090.51,2136.11,1303510
2019-04-15,2136.2,2156.0,2125.1,2133.2,646040
2019-04-16,2153.0,2154.18,2120.0,2127.06,617190
2019-04-18,2137.8,2146.99,2094.96,2102.39,694610
2019-04-22,2085.0,2099.48,2034.5,2040.08,615220
2019-04-23,2054.9,2054.9,2020.46,2031.49,731720
2019-04-24,2040.0,2058.0,2014.0,2053.16,804610
2019-04-25,2051.04,2063.9,2030.0,2034.02,910660
2019-04-26,2035.1,2045.26,2017.5,2033.07,637860
2019-04-30,2027.0,2040.0,2015.0,2036.83,650900
2019-05-02,1999.0,2063.0,1986.0,2056.51,1095340
2019-05-03,2057.1,2060.0,2034.0,2035.23,523280
2019-05-06,2020.0,2048.57,2019.9,2034.99,550680
2019-05-07,2047.0,2057.99,2027.01,2035.32,489780
2019-05-08,2028.0,2047.0,2025.0,2033.66,430210
2019-05-09,2031.5,2049.08,2022.76,2036.09,437180
2019-05-10,2039.0,2041.76,2030.1,2035.4,547550
2019-05-13,2005.0,2012.1,1860.0,1875.18,3429730
2019-05-14,1831.0,1936.64,1820.5,1923.09,3745110
2019-05-15,1927.5,2016.89,1923.1,1999.78,2171650
2019-05-16,2005.0,2038.01,1952.5,2030.53,1266530
2019-05-17,2020.0,2100.0,2005.42,2093.7,1310990
2019-05-20,2145.0,2161.0,2107.36,2129.72,1117100
2019-05-21,2124.01,2137.5,2081.21,2090.18,603260
2019-05-22,2095.0,2130.0,2074.65,2122.47,744680
2019-05-23,2136.1,2164.9,2014.93,2032.12,1470400
2019-05-24,2055.0,2104.75,2035.0,2085.07,1094940
2019-05-27,2091.0,2114.96,2076.5,2088.74,662950
2019-05-28,2105.0,2105.0,2070.0,2079.01,917320
2019-05-29,2088.0,2092.73,2036.07,2042.38,689320
2019-05-30,2042.0,2049.99,1982.0,1989.15,1347270
2019-05-31,2010.0,2026.33,1980.0,1994.78,1118550
2019-06-03,1986.0,2007.0,1956.01,1994.82,1577560
2019-06-04,1999.4,2036.0,1978.35,2004.34,1279550
2019-06-06,2019.0,2036.0,1995.59,2008.38,1262960
2019-06-07,2014.39,2021.99,1985.0,1999.78,722710
2019-06-10,2019.5,2032.08,2002.51,2013.14,426260
2019-06-11,2017.66,2022.09,2000.04,2013.2,429390
2019-06-12,2015.2,2020.0,1997.29,2010.59,418760
2019-06-13,2004.8,2020.0,1990.0,2016.21,597650
2019-06-14,2000.0,2014.99,1960.0,1976.71,480610
2019-06-17,1975.01,1999.0,1963.8,1972.79,486340
2019-06-18,1975.0,1993.8,1956.58,1973.18,550870
2019-06-19,1983.0,2009.9,1970.0,1979.07,847590
2019-06-20,1989.9,1989.9,1962.0,1979.32,716150
2019-06-21,1979.0,1989.9,1965.33,1971.92,546620
2019-06-24,1977.1,1983.09,1891.21,1909.82,1240360
2019-06-25,1910.06,1924.89,1883.11,1911.68,1296560
2019-06-26,1905.01,1932.5,1905.01,1915.18,816920
2019-06-27,1915.18,1966.9,1915.18,1947.93,1183940
2019-06-28,1954.95,1963.48,1908.0,1913.88,760460
2019-07-01,1929.0,1974.99,1920.0,1962.53,1021530
2019-07-02,1930.0,2028.88,1929.9,2013.74,1431860
2019-07-03,2010.0,2015.0,1958.06,1965.01,922730
2019-07-04,1975.47,2009.5,1963.6,1982.54,1051340
2019-07-05,1994.93,2004.5,1958.18,1964.51,753860
2019-07-08,1968.0,1975.36,1885.1,1903.29,991410
2019-07-09,1918.0,1929.54,1873.01,1903.86,1295640
2019-07-10,1899.0,1927.09,1865.0,1875.1,831210
2019-07-11,1891.49,1906.67,1882.0,1903.42,695000
2019-07-12,1898.42,1910.0,1886.0,1895.53,833100
2019-07-15,1910.0,1919.8,1878.75,1883.39,500530
2019-07-16,1887.0,1910.0,1865.41,1904.13,602940
2019-07-17,1905.0,1905.0,1831.01,1843.37,940840
2019-07-18,1853.0,1858.12,1835.0,1840.6,683830
2019-07-19,1852.7,1854.0,1750.0,1766.4,1841410
2019-07-22,1772.5,1779.41,1697.49,1707.2,2334480
2019-07-23,1720.0,1738.14,1704.16,1709.84,1131400
2019-07-24,1710.05,1715.49,1617.5,1638.1,2450250
2019-07-25,1620.0,1671.98,1618.78,1643.68,2059680
2019-07-26,1644.39,1747.69,1632.72,1718.66,2300560
2019-07-29,1700.0,1700.0,1634.0,1638.81,1531070
2019-07-30,1649.0,1672.5,1600.93,1616.35,1821980
2019-07-31,1625.2,1645.17,1597.66,1634.81,1548640
2019-08-01,1595.0,1676.0,1578.6,1656.28,2568280
2019-08-02,1615.0,1711.18,1613.33,1690.5,3003440
2019-08-05,1687.2,1687.2,1634.01,1650.4,1434390
2019-08-06,1641.0,1714.46,1641.0,1701.08,1321600
2019-08-07,1681.6,1717.47,1634.0,1645.67,1540540
2019-08-08,1666.0,1690.0,1629.32,1681.17,1341470
2019-08-09,1673.02,1778.79,1673.02,1758.72,1828890
2019-08-13,1760.0,1764.98,1654.78,1664.5,1474660
2019-08-14,1699.5,1699.5,1640.12,1657.47,2161060
2019-08-16,1660.0,1672.0,1618.34,1660.04,1728990
2019-08-19,1680.0,1680.0,1629.26,1633.77,1350470
2019-08-20,1643.77,1657.0,1583.0,1589.58,2414640
2019-08-21,1606.0,1628.0,1590.94,1600.05,1797430
2019-08-22,1600.5,1605.2,1548.01,1552.33,1596230
2019-08-23,1553.0,1557.47,1526.52,1538.35,2083250
2019-08-26,1609.9,1609.9,1520.0,1554.82,2701320
2019-08-27,1558.01,1621.57,1551.1,1599.54,2884330
2019-08-28,1599.98,1634.23,1582.53,1629.74,1933180
2019-08-29,1629.9,1670.0,1613.77,1653.8,1813980
2019-08-30,1656.38,1666.6,1596.7,1625.85,1774600
2019-09-03,1597.1,1597.52,1568.16,1577.58,1926680
2019-09-04,1580.5,1593.29,1553.0,1564.24,1844770
2019-09-05,1574.9,1587.99,1554.12,1575.42,1226400
2019-09-06,1581.57,1649.9,1573.17,1640.72,2475130
2019-09-09,1619.86,1647.0,1602.65,1620.68,1925930
2019-09-11,1621.13,1709.0,1621.13,1701.37,2597820
2019-09-12,1704.0,1718.82,1652.15,1668.06,1919550
2019-09-13,1675.0,1688.0,1645.0,1668.94,1655140
2019-09-16,1658.0,1683.43,1635.1,1676.43,1119960
2019-09-17,1680.0,1685.99,1607.2,1628.49,1498790
2019-09-18,1650.0,1655.49,1584.2,1603.04,1677750
2019-09-19,1610.0,1618.0,1563.0,1575.25,1560270
2019-09-20,1587.59,1948.8,1576.0,1786.02,4954160
2019-09-23,1840.0,1950.0,1840.0,1923.93,3307200
2019-09-24,1949.0,1956.5,1795.5,1843.43,2860100
2019-09-25,1835.0,1852.4,1740.5,1760.01,2085490
2019-09-26,1771.01,1812.5,1753.06,1791.16,1870460
2019-09-27,1770.1,1818.43,1755.0,1779.24,1480120
2019-09-30,1780.0,1800.0,1736.64,1776.52,1499570
2019-10-01,1796.0,1828.0,1759.4,1782.68,2008420
2019-10-03,1782.5,1834.0,1772.31,1828.47,1228820
2019-10-04,1845.0,1850.89,1785.74,1799.9,1431550
2019-10-07,1793.49,1815.33,1765.47,1800.06,794600
2019-10-09,1795.01,1830.0,1783.31,1823.93,1112850
2019-10-10,1819.5,1819.5,1785.18,1805.25,823540
2019-10-11,1809.1,1834.9,1790.0,1820.12,946990
2019-10-14,1810.0,1845.0,1808.0,1832.79,774670
2019-10-15,1831.0,1930.0,1828.5,1919.91,2304110
2019-10-16,1918.8,1930.0,1890.26,1922.06,1084750
2019-10-17,1950.0,2078.9,1945.5,2049.19,3986370
2019-10-18,2060.0,2068.0,2006.51,2027.59,2950660
2019-10-22,2027.6,2051.32,1985.5,1997.89,1613920
2019-10-23,1997.6,2074.09,1977.9,2052.12,1854730
2019-10-24,2064.0,2118.86,2052.11,2103.24,2248480
2019-10-25,2115.0,2141.5,2095.01,2132.18,1505220
2019-10-27,2150.0,2168.86,2110.02,2132.36,248880
2019-10-29,2132.36,2215.0,2132.36,2204.94,1910470
2019-10-30,2225.0,2259.9,2160.0,2251.15,2022690
2019-10-31,2254.5,2268.02,2230.1,2253.81,1376540
2019-11-01,2258.7,2288.8,2190.01,2197.61,1870250
2019-11-04,2224.0,2228.0,2156.0,2174.07,1570140
2019-11-05,2175.0,2194.73,2123.05,2128.72,1494120
2019-11-06,2137.0,2175.0,2103.42,2160.56,1444450
2019-11-07,2167.0,2170.0,2117.11,2142.4,1055860
2019-11-08,2125.0,2205.57,2120.0,2168.97,1874110
2019-11-11,2164.0,2181.77,2131.01,2137.69,944160
2019-11-13,2137.0,2182.4,2120.0,2135.22,1589070
2019-11-14,2150.0,2172.5,2135.5,2155.82,980830
2019-11-15,2185.0,2190.0,2124.13,2132.41,1195330
2019-11-18,2142.9,2158.0,2125.0,2147.74,694660
2019-11-19,2160.0,2179.99,2142.42,2174.74,906060
2019-11-20,2174.7,2174.7,2139.5,2148.98,735750
2019-11-21,2155.0,2199.8,2145.0,2195.46,1303740
2019-11-22,2176.63,2296.5,2160.0,2275.32,2512270
2019-11-25,2276.0,2341.6,2276.0,2326.13,1971380
2019-11-26,2334.98,2345.0,2272.7,2280.57,1997340
2019-11-27,2299.08,2340.0,2287.24,2302.17,1340190
2019-11-28,2316.55,2316.55,2290.5,2309.16,943210
2019-11-29,2305.2,2307.99,2265.0,2288.14,1115780
2019-12-02,2271.5,2275.0,2164.04,2171.31,2399780
2019-12-03,2171.3,2199.2,2122.2,2137.28,2054080
2019-12-04,2132.57,2176.9,2113.5,2140.8,1597410
2019-12-05,2169.0,2169.0,2132.5,2141.71,911910
2019-12-06,2150.0,2163.47,2066.5,2092.0,1432060
2019-12-09,2100.0,2119.9,2086.91,2099.72,984820
2019-12-10,2112.8,2136.55,2095.29,2125.92,979760
2019-12-11,2125.9,2162.45,2100.22,2154.18,1075180
2019-12-12,2158.17,2210.1,2158.17,2195.36,1254760
2019-12-13,2200.84,2245.9,2183.68,2203.48,1401330
2019-12-16,2217.24,2217.24,2160.0,2165.1,890300
2019-12-17,2166.6,2192.79,2162.61,2170.49,1160650
2019-12-18,2175.0,2197.24,2141.6,2173.58,1014430
2019-12-19,2176.01,2250.59,2170.91,2242.72,1809760
2019-12-20,2235.1,2259.9,2209.07,2222.11,1326790
2019-12-23,2212.01,2244.0,2200.0,2217.61,939940
2019-12-24,2219.96,2243.0,2176.45,2186.86,1162270
2019-12-26,2199.0,2220.0,2190.11,2204.57,964810
2019-12-27,2218.34,2232.02,2190.2,2222.24,797560
2019-12-30,2227.01,2287.66,2218.04,2278.45,1158460
