date,open,high,low,close,volume
2009-03-05,13.9,14.5,13.7,14.0,66578
2009-03-06,13.6,14.0,13.05,13.7,92572
2009-03-09,14.1,14.1,12.3,12.85,94336
2009-03-12,13.2,13.45,12.25,12.55,110680
2009-03-13,13.0,13.0,11.9,12.3,302276
2009-03-16,12.85,12.9,12.3,12.5,483070
2009-03-17,12.7,12.7,12.05,12.3,236012
2009-03-18,12.35,13.55,12.35,13.55,2009868
2009-03-19,14.2,14.9,14.0,14.9,759698
2009-03-20,14.7,15.8,13.85,15.2,568678
2009-03-23,15.95,15.95,15.05,15.3,290876
2009-03-24,15.3,15.75,14.05,14.45,241364
2009-03-25,14.3,14.75,13.9,14.6,115704
2009-03-26,14.6,15.25,14.3,15.1,280212
2009-03-27,15.5,16.2,15.1,15.8,227318
2009-03-30,15.75,16.0,15.1,15.5,118768
2009-03-31,15.6,16.0,15.45,15.5,111120
2009-04-01,15.5,16.7,15.5,16.35,205306
2009-04-02,16.9,18.0,16.6,18.0,346986
2009-04-06,18.7,18.9,17.7,18.4,471832
2009-04-08,17.6,19.35,17.55,19.35,256502
2009-04-09,19.95,20.3,18.85,20.1,512972
2009-04-13,20.65,20.85,19.1,19.9,621950
2009-04-15,19.25,20.9,19.1,20.9,327380
2009-04-16,21.5,22.0,20.9,21.15,713840
2009-04-17,21.5,22.0,20.15,20.9,425578
2009-04-20,21.1,21.2,20.15,20.4,149786
2009-04-21,20.0,21.4,19.6,21.3,330838
2009-04-22,22.0,22.35,20.8,20.95,315384
2009-04-23,20.7,21.35,20.3,21.2,140912
2009-04-24,21.45,21.75,20.9,21.6,185690
2009-04-27,21.1,22.7,21.1,22.15,312866
2009-04-28,22.4,22.75,21.05,21.1,195820
2009-04-29,20.9,21.95,20.75,21.4,122628
2009-05-04,22.4,22.5,21.6,22.5,315718
2009-05-05,23.0,23.45,22.05,22.8,1111588
2009-05-06,23.5,23.5,22.3,22.5,235482
2009-05-07,23.25,23.5,22.2,23.0,299192
2009-05-08,23.5,25.75,22.75,25.0,901868
2009-05-11,25.6,26.5,23.75,24.0,423072
2009-05-12,24.45,24.5,23.3,24.2,179926
2009-05-13,24.5,28.2,24.3,27.55,1437216
2009-05-14,28.0,31.7,28.0,29.2,5031416
2009-05-15,29.9,30.75,27.8,28.35,1104258
2009-05-18,30.0,32.85,30.0,32.5,10038
2009-05-19,32.6,37.9,29.5,36.8,2273814
2009-05-20,36.5,40.5,36.5,40.5,956952
2009-05-21,42.0,43.9,37.5,39.2,943300
2009-05-22,40.95,41.0,37.8,38.9,516514
2009-05-25,39.9,41.0,39.55,40.75,300468
2009-05-26,40.5,43.4,36.7,37.5,635490
2009-05-27,38.25,41.25,38.25,41.25,647534
2009-05-28,43.5,44.75,42.5,43.4,1131056
2009-05-29,43.7,47.75,43.3,47.75,1283568
2009-06-01,50.65,52.5,49.95,51.4,1468566
2009-06-02,52.05,52.15,48.85,48.9,474172
2009-06-03,49.95,49.95,46.5,46.5,578210
2009-06-04,46.5,46.5,44.25,44.5,561582
2009-06-05,45.5,46.2,42.8,43.1,420354
2009-06-08,43.0,44.55,41.0,41.0,266272
2009-06-09,41.0,43.0,38.9,42.1,990528
2009-06-10,43.1,44.25,40.0,43.55,751466
2009-06-11,45.5,45.5,41.6,42.15,1523130
2009-06-12,42.45,42.65,40.05,40.1,366580
2009-06-15,39.5,39.9,38.1,38.35,200070
2009-06-16,37.0,39.8,36.5,38.6,1108878
2009-06-17,39.35,39.4,36.7,36.7,706572
2009-06-18,36.6,37.25,34.9,34.9,418700
2009-06-19,35.9,35.9,33.3,34.3,343166
2009-06-22,35.2,35.75,33.75,34.05,541890
2009-06-23,32.55,35.45,32.35,35.0,404536
2009-06-24,35.75,36.0,34.3,34.8,206632
2009-06-25,35.5,36.55,35.5,36.5,868974
2009-06-26,37.0,37.85,35.65,37.3,443762
2009-06-29,37.3,38.35,36.8,37.7,321384
2009-06-30,38.35,38.35,35.8,35.85,273558
2009-07-01,35.75,36.2,34.1,34.45,392734
2009-07-02,35.0,35.5,34.25,34.8,243934
2009-07-03,34.0,35.1,34.0,34.5,250174
2009-07-06,35.0,36.25,33.0,33.5,315356
2009-07-07,33.95,34.2,32.5,33.7,148914
2009-07-08,32.75,33.25,30.05,30.25,338542
2009-07-09,31.1,34.4,30.1,33.8,1947564
2009-07-10,35.05,35.05,32.5,33.6,3763268
2009-07-13,34.25,34.95,31.8,34.55,2240736
2009-07-14,35.75,36.35,34.7,35.2,2032838
2009-07-15,36.1,38.45,35.7,37.7,3047684
2009-07-16,38.4,38.45,36.0,36.7,1317676
2009-07-17,37.0,37.95,36.75,37.1,613086
2009-07-20,37.95,40.3,37.15,39.8,2160726
2009-07-21,40.3,41.25,38.4,40.6,1613388
2009-07-22,41.0,41.7,38.5,39.2,1024186
2009-07-23,39.85,40.75,39.5,40.0,619644
2009-07-24,40.45,42.3,39.65,41.6,1330636
2009-07-27,41.5,44.25,41.1,43.25,1619704
2009-07-28,43.5,44.45,42.25,42.6,556624
2009-07-29,42.0,42.5,39.75,40.65,518356
2009-07-30,40.7,41.7,39.25,39.5,691408
2009-07-31,39.5,40.8,38.8,38.95,435884
2009-08-03,39.15,40.0,38.7,39.75,263278
2009-08-04,40.3,40.5,39.05,39.3,387702
2009-08-05,39.0,39.45,34.3,38.55,209080
2009-08-06,38.75,41.9,38.1,40.2,1942270
2009-08-07,40.05,42.3,39.75,40.4,1051100
2009-08-10,41.5,41.5,38.6,38.95,359310
2009-08-11,39.0,39.95,38.25,38.8,1205968
2009-08-12,38.3,38.9,37.05,37.9,239790
2009-08-13,39.25,40.95,38.8,39.55,804870
2009-08-14,39.9,41.25,39.0,40.2,617808
2009-08-17,39.8,39.95,36.3,36.6,1189580
2009-08-18,36.2,38.1,36.2,37.8,370654
2009-08-19,37.6,38.95,37.55,37.8,339096
2009-08-20,38.2,38.6,37.5,37.7,191814
2009-08-21,38.0,38.7,37.6,38.3,342370
2009-08-24,39.0,41.95,38.0,41.4,1629406
2009-08-25,41.4,44.3,41.1,43.5,2546304
2009-08-26,44.0,45.9,43.6,43.9,1427920
2009-08-27,44.35,45.4,42.95,43.2,868922
2009-08-28,43.75,45.7,43.5,45.4,1089212
2009-08-31,42.5,46.65,42.5,45.9,1346812
2009-09-01,46.4,47.3,44.0,44.4,1108882
2009-09-02,44.0,44.85,42.1,43.3,438512
2009-09-03,43.0,44.3,42.8,43.05,304364
2009-09-04,43.7,43.7,42.5,43.05,412956
2009-09-07,43.0,44.95,43.0,44.6,462768
2009-09-08,45.0,46.15,44.5,44.8,571214
2009-09-09,44.1,45.1,43.5,43.65,347120
2009-09-10,44.5,44.95,42.3,42.75,418600
2009-09-11,43.4,43.45,41.05,41.4,401608
2009-09-14,41.05,42.95,41.05,42.4,328148
2009-09-15,42.5,42.9,42.05,42.3,172756
2009-09-16,42.75,43.3,41.85,42.1,345028
2009-09-17,42.7,43.1,42.05,42.3,237966
2009-09-18,42.4,44.25,41.85,43.0,654284
2009-09-22,43.3,44.4,43.1,43.4,444414
2009-09-23,43.9,43.9,42.05,42.2,366500
2009-09-24,42.0,42.95,41.3,42.65,215232
2009-09-25,42.4,44.3,41.8,43.25,678374
2009-09-29,43.9,44.5,43.4,43.8,295388
2009-09-30,42.5,46.0,42.5,45.3,1352112
2009-10-01,45.95,49.35,45.5,47.95,6077464
2009-10-05,47.45,48.95,45.9,46.2,2402340
2009-10-06,46.75,47.45,44.4,46.6,1085176
2009-10-07,47.0,48.1,46.7,47.0,1125580
2009-10-08,47.5,47.8,45.3,45.9,789830
2009-10-09,45.9,47.25,44.25,44.75,1497530
2009-10-12,45.0,45.85,44.25,45.5,1197576
2009-10-14,45.9,47.0,44.85,46.7,1559144
2009-10-15,47.0,49.9,46.6,48.45,3181402
2009-10-16,48.55,52.5,48.2,50.05,3613270
2009-10-17,50.1,51.25,50.1,50.7,338712
2009-10-20,51.4,53.6,50.8,53.05,2746586
2009-10-21,53.25,55.4,53.25,54.3,1886972
2009-10-22,54.5,54.7,50.0,50.45,1406852
2009-10-23,51.0,52.15,49.6,50.2,1293530
2009-10-26,50.0,51.0,48.7,49.3,724614
2009-10-27,48.9,49.8,44.7,46.1,867414
2009-10-28,45.0,47.4,44.8,45.1,556754
2009-10-29,40.1,44.2,40.1,42.3,595424
2009-10-30,43.5,44.25,40.0,40.2,825124
2009-11-03,40.0,40.0,36.9,37.4,486378
2009-11-04,38.0,39.5,37.25,39.2,516752
2009-11-05,39.0,42.2,38.3,40.6,759566
2009-11-06,41.5,42.0,39.6,39.9,561216
2009-11-09,40.4,41.25,40.05,40.4,403354
2009-11-10,40.8,41.6,39.15,39.6,829012
2009-11-11,40.05,41.6,39.6,40.9,704078
2009-11-12,40.95,41.45,39.7,39.95,392108
2009-11-13,40.95,41.0,39.55,39.75,268872
2009-11-16,40.45,42.3,40.45,41.9,880232
2009-11-17,42.35,43.1,41.6,42.35,1129538
2009-11-18,42.35,46.4,42.1,45.7,3647272
2009-11-19,46.7,47.3,44.85,45.3,3687712
2009-11-20,45.9,46.5,42.9,44.9,3358604
2009-11-23,45.5,45.5,43.9,44.1,505530
2009-11-24,44.5,45.95,43.55,43.7,888946
2009-11-25,45.0,45.45,43.1,43.25,1536936
2009-11-26,43.5,43.7,41.9,42.4,529280
2009-11-27,41.25,41.9,39.2,40.5,974510
2009-11-30,41.1,41.5,40.5,40.6,531790
2009-12-01,41.0,42.15,41.0,41.8,622834
2009-12-02,42.3,42.6,41.5,41.7,478570
2009-12-03,42.0,43.25,41.8,42.4,702906
2009-12-04,42.0,43.2,42.0,42.3,681310
2009-12-07,49.9,49.9,42.5,42.7,666062
2009-12-08,43.0,43.7,42.75,43.2,454406
2009-12-09,43.0,44.2,42.9,43.3,495016
2009-12-10,43.5,44.7,43.3,43.7,746032
2009-12-11,44.45,44.5,42.5,43.0,444790
2009-12-14,43.0,43.2,42.1,42.2,236436
2009-12-15,42.5,42.65,41.2,41.6,252452
2009-12-16,41.0,41.7,40.7,41.2,286244
2009-12-17,41.05,42.0,41.0,41.55,255670
2009-12-18,41.75,42.35,40.75,40.95,318604
2009-12-21,40.95,41.4,40.55,40.6,255052
2009-12-22,41.0,41.6,40.75,40.95,185530
2009-12-23,41.35,42.2,41.1,41.9,305106
2009-12-24,42.5,43.5,41.85,43.25,854764
2009-12-29,43.85,44.45,43.3,43.6,382338
2009-12-30,44.45,44.45,42.85,43.05,310288
2009-12-31,43.3,45.5,43.2,44.0,1989900
2010-01-04,44.4,45.2,43.8,44.8,920952
2010-01-05,44.8,45.2,44.25,44.5,562680
2010-01-06,44.95,45.45,43.85,44.5,566592
2010-01-07,44.9,45.75,44.25,44.8,688190
2010-01-08,45.1,45.9,44.75,45.25,761296
2010-01-11,45.5,46.25,45.3,45.8,598218
2010-01-12,46.05,47.1,45.5,46.0,1175712
2010-01-13,46.0,46.0,45.0,45.45,431746
2010-01-14,45.6,46.1,44.55,45.3,429502
2010-01-15,45.65,46.5,45.0,45.15,795982
2010-01-18,45.25,45.65,44.6,44.8,249510
2010-01-19,45.0,45.85,44.35,45.2,510746
2010-01-20,45.4,48.7,45.25,48.0,4231500
2010-01-21,48.0,48.9,45.1,45.5,3017226
2010-01-22,44.25,45.15,42.6,44.0,1332372
2010-01-25,43.85,44.2,42.55,42.85,439738
2010-01-27,42.5,42.7,39.5,39.85,511504
2010-01-28,40.05,41.0,39.6,39.8,465874
2010-01-29,39.5,41.5,38.3,41.3,857648
2010-02-01,40.3,42.15,40.3,41.45,355654
2010-02-02,41.75,42.45,40.1,40.4,277898
2010-02-03,40.75,41.1,39.7,40.0,309760
2010-02-04,40.0,41.7,39.85,40.15,562376
2010-02-05,39.0,41.0,38.6,40.6,499922
2010-02-06,40.6,41.2,39.8,40.0,108604
2010-02-08,41.5,41.5,39.3,40.3,590282
2010-02-09,41.0,41.5,40.0,40.3,403310
2010-02-10,41.0,41.0,39.5,39.8,214330
2010-02-11,40.3,44.0,40.3,40.6,479308
2010-02-15,40.8,41.2,40.05,40.2,194068
2010-02-16,40.4,40.7,39.7,40.05,258076
2010-02-17,40.6,40.9,39.6,39.9,279912
2010-02-18,40.2,40.4,39.4,39.6,229642
2010-02-19,39.5,39.65,38.55,38.8,221160
2010-02-22,39.75,39.8,38.5,38.6,140254
2010-02-23,38.9,38.9,37.4,37.6,233674
2010-02-24,36.75,37.8,36.75,37.05,186658
2010-02-25,37.15,37.5,36.8,37.05,193534
2010-02-26,37.35,38.3,36.8,38.0,258498
2010-03-02,38.5,39.85,38.5,39.5,345018
2010-03-03,39.95,40.85,39.6,40.1,384246
2010-03-04,40.0,40.6,39.1,39.3,290460
2010-03-05,39.85,40.35,38.7,39.3,486232
2010-03-08,39.75,40.2,38.6,38.7,526866
2010-03-09,38.75,39.1,38.1,38.2,367578
2010-03-10,38.3,39.5,38.3,38.4,456182
2010-03-11,38.7,38.7,38.25,38.5,162512
2010-03-12,38.5,38.85,37.8,37.9,207076
2010-03-15,38.2,38.2,37.2,37.3,252914
2010-03-16,37.25,38.3,37.25,37.95,176666
2010-03-17,38.4,38.5,35.75,36.1,980904
2010-03-18,36.4,36.9,35.5,36.3,582700
2010-03-19,36.25,37.0,35.4,35.5,1997834
2010-03-22,35.5,36.6,35.05,35.9,439116
2010-03-23,36.45,36.45,36.0,36.1,197696
2010-03-25,35.8,36.35,35.75,35.85,150098
2010-03-26,36.25,37.25,36.0,36.3,483982
2010-03-29,36.25,37.05,35.75,35.85,316754
2010-03-30,36.3,37.1,35.95,36.5,339778
2010-03-31,36.55,37.1,36.05,36.3,273442
2010-04-01,36.4,37.75,36.4,37.45,582644
2010-04-05,37.95,38.75,37.5,38.55,599544
2010-04-06,38.9,39.4,38.2,38.7,427740
2010-04-07,39.0,39.7,38.5,38.9,418774
2010-04-08,39.9,41.5,39.3,39.6,2155250
2010-04-09,40.45,40.9,40.0,40.7,1073054
2010-04-12,41.6,42.45,41.1,41.7,1786176
2010-04-13,41.95,42.45,41.25,41.4,661318
2010-04-15,41.7,42.3,40.25,40.5,553426
2010-04-16,40.4,40.4,39.6,39.85,317558
2010-04-19,39.3,39.45,37.9,38.2,556982
2010-04-20,38.6,40.2,38.4,39.95,420948
2010-04-21,40.4,41.55,40.2,40.7,555808
2010-04-22,40.9,41.25,40.4,40.6,365034
2010-04-23,40.75,41.75,40.25,40.3,419920
2010-04-26,40.95,41.0,39.65,40.1,284154
2010-04-27,40.4,41.2,39.25,40.5,576840
2010-04-28,39.9,40.0,39.0,39.2,318220
2010-04-29,39.7,40.35,39.25,39.8,284572
2010-04-30,40.75,41.0,39.3,39.45,518106
2010-05-03,39.45,40.1,39.05,39.5,297288
2010-05-04,39.6,39.9,38.3,38.45,192622
2010-05-05,37.5,38.5,36.75,38.15,233896
2010-05-06,38.25,39.0,37.75,38.45,246950
2010-05-07,38.0,38.2,37.35,37.8,225400
2010-05-10,38.0,40.85,37.9,40.1,804734
2010-05-11,40.2,40.8,38.9,39.3,977174
2010-05-12,39.35,39.9,38.8,39.0,201542
2010-05-13,39.9,41.7,39.9,40.8,3008410
2010-05-14,40.1,41.3,39.2,39.5,760194
2010-05-17,39.5,39.9,38.7,39.75,449938
2010-05-18,40.0,40.7,39.3,39.8,569344
2010-05-19,39.3,40.3,39.05,39.3,613888
2010-05-20,40.0,40.0,38.4,39.2,359390
2010-05-21,37.6,38.95,37.6,38.7,339584
2010-05-24,40.0,40.1,39.15,39.25,217754
2010-05-25,38.8,39.7,38.3,38.85,330148
2010-05-26,38.75,39.5,38.15,38.6,145094
2010-05-27,38.75,39.0,38.0,38.45,110268
2010-05-28,39.2,39.5,38.8,38.95,190236
2010-05-31,38.8,39.15,38.5,38.7,103886
2010-06-01,39.2,39.4,38.5,38.6,141250
2010-06-02,38.7,39.5,38.5,39.1,131654
2010-06-03,39.85,40.4,39.35,39.4,282134
2010-06-04,39.25,39.8,39.25,39.45,196612
2010-06-07,38.95,39.1,37.7,38.9,130928
2010-06-08,39.0,39.35,38.1,38.3,139952
2010-06-09,38.55,39.0,38.5,38.85,102050
2010-06-10,38.9,39.25,38.9,39.2,122720
2010-06-11,39.25,39.9,38.8,39.0,184060
2010-06-14,39.1,39.7,38.5,39.1,156096
2010-06-15,39.3,40.25,38.8,39.6,577500
2010-06-16,39.6,40.4,39.6,39.9,319504
2010-06-17,37.6,41.9,37.6,41.35,1020428
2010-06-18,41.5,42.0,40.6,40.7,321518
2010-06-21,41.2,44.7,41.0,43.5,5339192
2010-06-22,43.55,44.3,43.05,43.65,1125640
2010-06-23,44.0,45.75,43.2,45.1,2596240
2010-06-24,45.5,45.8,43.65,43.9,941382
2010-06-25,44.0,44.7,43.3,43.55,597842
2010-06-28,43.75,44.35,43.0,43.6,417538
2010-06-29,43.75,43.75,42.35,42.5,1240076
2010-06-30,42.0,42.7,41.7,42.05,522940
2010-07-01,41.9,43.2,41.6,42.5,376474
2010-07-02,41.75,45.95,41.2,44.45,2156506
2010-07-05,44.95,45.35,43.8,44.15,857834
2010-07-06,44.5,45.2,44.2,44.4,796946
2010-07-07,44.75,44.95,44.0,44.4,500652
2010-07-08,44.95,45.3,44.2,44.3,695088
2010-07-09,44.75,45.7,44.3,45.3,1057432
2010-07-12,45.8,47.3,45.4,46.9,2635192
2010-07-13,47.5,47.8,47.0,47.6,1630340
2010-07-14,47.9,48.0,46.05,46.3,680842
2010-07-15,46.5,47.4,45.7,46.1,425272
2010-07-16,46.3,46.9,46.0,46.2,380830
2010-07-19,46.0,46.6,45.6,45.95,229900
2010-07-20,46.55,47.7,46.25,46.7,1094818
2010-07-21,46.75,47.1,45.8,46.1,327210
2010-07-22,45.95,46.2,45.15,45.3,373198
2010-07-23,45.5,46.0,44.55,44.85,525014
2010-07-26,45.1,46.4,44.6,44.9,393502
2010-07-27,45.25,45.25,44.3,44.5,209572
2010-07-28,44.6,44.85,44.05,44.4,139354
2010-07-29,44.4,44.7,42.45,43.2,272784
2010-07-30,43.75,46.3,43.25,45.6,1890448
2010-08-02,46.5,46.5,45.75,46.3,654038
2010-08-03,46.45,46.9,45.7,46.1,556514
2010-08-04,46.45,46.65,45.8,45.95,296386
2010-08-05,46.45,46.5,45.7,45.8,294204
2010-08-06,46.35,46.45,45.7,46.0,257252
2010-08-09,45.75,46.0,44.75,44.95,237038
2010-08-10,44.95,45.4,44.0,44.1,197488
2010-08-11,44.5,45.75,44.1,44.5,341686
2010-08-12,43.5,45.7,43.3,44.5,425888
2010-08-13,44.95,45.0,44.05,44.15,426992
2010-08-16,44.05,45.2,43.4,44.4,345280
2010-08-17,44.7,45.7,44.7,45.5,339574
2010-08-18,45.9,47.2,44.55,46.9,1609142
2010-08-19,47.35,48.3,46.75,47.5,926916
2010-08-20,47.25,47.65,46.5,47.25,864566
2010-08-23,47.9,48.9,47.0,47.3,748540
2010-08-24,47.5,47.65,46.4,46.6,270006
2010-08-25,45.9,46.5,44.4,45.4,316522
2010-08-26,45.75,46.9,43.65,46.25,735852
2010-08-27,46.55,46.9,44.5,44.85,314082
2010-08-30,45.3,45.75,43.7,44.2,200026
2010-08-31,43.7,44.55,43.0,43.35,212522
2010-09-01,43.6,44.5,43.3,44.25,201940
2010-09-02,45.4,45.7,45.0,45.3,267892
2010-09-03,45.75,45.75,43.9,44.3,465580
2010-09-06,45.0,45.55,44.6,45.25,333640
2010-09-07,45.25,46.9,45.0,45.5,713404
2010-09-08,45.5,46.75,44.3,46.5,622288
2010-09-09,46.9,47.35,45.9,46.7,841738
2010-09-13,47.5,47.85,47.0,47.45,1059166
2010-09-14,48.0,48.5,46.1,46.85,417554
2010-09-15,46.75,47.5,45.8,46.55,322156
2010-09-16,46.5,46.55,45.5,45.6,139618
2010-09-17,45.9,46.5,45.65,46.2,171500
2010-09-20,46.0,46.45,45.75,46.25,148508
2010-09-21,46.9,46.9,45.5,45.9,253826
2010-09-22,46.0,46.15,45.2,45.6,224578
2010-09-23,46.0,46.0,44.25,44.5,385728
2010-09-24,44.6,45.6,44.6,45.4,281734
2010-09-27,46.0,46.45,45.5,45.75,275516
2010-09-28,45.25,46.4,45.25,45.5,117510
2010-09-29,45.6,45.85,45.0,45.05,156170
2010-09-30,44.8,45.3,44.3,44.6,196550
2010-10-01,44.7,45.25,44.5,44.6,200630
2010-10-04,44.8,45.9,44.5,44.6,138260
2010-10-05,44.6,45.5,44.6,44.8,179562
2010-10-06,45.5,46.7,44.85,45.9,1125616
2010-10-07,46.2,48.2,45.5,46.6,1542212
2010-10-08,47.0,48.35,46.95,47.3,1149548
2010-10-11,47.75,47.85,46.8,47.0,363614
2010-10-12,47.0,47.4,46.5,46.9,350108
2010-10-13,47.2,50.95,46.75,50.0,3714134
2010-10-14,50.55,50.6,48.5,48.7,1440822
2010-10-15,49.2,51.9,48.7,49.3,1827680
2010-10-18,49.65,50.0,47.9,48.55,935310
2010-10-19,49.45,50.6,48.65,49.1,1021104
2010-10-20,49.0,49.6,46.55,47.1,638954
2010-10-21,48.6,49.95,48.0,48.2,693166
2010-10-22,49.75,49.75,47.55,47.95,394126
2010-10-25,48.05,48.9,47.2,47.35,512914
2010-10-26,47.8,49.95,47.7,48.6,1432684
2010-10-27,49.0,50.7,48.35,49.1,1554696
2010-10-28,49.0,49.15,47.1,47.45,616512
2010-10-29,47.5,48.1,44.1,46.35,492656
2010-11-01,47.0,47.9,46.55,46.85,346656
2010-11-02,46.95,47.3,46.6,46.8,241232
2010-11-03,46.85,47.25,46.05,46.3,222600
2010-11-04,46.5,47.1,46.5,46.75,218418
2010-11-05,46.05,48.4,37.75,47.8,153256
2010-11-08,47.5,48.0,46.55,47.25,209280
2010-11-09,47.9,47.9,46.65,46.9,253174
2010-11-10,47.0,48.9,46.5,47.4,803252
2010-11-11,48.0,49.2,46.8,47.3,646398
2010-11-12,46.9,47.75,46.05,46.45,475442
2010-11-15,46.5,46.8,45.6,45.95,182738
2010-11-16,46.5,46.75,44.0,44.2,321530
2010-11-18,44.95,45.4,42.8,43.95,277730
2010-11-19,44.6,44.95,43.2,43.4,193024
2010-11-22,43.6,44.5,42.8,44.05,180944
2010-11-23,43.9,43.9,42.0,42.75,178636
2010-11-24,43.7,45.25,42.6,42.8,123942
2010-11-25,43.05,43.05,41.5,41.5,248942
2010-11-26,41.6,41.8,38.25,39.7,444056
2010-11-29,39.25,40.4,39.0,39.8,110650
2010-11-30,39.8,42.5,39.35,40.8,267986
2010-12-01,40.9,42.25,40.8,41.95,118504
2010-12-02,43.1,43.1,41.75,42.3,138778
2010-12-03,42.3,42.3,40.5,41.25,114176
2010-12-06,41.5,42.0,40.55,41.0,143986
2010-12-07,41.45,41.45,39.6,39.9,144280
2010-12-08,39.5,40.5,39.2,39.75,112030
2010-12-09,40.0,40.0,37.7,37.85,139242
2010-12-10,38.2,39.0,37.5,38.3,163142
2010-12-13,38.0,39.5,38.0,39.15,110530
2010-12-14,39.55,39.75,39.0,39.45,252314
2010-12-15,39.45,40.25,38.6,38.95,141658
2010-12-16,39.5,39.9,38.1,38.4,85518
2010-12-20,38.3,40.0,38.0,39.1,237960
2010-12-21,40.1,40.15,39.05,39.3,295740
2010-12-22,39.4,39.65,38.1,38.4,211580
2010-12-23,38.3,38.5,37.8,37.9,160390
2010-12-24,37.8,37.9,37.3,37.4,164926
2010-12-27,37.75,38.3,36.9,37.05,164532
2010-12-28,37.2,37.4,36.8,37.05,126394
2010-12-29,37.05,38.3,36.9,38.1,353276
2010-12-30,37.75,38.25,37.4,37.5,151560
2011-01-03,38.9,38.9,38.05,38.45,217188
2011-01-04,38.75,39.3,38.05,39.0,357028
2011-01-05,39.0,39.15,38.3,38.4,107436
2011-01-06,38.6,38.85,37.5,37.75,175066
2011-01-07,37.95,37.95,36.6,37.2,121676
2011-01-10,37.3,37.3,36.1,36.2,143092
2011-01-11,36.5,37.0,35.6,35.8,156562
2011-01-12,35.9,36.3,35.3,35.9,204684
2011-01-13,36.0,36.75,35.6,36.15,473570
2011-01-14,36.25,37.5,35.6,36.85,153954
2011-01-17,36.9,37.5,36.25,36.55,125684
2011-01-18,36.5,36.9,35.65,35.95,107270
2011-01-19,36.0,36.15,35.5,35.6,53378
2011-01-20,36.0,36.0,35.0,35.55,58522
2011-01-21,35.5,36.0,35.25,35.5,64918
2011-01-24,35.5,35.9,35.0,35.8,74402
2011-01-25,35.5,36.45,35.5,35.9,83818
2011-01-27,36.15,36.25,35.0,35.2,86468
2011-01-28,34.75,35.4,32.6,33.3,213918
2011-01-31,32.5,33.5,32.25,33.25,129198
2011-02-01,33.0,34.2,33.0,33.4,133244
2011-02-02,33.1,34.1,32.75,33.4,129254
2011-02-03,33.1,33.8,33.0,33.3,72986
2011-02-04,33.45,33.5,32.6,32.7,106936
2011-02-07,33.0,33.0,31.25,31.5,182294
2011-02-08,31.05,31.7,30.0,30.2,112988
2011-02-09,30.0,31.3,29.5,30.5,301296
2011-02-10,30.5,32.45,29.9,31.8,464272
2011-02-11,32.45,33.55,31.9,33.4,229662
2011-02-14,33.75,34.5,33.5,34.3,169244
2011-02-15,34.55,37.25,33.75,36.8,366506
2011-02-16,40.75,40.75,36.5,36.9,298446
2011-02-17,37.1,37.9,36.9,37.1,260624
2011-02-18,37.35,38.4,36.1,36.7,401196
2011-02-21,36.75,37.45,36.3,36.5,73112
2011-02-22,36.3,36.9,35.75,35.9,48214
2011-02-23,36.0,37.25,35.8,36.4,263344
2011-02-24,35.9,36.5,34.6,35.2,113422
2011-02-25,35.85,35.85,34.5,34.85,78510
2011-02-28,35.9,35.9,34.0,34.3,71384
2011-03-01,34.9,35.3,34.5,34.8,220262
2011-03-03,34.85,34.85,34.1,34.35,152970
2011-03-04,34.4,35.2,33.9,34.3,179336
2011-03-07,34.1,34.5,33.0,33.35,150776
2011-03-08,33.35,33.9,32.75,32.9,184524
2011-03-09,32.95,33.35,32.8,33.2,150226
2011-03-10,33.1,33.95,32.75,33.55,76202
2011-03-11,33.3,34.2,32.85,33.3,114530
2011-03-14,33.0,33.5,32.5,33.0,117422
2011-03-15,32.5,33.45,32.25,33.05,120848
2011-03-16,33.15,33.7,33.0,33.4,76356
2011-03-17,33.25,34.9,33.0,33.2,81506
2011-03-18,33.15,33.5,32.6,32.9,80124
2011-03-21,33.3,33.45,32.4,32.7,77676
2011-03-22,33.2,33.4,32.5,32.6,59104
2011-03-23,32.65,33.0,32.1,32.4,191868
2011-03-24,32.6,32.75,32.4,32.45,62892
2011-03-25,32.7,33.65,32.7,33.25,150310
2011-03-28,33.3,34.5,33.3,34.0,225070
2011-03-29,34.0,34.05,33.5,33.6,98744
2011-03-30,34.1,34.75,33.6,34.35,182966
2011-03-31,34.6,34.85,33.75,33.95,99608
2011-04-01,34.1,36.3,33.75,35.5,563572
2011-04-04,35.9,36.25,35.1,35.75,288700
2011-04-05,36.0,37.0,35.75,36.25,640756
2011-04-06,36.65,38.25,36.35,37.5,1176300
2011-04-07,36.3,38.85,30.5,38.45,738696
2011-04-08,38.8,39.3,37.55,37.7,334988
2011-04-11,37.7,38.0,36.9,37.3,298526
2011-04-13,37.95,38.9,37.6,38.1,484906
2011-04-15,38.5,38.5,37.55,38.1,177224
2011-04-18,38.5,38.95,37.9,38.1,298880
2011-04-19,38.0,38.35,37.65,37.8,70312
2011-04-20,38.3,38.5,37.8,37.95,72544
2011-04-21,37.9,39.5,37.7,38.7,404574
2011-04-25,38.5,39.0,38.5,38.55,98438
2011-04-26,38.1,38.7,38.1,38.4,66302
2011-04-27,38.7,38.7,37.85,38.1,83944
2011-04-28,38.45,38.45,37.4,37.55,54332
2011-04-29,37.55,37.8,36.6,36.75,103810
2011-05-02,36.8,37.0,36.0,36.15,58046
2011-05-03,35.85,36.75,32.6,35.15,147604
2011-05-04,35.0,35.7,34.5,34.65,118224
2011-05-05,34.75,35.2,34.1,34.2,61454
2011-05-06,34.75,34.75,34.05,34.3,46802
2011-05-09,34.5,34.9,34.25,34.5,59626
2011-05-10,34.25,34.5,34.0,34.05,76838
2011-05-11,34.05,34.4,33.9,34.1,39294
2011-05-12,33.75,34.45,33.55,33.7,89232
2011-05-13,33.6,34.2,32.15,33.8,220290
2011-05-16,33.8,33.85,32.9,33.25,88418
2011-05-17,33.2,33.4,32.5,32.7,88500
2011-05-18,32.55,33.25,32.5,32.7,65788
2011-05-19,33.25,34.8,33.05,34.05,382988
2011-05-20,32.8,35.25,32.5,34.7,107348
2011-05-23,34.9,35.2,34.1,34.3,81936
2011-05-24,34.7,34.8,34.0,34.55,169156
2011-05-25,34.25,34.75,33.25,33.45,125382
2011-05-26,33.5,34.1,33.25,34.0,143952
2011-05-27,34.2,35.0,33.6,34.85,80596
2011-05-30,35.4,36.15,35.25,35.5,195932
2011-05-31,35.5,35.9,35.1,35.25,94390
2011-06-01,35.0,35.65,34.7,35.0,178602
2011-06-02,34.95,35.75,34.5,35.2,59972
2011-06-03,34.8,35.2,34.45,34.55,71918
2011-06-06,34.55,34.9,34.3,34.6,38124
2011-06-07,34.0,34.65,33.8,34.4,32344
2011-06-08,34.4,35.7,34.05,34.7,102644
2011-06-09,35.0,35.5,34.65,34.9,133596
2011-06-10,35.5,35.6,35.0,35.1,108500
2011-06-13,35.45,35.5,34.5,34.7,67086
2011-06-14,35.0,35.4,34.6,34.7,75794
2011-06-15,34.4,34.9,34.1,34.15,42714
2011-06-16,33.6,35.2,33.6,34.5,90956
2011-06-17,35.0,35.0,34.0,34.4,84996
2011-06-20,34.25,34.5,32.6,33.3,105114
2011-06-21,33.9,34.2,33.25,34.0,116054
2011-06-22,34.05,34.6,33.0,33.15,81380
2011-06-23,33.0,33.05,32.4,32.6,91170
2011-06-24,32.6,33.15,32.3,32.7,246048
2011-06-27,32.7,33.15,32.5,32.8,145378
2011-06-28,32.9,33.4,32.25,32.5,144966
2011-06-29,32.7,33.25,32.5,32.7,257782
2011-06-30,33.0,33.35,32.7,32.8,172180
2011-07-01,32.95,35.2,32.95,34.5,562722
2011-07-04,35.2,36.15,34.2,35.9,642318
2011-07-05,36.5,36.6,35.2,35.75,603416
2011-07-06,36.0,36.7,35.0,36.2,360052
2011-07-07,36.5,37.95,36.2,37.35,491342
2011-07-08,37.4,38.0,36.6,37.3,319824
2011-07-11,37.0,38.1,36.3,37.9,412436
2011-07-12,37.5,37.7,36.3,37.3,273540
2011-07-13,37.3,37.75,36.65,37.1,323548
2011-07-14,37.0,37.25,36.4,36.95,196434
2011-07-15,37.1,39.0,37.05,38.8,800096
2011-07-18,39.1,40.3,37.2,40.0,1097992
2011-07-19,40.0,42.5,39.5,42.3,1676894
2011-07-20,42.75,42.95,41.75,42.0,619150
2011-07-21,42.5,44.25,40.25,41.5,304890
2011-07-22,41.6,42.45,41.2,42.0,222714
2011-07-25,42.0,42.3,41.5,42.0,180734
2011-07-26,42.5,42.85,40.15,41.55,328568
2011-07-27,41.5,43.0,40.7,42.4,296176
2011-07-28,43.0,43.0,41.1,41.5,277006
2011-07-29,41.5,41.7,39.55,40.9,267356
2011-08-01,40.95,41.0,39.6,39.9,102670
2011-08-02,40.1,40.4,38.1,39.75,248904
2011-08-03,39.75,40.1,38.1,39.5,250430
2011-08-04,39.9,39.9,38.15,38.6,186834
2011-08-05,37.0,39.1,36.0,38.15,334252
2011-08-08,36.75,37.6,36.15,36.7,425232
2011-08-09,35.5,37.1,35.25,36.65,211658
2011-08-10,36.75,37.85,36.75,37.5,121726
2011-08-11,36.3,37.45,35.9,36.2,124688
2011-08-12,36.9,36.95,35.55,35.7,83876
2011-08-16,35.55,35.6,34.4,34.7,64902
2011-08-17,34.7,35.9,33.4,35.4,118306
2011-08-18,35.0,35.1,33.4,34.3,197098
2011-08-19,33.95,34.8,32.5,34.2,212870
2011-08-22,33.65,34.7,33.5,34.25,47380
2011-08-23,34.5,34.95,33.9,34.7,58912
2011-08-24,34.7,36.1,34.25,35.5,87618
2011-08-25,35.0,36.0,34.5,35.4,174474
2011-08-26,35.95,36.0,34.0,35.1,161972
2011-08-29,35.5,35.75,33.65,34.25,273132
2011-08-30,34.5,35.1,33.15,35.0,390894
2011-09-02,34.9,35.5,34.6,35.4,62064
2011-09-05,35.2,35.6,34.8,35.2,170556
2011-09-06,34.85,35.45,34.6,35.3,105448
2011-09-07,35.9,36.2,35.15,35.85,69518
2011-09-08,36.0,36.4,35.5,35.95,59388
2011-09-09,35.2,36.05,35.05,35.6,102446
2011-09-12,35.0,36.3,34.25,36.1,94180
2011-09-13,36.25,36.25,35.25,35.6,79928
2011-09-14,35.3,36.5,35.3,36.3,75186
2011-09-15,36.45,37.35,35.5,36.65,93798
2011-09-16,37.45,37.85,36.55,36.9,419570
2011-09-19,36.5,36.8,36.0,36.3,63290
2011-09-20,36.05,36.5,35.8,36.35,53026
2011-09-21,36.05,36.7,36.0,36.45,56648
2011-09-22,36.45,36.45,35.65,35.85,60650
2011-09-23,35.65,36.15,34.9,35.8,117880
2011-09-26,35.5,37.1,34.5,36.5,128340
2011-09-27,37.0,38.05,36.3,37.65,289538
2011-09-28,37.95,38.45,36.75,37.9,114990
2011-09-29,37.9,38.6,37.0,38.2,124928
2011-09-30,38.2,39.25,37.4,38.55,218410
2011-10-03,38.0,38.15,36.25,37.35,256516
2011-10-04,37.0,37.1,36.1,36.5,74038
2011-10-05,36.1,36.5,35.3,35.6,63210
2011-10-07,35.9,36.6,35.5,35.6,83290
2011-10-10,35.0,35.9,34.2,34.75,293672
2011-10-11,35.5,35.7,34.65,34.8,55482
2011-10-12,34.9,35.1,34.6,34.9,378952
2011-10-13,35.7,35.7,34.25,35.1,71770
2011-10-14,35.6,35.85,35.25,35.4,74546
2011-10-17,35.5,35.75,35.0,35.2,21126
2011-10-18,35.2,36.0,34.75,35.45,66026
2011-10-19,35.65,36.25,35.1,35.6,67950
2011-10-20,35.0,36.45,35.0,35.95,74358
2011-10-21,35.9,36.0,35.1,35.55,73606
2011-10-24,35.2,35.9,34.6,34.85,151338
2011-10-25,35.25,35.6,34.0,34.9,173640
2011-10-26,34.9,35.3,34.5,35.1,62970
2011-10-28,35.75,35.75,35.3,35.4,72250
2011-10-31,35.5,35.6,34.5,34.8,93870
2011-11-01,34.75,35.4,34.25,34.4,68580
2011-11-02,34.4,34.9,33.8,34.5,37694
2011-11-03,35.0,35.2,34.3,34.8,64772
2011-11-04,35.5,35.5,34.5,34.7,215128
2011-11-08,34.6,34.95,34.5,34.7,63446
2011-11-09,34.75,34.9,34.05,34.15,115734
2011-11-11,34.2,34.7,33.5,34.3,140634
2011-11-14,34.55,34.7,33.0,33.25,106510
2011-11-15,33.25,33.45,31.3,32.1,243706
2011-11-16,31.5,31.7,30.05,30.5,211390
2011-11-17,30.5,30.6,28.9,29.35,125196
2011-11-18,29.5,29.5,28.1,28.8,130180
2011-11-21,29.0,29.65,28.75,29.25,195990
2011-11-22,29.15,29.9,28.8,29.65,35876
2011-11-23,29.8,29.9,28.8,29.35,75216
2011-11-24,29.3,30.0,28.8,29.85,46070
2011-11-25,29.75,30.0,29.1,29.5,78156
2011-11-28,30.5,30.7,29.3,29.85,33412
2011-11-29,30.4,30.4,29.15,30.0,123388
2011-11-30,30.0,30.1,29.35,29.5,111478
2011-12-01,30.25,30.75,29.9,30.0,112154
2011-12-02,30.5,30.95,29.75,30.7,119198
2011-12-05,30.25,31.15,30.0,30.8,57896
2011-12-07,30.5,31.0,30.3,30.6,26250
2011-12-08,30.2,30.6,29.65,30.3,39546
2011-12-09,29.75,30.1,29.45,29.85,18290
2011-12-12,29.6,30.1,28.9,29.05,38274
2011-12-13,28.75,29.4,28.5,28.8,54562
2011-12-14,29.0,29.0,28.2,28.4,29428
2011-12-15,28.0,28.45,27.65,28.0,37818
2011-12-16,27.6,28.45,27.6,27.8,48906
2011-12-19,27.5,27.75,26.55,26.8,52982
2011-12-20,27.25,27.35,25.15,26.0,38040
2011-12-21,26.1,26.4,25.65,26.1,36560
2011-12-22,26.25,26.25,25.4,26.1,47764
2011-12-23,26.0,26.85,25.8,26.4,37482
2011-12-26,26.25,27.0,26.25,26.75,10134
2011-12-27,26.5,27.0,26.4,26.8,16028
2011-12-28,26.8,27.25,26.5,26.75,67910
2011-12-29,26.55,27.4,26.5,26.8,21990
2011-12-30,26.75,27.3,26.15,27.2,31376
2012-01-02,27.7,27.7,26.6,27.4,24788
2012-01-03,27.0,28.0,27.0,27.8,25050
2012-01-04,27.95,27.95,26.6,27.4,22480
2012-01-05,27.0,27.8,27.0,27.5,21810
2012-01-06,27.25,27.45,26.6,27.0,39350
2012-01-07,27.0,27.5,26.9,27.45,14836
2012-01-09,27.5,27.85,27.1,27.25,36840
2012-01-10,27.55,29.1,27.55,28.6,98044
2012-01-11,28.6,29.35,28.1,28.45,70622
2012-01-12,28.15,28.95,28.15,28.3,32960
2012-01-13,28.8,28.8,28.2,28.35,122472
2012-01-16,28.1,28.9,28.1,28.6,75620
2012-01-17,29.4,29.95,28.45,28.6,367672
2012-01-18,28.95,29.0,28.0,28.15,480218
2012-01-19,28.8,29.0,27.9,28.05,87666
2012-01-20,28.4,28.4,27.3,27.6,115786
2012-01-23,28.0,28.0,27.45,27.5,51034
2012-01-24,27.5,28.5,27.5,27.75,343742
2012-01-25,27.75,28.45,27.75,28.05,140932
2012-01-27,28.0,29.9,28.0,29.55,340356
2012-01-30,29.55,30.7,29.05,30.15,406906
2012-01-31,30.65,30.85,29.6,30.5,127708
2012-02-01,30.7,33.9,30.2,32.0,445984
2012-02-02,32.6,32.95,31.4,31.7,152220
2012-02-03,31.5,32.35,31.5,31.85,85148
2012-02-06,32.05,33.4,32.05,32.5,250412
2012-02-07,32.25,33.0,31.45,31.5,68248
2012-02-08,31.4,32.4,31.4,31.8,39530
2012-02-09,31.6,32.85,31.5,32.4,123530
2012-02-10,32.1,32.95,31.0,32.3,300192
2012-02-13,32.9,33.0,31.5,31.9,123800
2012-02-14,32.2,32.5,31.7,31.8,152422
2012-02-15,31.5,32.45,30.9,31.1,390492
2012-02-16,31.35,32.3,31.25,31.5,185734
2012-02-17,31.95,35.4,31.9,33.5,1570630
2012-02-21,34.3,34.3,33.2,33.75,441960
2012-02-22,33.8,33.9,31.9,32.25,315498
2012-02-23,32.4,32.75,31.4,32.35,183844
2012-02-24,32.75,32.75,31.5,32.0,70684
2012-02-27,31.5,32.4,30.3,30.6,169574
2012-02-28,31.0,31.65,30.6,31.3,81876
2012-02-29,31.3,32.15,31.1,31.25,71838
2012-03-01,31.0,31.5,30.9,31.05,36380
2012-03-02,31.5,31.5,30.65,30.75,66130
2012-03-03,30.6,31.75,30.6,31.5,15766
2012-03-05,31.0,31.25,30.5,30.7,34870
2012-03-06,31.0,31.0,29.6,29.95,102822
2012-03-07,30.0,30.0,29.4,29.8,51762
2012-03-09,30.0,31.05,29.9,30.0,389636
2012-03-12,30.45,30.9,30.05,30.25,45042
2012-03-13,30.3,31.0,30.25,30.5,65376
2012-03-14,30.7,31.45,30.15,31.2,172988
2012-03-15,32.1,32.5,30.2,30.45,637412
2012-03-16,30.5,31.1,28.8,29.2,267672
2012-03-19,29.2,29.5,28.3,28.45,123366
2012-03-20,28.55,29.1,28.0,28.4,64382
2012-03-21,28.9,29.35,28.6,29.1,141706
2012-03-22,29.1,30.25,28.65,28.8,167714
2012-03-23,29.1,29.25,28.7,28.95,78300
2012-03-26,29.05,29.4,28.6,28.75,106018
2012-03-27,28.75,29.1,28.05,28.6,58568
2012-03-28,29.05,29.05,28.0,28.35,141532
2012-03-29,28.05,30.2,28.0,29.7,173194
2012-03-30,29.25,31.35,29.25,30.75,435946
2012-04-02,30.3,30.9,30.3,30.45,36426
2012-04-03,31.2,31.2,30.3,30.4,35780
2012-04-04,30.6,30.7,30.0,30.1,43696
2012-04-09,30.0,30.35,29.4,29.4,49228
2012-04-10,29.1,30.3,29.1,29.7,57704
2012-04-11,29.9,30.15,29.2,29.3,324782
2012-04-12,29.55,30.45,29.3,29.5,124948
2012-04-13,29.8,30.25,29.0,29.1,77090
2012-04-16,29.3,29.9,29.0,29.3,30432
2012-04-17,29.4,29.8,29.15,29.6,51040
2012-04-18,29.6,30.1,29.5,29.65,74664
2012-04-19,29.75,30.0,29.4,29.55,26468
2012-04-20,29.4,30.0,28.3,29.0,195166
2012-04-23,29.35,29.7,28.6,28.7,74476
2012-04-24,29.4,29.4,28.3,28.6,37378
2012-04-25,28.55,29.0,28.1,28.3,47202
2012-04-26,28.35,28.6,28.15,28.45,35228
2012-04-27,28.2,28.8,27.8,28.0,59318
2012-04-28,28.4,28.45,27.9,28.25,6258
2012-04-30,28.5,28.7,27.8,28.15,48298
2012-05-02,28.1,28.75,27.9,28.1,117632
2012-05-03,28.5,28.5,27.6,27.7,28812
2012-05-04,27.6,28.0,27.5,27.6,50056
2012-05-07,27.9,28.0,27.25,27.7,94278
2012-05-08,27.55,28.0,27.4,27.5,59420
2012-05-09,27.3,28.35,27.1,27.3,316366
2012-05-10,27.4,27.5,27.2,27.2,82914
2012-05-11,27.1,27.45,26.5,26.7,86180
2012-05-14,27.45,27.45,26.7,26.8,35250
2012-05-15,27.0,27.1,26.55,27.0,57690
2012-05-16,26.5,27.1,26.05,26.9,62490
2012-05-17,26.8,27.25,26.5,26.6,52716
2012-05-18,26.5,27.2,26.05,26.8,51034
2012-05-21,27.4,27.7,26.9,27.0,157786
2012-05-22,26.9,27.7,26.6,26.7,42394
2012-05-23,26.7,27.1,26.5,26.6,18050
2012-05-24,27.0,27.45,26.4,26.6,78230
2012-05-25,26.7,26.85,26.6,26.8,24746
2012-05-28,26.6,26.95,26.6,26.8,47334
2012-05-29,26.75,27.2,26.75,27.1,20048
2012-05-30,26.7,27.1,26.6,26.8,32114
2012-05-31,26.5,26.8,26.5,26.65,28144
2012-06-01,27.0,27.0,26.5,26.7,56378
2012-06-04,26.5,26.6,26.0,26.3,18398
2012-06-05,26.9,26.9,26.4,26.5,10396
2012-06-06,26.4,27.65,26.4,27.3,63810
2012-06-07,27.2,27.3,26.65,27.0,45934
2012-06-08,27.25,27.7,27.0,27.2,196582
2012-06-11,27.6,27.75,27.0,27.1,88064
2012-06-12,27.2,27.6,26.85,27.4,42198
2012-06-13,27.9,27.9,27.0,27.3,75908
2012-06-14,27.6,27.6,26.75,26.8,24120
2012-06-15,27.4,27.8,27.1,27.3,175050
2012-06-18,27.1,27.5,26.8,26.95,58444
2012-06-19,26.8,27.2,26.8,26.95,13938
2012-06-20,26.8,27.35,26.8,27.2,30748
2012-06-21,27.0,28.0,26.95,27.2,56856
2012-06-22,27.1,27.3,26.9,27.1,34502
2012-06-25,27.15,27.7,27.05,27.1,40390
2012-06-26,27.1,27.5,26.15,26.6,2273824
2012-06-27,26.8,26.8,26.45,26.5,100204
2012-06-28,26.8,26.8,25.9,26.3,3475288
2012-06-29,26.5,27.2,26.4,26.8,311538
2012-07-02,26.7,27.4,26.7,26.85,160204
2012-07-03,27.45,28.1,27.3,27.6,245772
2012-07-04,27.95,28.4,27.15,28.2,256726
2012-07-05,28.4,29.2,28.0,28.85,571384
2012-07-06,28.6,29.3,28.6,28.7,129920
2012-07-09,28.6,28.7,28.3,28.4,116250
2012-07-10,29.5,31.0,28.8,28.9,2291042
2012-07-11,29.0,29.5,28.55,28.6,286846
2012-07-12,28.6,29.15,27.95,28.05,299772
2012-07-13,28.4,28.8,28.05,28.2,218952
2012-07-16,28.2,28.6,27.9,28.0,182638
2012-07-17,28.05,28.3,27.3,27.4,190076
2012-07-18,27.65,27.65,27.0,27.45,145720
2012-07-19,27.85,28.2,27.55,27.8,149010
2012-07-20,27.75,28.2,27.6,27.9,147470
2012-07-23,27.2,27.25,26.6,26.8,101660
2012-07-24,26.5,27.0,26.45,26.5,83928
2012-07-25,26.4,26.6,25.85,26.05,133780
2012-07-26,26.1,26.2,25.65,25.7,79512
2012-07-27,26.25,26.5,25.4,25.7,107778
2012-07-30,25.3,26.3,25.3,26.2,59646
2012-07-31,26.25,26.6,26.05,26.15,161234
2012-08-01,25.7,25.9,24.4,24.55,454546
2012-08-02,24.95,24.95,23.8,23.95,277008
2012-08-03,23.95,24.25,23.3,23.9,341994
2012-08-06,24.0,24.4,23.4,23.55,241004
2012-08-07,24.2,24.2,23.25,23.7,242410
2012-08-08,23.9,24.05,23.65,23.85,112486
2012-08-09,24.0,24.2,23.45,23.7,106960
2012-08-10,23.5,24.0,23.25,23.45,138198
2012-08-13,23.4,23.45,23.0,23.05,115480
2012-08-14,23.4,23.5,23.0,23.2,94532
2012-08-16,23.25,23.5,23.0,23.05,78694
2012-08-17,23.4,23.4,23.0,23.2,91848
2012-08-21,23.1,23.5,22.75,22.9,119804
2012-08-22,23.0,23.5,22.6,23.0,208428
2012-08-23,22.9,23.25,22.9,23.0,51854
2012-08-24,23.0,23.0,22.6,22.85,55840
2012-08-27,22.75,22.9,21.55,22.1,121034
2012-08-28,22.0,22.15,20.4,20.8,231786
2012-08-29,20.75,21.2,19.9,20.15,180600
2012-08-30,20.0,21.3,20.0,21.15,228760
2012-08-31,21.2,21.5,20.4,20.95,107680
2012-09-03,22.2,22.5,20.9,21.1,104556
2012-09-04,21.05,21.7,20.65,21.3,114298
2012-09-05,21.3,21.7,21.1,21.5,94018
2012-09-06,21.6,23.9,21.25,23.45,384172
2012-09-07,24.5,25.65,23.45,23.8,1859786
2012-09-08,23.8,24.8,23.35,24.0,56834
2012-09-10,24.75,24.85,22.65,23.0,546810
2012-09-11,23.0,23.25,22.4,22.5,222666
2012-09-12,23.0,23.0,22.15,22.4,155242
2012-09-13,22.85,22.9,22.1,22.45,165794
2012-09-14,23.0,23.0,22.2,22.4,185750
2012-09-17,22.7,22.9,22.5,22.65,113884
2012-09-18,22.7,22.9,22.45,22.6,134866
2012-09-20,22.5,22.5,22.0,22.2,65130
2012-09-21,22.25,23.4,22.25,23.15,208522
2012-09-24,23.05,24.4,23.05,23.9,265760
2012-09-25,24.5,25.0,24.25,24.4,226114
2012-09-26,24.25,25.35,24.0,24.9,375638
2012-09-27,25.0,25.4,24.7,24.9,210636
2012-09-28,25.0,25.35,24.6,24.7,129710
2012-10-01,25.0,25.2,24.6,24.8,69588
2012-10-03,25.0,25.1,24.5,24.7,100314
2012-10-04,24.75,25.4,24.6,25.15,161834
2012-10-05,25.0,25.4,24.5,24.75,117230
2012-10-08,25.2,25.2,24.25,24.35,73970
2012-10-09,24.95,24.95,24.3,24.4,79428
2012-10-10,24.4,24.7,24.1,24.2,56366
2012-10-11,23.5,24.3,23.5,24.0,46576
2012-10-12,24.0,24.3,23.75,23.9,63162
2012-10-15,23.55,24.75,23.55,24.35,131158
2012-10-16,24.25,24.7,23.95,24.2,83128
2012-10-17,24.25,24.7,23.9,23.9,48172
2012-10-18,24.0,25.5,23.9,25.2,678358
2012-10-19,25.4,26.1,24.8,25.1,522728
2012-10-22,25.0,25.1,24.25,24.6,88282
2012-10-23,24.9,25.35,24.55,24.95,113630
2012-10-25,25.3,26.0,25.0,25.2,267552
2012-10-26,25.1,25.25,24.3,24.4,95220
2012-10-29,24.5,24.75,24.1,24.25,67238
2012-10-30,24.5,24.5,23.4,23.65,91852
2012-10-31,23.5,23.8,23.4,23.7,97794
2012-11-01,23.8,25.95,23.6,25.5,1230326
2012-11-02,25.75,26.25,25.35,25.5,647684
2012-11-05,25.5,25.85,24.8,25.6,245182
2012-11-06,25.7,25.8,25.1,25.2,112592
2012-11-07,25.95,26.05,25.05,25.4,107648
2012-11-08,25.3,25.5,24.95,25.1,102266
2012-11-09,25.95,27.15,25.5,25.9,1140954
2012-11-12,25.8,26.1,25.5,25.55,121208
2012-11-13,25.75,25.95,25.6,25.8,42534
2012-11-15,25.5,26.1,25.3,25.95,89320
2012-11-16,26.3,26.3,24.85,25.1,185126
2012-11-19,25.1,25.3,24.55,24.7,76996
2012-11-20,24.9,25.85,23.8,24.3,300396
2012-11-21,24.4,24.7,24.05,24.5,60132
2012-11-22,24.7,24.7,24.2,24.35,330750
2012-11-23,24.05,24.75,24.05,24.3,34042
2012-11-26,24.1,24.55,23.8,23.9,123878
2012-11-27,23.8,24.3,23.8,23.95,112186
2012-11-29,24.35,24.5,23.8,23.9,119556
2012-11-30,23.85,24.3,23.85,23.9,174466
2012-12-03,23.95,24.25,23.5,23.8,207694
2012-12-04,23.85,24.8,23.8,24.3,202058
2012-12-05,24.35,24.7,24.25,24.3,101112
2012-12-06,24.4,24.6,24.0,24.2,105156
2012-12-07,24.05,24.6,24.05,24.15,150242
2012-12-10,24.2,24.5,24.05,24.4,64032
2012-12-11,24.6,24.7,24.0,24.1,86306
2012-12-12,24.1,24.4,23.85,24.0,88842
2012-12-13,24.0,25.5,24.0,24.8,882256
2012-12-14,25.5,25.8,23.85,24.05,2474622
2012-12-17,24.8,24.8,24.0,24.15,166616
2012-12-18,24.5,24.75,24.1,24.2,252756
2012-12-19,24.25,24.4,23.8,24.0,242478
2012-12-20,24.0,24.1,23.8,23.9,128284
2012-12-21,24.25,24.95,23.35,23.55,865950
2012-12-24,23.8,23.85,23.5,23.6,137918
2012-12-26,23.65,24.6,23.65,23.9,638624
2012-12-27,24.2,24.2,23.8,23.8,131312
2012-12-28,23.75,23.9,23.45,23.6,206954
2013-01-01,23.5,23.8,23.5,23.65,86662
2013-01-02,23.95,24.5,23.65,23.8,745964
2013-01-03,24.0,24.9,23.65,24.1,702632
2013-01-04,24.4,24.4,24.0,24.15,276186
2013-01-07,24.4,24.6,24.1,24.4,328668
2013-01-08,24.4,24.85,24.15,24.2,242434
2013-01-09,24.25,24.35,23.75,23.8,213216
2013-01-10,23.9,24.25,23.65,23.7,167226
2013-01-11,23.6,24.0,23.45,23.5,156882
2013-01-14,23.5,23.7,23.3,23.6,151712
2013-01-15,23.55,23.9,23.5,23.7,137468
2013-01-16,23.6,23.8,23.3,23.3,144316
2013-01-17,23.35,23.6,23.0,23.3,166182
2013-01-18,23.25,23.6,23.0,23.15,117310
2013-01-21,23.75,23.75,23.2,23.45,167392
2013-01-22,23.15,23.5,22.6,22.8,111232
2013-01-23,22.8,23.0,22.3,22.4,124876
2013-01-24,22.3,22.9,21.8,21.85,115936
2013-01-25,21.75,22.0,21.0,21.9,83898
2013-01-28,21.75,22.2,21.5,21.9,97534
2013-01-29,22.0,22.2,20.8,20.9,344796
2013-01-30,20.8,20.9,20.3,20.55,181660
2013-01-31,20.5,20.9,20.4,20.7,101642
2013-02-01,20.6,21.0,20.55,20.8,66420
2013-02-04,20.95,22.0,20.5,20.7,75704
2013-02-05,20.1,20.7,20.1,20.25,120122
2013-02-06,20.45,20.7,19.8,20.0,208178
2013-02-07,20.0,20.4,19.7,19.8,143666
2013-02-08,20.0,20.0,19.6,19.7,74418
2013-02-11,19.95,19.95,19.45,19.5,90712
2013-02-12,19.55,19.7,18.3,18.85,189724
2013-02-13,19.0,19.3,17.65,17.85,460476
2013-02-14,17.7,18.9,17.65,18.2,711278
2013-02-15,18.4,18.4,17.55,17.85,160420
2013-02-18,17.5,18.5,17.5,17.9,221388
2013-02-19,18.3,18.3,17.8,17.9,304108
2013-02-20,18.1,19.75,17.7,18.75,1839556
2013-02-21,18.6,18.65,18.15,18.3,172390
2013-02-22,18.1,18.65,18.0,18.25,328398
2013-02-25,18.5,18.5,17.75,17.9,99900
2013-02-26,17.8,17.95,17.45,17.6,103516
2013-02-27,17.8,17.8,17.05,17.3,152808
2013-02-28,17.35,17.9,17.0,17.15,138252
2013-03-01,17.2,17.2,16.6,16.8,197046
2013-03-04,17.0,17.0,15.95,16.1,134578
2013-03-05,16.25,17.2,16.25,17.1,121796
2013-03-06,17.0,17.9,17.0,17.3,139426
2013-03-07,16.9,17.5,16.9,17.2,98996
2013-03-08,17.0,17.75,17.0,17.4,140882
2013-03-11,17.4,19.4,17.3,19.1,1052998
2013-03-12,19.2,19.2,18.2,18.4,249432
2013-03-13,18.3,18.3,17.75,17.85,122408
2013-03-14,17.65,17.85,17.4,17.5,238672
2013-03-15,17.75,18.0,17.5,17.55,170802
2013-03-18,17.1,17.6,17.1,17.3,47338
2013-03-19,17.5,17.6,16.7,17.0,122262
2013-03-20,16.65,16.9,16.05,16.1,210522
2013-03-21,16.0,16.5,16.0,16.05,169508
2013-03-22,16.0,16.2,15.5,15.65,294284
2013-03-25,15.8,16.0,15.5,15.6,307704
2013-03-26,15.6,15.75,15.4,15.55,79078
2013-03-28,15.5,15.5,15.15,15.4,126812
2013-04-01,15.5,16.4,15.5,16.25,111798
2013-04-02,16.45,16.85,16.0,16.4,208330
2013-04-03,16.6,16.95,16.1,16.2,135624
2013-04-04,16.2,16.2,15.7,15.8,94748
2013-04-05,15.55,16.0,15.55,15.85,68592
2013-04-08,15.85,16.05,15.7,15.85,23368
2013-04-09,15.55,16.6,15.5,15.6,228804
2013-04-10,15.8,16.2,15.4,15.8,183502
2013-04-11,16.45,16.45,15.7,15.8,71550
2013-04-12,16.25,16.6,15.55,16.5,1120552
2013-04-15,16.75,17.15,16.25,16.9,103336
2013-04-16,16.9,18.0,16.7,17.4,249770
2013-04-17,17.7,17.7,16.8,16.9,142812
2013-04-18,17.1,17.1,16.7,16.8,50166
2013-04-22,16.55,17.1,16.55,16.75,45596
2013-04-23,17.0,17.25,16.85,17.1,115236
2013-04-25,17.0,17.7,17.0,17.3,175550
2013-04-26,17.1,17.6,17.05,17.3,165432
2013-04-29,17.7,17.75,16.85,17.0,66506
2013-04-30,17.5,17.5,16.65,16.8,84666
2013-05-02,16.5,17.15,16.5,17.0,194064
2013-05-03,16.8,17.45,16.7,16.9,956254
2013-05-06,16.9,17.9,16.9,17.75,437588
2013-05-07,17.9,18.55,17.55,18.0,316050
2013-05-08,18.1,18.2,17.6,18.0,85908
2013-05-09,18.4,18.5,17.75,18.1,56734
2013-05-10,18.4,19.2,18.0,18.85,567030
2013-05-11,19.2,19.2,18.65,18.7,16614
2013-05-13,18.9,18.9,17.9,18.15,146672
2013-05-14,18.0,18.45,17.15,17.4,146732
2013-05-15,17.75,17.9,16.95,17.2,166828
2013-05-16,17.4,17.5,17.05,17.15,69754
2013-05-17,17.4,17.65,16.7,17.15,176106
2013-05-20,17.35,17.6,16.95,17.15,148626
2013-05-21,17.4,17.4,16.95,17.05,61700
2013-05-22,17.05,17.3,16.9,16.95,46024
2013-05-23,16.9,17.2,16.5,16.5,59010
2013-05-24,16.5,16.5,16.0,16.2,129744
2013-05-27,16.25,17.8,16.0,17.55,266696
2013-05-28,17.5,18.05,16.85,17.9,463322
2013-05-29,18.2,18.2,16.7,16.85,1289148
2013-05-30,16.95,18.0,16.5,16.6,153976
2013-05-31,16.4,16.55,15.9,16.0,99096
2013-06-03,15.9,16.0,15.5,15.6,100164
2013-06-04,15.5,15.8,15.45,15.5,156172
2013-06-05,15.5,15.7,15.1,15.5,91654
2013-06-06,15.6,15.7,15.45,15.6,78382
2013-06-07,15.75,15.75,14.3,15.05,194360
2013-06-10,15.2,15.4,14.6,14.7,73880
2013-06-11,14.75,15.1,14.6,15.0,129636
2013-06-12,15.0,15.2,14.55,14.8,40758
2013-06-13,14.55,14.8,14.55,14.6,45726
2013-06-14,14.95,15.0,14.45,14.5,115488
2013-06-17,15.0,15.1,13.9,14.4,297452
2013-06-18,14.75,14.95,14.2,14.7,63754
2013-06-19,14.6,14.8,14.45,14.6,36022
2013-06-20,14.5,14.6,14.15,14.4,59064
2013-06-21,14.5,14.7,14.05,14.15,83790
2013-06-24,14.0,14.45,13.65,13.9,567470
2013-06-25,14.0,14.2,13.6,13.9,67076
2013-06-26,13.8,14.0,13.7,13.8,38428
2013-06-27,13.6,14.1,13.6,13.85,50660
2013-06-28,14.15,14.2,13.9,14.0,45790
2013-07-01,14.0,14.65,14.0,14.6,50802
2013-07-02,14.4,14.7,14.1,14.2,66454
2013-07-03,14.45,14.5,13.75,13.8,71812
2013-07-04,13.85,14.15,13.65,13.8,85628
2013-07-05,13.9,14.1,13.9,13.95,46286
2013-07-08,13.75,13.95,13.75,13.9,20582
2013-07-09,13.9,14.0,13.7,13.8,79284
2013-07-10,13.75,13.95,13.7,13.75,52998
2013-07-11,13.55,14.05,13.45,13.5,130660
2013-07-12,13.5,13.7,13.45,13.5,74254
2013-07-15,13.5,13.8,13.5,13.6,42726
2013-07-16,13.75,13.8,13.5,13.65,41014
2013-07-17,14.05,14.2,13.8,14.05,214162
2013-07-18,14.2,14.2,13.55,13.8,45434
2013-07-19,13.8,14.0,13.4,13.5,47006
2013-07-22,13.75,13.75,13.0,13.4,64322
2013-07-23,13.5,13.65,13.4,13.5,61488
2013-07-24,13.6,13.6,13.2,13.35,36552
2013-07-25,13.3,13.4,12.9,13.0,124018
2013-07-26,13.0,13.2,12.6,12.7,54104
2013-07-29,12.6,12.8,12.15,12.25,84806
2013-07-30,12.3,12.35,11.6,11.7,91402
2013-07-31,11.7,11.85,10.4,10.9,233454
2013-08-01,11.2,11.45,10.75,10.9,107926
2013-08-02,11.0,11.0,9.2,9.8,460830
2013-08-05,9.5,10.4,9.5,10.3,135932
2013-08-06,10.5,10.5,10.0,10.1,172092
2013-08-07,10.0,10.5,9.5,10.15,678880
2013-08-08,9.9,10.6,9.9,10.45,208906
2013-08-12,10.45,11.25,10.4,11.0,411924
2013-08-13,11.2,11.8,10.7,11.6,161692
2013-08-14,12.85,13.9,12.35,13.65,1303832
2013-08-16,13.45,13.45,12.5,12.5,237822
2013-08-19,12.35,12.35,11.4,11.8,130136
2013-08-20,11.7,11.95,11.3,11.75,95034
2013-08-21,12.0,12.3,11.5,11.6,67060
2013-08-22,11.4,11.7,11.3,11.45,52138
2013-08-23,11.5,11.8,11.4,11.7,52328
2013-08-26,11.7,11.9,11.5,11.6,34932
2013-08-27,11.45,11.55,11.3,11.35,624152
2013-08-28,11.35,11.35,10.8,11.25,58246
2013-08-29,11.3,11.45,11.1,11.3,92142
2013-08-30,11.0,11.45,11.0,11.3,46940
2013-09-02,11.5,11.95,11.2,11.5,139404
2013-09-03,12.4,12.4,11.05,11.35,205638
2013-09-04,11.05,11.45,11.0,11.2,74186
2013-09-05,11.25,11.5,10.8,11.3,70518
2013-09-06,11.7,11.7,11.1,11.25,81144
2013-09-10,11.8,11.8,11.25,11.35,161382
2013-09-11,11.1,11.6,11.1,11.5,142546
2013-09-12,11.5,12.6,11.5,12.3,226902
2013-09-13,12.25,12.6,11.8,12.5,127002
2013-09-16,12.5,12.5,12.1,12.3,54292
2013-09-17,12.25,12.3,12.0,12.2,39668
2013-09-18,12.1,12.3,11.85,12.0,30578
2013-09-19,12.05,12.5,12.05,12.2,106094
2013-09-20,11.65,12.3,11.5,12.1,112324
2013-09-23,12.0,12.1,11.6,12.0,45454
2013-09-24,12.1,12.1,11.75,11.85,35860
2013-09-25,11.5,12.7,11.5,12.4,182094
2013-09-26,12.3,12.5,11.95,12.0,67334
2013-09-27,12.25,14.25,11.7,13.7,485798
2013-09-30,14.1,14.2,13.0,13.3,1030304
2013-10-01,13.4,13.4,12.6,12.9,120488
2013-10-03,12.75,13.35,12.75,13.05,114166
2013-10-04,13.1,13.15,12.8,12.85,73628
2013-10-07,13.4,13.4,12.55,13.0,54244
2013-10-08,12.9,13.1,12.7,12.8,89586
2013-10-09,12.75,13.0,12.6,12.7,55018
2013-10-10,12.55,13.8,12.55,13.5,268238
2013-10-11,13.7,13.7,13.25,13.6,117482
2013-10-14,14.0,14.25,13.8,14.0,265092
2013-10-15,14.0,14.0,13.35,13.45,71796
2013-10-17,13.2,14.1,13.2,13.4,118584
2013-10-18,13.45,13.7,13.1,13.5,70166
2013-10-21,13.45,14.25,13.25,14.05,187672
2013-10-22,14.3,14.45,14.0,14.05,113904
2013-10-23,14.2,14.75,14.1,14.45,216162
2013-10-24,14.5,14.9,14.4,14.5,181074
2013-10-25,14.1,16.7,14.1,16.4,985194
2013-10-28,16.15,16.9,15.9,16.5,474328
2013-10-29,16.25,16.6,15.9,16.0,190972
2013-10-30,15.7,16.85,15.7,16.0,173352
2013-10-31,16.4,16.45,15.4,15.55,91134
2013-11-01,15.6,16.1,15.4,15.65,91042
2013-11-03,16.0,16.4,15.55,16.3,104892
2013-11-05,16.5,16.8,16.05,16.7,128024
2013-11-06,16.5,17.1,16.4,16.75,112488
2013-11-07,16.7,16.9,16.2,16.3,73762
2013-11-08,15.6,16.25,15.6,16.0,35630
2013-11-11,15.55,16.1,15.25,15.4,71758
2013-11-12,15.1,15.6,15.0,15.1,88560
2013-11-13,15.0,16.2,14.4,15.8,120824
2013-11-14,15.9,16.3,15.45,15.6,48344
2013-11-18,15.65,16.1,15.65,15.9,41978
2013-11-19,15.8,16.1,15.5,15.8,40622
2013-11-20,15.75,16.0,15.5,15.65,66344
2013-11-21,15.6,15.75,15.25,15.4,27366
2013-11-22,15.25,15.7,15.1,15.3,60954
2013-11-25,16.25,16.25,15.1,15.15,263204
2013-11-26,15.0,15.95,15.0,15.3,150002
2013-11-27,15.05,15.45,14.8,14.9,105988
2013-11-28,14.9,15.25,14.8,14.95,49982
2013-11-29,15.05,15.2,14.8,14.95,100156
2013-12-02,15.0,15.65,14.9,15.0,155544
2013-12-03,15.25,15.3,14.85,14.95,145034
2013-12-04,15.0,15.2,14.9,15.0,173222
2013-12-05,15.3,15.3,14.85,14.9,146162
2013-12-06,15.0,16.65,14.8,16.15,969328
2013-12-09,16.65,16.95,15.5,15.8,322382
2013-12-10,15.5,16.05,15.2,15.4,185912
2013-12-11,15.9,15.9,15.05,15.2,100012
2013-12-12,15.2,15.5,14.9,15.0,99106
2013-12-13,15.0,15.15,14.55,14.65,85360
2013-12-16,15.0,15.0,14.55,14.8,161740
2013-12-17,14.7,14.85,14.2,14.25,341908
2013-12-18,14.3,15.6,14.3,15.05,1693530
2013-12-19,15.25,15.25,14.7,14.9,177930
2013-12-20,15.15,15.3,14.8,15.1,141944
2013-12-23,15.75,15.75,15.15,15.6,232610
2013-12-24,15.65,15.8,15.4,15.7,181144
2013-12-26,15.9,16.25,15.7,16.0,349442
2013-12-27,16.3,16.4,15.75,15.8,167250
2013-12-30,16.0,16.7,15.7,16.0,394094
2013-12-31,16.25,16.4,15.9,16.2,217348
2014-01-01,16.25,16.9,16.2,16.7,440244
2014-01-02,16.9,17.35,16.0,16.05,388506
2014-01-03,15.9,16.4,15.8,16.1,184766
2014-01-06,16.0,16.6,16.0,16.2,143662
2014-01-07,16.2,16.45,16.0,16.1,94464
2014-01-08,16.3,17.25,16.1,17.0,656534
2014-01-09,17.1,17.9,16.3,16.65,632490
2014-01-10,16.6,18.1,16.35,17.0,767700
2014-01-13,17.0,17.7,16.7,16.9,271956
2014-01-14,17.05,17.1,16.7,16.85,110684
2014-01-15,16.75,17.35,16.75,16.8,131852
2014-01-16,17.1,17.1,16.1,16.2,175078
2014-01-17,16.25,16.5,16.0,16.1,111732
2014-01-20,16.05,16.1,15.75,15.95,111080
2014-01-21,15.95,16.3,15.45,15.5,206914
2014-01-22,15.6,15.9,15.5,15.7,167304
2014-01-23,15.5,15.9,15.5,15.8,67046
2014-01-24,15.6,15.8,15.3,15.5,102182
2014-01-27,15.45,15.45,14.8,14.85,89312
2014-01-28,14.8,15.15,14.7,15.1,43182
2014-01-29,15.45,15.45,14.85,14.9,58484
2014-01-30,14.75,14.9,14.4,14.5,107346
2014-01-31,14.8,15.45,14.55,15.0,294634
2014-02-03,15.4,15.4,14.5,14.6,73620
2014-02-04,14.5,14.95,14.4,14.75,80596
2014-02-05,14.75,15.0,14.4,14.7,57608
2014-02-06,14.95,15.0,14.65,14.7,77352
2014-02-07,15.0,15.0,14.55,14.6,67694
2014-02-10,14.9,14.9,14.4,14.5,56046
2014-02-11,14.1,14.6,13.8,14.15,107926
2014-02-12,14.5,14.5,14.15,14.2,45794
2014-02-13,14.2,14.4,13.9,14.0,44424
2014-02-14,14.0,14.2,13.1,13.3,238182
2014-02-17,13.4,13.4,12.8,12.95,148370
2014-02-18,13.0,13.1,12.75,12.9,125716
2014-02-19,13.2,13.2,12.75,12.85,127822
2014-02-20,13.0,13.0,12.0,12.3,339334
2014-02-21,12.45,12.6,12.0,12.15,307968
2014-02-24,12.45,12.45,11.7,11.8,249708
2014-02-25,12.3,12.95,12.25,12.6,1004764
2014-02-26,12.75,14.1,12.6,13.6,789034
2014-02-28,13.75,14.8,13.6,14.15,1023166
2014-03-03,14.1,14.2,13.4,13.5,163412
2014-03-04,13.75,13.75,13.2,13.3,144722
2014-03-05,13.7,13.7,12.9,13.0,1201978
2014-03-06,13.3,13.75,13.1,13.6,281852
2014-03-07,13.65,14.5,13.65,13.85,1063362
2014-03-10,13.85,14.55,13.8,14.4,290720
2014-03-11,14.95,14.95,14.05,14.15,261392
2014-03-12,14.05,14.45,14.05,14.3,140014
2014-03-13,14.25,14.5,13.4,13.5,544930
2014-03-14,13.35,13.5,12.45,12.7,778000
2014-03-18,12.85,13.9,12.8,13.3,253656
2014-03-19,13.4,13.6,13.25,13.5,190874
2014-03-20,13.35,13.8,13.3,13.7,215978
2014-03-21,13.65,14.9,13.4,14.1,1417700
2014-03-22,14.5,14.5,14.1,14.3,71092
2014-03-24,14.2,14.6,14.15,14.2,156140
2014-03-25,14.1,14.4,14.0,14.15,101096
2014-03-26,14.1,15.55,14.1,15.15,3436044
2014-03-27,15.1,16.2,15.0,15.6,2010330
2014-03-28,15.6,15.9,15.05,15.5,1079662
2014-03-31,16.0,17.2,16.0,16.9,2271752
2014-04-01,17.0,18.7,16.65,18.4,2539366
2014-04-02,18.7,19.35,18.3,18.6,1261106
2014-04-03,18.5,18.9,16.8,17.7,1104430
2014-04-04,17.6,19.4,17.6,18.9,2054006
2014-04-07,19.0,19.95,18.8,19.3,696450
2014-04-09,19.1,20.3,19.1,19.95,1061540
2014-04-10,19.95,20.7,19.5,20.15,1311236
2014-04-11,19.95,20.45,19.45,19.8,578448
2014-04-15,19.65,20.0,18.8,19.0,347486
2014-04-16,18.8,19.7,18.1,18.2,411618
2014-04-17,18.2,19.2,18.1,18.95,761852
2014-04-21,19.0,19.3,19.0,19.2,611914
2014-04-22,19.0,21.45,19.0,20.5,1674664
2014-04-23,20.7,21.2,20.0,20.1,496696
2014-04-25,20.15,20.7,19.5,19.6,355800
2014-04-28,19.3,20.2,19.0,19.75,429098
2014-04-29,19.55,19.9,19.25,19.45,363800
2014-04-30,19.25,20.0,18.1,18.7,580844
2014-05-02,18.6,19.3,18.4,18.5,264850
2014-05-05,18.5,18.9,18.05,18.2,228586
2014-05-06,18.25,18.5,18.0,18.1,291112
2014-05-07,18.0,19.4,17.95,18.7,806826
2014-05-08,19.0,19.0,18.25,18.4,368184
2014-05-09,18.75,19.2,18.3,18.85,384356
2014-05-12,18.7,19.4,18.6,18.8,464312
2014-05-13,19.1,20.4,19.0,20.0,1346634
2014-05-14,20.1,21.95,20.05,21.75,1767580
2014-05-15,21.95,22.25,20.75,21.8,1147846
2014-05-16,22.3,25.0,21.9,24.1,3677154
2014-05-19,24.35,27.0,24.3,26.25,2944732
2014-05-20,26.5,29.15,25.45,28.25,2591574
2014-05-21,28.15,30.2,26.9,29.8,2066566
2014-05-22,29.95,32.1,29.65,31.6,1608882
2014-05-23,32.0,32.35,30.2,30.45,1246886
2014-05-26,30.95,31.35,27.4,28.5,1309100
2014-05-27,28.35,31.4,26.55,30.95,1540688
2014-05-28,31.2,33.1,30.1,32.3,2252000
2014-05-29,32.0,34.3,32.0,33.95,1930972
2014-05-30,34.2,34.2,31.85,33.2,1230800
2014-06-02,34.25,34.4,31.85,31.95,1292336
2014-06-03,32.35,33.1,31.75,32.05,839592
2014-06-04,32.3,33.0,31.85,32.05,628496
2014-06-05,32.2,34.25,32.2,33.6,1621084
2014-06-06,33.9,34.0,32.25,32.6,599764
2014-06-09,33.0,33.25,31.95,32.3,473188
2014-06-10,32.25,32.5,31.5,32.0,337740
2014-06-11,31.7,33.4,30.55,31.75,1601730
2014-06-12,31.55,31.85,31.05,31.6,271872
2014-06-13,32.4,33.9,31.1,31.45,1917624
2014-06-16,31.6,32.4,30.5,31.15,393380
2014-06-17,31.3,33.0,31.1,32.6,719962
2014-06-18,32.4,32.85,31.4,31.6,333890
2014-06-19,31.7,33.85,31.4,32.5,1108404
2014-06-20,32.65,35.3,32.1,33.6,2503410
2014-06-23,33.6,34.45,32.65,33.15,597074
2014-06-24,33.4,34.25,33.25,33.5,430134
2014-06-25,33.8,35.0,33.3,34.0,749778
2014-06-26,34.35,34.6,33.35,33.45,492496
2014-06-27,33.55,34.1,32.7,32.9,276258
2014-06-30,33.3,33.3,32.0,32.35,717208
2014-07-01,32.3,34.2,32.05,33.3,979764
2014-07-02,33.45,34.35,33.05,33.3,726000
2014-07-03,33.4,33.5,31.25,32.0,603788
2014-07-04,32.2,32.85,31.8,32.5,530752
2014-07-07,32.8,32.85,31.85,31.9,331850
2014-07-08,32.0,32.25,29.25,30.0,640928
2014-07-09,29.3,30.95,28.5,29.0,410884
2014-07-10,29.0,30.7,27.6,29.75,395962
2014-07-11,29.6,30.3,27.0,27.45,400948
2014-07-14,27.85,27.95,25.9,26.55,286200
2014-07-15,27.3,28.75,26.75,28.0,424878
2014-07-16,28.35,29.45,28.35,29.2,414612
2014-07-17,29.0,31.7,29.0,31.1,910494
2014-07-18,30.45,31.1,30.0,30.3,397756
2014-07-21,30.25,31.7,30.25,31.4,483880
2014-07-22,31.55,31.55,30.5,31.2,243932
2014-07-23,31.2,31.45,29.6,29.75,406734
2014-07-24,29.9,29.95,29.4,29.45,218934
2014-07-25,29.4,29.6,28.0,28.2,325962
2014-07-28,28.4,28.4,27.6,27.8,179914
2014-07-30,27.8,28.25,27.4,27.5,240706
2014-07-31,27.7,29.05,27.5,28.3,179198
2014-08-01,28.0,28.9,27.6,28.0,237704
2014-08-04,28.9,28.9,26.9,27.1,467352
2014-08-05,27.0,27.5,26.5,27.2,239622
2014-08-06,27.25,28.25,27.0,27.2,210128
2014-08-07,27.3,27.5,26.0,27.0,89246
2014-08-08,26.85,26.95,24.0,24.8,970364
2014-08-11,25.2,25.5,23.5,23.7,359138
2014-08-12,23.3,24.25,23.3,24.05,313856
2014-08-13,24.1,25.75,23.3,23.6,516640
2014-08-14,23.4,24.5,23.1,23.9,263304
2014-08-18,23.65,25.2,23.35,23.6,685262
2014-08-19,23.9,24.45,23.9,24.3,278692
2014-08-20,24.55,24.9,23.3,23.9,654390
2014-08-21,24.25,24.7,23.75,23.9,481900
2014-08-22,24.1,24.4,23.25,23.5,259628
2014-08-25,23.75,23.85,23.0,23.05,319414
2014-08-26,22.8,23.2,22.0,22.25,243706
2014-08-27,22.5,22.85,22.1,22.2,198670
2014-08-28,22.2,22.85,21.6,22.0,1823040
2014-09-01,22.5,24.2,21.55,22.9,6768796
2014-09-02,23.15,26.1,23.15,25.4,7227402
2014-09-03,25.65,25.7,24.3,24.6,1586890
2014-09-04,24.6,25.75,24.1,25.15,1566382
2014-09-05,25.05,25.75,24.65,24.9,1005416
2014-09-08,25.1,27.1,25.0,26.75,2910478
2014-09-09,26.9,27.0,26.0,26.5,967216
2014-09-10,26.05,27.25,25.85,26.1,952222
2014-09-11,26.2,27.3,25.85,26.5,1353010
2014-09-12,26.3,27.8,26.3,27.3,1999940
2014-09-15,27.2,27.3,26.5,26.6,743560
2014-09-16,26.8,28.7,25.6,25.85,3465166
2014-09-17,26.5,27.1,24.75,25.9,896280
2014-09-18,26.1,28.2,25.9,27.6,1714324
2014-09-19,27.8,28.2,26.8,26.9,689648
2014-09-22,26.9,27.4,26.55,26.9,507968
2014-09-23,27.0,27.1,25.6,25.7,574370
2014-09-24,25.75,26.1,24.0,24.8,763874
2014-09-25,25.05,25.1,23.45,23.6,506706
2014-09-26,23.35,24.45,22.9,24.0,617310
2014-09-29,24.05,24.9,23.9,24.1,473922
2014-09-30,24.0,24.3,23.1,23.4,421726
2014-10-01,23.5,23.7,23.1,23.2,201970
2014-10-07,23.25,23.45,23.05,23.2,175328
2014-10-08,23.0,23.4,23.0,23.2,161628
2014-10-09,23.1,24.6,23.1,24.35,355266
2014-10-10,24.1,24.25,23.4,23.85,215716
2014-10-13,23.65,24.75,23.5,24.5,404372
2014-10-14,24.45,24.65,23.9,24.05,227948
2014-10-16,23.5,24.0,22.55,22.8,327004
2014-10-17,23.0,23.35,22.55,23.0,188678
2014-10-20,23.15,23.85,22.85,22.9,222498
2014-10-21,22.9,23.6,22.8,23.15,179866
2014-10-22,23.5,23.9,23.2,23.8,174098
2014-10-23,24.1,24.5,24.0,24.3,136266
2014-10-27,24.4,26.2,24.4,25.15,621808
2014-10-28,25.5,25.85,24.8,24.95,299374
2014-10-29,25.4,26.75,24.9,26.0,1029142
2014-10-30,26.3,26.5,25.75,26.0,347230
2014-10-31,26.0,27.45,26.0,26.7,786018
2014-11-03,27.0,27.4,26.5,26.7,357136
2014-11-05,26.4,27.35,25.4,25.7,1052458
2014-11-07,24.0,26.25,24.0,25.4,394252
2014-11-10,25.4,25.9,24.35,24.55,355498
2014-11-11,24.6,25.2,24.25,24.3,307396
2014-11-12,24.8,27.0,24.5,26.35,1883668
2014-11-13,26.45,26.8,25.3,25.95,706500
2014-11-14,25.85,26.15,25.2,25.4,426520
2014-11-17,25.4,26.5,25.3,26.3,386970
2014-11-18,26.45,26.95,26.0,26.15,952110
2014-11-19,26.35,29.2,25.1,27.8,4563638
2014-11-20,27.9,28.35,26.4,27.1,1168426
2014-11-21,27.1,28.2,26.3,26.4,1913282
2014-11-24,26.7,27.25,26.4,26.9,554102
2014-11-25,27.0,27.15,24.35,25.1,1089556
2014-11-26,25.3,26.9,24.0,26.15,907450
2014-11-27,26.3,26.95,26.1,26.3,471548
2014-11-28,26.45,26.75,25.6,25.9,342142
2014-12-01,25.9,26.15,24.4,24.5,638056
2014-12-02,24.7,25.8,24.7,25.65,569226
2014-12-03,25.4,26.1,25.4,25.9,566582
2014-12-04,25.8,27.4,25.75,26.55,1449984
2014-12-05,26.7,27.0,25.4,25.6,808964
2014-12-08,25.85,26.1,25.0,25.15,381824
2014-12-09,25.1,25.6,24.55,24.85,338160
2014-12-10,24.85,25.5,24.6,24.8,350308
2014-12-11,24.6,25.0,24.25,24.6,257724
2014-12-12,24.65,25.0,23.55,23.8,403668
2014-12-15,23.3,24.5,23.3,24.0,392088
2014-12-16,23.9,24.1,22.45,22.9,487634
2014-12-17,23.15,23.4,22.1,22.45,338614
2014-12-18,22.9,23.7,22.9,23.6,383836
2014-12-19,24.0,24.1,23.5,23.55,280406
2014-12-22,23.5,24.6,23.5,24.15,317454
2014-12-23,24.15,24.7,24.0,24.35,326468
2014-12-24,24.5,26.3,23.95,25.5,1525400
2014-12-26,25.1,25.7,24.7,24.8,319792
2014-12-29,25.1,25.1,24.2,24.4,334918
2014-12-30,24.3,25.6,24.2,25.25,1843668
2015-01-01,26.5,27.65,25.8,26.95,1727746
2015-01-02,27.1,28.1,26.6,27.0,2767268
2015-01-05,27.0,27.65,26.7,27.5,1209032
2015-01-06,27.0,27.0,25.5,25.75,652516
2015-01-07,25.4,26.3,25.0,25.4,512414
2015-01-08,26.0,26.7,25.75,26.05,752722
2015-01-09,26.35,26.5,25.6,25.9,337172
2015-01-12,25.9,26.8,25.9,26.4,617916
2015-01-13,26.25,27.1,25.55,25.8,536314
2015-01-14,26.0,26.45,25.6,25.75,377702
2015-01-15,26.0,27.35,26.0,26.5,1460354
2015-01-16,26.7,27.0,26.2,26.4,446728
2015-01-19,26.4,26.9,26.25,26.35,361294
2015-01-20,26.4,27.3,26.2,26.8,1306666
2015-01-21,26.6,27.0,26.2,26.4,460912
2015-01-22,26.4,27.1,26.05,26.2,424470
2015-01-23,26.5,26.65,25.7,25.8,324174
2015-01-27,26.2,27.1,25.8,26.3,495444
2015-01-28,26.05,26.7,25.75,26.1,291206
2015-01-29,26.0,26.5,25.75,26.2,223810
2015-01-30,26.2,26.4,25.55,25.65,169764
2015-02-02,25.4,26.25,25.4,25.7,333374
2015-02-03,26.0,26.0,24.55,25.3,377572
2015-02-04,26.0,27.1,25.9,26.3,1447738
2015-02-05,26.15,26.6,24.2,24.55,530644
2015-02-06,24.9,25.2,24.2,24.7,376970
2015-02-09,24.9,24.95,24.25,24.55,297590
2015-02-10,24.9,25.4,24.1,24.4,358840
2015-02-11,24.15,24.95,24.15,24.5,1869878
2015-02-12,24.7,24.9,24.4,24.4,466116
2015-02-13,24.6,24.9,24.4,24.6,303798
2015-02-16,24.3,24.8,24.05,24.2,257700
2015-02-18,24.0,26.25,23.9,25.6,1644890
2015-02-19,25.65,26.0,24.85,25.2,447392
2015-02-20,25.4,25.7,25.05,25.15,299538
2015-02-23,25.4,27.35,25.15,26.15,2871162
2015-02-24,26.2,28.3,25.75,27.9,3885736
2015-02-25,28.45,29.4,27.35,27.55,4169740
2015-02-26,27.5,27.7,26.3,26.8,1091386
2015-02-27,27.1,27.45,26.8,27.0,681656
2015-02-28,27.05,27.75,25.7,26.2,860594
2015-03-02,26.05,27.4,26.05,26.5,712440
2015-03-03,26.7,29.0,26.3,28.4,3105984
2015-03-04,28.9,29.9,27.5,27.8,2793312
2015-03-05,27.6,28.5,27.5,27.9,882102
2015-03-09,27.7,27.7,26.6,26.8,492010
2015-03-10,26.8,27.5,25.2,26.7,691156
2015-03-11,26.85,27.3,26.25,26.45,397196
2015-03-12,26.8,29.5,26.65,28.6,3345180
2015-03-13,28.85,31.5,28.8,29.8,8942784
2015-03-16,30.1,30.95,28.6,28.9,1954294
2015-03-17,29.35,30.55,28.8,29.65,1640690
2015-03-18,30.2,34.9,29.8,34.3,13432036
2015-03-19,34.6,35.9,32.7,33.0,7716526
2015-03-20,33.4,34.55,31.1,31.4,3507918
2015-03-23,31.6,33.7,31.6,33.0,5964730
2015-03-24,32.35,33.1,31.4,31.65,1400620
2015-03-25,31.85,32.75,31.55,31.7,1091512
2015-03-26,31.6,31.6,30.8,31.1,721688
2015-03-27,31.5,32.0,30.05,30.6,1566446
2015-03-30,30.75,34.85,30.75,34.3,4348040
2015-03-31,34.5,35.1,33.05,33.3,2456410
2015-04-01,33.25,38.1,33.1,37.2,12090832
2015-04-06,37.5,37.9,36.3,36.9,3390662
2015-04-07,37.1,40.2,37.1,39.2,9495996
2015-04-08,39.4,39.65,37.9,38.3,3366848
2015-04-09,38.55,38.8,37.0,37.2,2328382
2015-04-10,37.4,38.25,36.55,37.25,2537044
2015-04-13,37.25,38.4,36.7,36.8,2637006
2015-04-15,37.0,37.25,34.75,35.15,3091720
2015-04-16,35.2,35.6,33.7,34.5,2383188
2015-04-17,34.65,36.45,34.2,35.15,3527480
2015-04-20,35.5,36.2,32.7,33.6,2406822
2015-04-21,33.2,34.1,32.6,33.5,1544984
2015-04-22,33.7,35.2,32.85,34.8,2699314
2015-04-23,35.2,35.6,34.0,34.2,1792424
2015-04-24,34.3,34.5,31.65,32.2,1610202
2015-04-27,32.25,32.45,30.4,31.05,1481006
2015-04-28,30.9,32.7,30.6,32.4,1142398
2015-04-29,32.6,33.45,32.1,33.0,1290766
2015-04-30,32.5,34.6,32.5,34.15,2048408
2015-05-04,35.25,35.7,33.9,34.95,1548300
2015-05-05,35.2,35.2,33.4,33.7,816260
2015-05-06,33.55,33.55,31.2,31.6,1082798
2015-05-07,31.95,32.65,30.6,31.3,1607448
2015-05-08,31.6,32.35,31.5,31.7,732640
2015-05-11,31.9,33.5,31.9,33.3,869568
2015-05-12,33.4,33.4,31.1,31.3,897312
2015-05-13,31.5,32.3,31.4,31.9,505082
2015-05-14,32.0,34.1,31.5,33.5,1607204
2015-05-15,33.6,34.15,33.15,33.85,872372
2015-05-18,33.5,34.0,32.6,32.8,1434836
2015-05-19,32.6,35.4,32.6,34.8,3013004
2015-05-20,34.9,35.8,34.25,34.5,1278248
2015-05-21,34.4,34.4,33.6,33.8,476064
2015-05-22,33.75,35.55,33.75,34.5,1393414
2015-05-25,34.65,34.7,33.1,33.4,520830
2015-05-26,33.75,33.75,32.75,32.9,409664
2015-05-27,32.65,34.15,32.4,33.2,518016
2015-05-28,33.35,33.7,32.7,33.1,369104
2015-05-29,33.25,33.8,33.0,33.25,379606
2015-06-01,33.0,34.05,33.0,33.2,496130
2015-06-02,33.2,33.2,31.3,31.8,864390
2015-06-03,31.7,31.75,29.25,30.4,998126
2015-06-04,31.0,31.0,29.55,30.2,655338
2015-06-05,30.3,31.4,29.7,30.9,767190
2015-06-08,31.4,31.4,29.5,30.0,439450
2015-06-09,30.0,30.3,29.25,29.5,497214
2015-06-10,29.4,31.3,29.4,30.8,720486
2015-06-11,31.2,32.1,30.9,31.4,1249868
2015-06-12,31.0,33.45,30.7,32.85,1316738
2015-06-15,32.8,35.3,32.35,35.1,2461556
2015-06-16,34.9,35.65,33.6,34.3,1162270
2015-06-17,34.5,38.25,33.85,37.6,5922842
2015-06-18,37.7,39.6,36.8,38.3,4151154
2015-06-19,38.2,40.6,37.4,38.5,3379740
2015-06-22,38.5,40.5,38.5,39.45,2330818
2015-06-23,39.2,41.25,38.9,40.8,4358812
2015-06-24,41.1,42.1,39.7,40.25,3086684
2015-06-25,40.0,40.8,39.4,39.7,1490576
2015-06-26,39.7,39.9,38.25,39.35,1067422
2015-06-29,38.45,38.45,36.8,37.6,1461986
2015-06-30,37.5,40.0,37.5,39.7,1872172
2015-07-01,39.5,41.25,39.5,40.15,1659848
2015-07-02,40.4,40.7,39.1,39.3,851702
2015-07-03,39.45,40.2,38.5,38.8,917608
2015-07-06,37.9,44.0,37.5,43.5,5379828
2015-07-07,43.85,45.2,42.6,43.4,3576110
2015-07-08,42.6,47.2,42.05,45.5,7690728
2015-07-09,46.2,46.9,43.2,43.75,2222832
2015-07-10,44.2,44.85,43.3,44.2,1482864
2015-07-13,44.5,46.95,44.1,45.25,3345594
2015-07-14,45.5,45.9,43.65,44.0,1981010
2015-07-15,44.25,45.5,43.55,44.95,2014944
2015-07-16,45.4,46.45,45.0,45.3,1905022
2015-07-17,45.5,45.85,44.05,44.2,2399392
2015-07-20,44.4,45.35,43.9,44.7,1104570
2015-07-21,45.0,47.7,44.3,45.0,5220724
2015-07-22,45.3,46.4,44.5,45.85,2303034
2015-07-23,46.2,46.4,44.7,44.9,1306690
2015-07-24,45.15,45.7,43.5,43.7,1587112
2015-07-27,43.45,43.8,41.8,42.1,1044678
2015-07-28,42.5,43.55,41.25,43.3,1539344
2015-07-29,43.5,45.65,43.2,44.6,2551666
2015-07-30,45.0,45.9,44.5,45.2,2270762
2015-07-31,45.5,45.6,43.5,43.7,1329928
2015-08-03,43.75,44.85,43.5,43.75,1139700
2015-08-04,44.0,44.95,43.0,44.45,1259992
2015-08-05,44.3,48.1,44.3,47.5,6183950
2015-08-06,47.5,48.45,45.1,45.4,3811510
2015-08-07,45.4,46.9,45.1,45.5,1751242
2015-08-10,45.5,45.95,44.1,44.5,1024714
2015-08-11,44.7,44.75,43.05,43.3,729350
2015-08-12,43.15,43.15,40.75,41.05,975250
2015-08-13,41.2,42.45,32.85,38.3,1877558
2015-08-14,38.9,40.8,38.7,40.2,1109434
2015-08-17,40.7,41.1,37.6,39.7,978568
2015-08-18,39.8,41.9,39.8,41.35,1110254
2015-08-19,41.25,41.85,40.25,40.65,835016
2015-08-20,40.55,41.05,38.25,38.7,1033640
2015-08-21,38.4,39.95,37.05,39.6,902414
2015-08-24,38.0,38.0,33.0,35.0,1179846
2015-08-25,35.0,36.35,31.1,34.75,1296860
2015-08-26,34.6,36.8,33.75,35.1,700650
2015-08-27,37.0,37.0,35.2,35.7,668284
2015-08-28,36.5,36.95,34.6,35.2,844416
2015-08-31,35.1,36.0,34.5,34.75,592882
2015-09-01,34.6,34.8,32.9,33.8,466908
2015-09-02,34.4,34.7,33.1,33.95,390098
2015-09-03,34.5,36.0,34.15,35.5,697874
2015-09-04,35.5,35.5,33.3,33.9,587504
2015-09-07,33.9,34.2,33.0,33.35,436514
2015-09-08,33.45,33.45,31.0,32.5,955466
2015-09-09,33.4,35.85,32.75,34.8,1020462
2015-09-10,33.9,36.2,33.55,35.2,911726
2015-09-11,36.3,36.8,34.65,35.15,672800
2015-09-14,35.75,37.0,35.3,36.55,660570
2015-09-15,36.5,36.85,35.4,35.6,443936
2015-09-16,36.0,36.45,35.3,35.5,483426
2015-09-18,36.2,36.4,35.6,35.8,374112
2015-09-21,35.7,36.8,34.85,36.05,405752
2015-09-22,36.5,36.75,34.25,34.6,729066
2015-09-23,34.6,36.0,34.15,35.6,478352
2015-09-24,36.25,37.0,35.9,36.45,1041276
2015-09-28,36.4,36.8,35.1,35.25,315892
2015-09-29,34.6,35.6,34.15,35.2,464648
2015-09-30,35.5,37.4,35.3,35.9,793766
2015-10-01,36.2,37.2,35.65,36.2,1154070
2015-10-05,36.7,37.1,36.35,36.65,532540
2015-10-06,37.2,37.2,36.25,36.65,504046
2015-10-07,36.5,39.1,36.3,38.7,1967776
2015-10-08,39.55,39.55,37.8,38.1,1806136
2015-10-09,38.5,39.25,36.8,37.1,926514
2015-10-12,37.45,38.0,36.3,36.6,663948
2015-10-13,36.9,37.6,36.45,36.65,546320
2015-10-14,36.9,37.4,36.6,36.7,580150
2015-10-15,36.8,38.5,36.65,37.35,916620
2015-10-16,37.85,38.2,36.85,37.2,564974
2015-10-19,37.05,37.7,36.75,37.3,382658
2015-10-20,37.15,39.9,37.15,39.3,2687934
2015-10-21,39.6,41.95,39.3,41.6,3602386
2015-10-23,41.95,42.0,39.6,40.0,987720
2015-10-26,40.25,40.25,38.25,38.9,692416
2015-10-27,38.9,39.7,38.1,39.1,644146
2015-10-28,39.3,39.7,37.55,37.7,701754
2015-10-29,38.0,40.15,36.5,39.0,2680594
2015-10-30,39.0,39.75,37.8,38.5,1048684
2015-11-02,38.35,40.2,38.1,39.45,1154442
2015-11-03,39.9,41.95,39.1,41.45,2890132
2015-11-04,41.4,42.5,39.25,39.4,1511524
2015-11-05,39.3,39.6,38.75,39.1,760186
2015-11-06,39.6,39.75,38.3,38.45,324126
2015-11-09,37.45,38.7,36.85,38.1,468974
2015-11-10,38.15,38.8,36.8,36.9,581774
2015-11-11,37.3,37.8,37.15,37.6,126286
2015-11-13,37.35,38.2,37.2,37.65,524490
2015-11-16,37.45,39.55,37.1,39.3,1054180
2015-11-17,39.7,39.9,38.55,39.1,410886
2015-11-18,39.1,40.6,39.1,39.5,684030
2015-11-19,40.0,40.5,39.45,39.8,401300
2015-11-20,40.2,42.4,39.25,41.6,1506902
2015-11-23,41.6,43.45,40.85,43.2,1811230
2015-11-24,43.35,44.2,42.6,42.8,961788
2015-11-26,42.9,43.95,41.95,43.7,1201778
2015-11-27,44.4,45.35,43.45,43.7,2004740
2015-11-30,43.6,43.9,42.9,43.5,660402
2015-12-01,43.25,45.1,43.0,43.85,1045504
2015-12-02,44.1,46.4,43.1,45.3,2392296
2015-12-03,45.5,45.8,44.0,44.25,717172
2015-12-04,43.85,43.85,42.45,43.0,993958
2015-12-07,43.1,44.2,43.05,43.4,376842
2015-12-08,43.0,44.5,42.4,42.6,900528
2015-12-09,42.9,43.05,40.2,40.7,583662
2015-12-10,41.5,42.1,40.2,41.75,564196
2015-12-11,42.0,42.5,40.3,40.75,453262
2015-12-14,41.0,42.9,40.4,42.6,919452
2015-12-15,42.6,43.15,41.65,42.0,377542
2015-12-16,42.3,42.85,41.8,42.15,265516
2015-12-17,42.65,43.9,42.25,43.65,837490
2015-12-18,43.5,44.75,43.4,43.6,578686
2015-12-21,43.7,44.45,43.35,44.05,349752
2015-12-22,44.4,44.4,43.1,43.3,290630
2015-12-23,43.75,44.35,42.85,43.7,623006
2015-12-24,43.35,43.85,42.75,43.0,422134
2015-12-28,42.85,43.4,42.1,42.6,326110
2015-12-29,42.75,43.35,42.35,42.6,388572
2015-12-30,42.8,42.9,41.55,41.7,315166
2015-12-31,42.1,42.3,41.7,42.1,268292
2016-01-01,42.4,42.65,41.9,42.2,346278
2016-01-04,42.0,42.9,41.0,41.15,339782
2016-01-05,41.5,42.15,40.5,41.5,374874
2016-01-06,41.75,42.0,40.7,41.05,397260
2016-01-07,40.5,40.95,38.1,38.3,701212
2016-01-08,39.0,39.45,38.5,39.2,260250
2016-01-11,38.9,38.9,38.0,38.35,270278
2016-01-12,38.25,38.75,37.3,37.5,253396
2016-01-13,37.5,38.9,35.7,36.8,605638
2016-01-14,35.0,36.8,35.0,36.5,402220
2016-01-15,36.5,37.0,33.75,34.1,255584
2016-01-18,33.0,33.5,31.3,32.25,302126
2016-01-19,32.5,33.75,32.0,33.5,305138
2016-01-20,32.9,35.0,30.5,31.4,375170
2016-01-21,32.6,33.4,31.75,32.2,558260
2016-01-22,32.65,33.85,32.4,33.15,355662
2016-01-25,33.4,33.85,31.3,31.5,619406
2016-01-27,31.95,32.8,30.95,32.35,435792
2016-01-28,32.5,33.0,31.9,32.05,335146
2016-01-29,32.2,32.9,32.0,32.65,251158
2016-02-01,34.5,35.45,34.05,34.65,2146552
2016-02-02,35.0,35.0,32.1,32.4,585614
2016-02-03,31.5,32.2,31.5,31.9,183790
2016-02-04,32.4,32.75,31.5,31.7,268674
2016-02-05,31.8,32.25,31.15,31.25,401486
2016-02-08,31.55,31.95,30.35,30.6,395708
2016-02-09,30.3,30.5,29.25,29.5,454230
2016-02-10,29.4,29.4,26.85,27.4,1037426
2016-02-11,27.25,27.65,26.25,26.5,653074
2016-02-12,26.65,26.65,23.7,24.9,682176
2016-02-15,25.25,27.0,25.25,26.2,405032
2016-02-16,26.8,27.25,24.35,24.55,639132
2016-02-17,24.9,25.4,24.0,25.15,401294
2016-02-18,25.75,25.85,24.6,25.15,259378
2016-02-19,24.7,25.7,24.7,25.4,279032
2016-02-22,25.15,25.9,25.05,25.8,209460
2016-02-23,25.55,25.95,24.8,25.0,257806
2016-02-24,24.8,25.25,23.9,24.4,907502
2016-02-25,24.6,24.6,23.8,23.9,269712
2016-02-26,24.6,24.6,22.4,23.4,387490
2016-02-29,24.75,24.75,21.3,21.5,1546634
2016-03-01,21.7,24.6,21.7,24.4,959620
2016-03-02,25.2,26.5,24.5,25.8,896018
2016-03-03,26.0,26.3,24.8,25.6,359926
2016-03-04,25.9,26.95,25.25,26.4,729696
2016-03-08,27.7,28.75,27.25,28.4,2369088
2016-03-09,28.2,28.2,27.55,27.8,490214
2016-03-10,28.1,28.9,27.8,28.4,1689040
2016-03-11,28.5,29.45,28.45,29.3,1350332
2016-03-14,29.5,29.5,28.95,29.25,591382
2016-03-15,29.35,29.4,28.5,29.0,334654
2016-03-16,28.85,29.0,27.8,28.4,218422
2016-03-17,28.7,29.0,27.9,28.15,271258
2016-03-18,28.2,28.45,28.0,28.4,347116
2016-03-21,28.3,28.75,28.3,28.5,694608
2016-03-22,28.65,29.4,28.6,29.2,253806
2016-03-23,29.4,29.6,28.95,29.1,208462
2016-03-28,29.0,29.0,26.8,27.05,330414
2016-03-29,27.25,27.5,26.55,26.8,445066
2016-03-30,27.0,28.0,27.0,27.7,238894
2016-03-31,27.7,27.85,27.1,27.3,167760
2016-04-01,27.4,28.4,27.0,28.2,333868
2016-04-04,28.45,29.2,28.35,28.85,374024
2016-04-05,28.7,30.7,28.45,29.6,1626172
2016-04-06,29.95,31.3,29.8,31.1,752612
2016-04-07,31.2,31.3,30.0,30.7,418536
2016-04-08,31.0,31.45,30.55,31.0,523304
2016-04-11,31.2,31.4,30.8,31.2,532892
2016-04-12,31.6,31.95,31.1,31.5,942770
2016-04-13,32.5,32.7,31.6,31.8,890850
2016-04-18,31.8,32.4,31.45,31.6,478144
2016-04-20,31.85,33.1,31.6,32.3,1330644
2016-04-21,32.35,32.75,31.7,31.8,285944
2016-04-22,31.55,32.1,31.5,31.7,188060
2016-04-25,31.8,32.15,31.45,31.8,285276
2016-04-26,32.0,32.8,31.8,32.55,437382
2016-04-27,32.6,33.3,32.35,33.1,812552
2016-04-28,32.4,32.4,31.05,31.2,795816
2016-04-29,31.25,31.7,30.9,31.2,311394
2016-05-02,31.05,31.9,30.6,31.5,271308
2016-05-03,31.8,32.35,31.4,31.85,664446
2016-05-04,31.55,31.75,30.75,30.9,466046
2016-05-05,31.25,31.75,30.8,31.1,598990
2016-05-06,30.95,31.9,30.8,31.7,527270
2016-05-09,32.0,32.55,31.85,32.2,468390
2016-05-10,32.4,32.4,31.8,32.2,514478
2016-05-11,31.85,32.15,31.6,31.8,397234
2016-05-12,32.0,32.35,31.5,31.6,544170
2016-05-13,31.6,31.75,30.95,31.05,293238
2016-05-16,31.25,31.5,31.1,31.2,84690
2016-05-17,31.3,31.7,30.7,30.8,129594
2016-05-18,30.7,30.9,30.4,30.65,138316
2016-05-19,30.9,31.0,30.4,30.5,105684
2016-05-20,30.25,30.7,30.25,30.4,101566
2016-05-23,30.95,30.95,29.8,29.85,140392
2016-05-24,29.8,30.1,29.0,29.2,88198
2016-05-25,29.9,29.9,29.1,29.3,116162
2016-05-26,29.5,30.2,29.5,29.9,429692
2016-05-27,30.15,30.15,29.0,29.2,362780
2016-05-30,29.45,29.5,28.95,29.1,274138
2016-05-31,29.3,29.35,28.6,29.0,176630
2016-06-01,29.25,29.4,29.0,29.1,83592
2016-06-02,29.25,29.25,28.7,28.9,85486
2016-06-03,28.6,29.3,28.6,29.0,121492
2016-06-06,28.9,29.2,28.5,28.8,80358
2016-06-07,28.8,29.25,28.6,29.0,95608
2016-06-08,29.1,30.75,28.9,30.05,509930
2016-06-09,30.35,31.7,30.35,31.1,584648
2016-06-10,31.15,31.3,30.6,30.8,169606
2016-06-13,30.7,30.7,30.25,30.5,147778
2016-06-14,30.4,31.15,30.25,30.6,131828
2016-06-15,30.75,32.45,30.5,31.4,486792
2016-06-16,31.5,33.0,31.5,32.25,1395962
2016-06-17,32.5,33.05,31.6,31.8,488374
2016-06-20,31.5,31.7,31.0,31.4,199106
2016-06-21,31.7,32.05,30.55,31.3,251814
2016-06-22,31.5,31.7,30.7,31.0,148906
2016-06-23,31.3,31.3,30.5,30.7,558310
2016-06-24,30.05,30.45,29.1,29.55,630806
2016-06-27,29.45,30.8,29.4,30.1,972950
2016-06-28,30.2,31.0,30.05,30.45,734494
2016-06-29,30.8,30.95,30.6,30.8,493572
2016-06-30,30.85,32.65,30.85,32.35,1311422
2016-07-01,33.1,33.4,32.25,32.4,1199590
2016-07-04,32.5,33.5,32.5,32.8,1397814
2016-07-05,32.6,33.1,32.05,32.25,543802
2016-07-07,32.45,32.8,32.2,32.35,540434
2016-07-08,32.5,32.6,31.6,31.8,243942
2016-07-11,32.2,32.45,31.9,32.0,306646
2016-07-12,32.05,32.2,31.1,31.2,723156
2016-07-13,31.6,32.1,31.3,31.4,480668
2016-07-14,31.4,33.15,31.2,32.2,1939154
2016-07-15,32.5,32.65,31.7,31.8,621124
2016-07-18,31.5,32.4,31.3,31.35,760946
2016-07-19,31.5,31.6,30.7,30.85,800478
2016-07-20,31.0,31.45,31.0,31.1,643226
2016-07-21,31.35,31.35,30.9,30.95,520346
2016-07-22,30.55,31.4,30.55,31.1,562604
2016-07-25,31.25,32.6,31.15,32.0,1159904
2016-07-26,32.0,33.1,30.8,31.05,1450058
2016-07-27,31.5,31.8,29.4,29.9,1763740
2016-07-28,30.05,30.3,29.3,29.4,771026
2016-07-29,29.6,29.95,29.5,29.75,586134
2016-08-01,30.0,30.0,29.05,29.2,340452
2016-08-02,29.2,29.4,28.8,29.0,594866
2016-08-03,29.0,29.0,28.0,28.2,316454
2016-08-04,28.6,28.8,27.6,27.8,469992
2016-08-05,27.8,28.55,27.7,28.0,557256
2016-08-08,28.25,28.7,28.25,28.4,191450
2016-08-09,28.4,28.5,27.55,27.9,464946
2016-08-10,28.2,28.2,27.8,27.9,112888
2016-08-11,28.2,28.2,27.25,27.4,203228
2016-08-12,27.6,28.35,27.6,28.1,258454
2016-08-16,28.6,29.2,28.1,28.8,318630
2016-08-17,28.9,29.25,28.6,28.8,209762
2016-08-18,28.75,29.1,28.4,28.45,152788
2016-08-19,28.6,28.75,27.8,27.9,386720
2016-08-22,28.05,28.7,27.8,28.2,421878
2016-08-23,27.9,28.4,27.9,28.15,514458
2016-08-24,28.4,28.6,28.05,28.15,470100
2016-08-25,28.4,30.75,28.25,29.4,1276052
2016-08-26,29.4,30.1,28.4,28.6,730356
2016-08-29,28.5,28.75,28.0,28.1,543534
2016-08-30,28.15,29.4,28.05,28.5,656148
2016-08-31,28.55,29.05,28.5,28.65,506652
2016-09-01,28.7,29.1,28.3,28.5,286948
2016-09-02,28.95,29.5,28.75,29.2,608314
2016-09-06,29.3,29.8,28.5,28.6,548376
2016-09-07,28.6,29.0,27.9,28.2,896762
2016-09-08,28.35,30.3,28.05,29.25,1539936
2016-09-09,29.3,30.25,29.3,29.7,692436
2016-09-12,29.0,29.4,28.4,28.55,316736
2016-09-14,28.95,29.45,28.75,29.2,262002
2016-09-15,29.3,29.85,29.3,29.55,327480
2016-09-16,29.6,30.8,29.5,29.6,690562
2016-09-19,29.6,30.95,29.5,30.55,1178252
2016-09-20,30.55,30.9,30.1,30.35,414480
2016-09-21,30.3,31.6,30.2,30.9,949080
2016-09-22,31.3,32.1,30.7,31.7,1279934
2016-09-23,31.7,31.75,30.85,31.0,488744
2016-09-26,31.0,31.0,30.3,30.4,324604
2016-09-27,30.6,30.85,30.4,30.5,322766
2016-09-28,30.5,31.45,30.1,30.3,555618
2016-09-29,30.5,31.1,27.5,28.3,691562
2016-09-30,27.9,29.1,27.9,29.0,304006
2016-10-03,29.5,30.35,29.05,29.9,320166
2016-10-04,30.0,30.4,29.3,29.6,202510
2016-10-05,29.3,30.6,29.3,30.25,470984
2016-10-06,30.5,32.4,30.3,31.45,1808440
2016-10-07,31.7,31.9,30.7,31.15,402232
2016-10-10,31.3,32.65,30.95,32.3,852958
2016-10-13,32.45,32.75,31.6,32.3,1216360
2016-10-14,32.5,34.45,32.4,34.05,2513554
2016-10-17,34.25,34.4,32.9,33.25,1141300
2016-10-18,33.45,35.45,33.45,35.25,2723614
2016-10-19,35.5,36.9,35.1,35.95,2109138
2016-10-20,36.0,36.7,35.1,35.25,813512
2016-10-21,35.45,35.6,34.2,34.45,540330
2016-10-24,34.8,34.85,33.3,33.45,722658
2016-10-25,33.55,34.85,33.55,34.05,581358
2016-10-26,34.05,34.65,33.2,33.35,441480
2016-10-27,33.5,33.7,32.5,33.0,411662
2016-10-28,33.1,33.95,32.85,33.25,237604
2016-10-30,33.25,33.8,33.25,33.4,113582
2016-11-01,33.5,33.7,33.1,33.4,328404
2016-11-02,33.25,33.25,32.1,32.2,450070
2016-11-03,32.3,33.3,31.75,32.0,440458
2016-11-04,32.2,33.0,30.15,30.6,447694
2016-11-07,31.25,32.0,31.05,31.3,200718
2016-11-08,31.5,31.8,30.5,30.85,167732
2016-11-09,28.5,30.7,27.85,30.2,279950
2016-11-10,31.0,31.95,28.7,28.9,1140882
2016-11-11,28.1,28.9,26.7,27.35,705082
2016-11-15,27.35,28.0,24.9,25.2,333376
2016-11-16,25.7,26.1,24.0,24.1,377978
2016-11-17,24.3,24.7,24.0,24.4,228270
2016-11-18,24.6,24.8,24.15,24.3,354984
2016-11-21,24.6,24.75,23.25,23.45,186144
2016-11-22,23.5,24.1,22.7,22.8,480574
2016-11-23,23.45,24.0,22.8,23.6,214148
2016-11-24,23.6,23.6,23.0,23.3,133200
2016-11-25,23.5,24.25,23.4,24.1,517408
2016-11-28,24.3,26.6,23.75,26.1,1058862
2016-11-29,26.25,26.7,25.9,26.0,297022
2016-11-30,26.4,26.4,25.75,26.15,197932
2016-12-01,26.4,27.5,26.2,27.0,873082
2016-12-02,26.75,26.75,25.65,26.2,374044
2016-12-05,26.2,27.0,25.5,26.7,188228
2016-12-06,26.7,27.0,26.4,26.55,173678
2016-12-07,26.6,27.4,26.0,26.3,389812
2016-12-08,26.6,28.0,26.6,26.9,814256
2016-12-09,27.2,32.25,26.9,30.35,2725640
2016-12-12,30.2,31.25,29.65,29.9,618126
2016-12-13,30.0,31.7,29.6,30.6,925106
2016-12-14,30.7,30.9,29.1,29.5,589792
2016-12-15,29.5,30.2,29.25,29.6,201690
2016-12-16,29.65,31.05,29.65,30.1,923182
2016-12-19,30.1,30.25,29.0,29.1,279074
2016-12-20,29.3,29.75,28.3,28.5,267780
2016-12-21,28.6,29.45,28.5,28.6,213776
2016-12-22,28.7,28.7,28.0,28.1,138484
2016-12-23,28.4,28.45,27.7,27.9,201608
2016-12-26,27.5,28.2,26.75,26.8,169504
2016-12-27,27.2,27.7,26.55,27.6,165852
2016-12-28,27.7,29.0,27.7,28.3,281920
2016-12-29,28.35,29.1,28.05,28.75,171648
2016-12-30,28.8,29.0,28.25,28.45,140246
2017-01-02,28.6,28.9,28.0,28.2,291876
2017-01-03,28.3,29.2,28.25,28.5,727250
2017-01-04,28.55,28.9,28.25,28.4,294792
2017-01-05,28.65,29.4,28.5,28.95,304738
2017-01-06,29.05,29.3,28.6,28.65,161154
2017-01-09,28.65,28.7,28.3,28.4,239712
2017-01-10,28.6,28.7,27.85,28.5,202720
2017-01-11,28.5,30.5,28.5,29.7,1338448
2017-01-12,29.9,30.0,29.0,29.2,358748
2017-01-13,29.4,30.1,28.95,29.8,423400
2017-01-16,29.8,29.85,29.3,29.4,146564
2017-01-17,29.5,30.3,28.8,28.95,219182
2017-01-18,29.2,29.6,29.05,29.1,139276
2017-01-19,29.2,29.9,29.05,29.25,303240
2017-01-20,29.25,29.7,28.6,28.7,238052
2017-01-23,28.75,29.0,28.45,28.6,109104
2017-01-24,28.55,29.0,28.55,28.75,146994
2017-01-25,28.75,29.25,28.5,28.7,230376
2017-01-27,28.75,29.65,28.7,29.1,510054
2017-01-30,29.0,29.2,28.6,28.7,231442
2017-01-31,28.7,28.9,28.05,28.1,303538
2017-02-01,28.2,28.75,28.0,28.55,223298
2017-02-02,28.9,28.9,28.05,28.25,370166
2017-02-03,28.3,28.75,28.0,28.6,253024
2017-02-06,28.75,29.35,28.6,29.15,250044
2017-02-07,29.3,29.9,28.9,29.2,396526
2017-02-08,29.5,29.9,28.25,28.5,1741580
2017-02-09,28.0,28.65,27.5,27.7,599670
2017-02-10,27.9,28.3,27.6,27.7,281198
2017-02-13,27.6,28.4,27.5,27.6,307016
2017-02-14,27.75,27.8,27.25,27.4,122280
2017-02-15,27.5,27.5,26.4,26.5,213278
2017-02-16,26.7,26.7,26.05,26.3,276736
2017-02-17,26.4,27.1,26.3,26.5,239018
2017-02-20,26.55,26.9,26.3,26.7,214422
2017-02-21,26.8,28.1,26.6,27.4,1214942
2017-02-22,27.5,27.6,27.0,27.1,280228
2017-02-23,27.1,27.3,26.7,26.75,203166
2017-02-27,26.8,27.1,26.5,26.6,238432
2017-02-28,26.55,27.4,26.4,26.8,327698
2017-03-01,27.2,27.65,26.9,27.3,560958
2017-03-02,27.5,27.55,26.5,26.7,270062
2017-03-03,26.75,27.35,26.5,26.65,217186
2017-03-06,26.9,27.0,26.55,26.6,341082
2017-03-07,26.55,26.9,26.45,26.7,232306
2017-03-08,26.9,26.9,26.3,26.4,178266
2017-03-09,26.5,26.6,26.15,26.2,211918
2017-03-10,26.4,26.5,26.0,26.1,173916
2017-03-14,26.6,26.9,26.2,26.3,206740
2017-03-15,26.3,26.8,26.15,26.55,285266
2017-03-16,26.8,27.5,26.55,27.1,472050
2017-03-17,27.2,27.2,26.4,26.6,286344
2017-03-20,26.65,26.9,26.3,26.4,229308
2017-03-21,26.6,26.9,26.05,26.2,395872
2017-03-22,26.0,26.4,25.5,25.55,364690
2017-03-23,25.7,26.25,25.7,25.9,250496
2017-03-24,26.05,26.7,25.9,26.1,241958
2017-03-27,25.95,26.4,25.55,25.75,237794
2017-03-28,25.95,26.1,25.75,25.85,336576
2017-03-29,26.0,26.1,25.6,25.7,305392
2017-03-30,25.9,26.9,25.75,26.5,662408
2017-03-31,26.6,26.95,26.25,26.4,295532
2017-04-03,27.25,28.35,27.25,28.0,1775756
2017-04-05,28.4,29.2,28.0,28.9,911942
2017-04-06,28.85,29.25,28.4,28.7,396428
2017-04-07,28.6,29.75,28.3,28.8,1281760
2017-04-10,29.0,30.25,28.6,29.9,1693578
2017-04-11,30.1,30.4,29.35,29.5,667310
2017-04-12,30.5,31.1,29.85,30.5,1751798
2017-04-13,30.6,31.6,30.4,31.1,1244282
2017-04-17,31.25,31.6,30.7,31.2,764274
2017-04-18,31.4,31.75,30.15,30.3,823846
2017-04-19,30.5,30.6,30.05,30.3,318250
2017-04-20,30.5,31.35,30.15,30.4,554406
2017-04-21,30.5,32.3,30.5,31.6,1179424
2017-04-24,31.55,32.1,31.55,31.9,602432
2017-04-25,32.1,32.15,31.25,31.4,338624
2017-04-26,31.5,31.8,30.2,30.5,504502
2017-04-27,30.6,30.8,30.3,30.4,301870
2017-04-28,30.5,30.8,30.25,30.3,392662
2017-05-02,30.5,30.8,30.1,30.2,260566
2017-05-03,30.35,30.6,30.0,30.1,288602
2017-05-04,30.2,31.4,30.2,31.0,434506
2017-05-05,31.3,31.4,30.1,30.3,371254
2017-05-08,30.6,30.8,30.3,30.5,202866
2017-05-09,30.7,31.4,30.4,30.8,423842
2017-05-10,30.9,32.15,30.85,31.6,649660
2017-05-11,31.6,31.85,31.0,31.1,281662
2017-05-12,31.1,31.25,30.4,30.55,195080
2017-05-15,30.6,30.9,30.4,30.6,212956
2017-05-16,30.6,30.75,30.0,30.2,262188
2017-05-17,30.4,30.9,30.0,30.7,397410
2017-05-18,30.5,30.5,29.8,29.95,319200
2017-05-19,30.4,30.4,28.95,29.5,351192
2017-05-22,31.0,31.45,30.55,30.8,1564508
2017-05-23,31.0,31.1,29.5,29.7,546176
2017-05-24,29.95,29.95,28.5,28.8,306864
2017-05-25,29.05,30.15,28.7,29.9,287946
2017-05-26,30.15,31.5,29.9,31.1,624968
2017-05-29,31.25,32.9,30.6,31.95,1549272
2017-05-30,31.95,32.3,31.3,31.7,501876
2017-05-31,31.8,32.45,31.55,32.0,491700
2017-06-01,32.0,32.45,31.75,32.1,266610
2017-06-02,32.3,32.4,31.95,32.0,320506
2017-06-05,32.0,32.7,32.0,32.3,416200
2017-06-06,31.9,32.4,31.3,31.5,300708
2017-06-07,31.8,31.9,31.0,31.1,202924
2017-06-08,31.3,31.5,31.0,31.0,312922
2017-06-09,31.0,32.1,30.8,31.7,554746
2017-06-12,31.2,31.75,30.8,30.95,351704
2017-06-13,31.0,31.1,30.5,30.65,249136
2017-06-14,30.7,30.85,29.95,30.2,254758
2017-06-15,30.4,30.6,30.0,30.4,216438
2017-06-16,30.4,31.1,30.3,30.35,304944
2017-06-19,30.5,30.6,29.75,29.9,226810
2017-06-20,29.9,30.05,29.75,29.9,146360
2017-06-21,29.9,31.0,29.8,30.15,392472
2017-06-22,30.2,30.3,29.8,29.8,196734
2017-06-23,30.0,30.0,28.6,28.85,307348
2017-06-27,29.0,29.2,27.8,28.05,239022
2017-06-28,28.05,28.3,27.55,28.0,162278
2017-06-29,28.5,28.7,27.6,28.2,257760
2017-06-30,28.1,28.95,27.65,28.5,195790
2017-07-03,28.5,29.7,28.45,29.5,664702
2017-07-04,29.7,30.75,29.5,29.95,508702
2017-07-05,29.95,30.65,29.7,30.1,225368
2017-07-06,30.7,30.7,29.95,30.0,240428
2017-07-07,30.0,31.1,29.6,30.85,585460
2017-07-10,31.0,31.1,30.25,30.35,74112
2017-07-11,30.7,31.6,30.25,30.65,696170
2017-07-12,30.75,31.0,30.2,30.3,253194
2017-07-13,30.4,32.3,30.4,31.9,1524054
2017-07-14,31.8,32.2,30.7,30.95,590338
2017-07-17,30.95,31.15,30.5,30.65,253286
2017-07-18,30.65,31.1,29.95,30.1,531876
2017-07-19,30.25,30.7,29.9,30.0,443658
2017-07-20,30.2,30.25,29.35,29.95,433720
2017-07-21,29.95,30.1,29.1,29.6,293268
2017-07-24,29.7,30.5,29.4,30.3,693150
2017-07-25,30.4,31.2,29.9,30.55,736322
2017-07-26,30.4,31.05,30.3,30.85,455052
2017-07-27,30.85,31.25,30.0,30.1,282298
2017-07-28,29.9,30.5,29.8,30.1,239002
2017-07-31,30.2,32.0,30.1,31.6,1036968
2017-08-01,31.5,31.95,31.05,31.3,425286
2017-08-02,31.3,31.3,30.35,30.85,198930
2017-08-03,30.85,31.0,26.4,27.0,1943330
2017-08-04,27.1,27.4,26.35,26.8,864626
2017-08-07,26.8,27.35,25.4,25.8,554940
2017-08-08,25.8,25.95,24.0,24.4,705734
2017-08-09,24.3,24.3,23.4,23.45,500660
2017-08-10,23.25,23.5,22.85,23.05,200394
2017-08-11,23.9,23.9,22.5,23.0,341996
2017-08-14,22.6,23.8,22.6,23.6,160906
2017-08-16,23.5,24.2,23.3,24.05,368468
2017-08-17,24.25,24.9,24.0,24.5,348658
2017-08-18,24.0,25.5,23.8,25.15,452572
2017-08-21,25.2,25.35,24.0,24.25,186340
2017-08-22,24.25,24.5,23.3,23.85,149614
2017-08-23,24.1,24.3,23.8,23.95,113264
2017-08-24,24.1,24.25,23.6,23.9,309814
2017-08-28,24.1,24.15,23.7,23.9,154696
2017-08-29,23.9,24.0,23.6,23.6,113436
2017-08-30,23.8,24.0,23.6,23.8,96206
2017-08-31,23.8,24.8,23.65,24.3,322562
2017-09-01,24.3,24.8,24.3,24.5,193962
2017-09-04,24.85,25.7,24.6,25.05,334332
2017-09-05,25.1,26.0,25.1,25.6,437306
2017-09-06,25.6,26.2,25.3,25.6,274692
2017-09-07,25.65,25.9,23.8,24.1,596618
2017-09-08,24.2,25.6,24.15,25.1,795480
2017-09-11,25.45,26.15,25.25,25.85,524082
2017-09-12,26.05,26.5,25.7,25.85,339104
2017-09-13,25.9,27.4,25.5,26.7,1452092
2017-09-14,26.9,27.3,26.5,27.15,677676
2017-09-15,26.9,27.05,25.9,26.1,363436
2017-09-18,26.35,26.7,26.05,26.3,223930
2017-09-19,26.5,26.6,25.6,26.0,276004
2017-09-20,25.8,29.75,25.8,28.9,3042888
2017-09-21,28.95,29.4,27.5,28.95,1300618
2017-09-22,28.75,29.2,27.9,29.0,1268974
2017-09-25,29.0,29.35,27.0,27.15,508088
2017-09-26,27.4,27.7,26.55,27.3,296486
2017-09-27,27.7,27.7,25.5,26.05,350532
2017-09-28,26.1,27.45,26.1,27.05,331960
2017-09-29,27.05,29.75,26.95,28.8,1069922
2017-10-03,29.2,29.2,27.7,27.9,371352
2017-10-04,27.95,32.2,27.6,31.55,5469956
2017-10-05,31.5,31.9,29.5,30.1,1624712
2017-10-06,30.4,33.2,30.3,32.2,3267052
2017-10-09,32.25,32.35,31.1,31.4,692976
2017-10-10,31.45,34.2,31.1,33.9,3036512
2017-10-11,33.9,35.7,32.5,32.8,2828746
2017-10-12,33.2,34.0,33.05,33.3,631730
2017-10-13,33.5,35.0,33.25,33.7,1555154
2017-10-16,33.9,34.25,33.0,33.05,368970
2017-10-17,33.1,34.7,32.7,33.65,2288190
2017-10-18,33.65,34.75,33.25,33.85,1336418
2017-10-19,33.8,34.0,33.1,33.3,238548
2017-10-23,33.4,35.45,33.3,34.2,1465358
2017-10-24,34.4,35.2,33.9,34.05,815054
2017-10-25,34.3,35.5,33.85,35.2,1766706
2017-10-26,35.2,37.0,34.8,35.25,1639768
2017-10-27,35.4,37.45,34.2,36.55,2746910
2017-10-30,37.0,37.0,36.3,36.3,1002886
2017-10-31,36.65,37.95,35.35,37.35,2417932
2017-11-01,37.8,38.3,36.9,37.2,2516916
2017-11-02,37.3,37.6,36.3,36.35,515144
2017-11-03,36.5,38.9,36.35,37.45,6672656
2017-11-06,37.4,39.7,37.1,38.95,2851354
2017-11-07,39.4,42.7,39.3,42.0,6435992
2017-11-08,42.0,42.35,35.6,36.15,3928678
2017-11-09,36.0,38.2,35.7,37.15,2206750
2017-11-10,37.1,37.5,36.1,36.4,594484
2017-11-13,36.1,36.6,34.55,34.7,560646
2017-11-14,34.95,35.5,33.0,34.8,927820
2017-11-15,35.15,36.5,34.4,35.0,2262090
2017-11-16,35.2,37.4,35.2,36.75,1869122
2017-11-17,37.1,38.45,36.6,37.1,1907052
2017-11-20,37.2,39.6,36.9,39.15,3239594
2017-11-21,39.5,39.75,38.2,38.8,957736
2017-11-22,39.0,40.35,38.85,39.5,1743996
2017-11-23,39.5,40.4,37.0,37.75,1561168
2017-11-24,38.0,39.1,37.8,38.85,1453278
2017-11-27,38.5,40.35,37.5,38.55,1881386
2017-11-28,38.95,39.7,38.6,38.9,643782
2017-11-29,39.0,41.7,39.0,39.75,5752656
2017-11-30,39.5,41.25,39.0,40.0,1988840
2017-12-01,40.4,43.8,40.4,41.8,6383682
2017-12-04,42.1,44.4,41.0,42.35,3636950
2017-12-05,42.25,43.4,41.25,43.0,1666690
2017-12-06,42.7,46.1,42.4,43.8,5039790
2017-12-07,44.1,46.7,44.0,46.1,5321102
2017-12-08,46.3,48.2,45.4,46.85,4334072
2017-12-11,47.05,48.7,46.15,47.9,3845320
2017-12-12,47.7,48.85,47.05,47.4,2371348
2017-12-13,47.25,47.8,43.9,44.5,2356714
2017-12-14,44.75,45.4,42.65,44.1,2035774
2017-12-15,45.0,46.65,44.65,45.5,1762506
2017-12-18,45.45,46.7,42.8,45.5,1881270
2017-12-19,45.85,47.85,45.4,47.5,2363610
2017-12-20,47.7,56.2,47.5,55.3,13143128
2017-12-21,55.75,56.75,53.15,53.65,5036286
2017-12-22,53.7,56.65,52.8,54.8,4987420
2017-12-26,55.0,55.1,52.9,53.15,1714254
2017-12-27,53.5,53.5,50.3,51.25,1761730
2017-12-28,51.75,53.7,51.3,52.1,2040666
2017-12-29,52.5,53.2,51.1,51.45,1388430
2018-01-01,51.5,53.8,50.8,52.45,2544394
2018-01-02,53.0,54.7,51.7,52.4,3948744
2018-01-03,52.8,54.85,52.75,54.2,2748518
2018-01-04,54.55,54.9,53.2,53.9,2670162
2018-01-05,54.1,54.4,51.8,52.5,2236742
2018-01-08,52.8,54.0,51.55,51.65,2082496
2018-01-09,52.0,54.0,51.9,52.35,1926498
2018-01-10,52.6,53.5,51.4,51.9,1437476
2018-01-11,52.0,53.7,51.8,52.35,1425034
2018-01-12,52.55,52.8,50.8,51.1,854702
2018-01-15,51.95,52.5,50.2,50.4,1123748
2018-01-16,50.7,51.0,47.8,48.2,1544324
2018-01-17,48.3,48.3,46.4,46.8,1740754
2018-01-18,47.3,47.7,43.6,44.2,1142444
2018-01-19,44.2,46.75,43.3,46.0,1598816
2018-01-22,46.0,46.85,44.3,46.5,1532866
2018-01-23,46.5,50.65,46.25,49.4,4213160
2018-01-24,49.15,49.85,47.6,47.85,1398704
2018-01-25,47.7,47.8,46.1,46.8,810706
2018-01-29,47.3,47.4,44.05,44.8,516542
2018-01-30,44.75,46.6,43.3,45.8,1241156
2018-01-31,45.8,47.1,44.85,45.0,1293620
2018-02-01,45.5,45.5,42.6,43.8,715822
2018-02-02,43.0,44.35,39.4,39.9,1711056
2018-02-05,39.0,42.9,37.65,42.3,1320748
2018-02-06,40.5,42.4,38.25,40.3,1095758
2018-02-07,40.9,43.0,40.9,41.7,814474
2018-02-08,42.35,43.1,41.4,42.0,1242630
2018-02-09,40.95,41.9,40.3,41.2,951224
2018-02-12,41.5,43.9,41.5,43.45,1262448
2018-02-14,43.8,45.8,43.3,44.45,1437804
2018-02-15,44.6,45.65,42.6,42.9,1049300
2018-02-16,43.4,43.85,40.9,41.3,623958
2018-02-19,41.5,41.75,39.4,40.25,625668
2018-02-20,39.8,41.45,39.7,40.6,869230
2018-02-21,41.0,41.9,40.3,41.0,1136342
2018-02-22,41.1,41.6,40.5,41.0,452216
2018-02-23,40.75,45.85,40.75,45.2,2841284
2018-02-26,45.3,45.75,44.1,44.4,845090
2018-02-27,44.5,44.7,43.2,43.55,528772
2018-02-28,43.0,44.65,41.8,44.25,675922
2018-03-01,44.25,46.5,43.5,44.35,1545122
2018-03-05,44.0,44.45,42.75,42.9,429578
2018-03-06,43.1,43.9,41.3,41.6,503318
2018-03-07,41.3,41.8,40.05,40.25,541418
2018-03-08,40.8,41.75,39.1,40.0,626956
2018-03-09,40.6,40.9,39.75,40.0,361300
2018-03-12,40.9,41.5,39.7,40.3,394842
2018-03-13,40.1,41.25,40.1,40.8,711252
2018-03-14,40.2,40.8,39.4,40.55,571290
2018-03-15,41.0,42.0,39.6,41.1,647774
2018-03-16,41.1,42.35,40.35,40.7,583884
2018-03-19,40.7,41.2,39.05,39.6,386588
2018-03-20,39.0,39.8,38.8,39.0,416608
2018-03-21,39.0,39.95,38.4,38.6,412848
2018-03-22,39.0,39.3,37.25,37.55,566884
2018-03-23,37.0,37.0,34.75,35.3,923816
2018-03-26,35.05,36.4,34.7,36.1,600286
2018-03-27,37.0,38.6,36.15,38.1,632292
2018-03-28,37.75,39.3,36.8,38.8,1151398
2018-04-02,38.0,40.25,38.0,39.7,408124
2018-04-03,39.5,41.9,39.1,41.5,1019524
2018-04-04,41.75,42.1,39.5,39.7,551746
2018-04-05,40.4,41.0,40.0,40.4,386444
2018-04-06,40.5,41.1,39.8,40.2,404168
2018-04-09,40.5,42.55,39.7,41.6,1782650
2018-04-10,41.55,43.0,41.3,42.3,1380012
2018-04-11,42.15,42.15,41.55,41.8,264904
2018-04-12,41.85,43.2,41.1,41.9,1347546
2018-04-13,42.1,42.5,41.55,42.25,816452
2018-04-16,41.6,42.45,41.25,41.6,319210
2018-04-17,41.85,42.8,41.5,41.85,488064
2018-04-18,42.2,42.7,41.45,41.7,554594
2018-04-19,42.0,43.6,41.65,42.8,1119064
2018-04-20,42.75,44.3,42.55,42.9,1501574
2018-04-23,42.9,43.0,42.15,42.3,365556
2018-04-24,42.6,42.6,41.6,41.8,243352
2018-04-25,41.5,42.0,41.0,41.15,282788
2018-04-26,41.75,41.75,40.6,40.8,617066
2018-04-27,41.05,41.3,40.0,40.7,408760
2018-04-30,41.7,42.15,41.0,41.9,436716
2018-05-02,41.95,42.75,40.75,41.35,626560
2018-05-03,41.25,41.45,39.4,40.0,517814
2018-05-04,40.0,41.7,39.55,40.9,505318
2018-05-07,41.8,41.85,38.75,39.2,917392
2018-05-08,39.1,39.45,37.3,37.5,707822
2018-05-09,37.5,38.3,37.4,37.55,320196
2018-05-10,37.9,38.0,35.9,36.2,300024
2018-05-11,36.2,36.45,35.0,35.4,370262
2018-05-14,35.5,36.0,35.05,35.3,236066
2018-05-15,35.0,35.95,34.4,34.7,400078
2018-05-16,34.5,34.95,34.35,34.7,196090
2018-05-17,34.85,35.0,34.3,34.7,180284
2018-05-18,34.75,35.4,33.1,33.55,438936
2018-05-21,33.0,33.7,31.1,31.6,310172
2018-05-22,31.65,32.1,30.7,31.5,447832
2018-05-23,31.8,31.9,30.6,31.25,195544
2018-05-24,31.7,31.7,30.25,31.0,236128
2018-05-25,30.6,31.9,30.6,31.6,349834
2018-05-28,31.8,36.95,31.8,35.9,1411058
2018-05-29,35.5,36.0,34.5,34.9,397880
2018-05-30,34.5,35.75,34.3,34.8,288014
2018-05-31,34.9,35.45,34.1,34.4,213054
2018-06-01,34.0,34.4,32.65,32.9,269462
2018-06-04,33.0,33.9,32.15,32.3,208308
2018-06-05,32.6,32.6,30.75,31.05,329516
2018-06-06,31.3,33.45,30.75,32.2,1652074
2018-06-07,32.2,33.9,32.1,33.1,362560
2018-06-08,32.5,33.5,32.5,32.85,252496
2018-06-11,32.65,33.4,32.4,32.5,348326
2018-06-12,32.75,35.0,32.25,34.2,811016
2018-06-13,34.0,34.9,32.8,33.0,268760
2018-06-14,33.05,33.3,32.8,33.2,114000
2018-06-15,33.0,33.4,32.6,32.95,304362
2018-06-18,33.0,33.35,32.25,32.5,154472
2018-06-19,33.0,33.0,31.5,31.9,169274
2018-06-20,32.3,32.5,31.9,32.2,153168
2018-06-21,32.65,32.7,31.45,31.7,248686
2018-06-22,31.95,31.95,31.25,31.4,171138
2018-06-25,31.5,31.6,31.1,31.2,94858
2018-06-26,31.1,32.35,30.75,31.3,342594
2018-06-27,31.2,31.55,29.1,29.3,344990
2018-06-28,29.3,29.7,28.5,28.65,163034
2018-06-29,29.0,29.5,28.4,28.8,266566
2018-07-02,29.05,29.05,27.75,27.9,204844
2018-07-03,27.9,28.9,27.8,28.4,945940
2018-07-04,28.4,28.9,27.75,27.9,141298
2018-07-05,27.9,28.3,27.6,27.9,218846
2018-07-06,27.7,29.4,27.5,29.0,337448
2018-07-09,29.4,30.15,29.1,29.7,278592
2018-07-10,30.0,31.0,29.8,30.75,311652
2018-07-11,31.0,31.0,30.0,30.1,751746
2018-07-12,30.0,30.5,29.05,29.35,197290
2018-07-13,29.7,29.7,28.4,28.65,136904
2018-07-16,28.25,29.2,27.8,28.1,254526
2018-07-17,27.9,29.5,27.9,28.95,240846
2018-07-18,28.7,29.25,27.8,28.05,223904
2018-07-19,28.1,28.5,27.25,28.2,339940
2018-07-20,28.4,28.95,27.9,28.7,174914
2018-07-23,28.5,28.8,28.0,28.55,115500
2018-07-24,28.75,30.2,28.3,29.5,297262
2018-07-25,29.7,31.2,29.25,30.75,321536
2018-07-26,30.8,31.2,30.45,30.65,196116
2018-07-27,30.95,31.4,30.65,30.8,209850
2018-07-30,30.8,31.4,30.8,31.2,208112
2018-07-31,31.2,32.4,31.05,31.8,354234
2018-08-01,32.1,32.95,31.0,31.8,492894
2018-08-02,33.2,36.75,32.2,36.2,4586166
2018-08-03,36.4,36.4,34.9,35.3,748158
2018-08-06,34.85,35.7,34.15,34.5,315476
2018-08-07,34.6,34.6,33.25,33.8,433580
2018-08-08,34.0,34.9,33.65,34.2,413904
2018-08-09,33.65,35.25,33.65,34.2,890636
2018-08-10,34.0,34.4,32.8,33.05,228836
2018-08-13,32.5,33.9,32.25,32.9,331244
2018-08-14,33.0,34.3,32.6,33.05,218744
2018-08-16,32.8,34.75,32.8,33.6,424226
2018-08-17,33.7,33.95,33.3,33.5,182594
2018-08-20,33.8,34.05,33.05,33.35,140780
2018-08-21,33.7,34.9,33.3,34.4,337286
2018-08-23,34.85,35.35,34.1,34.3,544190
2018-08-24,34.3,34.5,33.5,33.8,175794
2018-08-27,34.0,34.4,33.2,33.4,156282
2018-08-28,33.5,33.6,32.0,32.4,661380
2018-08-29,32.2,32.3,31.4,31.6,225810
2018-08-30,31.5,32.7,31.5,32.2,174478
2018-08-31,32.25,32.4,31.8,32.1,103862
2018-09-03,32.4,32.95,32.1,32.4,255882
2018-09-04,32.2,32.6,30.95,31.1,399842
2018-09-05,30.8,31.4,30.5,31.1,143658
2018-09-06,31.6,31.6,30.85,31.0,127238
2018-09-07,31.0,32.0,30.8,31.6,138584
2018-09-10,31.65,32.25,31.0,31.6,181838
2018-09-11,31.5,31.8,31.0,31.05,98792
2018-09-12,31.3,31.3,30.5,30.7,97894
2018-09-14,30.8,31.25,30.6,30.9,123526
2018-09-17,30.6,32.5,30.6,31.7,299226
2018-09-18,32.1,32.4,30.95,31.8,346688
2018-09-19,31.9,31.9,30.9,31.0,240778
2018-09-21,31.1,31.1,30.1,30.4,278998
2018-09-24,30.3,30.5,28.0,28.3,216216
2018-09-25,28.5,28.75,27.7,27.85,266048
2018-09-26,28.1,28.6,27.5,27.8,328128
2018-09-27,27.7,28.2,27.35,27.5,93384
2018-09-28,27.5,27.5,26.1,26.8,159902
2018-10-01,26.5,27.0,24.5,26.1,326650
2018-10-03,25.5,26.75,25.4,26.4,105718
2018-10-04,26.0,26.2,24.85,25.0,471418
2018-10-05,25.25,25.4,24.75,25.0,373282
2018-10-08,25.4,25.5,24.5,25.05,414566
2018-10-09,25.15,26.4,24.9,25.05,423158
2018-10-10,25.1,25.9,25.0,25.7,178074
2018-10-11,25.15,26.9,24.2,25.6,571012
2018-10-12,26.45,26.95,25.8,26.35,93472
2018-10-15,26.8,28.1,26.25,26.9,1189360
2018-10-16,27.0,27.7,27.0,27.4,172140
2018-10-17,28.3,28.3,24.15,25.3,504254
2018-10-19,25.4,25.8,24.9,25.35,136696
2018-10-22,25.35,26.1,25.25,25.55,79100
2018-10-23,25.3,25.45,24.25,24.8,146274
2018-10-24,25.25,25.6,24.8,25.05,118320
2018-10-25,24.2,25.0,24.2,24.85,127082
2018-10-26,24.8,25.3,24.55,25.2,95282
2018-10-29,25.35,26.0,25.0,25.9,143212
2018-10-30,26.0,27.25,25.7,27.05,174068
2018-10-31,27.0,27.55,26.4,27.2,115578
2018-11-01,27.35,32.4,27.35,31.7,2165940
2018-11-02,31.75,33.0,29.5,29.9,573608
2018-11-05,30.0,30.4,29.2,29.6,146974
2018-11-06,29.85,30.3,29.0,29.7,181804
2018-11-07,30.0,30.35,30.0,30.1,39144
2018-11-09,30.2,30.9,29.7,30.1,143520
2018-11-12,30.4,30.4,28.8,28.95,117406
2018-11-13,28.8,28.9,28.3,28.65,77698
2018-11-14,28.6,28.75,28.0,28.1,98680
2018-11-15,27.9,28.7,27.8,28.2,131298
2018-11-16,28.1,28.1,27.4,27.7,124516
2018-11-19,27.55,27.9,27.0,27.6,153090
2018-11-20,27.3,27.85,27.0,27.3,102534
2018-11-21,26.7,30.45,26.7,29.05,534432
2018-11-22,28.9,29.9,27.9,28.1,118910
2018-11-26,28.25,29.9,27.6,29.3,251274
2018-11-27,29.0,29.9,28.6,29.2,219698
2018-11-28,29.0,29.3,27.7,27.9,184092
2018-11-29,28.1,28.45,27.4,28.25,157306
2018-11-30,28.5,29.2,28.1,28.8,137510
2018-12-03,29.0,29.75,28.3,29.45,141150
2018-12-04,29.25,29.9,28.9,29.6,103916
2018-12-05,29.2,29.8,28.8,29.2,117876
2018-12-06,29.25,29.65,28.4,28.6,187236
2018-12-07,28.65,29.1,28.25,28.5,100968
2018-12-10,28.2,28.55,26.9,28.3,198550
2018-12-11,28.0,29.05,28.0,28.9,138184
2018-12-12,29.2,30.6,28.55,29.8,209500
2018-12-13,29.6,31.4,29.6,31.0,333162
2018-12-14,31.25,33.1,30.5,32.4,720414
2018-12-17,33.0,33.15,31.05,31.55,372188
2018-12-18,31.25,33.85,30.85,33.6,559564
2018-12-19,33.7,34.25,32.7,33.3,426486
2018-12-20,33.8,35.0,33.0,34.4,538576
2018-12-21,34.2,34.7,33.5,33.9,195748
2018-12-24,34.25,35.4,33.75,34.35,299286
2018-12-26,34.2,34.3,33.55,34.2,112790
2018-12-27,34.0,34.9,33.4,34.0,186112
2018-12-28,34.0,35.3,33.85,34.85,189564
2019-01-01,35.05,35.2,34.1,34.8,109978
2019-01-02,34.5,35.1,33.55,34.15,173320
2019-01-03,34.0,34.3,32.6,33.1,111966
2019-01-04,33.1,33.55,32.8,33.3,147136
2019-01-07,33.25,34.0,32.9,33.05,144682
2019-01-08,32.9,33.7,32.6,33.45,60494
2019-01-09,33.5,33.8,32.8,33.05,87374
2019-01-10,32.9,33.35,32.8,32.95,73536
2019-01-11,33.5,37.5,32.8,36.05,644112
2019-01-14,35.9,37.3,35.7,36.4,397646
2019-01-15,36.5,36.5,36.05,36.1,133222
2019-01-16,36.1,37.3,35.8,36.0,274378
2019-01-17,36.05,36.1,35.7,35.75,54876
2019-01-18,35.8,35.95,34.75,34.85,80116
2019-01-21,34.8,34.8,33.9,34.45,272172
2019-01-22,34.3,34.3,33.3,33.6,86510
2019-01-23,33.6,34.5,33.5,33.7,91962
2019-01-24,33.75,34.0,33.3,33.35,52662
2019-01-25,33.3,34.0,32.65,32.8,106150
2019-01-28,32.0,32.4,30.0,30.9,1229494
2019-01-29,30.75,30.95,29.7,30.25,99444
2019-01-30,30.5,31.0,30.05,30.6,53922
2019-01-31,30.9,33.15,30.9,32.9,217672
2019-02-01,32.65,33.8,31.55,32.85,231590
2019-02-04,32.7,32.7,31.0,31.3,67836
2019-02-05,31.75,31.75,30.7,30.8,58242
2019-02-06,30.3,31.6,30.25,30.9,131164
2019-02-07,31.45,33.25,30.9,32.1,196344
2019-02-08,31.5,31.5,30.1,30.75,122880
2019-02-11,30.8,31.2,28.35,28.8,129108
2019-02-12,28.9,29.2,28.5,28.75,78104
2019-02-13,28.75,29.35,26.15,27.3,293768
2019-02-14,27.3,27.8,26.55,27.5,131666
2019-02-15,27.4,27.5,26.75,27.3,107484
2019-02-18,27.5,27.65,26.3,27.1,99766
2019-02-19,27.0,28.0,26.9,27.5,104956
2019-02-20,27.75,27.95,26.75,27.5,74114
2019-02-21,27.3,29.0,27.1,28.75,131086
2019-02-22,28.5,30.2,28.35,29.3,152682
2019-02-25,29.25,29.9,29.0,29.35,66398
2019-02-26,28.3,29.35,27.0,28.3,213522
2019-02-27,28.2,29.75,28.2,29.1,138846
2019-02-28,28.8,29.4,28.6,28.75,38860
2019-03-01,28.8,29.8,28.7,29.5,128062
2019-03-05,29.45,31.1,28.8,31.0,513854
2019-03-06,31.4,33.95,31.0,33.45,699524
2019-03-07,33.25,34.2,32.55,33.5,315258
2019-03-08,33.25,35.0,32.9,33.3,562914
2019-03-11,33.8,33.9,33.1,33.15,75660
2019-03-12,33.5,33.9,32.0,32.3,190100
2019-03-13,32.0,32.85,31.7,32.05,139086
2019-03-14,32.05,33.2,31.5,31.8,144434
2019-03-15,32.3,32.8,31.5,31.7,203632
2019-03-18,32.25,32.25,31.0,31.5,83444
2019-03-19,31.6,31.75,31.35,31.5,56566
2019-03-20,31.65,34.0,30.7,33.1,508348
2019-03-22,33.6,34.5,33.1,33.35,436092
2019-03-25,33.25,33.25,31.3,31.75,153946
2019-03-26,31.7,32.5,30.9,31.35,167716
2019-03-27,31.9,32.4,31.35,31.6,143680
2019-03-28,31.9,32.35,31.55,31.8,178242
2019-03-29,31.85,32.4,31.25,31.5,345532
2019-04-01,32.15,32.2,31.65,31.95,119646
2019-04-02,32.1,32.1,31.5,31.55,70394
2019-04-03,31.9,33.1,31.5,31.65,549864
2019-04-04,31.4,31.9,31.0,31.2,96722
2019-04-05,31.5,31.7,30.75,31.0,127856
2019-04-08,31.3,31.5,30.7,30.8,92206
2019-04-09,31.0,31.0,30.2,30.4,110260
2019-04-10,30.5,31.0,30.05,30.4,73198
2019-04-11,30.7,30.75,30.1,30.15,68636
2019-04-12,30.15,30.6,30.1,30.3,161754
2019-04-15,30.6,32.2,30.25,32.0,1948760
2019-04-16,32.3,33.1,31.9,32.4,471920
2019-04-18,32.7,32.7,31.5,31.6,130262
2019-04-22,31.4,31.4,30.2,30.35,112018
2019-04-23,30.5,30.8,29.6,29.9,133210
2019-04-24,30.1,30.4,29.95,30.1,95396
2019-04-25,30.6,30.6,29.6,29.7,126000
2019-04-26,30.25,30.25,29.25,29.5,48166
2019-04-30,29.9,30.0,28.75,29.05,1129212
2019-05-02,28.75,29.4,27.7,27.85,201440
2019-05-03,27.8,28.2,27.35,27.45,185352
2019-05-06,27.0,27.8,26.95,27.5,207980
2019-05-07,27.8,28.9,27.6,28.6,189986
2019-05-08,28.3,28.3,26.8,26.95,184798
2019-05-09,27.0,27.3,25.55,25.95,161804
2019-05-10,26.0,26.4,25.4,25.55,312568
2019-05-13,26.0,26.0,24.4,24.8,169304
2019-05-14,24.0,25.15,24.0,24.3,191824
2019-05-15,24.45,27.25,24.1,24.25,303908
2019-05-16,24.7,24.7,24.1,24.4,79824
2019-05-17,24.3,26.5,24.0,24.3,137980
2019-05-20,25.0,25.95,24.9,25.0,254076
2019-05-21,25.65,25.65,24.85,24.95,170312
2019-05-22,25.4,25.4,24.65,25.0,53578
2019-05-23,25.45,25.9,25.0,25.1,104982
2019-05-24,25.2,25.8,24.85,25.6,310342
2019-05-27,25.3,27.95,25.3,27.3,1291614
2019-05-28,27.7,28.25,26.4,27.4,545548
2019-05-29,27.7,27.7,27.0,27.15,210330
2019-05-30,27.0,28.3,26.5,27.0,230858
2019-05-31,27.0,27.1,26.5,26.6,97842
2019-06-03,26.5,26.8,26.0,26.1,128474
2019-06-04,26.2,26.3,25.75,25.9,89268
2019-06-06,25.95,25.95,25.1,25.2,69754
2019-06-07,25.3,26.4,24.6,24.8,221220
2019-06-10,24.65,25.4,24.2,24.4,119172
2019-06-11,24.5,24.9,24.05,24.6,172684
2019-06-12,24.85,24.9,24.4,24.6,42688
2019-06-13,24.4,24.75,24.05,24.5,47504
2019-06-14,24.3,24.55,23.65,23.8,108826
2019-06-17,24.4,24.5,23.7,23.8,211698
2019-06-18,23.7,24.2,23.5,23.65,81110
2019-06-19,23.5,24.0,22.6,22.8,119134
2019-06-20,22.8,23.45,22.0,23.3,55564
2019-06-21,23.2,23.6,22.5,22.9,101654
2019-06-24,22.7,23.25,22.35,22.6,65802
2019-06-25,22.5,22.7,22.3,22.45,53598
2019-06-26,22.4,22.6,22.15,22.4,75460
2019-06-27,22.4,23.6,22.4,23.0,105802
2019-06-28,22.9,23.7,22.6,23.15,117842
2019-07-01,23.05,23.5,22.95,23.2,38060
2019-07-02,23.0,23.75,23.0,23.2,78472
2019-07-03,23.1,23.6,23.1,23.2,81806
2019-07-04,23.4,23.9,23.05,23.15,69700
2019-07-05,23.05,23.4,22.7,22.85,54404
2019-07-08,22.75,22.75,22.0,22.05,80380
2019-07-09,22.05,22.5,22.0,22.2,67532
2019-07-10,22.1,22.4,21.55,21.7,81960
2019-07-11,21.6,21.9,21.35,21.65,173058
2019-07-12,21.55,21.8,21.1,21.25,73956
2019-07-15,21.25,21.4,21.1,21.3,53136
2019-07-16,21.25,21.6,21.1,21.2,79432
2019-07-17,21.1,21.35,20.45,21.0,133802
2019-07-18,20.75,21.1,20.1,20.2,63324
2019-07-19,20.9,20.9,19.25,19.5,232836
2019-07-22,19.5,19.5,18.95,19.3,58270
2019-07-23,19.25,19.55,18.9,19.2,55506
2019-07-24,19.0,19.5,19.0,19.25,93096
2019-07-25,19.3,19.85,19.3,19.45,44646
2019-07-26,19.5,21.0,19.4,20.1,89484
2019-07-29,19.85,19.85,18.4,18.6,102216
2019-07-30,18.5,19.5,14.9,15.7,828326
2019-07-31,16.25,16.25,15.3,15.5,157102
2019-08-01,15.5,15.6,14.75,14.8,100358
2019-08-02,14.8,14.95,12.3,13.8,487216
2019-08-05,14.25,14.25,13.3,13.45,144450
2019-08-06,13.4,14.25,13.4,13.8,174788
2019-08-07,14.5,14.5,12.9,14.0,92946
2019-08-08,14.0,14.75,13.8,14.5,54420
2019-08-09,15.0,15.6,14.4,15.5,122770
2019-08-13,15.5,15.75,14.85,15.0,53734
2019-08-14,15.45,15.45,14.6,15.2,1075162
2019-08-16,15.2,16.0,15.0,15.25,91636
2019-08-19,15.25,15.3,14.45,14.5,1056442
2019-08-20,14.5,14.9,14.4,14.45,33518
2019-08-21,14.45,14.8,14.2,14.45,69166
2019-08-22,14.4,14.6,13.95,14.0,68670
2019-08-23,14.0,14.4,13.9,14.0,78972
2019-08-26,14.2,14.45,13.9,14.0,62436
2019-08-27,14.1,14.65,13.75,14.6,91662
2019-08-28,14.8,15.4,14.8,15.0,82744
2019-08-29,15.15,15.3,14.25,14.8,92624
2019-08-30,14.9,15.3,14.25,14.95,102026
2019-09-03,14.8,16.4,14.8,15.2,26022
2019-09-04,15.1,15.35,14.9,15.15,22150
2019-09-05,16.3,16.65,16.3,16.65,164662
2019-09-06,17.4,18.2,16.75,16.9,514400
2019-09-09,17.5,17.5,16.55,16.9,75780
2019-09-11,16.8,17.5,16.5,17.0,636254
2019-09-12,17.2,17.55,16.8,16.9,153456
2019-09-13,16.9,16.9,16.3,16.4,190130
2019-09-16,16.2,16.5,15.9,16.3,143656
2019-09-17,16.4,16.4,15.8,16.0,91390
2019-09-18,16.1,16.35,16.0,16.1,159506
2019-09-19,16.2,16.2,15.8,15.9,46508
2019-09-20,15.85,16.5,15.45,16.35,175614
2019-09-23,16.85,16.85,16.4,16.6,365094
2019-09-24,16.6,18.2,16.6,18.1,322364
2019-09-25,17.5,18.9,17.5,18.35,477572
2019-09-26,18.4,18.75,18.15,18.3,120180
2019-09-27,18.3,18.5,18.0,18.25,85780
2019-09-30,18.25,18.4,16.4,16.95,102964
2019-10-01,17.0,17.0,15.9,16.0,66814
2019-10-03,15.6,16.15,15.6,15.8,39188
2019-10-04,16.05,16.05,14.75,14.9,130018
2019-10-07,15.1,15.3,14.4,14.55,63480
2019-10-09,14.4,15.0,14.4,14.95,43510
2019-10-10,14.65,15.0,14.65,14.9,17630
2019-10-11,14.6,14.85,14.4,14.5,38296
2019-10-14,14.35,15.0,14.05,14.3,57930
2019-10-15,14.9,16.25,14.1,14.6,27392
2019-10-16,14.5,14.9,14.25,14.4,35460
2019-10-17,14.9,15.0,14.15,14.85,47048
2019-10-18,15.0,16.0,15.0,15.8,136944
2019-10-22,16.0,17.0,15.9,16.1,184522
2019-10-23,16.1,16.5,15.75,15.9,72926
2019-10-24,15.65,16.0,15.35,15.5,42914
2019-10-25,15.2,15.5,15.05,15.1,50616
2019-10-27,15.4,16.2,15.1,16.0,58508
2019-10-29,16.1,16.7,15.5,15.9,75726
2019-10-30,16.2,16.75,15.9,16.2,105570
2019-10-31,16.2,17.2,16.05,16.9,142252
2019-11-01,17.25,18.75,17.0,18.55,321896
2019-11-04,18.7,19.8,18.2,19.6,288496
2019-11-05,19.6,20.05,18.25,18.7,233468
2019-11-06,18.1,19.5,18.1,19.1,106392
2019-11-07,19.4,19.9,18.6,19.2,83916
2019-11-08,19.1,19.7,18.25,18.4,88826
2019-11-11,18.1,18.7,17.6,17.7,125170
2019-11-13,17.9,18.75,17.5,17.85,105668
2019-11-14,18.1,18.1,17.5,17.5,56868
2019-11-15,17.5,17.95,17.15,17.4,62540
2019-11-18,17.1,17.55,17.0,17.1,66138
2019-11-19,17.2,17.5,16.6,16.7,67252
2019-11-20,16.8,17.4,16.6,16.7,111846
2019-11-21,16.7,17.0,16.4,16.6,44032
2019-11-22,16.5,16.8,16.3,16.4,50992
2019-11-25,16.25,16.85,16.2,16.5,52584
2019-11-26,16.9,17.2,16.4,16.55,129106
2019-11-27,16.9,17.0,16.6,16.75,64858
2019-11-28,16.5,16.75,16.1,16.2,140418
2019-11-29,16.2,17.5,16.0,17.2,409800
2019-12-02,17.4,17.9,17.0,17.1,334384
2019-12-03,17.2,17.2,16.3,16.4,101828
2019-12-04,16.3,16.7,16.25,16.4,78798
2019-12-05,16.6,16.75,16.3,16.4,53506
2019-12-06,16.5,16.6,15.8,15.8,97174
2019-12-09,15.6,16.3,15.3,15.5,60932
2019-12-10,15.5,15.5,15.0,15.05,58312
2019-12-11,15.5,15.5,14.5,14.6,64724
2019-12-12,14.5,15.0,14.3,14.8,108836
2019-12-13,14.8,15.5,14.5,15.35,112040
2019-12-16,15.45,15.45,14.9,15.0,41892
2019-12-17,15.0,16.7,14.9,16.6,336118
2019-12-18,16.6,16.7,15.9,16.1,128482
2019-12-19,16.15,16.95,16.0,16.55,174238
2019-12-20,16.8,17.55,16.6,17.45,414618
2019-12-23,17.7,17.7,17.0,17.4,162224
2019-12-24,17.4,17.65,16.8,16.9,64800
2019-12-26,16.75,17.85,16.75,17.6,162222
2019-12-27,17.7,18.2,17.5,17.95,157446
2019-12-30,17.5,18.1,17.5,17.7,52202
