date,open,high,low,close,volume
2009-03-05,33.25,34.2,33.1,33.7,34982
2009-03-06,33.2,33.9,32.75,33.45,46360
2009-03-09,32.7,33.6,31.8,32.65,31046
2009-03-12,33.0,39.2,31.8,37.7,534894
2009-03-13,38.0,39.0,35.75,36.65,421788
2009-03-16,36.0,42.25,35.0,40.6,644297
2009-03-17,40.45,40.85,37.35,38.05,354769
2009-03-18,38.4,42.4,38.35,38.85,358542
2009-03-19,39.05,39.9,37.25,37.75,97965
2009-03-20,37.8,41.5,36.8,40.15,341770
2009-03-23,41.7,41.7,39.2,39.95,382648
2009-03-24,40.8,40.95,38.25,38.6,211626
2009-03-25,38.05,38.85,37.05,37.5,355928
2009-03-26,37.8,39.0,36.35,36.6,753777
2009-03-27,37.4,38.25,36.9,37.4,750255
2009-03-30,37.9,37.9,35.5,35.75,634362
2009-03-31,36.0,36.5,34.4,35.25,897715
2009-04-01,35.8,36.4,35.05,35.6,836560
2009-04-02,36.2,38.35,36.2,37.2,1802732
2009-04-06,38.25,41.7,38.2,40.65,2733748
2009-04-08,39.8,43.9,38.65,42.85,4222856
2009-04-09,43.9,48.45,41.75,45.35,6519242
2009-04-13,46.1,47.95,45.65,46.55,2311045
2009-04-15,46.95,50.1,46.0,48.75,2715676
2009-04-16,49.5,51.65,42.45,43.45,3103545
2009-04-17,45.0,47.35,43.15,44.1,1464510
2009-04-20,45.35,47.9,44.7,45.65,1422603
2009-04-21,43.65,45.35,43.25,44.65,721225
2009-04-22,44.9,45.3,39.75,40.65,1535010
2009-04-23,40.25,43.2,38.4,42.8,2336677
2009-04-24,42.5,43.9,41.5,42.65,1357950
2009-04-27,42.7,44.5,41.7,42.05,983141
2009-04-28,42.2,42.55,39.1,39.65,886960
2009-04-29,40.25,41.85,39.9,40.55,2056785
2009-05-04,42.0,43.8,41.6,43.15,1166009
2009-05-05,43.25,44.95,42.5,43.65,910331
2009-05-06,44.7,45.9,42.3,42.75,1294260
2009-05-07,43.5,44.75,43.05,44.3,615244
2009-05-08,44.0,46.9,42.9,46.45,2411294
2009-05-11,47.0,47.25,43.15,44.0,1067580
2009-05-12,43.5,43.95,41.25,43.3,678086
2009-05-13,43.8,45.0,42.5,43.0,789612
2009-05-14,42.0,43.45,41.5,43.0,476846
2009-05-15,43.6,44.0,42.1,42.55,449200
2009-05-18,47.0,49.5,47.0,48.15,10650
2009-05-19,50.3,50.3,43.9,46.55,1681790
2009-05-20,46.6,54.0,46.0,53.45,3846980
2009-05-21,53.4,58.25,53.15,54.4,4495618
2009-05-22,54.0,58.5,54.0,58.05,2860679
2009-05-25,58.5,64.0,57.7,63.2,3530508
2009-05-26,64.8,65.6,57.5,58.55,2668654
2009-05-27,62.4,63.5,60.0,62.85,1881610
2009-05-28,64.1,65.5,61.05,62.45,2660799
2009-05-29,64.8,66.4,62.5,65.55,2642291
2009-06-01,66.5,73.9,65.6,71.95,4412479
2009-06-02,74.9,85.8,74.65,77.3,7347206
2009-06-03,79.0,79.0,72.65,74.9,2285603
2009-06-04,74.0,77.8,73.15,76.2,2078702
2009-06-05,77.4,81.15,74.6,76.05,3438813
2009-06-08,76.95,77.15,67.4,68.65,1548846
2009-06-09,67.95,73.5,65.0,72.6,1690429
2009-06-10,73.8,74.5,68.65,70.55,1321826
2009-06-11,71.0,73.35,69.15,70.8,1220971
2009-06-12,72.0,72.4,66.7,67.55,981083
2009-06-15,67.2,68.0,65.05,65.4,545662
2009-06-16,64.0,68.0,63.5,66.1,695352
2009-06-17,66.5,71.0,63.55,64.55,1317323
2009-06-18,65.0,66.0,59.3,59.9,896440
2009-06-19,61.0,62.8,58.1,61.05,828834
2009-06-22,62.0,62.55,59.15,60.05,396308
2009-06-23,59.0,62.0,57.25,61.0,682769
2009-06-24,61.75,62.5,60.0,61.05,628367
2009-06-25,62.0,62.8,55.4,56.55,2383901
2009-06-26,58.0,60.75,58.0,60.1,1539803
2009-06-29,61.2,62.2,59.25,60.8,938016
2009-06-30,61.6,61.9,57.25,57.85,529976
2009-07-01,58.5,67.4,57.15,65.35,1932388
2009-07-02,66.55,66.9,62.0,63.45,1238799
2009-07-03,64.5,66.8,63.45,65.0,2219066
2009-07-06,65.75,67.15,58.3,59.25,1776558
2009-07-07,59.45,64.9,57.5,64.2,1351218
2009-07-08,63.3,64.45,60.95,62.15,1905197
2009-07-09,64.8,64.8,59.65,60.4,1413885
2009-07-10,61.0,62.0,57.05,57.8,657254
2009-07-13,56.0,57.35,53.7,54.05,529759
2009-07-14,55.0,57.95,54.5,57.15,589494
2009-07-15,58.5,62.0,57.15,61.35,968573
2009-07-16,62.5,68.0,59.5,60.1,1362160
2009-07-17,63.9,63.9,60.8,61.4,716759
2009-07-20,62.25,62.8,61.2,61.9,581679
2009-07-21,61.9,63.9,60.8,61.65,829284
2009-07-22,62.0,63.0,60.1,60.45,459145
2009-07-23,61.0,62.75,61.0,62.2,459838
2009-07-24,63.0,65.65,62.5,65.15,1579473
2009-07-27,66.05,68.55,65.5,67.5,1861876
2009-07-28,68.3,72.0,68.2,69.45,2726784
2009-07-29,68.5,71.85,65.0,71.0,2253514
2009-07-30,70.7,75.9,69.8,75.05,3415056
2009-07-31,76.4,76.45,72.1,73.1,2105776
2009-08-03,73.85,76.85,72.9,75.7,2420932
2009-08-04,73.25,78.3,73.25,75.7,2614553
2009-08-05,76.4,79.2,75.4,77.6,3317034
2009-08-06,78.0,79.9,69.25,72.0,2677645
2009-08-07,69.1,73.2,69.1,70.0,1412410
2009-08-10,72.6,73.1,65.3,66.35,1125495
2009-08-11,65.5,67.95,65.5,67.0,711470
2009-08-12,65.5,69.3,64.3,68.4,1106310
2009-08-13,69.5,71.4,69.0,70.85,930534
2009-08-14,71.0,72.4,70.2,70.8,831143
2009-08-17,69.9,71.95,67.05,67.75,679057
2009-08-18,69.4,69.9,66.55,69.05,397568
2009-08-19,69.7,70.8,66.55,67.25,468139
2009-08-20,69.25,69.25,66.75,67.35,335673
2009-08-21,68.2,69.8,66.8,69.25,461934
2009-08-24,70.9,71.25,69.65,70.4,406526
2009-08-25,68.6,71.05,68.6,70.3,388232
2009-08-26,68.0,73.75,68.0,72.45,887416
2009-08-27,73.1,74.85,72.2,73.95,827485
2009-08-28,75.2,75.2,71.25,73.25,422864
2009-08-31,72.0,73.65,71.25,72.3,347719
2009-09-01,74.8,74.8,71.55,72.3,569447
2009-09-02,72.5,72.8,71.3,72.4,215609
2009-09-03,73.25,77.0,72.2,75.95,1155285
2009-09-04,77.0,81.7,75.75,80.4,3555304
2009-09-07,81.6,83.3,80.2,81.45,1432358
2009-09-08,82.9,83.4,79.25,80.7,868051
2009-09-09,81.45,88.3,80.15,87.55,3314157
2009-09-10,89.8,89.8,83.1,83.75,1972072
2009-09-11,84.45,85.3,80.6,81.35,1128584
2009-09-14,80.0,81.7,78.0,79.25,834839
2009-09-15,79.0,83.8,78.0,81.9,928033
2009-09-16,82.5,85.4,81.15,84.45,1558715
2009-09-17,85.0,85.75,82.1,82.75,774098
2009-09-18,80.15,95.8,80.15,92.95,7773258
2009-09-22,93.4,98.75,90.5,95.15,5817267
2009-09-23,95.4,97.3,92.5,93.45,3029010
2009-09-24,94.1,95.9,91.7,93.05,1840401
2009-09-25,92.4,103.75,91.15,102.55,8779971
2009-09-29,103.85,106.7,100.0,103.3,4781625
2009-09-30,102.9,112.8,101.7,110.4,5265978
2009-10-01,111.65,112.9,106.2,111.1,3746629
2009-10-05,109.25,110.8,102.0,103.65,1709380
2009-10-06,104.65,109.8,104.65,105.95,3487764
2009-10-07,107.1,109.1,103.55,104.55,1668447
2009-10-08,106.5,107.95,103.55,105.0,1237766
2009-10-09,103.3,109.1,102.7,104.2,1781452
2009-10-12,104.95,108.5,104.0,107.85,1503272
2009-10-14,109.1,115.0,108.5,112.95,2612603
2009-10-15,114.4,128.8,112.1,126.15,7541966
2009-10-16,127.7,127.9,120.0,120.9,2563523
2009-10-17,121.65,133.3,121.5,130.75,3463807
2009-10-20,131.0,132.4,125.9,127.65,2564696
2009-10-21,128.0,133.7,123.5,125.4,2183158
2009-10-22,125.0,125.9,114.8,116.75,1559246
2009-10-23,124.0,124.0,116.0,117.05,1619016
2009-10-26,116.75,118.55,111.55,114.75,1689271
2009-10-27,115.0,115.0,102.5,105.75,1330384
2009-10-28,107.75,110.4,103.0,108.95,1392885
2009-10-29,105.0,114.1,104.0,111.25,2112328
2009-10-30,113.1,117.35,102.0,106.0,2215838
2009-11-03,104.8,109.3,98.15,99.55,1606058
2009-11-04,100.15,106.45,100.05,105.4,1326964
2009-11-05,105.5,106.4,102.25,104.65,931700
2009-11-06,105.95,110.25,105.2,106.75,1445509
2009-11-09,117.3,117.3,106.2,107.8,718186
2009-11-10,109.4,112.8,107.0,107.7,1673971
2009-11-11,108.8,114.4,107.05,113.55,1690683
2009-11-12,115.9,116.7,109.1,110.75,1708466
2009-11-13,112.0,112.0,108.0,108.4,566962
2009-11-16,109.6,114.35,109.25,110.95,921947
2009-11-17,111.8,111.8,107.8,109.05,552957
2009-11-18,109.75,111.9,108.1,110.2,622961
2009-11-19,111.8,111.8,106.7,107.45,522857
2009-11-20,107.9,109.1,105.0,106.85,530270
2009-11-23,108.2,111.9,108.0,110.65,950407
2009-11-24,112.0,117.85,110.8,116.2,2346493
2009-11-25,116.7,119.0,113.35,114.0,1607711
2009-11-26,113.9,118.4,112.65,113.65,1106539
2009-11-27,111.8,111.9,106.3,109.0,972435
2009-11-30,110.1,116.1,110.1,113.65,1580715
2009-12-01,114.75,116.85,114.25,116.0,912534
2009-12-02,117.5,122.0,115.7,119.25,2810835
2009-12-03,120.0,123.0,118.05,119.2,1433835
2009-12-04,118.0,120.2,116.05,117.15,686060
2009-12-07,119.35,119.35,114.3,115.1,670002
2009-12-08,115.45,118.2,114.5,117.55,630806
2009-12-09,116.75,117.55,111.85,113.5,874470
2009-12-10,114.0,116.4,113.5,114.8,551536
2009-12-11,115.05,116.5,113.5,114.45,552857
2009-12-14,115.0,115.0,109.55,110.4,606893
2009-12-15,112.95,112.95,103.55,104.35,962680
2009-12-16,105.5,113.7,104.35,112.5,1916985
2009-12-17,112.0,116.45,109.15,115.3,1488936
2009-12-18,115.0,119.0,113.3,118.1,1581443
2009-12-21,118.75,120.5,115.65,116.5,1434294
2009-12-22,117.65,119.3,116.0,117.2,883569
2009-12-23,118.4,120.95,117.25,120.4,1236422
2009-12-24,121.0,126.7,121.0,124.95,2872650
2009-12-29,126.35,132.3,126.35,130.25,3398543
2009-12-30,132.8,136.2,131.0,134.45,3327738
2009-12-31,136.05,136.5,131.5,132.3,1215809
2010-01-04,133.0,146.3,131.1,144.9,4788203
2010-01-05,146.5,146.9,140.15,144.6,2132229
2010-01-06,145.5,151.7,141.3,149.6,2716265
2010-01-07,146.2,153.9,146.2,152.55,2042038
2010-01-08,152.55,154.0,147.95,150.4,1028221
2010-01-11,151.1,154.45,149.1,151.6,1406484
2010-01-12,152.0,154.3,148.5,151.35,1576344
2010-01-13,151.9,158.0,149.65,157.55,1821137
2010-01-14,159.7,159.7,156.0,158.4,1343450
2010-01-15,154.15,159.0,144.25,149.1,2285015
2010-01-18,149.0,149.0,140.55,142.2,1186757
2010-01-19,148.0,148.0,142.2,143.7,884988
2010-01-20,145.4,147.0,140.25,141.75,722532
2010-01-21,142.0,142.0,132.1,133.7,751628
2010-01-22,131.4,137.35,127.4,134.55,1112003
2010-01-25,133.0,133.8,124.4,126.05,537219
2010-01-27,121.6,134.0,120.0,121.7,1584742
2010-01-28,123.5,126.0,120.3,123.35,641859
2010-01-29,122.0,125.4,118.0,123.85,618807
2010-02-01,123.6,128.75,120.7,121.65,826029
2010-02-02,122.9,125.5,121.25,122.3,558650
2010-02-03,123.75,128.5,123.55,126.35,1234087
2010-02-04,126.0,126.0,121.5,122.35,390336
2010-02-05,119.1,120.8,115.0,118.75,561992
2010-02-06,118.5,120.9,118.5,120.35,88802
2010-02-08,120.0,124.5,117.7,119.4,657010
2010-02-09,119.4,122.45,118.35,120.25,560090
2010-02-10,122.6,124.4,120.8,122.4,539349
2010-02-11,123.5,125.5,122.4,124.75,442453
2010-02-15,128.0,129.0,122.0,122.85,662102
2010-02-16,124.0,124.4,121.0,122.8,254120
2010-02-17,124.2,133.4,123.2,131.0,2674972
2010-02-18,132.0,133.65,128.5,132.25,889503
2010-02-19,129.2,130.2,123.6,126.0,648959
2010-02-22,128.95,129.75,123.6,124.75,347548
2010-02-23,124.0,124.85,121.0,122.55,288877
2010-02-24,122.55,128.35,122.55,126.75,523080
2010-02-25,129.0,130.0,126.65,127.7,503805
2010-02-26,127.6,131.3,125.25,129.9,558802
2010-03-02,130.2,139.4,129.65,138.55,1816212
2010-03-03,139.9,141.95,138.1,139.2,1096546
2010-03-04,138.0,142.4,136.1,140.85,585554
2010-03-05,141.95,150.75,139.35,148.8,2419503
2010-03-08,145.3,151.4,145.0,147.1,727296
2010-03-09,149.0,159.45,143.4,157.5,2986911
2010-03-10,158.5,161.4,154.0,155.1,2726436
2010-03-11,155.9,157.5,150.5,151.65,600274
2010-03-12,152.0,158.3,152.0,156.95,1079035
2010-03-15,156.25,156.9,151.35,154.65,475140
2010-03-16,155.15,159.5,152.8,158.5,901195
2010-03-17,160.6,160.6,152.65,154.15,629776
2010-03-18,154.3,155.45,148.25,149.5,538235
2010-03-19,149.5,153.4,147.0,149.45,356295
2010-03-22,147.1,153.75,145.8,152.25,652721
2010-03-23,153.3,156.55,149.5,153.35,616187
2010-03-25,153.8,155.0,151.55,152.85,251827
2010-03-26,154.0,156.45,152.2,154.45,425626
2010-03-29,153.2,155.0,147.6,149.0,340398
2010-03-30,149.0,152.4,149.0,149.65,348081
2010-03-31,149.85,150.75,146.0,149.0,296616
2010-04-01,149.15,171.9,148.5,166.1,3151476
2010-04-05,170.0,176.9,168.35,175.4,3790366
2010-04-06,176.05,176.3,163.5,164.25,1319940
2010-04-07,165.0,168.0,161.35,163.65,919915
2010-04-08,164.3,168.4,162.15,163.65,981373
2010-04-09,164.9,165.5,158.2,159.3,582140
2010-04-12,159.3,167.8,158.25,166.7,1163126
2010-04-13,166.4,166.45,160.1,161.4,562582
2010-04-15,163.0,169.5,161.4,164.1,1250643
2010-04-16,161.75,172.3,161.3,170.55,1792788
2010-04-19,169.8,169.8,162.55,165.85,1062435
2010-04-20,164.0,175.4,164.0,173.4,2168727
2010-04-21,175.0,179.35,173.6,176.0,1085612
2010-04-22,176.0,178.9,173.4,174.55,933808
2010-04-23,176.65,183.9,176.65,180.35,3561695
2010-04-26,182.1,183.4,177.05,178.15,647675
2010-04-27,178.1,178.5,172.6,174.05,400337
2010-04-28,172.5,178.25,166.15,172.65,1010627
2010-04-29,174.7,178.35,173.05,177.4,692215
2010-04-30,178.6,181.75,177.05,179.45,617886
2010-05-03,180.0,180.5,175.25,177.1,425521
2010-05-04,178.5,186.6,177.0,178.75,1612933
2010-05-05,176.5,176.9,171.0,175.75,633457
2010-05-06,175.0,187.35,174.0,186.15,2216328
2010-05-07,183.0,183.9,172.2,173.8,747683
2010-05-10,176.0,182.4,176.0,181.6,531721
2010-05-11,181.0,188.4,179.05,184.7,1216650
2010-05-12,182.0,193.4,182.0,192.25,2080161
2010-05-13,190.1,196.35,190.1,195.25,956702
2010-05-14,193.6,194.9,186.05,189.8,577962
2010-05-17,183.6,191.95,180.75,189.95,499437
2010-05-18,190.0,191.45,182.4,183.95,514844
2010-05-19,173.15,184.0,173.15,176.75,437427
2010-05-20,174.0,181.7,174.0,176.0,229756
2010-05-21,171.0,173.75,168.65,170.75,304926
2010-05-24,171.0,178.0,170.5,171.3,218377
2010-05-25,171.0,171.0,160.55,162.05,303114
2010-05-26,164.9,174.5,163.15,171.55,334755
2010-05-27,173.0,179.0,172.25,178.15,550830
2010-05-28,180.0,184.5,179.3,183.35,331822
2010-05-31,185.0,185.0,177.05,178.15,241515
2010-06-01,175.0,183.6,175.0,177.75,378179
2010-06-02,178.0,181.35,172.1,179.05,128295
2010-06-03,181.1,187.9,180.55,182.1,993597
2010-06-04,182.95,188.6,181.0,187.45,731858
2010-06-07,184.6,188.9,180.5,182.6,351691
2010-06-08,182.0,185.9,179.8,181.15,375570
2010-06-09,181.5,185.0,181.5,184.15,234644
2010-06-10,183.2,184.95,182.5,184.25,156632
2010-06-11,185.1,192.6,185.1,190.85,1101698
2010-06-14,192.15,197.4,192.0,196.0,659827
2010-06-15,196.0,202.0,191.7,200.2,600369
2010-06-16,196.0,203.35,193.5,194.9,611418
2010-06-17,192.0,198.5,192.0,196.0,391153
2010-06-18,196.0,200.9,193.6,198.45,458544
2010-06-21,199.0,204.9,198.6,203.55,711845
2010-06-22,201.8,206.75,200.6,202.6,357838
2010-06-23,191.15,202.75,191.15,196.75,253805
2010-06-24,195.0,202.45,195.0,198.25,311201
2010-06-25,198.95,198.95,192.8,193.25,175336
2010-06-28,194.5,195.25,192.3,194.65,147254
2010-06-29,192.5,195.0,186.5,189.65,234000
2010-06-30,187.15,193.7,187.15,191.8,490908
2010-07-01,191.35,195.3,189.55,194.15,286014
2010-07-02,191.15,202.0,191.15,196.55,554347
2010-07-05,195.55,196.5,190.2,191.7,386860
2010-07-06,193.0,196.0,192.8,194.0,264966
2010-07-07,193.5,195.0,192.3,193.35,212339
2010-07-08,198.7,201.0,194.8,199.85,422471
2010-07-09,202.5,205.9,199.25,201.05,578161
2010-07-12,197.9,205.0,197.9,201.9,271147
2010-07-13,201.75,202.5,199.2,201.8,203133
2010-07-14,203.0,205.3,200.3,201.35,374799
2010-07-15,201.0,208.0,201.0,207.15,993519
2010-07-16,208.5,210.5,205.7,209.45,1244723
2010-07-19,210.5,212.3,203.6,205.0,2017514
2010-07-20,206.0,208.25,198.2,201.05,693029
2010-07-21,202.4,206.7,201.0,203.15,528143
2010-07-22,203.75,204.6,197.5,198.9,592296
2010-07-23,200.2,201.4,197.0,198.55,516939
2010-07-26,198.55,199.9,189.9,190.7,557740
2010-07-27,191.95,194.25,188.0,191.55,344587
2010-07-28,191.95,197.25,191.95,194.25,477381
2010-07-29,195.0,197.5,191.45,196.1,239113
2010-07-30,197.2,198.0,194.55,195.7,188540
2010-08-02,196.8,197.5,194.0,196.3,242240
2010-08-03,196.6,201.5,196.5,198.35,820839
2010-08-04,198.6,199.0,194.2,197.75,992902
2010-08-05,198.8,198.8,192.5,193.45,519597
2010-08-06,194.5,195.4,192.1,193.0,307144
2010-08-09,193.95,196.7,191.9,194.85,488258
2010-08-10,195.55,196.7,192.0,192.35,183252
2010-08-11,193.5,194.9,187.65,188.75,202481
2010-08-12,180.1,190.5,180.1,189.1,303887
2010-08-13,189.1,191.3,184.4,185.3,237948
2010-08-16,184.0,187.85,182.9,184.1,177398
2010-08-17,185.25,192.75,184.0,184.8,604220
2010-08-18,186.5,187.85,182.75,184.75,380878
2010-08-19,185.1,187.5,183.0,183.4,352379
2010-08-20,183.55,185.5,181.0,181.55,345381
2010-08-23,182.0,191.4,179.55,189.6,1024146
2010-08-24,190.7,194.75,187.6,192.65,952898
2010-08-25,192.0,193.5,182.4,184.85,323331
2010-08-26,185.6,192.3,183.5,189.55,1158488
2010-08-27,190.95,200.5,190.0,196.1,2563258
2010-08-30,198.0,202.95,194.0,197.65,1593891
2010-08-31,195.8,196.85,192.1,193.55,565382
2010-09-01,195.0,196.5,191.0,195.45,852671
2010-09-02,197.9,201.9,197.7,200.15,924716
2010-09-03,201.2,217.85,200.5,215.8,3663324
2010-09-06,215.0,218.3,212.55,213.9,1266143
2010-09-07,214.85,220.75,212.5,215.25,1337343
2010-09-08,214.9,214.9,209.9,211.8,459568
2010-09-09,213.8,216.0,208.35,209.95,468082
2010-09-13,212.0,213.9,208.0,209.75,557868
2010-09-14,211.0,213.25,208.3,210.85,683923
2010-09-15,212.0,212.0,207.75,208.45,214962
2010-09-16,209.05,211.5,200.0,202.6,439760
2010-09-17,204.0,212.95,202.05,211.0,710621
2010-09-20,211.0,213.75,207.65,210.7,720700
2010-09-21,211.1,211.7,204.0,204.9,383564
2010-09-22,204.1,206.4,196.0,199.8,822766
2010-09-23,201.0,201.7,195.0,196.3,614016
2010-09-24,196.7,202.65,195.6,199.35,325702
2010-09-27,201.25,211.65,200.2,210.2,1094882
2010-09-28,212.0,216.3,207.7,214.8,1036372
2010-09-29,217.0,218.0,212.15,214.4,490304
2010-09-30,213.05,216.9,211.6,214.95,407223
2010-10-01,218.0,230.8,217.0,227.85,1569713
2010-10-04,229.7,231.4,220.4,228.3,896439
2010-10-05,230.0,236.9,225.3,231.3,831228
2010-10-06,235.0,235.0,229.0,231.0,522601
2010-10-07,231.55,231.7,218.5,220.45,330693
2010-10-08,221.5,226.0,217.0,219.85,508703
2010-10-11,221.75,226.0,215.6,223.95,285981
2010-10-12,225.0,230.9,221.5,222.4,744854
2010-10-13,224.25,226.7,220.75,222.85,416111
2010-10-14,224.5,226.2,217.7,219.7,575743
2010-10-15,221.8,221.8,215.55,216.65,225512
2010-10-18,216.0,218.5,208.6,215.85,306869
2010-10-19,217.5,217.95,210.0,211.25,345031
2010-10-20,213.0,217.5,211.2,212.1,349276
2010-10-21,212.5,215.0,212.5,213.85,242772
2010-10-22,214.9,221.9,214.9,220.3,367199
2010-10-25,222.0,229.05,218.55,225.6,686967
2010-10-26,229.9,230.4,224.0,225.35,452562
2010-10-27,226.0,237.35,223.55,224.3,830216
2010-10-28,226.0,232.0,225.0,228.75,550428
2010-10-29,230.8,230.8,214.55,220.7,565763
2010-11-01,222.95,234.0,220.75,229.7,1200778
2010-11-02,229.5,229.7,221.25,224.75,314255
2010-11-03,226.65,234.0,226.05,232.4,792484
2010-11-04,234.9,241.25,233.3,236.0,1360937
2010-11-05,238.8,239.2,236.15,237.0,85826
2010-11-08,238.0,238.2,228.0,231.35,420166
2010-11-09,232.95,236.4,231.5,233.1,451297
2010-11-10,233.5,242.7,233.5,238.95,949087
2010-11-11,242.0,245.8,236.3,238.6,783326
2010-11-12,239.2,239.7,225.0,226.3,356471
2010-11-15,227.5,234.8,224.25,233.55,437499
2010-11-16,233.05,233.9,226.0,227.95,286665
2010-11-18,226.75,228.05,216.5,218.8,517338
2010-11-19,215.6,220.7,213.05,217.7,644420
2010-11-22,220.0,227.95,219.2,227.3,443334
2010-11-23,225.1,228.4,216.5,221.75,332284
2010-11-24,220.0,224.9,212.65,215.25,464412
2010-11-25,216.0,217.85,210.15,214.5,298127
2010-11-26,212.5,217.0,198.8,206.35,285918
2010-11-29,222.0,222.0,189.3,193.9,1261584
2010-11-30,193.9,198.0,189.1,190.05,944649
2010-12-01,191.0,199.4,191.0,197.2,730710
2010-12-02,200.0,205.4,196.65,197.55,949011
2010-12-03,199.4,202.65,187.0,188.7,879325
2010-12-06,191.4,194.7,184.65,185.85,637202
2010-12-07,185.0,187.0,178.5,181.3,789987
2010-12-08,177.1,181.55,168.1,173.35,881997
2010-12-09,174.1,183.95,153.5,155.8,1200832
2010-12-10,157.2,167.8,152.15,162.5,998563
2010-12-13,167.55,171.45,162.25,167.45,1172297
2010-12-14,170.0,176.5,168.85,175.45,1018160
2010-12-15,176.4,176.4,166.0,167.6,1100419
2010-12-16,168.15,168.9,162.1,162.8,864795
2010-12-20,163.85,166.4,163.0,164.95,838003
2010-12-21,167.25,172.75,160.0,170.6,724922
2010-12-22,173.8,177.7,171.55,175.0,1179973
2010-12-23,176.6,178.0,170.3,171.0,717585
2010-12-24,171.1,171.5,167.55,170.1,528100
2010-12-27,170.95,171.95,166.25,167.75,293168
2010-12-28,169.15,169.5,163.55,166.3,637067
2010-12-29,167.8,168.65,165.25,166.65,743892
2010-12-30,167.0,171.7,166.0,170.05,1432963
2011-01-03,174.45,184.75,173.1,183.75,2638995
2011-01-04,185.2,186.2,180.0,181.45,1176854
2011-01-05,182.4,182.85,178.0,178.6,753719
2011-01-06,179.8,179.8,167.75,168.15,963977
2011-01-07,168.75,168.75,160.0,161.15,805329
2011-01-10,164.05,164.05,155.0,155.55,521363
2011-01-11,156.0,157.9,151.1,154.8,755837
2011-01-12,157.0,163.5,153.15,162.45,669957
2011-01-13,168.0,168.0,157.0,157.85,389119
2011-01-14,157.85,160.5,154.1,155.05,546894
2011-01-17,155.25,156.0,145.5,147.45,609408
2011-01-18,148.75,151.05,145.9,148.4,309848
2011-01-19,149.5,152.35,144.7,145.65,745820
2011-01-20,144.25,150.1,142.3,149.05,540965
2011-01-21,149.15,152.75,146.25,147.0,762659
2011-01-24,149.0,151.3,147.25,148.95,272620
2011-01-25,149.1,151.6,147.0,147.5,337444
2011-01-27,149.0,152.45,140.25,142.85,1110658
2011-01-28,143.5,144.6,135.1,137.2,577686
2011-01-31,138.8,138.8,130.1,131.45,726567
2011-02-01,133.9,134.6,116.05,119.15,3064260
2011-02-02,132.15,132.15,118.0,119.4,1577068
2011-02-03,120.0,124.4,118.55,121.55,1123599
2011-02-04,122.0,123.3,116.2,117.3,657588
2011-02-07,118.3,118.55,109.2,114.1,1636270
2011-02-08,114.8,115.5,109.5,110.1,568764
2011-02-09,110.1,110.25,102.5,104.65,985960
2011-02-10,102.95,106.0,94.0,100.1,2508796
2011-02-11,102.65,108.0,95.85,107.05,2588515
2011-02-14,110.4,115.75,108.0,114.15,1857925
2011-02-15,118.7,118.7,112.05,112.75,1579955
2011-02-16,114.5,117.4,112.5,113.95,1332456
2011-02-17,114.9,119.5,114.9,118.7,1392248
2011-02-18,120.05,122.7,117.5,118.45,2051168
2011-02-21,119.3,119.3,112.85,116.35,800921
2011-02-22,117.4,121.0,115.1,118.5,1766628
2011-02-23,118.3,119.5,116.55,117.1,705804
2011-02-24,117.75,117.75,111.0,112.4,924292
2011-02-25,113.1,117.45,109.0,114.2,710766
2011-02-28,115.6,119.4,112.05,113.05,1119194
2011-03-01,114.5,124.9,113.6,123.1,1380371
2011-03-03,122.0,125.7,120.2,122.4,1230527
2011-03-04,124.2,125.75,121.7,122.2,682013
2011-03-07,120.8,121.0,116.55,117.55,484331
2011-03-08,117.4,119.7,116.8,117.8,510260
2011-03-09,118.5,120.5,115.35,119.2,939374
2011-03-10,118.05,125.75,118.05,124.75,1579900
2011-03-11,123.0,129.7,122.5,128.6,3666955
2011-03-14,129.6,136.5,129.55,135.45,2202408
2011-03-15,131.4,133.15,128.25,129.45,1376609
2011-03-16,130.05,137.4,130.05,134.95,1572330
2011-03-17,133.8,136.75,132.25,134.5,980799
2011-03-18,135.25,136.9,133.3,134.15,840122
2011-03-21,135.05,143.75,134.5,142.5,3202252
2011-03-22,143.0,145.85,142.55,143.05,1350326
2011-03-23,143.65,143.65,137.7,138.95,595683
2011-03-24,140.2,142.45,137.5,138.2,748886
2011-03-25,140.4,141.35,136.8,137.85,466943
2011-03-28,138.8,142.25,137.5,140.05,680420
2011-03-29,140.05,141.65,137.5,137.85,296923
2011-03-30,138.4,143.9,138.2,141.75,1327859
2011-03-31,142.95,145.2,139.05,141.65,947460
2011-04-01,143.0,146.7,141.8,145.25,613349
2011-04-04,146.9,148.2,142.5,144.55,784322
2011-04-05,145.3,147.0,142.65,145.95,520921
2011-04-06,146.75,149.0,144.0,145.1,523498
2011-04-07,145.9,147.5,143.6,145.25,450703
2011-04-08,147.9,147.9,141.55,142.0,368894
2011-04-11,142.75,142.75,136.1,136.85,483647
2011-04-13,136.25,141.0,135.25,139.1,758831
2011-04-15,139.05,140.5,137.0,137.6,306944
2011-04-18,138.05,138.9,132.85,133.7,404889
2011-04-19,132.9,135.45,130.55,131.5,460165
2011-04-20,134.15,140.0,132.6,136.95,843392
2011-04-21,139.4,139.45,135.0,135.55,500033
2011-04-25,136.75,138.4,136.0,136.9,308409
2011-04-26,137.85,143.5,134.75,142.15,987450
2011-04-27,144.0,144.0,139.3,140.15,541741
2011-04-28,140.1,141.45,134.3,135.65,832552
2011-04-29,136.2,139.1,135.3,137.1,476581
2011-05-02,138.5,140.4,134.55,139.25,531943
2011-05-03,138.0,140.4,126.7,128.65,2306796
2011-05-04,128.4,130.35,124.1,126.7,1246000
2011-05-05,127.4,132.8,127.15,130.5,913335
2011-05-06,131.85,134.5,131.1,132.55,598738
2011-05-09,130.2,134.6,130.2,132.7,440259
2011-05-10,135.0,135.0,131.75,133.2,387016
2011-05-11,134.6,134.6,130.4,132.05,422623
2011-05-12,131.95,132.05,125.05,125.55,467852
2011-05-13,125.65,130.3,123.0,128.45,894950
2011-05-16,128.0,128.0,125.0,125.4,252789
2011-05-17,123.8,127.5,123.65,125.0,244335
2011-05-18,126.4,127.75,123.45,126.0,268470
2011-05-19,126.3,126.85,123.6,124.45,162628
2011-05-20,124.65,127.85,124.65,126.05,423906
2011-05-23,125.9,126.9,123.0,123.3,238855
2011-05-24,123.3,124.25,121.15,121.9,186934
2011-05-25,124.15,124.15,118.75,119.3,422106
2011-05-26,120.1,121.3,116.65,117.25,404299
2011-05-27,118.1,123.4,117.25,122.6,594492
2011-05-30,122.75,125.9,122.75,124.9,308461
2011-05-31,125.7,134.5,124.95,133.55,1247367
2011-06-01,134.75,134.85,131.4,132.0,585341
2011-06-02,128.5,131.35,128.0,128.95,429774
2011-06-03,129.65,131.95,124.8,125.35,483186
2011-06-06,125.35,126.35,122.2,124.35,441135
2011-06-07,124.1,129.45,121.5,128.9,943548
2011-06-08,126.8,128.8,125.0,125.45,630280
2011-06-09,125.0,126.05,122.1,122.9,772803
2011-06-10,123.0,123.2,119.2,119.65,1179713
2011-06-13,119.0,120.0,116.45,117.45,1416898
2011-06-14,119.6,119.6,114.75,115.3,1057103
2011-06-15,115.3,117.3,113.5,115.8,1500383
2011-06-16,114.1,115.9,113.2,113.85,690875
2011-06-17,114.6,115.3,110.5,110.85,1086787
2011-06-20,110.55,111.8,97.9,102.3,1243940
2011-06-21,103.1,105.6,101.35,102.95,1163074
2011-06-22,103.6,104.95,101.05,102.05,706629
2011-06-23,102.05,103.85,100.3,103.2,923425
2011-06-24,104.2,109.25,104.0,108.75,1383199
2011-06-27,108.0,113.4,106.0,112.8,1322169
2011-06-28,113.0,114.5,112.0,113.25,685819
2011-06-29,113.8,115.2,113.45,114.6,594604
2011-06-30,115.3,115.55,112.05,113.0,831397
2011-07-01,114.2,116.3,113.6,115.35,590040
2011-07-04,115.9,116.9,114.85,115.75,459951
2011-07-05,120.0,120.0,114.75,114.95,1754123
2011-07-06,114.95,115.4,112.5,112.85,823967
2011-07-07,113.45,114.95,111.6,113.4,1307845
2011-07-08,114.2,114.45,111.0,111.45,690409
2011-07-11,112.3,112.3,109.0,109.3,586858
2011-07-12,108.25,108.55,105.1,106.95,608552
2011-07-13,108.3,109.45,105.5,107.75,1276853
2011-07-14,106.7,108.75,106.0,106.7,1575305
2011-07-15,107.2,107.75,105.4,105.65,694758
2011-07-18,105.7,106.5,102.8,103.35,1615420
2011-07-19,103.1,108.8,102.6,108.45,2430845
2011-07-20,109.4,109.5,105.0,105.25,1201134
2011-07-21,105.85,106.8,103.6,104.85,650195
2011-07-22,105.7,107.8,105.35,106.85,685396
2011-07-25,106.1,109.4,104.75,108.0,1674535
2011-07-26,108.2,108.7,103.6,104.1,1004216
2011-07-27,104.2,104.5,100.6,100.9,1779588
2011-07-28,100.0,101.5,99.1,99.7,1309620
2011-07-29,99.7,101.1,98.25,98.55,903706
2011-08-01,99.5,100.6,96.15,96.5,905814
2011-08-02,97.0,97.0,94.1,94.9,1085707
2011-08-03,96.0,96.0,92.1,93.45,823395
2011-08-04,93.9,96.7,92.35,93.2,959513
2011-08-05,90.0,92.2,86.55,88.1,1277736
2011-08-08,83.25,86.9,81.95,84.4,1676288
2011-08-09,80.5,83.5,77.85,78.4,1913154
2011-08-10,81.0,82.0,80.05,80.7,1575959
2011-08-11,79.65,80.65,75.55,76.0,2870677
2011-08-12,77.0,77.4,73.25,73.45,1280872
2011-08-16,74.9,75.0,65.3,66.5,2185869
2011-08-17,66.05,69.7,65.25,68.4,2843369
2011-08-18,69.0,70.9,64.5,65.6,2471588
2011-08-19,63.0,69.95,62.85,68.65,1847166
2011-08-22,68.6,72.25,68.25,71.6,2181292
2011-08-23,72.1,72.5,69.5,70.25,1204515
2011-08-24,70.5,73.25,69.9,70.65,1377207
2011-08-25,70.8,71.4,67.65,68.65,1563221
2011-08-26,68.9,69.7,63.5,64.85,1486935
2011-08-29,66.25,69.1,66.1,68.8,999841
2011-08-30,69.5,70.9,67.7,69.05,1000479
2011-09-02,70.05,70.5,66.6,67.85,1462286
2011-09-05,67.85,68.9,66.6,67.3,1234179
2011-09-06,67.9,73.8,66.25,72.45,2472295
2011-09-07,73.1,75.6,72.65,73.65,2249434
2011-09-08,74.0,75.4,73.25,74.35,1067428
2011-09-09,75.0,76.3,71.25,71.75,1520773
2011-09-12,71.5,72.0,69.45,70.45,951151
2011-09-13,70.5,72.7,69.7,70.15,986575
2011-09-14,70.4,72.65,70.05,71.9,1000878
2011-09-15,72.5,73.6,71.6,73.0,798941
2011-09-16,73.1,73.9,71.4,72.25,729526
2011-09-19,72.5,73.95,71.3,72.2,617497
2011-09-20,72.65,77.75,72.35,77.35,3757245
2011-09-21,77.75,78.6,76.55,77.0,1851433
2011-09-22,76.0,76.4,71.7,72.0,1385089
2011-09-23,70.0,73.85,68.35,72.15,1787142
2011-09-26,72.15,73.65,70.05,73.05,1146561
2011-09-27,74.1,75.7,72.5,74.85,1154039
2011-09-28,75.0,77.5,74.2,75.5,1688673
2011-09-29,74.95,75.95,73.0,74.55,2011468
2011-09-30,74.2,75.2,70.3,70.75,2041888
2011-10-03,69.85,72.9,69.05,71.3,1426669
2011-10-04,71.2,73.4,69.5,71.2,1554074
2011-10-05,72.15,72.7,69.75,69.95,1114862
2011-10-07,70.5,72.8,70.35,71.0,1320509
2011-10-10,71.6,73.3,70.4,72.65,933225
2011-10-11,73.8,74.7,72.15,72.85,1208266
2011-10-12,73.05,74.7,72.25,74.4,1187648
2011-10-13,75.0,78.7,74.25,77.9,3542797
2011-10-14,78.7,80.7,78.55,79.85,3400512
2011-10-17,80.15,81.7,79.15,79.95,1803410
2011-10-18,79.4,79.4,77.1,78.15,901590
2011-10-19,78.3,80.7,78.3,79.9,925355
2011-10-20,79.5,79.5,77.1,78.5,1231637
2011-10-21,78.6,81.2,78.4,79.5,1338848
2011-10-24,80.2,82.8,80.2,81.35,1782872
2011-10-25,81.35,83.7,81.25,83.35,2322503
2011-10-26,84.0,84.4,83.5,83.95,591505
2011-10-28,85.8,86.95,84.9,85.7,2331205
2011-10-31,85.45,86.5,84.5,85.25,815544
2011-11-01,85.9,86.35,84.25,85.15,1181244
2011-11-02,84.9,90.2,84.3,89.1,3635019
2011-11-03,89.9,91.0,87.7,89.05,1573845
2011-11-04,90.45,92.2,89.5,90.25,1984366
2011-11-08,91.1,91.65,89.65,90.2,1147812
2011-11-09,91.05,92.45,86.15,87.4,2359642
2011-11-11,87.2,87.6,82.7,84.8,1154878
2011-11-14,87.4,87.4,78.65,79.9,1196087
2011-11-15,79.85,80.8,76.55,77.65,1126425
2011-11-16,77.45,78.8,74.55,77.4,938375
2011-11-17,77.0,79.65,76.1,76.65,958775
2011-11-18,76.65,76.85,74.75,76.25,812762
2011-11-21,75.8,79.7,75.15,76.55,1214686
2011-11-22,77.5,78.9,76.25,77.35,1008865
2011-11-23,76.9,80.15,75.8,77.15,1954461
2011-11-24,77.2,80.75,76.4,80.0,1138647
2011-11-25,79.15,82.6,77.0,77.75,1210079
2011-11-28,79.35,79.8,76.6,77.9,1329661
2011-11-29,78.0,80.7,76.7,78.45,1521345
2011-11-30,78.45,80.9,77.05,80.15,991260
2011-12-01,79.85,83.6,79.85,80.75,1246743
2011-12-02,81.0,83.7,80.1,83.0,1049753
2011-12-05,83.0,84.5,82.55,83.5,815893
2011-12-07,82.95,84.85,82.95,83.6,782765
2011-12-08,83.75,84.15,79.05,79.5,944767
2011-12-09,78.95,78.95,76.2,77.45,888895
2011-12-12,78.0,79.9,73.9,74.6,830101
2011-12-13,74.25,75.75,73.0,74.8,606330
2011-12-14,75.2,75.6,70.6,70.9,820667
2011-12-15,70.0,70.9,67.1,68.35,1311623
2011-12-16,69.35,70.4,65.05,66.2,938780
2011-12-19,65.9,68.4,64.0,67.4,778121
2011-12-20,67.4,68.6,66.0,66.65,681207
2011-12-21,68.0,69.0,66.3,68.4,701165
2011-12-22,68.45,71.6,66.3,71.05,1418366
2011-12-23,71.55,71.95,68.3,68.6,927466
2011-12-26,69.0,70.8,68.9,69.75,495359
2011-12-27,70.25,70.9,67.9,68.65,722542
2011-12-28,68.9,70.1,67.15,68.1,862368
2011-12-29,68.15,69.2,66.6,67.3,1083511
2011-12-30,68.0,68.75,65.25,66.1,620990
2012-01-02,66.8,67.6,66.1,67.1,482469
2012-01-03,67.3,69.95,67.3,69.35,1062035
2012-01-04,69.15,70.3,67.65,68.0,1180419
2012-01-05,68.15,69.6,66.25,66.65,1085324
2012-01-06,66.75,67.9,65.1,66.7,809271
2012-01-07,67.15,67.4,66.75,67.15,99516
2012-01-09,67.15,68.65,65.65,67.85,1121495
2012-01-10,68.5,71.1,68.5,70.55,1621942
2012-01-11,70.6,73.9,70.25,73.25,2172122
2012-01-12,73.95,74.6,71.6,73.3,1323647
2012-01-13,73.75,77.4,73.6,76.35,1956884
2012-01-16,76.35,76.7,74.1,75.55,1318960
2012-01-17,76.0,79.25,76.0,78.3,1793461
2012-01-18,78.3,78.5,75.15,76.0,1696372
2012-01-19,76.4,77.7,75.55,76.35,1070302
2012-01-20,76.7,79.2,75.3,76.6,1687960
2012-01-23,75.15,79.0,75.15,77.25,1415009
2012-01-24,76.8,80.1,76.1,78.65,2161524
2012-01-25,79.2,85.5,78.8,85.1,5008320
2012-01-27,86.1,86.15,82.05,82.7,3007316
2012-01-30,82.6,82.8,77.1,78.2,1474742
2012-01-31,79.45,82.2,77.15,81.35,3402188
2012-02-01,81.5,82.6,80.1,81.55,2369517
2012-02-02,82.25,82.85,78.25,78.75,3041560
2012-02-03,78.0,80.75,76.8,78.1,4759884
2012-02-06,78.7,82.75,78.45,81.6,6130265
2012-02-07,82.0,84.8,80.7,81.8,6528124
2012-02-08,82.0,83.7,80.35,82.05,2788428
2012-02-09,82.1,85.35,81.5,84.65,3726158
2012-02-10,84.9,87.8,83.15,85.4,4803964
2012-02-13,85.0,87.1,83.5,85.4,3238210
2012-02-14,85.4,86.9,84.55,85.55,2236743
2012-02-15,86.5,89.5,85.55,87.7,7599639
2012-02-16,88.8,91.5,87.3,91.05,5130995
2012-02-17,92.05,93.3,87.05,87.6,5881993
2012-02-21,89.1,89.25,86.85,87.65,2326034
2012-02-22,87.4,89.25,81.35,82.3,2582632
2012-02-23,82.2,82.75,78.35,80.65,2792903
2012-02-24,81.0,82.9,78.25,79.45,1697388
2012-02-27,79.8,80.45,75.0,75.7,1730719
2012-02-28,76.0,78.95,75.6,78.1,1798463
2012-02-29,78.5,80.5,77.3,78.45,2040840
2012-03-01,77.95,79.1,75.8,77.9,2152208
2012-03-02,78.75,79.1,76.75,77.25,1211179
2012-03-03,77.75,77.75,76.9,77.15,121828
2012-03-05,77.2,77.45,74.2,74.75,1441599
2012-03-06,74.2,76.25,71.65,72.15,1637321
2012-03-07,72.15,73.05,70.5,71.85,1626659
2012-03-09,72.65,74.35,72.65,73.65,1243219
2012-03-12,74.1,75.75,73.7,75.1,1479896
2012-03-13,76.6,77.5,75.2,77.1,1569566
2012-03-14,78.25,78.4,76.0,76.45,1624088
2012-03-15,76.15,76.4,73.55,73.85,925598
2012-03-16,74.05,76.45,72.6,73.4,1593864
2012-03-19,73.9,75.0,70.95,71.45,808461
2012-03-20,71.65,72.35,70.0,71.55,1081869
2012-03-21,70.8,73.85,70.15,73.7,1312500
2012-03-22,74.4,74.9,70.3,70.9,1189703
2012-03-23,71.05,72.6,70.25,71.65,1044931
2012-03-26,72.0,72.0,69.55,69.95,807646
2012-03-27,70.5,70.9,69.0,69.35,859911
2012-03-28,69.9,70.8,68.1,68.35,1259940
2012-03-29,67.9,67.9,66.0,66.3,1831894
2012-03-30,66.7,68.9,66.6,68.6,1065659
2012-04-02,69.0,73.2,69.0,72.85,2229015
2012-04-03,73.4,74.8,73.3,74.45,1708250
2012-04-04,75.3,75.3,73.6,74.5,1584461
2012-04-09,74.0,75.25,72.5,74.05,1359412
2012-04-10,74.1,76.7,73.4,76.35,2794412
2012-04-11,76.0,76.75,74.5,75.4,1414862
2012-04-12,76.0,76.9,75.1,76.25,955360
2012-04-13,76.45,77.85,74.5,74.9,1481067
2012-04-16,74.75,75.7,74.0,75.05,792972
2012-04-17,75.65,75.65,73.6,75.1,726953
2012-04-18,75.3,78.0,74.15,76.7,2983077
2012-04-19,77.25,81.45,77.0,81.0,7739114
2012-04-20,82.0,84.1,79.25,81.4,11449543
2012-04-23,81.4,82.1,75.3,75.9,2855760
2012-04-24,76.4,77.25,75.1,76.15,1695230
2012-04-25,76.9,77.3,74.15,75.25,1316748
2012-04-26,75.4,75.7,72.7,73.25,2132162
2012-04-27,73.7,74.75,71.7,72.6,1433400
2012-04-28,72.9,73.75,72.25,73.5,185389
2012-04-30,73.6,75.15,72.7,73.75,936793
2012-05-02,75.2,75.5,73.7,74.1,1245018
2012-05-03,73.95,73.95,71.25,71.45,1033510
2012-05-04,71.2,71.65,68.6,69.8,976149
2012-05-07,70.05,71.85,68.0,71.05,1260959
2012-05-08,71.5,73.4,68.2,69.45,2018463
2012-05-09,69.0,70.3,67.5,68.25,1422382
2012-05-10,68.3,70.0,66.0,66.6,1835910
2012-05-11,66.6,68.0,65.4,67.4,1774656
2012-05-14,68.0,68.3,65.7,66.45,798135
2012-05-15,66.0,67.65,65.6,67.3,635706
2012-05-16,66.7,67.05,64.85,66.15,886129
2012-05-17,66.15,67.5,65.5,66.05,714082
2012-05-18,65.0,65.7,64.25,65.35,652361
2012-05-21,65.55,67.9,65.45,67.1,736901
2012-05-22,67.9,68.1,65.1,65.35,828128
2012-05-23,65.1,65.35,63.65,64.1,580103
2012-05-24,64.0,64.5,62.3,64.2,965022
2012-05-25,63.5,65.55,63.5,64.9,698007
2012-05-28,65.25,66.85,65.25,66.55,539760
2012-05-29,66.7,66.95,65.6,66.1,552335
2012-05-30,66.4,66.5,63.45,63.95,833506
2012-05-31,63.2,64.5,62.8,63.5,941174
2012-06-01,63.5,64.3,62.55,62.85,550285
2012-06-04,62.5,62.65,61.15,62.15,588395
2012-06-05,62.6,63.85,62.05,62.4,597691
2012-06-06,62.2,66.2,62.2,65.9,1204983
2012-06-07,66.2,66.85,64.75,66.2,983832
2012-06-08,66.25,66.25,64.3,65.6,727653
2012-06-11,69.3,69.3,64.15,65.1,1369737
2012-06-12,64.65,66.95,64.1,66.35,834208
2012-06-13,66.9,66.9,65.25,65.85,665117
2012-06-14,65.55,66.15,64.0,64.35,501945
2012-06-15,64.85,67.9,64.0,64.45,639865
2012-06-18,65.1,65.45,62.65,63.15,754713
2012-06-19,63.3,63.8,62.55,63.45,482898
2012-06-20,63.0,65.95,63.0,65.45,972006
2012-06-21,66.0,66.35,64.85,66.1,814477
2012-06-22,67.75,68.0,64.85,66.25,1632265
2012-06-25,66.6,67.65,65.6,65.9,842321
2012-06-26,65.6,66.5,65.4,65.85,523261
2012-06-27,66.4,67.8,65.9,67.15,1413891
2012-06-28,67.5,67.5,65.85,66.4,1068467
2012-06-29,67.0,69.0,67.0,68.55,2322108
2012-07-02,69.0,69.0,67.55,67.9,1256616
2012-07-03,68.25,70.25,68.25,69.3,1973074
2012-07-04,69.85,71.2,69.4,70.8,2024347
2012-07-05,71.4,71.8,70.4,71.05,1952230
2012-07-06,71.9,72.6,69.75,71.65,1833220
2012-07-09,72.4,72.4,68.6,69.3,1525753
2012-07-10,69.5,70.85,69.0,70.5,1603845
2012-07-11,70.85,71.0,69.25,69.65,1418174
2012-07-12,68.9,68.9,67.65,68.1,915547
2012-07-13,68.15,68.6,67.05,67.25,964398
2012-07-16,68.1,68.1,65.5,65.65,932513
2012-07-17,65.85,66.3,64.2,64.65,733476
2012-07-18,64.55,66.0,63.7,65.7,758150
2012-07-19,66.15,67.45,66.0,66.6,1011630
2012-07-20,66.1,67.0,65.5,65.9,651404
2012-07-23,64.6,65.2,64.25,64.7,450647
2012-07-24,64.3,65.6,64.15,64.9,435319
2012-07-25,64.3,64.6,62.55,62.8,947811
2012-07-26,62.3,62.8,57.8,58.4,2252294
2012-07-27,60.0,60.0,55.3,56.1,1656713
2012-07-30,56.5,58.65,56.35,58.25,721659
2012-07-31,58.9,58.9,56.55,58.1,695986
2012-08-01,58.05,59.6,58.0,58.65,783299
2012-08-02,58.7,59.85,58.1,59.75,999815
2012-08-03,58.9,59.45,57.5,58.5,1109805
2012-08-06,59.0,60.4,58.75,59.0,1373860
2012-08-07,60.6,64.0,60.5,62.6,4107384
2012-08-08,62.95,63.25,61.05,61.45,1203535
2012-08-09,61.9,62.35,59.45,60.8,1019884
2012-08-10,60.25,62.2,59.4,61.4,1143256
2012-08-13,61.4,62.0,60.15,61.45,868623
2012-08-14,62.0,63.2,61.15,62.5,1363952
2012-08-16,63.15,63.4,62.1,62.45,867017
2012-08-17,62.25,65.45,62.1,64.55,2383628
2012-08-21,67.0,67.9,63.95,64.9,1430768
2012-08-22,64.9,65.75,63.9,64.7,996814
2012-08-23,65.1,65.5,63.5,64.05,737083
2012-08-24,65.5,65.5,62.5,62.9,761971
2012-08-27,63.55,63.8,62.25,62.55,888008
2012-08-28,62.7,62.7,60.0,61.1,968901
2012-08-29,61.75,62.5,60.1,60.35,1188554
2012-08-30,59.9,60.75,58.6,60.45,725970
2012-08-31,60.6,61.8,59.4,61.15,1128372
2012-09-03,61.35,61.7,60.55,61.2,534030
2012-09-04,61.1,63.1,60.6,62.7,656796
2012-09-05,62.15,64.0,61.75,62.0,1033923
2012-09-06,62.25,62.6,60.8,61.0,702236
2012-09-07,61.75,62.9,61.75,62.35,594494
2012-09-08,62.35,62.85,62.1,62.7,68782
2012-09-10,62.9,63.15,61.4,61.75,659378
2012-09-11,61.4,61.6,60.5,60.85,652143
2012-09-12,61.0,61.65,60.45,60.6,824791
2012-09-13,60.65,61.2,60.1,60.4,642694
2012-09-14,61.4,62.0,60.55,60.8,1618442
2012-09-17,61.8,63.65,60.8,63.0,2377210
2012-09-18,63.1,64.7,61.8,62.7,2133229
2012-09-20,62.2,63.55,61.55,62.05,1118954
2012-09-21,62.5,64.1,62.2,63.3,2121693
2012-09-24,63.75,65.6,63.55,63.85,3033673
2012-09-25,63.95,64.7,62.55,63.05,1651874
2012-09-26,62.85,64.6,62.5,63.55,1896045
2012-09-27,63.8,64.9,62.4,62.7,3824737
2012-09-28,63.1,64.75,63.1,63.95,1058484
2012-10-01,64.4,65.15,64.0,64.6,1004310
2012-10-03,64.9,67.45,63.6,66.45,2372650
2012-10-04,67.5,68.3,66.5,66.75,2007149
2012-10-05,67.55,69.65,64.65,68.8,3667863
2012-10-08,68.2,71.0,68.2,69.4,3175356
2012-10-09,71.0,71.0,67.75,68.7,1339369
2012-10-10,68.5,68.55,66.0,66.25,949159
2012-10-11,66.0,67.65,65.4,67.25,966433
2012-10-12,67.0,68.8,66.4,67.9,1314372
2012-10-15,67.9,68.7,67.1,68.45,812815
2012-10-16,68.55,69.9,67.4,67.85,1207822
2012-10-17,68.15,68.6,67.25,67.8,519838
2012-10-18,67.9,69.25,67.45,68.55,730046
2012-10-19,69.25,69.75,67.4,67.9,973067
2012-10-22,67.3,68.15,67.2,67.45,288980
2012-10-23,67.15,69.0,67.05,67.25,408299
2012-10-25,67.2,67.85,66.25,66.95,370968
2012-10-26,66.9,67.7,65.65,65.9,604197
2012-10-29,66.15,66.7,64.25,64.45,337628
2012-10-30,64.75,65.25,62.8,62.95,402792
2012-10-31,63.2,66.2,63.0,65.8,639715
2012-11-01,66.3,66.45,64.85,65.15,351347
2012-11-02,65.7,66.65,65.1,65.65,489790
2012-11-05,65.75,65.75,64.25,64.55,312374
2012-11-06,64.3,64.75,63.75,64.0,345867
2012-11-07,64.0,65.35,63.6,64.7,446239
2012-11-08,64.35,65.45,63.75,64.9,415634
2012-11-09,64.85,65.75,64.0,64.3,359812
2012-11-12,64.7,64.85,63.05,63.35,383496
2012-11-13,63.9,64.4,63.2,64.0,128769
2012-11-15,63.1,63.95,62.8,63.4,457748
2012-11-16,63.6,65.15,62.5,62.7,582705
2012-11-19,63.2,63.2,61.25,61.4,404063
2012-11-20,61.9,62.3,60.25,60.6,476289
2012-11-21,60.85,61.25,60.25,60.65,336591
2012-11-22,61.2,61.9,60.8,60.95,468119
2012-11-23,61.2,61.7,60.8,61.2,336413
2012-11-26,61.6,62.4,61.25,62.05,725042
2012-11-27,62.5,63.8,62.25,62.4,1154695
2012-11-29,64.85,68.15,63.4,66.45,2590158
2012-11-30,66.9,67.9,66.2,66.45,1478515
2012-12-03,66.85,68.9,65.5,68.6,1754464
2012-12-04,68.55,69.8,67.55,68.05,1157649
2012-12-05,68.05,68.7,65.8,66.65,1416729
2012-12-06,66.8,67.45,65.2,66.85,1247575
2012-12-07,66.85,68.2,66.0,66.25,1068645
2012-12-10,65.65,67.4,65.65,66.8,525462
2012-12-11,67.35,68.3,66.1,66.9,864842
2012-12-12,67.15,68.0,66.5,66.75,664362
2012-12-13,67.0,67.25,65.2,65.4,638861
2012-12-14,65.6,66.25,65.1,65.8,543818
2012-12-17,66.3,66.55,65.55,66.05,727640
2012-12-18,66.45,66.9,65.6,66.5,731154
2012-12-19,66.95,67.15,66.15,66.35,491067
2012-12-20,66.7,69.65,66.2,68.4,2937756
2012-12-21,68.7,70.55,67.8,69.15,2555723
2012-12-24,69.65,72.25,69.6,71.85,2881772
2012-12-26,72.5,73.25,71.4,71.55,1809033
2012-12-27,71.95,71.95,70.2,70.3,554965
2012-12-28,70.85,73.45,70.6,73.15,1632431
2013-01-01,74.7,74.75,73.5,73.65,699148
2013-01-02,74.5,74.7,72.75,73.05,738670
2013-01-03,73.25,73.75,72.4,73.2,585792
2013-01-04,73.7,76.1,72.6,75.5,1650395
2013-01-07,76.0,76.7,75.25,75.45,854724
2013-01-08,75.8,75.85,73.85,75.0,492685
2013-01-09,74.95,76.9,74.8,75.3,986333
2013-01-10,75.6,76.0,72.5,73.2,727376
2013-01-11,73.5,74.15,71.6,72.05,567561
2013-01-14,72.05,73.0,70.65,72.5,426359
2013-01-15,72.55,74.4,72.5,73.25,478907
2013-01-16,73.45,73.5,70.85,71.3,297689
2013-01-17,71.9,72.2,70.75,71.0,271504
2013-01-18,71.45,71.7,70.25,70.5,269943
2013-01-21,72.1,72.1,70.45,70.75,321852
2013-01-22,71.05,71.75,69.2,69.75,284784
2013-01-23,70.2,70.35,67.5,68.25,328346
2013-01-24,68.25,68.25,64.15,64.75,456862
2013-01-25,65.0,66.9,64.3,66.5,282632
2013-01-28,66.85,67.7,66.5,67.05,186085
2013-01-29,67.5,67.85,65.8,66.35,251469
2013-01-30,66.7,66.9,65.05,65.4,174354
2013-01-31,65.4,68.4,65.05,67.5,598319
2013-02-01,68.2,69.4,67.8,68.8,438598
2013-02-04,68.9,69.15,66.5,66.9,319713
2013-02-05,68.0,72.0,67.65,69.7,2889192
2013-02-06,70.0,71.6,67.2,67.6,958578
2013-02-07,68.0,68.65,66.1,66.4,444011
2013-02-08,66.6,67.65,66.3,66.6,332795
2013-02-11,67.45,67.95,66.5,67.25,268844
2013-02-12,67.65,68.25,65.7,66.7,484335
2013-02-13,67.0,67.4,65.4,65.85,312330
2013-02-14,65.85,66.25,63.0,63.3,354069
2013-02-15,63.2,63.55,62.5,63.1,249961
2013-02-18,63.15,64.45,62.55,63.65,259643
2013-02-19,64.0,64.65,63.6,64.5,275260
2013-02-20,65.0,65.2,64.6,64.85,293576
2013-02-21,64.85,64.85,63.0,63.15,354330
2013-02-22,63.3,63.95,63.0,63.25,192514
2013-02-25,63.85,64.45,61.6,62.35,324063
2013-02-26,61.65,62.2,61.1,61.45,249739
2013-02-27,63.5,63.5,61.1,62.35,272235
2013-02-28,62.85,63.25,60.4,60.6,311037
2013-03-01,60.05,61.0,58.7,59.0,409605
2013-03-04,59.0,59.0,57.6,57.8,275087
2013-03-05,58.25,59.75,57.55,59.15,333098
2013-03-06,59.65,60.9,59.5,60.6,291369
2013-03-07,60.2,60.2,58.7,59.5,307763
2013-03-08,59.75,60.7,59.5,60.2,301491
2013-03-11,60.3,60.55,59.5,59.65,256281
2013-03-12,58.2,60.25,57.25,59.4,149772
2013-03-13,59.4,59.4,58.25,58.4,178840
2013-03-14,58.65,58.9,57.85,58.7,223592
2013-03-15,58.9,59.1,57.35,57.6,312113
2013-03-18,57.5,57.85,56.55,57.1,133146
2013-03-19,57.1,57.45,55.15,55.35,199689
2013-03-20,55.1,55.65,53.5,53.8,219263
2013-03-21,54.05,54.35,52.1,52.45,232380
2013-03-22,52.25,52.75,50.7,51.3,305372
2013-03-25,51.9,52.2,50.0,50.25,293925
2013-03-26,50.9,50.9,49.2,49.4,244820
2013-03-28,49.45,49.9,48.4,49.5,274205
2013-04-01,51.0,52.9,49.7,52.65,268277
2013-04-02,53.1,55.2,52.5,54.9,358677
2013-04-03,54.15,56.35,54.15,55.0,350347
2013-04-04,54.25,54.75,52.6,52.9,169056
2013-04-05,52.95,54.2,52.35,53.25,147697
2013-04-08,53.5,54.4,53.3,54.0,118126
2013-04-09,54.25,55.55,53.85,54.25,253995
2013-04-10,54.1,54.5,52.95,53.55,148300
2013-04-11,53.8,54.3,53.35,53.65,200659
2013-04-12,53.0,53.9,52.8,53.3,86149
2013-04-15,53.0,56.8,52.55,54.4,313527
2013-04-16,54.8,55.3,53.8,54.65,242392
2013-04-17,54.25,56.1,54.2,55.3,256645
2013-04-18,55.15,55.75,54.85,55.45,143356
2013-04-22,55.95,57.05,55.2,56.4,192283
2013-04-23,56.9,57.75,56.75,57.35,290103
2013-04-25,57.9,58.25,57.0,57.55,284203
2013-04-26,57.0,57.95,56.0,56.4,217459
2013-04-29,56.8,57.7,56.5,57.3,207414
2013-04-30,57.6,57.9,56.2,57.1,214341
2013-05-02,57.5,61.4,56.85,60.05,1183105
2013-05-03,60.75,62.9,60.45,61.75,1534862
2013-05-06,62.0,63.3,61.95,62.75,508248
2013-05-07,63.4,64.6,63.1,63.9,537054
2013-05-08,64.4,65.95,63.65,65.5,632535
2013-05-09,66.0,67.0,63.8,65.55,1183803
2013-05-10,66.8,67.7,65.8,66.15,1306145
2013-05-11,66.15,66.45,65.0,65.25,73244
2013-05-13,65.45,66.45,63.5,63.75,373644
2013-05-14,63.75,64.2,62.6,62.95,194229
2013-05-15,63.1,64.9,63.1,63.65,363137
2013-05-16,63.0,63.8,62.35,62.45,419210
2013-05-17,63.0,67.25,62.7,66.75,1073071
2013-05-20,67.0,68.6,65.85,66.3,894493
2013-05-21,66.7,66.9,64.25,64.65,272754
2013-05-22,64.3,65.3,63.1,63.25,270614
2013-05-23,62.75,63.4,60.15,60.5,446203
2013-05-24,61.0,61.4,59.5,59.9,342789
2013-05-27,59.5,61.0,59.25,60.65,206934
2013-05-28,60.1,65.9,60.1,65.15,1273007
2013-05-29,65.0,66.4,64.0,64.5,848043
2013-05-30,64.2,67.65,63.2,66.85,850760
2013-05-31,67.0,70.65,65.6,69.5,2656734
2013-06-03,69.25,72.85,68.55,70.05,1795285
2013-06-04,70.7,70.85,68.3,68.55,874420
2013-06-05,67.65,69.3,67.5,67.65,391487
2013-06-06,67.0,75.2,66.75,74.05,2489318
2013-06-07,73.5,75.65,72.05,72.45,1756182
2013-06-10,73.0,73.85,70.8,71.25,778944
2013-06-11,71.35,72.4,68.25,69.2,842978
2013-06-12,68.75,72.5,68.5,71.95,1071447
2013-06-13,71.4,74.35,70.3,72.05,1125793
2013-06-14,72.0,73.85,70.25,70.7,705015
2013-06-17,71.25,72.3,70.0,70.35,431804
2013-06-18,70.25,72.4,70.25,71.5,754928
2013-06-19,71.8,74.75,71.6,74.2,1245702
2013-06-20,74.0,74.0,69.15,69.8,754670
2013-06-21,68.8,71.6,68.0,68.45,635799
2013-06-24,68.25,68.6,65.55,65.9,528911
2013-06-25,65.9,69.0,65.0,67.0,605361
2013-06-26,68.0,68.7,66.6,67.05,518317
2013-06-27,68.05,71.15,68.05,70.25,798659
2013-06-28,72.0,74.3,70.35,73.6,901983
2013-07-01,74.0,77.85,72.8,76.65,1532518
2013-07-02,76.9,77.0,74.0,75.4,899782
2013-07-03,74.05,74.45,72.1,72.4,544560
2013-07-04,72.6,74.0,71.4,72.55,442446
2013-07-05,73.5,75.75,73.1,74.2,842028
2013-07-08,73.8,78.4,72.55,77.8,1306476
2013-07-09,78.95,81.95,78.1,80.5,3019048
2013-07-10,81.3,82.3,78.5,78.95,1440742
2013-07-11,80.25,81.45,79.7,80.5,996533
2013-07-12,80.7,85.8,79.1,85.0,2822647
2013-07-15,84.2,87.4,83.4,87.0,1432581
2013-07-16,85.0,86.0,83.1,84.2,1232161
2013-07-17,85.0,86.45,83.45,84.5,916294
2013-07-18,84.75,88.0,84.3,87.75,1113212
2013-07-19,88.15,88.95,86.0,87.55,1094258
2013-07-22,87.15,88.3,86.6,87.4,718138
2013-07-23,86.55,87.85,85.85,86.3,638951
2013-07-24,85.7,85.7,80.3,80.75,1086008
2013-07-25,80.1,82.0,77.85,80.45,872135
2013-07-26,80.2,83.9,80.2,81.85,824419
2013-07-29,82.5,84.3,80.1,83.45,990148
2013-07-30,83.45,84.45,79.5,81.1,660224
2013-07-31,79.45,80.8,75.55,77.05,558669
2013-08-01,78.0,80.6,75.65,78.3,709971
2013-08-02,78.5,79.1,64.0,68.2,1232407
2013-08-05,67.5,69.75,64.9,69.05,517142
2013-08-06,68.2,70.75,65.75,66.95,529505
2013-08-07,66.5,69.1,66.5,67.7,625379
2013-08-08,67.8,70.8,67.65,69.8,431206
2013-08-12,70.45,72.2,70.45,71.8,327653
2013-08-13,72.0,74.5,71.8,74.0,541461
2013-08-14,80.0,88.8,78.55,88.8,6369178
2013-08-16,92.9,95.4,88.05,88.8,5531795
2013-08-19,88.7,91.2,83.0,89.95,2352140
2013-08-20,89.4,91.6,86.75,89.8,1594278
2013-08-21,90.0,91.8,83.3,83.8,1215290
2013-08-22,84.7,89.75,80.05,89.0,1789808
2013-08-23,89.1,90.95,88.35,88.9,883125
2013-08-26,89.0,90.0,86.7,87.45,421220
2013-08-27,87.1,88.2,83.6,83.95,410317
2013-08-28,82.5,83.45,78.5,80.35,909101
2013-08-29,80.7,82.05,79.25,80.3,491522
2013-08-30,80.3,85.5,80.0,82.3,1073028
2013-09-02,82.8,84.6,80.5,81.55,1064788
2013-09-03,81.0,82.95,79.65,80.4,917460
2013-09-04,80.1,82.4,80.1,80.55,483296
2013-09-05,81.8,86.6,81.8,84.95,1343940
2013-09-06,85.7,88.5,83.9,84.75,979086
2013-09-10,85.6,87.0,84.2,84.55,972138
2013-09-11,84.9,86.9,84.3,85.05,819913
2013-09-12,85.85,86.4,82.25,83.2,519112
2013-09-13,83.15,85.0,82.85,84.2,342526
2013-09-16,86.4,86.75,83.5,84.2,548855
2013-09-17,83.25,85.25,83.25,84.5,216604
2013-09-18,84.8,86.4,83.95,84.45,515508
2013-09-19,85.05,86.7,84.55,84.75,554051
2013-09-20,85.0,86.4,83.15,83.5,422341
2013-09-23,83.05,85.0,83.0,83.85,283988
2013-09-24,83.25,84.7,83.25,83.7,174750
2013-09-25,83.0,85.35,83.0,83.45,346052
2013-09-26,83.25,84.5,82.3,82.8,283782
2013-09-27,83.1,83.55,81.65,82.1,315389
2013-09-30,81.0,86.4,81.0,84.55,898740
2013-10-01,84.7,88.95,84.55,87.35,2257354
2013-10-03,88.75,90.4,86.4,87.1,2527904
2013-10-04,87.1,89.6,86.65,87.0,1216512
2013-10-07,87.6,92.5,87.5,91.65,2328918
2013-10-08,92.65,96.8,92.35,93.2,2791236
2013-10-09,93.45,94.2,92.0,92.55,784688
2013-10-10,92.95,93.3,90.25,90.7,881051
2013-10-11,91.9,98.25,89.8,97.05,3482988
2013-10-14,97.3,100.35,95.65,96.4,2319795
2013-10-15,97.35,97.8,92.75,93.3,963137
2013-10-17,94.4,97.3,94.2,95.05,1531692
2013-10-18,95.9,97.4,93.3,93.8,1372145
2013-10-21,93.2,97.3,93.2,96.35,1774984
2013-10-22,96.95,99.45,95.6,96.75,2679365
2013-10-23,98.0,100.85,97.5,99.0,4673430
2013-10-24,98.7,101.0,95.15,95.6,4504520
2013-10-25,95.6,95.75,92.6,93.25,1411048
2013-10-28,93.35,94.4,90.45,91.0,1067537
2013-10-29,91.15,93.65,90.0,91.3,1645887
2013-10-30,92.0,94.25,91.6,92.6,998726
2013-10-31,92.0,97.6,92.0,97.0,1907520
2013-11-01,97.7,104.4,97.6,103.75,4299093
2013-11-03,104.8,112.85,104.5,109.7,4237549
2013-11-05,109.8,118.8,107.0,113.95,7393618
2013-11-06,114.45,117.75,113.7,114.55,2240118
2013-11-07,115.1,115.65,110.1,110.85,1317723
2013-11-08,110.4,116.3,108.5,114.8,2043855
2013-11-11,114.5,118.7,114.05,115.2,2444621
2013-11-12,115.8,119.8,114.6,117.75,3308544
2013-11-13,117.75,119.4,113.65,114.7,1442975
2013-11-14,115.0,118.25,113.75,115.7,1457973
2013-11-18,117.45,123.15,117.25,122.2,3493684
2013-11-19,123.1,125.6,121.6,124.9,1985352
2013-11-20,124.35,125.0,120.55,121.25,1198476
2013-11-21,120.0,123.1,118.5,120.4,1075212
2013-11-22,121.7,122.75,115.15,115.85,1420327
2013-11-25,116.8,120.25,115.5,118.8,1150971
2013-11-26,118.9,118.9,113.25,113.65,1229141
2013-11-27,114.25,118.0,112.55,117.05,1141478
2013-11-28,118.65,121.75,117.3,119.95,1494519
2013-11-29,120.25,120.7,116.4,117.25,1170271
2013-12-02,117.45,117.75,114.1,115.0,1306961
2013-12-03,114.75,117.2,112.6,113.15,1289979
2013-12-04,113.0,114.5,111.2,112.15,951516
2013-12-05,113.75,118.6,113.3,118.1,2557875
2013-12-06,119.2,129.6,117.25,127.7,6675590
2013-12-09,130.3,132.7,126.6,130.9,2834988
2013-12-10,131.6,133.25,128.3,129.85,1614945
2013-12-11,129.25,129.35,126.25,127.65,740652
2013-12-12,126.0,127.4,122.3,122.55,1064644
2013-12-13,121.75,125.8,120.1,120.75,1287551
2013-12-16,121.25,130.2,120.25,128.6,2303613
2013-12-17,131.0,134.4,130.0,131.25,2490357
2013-12-18,130.0,132.9,127.6,131.6,1141267
2013-12-19,131.6,132.7,127.3,130.85,1110214
2013-12-20,130.0,138.25,129.4,137.2,2502566
2013-12-23,137.4,141.5,136.5,139.05,1853542
2013-12-24,139.7,143.7,137.65,142.55,1865317
2013-12-26,143.0,145.2,138.7,139.75,1502791
2013-12-27,139.55,141.25,137.3,138.8,743811
2013-12-30,138.95,139.45,135.6,137.1,623376
2013-12-31,138.0,141.4,135.65,137.55,1221380
2014-01-01,137.6,139.35,136.1,137.1,837765
2014-01-02,136.75,141.0,126.5,128.2,2282795
2014-01-03,126.9,127.45,118.65,124.8,3240590
2014-01-06,126.3,127.7,122.25,124.2,1212235
2014-01-07,125.1,126.6,121.55,122.25,940330
2014-01-08,122.95,125.1,120.3,121.85,1076959
2014-01-09,122.9,124.4,118.65,119.7,1165583
2014-01-10,119.0,124.7,118.0,119.15,1361856
2014-01-13,118.5,124.35,118.5,123.1,1314928
2014-01-14,124.3,126.6,121.2,123.0,1337947
2014-01-15,122.1,123.7,120.55,121.7,661559
2014-01-16,122.6,122.9,119.2,119.65,586750
2014-01-17,119.55,120.9,113.95,115.7,625863
2014-01-20,115.0,119.9,115.0,119.0,672003
2014-01-21,119.7,122.8,116.8,122.1,1469073
2014-01-22,122.55,126.4,121.0,125.5,1541924
2014-01-23,124.6,127.85,124.1,125.15,1097763
2014-01-24,124.75,124.75,119.05,119.75,738384
2014-01-27,117.9,122.35,115.6,119.3,1379313
2014-01-28,121.9,123.9,117.0,122.55,1516367
2014-01-29,122.1,125.6,120.4,122.95,886818
2014-01-30,120.9,121.45,118.5,119.95,478147
2014-01-31,120.5,126.3,120.2,124.05,1008901
2014-02-03,124.0,127.9,122.55,125.85,1629199
2014-02-04,124.4,125.9,121.65,122.45,1097976
2014-02-05,122.9,124.5,120.85,121.7,727728
2014-02-06,120.4,121.25,116.1,116.75,1709005
2014-02-07,117.3,120.7,117.3,120.2,1055149
2014-02-10,120.9,123.0,120.25,122.0,887859
2014-02-11,122.8,123.5,119.3,120.55,477746
2014-02-12,121.4,121.4,117.8,118.4,480380
2014-02-13,117.5,118.7,112.3,112.95,1227236
2014-02-14,113.9,115.7,106.15,109.9,1441164
2014-02-17,110.55,114.9,110.3,114.15,1073306
2014-02-18,114.7,116.0,113.6,114.45,1235687
2014-02-19,113.8,117.5,113.0,116.3,960965
2014-02-20,115.0,116.9,112.35,112.8,894985
2014-02-21,111.7,117.9,111.7,116.85,1271281
2014-02-24,117.4,117.4,114.7,115.25,388611
2014-02-25,115.6,116.7,114.3,114.65,489846
2014-02-26,114.35,115.7,113.75,114.45,353669
2014-02-28,114.25,116.9,114.1,115.0,504963
2014-03-03,116.2,119.45,114.0,114.75,2039676
2014-03-04,115.3,116.1,114.0,114.7,879360
2014-03-05,115.4,119.35,114.4,118.65,1942271
2014-03-06,119.25,120.0,117.1,118.05,1085784
2014-03-07,118.75,124.7,116.8,123.4,2966419
2014-03-10,123.8,126.85,120.9,121.4,1662665
2014-03-11,121.75,123.9,120.15,121.0,1043997
2014-03-12,119.4,121.0,117.35,118.0,838646
2014-03-13,118.7,120.75,115.3,116.65,1255156
2014-03-14,115.5,117.5,115.15,116.95,479322
2014-03-18,117.9,117.95,113.1,113.55,1055039
2014-03-19,114.0,116.75,114.0,115.1,1044802
2014-03-20,114.05,115.75,113.45,113.95,632147
2014-03-21,113.25,116.0,113.25,115.4,616579
2014-03-22,115.8,117.75,115.5,116.8,489011
2014-03-24,116.0,120.3,116.0,118.3,1547325
2014-03-25,118.5,119.2,115.7,116.45,696887
2014-03-26,116.8,120.3,116.55,117.3,1428359
2014-03-27,117.4,118.0,115.55,116.0,515113
2014-03-28,116.5,117.3,114.6,114.95,851173
2014-03-31,115.5,117.7,114.9,115.25,662124
2014-04-01,115.9,121.5,115.3,120.65,2610011
2014-04-02,121.4,125.65,121.0,122.65,4622040
2014-04-03,122.0,123.35,118.5,120.05,1598549
2014-04-04,120.05,124.75,119.35,123.2,2610600
2014-04-07,124.4,125.8,121.45,122.4,1451232
2014-04-09,123.15,129.7,122.8,127.6,5318868
2014-04-10,128.5,134.5,128.5,132.45,5133573
2014-04-11,131.5,135.7,129.45,133.25,2993260
2014-04-15,134.25,134.65,128.15,129.05,1160169
2014-04-16,128.45,131.6,124.0,125.75,1050958
2014-04-17,126.7,128.25,124.75,127.05,888306
2014-04-21,127.65,132.3,127.65,130.85,1135261
2014-04-22,131.0,131.75,127.0,127.55,710698
2014-04-23,126.7,128.9,126.05,126.8,664635
2014-04-25,125.6,127.35,122.6,123.8,910836
2014-04-28,123.2,128.8,122.85,127.85,983418
2014-04-29,128.1,128.85,124.4,124.7,691038
2014-04-30,125.1,133.2,124.5,126.45,4001133
2014-05-02,127.45,129.25,120.1,121.7,1260227
2014-05-05,122.0,123.45,112.2,113.1,1681104
2014-05-06,113.0,115.35,112.5,113.9,1275487
2014-05-07,114.35,117.15,110.65,111.3,1170264
2014-05-08,112.35,113.4,102.5,105.8,2872578
2014-05-09,106.0,109.1,104.0,107.45,1903615
2014-05-12,108.0,113.9,106.05,111.6,2919038
2014-05-13,113.9,119.4,113.55,116.8,3075610
2014-05-14,117.2,120.8,116.4,119.0,1446722
2014-05-15,119.15,120.5,115.2,115.95,943877
2014-05-16,119.0,123.7,116.55,117.5,1802424
2014-05-19,118.8,125.4,118.8,124.7,2033919
2014-05-20,126.25,126.5,121.3,121.85,1615039
2014-05-21,122.0,131.0,119.0,130.2,5344604
2014-05-22,132.0,137.5,132.0,134.3,4944108
2014-05-23,135.8,137.0,127.6,129.0,2531108
2014-05-26,131.9,135.6,125.25,127.85,3197088
2014-05-27,129.3,129.3,123.05,128.2,1157709
2014-05-28,130.0,132.45,125.55,126.65,2001648
2014-05-29,122.0,124.7,120.6,122.05,2033663
2014-05-30,122.4,125.9,121.8,124.8,1741803
2014-06-02,126.5,129.3,124.6,128.05,1413659
2014-06-03,128.0,131.8,126.0,131.1,2008119
2014-06-04,132.0,132.65,129.55,130.45,1099386
2014-06-05,130.5,135.75,129.3,134.25,2695897
2014-06-06,135.2,138.9,132.45,134.0,2498999
2014-06-09,134.4,134.7,132.0,132.95,1684124
2014-06-10,132.85,133.2,128.1,129.1,1389148
2014-06-11,129.7,135.75,128.2,130.8,2377457
2014-06-12,130.5,135.0,129.6,133.8,1471510
2014-06-13,135.0,148.15,131.7,137.45,15031149
2014-06-16,137.45,143.8,136.1,142.65,4660037
2014-06-17,143.4,145.8,141.3,145.05,3054714
2014-06-18,145.95,148.8,138.25,140.95,2994774
2014-06-19,141.4,144.45,139.25,140.8,1457705
2014-06-20,140.8,141.45,134.4,135.2,1473762
2014-06-23,136.0,136.75,132.0,132.9,901593
2014-06-24,133.1,136.9,133.1,135.8,1279340
2014-06-25,135.0,139.25,134.45,137.85,1255654
2014-06-26,139.2,139.7,135.35,136.0,1232689
2014-06-27,135.5,139.8,134.55,135.9,1482738
2014-06-30,136.7,139.2,134.15,135.15,1107181
2014-07-01,135.6,138.5,135.35,136.6,1029122
2014-07-02,138.0,143.35,136.45,142.25,3605667
2014-07-03,143.3,144.2,138.5,140.45,2152722
2014-07-04,141.15,142.9,137.55,138.55,1403244
2014-07-07,138.5,140.3,137.65,138.15,813024
2014-07-08,138.4,139.0,124.25,126.2,1748413
2014-07-09,126.3,127.7,120.1,121.3,1417712
2014-07-10,121.3,127.4,117.0,122.7,1577713
2014-07-11,123.0,125.25,115.05,117.5,1230287
2014-07-14,117.5,122.0,117.5,118.7,822276
2014-07-15,120.0,122.5,119.5,121.85,697450
2014-07-16,122.1,124.8,121.8,123.15,964124
2014-07-17,123.9,126.0,122.8,123.35,1157463
2014-07-18,124.4,124.4,120.1,123.0,618298
2014-07-21,123.05,127.8,123.05,126.0,1321454
2014-07-22,127.1,128.4,125.1,126.35,961377
2014-07-23,127.0,127.0,124.0,125.3,687827
2014-07-24,125.0,128.8,124.1,127.85,1237950
2014-07-25,128.0,128.65,121.1,122.85,745550
2014-07-28,123.0,123.8,120.3,121.65,514763
2014-07-30,117.0,118.8,115.0,117.05,1006298
2014-07-31,116.3,120.05,116.3,119.0,556766
2014-08-01,118.0,119.0,113.85,114.6,817422
2014-08-04,117.0,117.5,114.95,115.75,290884
2014-08-05,115.1,117.0,114.8,116.4,574332
2014-08-06,115.5,119.0,114.4,114.95,800255
2014-08-07,116.25,117.5,113.7,113.95,758095
2014-08-08,112.95,113.0,110.05,111.1,717538
2014-08-11,111.7,113.5,108.3,109.35,627489
2014-08-12,109.5,114.4,109.5,113.35,935806
2014-08-13,112.3,113.45,108.6,109.4,668101
2014-08-14,109.4,111.65,108.55,109.85,680934
2014-08-18,110.05,115.0,110.05,114.45,791388
2014-08-19,115.0,116.5,113.8,114.35,757726
2014-08-20,114.1,117.2,114.1,114.8,773749
2014-08-21,115.1,118.2,114.55,114.9,990111
2014-08-22,115.0,115.9,112.5,112.8,499450
2014-08-25,112.8,116.85,111.7,113.15,926253
2014-08-26,112.0,113.35,111.0,112.15,490638
2014-08-27,112.2,115.5,112.2,114.15,716057
2014-08-28,114.75,116.25,113.25,113.85,685445
2014-09-01,114.1,120.0,114.0,119.05,1998559
2014-09-02,117.9,118.8,115.65,116.0,1562645
2014-09-03,120.0,122.6,118.6,120.7,3228834
2014-09-04,121.3,136.2,120.0,133.2,11130604
2014-09-05,133.5,135.8,127.3,128.3,4314744
2014-09-08,128.95,138.7,127.35,137.4,5193465
2014-09-09,137.9,141.0,135.85,137.35,3804409
2014-09-10,136.0,138.6,134.1,135.6,2335091
2014-09-11,136.8,146.7,136.0,145.3,7399961
2014-09-12,146.3,150.8,144.75,147.75,7142003
2014-09-15,145.95,158.6,142.25,154.25,9318836
2014-09-16,154.9,163.4,151.7,153.65,12504464
2014-09-17,155.3,159.85,150.1,151.85,3994909
2014-09-18,152.5,158.8,150.65,155.0,3756700
2014-09-19,155.7,165.8,154.3,164.2,8629494
2014-09-22,162.6,167.05,161.65,162.75,3119605
2014-09-23,161.6,163.5,152.1,153.3,2552259
2014-09-24,154.05,156.5,144.75,148.55,2694115
2014-09-25,149.8,150.25,139.7,141.85,1922808
2014-09-26,139.0,147.8,135.6,146.15,2887479
2014-09-29,147.0,157.6,145.9,156.1,3816442
2014-09-30,156.4,157.75,149.3,152.0,2155880
2014-10-01,151.2,153.65,148.2,149.4,1341174
2014-10-07,150.25,156.45,149.25,155.2,3275286
2014-10-08,155.4,156.0,150.6,152.55,1272830
2014-10-09,153.8,162.95,153.15,161.5,4617398
2014-10-10,160.7,166.25,156.3,160.45,4424411
2014-10-13,159.15,164.65,158.45,162.2,2048438
2014-10-14,163.0,165.5,158.7,163.15,2690816
2014-10-16,160.35,164.5,156.1,157.45,2441634
2014-10-17,159.2,159.8,154.1,157.35,1701321
2014-10-20,159.25,161.6,157.5,158.4,1482168
2014-10-21,158.55,161.2,155.7,157.5,1492535
2014-10-22,159.7,164.25,158.2,162.75,2809242
2014-10-23,164.1,167.8,163.15,166.35,2042249
2014-10-27,167.4,167.8,161.8,162.85,1779701
2014-10-28,162.05,172.0,162.05,171.25,5690730
2014-10-29,173.0,174.25,168.2,169.3,2587562
2014-10-30,169.85,172.85,168.0,170.8,1884361
2014-10-31,171.0,173.95,169.05,169.75,1998802
2014-11-03,170.7,172.2,167.25,170.35,1628712
2014-11-05,171.45,173.65,165.15,166.6,2697538
2014-11-07,156.95,158.2,151.05,154.0,3851451
2014-11-10,152.5,156.3,151.5,152.45,1375250
2014-11-11,152.1,155.9,152.1,155.15,1265268
2014-11-12,156.2,156.2,152.0,152.55,940874
2014-11-13,152.0,153.45,148.05,149.05,964386
2014-11-14,149.0,149.75,145.4,146.35,1000948
2014-11-17,146.5,150.5,145.9,148.8,1096736
2014-11-18,148.9,153.3,148.1,149.8,1499779
2014-11-19,150.1,151.25,145.0,146.45,913110
2014-11-20,145.15,147.9,144.1,146.65,945746
2014-11-21,147.4,149.35,143.05,144.35,854475
2014-11-24,144.9,145.5,142.45,142.9,687467
2014-11-25,142.6,143.75,136.1,138.1,856038
2014-11-26,137.25,141.95,137.25,138.75,1092422
2014-11-27,138.75,141.65,138.05,139.8,699756
2014-11-28,140.0,144.2,139.15,140.1,971570
2014-12-01,139.4,143.5,137.25,138.55,1626353
2014-12-02,137.5,137.5,133.2,133.85,831322
2014-12-03,133.85,135.7,133.0,133.7,1438636
2014-12-04,134.7,138.5,134.15,135.3,2179866
2014-12-05,135.4,137.35,132.8,133.35,1007266
2014-12-08,133.0,134.3,129.5,130.9,830715
2014-12-09,130.1,132.7,126.1,127.3,829748
2014-12-10,126.2,130.4,126.2,129.6,558223
2014-12-11,130.35,130.4,126.5,127.0,594165
2014-12-12,126.55,130.0,122.1,122.95,1098729
2014-12-15,122.25,123.95,119.3,120.3,813622
2014-12-16,119.1,120.05,115.25,117.6,1074943
2014-12-17,116.5,123.2,113.8,121.55,1229070
2014-12-18,124.0,126.0,123.3,124.4,641048
2014-12-19,125.1,128.0,121.65,123.15,818878
2014-12-22,123.65,126.9,123.65,126.05,851978
2014-12-23,125.6,128.7,124.15,125.05,861741
2014-12-24,125.1,127.8,125.1,126.1,552222
2014-12-26,126.25,127.25,124.8,126.2,446638
2014-12-29,126.25,130.5,126.25,129.45,1160788
2014-12-30,129.8,130.8,128.4,129.65,669209
2015-01-01,127.7,131.9,127.7,129.95,784369
2015-01-02,129.75,132.2,127.2,128.25,1003325
2015-01-05,128.4,129.75,127.1,127.9,547522
2015-01-06,126.6,126.9,121.1,121.7,548049
2015-01-07,120.25,124.5,120.15,120.75,635198
2015-01-08,122.1,128.9,122.1,126.1,1227700
2015-01-09,127.4,128.45,125.5,126.2,911965
2015-01-12,127.1,128.15,124.8,125.35,636895
2015-01-13,125.25,128.75,125.15,126.55,702417
2015-01-14,126.1,127.0,123.55,124.0,401141
2015-01-15,124.4,127.4,124.4,125.45,514068
2015-01-16,125.25,130.9,125.0,130.25,1347983
2015-01-19,131.4,133.8,130.0,132.6,1288525
2015-01-20,133.3,136.15,131.1,133.3,1164875
2015-01-21,133.0,135.4,131.25,133.2,771810
2015-01-22,133.0,133.9,129.05,129.8,822437
2015-01-23,130.95,131.35,126.6,127.15,531916
2015-01-27,127.0,139.05,127.0,137.95,2294393
2015-01-28,137.0,138.75,132.1,134.1,1247887
2015-01-29,133.75,135.0,131.6,132.95,536430
2015-01-30,133.6,134.15,128.2,129.15,641466
2015-02-02,128.05,130.8,126.1,127.7,973287
2015-02-03,128.0,129.65,125.1,125.95,373062
2015-02-04,126.35,129.1,124.6,126.65,551472
2015-02-05,126.75,130.45,125.2,126.25,667522
2015-02-06,126.2,127.2,121.6,122.1,582834
2015-02-09,120.8,121.5,112.7,114.1,1557943
2015-02-10,113.3,117.7,111.05,111.75,1021826
2015-02-11,112.2,118.65,112.2,116.5,1902462
2015-02-12,119.05,127.95,118.2,126.7,2374205
2015-02-13,127.5,131.4,123.3,124.35,1070333
2015-02-16,125.0,127.0,122.6,123.35,505531
2015-02-18,124.9,124.9,119.8,123.0,549671
2015-02-19,123.8,126.8,121.3,125.8,905215
2015-02-20,126.05,137.5,124.5,132.65,2843393
2015-02-23,133.3,135.15,130.0,130.85,1367895
2015-02-24,130.75,135.55,130.0,132.55,1121772
2015-02-25,133.05,137.8,132.5,135.85,1542965
2015-02-26,134.85,135.6,130.1,131.3,783159
2015-02-27,132.4,136.45,131.55,134.2,983288
2015-02-28,133.95,137.25,131.1,134.35,1030917
2015-03-02,135.4,137.45,132.05,136.05,1442515
2015-03-03,135.1,143.35,133.55,139.5,2537111
2015-03-04,139.9,140.9,133.8,134.4,1008137
2015-03-05,134.8,137.3,134.05,135.85,566691
2015-03-09,132.25,140.2,132.25,136.15,944434
2015-03-10,136.8,137.45,134.1,134.9,580228
2015-03-11,135.75,137.8,134.3,135.95,611197
2015-03-12,136.5,140.45,136.25,139.1,1025357
2015-03-13,140.4,145.55,137.7,140.4,3166246
2015-03-16,141.4,141.85,135.35,137.6,920225
2015-03-17,138.0,139.4,135.4,138.2,576952
2015-03-18,138.7,138.7,135.6,137.75,426180
2015-03-19,138.5,142.0,135.5,137.05,866587
2015-03-20,136.6,137.1,131.0,131.4,590917
2015-03-23,132.4,134.75,130.7,131.3,425711
2015-03-24,131.3,134.0,130.55,131.45,411525
2015-03-25,132.2,133.45,131.0,132.35,589894
2015-03-26,131.5,132.0,127.55,128.8,419191
2015-03-27,129.4,130.6,124.4,125.55,434617
2015-03-30,126.7,129.25,126.3,127.8,265132
2015-03-31,128.75,130.3,126.5,127.35,406155
2015-04-01,127.95,128.6,124.75,126.95,650074
2015-04-06,127.2,127.6,125.15,125.8,352110
2015-04-07,126.8,137.1,126.35,135.55,2074275
2015-04-08,136.8,143.0,135.65,138.95,1811574
2015-04-09,139.6,139.65,134.3,135.8,596295
2015-04-10,136.35,136.35,133.3,133.75,458206
2015-04-13,134.0,140.9,133.8,138.45,1635562
2015-04-15,138.5,139.7,134.35,135.1,525209
2015-04-16,135.45,141.8,134.0,137.7,1531908
2015-04-17,137.85,138.9,131.75,132.15,622806
2015-04-20,132.5,133.2,126.8,128.9,608868
2015-04-21,129.55,134.55,127.95,132.2,795173
2015-04-22,133.6,134.3,128.45,132.7,618399
2015-04-23,132.3,137.8,132.0,133.25,722152
2015-04-24,133.8,133.85,126.75,127.45,665012
2015-04-27,129.4,129.85,120.5,121.25,551065
2015-04-28,122.0,123.9,120.0,122.65,432764
2015-04-29,123.6,124.9,122.15,122.65,354008
2015-04-30,123.0,125.2,121.0,123.75,441488
2015-05-04,125.45,125.85,121.8,124.35,533720
2015-05-05,124.8,127.3,124.0,124.35,376443
2015-05-06,124.35,125.05,120.2,121.75,475517
2015-05-07,121.8,121.8,115.3,116.15,499436
2015-05-08,117.8,119.5,115.0,115.6,495670
2015-05-11,116.8,119.3,116.5,118.1,350839
2015-05-12,118.4,118.45,113.25,113.8,476585
2015-05-13,113.8,116.4,113.8,114.95,312890
2015-05-14,116.0,117.45,114.6,116.9,327799
2015-05-15,117.45,119.5,115.5,116.35,413834
2015-05-18,116.7,118.3,114.8,116.0,367927
2015-05-19,116.3,117.6,115.15,115.75,423365
2015-05-20,116.7,116.9,114.1,114.6,324259
2015-05-21,114.55,115.4,113.25,113.8,277951
2015-05-22,114.6,116.25,113.25,113.7,385616
2015-05-25,114.15,114.6,112.25,112.45,374241
2015-05-26,113.0,114.0,111.25,112.1,341160
2015-05-27,110.4,112.65,110.15,111.35,382591
2015-05-28,111.9,117.8,110.0,115.35,1974187
2015-05-29,114.0,114.0,110.0,111.35,749493
2015-06-01,112.35,115.5,111.7,113.45,1054954
2015-06-02,113.95,114.9,110.1,111.0,490895
2015-06-03,111.0,111.25,104.0,108.2,572247
2015-06-04,109.6,109.65,105.0,107.35,423448
2015-06-05,106.9,108.35,105.5,106.8,526235
2015-06-08,107.2,109.75,105.6,106.1,510196
2015-06-09,106.0,106.0,103.9,104.9,381419
2015-06-10,105.4,107.8,105.1,105.6,375824
2015-06-11,106.9,107.1,103.25,104.0,549763
2015-06-12,104.3,105.05,102.1,102.85,462380
2015-06-15,103.0,105.6,101.4,102.8,435238
2015-06-16,103.45,104.4,101.65,103.4,367643
2015-06-17,104.05,107.75,104.05,106.5,664623
2015-06-18,107.0,109.0,106.0,106.3,476257
2015-06-19,107.5,117.7,107.3,115.05,3616656
2015-06-22,115.75,120.95,113.35,119.65,2208545
2015-06-23,120.0,123.0,118.15,119.95,1112159
2015-06-24,120.4,124.4,118.1,119.7,1668091
2015-06-25,120.4,124.0,119.5,122.75,868845
2015-06-26,122.5,125.0,120.3,124.3,1105447
2015-06-29,120.0,120.5,117.8,118.65,860350
2015-06-30,119.0,121.65,118.2,120.2,721425
2015-07-01,120.4,129.4,119.9,124.45,2572322
2015-07-02,125.4,137.9,125.25,135.25,4120976
2015-07-03,135.95,136.6,131.65,132.45,1185583
2015-07-06,129.8,139.65,128.35,138.3,1680427
2015-07-07,139.0,140.45,135.4,137.65,998597
2015-07-08,134.9,136.6,129.55,131.9,1038395
2015-07-09,132.5,133.95,130.2,130.9,422525
2015-07-10,132.0,134.7,129.0,130.0,525383
2015-07-13,131.2,134.95,131.2,133.65,693915
2015-07-14,134.0,137.3,131.4,134.05,763059
2015-07-15,134.15,138.15,134.15,136.5,931243
2015-07-16,136.75,137.35,135.0,135.75,464764
2015-07-17,135.95,137.4,132.8,133.9,606289
2015-07-20,137.9,137.9,133.4,136.1,396374
2015-07-21,136.0,144.2,135.0,137.0,2075031
2015-07-22,136.4,142.5,135.6,140.4,976002
2015-07-23,140.4,145.7,140.0,144.4,1522400
2015-07-24,150.0,150.9,143.25,144.5,2565707
2015-07-27,144.7,147.4,140.0,144.9,1256338
2015-07-28,145.15,146.5,140.1,141.5,705265
2015-07-29,142.3,143.2,138.0,138.5,569968
2015-07-30,139.5,142.7,138.5,139.5,798487
2015-07-31,140.4,144.4,139.85,141.45,903085
2015-08-03,141.0,142.5,138.6,139.8,631864
2015-08-04,139.95,150.9,139.85,149.5,3500723
2015-08-05,150.2,154.0,147.5,151.4,2377800
2015-08-06,151.85,160.7,147.45,158.0,5235843
2015-08-07,158.0,169.2,153.0,162.5,6853324
2015-08-10,163.0,166.2,157.8,159.8,2116666
2015-08-11,159.8,160.3,153.4,155.0,879097
2015-08-12,156.0,162.3,152.5,154.65,2155711
2015-08-13,155.3,157.8,151.9,153.2,871352
2015-08-14,154.15,158.9,151.1,158.0,931839
2015-08-17,158.75,158.85,153.25,154.05,604264
2015-08-18,155.0,171.5,154.2,169.35,3897871
2015-08-19,167.45,175.8,166.1,168.2,3456645
2015-08-20,167.0,168.4,159.5,160.25,1158132
2015-08-21,155.05,168.35,154.0,166.65,2612725
2015-08-24,158.1,163.4,135.35,142.95,2999324
2015-08-25,148.0,150.25,130.7,144.85,1887823
2015-08-26,143.4,149.4,140.6,144.6,929074
2015-08-27,147.8,173.5,147.0,171.45,4448718
2015-08-28,174.5,179.7,162.3,167.2,4675731
2015-08-31,166.6,180.5,163.1,174.75,5072274
2015-09-01,172.0,174.45,161.55,164.75,2337353
2015-09-02,166.9,176.5,165.95,170.65,3299757
2015-09-03,172.0,175.0,168.65,169.95,1578011
2015-09-04,169.0,172.35,162.05,163.5,1520660
2015-09-07,164.3,166.9,156.0,156.75,950879
2015-09-08,157.9,160.9,151.25,157.5,1425925
2015-09-09,160.75,163.5,157.15,158.3,1403414
2015-09-10,155.0,158.15,152.65,156.75,889282
2015-09-11,158.3,162.5,155.1,156.25,1088580
2015-09-14,156.45,158.3,154.55,155.5,566044
2015-09-15,155.55,165.2,155.2,160.3,2785982
2015-09-16,162.9,163.9,158.05,158.65,1300106
2015-09-18,160.75,162.8,155.1,156.8,855904
2015-09-21,156.0,162.6,155.4,161.15,957399
2015-09-22,161.0,163.25,156.0,156.75,749474
2015-09-23,154.8,158.5,152.2,155.7,753101
2015-09-24,154.8,159.4,154.8,156.95,669966
2015-09-28,156.25,157.75,151.4,153.0,465347
2015-09-29,150.6,155.5,148.55,152.7,692593
2015-09-30,153.6,156.0,151.6,152.75,612220
2015-10-01,153.55,158.7,153.3,154.35,950005
2015-10-05,154.85,157.3,153.55,154.8,629727
2015-10-06,155.9,163.8,155.05,162.1,2516191
2015-10-07,163.25,165.3,159.2,160.1,1231217
2015-10-08,160.05,166.6,159.1,163.3,1764142
2015-10-09,166.0,167.8,163.0,164.0,1173348
2015-10-12,165.5,167.4,162.0,163.95,908877
2015-10-13,163.25,164.9,161.3,162.85,448114
2015-10-14,162.85,169.75,162.4,165.15,2203487
2015-10-15,166.75,169.3,164.4,166.8,1430446
2015-10-16,167.35,171.6,165.3,170.05,1907325
2015-10-19,170.85,181.7,169.75,178.9,3314968
2015-10-20,181.7,183.3,176.25,177.9,1865787
2015-10-21,178.0,187.6,176.15,186.5,3478983
2015-10-23,187.9,188.2,178.65,180.8,1519448
2015-10-26,181.45,184.35,179.25,180.2,1705608
2015-10-27,179.25,181.5,177.2,178.9,884387
2015-10-28,177.9,183.0,176.2,180.3,1331509
2015-10-29,179.9,181.7,177.2,177.8,575876
2015-10-30,178.35,183.85,173.5,176.2,2030393
2015-11-02,176.7,180.5,167.5,172.9,3290445
2015-11-03,173.9,174.5,164.5,165.95,1100664
2015-11-04,167.45,167.7,161.1,161.8,909496
2015-11-05,161.95,165.2,158.0,158.6,896363
2015-11-06,160.0,161.35,153.4,154.25,712916
2015-11-09,149.75,159.5,148.8,158.4,816239
2015-11-10,157.6,161.3,155.55,156.65,713407
2015-11-11,158.25,159.8,157.75,158.75,158163
2015-11-13,159.45,163.5,157.2,162.75,1004254
2015-11-16,161.95,162.55,158.75,160.55,473049
2015-11-17,161.5,165.5,159.85,161.8,905380
2015-11-18,162.0,163.4,158.05,159.05,436070
2015-11-19,160.4,162.5,159.7,161.5,348244
2015-11-20,161.7,164.45,160.8,162.3,473104
2015-11-23,162.55,168.4,162.55,167.65,1156894
2015-11-24,167.2,170.3,166.2,168.5,684192
2015-11-26,168.25,169.9,166.1,167.35,299641
2015-11-27,167.45,168.3,163.7,164.75,356401
2015-11-30,164.95,175.7,164.8,174.7,1820630
2015-12-01,175.1,175.65,170.55,171.65,930802
2015-12-02,172.0,172.7,165.4,167.3,590431
2015-12-03,165.75,172.7,165.55,168.45,639027
2015-12-04,166.9,168.0,163.5,164.05,429776
2015-12-07,165.7,168.0,163.2,164.45,262093
2015-12-08,164.25,165.8,158.7,159.75,303991
2015-12-09,159.7,160.0,151.5,153.4,433932
2015-12-10,153.85,157.8,153.25,156.75,342467
2015-12-11,157.1,158.85,152.0,154.05,435787
2015-12-14,152.75,155.25,150.7,152.8,463706
2015-12-15,153.6,157.2,153.0,156.45,445292
2015-12-16,157.05,159.0,154.05,154.75,468260
2015-12-17,156.15,161.45,155.4,160.35,503518
2015-12-18,160.35,164.45,158.35,159.5,667174
2015-12-21,159.8,163.3,159.5,161.45,403470
2015-12-22,162.1,163.3,159.7,160.75,371345
2015-12-23,160.75,168.0,160.75,166.65,917617
2015-12-24,167.15,170.85,165.05,169.85,884267
2015-12-28,168.85,171.9,167.1,167.85,484882
2015-12-29,168.7,172.9,166.75,171.7,867471
2015-12-30,172.5,176.4,170.3,171.15,969950
2015-12-31,170.1,173.35,170.1,171.9,323676
2016-01-01,171.9,173.0,168.4,170.2,335512
2016-01-04,168.0,168.4,161.7,165.4,640187
2016-01-05,166.0,172.9,164.2,169.7,887865
2016-01-06,169.05,173.8,165.6,167.05,638148
2016-01-07,166.0,166.2,158.1,159.05,460114
2016-01-08,160.35,163.75,160.35,162.85,260506
2016-01-11,161.5,162.5,158.05,158.7,319793
2016-01-12,158.85,161.0,155.5,156.6,285425
2016-01-13,156.75,159.3,144.0,148.85,646742
2016-01-14,146.05,148.9,140.1,145.1,371161
2016-01-15,146.4,147.7,134.0,135.15,480767
2016-01-18,136.0,139.7,127.1,128.1,561126
2016-01-19,126.8,134.0,126.8,133.35,406074
2016-01-20,132.4,132.4,124.8,127.35,346482
2016-01-21,128.6,131.9,127.2,128.75,316591
2016-01-22,131.0,134.3,129.45,132.15,370056
2016-01-25,133.6,136.7,132.5,133.2,276339
2016-01-27,134.1,135.6,131.2,133.8,258035
2016-01-28,133.8,134.25,129.9,131.3,260243
2016-01-29,132.3,135.7,130.65,135.15,429968
2016-02-01,135.85,138.2,135.75,136.55,293823
2016-02-02,136.0,137.9,128.0,132.15,903559
2016-02-03,129.2,130.2,125.8,127.25,381107
2016-02-04,130.0,130.4,121.0,122.95,294963
2016-02-05,123.5,132.75,123.5,131.8,433889
2016-02-08,131.5,135.2,128.4,130.35,435917
2016-02-09,127.8,133.4,127.8,131.3,322662
2016-02-10,130.0,130.9,126.1,127.65,369071
2016-02-11,126.55,128.8,118.8,120.8,337837
2016-02-12,118.6,120.9,112.8,117.2,397515
2016-02-15,117.85,125.85,117.85,124.6,333770
2016-02-16,125.35,126.05,118.1,119.85,235764
2016-02-17,118.5,119.45,114.0,118.15,340777
2016-02-18,119.55,122.75,117.1,118.85,240020
2016-02-19,117.15,122.3,117.15,119.7,235656
2016-02-22,120.3,122.45,119.5,121.6,157987
2016-02-23,121.95,129.7,121.95,125.4,1008099
2016-02-24,126.05,128.0,124.9,125.6,417779
2016-02-25,126.0,126.9,125.0,125.35,185422
2016-02-26,127.2,128.4,126.25,127.55,469977
2016-02-29,128.0,131.8,121.3,125.7,483355
2016-03-01,126.35,133.9,124.8,131.45,969611
2016-03-02,131.8,134.35,131.0,132.2,525338
2016-03-03,132.25,137.0,132.0,135.15,407600
2016-03-04,135.0,139.35,133.15,138.3,549822
2016-03-08,137.7,139.7,135.1,136.95,325374
2016-03-09,136.0,138.25,135.5,137.8,204196
2016-03-10,137.9,138.65,134.7,135.3,256018
2016-03-11,135.0,136.8,131.25,131.95,264522
2016-03-14,133.1,134.8,129.5,130.9,350403
2016-03-15,131.55,131.55,127.5,129.0,332398
2016-03-16,128.6,130.1,127.1,129.2,167626
2016-03-17,132.25,134.8,131.25,132.35,357749
2016-03-18,132.35,133.45,130.4,131.45,192606
2016-03-21,131.8,136.25,131.1,134.9,401204
2016-03-22,135.3,137.75,133.55,136.0,532250
2016-03-23,135.9,144.3,134.5,139.8,1035095
2016-03-28,140.5,144.05,134.75,136.2,686712
2016-03-29,137.0,140.0,136.5,137.65,369066
2016-03-30,140.5,142.85,138.7,139.95,517751
2016-03-31,139.25,141.4,137.6,139.25,269793
2016-04-01,138.15,143.8,137.7,139.4,1767055
2016-04-04,140.35,146.3,139.75,145.55,1382938
2016-04-05,144.3,144.9,140.55,142.3,576934
2016-04-06,143.05,152.45,141.3,150.3,1986143
2016-04-07,151.0,154.5,147.35,148.85,1257748
2016-04-08,149.5,154.45,149.3,153.15,690799
2016-04-11,153.0,154.4,151.15,153.15,475617
2016-04-12,155.7,171.0,155.7,169.25,5883465
2016-04-13,170.9,173.3,167.55,168.6,1954199
2016-04-18,169.5,175.35,166.4,171.15,1271748
2016-04-20,172.2,174.9,169.7,172.85,948254
2016-04-21,173.3,175.85,166.5,168.8,869436
2016-04-22,168.0,169.9,166.6,168.05,446711
2016-04-25,169.05,169.7,165.0,166.65,427774
2016-04-26,166.65,169.8,165.75,167.65,440518
2016-04-27,168.5,173.65,166.5,172.05,1008949
2016-04-28,171.9,174.35,169.15,170.4,821697
2016-04-29,170.5,171.65,166.2,169.25,484445
2016-05-02,168.85,177.35,166.95,173.55,2031675
2016-05-03,174.25,177.95,170.5,171.4,997841
2016-05-04,170.55,170.7,164.0,165.2,526508
2016-05-05,166.05,166.7,162.6,164.35,588509
2016-05-06,164.0,167.8,163.25,166.4,439481
2016-05-09,167.0,172.2,166.9,171.15,712334
2016-05-10,171.5,175.5,166.0,173.55,704540
2016-05-11,170.5,179.7,170.0,178.7,1892442
2016-05-12,177.75,180.45,174.6,177.0,1078782
2016-05-13,176.75,178.8,172.55,173.95,903714
2016-05-16,173.85,175.4,170.8,173.85,591273
2016-05-17,174.5,181.7,172.85,178.9,1979368
2016-05-18,177.95,180.9,176.2,177.0,758470
2016-05-19,176.75,179.3,171.35,172.6,633140
2016-05-20,173.0,175.5,170.1,171.6,533686
2016-05-23,173.0,173.95,166.65,167.05,582561
2016-05-24,167.95,172.45,166.5,171.25,805185
2016-05-25,173.05,179.75,170.7,173.7,2727928
2016-05-26,174.0,176.0,172.0,173.45,788164
2016-05-27,174.05,176.0,172.3,173.1,627079
2016-05-30,173.8,174.75,172.3,173.75,342610
2016-05-31,174.45,177.7,172.85,174.7,694533
2016-06-01,176.0,178.0,173.9,174.85,1170590
2016-06-02,174.95,176.0,172.5,173.8,482458
2016-06-03,174.7,175.45,170.2,170.85,473454
2016-06-06,169.2,173.9,168.2,172.95,555928
2016-06-07,173.7,174.45,170.2,171.85,373098
2016-06-08,172.7,175.5,170.5,171.9,695656
2016-06-09,172.25,173.45,170.7,171.85,330039
2016-06-10,173.1,181.0,173.1,177.2,2086414
2016-06-13,175.15,184.0,173.25,181.75,1761206
2016-06-14,183.0,185.4,176.8,180.7,1472415
2016-06-15,181.95,187.0,180.25,181.95,1244985
2016-06-16,181.5,182.9,176.1,178.7,814850
2016-06-17,179.4,180.4,173.7,176.4,647030
2016-06-20,177.4,184.5,177.4,183.3,1323659
2016-06-21,184.7,184.7,180.75,182.15,815997
2016-06-22,185.0,210.4,185.0,207.65,21562784
2016-06-23,208.05,214.0,202.9,204.35,7565731
2016-06-24,192.0,211.9,185.55,209.55,7160036
2016-06-27,210.0,222.0,208.3,218.3,6863695
2016-06-28,219.4,224.35,216.15,219.15,3687899
2016-06-29,220.4,224.2,218.85,222.3,2289761
2016-06-30,223.9,225.5,218.8,219.9,1875433
2016-07-01,221.9,228.5,218.0,223.15,4258938
2016-07-04,225.0,225.75,219.5,222.05,1834883
2016-07-05,222.1,227.75,221.4,222.8,1673335
2016-07-07,223.6,226.85,217.35,218.5,1223650
2016-07-08,219.1,221.7,214.0,219.6,1191471
2016-07-11,222.2,224.85,218.0,219.75,1043945
2016-07-12,220.85,229.65,219.5,226.35,1729354
2016-07-13,229.7,242.6,227.0,237.65,5786608
2016-07-14,240.1,245.4,238.6,240.9,2462502
2016-07-15,242.0,243.55,235.0,235.5,1017625
2016-07-18,237.45,240.5,235.0,236.15,817828
2016-07-19,237.0,240.0,235.7,238.85,696881
2016-07-20,240.6,250.4,240.5,248.5,2421482
2016-07-21,250.95,256.5,248.6,251.6,1691581
2016-07-22,251.0,253.4,246.1,248.45,902393
2016-07-25,248.8,258.45,244.1,255.35,1555858
2016-07-26,257.9,260.95,248.05,250.4,1284899
2016-07-27,252.7,256.85,247.3,253.25,1031348
2016-07-28,254.55,267.0,250.1,259.45,5786043
2016-07-29,260.65,269.7,260.5,262.5,2877199
2016-08-01,264.95,265.75,256.55,258.6,1484989
2016-08-02,260.0,272.9,259.85,268.0,2637231
2016-08-03,268.7,270.3,261.05,265.6,1079733
2016-08-04,268.0,271.15,258.1,262.5,1189169
2016-08-05,264.1,267.4,260.65,263.6,598561
2016-08-08,265.6,265.9,260.0,261.55,525289
2016-08-09,262.8,265.55,258.75,260.95,698585
2016-08-10,262.0,268.6,259.0,260.0,991642
2016-08-11,260.95,312.0,255.5,305.0,13075362
2016-08-12,304.0,311.8,295.9,299.6,6365901
2016-08-16,300.8,314.85,299.0,305.0,3969531
2016-08-17,306.3,314.3,305.2,312.15,2421199
2016-08-18,314.9,319.75,311.1,313.45,1938737
2016-08-19,314.0,315.1,304.6,305.75,1120128
2016-08-22,307.1,323.65,303.25,316.0,4251875
2016-08-23,316.4,333.4,312.1,326.85,4964057
2016-08-24,328.0,328.0,313.4,317.65,2520706
2016-08-25,319.0,332.9,317.1,329.45,4395322
2016-08-26,329.0,330.55,321.1,322.7,1431589
2016-08-29,323.2,326.25,316.7,321.15,1275052
2016-08-30,322.4,329.0,320.0,326.2,1602734
2016-08-31,328.5,334.9,323.5,325.45,2194443
2016-09-01,326.4,334.4,325.05,330.4,2629514
2016-09-02,332.4,337.2,330.6,332.5,1495485
2016-09-06,333.8,336.8,331.25,333.8,1061981
2016-09-07,335.25,343.9,335.25,337.5,1919666
2016-09-08,338.7,344.9,337.0,342.2,1188552
2016-09-09,342.95,374.7,338.2,366.7,7203999
2016-09-12,354.1,365.7,347.15,351.65,3125540
2016-09-14,350.6,358.85,348.1,352.7,1483791
2016-09-15,354.85,358.0,344.0,345.65,1245246
2016-09-16,347.85,357.0,337.55,345.05,1440088
2016-09-19,348.0,353.5,345.2,348.75,1061089
2016-09-20,351.0,373.8,350.1,366.85,5495696
2016-09-21,366.9,377.9,363.1,369.4,2788170
2016-09-22,373.4,385.9,371.8,382.7,3423748
2016-09-23,383.75,384.3,377.15,380.7,1228047
2016-09-26,378.0,380.9,370.5,375.1,1138704
2016-09-27,375.45,392.7,375.45,383.3,3672759
2016-09-28,384.0,392.4,384.0,386.75,1460179
2016-09-29,388.0,391.2,331.0,365.65,3626931
2016-09-30,365.0,378.45,362.3,375.6,1655898
2016-10-03,383.4,410.0,380.0,406.9,5599743
2016-10-04,408.0,414.4,400.8,408.7,2460624
2016-10-05,410.8,412.15,400.7,402.35,1211874
2016-10-06,404.75,407.2,387.0,389.8,1279047
2016-10-07,392.5,403.0,382.6,399.3,1609544
2016-10-10,403.0,406.8,396.05,397.95,1139672
2016-10-13,393.0,396.0,375.5,384.95,1210028
2016-10-14,388.4,391.4,381.25,386.05,671739
2016-10-17,386.0,395.7,384.05,392.05,985147
2016-10-18,394.0,394.75,386.5,389.6,638916
2016-10-19,391.05,394.0,384.3,386.5,619564
2016-10-20,388.0,394.5,385.1,387.25,817805
2016-10-21,388.5,400.8,387.1,397.25,1956844
2016-10-24,397.9,403.4,391.4,397.95,1428623
2016-10-25,397.5,399.0,393.0,395.35,502899
2016-10-26,394.6,410.5,392.25,401.4,2141745
2016-10-27,403.0,413.9,371.6,379.05,5522916
2016-10-28,382.0,386.35,368.05,375.25,1227979
2016-10-30,377.05,379.7,373.25,375.75,182203
2016-11-01,378.0,386.9,377.2,379.45,1217783
2016-11-02,373.4,390.8,370.05,372.15,3177947
2016-11-03,374.0,386.4,368.55,371.6,1826502
2016-11-04,374.0,374.7,350.0,352.0,1361991
2016-11-07,360.05,365.0,355.5,357.55,693282
2016-11-08,360.8,362.0,346.0,346.85,657710
2016-11-09,299.0,336.9,290.25,332.7,1717022
2016-11-10,342.0,358.6,340.25,353.8,1227643
2016-11-11,350.0,351.35,332.1,334.7,816555
2016-11-15,335.0,335.0,295.3,299.1,1093624
2016-11-16,307.0,314.0,299.05,301.05,987574
2016-11-17,303.0,307.95,295.0,299.1,504749
2016-11-18,303.9,308.5,294.05,301.4,936451
2016-11-21,303.65,303.65,280.0,283.35,833018
2016-11-22,285.15,300.0,270.0,291.95,1556945
2016-11-23,298.7,308.95,292.2,301.45,1508773
2016-11-24,300.0,304.3,295.2,297.55,712733
2016-11-25,300.0,312.4,296.7,309.25,1267568
2016-11-28,308.2,321.5,305.15,318.9,1674151
2016-11-29,320.0,327.95,318.0,320.3,1093476
2016-11-30,323.0,328.5,318.15,322.7,1041917
2016-12-01,324.9,326.5,315.95,318.95,757011
2016-12-02,316.0,320.3,311.1,313.55,489771
2016-12-05,314.55,322.75,312.1,320.95,726691
2016-12-06,322.9,325.9,318.1,319.7,437501
2016-12-07,321.65,326.35,315.9,319.45,585863
2016-12-08,324.9,329.6,322.0,325.6,768001
2016-12-09,326.5,331.0,325.15,326.25,590532
2016-12-12,326.05,328.0,316.6,319.75,459527
2016-12-13,320.0,325.5,317.0,319.3,1984127
2016-12-14,320.4,323.15,312.75,314.65,368067
2016-12-15,309.0,321.9,308.25,319.1,669926
2016-12-16,319.9,319.9,312.25,313.4,521532
2016-12-19,313.8,313.85,303.0,305.9,399145
2016-12-20,304.1,308.45,297.1,298.1,476623
2016-12-21,299.85,300.7,285.0,286.3,1157966
2016-12-22,282.0,294.6,282.0,287.25,953137
2016-12-23,286.1,295.25,284.45,290.2,1033836
2016-12-26,288.0,289.0,277.05,279.45,518588
2016-12-27,281.0,291.5,279.35,288.95,662807
2016-12-28,290.2,297.25,288.1,289.9,529442
2016-12-29,292.0,294.3,289.1,292.65,587860
2016-12-30,294.75,301.3,292.8,296.7,740082
2017-01-02,298.95,324.0,293.5,320.75,2996742
2017-01-03,321.5,329.25,318.75,326.65,1859220
2017-01-04,326.7,329.6,320.05,321.3,696439
2017-01-05,322.7,333.0,322.7,329.55,1123767
2017-01-06,331.15,335.0,320.0,328.25,862494
2017-01-09,329.0,329.9,322.25,324.0,441094
2017-01-10,325.7,339.1,323.1,337.1,1560848
2017-01-11,341.1,367.5,340.8,359.8,3587195
2017-01-12,360.8,362.6,350.6,356.65,951588
2017-01-13,357.25,366.3,352.0,358.8,1037527
2017-01-16,356.3,365.0,354.25,360.7,722460
2017-01-17,364.0,371.8,361.55,366.85,1314218
2017-01-18,368.0,373.65,363.25,367.4,1092129
2017-01-19,367.0,367.0,360.1,361.55,440153
2017-01-20,360.7,360.7,345.0,346.65,589563
2017-01-23,348.65,365.95,343.3,359.0,946360
2017-01-24,363.15,367.9,360.1,363.85,1242443
2017-01-25,366.25,368.45,362.45,364.15,640139
2017-01-27,365.1,374.7,362.0,371.3,1318307
2017-01-30,372.2,375.9,367.0,369.35,674434
2017-01-31,371.0,372.0,362.55,363.6,446267
2017-02-01,365.0,383.3,361.2,379.8,1970564
2017-02-02,379.7,379.9,371.6,375.05,592607
2017-02-03,372.55,386.0,372.55,380.25,1321966
2017-02-06,384.6,388.0,380.85,383.15,780934
2017-02-07,383.4,397.25,381.0,394.3,1822249
2017-02-08,395.8,396.95,385.6,389.75,792070
2017-02-09,392.8,404.25,385.1,393.15,3988702
2017-02-10,394.8,397.0,387.45,390.3,852371
2017-02-13,392.0,392.0,375.05,381.75,631353
2017-02-14,384.15,388.9,382.1,384.6,578831
2017-02-15,384.75,415.4,380.1,407.6,5729740
2017-02-16,403.85,411.7,402.4,409.85,2401487
2017-02-17,411.8,417.9,405.65,408.85,1650962
2017-02-20,407.0,415.4,405.65,411.4,785166
2017-02-21,411.95,422.4,409.0,419.7,1825599
2017-02-22,420.0,427.4,415.65,425.15,1517007
2017-02-23,423.95,427.0,418.6,420.6,801021
2017-02-27,422.3,458.7,421.0,453.85,3623164
2017-02-28,456.0,463.45,445.0,449.05,1516538
2017-03-01,450.9,467.8,445.55,461.7,1981645
2017-03-02,461.0,466.4,452.8,459.2,1756805
2017-03-03,459.05,492.7,456.95,489.2,5608979
2017-03-06,491.65,493.9,480.55,485.75,1779592
2017-03-07,487.1,504.45,487.1,494.55,3506975
2017-03-08,493.0,502.0,490.0,493.95,2043508
2017-03-09,493.1,500.0,492.1,496.15,816073
2017-03-10,500.9,517.7,500.0,509.65,3109513
2017-03-14,524.9,528.3,515.35,519.45,1221469
2017-03-15,519.0,526.0,516.0,520.2,844678
2017-03-16,523.6,524.95,517.5,518.85,614651
2017-03-17,519.95,521.9,510.0,514.35,668846
2017-03-20,516.95,527.5,515.0,520.85,1303530
2017-03-21,521.45,531.4,521.45,527.05,1103503
2017-03-22,524.4,527.0,517.65,521.75,615400
2017-03-23,527.0,535.9,525.4,531.25,1196281
2017-03-24,531.25,532.85,525.55,527.9,529161
2017-03-27,526.1,527.9,514.5,522.7,444563
2017-03-28,521.6,529.0,519.0,523.55,439214
2017-03-29,524.0,534.0,523.5,529.9,739699
2017-03-30,530.55,543.95,530.55,535.15,1186843
2017-03-31,539.5,549.0,533.55,538.75,1392705
2017-04-03,545.1,548.45,536.25,537.5,971485
2017-04-05,538.95,544.75,535.8,538.0,720207
2017-04-06,535.0,537.8,528.0,529.95,507869
2017-04-07,527.0,533.25,520.2,522.2,735016
2017-04-10,523.45,546.95,521.0,545.3,1777593
2017-04-11,548.0,559.4,548.0,550.65,1855162
2017-04-12,551.9,552.6,535.9,546.2,745924
2017-04-13,544.0,556.8,538.25,545.85,966585
2017-04-17,545.0,561.9,542.45,551.0,940808
2017-04-18,555.0,559.4,535.1,541.55,816109
2017-04-19,544.0,555.0,541.1,546.0,664523
2017-04-20,548.5,553.0,544.05,548.05,449421
2017-04-21,548.05,563.5,546.25,556.4,1364102
2017-04-24,556.4,558.7,548.35,550.65,469874
2017-04-25,552.25,559.25,549.15,551.75,625515
2017-04-26,555.25,561.0,542.6,549.55,1037251
2017-04-27,548.9,551.75,543.1,546.3,428819
2017-04-28,548.95,554.7,545.3,547.5,506236
2017-05-02,555.0,570.0,553.25,564.65,1944733
2017-05-03,568.0,577.0,566.05,568.65,1136352
2017-05-04,568.0,574.5,564.1,568.7,629251
2017-05-05,569.9,595.6,565.65,592.6,2122966
2017-05-08,595.0,612.75,593.1,602.6,2522025
2017-05-09,605.0,607.0,593.4,600.7,787285
2017-05-10,604.7,649.4,602.05,634.15,6644012
2017-05-11,634.75,654.0,628.2,646.9,3743045
2017-05-12,645.0,654.3,640.2,646.8,1222897
2017-05-15,651.0,661.3,642.3,648.8,1087779
2017-05-16,651.0,659.6,651.0,655.9,758003
2017-05-17,653.25,658.0,648.0,653.85,557095
2017-05-18,649.0,652.05,632.8,635.6,571770
2017-05-19,640.0,650.8,633.25,640.1,676817
2017-05-22,645.0,647.9,615.8,617.2,741234
2017-05-23,621.5,623.25,589.45,595.65,1185709
2017-05-24,588.6,620.0,583.1,601.25,1543605
2017-05-25,608.7,634.7,608.1,630.2,957634
2017-05-26,635.05,651.75,634.0,642.7,1279579
2017-05-29,644.0,684.7,643.0,671.25,5471956
2017-05-30,674.0,684.0,663.0,668.95,2103429
2017-05-31,670.95,696.75,663.6,692.95,2439108
2017-06-01,697.0,706.6,688.85,692.7,2101901
2017-06-02,695.0,718.75,695.0,716.35,2350526
2017-06-05,720.0,749.9,713.7,745.25,2988123
2017-06-06,750.0,767.55,741.5,751.5,3572366
2017-06-07,757.55,763.6,744.35,752.4,1997953
2017-06-08,756.0,756.3,745.2,749.3,868066
2017-06-09,749.7,757.05,742.25,748.7,1369519
2017-06-12,754.45,761.0,737.2,741.15,1927109
2017-06-13,747.0,751.0,739.6,741.3,700510
2017-06-14,744.9,745.95,712.0,717.0,2420797
2017-06-15,719.0,727.65,704.75,709.1,1915090
2017-06-16,714.0,722.0,706.65,709.6,2150450
2017-06-19,711.1,715.8,698.0,707.85,1903137
2017-06-20,712.9,728.5,710.2,724.65,2153796
2017-06-21,726.0,731.8,714.6,718.6,1391854
2017-06-22,719.45,723.9,706.6,709.15,813848
2017-06-23,709.9,709.9,676.15,678.05,1719292
2017-06-27,678.1,680.6,642.3,650.7,1729471
2017-06-28,644.9,658.8,635.0,654.55,1791112
2017-06-29,660.2,675.6,655.35,663.4,1767053
2017-06-30,660.0,660.9,635.3,645.15,1455009
2017-07-03,639.0,680.9,638.5,675.9,3009695
2017-07-04,681.0,683.65,658.9,662.5,1690941
2017-07-05,666.0,675.4,660.15,668.1,1328384
2017-07-06,669.0,681.7,664.55,671.3,1576264
2017-07-07,671.0,678.9,665.6,672.55,815924
2017-07-10,672.0,679.45,671.1,673.95,166058
2017-07-11,674.1,695.95,673.5,679.5,1793400
2017-07-12,682.0,686.7,673.7,680.75,788091
2017-07-13,684.2,691.9,662.7,672.25,1567392
2017-07-14,676.0,679.75,663.45,675.95,969607
2017-07-17,677.0,678.9,666.4,669.5,445405
2017-07-18,669.4,674.5,653.7,656.8,912930
2017-07-19,656.0,660.85,648.4,653.3,911160
2017-07-20,655.7,667.85,652.8,660.25,1076389
2017-07-21,662.7,663.9,647.35,654.35,950531
2017-07-24,655.5,661.5,651.3,653.8,595750
2017-07-25,657.0,657.0,642.15,646.05,803772
2017-07-26,648.95,657.7,645.5,650.85,606158
2017-07-27,654.6,658.0,638.0,641.45,845089
2017-07-28,638.0,679.9,634.55,669.1,4054433
2017-07-31,672.45,678.65,662.7,669.35,1081740
2017-08-01,672.0,704.0,664.5,701.05,4670857
2017-08-02,707.0,709.0,690.1,694.75,2028839
2017-08-03,697.9,697.9,674.0,677.4,961756
2017-08-04,678.6,678.6,659.45,671.1,1002305
2017-08-07,674.95,683.05,669.55,672.7,1162293
2017-08-08,674.0,674.0,649.0,651.25,943547
2017-08-09,647.8,657.0,628.6,636.15,1526529
2017-08-10,629.0,630.8,575.0,588.1,1993930
2017-08-11,569.0,607.2,544.0,592.4,4423523
2017-08-14,604.0,617.45,595.05,611.55,1071440
2017-08-16,614.0,643.45,605.0,639.2,2358212
2017-08-17,645.95,650.9,624.15,629.35,1318278
2017-08-18,626.7,632.0,616.0,626.8,1046962
2017-08-21,630.0,632.0,598.7,601.15,1046873
2017-08-22,603.5,608.95,591.05,600.25,1281052
2017-08-23,603.3,615.0,600.2,613.15,878847
2017-08-24,613.0,625.5,608.1,613.9,870489
2017-08-28,616.85,626.2,616.0,619.5,607889
2017-08-29,617.4,618.45,601.0,603.95,693578
2017-08-30,608.85,624.95,608.0,621.1,857368
2017-08-31,623.4,649.35,617.15,647.3,1867699
2017-09-01,649.95,669.6,643.8,650.2,3004492
2017-09-04,647.95,657.0,631.1,645.75,1312869
2017-09-05,645.8,659.0,645.8,650.3,910687
2017-09-06,646.85,657.15,638.05,651.25,1113667
2017-09-07,655.55,665.7,655.05,657.75,984817
2017-09-08,660.8,666.7,646.85,652.95,993321
2017-09-11,658.7,668.75,656.4,658.5,852497
2017-09-12,661.7,680.7,661.0,677.25,1625254
2017-09-13,680.0,687.15,663.4,667.05,1002400
2017-09-14,669.7,677.0,660.0,670.8,652097
2017-09-15,666.0,678.05,664.5,668.55,1934057
2017-09-18,675.0,682.0,664.5,667.0,862112
2017-09-19,668.75,684.0,666.55,677.45,1225492
2017-09-20,682.0,682.8,670.15,672.1,554039
2017-09-21,673.85,677.7,662.0,668.25,493372
2017-09-22,664.0,664.05,633.0,636.2,985501
2017-09-25,628.6,634.0,605.4,620.65,1093123
2017-09-26,618.0,647.35,618.0,644.45,1121409
2017-09-27,649.0,651.7,632.85,637.0,918575
2017-09-28,635.0,650.95,628.25,635.9,965045
2017-09-29,642.6,664.0,639.1,659.65,1250783
2017-10-03,665.95,673.0,652.1,658.75,1635344
2017-10-04,661.0,664.2,652.05,656.75,559693
2017-10-05,659.0,670.0,657.05,665.65,728828
2017-10-06,666.6,699.8,666.05,697.2,3070339
2017-10-09,701.0,706.0,690.45,694.55,929766
2017-10-10,698.8,712.4,694.7,698.1,1262407
2017-10-11,701.6,707.8,678.8,691.2,1027430
2017-10-12,696.75,703.25,690.05,700.5,627456
2017-10-13,702.9,722.0,693.85,710.35,2163150
2017-10-16,712.4,725.85,712.4,722.15,1438699
2017-10-17,722.0,732.3,718.7,727.4,1063802
2017-10-18,726.8,736.0,718.05,733.25,810707
2017-10-19,733.0,733.0,712.55,719.75,157938
2017-10-23,719.75,730.0,717.0,724.65,562876
2017-10-24,729.0,741.0,726.6,734.1,753924
2017-10-25,740.0,741.75,723.75,731.95,678237
2017-10-26,727.65,731.05,717.35,722.0,456061
2017-10-27,728.95,747.0,727.3,738.4,1229097
2017-10-30,742.0,778.4,742.0,772.5,1399110
2017-10-31,781.5,787.75,750.55,760.15,3481849
2017-11-01,766.0,780.9,738.15,740.95,2284341
2017-11-02,742.0,751.0,726.3,729.95,1131030
2017-11-03,733.6,738.0,721.0,724.5,826974
2017-11-06,724.35,731.3,712.3,714.85,758745
2017-11-07,715.0,733.85,702.25,705.4,1218520
2017-11-08,706.0,710.35,692.65,700.1,1133336
2017-11-09,705.0,719.8,700.55,712.7,1401584
2017-11-10,714.65,714.65,693.35,698.4,901846
2017-11-13,702.0,702.55,681.1,685.35,780944
2017-11-14,682.0,709.75,679.2,707.1,1296961
2017-11-15,707.1,708.0,686.1,689.55,845515
2017-11-16,695.8,699.55,687.7,693.8,654289
2017-11-17,700.0,710.05,691.1,693.8,608440
2017-11-20,698.4,701.0,690.0,692.35,486007
2017-11-21,698.0,706.75,692.0,695.65,991278
2017-11-22,697.0,703.35,687.6,693.7,964345
2017-11-23,697.2,697.2,679.6,687.85,788153
2017-11-24,690.0,693.45,682.0,683.95,504541
2017-11-27,681.65,695.0,679.5,692.35,487011
2017-11-28,692.35,694.8,683.15,688.4,423886
2017-11-29,688.8,709.0,681.3,703.5,870549
2017-11-30,707.0,723.0,702.0,718.25,2155546
2017-12-01,730.0,738.4,687.1,690.2,5151443
2017-12-04,692.0,694.0,656.15,660.25,2188086
2017-12-05,659.0,667.75,646.0,662.35,1459902
2017-12-06,660.0,670.8,645.85,648.1,1170625
2017-12-07,648.5,668.1,648.5,664.5,947464
2017-12-08,676.0,688.35,673.0,679.55,1662662
2017-12-11,680.0,685.4,670.35,677.9,943652
2017-12-12,676.9,686.7,672.0,676.1,828658
2017-12-13,675.95,682.5,663.25,669.3,581315
2017-12-14,674.5,674.5,655.1,662.45,663957
2017-12-15,667.0,698.0,667.0,695.7,1920282
2017-12-18,686.0,712.0,665.0,703.05,1571129
2017-12-19,709.7,729.0,707.65,726.4,1236560
2017-12-20,728.5,744.0,724.5,736.6,1426227
2017-12-21,737.5,741.7,728.5,735.8,545337
2017-12-22,738.7,749.0,730.5,745.05,876252
2017-12-26,745.15,757.3,741.5,755.2,668742
2017-12-27,755.2,755.2,741.3,746.6,457729
2017-12-28,746.6,774.9,745.7,772.15,1749430
2017-12-29,774.0,796.6,766.2,787.45,2365718
2018-01-01,787.85,797.35,770.5,774.35,1246643
2018-01-02,780.15,786.45,762.6,772.75,1223201
2018-01-03,777.1,782.5,769.85,772.95,991960
2018-01-04,776.4,797.0,770.6,788.55,1428979
2018-01-05,790.0,805.0,790.0,795.1,1289966
2018-01-08,791.0,798.95,775.5,778.75,1484623
2018-01-09,784.05,803.0,776.85,794.3,1528277
2018-01-10,798.5,799.7,783.25,785.15,472943
2018-01-11,786.5,816.55,780.05,813.15,2240152
2018-01-12,820.5,823.0,800.1,812.9,1811869
2018-01-15,815.0,815.75,802.6,804.15,594616
2018-01-16,804.0,814.6,784.0,793.1,926614
2018-01-17,786.25,799.9,766.8,795.7,690471
2018-01-18,800.0,802.9,740.0,757.05,953636
2018-01-19,760.0,777.9,758.0,772.45,780987
2018-01-22,776.0,790.0,765.45,786.5,604931
2018-01-23,787.1,814.8,786.0,810.6,1807433
2018-01-24,809.0,831.6,805.05,822.75,2571332
2018-01-25,823.9,848.5,822.75,836.9,2591533
2018-01-29,841.0,849.5,831.0,833.75,1052134
2018-01-30,836.95,852.65,830.2,832.9,1087943
2018-01-31,831.0,842.0,797.0,811.75,2953781
2018-02-01,814.95,882.5,814.05,872.95,7862360
2018-02-02,869.0,890.0,838.0,860.65,3880187
2018-02-05,840.0,898.7,834.6,878.95,1535096
2018-02-06,850.0,901.95,836.05,891.65,2966125
2018-02-07,914.0,922.95,902.0,912.0,3078865
2018-02-08,912.0,913.65,894.1,906.8,1312194
2018-02-09,875.0,915.9,875.0,910.7,1581578
2018-02-12,912.0,918.0,896.7,901.5,1093389
2018-02-14,907.0,907.8,884.15,887.7,1003321
2018-02-15,893.0,901.0,865.0,873.6,1447481
2018-02-16,877.0,887.0,865.0,877.65,926593
2018-02-19,880.0,898.5,846.85,858.05,3267442
2018-02-20,860.5,864.0,840.55,852.55,1131137
2018-02-21,861.2,866.1,851.2,858.25,1101407
2018-02-22,859.7,876.35,855.05,871.4,1464051
2018-02-23,879.0,887.0,872.9,878.6,1131810
2018-02-26,886.6,894.5,878.4,886.85,984143
2018-02-27,890.0,894.7,864.7,870.7,926636
2018-02-28,868.5,896.75,864.0,892.85,1385116
2018-03-01,904.3,906.9,882.0,885.05,1725774
2018-03-05,882.0,885.0,867.6,872.7,592793
2018-03-06,879.0,888.7,856.3,861.5,1025518
2018-03-07,856.3,866.5,832.0,837.85,997183
2018-03-08,845.0,858.25,833.0,855.35,1013611
2018-03-09,862.7,862.7,848.35,851.45,501428
2018-03-12,858.0,861.6,842.0,857.55,647041
2018-03-13,857.0,864.7,849.65,854.4,626822
2018-03-14,845.35,850.0,834.0,844.15,784293
2018-03-15,844.5,857.9,838.7,847.3,1158506
2018-03-16,845.0,847.6,822.0,830.45,1447711
2018-03-19,834.0,838.65,814.05,827.65,764926
2018-03-20,821.0,833.5,820.45,826.6,545053
2018-03-21,828.0,840.8,822.55,826.2,954676
2018-03-22,828.0,828.0,807.55,809.45,545598
2018-03-23,794.15,800.5,788.15,795.85,608761
2018-03-26,798.9,810.0,795.1,806.3,726742
2018-03-27,815.9,829.0,809.4,824.9,1012400
2018-03-28,823.0,823.4,814.95,818.1,634190
2018-04-02,828.7,886.15,826.1,882.5,2993082
2018-04-03,879.4,893.6,873.0,885.35,1560555
2018-04-04,891.3,904.2,870.0,872.6,1535824
2018-04-05,890.0,897.3,883.45,891.95,807856
2018-04-06,892.0,912.2,880.0,908.15,1167829
2018-04-09,912.45,922.5,901.75,904.85,1272935
2018-04-10,909.6,911.0,883.25,886.6,753807
2018-04-11,888.0,908.45,887.05,906.6,1090038
2018-04-12,903.95,911.85,900.3,905.65,740361
2018-04-13,913.0,948.9,912.15,946.2,3873168
2018-04-16,935.9,975.85,935.8,973.2,2749426
2018-04-17,978.0,994.5,970.1,976.3,2683626
2018-04-18,979.8,980.85,962.25,964.35,963565
2018-04-19,965.55,977.2,959.5,966.85,948964
2018-04-20,962.0,968.3,949.1,962.0,694171
2018-04-23,965.0,972.5,953.6,957.7,802061
2018-04-24,960.0,963.85,937.05,939.8,1041263
2018-04-25,940.0,956.75,930.3,943.35,1569407
2018-04-26,943.35,968.0,936.75,960.4,1050803
2018-04-27,970.95,994.4,963.5,974.85,2073396
2018-04-30,980.0,1006.8,973.9,1004.3,1417783
2018-05-02,1010.0,1017.7,980.0,987.7,1295460
2018-05-03,980.2,986.75,963.3,970.25,521298
2018-05-04,966.5,990.0,965.2,971.95,775228
2018-05-07,973.55,993.45,966.3,989.5,651452
2018-05-08,989.5,990.95,971.2,977.25,548846
2018-05-09,980.0,980.0,963.85,966.1,717939
2018-05-10,969.9,970.0,945.2,948.5,860840
2018-05-11,950.1,955.9,936.8,947.3,508454
2018-05-14,952.0,969.9,937.8,939.55,1769596
2018-05-15,939.5,957.15,933.05,941.35,818575
2018-05-16,937.9,960.0,930.3,956.75,1543516
2018-05-17,964.9,969.5,947.55,951.6,3580538
2018-05-18,955.9,957.5,841.25,876.4,3518818
2018-05-21,869.0,908.85,869.0,881.95,2413284
2018-05-22,884.0,899.9,882.3,891.1,938115
2018-05-23,894.45,904.0,870.0,874.75,1054391
2018-05-24,882.8,894.9,876.0,890.3,855810
2018-05-25,889.5,919.9,886.0,916.35,1434058
2018-05-28,925.4,934.7,917.0,924.4,1056721
2018-05-29,924.9,944.8,918.05,931.15,1596733
2018-05-30,925.0,943.8,922.5,934.3,1060505
2018-05-31,941.5,943.85,912.3,932.45,1398441
2018-06-01,940.7,958.85,930.0,934.65,1830211
2018-06-04,937.4,939.95,888.45,893.75,1090743
2018-06-05,886.0,907.9,876.8,891.05,1643004
2018-06-06,891.5,905.0,884.2,898.65,1118827
2018-06-07,904.0,920.45,901.0,915.15,845925
2018-06-08,912.8,922.0,905.25,919.9,707240
2018-06-11,922.0,929.8,914.1,918.15,496222
2018-06-12,921.7,927.4,915.5,923.0,432436
2018-06-13,926.9,932.0,913.1,915.45,556126
2018-06-14,915.0,932.0,910.2,928.1,622568
2018-06-15,928.95,928.95,910.05,916.2,669906
2018-06-18,913.0,924.75,905.3,912.55,562221
2018-06-19,906.85,909.9,892.0,895.75,639701
2018-06-20,895.75,909.0,895.1,905.9,658301
2018-06-21,899.0,904.9,884.55,889.1,788499
2018-06-22,887.0,898.0,872.4,896.0,942267
2018-06-25,893.0,893.0,871.3,876.3,596358
2018-06-26,873.0,885.0,873.0,881.55,588138
2018-06-27,882.05,883.85,850.0,856.35,625948
2018-06-28,850.0,859.0,821.35,826.0,982486
2018-06-29,839.85,874.0,835.1,871.65,1249909
2018-07-02,872.0,883.6,856.0,873.05,1360950
2018-07-03,869.9,877.95,848.55,866.75,1094017
2018-07-04,866.0,883.9,855.1,879.95,688067
2018-07-05,879.95,883.7,860.6,865.15,611752
2018-07-06,864.7,892.3,861.0,879.65,1107136
2018-07-09,886.55,899.9,883.0,892.5,1155383
2018-07-10,897.6,898.6,885.0,890.7,498084
2018-07-11,890.8,895.85,872.15,877.9,546032
2018-07-12,885.8,907.0,880.55,895.85,1466554
2018-07-13,899.0,915.0,885.2,908.7,1491404
2018-07-16,907.95,919.0,858.7,875.4,1367756
2018-07-17,869.9,895.8,864.6,893.4,861152
2018-07-18,893.5,898.45,851.1,861.4,784017
2018-07-19,861.4,862.25,834.0,841.85,1159601
2018-07-20,838.4,859.6,827.25,848.15,1040743
2018-07-23,848.2,862.0,836.45,856.6,790358
2018-07-24,856.6,880.0,852.0,870.9,751986
2018-07-25,875.7,902.15,867.35,886.3,1679599
2018-07-26,887.0,894.9,874.2,889.1,1025795
2018-07-27,890.7,924.4,888.35,921.5,1951632
2018-07-30,928.0,932.0,891.8,907.9,3459016
2018-07-31,911.0,943.55,910.9,928.05,3342488
2018-08-01,929.1,929.15,895.55,906.05,1865603
2018-08-02,901.8,915.5,897.1,904.25,881414
2018-08-03,906.0,911.85,893.95,899.25,820739
2018-08-06,905.0,908.45,877.0,880.05,874521
2018-08-07,882.1,896.0,867.25,873.7,1086640
2018-08-08,874.9,886.9,868.2,876.5,1040259
2018-08-09,876.5,883.25,870.0,878.75,765431
2018-08-10,880.0,884.0,861.2,865.25,559991
2018-08-13,860.0,867.0,852.25,856.3,668530
2018-08-14,860.0,878.4,856.0,875.8,998987
2018-08-16,875.95,882.7,864.0,869.5,824478
2018-08-17,870.0,881.8,862.6,869.3,688681
2018-08-20,874.0,896.45,869.0,891.2,1623821
2018-08-21,897.7,909.8,895.15,899.55,1407121
2018-08-23,900.8,902.25,879.4,886.55,758831
2018-08-24,884.9,898.8,883.0,891.65,720857
2018-08-27,893.0,897.75,885.0,888.6,621620
2018-08-28,892.8,907.1,880.85,895.35,1660001
2018-08-29,896.0,902.35,888.0,894.8,844911
2018-08-30,894.8,898.7,876.05,879.15,1292330
2018-08-31,882.25,886.0,864.5,869.75,847932
2018-09-03,868.0,876.0,828.1,831.95,1945000
2018-09-04,828.05,830.7,800.6,805.15,1611881
2018-09-05,798.0,809.95,771.0,792.75,2076624
2018-09-06,799.0,804.65,783.05,788.5,1414443
2018-09-07,793.95,806.9,787.25,797.3,1325479
2018-09-10,794.0,798.0,765.4,773.0,781468
2018-09-11,768.95,790.0,765.25,768.25,1009547
2018-09-12,768.95,776.8,757.2,771.7,852492
2018-09-14,776.05,787.5,773.0,780.55,966980
2018-09-17,777.7,784.9,765.6,776.35,723355
2018-09-18,779.0,787.0,758.45,760.7,736331
2018-09-19,760.2,763.3,720.7,725.45,1293307
2018-09-21,727.0,735.1,618.0,685.6,2686793
2018-09-24,686.8,704.9,648.0,653.75,1560015
2018-09-25,653.7,665.3,633.4,661.45,1833291
2018-09-26,666.25,675.0,658.0,662.55,1226966
2018-09-27,666.0,679.0,642.25,645.7,1905685
2018-09-28,650.5,658.8,601.35,611.8,1729030
2018-10-01,607.8,624.9,581.4,622.3,1761726
2018-10-03,618.0,643.7,609.2,621.0,1407086
2018-10-04,611.1,628.5,601.5,617.9,1321842
2018-10-05,614.7,618.05,576.75,584.55,1408254
2018-10-08,585.9,596.0,541.0,556.3,2238861
2018-10-09,557.0,577.7,548.45,567.8,1813366
2018-10-10,564.0,602.8,564.0,589.15,2180938
2018-10-11,570.4,591.6,555.2,566.5,1482613
2018-10-12,572.5,611.75,572.5,601.3,1827076
2018-10-15,604.0,606.75,588.4,598.3,848889
2018-10-16,606.0,642.0,602.05,638.9,3826573
2018-10-17,645.0,649.6,615.25,617.95,2445573
2018-10-19,611.1,616.0,583.5,604.35,1719936
2018-10-22,607.0,613.8,570.45,573.35,1593082
2018-10-23,565.0,586.0,562.45,572.8,1801752
2018-10-24,578.0,597.0,571.6,594.2,1542764
2018-10-25,581.1,585.8,563.95,569.95,1309931
2018-10-26,566.0,581.0,552.0,569.7,1538776
2018-10-29,572.0,594.3,568.6,591.45,1204420
2018-10-30,595.05,608.8,588.6,603.95,1540361
2018-10-31,607.0,629.35,595.4,627.0,3661287
2018-11-01,645.0,689.7,636.1,674.45,5333152
2018-11-02,679.0,695.5,668.0,676.0,2390937
2018-11-05,674.1,688.2,664.15,677.5,1189112
2018-11-06,678.0,694.7,668.85,673.4,1803631
2018-11-07,679.9,681.45,673.4,678.25,182018
2018-11-09,678.0,679.95,656.05,664.6,1345072
2018-11-12,668.9,671.25,648.2,653.55,1663676
2018-11-13,651.0,666.0,636.0,660.6,1708423
2018-11-14,662.5,669.0,648.2,656.25,1113685
2018-11-15,658.5,674.0,641.2,664.9,1630689
2018-11-16,669.0,677.9,656.15,662.9,1398739
2018-11-19,666.8,686.0,663.2,672.45,1944087
2018-11-20,672.9,678.95,657.0,659.65,1211705
2018-11-21,663.0,666.9,652.25,661.6,1112032
2018-11-22,662.0,676.85,655.0,661.7,2054841
2018-11-26,665.05,673.7,655.25,671.7,1629233
2018-11-27,670.0,693.0,664.0,689.35,2340093
2018-11-28,694.0,698.45,674.1,682.0,2893269
2018-11-29,688.0,698.0,677.0,694.55,1884539
2018-11-30,700.0,709.8,696.1,704.7,2465495
2018-12-03,719.8,719.8,702.85,707.15,3026259
2018-12-04,707.0,707.0,693.2,696.45,1180424
2018-12-05,691.5,695.8,652.5,659.25,2049023
2018-12-06,658.0,658.0,626.0,630.5,2220626
2018-12-07,634.8,639.55,617.0,626.65,2111303
2018-12-10,601.0,614.4,601.0,603.95,1467963
2018-12-11,586.1,628.7,585.05,624.25,2087428
2018-12-12,630.2,659.8,628.0,656.7,1814464
2018-12-13,660.8,667.0,651.5,659.25,1691637
2018-12-14,656.0,674.5,650.0,664.8,2133580
2018-12-17,665.05,679.0,664.0,671.2,1552970
2018-12-18,670.0,677.6,666.05,673.0,1039492
2018-12-19,674.8,685.0,670.1,674.35,1270324
2018-12-20,671.45,696.95,669.5,693.3,2358261
2018-12-21,697.6,702.4,676.6,684.25,2069870
2018-12-24,684.25,690.0,669.05,672.8,960411
2018-12-26,669.9,684.95,659.65,681.8,1569431
2018-12-27,695.0,702.0,684.25,687.3,2878699
2018-12-28,692.0,707.35,691.4,701.85,2138713
2019-01-01,708.5,722.0,696.1,719.8,3301665
2019-01-02,721.5,729.5,702.0,707.1,4236232
2019-01-03,708.25,728.0,708.05,722.2,3077959
2019-01-04,726.7,729.8,715.25,723.85,1987302
2019-01-07,729.8,737.95,726.05,729.25,1287541
2019-01-08,731.4,736.2,724.9,731.15,977880
2019-01-09,734.7,742.9,731.25,739.6,1498650
2019-01-10,739.95,747.9,736.6,744.65,1296883
2019-01-11,749.0,754.85,741.8,753.55,1539622
2019-01-14,752.5,755.9,746.7,753.05,1207539
2019-01-15,753.9,764.8,753.05,756.1,1231150
2019-01-16,758.4,758.4,735.65,737.7,1254789
2019-01-17,737.0,741.95,722.95,733.8,1195025
2019-01-18,734.8,741.0,726.0,728.95,838252
2019-01-21,726.1,745.8,725.0,733.25,1206601
2019-01-22,730.2,732.45,714.2,720.8,1103745
2019-01-23,719.4,736.25,717.9,730.4,1219553
2019-01-24,729.0,729.95,713.65,715.55,1410155
2019-01-25,718.3,724.5,694.9,703.05,1767197
2019-01-28,704.95,709.0,665.1,675.05,5177658
2019-01-29,664.0,664.0,630.25,644.15,4948611
2019-01-30,647.0,662.5,642.0,657.65,2198248
2019-01-31,658.0,664.25,649.0,659.6,1204112
2019-02-01,673.85,684.0,656.0,677.95,5112096
2019-02-04,677.0,681.0,665.7,678.55,1186691
2019-02-05,677.25,693.7,676.55,684.4,2182433
2019-02-06,688.0,690.0,671.0,683.9,1525781
2019-02-07,683.0,686.55,677.0,682.85,1048778
2019-02-08,681.0,681.8,654.1,659.9,1149514
2019-02-11,653.0,653.0,627.1,636.5,1620409
2019-02-12,640.0,647.45,608.5,610.75,2587080
2019-02-13,611.05,624.85,601.0,619.05,3161324
2019-02-14,620.8,646.8,616.1,643.95,2134636
2019-02-15,643.8,643.8,625.9,638.3,1338102
2019-02-18,639.0,641.8,626.6,628.25,941687
2019-02-19,627.95,651.0,627.0,637.15,1348696
2019-02-20,641.0,662.0,640.15,658.95,2172700
2019-02-21,657.0,664.75,652.6,655.25,1840968
2019-02-22,653.95,661.5,648.6,655.6,1323912
2019-02-25,655.6,661.8,645.5,654.45,964200
2019-02-26,649.2,668.0,633.5,660.9,1754000
2019-02-27,668.0,678.25,657.2,663.35,1788950
2019-02-28,665.0,669.75,655.75,657.6,984388
2019-03-01,672.6,676.2,663.4,674.05,1699144
2019-03-05,674.0,715.55,670.35,712.85,2573313
2019-03-06,717.3,746.65,714.1,737.8,2617615
2019-03-07,739.0,745.0,726.35,735.3,1738751
2019-03-08,731.0,735.0,723.5,729.85,885003
2019-03-11,732.7,747.0,730.05,740.6,1421911
2019-03-12,748.5,806.7,745.0,798.1,5722488
2019-03-13,800.0,801.2,782.5,788.0,2604077
2019-03-14,788.0,810.75,785.2,799.75,4097283
2019-03-15,805.55,808.7,788.1,800.55,1976593
2019-03-18,804.0,808.0,776.4,786.1,1818234
2019-03-19,789.9,816.0,785.3,811.2,3143560
2019-03-20,814.4,825.0,811.1,821.55,3530000
2019-03-22,823.55,833.9,801.1,804.45,3215852
2019-03-25,800.8,800.8,782.0,788.7,1218851
2019-03-26,790.0,809.95,780.7,804.55,1949727
2019-03-27,812.8,825.95,801.0,819.05,2703553
2019-03-28,815.0,819.8,790.0,792.45,2510900
2019-03-29,799.65,807.0,788.3,796.05,2340489
2019-04-01,803.0,804.7,769.05,774.7,2365917
2019-04-02,770.0,776.0,760.0,772.35,2528629
2019-04-03,774.1,788.95,765.0,767.7,1651147
2019-04-04,772.0,774.25,762.15,771.05,1059948
2019-04-05,773.85,780.05,766.15,768.9,965651
2019-04-08,769.0,774.0,752.2,760.65,1270995
2019-04-09,758.55,778.0,752.05,774.8,1342599
2019-04-10,775.0,784.85,769.35,776.45,1485707
2019-04-11,779.0,783.9,762.05,769.7,1298312
2019-04-12,770.05,789.0,766.35,787.4,1413819
2019-04-15,793.25,794.8,782.6,786.3,1006147
2019-04-16,791.95,801.4,787.15,789.45,1419978
2019-04-18,791.5,791.5,768.4,770.5,828737
2019-04-22,766.9,776.85,753.75,756.25,846198
2019-04-23,757.9,761.85,742.5,745.15,963287
2019-04-24,743.6,756.75,737.85,754.6,1194454
2019-04-25,752.9,758.7,745.1,749.15,890524
2019-04-26,750.15,754.5,731.55,734.1,1033676
2019-04-30,734.0,744.0,720.0,738.9,1150991
2019-05-02,713.5,714.0,676.55,680.85,3306630
2019-05-03,676.0,686.0,663.0,665.25,1942083
2019-05-06,656.95,671.95,653.1,664.45,1192463
2019-05-07,666.2,668.6,642.0,648.75,2782681
2019-05-08,643.6,647.85,625.0,627.75,2824401
2019-05-09,624.0,626.05,607.55,609.85,2209472
2019-05-10,610.0,615.0,592.6,598.0,1659226
2019-05-13,591.0,598.9,568.7,572.7,1915224
2019-05-14,572.0,582.7,564.9,572.35,2649863
2019-05-15,576.9,579.45,545.0,549.95,2186826
2019-05-16,545.0,565.0,542.0,561.55,3082335
2019-05-17,563.0,568.55,549.05,560.05,2590970
2019-05-20,577.0,594.5,570.0,588.65,2190498
2019-05-21,596.0,613.55,585.15,595.75,3109337
2019-05-22,599.75,602.55,587.1,594.35,1364058
2019-05-23,610.0,621.25,598.15,602.95,3018241
2019-05-24,609.0,639.5,605.0,634.9,3417071
2019-05-27,637.75,649.5,635.5,638.1,1664553
2019-05-28,640.5,641.75,627.6,630.4,1299143
2019-05-29,630.4,630.4,615.1,618.4,1973161
2019-05-30,617.05,620.0,606.3,616.3,1901625
2019-05-31,619.4,620.95,590.6,597.95,2251781
2019-06-03,595.0,610.0,583.2,605.75,2888871
2019-06-04,601.05,612.2,597.0,603.0,1739309
2019-06-06,605.7,607.95,575.45,577.95,1903377
2019-06-07,575.0,589.5,568.5,586.35,1707953
2019-06-10,590.9,596.6,578.0,581.35,1438346
2019-06-11,585.95,594.8,578.5,589.8,1197677
2019-06-12,586.0,594.2,571.6,575.3,1191214
2019-06-13,575.3,582.0,566.55,580.45,1241907
2019-06-14,582.0,582.85,556.0,559.4,2352726
2019-06-17,558.05,558.05,543.35,545.65,1948100
2019-06-18,546.0,551.7,534.5,536.2,2566933
2019-06-19,540.0,546.65,519.3,523.7,2138960
2019-06-20,522.0,554.45,519.5,551.35,2137391
2019-06-21,550.0,560.95,542.05,550.7,2130875
2019-06-24,550.25,565.25,548.1,551.65,2076143
2019-06-25,548.9,551.85,524.2,544.4,2330881
2019-06-26,545.0,558.9,540.25,553.4,1929412
2019-06-27,555.1,563.55,542.8,548.15,2263982
2019-06-28,547.25,550.85,534.1,536.45,1594061
2019-07-01,538.1,573.5,535.6,570.25,5295540
2019-07-02,571.8,576.7,560.15,563.95,3496672
2019-07-03,567.5,578.0,565.1,571.8,2486710
2019-07-04,573.4,581.95,567.0,570.9,2375051
2019-07-05,574.3,575.95,538.0,541.2,2454490
2019-07-08,526.0,531.8,514.4,519.4,2560611
2019-07-09,517.0,540.85,513.5,535.55,2750805
2019-07-10,537.9,544.9,531.5,537.65,1904896
2019-07-11,536.5,548.0,531.6,544.65,1717974
2019-07-12,543.0,552.0,538.0,541.8,2263227
2019-07-15,542.5,547.25,523.3,529.15,1490673
2019-07-16,526.9,549.7,523.0,545.5,2140493
2019-07-17,543.0,554.5,536.45,539.1,2171401
2019-07-18,539.7,543.75,527.0,529.15,1544366
2019-07-19,531.25,534.9,505.4,508.85,2162068
2019-07-22,506.9,506.9,486.6,493.45,3118889
2019-07-23,493.45,505.55,490.95,502.1,2494939
2019-07-24,502.0,507.7,480.5,482.65,2290395
2019-07-25,483.0,489.85,468.05,470.2,2347765
2019-07-26,470.0,487.8,465.9,473.45,2578951
2019-07-29,463.0,479.95,459.2,471.05,4342971
2019-07-30,471.0,479.8,457.0,459.9,2700935
2019-07-31,459.9,472.1,453.1,469.95,2499892
2019-08-01,463.0,467.85,451.1,459.6,2496272
2019-08-02,458.0,472.0,451.35,461.7,2590839
2019-08-05,452.7,462.5,442.25,458.8,2138479
2019-08-06,455.85,477.6,453.85,475.55,2149273
2019-08-07,476.95,482.95,455.9,459.4,2644793
2019-08-08,463.0,486.5,461.2,482.1,2283514
2019-08-09,484.9,495.8,479.65,487.9,3212827
2019-08-13,488.4,488.4,460.0,461.65,1770023
2019-08-14,466.0,473.7,454.3,465.2,1965457
2019-08-16,464.9,473.3,455.7,467.8,2129835
2019-08-19,470.0,478.15,463.0,464.45,2003121
2019-08-20,466.4,468.5,454.35,459.35,1970622
2019-08-21,459.9,467.4,445.75,449.4,2568065
2019-08-22,447.0,449.6,429.5,432.65,2082491
2019-08-23,431.0,458.0,423.55,453.65,3276773
2019-08-26,465.05,484.2,462.5,475.25,3374812
2019-08-27,478.2,502.7,477.3,495.55,4438933
2019-08-28,495.55,500.4,486.6,492.75,2472300
2019-08-29,490.0,521.65,487.5,517.3,3768229
2019-08-30,517.2,518.9,502.05,510.2,2845748
2019-09-03,500.0,503.0,485.1,491.6,3224585
2019-09-04,494.6,494.6,450.5,458.55,6643879
2019-09-05,460.0,473.5,460.0,470.95,3206144
2019-09-06,474.2,488.35,460.35,485.8,4462663
2019-09-09,474.15,506.0,474.15,504.25,5130658
2019-09-11,504.5,533.0,500.1,530.7,6227497
2019-09-12,533.1,536.5,519.15,523.15,4121858
2019-09-13,524.0,536.5,517.25,535.1,4000605
2019-09-16,529.15,542.6,525.0,535.95,3459753
2019-09-17,533.2,536.9,500.55,503.55,4577843
2019-09-18,507.0,519.0,497.3,512.85,5308862
2019-09-19,512.9,517.45,506.5,514.5,3378179
2019-09-20,515.0,581.9,508.05,567.65,7996668
2019-09-23,585.9,681.0,581.95,626.9,7656525
2019-09-24,630.0,631.7,602.65,605.1,5232659
2019-09-25,602.1,604.7,578.15,587.6,4001027
2019-09-26,595.9,614.15,575.1,609.85,6027022
2019-09-27,610.0,610.0,585.0,590.1,3716000
2019-09-30,593.8,593.8,563.15,580.35,3304226
2019-10-01,584.95,612.0,567.0,609.5,7420538
2019-10-03,603.0,624.0,588.85,619.25,5748420
2019-10-04,623.9,626.0,593.3,598.3,4072996
2019-10-07,600.0,607.25,587.8,600.7,3015084
2019-10-09,597.1,612.65,581.5,608.0,4126707
2019-10-10,604.9,615.7,597.15,603.65,2962369
2019-10-11,607.0,610.8,588.9,598.0,2296747
2019-10-14,600.0,619.0,596.65,612.65,2808981
2019-10-15,610.5,634.85,609.1,630.15,4512846
2019-10-16,635.0,639.75,622.1,629.6,4057543
2019-10-17,627.1,648.85,625.0,646.55,3154940
2019-10-18,648.0,655.6,643.7,650.6,2609263
2019-10-22,645.15,660.4,643.05,645.15,1874086
2019-10-23,645.15,659.65,636.0,655.5,2103879
2019-10-24,655.1,667.3,642.55,649.1,2388592
2019-10-25,645.0,651.0,631.2,640.0,1995407
2019-10-27,640.5,647.7,640.05,641.35,204562
2019-10-29,644.0,674.6,640.6,667.7,2765790
2019-10-30,670.0,672.65,657.3,666.05,2001190
2019-10-31,666.9,668.95,650.0,659.35,1989503
2019-11-01,660.0,678.5,655.0,657.55,3266867
2019-11-04,650.0,657.75,638.75,648.6,2481003
2019-11-05,651.75,665.8,646.5,652.55,2796804
2019-11-06,657.8,662.45,651.0,655.45,1215811
2019-11-07,657.0,659.25,643.4,647.9,1223367
2019-11-08,646.0,665.95,642.05,653.75,2272682
2019-11-11,653.0,673.8,646.7,671.55,2150609
2019-11-13,672.0,673.95,649.5,651.8,1566431
2019-11-14,656.0,656.95,643.1,651.9,1579736
2019-11-15,657.0,668.75,653.4,658.3,1540010
2019-11-18,651.0,665.5,651.0,659.65,1061773
2019-11-19,659.65,669.9,655.0,662.45,1478836
2019-11-20,663.5,687.8,660.0,670.6,3712448
2019-11-21,672.0,676.3,650.1,652.25,1334686
2019-11-22,651.8,652.0,639.2,648.0,1585264
2019-11-25,648.0,662.35,648.0,658.9,1280262
2019-11-26,662.0,671.0,648.0,649.75,1745011
2019-11-27,650.6,660.9,643.75,647.9,1528229
2019-11-28,646.05,648.75,636.75,644.45,1428911
2019-11-29,644.5,652.6,631.0,637.2,1577102
2019-12-02,641.35,666.4,639.0,662.5,3671314
2019-12-03,658.25,662.9,618.7,623.0,3666915
2019-12-04,623.95,630.65,608.0,611.25,4544684
2019-12-05,614.3,626.0,613.1,618.7,2470825
2019-12-06,621.8,623.25,600.45,603.3,1691015
2019-12-09,605.0,612.4,596.1,597.6,1842220
2019-12-10,601.0,603.55,587.65,591.45,1453472
2019-12-11,592.0,598.0,585.5,595.85,1491009
2019-12-12,601.0,603.0,592.05,598.3,1485371
2019-12-13,600.0,619.2,600.0,617.05,2856071
2019-12-16,617.05,622.0,610.15,612.9,1410143
2019-12-17,616.0,624.4,613.55,615.75,1601456
2019-12-18,616.9,617.95,607.2,611.4,1257704
2019-12-19,610.0,625.95,601.65,622.65,3705578
2019-12-20,625.5,633.85,622.35,625.7,2922818
2019-12-23,623.75,631.6,622.05,624.9,1042745
2019-12-24,626.9,627.95,618.2,620.3,1048855
2019-12-26,618.7,624.75,614.4,617.05,1107648
2019-12-27,619.2,629.4,616.05,623.45,1303887
2019-12-30,622.05,636.3,622.05,631.3,2113071
