date,open,high,low,close,volume
2009-03-05,37.51,37.84,36.99,37.49,4272791
2009-03-06,35.87,38.16,35.87,37.87,5822321
2009-03-09,37.69,38.69,37.42,38.41,10261553
2009-03-12,38.63,40.41,38.47,39.91,11015255
2009-03-13,40.13,41.21,39.05,39.41,16206590
2009-03-16,39.57,41.65,39.22,41.29,13970258
2009-03-17,41.07,41.49,39.54,40.42,10322615
2009-03-18,40.6,41.97,40.6,41.61,11245607
2009-03-19,41.83,41.99,40.23,41.29,4410674
2009-03-20,40.69,42.53,40.69,41.39,6066050
2009-03-23,41.83,44.42,41.83,43.95,11294846
2009-03-24,42.44,45.75,41.85,42.4,23018944
2009-03-25,42.35,44.75,41.63,43.83,8770421
2009-03-26,44.95,44.95,42.46,44.25,22246296
2009-03-27,44.63,45.88,44.17,45.17,9484193
2009-03-30,44.96,44.96,42.97,43.75,8866055
2009-03-31,43.95,47.05,43.45,46.05,20547758
2009-04-01,46.63,47.24,44.49,46.72,6891857
2009-04-02,47.21,49.45,47.09,48.69,13707905
2009-04-06,50.57,51.26,46.37,48.07,11778110
2009-04-08,47.07,52.69,46.07,51.59,21488428
2009-04-09,53.38,53.38,49.31,50.29,9472961
2009-04-13,50.63,50.99,48.0,48.31,9827921
2009-04-15,47.81,48.47,46.69,47.69,19915368
2009-04-16,47.83,48.57,45.85,46.83,14067806
2009-04-17,47.07,49.45,46.51,47.79,16983650
2009-04-20,48.0,48.75,46.74,47.53,7944641
2009-04-21,46.88,48.83,46.6,47.43,13818926
2009-04-22,47.25,47.81,45.59,46.35,8298629
2009-04-23,45.93,47.07,45.07,46.86,6007454
2009-04-24,46.87,47.59,45.95,47.17,8058911
2009-04-27,47.63,48.0,45.85,46.59,8956643
2009-04-28,46.69,46.86,45.41,46.31,3926402
2009-04-29,46.67,48.92,45.85,48.09,9748547
2009-05-04,48.75,50.15,48.07,48.44,11703590
2009-05-05,48.19,49.87,47.85,48.59,9334415
2009-05-06,48.66,49.45,48.11,48.51,8323319
2009-05-07,48.88,49.67,48.25,48.85,7298231
2009-05-08,49.04,49.59,48.09,49.06,7467509
2009-05-11,48.5,49.31,48.01,48.91,5388050
2009-05-12,48.75,51.36,48.41,50.74,20373124
2009-05-13,50.83,51.55,49.88,50.23,8389583
2009-05-14,49.69,50.91,49.17,49.59,5191331
2009-05-15,49.69,51.57,49.69,50.61,6725927
2009-05-18,52.53,60.57,52.53,57.29,75518
2009-05-19,58.57,60.0,46.4,57.01,19907872
2009-05-20,54.38,58.67,54.38,57.71,13642967
2009-05-21,57.71,58.49,55.81,56.76,17446308
2009-05-22,56.63,56.79,52.8,53.68,18017762
2009-05-25,54.57,54.57,52.07,53.01,9707813
2009-05-26,53.59,53.93,51.47,51.78,6996023
2009-05-27,52.52,53.63,52.15,53.35,15374402
2009-05-28,54.38,54.57,52.72,53.68,23241288
2009-05-29,54.33,59.25,54.0,56.25,29926320
2009-06-01,58.13,59.57,56.49,57.61,13307249
2009-06-02,56.67,58.5,56.67,58.13,12294677
2009-06-03,59.07,59.07,56.81,57.69,9644942
2009-06-04,57.57,57.85,56.79,57.09,7352465
2009-06-05,57.19,59.03,56.89,57.46,14139251
2009-06-08,57.47,58.11,54.47,54.85,7290593
2009-06-09,54.85,55.43,53.35,55.11,11460623
2009-06-10,55.69,56.01,54.51,54.93,11553470
2009-06-11,54.95,55.13,53.25,53.65,7723967
2009-06-12,54.57,54.92,53.45,53.9,12560621
2009-06-15,54.33,54.38,51.97,53.01,11425262
2009-06-16,52.79,54.9,52.14,54.19,5861585
2009-06-17,54.38,54.93,51.97,52.48,5672417
2009-06-18,53.07,53.07,51.75,52.46,6563879
2009-06-19,53.4,54.33,51.63,53.98,8165681
2009-06-22,54.75,54.93,52.18,52.86,4487687
2009-06-23,52.5,53.35,51.09,52.52,9960287
2009-06-24,53.03,53.4,51.6,52.69,7546589
2009-06-25,54.38,54.38,52.13,52.22,15582038
2009-06-26,53.17,53.95,52.03,53.31,5229581
2009-06-29,53.81,54.93,52.95,54.39,4613942
2009-06-30,54.92,55.13,53.45,54.07,5579471
2009-07-01,53.86,54.69,53.25,53.97,3790223
2009-07-02,54.75,61.88,54.05,58.2,55291180
2009-07-03,56.47,59.73,56.47,59.41,18675028
2009-07-06,59.38,60.0,57.43,59.03,18129830
2009-07-07,59.79,64.41,59.43,60.92,34050316
2009-07-08,60.0,60.57,58.17,58.83,21591028
2009-07-09,59.25,61.88,59.07,60.86,19220162
2009-07-10,61.13,61.86,58.13,58.39,10535309
2009-07-13,59.07,60.75,57.38,59.36,15592175
2009-07-14,60.36,60.83,59.12,60.44,7866926
2009-07-15,60.72,61.49,59.38,61.25,5608559
2009-07-16,61.88,65.35,60.55,63.47,18391648
2009-07-17,64.01,64.63,62.09,63.05,9924350
2009-07-20,64.2,64.2,63.09,63.53,7060262
2009-07-21,63.71,63.71,60.64,61.22,10401266
2009-07-22,61.69,63.17,60.59,61.85,13913861
2009-07-23,62.63,65.42,62.28,64.8,11495477
2009-07-24,65.07,66.66,63.53,66.24,17343172
2009-07-27,66.85,67.25,63.19,63.71,14856206
2009-07-28,63.97,64.47,61.79,62.39,9629183
2009-07-29,62.7,63.05,59.64,60.67,10876946
2009-07-30,60.05,63.65,60.05,62.91,14368706
2009-07-31,63.74,63.92,61.71,62.24,6969677
2009-08-03,62.26,62.26,60.31,61.69,7868258
2009-08-04,61.69,61.69,59.63,59.96,16505429
2009-08-05,60.0,60.53,58.74,60.04,14663855
2009-08-06,59.07,60.75,58.57,59.07,9300974
2009-08-07,58.82,60.51,58.18,59.79,6941405
2009-08-10,60.38,61.03,58.5,58.97,10794965
2009-08-11,59.43,62.05,58.89,61.69,15180278
2009-08-12,62.35,62.35,60.59,61.12,8647427
2009-08-13,61.41,62.59,61.36,62.17,5916710
2009-08-14,62.35,65.53,62.16,64.29,13318835
2009-08-17,63.69,64.13,61.14,61.76,7712750
2009-08-18,61.2,63.24,60.59,61.61,10490834
2009-08-19,61.88,61.99,59.91,60.29,8698373
2009-08-20,60.93,61.69,59.81,60.59,5856287
2009-08-21,60.83,63.6,59.98,63.12,11931374
2009-08-24,63.55,64.88,63.33,64.13,16488545
2009-08-25,63.57,63.79,62.45,62.96,15814001
2009-08-26,63.0,63.53,61.29,61.99,20367182
2009-08-27,62.07,64.67,61.41,64.39,13642622
2009-08-28,64.31,65.43,62.25,64.86,11372534
2009-08-31,64.13,64.57,62.68,62.89,8580419
2009-09-01,63.04,64.05,62.21,63.51,7972223
2009-09-02,63.75,66.1,62.81,64.67,13579463
2009-09-03,65.41,67.95,64.55,67.07,18321528
2009-09-04,66.57,67.88,65.09,66.88,14834774
2009-09-07,67.13,69.45,66.0,68.13,10009439
2009-09-08,69.75,69.75,66.0,67.29,9757538
2009-09-09,67.5,67.83,65.63,66.95,10253774
2009-09-10,73.01,73.01,65.25,65.71,12959702
2009-09-11,64.0,66.26,64.0,65.65,6399158
2009-09-14,65.42,66.9,64.69,66.47,5566802
2009-09-15,66.75,68.21,66.11,67.93,8711363
2009-09-16,68.43,68.51,65.47,66.37,13178102
2009-09-17,67.28,67.28,65.56,65.89,7545710
2009-09-18,65.64,66.45,65.49,65.85,6223997
2009-09-22,65.55,65.81,64.88,65.38,8666111
2009-09-23,66.19,67.37,65.17,66.5,10342337
2009-09-24,66.75,67.5,65.31,66.78,13486910
2009-09-25,67.31,68.01,65.88,66.39,7247885
2009-09-29,67.31,68.63,65.27,67.88,12475502
2009-09-30,68.07,68.21,66.59,67.34,7217009
2009-10-01,67.46,68.33,66.41,67.89,8310317
2009-10-05,67.31,68.62,66.75,68.36,7026383
2009-10-06,68.53,69.22,66.5,68.45,9742613
2009-10-07,68.91,70.5,67.97,68.26,16358942
2009-10-08,69.0,71.97,68.26,70.94,13864658
2009-10-09,71.63,72.51,70.36,71.68,10036946
2009-10-12,73.13,73.96,69.95,71.03,7265171
2009-10-14,71.19,71.81,69.78,70.69,9992693
2009-10-15,71.25,72.32,70.71,71.83,4436849
2009-10-16,71.96,72.66,71.31,71.67,6745517
2009-10-17,71.26,72.3,70.97,71.83,1049117
2009-10-20,72.36,72.59,70.41,70.69,7457318
2009-10-21,71.87,71.97,70.53,71.45,6121187
2009-10-22,71.76,72.09,69.76,71.19,3544550
2009-10-23,71.25,71.63,67.37,68.01,12018119
2009-10-26,68.43,69.0,66.33,67.04,8888654
2009-10-27,66.75,67.5,63.53,64.22,14216366
2009-10-28,64.33,66.87,63.21,63.47,13208195
2009-10-29,62.83,64.97,61.89,64.4,22623156
2009-10-30,64.69,65.86,64.13,65.29,8941037
2009-11-03,65.59,66.55,62.51,63.83,5140931
2009-11-04,64.69,65.71,62.73,64.52,3953174
2009-11-05,66.0,69.38,66.0,68.95,15148109
2009-11-06,69.38,70.4,68.53,69.47,5415815
2009-11-09,70.31,70.54,69.01,70.25,7870694
2009-11-10,70.5,70.88,68.95,69.3,7885517
2009-11-11,69.0,72.38,68.45,71.89,9689813
2009-11-12,72.0,73.59,70.21,70.86,6632381
2009-11-13,71.25,72.83,69.57,70.75,13846463
2009-11-16,71.25,72.72,70.36,72.27,5785949
2009-11-17,72.43,73.09,71.27,72.75,5017391
2009-11-18,73.77,73.77,72.09,72.64,4361330
2009-11-19,72.0,72.93,71.64,72.6,8072915
2009-11-20,72.6,73.5,70.93,73.18,3201587
2009-11-23,73.5,77.43,72.47,76.29,15416897
2009-11-24,76.81,77.43,74.42,75.54,6749357
2009-11-25,75.38,79.22,75.21,78.53,13663601
2009-11-26,73.57,79.66,64.65,76.72,15178871
2009-11-27,74.43,77.86,73.69,77.42,7161830
2009-11-30,77.81,79.2,77.81,78.5,9833822
2009-12-01,78.93,78.97,76.69,77.14,12699527
2009-12-02,77.63,79.8,77.46,79.23,14848145
2009-12-03,79.95,80.96,79.03,80.57,7115903
2009-12-04,80.07,80.07,76.88,77.49,12674615
2009-12-07,77.81,78.65,77.43,78.26,6752369
2009-12-08,78.11,79.5,77.63,78.51,8437523
2009-12-09,78.66,80.07,76.55,76.95,8095382
2009-12-10,77.78,78.96,76.33,78.47,10723613
2009-12-11,79.25,79.25,77.36,78.05,4671377
2009-12-14,77.98,79.8,77.73,78.69,8901266
2009-12-15,79.14,79.14,74.4,75.01,9235079
2009-12-16,75.0,77.19,74.53,76.76,6812081
2009-12-17,76.76,77.79,75.75,77.31,6540674
2009-12-18,77.72,77.81,75.01,75.29,5751266
2009-12-21,75.05,75.69,73.69,74.93,7310846
2009-12-22,75.38,76.71,75.09,76.21,4525538
2009-12-23,76.5,79.13,75.79,77.87,7271891
2009-12-24,77.95,79.29,77.76,78.67,5193461
2009-12-29,79.31,79.5,77.81,78.38,3444626
2009-12-30,79.38,82.25,76.88,77.1,3291725
2009-12-31,77.81,78.35,77.11,77.49,3918581
2010-01-04,77.43,78.75,77.13,77.83,4382243
2010-01-05,75.61,78.85,75.61,78.51,11589863
2010-01-06,79.03,79.03,77.27,77.98,5905487
2010-01-07,78.49,80.19,78.01,79.94,8422607
2010-01-08,79.59,81.62,79.59,80.39,10516163
2010-01-11,80.81,81.45,79.69,81.07,10540565
2010-01-12,80.16,81.33,79.88,80.17,5167511
2010-01-13,80.07,80.07,78.95,79.79,5020577
2010-01-14,80.07,81.19,79.74,80.62,9583475
2010-01-15,80.54,80.81,79.63,79.79,4317575
2010-01-18,79.97,83.21,79.33,82.22,13312637
2010-01-19,82.59,83.43,79.35,79.88,12035795
2010-01-20,80.07,81.19,77.25,79.01,14890754
2010-01-21,79.29,79.91,76.59,77.11,6413279
2010-01-22,76.67,76.88,74.11,74.95,16522019
2010-01-25,75.1,75.69,74.17,75.01,6142979
2010-01-27,74.07,75.26,71.72,73.29,11847758
2010-01-28,74.07,75.38,72.77,74.42,13163933
2010-01-29,74.35,74.63,72.97,73.88,6791039
2010-02-01,74.25,77.85,73.5,77.36,7836449
2010-02-02,77.81,78.32,74.09,74.7,6374597
2010-02-03,75.73,77.14,75.41,76.07,4701758
2010-02-04,77.21,79.59,77.21,78.51,17128404
2010-02-05,77.72,79.31,76.17,77.98,17451206
2010-02-06,78.57,79.22,77.43,78.61,1591511
2010-02-08,78.76,79.69,76.13,76.89,14030798
2010-02-09,76.93,77.63,76.33,76.63,6136070
2010-02-10,77.24,77.91,76.05,76.5,8991077
2010-02-11,77.03,77.67,76.91,77.29,3921869
2010-02-15,75.19,78.26,75.19,76.29,4669250
2010-02-16,76.57,77.19,75.81,76.89,6585902
2010-02-17,77.25,77.71,76.53,77.05,7466918
2010-02-18,76.88,76.88,75.51,75.77,7632422
2010-02-19,75.77,76.11,74.7,75.85,5276177
2010-02-22,76.5,76.88,75.57,75.83,3959411
2010-02-23,75.83,77.03,75.57,76.63,5249714
2010-02-24,75.81,76.87,75.57,76.15,5851103
2010-02-25,76.13,76.15,74.39,74.84,7541330
2010-02-26,75.9,77.25,74.27,74.78,12585278
2010-03-02,75.57,75.67,73.29,73.61,8930519
2010-03-03,74.07,75.43,73.71,75.02,6320258
2010-03-04,75.38,75.43,74.17,75.02,7559789
2010-03-05,75.93,77.05,75.47,76.66,6576758
2010-03-08,77.56,78.22,76.88,77.1,9138353
2010-03-09,77.24,77.53,75.85,76.43,3264191
2010-03-10,76.69,77.01,75.96,76.39,4740710
2010-03-11,76.69,78.57,76.24,78.24,8027285
2010-03-12,78.43,79.61,78.21,78.6,8415005
2010-03-15,78.09,78.37,76.71,77.09,3658061
2010-03-16,76.69,78.19,75.19,77.63,3146654
2010-03-17,77.79,79.64,77.79,78.93,2960669
2010-03-18,79.13,79.57,78.09,78.46,2254286
2010-03-19,78.21,79.41,77.31,77.64,4004210
2010-03-22,77.81,78.71,76.06,76.43,4828367
2010-03-23,76.74,77.43,75.93,76.47,5184029
2010-03-25,76.5,76.5,75.0,75.32,21558566
2010-03-26,75.38,76.09,75.05,75.29,15487166
2010-03-29,75.38,75.51,74.29,75.11,10130309
2010-03-30,75.38,75.55,74.81,75.07,15084947
2010-03-31,76.88,77.23,75.07,76.99,11064695
2010-04-01,76.69,77.53,76.33,76.97,4944245
2010-04-05,77.25,78.75,77.09,78.24,8333231
2010-04-06,78.47,78.54,76.71,78.19,5241389
2010-04-07,77.13,81.24,77.13,80.93,13893026
2010-04-08,81.0,81.69,79.52,80.03,7086983
2010-04-09,79.69,81.69,79.36,79.61,17936740
2010-04-12,79.88,79.88,76.79,77.1,17883816
2010-04-13,77.25,77.69,76.31,76.91,13546949
2010-04-15,77.63,77.65,75.19,75.55,7666961
2010-04-16,76.13,77.07,75.44,76.81,15425222
2010-04-19,75.66,76.69,75.47,75.81,7265462
2010-04-20,76.69,81.55,76.69,79.77,42601756
2010-04-21,80.25,80.67,78.73,79.97,11368001
2010-04-22,79.37,80.61,78.93,79.25,8163590
2010-04-23,80.01,80.05,78.76,79.14,2502710
2010-04-26,79.67,80.04,78.93,79.33,4797758
2010-04-27,81.0,81.0,78.99,79.64,5322413
2010-04-28,78.62,79.88,78.0,79.03,8767937
2010-04-29,79.35,79.69,77.68,78.03,12360641
2010-04-30,78.57,80.79,78.21,80.45,8663267
2010-05-03,79.5,80.63,79.5,80.26,5876786
2010-05-04,80.72,81.26,79.71,80.01,9989231
2010-05-05,78.93,79.69,78.07,78.69,5639237
2010-05-06,78.38,80.31,77.76,79.97,8386877
2010-05-07,79.88,79.88,78.21,78.72,7386290
2010-05-10,78.93,80.87,78.93,80.21,4893806
2010-05-11,80.25,82.69,79.17,79.72,14018174
2010-05-12,79.88,81.17,79.41,80.95,6542738
2010-05-13,81.33,81.57,79.95,80.41,5708711
2010-05-14,79.88,81.26,79.88,80.21,3591026
2010-05-17,78.76,81.57,78.47,81.19,6748037
2010-05-18,82.69,83.33,80.85,82.67,8993285
2010-05-19,81.75,82.91,80.29,81.04,6540215
2010-05-20,82.5,85.0,81.79,82.85,19546670
2010-05-21,81.95,85.69,81.03,85.07,14377187
2010-05-24,85.86,85.86,83.97,84.71,7589549
2010-05-25,83.61,84.46,82.01,83.7,5313503
2010-05-26,84.74,85.41,83.15,84.01,7693427
2010-05-27,83.43,85.31,82.8,84.78,11929877
2010-05-28,86.07,86.24,83.68,84.05,5158478
2010-05-31,84.77,85.57,84.04,85.06,6402002
2010-06-01,85.31,86.07,83.83,84.37,4439711
2010-06-02,84.57,85.6,84.38,85.19,7344221
2010-06-03,86.05,87.47,85.51,86.56,9606551
2010-06-04,87.19,88.31,85.88,86.39,13135055
2010-06-07,85.69,86.98,83.85,84.92,8231549
2010-06-08,84.75,86.39,83.88,84.37,11805125
2010-06-09,84.57,86.01,84.19,85.43,4950098
2010-06-10,85.85,86.11,85.13,85.52,3068579
2010-06-11,85.88,86.75,85.63,86.23,7095359
2010-06-14,86.81,87.05,85.77,86.61,4424510
2010-06-15,86.27,87.0,86.11,86.66,3884801
2010-06-16,86.63,87.46,85.99,86.93,5015879
2010-06-17,87.3,89.4,86.63,89.09,4875941
2010-06-18,88.97,89.72,87.95,88.59,4922306
2010-06-21,88.88,89.62,88.23,88.75,6332561
2010-06-22,88.69,89.05,87.93,88.23,3769829
2010-06-23,88.43,89.7,88.13,89.25,2868401
2010-06-24,89.45,90.0,87.64,89.39,6965543
2010-06-25,88.69,96.88,88.53,90.77,19130560
2010-06-28,91.53,92.37,88.03,88.84,24697776
2010-06-29,88.69,89.81,87.39,88.67,7276769
2010-06-30,88.13,89.15,86.86,87.62,10080530
2010-07-01,87.34,90.57,86.35,87.42,8719871
2010-07-02,87.66,88.95,86.16,86.59,7373381
2010-07-05,86.63,87.93,85.33,87.19,6030143
2010-07-06,87.19,87.83,86.63,87.23,3480083
2010-07-07,87.69,87.69,85.33,85.83,3416594
2010-07-08,86.58,88.48,86.35,88.05,6899198
2010-07-09,88.34,89.51,88.11,88.47,4941437
2010-07-12,88.92,89.17,87.03,87.19,4364621
2010-07-13,87.79,88.57,86.86,87.55,5750882
2010-07-14,88.13,88.27,85.71,86.1,4127474
2010-07-15,86.29,86.99,83.49,84.01,9273797
2010-07-16,83.45,83.81,81.73,82.61,13159985
2010-07-19,81.93,84.71,81.79,83.76,9468143
2010-07-20,84.33,84.64,83.45,84.09,6942095
2010-07-21,84.38,86.25,84.38,86.13,8390357
2010-07-22,86.09,89.51,85.52,88.96,14247989
2010-07-23,88.96,89.4,86.53,87.16,6000413
2010-07-26,87.19,88.13,85.31,85.63,4243862
2010-07-27,85.03,85.61,83.69,84.26,7364213
2010-07-28,84.38,85.13,82.45,83.47,8535797
2010-07-29,83.47,85.48,83.47,84.89,6572159
2010-07-30,84.93,84.93,81.85,82.22,14001011
2010-08-02,82.51,84.71,82.5,83.79,11620871
2010-08-03,84.19,85.04,83.17,83.31,8624270
2010-08-04,83.5,84.0,82.35,82.69,14685758
2010-08-05,82.69,83.05,80.5,80.64,20417534
2010-08-06,80.63,82.31,79.8,82.04,16221806
2010-08-09,82.04,82.46,81.09,82.12,5328893
2010-08-10,82.13,83.63,81.6,83.09,9146165
2010-08-11,83.49,84.85,83.39,84.07,10239431
2010-08-12,84.38,84.75,83.31,84.17,4745093
2010-08-13,84.25,85.31,84.01,85.07,6092222
2010-08-16,85.13,85.67,84.05,84.78,2874275
2010-08-17,85.13,86.23,84.1,84.59,7533038
2010-08-18,84.85,86.81,84.75,86.53,5756942
2010-08-19,86.98,87.0,85.88,86.45,3766967
2010-08-20,86.35,88.09,85.57,87.85,3888230
2010-08-23,87.75,88.13,86.83,87.29,10476278
2010-08-24,87.75,87.75,85.13,85.39,6144245
2010-08-25,84.66,85.87,83.54,84.04,6759377
2010-08-26,84.38,86.23,82.33,83.73,13690166
2010-08-27,84.13,86.95,84.13,86.27,10947101
2010-08-30,87.19,88.03,85.56,86.13,5796158
2010-08-31,85.84,87.17,84.79,86.63,3581138
2010-09-01,87.87,88.73,87.03,88.13,6065105
2010-09-02,88.86,88.86,85.84,86.19,3955166
2010-09-03,86.99,86.99,85.31,86.55,3231923
2010-09-06,86.91,88.31,86.16,87.77,4718471
2010-09-07,88.16,88.8,86.3,87.3,5167061
2010-09-08,87.45,88.69,86.88,87.55,3192017
2010-09-09,87.57,88.07,86.01,86.55,9165026
2010-09-13,87.19,88.5,86.75,88.27,5607167
2010-09-14,88.13,89.33,86.84,87.17,5308055
2010-09-15,87.17,91.57,86.85,90.65,18095160
2010-09-16,90.97,92.24,87.41,88.19,11994494
2010-09-17,89.07,90.75,88.6,90.07,7052147
2010-09-20,90.57,91.31,89.66,90.0,5479943
2010-09-21,90.93,91.09,88.57,89.93,7694831
2010-09-22,90.03,90.59,88.47,89.29,13692086
2010-09-23,89.63,90.07,88.91,89.64,6251885
2010-09-24,89.9,90.29,88.97,89.93,9680753
2010-09-27,90.47,91.71,89.54,89.97,12370877
2010-09-28,89.91,90.66,88.55,89.58,8087198
2010-09-29,89.63,90.6,88.22,88.99,4608470
2010-09-30,89.31,89.97,88.61,89.54,11412398
2010-10-01,88.13,92.03,88.13,90.91,8907662
2010-10-04,91.89,92.75,91.27,91.6,4294754
2010-10-05,76.88,92.75,76.88,92.21,3709442
2010-10-06,92.79,93.93,91.34,91.62,8916581
2010-10-07,92.09,92.51,90.31,90.69,9425039
2010-10-08,90.93,93.49,90.93,91.9,10370030
2010-10-11,92.81,93.38,91.73,92.93,7683902
2010-10-12,93.19,94.09,92.35,93.7,13371635
2010-10-13,94.01,95.63,93.1,95.26,13138430
2010-10-14,95.01,96.17,92.83,94.43,7107590
2010-10-15,94.31,94.82,92.25,93.73,4556306
2010-10-18,93.73,94.69,91.88,94.05,4489922
2010-10-19,94.13,97.55,93.39,95.53,9841877
2010-10-20,94.75,96.15,92.83,93.01,5534657
2010-10-21,94.19,94.5,92.94,94.1,7140197
2010-10-22,94.31,95.35,93.76,94.59,3911501
2010-10-25,95.07,95.59,94.18,94.71,5430485
2010-10-26,94.69,94.99,92.64,93.14,6578525
2010-10-27,93.19,93.29,91.75,92.45,4374179
2010-10-28,92.63,94.47,90.75,91.88,9342062
2010-10-29,93.0,93.16,90.97,92.16,4310786
2010-11-01,92.45,93.42,91.2,92.3,7084301
2010-11-02,93.14,93.23,90.57,91.19,6786707
2010-11-03,92.09,93.15,90.42,91.23,17302370
2010-11-04,91.88,92.97,91.73,92.75,5166407
2010-11-05,93.75,93.75,92.26,92.87,965633
2010-11-08,93.19,93.61,92.81,92.97,4702775
2010-11-09,93.19,93.93,92.66,93.32,5315750
2010-11-10,93.71,94.41,92.85,93.77,6631679
2010-11-11,93.93,94.65,91.52,91.96,3076097
2010-11-12,92.51,92.85,88.25,91.05,11631326
2010-11-15,91.33,93.21,90.46,92.65,3339137
2010-11-16,92.63,92.73,90.8,91.89,6438386
2010-11-18,94.5,94.5,89.49,91.71,9036947
2010-11-19,92.23,92.79,91.25,91.95,5359511
2010-11-22,92.63,93.34,90.99,92.84,5868179
2010-11-23,91.69,92.63,91.04,91.75,3747005
2010-11-24,92.16,92.59,90.11,91.01,3173615
2010-11-25,90.99,92.77,90.05,91.59,6592961
2010-11-26,91.31,92.19,90.45,91.41,4862213
2010-11-29,91.86,93.38,90.93,92.75,7103873
2010-11-30,92.42,93.57,90.97,92.16,5112467
2010-12-01,91.95,93.38,91.36,92.86,4485074
2010-12-02,93.19,93.93,91.5,92.19,5824946
2010-12-03,92.43,92.77,90.75,91.09,5562581
2010-12-06,92.25,93.03,91.81,92.53,7485911
2010-12-07,92.51,94.63,92.11,94.12,6989906
2010-12-08,94.27,95.53,92.12,95.13,12172325
2010-12-09,95.81,96.43,92.63,93.17,10736615
2010-12-10,93.0,94.13,91.31,92.36,9052463
2010-12-13,92.25,94.31,91.71,93.93,3442799
2010-12-14,93.93,94.91,93.21,94.61,6286727
2010-12-15,95.72,95.72,93.0,94.22,10696211
2010-12-16,93.45,94.2,92.91,93.75,6615149
2010-12-20,93.73,96.2,93.62,95.2,8005442
2010-12-21,95.42,96.13,94.12,95.25,13419983
2010-12-22,95.63,95.94,94.88,95.49,4717703
2010-12-23,96.0,96.19,94.52,95.32,4446179
2010-12-24,95.43,96.57,94.88,96.33,2265623
2010-12-27,96.17,96.93,95.09,95.56,3429875
2010-12-28,95.63,95.75,94.52,94.88,2168087
2010-12-29,95.14,95.55,94.77,95.03,1799570
2010-12-30,95.77,96.35,94.27,95.75,5596067
2011-01-03,96.01,97.06,96.01,96.57,2864039
2011-01-04,97.2,98.38,97.13,97.61,5140661
2011-01-05,97.88,99.73,97.14,99.15,3607133
2011-01-06,99.38,100.83,98.47,98.84,7200494
2011-01-07,98.68,99.88,97.6,98.34,4378253
2011-01-10,98.43,99.15,93.75,94.27,6716645
2011-01-11,95.07,95.85,93.07,93.87,4881407
2011-01-12,95.05,96.0,93.21,95.42,3770381
2011-01-13,95.84,96.63,92.91,93.49,5755202
2011-01-14,93.66,94.63,90.19,91.27,4838573
2011-01-17,91.69,91.8,87.89,90.35,7367447
2011-01-18,90.93,92.07,88.31,89.67,8916437
2011-01-19,90.0,90.38,86.86,87.57,16482221
2011-01-20,86.07,86.94,84.09,84.99,19291922
2011-01-21,85.67,86.01,84.57,84.93,6923774
2011-01-24,85.69,86.68,85.13,86.29,6161429
2011-01-25,87.0,90.17,86.51,88.97,7813895
2011-01-27,90.38,90.92,85.31,86.16,9834734
2011-01-28,86.33,86.6,83.43,85.24,6691565
2011-01-31,85.69,89.63,84.63,88.31,6313991
2011-02-01,88.5,89.01,85.5,86.67,4745135
2011-02-02,86.91,88.08,85.88,86.47,3179309
2011-02-03,86.64,88.2,85.89,86.98,3034973
2011-02-04,87.19,87.55,84.43,84.95,6068351
2011-02-07,86.01,86.01,82.52,83.46,5989295
2011-02-08,85.13,85.13,82.31,82.79,6533141
2011-02-09,81.79,84.51,79.97,83.68,7380182
2011-02-10,83.1,85.67,82.99,84.76,8116109
2011-02-11,84.1,84.76,82.14,83.59,15792734
2011-02-14,83.0,85.88,83.0,85.5,3214334
2011-02-15,85.5,86.98,84.63,85.79,3139727
2011-02-16,86.19,86.57,84.85,85.97,2752562
2011-02-17,85.86,85.86,84.67,84.93,4945733
2011-02-18,85.47,85.5,82.51,83.04,4346774
2011-02-21,83.43,84.83,81.57,84.17,4182263
2011-02-22,83.63,84.36,82.13,82.91,4119086
2011-02-23,82.69,83.83,82.24,83.15,2183189
2011-02-24,82.22,84.19,81.0,82.07,7354178
2011-02-25,82.13,83.1,80.87,82.03,4536710
2011-02-28,82.69,83.07,79.69,79.97,10632275
2011-03-01,80.43,83.81,80.16,83.43,3928469
2011-03-03,82.23,85.67,82.23,85.36,6978806
2011-03-04,85.5,86.25,84.03,85.37,5255837
2011-03-07,84.19,85.5,82.69,83.22,2227859
2011-03-08,82.53,83.76,82.13,82.69,3330029
2011-03-09,83.35,83.36,81.39,82.71,4454837
2011-03-10,82.79,83.17,81.85,82.85,2839421
2011-03-11,81.93,83.35,81.93,82.95,2153201
2011-03-14,83.05,87.7,83.05,86.75,6446246
2011-03-15,85.31,86.63,83.63,85.83,5408807
2011-03-16,85.89,86.63,85.13,85.64,4494335
2011-03-17,84.57,85.4,84.03,84.81,4487990
2011-03-18,85.09,85.31,83.49,83.98,7316897
2011-03-21,84.19,85.03,84.0,84.46,2529413
2011-03-22,84.75,85.41,84.22,85.05,3473330
2011-03-23,85.47,87.75,85.13,87.47,3696119
2011-03-24,87.66,88.13,85.47,86.09,5671922
2011-03-25,88.09,88.09,84.63,85.99,7100855
2011-03-28,86.05,86.07,84.0,84.51,7837733
2011-03-29,84.75,85.5,83.64,85.09,11481374
2011-03-30,84.96,86.81,84.75,86.09,8721491
2011-03-31,86.79,88.29,85.14,87.0,11123126
2011-04-01,86.62,88.43,85.93,86.91,6633887
2011-04-04,87.32,87.53,85.33,85.71,7494641
2011-04-05,86.42,86.77,85.53,86.59,4576583
2011-04-06,86.59,89.39,86.59,89.07,8082590
2011-04-07,89.43,90.25,88.14,88.71,6379421
2011-04-08,89.07,89.23,87.29,88.34,3492833
2011-04-11,88.48,88.77,86.45,87.03,2081534
2011-04-13,87.19,89.43,86.53,89.09,5689286
2011-04-15,89.16,89.16,87.44,87.99,3667766
2011-04-18,88.31,89.03,86.63,86.97,3313247
2011-04-19,86.99,88.92,85.44,88.61,4243361
2011-04-20,89.07,90.15,88.21,89.77,2807507
2011-04-21,89.94,90.0,88.29,88.89,3671381
2011-04-25,88.33,90.64,88.33,89.9,1946951
2011-04-26,89.9,91.03,88.89,90.51,8615741
2011-04-27,91.03,91.03,89.07,89.23,2411894
2011-04-28,89.25,89.68,88.71,89.11,5735975
2011-04-29,89.07,90.34,88.73,89.15,4317617
2011-05-02,89.25,89.99,85.88,86.43,5697959
2011-05-03,86.81,86.81,83.27,83.57,7256615
2011-05-04,84.02,84.38,82.19,83.75,8454701
2011-05-05,84.14,85.5,83.87,84.38,4714679
2011-05-06,85.2,85.31,83.85,84.38,5010581
2011-05-09,84.75,86.07,84.57,85.61,3327893
2011-05-10,85.34,87.07,85.34,86.64,3173846
2011-05-11,86.43,86.77,85.23,86.43,3516485
2011-05-12,86.53,87.43,85.9,86.27,5776109
2011-05-13,86.07,87.38,85.35,86.09,2120453
2011-05-16,86.07,86.25,84.39,84.78,4656695
2011-05-17,85.26,85.26,80.87,81.24,7749686
2011-05-18,80.93,81.17,78.62,79.07,7310390
2011-05-19,80.01,81.83,79.24,80.28,4095158
2011-05-20,80.25,81.75,78.81,79.91,7039667
2011-05-23,79.13,82.28,77.37,81.61,21385574
2011-05-24,81.57,82.13,80.25,80.62,5814611
2011-05-25,80.63,81.09,79.69,80.57,6901598
2011-05-26,81.0,83.79,79.83,82.89,9291191
2011-05-27,82.93,83.07,81.19,81.51,5027921
2011-05-30,81.83,83.35,80.91,83.07,4007762
2011-05-31,83.35,84.33,82.74,83.4,4224515
2011-06-01,82.74,85.13,82.74,84.87,2979425
2011-06-02,84.0,85.03,82.83,83.95,2662943
2011-06-03,84.32,84.67,81.93,82.43,3535655
2011-06-06,82.79,82.79,80.83,81.03,3760979
2011-06-07,81.57,82.03,80.84,81.71,3886550
2011-06-08,81.76,83.31,81.57,83.16,2640323
2011-06-09,83.25,83.91,82.41,83.45,2229455
2011-06-10,83.01,83.81,82.55,83.46,3018749
2011-06-13,83.43,84.75,83.25,84.38,4039415
2011-06-14,84.75,85.48,83.91,84.63,4906211
2011-06-15,84.1,84.57,82.62,82.99,3222941
2011-06-16,82.88,82.88,81.59,81.87,2629010
2011-06-17,81.85,83.33,81.54,82.45,3239330
2011-06-20,82.15,83.41,79.69,80.76,4128641
2011-06-21,80.91,82.5,80.43,81.38,3227234
2011-06-22,82.01,82.79,81.57,82.07,3177821
2011-06-23,81.76,82.71,81.75,82.09,1427822
2011-06-24,82.46,84.55,82.19,84.05,5925038
2011-06-27,85.84,87.15,84.99,85.77,8340287
2011-06-28,86.24,86.24,83.43,83.69,4594337
2011-06-29,84.19,85.01,81.99,82.81,6196691
2011-06-30,82.43,83.72,82.33,82.72,6901265
2011-07-01,83.25,85.03,83.17,84.51,11119046
2011-07-04,85.69,86.72,84.47,86.35,6138893
2011-07-05,86.4,86.63,85.14,85.6,6927869
2011-07-06,85.0,87.19,85.0,86.16,7537190
2011-07-07,86.25,87.92,85.97,87.53,5655359
2011-07-08,87.75,88.48,86.63,86.79,4227653
2011-07-11,86.31,87.17,85.88,86.83,2943155
2011-07-12,86.42,87.57,85.13,85.77,3123329
2011-07-13,85.88,87.7,85.88,86.95,6108926
2011-07-14,86.25,86.79,85.31,85.63,7233581
2011-07-15,85.86,86.16,83.45,83.65,3580838
2011-07-18,83.81,85.48,83.46,85.31,4140677
2011-07-19,85.31,87.0,84.63,85.69,3225389
2011-07-20,86.23,86.81,84.93,85.5,3671237
2011-07-21,85.31,86.33,85.03,85.8,2375309
2011-07-22,85.99,87.67,85.99,87.47,6567518
2011-07-25,87.57,89.62,87.1,87.51,5795885
2011-07-26,87.66,88.23,85.79,86.49,2540339
2011-07-27,87.0,87.47,84.78,85.96,4847519
2011-07-28,85.04,86.71,85.04,86.07,3282578
2011-07-29,87.1,87.93,85.94,86.45,5554190
2011-08-01,86.59,87.85,86.03,87.12,2002349
2011-08-02,87.32,87.75,85.95,86.65,6228707
2011-08-03,86.23,87.45,85.86,86.83,5019437
2011-08-04,87.01,89.25,87.01,87.57,5551703
2011-08-05,84.77,87.33,84.75,85.47,7841039
2011-08-08,84.93,88.2,83.28,84.21,7331411
2011-08-09,82.88,84.31,81.32,82.09,7697078
2011-08-10,84.36,84.36,81.0,81.97,6084017
2011-08-11,81.75,82.97,81.38,82.57,2932805
2011-08-12,82.88,84.41,82.23,84.14,4446446
2011-08-16,84.73,84.76,81.01,81.35,3953270
2011-08-17,81.38,83.59,79.81,82.17,5090687
2011-08-18,82.88,83.16,81.38,82.17,2917781
2011-08-19,80.63,82.82,79.93,80.57,2594453
2011-08-22,80.63,81.54,77.4,77.86,11005631
2011-08-23,77.98,78.57,76.47,77.38,5332322
2011-08-24,77.63,78.38,76.79,77.19,4044854
2011-08-25,78.19,78.29,76.74,77.43,6292574
2011-08-26,77.63,78.91,76.5,77.11,7766429
2011-08-29,77.81,78.64,77.29,78.17,4905731
2011-08-30,77.91,78.65,76.31,76.99,6192659
2011-09-02,79.49,79.49,77.07,77.81,6642086
2011-09-05,77.45,79.13,77.45,78.32,7304102
2011-09-06,78.38,80.63,77.83,80.11,7863059
2011-09-07,80.25,81.33,79.41,80.05,5966045
2011-09-08,80.25,80.57,78.77,79.33,7997831
2011-09-09,79.35,79.69,77.38,77.65,7894511
2011-09-12,77.25,77.25,75.57,76.71,7131551
2011-09-13,77.07,78.47,76.13,76.52,5456594
2011-09-14,77.29,78.5,75.93,77.97,6848663
2011-09-15,79.29,81.93,78.62,81.41,5156147
2011-09-16,82.13,83.07,78.75,79.45,10150406
2011-09-19,80.07,81.57,79.45,81.3,4650839
2011-09-20,81.69,82.05,80.45,81.83,6209966
2011-09-21,82.39,82.4,80.5,80.84,2003363
2011-09-22,80.36,80.42,78.21,79.38,2819315
2011-09-23,79.29,80.11,77.47,79.11,3881891
2011-09-26,79.57,79.57,76.33,76.83,6020849
2011-09-27,77.13,78.15,76.67,77.42,5401118
2011-09-28,78.47,79.69,76.89,79.43,7896326
2011-09-29,79.31,80.63,78.03,79.85,8081951
2011-09-30,79.97,80.25,76.71,76.97,8908661
2011-10-03,76.14,78.59,75.63,78.41,5667794
2011-10-04,78.19,78.67,76.31,76.91,4455170
2011-10-05,76.99,77.76,75.02,76.01,5860862
2011-10-07,77.56,78.57,76.64,77.09,5854790
2011-10-10,77.11,79.25,76.91,79.05,6007526
2011-10-11,79.83,79.83,77.91,78.21,5336423
2011-10-12,78.39,79.11,77.81,78.69,3924131
2011-10-13,79.41,79.49,77.79,78.38,3127313
2011-10-14,78.53,78.89,77.26,77.88,4214885
2011-10-17,77.83,78.38,76.51,76.8,2903954
2011-10-18,76.07,77.91,76.07,77.59,4344035
2011-10-19,78.19,80.35,77.28,79.87,3558359
2011-10-20,78.57,79.41,77.93,79.12,1905470
2011-10-21,78.95,79.31,77.83,78.45,2588798
2011-10-24,79.79,80.25,78.85,79.82,2658431
2011-10-25,81.57,81.57,79.26,79.97,5870918
2011-10-26,79.97,81.0,79.88,80.28,467135
2011-10-28,83.4,84.19,79.33,80.43,6829793
2011-10-31,81.09,81.09,78.89,79.29,3409475
2011-11-01,78.75,80.07,78.75,79.33,2981117
2011-11-02,79.31,80.61,78.29,78.59,2454605
2011-11-03,79.31,80.49,78.69,80.21,2412527
2011-11-04,80.14,80.86,78.99,79.47,2940959
2011-11-08,80.05,80.05,78.77,79.05,1141214
2011-11-09,79.37,79.37,77.45,78.16,4768583
2011-11-11,77.81,78.62,77.27,77.83,2805734
2011-11-14,78.38,78.83,77.84,78.49,3324977
2011-11-15,78.47,78.75,75.93,76.37,2694662
2011-11-16,76.36,76.41,71.45,73.41,12165797
2011-11-17,74.03,74.26,71.83,72.47,4572305
2011-11-18,72.71,72.71,69.47,71.49,5681570
2011-11-21,71.25,72.15,69.47,69.88,8509718
2011-11-22,70.13,71.07,68.81,70.13,5694263
2011-11-23,70.05,71.62,69.25,69.92,8541653
2011-11-24,69.93,73.12,69.75,72.55,11527475
2011-11-25,72.75,73.28,71.87,72.15,6069155
2011-11-28,73.41,73.94,71.89,72.9,4659815
2011-11-29,73.59,73.83,72.19,72.95,2834519
2011-11-30,72.93,74.1,72.04,73.43,6656183
2011-12-01,74.49,75.38,73.64,74.46,4850117
2011-12-02,74.81,75.01,73.76,74.71,6193997
2011-12-05,74.49,75.31,73.72,74.83,7774022
2011-12-07,75.0,75.86,74.07,75.43,9380063
2011-12-08,75.19,75.38,73.26,74.17,11394062
2011-12-09,73.31,74.55,72.41,73.6,4706222
2011-12-12,74.25,74.79,72.93,73.41,5456933
2011-12-13,72.39,73.61,72.39,73.13,13287461
2011-12-14,72.71,73.13,69.43,70.11,13915229
2011-12-15,68.84,70.26,68.47,69.67,12936119
2011-12-16,70.5,72.73,69.0,70.83,5109473
2011-12-19,70.13,71.43,68.67,70.54,7242962
2011-12-20,71.43,71.91,70.31,70.87,6602261
2011-12-21,72.19,73.5,70.69,72.81,5006483
2011-12-22,72.75,74.4,72.21,73.79,2803469
2011-12-23,73.82,74.24,72.78,73.34,1516931
2011-12-26,73.46,74.63,72.6,74.17,1048511
2011-12-27,74.51,74.81,72.59,74.13,2748257
2011-12-28,74.4,74.63,72.92,74.07,5001569
2011-12-29,73.99,74.25,70.71,71.64,4480247
2011-12-30,71.76,72.29,70.54,71.93,5332358
2012-01-02,72.0,73.4,71.43,72.51,2905430
2012-01-03,72.93,73.99,72.44,73.63,2682593
2012-01-04,73.33,74.78,72.75,73.94,7517375
2012-01-05,74.05,74.05,71.07,71.43,14660861
2012-01-06,71.21,72.17,69.75,71.41,9812078
2012-01-07,71.91,72.15,71.01,71.84,230351
2012-01-09,72.57,73.13,70.94,71.37,7302701
2012-01-10,71.53,72.07,71.25,71.4,6536321
2012-01-11,71.79,72.0,71.1,71.31,3788867
2012-01-12,71.72,72.75,71.59,72.24,5525201
2012-01-13,72.75,72.75,69.75,70.03,13735967
2012-01-16,70.13,70.13,68.81,69.81,5121971
2012-01-17,69.93,70.24,69.11,69.46,9315779
2012-01-18,70.07,70.17,67.5,68.42,12180791
2012-01-19,68.72,69.66,68.53,69.17,7599731
2012-01-20,69.21,70.48,68.55,69.81,5439119
2012-01-23,69.92,70.13,68.26,69.27,10632113
2012-01-24,69.66,69.75,68.72,68.93,6709421
2012-01-25,69.53,69.53,68.36,68.65,12252626
2012-01-27,69.75,70.46,68.63,69.85,15021422
2012-01-30,69.66,71.05,68.74,69.15,6276455
2012-01-31,70.01,70.31,69.05,69.99,7486775
2012-02-01,69.38,70.97,69.24,70.63,6312977
2012-02-02,71.14,73.09,70.6,72.85,11180114
2012-02-03,73.31,73.88,73.03,73.4,7718726
2012-02-06,74.1,74.36,72.19,73.04,9017846
2012-02-07,73.29,73.29,70.74,71.09,6313733
2012-02-08,70.91,74.01,70.88,73.45,6786467
2012-02-09,73.31,74.03,72.19,72.96,7005617
2012-02-10,73.03,73.47,71.47,72.35,2958446
2012-02-13,72.38,73.74,72.29,72.77,4019486
2012-02-14,72.79,73.57,72.07,72.29,3046049
2012-02-15,72.9,74.81,72.43,74.43,9796271
2012-02-16,74.24,75.16,72.04,72.19,6108101
2012-02-17,72.93,73.14,70.45,71.38,9566765
2012-02-21,71.63,71.76,70.55,71.43,6505571
2012-02-22,71.81,72.09,69.77,70.34,6886694
2012-02-23,70.41,70.72,69.39,70.05,10640951
2012-02-24,70.63,71.23,69.93,70.29,4441526
2012-02-27,70.69,70.82,69.39,69.67,5074226
2012-02-28,69.77,70.97,69.77,70.17,3464771
2012-02-29,70.79,71.05,69.38,70.29,7024049
2012-03-01,70.31,71.14,69.04,70.07,5724002
2012-03-02,70.66,70.66,69.43,69.61,4152353
2012-03-03,69.93,69.93,69.5,69.67,148853
2012-03-05,69.75,69.79,66.09,66.24,13692845
2012-03-06,66.57,66.92,64.83,65.91,7107731
2012-03-07,66.17,66.17,64.86,65.17,4654799
2012-03-09,65.85,66.21,65.11,65.46,8375150
2012-03-12,66.57,66.66,65.54,66.45,3677075
2012-03-13,66.61,69.69,66.61,69.41,8329106
2012-03-14,70.31,70.59,69.0,70.33,7298471
2012-03-15,70.69,71.21,69.75,70.28,11546237
2012-03-16,69.67,71.07,68.09,68.74,5488670
2012-03-19,68.81,69.55,67.69,68.17,5023382
2012-03-20,68.01,69.02,67.54,68.26,2486279
2012-03-21,68.26,70.09,67.69,69.27,5391155
2012-03-22,69.38,69.78,67.52,67.85,6056855
2012-03-23,67.88,70.25,67.13,69.36,4872557
2012-03-26,69.88,69.92,67.51,67.99,5413010
2012-03-27,68.95,69.13,67.74,68.16,6325757
2012-03-28,68.36,69.51,68.11,68.67,3487622
2012-03-29,68.33,69.92,67.61,68.98,8171351
2012-03-30,69.38,71.89,69.32,70.55,7510067
2012-04-02,70.95,71.46,69.85,70.71,6099581
2012-04-03,71.07,72.29,71.07,71.88,9017933
2012-04-04,70.97,71.16,69.1,69.59,6924791
2012-04-09,69.57,69.57,67.76,68.09,3583157
2012-04-10,67.43,67.5,60.78,66.67,29231988
2012-04-11,66.9,67.74,65.64,66.43,10105730
2012-04-12,66.46,67.5,66.46,67.33,2375045
2012-04-13,67.13,68.65,66.47,66.79,4473158
2012-04-16,66.93,67.33,65.25,66.72,1928006
2012-04-17,67.29,69.32,65.81,68.51,4370831
2012-04-18,68.45,70.49,68.26,68.89,4699493
2012-04-19,69.19,69.38,67.17,67.59,2937893
2012-04-20,67.79,68.31,66.93,67.66,5936006
2012-04-23,67.76,68.23,65.81,66.24,2981123
2012-04-24,66.36,66.95,64.69,65.09,5754110
2012-04-25,65.43,65.45,62.81,62.95,11965094
2012-04-26,63.55,63.55,60.37,60.69,16208837
2012-04-27,60.85,61.99,60.75,61.57,5803262
2012-04-28,62.23,62.23,61.59,61.95,168755
2012-04-30,61.95,62.78,61.79,61.96,6035342
2012-05-02,61.93,62.19,60.93,61.75,3200435
2012-05-03,61.13,61.62,60.61,60.91,5036615
2012-05-04,60.49,61.03,59.1,60.17,6373679
2012-05-07,59.72,60.66,59.07,59.79,8481317
2012-05-08,60.33,62.37,60.33,60.71,11213714
2012-05-09,60.57,61.31,59.63,60.49,7018877
2012-05-10,60.39,61.07,59.85,60.46,4960055
2012-05-11,60.22,60.87,59.09,59.76,4636334
2012-05-14,60.02,60.71,59.11,59.75,4880414
2012-05-15,60.19,60.19,58.88,59.07,3423653
2012-05-16,58.69,59.81,57.76,58.17,5978369
2012-05-17,58.31,59.05,57.07,58.29,4120289
2012-05-18,57.71,59.96,56.63,59.59,4456223
2012-05-21,59.09,60.47,59.07,60.11,3047765
2012-05-22,60.88,61.11,58.33,58.86,4512611
2012-05-23,59.56,61.69,59.07,60.89,9490973
2012-05-24,62.63,62.81,60.5,60.86,9439037
2012-05-25,60.75,63.93,60.67,63.21,4816517
2012-05-28,62.83,63.36,61.23,61.45,3552854
2012-05-29,61.88,62.43,61.41,61.86,7650845
2012-05-30,62.61,62.63,60.19,60.97,9089294
2012-05-31,60.29,61.31,59.84,60.22,11147054
2012-06-01,60.38,64.53,58.88,61.93,15653750
2012-06-04,60.88,61.69,59.36,59.93,7931201
2012-06-05,60.19,61.25,60.05,60.37,3957437
2012-06-06,60.47,61.69,60.43,61.25,7157495
2012-06-07,61.5,61.5,59.95,60.12,6907334
2012-06-08,60.12,62.63,60.12,62.23,7843538
2012-06-11,62.63,63.75,62.49,63.09,9726977
2012-06-12,62.43,63.71,62.31,63.26,8677553
2012-06-13,63.64,64.06,62.83,63.29,7039346
2012-06-14,63.38,64.5,62.25,62.54,6544613
2012-06-15,62.63,63.53,62.13,62.62,5435159
2012-06-18,62.91,63.38,60.83,61.39,3611429
2012-06-19,60.76,63.46,60.39,63.03,5488706
2012-06-20,63.61,64.38,63.19,63.62,6782117
2012-06-21,63.92,64.11,63.07,63.74,4752950
2012-06-22,63.38,64.15,62.83,63.86,3350642
2012-06-25,64.13,65.61,63.99,64.43,7606439
2012-06-26,64.69,66.69,64.01,65.99,7297730
2012-06-27,66.73,67.45,66.3,66.51,7467758
2012-06-28,66.55,67.13,64.04,64.86,10711121
2012-06-29,65.43,66.57,64.72,66.02,9457154
2012-07-02,66.02,67.05,65.62,66.59,3961553
2012-07-03,66.67,68.56,66.67,67.85,7323782
2012-07-04,68.43,68.72,67.5,67.99,4984559
2012-07-05,68.07,68.19,66.59,67.69,4881245
2012-07-06,67.2,67.67,66.41,66.88,2549459
2012-07-09,66.29,67.81,65.38,65.86,3262286
2012-07-10,66.38,67.59,65.81,67.15,5033315
2012-07-11,66.3,67.87,66.3,66.91,3983918
2012-07-12,66.32,68.03,66.17,67.59,6131918
2012-07-13,68.43,68.9,67.8,68.12,3523598
2012-07-16,68.07,68.31,66.09,66.65,1907987
2012-07-17,65.57,67.29,64.88,66.69,2870165
2012-07-18,67.13,67.13,66.01,66.63,1751462
2012-07-19,67.11,67.69,66.22,66.88,2020439
2012-07-20,66.93,66.93,65.98,66.51,1795967
2012-07-23,65.95,66.04,63.32,63.59,4730054
2012-07-24,63.69,64.67,63.19,64.37,3737087
2012-07-25,64.63,64.88,63.79,64.62,6077603
2012-07-26,65.4,65.4,63.93,64.54,4583894
2012-07-27,65.81,66.33,63.97,64.74,1855475
2012-07-30,64.31,67.31,63.59,66.71,4320674
2012-07-31,66.79,67.29,65.93,66.35,4233905
2012-08-01,66.43,67.31,65.72,66.27,2813933
2012-08-02,65.85,66.57,65.65,65.97,1796690
2012-08-03,65.81,67.41,65.43,66.95,4055558
2012-08-06,67.21,68.93,67.21,68.54,8195414
2012-08-07,68.99,71.42,68.5,71.01,10098254
2012-08-08,70.33,71.25,68.07,68.73,11963006
2012-08-09,69.0,69.91,68.56,69.19,3246578
2012-08-10,69.0,69.99,68.56,68.89,3407075
2012-08-13,68.54,70.31,68.54,69.17,6998867
2012-08-14,69.21,70.59,68.84,70.33,6581741
2012-08-16,69.73,70.09,68.63,68.88,4068551
2012-08-17,69.0,69.44,67.31,67.64,3741185
2012-08-21,67.33,69.51,67.19,69.31,2603261
2012-08-22,69.17,69.36,68.47,68.84,3622046
2012-08-23,69.0,69.37,68.29,68.72,1238078
2012-08-24,68.25,69.0,68.09,68.61,3166241
2012-08-27,68.63,69.55,68.29,68.53,3519347
2012-08-28,68.43,69.37,68.31,68.63,4867391
2012-08-29,68.73,69.27,67.93,68.41,3355190
2012-08-30,67.88,68.33,66.43,66.85,8469365
2012-08-31,66.57,67.28,65.64,66.57,6917486
2012-09-03,66.73,67.31,65.1,65.55,3944783
2012-09-04,65.29,67.45,64.81,67.23,3554285
2012-09-05,66.63,67.97,66.07,66.76,4346222
2012-09-06,66.05,68.0,66.05,67.69,2030543
2012-09-07,68.29,68.97,67.91,68.37,5225015
2012-09-08,68.25,68.28,67.88,68.07,71414
2012-09-10,68.21,69.0,67.45,68.89,3623939
2012-09-11,68.25,70.47,68.25,69.93,5155022
2012-09-12,69.75,70.41,68.36,68.88,4393205
2012-09-13,69.0,70.38,69.0,69.29,3448973
2012-09-14,72.19,73.69,69.93,70.23,13109318
2012-09-17,70.88,71.79,70.41,70.69,7416290
2012-09-18,70.61,72.93,70.61,72.75,5970125
2012-09-20,70.89,71.95,69.51,70.24,6342653
2012-09-21,70.11,72.93,69.67,72.25,11369894
2012-09-24,72.25,72.75,70.82,72.0,4484510
2012-09-25,72.0,72.73,71.72,71.95,3874319
2012-09-26,71.53,73.22,71.31,72.51,6591026
2012-09-27,71.84,73.07,71.35,71.79,5897681
2012-09-28,72.83,72.93,71.37,71.76,5273519
2012-10-01,71.72,72.62,71.43,71.74,2879522
2012-10-03,72.38,72.55,71.38,72.16,5059121
2012-10-04,72.0,73.88,71.96,73.39,5332307
2012-10-05,73.59,74.47,60.16,73.69,10511894
2012-10-08,74.07,74.07,72.41,73.4,5776277
2012-10-09,73.41,73.83,71.07,71.45,8349794
2012-10-10,71.43,71.68,69.93,70.41,5075363
2012-10-11,70.72,71.4,69.53,70.57,7344350
2012-10-12,70.31,71.43,64.17,71.24,5467697
2012-10-15,71.42,71.42,69.86,71.25,2583998
2012-10-16,71.35,71.35,70.57,70.95,2593469
2012-10-17,71.25,71.25,69.3,69.57,5711285
2012-10-18,69.79,70.31,68.73,69.04,6325109
2012-10-19,68.49,69.38,66.67,67.6,7354286
2012-10-22,67.13,68.19,67.13,67.28,4676909
2012-10-23,67.67,67.67,66.24,66.57,2953829
2012-10-25,66.61,68.07,66.47,67.72,5566421
2012-10-26,67.5,68.62,67.13,68.29,6837887
2012-10-29,67.72,68.81,67.15,67.77,4182062
2012-10-30,67.52,68.05,66.43,66.67,2716673
2012-10-31,66.57,67.07,65.09,65.42,4328966
2012-11-01,64.93,65.78,64.66,64.79,8529635
2012-11-02,64.89,67.59,64.89,67.28,5607554
2012-11-05,67.22,67.62,66.47,66.93,3376562
2012-11-06,66.75,68.47,66.75,68.21,5087699
2012-11-07,68.42,68.95,67.74,68.64,2688221
2012-11-08,68.25,68.53,66.59,67.24,5711729
2012-11-09,67.46,67.79,66.21,66.57,2501585
2012-11-12,66.77,67.66,65.84,66.03,4810466
2012-11-13,65.89,66.19,65.46,65.9,368231
2012-11-15,65.53,67.69,65.49,66.38,9068759
2012-11-16,65.96,66.38,64.69,64.93,5285831
2012-11-19,64.61,65.56,63.85,64.23,3832607
2012-11-20,64.21,65.39,64.15,64.51,3824915
2012-11-21,64.52,65.23,64.14,64.97,3483569
2012-11-22,65.07,65.78,64.57,65.13,3354962
2012-11-23,65.16,65.38,63.57,63.73,4207703
2012-11-26,64.26,64.26,62.91,63.19,2955185
2012-11-27,63.26,64.22,63.15,63.69,5023553
2012-11-29,63.66,64.88,63.66,64.59,6697478
2012-11-30,64.17,66.74,63.99,66.25,6965438
2012-12-03,66.19,66.93,65.15,65.35,5281391
2012-12-04,65.27,66.46,65.27,66.05,2693846
2012-12-05,66.29,66.57,66.05,66.33,4969823
2012-12-06,66.14,66.55,65.35,66.33,1932086
2012-12-07,66.21,66.38,65.91,66.16,3687437
2012-12-10,66.19,67.17,66.0,66.44,3998051
2012-12-11,66.43,66.91,65.83,66.55,2589245
2012-12-12,66.44,66.57,64.77,65.21,4199918
2012-12-13,65.21,66.45,64.65,65.17,3301439
2012-12-14,65.11,65.67,64.74,64.96,2818655
2012-12-17,64.36,65.17,64.26,64.53,2734055
2012-12-18,64.71,65.59,64.5,65.05,5715458
2012-12-19,65.27,65.96,65.03,65.61,3613874
2012-12-20,65.96,66.15,65.21,65.95,2257250
2012-12-21,65.93,65.93,64.51,65.47,2285573
2012-12-24,66.0,66.33,65.21,66.03,2243525
2012-12-26,66.03,66.81,65.63,66.36,5144690
2012-12-27,66.62,66.85,64.69,65.17,8465933
2012-12-28,65.27,66.19,65.13,65.87,2514479
2013-01-01,67.31,67.57,66.83,67.01,1926530
2013-01-02,67.26,68.57,67.14,68.39,8893373
2013-01-03,68.93,68.95,67.55,68.13,5325134
2013-01-04,67.95,70.21,66.99,69.59,9928829
2013-01-07,70.39,70.39,68.49,68.69,6531446
2013-01-08,68.64,68.88,67.67,68.35,4208690
2013-01-09,68.43,69.9,68.19,69.49,6606545
2013-01-10,69.79,70.72,68.59,68.9,9403301
2013-01-11,69.17,69.57,67.79,68.33,6511757
2013-01-14,68.91,69.93,68.29,69.55,1733681
2013-01-15,69.11,70.31,68.63,69.79,6267245
2013-01-16,70.26,70.67,69.38,69.92,7520882
2013-01-17,69.57,71.43,68.46,70.57,9748919
2013-01-18,70.74,74.22,70.74,71.93,19841342
2013-01-21,72.1,73.14,72.1,72.75,9022193
2013-01-22,72.75,72.75,69.04,69.37,5927543
2013-01-23,69.53,70.04,68.25,68.62,4705262
2013-01-24,68.84,69.29,65.01,65.53,12489569
2013-01-25,65.98,66.85,65.17,66.29,4206305
2013-01-28,66.35,68.43,66.09,67.14,6624449
2013-01-29,66.79,67.41,65.63,65.73,3178631
2013-01-30,66.02,66.33,63.41,63.59,13621214
2013-01-31,63.57,64.79,62.87,64.17,17261966
2013-02-01,64.37,65.25,63.93,64.35,9883958
2013-02-04,64.69,65.01,63.49,63.71,3487757
2013-02-05,63.71,64.96,63.71,64.67,8313854
2013-02-06,65.07,65.07,63.9,64.46,8628290
2013-02-07,64.15,64.45,62.65,62.9,5927822
2013-02-08,62.9,63.32,62.45,62.93,2848817
2013-02-11,63.16,63.66,62.7,62.86,5541719
2013-02-12,62.87,63.1,62.25,62.51,3682175
2013-02-13,62.53,62.79,60.93,61.51,4896839
2013-02-14,61.26,63.19,61.13,62.75,5545217
2013-02-15,63.19,64.03,62.47,63.51,6082007
2013-02-18,63.13,64.11,62.78,63.78,9405731
2013-02-19,63.93,63.93,62.17,62.71,3506291
2013-02-20,63.32,63.6,62.43,63.38,5284193
2013-02-21,63.14,63.6,62.81,63.41,5917526
2013-02-22,63.46,64.63,63.38,63.93,6492095
2013-02-25,64.31,64.6,63.38,64.35,5227349
2013-02-26,64.39,64.5,63.22,63.71,4448615
2013-02-27,63.79,64.06,61.83,62.54,5937347
2013-02-28,62.81,63.32,61.55,62.35,12967346
2013-03-01,62.57,62.67,61.45,62.26,7007966
2013-03-04,62.07,62.61,60.93,61.88,5278658
2013-03-05,62.24,63.86,61.5,63.19,5607458
2013-03-06,63.24,63.71,61.91,62.63,5357669
2013-03-07,62.12,62.43,61.79,62.16,6311891
2013-03-08,62.53,64.22,62.33,64.05,7030775
2013-03-11,64.22,65.81,64.01,64.86,7534367
2013-03-12,65.1,65.49,64.52,64.94,4132979
2013-03-13,64.59,64.67,63.21,63.67,5077247
2013-03-14,63.38,64.03,61.72,62.35,5937254
2013-03-15,62.43,62.98,60.36,60.62,7952333
2013-03-18,60.21,60.38,58.67,58.82,6459734
2013-03-19,59.05,60.9,58.91,60.65,12403007
2013-03-20,60.05,60.75,59.33,59.75,4567733
2013-03-21,59.72,60.91,59.43,59.79,4586591
2013-03-22,59.79,60.27,59.67,59.83,6259415
2013-03-25,60.24,61.5,58.5,58.83,3477557
2013-03-26,58.95,59.07,56.29,56.95,9244487
2013-03-28,57.19,60.38,57.13,59.67,15609746
2013-04-01,59.93,60.87,59.65,60.25,4108478
2013-04-02,60.51,60.75,59.75,60.33,3773330
2013-04-03,60.29,60.55,58.69,58.93,5338181
2013-04-04,58.41,60.09,58.34,58.52,3698591
2013-04-05,58.41,60.31,58.41,59.33,3775367
2013-04-08,59.25,60.33,59.19,60.07,1718402
2013-04-09,60.21,60.53,58.5,58.83,3211574
2013-04-10,59.19,59.35,58.54,59.17,3025607
2013-04-11,59.35,59.59,58.17,59.12,3723521
2013-04-12,59.19,59.62,58.5,59.25,1365623
2013-04-15,59.11,60.38,59.11,59.55,2220335
2013-04-16,59.67,60.38,59.47,60.17,3847799
2013-04-17,60.44,61.45,60.09,60.43,3945566
2013-04-18,60.53,63.0,60.53,62.45,2586434
2013-04-22,62.49,63.1,62.09,62.9,3308741
2013-04-23,63.38,63.38,61.52,61.88,3081233
2013-04-25,61.69,65.61,61.69,64.57,7793927
2013-04-26,64.14,66.19,64.13,65.83,9104861
2013-04-29,66.32,66.66,65.35,65.79,3944849
2013-04-30,65.63,66.57,65.19,65.84,8126087
2013-05-02,65.84,66.12,64.45,65.03,2494205
2013-05-03,64.99,65.01,62.63,62.84,3977555
2013-05-06,63.19,64.01,63.01,63.72,2924741
2013-05-07,63.97,64.59,63.6,64.26,5572769
2013-05-08,63.87,65.31,63.87,64.22,3376973
2013-05-09,64.22,64.67,63.35,63.71,4247861
2013-05-10,63.59,64.57,63.47,64.18,3739997
2013-05-11,63.95,64.29,63.53,63.95,191759
2013-05-13,64.53,64.62,61.86,62.24,7016450
2013-05-14,62.35,63.93,62.09,63.29,4591538
2013-05-15,63.38,64.31,63.38,63.73,7972295
2013-05-16,63.0,64.96,63.0,63.41,4514402
2013-05-17,63.38,63.76,62.45,63.17,5702957
2013-05-20,63.99,64.19,62.91,63.1,1790981
2013-05-21,63.51,63.91,62.49,63.09,4077614
2013-05-22,63.38,63.47,61.75,61.85,5930978
2013-05-23,61.13,62.89,60.57,60.81,5250755
2013-05-24,60.57,61.23,59.76,60.37,3509057
2013-05-27,60.19,61.13,59.79,60.85,3266702
2013-05-28,61.5,62.79,60.95,61.25,7993874
2013-05-29,62.03,62.03,60.11,60.3,4172162
2013-05-30,60.17,60.5,59.56,60.09,7317413
2013-05-31,60.19,61.29,56.87,57.38,26523960
2013-06-03,57.25,58.79,56.98,58.4,4728701
2013-06-04,58.26,58.8,58.06,58.34,2861942
2013-06-05,58.46,59.59,58.39,59.05,4770302
2013-06-06,58.5,58.79,57.38,58.21,4665314
2013-06-07,57.85,58.74,57.47,57.57,5089361
2013-06-10,57.6,58.07,56.78,56.95,3163886
2013-06-11,56.81,57.85,56.45,57.37,4593458
2013-06-12,57.57,57.99,57.0,57.17,8070929
2013-06-13,56.96,57.24,54.83,55.6,5923217
2013-06-14,55.88,57.17,55.88,56.75,3837686
2013-06-17,56.83,57.19,55.69,56.19,7545575
2013-06-18,55.91,56.25,55.03,55.19,3672359
2013-06-19,55.05,56.03,55.04,55.85,5803655
2013-06-20,55.14,55.22,54.38,54.64,6468671
2013-06-21,54.47,55.41,53.65,54.31,8664995
2013-06-24,54.0,54.19,51.78,53.49,5175110
2013-06-25,53.67,54.38,53.05,53.64,3856247
2013-06-26,53.93,56.11,53.19,55.59,4954079
2013-06-27,55.88,57.37,55.57,56.07,8230751
2013-06-28,55.31,59.53,53.67,58.74,13422638
2013-07-01,58.69,61.69,58.23,60.92,7679942
2013-07-02,60.57,62.72,59.83,62.35,14651669
2013-07-03,61.79,63.15,60.57,61.74,12205121
2013-07-04,61.31,62.98,60.57,62.57,6714503
2013-07-05,62.7,62.7,61.13,61.31,8690033
2013-07-08,60.91,61.21,59.16,59.62,5506517
2013-07-09,60.19,60.33,59.25,59.5,3251138
2013-07-10,58.93,59.63,58.79,59.0,4368515
2013-07-11,59.71,60.69,59.47,60.09,6751439
2013-07-12,60.29,60.85,59.55,60.51,6134978
2013-07-15,60.19,60.89,60.03,60.57,2007935
2013-07-16,59.49,61.31,59.38,60.74,6160721
2013-07-17,60.29,62.16,59.87,60.32,8269751
2013-07-18,60.12,61.31,59.73,60.85,11800754
2013-07-19,60.93,62.79,60.3,62.38,4377089
2013-07-22,62.25,62.25,61.17,61.88,1947143
2013-07-23,62.17,63.09,61.6,62.29,3237935
2013-07-24,61.93,63.07,61.52,61.94,5528861
2013-07-25,62.42,62.81,60.95,61.75,14345750
2013-07-26,61.55,62.49,59.43,59.83,4908674
2013-07-29,59.63,59.81,58.5,59.59,2934551
2013-07-30,59.64,59.81,56.93,57.41,6468035
2013-07-31,56.47,56.93,54.77,56.47,7979831
2013-08-01,56.81,59.05,55.55,57.19,7929614
2013-08-02,57.38,58.09,56.07,57.11,2914631
2013-08-05,57.0,57.69,55.83,57.21,3571379
2013-08-06,57.0,57.72,56.07,56.79,7567571
2013-08-07,56.81,57.51,55.91,57.13,2371382
2013-08-08,57.02,57.29,56.13,56.83,6147911
2013-08-12,57.69,57.69,56.17,56.28,3569570
2013-08-13,56.24,58.5,55.57,57.86,3988145
2013-08-14,59.07,60.19,57.63,59.85,4225406
2013-08-16,59.79,60.69,55.52,55.93,13782974
2013-08-19,56.81,57.17,55.23,56.13,4459121
2013-08-20,55.69,56.36,54.39,55.67,6273509
2013-08-21,55.77,56.95,55.06,55.88,8721599
2013-08-22,55.36,57.76,54.71,57.3,7296818
2013-08-23,57.38,57.71,55.8,57.15,6305009
2013-08-26,57.41,57.72,54.85,55.33,8568221
2013-08-27,55.13,56.07,54.29,54.95,6239582
2013-08-28,54.61,55.01,51.04,52.87,11980397
2013-08-29,52.8,54.88,51.92,54.15,10321934
2013-08-30,53.95,56.03,52.5,55.4,4739141
2013-09-02,55.41,57.0,54.73,56.65,2424893
2013-09-03,56.65,57.55,55.8,56.37,6336767
2013-09-04,56.43,57.57,55.31,56.7,3993089
2013-09-05,56.68,57.17,54.97,55.69,7869143
2013-09-06,55.79,56.86,54.61,56.45,8959871
2013-09-10,56.81,57.57,55.91,56.67,7395095
2013-09-11,57.0,57.76,56.07,56.88,7844951
2013-09-12,57.45,58.76,57.0,57.95,5650031
2013-09-13,57.93,59.01,57.69,58.83,4536023
2013-09-16,59.68,60.0,57.83,58.45,2242643
2013-09-17,58.33,59.93,57.47,59.43,4079342
2013-09-18,59.81,59.81,58.5,59.47,2790125
2013-09-19,60.21,62.23,59.71,61.53,6059810
2013-09-20,61.97,64.5,60.32,63.75,19005480
2013-09-23,63.0,63.57,61.89,62.83,5307335
2013-09-24,62.07,64.29,62.07,63.17,7968503
2013-09-25,63.92,63.95,62.19,62.72,7353575
2013-09-26,62.26,63.43,60.9,61.23,6968309
2013-09-27,61.87,62.01,60.62,61.18,3339905
2013-09-30,60.38,62.05,59.93,61.46,4346738
2013-10-01,61.37,61.59,60.29,60.9,3521366
2013-10-03,61.26,62.81,60.64,62.39,4074401
2013-10-04,61.89,62.62,61.34,62.17,2795294
2013-10-07,61.88,63.17,61.28,62.81,2487713
2013-10-08,63.0,63.38,62.25,62.59,4322582
2013-10-09,62.03,63.0,61.86,62.72,2989862
2013-10-10,62.63,63.0,61.79,62.16,3174911
2013-10-11,63.19,63.55,62.25,63.05,5008961
2013-10-14,62.86,63.19,61.71,61.89,2615654
2013-10-15,62.07,62.59,60.6,61.07,3038045
2013-10-17,61.49,61.76,60.61,61.0,2364497
2013-10-18,61.13,61.88,60.87,61.35,3225413
2013-10-21,62.01,62.1,61.05,61.46,2853431
2013-10-22,61.22,62.78,61.22,62.59,6355046
2013-10-23,63.75,65.76,63.75,65.07,13355171
2013-10-24,65.63,66.29,65.09,66.0,10346957
2013-10-25,65.63,65.63,64.01,64.43,4285022
2013-10-28,65.83,65.85,64.13,64.66,4222769
2013-10-29,64.69,65.25,64.13,64.64,5736929
2013-10-30,65.23,65.74,64.43,64.69,2841677
2013-10-31,64.71,67.26,63.59,66.3,8051015
2013-11-01,65.63,66.17,65.04,65.81,3175430
2013-11-03,65.91,66.02,65.35,65.79,216131
2013-11-05,65.36,65.67,64.33,64.83,2915345
2013-11-06,64.93,65.28,64.22,64.71,4897166
2013-11-07,64.34,64.95,63.64,63.86,6302174
2013-11-08,63.92,64.17,62.36,63.66,3161813
2013-11-11,63.57,63.67,62.49,63.07,4648349
2013-11-12,62.81,63.27,61.88,62.19,2536094
2013-11-13,61.34,62.21,60.38,60.51,4158965
2013-11-14,60.95,61.45,59.89,60.03,4739537
2013-11-18,60.59,60.61,59.63,60.24,5414342
2013-11-19,60.69,61.6,60.41,61.39,5370725
2013-11-20,61.45,62.11,60.51,60.97,3586559
2013-11-21,60.97,61.67,59.76,60.29,4296167
2013-11-22,60.21,61.81,60.09,61.51,4198493
2013-11-25,61.88,62.67,61.59,62.4,6751409
2013-11-26,63.0,63.29,61.15,61.67,4459181
2013-11-27,61.29,62.35,60.57,61.67,4781057
2013-11-28,62.25,62.71,61.65,62.19,7229285
2013-11-29,62.47,64.13,62.23,63.46,4178933
2013-12-02,63.38,64.03,62.0,62.55,2572526
2013-12-03,62.98,64.5,62.59,64.26,5647343
2013-12-04,64.69,64.85,63.3,63.69,4623047
2013-12-05,64.69,65.21,64.04,64.64,4939391
2013-12-06,64.83,65.38,64.03,64.97,3925805
2013-12-09,66.55,66.55,65.22,66.17,5113526
2013-12-10,66.26,66.67,64.69,65.62,10353329
2013-12-11,65.43,65.63,64.13,64.57,3912146
2013-12-12,64.13,65.49,64.13,64.83,4394561
2013-12-13,64.71,65.1,62.91,63.38,3606467
2013-12-16,63.38,63.85,62.49,62.69,2040629
2013-12-17,62.73,63.36,62.25,62.72,2340431
2013-12-18,62.74,64.88,62.51,64.29,3291878
2013-12-19,64.69,64.97,62.88,63.1,2665421
2013-12-20,63.19,64.24,62.72,63.69,4115261
2013-12-23,63.77,64.67,63.39,64.01,4883030
2013-12-24,64.46,64.66,63.21,63.43,1807298
2013-12-26,63.51,64.22,63.32,63.83,5827790
2013-12-27,63.85,64.03,63.27,63.79,1504886
2013-12-30,63.86,64.83,63.59,64.11,3082175
2013-12-31,64.19,64.69,63.85,64.18,3157367
2014-01-01,64.5,64.67,64.03,64.4,756689
2014-01-02,64.5,65.39,63.19,63.51,2491805
2014-01-03,63.38,63.47,62.53,63.26,3545165
2014-01-06,63.41,64.03,62.88,63.04,1535807
2014-01-07,63.05,63.93,62.31,63.38,4002254
2014-01-08,63.3,65.23,63.11,64.87,5827121
2014-01-09,64.99,65.4,63.77,65.16,3301598
2014-01-10,65.17,65.73,63.75,64.74,5051570
2014-01-13,64.83,65.47,63.66,64.64,2911889
2014-01-14,64.72,65.21,64.17,64.71,3289526
2014-01-15,64.97,65.67,64.5,65.42,4645571
2014-01-16,65.76,66.32,65.43,65.85,3523325
2014-01-17,65.81,66.66,65.27,65.93,3513842
2014-01-20,66.0,66.37,65.24,65.53,2536547
2014-01-21,65.54,65.97,64.29,64.5,1230623
2014-01-22,64.33,64.83,64.03,64.35,2581823
2014-01-23,64.37,66.0,64.06,65.81,4695731
2014-01-24,65.53,66.38,65.43,65.64,3431810
2014-01-27,65.25,65.61,64.19,64.65,5377955
2014-01-28,64.74,65.27,63.79,64.71,3697805
2014-01-29,64.69,66.11,63.93,64.88,7779893
2014-01-30,64.67,66.63,63.79,65.68,15483599
2014-01-31,66.13,67.69,65.69,67.18,7186631
2014-02-03,67.31,69.36,67.31,68.47,7350047
2014-02-04,68.39,68.39,65.86,66.5,7228322
2014-02-05,66.88,68.43,66.05,67.59,4192517
2014-02-06,67.59,68.38,65.21,66.96,8748095
2014-02-07,67.14,67.74,66.19,66.79,2302274
2014-02-10,66.11,66.51,65.46,65.68,1690430
2014-02-11,65.81,66.05,65.03,65.25,1881122
2014-02-12,65.59,67.59,65.39,66.91,5853941
2014-02-13,66.95,67.31,65.79,65.84,1869218
2014-02-14,65.64,67.88,65.01,67.64,2812598
2014-02-17,67.71,68.31,67.26,68.1,2898881
2014-02-18,67.79,68.19,66.14,67.09,3556277
2014-02-19,67.18,68.03,66.77,67.54,2187986
2014-02-20,67.04,67.6,66.38,66.51,5508413
2014-02-21,66.63,67.67,66.63,67.12,2294786
2014-02-24,66.86,68.96,66.41,68.22,3497501
2014-02-25,68.43,68.62,66.32,66.88,4337318
2014-02-26,67.13,69.38,66.92,69.13,7202909
2014-02-28,69.0,69.93,68.67,69.51,5641982
2014-03-03,69.33,70.48,68.93,69.24,3532499
2014-03-04,69.1,71.71,69.02,71.35,7879703
2014-03-05,71.36,71.95,70.01,70.31,2373839
2014-03-06,70.51,72.19,70.51,71.95,7620311
2014-03-07,71.54,73.5,70.53,72.71,5812385
2014-03-10,72.93,73.19,71.29,71.45,6021455
2014-03-11,71.51,71.81,69.15,69.47,5804798
2014-03-12,70.04,70.72,68.81,69.51,2904866
2014-03-13,69.75,71.51,68.83,69.21,8392574
2014-03-14,68.85,70.55,68.85,69.81,7907426
2014-03-18,69.97,71.43,68.86,69.29,3405998
2014-03-19,69.38,70.83,67.13,67.5,11700143
2014-03-20,67.74,68.05,65.07,65.76,11718143
2014-03-21,66.19,67.28,65.63,66.19,9404915
2014-03-22,66.11,66.47,65.87,66.07,251990
2014-03-24,66.51,69.75,65.79,69.33,7681574
2014-03-25,68.67,71.24,68.29,68.91,9237617
2014-03-26,69.43,70.85,68.73,70.03,5990486
2014-03-27,70.11,72.17,70.05,71.09,10863167
2014-03-28,71.29,72.75,70.91,71.47,5921093
2014-03-31,71.47,72.37,69.79,70.51,9098801
2014-04-01,70.52,70.77,69.57,70.31,3820019
2014-04-02,70.33,71.33,70.06,70.8,8485991
2014-04-03,70.69,71.04,68.54,68.96,7541165
2014-04-04,68.53,68.99,66.86,67.91,37210320
2014-04-07,68.23,69.09,67.69,68.38,8576759
2014-04-09,68.98,70.53,68.38,70.03,8886947
2014-04-10,70.24,71.35,69.54,70.74,15508322
2014-04-11,70.5,70.69,69.3,69.66,7604285
2014-04-15,69.73,70.21,68.43,69.01,8052659
2014-04-16,68.81,70.23,68.63,69.0,9165830
2014-04-17,69.75,70.24,69.02,70.09,5268749
2014-04-21,70.31,70.86,69.77,70.03,5148995
2014-04-22,70.63,72.29,70.38,71.05,8511038
2014-04-23,71.47,72.9,71.45,71.97,10725863
2014-04-25,71.81,72.36,70.34,71.19,7742957
2014-04-28,71.22,71.22,69.1,69.38,5679014
2014-04-29,69.38,69.95,68.63,69.04,4929107
2014-04-30,69.0,71.35,68.93,69.39,10340687
2014-05-02,68.75,70.11,68.31,69.6,5578655
2014-05-05,69.39,70.86,69.25,69.75,4735811
2014-05-06,70.03,70.26,69.17,69.33,2692478
2014-05-07,69.33,70.07,67.45,68.65,14536733
2014-05-08,68.43,68.98,66.86,68.56,9674999
2014-05-09,68.63,69.92,67.82,69.57,6992837
2014-05-12,69.29,72.19,69.29,71.96,6511121
2014-05-13,72.38,76.2,72.38,73.77,14012690
2014-05-14,73.77,74.59,72.95,74.17,6164285
2014-05-15,74.07,76.48,74.05,75.81,11817029
2014-05-16,76.88,80.86,75.57,76.82,11606423
2014-05-19,77.09,81.73,77.09,80.59,14124743
2014-05-20,81.24,81.67,78.39,79.12,7732223
2014-05-21,79.13,79.99,76.54,77.59,6889367
2014-05-22,77.68,80.41,77.07,79.8,10338962
2014-05-23,79.88,80.81,78.19,79.76,12053495
2014-05-26,81.93,81.93,75.05,76.91,14438018
2014-05-27,75.38,75.38,70.13,71.11,22575520
2014-05-28,71.81,71.81,68.81,69.65,18903556
2014-05-29,70.01,70.59,69.22,69.67,14555762
2014-05-30,69.78,71.4,69.75,70.83,15324146
2014-06-02,70.79,73.57,70.71,73.26,12508529
2014-06-03,72.95,73.4,71.33,71.55,12086765
2014-06-04,71.49,72.93,71.11,71.45,7164335
2014-06-05,71.27,73.79,71.27,73.33,17778736
2014-06-06,73.96,79.49,73.88,79.14,31359252
2014-06-09,80.61,81.36,78.26,80.95,19110624
2014-06-10,81.21,81.36,78.38,80.36,9578882
2014-06-11,80.38,82.69,79.31,80.93,14982383
2014-06-12,80.25,81.93,79.57,81.01,6413414
2014-06-13,80.65,81.19,77.59,77.9,10770419
2014-06-16,78.0,81.62,77.53,81.24,10413662
2014-06-17,81.57,83.79,81.09,83.43,11016494
2014-06-18,84.09,86.07,82.23,84.87,15854738
2014-06-19,85.5,85.66,82.59,83.17,9813662
2014-06-20,83.42,83.89,81.96,82.33,3997478
2014-06-23,81.99,83.25,81.07,82.34,6481295
2014-06-24,83.19,86.65,83.07,86.16,22015120
2014-06-25,86.72,87.99,86.36,87.66,19609790
2014-06-26,85.5,87.01,85.03,86.25,17857564
2014-06-27,85.51,86.53,84.57,85.67,10095683
2014-06-30,85.52,87.38,85.13,86.83,10362959
2014-07-01,87.0,87.49,85.89,86.4,10927190
2014-07-02,86.63,87.57,85.47,86.03,5336723
2014-07-03,86.07,86.45,84.99,86.09,5135126
2014-07-04,85.79,87.75,85.56,87.19,5297426
2014-07-07,87.75,87.92,85.81,86.45,8613653
2014-07-08,85.53,87.47,84.59,85.41,9113429
2014-07-09,84.59,87.27,84.59,86.09,7509761
2014-07-10,86.2,88.89,84.57,86.83,6202157
2014-07-11,86.25,86.63,84.67,85.41,10024739
2014-07-14,85.33,86.15,84.79,85.21,4412357
2014-07-15,85.38,87.73,85.38,86.29,5354909
2014-07-16,86.32,86.81,83.49,85.73,4374119
2014-07-17,85.71,86.05,84.75,84.99,3141905
2014-07-18,84.57,84.93,83.07,83.45,2299766
2014-07-21,82.71,83.71,81.64,82.09,5645159
2014-07-22,82.2,83.25,81.31,82.63,9530006
2014-07-23,83.11,83.62,81.59,82.21,4102418
2014-07-24,82.03,82.41,80.36,80.65,7701758
2014-07-25,80.81,81.11,78.78,80.21,4315310
2014-07-28,80.64,81.05,79.26,79.57,4947713
2014-07-30,79.52,81.55,79.33,81.19,14624306
2014-07-31,81.19,82.37,81.09,81.74,6660263
2014-08-01,80.93,81.17,79.03,79.43,6629822
2014-08-04,78.79,80.1,78.79,79.55,7301570
2014-08-05,80.03,80.53,78.75,79.49,4574462
2014-08-06,79.01,80.29,78.87,79.04,7453169
2014-08-07,79.04,79.5,78.38,78.57,4858643
2014-08-08,78.0,78.01,76.13,76.43,7267967
2014-08-11,77.72,77.72,72.75,73.2,18574214
2014-08-12,72.6,77.97,72.6,77.53,22104974
2014-08-13,77.25,78.24,76.31,77.21,9429335
2014-08-14,77.09,80.23,76.72,79.82,9828302
2014-08-18,79.88,81.41,78.97,80.95,7304399
2014-08-19,81.14,81.38,80.29,81.03,3999734
2014-08-20,80.95,81.6,79.28,80.14,4785317
2014-08-21,80.07,82.03,79.69,80.91,5844350
2014-08-22,80.81,82.21,80.53,81.19,7518098
2014-08-25,81.0,81.24,79.54,80.14,4246595
2014-08-26,80.16,81.75,79.5,81.44,5558051
2014-08-27,79.79,82.22,79.37,81.69,8376125
2014-08-28,81.41,83.72,81.41,83.14,10009106
2014-09-01,83.91,86.61,83.53,86.27,9791207
2014-09-02,86.23,87.93,84.86,87.17,7133666
2014-09-03,87.85,88.13,84.61,85.38,6213431
2014-09-04,85.11,85.13,83.67,84.13,3772142
2014-09-05,83.76,86.12,83.63,84.73,3904835
2014-09-08,85.57,86.25,84.49,85.28,4472111
2014-09-09,85.28,86.12,84.05,86.01,3723326
2014-09-10,85.5,86.81,84.99,85.49,3857261
2014-09-11,85.49,86.72,84.09,86.19,4445654
2014-09-12,85.89,87.45,85.6,86.73,4901987
2014-09-15,85.18,86.61,84.38,85.94,4003607
2014-09-16,85.89,86.47,83.09,84.1,4812530
2014-09-17,84.81,85.24,81.9,83.59,6648014
2014-09-18,83.25,85.29,82.8,84.67,3433889
2014-09-19,84.0,85.13,83.09,84.24,4081601
2014-09-22,84.19,85.43,83.09,85.13,3402989
2014-09-23,84.95,85.47,82.19,83.13,3377069
2014-09-24,82.61,83.79,82.14,83.0,6327335
2014-09-25,83.07,85.86,83.07,84.72,17175264
2014-09-26,84.75,85.13,81.5,83.15,5197007
2014-09-29,82.89,85.31,81.74,84.92,4700177
2014-09-30,84.59,85.88,83.43,84.27,5386631
2014-10-01,84.75,84.99,82.03,82.29,4983983
2014-10-07,81.93,83.53,80.88,83.15,9970883
2014-10-08,83.07,83.19,82.01,82.71,7650962
2014-10-09,83.05,84.49,82.87,83.78,7612349
2014-10-10,83.33,83.72,81.75,83.25,7465190
2014-10-13,82.91,83.43,82.09,83.25,5726918
2014-10-14,83.49,84.62,82.69,83.9,4740479
2014-10-16,83.69,86.16,83.63,84.31,7467857
2014-10-17,84.69,85.47,83.26,83.98,5029247
2014-10-20,86.07,87.09,85.07,86.07,5434511
2014-10-21,86.27,90.85,86.03,90.21,11805266
2014-10-22,90.77,91.6,89.55,90.57,11229359
2014-10-23,90.39,90.75,89.97,90.31,280934
2014-10-27,90.47,92.77,90.06,91.23,7401182
2014-10-28,91.31,93.9,91.31,93.07,11416610
2014-10-29,93.36,94.5,91.71,94.1,7031318
2014-10-30,93.57,96.53,93.12,95.75,12544418
2014-10-31,95.89,103.49,95.63,99.15,37215984
2014-11-03,100.01,100.04,93.1,93.63,26268806
2014-11-05,93.91,95.05,91.95,93.34,13383197
2014-11-07,92.63,93.13,90.66,90.95,6922847
2014-11-10,91.16,91.71,88.82,90.21,9818765
2014-11-11,90.55,92.21,90.53,91.86,11827886
2014-11-12,92.17,92.25,90.85,91.05,10594214
2014-11-13,91.31,91.69,88.97,89.36,6418982
2014-11-14,88.47,92.42,88.47,91.82,15752861
2014-11-17,90.99,92.59,90.38,91.73,8042486
2014-11-18,92.09,94.12,90.93,91.93,6138914
2014-11-19,92.25,92.68,89.09,89.49,4445582
2014-11-20,89.61,90.17,88.27,88.97,4237685
2014-11-21,89.09,90.57,87.97,89.2,7295795
2014-11-24,89.49,90.17,87.93,89.12,5620271
2014-11-25,88.71,90.41,88.13,89.49,8423318
2014-11-26,89.72,92.56,89.72,91.97,8148509
2014-11-27,91.97,93.01,91.25,91.77,8163830
2014-11-28,91.88,93.63,90.65,91.53,6398111
2014-12-01,91.22,91.87,89.4,89.7,5273681
2014-12-02,89.12,90.75,86.53,86.95,9527267
2014-12-03,86.95,88.84,86.43,88.55,5003231
2014-12-04,88.55,89.01,87.19,88.27,4228007
2014-12-05,88.89,89.97,87.57,88.01,6436385
2014-12-08,87.93,88.67,87.25,87.51,3590117
2014-12-09,87.38,88.25,86.16,87.1,5544407
2014-12-10,86.45,87.84,84.93,85.26,8147615
2014-12-11,84.6,84.81,82.77,83.21,10131446
2014-12-12,82.55,82.69,77.85,79.55,18226420
2014-12-15,78.29,80.79,76.99,79.17,12248450
2014-12-16,78.46,78.83,77.14,77.53,11597534
2014-12-17,76.88,78.93,75.99,78.12,11513441
2014-12-18,78.67,82.31,78.57,81.38,15083510
2014-12-19,81.93,82.61,80.83,81.59,5936402
2014-12-22,81.79,84.75,81.75,83.79,9878159
2014-12-23,83.79,84.31,82.96,83.88,7582373
2014-12-24,83.5,84.19,80.84,81.47,11731709
2014-12-26,80.91,82.38,80.63,82.06,4455197
2014-12-29,82.29,83.59,81.96,82.87,3533366
2014-12-30,82.69,83.79,81.47,83.26,4968401
2015-01-01,83.07,83.46,82.69,82.99,4863983
2015-01-02,83.19,84.04,83.0,83.36,3400766
2015-01-05,83.13,84.54,82.57,83.63,4191281
2015-01-06,83.23,83.23,80.25,80.98,16632734
2015-01-07,80.25,81.13,78.29,78.92,9693362
2015-01-08,79.54,81.75,79.07,80.76,7194326
2015-01-09,81.26,82.93,79.5,81.62,14622614
2015-01-12,81.57,81.65,79.95,80.67,5784581
2015-01-13,80.49,81.54,79.79,80.28,6908087
2015-01-14,79.86,81.19,78.03,79.97,12948854
2015-01-15,79.97,80.93,78.86,80.21,11517266
2015-01-16,78.92,80.25,78.66,79.67,6893711
2015-01-19,78.97,83.68,78.97,82.6,10813895
2015-01-20,83.25,83.25,80.43,80.88,10418930
2015-01-21,80.89,81.9,80.45,81.33,6504149
2015-01-22,81.24,82.18,80.51,80.83,15134942
2015-01-23,81.36,81.36,78.81,79.31,9897965
2015-01-27,79.39,80.16,78.04,78.59,12574493
2015-01-28,79.13,79.18,77.36,78.53,7087157
2015-01-29,78.38,79.95,77.83,79.33,13556990
2015-01-30,79.47,79.69,78.75,79.31,5922275
2015-02-02,79.35,81.3,79.35,80.63,8002343
2015-02-03,81.0,82.2,80.79,81.39,9457991
2015-02-04,82.18,83.05,80.04,80.95,8597087
2015-02-05,81.15,81.17,79.03,79.48,6057875
2015-02-06,79.34,79.62,76.5,78.66,9051182
2015-02-09,73.31,76.41,73.31,75.02,10847093
2015-02-10,74.64,77.33,74.33,76.88,7834127
2015-02-11,76.88,77.63,76.13,76.83,6160817
2015-02-12,76.93,80.4,76.33,79.25,6801890
2015-02-13,79.31,79.36,75.09,75.79,13913363
2015-02-16,76.13,77.0,75.41,76.13,5577455
2015-02-18,76.26,77.72,76.07,77.25,5398049
2015-02-19,76.99,77.61,75.97,76.63,4198565
2015-02-20,76.69,77.53,76.31,76.69,3311153
2015-02-23,76.67,76.88,73.91,75.04,6915299
2015-02-24,75.04,75.93,73.91,75.75,8351858
2015-02-25,76.01,76.39,74.91,76.07,4816883
2015-02-26,76.14,77.47,75.11,77.05,15367886
2015-02-27,77.25,77.41,75.83,76.26,8360195
2015-02-28,76.86,78.19,76.13,77.49,2767310
2015-03-02,77.43,77.81,75.57,76.67,8396327
2015-03-03,76.88,77.05,75.87,76.67,3359597
2015-03-04,77.07,77.41,75.61,75.95,7404131
2015-03-05,75.93,76.52,74.55,75.55,9178193
2015-03-09,75.35,75.35,72.07,72.35,5812067
2015-03-10,72.19,72.29,70.6,71.91,5855270
2015-03-11,71.91,73.79,70.54,72.99,5800781
2015-03-12,72.97,74.21,72.93,73.85,8464142
2015-03-13,74.25,74.25,72.33,72.61,3740645
2015-03-16,72.38,72.55,70.59,71.54,7838735
2015-03-17,71.25,71.78,70.57,71.17,5526239
2015-03-18,71.0,72.15,71.0,71.57,14694227
2015-03-19,71.89,74.14,71.89,73.11,9341342
2015-03-20,72.93,73.12,70.33,70.79,10044626
2015-03-23,71.36,72.38,70.53,71.95,5313557
2015-03-24,71.83,73.41,71.73,73.13,8180798
2015-03-25,73.57,73.57,71.07,71.29,11719826
2015-03-26,72.38,72.57,71.27,71.47,9324677
2015-03-27,71.81,71.81,69.78,71.11,9574607
2015-03-30,71.07,71.62,70.11,71.26,4061441
2015-03-31,71.51,73.13,70.95,72.71,13178975
2015-04-01,72.92,72.95,71.11,72.15,7902113
2015-04-06,72.55,75.93,71.53,74.98,4468031
2015-04-07,75.0,76.48,74.16,75.03,6348161
2015-04-08,74.98,77.76,74.27,76.95,4326737
2015-04-09,77.21,77.43,74.07,74.47,6062981
2015-04-10,74.54,75.33,73.91,74.84,7157843
2015-04-13,74.31,74.63,72.13,74.11,12430325
2015-04-15,74.07,75.57,73.21,74.04,4965011
2015-04-16,73.83,74.69,73.48,74.31,6747887
2015-04-17,74.4,74.76,72.57,72.91,5543039
2015-04-20,73.01,73.65,71.76,72.21,2718734
2015-04-21,72.38,72.79,70.29,70.51,5610593
2015-04-22,70.52,70.97,69.33,70.5,7226306
2015-04-23,70.5,71.07,69.67,70.43,4023869
2015-04-24,70.31,70.59,68.71,69.03,5325731
2015-04-27,69.29,69.45,67.53,67.79,4741982
2015-04-28,67.61,68.28,66.25,67.11,4812758
2015-04-29,67.13,69.19,66.77,68.59,5379365
2015-04-30,68.53,68.54,67.14,67.55,9796295
2015-05-04,67.88,69.21,67.45,68.78,3677933
2015-05-05,68.87,70.21,68.27,70.0,6669311
2015-05-06,70.05,70.05,67.81,68.61,4830083
2015-05-07,67.81,69.36,67.0,69.01,4535585
2015-05-08,69.38,70.03,68.25,69.21,3918902
2015-05-11,69.59,70.31,68.53,69.95,4786391
2015-05-12,70.13,70.83,68.09,68.86,5202179
2015-05-13,69.92,71.72,69.38,70.95,7954829
2015-05-14,70.95,75.19,69.89,71.88,5441741
2015-05-15,71.87,72.15,70.69,71.28,6751025
2015-05-18,71.57,74.42,71.35,74.0,3947303
2015-05-19,73.88,74.25,72.33,73.48,4231559
2015-05-20,73.87,74.47,72.9,73.89,3726917
2015-05-21,73.94,74.11,72.38,73.59,3469925
2015-05-22,74.26,74.95,73.63,74.45,4303922
2015-05-25,74.07,74.81,72.22,72.54,2413238
2015-05-26,72.55,74.21,72.55,72.81,6206465
2015-05-27,72.57,72.92,69.46,71.43,13656806
2015-05-28,69.75,72.19,69.38,71.24,9987413
2015-05-29,71.76,74.33,70.55,72.91,22796870
2015-06-01,73.12,73.65,71.71,73.37,4967846
2015-06-02,72.79,73.35,72.33,72.93,3888479
2015-06-03,72.41,74.63,69.85,70.29,5321006
2015-06-04,70.13,71.9,69.22,70.15,5674991
2015-06-05,70.15,72.9,69.76,72.41,6384734
2015-06-08,72.57,73.43,71.81,72.44,4206125
2015-06-09,72.92,73.83,70.88,73.26,6719729
2015-06-10,73.35,74.43,72.59,74.16,8020259
2015-06-11,74.63,75.0,73.13,73.99,9324917
2015-06-12,73.89,74.57,73.13,74.28,6984485
2015-06-15,74.07,75.0,73.48,74.45,4070198
2015-06-16,74.27,76.12,73.99,74.78,4957043
2015-06-17,74.73,75.38,74.19,75.0,5949767
2015-06-18,75.09,75.71,74.49,74.9,2826881
2015-06-19,74.79,75.53,73.53,74.26,4296719
2015-06-22,74.42,75.66,73.93,75.26,3738839
2015-06-23,75.26,76.59,74.31,75.71,4764677
2015-06-24,75.53,76.03,74.25,74.86,4873895
2015-06-25,74.72,78.36,73.36,77.39,11837522
2015-06-26,76.38,76.69,74.57,74.91,4686191
2015-06-29,74.25,74.91,73.61,74.46,4464182
2015-06-30,74.63,75.0,72.85,73.54,6080051
2015-07-01,73.5,75.22,72.89,73.15,9241709
2015-07-02,73.17,74.07,72.21,72.47,4444547
2015-07-03,72.38,73.07,71.84,72.24,2852525
2015-07-06,71.57,72.69,71.45,72.43,2768963
2015-07-07,72.57,73.07,72.0,72.09,2332787
2015-07-08,71.59,71.74,69.49,69.83,4105541
2015-07-09,70.01,70.37,68.57,68.84,4046222
2015-07-10,68.98,69.01,67.15,67.67,7367222
2015-07-13,68.03,70.18,67.82,69.89,6150077
2015-07-14,70.31,70.97,69.19,69.95,5956415
2015-07-15,69.93,70.49,69.21,70.07,5038559
2015-07-16,70.41,70.48,69.66,69.75,4299458
2015-07-17,70.26,70.26,69.43,69.71,2927858
2015-07-20,69.71,69.93,68.93,69.47,4671317
2015-07-21,69.71,69.85,68.17,68.43,4357877
2015-07-22,68.23,69.72,67.67,69.24,3064130
2015-07-23,70.31,70.69,69.02,69.41,7957442
2015-07-24,67.69,68.17,66.95,67.71,9102707
2015-07-27,67.5,67.55,65.91,66.38,5919233
2015-07-28,66.24,66.51,65.55,65.99,7682849
2015-07-29,65.63,66.69,64.71,64.99,8973587
2015-07-30,65.21,66.02,64.33,65.21,10595138
2015-07-31,65.81,66.87,65.5,66.55,8429591
2015-08-03,66.57,66.66,65.31,66.41,7690358
2015-08-04,66.33,66.39,64.35,64.67,9632918
2015-08-05,64.65,65.21,64.13,64.67,5936099
2015-08-06,64.67,64.87,64.14,64.31,8073122
2015-08-07,64.31,65.0,63.85,64.09,19411408
2015-08-10,64.57,64.93,63.95,64.51,5268002
2015-08-11,64.57,64.88,64.07,64.57,4265861
2015-08-12,64.13,64.18,63.21,63.43,12906221
2015-08-13,63.09,63.65,61.85,62.26,7903535
2015-08-14,62.37,63.38,61.31,63.21,5493317
2015-08-17,63.21,64.8,62.17,64.69,4056002
2015-08-18,65.05,65.07,61.63,61.83,5482622
2015-08-19,61.88,62.26,61.55,61.86,3746687
2015-08-20,61.5,61.67,59.7,60.05,8590781
2015-08-21,59.07,59.81,57.29,58.38,4890677
2015-08-24,57.19,58.51,49.72,51.25,22088904
2015-08-25,51.76,53.23,48.76,52.59,15682193
2015-08-26,52.29,54.26,51.66,53.01,15321821
2015-08-27,53.25,54.09,52.15,52.67,12069023
2015-08-28,54.22,54.85,52.94,54.19,13296878
2015-08-31,54.0,56.37,53.81,55.52,17206396
2015-09-01,55.69,56.07,53.91,54.83,11728514
2015-09-02,55.22,55.63,53.75,55.01,5892077
2015-09-03,55.14,55.48,53.88,55.23,4092419
2015-09-04,55.13,55.47,51.76,52.66,13417709
2015-09-07,52.79,52.88,51.0,51.77,8081234
2015-09-08,51.44,55.88,51.38,55.36,10341527
2015-09-09,55.43,55.83,54.57,55.09,5530622
2015-09-10,53.83,55.01,53.83,54.79,7066103
2015-09-11,54.93,55.63,53.09,53.47,8554481
2015-09-14,53.59,54.93,53.27,54.64,3409907
2015-09-15,54.64,54.83,53.95,54.38,5437334
2015-09-16,54.57,55.13,54.51,54.93,6636470
2015-09-18,55.09,55.36,53.35,53.86,9213791
2015-09-21,53.79,54.92,53.12,54.59,2165717
2015-09-22,54.59,54.85,53.93,54.38,5731346
2015-09-23,53.96,54.27,53.49,53.87,2503535
2015-09-24,53.81,56.79,53.12,55.26,6329282
2015-09-28,55.25,55.59,54.47,54.77,3145154
2015-09-29,54.05,54.97,53.35,54.55,4000085
2015-09-30,54.55,58.43,53.53,56.68,4765349
2015-10-01,57.24,57.93,54.75,54.99,4515542
2015-10-05,56.07,56.25,54.79,56.05,2709713
2015-10-06,56.1,58.2,56.07,57.87,3933011
2015-10-07,57.91,59.17,57.6,58.69,3348929
2015-10-08,58.34,58.79,57.01,57.29,2761253
2015-10-09,57.59,58.63,57.57,58.43,1883234
2015-10-12,58.13,59.97,57.79,59.79,4488113
2015-10-13,59.79,60.3,58.5,59.13,4286093
2015-10-14,59.23,60.29,58.8,59.41,2837729
2015-10-15,59.63,61.28,59.33,60.91,5301779
2015-10-16,61.09,61.28,60.22,60.93,2232119
2015-10-19,61.11,61.88,60.41,61.07,3865379
2015-10-20,61.13,61.64,60.78,61.03,3471821
2015-10-21,60.99,61.41,59.26,59.83,3473870
2015-10-23,60.38,61.85,60.3,61.17,4386707
2015-10-26,61.13,62.19,60.53,61.69,3597554
2015-10-27,61.13,62.09,59.27,59.75,7826501
2015-10-28,60.05,60.67,59.11,59.45,7806290
2015-10-29,60.0,61.26,57.38,58.69,12300845
2015-10-30,58.8,59.43,57.29,57.83,5262785
2015-11-02,58.13,58.5,56.25,58.23,5111375
2015-11-03,58.34,59.13,56.25,57.59,5594837
2015-11-04,55.88,57.49,55.69,56.38,8135366
2015-11-05,56.42,57.09,54.95,55.28,4091939
2015-11-06,55.22,55.49,53.5,54.03,4670933
2015-11-09,53.05,53.91,52.74,53.17,3222098
2015-11-10,52.88,53.27,51.78,52.71,5194949
2015-11-11,53.07,54.38,52.59,52.94,579446
2015-11-13,52.5,53.19,52.33,52.88,4660541
2015-11-16,52.79,55.5,51.95,55.25,8666291
2015-11-17,55.31,57.75,54.95,57.39,6734897
2015-11-18,57.37,58.59,56.81,57.92,7328423
2015-11-19,57.75,59.93,57.05,59.61,7512965
2015-11-20,60.66,67.48,60.66,65.54,49411264
2015-11-23,65.59,68.95,64.5,67.86,25761676
2015-11-24,67.97,67.97,66.41,66.71,15171158
2015-11-26,66.76,69.37,66.1,68.96,21785152
2015-11-27,68.87,69.53,67.72,69.07,9580622
2015-11-30,68.45,69.38,67.67,68.45,12180578
2015-12-01,68.25,69.05,66.85,67.28,8971238
2015-12-02,67.5,68.42,67.17,67.59,4681958
2015-12-03,67.39,68.21,66.51,67.09,5626370
2015-12-04,66.24,67.88,65.88,66.76,7869905
2015-12-07,66.85,68.04,66.22,67.09,4916933
2015-12-08,66.93,67.09,63.38,63.67,11900558
2015-12-09,63.67,64.24,62.57,63.15,8638001
2015-12-10,63.16,65.16,62.96,64.43,9188129
2015-12-11,64.43,65.35,62.95,63.51,6784181
2015-12-14,62.95,64.48,62.81,63.81,4448543
2015-12-15,63.6,64.45,63.24,63.89,5689874
2015-12-16,63.86,67.41,63.67,64.49,13156865
2015-12-17,64.93,66.3,64.03,64.38,11484005
2015-12-18,64.31,64.93,63.41,63.69,6783875
2015-12-21,63.69,64.41,62.9,63.07,4426079
2015-12-22,63.49,64.13,62.55,63.45,7186070
2015-12-23,64.15,67.57,64.14,67.21,16009814
2015-12-24,67.5,68.25,67.33,67.91,7172405
2015-12-28,68.09,69.86,67.45,67.87,10835507
2015-12-29,67.89,69.43,67.87,68.63,8531123
2015-12-30,68.9,69.74,68.13,69.03,8288150
2015-12-31,68.95,70.86,68.37,70.33,17990272
2016-01-01,70.26,70.72,69.04,69.33,4108943
2016-01-04,69.33,70.31,67.23,67.46,5029715
2016-01-05,67.82,70.22,67.8,69.79,8970095
2016-01-06,69.74,71.43,69.0,69.88,12636401
2016-01-07,68.72,70.31,68.59,69.49,9907331
2016-01-08,70.57,70.57,69.59,69.97,4661198
2016-01-11,69.69,70.28,68.67,69.24,5343695
2016-01-12,69.24,70.13,68.43,68.59,5530322
2016-01-13,68.91,70.22,67.24,68.05,5609030
2016-01-14,67.65,68.43,66.43,67.04,4883639
2016-01-15,66.95,67.01,62.55,62.97,11341037
2016-01-18,62.81,65.84,61.71,63.65,9354887
2016-01-19,63.81,65.47,63.3,64.31,3966254
2016-01-20,63.83,65.35,62.43,63.51,6591446
2016-01-21,64.31,65.59,63.05,63.85,5188838
2016-01-22,65.1,69.93,64.22,68.81,12577649
2016-01-25,69.22,69.73,66.33,66.88,10991810
2016-01-27,66.88,68.01,65.71,67.18,7722386
2016-01-28,67.53,68.64,65.67,67.69,21249422
2016-01-29,68.07,69.85,67.88,69.11,7709525
2016-02-01,69.0,69.97,67.06,69.03,5680181
2016-02-02,68.43,69.09,67.5,67.82,6602318
2016-02-03,66.66,68.07,65.45,67.52,5381411
2016-02-04,67.91,69.07,65.07,66.57,9547463
2016-02-05,66.38,66.57,63.47,64.23,9362831
2016-02-08,63.69,66.69,63.04,64.41,9177326
2016-02-09,63.97,66.19,63.53,65.36,14105630
2016-02-10,64.88,65.47,63.31,64.88,9304637
2016-02-11,64.85,65.76,61.28,62.27,9196958
2016-02-12,62.42,62.79,59.03,60.93,13228322
2016-02-15,61.39,62.99,61.13,62.65,9321278
2016-02-16,62.64,63.53,60.24,60.47,5320817
2016-02-17,60.57,61.19,57.72,60.78,7745654
2016-02-18,61.28,61.88,59.84,60.64,7460477
2016-02-19,60.38,61.31,58.88,61.09,2777987
2016-02-22,60.93,61.87,59.65,60.26,3622943
2016-02-23,60.32,60.93,59.19,59.43,4389041
2016-02-24,59.07,60.0,58.22,58.83,8765165
2016-02-25,59.07,59.19,56.72,57.19,12802433
2016-02-26,57.75,58.13,55.86,57.02,6608015
2016-02-29,57.02,58.46,54.43,57.21,15045521
2016-03-01,57.47,60.66,56.95,60.21,13669346
2016-03-02,60.57,61.77,59.63,60.83,5373059
2016-03-03,60.37,65.41,59.25,63.71,12521090
2016-03-04,63.19,64.5,62.21,63.93,4298837
2016-03-08,63.38,66.19,63.38,65.55,5548979
2016-03-09,65.72,66.83,65.09,65.54,5816579
2016-03-10,65.61,66.22,63.75,64.06,5399489
2016-03-11,64.06,64.69,63.1,63.65,8024318
2016-03-14,63.99,65.53,63.75,64.34,5248610
2016-03-15,64.05,65.12,63.1,63.87,6500510
2016-03-16,63.47,64.67,62.29,63.69,3623729
2016-03-17,64.88,67.6,64.55,66.24,13524293
2016-03-18,66.57,68.78,66.09,68.31,19331620
2016-03-21,68.84,69.09,67.52,68.14,7441814
2016-03-22,68.05,68.83,67.45,67.69,4667042
2016-03-23,67.81,68.25,66.51,66.77,4695062
2016-03-28,66.75,67.88,66.75,67.07,8693333
2016-03-29,67.01,67.86,64.74,65.21,9970967
2016-03-30,66.07,67.57,65.7,67.4,7954229
2016-03-31,67.4,67.82,66.07,66.83,11790914
2016-04-01,66.5,66.69,64.93,65.19,6249551
2016-04-04,65.7,66.0,64.88,65.29,4568573
2016-04-05,64.69,65.35,63.39,63.67,6201731
2016-04-06,63.85,64.69,62.79,64.01,6051551
2016-04-07,64.52,64.64,63.62,63.95,5981093
2016-04-08,63.93,65.53,63.14,65.13,4011983
2016-04-11,65.62,66.32,64.41,65.99,5287907
2016-04-12,65.99,68.91,65.65,68.69,6405350
2016-04-13,69.73,69.85,67.79,69.29,10807229
2016-04-18,68.53,69.05,67.05,67.4,6073937
2016-04-20,67.4,69.47,67.17,68.93,10759409
2016-04-21,69.19,70.2,68.51,69.26,9064067
2016-04-22,69.1,69.55,68.43,68.76,3561587
2016-04-25,69.19,69.26,67.07,67.53,3705926
2016-04-26,66.97,69.02,66.33,68.07,7882709
2016-04-27,67.91,70.17,66.83,69.97,10291421
2016-04-28,70.41,70.63,67.8,68.1,11977886
2016-04-29,68.1,68.72,66.65,67.57,3813893
2016-05-02,67.5,69.32,66.85,68.93,5610557
2016-05-03,69.0,69.36,67.88,68.31,6753137
2016-05-04,68.07,69.67,67.77,68.62,6686309
2016-05-05,68.62,69.38,68.07,68.57,4286963
2016-05-06,68.21,72.55,67.93,71.97,17596972
2016-05-09,72.55,73.01,72.11,72.37,9842453
2016-05-10,72.57,73.95,71.33,73.41,6728930
2016-05-11,72.73,73.13,71.86,72.57,5707325
2016-05-12,72.19,73.99,72.19,72.72,4494461
2016-05-13,72.38,72.62,70.37,71.17,5394818
2016-05-16,71.27,71.7,69.59,70.75,4377878
2016-05-17,71.25,72.57,70.86,71.98,6778097
2016-05-18,71.63,72.75,70.88,71.69,5378741
2016-05-19,71.61,71.68,69.38,69.83,5808917
2016-05-20,70.13,70.71,69.38,69.67,4145141
2016-05-23,70.25,71.25,69.0,69.51,4290767
2016-05-24,69.51,70.5,68.57,69.55,7425557
2016-05-25,69.93,72.0,69.93,71.54,9188438
2016-05-26,72.26,73.09,70.93,71.29,15863663
2016-05-27,71.57,72.37,70.83,71.12,6929495
2016-05-30,71.71,72.15,70.71,71.22,11319158
2016-05-31,71.26,71.35,68.9,69.46,43012852
2016-06-01,69.46,70.31,69.11,69.85,5775383
2016-06-02,69.29,70.75,68.65,70.45,5332223
2016-06-03,70.31,70.82,69.15,69.43,9145667
2016-06-06,69.05,70.82,69.05,70.21,8974979
2016-06-07,70.38,70.79,69.83,70.21,6490133
2016-06-08,70.21,71.03,69.59,70.26,3865025
2016-06-09,70.31,71.15,69.93,70.49,6939122
2016-06-10,70.59,71.36,68.78,69.17,7576034
2016-06-13,68.53,70.54,68.26,69.65,8222927
2016-06-14,70.5,70.88,69.54,69.95,8084738
2016-06-15,70.34,71.16,70.06,70.74,7647953
2016-06-16,70.59,71.93,70.33,71.69,12680414
2016-06-17,72.29,72.77,71.91,72.61,12302423
2016-06-20,72.61,73.38,71.88,72.38,6963107
2016-06-21,72.93,73.52,70.71,71.73,9078818
2016-06-22,72.09,72.15,70.03,70.28,5674799
2016-06-23,70.13,70.65,69.51,70.41,6673949
2016-06-24,69.57,71.01,67.8,70.71,6137795
2016-06-27,70.66,71.76,70.14,71.24,5331953
2016-06-28,71.31,71.76,70.38,70.67,4730498
2016-06-29,70.5,72.55,70.23,72.24,7237037
2016-06-30,72.99,73.13,71.59,72.21,11272535
2016-07-01,72.75,74.41,72.38,74.13,12481409
2016-07-04,74.63,75.51,73.66,74.4,13651157
2016-07-05,74.43,74.61,72.3,72.47,11983727
2016-07-07,72.65,73.31,71.96,72.15,8167361
2016-07-08,71.91,72.17,70.23,70.41,6834131
2016-07-11,71.11,72.13,70.88,71.0,7740341
2016-07-12,70.89,71.7,70.6,70.93,11170370
2016-07-13,72.19,73.69,71.04,73.47,14170511
2016-07-14,74.21,74.81,73.75,74.27,15083135
2016-07-15,74.09,74.53,73.13,73.83,3984350
2016-07-18,73.69,74.85,72.29,72.41,4169909
2016-07-19,72.57,73.37,71.31,72.33,6502499
2016-07-20,72.75,74.31,72.63,74.14,5376317
2016-07-21,74.21,75.19,72.91,73.28,3339941
2016-07-22,73.31,75.53,73.31,74.01,7348610
2016-07-25,74.27,74.72,73.17,73.43,6962513
2016-07-26,74.07,74.53,72.1,72.3,6516038
2016-07-27,72.47,73.72,71.73,72.16,6313421
2016-07-28,72.51,72.79,71.63,71.96,12929714
2016-07-29,71.91,72.61,71.29,71.57,4706837
2016-08-01,71.63,72.47,70.93,71.25,6800462
2016-08-02,71.23,71.61,70.14,70.55,5901293
2016-08-03,70.49,70.91,69.47,69.83,4590893
2016-08-04,69.97,70.93,69.75,70.11,5082173
2016-08-05,70.59,71.95,70.2,71.73,7519310
2016-08-08,71.7,72.62,71.43,71.62,4963745
2016-08-09,71.79,71.97,70.8,71.11,5081645
2016-08-10,70.88,70.97,69.85,70.12,3328877
2016-08-11,70.07,70.23,69.3,69.55,4115666
2016-08-12,69.61,70.79,69.59,70.15,4305623
2016-08-16,70.07,70.6,69.05,69.66,3957998
2016-08-17,69.39,69.67,68.81,69.02,7060541
2016-08-18,69.17,69.29,68.35,68.53,9123443
2016-08-19,68.55,69.19,67.93,68.22,17853264
2016-08-22,68.38,68.93,68.04,68.31,10746626
2016-08-23,68.53,69.47,68.17,68.81,12620579
2016-08-24,68.81,69.05,68.29,68.54,15054854
2016-08-25,68.98,70.31,68.35,69.95,29473106
2016-08-26,70.13,72.19,69.78,70.99,17392706
2016-08-29,71.42,71.72,70.4,70.91,4976063
2016-08-30,71.16,72.99,71.1,72.51,11771438
2016-08-31,72.59,73.09,71.59,71.98,8575841
2016-09-01,71.81,74.09,71.81,73.45,13036061
2016-09-02,73.31,74.35,72.85,74.21,5410802
2016-09-06,74.37,76.11,73.93,75.6,15318545
2016-09-07,76.12,76.45,72.25,74.24,18310144
2016-09-08,76.31,76.31,72.57,72.89,21570902
2016-09-09,72.77,74.81,72.75,74.07,20671620
2016-09-12,73.01,73.09,71.89,72.47,9221921
2016-09-14,72.38,73.13,72.1,72.38,7751447
2016-09-15,72.47,73.79,72.11,72.27,7055939
2016-09-16,72.57,74.16,72.57,72.83,15064502
2016-09-19,72.86,73.88,72.59,72.83,6784082
2016-09-20,72.9,73.43,72.05,72.19,7608734
2016-09-21,72.45,73.46,72.39,72.6,15945461
2016-09-22,73.24,73.88,72.81,73.13,8699378
2016-09-23,72.59,73.74,72.19,72.39,16214723
2016-09-26,72.01,72.57,70.33,70.64,10563986
2016-09-27,70.69,70.97,69.72,69.95,10410242
2016-09-28,69.95,71.03,69.95,70.4,10470149
2016-09-29,71.03,72.0,67.07,68.15,21346132
2016-09-30,68.45,70.57,68.27,70.25,9499775
2016-10-03,69.93,72.69,69.67,72.35,15595331
2016-10-04,72.38,77.25,72.38,75.46,41570568
2016-10-05,75.9,76.46,74.83,75.07,11118353
2016-10-06,75.38,78.71,75.0,77.71,25174550
2016-10-07,78.02,78.57,77.33,77.63,12715109
2016-10-10,78.0,79.55,77.39,78.59,11012030
2016-10-13,77.87,79.69,76.88,77.57,14125025
2016-10-14,77.9,81.14,77.49,80.7,21408290
2016-10-17,81.55,82.11,79.63,80.22,11099909
2016-10-18,80.42,81.51,79.99,80.43,9758498
2016-10-19,80.81,83.43,80.57,81.76,21224318
2016-10-20,82.5,83.19,81.3,82.38,14843303
2016-10-21,82.13,84.17,81.99,82.49,13590515
2016-10-24,83.14,84.57,82.83,83.26,13570133
2016-10-25,83.51,83.55,81.22,81.57,8662766
2016-10-26,81.6,81.97,80.59,81.09,8500373
2016-10-27,81.05,81.9,80.7,81.64,8415566
2016-10-28,81.62,81.62,80.42,81.26,8906561
2016-10-30,81.57,82.13,80.85,80.98,468725
2016-11-01,81.15,82.88,80.72,81.07,9357986
2016-11-02,80.43,80.93,78.62,80.24,11684879
2016-11-03,80.12,81.38,79.55,80.26,16115687
2016-11-04,80.63,81.13,79.03,79.5,7347875
2016-11-07,79.82,80.63,79.07,79.94,6048899
2016-11-08,80.29,82.79,79.54,82.33,11039138
2016-11-09,79.69,84.13,78.38,83.72,11764913
2016-11-10,84.93,85.5,83.55,84.24,9535031
2016-11-11,83.33,84.0,80.28,82.17,12884213
2016-11-15,83.07,83.78,78.86,81.73,13113395
2016-11-16,82.69,83.59,79.59,80.31,13224605
2016-11-17,79.69,81.97,79.69,81.55,5577938
2016-11-18,81.59,82.79,79.69,80.07,7143314
2016-11-21,80.63,81.29,78.75,78.91,8165921
2016-11-22,79.31,80.38,76.5,77.73,10506437
2016-11-23,78.51,78.76,76.59,77.31,8745134
2016-11-24,76.67,77.37,75.19,75.47,8457281
2016-11-25,76.29,78.69,75.69,78.22,11191559
2016-11-28,78.04,79.46,77.53,78.29,12354167
2016-11-29,78.29,80.46,78.16,80.25,17421254
2016-11-30,80.96,81.15,79.22,79.64,13277837
2016-12-01,79.88,83.51,79.87,82.43,20656886
2016-12-02,81.75,83.14,80.86,81.17,9675581
2016-12-05,80.95,81.46,79.85,80.15,7131590
2016-12-06,80.63,81.79,80.45,80.89,9313187
2016-12-07,81.0,81.6,79.52,80.17,5605265
2016-12-08,80.98,81.88,80.35,80.61,7954034
2016-12-09,81.17,81.44,80.07,80.5,4569938
2016-12-12,80.21,80.67,79.35,80.45,6176111
2016-12-13,80.33,80.63,79.01,79.67,7934591
2016-12-14,79.69,79.74,78.38,78.59,5982098
2016-12-15,78.21,79.6,77.63,78.17,4980134
2016-12-16,78.38,79.41,77.0,77.83,8858750
2016-12-19,77.63,80.31,77.43,79.85,10799501
2016-12-20,79.64,81.09,79.5,80.59,9238421
2016-12-21,80.63,81.14,79.35,80.65,6705173
2016-12-22,80.21,80.71,79.55,79.87,6522005
2016-12-23,79.76,81.38,78.38,80.91,7355198
2016-12-26,80.63,81.33,79.52,80.35,6732821
2016-12-27,80.43,80.79,78.89,79.51,9639965
2016-12-28,79.59,80.03,78.6,79.62,6881363
2016-12-29,79.62,80.79,78.47,79.79,23794046
2016-12-30,79.83,83.07,79.41,82.35,14911634
2017-01-02,82.5,82.82,81.38,81.59,10613873
2017-01-03,81.69,83.38,81.38,82.77,8824646
2017-01-04,82.74,83.78,82.17,82.53,8954099
2017-01-05,83.47,83.55,82.41,82.91,9387599
2017-01-06,83.33,84.51,82.69,82.97,8334071
2017-01-09,83.16,83.38,81.55,81.69,7309295
2017-01-10,81.83,83.21,81.83,82.63,11857406
2017-01-11,82.89,83.87,82.43,83.38,18613396
2017-01-12,83.43,84.19,82.72,82.88,9899447
2017-01-13,82.93,85.31,82.93,84.79,15361061
2017-01-16,84.93,85.49,83.74,83.96,8243519
2017-01-17,83.96,84.85,82.03,83.55,9382973
2017-01-18,83.81,84.33,81.79,82.41,9979613
2017-01-19,82.79,87.19,81.85,86.56,38467464
2017-01-20,87.19,88.34,85.63,86.27,29237016
2017-01-23,86.35,89.05,86.34,88.29,18316862
2017-01-24,88.88,89.15,87.88,88.97,12483422
2017-01-25,89.07,89.63,88.22,89.23,19441478
2017-01-27,90.0,92.59,90.0,90.38,30091252
2017-01-30,90.57,90.93,89.81,90.73,11130935
2017-01-31,90.19,90.29,87.19,87.77,41387680
2017-02-01,88.07,91.5,86.93,90.92,22370196
2017-02-02,90.25,90.7,89.16,89.34,16115090
2017-02-03,89.43,90.29,88.17,89.75,10974653
2017-02-06,89.94,90.85,89.53,90.46,10021934
2017-02-07,90.93,91.99,88.6,89.29,12659585
2017-02-08,89.45,91.41,89.07,91.01,5495633
2017-02-09,91.29,92.69,91.01,91.94,10523798
2017-02-10,92.43,92.43,90.21,90.63,10038119
2017-02-13,91.69,92.19,89.16,90.33,12641294
2017-02-14,90.38,93.15,90.19,92.9,20148460
2017-02-15,93.55,93.7,91.6,92.6,16901508
2017-02-16,92.83,94.69,92.72,94.31,13917137
2017-02-17,94.52,96.19,93.6,95.66,16152647
2017-02-20,95.86,99.0,95.66,98.27,24304884
2017-02-21,98.43,99.53,97.51,98.25,14274863
2017-02-22,98.24,98.25,96.89,97.3,13106657
2017-02-23,97.79,99.47,96.29,97.04,39941424
2017-02-27,97.63,98.66,96.39,96.62,24344500
2017-02-28,97.01,97.81,96.19,96.92,11344691
2017-03-01,97.13,97.49,94.39,94.94,21243758
2017-03-02,95.63,96.2,93.57,94.05,17344274
2017-03-03,94.17,97.88,94.13,97.55,32165474
2017-03-06,98.43,98.51,96.95,97.92,29952888
2017-03-07,97.5,98.81,97.5,98.42,45832164
2017-03-08,98.31,100.15,96.19,97.27,87017944
2017-03-09,94.0,95.75,92.27,94.81,75627848
2017-03-10,94.97,95.85,93.89,94.57,23588484
2017-03-14,96.34,96.97,93.33,93.95,43188496
2017-03-15,94.11,94.53,93.2,93.83,18482836
2017-03-16,94.3,94.86,94.15,94.7,17090402
2017-03-17,94.7,95.0,93.25,93.79,14585003
2017-03-20,93.45,94.25,92.77,93.59,14287106
2017-03-21,93.75,93.79,91.66,92.57,11079671
2017-03-22,92.23,92.95,91.84,92.25,12129005
2017-03-23,92.73,94.47,92.35,94.23,15281903
2017-03-24,94.23,95.75,93.75,95.33,13769879
2017-03-27,95.7,96.0,93.77,93.93,8936477
2017-03-28,94.36,94.36,92.9,93.7,13661414
2017-03-29,93.97,93.99,93.05,93.36,9669245
2017-03-30,93.27,96.73,93.27,94.75,72235768
2017-03-31,94.67,95.41,93.83,94.23,6247925
2017-04-03,94.25,96.85,94.25,96.19,18616200
2017-04-05,96.73,96.73,94.81,95.6,10334567
2017-04-06,95.25,97.14,95.05,96.66,10287329
2017-04-07,96.6,98.0,96.07,96.66,11926217
2017-04-10,96.77,97.25,95.85,96.21,5620346
2017-04-11,96.5,97.0,95.97,96.19,6538079
2017-04-12,96.38,97.0,94.25,94.57,9523670
2017-04-13,94.27,96.11,94.27,94.93,11681405
2017-04-17,95.03,99.1,95.03,98.63,10852685
2017-04-18,99.67,100.88,98.2,98.64,18292788
2017-04-19,99.35,99.97,97.27,98.45,18718816
2017-04-20,98.75,103.0,98.29,100.43,28212026
2017-04-21,101.07,102.25,99.31,99.88,10540721
2017-04-24,100.25,103.55,99.79,103.17,16265747
2017-04-25,103.97,103.97,102.53,102.88,11754317
2017-04-26,103.47,105.03,102.35,103.31,14198675
2017-04-27,103.75,105.47,102.88,104.6,13007855
2017-04-28,104.71,106.13,103.75,105.99,15115247
2017-05-02,106.0,107.83,104.81,107.38,7607678
2017-05-03,107.7,108.43,105.81,106.41,9024803
2017-05-04,106.73,107.7,105.63,107.17,6289682
2017-05-05,107.13,107.25,103.41,104.7,17191228
2017-05-08,105.2,105.6,103.64,104.53,5120093
2017-05-09,104.67,105.75,103.75,105.45,3049967
2017-05-10,105.43,105.67,104.05,104.38,4306487
2017-05-11,104.5,104.77,101.25,102.07,12766649
2017-05-12,102.0,103.15,100.0,102.3,9808589
2017-05-15,103.27,103.81,102.5,103.5,4310201
2017-05-16,103.95,104.0,102.57,102.85,9739334
2017-05-17,102.88,103.23,101.4,102.07,8008418
2017-05-18,101.59,102.25,100.38,101.19,8528558
2017-05-19,101.0,101.59,99.0,100.27,11391338
2017-05-22,101.07,101.07,96.77,97.55,9425147
2017-05-23,95.03,96.61,91.38,95.09,39740412
2017-05-24,95.5,98.19,93.79,97.66,16205525
2017-05-25,98.14,100.99,97.97,100.25,31087140
2017-05-26,99.93,100.75,99.5,100.43,8098961
2017-05-29,100.0,101.43,98.79,100.29,8526707
2017-05-30,99.53,102.14,99.5,101.36,8251670
2017-05-31,101.6,104.45,101.6,103.5,30850864
2017-06-01,103.5,103.75,101.86,102.59,6816110
2017-06-02,102.81,103.35,99.88,100.59,10371626
2017-06-05,100.53,101.2,99.27,99.5,6400997
2017-06-06,99.59,101.0,98.57,99.73,6538685
2017-06-07,99.88,102.17,99.88,100.65,8441873
2017-06-08,100.63,101.14,96.14,97.15,15894590
2017-06-09,97.0,97.0,94.61,95.29,12983615
2017-06-12,95.25,96.81,94.16,95.35,11904251
2017-06-13,95.5,96.75,94.85,95.43,7454939
2017-06-14,95.53,96.13,94.75,95.27,9138719
2017-06-15,95.0,95.29,93.25,94.15,17629960
2017-06-16,94.66,95.38,94.31,94.59,15152690
2017-06-19,94.84,95.36,93.57,95.16,6883163
2017-06-20,95.16,95.85,93.43,93.8,10092947
2017-06-21,93.83,93.89,91.67,92.07,7241783
2017-06-22,91.39,91.86,88.8,90.03,22694776
2017-06-23,90.6,90.95,87.75,88.53,14160341
2017-06-27,89.0,90.66,86.66,89.93,11146889
2017-06-28,90.6,91.88,88.77,89.01,12670949
2017-06-29,89.5,91.05,89.11,90.59,16320917
2017-06-30,90.47,90.97,88.83,90.36,5438174
2017-07-03,90.5,91.93,89.77,91.77,5475431
2017-07-04,91.43,92.23,90.03,91.34,6246659
2017-07-05,92.0,92.0,90.38,90.77,4730723
2017-07-06,90.77,91.11,89.35,90.38,7395287
2017-07-07,90.25,90.25,88.88,89.73,8295155
2017-07-10,92.25,98.33,89.5,91.5,1057943
2017-07-11,91.86,92.61,90.43,90.81,4271174
2017-07-12,91.03,93.19,90.81,92.47,14249441
2017-07-13,92.97,93.38,91.93,93.01,7703465
2017-07-14,93.4,98.13,92.88,97.59,23462820
2017-07-17,97.0,97.61,95.3,96.53,13184078
2017-07-18,96.0,96.5,93.79,94.77,12872534
2017-07-19,95.38,96.0,94.57,94.84,8738237
2017-07-20,95.0,95.25,94.0,94.79,10066286
2017-07-21,94.79,96.0,93.73,94.25,9733079
2017-07-24,94.6,94.99,93.4,94.25,13351829
2017-07-25,94.47,95.25,93.05,93.34,11745953
2017-07-26,93.53,96.19,93.1,93.91,13204250
2017-07-27,94.36,95.88,94.13,94.67,14733137
2017-07-28,94.93,96.57,94.55,94.99,9975938
2017-07-31,95.36,96.5,93.8,94.19,7666973
2017-08-01,94.38,95.2,93.16,93.47,8900426
2017-08-02,93.67,93.95,92.03,92.47,3709229
2017-08-03,92.53,93.85,92.38,92.64,5336930
2017-08-04,93.0,96.0,92.5,94.43,12792377
2017-08-07,95.17,96.23,94.8,95.4,12953234
2017-08-08,95.4,97.38,95.33,96.69,12942674
2017-08-09,97.25,97.34,94.81,95.55,7047722
2017-08-10,95.2,95.57,90.0,91.25,10568573
2017-08-11,88.93,93.36,88.93,92.23,15335525
2017-08-14,93.47,93.97,92.51,93.13,10091753
2017-08-16,94.09,94.09,92.45,92.8,11141687
2017-08-17,93.47,94.47,92.5,94.05,5800925
2017-08-18,93.45,96.17,93.2,95.31,10066691
2017-08-21,95.47,96.6,93.0,93.55,13272173
2017-08-22,94.55,95.0,93.3,94.43,13580849
2017-08-23,95.2,97.03,94.63,96.36,13068071
2017-08-24,96.64,97.63,95.27,95.75,13136531
2017-08-28,96.0,96.93,95.38,95.5,9499841
2017-08-29,95.45,96.33,94.49,94.75,3647069
2017-08-30,95.38,96.03,95.05,95.25,5261327
2017-08-31,94.61,95.81,93.05,94.57,17266240
2017-09-01,94.67,97.47,94.63,96.03,13179665
2017-09-04,96.2,96.64,94.65,94.9,4977170
2017-09-05,95.13,96.07,94.43,94.67,6019595
2017-09-06,94.35,96.95,93.83,95.57,13235699
2017-09-07,95.97,96.5,95.13,95.39,7500395
2017-09-08,95.55,96.59,94.43,95.03,7557770
2017-09-11,96.0,100.21,96.0,98.7,36613336
2017-09-12,99.66,102.88,98.2,102.4,32020348
2017-09-13,102.75,103.75,100.0,102.0,18550608
2017-09-14,102.43,103.67,99.25,100.23,14424914
2017-09-15,99.73,101.29,99.27,99.97,15350582
2017-09-18,100.61,101.95,100.0,100.07,6153947
2017-09-19,103.5,105.73,102.31,105.21,35710072
2017-09-20,105.91,106.59,103.88,104.33,25278108
2017-09-21,104.33,104.71,101.55,101.93,19280294
2017-09-22,101.75,101.75,98.93,99.64,11978906
2017-09-25,99.75,100.97,98.88,99.53,12938651
2017-09-26,99.88,101.14,99.1,99.7,12868958
2017-09-27,100.01,101.88,99.3,99.93,11350133
2017-09-28,99.9,100.4,96.77,99.07,22869470
2017-09-29,107.0,107.25,104.29,104.77,60698452
2017-10-03,106.38,109.57,105.5,108.85,38224368
2017-10-04,109.38,109.99,108.5,109.03,17954964
2017-10-05,109.0,109.75,107.4,107.73,13901315
2017-10-06,108.31,114.29,108.21,113.17,29165172
2017-10-09,113.25,113.73,111.1,111.51,13490306
2017-10-10,111.25,112.23,110.7,111.15,9226577
2017-10-11,112.21,114.36,110.0,111.1,16247039
2017-10-12,113.17,113.49,111.01,111.49,17238876
2017-10-13,112.25,112.25,109.0,109.38,14319794
2017-10-16,109.13,111.15,108.39,109.49,15835667
2017-10-17,109.5,111.03,109.07,109.34,12448817
2017-10-18,109.43,110.65,108.51,109.13,10299821
2017-10-19,109.0,109.05,107.81,108.31,682487
2017-10-23,108.63,110.47,108.25,108.79,17347478
2017-10-24,109.77,111.63,108.93,111.07,16941446
2017-10-25,111.97,115.33,111.5,114.84,17255632
2017-10-26,115.5,117.47,115.0,116.33,41479192
2017-10-27,116.75,118.97,115.77,117.77,15015053
2017-10-30,117.53,119.84,116.81,118.93,11902811
2017-10-31,118.1,119.27,115.93,116.3,11080163
2017-11-01,117.23,117.86,116.11,117.01,10886177
2017-11-02,117.13,119.8,117.13,117.73,11529029
2017-11-03,118.0,118.63,115.51,115.97,8462735
2017-11-06,115.75,117.4,114.75,116.49,8345102
2017-11-07,117.0,119.41,114.99,115.88,15277562
2017-11-08,115.88,116.95,113.84,114.31,10552199
2017-11-09,115.13,115.7,112.0,112.77,12770879
2017-11-10,113.69,115.93,112.55,114.27,16137314
2017-11-13,114.53,115.65,111.89,113.86,13531550
2017-11-14,114.15,115.5,112.01,114.01,13911815
2017-11-15,115.75,116.0,110.27,112.3,23771198
2017-11-16,113.19,114.6,111.64,112.36,19288668
2017-11-17,113.2,114.05,110.7,111.19,12884795
2017-11-20,111.0,116.25,110.86,115.09,16778688
2017-11-21,116.1,116.45,114.65,114.99,23276328
2017-11-22,115.5,117.61,114.16,117.27,12653243
2017-11-23,117.5,117.97,114.61,115.73,7026326
2017-11-24,116.0,118.09,115.77,117.77,11725421
2017-11-27,116.63,117.43,115.59,116.86,9265751
2017-11-28,117.25,117.25,114.93,115.63,14093645
2017-11-29,116.25,117.25,115.09,115.53,8199995
2017-11-30,115.88,118.0,115.17,117.1,22805268
2017-12-01,117.53,118.35,112.33,113.95,9466781
2017-12-04,113.95,116.11,112.45,115.79,9656129
2017-12-05,115.8,116.4,114.27,115.53,7514582
2017-12-06,115.25,115.61,113.73,114.01,8772929
2017-12-07,114.01,124.07,114.01,123.14,48722464
2017-12-08,124.25,124.97,120.14,120.63,31747432
2017-12-11,121.71,122.8,119.29,120.3,16619882
2017-12-12,121.2,124.0,120.57,122.97,28524424
2017-12-13,123.47,125.7,121.6,122.95,22113708
2017-12-14,123.5,124.27,120.35,121.77,12564113
2017-12-15,123.2,124.63,121.1,121.41,13527341
2017-12-18,121.97,126.11,118.97,124.0,25651824
2017-12-19,124.13,125.73,122.4,124.14,11376623
2017-12-20,124.53,127.38,124.25,124.85,17112568
2017-12-21,125.5,126.5,124.59,125.38,9272426
2017-12-22,125.43,127.17,125.15,125.77,12435377
2017-12-26,127.03,128.5,126.39,127.41,16969312
2017-12-27,128.17,128.49,126.7,127.03,15401915
2017-12-28,127.97,129.88,126.2,127.8,40396060
2017-12-29,128.49,128.5,124.21,124.91,15616511
2018-01-01,125.7,126.19,124.21,124.66,6557639
2018-01-02,126.0,126.0,123.33,123.59,5698907
2018-01-03,124.2,124.36,122.13,122.53,8822843
2018-01-04,123.5,124.6,122.43,124.17,8777729
2018-01-05,124.75,124.75,123.03,123.6,4680563
2018-01-08,125.0,126.0,124.0,124.35,9118478
2018-01-09,124.36,125.71,124.36,125.23,10087073
2018-01-10,125.49,126.66,123.51,124.03,11441306
2018-01-11,124.43,124.43,123.33,123.88,4907969
2018-01-12,124.63,125.63,123.13,125.29,7346438
2018-01-15,125.34,125.69,121.95,122.31,8561822
2018-01-16,122.83,123.0,118.29,119.6,8494394
2018-01-17,120.5,121.84,116.75,120.14,14967551
2018-01-18,117.53,118.25,116.53,117.13,13938395
2018-01-19,117.13,117.9,114.91,117.19,13460291
2018-01-22,117.51,117.91,112.77,114.35,18549518
2018-01-23,115.2,119.55,111.77,117.7,25144826
2018-01-24,117.77,123.59,117.75,121.23,30248712
2018-01-25,121.53,124.75,119.85,123.43,44763012
2018-01-29,123.11,124.7,117.86,118.59,17028026
2018-01-30,119.75,120.93,118.51,119.03,11540933
2018-01-31,119.49,120.93,117.88,119.65,9880478
2018-02-01,119.5,123.95,119.5,121.57,18441796
2018-02-02,120.5,121.25,115.4,116.61,13675994
2018-02-05,115.0,118.0,113.33,115.59,13110317
2018-02-06,112.0,114.47,109.77,113.15,12193973
2018-02-07,114.15,116.33,112.84,115.07,16367159
2018-02-08,116.2,117.85,115.01,115.47,14242691
2018-02-09,114.3,116.0,113.3,115.61,7526159
2018-02-12,117.0,117.0,114.77,116.25,8170199
2018-02-14,118.45,118.45,115.79,116.73,18632378
2018-02-15,117.63,119.43,116.41,118.97,8440979
2018-02-16,119.57,119.77,116.53,117.07,5458934
2018-02-19,117.5,118.4,115.33,115.95,6344453
2018-02-20,115.95,118.05,115.19,116.29,5334863
2018-02-21,116.75,117.45,115.85,116.53,9291071
2018-02-22,116.38,117.73,114.0,116.53,18026328
2018-02-23,116.35,116.35,113.14,114.6,16511069
2018-02-26,115.0,116.43,114.89,115.8,8441174
2018-02-27,116.1,118.59,113.75,114.27,18352370
2018-02-28,113.95,115.45,113.19,114.38,12795563
2018-03-01,114.5,114.57,112.89,113.57,8592866
2018-03-05,113.0,113.23,110.33,110.9,11677097
2018-03-06,111.11,112.07,109.47,109.99,9907502
2018-03-07,109.99,110.67,108.31,110.19,9025097
2018-03-08,111.25,111.67,108.45,109.11,10079495
2018-03-09,109.5,110.67,108.81,109.23,8047181
2018-03-12,109.67,112.0,109.5,111.61,7737917
2018-03-13,112.5,114.5,110.0,113.99,11116274
2018-03-14,114.0,115.91,113.75,114.5,9770753
2018-03-15,113.81,114.69,112.1,112.59,7697867
2018-03-16,112.27,112.38,109.5,110.25,11666075
2018-03-19,111.73,112.0,109.35,110.51,12024263
2018-03-20,110.88,111.49,109.13,109.63,7901687
2018-03-21,110.25,111.0,108.45,108.77,14201483
2018-03-22,109.53,110.25,108.89,109.6,10298903
2018-03-23,108.75,110.67,107.4,109.9,35003296
2018-03-26,110.0,110.0,103.15,106.29,49611844
2018-03-27,106.67,107.3,103.03,106.99,20438582
2018-03-28,106.99,110.55,105.53,109.51,27115176
2018-04-02,110.33,113.0,106.83,108.27,10666571
2018-04-03,108.57,110.67,107.47,109.92,7490282
2018-04-04,109.67,110.0,107.67,109.42,8901008
2018-04-05,110.33,112.0,110.0,110.8,8203154
2018-04-06,110.53,112.0,110.05,111.42,5043569
2018-04-09,111.37,111.85,109.83,110.27,6096674
2018-04-10,111.4,111.49,110.1,110.65,5929811
2018-04-11,110.71,111.67,107.43,109.0,10268876
2018-04-12,108.5,109.29,108.33,108.68,6622121
2018-04-13,109.47,109.83,108.1,108.95,6670850
2018-04-16,108.67,108.82,107.09,108.23,4692209
2018-04-17,108.33,108.99,107.01,108.55,6031259
2018-04-18,109.13,110.85,108.67,110.21,6423005
2018-04-19,110.73,112.67,109.49,111.79,7985996
2018-04-20,112.59,114.25,108.35,110.18,11878694
2018-04-23,110.9,111.8,109.2,110.85,7651769
2018-04-24,111.33,113.27,110.29,112.59,5144687
2018-04-25,112.8,112.82,108.67,109.18,14924861
2018-04-26,109.18,110.17,107.0,108.45,12479210
2018-04-27,109.0,110.57,108.13,110.27,5672009
2018-04-30,110.27,111.17,108.03,108.37,7886900
2018-05-02,108.7,110.12,107.21,107.9,13057232
2018-05-03,107.85,109.51,106.68,107.71,10603313
2018-05-04,107.65,110.63,106.99,109.92,8101382
2018-05-07,110.07,114.83,108.93,114.6,14910716
2018-05-08,114.47,116.2,112.95,113.95,12101018
2018-05-09,114.32,114.85,112.7,113.97,10134317
2018-05-10,114.49,114.77,111.9,113.33,10385624
2018-05-11,113.73,114.93,112.38,114.2,7854890
2018-05-14,114.33,115.33,113.85,114.73,6422417
2018-05-15,115.33,117.15,112.18,113.15,15652100
2018-05-16,113.3,113.3,109.25,110.21,15567365
2018-05-17,110.67,113.17,109.21,110.12,18632528
2018-05-18,110.03,110.33,106.73,107.17,19971936
2018-05-21,107.77,108.97,106.33,108.55,7396214
2018-05-22,108.8,109.67,108.05,109.33,5043905
2018-05-23,109.17,109.79,106.42,107.65,7813382
2018-05-24,108.38,109.07,99.59,103.17,36955388
2018-05-25,104.33,108.0,103.37,106.38,28701604
2018-05-28,107.5,112.67,107.5,112.13,11819177
2018-05-29,110.73,115.32,110.73,114.32,13642103
2018-05-30,114.23,115.33,112.83,114.35,10794509
2018-05-31,114.37,117.68,114.37,116.97,33563984
2018-06-01,116.4,116.5,113.07,113.79,9746054
2018-06-04,114.2,115.33,110.8,111.68,9583991
2018-06-05,111.68,112.37,109.38,111.57,8063756
2018-06-06,111.37,112.5,110.0,110.99,7036658
2018-06-07,111.17,114.49,110.75,111.75,11857874
2018-06-08,111.33,115.7,110.63,114.13,9199958
2018-06-11,114.43,115.09,112.85,114.51,7012340
2018-06-12,115.27,115.33,113.5,114.43,5862206
2018-06-13,114.5,115.13,113.1,114.95,6987380
2018-06-14,114.82,115.43,112.37,113.0,10961939
2018-06-15,113.0,113.83,111.09,111.63,10490780
2018-06-18,111.6,113.0,111.0,112.7,10700843
2018-06-19,112.29,115.17,111.97,114.25,21863024
2018-06-20,114.67,115.18,111.92,114.33,11742056
2018-06-21,115.13,115.13,112.1,113.1,12559847
2018-06-22,113.71,114.5,113.0,113.33,13306061
2018-06-25,113.9,114.97,112.75,113.73,12671993
2018-06-26,113.73,115.15,113.15,113.92,14068106
2018-06-27,113.8,113.92,107.67,109.6,13331111
2018-06-28,108.8,108.8,105.18,106.51,19549908
2018-06-29,106.88,116.27,106.88,113.42,22779048
2018-07-02,113.45,114.42,110.88,113.7,17970284
2018-07-03,112.67,115.82,112.0,115.1,11210774
2018-07-04,114.33,116.63,113.77,116.12,12953723
2018-07-05,115.99,116.63,114.33,115.35,10498160
2018-07-06,116.5,118.13,114.1,114.73,10538246
2018-07-09,114.7,116.09,114.13,115.8,7783661
2018-07-10,116.0,122.0,114.65,121.32,21710328
2018-07-11,121.33,121.67,118.53,119.1,17178616
2018-07-12,119.67,120.59,117.83,118.87,9371738
2018-07-13,119.47,119.99,118.0,118.95,8061620
2018-07-16,118.93,119.83,116.77,118.6,8057786
2018-07-17,119.33,122.12,119.0,119.57,10419620
2018-07-18,120.18,121.85,118.43,119.68,10709483
2018-07-19,120.13,121.35,118.59,119.27,5064311
2018-07-20,119.6,120.93,119.21,119.93,5851904
2018-07-23,120.47,121.65,118.79,119.6,9013208
2018-07-24,119.63,123.1,118.47,121.93,13471505
2018-07-25,123.0,123.51,120.73,121.55,8770070
2018-07-26,121.55,124.09,120.97,123.33,25113512
2018-07-27,123.71,126.6,122.95,126.17,10968602
2018-07-30,126.67,128.83,125.37,125.92,13524566
2018-07-31,126.17,126.85,124.35,125.05,9027338
2018-08-01,125.67,127.5,123.71,125.12,7676315
2018-08-02,125.21,126.95,122.79,125.88,7986953
2018-08-03,126.37,129.93,126.0,129.4,14811374
2018-08-06,130.0,130.67,125.1,125.45,8624810
2018-08-07,126.45,127.8,124.33,124.9,8697377
2018-08-08,125.97,127.33,124.93,125.67,13183670
2018-08-09,125.83,126.8,124.75,125.18,3991901
2018-08-10,125.17,128.6,117.9,120.99,25880426
2018-08-13,121.32,126.5,121.0,125.15,31544756
2018-08-14,124.88,128.09,124.21,126.6,14297978
2018-08-16,126.57,133.13,126.37,131.27,45437356
2018-08-17,131.33,132.2,128.07,129.23,13509200
2018-08-20,130.03,130.67,125.0,126.35,15107492
2018-08-21,126.83,128.82,125.2,126.03,12359816
2018-08-23,126.93,128.63,126.25,128.07,9565550
2018-08-24,128.33,129.67,125.33,126.88,12918923
2018-08-27,128.05,128.82,126.62,127.79,4796093
2018-08-28,128.27,131.62,120.93,121.42,31545364
2018-08-29,123.13,124.7,121.7,122.49,15864800
2018-08-30,123.1,126.5,121.43,125.4,32031254
2018-08-31,125.97,127.9,123.38,124.07,17034476
2018-09-03,125.27,125.27,122.45,122.77,6790985
2018-09-04,122.77,123.63,119.05,119.82,8103287
2018-09-05,120.0,123.0,118.05,120.67,12495674
2018-09-06,121.57,124.33,120.35,121.87,17752524
2018-09-07,122.99,126.53,122.21,125.73,15558215
2018-09-10,125.67,126.55,123.2,125.9,11892356
2018-09-11,127.32,127.32,122.93,124.05,15053894
2018-09-12,124.67,125.57,122.6,123.37,11260139
2018-09-14,123.67,125.23,122.7,123.32,14974721
2018-09-17,123.27,124.8,122.03,124.18,10863158
2018-09-18,124.23,126.1,124.2,124.93,12822974
2018-09-19,125.42,128.63,124.57,128.18,22575380
2018-09-21,129.45,131.51,126.8,130.05,23593226
2018-09-24,130.0,131.01,126.25,126.97,15577496
2018-09-25,126.83,126.83,121.18,123.3,10066469
2018-09-26,124.0,127.33,123.5,125.03,10340357
2018-09-27,126.18,129.8,125.03,125.9,27770750
2018-09-28,128.53,131.0,124.43,126.33,39559988
2018-10-01,127.27,128.92,125.87,127.0,14066342
2018-10-03,126.99,128.57,126.35,127.25,11711060
2018-10-04,126.6,126.6,118.33,122.65,16681880
2018-10-05,116.33,116.33,98.42,110.68,63136804
2018-10-08,110.01,115.43,110.01,114.63,17979984
2018-10-09,114.33,115.47,110.47,111.17,15751856
2018-10-10,111.82,113.63,110.17,112.12,11907476
2018-10-11,109.33,117.57,109.0,116.75,17535128
2018-10-12,117.3,120.33,117.07,119.77,15188342
2018-10-15,119.63,120.09,113.83,117.01,11072222
2018-10-16,117.01,119.1,115.42,117.43,10269686
2018-10-17,118.97,121.42,114.53,115.12,13931498
2018-10-19,114.67,119.59,114.03,114.77,14053946
2018-10-22,115.88,117.75,113.63,114.1,10611887
2018-10-23,113.63,114.9,111.5,113.33,10698566
2018-10-24,114.7,115.83,111.29,114.0,25598858
2018-10-25,113.65,115.0,112.0,113.25,69201000
2018-10-26,113.33,115.1,113.13,113.79,13429454
2018-10-29,114.57,117.93,113.23,117.37,19363940
2018-10-30,118.0,123.0,117.75,120.09,21530824
2018-10-31,120.95,125.47,119.42,124.75,21658916
2018-11-01,125.12,125.2,121.37,122.62,8556032
2018-11-02,123.07,124.47,121.32,123.25,18106732
2018-11-05,123.97,125.79,121.4,124.0,20593168
2018-11-06,125.5,127.33,123.59,125.05,22210228
2018-11-07,126.0,126.29,124.62,125.05,599927
2018-11-09,126.0,126.4,121.83,122.45,12679421
2018-11-12,123.0,124.17,121.33,121.59,11728481
2018-11-13,121.33,123.23,120.67,121.79,12054035
2018-11-14,122.07,122.43,116.51,117.51,17276844
2018-11-15,116.9,118.13,114.67,115.85,16937372
2018-11-16,116.33,117.23,113.75,114.07,10087280
2018-11-19,114.17,114.53,110.07,111.57,15919544
2018-11-20,112.68,115.33,112.57,114.68,18634352
2018-11-21,114.33,115.75,113.4,115.01,10468928
2018-11-22,115.0,116.67,114.2,114.92,12686636
2018-11-26,115.8,115.93,112.7,113.27,12827045
2018-11-27,113.33,116.68,113.27,115.79,22336412
2018-11-28,116.33,117.82,112.0,113.01,17717660
2018-11-29,113.49,114.73,112.35,113.07,24075364
2018-11-30,114.07,116.09,112.59,114.35,17497526
2018-12-03,113.67,119.13,113.17,118.55,18520928
2018-12-04,116.88,119.93,116.88,118.12,14206517
2018-12-05,118.23,118.8,115.75,116.45,7605365
2018-12-06,115.33,116.75,113.5,116.33,14622434
2018-12-07,115.33,115.67,110.27,111.57,21672398
2018-12-10,110.93,112.62,109.33,110.68,14600462
2018-12-11,110.07,111.82,109.9,110.85,20955098
2018-12-12,111.67,115.17,110.37,114.82,11524802
2018-12-13,115.15,116.1,113.4,115.49,10065680
2018-12-14,115.65,117.73,113.83,117.09,6013637
2018-12-17,117.1,118.47,116.87,117.71,6406673
2018-12-18,117.67,119.07,116.57,118.17,10378364
2018-12-19,118.67,119.8,117.6,119.5,8093984
2018-12-20,118.1,119.33,117.2,117.71,7198355
2018-12-21,117.67,118.07,114.7,115.01,12152495
2018-12-24,115.03,116.68,113.29,115.9,10417727
2018-12-26,115.47,118.13,114.0,117.8,5738357
2018-12-27,118.33,121.17,117.43,118.82,54656424
2018-12-28,118.82,120.45,118.35,118.77,8885756
2019-01-01,119.67,121.33,118.99,120.71,6403508
2019-01-02,120.18,120.63,115.85,116.77,10585463
2019-01-03,116.77,117.49,115.65,116.65,7193735
2019-01-04,116.75,117.97,115.85,117.71,5513636
2019-01-07,117.83,119.35,117.03,119.03,5112728
2019-01-08,118.53,119.71,117.6,118.2,7191251
2019-01-09,118.67,118.75,112.68,113.79,18458496
2019-01-10,114.33,115.03,113.09,114.63,8262566
2019-01-11,114.53,114.93,112.4,112.87,7606364
2019-01-14,112.67,112.77,107.38,108.3,23910816
2019-01-15,107.67,108.99,107.35,108.18,13576676
2019-01-16,108.67,110.49,107.85,108.5,15250466
2019-01-17,109.63,111.13,108.77,110.8,12871784
2019-01-18,110.8,110.95,106.83,107.38,13377365
2019-01-21,107.67,109.63,106.82,109.27,9913916
2019-01-22,109.33,112.0,108.35,110.97,14312327
2019-01-23,111.65,112.17,110.18,111.4,9189686
2019-01-24,111.3,111.6,110.18,111.2,10153937
2019-01-25,111.33,112.5,110.23,111.63,10847780
2019-01-28,111.51,111.75,109.3,111.07,11398142
2019-01-29,110.33,110.37,106.55,107.87,18230332
2019-01-30,108.33,109.2,106.63,107.2,18478088
2019-01-31,107.67,111.3,107.5,110.71,33158120
2019-02-01,111.1,111.79,108.7,111.17,10103921
2019-02-04,110.38,110.6,109.0,109.92,5048840
2019-02-05,110.09,113.0,108.51,110.7,17111534
2019-02-06,112.17,113.62,110.1,113.27,12367973
2019-02-07,113.4,114.23,111.88,113.32,6340394
2019-02-08,112.51,113.17,111.47,112.12,6823631
2019-02-11,111.43,111.8,108.12,109.47,9817484
2019-02-12,107.33,108.85,107.15,108.57,8510921
2019-02-13,108.35,109.83,104.37,105.17,12452507
2019-02-14,105.5,105.6,102.27,102.65,23680552
2019-02-15,103.25,106.38,103.03,105.92,14889743
2019-02-18,106.18,107.0,103.59,105.82,10230710
2019-02-19,105.67,108.59,105.49,106.75,9542210
2019-02-20,108.0,110.87,106.49,109.9,13622468
2019-02-21,110.67,112.2,108.01,110.57,21926792
2019-02-22,111.67,111.67,108.55,109.05,12602825
2019-02-25,108.7,109.83,107.4,109.27,26172188
2019-02-26,108.0,111.8,107.21,111.15,18095052
2019-02-27,112.1,112.57,110.5,111.9,16287545
2019-02-28,113.0,114.65,111.42,114.0,39027792
2019-03-01,114.5,116.43,114.17,114.62,18061328
2019-03-05,114.33,115.8,113.75,115.5,11764970
2019-03-06,116.0,116.3,114.2,115.12,7603877
2019-03-07,114.85,116.79,114.35,114.71,8172704
2019-03-08,115.0,117.0,113.9,116.55,8152445
2019-03-11,116.77,119.3,116.67,117.25,11621555
2019-03-12,118.13,119.17,116.37,117.97,12617084
2019-03-13,118.2,119.4,116.17,117.2,11249177
2019-03-14,117.51,119.0,115.65,117.87,8579957
2019-03-15,118.55,120.67,116.67,119.79,22389132
2019-03-18,120.67,120.97,119.2,119.95,10455134
2019-03-19,120.87,122.17,120.09,120.68,14060213
2019-03-20,120.67,120.9,117.79,118.23,8560205
2019-03-22,118.93,119.79,115.77,116.32,7766837
2019-03-25,116.23,117.67,114.33,117.21,8431724
2019-03-26,117.6,120.67,117.21,119.79,13853360
2019-03-27,119.67,120.67,118.15,118.62,7961621
2019-03-28,118.18,121.0,118.1,119.43,13983854
2019-03-29,119.68,120.23,114.67,115.88,19583532
2019-04-01,117.33,120.2,117.25,118.23,17111956
2019-04-02,118.93,121.62,118.0,120.87,15280835
2019-04-03,120.88,121.47,116.88,117.49,10548164
2019-04-04,118.23,118.33,114.53,115.43,10487999
2019-04-05,116.25,117.18,115.55,116.27,6105749
2019-04-08,116.67,116.88,113.37,113.97,10517846
2019-04-09,114.33,115.0,112.03,114.5,9912710
2019-04-10,114.33,114.79,112.35,112.57,7645103
2019-04-11,112.8,114.51,112.6,114.23,6727625
2019-04-12,114.53,119.82,113.93,118.92,31653866
2019-04-15,118.83,119.43,117.29,118.01,9921212
2019-04-16,118.67,119.4,116.77,117.2,7588040
2019-04-18,118.13,118.13,116.17,117.32,8083073
2019-04-22,117.1,117.47,114.68,114.95,4334630
2019-04-23,112.5,113.63,110.57,113.15,27304804
2019-04-24,113.7,116.0,113.23,115.35,10335497
2019-04-25,115.33,116.33,113.7,114.37,15397808
2019-04-26,114.3,118.43,113.5,117.8,12723929
2019-04-30,117.09,118.95,116.18,118.65,13803422
2019-05-02,117.7,118.29,115.42,115.85,8469326
2019-05-03,115.6,116.97,114.13,115.15,10956260
2019-05-06,113.99,117.05,113.71,115.42,13003577
2019-05-07,116.0,118.99,113.21,113.59,10369370
2019-05-08,113.67,115.05,112.13,112.5,11045510
2019-05-09,112.37,113.82,111.01,113.47,8284241
2019-05-10,113.67,114.6,112.73,113.85,5578367
2019-05-13,113.85,114.27,110.1,110.68,5021219
2019-05-14,110.67,118.43,110.25,115.05,13691945
2019-05-15,114.33,116.47,110.29,110.59,12478496
2019-05-16,111.29,111.47,108.9,109.73,8465933
2019-05-17,110.33,111.37,110.07,111.01,6255053
2019-05-20,113.33,116.43,112.97,115.2,8038292
2019-05-21,116.9,116.93,111.79,112.9,7511861
2019-05-22,112.9,113.92,111.4,112.3,7739351
2019-05-23,114.0,114.21,112.3,112.65,6121781
2019-05-24,112.67,114.2,111.71,113.88,7626002
2019-05-27,114.33,117.0,113.92,116.12,16202975
2019-05-28,117.97,118.23,115.17,116.25,21022656
2019-05-29,116.67,120.7,116.49,117.92,31786814
2019-05-30,118.62,120.17,117.79,119.75,34545660
2019-05-31,120.0,121.03,118.82,120.33,13742204
2019-06-03,120.97,121.8,118.87,119.15,16033307
2019-06-04,118.67,120.12,118.37,119.42,9363734
2019-06-06,111.67,112.88,104.75,105.43,83936224
2019-06-07,105.7,106.97,102.57,104.62,30528890
2019-06-10,106.33,106.67,102.15,102.42,21361680
2019-06-11,103.0,104.0,100.95,102.01,30281896
2019-06-12,102.5,104.17,102.01,103.37,16972252
2019-06-13,103.43,103.93,102.37,102.7,12230360
2019-06-14,102.83,103.85,102.51,102.83,11892734
2019-06-17,103.0,103.27,100.87,101.99,13088777
2019-06-18,102.23,102.95,101.37,102.68,9869402
2019-06-19,103.33,103.67,101.59,102.59,10463294
2019-06-20,102.5,103.97,101.83,103.71,8442869
2019-06-21,104.33,104.63,102.55,103.87,17953264
2019-06-24,103.99,104.17,101.92,102.23,9987719
2019-06-25,101.83,103.51,101.42,103.23,11615447
2019-06-26,103.67,103.8,102.33,103.09,13048319
2019-06-27,103.33,103.6,102.0,102.21,25122938
2019-06-28,102.6,104.42,102.12,103.99,11736980
2019-07-01,103.32,104.5,102.8,104.23,13701887
2019-07-02,104.32,104.92,103.33,103.79,10914515
2019-07-03,103.87,104.12,101.53,101.75,23826854
2019-07-04,102.13,103.1,101.42,102.6,11950067
2019-07-05,103.12,103.13,101.7,102.13,13816553
2019-07-08,101.82,101.83,99.13,100.7,24048340
2019-07-09,100.67,101.47,97.17,98.07,10656005
2019-07-10,98.87,99.47,96.2,96.63,10123016
2019-07-11,97.0,98.93,97.0,98.3,7410514
2019-07-12,98.9,100.53,97.17,97.77,5350867
2019-07-15,98.0,98.53,96.43,97.0,5421487
2019-07-16,97.0,98.67,96.53,98.23,10250320
2019-07-17,97.37,97.6,94.97,95.6,17000972
2019-07-18,96.0,96.13,94.0,94.63,9472819
2019-07-19,95.3,95.3,91.4,91.73,14154359
2019-07-22,91.13,92.5,89.9,92.0,10270484
2019-07-23,91.97,93.87,91.83,92.4,7824836
2019-07-24,92.73,92.73,90.13,91.1,8352232
2019-07-25,91.1,91.67,89.43,89.83,12123902
2019-07-26,89.47,90.47,88.27,88.63,8824727
2019-07-29,88.8,89.7,87.17,87.6,7584349
2019-07-30,87.73,88.43,85.67,86.1,8160011
2019-07-31,86.1,86.9,85.53,85.9,9822242
2019-08-01,85.9,87.4,83.8,85.73,15958897
2019-08-02,85.33,86.13,82.53,85.1,11420000
2019-08-05,84.07,84.17,81.67,81.97,8280718
2019-08-06,81.33,84.37,81.1,82.23,11113268
2019-08-07,82.93,82.93,80.4,81.13,9397967
2019-08-08,81.0,81.7,79.73,81.3,8556184
2019-08-09,81.47,83.6,80.4,82.57,20829350
2019-08-13,83.23,86.1,82.67,84.0,34185592
2019-08-14,84.47,86.87,84.17,84.5,13371260
2019-08-16,85.8,87.63,82.83,86.43,22987296
2019-08-19,86.97,87.27,84.4,84.87,7594177
2019-08-20,85.0,85.73,83.93,84.9,11768527
2019-08-21,85.27,85.63,81.37,81.67,9938993
2019-08-22,81.33,83.13,79.83,80.43,19524412
2019-08-23,80.47,84.1,79.67,82.93,15199619
2019-08-26,84.53,84.63,82.13,84.27,11875669
2019-08-27,85.33,87.63,84.37,86.8,22567072
2019-08-28,87.2,89.07,85.0,85.37,17056052
2019-08-29,84.77,86.27,84.33,85.67,9252409
2019-08-30,86.43,88.73,83.47,86.53,18746840
2019-09-03,85.7,86.97,84.03,84.53,10037498
2019-09-04,84.67,86.43,83.37,84.87,12346075
2019-09-05,84.07,88.17,84.0,87.3,14641933
2019-09-06,87.8,88.03,86.17,87.57,9608194
2019-09-09,87.77,88.47,86.8,88.1,6626180
2019-09-11,86.87,88.0,85.43,85.63,18550184
2019-09-12,86.23,86.47,83.6,83.83,9013754
2019-09-13,83.83,86.63,82.43,86.17,12559189
2019-09-16,86.93,88.43,85.73,86.47,27482752
2019-09-17,86.3,88.87,86.0,87.93,19276500
2019-09-18,88.73,90.5,87.77,89.97,17268924
2019-09-19,90.47,90.47,87.2,88.7,19265920
2019-09-20,88.33,91.3,87.2,89.8,31417488
2019-09-23,92.67,99.17,91.63,94.2,29212288
2019-09-24,94.2,95.07,90.87,92.83,12543431
2019-09-25,92.37,92.37,89.47,90.97,10135798
2019-09-26,91.4,92.13,90.4,91.4,15793118
2019-09-27,91.0,91.3,88.33,89.43,11310967
2019-09-30,89.87,90.17,88.27,89.67,10393729
2019-10-01,89.4,91.0,87.1,88.6,11689981
2019-10-03,88.67,89.13,87.23,87.8,12529021
2019-10-04,88.0,89.2,86.53,88.1,17615688
2019-10-07,88.0,88.47,86.0,86.8,10042418
2019-10-09,86.67,88.43,85.6,88.07,11250766
2019-10-10,87.6,88.07,84.27,84.9,18116356
2019-10-11,84.83,85.77,83.03,83.3,12091972
2019-10-14,83.67,85.17,82.37,83.9,19108784
2019-10-15,84.0,86.1,83.7,85.4,15197993
2019-10-16,85.33,85.33,84.0,84.53,12396256
2019-10-17,84.47,86.03,83.9,85.83,12251485
2019-10-18,85.67,86.93,85.2,86.37,13353085
2019-10-22,86.37,87.3,85.87,86.33,11467120
2019-10-23,86.6,86.6,85.4,85.77,5238731
2019-10-24,86.07,86.07,82.23,82.57,21342970
2019-10-25,82.53,83.2,81.57,82.03,12040169
2019-10-27,82.67,82.67,81.73,82.43,956611
2019-10-29,82.43,85.03,82.0,83.9,19226472
2019-10-30,85.1,89.33,83.73,89.07,23885904
2019-10-31,89.6,93.07,88.47,91.57,29824376
2019-11-01,92.0,92.47,89.8,90.1,9602723
2019-11-04,90.97,93.17,90.87,91.37,10543468
2019-11-05,91.23,92.33,90.1,91.6,11279875
2019-11-06,91.53,92.8,90.7,91.13,9291122
2019-11-07,91.5,91.57,87.53,88.07,16896214
2019-11-08,87.87,87.97,83.93,84.7,31951208
2019-11-11,84.6,87.2,83.33,86.9,19201224
2019-11-13,86.6,86.6,82.17,82.57,29058676
2019-11-14,83.0,83.33,79.73,81.2,34250008
2019-11-15,81.97,83.0,81.33,82.87,14406263
2019-11-18,82.47,83.5,81.17,83.2,14602768
2019-11-19,83.13,83.87,82.1,83.4,11773003
2019-11-20,83.47,83.57,82.53,83.0,14313253
2019-11-21,83.0,83.0,80.93,81.3,14395483
2019-11-22,81.33,81.77,80.7,81.57,10275331
2019-11-25,82.0,82.0,81.0,81.4,9629711
2019-11-26,81.4,84.07,81.4,83.33,37923040
2019-11-27,83.73,84.33,82.3,82.97,14715856
2019-11-28,83.47,84.23,82.77,83.87,12265499
2019-11-29,83.37,85.63,83.37,84.03,14158916
2019-12-02,85.23,85.23,83.6,84.4,8941958
2019-12-03,84.07,84.37,82.0,82.37,12920249
2019-12-04,82.0,82.67,81.33,82.17,9709724
2019-12-05,82.33,82.5,80.5,80.8,18468320
2019-12-06,80.87,81.13,77.23,78.1,18383434
2019-12-09,78.53,78.53,76.8,77.47,13981708
2019-12-10,77.27,77.33,73.63,74.03,26885692
2019-12-11,74.07,78.43,73.7,78.2,42000004
2019-12-12,78.27,80.1,77.93,79.3,15245786
2019-12-13,79.33,80.6,78.93,79.87,8630885
2019-12-16,79.87,81.6,79.4,80.8,18001814
2019-12-17,80.4,80.43,78.87,79.87,12837578
2019-12-18,80.13,80.2,77.73,78.23,14168585
2019-12-19,78.2,78.63,77.03,78.47,12028357
2019-12-20,78.33,80.0,77.67,79.7,16221934
2019-12-23,79.13,81.13,78.73,80.4,21955364
2019-12-24,80.2,80.8,79.57,79.83,7000588
2019-12-26,79.8,80.23,78.4,78.73,12320312
2019-12-27,78.87,79.47,78.67,79.03,7823828
2019-12-30,79.03,80.3,78.9,79.27,8562607
