date,open,high,low,close,volume
2009-03-05,3.55,3.55,3.5,3.51,47030
2009-03-06,3.23,3.7,3.23,3.48,21580
2009-03-09,3.45,3.45,3.11,3.25,98580
2009-03-12,3.23,3.4,3.22,3.25,8490
2009-03-13,3.85,3.85,3.31,3.4,26690
2009-03-16,3.43,3.6,3.3,3.45,70200
2009-03-17,3.42,3.55,3.37,3.45,70970
2009-03-18,3.55,3.7,3.53,3.55,24110
2009-03-19,3.57,3.65,3.5,3.55,42390
2009-03-20,3.57,3.67,3.57,3.63,75430
2009-03-23,3.7,3.75,3.6,3.65,53410
2009-03-24,3.66,3.78,3.66,3.71,33450
2009-03-25,3.7,3.82,3.67,3.78,38020
2009-03-26,3.72,3.82,3.65,3.77,61300
2009-03-27,3.75,3.85,3.7,3.8,72560
2009-03-30,3.8,3.8,3.72,3.75,16500
2009-03-31,3.53,3.9,3.53,3.73,184260
2009-04-01,3.75,3.85,3.73,3.78,16830
2009-04-02,3.82,3.98,3.78,3.83,53180
2009-04-06,3.89,4.02,3.85,3.92,22070
2009-04-08,3.91,4.2,3.9,4.11,100160
2009-04-09,4.2,4.29,4.0,4.16,85220
2009-04-13,4.1,4.3,4.1,4.27,105780
2009-04-15,4.23,4.46,4.22,4.37,76980
2009-04-16,4.4,4.46,4.15,4.25,139970
2009-04-17,4.23,4.43,4.23,4.29,54040
2009-04-20,4.26,4.46,4.26,4.3,28500
2009-04-21,4.2,4.35,4.15,4.31,58710
2009-04-22,4.32,4.45,4.31,4.33,32610
2009-04-23,4.3,5.15,4.28,4.47,236860
2009-04-24,4.34,4.68,4.34,4.5,28780
2009-04-27,4.52,4.64,4.47,4.48,44090
2009-04-28,4.45,4.55,4.3,4.39,52730
2009-04-29,4.35,4.44,4.33,4.38,29910
2009-05-04,4.38,4.4,4.26,4.32,59880
2009-05-05,4.32,4.65,4.32,4.53,113760
2009-05-06,4.4,4.47,4.37,4.43,44180
2009-05-07,4.11,4.5,4.11,4.42,41010
2009-05-08,4.5,4.54,4.39,4.43,65340
2009-05-11,4.46,4.55,4.46,4.49,55340
2009-05-12,4.5,4.6,4.49,4.49,22510
2009-05-13,4.5,4.57,4.43,4.43,54330
2009-05-14,4.35,5.15,4.35,4.46,82090
2009-05-15,4.67,4.67,4.4,4.41,176440
2009-05-19,5.05,5.05,4.41,4.5,233810
2009-05-20,4.48,5.1,4.48,5.02,230230
2009-05-21,5.2,6.0,5.15,5.53,140580
2009-05-22,5.7,5.7,5.15,5.46,100980
2009-05-25,5.47,5.89,5.47,5.71,212410
2009-05-26,5.97,5.97,5.34,5.39,117040
2009-05-27,5.49,5.68,5.42,5.63,67540
2009-05-28,5.55,5.75,5.4,5.51,49360
2009-05-29,5.68,6.2,5.42,5.84,417930
2009-06-01,6.0,6.7,5.91,6.46,583770
2009-06-02,6.58,6.95,6.12,6.47,271940
2009-06-03,6.41,6.88,6.41,6.62,85050
2009-06-04,6.5,6.72,6.45,6.62,125230
2009-06-05,6.52,6.7,6.47,6.47,113130
2009-06-08,6.5,6.5,6.12,6.3,211410
2009-06-09,6.1,6.18,5.76,6.05,105470
2009-06-10,6.06,6.36,6.06,6.28,80130
2009-06-11,6.2,6.27,6.13,6.15,30840
2009-06-12,6.13,6.39,6.0,6.13,170810
2009-06-15,6.15,6.2,6.02,6.08,91410
2009-06-16,6.01,6.88,6.01,6.53,294830
2009-06-17,6.51,6.8,6.35,6.39,233530
2009-06-18,6.41,6.41,5.26,6.04,512190
2009-06-19,6.26,6.26,6.0,6.05,58620
2009-06-22,5.8,6.2,5.8,6.13,71780
2009-06-23,5.52,6.15,5.52,6.05,61700
2009-06-24,5.95,6.27,5.95,6.17,54410
2009-06-25,5.56,6.3,5.56,6.2,1100460
2009-06-26,6.15,6.29,6.02,6.17,558590
2009-06-29,6.18,6.3,6.02,6.18,167850
2009-06-30,6.17,6.29,6.11,6.14,70960
2009-07-01,6.11,6.23,6.1,6.21,131830
2009-07-02,6.2,6.21,6.15,6.2,20000
2009-07-03,6.1,6.25,6.1,6.16,135310
2009-07-06,6.2,6.3,6.1,6.18,93920
2009-07-07,5.95,6.45,5.95,6.2,198820
2009-07-08,6.02,6.29,6.0,6.17,82460
2009-07-09,5.92,6.26,5.92,6.17,46500
2009-07-10,6.17,6.28,6.17,6.19,38410
2009-07-13,5.91,6.2,5.91,6.11,62020
2009-07-14,6.22,6.22,6.14,6.2,47300
2009-07-15,6.2,6.38,6.2,6.29,43050
2009-07-16,6.3,6.39,6.22,6.37,85480
2009-07-17,6.37,6.69,6.37,6.62,117470
2009-07-20,6.7,6.8,6.2,6.33,31720
2009-07-21,6.4,6.4,6.25,6.26,46030
2009-07-22,6.26,6.4,6.26,6.26,21430
2009-07-23,6.26,6.39,6.15,6.2,40860
2009-07-24,6.1,6.49,6.1,6.41,61220
2009-07-27,6.8,7.65,6.7,7.12,863530
2009-07-28,7.2,7.42,7.15,7.24,302220
2009-07-29,7.2,7.24,6.8,6.89,70030
2009-07-30,7.07,7.1,6.85,6.97,90540
2009-07-31,6.95,7.05,6.61,6.94,227760
2009-08-03,6.92,7.25,6.87,7.13,296230
2009-08-04,7.1,7.69,7.05,7.21,1022050
2009-08-05,7.21,7.3,7.18,7.22,122440
2009-08-06,7.1,7.4,7.1,7.18,151590
2009-08-07,7.1,7.2,7.01,7.07,91660
2009-08-10,7.1,7.15,7.05,7.09,38560
2009-08-11,7.1,7.79,7.02,7.39,425300
2009-08-12,7.48,8.0,7.26,7.66,1494760
2009-08-13,7.69,7.9,7.51,7.59,378860
2009-08-14,7.6,7.66,7.36,7.6,135830
2009-08-17,7.41,7.52,7.37,7.4,74180
2009-08-18,7.2,7.4,7.2,7.32,70240
2009-08-19,7.31,7.44,7.3,7.34,60680
2009-08-20,7.31,7.74,7.21,7.38,155130
2009-08-21,7.3,7.47,7.3,7.44,26890
2009-08-24,7.49,7.92,7.49,7.76,334420
2009-08-25,7.8,7.8,7.6,7.71,108630
2009-08-26,7.75,9.25,7.7,9.25,4887930
2009-08-27,9.41,9.72,8.45,8.64,2982800
2009-08-28,8.78,8.78,8.34,8.51,598980
2009-08-31,8.41,8.7,8.34,8.43,399010
2009-09-01,8.55,8.65,8.12,8.16,384920
2009-09-02,8.1,8.19,7.8,7.88,414280
2009-09-03,7.8,8.19,7.8,7.98,226380
2009-09-04,8.9,8.9,7.9,8.11,255260
2009-09-07,8.0,8.35,8.0,8.26,197620
2009-09-08,8.29,8.3,8.01,8.07,85630
2009-09-09,8.0,8.6,8.0,8.11,269540
2009-09-10,8.19,8.3,8.03,8.13,86870
2009-09-11,8.11,8.28,7.83,7.94,105670
2009-09-14,7.8,8.08,7.8,7.89,85270
2009-09-15,8.1,8.13,7.82,8.05,105930
2009-09-16,8.0,8.25,7.95,8.06,219350
2009-09-17,8.1,8.19,7.23,7.91,282500
2009-09-18,7.99,8.05,7.81,7.93,92510
2009-09-22,7.9,8.15,7.71,8.02,205390
2009-09-23,8.0,9.15,7.95,8.48,3240830
2009-09-24,8.5,9.47,8.5,9.14,7941580
2009-09-25,9.1,9.45,8.91,9.01,3507160
2009-09-29,9.06,9.32,8.91,8.98,1283910
2009-09-30,9.06,9.22,8.98,9.09,665890
2009-10-01,9.09,9.1,8.52,8.63,421810
2009-10-05,8.45,8.54,8.19,8.29,185340
2009-10-06,8.39,8.95,8.1,8.65,633610
2009-10-07,8.61,8.8,8.4,8.46,263330
2009-10-08,8.51,8.55,8.18,8.3,194560
2009-10-09,8.35,8.4,8.03,8.17,170210
2009-10-12,8.2,8.39,8.2,8.28,135240
2009-10-14,8.3,8.6,8.22,8.39,446040
2009-10-15,8.37,8.45,8.2,8.26,162410
2009-10-16,8.3,8.9,8.21,8.53,1175460
2009-10-17,8.6,8.98,8.55,8.75,157330
2009-10-20,8.85,8.85,8.41,8.5,222020
2009-10-21,8.58,8.6,8.21,8.34,213970
2009-10-22,8.4,9.49,8.22,8.88,4633590
2009-10-23,9.15,9.53,9.02,9.14,1500170
2009-10-26,9.25,9.64,9.1,9.19,1912580
2009-10-27,9.38,9.38,8.85,8.88,769230
2009-10-28,8.71,9.15,8.54,9.03,520750
2009-10-29,8.82,9.6,8.75,9.11,906670
2009-10-30,9.16,9.4,8.55,8.69,453230
2009-11-03,8.99,8.99,7.8,7.99,367400
2009-11-04,8.01,9.14,8.01,8.67,2553240
2009-11-05,8.57,8.76,8.42,8.6,298630
2009-11-06,8.75,8.95,8.6,8.69,262980
2009-11-09,8.66,8.8,8.65,8.72,165630
2009-11-10,8.73,8.99,8.7,8.91,374070
2009-11-11,8.82,9.05,8.82,8.97,260450
2009-11-12,8.9,9.44,8.9,9.19,780570
2009-11-13,9.31,9.55,9.12,9.26,922740
2009-11-16,9.2,9.43,9.06,9.18,227310
2009-11-17,9.5,9.99,9.05,9.89,2453160
2009-11-18,10.0,10.22,9.51,9.58,1959110
2009-11-19,9.64,9.89,9.12,9.19,516790
2009-11-20,9.35,9.8,9.12,9.37,341950
2009-11-23,9.42,9.51,9.3,9.38,257860
2009-11-24,9.3,9.5,9.07,9.15,191170
2009-11-25,9.2,9.49,8.97,9.02,614740
2009-11-26,9.05,9.24,8.87,8.96,214260
2009-11-27,8.86,9.13,8.63,8.91,219600
2009-11-30,9.15,9.19,8.91,8.99,104600
2009-12-01,9.1,9.2,9.01,9.14,235900
2009-12-02,9.3,9.39,9.06,9.12,155710
2009-12-03,9.19,9.23,9.05,9.11,108160
2009-12-04,9.19,9.55,9.11,9.31,420950
2009-12-07,9.38,9.78,9.26,9.41,638970
2009-12-08,9.39,9.57,9.3,9.43,182180
2009-12-09,9.4,9.5,9.25,9.34,124950
2009-12-10,9.25,9.49,9.22,9.28,110890
2009-12-11,9.23,9.49,9.0,9.03,161810
2009-12-14,9.11,9.35,9.01,9.03,146420
2009-12-15,9.01,9.33,8.83,8.94,183320
2009-12-16,9.19,9.19,8.84,8.91,195510
2009-12-17,8.92,9.11,8.9,9.02,60400
2009-12-18,9.14,9.55,8.7,9.04,626350
2009-12-21,9.1,9.17,9.0,9.06,227690
2009-12-22,9.16,9.69,9.03,9.28,2610410
2009-12-23,9.3,9.45,9.11,9.13,314730
2009-12-24,9.13,9.2,9.01,9.03,185250
2009-12-29,9.09,9.23,9.01,9.04,186470
2009-12-30,9.12,9.14,9.0,9.05,165010
2009-12-31,9.15,9.15,9.0,9.02,127890
2010-01-04,9.03,9.18,9.03,9.09,243000
2010-01-05,9.18,9.18,9.01,9.09,335550
2010-01-06,9.08,9.44,9.08,9.19,786670
2010-01-07,9.11,9.4,9.11,9.27,323810
2010-01-08,9.3,9.39,9.04,9.1,217500
2010-01-11,9.2,9.31,9.12,9.24,251530
2010-01-12,9.28,10.05,9.28,9.57,6545080
2010-01-13,9.63,9.63,9.3,9.39,450710
2010-01-14,9.5,9.75,9.4,9.61,924310
2010-01-15,9.73,9.76,9.5,9.57,433310
2010-01-18,9.64,9.8,9.46,9.63,708240
2010-01-19,9.13,10.3,9.13,9.87,3943760
2010-01-20,9.99,10.44,9.7,9.93,5750370
2010-01-21,10.1,10.5,9.72,9.8,3225130
2010-01-22,9.6,10.04,9.1,9.62,2971310
2010-01-25,9.78,10.05,9.36,9.47,1271050
2010-01-27,9.42,9.66,8.91,9.1,1012090
2010-01-28,9.2,9.4,8.82,8.92,674510
2010-01-29,9.25,9.25,8.63,8.97,1067810
2010-02-01,8.9,9.24,8.9,9.04,310850
2010-02-02,9.1,9.32,8.91,8.93,648240
2010-02-03,9.03,9.09,8.97,8.99,144870
2010-02-04,8.95,9.15,8.81,8.92,170840
2010-02-05,8.3,8.91,8.3,8.81,569800
2010-02-06,8.8,8.9,8.72,8.84,56680
2010-02-08,8.95,9.18,8.8,8.89,155900
2010-02-09,8.7,8.96,8.65,8.88,305280
2010-02-10,8.95,9.18,8.84,9.05,207970
2010-02-11,9.05,9.15,8.91,9.06,390290
2010-02-15,9.01,9.05,8.73,8.94,113730
2010-02-16,8.95,9.0,8.9,8.95,82260
2010-02-17,8.92,9.1,8.92,8.98,45290
2010-02-18,9.0,9.05,8.97,8.98,116770
2010-02-19,8.9,8.99,8.88,8.88,97300
2010-02-22,8.86,8.99,8.85,8.94,678460
2010-02-23,8.85,8.98,8.85,8.85,62480
2010-02-24,8.9,9.03,8.8,8.96,51490
2010-02-25,9.0,9.09,8.9,8.96,57710
2010-02-26,8.9,9.12,8.9,9.0,69320
2010-03-02,9.0,9.77,9.0,9.47,3348040
2010-03-03,9.6,9.69,9.4,9.49,584840
2010-03-04,9.45,9.55,9.25,9.39,116210
2010-03-05,9.33,9.45,9.33,9.41,121960
2010-03-08,9.5,9.6,9.23,9.32,132230
2010-03-09,9.23,9.38,9.23,9.27,72480
2010-03-10,9.3,9.34,9.2,9.26,141250
2010-03-11,9.2,9.78,9.2,9.6,802080
2010-03-12,9.55,9.73,9.55,9.64,388550
2010-03-15,9.61,10.24,9.61,9.73,2083890
2010-03-16,9.66,9.95,9.66,9.8,300590
2010-03-17,9.8,9.89,9.7,9.71,290340
2010-03-18,9.72,9.8,9.53,9.65,204850
2010-03-19,9.6,9.82,9.59,9.6,171800
2010-03-22,9.5,9.69,9.48,9.48,105110
2010-03-23,9.5,9.64,9.48,9.48,77750
2010-03-25,9.14,10.14,9.14,9.69,1457540
2010-03-26,9.78,9.84,9.53,9.59,315540
2010-03-29,9.59,9.66,9.4,9.56,417920
2010-03-30,9.5,9.58,9.42,9.43,122410
2010-03-31,9.3,9.5,9.3,9.36,197840
2010-04-01,9.4,9.7,9.4,9.48,242350
2010-04-05,9.55,9.75,9.55,9.65,229900
2010-04-06,9.6,9.79,9.46,9.66,187650
2010-04-07,9.7,9.94,9.6,9.68,406870
2010-04-08,9.7,9.77,9.64,9.68,123920
2010-04-09,9.68,9.86,9.68,9.71,155720
2010-04-12,9.8,10.1,9.75,9.82,503930
2010-04-13,9.8,10.73,9.8,10.63,3832460
2010-04-15,10.7,10.86,10.11,10.24,1537670
2010-04-16,10.27,11.04,10.05,10.64,2604020
2010-04-19,10.42,10.56,10.21,10.35,742560
2010-04-20,10.54,11.28,10.46,10.85,7435660
2010-04-21,10.97,11.0,10.6,10.64,847610
2010-04-22,10.69,11.09,10.64,10.71,1186600
2010-04-23,10.8,11.15,10.62,10.82,2077910
2010-04-26,10.97,11.15,10.68,10.77,1424190
2010-04-27,10.85,11.1,10.7,10.77,2541120
2010-04-28,10.76,10.76,10.35,10.39,582220
2010-04-29,10.49,10.68,10.45,10.48,264170
2010-04-30,10.7,11.2,10.7,10.76,1431360
2010-05-03,10.75,11.37,10.75,11.15,3497800
2010-05-04,11.25,11.49,10.75,10.82,2486110
2010-05-05,10.1,10.77,10.03,10.69,864050
2010-05-06,10.79,11.21,10.76,10.88,1850600
2010-05-07,10.7,10.8,10.45,10.51,495660
2010-05-10,10.88,10.88,10.59,10.69,441520
2010-05-11,10.75,10.8,10.23,10.34,534500
2010-05-12,10.6,10.7,10.35,10.43,459340
2010-05-13,10.54,10.57,10.35,10.38,249870
2010-05-14,10.3,10.48,10.05,10.17,284860
2010-05-17,10.0,10.1,9.82,10.03,195420
2010-05-18,10.0,10.61,9.9,10.05,989970
2010-05-19,10.15,10.2,9.73,9.79,166810
2010-05-20,10.0,10.2,9.66,9.73,172090
2010-05-21,9.6,9.69,9.31,9.47,314910
2010-05-24,9.58,9.8,9.5,9.53,181460
2010-05-25,9.4,9.5,9.08,9.31,163480
2010-05-26,9.4,9.64,9.3,9.38,65250
2010-05-27,9.4,9.55,9.31,9.44,103780
2010-05-28,9.5,9.59,9.37,9.41,233850
2010-05-31,9.5,9.62,9.31,9.4,158350
2010-06-01,9.32,9.69,9.32,9.53,132950
2010-06-02,9.51,9.8,9.5,9.67,98680
2010-06-03,9.72,9.85,9.7,9.78,105170
2010-06-04,9.84,9.94,9.7,9.76,90580
2010-06-07,9.52,10.73,9.52,10.4,6662060
2010-06-08,10.5,10.57,9.82,9.95,594790
2010-06-09,9.81,10.4,9.8,10.09,403050
2010-06-10,10.08,10.2,9.65,9.71,455930
2010-06-11,9.99,9.99,9.66,9.69,347600
2010-06-14,9.7,9.85,9.7,9.77,151900
2010-06-15,9.75,9.82,9.71,9.75,71540
2010-06-16,9.64,9.95,9.56,9.62,235380
2010-06-17,9.75,9.8,9.65,9.69,109160
2010-06-18,9.67,9.77,9.52,9.59,89190
2010-06-21,9.51,9.77,9.5,9.63,160250
2010-06-22,9.53,9.74,9.53,9.69,94240
2010-06-23,9.6,9.81,9.6,9.78,138420
2010-06-24,9.8,9.94,9.7,9.74,220230
2010-06-25,9.74,10.05,9.59,9.8,633520
2010-06-28,9.81,9.97,9.72,9.84,372060
2010-06-29,9.97,9.97,9.75,9.76,227870
2010-06-30,9.76,9.79,9.7,9.71,138110
2010-07-01,9.71,9.98,9.63,9.78,420600
2010-07-02,9.8,9.88,9.73,9.77,372840
2010-07-05,9.7,9.82,9.7,9.77,65560
2010-07-06,9.85,9.85,9.72,9.82,340920
2010-07-07,9.85,9.85,9.67,9.72,103930
2010-07-08,9.79,9.87,9.66,9.72,161700
2010-07-09,9.8,9.88,9.55,9.64,577140
2010-07-12,9.7,9.84,9.67,9.71,246580
2010-07-13,9.78,10.0,9.74,9.9,2058040
2010-07-14,9.97,10.25,9.82,9.94,1207780
2010-07-15,9.98,10.07,9.81,9.91,372320
2010-07-16,9.99,10.03,9.86,9.89,105770
2010-07-19,9.99,9.99,9.73,9.8,341880
2010-07-20,9.89,9.9,9.62,9.69,177590
2010-07-21,9.7,10.47,9.7,10.16,4540900
2010-07-22,10.2,10.34,10.0,10.11,828280
2010-07-23,10.2,10.2,9.87,9.97,697220
2010-07-26,10.2,10.3,9.45,9.59,3419440
2010-07-27,9.67,9.67,9.13,9.16,1572720
2010-07-28,9.38,9.38,9.1,9.17,529470
2010-07-29,9.16,9.35,9.16,9.28,385540
2010-07-30,9.3,9.3,9.06,9.1,459670
2010-08-02,9.14,9.28,9.05,9.07,294190
2010-08-03,9.07,9.3,9.05,9.07,321330
2010-08-04,9.07,9.3,9.07,9.19,421680
2010-08-05,9.2,9.3,9.13,9.19,233470
2010-08-06,9.1,9.28,9.1,9.19,442030
2010-08-09,9.28,9.28,9.13,9.19,287150
2010-08-10,9.38,9.6,9.18,9.38,960300
2010-08-11,9.4,9.49,9.2,9.26,243510
2010-08-12,9.12,9.3,9.12,9.21,176610
2010-08-13,9.2,9.27,9.13,9.15,505470
2010-08-16,9.1,9.29,9.0,9.21,277380
2010-08-17,9.21,9.27,9.2,9.21,194500
2010-08-18,9.28,9.28,9.2,9.23,219610
2010-08-19,9.21,9.6,9.2,9.39,487890
2010-08-20,9.48,9.5,9.32,9.43,269760
2010-08-23,9.3,9.49,9.3,9.44,212300
2010-08-24,9.48,9.49,9.4,9.45,382160
2010-08-25,9.46,9.55,9.27,9.3,265700
2010-08-26,9.3,9.38,9.2,9.2,135170
2010-08-27,9.36,9.48,9.22,9.32,363730
2010-08-30,9.5,9.5,9.23,9.23,84890
2010-08-31,9.3,9.3,9.16,9.23,133120
2010-09-01,9.3,9.45,9.24,9.26,70860
2010-09-02,9.35,9.44,9.23,9.36,132370
2010-09-03,9.35,9.44,9.3,9.41,99840
2010-09-06,9.5,9.53,9.4,9.46,184530
2010-09-07,9.5,9.92,9.4,9.6,1243460
2010-09-08,9.56,10.9,9.45,10.71,7064090
2010-09-09,10.8,10.97,10.13,10.23,2688210
2010-09-13,10.5,10.5,10.07,10.14,823300
2010-09-14,10.37,10.4,9.8,9.85,692000
2010-09-15,9.91,10.1,9.72,9.97,486350
2010-09-16,9.8,10.05,9.8,9.86,191260
2010-09-17,9.85,10.1,9.8,9.82,634400
2010-09-20,10.1,10.58,9.87,9.98,937980
2010-09-21,9.99,10.17,9.83,9.87,573720
2010-09-22,9.87,9.98,9.75,9.8,363280
2010-09-23,9.8,10.28,9.8,9.87,646520
2010-09-24,9.82,10.04,9.82,9.91,332570
2010-09-27,9.99,9.99,9.82,9.85,237730
2010-09-28,9.98,9.98,9.8,9.82,197230
2010-09-29,9.9,10.03,9.82,9.86,602200
2010-09-30,9.85,9.89,9.8,9.85,164290
2010-10-01,9.8,9.98,9.8,9.85,155010
2010-10-04,9.8,10.03,9.8,9.99,375970
2010-10-05,10.34,10.56,10.1,10.19,1367330
2010-10-06,10.3,10.51,10.03,10.16,496780
2010-10-07,10.16,10.79,10.16,10.35,3180100
2010-10-08,10.45,10.68,10.3,10.51,1317420
2010-10-11,10.55,11.25,10.46,10.89,7496230
2010-10-12,10.85,10.97,10.51,10.56,1604610
2010-10-13,10.68,10.94,10.61,10.73,1143140
2010-10-14,10.8,10.84,10.52,10.59,750120
2010-10-15,10.7,11.64,10.6,10.93,9342250
2010-10-18,11.02,11.26,10.64,10.74,1398470
2010-10-19,10.82,11.14,10.61,10.67,913100
2010-10-20,10.67,11.0,10.66,10.69,1737440
2010-10-21,10.78,10.85,10.53,10.58,641610
2010-10-22,10.61,10.71,10.26,10.32,616820
2010-10-25,10.31,10.6,10.2,10.25,328330
2010-10-26,10.14,10.5,10.03,10.14,570830
2010-10-27,10.19,10.29,9.86,10.01,500790
2010-10-28,10.25,10.3,9.9,9.98,394680
2010-10-29,9.9,9.9,9.48,9.57,934630
2010-11-01,9.54,9.74,9.46,9.53,1513910
2010-11-02,9.5,10.07,9.5,9.89,1484220
2010-11-03,10.1,10.19,9.82,9.89,417630
2010-11-04,9.82,10.0,9.76,9.8,249560
2010-11-05,9.86,10.07,9.7,10.0,67110
2010-11-08,9.9,9.99,9.71,9.86,177120
2010-11-09,9.8,10.38,9.78,9.99,1389220
2010-11-10,10.0,10.07,9.9,10.01,201980
2010-11-11,10.18,10.18,9.81,9.87,252060
2010-11-12,10.07,10.07,9.7,9.8,211970
2010-11-15,9.71,9.84,9.6,9.71,205900
2010-11-16,9.97,10.07,9.5,9.59,495940
2010-11-18,9.65,9.8,9.45,9.52,159740
2010-11-19,9.53,9.57,9.35,9.41,306380
2010-11-22,9.6,9.6,9.3,9.37,132020
2010-11-23,9.35,9.5,9.3,9.39,245460
2010-11-24,9.35,9.8,9.35,9.44,290700
2010-11-25,9.49,9.49,9.35,9.38,179350
2010-11-26,9.31,9.39,9.1,9.18,303350
2010-11-29,9.26,9.3,9.1,9.27,66280
2010-11-30,9.1,9.73,9.1,9.34,185250
2010-12-01,9.36,9.85,9.36,9.59,438060
2010-12-02,9.74,9.74,9.51,9.53,61510
2010-12-03,9.6,9.6,9.45,9.51,146570
2010-12-06,9.5,9.6,9.48,9.49,53300
2010-12-07,9.45,9.46,9.24,9.34,58670
2010-12-08,9.3,9.37,9.2,9.21,62030
2010-12-09,9.22,9.22,8.76,8.84,257110
2010-12-10,8.9,9.2,8.51,8.96,220120
2010-12-13,9.0,9.2,8.81,8.99,92070
2010-12-14,9.15,9.44,9.06,9.11,200310
2010-12-15,9.26,9.26,8.96,8.99,166540
2010-12-16,9.0,9.17,8.9,9.02,68570
2010-12-20,9.3,9.6,9.05,9.18,246830
2010-12-21,9.18,9.48,9.11,9.28,236970
2010-12-22,9.28,9.37,9.22,9.3,72460
2010-12-23,9.41,9.41,9.3,9.32,55210
2010-12-24,9.2,9.32,9.2,9.3,40490
2010-12-27,9.39,9.88,9.32,9.41,270080
2010-12-28,9.48,10.45,9.44,9.81,7869770
2010-12-29,9.97,9.97,9.57,9.65,729510
2010-12-30,9.64,9.77,9.41,9.57,201080
2011-01-03,9.51,9.69,9.51,9.6,102670
2011-01-04,9.53,9.69,9.5,9.57,202800
2011-01-05,9.6,9.65,9.5,9.56,175430
2011-01-06,9.5,9.65,9.47,9.48,135660
2011-01-07,9.46,9.65,9.35,9.41,177720
2011-01-10,9.22,9.37,9.07,9.11,89640
2011-01-11,9.17,9.3,9.16,9.21,69320
2011-01-12,9.1,9.28,9.1,9.21,49850
2011-01-13,9.3,9.3,9.2,9.24,28350
2011-01-14,9.06,9.31,9.06,9.22,71510
2011-01-17,9.2,9.38,9.12,9.21,120050
2011-01-18,9.2,9.35,9.2,9.26,111150
2011-01-19,9.22,9.34,9.22,9.28,24700
2011-01-20,9.3,9.48,9.2,9.36,161770
2011-01-21,9.48,9.54,9.25,9.28,44600
2011-01-24,9.35,9.44,9.28,9.3,26150
2011-01-25,9.5,9.5,9.3,9.3,46500
2011-01-27,9.3,9.69,9.16,9.32,742860
2011-01-28,9.21,9.21,8.9,8.94,161880
2011-01-31,8.9,8.91,8.7,8.73,144520
2011-02-01,8.71,9.09,8.65,8.66,53780
2011-02-02,8.65,8.82,8.65,8.8,63030
2011-02-03,8.8,8.95,8.75,8.85,33310
2011-02-04,8.89,8.94,8.8,8.86,88630
2011-02-07,8.8,8.89,8.71,8.81,79920
2011-02-08,8.8,8.89,8.7,8.72,112920
2011-02-09,8.61,8.69,8.55,8.57,81600
2011-02-10,8.55,8.69,8.3,8.45,125810
2011-02-11,8.4,8.65,8.4,8.6,94360
2011-02-14,8.65,9.1,8.62,8.81,76800
2011-02-15,9.0,9.29,8.85,9.01,128240
2011-02-16,9.0,9.15,8.91,9.1,34810
2011-02-17,9.16,9.19,9.0,9.09,135360
2011-02-18,9.12,9.29,9.01,9.07,28550
2011-02-21,9.02,9.1,9.01,9.03,23810
2011-02-22,9.1,9.18,9.01,9.1,19770
2011-02-23,9.03,9.59,9.03,9.22,156960
2011-02-24,9.23,9.28,9.1,9.15,68790
2011-02-25,9.29,9.29,9.14,9.2,122050
2011-02-28,9.1,9.39,9.1,9.16,22200
2011-03-01,9.17,9.27,9.16,9.21,42630
2011-03-03,9.12,9.3,9.12,9.25,191420
2011-03-04,9.2,9.39,9.2,9.3,118300
2011-03-07,9.06,9.2,9.06,9.1,161280
2011-03-08,9.11,9.65,9.11,9.22,272810
2011-03-09,9.3,9.3,9.21,9.25,9700
2011-03-10,9.18,9.3,9.12,9.23,30900
2011-03-11,9.21,9.3,9.1,9.16,200930
2011-03-14,9.25,9.35,9.22,9.25,49990
2011-03-15,9.25,9.28,9.1,9.23,54720
2011-03-16,9.05,9.3,9.02,9.16,23990
2011-03-17,9.14,9.25,9.1,9.15,24160
2011-03-18,9.15,9.28,9.13,9.13,22820
2011-03-21,9.2,9.24,9.1,9.15,122360
2011-03-22,9.15,9.24,9.15,9.15,65790
2011-03-23,9.13,9.2,9.13,9.19,27980
2011-03-24,9.2,9.3,9.16,9.18,814230
2011-03-25,9.03,10.4,9.03,9.26,264020
2011-03-28,9.27,9.44,9.21,9.25,64100
2011-03-29,9.03,9.34,9.03,9.23,1549750
2011-03-30,9.2,9.28,9.2,9.21,147060
2011-03-31,9.21,9.27,9.2,9.24,67410
2011-04-01,9.25,9.4,9.22,9.23,29300
2011-04-04,9.39,9.39,9.26,9.34,47600
2011-04-05,9.32,9.36,9.25,9.33,55490
2011-04-06,9.5,9.55,9.3,9.48,95280
2011-04-07,9.5,10.25,9.49,9.87,1069440
2011-04-08,10.1,10.1,9.53,9.6,91730
2011-04-11,9.54,9.7,9.43,9.51,35090
2011-04-13,9.4,9.68,9.4,9.58,52700
2011-04-15,9.51,9.69,9.41,9.41,50200
2011-04-18,9.42,9.53,9.4,9.41,29250
2011-04-19,9.41,9.42,9.31,9.38,64730
2011-04-20,9.32,9.49,9.3,9.34,155170
2011-04-21,9.5,9.5,9.23,9.27,248520
2011-04-25,9.26,9.35,9.21,9.31,92520
2011-04-26,9.5,9.5,9.3,9.38,66790
2011-04-27,9.4,9.87,9.36,9.53,329690
2011-04-28,9.51,9.55,9.41,9.43,47880
2011-04-29,9.41,9.49,9.3,9.33,160270
2011-05-02,9.32,9.48,9.25,9.28,43730
2011-05-03,9.21,9.32,9.2,9.21,63600
2011-05-04,9.18,9.26,9.15,9.16,26320
2011-05-05,9.18,9.28,9.05,9.1,30970
2011-05-06,9.02,9.23,9.0,9.02,36510
2011-05-09,9.07,9.18,9.0,9.0,540620
2011-05-10,9.0,9.3,9.0,9.15,736260
2011-05-11,9.34,9.34,9.05,9.18,20430
2011-05-12,9.07,9.24,9.07,9.19,39350
2011-05-13,9.17,9.23,9.01,9.15,46900
2011-05-16,9.04,9.29,9.04,9.24,48450
2011-05-17,9.14,9.3,9.13,9.22,50490
2011-05-18,9.04,9.2,9.01,9.14,24190
2011-05-19,8.84,9.2,8.84,8.96,29610
2011-05-20,9.1,9.1,8.96,8.96,16410
2011-05-23,8.95,9.09,8.95,8.97,40670
2011-05-24,9.03,9.44,8.95,9.03,170810
2011-05-25,8.97,9.05,8.95,8.96,53490
2011-05-26,9.0,9.1,8.96,8.98,10650
2011-05-27,8.95,9.1,8.95,9.03,19290
2011-05-30,9.02,9.05,8.97,9.05,13860
2011-05-31,9.02,9.09,8.98,9.06,20760
2011-06-01,9.0,9.15,9.0,9.02,21270
2011-06-02,8.99,9.04,8.95,8.95,31160
2011-06-03,9.05,9.05,8.66,8.87,19640
2011-06-06,8.8,8.9,8.61,8.78,50240
2011-06-07,8.7,8.85,8.53,8.74,21320
2011-06-08,8.71,8.8,8.61,8.72,25560
2011-06-09,8.72,8.89,8.68,8.79,20880
2011-06-10,8.97,8.98,8.81,8.88,20670
2011-06-13,8.85,8.94,8.63,8.76,41470
2011-06-14,8.73,8.82,8.73,8.82,12690
2011-06-15,8.8,8.97,8.75,8.77,12670
2011-06-16,8.75,8.86,8.66,8.78,32330
2011-06-17,8.72,8.98,8.63,8.77,41750
2011-06-20,8.91,9.0,8.5,8.56,31660
2011-06-21,9.7,9.7,8.2,8.28,58230
2011-06-22,9.0,9.0,8.3,8.38,20230
2011-06-23,8.4,8.4,8.22,8.38,19600
2011-06-24,8.35,8.5,8.33,8.43,20800
2011-06-27,8.5,8.64,8.32,8.57,11820
2011-06-28,8.4,8.63,8.32,8.39,18560
2011-06-29,8.21,8.39,8.11,8.14,230200
2011-06-30,8.35,8.35,8.16,8.25,66930
2011-07-01,8.23,8.35,8.23,8.28,7510
2011-07-04,8.65,8.65,8.03,8.35,34930
2011-07-05,8.35,8.44,8.26,8.28,16130
2011-07-06,8.4,8.4,8.22,8.28,18910
2011-07-07,8.24,8.44,8.24,8.39,128630
2011-07-08,8.4,8.47,8.32,8.35,66600
2011-07-11,8.25,8.38,8.21,8.21,38090
2011-07-12,8.13,8.55,8.13,8.37,120230
2011-07-13,8.26,8.47,8.26,8.33,34860
2011-07-14,8.36,8.57,8.27,8.38,64880
2011-07-15,8.58,8.99,8.57,8.69,225220
2011-07-18,8.7,9.79,8.6,9.35,2902150
2011-07-19,9.2,9.44,9.14,9.19,223160
2011-07-20,9.2,9.4,9.12,9.23,103750
2011-07-21,9.17,9.28,8.83,8.88,81490
2011-07-22,8.94,8.95,8.62,8.72,75530
2011-07-25,8.76,8.93,8.66,8.76,53030
2011-07-26,8.76,8.9,8.65,8.68,51440
2011-07-27,8.72,8.81,8.6,8.63,67070
2011-07-28,8.62,8.78,8.61,8.7,53310
2011-07-29,9.08,9.08,8.5,8.6,143210
2011-08-01,8.53,8.85,8.53,8.64,35190
2011-08-02,8.5,8.66,8.24,8.38,31680
2011-08-03,8.3,8.39,7.95,8.0,97970
2011-08-04,8.0,8.28,7.85,7.93,73960
2011-08-05,7.6,7.85,7.33,7.45,120630
2011-08-08,7.45,7.45,7.13,7.28,58760
2011-08-09,7.11,7.25,7.11,7.21,40820
2011-08-10,7.45,7.98,7.35,7.43,59780
2011-08-11,7.21,7.49,7.1,7.28,58130
2011-08-12,7.59,7.59,7.33,7.4,20750
2011-08-16,7.35,7.44,7.22,7.27,20860
2011-08-17,7.3,7.48,7.02,7.07,24400
2011-08-18,7.05,7.13,6.66,6.78,64210
2011-08-19,6.94,6.94,6.57,6.65,85780
2011-08-22,6.62,7.05,6.62,6.95,14260
2011-08-23,6.87,7.2,6.81,7.03,18680
2011-08-24,7.05,7.08,6.8,6.88,9820
2011-08-25,6.9,6.94,6.7,6.74,28670
2011-08-26,6.75,6.83,6.6,6.77,57690
2011-08-29,6.83,6.95,6.83,6.89,9370
2011-08-30,7.1,7.69,6.95,7.14,26400
2011-09-02,7.09,7.29,7.0,7.19,12680
2011-09-05,7.28,7.28,6.91,7.06,9550
2011-09-06,7.03,7.21,7.02,7.18,48680
2011-09-07,7.06,7.35,7.06,7.35,24310
2011-09-08,7.33,7.41,7.24,7.37,9840
2011-09-09,7.4,7.74,7.28,7.61,55690
2011-09-12,7.5,7.53,7.24,7.35,17870
2011-09-13,7.3,7.33,6.95,6.97,73220
2011-09-14,7.0,7.0,6.73,6.81,35230
2011-09-15,6.96,6.96,6.54,6.68,129680
2011-09-16,6.76,6.79,6.65,6.69,51270
2011-09-19,6.7,6.76,6.67,6.7,21330
2011-09-20,6.8,6.8,6.63,6.69,21460
2011-09-21,6.78,6.84,6.63,6.76,37020
2011-09-22,6.75,6.75,6.53,6.62,16510
2011-09-23,6.6,6.78,6.6,6.66,31010
2011-09-26,6.8,6.8,6.6,6.64,16610
2011-09-27,6.57,6.79,6.57,6.64,38300
2011-09-28,6.75,6.75,6.46,6.58,32450
2011-09-29,6.51,6.61,6.51,6.56,8640
2011-09-30,6.5,6.6,6.36,6.49,7990
2011-10-03,6.41,6.5,6.33,6.44,7200
2011-10-04,6.38,6.39,6.3,6.35,31700
2011-10-05,6.35,6.55,6.35,6.39,11400
2011-10-07,6.4,6.59,6.39,6.47,62070
2011-10-10,6.4,6.64,6.4,6.52,40190
2011-10-11,6.6,6.62,6.45,6.48,20580
2011-10-12,6.63,6.63,6.46,6.52,87910
2011-10-13,6.5,6.54,6.46,6.47,24510
2011-10-14,6.55,6.74,6.53,6.71,108650
2011-10-17,6.88,7.49,6.88,7.06,1202020
2011-10-18,7.1,7.1,6.88,6.93,116340
2011-10-19,6.95,7.05,6.8,6.89,64030
2011-10-20,6.81,6.81,6.61,6.64,73500
2011-10-21,6.75,6.75,6.45,6.49,115700
2011-10-24,6.49,6.5,6.31,6.36,62490
2011-10-25,6.49,6.49,6.38,6.4,19660
2011-10-26,6.48,6.55,6.31,6.52,16660
2011-10-28,6.64,6.69,6.41,6.55,65460
2011-10-31,6.56,6.68,6.47,6.64,57480
2011-11-01,6.6,7.18,6.53,6.71,84980
2011-11-02,6.61,6.77,6.53,6.58,23350
2011-11-03,6.67,6.7,6.47,6.5,23450
2011-11-04,6.56,6.68,6.53,6.57,37280
2011-11-08,6.5,6.67,6.5,6.62,10570
2011-11-09,6.7,6.74,6.65,6.73,27060
2011-11-11,6.73,6.73,6.56,6.63,20270
2011-11-14,6.58,6.68,6.55,6.55,247000
2011-11-15,6.55,6.71,6.3,6.42,73360
2011-11-16,6.4,6.7,6.3,6.35,14960
2011-11-17,6.5,6.5,6.3,6.32,234440
2011-11-18,6.3,6.33,6.23,6.32,11220
2011-11-21,6.25,6.28,6.11,6.13,240280
2011-11-22,6.18,6.25,6.13,6.15,31500
2011-11-23,6.3,6.3,6.05,6.07,35950
2011-11-24,6.05,6.25,6.02,6.09,14560
2011-11-25,6.1,6.3,6.1,6.11,5770
2011-11-28,6.3,6.3,6.06,6.14,17980
2011-11-29,6.11,6.2,6.1,6.18,12020
2011-11-30,6.28,6.28,6.09,6.1,23310
2011-12-01,6.2,6.2,6.1,6.11,13150
2011-12-02,6.2,6.2,6.1,6.14,14320
2011-12-05,6.2,6.29,6.2,6.21,16620
2011-12-07,6.16,6.35,6.16,6.3,19940
2011-12-08,6.3,7.1,6.26,6.55,71060
2011-12-09,6.45,6.7,6.32,6.5,16710
2011-12-12,6.4,6.46,6.25,6.26,14040
2011-12-13,6.3,6.4,6.25,6.29,6380
2011-12-14,6.44,6.44,6.21,6.28,12870
2011-12-15,6.2,6.25,6.15,6.25,23110
2011-12-16,6.25,6.35,6.15,6.15,8430
2011-12-19,6.2,6.2,6.0,6.02,9600
2011-12-20,6.0,6.2,5.8,5.82,11190
2011-12-21,5.8,5.98,5.65,5.66,8840
2011-12-22,5.7,5.9,5.62,5.88,9560
2011-12-23,6.2,6.2,5.86,6.01,27040
2011-12-26,6.1,6.2,6.1,6.1,13370
2011-12-27,6.2,6.24,6.1,6.12,6310
2011-12-28,6.11,6.24,6.1,6.1,4720
2011-12-29,6.1,6.1,6.1,6.1,4580
2011-12-30,6.2,6.2,6.1,6.1,1760
2012-01-02,6.11,6.2,6.1,6.11,3110
2012-01-03,6.2,6.2,6.1,6.1,15070
2012-01-04,6.2,6.2,6.1,6.16,9470
2012-01-05,6.11,6.11,6.11,6.11,1000
2012-01-06,6.1,6.17,6.01,6.09,13430
2012-01-07,6.01,6.02,6.01,6.01,2400
2012-01-09,6.05,6.2,6.05,6.18,4760
2012-01-10,6.16,6.29,6.16,6.17,11670
2012-01-11,6.28,6.9,6.25,6.37,55180
2012-01-12,6.46,6.46,6.31,6.35,2510
2012-01-13,6.35,6.5,6.35,6.43,22970
2012-01-16,6.39,6.49,6.33,6.42,6100
2012-01-17,6.53,6.53,6.4,6.4,31890
2012-01-18,6.49,6.49,6.41,6.46,3860
2012-01-19,6.5,6.53,6.45,6.45,8020
2012-01-20,6.5,6.9,6.46,6.56,54510
2012-01-23,6.58,6.6,6.45,6.54,23220
2012-01-24,6.55,6.65,6.55,6.6,29490
2012-01-25,7.2,7.76,7.0,7.42,943240
2012-01-27,7.7,7.8,7.15,7.18,294280
2012-01-30,7.45,7.45,7.0,7.04,59580
2012-01-31,7.2,7.2,7.03,7.15,19160
2012-02-01,7.38,7.38,7.2,7.25,51060
2012-02-02,7.2,7.2,6.88,7.12,440910
2012-02-03,7.2,7.3,7.11,7.22,21140
2012-02-06,7.2,7.3,7.01,7.05,281140
2012-02-07,7.1,7.13,7.03,7.05,199750
2012-02-08,7.24,7.64,6.96,7.01,974830
2012-02-09,6.9,7.2,6.9,7.1,302000
2012-02-10,7.15,7.25,6.93,6.97,212270
2012-02-13,6.95,7.19,6.95,7.02,30190
2012-02-14,6.98,7.05,6.98,7.01,83240
2012-02-15,6.99,7.28,6.97,7.07,278110
2012-02-16,7.1,7.14,7.05,7.12,42890
2012-02-17,7.12,7.39,7.12,7.21,333420
2012-02-21,7.6,8.19,7.3,8.05,845470
2012-02-22,8.0,8.03,7.53,7.68,274980
2012-02-23,7.6,7.86,7.38,7.54,278910
2012-02-24,7.45,8.1,7.3,7.92,392760
2012-02-27,8.23,8.23,7.55,7.74,99910
2012-02-28,7.74,7.95,7.68,7.9,142920
2012-02-29,7.9,8.2,7.9,8.13,152920
2012-03-01,8.12,8.23,7.83,7.92,94400
2012-03-02,8.0,8.0,7.75,7.78,47030
2012-03-03,7.8,8.15,7.8,8.05,15190
2012-03-05,8.06,8.09,7.57,7.69,72080
2012-03-06,7.77,7.89,7.52,7.78,58300
2012-03-07,7.7,7.78,7.56,7.6,14600
2012-03-09,7.58,7.79,7.58,7.7,131720
2012-03-12,7.64,8.18,7.64,8.05,192650
2012-03-13,8.1,8.4,8.03,8.3,151470
2012-03-14,8.2,8.39,7.93,8.09,82430
2012-03-15,8.02,8.06,7.74,7.79,36480
2012-03-16,8.19,8.19,7.63,7.72,34100
2012-03-19,7.68,7.89,7.63,7.77,16580
2012-03-20,7.76,7.87,7.73,7.8,24610
2012-03-21,7.8,7.9,7.41,7.5,225950
2012-03-22,7.82,8.05,7.48,7.89,107190
2012-03-23,7.84,7.95,7.84,7.92,32450
2012-03-26,8.19,8.2,7.9,8.0,84310
2012-03-27,8.01,8.2,7.9,7.96,34240
2012-03-28,7.9,8.0,7.52,7.63,46710
2012-03-29,7.75,7.84,7.61,7.66,27720
2012-03-30,7.53,8.39,7.53,8.14,4249830
2012-04-02,8.2,8.39,7.91,7.96,90250
2012-04-03,7.93,8.23,7.92,8.12,98210
2012-04-04,8.2,8.2,7.96,8.01,86290
2012-04-09,8.02,8.38,7.91,8.34,122860
2012-04-10,8.35,8.44,8.14,8.19,130820
2012-04-11,8.11,8.3,8.03,8.13,521560
2012-04-12,8.19,8.67,8.19,8.61,192480
2012-04-13,8.77,9.34,8.7,9.03,551840
2012-04-16,9.03,9.12,8.8,9.09,91860
2012-04-17,8.95,9.35,8.95,9.23,66200
2012-04-18,9.25,9.35,9.15,9.18,57330
2012-04-19,9.13,9.49,9.13,9.41,74630
2012-04-20,9.45,9.49,8.82,9.17,95370
2012-04-23,9.56,9.56,9.05,9.07,107620
2012-04-24,9.39,10.62,9.07,10.22,4503580
2012-04-25,10.31,10.5,9.81,10.11,2102460
2012-04-26,10.18,10.5,9.75,9.89,719160
2012-04-27,10.0,10.23,9.72,9.89,312380
2012-04-28,9.82,9.9,9.71,9.71,28980
2012-04-30,10.3,10.3,9.52,9.59,226250
2012-05-02,9.8,9.94,9.41,9.82,357030
2012-05-03,9.75,9.79,9.51,9.75,151750
2012-05-04,9.71,9.72,9.43,9.52,141480
2012-05-07,9.49,9.75,9.21,9.45,271880
2012-05-08,9.46,9.59,9.4,9.41,80770
2012-05-09,9.31,9.4,9.3,9.31,44410
2012-05-10,9.3,9.35,9.21,9.23,35510
2012-05-11,9.2,9.7,9.15,9.26,78210
2012-05-14,9.21,9.39,9.0,9.02,60710
2012-05-15,8.94,8.97,8.57,8.68,229500
2012-05-16,8.7,8.98,8.51,8.87,108070
2012-05-17,9.02,9.59,8.93,9.39,217200
2012-05-18,9.3,9.3,9.07,9.11,104640
2012-05-21,9.0,10.0,9.0,9.68,1082530
2012-05-22,9.88,9.88,9.3,9.41,98210
2012-05-23,9.5,9.88,9.14,9.25,125350
2012-05-24,9.22,9.61,9.22,9.57,196920
2012-05-25,9.45,9.59,9.41,9.51,50650
2012-05-28,9.51,9.59,9.46,9.47,61900
2012-05-29,9.41,9.6,9.41,9.51,55410
2012-05-30,9.41,9.9,9.25,9.6,312310
2012-05-31,9.7,9.7,9.41,9.55,235350
2012-06-01,9.52,9.66,9.41,9.49,35150
2012-06-04,9.4,9.49,9.2,9.36,37380
2012-06-05,9.37,9.5,9.14,9.19,136660
2012-06-06,9.21,9.45,9.21,9.36,28030
2012-06-07,9.32,9.59,9.23,9.5,56260
2012-06-08,9.4,9.6,9.23,9.53,51270
2012-06-11,9.58,9.64,9.51,9.6,30840
2012-06-12,9.57,10.17,9.5,10.03,198190
2012-06-13,10.0,10.53,10.0,10.23,603170
2012-06-14,10.2,11.5,10.2,10.88,3106920
2012-06-15,10.97,11.47,10.73,11.11,1290110
2012-06-18,11.12,11.48,10.8,10.93,495010
2012-06-19,11.02,11.04,10.61,10.82,128580
2012-06-20,11.46,11.46,10.07,10.71,435790
2012-06-21,10.71,11.21,10.63,10.92,593430
2012-06-22,10.8,11.0,10.57,10.98,294750
2012-06-25,11.09,11.98,11.09,11.51,2092240
2012-06-26,11.6,11.9,11.41,11.48,873980
2012-06-27,11.89,12.19,11.64,11.86,1250380
2012-06-28,12.0,12.6,12.0,12.45,1438620
2012-06-29,12.62,13.0,12.1,12.24,719280
2012-07-02,12.36,12.62,12.2,12.41,497040
2012-07-03,12.6,12.85,12.41,12.63,543430
2012-07-04,12.94,13.07,12.65,12.96,792950
2012-07-05,13.05,13.19,12.93,13.05,517820
2012-07-06,13.0,13.11,12.34,12.42,432160
2012-07-09,12.3,12.49,12.08,12.27,226630
2012-07-10,12.35,12.9,12.33,12.57,407540
2012-07-11,12.6,13.05,12.55,12.74,418310
2012-07-12,12.6,12.93,12.6,12.84,220000
2012-07-13,12.72,13.57,12.72,13.19,1052090
2012-07-16,13.19,14.66,13.19,14.21,3268830
2012-07-17,14.21,14.64,13.84,14.46,1726180
2012-07-18,14.46,14.99,14.31,14.69,1470510
2012-07-19,14.89,15.18,14.71,14.91,1162990
2012-07-20,15.0,15.17,14.9,15.01,690560
2012-07-23,15.0,15.46,13.53,14.11,2375260
2012-07-24,14.04,14.49,13.64,14.04,684580
2012-07-25,14.11,14.12,13.71,13.96,471960
2012-07-26,14.1,14.39,13.0,13.16,766480
2012-07-27,13.21,13.8,12.61,12.77,757930
2012-07-30,12.82,12.9,12.51,12.6,381670
2012-07-31,12.7,13.2,12.6,12.77,707710
2012-08-01,12.81,14.35,12.68,14.2,1929800
2012-08-02,14.31,15.14,14.26,14.8,1607080
2012-08-03,14.8,15.03,14.35,14.98,572950
2012-08-06,14.85,15.1,14.41,14.49,477010
2012-08-07,14.53,14.57,13.95,14.04,364910
2012-08-08,14.1,14.5,14.05,14.12,345110
2012-08-09,14.05,14.39,13.8,14.11,294410
2012-08-10,14.05,14.29,13.71,13.92,157160
2012-08-13,13.9,14.14,13.81,13.89,145260
2012-08-14,13.87,14.69,13.87,14.23,650300
2012-08-16,14.05,14.96,14.05,14.59,1102540
2012-08-17,14.63,14.96,14.54,14.7,499190
2012-08-21,14.7,14.88,14.42,14.63,225730
2012-08-22,14.5,15.6,14.35,15.21,2045080
2012-08-23,15.39,15.88,15.11,15.36,1934880
2012-08-24,15.4,15.93,15.01,15.71,1559210
2012-08-27,15.7,16.3,15.56,15.75,1122020
2012-08-28,15.8,16.2,15.11,15.47,832930
2012-08-29,15.47,15.9,15.15,15.77,512330
2012-08-30,15.73,17.19,15.55,16.69,2948090
2012-08-31,16.79,17.99,16.65,17.69,2998920
2012-09-03,18.0,20.31,17.83,19.81,9462020
2012-09-04,19.8,20.96,19.53,20.0,9277630
2012-09-05,19.88,19.97,18.8,18.99,2918980
2012-09-06,18.95,20.18,18.86,19.75,4379300
2012-09-07,20.0,20.38,19.61,19.72,1805550
2012-09-08,19.84,21.19,19.81,20.76,1389890
2012-09-10,21.1,23.23,21.1,22.68,7493770
2012-09-11,22.72,23.44,22.34,22.73,3458440
2012-09-12,22.8,23.14,21.41,21.69,2218880
2012-09-13,21.7,21.79,20.51,21.33,2264840
2012-09-14,21.41,22.23,21.41,21.82,2117360
2012-09-17,21.87,21.94,20.0,20.24,1451340
2012-09-18,20.0,21.13,20.0,20.37,779960
2012-09-20,20.3,20.97,20.01,20.27,663570
2012-09-21,20.06,20.55,19.44,19.59,1095620
2012-09-24,19.5,19.84,19.1,19.4,861710
2012-09-25,19.41,19.55,18.37,18.75,1225360
2012-09-26,18.99,19.48,18.54,18.9,1083470
2012-09-27,18.9,19.3,18.24,18.86,445860
2012-09-28,18.7,19.09,18.26,18.45,503680
2012-10-01,18.4,19.5,18.31,19.3,1014180
2012-10-03,19.5,19.67,19.1,19.47,1474990
2012-10-04,19.48,19.64,18.8,19.04,508210
2012-10-05,19.05,19.17,18.2,18.63,635400
2012-10-08,18.29,19.5,18.29,19.02,935290
2012-10-09,18.9,19.5,18.73,19.01,484460
2012-10-10,19.41,19.8,18.22,19.09,2075830
2012-10-11,18.93,19.82,18.93,19.34,1616550
2012-10-12,19.5,19.56,19.08,19.16,681760
2012-10-15,19.2,19.4,18.91,18.98,303350
2012-10-16,18.89,19.4,18.76,18.86,496540
2012-10-17,18.98,19.09,18.4,18.59,423430
2012-10-18,18.6,18.77,18.4,18.46,426100
2012-10-19,18.45,19.08,18.43,18.84,708040
2012-10-22,18.5,19.59,18.4,19.47,1809590
2012-10-23,19.54,19.89,19.23,19.3,829710
2012-10-25,19.47,19.55,18.93,19.03,922750
2012-10-26,19.34,19.55,19.0,19.05,887610
2012-10-29,19.3,19.3,18.45,18.58,458550
2012-10-30,18.72,18.72,17.31,17.39,837130
2012-10-31,17.43,17.63,17.11,17.37,435890
2012-11-01,17.6,18.25,17.48,18.14,753710
2012-11-02,18.27,18.89,18.24,18.65,678530
2012-11-05,18.65,18.83,18.14,18.45,350880
2012-11-06,18.4,19.09,18.22,18.8,632050
2012-11-07,18.8,19.1,18.69,18.78,345360
2012-11-08,18.6,19.04,18.5,18.72,357750
2012-11-09,18.79,18.98,18.31,18.4,266390
2012-11-12,18.49,18.59,17.73,17.81,412100
2012-11-13,17.89,18.2,17.43,17.63,183110
2012-11-15,17.55,17.64,16.7,17.08,518110
2012-11-16,16.57,17.4,16.57,17.03,506640
2012-11-19,17.01,17.14,16.51,16.63,399650
2012-11-20,16.85,17.2,16.0,16.19,450540
2012-11-21,16.27,16.44,15.7,15.85,660570
2012-11-22,15.82,17.36,15.66,17.04,2855020
2012-11-23,16.9,17.16,16.45,16.55,749990
2012-11-26,16.66,16.94,16.66,16.79,375290
2012-11-27,16.8,17.09,16.4,16.61,508350
2012-11-29,16.68,16.9,16.45,16.54,305130
2012-11-30,16.55,17.77,16.4,17.45,1375310
2012-12-03,17.57,18.3,17.31,17.97,960950
2012-12-04,18.08,18.48,17.87,18.09,516660
2012-12-05,18.23,18.36,18.01,18.19,303510
2012-12-06,18.2,18.79,18.2,18.47,748490
2012-12-07,18.47,18.75,18.1,18.2,224190
2012-12-10,18.15,18.35,17.76,18.01,312170
2012-12-11,18.16,18.16,17.41,17.47,282360
2012-12-12,17.01,17.82,17.01,17.33,150550
2012-12-13,17.44,17.5,17.1,17.18,168310
2012-12-14,17.01,17.3,16.6,17.15,182570
2012-12-17,17.04,17.47,16.81,17.2,166060
2012-12-18,17.08,17.5,16.43,16.9,453550
2012-12-19,17.0,17.03,16.62,16.75,173860
2012-12-20,16.75,16.83,16.45,16.57,362600
2012-12-21,16.41,16.7,16.06,16.13,419170
2012-12-24,16.2,16.35,15.7,16.21,440000
2012-12-26,16.3,16.65,16.02,16.11,1049980
2012-12-27,16.39,16.39,15.8,15.89,296330
2012-12-28,15.81,16.13,15.81,15.86,242560
2013-01-01,15.82,16.69,15.81,16.43,807310
2013-01-02,16.59,16.65,16.34,16.38,229100
2013-01-03,16.41,16.47,16.0,16.09,233760
2013-01-04,16.11,16.15,15.87,15.95,191050
2013-01-07,16.1,16.11,15.9,15.92,203640
2013-01-08,15.86,16.0,15.29,15.61,344000
2013-01-09,15.62,16.39,15.43,16.07,1223760
2013-01-10,16.09,16.75,16.09,16.47,1919440
2013-01-11,16.73,16.75,16.1,16.13,382890
2013-01-14,16.0,16.11,15.62,15.81,267890
2013-01-15,15.8,16.06,15.07,15.99,608440
2013-01-16,15.9,16.05,15.67,15.72,262880
2013-01-17,15.89,15.9,15.5,15.53,173330
2013-01-18,15.56,16.11,15.56,15.66,817050
2013-01-21,15.73,15.98,15.42,15.52,201490
2013-01-22,15.61,15.74,15.4,15.46,206010
2013-01-23,15.6,16.1,15.41,15.63,420530
2013-01-24,15.7,16.1,13.9,14.04,1936630
2013-01-25,14.87,14.87,12.73,13.15,1884310
2013-01-28,13.97,13.97,13.0,13.18,493490
2013-01-29,13.3,13.4,12.99,13.11,320110
2013-01-30,13.2,13.2,12.57,12.73,626090
2013-01-31,12.89,12.89,12.3,12.48,494730
2013-02-01,12.5,12.82,12.3,12.34,295830
2013-02-04,12.6,12.84,12.3,12.69,383520
2013-02-05,12.62,12.79,12.46,12.59,247020
2013-02-06,12.7,12.75,12.4,12.48,193270
2013-02-07,12.52,12.6,11.56,11.67,500150
2013-02-08,11.7,11.79,11.26,11.33,346700
2013-02-11,11.8,11.8,10.31,10.55,1427460
2013-02-12,10.98,11.07,10.5,10.93,432820
2013-02-13,11.07,11.27,10.5,10.98,473530
2013-02-14,11.2,11.2,10.61,10.85,172160
2013-02-15,10.8,11.08,10.36,10.58,192330
2013-02-18,10.71,11.11,10.63,10.92,301740
2013-02-19,11.0,12.0,11.0,11.69,1248370
2013-02-20,11.74,12.19,11.65,11.91,744640
2013-02-21,11.95,11.95,11.31,11.47,222900
2013-02-22,11.59,11.6,11.3,11.38,141170
2013-02-25,11.36,11.48,10.72,10.98,177190
2013-02-26,11.0,11.1,10.7,10.82,237990
2013-02-27,11.15,11.2,10.75,10.94,191200
2013-02-28,11.11,11.11,10.23,10.43,297110
2013-03-01,10.55,10.87,10.12,10.62,316010
2013-03-04,10.8,10.8,10.43,10.52,150200
2013-03-05,10.8,11.0,10.53,10.85,294740
2013-03-06,11.09,11.49,10.9,11.43,444760
2013-03-07,11.5,11.65,11.23,11.28,137260
2013-03-08,11.48,11.5,11.25,11.31,136110
2013-03-11,11.22,11.55,11.22,11.26,167780
2013-03-12,11.4,11.4,10.86,10.94,211210
2013-03-13,10.98,10.98,10.44,10.55,144580
2013-03-14,10.55,10.98,10.52,10.85,100100
2013-03-15,10.89,10.91,10.5,10.56,217090
2013-03-18,10.45,10.55,10.2,10.45,220080
2013-03-19,10.97,10.97,10.29,10.37,119870
2013-03-20,10.39,10.4,10.11,10.19,92230
2013-03-21,10.2,10.49,9.44,9.6,424100
2013-03-22,9.5,9.53,9.05,9.4,305650
2013-03-25,9.64,10.1,9.05,9.21,307080
2013-03-26,9.15,9.45,9.0,9.23,250980
2013-03-28,9.21,9.6,9.1,9.48,352680
2013-04-01,9.5,9.88,9.5,9.78,244170
2013-04-02,9.95,10.7,9.84,10.6,519000
2013-04-03,10.24,10.94,10.24,10.69,311280
2013-04-04,10.5,10.57,10.2,10.34,204400
2013-04-05,10.3,10.6,10.21,10.29,138900
2013-04-08,10.25,10.37,10.25,10.28,73410
2013-04-09,10.36,10.5,10.06,10.14,132780
2013-04-10,10.13,10.35,9.85,10.07,189200
2013-04-11,10.0,10.6,10.0,10.1,50570
2013-04-12,9.96,9.96,9.8,9.88,112280
2013-04-15,9.73,9.91,9.4,9.81,354260
2013-04-16,9.7,10.0,9.6,9.71,112660
2013-04-17,9.85,10.9,9.71,10.28,715280
2013-04-18,10.2,10.56,10.12,10.22,97000
2013-04-22,10.4,10.48,10.14,10.23,173230
2013-04-23,10.04,10.48,10.04,10.15,110480
2013-04-25,10.05,11.46,10.05,11.12,832020
2013-04-26,11.2,12.45,11.12,12.19,2467200
2013-04-29,12.1,14.24,12.1,13.61,11547500
2013-04-30,13.8,13.86,13.0,13.08,2141850
2013-05-02,13.06,13.6,13.03,13.19,583460
2013-05-03,13.26,13.26,12.75,13.01,372960
2013-05-06,13.0,13.05,12.64,12.78,217820
2013-05-07,12.9,13.69,12.7,13.35,629320
2013-05-08,13.49,13.65,13.14,13.24,384730
2013-05-09,13.36,13.4,12.71,12.82,288330
2013-05-10,12.73,13.45,12.73,13.32,537460
2013-05-11,13.25,14.88,13.16,14.19,1216850
2013-05-13,14.1,15.12,14.05,14.47,2264130
2013-05-14,14.56,14.8,14.01,14.14,664270
2013-05-15,14.24,15.14,14.2,14.78,1531000
2013-05-16,14.5,15.18,14.45,14.56,482910
2013-05-17,14.64,14.75,14.31,14.4,248750
2013-05-20,14.53,14.54,13.91,14.01,371740
2013-05-21,13.91,14.0,13.73,13.85,221600
2013-05-22,13.8,13.83,13.51,13.57,233940
2013-05-23,13.55,13.56,12.43,12.77,450050
2013-05-24,12.62,13.2,12.24,12.97,265390
2013-05-27,12.95,13.53,12.76,13.34,218390
2013-05-28,13.45,13.88,13.35,13.56,226220
2013-05-29,13.57,13.8,13.4,13.55,170670
2013-05-30,13.51,13.69,13.29,13.35,148560
2013-05-31,13.31,13.73,12.96,13.18,259150
2013-06-03,13.0,13.5,12.9,12.99,121360
2013-06-04,12.9,13.2,12.9,13.02,132660
2013-06-05,12.9,13.3,12.72,13.04,73250
2013-06-06,12.9,13.1,12.8,13.01,51290
2013-06-07,12.91,13.76,12.9,13.34,402310
2013-06-10,13.13,13.39,12.63,12.73,221860
2013-06-11,12.64,12.94,12.3,12.41,147830
2013-06-12,12.5,12.68,12.31,12.39,106490
2013-06-13,12.3,12.45,11.91,12.05,132660
2013-06-14,12.0,12.28,11.75,11.88,172850
2013-06-17,11.85,12.15,11.23,12.02,464360
2013-06-18,12.03,12.06,11.64,11.81,107730
2013-06-19,11.95,12.0,11.6,11.82,104460
2013-06-20,11.7,11.94,11.43,11.65,216580
2013-06-21,11.66,11.88,11.37,11.52,113830
2013-06-24,11.5,11.5,11.0,11.16,201220
2013-06-25,11.19,11.4,10.65,10.8,258760
2013-06-26,10.8,10.96,10.55,10.63,221920
2013-06-27,10.7,10.87,10.5,10.59,170770
2013-06-28,10.7,11.19,10.52,10.61,477840
2013-07-01,10.41,10.95,10.41,10.74,474700
2013-07-02,10.8,10.98,10.63,10.74,553080
2013-07-03,10.81,12.54,10.71,11.14,1085140
2013-07-04,11.54,13.26,11.16,13.04,6537910
2013-07-05,13.1,13.46,12.72,13.01,13381780
2013-07-08,12.91,13.1,12.46,12.97,616620
2013-07-09,12.95,13.64,12.81,13.39,1556830
2013-07-10,13.3,14.18,13.3,13.78,1577580
2013-07-11,13.86,14.15,13.5,13.59,426580
2013-07-12,13.6,13.89,13.13,13.26,223480
2013-07-15,13.23,13.84,13.23,13.64,415800
2013-07-16,13.6,14.15,13.32,13.73,1134430
2013-07-17,13.8,13.96,13.41,13.59,527150
2013-07-18,13.67,14.25,13.5,13.99,1885100
2013-07-19,13.91,14.38,13.91,14.1,1003780
2013-07-22,14.17,14.79,14.17,14.52,1058590
2013-07-23,14.67,14.89,14.43,14.64,629130
2013-07-24,14.6,14.94,13.5,14.28,1164250
2013-07-25,14.1,14.94,13.91,14.19,2135530
2013-07-26,14.38,15.46,14.35,14.59,1771130
2013-07-29,14.6,14.68,13.61,13.69,502630
2013-07-30,13.57,14.22,13.46,13.5,536970
2013-07-31,13.49,13.63,12.96,13.53,466300
2013-08-01,13.6,13.94,13.14,13.22,231800
2013-08-02,13.34,13.6,12.8,12.85,316940
2013-08-05,12.89,12.89,12.49,12.69,250770
2013-08-06,12.57,12.57,12.22,12.38,179070
2013-08-07,12.35,12.46,12.22,12.31,253120
2013-08-08,12.2,13.1,12.19,12.99,361690
2013-08-12,13.1,13.85,13.07,13.74,594580
2013-08-13,13.79,14.05,13.61,13.91,388810
2013-08-14,14.47,14.47,13.81,13.96,364440
2013-08-16,13.95,13.95,13.2,13.31,338140
2013-08-19,13.02,13.1,12.55,12.7,327510
2013-08-20,12.6,12.88,12.24,12.57,566610
2013-08-21,12.77,13.4,12.45,12.57,682100
2013-08-22,12.5,13.09,12.5,12.91,237420
2013-08-23,12.83,13.39,12.83,13.19,369720
2013-08-26,13.2,13.6,13.05,13.18,266490
2013-08-27,13.1,13.16,12.61,12.64,274740
2013-08-28,12.5,12.9,12.0,12.75,279870
2013-08-29,12.97,13.39,12.53,12.67,370310
2013-08-30,12.66,12.99,12.66,12.86,147800
2013-09-02,12.9,13.55,12.85,13.27,313800
2013-09-03,13.44,13.69,12.95,13.06,301610
2013-09-04,12.93,13.73,12.93,13.67,422690
2013-09-05,13.75,14.2,13.69,14.1,708420
2013-09-06,14.0,14.43,14.0,14.11,295800
2013-09-10,14.11,14.45,14.01,14.11,193700
2013-09-11,14.2,15.24,14.08,14.99,937370
2013-09-12,15.06,15.24,14.55,14.87,360390
2013-09-13,14.89,15.39,14.7,14.88,308330
2013-09-16,15.01,15.25,14.64,14.81,182880
2013-09-17,14.85,15.0,14.61,14.93,157810
2013-09-18,14.99,15.19,14.86,14.96,241830
2013-09-19,15.1,15.34,14.85,14.92,335470
2013-09-20,14.98,15.08,14.51,14.56,145670
2013-09-23,14.1,14.58,14.04,14.21,149530
2013-09-24,14.49,14.49,14.01,14.16,287120
2013-09-25,14.0,14.26,14.0,14.2,99050
2013-09-26,14.1,14.28,14.01,14.1,81820
2013-09-27,14.17,14.26,14.11,14.17,57730
2013-09-30,14.02,14.16,13.81,14.05,89190
2013-10-01,14.1,14.94,14.01,14.81,305640
2013-10-03,14.94,15.35,14.82,14.94,349200
2013-10-04,14.9,15.1,14.46,14.79,197140
2013-10-07,14.8,15.5,14.76,15.39,421530
2013-10-08,15.53,15.89,15.5,15.76,478100
2013-10-09,15.78,16.54,15.76,16.27,696510
2013-10-10,16.27,16.47,15.76,15.94,185940
2013-10-11,16.0,16.24,15.67,16.15,237870
2013-10-14,16.25,16.9,16.25,16.8,687650
2013-10-15,16.8,17.17,16.41,16.55,453230
2013-10-17,16.59,17.0,16.54,16.61,300970
2013-10-18,16.65,16.94,16.42,16.55,150130
2013-10-21,16.6,16.9,16.4,16.62,358180
2013-10-22,16.67,17.04,16.67,16.93,317980
2013-10-23,17.0,17.55,17.0,17.25,380190
2013-10-24,17.3,17.51,16.74,16.94,202300
2013-10-25,16.95,17.13,16.7,16.79,240320
2013-10-28,16.94,17.37,16.86,16.98,233850
2013-10-29,17.18,17.79,17.18,17.63,770560
2013-10-30,17.8,18.55,16.81,17.64,2849760
2013-10-31,17.49,17.99,17.02,17.16,1710430
2013-11-01,17.2,17.65,16.86,17.19,951430
2013-11-03,17.12,17.95,17.12,17.55,480050
2013-11-05,17.8,18.7,17.72,17.84,1932590
2013-11-06,17.9,18.16,17.51,17.59,569560
2013-11-07,17.6,17.99,17.0,17.06,331610
2013-11-08,17.0,17.39,16.18,16.47,744240
2013-11-11,16.41,16.87,16.3,16.45,357450
2013-11-12,16.58,16.87,16.4,16.43,594140
2013-11-13,16.25,16.95,16.2,16.34,372070
2013-11-14,16.4,16.8,16.3,16.52,294450
2013-11-18,17.0,17.25,16.55,16.83,789180
2013-11-19,16.81,17.17,16.61,16.74,352340
2013-11-20,16.6,16.88,16.05,16.48,404950
2013-11-21,16.5,16.73,16.45,16.66,239670
2013-11-22,16.75,16.99,16.43,16.56,343870
2013-11-25,16.71,16.8,16.41,16.57,495740
2013-11-26,16.59,16.8,16.51,16.59,364450
2013-11-27,16.61,16.69,16.45,16.52,183480
2013-11-28,16.58,16.65,16.41,16.44,159260
2013-11-29,16.42,16.62,16.33,16.43,266450
2013-12-02,16.48,16.72,16.32,16.51,319260
2013-12-03,17.02,19.23,17.01,18.76,6538900
2013-12-04,19.3,19.77,18.23,18.44,4929280
2013-12-05,18.8,18.82,18.08,18.17,767130
2013-12-06,18.01,18.48,17.99,18.08,339690
2013-12-09,18.11,18.5,17.82,17.94,369200
2013-12-10,17.8,17.96,17.21,17.4,497200
2013-12-11,17.34,18.34,17.11,18.15,875880
2013-12-12,17.91,18.9,17.91,18.44,1078210
2013-12-13,18.3,18.58,17.82,17.94,426240
2013-12-16,17.82,19.64,17.82,19.19,3463620
2013-12-17,19.33,19.54,18.73,19.39,1931910
2013-12-18,19.2,19.54,19.05,19.38,1763490
2013-12-19,19.4,19.9,19.1,19.27,3385960
2013-12-20,19.1,19.68,19.1,19.39,930670
2013-12-23,19.4,20.57,19.4,19.74,2738980
2013-12-24,19.85,20.2,19.58,19.72,880230
2013-12-26,19.8,20.78,19.8,20.14,3362120
2013-12-27,20.2,20.39,19.86,19.98,969440
2013-12-30,20.06,20.1,19.22,19.34,973950
2013-12-31,19.3,19.69,18.86,19.44,997560
2014-01-01,19.53,20.2,19.31,19.74,929670
2014-01-02,19.87,20.19,18.9,19.12,679630
2014-01-03,18.97,19.6,18.97,19.32,566290
2014-01-06,19.3,19.73,19.1,19.44,594790
2014-01-07,19.5,19.72,19.3,19.48,442380
2014-01-08,19.5,20.38,19.45,19.86,1483300
2014-01-09,19.76,20.49,19.31,19.45,755970
2014-01-10,19.5,19.63,19.06,19.22,629670
2014-01-13,19.22,19.59,19.22,19.47,427660
2014-01-14,19.49,19.7,19.4,19.41,331440
2014-01-15,19.47,19.77,19.34,19.69,605150
2014-01-16,19.59,19.75,19.48,19.51,552540
2014-01-17,19.5,19.68,19.23,19.51,591730
2014-01-20,19.57,20.83,19.51,20.63,2156800
2014-01-21,20.7,22.74,20.7,21.69,7708740
2014-01-22,21.81,22.45,21.6,21.88,2409630
2014-01-23,21.8,22.8,21.8,22.35,3452710
2014-01-24,22.3,22.6,21.42,21.62,1288410
2014-01-27,21.1,22.0,20.74,21.01,1708710
2014-01-28,21.18,22.99,20.8,22.72,8004510
2014-01-29,23.19,23.88,22.72,23.36,8151310
2014-01-30,23.19,23.19,22.16,22.72,1898210
2014-01-31,22.95,23.44,22.74,22.86,1075160
2014-02-03,22.79,22.99,22.1,22.27,546410
2014-02-04,21.8,26.45,21.8,26.21,12762780
2014-02-05,26.3,27.36,25.51,25.8,10190150
2014-02-06,26.0,26.99,25.85,26.4,3384790
2014-02-07,26.76,29.08,26.76,27.85,15975380
2014-02-10,28.26,28.75,27.65,28.06,3519150
2014-02-11,28.29,29.25,27.6,28.72,4870390
2014-02-12,29.0,29.44,28.45,28.7,2828500
2014-02-13,28.77,28.95,27.17,27.36,2081480
2014-02-14,27.5,27.9,26.52,27.09,1735170
2014-02-17,27.08,27.5,26.1,27.36,1878940
2014-02-18,27.4,28.1,27.2,27.33,1833510
2014-02-19,27.34,27.6,27.0,27.17,1159440
2014-02-20,26.9,27.8,26.9,27.56,2699810
2014-02-21,27.56,28.65,27.4,27.7,4190940
2014-02-24,27.8,28.2,27.44,27.75,1427780
2014-02-25,27.8,27.98,27.11,27.25,2086210
2014-02-26,27.05,27.55,26.83,26.93,1263610
2014-02-28,27.07,27.6,26.52,26.83,1564260
2014-03-03,26.8,27.6,26.8,27.15,1891060
2014-03-04,27.2,27.79,27.0,27.46,1944920
2014-03-05,27.4,28.2,27.33,27.68,3148520
2014-03-06,27.7,28.6,27.7,28.03,3362510
2014-03-07,28.2,28.34,26.7,26.85,2063140
2014-03-10,26.85,27.36,26.75,26.84,851160
2014-03-11,26.9,27.05,25.77,25.98,1328840
2014-03-12,25.8,27.77,25.15,27.1,3407980
2014-03-13,27.35,27.78,26.91,27.4,2316080
2014-03-14,27.4,27.68,26.9,27.34,810130
2014-03-18,27.5,27.63,27.21,27.3,526350
2014-03-19,27.4,27.99,27.21,27.34,1633710
2014-03-20,27.38,27.38,24.8,26.27,1333620
2014-03-21,25.92,26.8,25.92,26.4,510860
2014-03-22,26.38,26.8,26.24,26.59,173180
2014-03-24,26.7,26.89,26.23,26.35,282610
2014-03-25,26.15,26.69,25.82,25.93,666610
2014-03-26,26.1,26.27,25.5,25.59,894900
2014-03-27,25.5,26.0,25.41,25.54,478550
2014-03-28,25.89,25.9,25.0,25.16,658490
2014-03-31,25.2,25.8,24.8,25.51,785630
2014-04-01,25.75,26.5,25.6,26.37,1018800
2014-04-02,26.45,27.55,26.45,27.28,1908630
2014-04-03,27.48,27.6,26.61,26.87,683820
2014-04-04,26.91,27.48,26.8,26.94,533510
2014-04-07,27.0,27.39,26.5,26.75,430350
2014-04-09,26.59,27.3,26.59,26.97,638530
2014-04-10,27.01,27.49,26.64,27.18,909550
2014-04-11,27.16,28.3,26.82,27.91,3543840
2014-04-15,28.05,28.84,27.5,27.64,2317140
2014-04-16,27.77,28.1,27.13,27.31,1025320
2014-04-17,27.64,27.94,27.4,27.65,486160
2014-04-21,27.7,30.2,27.7,29.8,12218680
2014-04-22,30.1,30.74,29.33,29.6,4239690
2014-04-23,29.94,31.2,29.9,30.93,4342400
2014-04-25,32.0,33.0,31.11,31.52,6524720
2014-04-28,31.6,35.29,31.6,34.65,10030140
2014-04-29,34.87,38.35,33.55,36.64,16453400
2014-04-30,36.99,37.37,34.01,35.28,5173760
2014-05-02,35.52,36.95,35.47,35.78,2482550
2014-05-05,36.01,36.79,35.32,35.81,2345070
2014-05-06,36.05,41.1,35.95,39.49,18627200
2014-05-07,39.84,41.35,39.53,39.67,8673570
2014-05-08,39.96,39.98,37.15,38.01,4474750
2014-05-09,38.29,38.37,36.74,37.05,2730010
2014-05-12,37.16,38.79,36.8,37.45,2259440
2014-05-13,37.51,38.29,36.8,37.53,1622540
2014-05-14,37.51,39.17,37.51,38.74,2621320
2014-05-15,38.8,39.07,37.17,37.39,1388150
2014-05-16,38.49,38.8,36.26,37.08,1265490
2014-05-19,36.23,37.5,33.9,34.34,3308740
2014-05-20,34.2,36.6,34.0,36.12,2394920
2014-05-21,36.3,37.6,35.6,36.88,2100460
2014-05-22,36.67,37.66,36.67,37.09,937420
2014-05-23,37.0,37.68,35.92,36.18,1346470
2014-05-26,35.3,36.8,35.1,35.28,1093150
2014-05-27,35.4,36.28,35.15,35.6,465930
2014-05-28,35.4,38.2,35.24,37.5,3462260
2014-05-29,37.6,38.38,36.7,36.94,961780
2014-05-30,36.71,37.78,36.5,37.15,416160
2014-06-02,37.42,37.94,36.82,37.2,553610
2014-06-03,37.51,37.7,37.15,37.42,454670
2014-06-04,37.75,39.5,37.3,39.01,2300450
2014-06-05,39.34,40.8,39.33,39.86,1879030
2014-06-06,40.0,42.24,39.71,40.92,2274020
2014-06-09,41.17,41.29,40.51,40.78,691680
2014-06-10,40.7,42.95,40.52,42.21,2349070
2014-06-11,42.49,43.49,41.1,41.76,1150700
2014-06-12,40.61,42.39,40.3,41.34,832480
2014-06-13,41.7,42.2,39.15,39.65,889100
2014-06-16,39.8,41.8,37.13,40.76,1927680
2014-06-17,40.8,42.2,40.7,42.0,1439110
2014-06-18,42.2,44.0,42.0,42.76,1972560
2014-06-19,43.2,44.13,43.02,43.6,907480
2014-06-20,43.6,46.68,43.6,44.9,3076090
2014-06-23,45.0,48.19,45.0,47.76,2948360
2014-06-24,48.25,49.84,48.12,48.45,2499610
2014-06-25,48.64,49.7,48.0,48.26,1010590
2014-06-26,48.3,48.3,46.67,47.04,737490
2014-06-27,47.95,49.5,47.51,48.22,1417440
2014-06-30,47.63,49.1,47.63,47.99,531320
2014-07-01,48.39,49.4,48.13,48.9,871880
2014-07-02,48.64,55.4,48.64,53.75,8918410
2014-07-03,54.08,56.9,54.0,55.03,4744550
2014-07-04,55.47,55.97,54.15,54.5,1177440
2014-07-07,54.84,60.5,54.1,57.9,8087910
2014-07-08,58.4,61.3,55.5,56.56,5177540
2014-07-09,57.0,58.8,55.72,56.78,2488920
2014-07-10,57.25,58.0,53.52,56.43,2071150
2014-07-11,56.9,58.45,54.02,54.78,1512690
2014-07-14,55.48,56.43,52.46,53.72,1172550
2014-07-15,54.5,57.44,54.23,57.08,2267360
2014-07-16,57.97,59.6,57.9,58.88,2341730
2014-07-17,59.25,61.5,58.5,60.47,2000760
2014-07-18,60.8,61.9,59.81,60.71,1662800
2014-07-21,61.25,68.7,61.22,67.82,8085010
2014-07-22,68.9,70.37,66.7,68.21,3518680
2014-07-23,68.85,70.0,61.01,63.3,7206380
2014-07-24,63.53,65.68,61.45,63.07,7770100
2014-07-25,63.48,64.59,61.56,62.61,3322780
2014-07-28,62.69,62.98,59.5,60.33,2032460
2014-07-30,59.23,60.74,57.37,58.58,2187590
2014-07-31,58.56,65.18,57.1,63.03,7969790
2014-08-01,62.7,65.0,62.27,64.06,4174470
2014-08-04,64.8,67.0,64.6,65.86,2805600
2014-08-05,65.92,67.35,65.65,66.39,2086790
2014-08-06,66.78,67.83,65.37,65.99,1303450
2014-08-07,66.11,66.65,63.52,64.08,1255000
2014-08-08,63.72,64.94,62.02,64.34,1727020
2014-08-11,64.55,66.28,64.55,65.96,1109360
2014-08-12,66.4,66.89,64.4,64.81,691570
2014-08-13,64.7,65.28,62.75,63.4,998620
2014-08-14,63.01,64.61,63.01,63.92,620020
2014-08-18,64.2,64.67,63.3,63.75,861480
2014-08-19,63.8,67.67,63.8,66.54,3015990
2014-08-20,67.15,72.35,67.15,70.47,7066270
2014-08-21,71.0,73.2,70.51,71.0,3178300
2014-08-22,71.05,74.7,70.6,73.46,4099250
2014-08-25,73.88,76.0,70.6,71.59,1955380
2014-08-26,72.17,74.04,72.0,73.39,1333610
2014-08-27,74.14,75.49,73.62,74.5,1293960
2014-08-28,75.24,75.26,72.5,73.28,761370
2014-09-01,73.52,77.77,73.25,77.11,3677070
2014-09-02,78.12,79.8,76.02,77.49,2732720
2014-09-03,77.9,79.7,76.65,79.31,2039410
2014-09-04,79.57,79.71,77.5,78.18,889880
2014-09-05,78.5,80.2,78.31,79.43,1637690
2014-09-08,79.89,81.2,79.0,80.88,1599130
2014-09-09,81.5,81.5,78.8,79.31,841790
2014-09-10,79.0,79.5,77.5,78.28,838610
2014-09-11,78.8,79.2,77.4,77.97,534280
2014-09-12,77.41,78.6,76.3,76.65,634920
2014-09-15,76.65,78.75,75.83,77.94,981450
2014-09-16,78.51,78.51,72.5,73.49,950470
2014-09-17,73.64,75.03,71.9,72.71,949620
2014-09-18,73.6,79.14,72.92,78.25,1825660
2014-09-19,78.5,93.9,77.5,92.94,11026870
2014-09-22,92.22,94.0,89.1,89.63,3272850
2014-09-23,89.8,91.64,83.8,84.93,2604010
2014-09-24,85.74,89.56,81.13,81.57,2912150
2014-09-25,82.13,86.4,81.22,83.49,2576600
2014-09-26,83.49,84.29,80.53,81.88,1388290
2014-09-29,82.57,91.77,82.53,87.93,5222060
2014-09-30,88.3,91.7,86.71,87.96,3271760
2014-10-01,88.46,89.3,86.45,87.14,1236550
2014-10-07,86.31,90.5,86.27,87.55,1418590
2014-10-08,88.0,89.09,85.2,86.53,1135360
2014-10-09,86.9,88.59,83.12,86.69,1422040
2014-10-10,86.5,86.68,83.01,83.5,1100360
2014-10-13,83.0,83.87,81.03,82.9,972060
2014-10-14,83.0,83.87,81.11,81.42,673090
2014-10-16,81.7,84.8,78.3,78.97,1634740
2014-10-17,79.0,80.0,74.2,76.71,1662980
2014-10-20,77.12,80.3,77.12,78.88,1215310
2014-10-21,78.25,80.4,77.5,78.22,857640
2014-10-22,79.1,79.68,78.01,78.47,530760
2014-10-23,78.98,79.28,78.58,79.02,208880
2014-10-27,79.0,80.4,78.21,78.68,678060
2014-10-28,77.89,81.5,77.1,80.47,1683310
2014-10-29,81.14,84.18,80.61,82.58,2852620
2014-10-30,82.98,88.2,82.75,83.29,5746760
2014-10-31,83.71,84.18,80.12,80.69,1401950
2014-11-03,81.26,82.38,76.0,81.08,1430670
2014-11-05,81.44,82.1,78.9,79.24,1325640
2014-11-07,79.7,79.85,76.62,77.5,1231670
2014-11-10,78.0,79.23,75.21,75.89,1102380
2014-11-11,76.35,76.69,74.4,74.7,817000
2014-11-12,74.7,76.9,74.12,74.64,1500530
2014-11-13,75.21,82.1,74.4,81.11,5849700
2014-11-14,81.97,83.6,77.85,78.35,3559200
2014-11-17,77.61,81.89,77.31,79.99,2154180
2014-11-18,79.99,81.19,78.35,78.83,1390900
2014-11-19,79.4,80.7,77.5,78.42,1245380
2014-11-20,78.6,78.99,77.02,77.42,903390
2014-11-21,77.96,79.94,77.0,78.05,1383410
2014-11-24,79.36,80.0,77.79,78.08,1393760
2014-11-25,78.2,78.53,75.12,75.94,1159140
2014-11-26,76.32,78.4,75.71,77.31,1280390
2014-11-27,77.6,79.5,77.6,78.5,1349550
2014-11-28,78.11,81.1,77.4,77.94,2760410
2014-12-01,77.79,79.19,77.5,77.65,1114090
2014-12-02,77.7,77.7,76.11,76.48,1293360
2014-12-03,76.56,78.0,76.5,76.83,1197620
2014-12-04,77.33,79.0,77.0,77.46,1498820
2014-12-05,77.65,78.49,76.5,76.85,774690
2014-12-08,76.63,78.36,76.0,76.37,753500
2014-12-09,75.93,76.89,74.35,74.77,722400
2014-12-10,74.62,75.9,74.6,75.18,457790
2014-12-11,75.2,75.5,73.63,74.05,700670
2014-12-12,74.22,75.4,73.02,73.28,567520
2014-12-15,72.54,75.65,72.1,74.12,825550
2014-12-16,73.53,74.63,70.72,72.04,928520
2014-12-17,72.0,73.5,70.93,72.62,1317130
2014-12-18,73.2,74.77,73.2,74.26,550520
2014-12-19,75.0,75.5,73.0,73.69,954350
2014-12-22,75.27,76.49,74.5,76.19,1143690
2014-12-23,76.6,82.49,76.3,80.75,6517030
2014-12-24,81.4,81.93,79.21,79.82,1381390
2014-12-26,79.91,80.64,78.5,79.18,649890
2014-12-29,79.69,81.45,78.72,79.22,1125510
2014-12-30,79.5,81.4,79.0,80.81,1376040
2015-01-01,82.67,84.77,82.6,83.18,1408630
2015-01-02,83.5,84.87,82.22,82.87,1162270
2015-01-05,83.5,83.97,81.72,82.06,988740
2015-01-06,81.72,81.72,78.5,79.07,982520
2015-01-07,79.1,80.0,77.51,78.1,808530
2015-01-08,78.88,79.9,78.22,79.06,683890
2015-01-09,80.28,82.97,80.0,81.27,1924930
2015-01-12,81.6,85.5,80.6,84.32,1968920
2015-01-13,85.5,87.4,83.2,83.65,2507780
2015-01-14,83.4,85.5,82.1,83.03,968600
2015-01-15,83.6,85.1,83.22,83.55,451770
2015-01-16,84.0,85.1,82.1,82.69,876170
2015-01-19,83.05,84.19,82.0,82.53,466790
2015-01-20,82.8,84.8,82.8,83.58,1002350
2015-01-21,83.8,85.0,83.2,84.35,960870
2015-01-22,84.0,85.6,83.85,84.27,808120
2015-01-23,84.99,84.99,82.0,82.61,739450
2015-01-27,83.59,83.59,81.62,82.04,653180
2015-01-28,82.7,87.0,80.46,84.75,5128650
2015-01-29,85.38,85.38,82.51,83.0,1094540
2015-01-30,83.22,83.3,80.56,80.88,839170
2015-02-02,81.2,82.57,80.91,81.87,476250
2015-02-03,83.49,84.47,82.0,82.61,914290
2015-02-04,82.9,83.89,81.45,82.52,604950
2015-02-05,82.55,83.78,81.33,81.8,674390
2015-02-06,81.8,82.3,79.69,79.98,603210
2015-02-09,80.3,80.3,77.61,78.59,388800
2015-02-10,78.22,80.8,77.1,77.81,555520
2015-02-11,78.1,79.4,77.8,78.36,577100
2015-02-12,78.6,79.37,78.1,78.83,360840
2015-02-13,79.46,80.0,78.3,78.5,535430
2015-02-16,78.7,79.59,78.0,78.25,420220
2015-02-18,78.75,81.8,78.5,80.86,891630
2015-02-19,81.49,82.47,80.25,81.28,639160
2015-02-20,81.5,81.6,79.1,79.35,574110
2015-02-23,79.61,80.9,78.5,78.62,550430
2015-02-24,78.85,79.46,78.23,78.47,348270
2015-02-25,78.8,78.98,77.5,77.62,418910
2015-02-26,77.8,77.9,75.28,75.83,565030
2015-02-27,76.1,77.7,75.78,76.11,543140
2015-02-28,76.9,77.2,75.5,76.52,421590
2015-03-02,76.81,77.44,76.3,76.81,316280
2015-03-03,76.91,78.9,76.7,77.58,475890
2015-03-04,79.1,84.19,77.7,80.79,4848710
2015-03-05,81.5,83.4,80.39,81.43,1666890
2015-03-09,81.24,82.98,80.31,81.02,1000410
2015-03-10,81.5,84.03,81.21,82.01,1779000
2015-03-11,82.6,83.43,81.22,81.43,802530
2015-03-12,81.7,84.63,81.3,84.13,2291950
2015-03-13,85.0,92.65,85.0,87.85,12577230
2015-03-16,88.77,91.97,88.6,91.02,3626170
2015-03-17,95.5,101.67,94.52,95.22,15883630
2015-03-18,95.99,97.7,95.15,96.4,4707880
2015-03-19,97.3,98.0,91.24,92.03,2436200
2015-03-20,92.47,93.8,85.0,85.64,2618750
2015-03-23,87.0,94.9,85.3,88.75,1788185
2015-03-24,89.4,89.75,86.0,86.4,688317
2015-03-25,85.5,89.5,83.1,86.95,1377829
2015-03-26,86.5,86.5,82.0,83.0,809866
2015-03-27,84.0,85.25,81.5,83.45,897943
2015-03-30,84.3,86.25,83.5,84.3,979773
2015-03-31,85.0,87.3,83.55,85.15,1056398
2015-04-01,85.25,94.4,83.6,92.85,3491336
2015-04-06,94.85,98.4,91.15,92.15,3434677
2015-04-07,93.0,94.6,90.4,91.25,1638635
2015-04-08,91.9,94.55,90.1,90.5,1740685
2015-04-09,91.1,92.85,88.2,90.55,1260157
2015-04-10,90.6,94.5,89.1,93.1,2152169
2015-04-13,93.55,96.85,92.05,95.1,2430816
2015-04-15,101.0,104.4,97.5,98.3,7162033
2015-04-16,98.85,100.3,96.1,96.95,2443382
2015-04-17,97.0,102.7,96.0,100.3,3406355
2015-04-20,101.0,101.1,92.7,94.2,2903950
2015-04-21,95.0,98.5,93.7,94.4,1812525
2015-04-22,95.0,96.0,91.8,92.95,1516257
2015-04-23,93.85,95.8,90.85,91.65,1557488
2015-04-24,92.6,92.65,88.2,90.3,1372046
2015-04-27,90.85,91.5,82.5,84.8,1952318
2015-04-28,82.9,82.9,75.0,79.1,2856428
2015-04-29,80.4,83.8,79.1,81.4,1591351
2015-04-30,81.85,82.85,80.05,82.15,903353
2015-05-04,83.0,84.5,83.0,83.8,940253
2015-05-05,84.0,90.45,83.9,88.7,3259311
2015-05-06,88.8,90.4,86.1,86.7,2138066
2015-05-07,86.5,88.1,83.7,85.55,1548125
2015-05-08,86.9,88.25,86.5,87.45,726327
2015-05-11,88.0,89.5,87.3,88.85,1058162
2015-05-12,89.25,89.6,85.1,85.95,827701
2015-05-13,86.3,86.9,84.5,85.1,998768
2015-05-14,85.0,86.3,83.8,84.85,759004
2015-05-15,85.35,86.9,84.55,84.8,745214
2015-05-18,85.15,86.85,84.8,85.05,868339
2015-05-19,85.0,87.8,85.0,86.7,1359368
2015-05-20,86.95,88.9,85.9,86.4,831391
2015-05-21,86.85,86.85,85.2,86.0,346678
2015-05-22,86.1,87.75,85.3,85.65,575311
2015-05-25,85.8,86.4,84.8,85.0,448895
2015-05-26,85.45,86.1,84.5,84.8,472865
2015-05-27,84.15,84.15,82.5,82.75,648639
2015-05-28,83.0,84.1,82.8,83.2,317367
2015-05-29,83.2,84.5,83.0,83.75,412686
2015-06-01,84.1,86.4,83.1,85.6,867180
2015-06-02,85.6,86.4,83.3,83.5,700514
2015-06-03,84.35,84.35,78.7,80.9,589052
2015-06-04,82.0,82.8,80.6,82.0,374919
2015-06-05,81.75,83.8,81.15,82.85,435022
2015-06-08,83.75,83.75,81.35,82.3,267187
2015-06-09,82.1,82.1,80.6,80.95,312483
2015-06-10,81.0,83.0,81.0,81.55,264692
2015-06-11,82.25,82.7,78.8,79.55,391812
2015-06-12,79.4,79.4,75.3,77.65,702831
2015-06-15,78.4,81.05,77.4,79.65,391756
2015-06-16,79.85,80.0,78.0,78.85,298107
2015-06-17,79.2,86.8,79.2,85.15,1360145
2015-06-18,86.1,86.7,84.15,84.9,582448
2015-06-19,84.9,87.5,84.5,85.2,1032963
2015-06-22,85.45,85.9,83.55,84.0,632588
2015-06-23,84.0,84.5,82.0,82.7,472183
2015-06-24,83.15,84.5,82.3,82.9,381390
2015-06-25,82.5,84.0,81.8,82.15,370098
2015-06-26,82.0,83.3,81.5,81.95,314643
2015-06-29,81.0,86.0,77.6,83.95,13600407
2015-06-30,87.0,87.25,84.0,84.5,1370299
2015-07-01,84.8,86.25,83.3,83.85,1000426
2015-07-02,84.3,84.65,81.75,82.65,866934
2015-07-03,83.0,83.75,81.9,82.15,1053425
2015-07-06,81.4,84.35,80.05,83.55,2031038
2015-07-07,83.95,91.45,82.7,86.7,11704253
2015-07-08,85.35,87.75,83.0,84.95,5278809
2015-07-09,85.1,86.0,80.0,81.5,4794898
2015-07-10,83.25,85.45,82.75,83.4,4311811
2015-07-13,84.05,86.1,84.05,85.1,3684286
2015-07-14,85.0,91.4,84.0,89.9,8432499
2015-07-15,90.75,96.5,90.6,93.95,9705621
2015-07-16,94.95,98.8,94.0,97.6,5725904
2015-07-17,98.3,99.85,95.3,98.05,4698034
2015-07-20,98.25,100.7,97.25,98.75,3005326
2015-07-21,99.4,101.8,96.5,97.7,4163394
2015-07-22,97.35,99.5,96.5,98.0,1869263
2015-07-23,99.0,104.9,98.95,102.6,8200664
2015-07-24,104.2,109.9,104.0,108.45,8196203
2015-07-27,109.0,115.75,108.6,114.8,7082656
2015-07-28,116.35,119.7,116.2,117.9,4124297
2015-07-29,119.0,119.6,113.25,118.15,3465290
2015-07-30,119.5,121.6,116.25,117.2,2654508
2015-07-31,117.1,118.4,113.6,114.2,1770083
2015-08-03,114.9,117.7,110.7,116.2,1836851
2015-08-04,115.9,119.4,113.1,117.6,2127574
2015-08-05,117.95,121.0,116.1,118.25,2070255
2015-08-06,118.0,119.3,116.75,117.55,1308369
2015-08-07,117.5,117.85,114.5,115.2,1084847
2015-08-10,115.3,118.4,115.0,116.1,891275
2015-08-11,116.8,117.15,106.6,107.9,1865755
2015-08-12,107.0,108.7,102.5,104.1,1801228
2015-08-13,105.75,111.4,105.4,107.3,2021303
2015-08-14,108.6,113.2,108.5,112.25,1692866
2015-08-17,112.4,116.95,108.9,115.2,1689978
2015-08-18,115.75,120.8,115.75,118.95,2425678
2015-08-19,119.3,131.95,118.35,130.65,6674780
2015-08-20,130.9,134.2,121.2,125.25,2841360
2015-08-21,124.0,130.9,117.15,129.4,2719556
2015-08-24,121.0,125.0,103.55,111.2,4408139
2015-08-25,112.0,118.5,101.25,111.7,3946318
2015-08-26,111.8,117.5,108.3,114.6,2440574
2015-08-27,117.95,125.0,117.95,124.4,3152653
2015-08-28,126.6,128.9,120.1,121.9,2226809
2015-08-31,122.1,126.4,120.1,123.95,1695186
2015-09-01,122.3,125.75,118.05,121.9,1993135
2015-09-02,123.25,124.9,119.1,119.9,1613377
2015-09-03,121.2,123.5,120.2,121.25,1280911
2015-09-04,121.85,121.85,115.0,116.75,1616339
2015-09-07,117.45,118.8,110.2,110.6,1526774
2015-09-08,110.95,113.8,103.0,111.9,2755816
2015-09-09,114.0,116.85,113.6,113.95,1618291
2015-09-10,112.0,117.4,108.5,116.6,1951164
2015-09-11,117.6,119.25,115.1,116.5,1130932
2015-09-14,117.5,119.2,115.0,117.25,940329
2015-09-15,117.45,117.7,114.1,115.3,1101769
2015-09-16,116.7,117.25,114.6,115.4,840469
2015-09-18,120.0,123.0,119.3,120.85,2622906
2015-09-21,121.2,132.4,118.4,131.3,5617089
2015-09-22,132.5,135.5,125.0,127.75,3770862
2015-09-23,124.4,138.85,123.95,137.55,4922298
2015-09-24,138.4,144.9,138.2,141.45,4200558
2015-09-28,142.5,145.85,136.5,137.7,2423531
2015-09-29,136.0,141.0,133.2,138.5,2809474
2015-09-30,139.9,143.25,138.3,140.8,1461713
2015-10-01,142.0,143.8,139.1,141.05,2510458
2015-10-05,142.5,145.8,142.0,143.35,1899574
2015-10-06,144.4,150.75,143.15,149.3,4288625
2015-10-07,151.45,154.9,149.3,153.75,3599695
2015-10-08,154.9,156.4,152.15,155.05,2012425
2015-10-09,156.6,163.5,156.2,162.45,3584814
2015-10-12,163.9,164.35,156.2,157.45,2448066
2015-10-13,158.0,158.0,153.2,155.25,1599380
2015-10-14,155.25,159.6,153.5,156.0,1719568
2015-10-15,157.0,157.6,152.25,153.2,1317925
2015-10-16,153.7,153.7,150.4,152.35,1058319
2015-10-19,153.0,155.75,151.1,154.35,2043851
2015-10-20,155.0,155.9,152.1,152.7,999816
2015-10-21,153.1,153.2,148.5,149.95,1036358
2015-10-23,151.1,151.3,146.1,146.85,937865
2015-10-26,147.0,149.8,143.7,144.9,881304
2015-10-27,144.6,152.2,142.35,150.8,2237401
2015-10-28,151.15,155.7,150.55,153.35,1848636
2015-10-29,154.0,155.7,150.1,151.45,989621
2015-10-30,152.1,152.5,146.6,147.75,981092
2015-11-02,153.5,155.0,147.0,148.25,1831016
2015-11-03,149.6,152.55,149.0,149.4,1102650
2015-11-04,150.35,150.75,145.75,146.95,879406
2015-11-05,147.2,147.45,143.2,144.1,876953
2015-11-06,144.3,146.3,141.0,141.6,776745
2015-11-09,138.0,149.3,134.9,148.3,1628202
2015-11-10,148.25,149.8,143.5,144.45,1068725
2015-11-11,145.95,149.45,145.95,147.75,474588
2015-11-13,147.7,152.45,144.2,151.45,1749474
2015-11-16,151.0,152.2,147.0,148.8,1314219
2015-11-17,149.45,149.8,145.6,146.35,1006985
2015-11-18,146.8,149.0,144.0,145.55,694659
2015-11-19,147.1,150.9,146.1,149.85,1091578
2015-11-20,150.0,151.9,148.5,149.55,818879
2015-11-23,149.85,158.9,149.55,157.7,2415458
2015-11-24,158.0,161.9,155.8,159.55,1779704
2015-11-26,160.2,161.25,158.15,159.1,779639
2015-11-27,159.1,159.5,154.15,155.05,769841
2015-11-30,154.8,161.25,154.0,159.75,1271084
2015-12-01,160.0,164.4,160.0,161.9,1563295
2015-12-02,162.95,163.25,158.25,160.65,778570
2015-12-03,159.5,159.9,156.55,157.55,639360
2015-12-04,155.0,156.85,153.05,153.85,623598
2015-12-07,155.2,158.9,154.1,158.05,827904
2015-12-08,154.4,157.75,153.1,153.85,503628
2015-12-09,153.05,153.4,145.3,146.6,862415
2015-12-10,147.6,151.2,144.25,150.15,809037
2015-12-11,150.2,150.8,146.5,148.55,520488
2015-12-14,147.7,149.7,144.7,147.55,416993
2015-12-15,147.9,153.5,147.0,151.85,903484
2015-12-16,152.5,155.35,150.05,151.05,645324
2015-12-17,152.3,154.6,152.1,153.6,576652
2015-12-18,153.0,156.7,152.3,154.15,783726
2015-12-21,156.0,161.25,156.0,157.65,1677300
2015-12-22,155.55,156.0,148.7,151.8,1204194
2015-12-23,152.0,153.8,148.15,148.85,920823
2015-12-24,149.0,150.8,147.5,148.4,803419
2015-12-28,148.0,151.9,148.0,150.5,622145
2015-12-29,151.9,152.9,148.55,149.4,659538
2015-12-30,150.6,151.95,149.3,149.8,647436
2015-12-31,150.0,150.5,148.2,148.8,394642
2016-01-01,148.55,151.9,148.1,150.5,401732
2016-01-04,149.8,149.8,146.0,146.65,598406
2016-01-05,147.75,150.9,144.8,147.95,770184
2016-01-06,148.1,148.75,143.5,144.0,891064
2016-01-07,142.9,142.9,138.5,139.15,844462
2016-01-08,138.1,141.0,138.1,139.6,544828
2016-01-11,137.9,138.9,135.0,135.75,644093
2016-01-12,136.05,137.5,126.65,127.4,1647155
2016-01-13,129.4,131.5,102.3,125.1,3681266
2016-01-14,122.75,126.0,114.95,120.0,1582982
2016-01-15,121.2,124.75,107.6,109.3,2426864
2016-01-18,110.0,111.45,102.2,105.3,2096554
2016-01-19,104.1,116.9,104.05,115.5,1909607
2016-01-20,114.0,119.0,109.3,117.1,2108731
2016-01-21,119.3,123.5,118.0,120.1,1946215
2016-01-22,122.0,123.7,119.0,119.9,1241118
2016-01-25,120.6,124.2,120.6,122.45,771037
2016-01-27,123.3,123.85,119.05,120.2,708016
2016-01-28,120.15,121.95,112.0,113.4,2681602
2016-01-29,112.0,117.25,111.6,116.4,1051287
2016-02-01,117.4,118.25,112.5,113.65,816642
2016-02-02,114.2,116.65,113.2,114.25,961377
2016-02-03,112.2,114.45,111.6,112.35,644597
2016-02-04,113.45,114.1,105.0,105.95,1403575
2016-02-05,106.5,115.25,105.7,113.75,1263688
2016-02-08,116.5,123.7,115.1,120.8,2799412
2016-02-09,116.6,122.95,116.35,120.05,1282224
2016-02-10,120.0,121.0,112.9,116.1,956829
2016-02-11,114.0,114.9,106.0,107.85,1152774
2016-02-12,109.0,110.4,101.4,105.9,1820606
2016-02-15,109.0,114.4,109.0,112.2,951035
2016-02-16,113.1,113.9,108.1,109.0,620690
2016-02-17,108.75,108.75,104.4,107.25,1021532
2016-02-18,108.2,111.4,107.3,108.8,637287
2016-02-19,108.7,111.2,106.75,108.35,682317
2016-02-22,108.6,110.75,108.6,109.55,457351
2016-02-23,108.7,109.75,106.8,107.8,418841
2016-02-24,107.0,108.5,105.5,106.15,551184
2016-02-25,106.3,111.9,106.3,109.55,1086413
2016-02-26,112.0,114.4,105.05,106.3,2909157
2016-02-29,106.35,109.45,104.1,106.25,1025967
2016-03-01,106.05,113.0,105.65,112.45,1686453
2016-03-02,115.0,118.25,115.0,115.8,1724574
2016-03-03,116.6,118.2,115.0,117.7,1074540
2016-03-04,118.75,120.0,117.8,118.7,1092614
2016-03-08,118.9,119.9,116.35,117.8,755462
2016-03-09,115.85,119.2,115.25,118.75,773704
2016-03-10,120.0,128.6,120.0,124.75,4526990
2016-03-11,125.9,128.2,125.75,126.2,2438327
2016-03-14,127.55,128.55,124.3,124.95,1274043
2016-03-15,125.1,126.3,120.05,120.65,1437606
2016-03-16,120.05,121.0,116.15,120.25,1421776
2016-03-17,121.5,122.6,117.2,118.3,880671
2016-03-18,118.3,120.15,116.05,119.3,1150386
2016-03-21,119.45,122.7,118.25,121.6,980088
2016-03-22,121.9,123.15,120.0,121.75,1032971
2016-03-23,121.75,122.95,120.8,121.75,822017
2016-03-28,122.0,122.5,118.2,119.8,936029
2016-03-29,121.0,122.9,117.0,117.95,2110868
2016-03-30,119.7,120.9,116.6,119.75,2106469
2016-03-31,118.85,121.4,118.85,119.95,1132580
2016-04-01,120.35,121.3,119.0,119.95,557617
2016-04-04,120.1,121.0,117.9,118.65,457304
2016-04-05,117.35,119.75,116.75,118.0,1416137
2016-04-06,118.5,119.0,117.3,118.45,398293
2016-04-07,118.0,120.2,117.65,118.8,977766
2016-04-08,118.5,120.9,118.15,120.1,755107
2016-04-11,120.35,121.5,118.25,120.65,794249
2016-04-12,122.05,127.4,121.6,126.55,2839833
2016-04-13,129.0,129.95,126.65,127.3,1763801
2016-04-18,128.0,128.4,124.3,127.3,652935
2016-04-20,128.5,129.5,126.6,128.0,690012
2016-04-21,128.45,129.45,126.7,128.05,623377
2016-04-22,128.0,128.6,126.7,127.65,764134
2016-04-25,127.7,132.7,127.0,131.15,2326496
2016-04-26,132.0,133.25,130.7,132.2,1392371
2016-04-27,133.0,133.7,131.8,132.7,774658
2016-04-28,135.0,135.8,130.1,133.15,2112825
2016-04-29,138.1,138.9,133.95,134.65,2894229
2016-05-02,134.3,135.25,131.3,131.7,1326439
2016-05-03,132.5,133.5,128.6,129.0,1489792
2016-05-04,128.7,128.7,125.1,126.2,928313
2016-05-05,125.95,126.5,122.65,124.6,957314
2016-05-06,124.25,127.55,123.35,126.25,949155
2016-05-09,127.4,130.8,126.5,130.3,1108367
2016-05-10,130.85,133.25,130.5,131.65,1191401
2016-05-11,129.45,131.55,128.05,130.05,931493
2016-05-12,130.5,134.15,130.05,132.7,1159571
2016-05-13,131.45,132.45,129.5,131.0,697786
2016-05-16,131.05,133.55,130.2,132.35,841063
2016-05-17,133.8,133.9,130.55,131.3,960280
2016-05-18,130.7,132.3,129.0,131.95,856994
2016-05-19,131.7,134.0,130.1,131.0,1146558
2016-05-20,130.85,131.7,129.05,129.7,1010945
2016-05-23,130.6,130.6,127.3,128.25,914437
2016-05-24,128.0,128.65,124.5,128.1,1609623
2016-05-25,128.45,129.4,125.8,126.85,907341
2016-05-26,126.9,128.9,126.65,128.05,899921
2016-05-27,128.0,130.35,128.0,129.3,736812
2016-05-30,129.5,137.9,128.6,136.25,3149228
2016-05-31,137.25,140.35,135.0,137.8,2666483
2016-06-01,137.4,140.4,135.0,135.8,1333092
2016-06-02,136.0,137.35,134.6,136.95,608133
2016-06-03,140.0,142.05,139.0,139.5,2404471
2016-06-06,137.9,139.7,137.75,138.4,694524
2016-06-07,138.65,140.75,138.1,139.8,773322
2016-06-08,139.85,141.0,138.8,139.8,566425
2016-06-09,139.9,143.9,138.8,142.25,1940688
2016-06-10,142.75,145.9,142.0,142.3,1988208
2016-06-13,140.6,142.05,137.75,139.25,1326330
2016-06-14,139.0,140.85,139.0,140.05,857672
2016-06-15,140.35,142.4,139.5,141.5,1193317
2016-06-16,140.7,141.0,137.8,138.7,1261534
2016-06-17,138.7,139.7,138.0,138.7,619950
2016-06-20,137.6,139.8,136.65,138.75,452568
2016-06-21,138.95,141.0,137.65,138.35,685297
2016-06-22,138.3,139.25,133.6,136.15,684762
2016-06-23,136.15,140.0,134.1,139.55,1384883
2016-06-24,135.0,136.0,130.45,135.3,1420003
2016-06-27,136.45,138.35,134.3,137.1,1075983
2016-06-28,137.0,137.9,135.7,136.6,1218273
2016-06-29,136.7,138.9,136.7,137.75,693222
2016-06-30,138.4,139.45,137.7,138.15,1059402
2016-07-01,138.15,142.0,138.15,140.95,1017923
2016-07-04,141.2,143.25,141.2,142.9,833347
2016-07-05,142.9,145.35,142.0,143.8,1015997
2016-07-07,144.3,145.2,142.85,143.5,658230
2016-07-08,143.95,144.65,141.1,142.35,560305
2016-07-11,143.1,148.3,143.1,147.55,1613205
2016-07-12,148.75,149.2,147.1,147.75,1020835
2016-07-13,147.3,147.5,144.55,145.55,600326
2016-07-14,145.6,151.0,145.0,148.9,1830016
2016-07-15,149.75,149.9,145.85,146.45,690892
2016-07-18,146.55,147.65,144.0,144.9,713869
2016-07-19,143.5,144.95,142.1,143.4,1100654
2016-07-20,143.0,147.95,143.0,147.25,1295448
2016-07-21,147.0,147.7,143.1,143.45,1112460
2016-07-22,143.1,145.35,142.35,143.85,1081047
2016-07-25,143.7,144.5,142.1,142.9,1206387
2016-07-26,143.0,143.85,139.0,139.95,955479
2016-07-27,139.95,140.85,136.5,139.6,715604
2016-07-28,139.5,142.75,138.75,141.8,1338204
2016-07-29,142.9,144.4,142.0,142.45,709650
2016-08-01,142.9,144.05,139.4,141.8,1139071
2016-08-02,142.05,142.8,139.85,141.55,770989
2016-08-03,141.9,142.35,139.35,140.0,681620
2016-08-04,141.3,141.6,138.7,140.1,403894
2016-08-05,140.4,142.3,138.7,139.75,1057778
2016-08-08,140.25,144.1,137.3,143.55,1542240
2016-08-09,144.3,144.45,140.6,140.95,888307
2016-08-10,141.5,142.25,138.55,139.45,772181
2016-08-11,140.55,142.25,131.5,134.5,3589549
2016-08-12,135.3,135.95,133.85,134.25,932139
2016-08-16,135.5,136.85,132.1,133.6,989120
2016-08-17,133.9,134.4,131.35,132.25,921194
2016-08-18,132.6,133.65,131.55,132.6,995003
2016-08-19,134.0,134.4,131.9,132.15,809618
2016-08-22,133.0,133.2,128.05,129.1,1132334
2016-08-23,128.0,128.0,125.25,126.6,1141342
2016-08-24,126.7,131.4,126.5,130.5,1885368
2016-08-25,131.35,131.9,127.85,128.8,2139187
2016-08-26,129.4,129.8,127.0,127.65,903792
2016-08-29,127.7,129.0,125.6,126.55,1106269
2016-08-30,126.3,128.35,124.3,127.1,1757647
2016-08-31,127.9,129.95,125.9,129.0,1587467
2016-09-01,129.55,129.85,126.0,126.8,1052516
2016-09-02,127.8,127.8,125.4,125.95,993459
2016-09-06,126.1,127.35,124.5,124.85,1225121
2016-09-07,125.45,125.65,121.1,122.9,2009517
2016-09-08,123.45,127.5,122.4,126.9,1531571
2016-09-09,127.3,128.1,124.3,125.35,2419212
2016-09-12,122.8,123.15,116.5,117.2,2514375
2016-09-14,117.0,118.4,114.2,115.95,2158264
2016-09-15,116.1,119.2,116.1,117.45,1543606
2016-09-16,118.55,120.2,117.0,118.15,1425964
2016-09-19,118.1,120.3,117.15,119.8,1099041
2016-09-20,119.6,123.3,119.15,121.4,1499247
2016-09-21,124.2,124.2,120.5,121.15,1072836
2016-09-22,122.35,122.8,121.2,122.15,586802
2016-09-23,122.45,122.45,121.0,121.35,490834
2016-09-26,121.0,122.7,120.2,121.25,805428
2016-09-27,121.7,123.6,121.15,122.6,940882
2016-09-28,122.15,124.6,122.15,122.8,1432593
2016-09-29,123.2,123.8,111.0,113.25,2666472
2016-09-30,112.6,117.8,110.0,116.3,1989129
2016-10-03,117.4,120.45,117.05,119.9,1245621
2016-10-04,119.5,120.65,119.0,119.7,712264
2016-10-05,121.45,123.05,121.05,122.05,1126332
2016-10-06,122.6,123.0,119.5,120.35,822164
2016-10-07,121.15,121.75,118.55,119.1,531974
2016-10-10,119.5,122.2,118.25,120.3,1045794
2016-10-13,122.0,122.05,117.5,119.25,1192305
2016-10-14,120.35,121.05,119.25,120.0,623589
2016-10-17,123.85,125.6,120.1,121.2,3168284
2016-10-18,122.0,123.1,121.9,122.4,594404
2016-10-19,123.3,124.8,122.6,123.1,1150941
2016-10-20,123.9,124.9,121.8,122.5,1344788
2016-10-21,122.6,124.0,122.5,122.95,797693
2016-10-24,123.8,126.3,123.25,125.1,1196849
2016-10-25,125.95,127.8,123.85,125.0,3550697
2016-10-26,126.0,126.0,121.75,122.15,954242
2016-10-27,121.2,122.85,119.35,121.45,1253792
2016-10-28,121.6,122.75,120.7,121.65,562584
2016-10-30,122.0,123.8,121.95,122.8,323179
2016-11-01,122.4,124.2,121.7,122.05,707425
2016-11-02,120.7,121.3,115.4,117.1,844952
2016-11-03,116.55,118.75,114.4,115.5,975835
2016-11-04,115.7,116.55,110.6,111.9,1483504
2016-11-07,114.0,116.2,114.0,114.7,725442
2016-11-08,115.5,115.75,112.0,114.1,750133
2016-11-09,103.0,109.9,91.45,108.25,5906142
2016-11-10,112.5,116.9,111.05,113.55,1280364
2016-11-11,113.0,113.9,108.05,108.65,1093340
2016-11-15,109.5,110.65,104.55,105.1,1483381
2016-11-16,107.8,108.25,101.1,101.7,1138990
2016-11-17,102.4,104.3,101.1,102.5,862975
2016-11-18,103.2,104.5,101.75,103.2,602928
2016-11-21,104.0,104.1,98.4,99.1,948827
2016-11-22,100.5,103.7,98.65,103.05,1148643
2016-11-23,104.1,107.2,103.15,106.4,1163927
2016-11-24,106.0,106.4,102.6,104.35,1425912
2016-11-25,105.0,109.4,104.5,108.55,1001847
2016-11-28,108.95,110.2,106.7,108.3,693715
2016-11-29,108.9,109.6,107.6,108.45,490438
2016-11-30,109.6,110.0,108.1,109.6,501389
2016-12-01,110.4,113.8,109.0,111.4,1284948
2016-12-02,111.4,112.45,108.65,111.5,1871206
2016-12-05,113.0,114.2,111.25,112.0,1254717
2016-12-06,113.0,113.4,111.7,112.1,446362
2016-12-07,112.5,113.1,110.6,111.1,447820
2016-12-08,111.4,112.9,111.4,112.3,477480
2016-12-09,113.2,113.2,111.5,112.45,404794
2016-12-12,112.6,115.7,110.55,111.15,946108
2016-12-13,111.9,112.15,110.55,111.2,364676
2016-12-14,111.2,112.3,109.85,111.4,563718
2016-12-15,110.0,117.7,109.5,116.4,2253495
2016-12-16,117.0,118.0,115.3,116.1,1114377
2016-12-19,115.9,116.5,114.05,115.6,696018
2016-12-20,112.0,113.75,110.25,110.65,1245578
2016-12-21,111.5,113.95,108.4,112.35,1026632
2016-12-22,110.6,112.4,108.75,109.2,770864
2016-12-23,109.2,111.05,108.25,108.55,444728
2016-12-26,108.45,108.65,101.15,102.1,1200587
2016-12-27,101.55,106.3,101.55,105.05,1014901
2016-12-28,105.75,107.3,104.55,105.15,675800
2016-12-29,105.0,108.0,104.6,107.25,795089
2016-12-30,107.65,109.2,107.05,108.05,695378
2017-01-02,108.2,109.4,103.55,108.2,797197
2017-01-03,108.6,112.2,107.2,111.65,1257952
2017-01-04,111.65,112.8,109.6,110.0,501375
2017-01-05,110.3,112.6,110.3,111.8,581497
2017-01-06,111.8,113.45,111.0,112.25,745783
2017-01-09,107.4,107.4,97.75,101.2,11784222
2017-01-10,102.1,105.75,101.7,104.75,3369141
2017-01-11,105.1,105.9,104.05,104.65,1198524
2017-01-12,103.5,104.25,102.0,103.5,1017682
2017-01-13,103.65,105.0,102.3,104.3,1124143
2017-01-16,104.0,109.15,103.0,108.25,2512928
2017-01-17,108.6,112.05,108.25,111.7,2518972
2017-01-18,111.35,114.5,111.0,113.85,1533388
2017-01-19,113.4,114.9,112.3,113.6,1056219
2017-01-20,113.4,114.15,110.5,111.2,1188936
2017-01-23,110.9,113.45,110.0,112.1,764180
2017-01-24,112.25,113.9,111.8,112.8,958663
2017-01-25,113.7,116.1,112.3,115.35,1589121
2017-01-27,116.25,117.25,114.5,114.9,1515024
2017-01-30,117.5,117.85,115.3,116.05,1670745
2017-01-31,116.3,116.7,112.9,113.3,862209
2017-02-01,113.9,114.4,109.75,113.7,1300843
2017-02-02,114.0,116.9,112.8,116.15,1138009
2017-02-03,117.7,130.4,116.0,127.9,8786466
2017-02-06,130.25,131.35,127.0,127.85,3315948
2017-02-07,127.5,128.2,124.4,125.85,1690180
2017-02-08,126.0,131.9,125.0,130.7,2841355
2017-02-09,132.0,133.0,127.8,131.05,2123980
2017-02-10,131.05,134.9,130.1,130.85,2074910
2017-02-13,131.0,131.25,125.35,127.4,1604075
2017-02-14,127.45,128.3,125.5,125.85,784964
2017-02-15,126.5,128.45,121.55,122.3,2242050
2017-02-16,122.3,128.6,121.0,127.6,2479795
2017-02-17,128.9,129.85,125.1,126.4,1617102
2017-02-20,125.7,127.1,124.15,125.25,1310002
2017-02-21,126.7,132.45,126.35,131.05,4760711
2017-02-22,132.0,132.35,127.5,128.55,2161788
2017-02-23,128.0,132.8,126.7,128.6,3375318
2017-02-27,129.0,134.8,129.0,134.0,3438240
2017-02-28,134.85,137.0,132.85,134.5,2203619
2017-03-01,134.5,137.05,133.65,134.15,1368603
2017-03-02,134.75,135.25,127.5,128.2,1474388
2017-03-03,128.2,130.0,127.7,129.0,840046
2017-03-06,129.45,132.15,128.6,130.55,831120
2017-03-07,131.0,131.7,129.0,129.4,683147
2017-03-08,130.0,130.85,127.85,129.5,908237
2017-03-09,128.7,130.7,128.2,128.95,707785
2017-03-10,130.0,130.7,127.9,128.5,471862
2017-03-14,131.95,131.95,128.7,129.75,925015
2017-03-15,130.0,132.4,129.6,130.4,997424
2017-03-16,131.0,131.9,129.85,130.45,598984
2017-03-17,131.0,131.25,128.25,129.8,890245
2017-03-20,130.75,135.15,129.85,134.45,3003181
2017-03-21,134.95,135.4,133.45,134.65,1794599
2017-03-22,133.0,138.75,131.95,135.8,3012064
2017-03-23,136.0,137.75,135.6,136.95,1182566
2017-03-24,137.0,139.2,136.8,137.55,1532108
2017-03-27,137.5,141.3,136.95,139.75,2534155
2017-03-28,140.5,141.75,139.8,140.1,1223695
2017-03-29,140.0,140.85,136.9,138.2,1466187
2017-03-30,138.0,141.8,137.6,139.1,2977866
2017-03-31,140.4,140.8,138.5,138.85,827926
2017-04-03,139.5,143.4,138.5,142.4,1388719
2017-04-05,142.0,143.45,141.05,141.75,749540
2017-04-06,141.95,143.15,140.5,141.05,733878
2017-04-07,139.1,142.2,138.15,138.9,1166032
2017-04-10,139.15,139.9,136.1,138.35,901896
2017-04-11,138.1,140.5,137.45,139.2,1416004
2017-04-12,139.0,139.6,136.55,138.35,1444092
2017-04-13,138.1,140.8,137.3,139.0,975175
2017-04-17,139.05,139.8,137.65,137.9,550229
2017-04-18,138.0,140.3,136.15,137.5,1768411
2017-04-19,137.45,142.7,136.6,141.6,1684660
2017-04-20,142.2,146.0,142.0,144.75,2352868
2017-04-21,145.05,152.7,144.9,150.3,4397138
2017-04-24,150.0,150.6,146.25,146.7,1834097
2017-04-25,147.05,151.7,146.85,150.75,2762836
2017-04-26,151.05,152.4,148.0,149.05,2897477
2017-04-27,149.25,151.5,148.2,150.55,1848024
2017-04-28,150.5,153.5,149.0,152.05,1608145
2017-05-02,153.0,153.95,149.5,151.65,1251137
2017-05-03,151.8,152.25,144.0,144.75,1257690
2017-05-04,145.1,145.45,138.45,140.5,2801557
2017-05-05,140.0,143.0,137.4,138.7,1518276
2017-05-08,139.45,143.0,138.6,141.7,897913
2017-05-09,141.7,142.8,140.0,140.45,767698
2017-05-10,141.2,143.45,140.25,142.25,796916
2017-05-11,142.0,148.7,142.0,146.05,3398713
2017-05-12,146.9,147.2,141.35,143.25,1326576
2017-05-15,143.5,144.35,140.75,141.7,726458
2017-05-16,142.0,153.45,140.05,151.7,3179572
2017-05-17,153.35,154.65,148.3,151.25,2890902
2017-05-18,148.05,157.25,146.0,147.45,4755607
2017-05-19,149.2,154.6,147.0,148.75,3619691
2017-05-22,151.4,151.4,144.2,146.25,2431150
2017-05-23,145.5,146.95,137.55,140.25,3367060
2017-05-24,140.9,144.75,131.9,134.35,3146483
2017-05-25,134.0,138.65,132.2,136.7,2559030
2017-05-26,136.8,139.7,135.0,136.25,1156691
2017-05-29,137.05,140.4,131.75,133.95,2349795
2017-05-30,133.05,137.65,133.0,136.3,2350457
2017-05-31,135.9,140.3,135.15,138.55,1872495
2017-06-01,138.7,143.45,137.55,141.15,3026058
2017-06-02,141.4,142.75,140.2,140.95,973463
2017-06-05,141.2,141.8,139.1,139.85,779224
2017-06-06,140.3,140.75,134.55,136.65,1648522
2017-06-07,137.0,139.8,137.0,138.65,1347384
2017-06-08,138.0,142.6,137.5,140.3,1490722
2017-06-09,140.95,142.6,136.25,141.5,967398
2017-06-12,141.8,145.95,140.35,140.95,1693622
2017-06-13,141.8,145.4,141.25,143.45,1446768
2017-06-14,144.2,145.4,142.5,143.2,1811160
2017-06-15,144.2,145.4,142.0,143.45,836983
2017-06-16,145.2,145.5,140.8,141.55,1113802
2017-06-19,142.0,143.3,138.35,139.45,1335041
2017-06-20,139.1,140.0,137.15,138.1,842100
2017-06-21,138.45,139.5,136.95,138.5,609783
2017-06-22,139.0,140.0,136.1,136.85,760600
2017-06-23,137.0,138.85,133.05,135.7,1930122
2017-06-27,134.25,135.85,128.4,128.9,1896162
2017-06-28,127.05,132.85,125.6,132.1,2626744
2017-06-29,133.7,135.2,131.45,133.1,2072965
2017-06-30,133.0,134.85,132.0,133.4,831317
2017-07-03,133.45,140.15,133.45,139.3,1755745
2017-07-04,139.4,141.7,135.3,140.05,1521661
2017-07-05,139.9,144.65,138.75,143.6,1965059
2017-07-06,145.25,147.25,142.6,144.4,3131651
2017-07-07,144.3,144.6,140.2,141.15,1092958
2017-07-10,142.0,143.55,141.5,142.75,157884
2017-07-11,142.5,144.1,138.65,139.4,696963
2017-07-12,139.4,141.15,138.6,140.8,508846
2017-07-13,140.55,141.9,139.2,139.9,749543
2017-07-14,139.9,143.15,139.5,140.5,1412986
2017-07-17,140.75,141.8,139.3,139.8,523797
2017-07-18,139.8,141.1,138.1,139.45,1227998
2017-07-19,140.0,145.55,139.4,144.7,2202505
2017-07-20,145.25,147.5,144.3,145.45,1847122
2017-07-21,144.0,146.0,140.9,141.95,955948
2017-07-24,142.35,144.25,140.55,142.15,1049081
2017-07-25,142.2,143.0,140.25,140.65,986059
2017-07-26,141.6,141.75,139.9,140.7,850939
2017-07-27,140.25,141.25,136.65,137.2,1583032
2017-07-28,137.45,139.2,135.5,138.7,612337
2017-07-31,138.0,138.7,135.85,136.2,676685
2017-08-01,136.45,138.95,135.5,137.8,1151210
2017-08-02,137.85,138.65,135.3,136.3,1073330
2017-08-03,136.0,137.3,131.8,132.25,930517
2017-08-04,131.95,133.0,130.1,131.65,727914
2017-08-07,131.9,133.15,131.45,132.55,406133
2017-08-08,132.5,132.75,126.0,126.75,1100786
2017-08-09,127.0,127.75,115.0,116.8,2360012
2017-08-10,115.0,118.4,103.25,107.05,2658788
2017-08-11,105.0,111.8,101.25,109.2,3295916
2017-08-14,112.0,116.85,110.05,116.1,2998912
2017-08-16,122.0,131.4,119.3,126.8,7518919
2017-08-17,128.9,129.1,124.6,126.8,2561843
2017-08-18,125.05,128.0,124.25,126.95,1387856
2017-08-21,128.25,129.5,125.1,126.0,1219200
2017-08-22,127.0,130.3,126.25,127.4,1966654
2017-08-23,127.7,129.35,127.1,128.35,744181
2017-08-24,128.5,132.0,127.0,130.0,1495130
2017-08-28,130.2,131.95,130.0,130.5,721962
2017-08-29,129.9,130.15,125.65,126.1,1304820
2017-08-30,127.0,129.3,127.0,127.6,1109714
2017-08-31,128.0,129.3,126.6,127.7,2124538
2017-09-01,128.9,130.55,128.1,129.65,907508
2017-09-04,130.0,130.05,125.7,127.0,696604
2017-09-05,127.25,129.9,126.45,129.0,1035199
2017-09-06,128.45,128.6,126.9,127.35,839186
2017-09-07,127.7,130.0,126.6,127.5,1317334
2017-09-08,127.5,128.55,122.55,123.35,1175284
2017-09-11,123.7,124.65,121.75,123.1,1261072
2017-09-12,123.45,126.0,123.1,125.1,696135
2017-09-13,125.1,128.7,124.6,125.35,1850998
2017-09-14,125.5,127.25,124.55,125.65,1088583
2017-09-15,125.65,127.15,124.0,126.4,634740
2017-09-18,126.55,135.7,126.55,134.55,4262120
2017-09-19,135.55,135.9,131.25,131.85,3019776
2017-09-20,131.9,133.8,130.35,131.2,1275585
2017-09-21,130.75,131.0,126.2,128.45,2225863
2017-09-22,128.4,128.4,121.55,122.4,1572560
2017-09-25,122.85,122.9,117.55,119.55,1313900
2017-09-26,119.55,120.4,116.1,117.1,1538530
2017-09-27,117.1,119.0,113.6,114.5,1723396
2017-09-28,114.5,115.65,111.0,112.25,2243723
2017-09-29,112.75,116.3,112.7,113.35,1893720
2017-10-03,118.0,118.0,113.35,114.45,1018385
2017-10-04,114.4,117.7,113.65,116.7,1801764
2017-10-05,117.05,117.85,114.05,114.7,1934599
2017-10-06,115.1,122.85,114.1,121.8,9809639
2017-10-09,122.3,127.4,121.5,126.1,7523851
2017-10-10,126.8,127.8,126.1,127.0,2623761
2017-10-11,127.1,132.85,126.85,128.55,5236448
2017-10-12,130.0,135.0,130.0,134.4,5154895
2017-10-13,135.15,137.85,134.5,136.15,3957603
2017-10-16,136.7,143.1,136.7,140.7,5203561
2017-10-17,141.15,143.35,139.15,142.85,3449371
2017-10-18,142.55,143.5,140.45,142.5,2130527
2017-10-19,145.0,146.2,142.05,143.65,2342416
2017-10-23,145.0,146.5,140.5,141.45,3485447
2017-10-24,142.0,142.35,138.15,139.85,2828434
2017-10-25,140.0,142.9,137.75,139.95,2593014
2017-10-26,140.0,142.0,137.0,137.9,2978991
2017-10-27,138.0,139.45,135.0,135.65,2953344
2017-10-30,136.2,140.8,135.8,139.5,1986454
2017-10-31,140.5,141.45,137.1,139.5,2072409
2017-11-01,140.85,141.5,137.2,138.15,1881748
2017-11-02,138.4,142.9,138.4,141.05,2665098
2017-11-03,142.2,142.6,139.85,140.55,1334561
2017-11-06,140.35,142.2,138.3,138.95,1284499
2017-11-07,140.3,140.45,133.55,135.3,2228116
2017-11-08,136.4,137.7,134.15,134.75,796974
2017-11-09,136.4,136.55,129.35,131.0,2732509
2017-11-10,131.7,131.7,126.3,126.65,1851993
2017-11-13,127.8,128.7,122.65,122.95,1848016
2017-11-14,122.95,124.05,119.25,120.4,2141308
2017-11-15,120.0,124.3,118.85,120.65,1879984
2017-11-16,121.45,124.2,120.1,121.3,1446884
2017-11-17,122.1,123.9,121.5,122.7,1254827
2017-11-20,123.4,126.0,122.7,125.5,1653993
2017-11-21,126.65,127.5,124.8,125.65,1337984
2017-11-22,126.1,126.6,124.2,124.85,1114707
2017-11-23,125.7,125.75,122.35,123.35,857933
2017-11-24,123.9,125.45,123.2,125.1,1249968
2017-11-27,126.4,126.4,123.55,124.75,1109188
2017-11-28,124.8,125.4,123.65,124.3,743240
2017-11-29,124.15,132.4,124.15,131.45,8088184
2017-11-30,131.5,131.5,127.6,128.15,3357484
2017-12-01,129.05,131.0,123.55,124.25,1874586
2017-12-04,124.9,126.5,122.1,125.5,1813114
2017-12-05,125.4,126.05,123.2,125.3,1282496
2017-12-06,124.35,125.65,122.75,123.5,1266917
2017-12-07,125.0,126.8,123.0,126.05,3150281
2017-12-08,126.7,128.05,126.4,127.1,1684184
2017-12-11,130.25,133.8,129.0,131.9,6032053
2017-12-12,132.8,133.4,130.0,131.0,2496569
2017-12-13,131.25,131.7,127.7,128.35,1770092
2017-12-14,129.0,129.0,124.55,126.55,1983860
2017-12-15,128.0,129.15,126.15,126.8,1065116
2017-12-18,126.9,128.65,122.55,127.25,1505441
2017-12-19,128.0,129.25,127.0,128.9,1171944
2017-12-20,129.35,129.35,127.05,127.75,1222740
2017-12-21,128.0,130.6,127.0,128.95,1258622
2017-12-22,129.7,132.9,127.9,132.35,2645048
2017-12-26,133.3,138.15,132.35,137.4,4586879
2017-12-27,139.0,141.4,137.0,138.95,4316205
2017-12-28,140.0,141.5,135.8,136.75,3081950
2017-12-29,137.8,138.8,136.75,137.45,1301996
2018-01-01,138.85,139.0,136.2,137.45,1175335
2018-01-02,137.5,138.2,133.0,134.15,1971621
2018-01-03,135.0,135.85,133.1,134.95,1318176
2018-01-04,135.0,135.9,132.8,135.15,1212662
2018-01-05,135.95,140.15,134.8,139.45,2411578
2018-01-08,138.05,142.45,138.05,140.05,2112691
2018-01-09,140.55,140.55,138.0,139.4,1271740
2018-01-10,139.9,141.5,138.1,140.5,2204921
2018-01-11,141.0,147.2,140.75,146.75,9563136
2018-01-12,148.65,149.05,141.9,144.1,4269501
2018-01-15,150.0,150.0,144.5,144.9,3762722
2018-01-16,145.2,145.9,138.85,139.6,2110281
2018-01-17,139.6,141.0,131.6,140.35,2814920
2018-01-18,141.1,141.8,134.7,135.85,1824797
2018-01-19,135.7,137.45,133.75,135.6,1191952
2018-01-22,136.9,139.4,135.75,138.8,1647941
2018-01-23,139.05,141.75,138.3,138.95,2413406
2018-01-24,139.7,141.0,136.0,140.0,1878596
2018-01-25,140.8,140.85,135.75,136.85,1818376
2018-01-29,138.7,138.7,134.45,134.95,1093941
2018-01-30,134.7,135.0,131.7,132.7,1376997
2018-01-31,131.35,133.9,130.85,132.25,1569827
2018-02-01,132.0,132.2,125.8,127.55,2495024
2018-02-02,126.9,128.6,120.3,121.3,2495854
2018-02-05,119.0,122.6,116.2,119.45,2032094
2018-02-06,115.0,117.25,110.15,114.85,2920956
2018-02-07,118.1,120.35,116.9,119.15,1966801
2018-02-08,121.85,123.6,117.75,118.45,2952768
2018-02-09,115.05,119.3,114.05,118.75,1502108
2018-02-12,119.9,124.0,119.6,122.45,2394952
2018-02-14,124.0,125.0,121.4,122.05,1710457
2018-02-15,122.95,123.0,117.15,117.9,1789010
2018-02-16,118.75,119.85,116.65,117.8,1470287
2018-02-19,118.15,118.7,114.0,115.3,1354792
2018-02-20,115.3,117.05,114.2,116.05,1018683
2018-02-21,116.75,117.25,114.4,115.05,870779
2018-02-22,115.0,115.05,111.9,112.35,3324412
2018-02-23,112.75,118.0,112.75,117.35,2578335
2018-02-26,118.65,120.1,116.4,119.7,1400606
2018-02-27,120.25,120.4,116.8,117.3,786691
2018-02-28,115.25,119.5,114.75,118.4,3130502
2018-03-01,118.0,118.7,115.35,115.75,1265195
2018-03-05,116.0,116.35,112.3,113.75,1581713
2018-03-06,114.75,115.15,107.1,110.3,2198443
2018-03-07,110.85,110.9,106.8,107.8,1527455
2018-03-08,108.8,110.4,104.85,108.5,1427508
2018-03-09,108.9,110.1,107.0,107.2,1448268
2018-03-12,108.1,109.4,106.5,108.5,1043838
2018-03-13,108.2,111.85,108.0,109.9,1648683
2018-03-14,110.0,111.15,109.05,110.25,859987
2018-03-15,110.1,113.95,110.1,112.7,1474670
2018-03-16,112.0,114.7,110.0,110.55,1704187
2018-03-19,110.6,111.3,106.8,108.1,1162186
2018-03-20,108.95,109.5,107.5,108.55,1397458
2018-03-21,109.05,110.9,106.25,107.05,1276603
2018-03-22,107.1,107.65,104.4,104.75,1598787
2018-03-23,103.0,104.0,101.25,103.25,1156973
2018-03-26,101.95,105.2,101.65,104.35,1511269
2018-03-27,105.0,107.5,104.8,105.7,997964
2018-03-28,105.0,106.05,102.6,103.25,1919882
2018-04-02,103.6,106.9,103.05,106.15,1092506
2018-04-03,106.0,109.0,105.65,108.55,1085934
2018-04-04,109.8,110.55,105.1,105.8,2178083
2018-04-05,107.05,108.0,106.25,106.9,795841
2018-04-06,106.35,109.35,106.35,108.75,1135573
2018-04-09,108.7,109.7,107.1,107.65,936669
2018-04-10,107.7,109.15,107.1,108.1,643627
2018-04-11,108.8,109.65,107.75,108.85,792212
2018-04-12,108.5,109.15,107.0,107.45,684709
2018-04-13,108.25,108.95,107.0,107.45,679298
2018-04-16,107.0,108.8,106.8,108.25,735059
2018-04-17,108.3,109.7,107.55,108.95,799231
2018-04-18,109.0,109.4,106.7,107.15,592512
2018-04-19,107.5,108.55,106.65,108.05,535320
2018-04-20,107.15,107.8,106.8,107.2,419908
2018-04-23,107.5,111.25,106.55,110.6,2414937
2018-04-24,110.95,113.55,110.0,111.4,3872587
2018-04-25,111.65,113.0,108.0,109.25,1720503
2018-04-26,109.2,109.95,107.2,107.6,984059
2018-04-27,108.3,109.65,107.6,108.25,635490
2018-04-30,108.6,109.8,107.65,108.65,743313
2018-05-02,110.65,110.65,106.0,106.75,720598
2018-05-03,106.5,106.6,104.1,104.9,1062278
2018-05-04,104.9,105.25,99.75,100.5,2439778
2018-05-07,100.0,101.5,96.55,100.25,3294453
2018-05-08,100.9,102.6,98.55,99.5,1837397
2018-05-09,100.0,101.8,99.15,101.15,1146466
2018-05-10,101.4,101.45,95.7,96.1,2062610
2018-05-11,96.5,97.3,92.95,93.8,2616809
2018-05-14,94.0,96.8,91.2,92.35,2000793
2018-05-15,92.15,96.0,91.9,94.7,1524128
2018-05-16,94.1,97.8,92.8,96.7,3005649
2018-05-17,97.15,106.7,97.15,103.15,11184279
2018-05-18,103.0,103.7,93.6,95.0,4650421
2018-05-21,95.05,95.7,87.9,89.0,3947398
2018-05-22,89.2,90.9,87.15,89.7,2883282
2018-05-23,90.0,92.45,88.55,89.7,3414987
2018-05-24,90.15,91.45,81.25,83.1,6350771
2018-05-25,81.3,82.0,77.8,79.5,11953655
2018-05-28,80.0,81.55,78.1,79.85,6060038
2018-05-29,80.0,83.45,79.15,82.0,7826402
2018-05-30,81.7,81.7,79.2,79.85,3432737
2018-05-31,80.5,81.0,78.0,78.4,3879416
2018-06-01,78.7,79.85,76.0,76.6,4005831
2018-06-04,77.4,77.9,73.75,74.35,2782540
2018-06-05,74.5,74.95,71.55,72.8,3010049
2018-06-06,73.0,74.5,71.85,73.75,1956522
2018-06-07,75.15,79.0,74.55,78.3,4494140
2018-06-08,78.0,79.6,76.55,78.8,4079395
2018-06-11,78.6,81.4,78.55,79.75,3457223
2018-06-12,79.7,84.95,79.6,84.5,7868940
2018-06-13,85.25,88.35,84.8,85.75,8349381
2018-06-14,86.0,88.0,84.55,87.75,4327750
2018-06-15,88.25,90.0,88.0,89.25,6237264
2018-06-18,89.25,90.15,87.2,88.6,3312862
2018-06-19,87.9,90.5,87.3,88.1,3229337
2018-06-20,87.8,89.4,85.7,88.1,2933809
2018-06-21,88.3,88.7,85.15,85.85,2150030
2018-06-22,85.0,85.0,81.65,83.2,5268024
2018-06-25,82.75,85.45,82.0,82.6,3298196
2018-06-26,82.2,84.15,81.4,83.65,2626955
2018-06-27,83.0,83.55,79.9,82.45,3711675
2018-06-28,82.6,82.6,77.05,78.0,3392339
2018-06-29,78.9,81.1,78.3,80.55,2380367
2018-07-02,80.0,81.15,77.05,77.55,1932528
2018-07-03,77.55,80.55,76.45,79.65,2164675
2018-07-04,79.65,85.0,79.6,84.05,6504911
2018-07-05,85.35,85.7,82.5,83.15,3765967
2018-07-06,82.25,84.25,82.25,82.7,1823326
2018-07-09,83.05,87.85,83.05,86.25,3738817
2018-07-10,87.0,92.8,85.55,91.95,8048734
2018-07-11,91.3,93.15,89.4,91.3,6697836
2018-07-12,92.05,95.1,90.8,92.15,8980363
2018-07-13,92.8,92.9,87.4,88.9,3980393
2018-07-16,89.9,92.5,86.75,88.3,7186793
2018-07-17,88.3,92.5,86.65,91.1,5278537
2018-07-18,90.7,92.4,87.75,90.2,4149430
2018-07-19,90.0,90.0,85.35,86.85,2697825
2018-07-20,86.45,92.0,85.8,91.5,6248550
2018-07-23,92.4,95.8,90.1,94.4,7062225
2018-07-24,96.25,96.45,88.8,91.55,10937896
2018-07-25,92.1,94.15,91.3,93.55,4793255
2018-07-26,92.5,100.75,92.5,98.6,13468513
2018-07-27,99.1,104.9,99.1,101.15,10384886
2018-07-30,101.0,101.75,99.1,100.45,4337623
2018-07-31,100.9,104.8,99.25,102.85,6199015
2018-08-01,102.5,104.6,99.2,102.1,4466569
2018-08-02,102.4,106.8,101.95,105.8,6250321
2018-08-03,106.45,106.6,104.75,105.5,3259031
2018-08-06,106.3,109.55,105.55,108.15,4375724
2018-08-07,108.9,109.05,106.1,107.55,3293887
2018-08-08,107.35,107.5,101.9,103.5,2721076
2018-08-09,103.0,108.0,102.0,107.15,3562273
2018-08-10,106.9,107.7,103.35,104.25,2366809
2018-08-13,102.45,106.8,102.45,105.7,2169172
2018-08-14,105.85,106.8,102.1,104.8,2313610
2018-08-16,103.9,108.1,103.5,106.5,2742776
2018-08-17,106.25,111.5,106.25,111.05,5508745
2018-08-20,112.0,112.9,110.1,111.25,4314173
2018-08-21,111.25,112.6,109.3,112.0,3094532
2018-08-23,114.9,117.0,113.6,115.85,8106316
2018-08-24,115.25,115.45,112.5,113.45,3668147
2018-08-27,114.0,115.7,113.5,114.7,2222061
2018-08-28,114.65,115.75,112.6,114.45,2127560
2018-08-29,113.85,115.4,112.0,112.4,2115102
2018-08-30,112.5,114.15,110.6,112.7,1993000
2018-08-31,113.95,117.75,113.1,115.65,4855532
2018-09-03,116.75,117.7,114.3,115.05,3121308
2018-09-04,114.95,115.0,110.0,112.0,2414655
2018-09-05,111.0,113.9,110.1,112.4,2938606
2018-09-06,115.0,121.3,114.1,120.8,13808519
2018-09-07,121.5,122.4,118.8,121.4,6482128
2018-09-10,120.0,123.4,118.75,119.3,3337296
2018-09-11,119.45,120.0,113.8,114.4,3001297
2018-09-12,114.2,114.2,106.0,107.65,7182868
2018-09-14,108.0,119.6,108.0,118.85,9088295
2018-09-17,117.65,118.9,115.1,117.0,3535210
2018-09-18,116.25,121.35,109.0,111.65,7403488
2018-09-19,113.0,115.85,109.6,111.65,4494845
2018-09-21,114.4,115.2,101.0,107.7,5818432
2018-09-24,108.5,109.15,100.75,103.4,5218188
2018-09-25,103.35,105.6,95.35,100.3,4996630
2018-09-26,102.75,104.55,100.0,102.95,4333295
2018-09-27,103.0,103.85,97.25,98.65,3799628
2018-09-28,100.25,101.0,93.25,95.15,4375243
2018-10-01,95.0,98.45,90.2,97.9,4716918
2018-10-03,98.2,102.2,95.85,97.8,3688942
2018-10-04,95.95,96.0,90.9,91.65,5536563
2018-10-05,91.0,95.7,90.75,93.65,4411352
2018-10-08,94.35,95.2,90.5,92.55,4366964
2018-10-09,93.7,94.45,89.5,91.7,4072006
2018-10-10,92.65,96.7,91.95,96.2,3106168
2018-10-11,93.0,94.25,88.0,89.75,6086934
2018-10-12,90.1,93.0,90.1,92.2,3069684
2018-10-15,94.0,99.4,92.5,98.55,7292883
2018-10-16,99.8,100.2,95.6,97.5,4920806
2018-10-17,98.45,99.35,93.5,94.1,4406490
2018-10-19,92.8,95.95,90.95,92.2,3181627
2018-10-22,93.2,95.0,91.15,91.85,4847715
2018-10-23,92.2,92.7,89.75,90.7,3205892
2018-10-24,92.0,93.75,90.45,92.3,2806481
2018-10-25,91.5,95.25,91.2,91.85,3521218
2018-10-26,92.25,93.8,88.2,92.3,5312419
2018-10-29,92.0,100.5,91.35,99.85,8755847
2018-10-30,101.0,103.5,95.75,97.05,12466341
2018-10-31,97.65,99.25,95.6,98.5,4104119
2018-11-01,98.5,101.45,98.15,100.95,5440438
2018-11-02,102.0,103.4,100.15,101.15,3809907
2018-11-05,101.15,104.8,99.6,104.15,2721837
2018-11-06,104.7,106.2,102.55,103.65,2548594
2018-11-07,103.65,104.75,103.5,103.9,363318
2018-11-09,103.9,106.0,103.0,105.25,2045718
2018-11-12,106.0,107.25,101.7,102.4,2849400
2018-11-13,102.0,105.6,100.1,105.2,2876851
2018-11-14,105.85,105.85,102.0,103.5,2027166
2018-11-15,103.45,104.7,101.75,102.15,1741258
2018-11-16,103.0,103.8,99.35,100.75,2085225
2018-11-19,101.45,102.7,100.4,102.45,1276638
2018-11-20,102.0,102.9,97.05,98.15,2023055
2018-11-21,98.45,99.45,94.9,95.4,3421493
2018-11-22,95.75,96.4,92.9,93.3,2489223
2018-11-26,94.0,94.0,88.8,90.55,3985033
2018-11-27,91.95,92.7,87.65,88.1,8043004
2018-11-28,88.4,88.5,84.3,85.65,7088591
2018-11-29,86.05,89.45,85.2,88.65,4991608
2018-11-30,89.9,89.9,87.2,88.65,1921210
2018-12-03,89.0,89.0,86.55,86.95,1247174
2018-12-04,86.85,87.85,85.6,86.0,1210946
2018-12-05,85.9,87.8,84.8,86.65,1395345
2018-12-06,85.3,86.1,84.5,84.95,919569
2018-12-07,85.45,86.35,83.2,84.35,794427
2018-12-10,82.25,83.8,81.5,81.6,689932
2018-12-11,79.9,84.0,79.15,82.55,914176
2018-12-12,83.5,87.3,83.0,86.8,1176351
2018-12-13,87.2,88.25,86.4,86.9,876104
2018-12-14,86.9,88.35,85.9,87.8,722168
2018-12-17,88.0,89.4,87.8,88.9,647176
2018-12-18,89.5,89.55,88.15,89.25,520598
2018-12-19,88.5,91.9,88.5,91.15,1165614
2018-12-20,90.15,91.9,90.0,90.8,598115
2018-12-21,90.75,91.5,88.5,89.85,802221
2018-12-24,90.0,90.75,87.25,88.5,647341
2018-12-26,88.4,89.0,86.3,87.85,603713
2018-12-27,89.8,89.8,87.0,88.35,808391
2018-12-28,88.95,90.6,88.3,89.85,723599
2019-01-01,89.95,91.35,89.1,90.8,747168
2019-01-02,90.3,91.2,89.05,89.9,535316
2019-01-03,89.8,90.9,89.2,89.9,455053
2019-01-04,89.85,90.9,88.35,90.3,569390
2019-01-07,90.45,91.2,87.6,88.9,780837
2019-01-08,88.45,90.0,88.45,89.45,458173
2019-01-09,89.55,91.4,88.8,90.8,687883
2019-01-10,90.7,91.35,89.5,90.55,505800
2019-01-11,90.4,90.5,89.5,90.1,338496
2019-01-14,89.6,89.7,87.25,87.7,568163
2019-01-15,88.2,88.7,87.7,88.3,489627
2019-01-16,88.35,92.4,88.0,91.3,1044008
2019-01-17,91.0,91.0,89.5,90.2,526781
2019-01-18,90.2,90.25,86.2,88.3,723677
2019-01-21,87.8,88.85,87.55,88.1,379061
2019-01-22,88.0,88.4,86.5,86.95,509963
2019-01-23,86.9,94.5,85.05,93.3,2802897
2019-01-24,94.7,98.1,93.2,96.3,3701722
2019-01-25,96.9,97.95,91.1,94.7,1947917
2019-01-28,94.15,94.95,88.0,89.3,1116698
2019-01-29,89.95,90.0,87.25,88.45,748454
2019-01-30,94.3,96.0,90.7,92.35,4417308
2019-01-31,92.8,93.85,90.3,91.35,1297284
2019-02-01,91.1,92.2,88.4,89.2,829138
2019-02-04,89.1,90.8,85.1,85.5,1233003
2019-02-05,85.95,88.0,85.25,85.9,729234
2019-02-06,86.05,86.7,84.45,85.6,664726
2019-02-07,85.15,88.2,85.05,87.25,661450
2019-02-08,87.25,87.4,85.1,86.65,462676
2019-02-11,87.4,87.6,84.3,87.2,639100
2019-02-12,86.9,87.75,85.9,86.55,671318
2019-02-13,86.6,87.0,84.85,85.75,483713
2019-02-14,85.0,86.05,84.65,85.7,343494
2019-02-15,85.45,86.9,84.55,86.55,715309
2019-02-18,86.0,87.95,85.0,87.05,824336
2019-02-19,87.4,89.85,86.55,88.0,914053
2019-02-20,88.15,91.45,88.15,90.9,852054
2019-02-21,90.85,92.85,89.1,91.25,898838
2019-02-22,91.45,94.7,91.3,94.05,1096826
2019-02-25,95.0,95.0,93.3,94.65,703907
2019-02-26,93.5,94.75,90.5,93.45,905815
2019-02-27,93.5,97.0,92.5,95.05,1412950
2019-02-28,94.5,98.8,94.5,97.7,1255642
2019-03-01,98.5,104.3,98.45,103.95,2699352
2019-03-05,103.65,107.9,103.65,106.9,1942778
2019-03-06,107.0,108.9,102.75,105.6,1869667
2019-03-07,105.35,106.9,103.15,104.2,570443
2019-03-08,104.55,114.4,101.75,111.3,12350943
2019-03-11,111.0,114.65,110.1,113.85,2292707
2019-03-12,114.45,115.8,111.65,113.75,1663484
2019-03-13,114.0,114.0,111.0,112.05,957235
2019-03-14,112.05,114.25,110.45,112.75,942316
2019-03-15,113.0,115.95,111.5,113.95,1694712
2019-03-18,114.1,115.45,112.0,112.85,545912
2019-03-19,113.0,118.2,112.0,117.75,2078737
2019-03-20,118.0,118.35,115.15,115.8,775541
2019-03-22,116.0,116.3,111.8,113.1,592609
2019-03-25,110.5,111.95,109.35,110.55,512367
2019-03-26,109.4,113.15,108.65,112.35,569233
2019-03-27,112.95,118.3,111.55,117.55,1497989
2019-03-28,117.65,119.85,114.75,116.65,1360016
2019-03-29,116.7,117.2,113.9,114.45,907925
2019-04-01,114.6,117.3,113.0,113.8,849734
2019-04-02,114.35,114.35,112.2,113.3,690669
2019-04-03,113.3,114.4,108.0,109.65,1172451
2019-04-04,108.5,109.5,106.5,108.9,1040997
2019-04-05,109.25,112.2,109.25,110.1,573910
2019-04-08,110.75,112.8,110.2,112.1,628227
2019-04-09,112.1,113.35,110.8,112.2,419535
2019-04-10,112.0,113.2,111.5,112.7,452826
2019-04-11,113.2,113.9,111.55,112.15,346041
2019-04-12,112.1,115.8,112.1,114.6,1006284
2019-04-15,115.35,115.35,113.3,114.1,355689
2019-04-16,114.4,114.8,113.3,113.95,367684
2019-04-18,116.0,116.4,112.1,113.95,758332
2019-04-22,113.95,120.4,112.75,117.25,1703312
2019-04-23,117.7,118.75,114.4,115.55,755307
2019-04-24,116.0,118.0,114.5,115.9,653730
2019-04-25,116.25,117.0,113.65,114.85,509371
2019-04-26,115.0,116.4,113.5,113.8,442138
2019-04-30,114.2,115.3,111.55,112.15,407228
2019-05-02,112.0,114.45,110.6,111.2,319506
2019-05-03,111.0,113.8,111.0,113.35,347484
2019-05-06,112.7,114.6,111.45,112.15,516304
2019-05-07,111.2,117.25,110.1,111.0,965666
2019-05-08,111.9,112.9,108.0,108.85,842868
2019-05-09,109.0,115.5,108.3,113.6,2855845
2019-05-10,113.9,115.1,108.55,110.15,1935987
2019-05-13,110.1,112.9,108.35,109.65,1407739
2019-05-14,108.5,110.9,108.35,110.2,608880
2019-05-15,109.7,111.55,109.7,110.35,273236
2019-05-16,110.5,111.05,106.95,107.4,445547
2019-05-17,107.25,109.4,104.6,105.85,1064640
2019-05-20,107.9,109.2,107.35,108.05,486247
2019-05-21,107.6,111.0,107.6,108.1,507219
2019-05-22,108.25,109.0,105.7,106.65,431872
2019-05-23,107.8,109.35,105.1,106.5,442835
2019-05-24,106.8,113.5,106.8,110.7,828164
2019-05-27,113.0,114.0,111.1,111.9,386549
2019-05-28,112.4,115.25,112.4,114.8,808514
2019-05-29,114.0,114.85,112.5,113.25,277702
2019-05-30,112.85,114.4,109.7,112.6,277333
2019-05-31,113.0,114.25,108.75,110.6,331821
2019-06-03,110.5,110.9,108.45,110.1,338710
2019-06-04,110.0,111.1,109.1,109.7,180533
2019-06-06,109.35,110.4,107.9,108.8,178360
2019-06-07,108.8,109.45,104.7,105.8,382995
2019-06-10,106.2,107.95,106.0,107.15,287768
2019-06-11,106.85,106.95,104.6,105.25,354606
2019-06-12,104.8,105.75,103.5,104.75,313866
2019-06-13,104.4,105.05,101.0,102.45,557115
2019-06-14,102.4,103.4,100.1,101.15,254815
2019-06-17,100.5,101.0,96.25,97.0,448393
2019-06-18,97.0,97.0,90.2,91.2,706705
2019-06-19,91.4,99.85,90.5,93.4,1750218
2019-06-20,93.4,95.0,91.4,93.9,583267
2019-06-21,93.5,94.2,92.5,93.15,384152
2019-06-24,93.0,96.5,93.0,95.7,496554
2019-06-25,95.45,98.4,94.0,97.65,318838
2019-06-26,96.95,97.95,96.1,97.05,242894
2019-06-27,97.5,98.5,95.6,95.95,340983
2019-06-28,96.0,97.9,95.05,96.8,221390
2019-07-01,97.0,97.8,95.85,97.3,166396
2019-07-02,96.9,97.85,95.5,96.65,188872
2019-07-03,96.65,99.8,96.1,99.4,371103
2019-07-04,99.5,102.1,98.5,100.25,317636
2019-07-05,101.4,101.4,98.55,99.2,296494
2019-07-08,98.75,99.0,94.5,94.95,375137
2019-07-09,94.8,97.25,93.5,96.65,325580
2019-07-10,96.15,97.55,94.1,95.1,333825
2019-07-11,95.8,95.8,92.7,93.15,366849
2019-07-12,93.8,94.95,92.7,94.4,214173
2019-07-15,93.9,97.3,93.5,95.85,291878
2019-07-16,95.05,95.5,93.75,94.05,193105
2019-07-17,94.65,95.5,93.55,94.7,228203
2019-07-18,94.05,95.0,93.1,93.55,143061
2019-07-19,94.5,94.5,87.5,88.0,574406
2019-07-22,89.0,89.0,84.9,85.4,430549
2019-07-23,85.9,87.0,84.2,86.1,330155
2019-07-24,86.8,86.8,84.9,86.1,277489
2019-07-25,86.8,86.8,84.35,84.8,382611
2019-07-26,85.7,86.4,84.0,85.75,313196
2019-07-29,85.75,92.5,85.75,91.15,1138681
2019-07-30,91.1,97.4,87.0,90.1,5453283
2019-07-31,90.75,92.9,89.6,90.9,903180
2019-08-01,91.65,92.4,90.3,91.6,660106
2019-08-02,91.6,93.8,89.1,92.65,512643
2019-08-05,92.9,92.9,88.85,89.6,725978
2019-08-06,89.55,92.4,89.25,92.1,517772
2019-08-07,93.2,94.9,92.5,93.65,634085
2019-08-08,93.6,98.35,92.1,97.4,1054285
2019-08-09,98.5,99.6,95.8,96.45,485406
2019-08-13,95.0,97.0,92.4,93.4,317979
2019-08-14,95.2,95.2,91.3,93.05,383623
2019-08-16,93.1,95.5,92.0,93.9,395579
2019-08-19,93.35,95.35,93.05,94.8,288047
2019-08-20,94.8,95.45,93.0,93.5,232692
2019-08-21,93.95,94.35,90.25,91.6,375145
2019-08-22,91.45,92.6,87.95,88.55,443983
2019-08-23,88.55,89.85,87.0,87.95,379713
2019-08-26,90.9,92.4,86.3,91.75,710577
2019-08-27,92.05,94.25,91.05,93.25,304907
2019-08-28,93.0,93.5,91.55,92.85,391959
2019-08-29,93.0,93.0,90.45,90.95,314488
2019-08-30,91.0,91.6,89.5,90.45,249990
2019-09-03,90.0,91.45,89.4,90.1,246718
2019-09-04,90.1,93.2,90.0,91.65,418627
2019-09-05,91.2,93.05,91.2,92.1,162072
2019-09-06,91.7,93.75,91.15,92.45,306769
2019-09-09,93.0,94.8,91.5,92.9,340170
2019-09-11,94.05,99.6,93.1,99.0,797215
2019-09-12,99.8,105.9,99.6,104.0,1843233
2019-09-13,104.15,104.4,100.5,102.65,414186
2019-09-16,102.0,104.5,101.4,103.95,591936
2019-09-17,104.1,106.45,102.2,104.25,817914
2019-09-18,105.3,108.3,103.05,106.8,1036014
2019-09-19,106.75,106.8,103.6,104.6,441488
2019-09-20,102.15,108.95,102.15,107.25,1091564
2019-09-23,108.0,109.75,105.9,107.05,596111
2019-09-24,106.0,107.75,102.8,103.1,738906
2019-09-25,103.15,104.0,100.1,101.75,278607
2019-09-26,102.95,103.0,101.5,102.75,199742
2019-09-27,102.0,102.85,100.85,102.05,204819
2019-09-30,103.0,106.0,100.2,104.7,951732
2019-10-01,106.05,109.4,103.05,104.85,1410549
2019-10-03,103.5,104.9,102.0,103.3,243660
2019-10-04,102.3,105.5,102.3,104.65,329825
2019-10-07,105.0,105.55,102.9,104.05,1094700
2019-10-09,104.0,105.1,101.4,101.8,308826
2019-10-10,101.5,103.0,99.05,102.75,294009
2019-10-11,102.6,102.6,100.5,101.1,220761
2019-10-14,101.25,103.2,100.15,100.35,447115
2019-10-15,100.9,100.95,96.15,96.8,317694
2019-10-16,96.8,98.5,96.8,97.25,218812
2019-10-17,97.25,98.3,95.0,97.8,348951
2019-10-18,97.8,102.4,97.3,101.5,416701
2019-10-22,102.9,119.85,102.55,114.3,8718050
2019-10-23,116.0,118.8,113.2,115.7,2383219
2019-10-24,117.2,125.8,117.0,124.35,5807745
2019-10-25,125.05,129.25,122.1,124.2,2687410
2019-10-27,124.75,126.9,124.2,125.7,365443
2019-10-29,126.0,131.85,126.0,129.1,2575039
2019-10-30,129.0,133.75,126.5,129.25,1838460
2019-10-31,129.25,130.5,124.25,125.25,954336
2019-11-01,125.0,127.4,119.05,121.15,885497
2019-11-04,121.0,125.9,121.0,123.4,1069250
2019-11-05,123.4,123.75,118.8,119.65,762432
2019-11-06,123.0,123.0,118.0,118.9,874285
2019-11-07,119.05,122.0,118.3,119.9,577518
2019-11-08,120.55,128.2,119.0,120.1,2750197
2019-11-11,120.1,123.3,120.0,121.1,1149196
2019-11-13,120.3,121.95,117.0,119.15,819857
2019-11-14,119.8,125.0,118.1,124.0,1310083
2019-11-15,124.85,126.2,122.5,123.5,1049656
2019-11-18,123.0,129.35,123.0,128.25,1935072
2019-11-19,128.6,129.7,126.6,128.55,1233934
2019-11-20,129.0,133.9,128.7,129.15,2171620
2019-11-21,129.2,132.3,128.6,130.7,1432125
2019-11-22,131.0,131.8,129.1,130.85,1426134
2019-11-25,131.0,133.75,130.0,131.3,1143128
2019-11-26,131.0,131.8,125.5,125.85,1170410
2019-11-27,127.5,129.9,126.35,127.9,1323394
2019-11-28,135.0,135.9,128.2,129.35,3886838
2019-11-29,129.2,132.1,126.0,127.75,1777161
2019-12-02,128.35,128.5,119.0,123.45,1856346
2019-12-03,123.85,128.45,123.1,127.65,914412
2019-12-04,126.5,128.0,125.1,127.2,958398
2019-12-05,127.6,128.2,125.85,127.15,1020225
2019-12-06,127.0,130.0,120.55,121.5,2665285
2019-12-09,121.65,124.2,118.85,122.35,1067602
2019-12-10,122.7,125.5,121.4,124.9,1670039
2019-12-11,124.6,126.0,122.8,125.0,904301
2019-12-12,124.5,130.0,124.1,129.5,1741922
2019-12-13,129.9,133.0,128.55,131.0,1659177
2019-12-16,132.2,133.4,129.9,130.65,1326115
2019-12-17,130.9,131.0,125.3,126.35,1027005
2019-12-18,126.95,128.5,126.35,128.05,340697
2019-12-19,127.9,131.2,126.2,128.15,398659
2019-12-20,128.0,128.9,125.6,126.0,313227
2019-12-23,126.95,128.25,125.6,127.15,391211
2019-12-24,126.9,129.3,126.0,126.35,564653
2019-12-26,127.1,127.45,122.25,122.9,582363
2019-12-27,124.0,125.2,122.9,123.75,465002
2019-12-30,124.1,125.45,123.55,124.9,245001
