date,open,high,low,close,volume
2009-03-05,23.83,24.07,22.98,23.2,1918264
2009-03-06,22.05,23.88,21.67,23.52,3521976
2009-03-09,22.75,23.69,22.65,22.77,2043612
2009-03-12,22.95,23.75,22.25,22.42,4917280
2009-03-13,21.77,24.38,21.77,24.05,5990144
2009-03-16,23.76,25.63,23.76,25.42,6483452
2009-03-17,25.52,26.21,24.79,25.27,4460136
2009-03-18,25.75,26.49,25.5,25.69,7707068
2009-03-19,25.5,26.29,25.4,26.14,3642492
2009-03-20,25.52,26.29,25.52,26.07,1701108
2009-03-23,25.32,26.42,25.32,25.99,5485608
2009-03-24,25.76,26.38,25.76,26.13,5627024
2009-03-25,25.5,26.29,25.5,25.96,4283216
2009-03-26,25.85,26.46,25.0,25.33,9904404
2009-03-27,24.77,26.32,24.77,26.23,5621616
2009-03-30,25.32,26.27,24.75,24.94,3680368
2009-03-31,25.0,25.85,24.52,25.51,3176000
2009-04-01,25.14,25.75,24.88,25.19,5233928
2009-04-02,25.04,27.35,25.04,26.74,12709888
2009-04-06,27.77,30.6,27.63,27.96,14416508
2009-04-08,27.8,31.38,25.77,31.08,23110468
2009-04-09,29.5,32.0,29.5,30.55,7046748
2009-04-13,31.75,32.49,30.35,32.03,5519532
2009-04-15,32.09,33.47,30.25,32.94,7545612
2009-04-16,32.63,33.6,30.27,30.54,4704744
2009-04-17,29.67,33.58,29.67,32.25,8198092
2009-04-20,32.25,35.88,32.25,34.22,16289036
2009-04-21,33.24,35.2,32.64,34.53,8430680
2009-04-22,33.38,34.42,30.95,31.26,14810136
2009-04-23,30.0,32.63,29.51,32.03,12245428
2009-04-24,33.5,33.5,31.08,31.73,6671740
2009-04-27,32.24,32.24,30.0,31.9,3246684
2009-04-28,32.92,32.92,30.17,31.51,4501948
2009-04-29,32.24,32.69,31.0,32.47,7973928
2009-05-04,32.64,40.45,32.64,38.56,13716812
2009-05-05,35.25,39.9,35.25,37.89,9286884
2009-05-06,37.67,38.85,36.42,36.88,5822228
2009-05-07,37.0,38.72,34.14,37.53,12784156
2009-05-08,36.88,38.13,36.0,37.16,5395688
2009-05-11,36.26,37.25,35.03,35.41,4020088
2009-05-12,35.38,36.75,34.63,36.22,5856856
2009-05-13,36.19,36.47,34.06,34.69,7900428
2009-05-14,34.5,35.88,33.25,35.47,5156124
2009-05-15,35.81,38.35,35.81,36.94,12511968
2009-05-18,42.0,47.7,40.25,41.5,12380
2009-05-19,41.25,43.72,35.0,39.75,10479000
2009-05-20,40.0,42.25,39.5,41.7,6113832
2009-05-21,42.49,43.25,40.28,40.78,3576928
2009-05-22,41.25,42.2,39.83,41.72,4355480
2009-05-25,42.5,42.5,40.66,40.97,3057460
2009-05-26,41.08,42.25,39.25,40.08,3040132
2009-05-27,40.97,44.0,40.67,43.74,7749952
2009-05-28,44.25,44.97,42.78,43.64,6544316
2009-05-29,44.3,44.75,41.25,41.72,6876748
2009-06-01,43.0,44.22,42.33,42.7,4992988
2009-06-02,43.25,45.24,41.26,44.63,8537508
2009-06-03,45.67,45.67,42.39,43.16,7132240
2009-06-04,43.16,44.17,42.81,43.53,3862624
2009-06-05,43.99,44.47,43.0,43.74,3643360
2009-06-08,43.78,45.34,42.51,43.13,4363588
2009-06-09,42.17,49.17,41.8,48.59,12562636
2009-06-10,49.06,53.24,49.03,50.95,12609688
2009-06-11,51.3,51.91,48.76,49.16,5287256
2009-06-12,49.6,51.53,47.75,49.2,5743492
2009-06-15,48.78,50.88,47.53,50.14,5712784
2009-06-16,48.75,52.75,48.5,52.24,8383456
2009-06-17,51.75,52.75,48.01,49.01,4442428
2009-06-18,49.01,51.25,46.44,47.22,4637756
2009-06-19,48.7,48.7,46.39,48.0,2648988
2009-06-22,48.0,49.86,45.63,46.34,3508476
2009-06-23,46.0,48.25,44.5,47.7,3407152
2009-06-24,48.0,48.5,46.88,47.78,4110800
2009-06-25,48.88,49.95,45.75,46.6,8076164
2009-06-26,46.95,48.49,46.31,47.95,2816356
2009-06-29,48.75,49.15,47.15,47.92,2700520
2009-06-30,48.38,48.61,46.09,46.49,2288568
2009-07-01,46.5,48.2,46.13,47.5,2213968
2009-07-02,47.03,48.03,46.65,47.76,1959064
2009-07-03,46.88,48.5,46.88,47.84,1734260
2009-07-06,49.67,49.67,46.25,46.86,3544428
2009-07-07,47.5,48.47,45.28,45.99,3594444
2009-07-08,44.31,46.61,41.83,42.15,4529288
2009-07-09,40.56,44.88,40.56,44.26,3805888
2009-07-10,43.31,47.4,43.31,44.17,7591780
2009-07-13,42.53,46.5,42.53,45.67,3073320
2009-07-14,45.76,48.63,45.76,47.64,2698240
2009-07-15,48.06,49.47,48.06,48.72,8041864
2009-07-16,49.97,50.7,46.75,48.56,3312256
2009-07-17,49.5,54.7,48.78,53.86,8387992
2009-07-20,56.0,59.72,52.75,58.44,14653692
2009-07-21,59.97,59.97,56.67,57.38,5946176
2009-07-22,59.0,59.0,53.55,54.03,3931732
2009-07-23,56.2,56.55,54.13,56.22,3639832
2009-07-24,57.5,59.5,55.0,58.63,4505396
2009-07-27,55.16,62.13,55.16,59.72,4887424
2009-07-28,60.33,61.5,58.44,60.39,5321708
2009-07-29,60.6,62.5,58.5,58.9,5912216
2009-07-30,58.5,62.22,58.0,61.49,7090956
2009-07-31,61.81,64.25,59.64,60.25,6463152
2009-08-03,60.5,64.0,60.5,63.6,4354844
2009-08-04,64.93,64.93,62.3,63.11,5040300
2009-08-05,63.0,64.22,61.0,63.81,5031596
2009-08-06,64.18,64.9,59.78,61.14,6147132
2009-08-07,61.25,63.17,60.03,61.09,4758956
2009-08-10,61.53,62.97,60.53,61.31,3455716
2009-08-11,62.42,65.47,61.63,64.96,6098260
2009-08-12,64.25,66.68,61.51,65.59,6373328
2009-08-13,66.24,71.24,65.05,70.69,11128040
2009-08-14,70.74,70.74,66.82,67.53,8680480
2009-08-17,67.55,68.47,64.44,65.1,6432820
2009-08-18,65.25,66.5,62.75,64.35,7413284
2009-08-19,65.0,65.72,61.74,62.44,4614964
2009-08-20,63.26,64.66,62.9,63.69,3443168
2009-08-21,63.75,70.63,62.6,69.88,14961448
2009-08-24,71.25,73.45,70.25,72.5,9718788
2009-08-25,73.95,79.97,73.0,76.8,22202320
2009-08-26,77.0,78.75,74.76,75.45,13101764
2009-08-27,72.5,78.74,72.5,78.22,14125844
2009-08-28,77.5,78.75,76.0,76.61,5732464
2009-08-31,75.0,76.61,73.91,75.0,4649232
2009-09-01,74.75,76.25,72.5,74.4,5393396
2009-09-02,73.5,78.24,73.44,77.28,9144004
2009-09-03,76.75,78.0,75.05,75.66,4892016
2009-09-04,75.0,77.0,75.0,76.22,3664020
2009-09-07,76.6,78.19,76.6,77.66,4183804
2009-09-08,77.5,79.5,76.57,76.91,4380860
2009-09-09,77.25,78.35,76.5,77.18,3013384
2009-09-10,77.55,79.0,77.04,77.36,4941920
2009-09-11,78.0,78.75,77.28,78.22,3099388
2009-09-14,77.5,79.0,76.75,78.24,2694984
2009-09-15,78.39,79.13,78.29,78.57,1873880
2009-09-16,79.13,81.38,78.8,80.39,5765176
2009-09-17,82.49,88.05,81.14,85.66,24765740
2009-09-18,85.88,87.2,83.25,84.76,7469476
2009-09-22,83.76,86.7,83.0,85.74,4132592
2009-09-23,86.25,86.25,82.75,83.3,2370688
2009-09-24,82.25,87.25,80.0,86.72,13917048
2009-09-25,86.0,86.0,83.3,83.86,3128436
2009-09-29,86.0,86.24,83.51,83.78,3861924
2009-09-30,84.5,86.0,83.79,85.2,3172536
2009-10-01,85.5,86.45,83.75,84.1,4667348
2009-10-05,83.0,85.16,82.8,83.72,3656416
2009-10-06,84.5,84.72,77.59,79.24,10937168
2009-10-07,80.66,80.75,76.32,77.3,5659344
2009-10-08,75.97,78.0,74.0,74.6,7231536
2009-10-09,75.5,77.38,73.79,74.3,7902636
2009-10-12,72.51,76.0,72.51,75.51,6491716
2009-10-14,76.25,77.25,75.65,76.1,3094008
2009-10-15,76.0,76.89,75.0,75.4,2541316
2009-10-16,75.75,76.49,74.82,75.3,2042484
2009-10-17,74.01,76.4,74.01,75.44,536412
2009-10-20,76.13,78.72,75.38,77.85,5753140
2009-10-21,78.0,81.86,78.0,80.35,10759608
2009-10-22,80.75,82.78,80.03,81.79,7901052
2009-10-23,80.29,83.88,80.29,81.55,3626380
2009-10-26,82.0,83.22,80.26,81.95,2341724
2009-10-27,80.54,82.47,79.5,80.0,2847776
2009-10-28,79.0,81.47,77.5,78.34,5327348
2009-10-29,77.5,82.38,76.1,77.6,10189216
2009-10-30,79.43,79.86,75.84,76.57,4640940
2009-11-03,75.63,77.47,68.75,70.57,5975400
2009-11-04,72.0,73.63,70.53,71.95,6988548
2009-11-05,72.0,76.25,70.03,75.39,4887032
2009-11-06,76.0,78.25,75.89,76.32,3391164
2009-11-09,75.07,78.84,75.07,78.01,2927316
2009-11-10,83.0,83.0,75.76,76.35,3048056
2009-11-11,77.0,80.97,76.04,80.69,3781292
2009-11-12,79.88,84.38,79.5,83.34,7048844
2009-11-13,83.97,85.74,83.75,84.18,5504744
2009-11-16,84.18,84.97,82.29,83.16,3111928
2009-11-17,75.28,84.74,75.28,84.25,3012456
2009-11-18,84.22,86.15,83.29,84.94,3603468
2009-11-19,85.0,86.0,80.03,82.04,3806712
2009-11-20,80.29,82.44,80.0,81.53,3640296
2009-11-23,80.88,86.25,80.88,85.9,7019460
2009-11-24,86.88,87.2,83.66,84.93,5470432
2009-11-25,83.09,86.99,83.09,85.65,4426224
2009-11-26,84.09,88.99,82.82,84.18,4357576
2009-11-27,84.43,84.43,80.0,82.74,2192060
2009-11-30,81.29,85.63,81.29,84.28,2433676
2009-12-01,84.99,86.22,84.3,85.15,2792668
2009-12-02,83.32,85.22,81.78,82.36,4239120
2009-12-03,81.97,84.38,80.82,83.82,3321196
2009-12-04,82.54,85.43,82.54,84.97,4725020
2009-12-07,83.07,86.95,83.07,86.49,5985100
2009-12-08,86.75,87.5,86.0,87.26,6397040
2009-12-09,88.5,89.55,86.6,88.86,10189720
2009-12-10,89.63,89.63,86.8,87.54,5052532
2009-12-11,88.2,88.75,86.54,86.88,6302424
2009-12-14,87.0,87.75,85.14,85.66,2643576
2009-12-15,85.5,86.84,84.03,84.72,3329288
2009-12-16,84.47,86.5,83.19,86.07,3056560
2009-12-17,97.0,97.0,85.63,89.53,9007472
2009-12-18,90.0,91.9,89.57,91.32,8716788
2009-12-21,91.5,92.93,88.5,89.05,5273356
2009-12-22,89.0,90.32,87.71,89.9,3308812
2009-12-23,90.25,93.45,90.25,92.82,5432228
2009-12-24,92.97,94.25,92.15,93.72,4767984
2009-12-29,93.75,94.25,92.53,93.15,2451756
2009-12-30,91.32,93.85,91.32,92.91,2271912
2009-12-31,93.0,93.72,92.5,92.82,3645176
2010-01-04,93.57,93.75,92.01,92.78,1632148
2010-01-05,93.13,95.25,92.64,94.86,5037896
2010-01-06,95.03,95.72,91.25,92.0,3992320
2010-01-07,92.97,92.97,89.8,90.04,3665940
2010-01-08,90.75,90.75,87.32,87.94,6241492
2010-01-11,87.95,90.38,87.95,88.82,5742332
2010-01-12,89.25,93.45,88.75,91.96,9051468
2010-01-13,91.96,94.75,90.03,94.49,8064504
2010-01-14,94.97,95.94,91.4,92.53,7763244
2010-01-15,92.88,93.47,91.54,92.35,2749332
2010-01-18,91.75,94.5,91.75,94.14,3042216
2010-01-19,94.25,94.97,92.5,94.2,3261340
2010-01-20,94.59,96.22,93.57,95.25,10776300
2010-01-21,95.35,96.7,91.64,92.63,4222980
2010-01-22,92.19,97.22,88.76,95.66,7577756
2010-01-25,94.54,94.54,89.1,90.3,8465164
2010-01-27,88.5,90.3,81.29,82.55,6186612
2010-01-28,83.75,88.25,83.53,86.84,10141268
2010-01-29,83.04,88.5,79.72,86.7,7860892
2010-02-01,86.0,88.5,84.04,86.93,2949960
2010-02-02,88.25,89.75,84.25,85.54,5268412
2010-02-03,86.74,87.68,85.82,87.24,2227660
2010-02-04,85.14,86.94,83.29,84.29,3451708
2010-02-05,79.39,85.72,79.39,84.29,4273852
2010-02-06,85.25,85.5,84.29,84.86,344200
2010-02-08,85.5,86.36,83.22,85.4,1881576
2010-02-09,86.0,87.5,85.0,86.69,3087216
2010-02-10,86.75,88.19,86.51,87.03,3792096
2010-02-11,87.25,88.5,86.8,87.21,1640296
2010-02-15,88.0,91.22,88.0,90.35,8256392
2010-02-16,90.64,91.28,88.75,90.18,4087456
2010-02-17,90.5,91.0,89.5,90.45,1608804
2010-02-18,91.2,91.2,89.28,90.18,1747308
2010-02-19,89.78,92.2,88.76,90.72,4792680
2010-02-22,91.75,92.94,90.5,91.04,3657652
2010-02-23,90.5,91.94,90.0,90.76,1899780
2010-02-24,90.0,92.47,90.0,91.36,2729800
2010-02-25,91.68,92.5,89.82,91.93,3227700
2010-02-26,91.03,92.47,89.68,91.78,4111692
2010-03-02,91.78,92.74,90.51,91.21,2625736
2010-03-03,91.5,92.72,90.76,91.07,3442980
2010-03-04,96.25,96.25,89.75,90.57,1147552
2010-03-05,90.75,91.75,89.25,89.8,1601164
2010-03-08,90.07,90.82,89.5,89.85,1520876
2010-03-09,89.85,90.8,89.28,90.34,1622728
2010-03-10,90.34,90.93,88.65,89.51,1840376
2010-03-11,87.89,90.47,87.89,90.1,1722136
2010-03-12,90.03,90.75,89.78,90.14,1397268
2010-03-15,89.25,92.7,89.25,92.29,4347644
2010-03-16,92.5,94.22,92.5,93.28,4783784
2010-03-17,93.85,95.82,93.25,95.43,4322856
2010-03-18,95.43,95.75,93.41,93.96,1492656
2010-03-19,94.25,94.5,93.01,93.51,1220236
2010-03-22,92.99,93.4,91.75,92.26,1303836
2010-03-23,91.91,92.88,91.13,91.78,1598484
2010-03-25,91.78,94.25,90.5,93.14,5691200
2010-03-26,93.54,93.91,92.13,92.69,1487064
2010-03-29,92.03,93.63,90.44,92.64,1587440
2010-03-30,93.0,93.0,89.34,89.82,2303860
2010-03-31,90.0,91.24,87.82,89.6,3929348
2010-04-01,90.0,91.0,88.75,89.24,3650020
2010-04-05,90.0,90.45,88.8,90.2,2926064
2010-04-06,90.32,90.69,86.36,86.72,6345844
2010-04-07,85.5,87.5,85.0,86.64,4959816
2010-04-08,86.75,88.22,85.89,86.28,5187916
2010-04-09,87.5,87.5,85.53,85.9,5949028
2010-04-12,87.0,87.13,85.29,86.25,3059500
2010-04-13,87.0,89.75,85.03,89.19,6427252
2010-04-15,89.5,90.82,88.5,89.18,6326792
2010-04-16,88.5,89.47,87.39,87.93,2701984
2010-04-19,87.13,88.0,85.75,87.22,2970428
2010-04-20,88.0,88.38,85.88,86.34,3590828
2010-04-21,87.0,93.75,85.91,93.47,18467224
2010-04-22,93.75,96.38,92.28,95.61,14995168
2010-04-23,96.25,97.5,93.57,96.95,10315716
2010-04-26,97.25,98.44,95.88,97.75,6461292
2010-04-27,97.68,97.75,95.43,96.99,2942928
2010-04-28,94.59,97.25,94.59,96.54,2394916
2010-04-29,96.75,97.1,95.51,96.36,3171036
2010-04-30,95.36,99.5,95.36,98.61,6177432
2010-05-03,97.5,98.55,96.29,97.35,3384636
2010-05-04,97.75,100.5,97.75,99.59,7590168
2010-05-05,98.75,102.13,97.5,101.26,8741572
2010-05-06,101.63,101.96,98.3,99.97,3278216
2010-05-07,98.54,98.75,95.32,96.39,4836172
2010-05-10,99.5,100.82,97.34,99.64,3456488
2010-05-11,102.5,102.5,96.5,96.88,2129220
2010-05-12,97.46,98.63,96.25,98.2,2544240
2010-05-13,98.0,100.2,98.0,99.66,2607520
2010-05-14,99.13,102.25,98.75,101.35,4424652
2010-05-17,101.1,101.1,98.0,98.59,1680680
2010-05-18,99.5,100.65,98.25,99.05,1734936
2010-05-19,98.5,98.5,90.99,92.96,4938020
2010-05-20,94.68,94.68,89.2,90.35,2860888
2010-05-21,89.6,93.07,87.28,91.86,4330116
2010-05-24,91.86,93.75,89.44,92.75,2426668
2010-05-25,93.0,94.71,87.82,88.75,2231980
2010-05-26,90.63,93.25,89.03,91.63,2164260
2010-05-27,94.0,94.0,90.25,92.54,1700172
2010-05-28,93.0,94.88,92.5,94.28,2102408
2010-05-31,93.97,96.96,91.32,95.59,3761460
2010-06-01,95.75,95.75,90.4,91.24,1299020
2010-06-02,91.63,93.7,91.5,92.47,1991792
2010-06-03,96.0,99.35,93.55,94.65,1413076
2010-06-04,93.75,97.13,93.75,96.72,1959048
2010-06-07,95.5,95.5,92.53,93.43,1269104
2010-06-08,93.75,94.45,91.13,91.26,2222048
2010-06-09,91.0,91.97,89.78,90.96,1509960
2010-06-10,91.45,92.11,90.04,91.72,1627448
2010-06-11,93.5,93.5,91.82,92.4,904312
2010-06-14,93.0,95.74,92.47,95.14,3838884
2010-06-15,95.74,97.85,94.07,96.14,4427544
2010-06-16,97.22,97.22,95.01,95.61,1505904
2010-06-17,95.61,97.5,93.75,96.41,1479160
2010-06-18,95.01,99.5,95.01,97.32,6824788
2010-06-21,97.5,98.2,96.09,97.07,3389428
2010-06-22,97.0,98.84,94.38,95.01,3639224
2010-06-23,94.38,95.49,92.55,93.19,3767840
2010-06-24,92.2,92.5,88.25,91.04,29461428
2010-06-25,90.57,90.7,88.79,89.63,7822984
2010-06-28,90.0,90.66,89.3,90.51,3441680
2010-06-29,90.0,91.25,89.28,90.15,4653972
2010-06-30,89.72,91.63,88.9,91.04,4196660
2010-07-01,91.0,91.38,89.66,90.85,2451500
2010-07-02,90.28,91.24,87.88,88.24,5959000
2010-07-05,87.75,89.68,87.75,88.82,1603712
2010-07-06,88.75,90.25,88.41,90.0,1845480
2010-07-07,90.0,90.38,88.75,89.04,2143340
2010-07-08,89.95,90.43,89.43,89.89,2582096
2010-07-09,90.0,91.18,89.82,90.32,4019368
2010-07-12,91.25,92.5,90.68,91.21,3859896
2010-07-13,92.0,92.0,89.05,90.21,3218068
2010-07-14,90.47,91.0,89.05,89.25,1972088
2010-07-15,89.86,89.86,89.07,89.41,1816936
2010-07-16,89.72,93.5,89.4,93.32,8399136
2010-07-19,92.5,95.0,91.65,94.57,4732324
2010-07-20,95.03,95.16,92.05,92.75,2098508
2010-07-21,93.25,93.57,92.01,92.86,2262252
2010-07-22,92.41,93.44,92.39,92.7,2922484
2010-07-23,93.75,94.45,92.93,93.2,2691788
2010-07-26,93.29,93.86,92.5,93.49,853800
2010-07-27,93.75,95.35,92.99,95.13,3693356
2010-07-28,95.63,96.0,92.59,93.14,3258296
2010-07-29,95.0,98.96,93.66,94.51,15329908
2010-07-30,94.5,98.5,94.5,98.05,10248516
2010-08-02,99.14,99.95,97.55,98.21,2705800
2010-08-03,98.25,98.8,97.03,98.2,2129332
2010-08-04,98.07,102.0,97.5,100.94,7891700
2010-08-05,101.59,104.29,101.25,103.59,10054828
2010-08-06,103.59,104.5,102.59,103.01,3400668
2010-08-09,102.95,104.5,101.65,104.04,2971760
2010-08-10,103.89,104.2,102.69,103.21,1574052
2010-08-11,102.5,103.46,100.91,101.68,2172020
2010-08-12,98.75,101.0,98.75,100.35,1787124
2010-08-13,100.35,103.86,100.35,102.76,3584140
2010-08-16,103.03,103.88,99.39,100.32,2284780
2010-08-17,102.18,102.18,98.64,99.09,2298644
2010-08-18,99.09,103.0,98.22,102.29,2945340
2010-08-19,102.29,103.24,101.0,101.53,1480288
2010-08-20,101.97,103.25,100.75,101.94,2230840
2010-08-23,102.26,103.04,101.3,102.28,1205292
2010-08-24,102.13,102.95,101.01,102.29,1441008
2010-08-25,102.25,103.69,100.82,102.39,4007504
2010-08-26,103.47,105.41,101.88,103.47,12596468
2010-08-27,103.47,103.47,100.0,100.84,2399616
2010-08-30,102.45,102.45,97.53,98.32,2679856
2010-08-31,98.25,99.25,94.61,95.64,5544012
2010-09-01,96.04,97.13,94.2,96.53,6853124
2010-09-02,98.5,101.35,96.63,100.97,5708704
2010-09-03,101.25,102.09,99.78,100.53,2794504
2010-09-06,100.75,102.0,100.1,101.46,2762144
2010-09-07,101.25,101.97,99.75,100.46,3199340
2010-09-08,99.79,101.69,99.53,101.44,3534212
2010-09-09,101.49,102.85,100.9,102.53,3217908
2010-09-13,103.44,103.7,102.0,102.64,1976264
2010-09-14,103.0,103.75,101.93,102.32,2007072
2010-09-15,102.0,106.18,94.36,105.7,6247968
2010-09-16,106.05,106.46,103.88,104.38,2061360
2010-09-17,104.38,105.75,104.3,104.82,2262320
2010-09-20,104.95,106.0,104.22,105.53,3099464
2010-09-21,105.75,107.5,104.0,107.07,6165932
2010-09-22,107.5,107.99,104.7,105.28,3836256
2010-09-23,103.75,106.0,100.28,102.88,2292356
2010-09-24,102.88,105.7,102.76,105.36,2952248
2010-09-27,105.38,106.5,103.89,104.41,2101788
2010-09-28,104.97,104.97,103.13,103.51,2947612
2010-09-29,104.38,105.38,103.44,104.3,2207600
2010-09-30,104.97,106.72,102.9,105.19,3811708
2010-10-01,105.63,108.21,105.15,107.72,4598816
2010-10-04,107.51,110.38,107.45,108.93,6559352
2010-10-05,109.13,110.85,107.65,108.26,3818352
2010-10-06,109.0,109.9,107.66,108.44,2079820
2010-10-07,108.5,109.45,106.85,107.45,1702752
2010-10-08,107.5,108.75,106.75,108.29,1224764
2010-10-11,109.0,109.18,106.53,107.69,1154308
2010-10-12,107.75,108.57,106.88,107.41,1295540
2010-10-13,107.5,111.75,106.55,111.07,6806636
2010-10-14,111.38,113.88,109.13,109.71,3558520
2010-10-15,110.5,112.05,107.5,107.85,2227200
2010-10-18,107.75,111.95,106.29,111.61,4066656
2010-10-19,111.75,112.0,108.54,109.82,2721300
2010-10-20,108.75,111.19,106.07,106.53,3060488
2010-10-21,106.5,107.2,105.13,105.9,4760728
2010-10-22,106.0,106.46,103.3,104.21,3430336
2010-10-25,104.64,106.38,104.34,106.14,1424816
2010-10-26,106.0,106.63,105.04,105.76,1594576
2010-10-27,105.03,105.88,103.76,104.32,1776400
2010-10-28,103.78,105.0,99.75,102.6,5889116
2010-10-29,102.14,102.25,100.25,100.95,3416932
2010-11-01,101.29,102.25,100.0,101.95,2884776
2010-11-02,101.95,102.25,100.28,101.51,2741284
2010-11-03,100.75,102.61,100.75,101.53,3960364
2010-11-04,101.25,104.0,101.25,103.01,4074184
2010-11-05,103.01,104.24,103.01,103.46,190944
2010-11-08,102.0,103.75,101.25,101.41,1955936
2010-11-09,101.75,102.0,100.57,101.21,2139344
2010-11-10,100.3,102.71,100.3,101.25,2578936
2010-11-11,102.0,102.0,100.5,100.66,1192016
2010-11-12,100.25,101.6,100.0,100.61,1358532
2010-11-15,100.0,101.85,98.14,101.09,2747656
2010-11-16,101.75,101.88,96.32,98.09,3156624
2010-11-18,101.18,101.18,97.5,98.36,1931828
2010-11-19,98.0,98.38,91.93,94.25,2843744
2010-11-22,94.53,98.24,92.76,97.57,3014880
2010-11-23,97.93,99.63,96.07,99.0,4664804
2010-11-24,98.0,99.13,97.01,97.63,3555456
2010-11-25,97.0,99.5,94.36,96.44,5205576
2010-11-26,97.0,99.88,95.78,98.0,4427316
2010-11-29,98.51,99.45,96.32,98.39,2234448
2010-11-30,97.0,101.5,96.88,100.94,2527028
2010-12-01,101.75,103.5,101.69,102.76,2189460
2010-12-02,104.38,105.09,102.5,104.82,3386256
2010-12-03,105.0,106.88,104.55,105.93,3734464
2010-12-06,106.25,107.75,105.0,106.54,3319000
2010-12-07,105.32,109.69,105.32,108.97,5127824
2010-12-08,108.25,108.9,106.91,108.26,4011780
2010-12-09,108.25,108.88,104.88,106.35,3422196
2010-12-10,106.0,109.5,105.0,107.95,3147728
2010-12-13,107.76,110.16,107.03,109.41,4003740
2010-12-14,109.25,111.24,105.28,110.88,4051028
2010-12-15,109.79,112.5,109.53,112.1,4830808
2010-12-16,110.89,112.88,110.89,112.25,4709040
2010-12-20,108.32,113.1,108.32,112.29,2379776
2010-12-21,112.94,113.72,112.14,113.22,2879908
2010-12-22,113.13,113.25,110.8,112.89,1977360
2010-12-23,113.5,114.63,112.28,114.4,3424088
2010-12-24,112.84,114.5,112.75,113.76,2114260
2010-12-27,114.43,114.43,112.7,113.15,938476
2010-12-28,112.82,115.01,112.32,114.88,1948436
2010-12-29,114.97,115.19,113.47,114.32,2315432
2010-12-30,114.38,115.01,113.28,114.86,3912636
2011-01-03,115.0,115.0,112.82,113.54,1763960
2011-01-04,113.75,115.99,112.97,115.29,2118248
2011-01-05,115.25,118.75,115.0,118.09,5206448
2011-01-06,118.59,120.36,118.51,119.43,3605056
2011-01-07,119.75,122.25,115.25,116.32,5623508
2011-01-10,116.59,118.65,114.75,116.22,2512036
2011-01-11,116.22,123.18,115.75,118.82,9608028
2011-01-12,119.25,121.25,116.69,119.16,5377136
2011-01-13,117.75,120.45,114.69,116.19,5567776
2011-01-14,115.75,120.0,115.59,117.65,3733116
2011-01-17,116.53,119.71,115.6,119.1,2836656
2011-01-18,119.5,123.75,119.5,122.19,4606684
2011-01-19,125.9,129.29,125.72,127.01,13229200
2011-01-20,125.5,128.5,123.8,127.71,9301052
2011-01-21,126.75,127.68,124.38,124.89,2748028
2011-01-24,127.5,128.13,125.57,127.04,4157024
2011-01-25,127.0,128.0,124.69,127.13,4004700
2011-01-27,127.0,128.5,125.85,126.39,4323848
2011-01-28,126.75,128.0,121.7,123.32,4540688
2011-01-31,121.15,123.43,119.5,122.69,3062924
2011-02-01,123.6,123.88,120.4,121.14,1960824
2011-02-02,124.09,125.86,121.41,124.55,3296436
2011-02-03,124.53,125.7,121.57,122.78,3492820
2011-02-04,123.0,123.0,119.5,120.09,3796984
2011-02-07,120.75,121.74,117.05,119.43,2543044
2011-02-08,119.5,119.97,115.54,116.36,3292400
2011-02-09,114.78,116.75,112.88,115.68,3295320
2011-02-10,115.5,119.68,115.21,117.44,3084956
2011-02-11,113.0,118.59,113.0,117.38,3752584
2011-02-14,117.55,122.47,116.25,120.57,4540248
2011-02-15,120.5,122.49,118.09,120.75,3449144
2011-02-16,121.46,121.46,117.76,118.44,2777548
2011-02-17,118.25,119.19,116.25,116.86,3841848
2011-02-18,117.32,117.5,112.88,114.4,10064364
2011-02-21,113.75,116.88,111.69,116.28,8976980
2011-02-22,115.25,116.1,113.53,115.0,4359160
2011-02-23,114.11,116.47,113.28,114.91,3250960
2011-02-24,114.5,115.88,106.38,110.22,16981564
2011-02-25,110.5,112.15,108.6,111.47,3191652
2011-02-28,111.82,115.5,108.75,110.61,2431036
2011-03-01,111.25,118.2,109.18,117.19,5109796
2011-03-03,115.05,116.25,113.28,115.11,3417636
2011-03-04,115.26,117.2,115.26,115.71,2473024
2011-03-07,114.38,115.38,111.82,112.97,3284216
2011-03-08,112.89,116.99,112.89,116.0,3639092
2011-03-09,115.44,117.38,114.9,116.13,1469756
2011-03-10,115.75,115.75,113.4,114.24,1916248
2011-03-11,113.03,114.5,111.88,113.72,1678540
2011-03-14,112.8,116.46,112.57,116.15,1579500
2011-03-15,113.5,115.0,111.14,113.88,3762616
2011-03-16,114.0,116.25,114.0,116.05,3145884
2011-03-17,115.0,116.44,113.18,114.46,4237992
2011-03-18,115.05,115.95,111.39,112.57,2974972
2011-03-21,112.84,113.9,112.15,112.74,1934844
2011-03-22,113.07,113.57,112.5,113.01,2459780
2011-03-23,112.96,114.45,112.55,113.61,3577348
2011-03-24,113.94,115.47,113.9,115.1,1647364
2011-03-25,115.03,119.71,115.03,117.82,4662664
2011-03-28,116.93,119.95,116.5,119.21,3615188
2011-03-29,119.75,120.75,118.51,120.0,3917004
2011-03-30,120.3,121.4,117.8,119.07,4872560
2011-03-31,119.01,121.25,116.2,119.49,6580500
2011-04-01,119.11,119.25,116.0,116.79,2213416
2011-04-04,117.0,122.22,117.0,121.3,3696084
2011-04-05,121.79,123.1,120.04,121.7,2153052
2011-04-06,121.75,124.18,121.0,122.93,5984004
2011-04-07,122.51,125.0,122.25,124.46,2383700
2011-04-08,124.5,125.75,120.9,121.19,1993212
2011-04-11,121.01,123.6,120.01,122.82,2426640
2011-04-13,121.64,125.94,121.64,124.32,3776508
2011-04-15,124.75,124.96,119.78,120.68,4065600
2011-04-18,120.82,123.75,115.03,115.76,4171144
2011-04-19,116.25,119.96,116.25,119.14,2245856
2011-04-20,125.38,131.5,125.38,130.71,27525060
2011-04-21,130.71,132.0,129.21,129.75,7735960
2011-04-25,123.26,130.37,123.26,128.77,3222984
2011-04-26,128.01,129.55,127.19,129.13,2516028
2011-04-27,129.99,129.99,128.46,129.01,1562236
2011-04-28,129.25,130.98,127.51,128.07,3764672
2011-04-29,128.13,131.1,128.0,130.3,3163448
2011-05-02,130.75,131.73,129.84,130.13,3676200
2011-05-03,129.13,129.99,127.47,128.75,3105704
2011-05-04,127.53,128.19,123.85,124.66,3550544
2011-05-05,122.75,124.94,122.53,124.11,4233320
2011-05-06,124.18,125.63,124.0,125.09,2380036
2011-05-09,124.38,127.22,124.25,124.85,2342984
2011-05-10,125.61,127.18,124.2,125.78,1853720
2011-05-11,125.4,126.95,125.4,126.34,856392
2011-05-12,123.25,127.05,123.25,126.22,5628568
2011-05-13,125.29,128.0,124.97,126.19,2843012
2011-05-16,126.0,126.32,124.4,124.9,1220572
2011-05-17,125.5,126.91,124.53,125.78,1817940
2011-05-18,126.5,126.5,125.38,126.03,3189328
2011-05-19,126.25,127.35,125.93,126.71,3443972
2011-05-20,126.88,126.88,125.18,126.49,901068
2011-05-23,125.5,125.99,122.78,123.41,874748
2011-05-24,122.51,123.6,120.55,122.71,2368548
2011-05-25,122.5,123.44,120.38,122.84,1819912
2011-05-26,122.51,125.41,122.15,124.82,3789232
2011-05-27,125.05,129.38,125.05,127.19,3230980
2011-05-30,127.22,128.75,126.09,127.21,1521540
2011-05-31,127.22,129.25,127.22,128.7,3966884
2011-06-01,127.85,129.0,127.25,128.6,1150796
2011-06-02,127.25,128.82,127.18,128.43,1230756
2011-06-03,128.01,129.38,127.22,128.09,1516668
2011-06-06,127.01,128.5,126.26,127.38,1141176
2011-06-07,126.01,128.74,126.01,127.95,1614776
2011-06-08,128.0,128.18,127.14,127.74,642400
2011-06-09,125.93,127.24,124.43,126.93,1814400
2011-06-10,126.0,127.14,125.28,125.71,720624
2011-06-13,125.25,126.5,124.13,125.09,1490548
2011-06-14,126.0,127.32,125.53,126.9,1209236
2011-06-15,126.25,127.35,124.53,124.8,1673208
2011-06-16,124.45,124.45,121.69,122.26,2491304
2011-06-17,122.01,123.32,118.75,119.99,3937452
2011-06-20,120.5,121.0,109.99,116.28,5147044
2011-06-21,117.25,117.25,112.99,116.26,5531680
2011-06-22,116.39,117.5,114.53,115.85,2097880
2011-06-23,115.32,118.53,114.79,117.66,2605116
2011-06-24,118.3,123.66,118.3,123.2,3968564
2011-06-27,121.57,124.13,121.55,122.59,1810108
2011-06-28,123.99,124.38,120.21,122.46,3530532
2011-06-29,123.43,123.97,121.04,122.2,2832376
2011-06-30,122.5,124.97,122.38,123.69,4528380
2011-07-01,123.91,125.88,123.75,124.05,1513268
2011-07-04,125.0,125.25,124.26,124.72,592820
2011-07-05,125.0,126.99,124.65,126.65,2149012
2011-07-06,126.8,128.1,125.5,125.85,1725576
2011-07-07,126.07,127.75,125.16,127.4,2041216
2011-07-08,127.5,128.12,125.26,125.57,1521372
2011-07-11,126.0,126.85,122.75,123.3,1420352
2011-07-12,122.25,123.6,120.74,122.89,4389860
2011-07-13,123.03,124.2,122.5,123.71,1499404
2011-07-14,122.8,124.0,122.32,123.05,1657744
2011-07-15,124.47,124.74,122.57,124.41,2487108
2011-07-18,125.0,127.0,124.7,126.07,2608212
2011-07-19,126.5,127.5,126.09,126.99,1621760
2011-07-20,127.14,127.5,123.0,124.9,1685428
2011-07-21,123.75,126.93,123.32,125.85,2077948
2011-07-22,125.79,126.88,125.46,126.22,4319188
2011-07-25,125.5,129.82,125.39,129.15,3081688
2011-07-26,128.38,130.25,127.5,128.79,2071188
2011-07-27,130.0,130.46,125.32,126.0,5040528
2011-07-28,123.25,123.75,121.45,122.75,6509136
2011-07-29,122.25,123.0,119.76,121.7,3671940
2011-08-01,121.78,123.71,120.43,121.51,3829676
2011-08-02,121.14,121.69,117.82,118.82,2993448
2011-08-03,117.51,118.72,115.53,118.15,3584764
2011-08-04,117.64,119.5,116.3,117.0,2134896
2011-08-05,114.5,114.5,106.75,110.86,6903112
2011-08-08,106.25,107.5,101.2,104.82,9761400
2011-08-09,99.79,107.03,99.75,103.29,8045204
2011-08-10,106.25,109.16,103.66,105.54,7931996
2011-08-11,103.25,106.0,102.13,103.16,4923744
2011-08-12,104.01,105.13,100.85,101.94,2984700
2011-08-16,102.49,104.25,102.28,102.97,1761964
2011-08-17,101.41,106.5,101.41,105.8,2447900
2011-08-18,105.5,106.2,97.88,99.2,6360328
2011-08-19,97.5,98.97,91.43,98.0,9753844
2011-08-22,97.57,98.45,94.01,96.79,4102364
2011-08-23,97.16,99.93,94.75,99.25,7282896
2011-08-24,98.5,99.39,96.03,96.8,2823672
2011-08-25,96.82,97.38,91.85,93.09,8383976
2011-08-26,92.25,93.75,90.0,90.7,3701356
2011-08-29,91.5,98.18,91.5,97.61,4234224
2011-08-30,99.5,103.75,97.05,102.74,7429880
2011-09-02,102.25,102.25,98.04,99.25,5385900
2011-09-05,99.25,99.25,94.57,96.01,8449072
2011-09-06,95.95,99.25,95.16,98.68,6434680
2011-09-07,99.25,102.66,98.96,101.64,7472232
2011-09-08,102.5,104.68,102.29,102.84,4858472
2011-09-09,103.72,104.82,100.36,101.5,5014184
2011-09-12,99.61,99.61,93.75,94.41,5684324
2011-09-13,95.25,98.0,93.0,94.88,6802736
2011-09-14,95.75,99.7,95.53,98.8,5868676
2011-09-15,100.96,101.03,97.53,100.79,4276116
2011-09-16,101.3,102.32,95.54,96.46,4990712
2011-09-19,96.47,98.35,94.85,98.09,3016616
2011-09-20,98.15,101.2,97.38,100.8,3874724
2011-09-21,101.69,102.72,100.28,101.28,4344900
2011-09-22,99.0,99.97,94.68,95.69,3468008
2011-09-23,94.66,98.36,94.66,97.01,4613364
2011-09-26,97.5,97.54,95.1,96.43,2497756
2011-09-27,97.5,99.24,97.5,98.34,1864124
2011-09-28,99.25,102.43,99.25,101.75,7975044
2011-09-29,101.75,103.32,100.5,102.54,8327164
2011-09-30,102.75,103.99,101.5,102.29,3949976
2011-10-03,101.25,102.0,98.28,100.2,2618240
2011-10-04,98.85,100.07,96.63,98.07,3983220
2011-10-05,98.53,100.21,97.51,98.84,3405980
2011-10-07,101.75,104.0,100.5,101.34,4515436
2011-10-10,101.03,103.75,101.03,103.47,3313680
2011-10-11,104.91,105.7,100.28,100.82,5326780
2011-10-12,102.55,105.97,102.55,104.8,11281516
2011-10-13,105.91,108.5,105.15,106.64,8133448
2011-10-14,106.49,110.89,106.49,110.1,8689808
2011-10-17,110.75,111.25,108.03,110.03,4408396
2011-10-18,104.7,104.7,99.82,100.4,12421812
2011-10-19,102.18,103.38,101.01,101.88,6470156
2011-10-20,101.0,103.49,100.0,102.93,2991184
2011-10-21,103.25,104.63,102.57,103.29,4881992
2011-10-24,104.5,106.32,104.5,106.22,3979896
2011-10-25,107.47,108.0,105.16,107.34,5946372
2011-10-26,107.82,108.93,107.03,107.41,663160
2011-10-28,109.39,113.75,109.39,112.94,5354148
2011-10-31,113.43,113.43,110.25,110.94,2190480
2011-11-01,109.25,112.25,106.79,107.47,2596060
2011-11-02,106.89,110.2,105.44,109.57,2450592
2011-11-03,110.13,111.32,108.25,109.53,3882304
2011-11-04,111.15,111.63,109.01,109.69,2107700
2011-11-08,109.25,109.7,106.78,107.11,1835820
2011-11-09,107.97,108.79,106.07,106.65,2712668
2011-11-11,107.21,108.44,105.03,106.54,2888068
2011-11-14,107.75,108.57,105.86,107.32,2050028
2011-11-15,106.29,107.38,105.3,106.34,2908196
2011-11-16,105.5,105.5,101.07,102.72,4591792
2011-11-17,102.03,103.26,100.64,102.15,2434412
2011-11-18,101.25,101.88,100.07,101.07,3215152
2011-11-21,99.5,99.99,97.55,98.64,3696404
2011-11-22,98.63,100.75,96.7,97.94,10657552
2011-11-23,97.93,97.93,94.5,96.24,5112844
2011-11-24,96.0,99.5,93.16,98.36,6380708
2011-11-25,96.85,98.25,95.99,96.68,4300328
2011-11-28,98.0,99.0,95.75,97.57,4495988
2011-11-29,98.03,98.7,96.25,97.66,3711180
2011-11-30,96.47,98.25,95.01,95.95,23609944
2011-12-01,98.5,101.68,98.5,100.14,4883004
2011-12-02,100.5,105.0,100.04,104.2,3309884
2011-12-05,103.72,104.32,101.07,101.72,3113728
2011-12-07,102.25,105.5,102.16,104.4,5956360
2011-12-08,103.75,106.13,102.51,104.44,4976048
2011-12-09,102.63,103.72,101.07,101.94,3687392
2011-12-12,102.5,103.84,100.5,103.39,4378792
2011-12-13,103.0,106.85,102.53,104.07,9789328
2011-12-14,104.38,106.15,102.18,102.91,4867412
2011-12-15,103.19,104.07,101.57,103.36,5419008
2011-12-16,103.11,105.0,101.85,103.09,6033700
2011-12-19,105.0,105.0,101.75,102.86,8480380
2011-12-20,103.5,103.75,96.72,97.82,9013180
2011-12-21,99.0,99.7,96.34,97.32,6148580
2011-12-22,97.0,97.95,95.1,97.11,3740676
2011-12-23,97.95,98.51,96.35,97.36,2841340
2011-12-26,97.99,99.28,96.64,97.05,2650472
2011-12-27,97.75,98.49,97.04,97.96,2340248
2011-12-28,98.13,98.47,95.9,97.96,2401548
2011-12-29,97.74,99.84,95.55,96.96,5211392
2011-12-30,97.25,97.89,96.25,96.99,3024140
2012-01-02,97.25,98.75,96.5,98.4,2099152
2012-01-03,99.25,101.43,99.0,100.8,10143220
2012-01-04,101.61,107.0,101.5,104.6,9475148
2012-01-05,104.6,106.22,103.07,103.69,3231968
2012-01-06,103.5,105.0,102.5,104.39,3272260
2012-01-07,104.97,104.97,103.57,103.76,168512
2012-01-09,104.25,104.7,103.26,103.74,2156612
2012-01-10,104.75,105.16,104.2,104.97,6297316
2012-01-11,105.95,106.22,103.2,103.82,2967676
2012-01-12,103.75,103.8,100.51,101.44,4445508
2012-01-13,101.63,102.03,99.0,99.44,5498304
2012-01-16,99.25,102.1,98.76,101.49,3312632
2012-01-17,105.5,108.13,103.68,106.35,19160384
2012-01-18,106.61,106.68,103.34,104.36,5520804
2012-01-19,105.25,105.64,103.85,104.74,3026768
2012-01-20,105.57,105.57,102.45,104.41,3041328
2012-01-23,105.0,105.9,103.69,105.07,2915000
2012-01-24,105.0,107.5,102.75,107.11,2002912
2012-01-25,107.25,107.5,104.25,105.2,3440640
2012-01-27,105.63,107.53,104.95,107.0,3227024
2012-01-30,106.25,107.53,104.82,107.26,2673028
2012-01-31,107.75,109.88,107.53,109.41,4355496
2012-02-01,109.95,110.22,107.89,109.47,2112760
2012-02-02,110.0,115.95,109.88,115.36,8703964
2012-02-03,115.75,115.86,112.32,113.5,2837152
2012-02-06,113.86,116.99,113.86,115.69,5223688
2012-02-07,115.75,117.13,114.25,115.15,2864588
2012-02-08,115.38,117.09,115.09,116.8,1746136
2012-02-09,117.0,117.68,115.13,115.86,2186664
2012-02-10,115.75,117.5,115.26,117.18,1772184
2012-02-13,117.5,118.75,116.51,117.07,1399924
2012-02-14,117.5,117.59,115.57,117.07,1204780
2012-02-15,117.5,117.82,116.57,117.43,1670112
2012-02-16,117.57,119.28,117.35,119.01,3158044
2012-02-17,119.5,125.72,119.5,123.14,7489652
2012-02-21,122.45,123.74,121.57,123.44,3321024
2012-02-22,123.75,124.5,121.13,123.03,4318952
2012-02-23,123.0,124.5,122.61,123.85,5101628
2012-02-24,122.75,124.96,120.6,123.21,2929116
2012-02-27,123.5,124.5,120.07,121.15,4858240
2012-02-28,121.59,121.8,118.11,120.57,3498548
2012-02-29,121.0,121.53,120.49,121.24,2691580
2012-03-01,120.25,121.25,118.64,120.5,1683944
2012-03-02,121.75,121.75,119.0,120.41,1191136
2012-03-03,120.0,121.21,120.0,120.46,63772
2012-03-05,119.3,120.99,117.39,120.21,1175480
2012-03-06,120.5,122.88,118.75,120.35,2283156
2012-03-07,119.88,124.2,118.63,123.72,2902328
2012-03-09,124.3,128.3,124.3,126.72,6700976
2012-03-12,126.75,128.0,125.05,126.74,5146680
2012-03-13,127.0,127.47,124.05,126.28,4438628
2012-03-14,127.5,129.8,125.54,126.2,3655696
2012-03-15,125.6,126.44,123.34,124.05,2046256
2012-03-16,124.75,126.5,122.65,124.29,2789108
2012-03-19,123.51,125.61,122.0,124.74,11628208
2012-03-20,124.75,125.24,121.43,123.0,2010852
2012-03-21,122.38,124.25,121.99,122.96,2622888
2012-03-22,123.0,123.96,117.38,119.25,5161080
2012-03-23,120.2,122.22,118.88,121.24,10785640
2012-03-26,121.97,126.13,117.88,119.34,11350256
2012-03-27,120.0,121.22,117.04,117.7,3814424
2012-03-28,117.76,119.45,116.41,117.65,2521068
2012-03-29,116.25,121.1,110.15,118.04,4696456
2012-03-30,118.05,121.61,118.05,120.82,2436200
2012-04-02,120.97,126.2,119.38,125.32,3030536
2012-04-03,126.5,126.59,124.47,126.35,1730140
2012-04-04,126.0,128.1,125.0,127.26,2006100
2012-04-09,126.75,127.86,123.76,124.57,2460700
2012-04-10,124.16,125.51,121.85,122.75,1837152
2012-04-11,122.25,123.6,121.04,122.5,3409644
2012-04-12,122.82,125.86,122.59,123.6,4141292
2012-04-13,119.95,122.5,118.75,119.74,5581508
2012-04-16,118.5,122.03,117.75,121.2,3347708
2012-04-17,121.99,124.43,119.82,120.21,5020204
2012-04-18,125.5,127.84,123.11,123.57,21929216
2012-04-19,124.15,126.19,123.57,125.86,4754624
2012-04-20,124.84,127.15,124.51,126.34,3921352
2012-04-23,126.75,126.76,123.28,123.89,2286284
2012-04-24,124.7,129.88,124.57,127.55,7551668
2012-04-25,127.45,128.27,126.01,126.9,4149532
2012-04-26,126.95,127.5,124.07,125.24,5816988
2012-04-27,125.5,128.38,125.25,127.74,4363632
2012-04-28,128.49,128.49,126.82,127.36,56408
2012-04-30,127.28,128.63,126.5,128.01,2886084
2012-05-02,128.25,131.12,128.0,129.62,3586380
2012-05-03,128.57,130.16,127.89,128.82,3006780
2012-05-04,128.82,130.5,127.13,128.3,4723676
2012-05-07,124.75,127.9,124.75,125.47,1665664
2012-05-08,124.25,125.28,118.5,119.68,4185456
2012-05-09,118.78,122.2,118.75,121.65,3117456
2012-05-10,122.5,124.41,120.65,122.82,4664208
2012-05-11,121.53,122.72,121.0,122.14,4320540
2012-05-14,121.25,122.43,118.26,121.26,2461360
2012-05-15,120.0,122.86,118.76,122.24,1892964
2012-05-16,120.97,121.75,119.5,121.47,1844248
2012-05-17,122.0,122.45,119.09,121.32,3467600
2012-05-18,120.21,121.89,118.8,120.85,2465052
2012-05-21,121.25,121.49,119.25,119.86,3098148
2012-05-22,120.53,123.5,119.79,121.91,1341912
2012-05-23,122.75,123.24,120.54,121.19,1492984
2012-05-24,122.36,122.36,119.88,121.43,960808
2012-05-25,122.18,122.25,120.63,121.78,1782796
2012-05-28,121.57,123.43,120.9,122.89,1254444
2012-05-29,123.95,126.97,123.51,126.34,4832832
2012-05-30,126.01,127.97,126.01,127.3,3254580
2012-05-31,126.28,126.99,123.79,126.01,5094492
2012-06-01,126.25,126.86,120.13,121.78,3612636
2012-06-04,121.22,123.86,119.32,123.46,2007540
2012-06-05,123.47,124.5,122.47,123.84,3037768
2012-06-06,124.01,126.63,124.01,125.53,3822576
2012-06-07,126.25,126.89,123.3,124.76,2928540
2012-06-08,125.0,125.16,122.79,123.9,1725020
2012-06-11,124.85,124.85,119.35,120.63,9440728
2012-06-12,119.5,121.55,118.01,121.19,4812836
2012-06-13,121.61,123.55,121.25,122.7,2805520
2012-06-14,122.5,123.66,119.11,119.69,1938148
2012-06-15,120.0,122.0,119.82,121.49,2513820
2012-06-18,121.71,122.47,114.76,117.47,9566876
2012-06-19,117.53,119.09,116.25,117.99,9035916
2012-06-20,117.78,122.43,117.78,121.69,5473216
2012-06-21,120.75,122.25,119.5,120.46,3844684
2012-06-22,119.53,120.82,117.89,118.16,4842672
2012-06-25,118.29,118.75,115.28,116.21,5371344
2012-06-26,116.01,116.43,113.32,115.22,8198500
2012-06-27,116.18,117.86,115.05,117.44,7825664
2012-06-28,117.59,117.61,113.76,114.76,8155704
2012-06-29,116.25,119.47,115.38,119.11,6162824
2012-07-02,119.5,121.47,119.11,121.11,3038188
2012-07-03,122.25,122.38,120.63,121.14,3066012
2012-07-04,120.38,121.65,118.88,120.86,2358420
2012-07-05,120.75,123.25,120.45,123.11,2854932
2012-07-06,122.85,123.25,120.61,122.61,2799232
2012-07-09,121.32,122.68,120.57,121.72,2444808
2012-07-10,122.45,124.8,121.0,124.59,3358784
2012-07-11,125.0,125.0,122.89,123.2,3867312
2012-07-12,120.0,121.25,119.38,120.3,4750868
2012-07-13,121.72,122.25,120.64,120.9,3072376
2012-07-16,121.25,122.0,119.28,120.34,2494724
2012-07-17,120.72,121.1,118.19,119.69,2051012
2012-07-18,119.57,120.82,117.86,119.07,4858332
2012-07-19,120.5,121.36,119.54,119.88,2144868
2012-07-20,119.63,120.99,118.09,119.95,2720100
2012-07-23,118.53,119.66,118.53,119.45,1954268
2012-07-24,119.5,120.59,118.0,120.2,1891348
2012-07-25,126.28,129.6,126.28,128.38,29765676
2012-07-26,128.26,128.98,126.38,127.94,12816148
2012-07-27,128.25,130.0,128.25,129.43,8025584
2012-07-30,129.49,130.19,128.51,129.2,3476524
2012-07-31,129.98,130.07,128.63,129.63,4073420
2012-08-01,129.68,130.73,129.63,130.46,2534068
2012-08-02,130.12,131.27,129.5,131.23,3415360
2012-08-03,129.38,130.88,129.27,130.6,1832752
2012-08-06,131.25,131.25,129.63,130.8,1710472
2012-08-07,131.2,134.6,131.0,132.63,9698000
2012-08-08,132.5,134.63,132.5,134.34,4143600
2012-08-09,134.25,134.85,133.26,134.18,2684704
2012-08-10,133.09,134.98,133.09,134.2,2816332
2012-08-13,133.51,135.96,133.51,135.73,2651068
2012-08-14,133.38,138.0,133.38,137.63,3938596
2012-08-16,137.5,139.74,137.07,139.51,3403952
2012-08-17,139.51,139.99,138.77,139.34,3252888
2012-08-21,138.77,139.75,137.88,139.44,4398716
2012-08-22,138.25,139.02,137.5,138.27,2612512
2012-08-23,137.98,140.5,137.85,139.84,4449184
2012-08-24,139.73,139.73,138.63,139.35,1261504
2012-08-27,138.82,140.0,138.66,139.63,1281996
2012-08-28,140.0,140.44,138.82,139.38,2023568
2012-08-29,139.74,139.98,136.57,136.88,2358248
2012-08-30,136.0,138.62,135.07,136.63,10861308
2012-08-31,135.7,137.12,135.15,136.1,3093860
2012-09-03,135.4,139.23,134.75,138.88,2429712
2012-09-04,137.76,141.9,137.19,140.38,3384972
2012-09-05,140.25,141.66,138.52,140.51,3589564
2012-09-06,139.51,142.99,139.51,142.13,5814716
2012-09-07,143.0,145.19,142.98,144.25,8574480
2012-09-08,144.88,144.88,143.09,143.57,100716
2012-09-10,144.25,144.25,142.27,143.43,3096752
2012-09-11,143.48,144.38,142.59,144.24,2692404
2012-09-12,144.02,146.16,143.93,145.57,4396860
2012-09-13,144.82,147.91,144.82,146.95,6785748
2012-09-14,147.5,148.95,144.75,145.71,5841380
2012-09-17,146.25,146.63,140.9,141.91,5143392
2012-09-18,142.02,144.1,140.73,143.41,3237596
2012-09-20,143.0,147.93,141.25,142.02,6275572
2012-09-21,143.1,143.93,141.4,142.46,3917652
2012-09-24,143.38,143.38,136.88,139.68,7298332
2012-09-25,140.6,143.15,137.25,141.32,3540044
2012-09-26,140.75,142.5,139.51,142.21,2909388
2012-09-27,141.29,147.23,141.29,145.87,17329580
2012-09-28,146.87,146.87,143.13,144.37,3269144
2012-10-01,143.5,145.79,143.02,145.29,10459796
2012-10-03,146.1,148.23,146.07,147.84,19337484
2012-10-04,148.0,149.4,146.09,147.26,12359556
2012-10-05,147.5,148.0,133.57,143.38,6983728
2012-10-08,144.5,144.76,139.19,139.69,1548440
2012-10-09,140.04,141.35,139.19,140.19,3679576
2012-10-10,140.45,143.69,140.25,141.32,4351692
2012-10-11,142.24,145.1,140.88,144.21,2735004
2012-10-12,142.75,146.65,141.77,145.41,6166264
2012-10-15,146.09,147.38,145.0,145.93,2731356
2012-10-16,146.25,147.73,144.71,146.13,3000956
2012-10-17,149.75,151.73,144.38,145.13,16696820
2012-10-18,145.5,151.0,145.43,150.25,10292964
2012-10-19,149.5,152.09,147.32,151.34,7644600
2012-10-22,151.25,153.37,149.99,152.79,4317840
2012-10-23,153.25,153.25,150.69,152.18,2231456
2012-10-25,152.73,154.88,151.25,152.32,4855128
2012-10-26,151.25,153.8,151.25,152.3,2399108
2012-10-29,151.5,153.5,151.5,152.5,2121740
2012-10-30,152.49,154.0,150.6,151.6,2750208
2012-10-31,151.51,152.98,150.75,152.0,2039356
2012-11-01,153.0,153.37,151.32,152.02,2205924
2012-11-02,152.75,155.23,152.75,153.55,3303096
2012-11-05,153.57,154.2,152.8,153.46,1584520
2012-11-06,153.26,154.21,151.68,152.1,2746680
2012-11-07,151.76,155.12,151.76,154.04,1995328
2012-11-08,153.02,154.98,153.0,154.63,1321904
2012-11-09,154.0,154.48,152.82,153.68,871504
2012-11-12,153.69,155.71,152.82,155.0,1743544
2012-11-13,155.0,155.25,153.57,153.95,143812
2012-11-15,153.5,158.12,153.01,155.16,9559376
2012-11-16,156.0,156.0,151.26,151.94,3965184
2012-11-19,152.25,154.52,150.5,153.96,2888672
2012-11-20,153.96,154.98,151.54,153.41,2682316
2012-11-21,154.63,154.75,152.04,154.38,4760092
2012-11-22,153.95,157.25,153.95,156.82,3519308
2012-11-23,157.5,159.94,157.23,159.12,6985368
2012-11-26,159.96,161.52,158.79,159.99,5736628
2012-11-27,160.3,161.7,159.76,160.73,4319516
2012-11-29,160.38,162.5,158.95,159.7,7209576
2012-11-30,160.0,165.24,157.88,164.13,41511124
2012-12-03,163.73,164.0,161.63,161.96,3987088
2012-12-04,162.07,162.5,159.94,162.05,3278872
2012-12-05,162.55,163.0,158.75,159.75,3775256
2012-12-06,160.0,160.5,154.05,156.37,3547056
2012-12-07,156.25,156.99,152.75,153.51,5140800
2012-12-10,152.75,156.25,152.75,155.34,2307172
2012-12-11,154.54,156.69,152.01,153.59,3263172
2012-12-12,153.8,157.5,153.26,154.07,5707108
2012-12-13,155.5,156.68,154.38,155.29,3549052
2012-12-14,155.5,158.49,155.5,157.73,3260060
2012-12-17,156.88,159.18,156.88,158.24,4187352
2012-12-18,158.57,159.38,155.96,158.19,2110896
2012-12-19,158.76,160.75,158.23,160.37,4167592
2012-12-20,161.18,161.87,158.9,159.88,1721692
2012-12-21,159.63,159.63,156.57,157.49,1795100
2012-12-24,158.13,160.38,156.84,159.12,1200440
2012-12-26,159.25,160.48,158.25,158.62,1297916
2012-12-27,159.38,159.38,155.29,156.32,3306052
2012-12-28,156.75,158.7,155.5,156.57,1438688
2013-01-01,156.23,156.98,154.96,155.54,1223180
2013-01-02,156.5,156.71,155.21,156.32,2322316
2013-01-03,157.5,158.0,156.01,156.49,4041084
2013-01-04,157.07,159.1,156.75,158.51,4405880
2013-01-07,159.75,159.75,156.52,156.98,1205952
2013-01-08,156.74,158.88,156.18,158.68,2580932
2013-01-09,158.5,160.71,158.16,158.96,2559260
2013-01-10,159.63,162.93,159.27,160.4,3364128
2013-01-11,163.5,164.37,160.77,161.21,6828592
2013-01-14,162.5,169.0,162.1,168.2,12102412
2013-01-15,169.25,170.3,165.57,166.02,4186764
2013-01-16,166.63,170.24,164.6,168.45,10660852
2013-01-17,175.5,180.32,172.4,176.0,29586880
2013-01-18,175.25,179.19,175.13,176.41,8911400
2013-01-21,175.04,179.51,174.38,178.8,4523228
2013-01-22,179.0,179.0,173.66,174.41,2742436
2013-01-23,175.0,175.99,166.07,169.1,11598412
2013-01-24,169.23,170.75,165.88,166.59,4735396
2013-01-25,167.93,171.13,166.07,170.26,5296860
2013-01-28,169.75,176.0,169.75,174.15,7459896
2013-01-29,174.13,175.73,171.93,172.98,5634676
2013-01-30,173.7,174.98,171.32,172.25,4817056
2013-01-31,172.43,175.68,170.02,172.0,9893804
2013-02-01,172.49,174.23,170.54,171.99,2876756
2013-02-04,171.99,173.13,170.0,170.55,2509300
2013-02-05,169.07,170.38,167.13,167.77,3933688
2013-02-06,169.18,169.32,167.32,167.51,11367776
2013-02-07,167.12,167.98,166.4,167.19,4135276
2013-02-08,167.5,169.07,166.57,167.55,6208728
2013-02-11,168.5,168.5,163.0,164.88,17760612
2013-02-12,165.0,170.09,163.49,169.63,4948684
2013-02-13,170.5,178.57,170.49,177.34,11434616
2013-02-14,177.5,179.75,175.37,177.07,9397740
2013-02-15,176.63,177.0,173.13,174.25,5011932
2013-02-18,174.38,175.87,172.07,172.8,3825096
2013-02-19,173.0,177.18,172.32,176.38,2620520
2013-02-20,175.5,181.68,174.93,180.71,15294124
2013-02-21,179.32,183.12,179.32,180.05,8070544
2013-02-22,179.38,182.0,178.75,180.07,4848304
2013-02-25,180.38,183.74,179.29,183.38,3427332
2013-02-26,183.75,184.15,181.13,181.68,4070164
2013-02-27,182.0,182.75,177.82,179.95,2711884
2013-02-28,180.32,182.8,179.98,180.85,5751912
2013-03-01,180.52,182.38,179.05,180.62,4185324
2013-03-04,179.09,182.25,177.9,178.87,3710256
2013-03-05,178.76,187.2,178.76,186.41,7964048
2013-03-06,187.0,189.49,186.65,189.07,4185976
2013-03-07,188.88,193.49,188.88,192.85,7889252
2013-03-08,193.26,195.74,191.9,193.29,12723888
2013-03-11,192.76,196.48,192.76,195.73,10133052
2013-03-12,195.1,195.38,191.68,193.37,4722176
2013-03-13,192.5,195.9,192.34,194.65,6109100
2013-03-14,195.0,199.02,193.29,197.88,5563356
2013-03-15,198.25,200.85,197.57,197.99,5285708
2013-03-18,196.8,201.38,196.51,200.51,5934792
2013-03-19,200.16,200.48,195.09,195.38,6497364
2013-03-20,195.27,196.07,192.27,193.55,10002516
2013-03-21,193.63,196.02,192.75,193.27,4612020
2013-03-22,192.07,193.98,190.79,191.99,4516588
2013-03-25,192.75,193.13,190.0,191.77,5216056
2013-03-26,192.41,194.73,192.02,193.85,3586592
2013-03-28,197.63,201.25,195.0,198.75,24468836
2013-04-01,198.76,200.0,195.57,197.13,1620592
2013-04-02,198.19,199.7,196.85,198.96,2992776
2013-04-03,200.25,201.82,194.15,195.13,4182904
2013-04-04,193.73,194.15,184.82,185.82,6575544
2013-04-05,185.57,191.2,185.57,189.24,5343432
2013-04-08,189.24,191.75,185.27,186.34,3010860
2013-04-09,187.82,188.7,184.65,185.13,4507564
2013-04-10,185.5,192.94,184.13,191.25,3796480
2013-04-11,192.45,198.43,191.75,197.51,5232548
2013-04-12,189.75,195.32,189.69,194.02,9597216
2013-04-15,193.75,196.0,190.82,191.24,9824632
2013-04-16,189.98,192.62,189.43,190.7,7339540
2013-04-17,201.3,202.5,186.26,187.82,28222348
2013-04-18,189.2,192.0,182.66,184.07,9565588
2013-04-22,185.0,186.0,179.07,180.29,11641000
2013-04-23,181.2,184.44,180.4,183.04,8919768
2013-04-25,183.75,183.75,178.59,179.76,7982256
2013-04-26,179.32,179.32,169.41,171.07,14659260
2013-04-29,170.76,175.71,168.24,175.2,7340976
2013-04-30,174.82,181.1,174.82,180.35,7386976
2013-05-02,180.37,187.8,180.35,183.94,13483624
2013-05-03,185.25,189.18,185.0,187.62,9582080
2013-05-06,188.25,192.25,187.0,187.5,6847016
2013-05-07,188.75,190.0,185.85,188.38,7104564
2013-05-08,188.75,189.85,187.32,187.9,4520876
2013-05-09,188.63,195.9,188.25,192.54,8729028
2013-05-10,193.38,195.23,192.75,193.73,5857196
2013-05-11,193.73,193.95,191.25,193.16,258920
2013-05-13,194.13,194.18,188.46,189.6,3741036
2013-05-14,190.5,191.13,184.02,186.27,5783876
2013-05-15,186.51,188.75,184.75,186.38,6634336
2013-05-16,186.95,187.29,183.75,184.73,3496504
2013-05-17,184.85,187.35,179.16,179.99,6403588
2013-05-20,180.52,183.73,180.07,181.95,3265484
2013-05-21,183.0,185.87,182.57,184.16,4222380
2013-05-22,184.75,188.25,184.5,185.91,4347576
2013-05-23,187.0,187.74,182.75,184.21,4821008
2013-05-24,184.57,186.99,182.75,184.38,2910452
2013-05-27,184.07,187.35,183.04,185.43,2576904
2013-05-28,186.44,186.75,184.05,186.21,2901148
2013-05-29,186.88,189.95,186.16,186.88,4270132
2013-05-30,186.49,187.82,183.82,185.5,4277368
2013-05-31,186.5,187.85,185.01,186.21,5051248
2013-06-03,187.93,187.93,183.77,185.54,2848988
2013-06-04,186.5,186.5,182.88,183.9,1948328
2013-06-05,184.71,184.71,180.3,181.7,1839204
2013-06-06,180.75,187.38,180.25,186.91,3382144
2013-06-07,185.25,188.48,185.25,186.05,3713360
2013-06-10,187.25,189.12,186.32,188.37,7422292
2013-06-11,189.05,193.18,187.5,188.93,6363000
2013-06-12,188.48,192.43,188.13,190.91,4490080
2013-06-13,191.23,191.69,188.19,189.38,6391744
2013-06-14,191.2,191.62,187.26,190.93,3832808
2013-06-17,190.5,194.73,189.13,194.07,4248740
2013-06-18,194.18,195.4,192.87,194.95,3965100
2013-06-19,195.0,195.69,194.02,194.94,4030392
2013-06-20,194.25,194.25,189.63,189.96,3152420
2013-06-21,190.0,191.6,187.5,189.69,2996392
2013-06-24,190.25,191.82,188.59,190.19,3464660
2013-06-25,189.5,191.75,186.25,187.76,3422596
2013-06-26,188.25,193.0,186.25,191.76,3512944
2013-06-27,193.74,200.0,193.15,198.85,7696940
2013-06-28,200.0,200.0,192.48,194.0,6568320
2013-07-01,194.98,194.98,188.95,189.6,2742568
2013-07-02,190.5,193.18,190.0,191.52,2463896
2013-07-03,190.51,194.0,189.16,191.93,3266880
2013-07-04,191.51,200.5,191.51,199.94,6883720
2013-07-05,200.27,201.75,198.05,198.91,2890504
2013-07-08,200.68,205.4,199.76,204.7,4591276
2013-07-09,204.13,207.04,203.75,205.69,3513816
2013-07-10,205.69,211.0,205.5,209.9,4127192
2013-07-11,210.5,212.25,208.1,210.16,3493012
2013-07-12,212.5,216.32,211.84,215.65,4853628
2013-07-15,215.13,220.74,215.13,218.82,3786484
2013-07-16,216.0,221.23,215.63,219.25,3098124
2013-07-17,218.35,222.18,218.32,218.82,3321512
2013-07-18,219.73,219.73,213.88,214.71,4242288
2013-07-19,216.7,226.73,216.7,223.07,9537080
2013-07-22,223.75,224.88,219.21,222.57,3851664
2013-07-23,222.82,226.46,222.82,225.12,4931300
2013-07-24,223.65,226.99,222.51,225.02,3090068
2013-07-25,225.0,228.23,223.25,225.6,4243444
2013-07-26,227.4,229.73,225.45,225.95,5295436
2013-07-29,226.25,226.93,223.09,224.2,3827536
2013-07-30,226.75,228.74,225.5,226.41,6222296
2013-07-31,229.5,237.48,219.25,234.38,16167372
2013-08-01,237.75,237.88,231.63,232.68,6363796
2013-08-02,233.25,237.37,231.6,233.99,5528720
2013-08-05,234.07,240.25,234.07,237.41,4003976
2013-08-06,237.25,240.0,235.01,236.12,3769488
2013-08-07,238.0,239.0,224.71,226.65,5661036
2013-08-08,224.5,227.59,220.88,226.48,5307584
2013-08-12,228.5,234.0,225.76,233.34,4591444
2013-08-13,234.5,237.93,233.75,235.15,3725304
2013-08-14,236.24,236.73,228.21,230.05,5897512
2013-08-16,229.75,235.24,226.5,230.25,8401384
2013-08-19,232.25,234.37,228.69,232.87,5959248
2013-08-20,233.6,233.6,223.16,224.79,5191016
2013-08-21,223.41,228.45,220.32,221.48,5213524
2013-08-22,220.52,226.66,217.93,225.59,4733996
2013-08-23,225.26,238.25,224.65,236.59,7902228
2013-08-26,235.16,241.63,234.65,236.13,5192304
2013-08-27,235.0,240.24,235.0,236.93,3159176
2013-08-28,235.75,246.23,235.71,245.04,6561592
2013-08-29,245.25,256.54,242.59,254.41,9258668
2013-08-30,252.9,261.23,252.48,260.11,6049048
2013-09-02,257.5,262.5,257.5,259.58,3931360
2013-09-03,260.0,261.7,255.0,255.96,4718252
2013-09-04,256.2,262.71,253.75,259.83,6988140
2013-09-05,260.55,261.17,252.77,254.98,5768332
2013-09-06,254.0,260.33,250.77,254.24,5481388
2013-09-10,253.5,268.23,252.8,265.67,8011760
2013-09-11,267.48,270.32,262.88,266.64,4176852
2013-09-12,268.88,270.46,263.77,268.58,5773264
2013-09-13,268.58,270.02,259.58,261.44,6290308
2013-09-16,263.21,263.5,246.07,249.1,10046268
2013-09-17,250.32,259.95,250.25,259.29,3625604
2013-09-18,262.5,262.5,254.59,257.2,3725976
2013-09-19,257.25,259.46,249.02,256.0,5247480
2013-09-20,259.95,266.9,257.4,265.45,4133648
2013-09-23,264.13,274.82,264.13,272.75,5997308
2013-09-24,271.15,275.98,267.14,268.15,5725484
2013-09-25,268.77,270.23,263.4,265.75,5015716
2013-09-26,266.39,267.35,261.05,263.07,6380440
2013-09-27,262.35,271.0,261.25,268.19,4014632
2013-09-30,268.98,276.0,268.0,271.8,5254356
2013-10-01,271.38,272.5,265.96,267.77,2051744
2013-10-03,270.0,278.94,268.75,276.15,8287912
2013-10-04,275.32,279.88,273.1,274.2,5397444
2013-10-07,275.08,282.39,275.0,279.83,5895704
2013-10-08,279.98,279.98,275.85,276.67,2544784
2013-10-09,276.52,281.0,275.14,277.95,5126556
2013-10-10,277.95,282.5,277.95,279.42,5806820
2013-10-11,283.75,292.1,279.63,289.36,10934984
2013-10-14,291.25,292.0,288.8,289.96,6419404
2013-10-15,294.0,294.61,289.19,290.29,5579340
2013-10-17,291.25,292.08,269.27,270.77,16121608
2013-10-18,270.75,277.35,267.77,275.65,7820096
2013-10-21,276.5,278.55,263.08,271.02,8981476
2013-10-22,274.13,279.13,271.33,277.23,5073020
2013-10-23,279.95,279.98,268.77,276.67,4021456
2013-10-24,275.25,277.5,262.25,263.67,7210448
2013-10-25,261.23,271.98,260.58,269.69,6109920
2013-10-28,267.75,271.08,264.5,265.71,3539636
2013-10-29,266.27,271.2,266.2,270.15,4523612
2013-10-30,271.0,273.6,266.02,271.48,3709464
2013-10-31,274.0,277.9,271.54,273.83,7494488
2013-11-01,274.19,279.98,274.02,275.77,5212456
2013-11-03,274.58,276.73,273.75,275.08,198312
2013-11-05,273.02,277.45,270.52,275.25,3171148
2013-11-06,275.25,277.92,269.73,270.77,4078512
2013-11-07,273.48,280.85,272.6,275.77,3972848
2013-11-08,275.63,283.13,275.07,278.58,4594308
2013-11-11,278.75,284.48,274.17,275.5,3360592
2013-11-12,276.5,280.13,273.33,274.35,4512768
2013-11-13,272.5,278.0,272.5,274.04,3054692
2013-11-14,272.33,275.94,269.39,271.15,2580632
2013-11-18,268.44,278.58,267.17,274.08,3925068
2013-11-19,275.88,278.5,274.63,275.67,3945228
2013-11-20,277.38,278.89,270.64,271.73,2153208
2013-11-21,273.1,274.38,264.44,265.48,3041036
2013-11-22,265.02,266.83,262.1,262.57,4398836
2013-11-25,260.75,267.38,260.75,263.25,3398352
2013-11-26,261.75,267.11,261.0,264.94,6000408
2013-11-27,265.02,268.0,263.88,264.64,2826432
2013-11-28,266.25,268.6,264.4,265.54,3658696
2013-11-29,265.63,273.57,265.63,271.5,3602484
2013-12-02,270.6,285.0,270.6,283.19,4515568
2013-12-03,282.5,285.0,277.77,279.6,3753980
2013-12-04,280.05,283.5,277.83,279.15,2375652
2013-12-05,282.5,283.0,275.33,277.17,3172604
2013-12-06,276.0,283.25,276.0,281.65,2035128
2013-12-09,282.95,287.5,280.67,285.85,4063508
2013-12-10,284.52,291.46,284.5,288.71,12426016
2013-12-11,288.77,296.5,288.77,294.1,9236796
2013-12-12,292.8,297.0,289.25,295.19,3782148
2013-12-13,293.4,297.0,292.02,295.29,11441044
2013-12-16,294.88,298.0,292.05,296.42,8242520
2013-12-17,299.25,299.5,291.98,292.58,7373060
2013-12-18,293.0,299.92,292.2,299.36,3504008
2013-12-19,299.39,314.67,299.36,309.02,6543352
2013-12-20,309.92,312.98,307.8,309.42,11683408
2013-12-23,310.6,314.98,309.27,310.17,4224696
2013-12-24,311.2,313.38,308.5,309.44,2197664
2013-12-26,310.0,311.5,308.75,311.23,2933928
2013-12-27,312.0,315.48,310.0,311.52,3104892
2013-12-30,314.75,317.5,308.52,311.67,1578700
2013-12-31,312.95,317.0,309.54,315.64,1495972
2014-01-01,317.2,317.48,313.08,314.63,737988
2014-01-02,315.0,316.25,310.04,312.77,1030976
2014-01-03,311.27,316.5,310.86,314.94,2725944
2014-01-06,316.25,316.5,311.08,312.67,1392104
2014-01-07,314.0,316.88,310.54,314.08,3879316
2014-01-08,314.5,319.13,310.55,311.6,2576776
2014-01-09,312.63,322.61,310.77,321.32,3250300
2014-01-10,324.7,329.65,317.5,324.55,5292496
2014-01-13,326.17,338.25,325.75,335.83,4611212
2014-01-14,335.63,335.63,328.75,330.25,2560164
2014-01-15,332.58,336.85,330.77,332.58,3919128
2014-01-16,337.75,349.5,335.07,347.67,13027348
2014-01-17,347.25,349.75,342.45,344.92,7473896
2014-01-20,346.38,359.25,343.92,357.65,7594044
2014-01-21,358.04,364.64,357.73,360.04,7940204
2014-01-22,360.0,362.45,353.29,361.19,7216076
2014-01-23,361.19,361.19,349.65,352.92,6043544
2014-01-24,353.32,357.77,350.1,352.96,4416224
2014-01-27,352.5,357.39,349.15,356.13,6256364
2014-01-28,354.75,356.52,349.52,353.11,3914664
2014-01-29,352.75,358.75,351.52,355.58,2616276
2014-01-30,355.73,361.25,351.95,358.55,5446576
2014-01-31,359.02,367.48,357.52,365.55,3797684
2014-02-03,363.5,367.79,362.17,363.23,2420852
2014-02-04,358.63,359.5,343.77,350.48,5091952
2014-02-05,353.0,353.5,343.88,348.42,6655344
2014-02-06,350.0,352.89,341.0,352.17,5371304
2014-02-07,354.92,355.73,346.4,350.02,4448856
2014-02-10,351.1,355.63,349.15,354.04,3536760
2014-02-11,353.75,369.8,353.75,368.27,7607308
2014-02-12,370.0,377.63,369.44,372.7,7410744
2014-02-13,374.75,375.58,370.14,372.3,5433888
2014-02-14,373.5,378.44,369.65,374.33,4833648
2014-02-17,375.0,380.5,374.5,375.6,2792108
2014-02-18,377.0,378.7,370.82,371.67,2802144
2014-02-19,373.0,375.0,368.85,373.58,2796248
2014-02-20,373.75,374.48,366.83,368.23,3687320
2014-02-21,367.75,386.6,367.75,384.55,5888384
2014-02-24,385.25,385.25,380.15,382.55,2819804
2014-02-25,384.73,388.71,383.75,387.23,2798184
2014-02-26,387.25,395.54,385.29,393.17,5771220
2014-02-28,382.5,397.5,382.5,393.89,16188144
2014-03-03,394.0,394.0,372.95,376.17,8926652
2014-03-04,378.0,381.25,368.77,370.35,6936724
2014-03-05,371.73,373.6,363.33,365.61,8011076
2014-03-06,367.35,374.88,367.25,372.96,7490368
2014-03-07,373.0,376.25,364.07,371.98,8818956
2014-03-10,369.5,370.9,359.38,360.27,9844140
2014-03-11,360.27,366.77,359.46,363.64,7583096
2014-03-12,361.65,367.11,360.0,365.07,4396776
2014-03-13,361.25,369.75,359.33,364.8,5891488
2014-03-14,361.15,361.25,351.36,354.21,5609800
2014-03-18,356.25,356.71,352.0,353.27,4530072
2014-03-19,351.0,355.0,342.82,350.9,6437264
2014-03-20,349.0,356.48,349.0,351.83,4944164
2014-03-21,352.75,364.17,349.38,356.58,7872676
2014-03-22,357.0,361.88,355.5,359.58,403196
2014-03-24,360.0,362.5,352.21,353.58,3845692
2014-03-25,352.77,357.38,348.35,349.42,5035292
2014-03-26,351.25,352.0,346.25,349.27,4753584
2014-03-27,351.25,351.25,345.69,347.29,7130636
2014-03-28,350.25,355.5,348.83,351.45,4330940
2014-03-31,351.25,351.25,345.25,347.67,3926028
2014-04-01,352.5,357.38,350.0,354.61,5962896
2014-04-02,358.0,359.2,355.55,356.42,4831084
2014-04-03,359.52,360.0,353.25,356.08,5065728
2014-04-04,360.08,360.08,348.75,349.48,4219764
2014-04-07,349.38,352.92,345.92,351.61,3937144
2014-04-09,348.88,351.25,341.8,345.07,7069268
2014-04-10,345.0,347.25,337.48,339.35,5669992
2014-04-11,335.58,351.25,333.75,350.17,7490088
2014-04-15,351.75,359.32,349.48,356.2,6943812
2014-04-16,359.63,359.63,350.5,353.13,4719656
2014-04-17,362.75,363.2,353.75,356.19,6078460
2014-04-21,359.5,360.83,355.3,359.92,3760100
2014-04-22,357.77,365.0,357.77,363.17,3949268
2014-04-23,363.25,365.0,358.5,359.61,6748472
2014-04-25,362.02,365.95,358.23,362.35,4847132
2014-04-28,362.5,363.75,353.9,354.9,4263628
2014-04-29,355.25,358.4,351.95,353.61,2714904
2014-04-30,352.64,357.17,348.86,350.73,2430288
2014-05-02,350.75,358.17,346.5,356.19,2547248
2014-05-05,357.5,359.6,343.25,345.45,3030128
2014-05-06,345.29,348.25,342.27,345.64,2567100
2014-05-07,348.0,350.88,329.04,330.2,5386704
2014-05-08,333.75,336.58,328.02,334.95,3806532
2014-05-09,334.75,344.5,333.79,342.67,4030548
2014-05-12,340.5,350.3,335.67,348.6,4273256
2014-05-13,349.17,361.3,349.17,358.23,2679708
2014-05-14,358.5,361.98,349.0,352.85,3872396
2014-05-15,350.15,356.73,348.02,351.45,2618476
2014-05-16,351.25,361.45,339.7,341.29,6331776
2014-05-19,344.45,344.45,314.0,326.8,7669000
2014-05-20,325.0,335.75,315.86,327.13,8200708
2014-05-21,327.58,335.75,327.52,334.02,4006508
2014-05-22,334.02,334.98,328.25,330.96,4503816
2014-05-23,329.29,337.96,329.29,335.27,4848756
2014-05-26,335.25,349.75,333.15,346.55,4342600
2014-05-27,348.0,356.11,341.89,345.88,3412420
2014-05-28,346.27,363.19,344.5,360.11,5542120
2014-05-29,363.75,363.75,346.27,349.94,4595600
2014-05-30,350.0,358.0,344.19,354.64,3531480
2014-06-02,355.02,356.19,344.19,345.7,2573924
2014-06-03,346.25,347.5,335.25,337.08,4747996
2014-06-04,335.52,338.75,325.4,327.07,5684584
2014-06-05,329.7,334.88,326.75,333.23,4592304
2014-06-06,331.57,333.58,328.63,331.92,5101056
2014-06-09,332.02,342.77,332.0,341.92,4353352
2014-06-10,343.0,350.5,341.08,349.57,3781152
2014-06-11,350.75,354.5,346.8,351.45,3514840
2014-06-12,350.83,355.48,345.35,351.69,4033532
2014-06-13,351.98,361.25,346.5,359.73,4694564
2014-06-16,360.73,362.0,352.98,355.61,4908220
2014-06-17,359.0,368.5,358.88,363.61,7930660
2014-06-18,361.75,364.29,356.5,359.21,4956524
2014-06-19,356.5,365.95,352.4,364.65,5159952
2014-06-20,366.75,367.23,358.64,360.98,5725620
2014-06-23,357.17,360.85,352.5,354.77,2225304
2014-06-24,353.75,355.71,351.0,353.98,2555768
2014-06-25,353.98,359.6,352.23,354.73,1952040
2014-06-26,355.0,361.61,352.73,358.52,4119512
2014-06-27,358.25,371.44,356.46,370.36,7069016
2014-06-30,373.23,377.0,371.25,375.04,4008964
2014-07-01,373.75,375.73,369.5,374.39,3690944
2014-07-02,373.45,374.05,368.02,370.08,2509572
2014-07-03,365.0,372.75,365.0,366.61,5190000
2014-07-04,368.46,371.15,367.17,370.08,1332268
2014-07-07,372.5,378.0,368.77,377.13,4390260
2014-07-08,380.83,380.83,367.5,369.54,5588164
2014-07-09,373.75,373.75,363.85,368.3,7289728
2014-07-10,368.0,374.48,365.15,368.1,2593028
2014-07-11,373.5,377.25,370.08,375.35,3741516
2014-07-14,373.85,375.5,360.0,362.23,6545688
2014-07-15,362.5,368.33,362.5,365.63,2453024
2014-07-16,367.0,369.29,362.75,367.42,2416688
2014-07-17,368.02,370.83,364.75,366.7,1463300
2014-07-18,371.25,377.07,370.02,375.07,2523740
2014-07-21,377.5,379.75,375.02,377.02,3082780
2014-07-22,375.5,383.35,374.0,382.23,3525144
2014-07-23,383.75,387.5,379.73,385.52,3461904
2014-07-24,387.17,397.11,386.25,395.63,3779220
2014-07-25,396.5,396.5,389.61,395.58,4394592
2014-07-28,395.58,406.25,392.77,403.58,7546896
2014-07-30,402.5,404.14,397.77,399.39,4575384
2014-07-31,398.52,398.75,385.27,388.77,9427436
2014-08-01,386.32,387.5,376.75,378.82,7734044
2014-08-04,380.0,391.0,380.0,388.75,5132232
2014-08-05,388.0,390.04,382.04,386.11,2896968
2014-08-06,386.25,389.73,383.83,386.92,2478928
2014-08-07,383.0,385.33,377.5,379.57,3065656
2014-08-08,378.73,385.17,378.02,383.2,2715936
2014-08-11,383.5,385.71,375.55,378.83,2854212
2014-08-12,379.5,380.52,375.67,379.29,2328568
2014-08-13,382.5,391.9,377.8,390.04,3841344
2014-08-14,393.69,394.25,380.5,384.5,2531680
2014-08-18,387.65,388.48,379.5,380.77,2279596
2014-08-19,383.25,385.5,381.42,384.69,1789556
2014-08-20,387.23,391.23,384.67,389.64,3005680
2014-08-21,390.75,396.35,385.05,388.89,4270200
2014-08-22,387.8,403.73,387.8,398.69,4872620
2014-08-25,400.0,404.5,396.13,399.42,2884572
2014-08-26,399.98,404.38,392.13,400.4,3685648
2014-08-27,401.23,413.92,401.23,412.48,4965876
2014-08-28,412.75,416.44,406.2,407.69,5173812
2014-09-01,414.75,414.75,408.38,409.35,1488544
2014-09-02,410.63,414.25,406.07,412.0,1692040
2014-09-03,412.5,418.0,410.69,414.5,5052412
2014-09-04,417.19,418.46,413.14,415.27,2324000
2014-09-05,416.48,417.98,412.75,416.08,2265920
2014-09-08,418.71,420.77,413.35,416.57,2090484
2014-09-09,417.5,418.0,409.02,410.2,2050352
2014-09-10,408.75,413.98,407.08,408.75,1732968
2014-09-11,411.2,413.7,405.33,409.42,2561660
2014-09-12,408.5,409.5,403.17,405.25,3091296
2014-09-15,405.52,406.25,401.35,402.42,2725728
2014-09-16,401.27,409.45,398.73,401.39,2231668
2014-09-17,400.21,408.75,400.2,406.64,2415480
2014-09-18,406.5,413.08,402.58,409.23,2857328
2014-09-19,410.0,427.75,408.52,418.39,8784152
2014-09-22,417.71,425.71,413.75,424.83,1930320
2014-09-23,425.0,433.75,424.2,431.11,6775140
2014-09-24,431.25,433.75,425.94,427.35,2213248
2014-09-25,427.6,432.5,423.67,427.11,3119252
2014-09-26,429.95,431.25,422.8,428.5,3100920
2014-09-29,428.96,431.86,425.1,426.5,2720028
2014-09-30,428.5,431.0,426.52,428.69,3400592
2014-10-01,430.0,438.88,428.33,435.04,6437036
2014-10-07,429.13,444.07,429.13,432.3,4816416
2014-10-08,431.27,436.14,416.25,418.27,4308300
2014-10-09,420.25,427.5,417.75,423.88,2169268
2014-10-10,425.02,435.75,421.73,434.38,4150172
2014-10-13,435.48,442.07,430.38,438.95,3618772
2014-10-14,433.17,438.6,429.15,430.75,2849840
2014-10-16,430.67,435.13,412.02,413.96,5132920
2014-10-17,396.25,398.29,374.33,376.38,17284108
2014-10-20,382.5,383.75,370.0,374.08,8686504
2014-10-21,374.25,378.5,371.27,376.27,5980376
2014-10-22,380.08,380.98,375.5,378.32,2648100
2014-10-23,382.5,383.75,379.79,381.42,484744
2014-10-27,384.5,384.5,371.75,374.19,7635320
2014-10-28,372.77,377.75,370.0,375.29,4554792
2014-10-29,373.83,379.75,373.83,378.0,5262128
2014-10-30,379.48,396.9,379.48,394.19,7462896
2014-10-31,397.0,406.17,395.96,402.1,3381084
2014-11-03,403.75,407.08,391.52,392.7,4489700
2014-11-05,392.75,402.75,388.0,401.25,4521552
2014-11-07,400.32,406.23,400.32,404.67,4924336
2014-11-10,404.67,406.5,396.25,404.39,2880496
2014-11-11,401.75,406.75,401.25,403.88,2249508
2014-11-12,404.95,404.95,397.85,400.13,4119820
2014-11-13,401.23,411.75,397.04,409.88,3344836
2014-11-14,405.52,412.5,401.5,402.67,3885944
2014-11-17,403.98,405.98,399.58,404.92,3151992
2014-11-18,406.25,406.25,399.5,400.17,2493496
2014-11-19,400.02,408.75,400.02,407.79,2264496
2014-11-20,410.0,413.0,405.55,412.25,2598452
2014-11-21,414.0,414.0,407.52,410.67,2194876
2014-11-24,410.75,422.38,409.58,418.32,3043364
2014-11-25,420.0,424.25,405.02,414.39,3713920
2014-11-26,410.4,412.77,404.0,408.29,3226832
2014-11-27,408.75,418.69,405.75,416.08,3862052
2014-11-28,417.5,419.6,411.17,415.58,1872272
2014-12-01,416.25,422.45,412.5,417.79,2494504
2014-12-02,415.0,418.75,409.52,410.33,1474592
2014-12-03,414.38,415.25,407.83,413.65,2619556
2014-12-04,412.15,414.96,404.15,405.96,2789168
2014-12-05,406.98,407.0,398.0,399.2,5571848
2014-12-08,397.77,398.5,385.0,389.88,5132660
2014-12-09,390.7,394.04,386.58,390.17,4783444
2014-12-10,391.25,395.0,386.67,393.14,2574040
2014-12-11,390.25,394.96,385.8,388.02,3030856
2014-12-12,387.52,391.46,376.5,378.13,4364788
2014-12-15,374.98,376.67,362.5,371.33,4641384
2014-12-16,368.0,391.61,368.0,389.73,4342056
2014-12-17,389.98,390.0,377.5,384.85,4354888
2014-12-18,386.25,390.5,380.02,388.57,3485132
2014-12-19,391.08,400.25,386.39,397.3,4051596
2014-12-22,396.02,398.73,391.2,397.13,1639088
2014-12-23,394.63,396.04,380.5,384.33,4030532
2014-12-24,384.88,390.95,353.75,384.92,8100376
2014-12-26,385.39,391.95,380.5,391.17,2106668
2014-12-29,394.0,396.88,392.52,395.02,1203840
2014-12-30,394.0,398.96,392.61,397.27,1301668
2015-01-01,399.75,402.92,396.4,401.7,1336492
2015-01-02,400.52,404.73,400.02,401.32,933372
2015-01-05,403.75,403.75,392.17,394.57,2012624
2015-01-06,393.5,393.6,380.67,384.02,3470408
2015-01-07,384.88,387.0,373.17,374.9,3540560
2015-01-08,379.25,385.0,373.75,383.58,3906036
2015-01-09,384.17,395.92,380.73,386.39,6164448
2015-01-12,388.77,394.75,385.17,393.89,2661684
2015-01-13,393.89,398.73,390.83,395.9,2916072
2015-01-14,398.98,399.7,387.58,394.7,4133276
2015-01-15,398.73,404.61,388.11,398.32,3658976
2015-01-16,398.5,411.02,393.89,409.75,3185348
2015-01-19,412.5,432.5,409.95,411.17,3335832
2015-01-20,415.63,419.82,412.42,418.04,3099268
2015-01-21,415.3,423.0,410.25,421.82,7541032
2015-01-22,422.0,423.27,414.25,416.42,3769104
2015-01-23,415.77,417.23,407.83,411.67,4683076
2015-01-27,412.23,412.23,401.89,404.08,4461772
2015-01-28,402.5,416.44,402.5,414.85,4173388
2015-01-29,414.5,415.67,402.23,412.23,4751440
2015-01-30,452.5,455.0,438.29,447.94,21415344
2015-02-02,450.0,475.0,449.52,472.75,10089756
2015-02-03,477.5,478.75,467.75,475.07,8442272
2015-02-04,475.0,477.5,471.39,475.08,4939900
2015-02-05,475.0,495.21,471.73,493.17,8494896
2015-02-06,492.5,499.25,486.33,488.67,4023848
2015-02-09,485.25,502.38,482.83,498.58,4670508
2015-02-10,496.25,496.96,481.25,483.33,5786408
2015-02-11,484.92,491.75,480.3,488.92,2142516
2015-02-12,487.5,497.5,487.25,496.1,4365376
2015-02-13,497.5,501.0,494.2,498.23,3286008
2015-02-16,498.77,502.0,495.15,496.21,3024868
2015-02-18,497.89,510.0,496.89,508.29,6327804
2015-02-19,507.5,513.67,505.0,512.03,4136952
2015-02-20,512.5,513.75,499.02,500.19,2668572
2015-02-23,500.0,506.92,489.61,492.75,2666340
2015-02-24,492.75,499.7,488.92,494.02,3643048
2015-02-25,497.38,498.4,492.95,495.8,2276348
2015-02-26,495.75,502.0,491.23,493.86,4156644
2015-02-27,497.25,506.42,493.86,505.5,4808820
2015-02-28,506.39,507.46,496.8,505.17,1584520
2015-03-02,510.23,510.23,500.08,506.21,4098336
2015-03-03,507.75,511.23,496.27,507.8,4306688
2015-03-04,509.25,512.92,505.0,509.0,3430308
2015-03-05,509.0,518.72,508.98,516.25,3448716
2015-03-09,514.19,518.72,502.75,516.42,6555768
2015-03-10,513.75,517.25,507.0,511.04,5425488
2015-03-11,515.0,529.22,508.89,514.77,10074260
2015-03-12,516.25,519.83,510.57,513.17,4880440
2015-03-13,514.7,514.75,495.27,503.15,6368968
2015-03-16,505.0,516.5,503.5,514.25,7937836
2015-03-17,516.7,517.22,508.25,509.77,10007444
2015-03-18,510.0,513.19,498.77,501.64,18927840
2015-03-19,495.0,503.2,486.0,489.83,10163240
2015-03-20,489.98,492.5,482.88,489.95,6271108
2015-03-23,490.27,493.8,480.88,484.2,3897136
2015-03-24,484.5,489.5,480.17,485.17,5298696
2015-03-25,486.0,508.9,484.55,503.58,7518574
2015-03-26,503.0,505.0,489.05,493.7,7048128
2015-03-27,491.7,501.5,477.45,481.42,4280330
2015-03-30,483.0,493.1,478.25,490.23,3275064
2015-03-31,490.0,492.02,483.5,490.2,3726676
2015-04-01,473.5,481.5,467.5,470.42,8281168
2015-04-06,466.5,469.5,456.08,466.02,7728748
2015-04-07,469.9,478.0,463.73,467.27,4348138
2015-04-08,472.48,484.5,470.0,479.42,3587334
2015-04-09,484.5,484.5,470.5,482.08,2674132
2015-04-10,479.65,488.85,478.0,483.63,2837478
2015-04-13,483.95,489.25,477.5,488.02,3099142
2015-04-15,489.0,489.0,469.38,472.25,3098572
2015-04-16,474.5,478.95,466.75,477.13,2057382
2015-04-17,474.0,475.35,467.23,470.05,3138232
2015-04-20,472.5,473.85,456.27,462.15,3223104
2015-04-21,420.4,460.0,417.55,445.33,14596284
2015-04-22,442.25,445.95,431.55,438.65,7934682
2015-04-23,441.4,453.5,441.13,447.5,6391380
2015-04-24,445.5,456.4,443.7,448.48,6406490
2015-04-27,448.02,452.98,437.0,441.6,3789232
2015-04-28,439.33,441.88,427.17,435.25,5803656
2015-04-29,435.25,446.6,429.23,443.6,4076096
2015-04-30,441.05,444.0,431.25,440.27,7338470
2015-05-04,440.27,463.38,432.9,459.9,3352524
2015-05-05,461.5,464.5,452.58,455.98,3459534
2015-05-06,453.52,462.9,440.1,445.58,4595278
2015-05-07,448.05,462.48,440.05,460.38,3639964
2015-05-08,463.73,474.38,457.98,462.75,3579368
2015-05-11,467.25,474.75,461.7,470.95,3592212
2015-05-12,471.0,471.73,455.25,457.83,2464630
2015-05-13,458.0,472.0,458.0,468.65,2774824
2015-05-14,469.4,471.0,459.0,462.65,2252426
2015-05-15,462.5,467.4,453.75,456.95,3405608
2015-05-18,458.75,466.75,450.95,465.27,3014132
2015-05-19,465.0,468.38,460.0,467.08,2588934
2015-05-20,470.5,481.88,469.63,480.05,3073544
2015-05-21,481.98,486.98,480.0,485.13,2092768
2015-05-22,481.63,494.0,478.73,492.08,2995660
2015-05-25,492.5,505.0,486.63,499.58,3291366
2015-05-26,499.88,503.5,492.75,496.75,2462108
2015-05-27,495.0,502.48,492.15,495.75,2945442
2015-05-28,493.05,498.33,479.25,490.05,3337232
2015-05-29,488.0,522.47,481.0,505.38,11358676
2015-06-01,496.4,499.25,484.63,486.65,2304588
2015-06-02,488.5,493.45,473.35,476.35,2331440
2015-06-03,477.63,483.0,466.23,476.15,3619974
2015-06-04,471.05,474.4,467.15,470.33,3107452
2015-06-05,470.5,474.45,462.75,464.5,3000646
2015-06-08,459.5,464.0,456.48,459.48,2978860
2015-06-09,457.52,462.5,450.63,455.7,2442408
2015-06-10,457.5,473.0,454.88,471.27,5172246
2015-06-11,470.02,472.48,455.25,457.4,3641272
2015-06-12,456.95,456.95,441.38,448.17,3693056
2015-06-15,449.5,461.42,445.5,454.02,1717342
2015-06-16,454.85,455.83,449.2,453.15,1778324
2015-06-17,455.08,459.3,449.8,453.15,2501764
2015-06-18,457.7,460.27,452.1,456.88,2637416
2015-06-19,457.52,468.75,456.88,459.1,3563616
2015-06-22,459.6,467.75,456.0,465.77,1651062
2015-06-23,469.85,474.67,462.63,463.73,2200268
2015-06-24,464.5,471.95,464.25,469.05,2617310
2015-06-25,465.0,466.52,456.9,463.05,3102502
2015-06-26,463.5,480.0,463.5,478.63,3170238
2015-06-29,466.0,474.73,459.7,464.2,2336726
2015-06-30,463.77,464.77,455.5,459.88,3974968
2015-07-01,458.63,474.5,458.55,472.02,2148066
2015-07-02,472.6,479.98,470.25,477.25,1977048
2015-07-03,473.5,484.5,470.0,482.45,1725652
2015-07-06,472.55,487.75,471.75,484.98,1624082
2015-07-07,482.5,483.9,466.5,468.15,2544644
2015-07-08,462.5,473.5,462.5,466.5,2349626
2015-07-09,469.5,469.5,456.13,458.73,2299680
2015-07-10,465.0,465.0,458.52,462.83,2360456
2015-07-13,467.45,481.5,467.3,480.42,2415516
2015-07-14,481.5,484.0,474.0,477.48,2424140
2015-07-15,475.98,478.73,471.5,474.08,2391962
2015-07-16,479.4,481.8,472.52,478.27,1770108
2015-07-17,481.5,486.5,476.27,477.7,2073870
2015-07-20,478.35,479.9,471.5,473.33,1413184
2015-07-21,474.2,495.0,473.95,487.4,3963108
2015-07-22,487.4,492.98,483.65,491.52,1401298
2015-07-23,492.0,497.48,482.8,485.02,1595332
2015-07-24,490.35,490.35,475.27,476.33,2367716
2015-07-27,475.92,479.13,461.63,468.55,3351408
2015-07-28,468.85,474.48,460.08,461.67,2392180
2015-07-29,467.0,477.0,462.65,475.67,2906782
2015-07-30,479.95,486.5,476.52,478.95,3093446
2015-07-31,478.0,503.0,478.0,499.13,3933792
2015-08-03,476.23,481.73,467.15,469.42,7071618
2015-08-04,471.3,475.0,465.0,466.45,3809446
2015-08-05,469.45,472.5,465.6,468.7,2358616
2015-08-06,473.1,475.0,470.83,473.0,1869728
2015-08-07,473.0,473.63,467.75,469.67,1818186
2015-08-10,469.63,475.0,465.05,468.23,2216746
2015-08-11,470.6,473.0,468.5,470.2,1718378
2015-08-12,470.9,486.8,470.35,485.4,4219772
2015-08-13,488.9,494.45,478.05,482.77,3156994
2015-08-14,483.55,491.95,480.92,486.85,1578496
2015-08-17,488.2,490.1,481.0,484.23,1681246
2015-08-18,486.98,492.98,482.5,484.8,3223016
2015-08-19,487.52,498.85,485.75,494.08,3291464
2015-08-20,496.23,496.23,478.25,480.63,2518670
2015-08-21,478.5,488.75,470.0,482.45,3595260
2015-08-24,472.0,474.4,459.52,463.95,4216894
2015-08-25,465.0,466.85,444.95,457.02,5470038
2015-08-26,456.05,467.45,442.0,451.23,4809020
2015-08-27,454.05,463.98,452.7,456.55,4055770
2015-08-28,462.3,477.45,462.25,476.1,3081798
2015-08-31,479.1,490.0,479.1,485.52,5442574
2015-09-01,483.5,488.25,463.0,473.8,2847846
2015-09-02,475.0,484.48,472.05,474.45,4090120
2015-09-03,481.0,483.38,475.25,480.5,2251964
2015-09-04,479.13,482.17,468.0,470.15,2665780
2015-09-07,470.0,472.48,457.5,460.42,1340504
2015-09-08,459.0,472.02,459.0,468.17,2376662
2015-09-09,471.5,478.0,469.0,471.6,2106428
2015-09-10,466.5,468.0,454.5,457.95,4118846
2015-09-11,460.5,462.48,453.23,460.1,2202750
2015-09-14,460.6,465.5,458.6,464.27,1539742
2015-09-15,465.0,465.8,460.5,464.4,2451676
2015-09-16,469.0,473.83,465.08,469.45,1801066
2015-09-18,477.0,477.95,468.8,475.27,2847952
2015-09-21,471.02,484.63,470.85,472.0,1972562
2015-09-22,473.5,482.75,465.5,471.6,3214618
2015-09-23,467.5,467.5,456.38,463.55,2276518
2015-09-24,464.0,479.25,463.8,477.48,3062620
2015-09-28,478.0,482.23,472.5,475.25,1557438
2015-09-29,470.0,480.25,470.0,476.85,2818428
2015-09-30,481.0,494.85,476.92,491.08,3516284
2015-10-01,445.0,457.4,417.42,428.52,26766424
2015-10-05,422.85,435.4,419.02,429.95,13383762
2015-10-06,431.5,434.0,424.35,426.8,5909462
2015-10-07,422.5,424.38,405.55,408.6,13752674
2015-10-08,414.4,418.7,406.25,414.1,17216848
2015-10-09,417.75,425.4,416.75,424.6,9468336
2015-10-12,429.5,430.48,414.83,427.55,4835846
2015-10-13,426.0,426.5,413.17,414.95,5837378
2015-10-14,414.5,419.48,412.5,416.77,2702158
2015-10-15,417.5,419.45,414.0,417.5,3644676
2015-10-16,418.02,422.88,417.5,420.58,2270164
2015-10-19,415.0,430.5,409.35,428.88,10051980
2015-10-20,429.5,434.25,424.23,432.15,5670558
2015-10-21,433.4,434.48,426.05,431.52,2594696
2015-10-23,433.5,434.95,424.0,426.48,3064858
2015-10-26,429.67,434.33,428.55,431.77,4157440
2015-10-27,431.5,437.0,427.3,433.83,3081400
2015-10-28,433.5,440.0,427.0,438.77,3351280
2015-10-29,438.85,442.6,436.63,437.95,4243554
2015-10-30,438.0,438.5,433.77,435.85,2655794
2015-11-02,437.5,440.45,435.05,438.15,2020104
2015-11-03,438.13,440.95,437.13,438.05,2115610
2015-11-04,439.5,442.2,437.5,440.8,1683688
2015-11-05,440.8,441.9,437.02,438.75,2370498
2015-11-06,438.75,444.75,437.3,442.73,2653852
2015-11-09,439.45,442.5,435.05,441.25,3043880
2015-11-10,438.13,439.92,423.6,425.65,1678382
2015-11-11,427.45,430.0,421.0,426.17,227958
2015-11-13,412.5,428.4,411.6,421.7,2950796
2015-11-16,414.05,421.2,412.5,419.3,2876114
2015-11-17,422.25,429.95,417.88,428.38,3405776
2015-11-18,426.98,426.98,417.63,422.83,3046948
2015-11-19,425.0,438.42,423.02,436.98,3528336
2015-11-20,436.0,437.2,427.75,433.27,3386922
2015-11-23,431.0,433.98,429.3,431.88,1179312
2015-11-24,431.05,436.25,428.3,433.1,2248674
2015-11-26,430.6,434.5,428.42,431.45,2081658
2015-11-27,432.0,437.5,431.6,436.27,1580942
2015-11-30,436.08,440.88,431.33,435.48,5165146
2015-12-01,435.48,442.85,434.52,438.85,2547178
2015-12-02,441.0,441.0,428.0,429.83,2575382
2015-12-03,428.0,428.0,424.63,425.58,3836614
2015-12-04,424.63,425.0,415.58,418.0,3778328
2015-12-07,420.1,426.42,417.0,421.15,2622184
2015-12-08,420.83,433.95,420.83,429.02,3176258
2015-12-09,428.5,428.5,419.85,422.13,2604402
2015-12-10,422.0,425.0,418.5,422.85,1837816
2015-12-11,424.95,424.95,418.13,420.3,1062294
2015-12-14,421.5,426.33,413.0,420.42,1536460
2015-12-15,424.85,424.85,420.45,422.6,1609352
2015-12-16,424.65,429.9,421.35,423.52,1630720
2015-12-17,425.73,432.15,423.63,430.23,1939764
2015-12-18,430.0,432.5,422.45,423.08,2838258
2015-12-21,422.5,428.98,421.58,427.73,917704
2015-12-22,427.5,427.73,422.92,424.63,1436920
2015-12-23,425.0,432.73,424.75,431.9,1346418
2015-12-24,430.35,433.0,427.77,430.15,741556
2015-12-28,429.25,437.0,426.92,433.85,1803666
2015-12-29,432.48,433.0,423.27,427.25,2285528
2015-12-30,427.42,429.25,419.0,420.25,1752074
2015-12-31,418.5,430.0,418.48,427.55,1747706
2016-01-01,427.55,427.55,421.75,422.92,970392
2016-01-04,420.5,427.48,418.73,422.98,2172072
2016-01-05,424.48,425.52,418.2,421.4,1465382
2016-01-06,426.85,426.85,418.5,420.7,2797870
2016-01-07,418.05,418.95,409.5,412.52,2901314
2016-01-08,414.0,418.38,406.9,414.17,3376870
2016-01-11,407.5,416.5,405.55,407.27,2535276
2016-01-12,409.0,409.5,399.02,405.02,2315328
2016-01-13,407.4,414.92,402.15,413.2,3158468
2016-01-14,405.02,420.9,405.02,414.42,5081220
2016-01-15,414.25,421.0,408.0,419.02,4571182
2016-01-18,415.55,426.98,415.55,421.17,3774136
2016-01-19,433.5,435.0,400.0,419.13,10618998
2016-01-20,415.52,423.0,411.5,420.95,3976018
2016-01-21,422.0,425.08,415.63,417.63,3348430
2016-01-22,419.0,425.48,415.95,419.63,2018478
2016-01-25,423.75,429.45,418.42,419.35,2190134
2016-01-27,419.0,420.45,415.1,418.0,2201518
2016-01-28,416.5,424.9,414.85,422.25,3201306
2016-01-29,422.63,435.0,421.15,432.88,3835114
2016-02-01,432.9,444.95,432.9,440.15,2594492
2016-02-02,440.0,442.5,433.52,436.33,2225464
2016-02-03,433.17,435.0,424.42,426.05,1956090
2016-02-04,427.55,437.4,424.48,433.67,2634614
2016-02-05,438.5,438.5,429.17,434.83,1967702
2016-02-08,433.05,434.48,423.0,424.88,1610434
2016-02-09,421.5,422.0,402.98,405.23,3334436
2016-02-10,407.75,416.5,403.8,413.7,2265394
2016-02-11,413.7,413.7,400.8,404.0,3238414
2016-02-12,407.0,412.92,392.48,399.13,2784934
2016-02-15,406.5,416.25,405.17,413.55,2761612
2016-02-16,412.55,418.95,409.63,412.15,2104598
2016-02-17,414.98,417.5,408.17,412.4,2720362
2016-02-18,414.52,423.5,413.67,421.98,2129164
2016-02-19,421.0,428.5,414.2,425.77,2366136
2016-02-22,424.9,424.9,420.05,422.98,1847550
2016-02-23,422.5,424.5,413.5,414.48,1260954
2016-02-24,414.8,419.5,404.5,405.52,1722248
2016-02-25,403.5,407.5,399.85,404.38,1619632
2016-02-26,407.17,416.0,407.0,412.33,2047824
2016-02-29,411.0,415.83,397.5,406.63,3094060
2016-03-01,406.95,420.7,404.5,416.08,2114472
2016-03-02,418.5,432.5,414.67,427.42,3279278
2016-03-03,432.5,433.17,425.8,429.65,2015842
2016-03-04,430.1,430.55,415.17,417.7,3554776
2016-03-08,414.0,415.98,404.73,407.63,6490012
2016-03-09,406.98,409.0,400.67,407.83,12221478
2016-03-10,410.9,411.45,403.2,408.92,5015794
2016-03-11,408.5,412.5,406.25,411.52,4241030
2016-03-14,411.92,415.2,411.0,413.95,2852722
2016-03-15,413.0,413.48,405.25,405.92,2711290
2016-03-16,406.73,408.25,403.75,407.45,2436508
2016-03-17,410.0,414.5,405.27,407.65,3429634
2016-03-18,408.0,414.4,407.5,412.08,3323064
2016-03-21,414.0,414.0,407.6,411.27,3316402
2016-03-22,410.38,415.5,408.5,414.23,5466422
2016-03-23,414.0,415.0,406.7,408.85,5018640
2016-03-28,409.95,413.25,403.23,405.33,5914488
2016-03-29,407.3,408.1,399.95,403.4,5063370
2016-03-30,402.73,411.0,402.73,410.3,4604684
2016-03-31,407.5,412.25,404.95,407.05,9173934
2016-04-01,410.0,412.0,403.5,410.2,5329616
2016-04-04,407.5,420.98,407.5,419.92,5661970
2016-04-05,419.92,424.45,416.27,421.63,4999776
2016-04-06,423.5,423.98,413.05,419.38,2165840
2016-04-07,423.45,423.45,413.5,414.23,1881660
2016-04-08,415.92,418.0,412.8,416.55,1445784
2016-04-11,418.23,420.98,412.2,419.65,1940546
2016-04-12,421.5,422.5,415.63,419.83,1419372
2016-04-13,422.48,423.25,417.58,418.77,2636408
2016-04-18,422.52,430.33,422.5,426.65,5853044
2016-04-20,431.25,431.25,417.75,420.6,2778022
2016-04-21,422.0,427.67,419.25,423.13,2235054
2016-04-22,419.17,426.45,419.17,422.58,2221718
2016-04-25,420.63,425.0,420.63,422.55,1662860
2016-04-26,419.52,427.7,416.58,424.9,2257126
2016-04-27,424.75,427.95,415.52,418.77,4550172
2016-04-28,402.5,411.5,398.33,399.95,17843912
2016-04-29,397.0,397.0,373.6,375.15,17978662
2016-05-02,375.0,378.15,370.05,371.1,5021166
2016-05-03,373.5,373.77,363.02,364.2,6999808
2016-05-04,363.5,370.25,363.13,368.55,6404110
2016-05-05,368.4,369.9,362.75,366.45,5077866
2016-05-06,366.48,366.48,360.5,361.3,6136478
2016-05-09,362.0,366.5,359.13,360.7,7384902
2016-05-10,361.75,362.1,358.05,359.4,5401936
2016-05-11,355.5,358.4,353.2,354.38,8421688
2016-05-12,355.5,359.45,354.75,357.35,3558646
2016-05-13,359.0,363.5,356.5,361.58,7150908
2016-05-16,362.77,362.8,358.08,359.48,3233028
2016-05-17,360.0,369.5,360.0,366.15,7834720
2016-05-18,366.0,372.3,363.5,371.13,4249196
2016-05-19,369.0,372.0,363.75,365.05,3490682
2016-05-20,364.5,370.0,364.5,368.33,3846760
2016-05-23,369.17,369.92,366.0,366.77,2076592
2016-05-24,367.5,370.73,365.02,369.63,2790030
2016-05-25,371.0,375.2,370.08,374.67,3373494
2016-05-26,375.52,376.0,368.33,370.45,6462218
2016-05-27,371.3,379.85,371.3,378.8,6090190
2016-05-30,380.55,381.85,372.6,373.77,3186652
2016-05-31,374.0,376.67,368.17,369.9,30096216
2016-06-01,372.0,372.17,365.85,367.27,4493556
2016-06-02,367.5,369.8,357.75,360.67,8587656
2016-06-03,362.65,363.23,360.35,360.95,3006706
2016-06-06,361.0,364.35,357.8,362.3,4081070
2016-06-07,364.0,365.73,360.8,363.35,4984376
2016-06-08,364.5,372.5,364.17,371.75,3800608
2016-06-09,374.35,377.95,372.0,376.52,5557702
2016-06-10,375.0,379.0,372.98,375.52,11571664
2016-06-13,372.5,378.0,370.85,376.83,4130226
2016-06-14,377.5,382.48,372.02,376.2,3292742
2016-06-15,375.5,378.65,374.98,377.6,1958544
2016-06-16,376.27,377.0,371.25,375.85,2266304
2016-06-17,375.0,377.5,373.92,376.83,5434012
2016-06-20,374.98,390.73,373.92,385.33,8265372
2016-06-21,384.25,387.9,383.1,385.05,2932940
2016-06-22,387.0,387.0,383.15,385.23,3134118
2016-06-23,385.0,386.0,381.0,384.9,2584436
2016-06-24,371.98,373.35,361.65,370.92,6163378
2016-06-27,365.1,374.5,360.5,367.52,2887506
2016-06-28,364.5,368.75,355.58,356.6,5685362
2016-06-29,357.85,364.98,354.0,364.23,4966468
2016-06-30,364.6,367.73,363.2,365.23,4793986
2016-07-01,367.5,368.4,365.0,365.85,2023766
2016-07-04,367.5,375.0,367.02,374.17,3263618
2016-07-05,374.0,374.0,366.1,369.2,3735640
2016-07-07,370.5,370.5,357.88,358.55,6865136
2016-07-08,357.5,362.88,357.5,360.92,1702632
2016-07-11,361.0,363.3,357.52,358.4,4248750
2016-07-12,359.0,361.65,358.02,360.67,3229836
2016-07-13,361.25,362.0,358.3,360.0,6713100
2016-07-14,360.75,364.95,359.8,364.13,2168772
2016-07-15,366.45,370.0,355.13,358.75,5935062
2016-07-18,361.1,362.35,357.5,361.25,1857346
2016-07-19,358.88,365.85,358.88,365.08,3469512
2016-07-20,362.45,365.95,358.3,365.0,2444450
2016-07-21,365.0,365.45,360.08,361.77,1770048
2016-07-22,362.5,365.0,360.8,364.6,1828628
2016-07-25,364.75,370.5,362.5,370.2,2976604
2016-07-26,369.45,373.7,368.13,372.63,2698330
2016-07-27,373.5,377.45,371.25,376.75,3354578
2016-07-28,378.75,379.48,373.05,375.4,4554068
2016-07-29,374.5,379.0,372.75,376.48,1694656
2016-08-01,376.5,395.5,376.25,390.23,6053078
2016-08-02,392.92,402.45,390.58,400.38,9400178
2016-08-03,428.5,429.25,408.17,413.08,19105090
2016-08-04,416.5,418.0,410.05,411.92,2971674
2016-08-05,412.4,415.73,408.65,410.88,2600712
2016-08-08,411.0,414.7,405.8,409.55,3029132
2016-08-09,410.5,412.3,405.52,408.42,2480738
2016-08-10,408.38,410.0,402.77,409.08,2305396
2016-08-11,410.0,413.73,406.9,412.27,3479246
2016-08-12,413.02,417.75,403.5,407.1,3303140
2016-08-16,406.6,411.9,392.77,396.17,4489542
2016-08-17,395.0,400.42,391.0,392.27,4735658
2016-08-18,394.9,396.2,390.05,392.9,3083444
2016-08-19,392.5,397.2,389.8,390.92,2618344
2016-08-22,392.48,393.67,382.5,386.13,2693530
2016-08-23,388.0,397.92,385.8,395.5,3415382
2016-08-24,397.5,399.17,390.55,395.17,2417448
2016-08-25,399.0,402.5,397.02,399.02,4425822
2016-08-26,399.0,400.23,386.4,389.38,3324064
2016-08-29,391.48,391.48,375.55,377.55,3060904
2016-08-30,378.0,387.88,376.95,386.95,4320538
2016-08-31,387.0,396.73,386.52,389.27,5584352
2016-09-01,390.65,394.77,389.55,391.9,2597516
2016-09-02,393.48,393.75,389.55,392.27,2263652
2016-09-06,390.13,394.15,387.35,392.8,3044598
2016-09-07,395.95,403.5,391.5,393.55,3579364
2016-09-08,390.75,390.95,375.25,386.98,5158732
2016-09-09,387.0,394.75,386.5,390.27,2934120
2016-09-12,386.0,396.05,385.0,391.35,4770494
2016-09-14,392.33,397.33,387.5,388.17,3247132
2016-09-15,391.48,392.25,387.5,389.5,1906998
2016-09-16,391.0,395.48,387.0,393.17,4318854
2016-09-19,395.0,399.1,390.95,394.52,3766566
2016-09-20,397.48,397.88,392.25,396.02,3031210
2016-09-21,396.98,399.0,394.25,396.3,2806130
2016-09-22,399.5,399.98,391.9,394.42,2234722
2016-09-23,397.33,402.0,396.2,398.63,5211570
2016-09-26,397.52,398.48,392.83,394.48,3651990
2016-09-27,394.48,399.9,392.0,397.92,3263196
2016-09-28,399.0,400.95,395.0,398.15,3066374
2016-09-29,399.5,402.3,390.65,395.52,5692688
2016-09-30,398.5,402.0,393.5,399.95,3662600
2016-10-03,402.5,406.0,397.2,404.3,3033736
2016-10-04,406.25,410.5,405.0,409.08,3013374
2016-10-05,409.13,411.63,403.13,408.0,1596940
2016-10-06,408.0,408.38,398.6,400.77,3177462
2016-10-07,401.08,404.73,392.65,403.27,1535854
2016-10-10,401.0,407.92,401.0,406.5,1538488
2016-10-13,404.9,412.55,395.33,401.65,4152022
2016-10-14,402.0,411.25,399.92,406.35,2752386
2016-10-17,408.8,409.0,401.5,404.2,1480186
2016-10-18,406.0,418.2,406.0,417.4,2653938
2016-10-19,417.3,420.83,413.0,415.27,4278520
2016-10-20,414.77,416.5,406.02,407.77,4977454
2016-10-21,411.5,424.35,410.63,415.88,10282518
2016-10-24,415.63,418.45,404.33,405.33,3414444
2016-10-25,403.38,405.75,401.25,402.27,3469130
2016-10-26,400.85,401.92,393.8,395.42,3223550
2016-10-27,392.4,393.33,385.65,387.15,4050632
2016-10-28,387.08,390.6,380.0,381.58,5422932
2016-10-30,385.0,387.0,382.5,383.88,283728
2016-11-01,385.9,388.2,383.5,386.45,2196342
2016-11-02,382.5,386.5,381.5,382.15,2054166
2016-11-03,382.95,384.63,380.25,381.55,2406676
2016-11-04,381.5,399.5,381.5,397.38,5683326
2016-11-07,400.0,413.75,397.45,408.6,5987574
2016-11-08,405.5,407.95,395.63,404.5,2514742
2016-11-09,382.5,398.88,381.58,392.42,5296796
2016-11-10,395.02,402.9,388.0,394.83,3644546
2016-11-11,392.42,396.5,377.5,382.05,5043522
2016-11-15,382.5,393.5,368.0,385.38,5257576
2016-11-16,388.0,393.98,382.13,386.92,4562692
2016-11-17,383.0,388.0,378.0,380.08,5376838
2016-11-18,378.8,389.48,378.8,381.92,3682234
2016-11-21,382.5,389.75,377.6,379.17,2155720
2016-11-22,382.5,383.75,377.52,381.05,2063646
2016-11-23,381.5,384.35,378.23,381.73,1801756
2016-11-24,382.5,386.33,376.5,383.9,4187488
2016-11-25,385.98,406.0,385.02,400.98,5477332
2016-11-28,403.0,405.58,395.17,403.02,3033048
2016-11-29,403.0,406.85,399.65,402.65,1647360
2016-11-30,405.0,405.23,399.0,401.9,3063460
2016-12-01,401.95,403.25,396.0,401.55,2512750
2016-12-02,400.85,408.45,395.0,396.8,2103394
2016-12-05,394.77,400.73,391.1,396.7,1507316
2016-12-06,399.0,400.75,389.2,390.45,1557628
2016-12-07,393.35,394.55,385.55,392.67,1621702
2016-12-08,394.5,398.5,391.5,397.42,2063636
2016-12-09,398.5,402.95,391.63,401.65,2699554
2016-12-12,398.0,401.77,395.33,399.9,3011062
2016-12-13,400.52,401.95,395.6,400.48,1877952
2016-12-14,403.05,412.15,398.13,410.4,3721154
2016-12-15,411.0,420.0,411.0,416.08,5601630
2016-12-16,417.9,417.9,407.6,410.3,2632882
2016-12-19,410.3,413.45,407.5,412.35,2148158
2016-12-20,412.5,417.08,412.17,415.08,2804568
2016-12-21,417.5,418.4,408.15,410.4,2063788
2016-12-22,409.15,411.45,403.0,408.55,1582514
2016-12-23,408.0,408.0,395.5,396.88,2905268
2016-12-26,395.95,398.9,391.65,395.2,1117150
2016-12-27,394.45,404.95,393.5,402.42,1011418
2016-12-28,405.0,408.88,402.08,403.52,1434432
2016-12-29,403.55,412.45,402.65,409.67,3560002
2016-12-30,411.0,415.0,407.45,413.98,2051884
2017-01-02,411.5,417.0,411.15,414.25,842486
2017-01-03,415.5,418.5,411.75,417.58,1437066
2017-01-04,417.77,430.0,416.52,428.48,4233756
2017-01-05,430.0,434.88,420.05,422.33,4157614
2017-01-06,417.5,420.15,403.38,407.2,5591598
2017-01-09,403.25,420.08,402.98,419.15,3839588
2017-01-10,421.35,422.0,417.25,418.92,2613934
2017-01-11,419.75,422.25,413.38,416.63,2766112
2017-01-12,415.02,424.95,415.02,423.85,3290556
2017-01-13,425.1,428.98,419.3,425.13,4573998
2017-01-16,423.95,423.95,413.4,415.27,2429338
2017-01-17,413.5,421.75,413.5,418.88,4099262
2017-01-18,418.75,422.77,418.13,422.02,2168782
2017-01-19,422.0,425.73,418.8,422.08,2112076
2017-01-20,420.0,422.5,416.85,419.38,2219790
2017-01-23,417.0,430.25,414.0,428.65,3969016
2017-01-24,421.0,427.0,413.45,424.4,7390624
2017-01-25,426.5,428.65,418.77,420.63,3855738
2017-01-27,422.0,424.95,420.33,422.1,2699128
2017-01-30,415.55,421.2,414.05,420.13,1899068
2017-01-31,417.63,418.65,393.55,405.58,9645094
2017-02-01,402.5,409.75,389.33,406.98,9033230
2017-02-02,407.0,417.05,405.08,413.58,3760086
2017-02-03,412.5,417.85,408.42,415.38,2257058
2017-02-06,417.5,418.25,408.3,412.05,2185076
2017-02-07,412.0,413.85,406.0,407.85,2605080
2017-02-08,409.5,409.52,402.38,404.25,2824810
2017-02-09,405.48,411.15,401.02,409.85,3130268
2017-02-10,411.05,415.0,406.15,414.2,3550994
2017-02-13,415.5,416.83,410.5,413.65,1209256
2017-02-14,414.6,417.23,412.25,416.0,2246504
2017-02-15,416.0,419.3,411.3,415.15,1995766
2017-02-16,413.63,423.45,413.63,422.5,3441322
2017-02-17,425.0,425.0,415.55,419.63,2079702
2017-02-20,421.0,423.5,418.63,422.0,1331008
2017-02-21,422.05,431.25,422.05,425.65,3074096
2017-02-22,426.15,432.5,415.27,417.1,3487340
2017-02-23,417.5,425.5,417.5,421.42,6776184
2017-02-27,422.45,425.67,418.02,419.98,2385238
2017-02-28,422.0,423.0,417.92,420.05,2286110
2017-03-01,421.5,425.5,419.77,424.55,2193694
2017-03-02,425.0,426.75,419.65,421.88,1735692
2017-03-03,422.0,427.4,417.58,426.45,1712464
2017-03-06,425.35,433.85,423.05,427.77,3084616
2017-03-07,430.85,430.85,426.1,428.67,1494044
2017-03-08,428.5,429.0,422.13,423.85,1458528
2017-03-09,427.0,427.0,421.17,422.17,1533834
2017-03-10,424.67,429.0,420.45,423.17,1412616
2017-03-14,432.5,432.5,425.0,426.8,3171728
2017-03-15,425.25,427.95,418.63,421.45,2478532
2017-03-16,430.4,431.95,424.8,427.7,3690466
2017-03-17,428.63,435.5,426.5,432.88,3987020
2017-03-20,435.98,439.5,430.58,432.17,3392968
2017-03-21,432.5,437.2,425.98,429.65,7366514
2017-03-22,425.35,437.35,424.25,436.38,3364236
2017-03-23,435.52,440.0,434.48,438.33,2848278
2017-03-24,436.15,438.25,435.58,436.52,1751020
2017-03-27,434.0,436.6,423.52,426.08,2353860
2017-03-28,427.77,435.38,426.08,429.95,1796222
2017-03-29,432.7,439.75,429.8,438.8,4242538
2017-03-30,435.0,440.85,432.52,437.92,2927478
2017-03-31,442.0,445.08,433.5,437.38,4314580
2017-04-03,437.05,439.13,429.25,433.13,1874754
2017-04-05,434.5,434.5,423.2,425.25,3578706
2017-04-06,424.0,428.27,423.5,426.75,2089810
2017-04-07,426.95,429.3,423.45,424.65,2059774
2017-04-10,424.5,428.75,415.5,416.52,1485086
2017-04-11,417.5,419.0,413.0,416.9,2620546
2017-04-12,415.67,417.48,413.5,415.83,1311888
2017-04-13,416.25,416.25,402.7,404.55,2293364
2017-04-17,400.08,408.75,400.08,405.4,1404094
2017-04-18,406.0,409.98,402.0,404.02,2028564
2017-04-19,403.25,409.77,401.98,404.3,2636200
2017-04-20,405.38,407.95,404.3,407.45,1079608
2017-04-21,408.5,410.73,403.9,406.38,1780310
2017-04-24,406.5,412.0,404.63,409.77,1373968
2017-04-25,412.0,412.92,406.8,409.98,2194602
2017-04-26,410.95,411.0,398.27,400.13,1918248
2017-04-27,398.5,410.0,398.1,404.85,5640334
2017-04-28,406.45,410.0,399.88,407.05,2794138
2017-05-02,408.08,412.73,405.85,411.02,1722732
2017-05-03,412.48,418.75,410.5,417.55,1989864
2017-05-04,418.05,421.3,404.08,409.0,2758496
2017-05-05,410.48,416.0,407.15,414.8,1856816
2017-05-08,414.92,422.5,412.85,420.1,1581634
2017-05-09,422.5,427.42,419.98,424.88,1814522
2017-05-10,424.38,425.45,419.05,421.8,1515412
2017-05-11,428.9,429.4,417.8,419.35,7029834
2017-05-12,420.0,424.1,419.52,423.83,3295402
2017-05-15,424.25,425.0,422.5,424.27,1375146
2017-05-16,425.0,428.05,424.02,424.8,5948804
2017-05-17,426.0,427.65,421.1,426.77,2747118
2017-05-18,425.42,436.13,422.13,424.2,7317362
2017-05-19,426.5,427.25,422.05,422.35,2896062
2017-05-22,425.0,431.13,424.0,428.73,5784538
2017-05-23,431.5,435.4,429.58,432.45,6427042
2017-05-24,427.45,428.98,420.0,427.42,4033036
2017-05-25,430.13,433.75,426.3,429.8,5896078
2017-05-26,428.85,433.0,427.73,429.55,2604830
2017-05-29,429.45,436.0,425.73,432.23,3686630
2017-05-30,432.23,435.98,426.48,434.08,2826830
2017-05-31,432.05,434.65,429.13,432.13,5747114
2017-06-01,431.5,435.5,429.58,431.13,1843166
2017-06-02,431.4,434.85,426.85,428.95,2223574
2017-06-05,428.0,433.45,428.0,429.35,2816618
2017-06-06,437.75,454.8,433.05,444.73,13253770
2017-06-07,446.67,447.45,432.27,440.25,6733948
2017-06-08,440.0,440.2,432.5,434.17,2830620
2017-06-09,433.27,436.45,428.3,430.38,2701028
2017-06-12,431.4,434.33,426.02,432.77,2065426
2017-06-13,431.0,432.45,421.15,423.58,2487790
2017-06-14,424.75,428.02,420.5,426.83,1801536
2017-06-15,426.5,426.5,420.75,422.2,3547290
2017-06-16,421.0,423.5,417.5,419.5,3824660
2017-06-19,419.75,422.95,415.15,421.25,1690856
2017-06-20,422.5,427.52,421.5,427.13,2082258
2017-06-21,427.0,427.0,419.05,421.73,1819308
2017-06-22,424.5,427.0,418.1,424.58,2895584
2017-06-23,425.0,429.0,421.17,425.92,2161888
2017-06-27,426.0,429.5,416.6,420.1,2184790
2017-06-28,419.25,428.63,416.65,424.2,2476764
2017-06-29,425.95,428.5,421.25,423.8,2984220
2017-06-30,424.23,427.98,419.2,425.45,2257114
2017-07-03,426.0,426.98,416.15,419.08,3953676
2017-07-04,424.2,424.98,419.0,420.77,1981500
2017-07-05,419.5,420.6,417.55,418.75,2420508
2017-07-06,420.0,421.2,417.85,420.33,1373060
2017-07-07,420.25,420.25,414.4,415.95,2303234
2017-07-10,417.0,428.42,415.05,424.83,468588
2017-07-11,422.83,434.5,422.83,425.33,2993400
2017-07-12,425.05,429.25,423.02,427.0,1205956
2017-07-13,428.05,431.95,427.75,429.3,1912818
2017-07-14,430.0,430.2,422.52,425.17,1288116
2017-07-17,424.5,435.0,421.95,434.05,1818014
2017-07-18,434.55,442.15,434.17,440.35,1977378
2017-07-19,442.5,449.8,442.5,447.7,2912888
2017-07-20,449.5,449.5,441.2,442.83,1613768
2017-07-21,442.0,454.0,442.0,452.48,2483620
2017-07-24,452.48,456.0,450.6,453.7,3004440
2017-07-25,451.0,452.45,443.0,447.52,3584666
2017-07-26,446.5,451.75,442.0,446.35,3023714
2017-07-27,451.5,464.0,442.67,445.13,9319652
2017-07-28,444.0,448.45,420.5,446.55,3042762
2017-07-31,444.0,449.0,439.23,446.45,1894566
2017-08-01,444.5,449.0,439.0,442.1,2664554
2017-08-02,444.0,446.5,438.45,441.0,1658180
2017-08-03,441.1,442.2,435.48,437.88,2544010
2017-08-04,437.5,447.25,436.55,445.33,1141420
2017-08-07,445.0,447.35,440.7,443.0,1646970
2017-08-08,441.3,442.7,438.05,441.0,1731896
2017-08-09,435.5,442.33,435.5,439.38,1071692
2017-08-10,436.52,443.0,435.4,441.45,1693074
2017-08-11,439.05,444.6,432.27,436.15,3384860
2017-08-14,436.5,439.2,428.02,430.05,808098
2017-08-16,432.0,434.33,425.5,432.25,2250010
2017-08-17,436.2,437.55,430.38,435.7,1602350
2017-08-18,436.92,442.35,431.77,438.13,2129910
2017-08-21,438.88,442.5,435.1,437.02,1339674
2017-08-22,440.5,443.13,436.65,437.92,1506462
2017-08-23,438.95,441.48,431.5,440.0,1509778
2017-08-24,442.0,442.0,433.0,433.75,1624246
2017-08-28,434.15,437.27,428.92,433.83,1792508
2017-08-29,434.0,434.8,425.0,426.27,1945588
2017-08-30,428.5,429.0,421.63,424.6,3387850
2017-08-31,425.0,435.2,420.1,432.65,5019082
2017-09-01,431.8,442.5,427.5,432.88,1600518
2017-09-04,436.95,436.95,428.5,430.3,1149942
2017-09-05,429.0,431.25,424.2,429.95,1095614
2017-09-06,431.5,436.0,423.1,425.52,1658772
2017-09-07,428.7,431.85,425.63,429.65,2949318
2017-09-08,433.45,434.75,428.05,429.75,2320104
2017-09-11,431.0,433.65,426.0,430.35,1439608
2017-09-12,433.5,433.5,428.08,432.02,1698738
2017-09-13,432.0,437.5,430.85,435.65,2237308
2017-09-14,438.0,441.02,435.65,440.4,2327652
2017-09-15,440.9,446.67,434.15,443.52,3502380
2017-09-18,445.0,449.25,444.5,448.67,1361938
2017-09-19,449.0,449.0,444.63,446.83,1095726
2017-09-20,447.5,448.33,442.5,444.73,1792966
2017-09-21,445.4,447.0,434.52,435.15,5197522
2017-09-22,435.0,445.0,434.8,442.23,6281534
2017-09-25,440.0,442.0,435.05,437.02,3550896
2017-09-26,439.45,443.45,432.15,436.83,3446850
2017-09-27,437.98,440.48,436.05,437.33,2541882
2017-09-28,437.33,440.38,430.83,437.6,6193068
2017-09-29,438.5,443.13,433.35,437.4,2360270
2017-10-03,439.23,443.73,438.38,441.27,2684244
2017-10-04,441.95,444.23,439.0,443.3,1240900
2017-10-05,444.0,450.85,442.58,446.58,3552176
2017-10-06,443.9,454.5,443.9,453.95,3640948
2017-10-09,453.88,453.88,448.73,451.4,1206462
2017-10-10,452.5,458.5,448.55,449.8,3423160
2017-10-11,449.75,458.0,449.75,454.48,4337494
2017-10-12,456.0,460.0,453.15,458.0,2076624
2017-10-13,459.88,468.0,456.95,463.25,2210684
2017-10-16,463.25,466.45,460.0,461.5,1651154
2017-10-17,459.15,466.92,459.15,461.65,960424
2017-10-18,463.0,465.5,458.9,461.85,1160686
2017-10-19,458.3,463.0,458.3,461.15,58388
2017-10-23,461.4,471.9,461.05,468.63,3597394
2017-10-24,469.5,469.75,454.02,457.27,3155652
2017-10-25,447.2,462.0,438.0,453.52,6147680
2017-10-26,453.38,455.0,429.0,434.52,11565142
2017-10-27,435.02,435.9,426.13,427.48,4592368
2017-10-30,430.0,431.73,416.0,418.17,7251452
2017-10-31,420.0,430.33,418.5,427.9,2958728
2017-11-01,430.0,430.33,419.0,420.33,3257662
2017-11-02,422.2,430.0,420.58,428.95,2965682
2017-11-03,430.0,430.0,422.48,423.58,2761172
2017-11-06,426.0,427.63,418.8,422.52,2273368
2017-11-07,425.0,440.0,422.15,438.38,5960612
2017-11-08,441.0,442.38,432.67,439.3,3821814
2017-11-09,439.75,444.23,436.23,437.98,1600452
2017-11-10,440.48,440.48,431.35,433.52,3070800
2017-11-13,432.25,439.2,432.25,434.75,5322040
2017-11-14,434.0,442.42,433.05,434.9,2012894
2017-11-15,438.5,438.5,423.0,424.17,3122146
2017-11-16,424.85,429.35,419.35,425.95,2181070
2017-11-17,424.45,428.1,419.25,420.0,3096988
2017-11-20,421.5,424.23,418.45,421.08,2260478
2017-11-21,421.55,423.1,417.55,418.85,2987142
2017-11-22,419.27,422.15,417.2,421.08,2269436
2017-11-23,424.0,428.0,421.1,426.85,2332448
2017-11-24,427.5,431.75,427.5,429.2,1646756
2017-11-27,428.75,431.5,426.55,430.35,1592740
2017-11-28,430.5,432.02,428.4,429.63,2108650
2017-11-29,430.0,431.48,423.08,426.58,1523670
2017-11-30,425.0,428.95,421.15,424.0,6822606
2017-12-01,423.5,424.98,413.55,415.0,2768524
2017-12-04,418.0,424.85,412.42,423.98,1793768
2017-12-05,423.95,426.45,419.55,424.0,1980098
2017-12-06,422.75,430.08,422.5,429.3,3179456
2017-12-07,430.08,433.5,426.8,431.75,2450146
2017-12-08,434.85,436.4,431.7,435.23,1739846
2017-12-11,437.25,441.0,435.88,440.0,1597008
2017-12-12,440.5,440.9,435.13,437.6,2921624
2017-12-13,435.0,436.77,431.52,433.17,8609940
2017-12-14,431.5,442.52,431.1,441.42,6365040
2017-12-15,444.45,448.23,442.5,445.9,4469222
2017-12-18,444.05,445.88,437.88,442.5,2615662
2017-12-19,444.5,444.5,432.5,434.73,3971188
2017-12-20,435.0,437.5,432.0,434.92,2109744
2017-12-21,437.0,446.0,435.73,445.13,2859366
2017-12-22,445.5,446.45,439.05,443.45,2104074
2017-12-26,441.05,446.65,441.02,444.23,2127136
2017-12-27,443.0,445.8,440.27,441.83,801620
2017-12-28,441.0,445.42,437.8,439.15,2319726
2017-12-29,439.15,450.88,437.5,445.25,3093850
2018-01-01,444.5,445.35,437.98,439.35,1286288
2018-01-02,438.45,447.5,438.42,446.4,1906518
2018-01-03,446.5,453.9,446.5,448.65,2583906
2018-01-04,448.0,449.73,441.52,446.55,1193460
2018-01-05,444.13,451.5,441.15,450.02,1492292
2018-01-08,450.08,451.7,447.55,450.25,2353168
2018-01-09,450.25,451.42,442.5,446.92,2504270
2018-01-10,446.0,459.0,445.55,457.92,3400572
2018-01-11,459.5,462.45,455.02,458.45,4243446
2018-01-12,459.25,464.0,456.13,462.95,1980698
2018-01-15,462.5,465.55,452.75,454.63,2536486
2018-01-16,457.05,477.5,455.0,474.63,8963404
2018-01-17,475.0,481.8,471.65,476.42,5498922
2018-01-18,476.5,479.83,470.25,477.13,1869500
2018-01-19,478.5,483.5,473.08,479.15,4748438
2018-01-22,480.0,487.45,472.5,483.17,4431318
2018-01-23,484.98,500.0,484.27,497.67,5015202
2018-01-24,497.0,520.35,496.0,509.23,9269776
2018-01-25,509.4,510.0,495.02,504.77,5307454
2018-01-29,505.0,510.5,502.52,506.02,4013296
2018-01-30,508.75,508.75,499.0,500.2,2711352
2018-01-31,499.98,508.95,490.85,493.27,3221144
2018-02-01,491.05,507.48,484.5,492.45,3055658
2018-02-02,490.0,503.85,488.92,495.45,3345056
2018-02-05,495.0,500.9,490.0,496.58,2177578
2018-02-06,482.48,484.38,474.02,476.92,3310994
2018-02-07,479.1,479.5,461.0,469.27,4051696
2018-02-08,472.88,481.5,468.75,472.17,2896536
2018-02-09,467.5,485.3,461.27,482.0,3456506
2018-02-12,482.75,486.38,468.67,469.58,2975588
2018-02-14,469.9,479.9,465.15,468.9,2889532
2018-02-15,472.0,474.83,466.0,469.85,2281842
2018-02-16,472.5,485.48,465.5,468.55,5698140
2018-02-19,468.92,469.85,450.05,457.1,2925546
2018-02-20,458.0,462.6,452.5,453.73,2462802
2018-02-21,459.0,473.9,456.0,471.45,5569512
2018-02-22,471.5,481.5,465.77,470.5,8186574
2018-02-23,474.45,483.95,471.45,477.8,5675166
2018-02-26,477.95,482.55,471.52,473.02,2112112
2018-02-27,476.5,479.3,472.0,474.95,2879428
2018-02-28,477.45,479.17,467.9,470.15,5119548
2018-03-01,471.9,476.23,469.0,471.4,2772230
2018-03-05,471.4,472.33,458.9,466.05,3747704
2018-03-06,469.0,476.5,463.25,466.4,2929756
2018-03-07,469.0,476.4,466.9,474.77,5695220
2018-03-08,476.5,482.0,472.77,475.33,4238350
2018-03-09,475.0,477.92,470.0,471.5,1464728
2018-03-12,475.0,488.0,474.5,483.83,4946236
2018-03-13,483.83,484.5,472.8,478.5,2513508
2018-03-14,481.0,484.08,480.0,482.52,2354082
2018-03-15,484.0,486.3,477.63,479.58,2590154
2018-03-16,480.0,489.77,473.52,483.8,9482072
2018-03-19,481.35,481.8,460.5,463.25,3318748
2018-03-20,462.5,473.88,457.8,468.6,3707786
2018-03-21,472.5,474.95,463.23,468.67,3818980
2018-03-22,470.5,474.45,462.5,465.27,3095286
2018-03-23,452.5,480.27,451.77,478.7,5478072
2018-03-26,478.6,485.5,472.5,483.52,3571336
2018-03-27,487.5,489.45,477.25,486.02,2495200
2018-03-28,480.77,490.8,477.52,484.3,4620172
2018-04-02,483.15,492.45,482.4,489.75,1295646
2018-04-03,486.25,494.5,481.52,484.63,2036000
2018-04-04,490.5,490.63,474.75,479.63,1804780
2018-04-05,485.0,492.1,478.27,481.02,2805104
2018-04-06,486.0,486.0,475.3,476.33,2515810
2018-04-09,477.15,481.33,474.0,476.63,1708072
2018-04-10,476.55,480.98,471.77,474.23,2431772
2018-04-11,477.5,488.85,475.67,483.65,3716964
2018-04-12,483.98,506.5,483.65,505.02,8182766
2018-04-13,507.25,510.0,494.13,495.63,6361110
2018-04-16,489.5,503.38,488.05,499.95,3824528
2018-04-17,498.52,508.0,498.52,505.5,3729906
2018-04-18,507.45,507.9,496.5,498.42,2008262
2018-04-19,502.5,510.75,499.5,509.27,2301628
2018-04-20,510.0,537.1,509.95,531.17,9490598
2018-04-23,531.0,554.0,527.5,544.0,9086924
2018-04-24,542.45,549.88,529.05,530.97,3993618
2018-04-25,530.92,540.75,523.0,534.4,3002280
2018-04-26,528.0,544.17,525.83,538.65,6052212
2018-04-27,538.5,545.33,517.5,520.83,4764608
2018-04-30,524.45,539.5,522.53,526.38,3147666
2018-05-02,525.0,525.97,497.75,500.25,15014958
2018-05-03,498.5,498.5,460.0,462.85,15276024
2018-05-04,461.48,472.0,453.85,464.92,8365006
2018-05-07,468.4,470.33,460.52,464.1,2576842
2018-05-08,465.1,466.5,453.55,460.05,4080268
2018-05-09,462.0,468.33,460.4,463.75,2757280
2018-05-10,466.45,468.95,463.05,465.1,3741482
2018-05-11,465.6,469.13,465.55,466.42,2117402
2018-05-14,468.7,468.7,460.23,462.65,3132296
2018-05-15,460.15,466.35,455.77,462.5,4239330
2018-05-16,461.25,465.45,458.25,460.13,1963972
2018-05-17,463.45,463.45,452.35,454.88,2899904
2018-05-18,452.5,459.0,443.55,445.35,3517726
2018-05-21,446.0,450.27,443.5,447.98,2942476
2018-05-22,445.17,455.85,444.77,452.45,2485094
2018-05-23,452.5,459.2,445.92,447.17,3734828
2018-05-24,452.98,458.95,450.1,455.85,6309330
2018-05-25,458.95,461.92,456.0,458.0,2089082
2018-05-28,458.0,458.5,445.5,447.25,2651764
2018-05-29,449.5,454.75,447.5,452.55,1985832
2018-05-30,453.5,455.9,448.8,453.67,2374048
2018-05-31,454.0,457.4,450.52,455.17,5618644
2018-06-01,455.0,461.95,450.0,452.42,1939062
2018-06-04,453.5,458.45,449.58,450.35,1505886
2018-06-05,452.98,455.1,440.02,442.52,2547736
2018-06-06,445.98,458.9,445.0,454.48,2337712
2018-06-07,452.5,463.0,452.5,460.67,2137298
2018-06-08,460.5,467.95,458.92,464.35,2268428
2018-06-11,466.5,471.25,453.88,455.8,4105194
2018-06-12,456.48,462.0,455.83,457.4,2961048
2018-06-13,460.0,462.9,457.02,461.85,2113706
2018-06-14,464.0,470.0,460.52,468.48,3755080
2018-06-15,468.48,477.0,465.52,474.15,6186584
2018-06-18,477.25,478.67,465.63,466.6,2653666
2018-06-19,466.45,470.27,457.7,460.23,2812474
2018-06-20,460.5,464.38,453.2,455.48,2820262
2018-06-21,456.05,458.5,449.55,451.27,3208902
2018-06-22,453.52,460.9,450.92,452.4,4036700
2018-06-25,452.45,458.75,452.0,454.45,4255720
2018-06-26,454.5,457.75,453.3,455.2,3249236
2018-06-27,456.1,462.5,455.15,460.52,5751028
2018-06-28,463.23,464.98,452.45,454.8,13566568
2018-06-29,457.05,464.38,456.67,463.13,6059554
2018-07-02,463.5,466.23,460.42,463.05,1776396
2018-07-03,465.0,469.95,458.58,468.75,2054476
2018-07-04,468.48,469.25,462.0,462.83,1547894
2018-07-05,464.05,467.75,460.5,465.52,3416140
2018-07-06,467.5,474.77,461.5,471.95,5055508
2018-07-09,474.5,482.5,472.95,480.77,3711984
2018-07-10,497.5,497.5,487.52,489.77,11042854
2018-07-11,491.85,500.55,489.58,496.73,10209714
2018-07-12,502.98,509.9,501.0,503.02,10093442
2018-07-13,498.5,498.9,488.0,491.67,11524056
2018-07-16,492.5,495.45,485.1,486.05,3404444
2018-07-17,488.6,492.0,484.5,490.15,3241946
2018-07-18,492.95,498.4,492.02,494.95,3784400
2018-07-19,495.0,497.25,488.25,491.05,1501536
2018-07-20,491.8,502.25,490.27,499.6,4379550
2018-07-23,501.5,505.48,495.55,502.42,3296730
2018-07-24,500.75,504.5,494.58,495.8,2925630
2018-07-25,496.5,496.75,480.0,482.15,5643672
2018-07-26,482.15,483.98,472.52,476.3,7970088
2018-07-27,479.5,484.85,475.25,481.73,4929768
2018-07-30,486.5,490.58,471.55,473.58,6447110
2018-07-31,475.17,483.25,473.67,482.55,4771570
2018-08-01,484.0,490.0,482.5,489.33,3568096
2018-08-02,488.0,492.0,479.27,480.25,3200706
2018-08-03,483.02,484.95,478.73,481.83,2289018
2018-08-06,484.0,484.27,476.5,478.25,2165794
2018-08-07,480.45,485.48,479.55,484.4,2235882
2018-08-08,484.5,484.9,478.63,482.27,1517966
2018-08-09,483.98,483.98,477.55,478.33,2005458
2018-08-10,480.65,483.9,478.15,483.0,2417448
2018-08-13,482.98,492.13,482.75,491.5,2885640
2018-08-14,494.08,501.0,489.5,499.85,4962034
2018-08-16,498.9,507.4,496.15,498.63,5908118
2018-08-17,500.0,503.9,497.52,501.52,2960410
2018-08-20,502.5,503.25,493.5,494.13,2829604
2018-08-21,500.9,507.0,499.17,502.3,9839198
2018-08-23,505.0,514.05,505.0,512.83,5537558
2018-08-24,515.22,519.53,510.08,511.67,4540390
2018-08-27,513.0,520.15,512.5,519.5,2488450
2018-08-28,520.0,523.38,518.45,520.38,2626156
2018-08-29,519.15,520.58,513.5,516.42,4063384
2018-08-30,514.5,516.45,506.77,508.27,4883942
2018-08-31,510.5,527.5,509.75,523.22,6558672
2018-09-03,526.5,530.5,522.3,524.58,4454306
2018-09-04,525.58,539.5,525.5,538.17,5584742
2018-09-05,537.9,543.5,534.0,539.47,5701112
2018-09-06,537.5,544.9,532.7,544.4,5991810
2018-09-07,543.47,543.47,532.67,536.97,4379878
2018-09-10,538.5,548.45,538.5,544.35,8205078
2018-09-11,545.0,549.5,541.0,542.55,8472420
2018-09-12,546.0,549.5,541.05,543.4,4139134
2018-09-14,542.0,544.22,532.6,535.35,7290574
2018-09-17,535.03,542.2,535.03,539.2,3018112
2018-09-18,540.0,545.5,539.2,541.95,2745526
2018-09-19,541.5,549.22,540.55,543.65,4439812
2018-09-21,545.5,546.0,539.28,542.45,6595630
2018-09-24,542.95,553.0,540.28,548.15,4432578
2018-09-25,551.0,562.53,547.15,558.17,5664544
2018-09-26,560.05,560.42,542.58,545.08,2870394
2018-09-27,546.97,552.22,544.25,546.1,5731064
2018-09-28,546.05,549.88,542.75,543.9,4445086
2018-10-01,542.6,550.5,540.5,549.2,3406600
2018-10-03,549.95,550.85,536.9,545.65,4730720
2018-10-04,542.42,546.42,530.5,538.55,3891118
2018-10-05,536.0,549.0,535.05,542.0,2895914
2018-10-08,535.0,542.28,524.0,536.05,2311830
2018-10-09,533.25,539.53,521.72,534.2,2694524
2018-10-10,529.5,531.53,519.28,525.9,4523678
2018-10-11,512.75,512.75,499.0,504.5,6266576
2018-10-12,501.65,503.5,487.25,492.58,4651748
2018-10-15,490.0,503.08,490.0,501.48,3614908
2018-10-16,500.0,506.25,494.52,501.7,3003220
2018-10-17,503.5,518.0,503.5,512.13,3253970
2018-10-19,508.0,509.7,476.65,479.25,6869592
2018-10-22,482.0,493.95,478.58,490.02,3774108
2018-10-23,485.0,491.8,473.8,475.77,2948962
2018-10-24,487.5,495.27,472.9,490.35,8442982
2018-10-25,489.4,505.73,484.0,502.42,6176258
2018-10-26,499.98,499.98,481.0,483.3,3615756
2018-10-29,482.6,495.98,476.88,492.83,2786080
2018-10-30,493.65,508.48,488.35,502.42,6121068
2018-10-31,502.65,532.85,501.0,527.8,6582228
2018-11-01,527.5,528.72,501.75,504.45,3946070
2018-11-02,508.0,514.75,497.58,502.3,5575206
2018-11-05,502.75,512.08,501.9,510.38,1938928
2018-11-06,511.38,521.0,506.8,514.45,2921884
2018-11-07,514.5,517.42,513.38,515.78,139254
2018-11-09,521.5,523.5,506.75,513.95,7343566
2018-11-12,516.22,529.5,516.03,518.4,4782454
2018-11-13,519.92,527.42,514.67,516.6,2737474
2018-11-14,515.5,515.7,481.5,498.55,3033632
2018-11-15,499.95,514.5,490.9,494.38,3582306
2018-11-16,498.5,518.9,496.88,511.1,6698234
2018-11-19,511.1,521.4,507.13,520.05,4180070
2018-11-20,517.5,517.5,501.65,504.48,2628564
2018-11-21,501.52,507.0,489.77,492.58,2503064
2018-11-22,494.0,501.0,487.7,489.52,3129880
2018-11-26,492.25,502.95,481.5,500.25,4758562
2018-11-27,499.35,514.5,496.5,511.58,4103018
2018-11-28,511.6,523.88,506.17,521.55,2460574
2018-11-29,521.65,522.67,504.25,506.73,3260512
2018-11-30,509.0,513.15,502.13,507.5,4219388
2018-12-03,510.55,512.85,502.35,509.1,2908898
2018-12-04,509.05,521.5,508.52,518.13,2836286
2018-12-05,518.22,529.0,511.0,525.53,3873412
2018-12-06,524.67,532.75,504.5,506.25,4051262
2018-12-07,500.0,500.0,467.23,480.98,21093670
2018-12-10,479.98,485.35,468.55,471.0,6182964
2018-12-11,470.5,482.58,465.35,478.42,5605848
2018-12-12,482.5,487.0,471.65,485.63,3653708
2018-12-13,485.02,491.27,481.73,489.02,2756644
2018-12-14,483.0,484.4,475.0,480.6,4611032
2018-12-17,482.55,487.0,476.95,485.83,2792580
2018-12-18,484.98,494.4,479.7,492.6,3874502
2018-12-19,490.0,491.8,477.0,478.58,6117266
2018-12-20,474.15,482.35,474.0,479.75,4527954
2018-12-21,478.52,482.0,472.5,477.23,10439250
2018-12-24,477.5,477.95,467.58,468.92,2941564
2018-12-26,469.0,473.85,465.5,471.4,2434064
2018-12-27,474.5,480.0,471.33,474.4,5096808
2018-12-28,476.05,481.5,475.0,479.17,1556666
2019-01-01,481.0,482.5,476.42,479.92,717468
2019-01-02,479.5,481.0,469.58,473.17,2270096
2019-01-03,475.0,480.0,472.5,474.17,2809224
2019-01-04,473.0,475.27,462.5,466.17,3077278
2019-01-07,469.95,475.0,467.95,470.77,2344752
2019-01-08,474.0,474.0,466.55,472.58,3031576
2019-01-09,473.5,474.27,466.15,469.2,2471720
2019-01-10,471.5,471.5,466.0,467.92,1832096
2019-01-11,467.5,470.5,460.0,470.02,4331368
2019-01-14,470.5,472.0,464.0,468.6,1956808
2019-01-15,464.5,477.95,464.5,473.85,3693892
2019-01-16,474.0,477.1,468.38,469.13,1701242
2019-01-17,467.55,478.5,466.55,477.35,3690234
2019-01-18,474.3,484.38,473.17,483.15,4685056
2019-01-21,484.52,490.75,481.02,482.88,3265418
2019-01-22,481.0,482.27,468.5,470.38,4791592
2019-01-23,473.75,474.98,469.35,472.23,5641586
2019-01-24,472.45,476.85,469.63,473.23,2954782
2019-01-25,474.5,487.85,473.05,484.7,4310008
2019-01-28,486.5,490.0,481.95,488.9,3029930
2019-01-29,489.0,497.42,480.55,494.23,4733138
2019-01-30,509.0,517.5,500.75,509.2,14053348
2019-01-31,509.8,511.58,493.38,502.6,9058428
2019-02-01,505.3,525.0,505.25,521.92,6460222
2019-02-04,522.5,528.9,520.15,522.4,4133944
2019-02-05,523.25,527.5,520.75,523.88,2368564
2019-02-06,525.5,532.47,522.55,527.6,2331000
2019-02-07,528.0,538.9,528.0,531.45,3251088
2019-02-08,530.0,538.0,529.03,534.22,3733802
2019-02-11,534.05,542.0,531.5,539.67,3157886
2019-02-12,538.0,539.2,526.38,529.4,2788882
2019-02-13,530.0,536.5,523.53,535.08,2643776
2019-02-14,535.0,535.0,528.53,530.65,1970720
2019-02-15,533.1,533.67,520.75,528.63,2492120
2019-02-18,530.4,536.0,516.25,523.15,2550698
2019-02-19,524.0,525.6,518.17,519.53,1837440
2019-02-20,521.17,530.75,513.0,528.97,2558354
2019-02-21,530.0,530.75,521.3,526.7,2603154
2019-02-22,522.1,535.25,522.0,533.08,2844492
2019-02-25,535.3,542.5,531.47,541.13,2340940
2019-02-26,540.3,547.97,527.47,529.42,3726370
2019-02-27,530.0,533.0,519.0,530.17,3325110
2019-02-28,534.97,534.97,523.85,526.95,6661660
2019-03-01,527.5,530.7,521.88,526.3,2295910
2019-03-05,528.85,529.9,522.6,526.28,2117558
2019-03-06,530.3,531.0,519.3,521.63,2807252
2019-03-07,523.8,525.25,516.0,517.28,2073614
2019-03-08,514.7,514.97,503.0,504.52,3176094
2019-03-11,503.5,510.88,500.5,502.2,4547588
2019-03-12,503.55,509.75,500.02,506.67,4902188
2019-03-13,509.35,521.5,507.05,514.17,6803340
2019-03-14,517.5,520.28,502.05,503.38,3793832
2019-03-15,506.0,516.92,504.4,514.65,5207688
2019-03-18,516.05,519.97,504.17,506.0,2350054
2019-03-19,510.05,521.0,506.55,518.1,3242552
2019-03-20,521.0,527.25,515.75,518.97,4408802
2019-03-22,519.0,524.0,509.0,512.42,5237090
2019-03-25,514.5,514.5,505.92,508.83,3055910
2019-03-26,506.67,521.9,505.75,517.3,3311446
2019-03-27,510.0,528.17,510.0,521.58,2911690
2019-03-28,525.7,544.17,525.0,541.45,8627614
2019-03-29,545.0,549.22,533.83,543.72,5654440
2019-04-01,545.0,560.0,541.03,555.38,4617730
2019-04-02,555.0,560.0,546.25,551.3,2787844
2019-04-03,551.3,566.65,545.78,560.3,5296628
2019-04-04,559.0,559.03,540.75,549.03,8444208
2019-04-05,545.17,552.33,542.75,546.4,3409044
2019-04-08,547.5,550.5,540.47,548.17,4027848
2019-04-09,548.17,564.42,548.1,559.08,6500982
2019-04-10,560.0,562.65,548.1,549.35,4826866
2019-04-11,546.15,550.55,542.5,544.42,3035580
2019-04-12,544.4,550.42,538.3,541.72,2839484
2019-04-15,544.5,554.0,542.5,551.63,3868302
2019-04-16,554.75,558.13,551.17,553.53,2401182
2019-04-18,554.0,561.95,545.25,551.33,4055238
2019-04-22,551.75,557.15,547.5,550.55,2230516
2019-04-23,551.3,555.97,548.3,551.0,2135528
2019-04-24,551.5,571.05,548.42,569.47,5681646
2019-04-25,570.5,575.7,564.53,566.85,5361098
2019-04-26,570.0,584.92,567.5,569.88,3465934
2019-04-30,570.03,593.8,570.0,591.67,8310400
2019-05-02,585.0,590.25,578.25,580.03,4226194
2019-05-03,572.0,574.58,563.13,571.53,5710316
2019-05-06,569.95,572.2,564.03,568.03,2827130
2019-05-07,568.67,575.0,558.0,565.88,4689204
2019-05-08,566.0,570.0,561.2,566.3,2987822
2019-05-09,562.25,572.5,555.05,568.3,4962690
2019-05-10,555.5,555.5,536.4,543.33,15535450
2019-05-13,544.15,550.38,539.0,541.83,3368062
2019-05-14,541.83,541.83,528.5,533.92,4388014
2019-05-15,536.47,543.25,531.42,533.72,3240598
2019-05-16,539.95,540.22,528.03,536.13,2226902
2019-05-17,537.53,538.5,529.88,531.35,2780046
2019-05-20,532.5,541.9,525.63,536.78,2380474
2019-05-21,535.7,537.0,526.33,528.05,1613426
2019-05-22,528.5,537.5,526.85,530.5,3424864
2019-05-23,532.0,535.5,525.13,533.2,3884200
2019-05-24,535.5,537.0,527.05,532.97,4340468
2019-05-27,536.0,540.5,529.1,532.1,3164414
2019-05-28,535.5,544.97,527.63,535.65,10631688
2019-05-29,535.7,547.5,534.1,542.5,4354812
2019-05-30,544.0,549.17,534.0,539.1,4745448
2019-05-31,542.5,549.7,540.03,546.28,4255094
2019-06-03,549.42,559.5,543.58,557.6,3400394
2019-06-04,556.2,556.7,540.5,542.92,4128970
2019-06-06,545.0,550.58,537.78,539.6,4701806
2019-06-07,541.5,543.6,535.63,539.8,3272806
2019-06-10,543.45,550.9,540.7,545.6,2056008
2019-06-11,550.0,558.47,546.95,553.95,6485078
2019-06-12,553.5,555.0,545.65,554.05,3136202
2019-06-13,551.5,553.05,546.5,550.45,3951850
2019-06-14,546.55,551.17,542.0,543.5,3467872
2019-06-17,542.0,543.85,535.75,537.45,2487348
2019-06-18,537.45,547.08,537.33,544.8,1412162
2019-06-19,545.05,548.3,538.9,542.05,2437878
2019-06-20,535.0,545.5,532.83,543.67,1895088
2019-06-21,546.25,546.33,535.58,538.13,4695110
2019-06-24,539.5,542.03,534.05,538.95,1350104
2019-06-25,538.95,540.55,530.08,539.5,2203934
2019-06-26,536.1,546.33,536.1,539.38,3277734
2019-06-27,537.15,542.03,529.97,531.38,2776050
2019-06-28,535.35,537.97,529.35,532.33,2829874
2019-07-01,533.63,534.95,523.67,524.55,2467696
2019-07-02,526.5,532.33,521.5,530.0,2014050
2019-07-03,530.5,532.38,523.8,525.6,1213340
2019-07-04,524.35,525.6,516.9,520.38,2553038
2019-07-05,521.95,524.5,506.33,508.2,2514352
2019-07-08,505.5,522.9,505.02,519.53,4008224
2019-07-09,516.72,523.9,504.0,510.38,3205934
2019-07-10,507.0,517.5,506.55,509.45,1731600
2019-07-11,513.9,513.9,507.52,510.4,1550706
2019-07-12,508.02,514.85,504.5,511.95,2903286
2019-07-15,517.22,519.0,510.0,513.75,2633206
2019-07-16,515.95,516.08,506.73,509.83,3450502
2019-07-17,512.2,521.5,510.45,520.38,2291110
2019-07-18,516.7,518.5,508.0,509.27,2608300
2019-07-19,512.0,515.4,504.6,507.8,2139624
2019-07-22,507.8,513.63,501.63,509.48,1902156
2019-07-23,510.33,512.97,503.58,505.48,2011658
2019-07-24,504.98,512.42,500.75,510.65,2384560
2019-07-25,510.55,513.83,501.5,505.65,6042040
2019-07-26,503.85,506.05,498.7,500.73,2332384
2019-07-29,502.5,512.0,502.0,507.73,1825826
2019-07-30,507.5,513.67,505.4,511.8,2134474
2019-07-31,511.25,518.95,501.48,517.28,3714036
2019-08-01,514.58,521.22,507.55,510.77,3490012
2019-08-02,508.5,508.95,496.5,505.25,3544858
2019-08-05,501.7,508.5,498.55,505.55,2687280
2019-08-06,505.55,518.5,501.6,512.1,3174832
2019-08-07,512.58,522.95,508.23,511.33,3967844
2019-08-08,517.97,547.5,514.03,544.13,12493298
2019-08-09,542.4,551.22,538.9,543.15,5645698
2019-08-13,545.95,545.95,533.67,536.25,2507610
2019-08-14,534.58,541.7,528.72,538.08,2803920
2019-08-16,538.45,538.45,525.25,531.38,3108220
2019-08-19,532.8,538.97,528.83,532.03,1682212
2019-08-20,533.95,545.4,532.55,542.0,4282308
2019-08-21,541.47,541.78,533.03,535.08,2555246
2019-08-22,535.25,543.17,528.03,539.45,2580980
2019-08-23,539.5,548.72,538.8,543.5,3319154
2019-08-26,545.8,548.0,531.83,546.42,2314884
2019-08-27,549.5,550.0,531.9,546.55,6604388
2019-08-28,548.5,565.0,546.15,561.97,6985284
2019-08-29,556.5,562.85,555.0,558.88,2948038
2019-08-30,557.85,557.9,541.6,550.17,6738070
2019-09-03,553.5,565.3,551.42,554.17,4086894
2019-09-04,556.17,564.25,551.95,562.83,2425690
2019-09-05,562.72,562.72,551.88,555.97,2775294
2019-09-06,557.75,560.58,548.47,550.2,2075686
2019-09-09,551.0,551.0,540.5,542.2,3521728
2019-09-11,544.0,547.0,526.3,528.85,5325506
2019-09-12,528.5,532.22,524.0,527.45,4064734
2019-09-13,527.45,535.0,526.95,534.25,3091588
2019-09-16,535.0,539.47,528.5,534.95,3888868
2019-09-17,534.5,534.5,523.28,527.92,3815108
2019-09-18,529.83,533.47,525.33,529.22,2572672
2019-09-19,529.0,529.0,516.13,524.78,3762272
2019-09-20,526.0,531.78,518.65,524.55,5736082
2019-09-23,531.5,531.5,508.5,516.45,4733492
2019-09-24,511.6,525.85,511.5,523.7,5614452
2019-09-25,524.75,531.0,522.1,526.92,4312820
2019-09-26,527.0,527.78,516.63,522.58,6062076
2019-09-27,522.75,526.8,517.05,520.53,4458334
2019-09-30,522.0,548.25,521.53,540.3,8559586
2019-10-01,540.5,540.5,526.6,529.78,4190696
2019-10-03,529.0,545.0,527.08,538.4,3435302
2019-10-04,538.0,540.9,532.33,539.55,2694188
2019-10-07,542.88,545.5,534.45,537.2,1910498
2019-10-09,535.03,536.97,520.08,525.55,3750540
2019-10-10,525.53,533.05,520.7,531.75,2707552
2019-10-11,525.0,545.0,524.0,539.75,4312780
2019-10-14,541.2,549.9,537.0,543.4,2781204
2019-10-15,544.55,549.58,539.72,542.25,3002070
2019-10-16,544.5,553.5,541.55,550.45,3018788
2019-10-17,550.0,551.1,542.28,546.53,1552278
2019-10-18,547.47,552.72,544.2,547.75,1647630
2019-10-22,545.1,547.95,525.75,532.22,5502486
2019-10-23,535.0,551.97,534.0,547.58,7829074
2019-10-24,577.55,579.5,555.25,559.53,13502160
2019-10-25,560.5,568.63,549.05,567.03,4587220
2019-10-27,569.0,569.83,562.55,565.25,303920
2019-10-29,565.45,572.92,563.97,569.88,3218206
2019-10-30,575.0,575.0,569.1,573.38,2441752
2019-10-31,572.88,585.0,569.28,581.38,5848998
2019-11-01,579.45,583.5,571.7,576.0,2131710
2019-11-04,580.03,583.15,576.03,577.95,3022168
2019-11-05,578.05,580.3,571.67,579.35,2878100
2019-11-06,580.0,580.03,570.6,574.17,4576658
2019-11-07,574.5,577.1,568.05,574.22,2538638
2019-11-08,574.17,582.2,573.05,575.05,4026580
2019-11-11,575.0,576.85,565.1,572.97,1906640
2019-11-13,575.0,578.05,567.35,569.3,3378350
2019-11-14,570.75,578.7,567.55,573.9,2540924
2019-11-15,575.47,579.9,570.0,571.15,3061712
2019-11-18,574.0,574.85,569.4,570.55,2484314
2019-11-19,569.5,571.75,564.33,567.33,2365020
2019-11-20,567.5,568.85,562.75,566.4,2225036
2019-11-21,569.3,574.25,565.78,568.3,3876184
2019-11-22,565.22,567.47,554.47,557.38,2597928
2019-11-25,558.5,563.05,553.03,562.38,1693202
2019-11-26,563.25,567.25,549.22,554.03,6459924
2019-11-27,554.5,567.2,554.5,564.13,3354312
2019-11-28,569.5,571.7,562.75,566.33,2413116
2019-11-29,568.0,568.42,562.55,563.83,2387702
2019-12-02,569.5,569.5,561.75,562.65,2995916
2019-12-03,564.97,565.5,560.5,562.28,3567662
2019-12-04,563.5,565.0,558.22,562.75,5903136
2019-12-05,563.8,567.65,557.15,560.9,2683884
2019-12-06,563.9,567.05,558.65,560.3,1659752
2019-12-09,562.55,563.2,547.0,552.05,2192234
2019-12-10,552.05,554.9,541.8,544.45,1628853
2019-12-11,545.0,549.9,539.45,543.8,2387958
2019-12-12,547.3,547.8,535.05,536.35,2061911
2019-12-13,538.0,545.0,536.8,543.15,2889796
2019-12-16,546.0,554.95,545.05,552.2,4590144
2019-12-17,555.5,559.0,552.5,557.75,3852266
2019-12-18,560.0,566.95,559.0,564.7,4618387
2019-12-19,565.5,574.0,564.75,569.5,3465644
2019-12-20,573.5,573.75,565.5,569.9,3135806
2019-12-23,567.5,575.55,566.55,570.95,1591463
2019-12-24,572.0,572.65,559.3,560.55,2354963
2019-12-26,561.65,565.0,559.55,560.5,1848547
2019-12-27,562.95,569.0,557.0,567.55,2786795
2019-12-30,567.0,577.5,564.25,569.3,1800754
