date,open,high,low,close,volume
2009-03-05,701.0,701.0,675.0,681.55,406
2009-03-06,675.1,688.7,666.0,687.9,232
2009-03-09,675.0,685.05,656.05,678.4,105
2009-03-12,675.0,684.0,655.0,672.7,132
2009-03-13,696.95,696.95,652.0,676.5,374
2009-03-16,675.0,688.2,665.0,676.3,294
2009-03-17,699.0,711.0,660.0,693.5,417
2009-03-18,724.8,724.8,680.0,690.8,420
2009-03-19,692.6,699.95,692.5,696.95,257
2009-03-20,709.95,711.0,690.0,702.4,75
2009-03-23,702.4,726.0,700.0,719.0,283
2009-03-24,715.0,735.0,711.45,713.75,1530
2009-03-25,713.1,733.95,690.05,705.0,45
2009-03-26,706.9,728.0,706.9,721.1,436
2009-03-27,750.0,757.0,720.1,741.9,376
2009-03-30,740.0,740.0,715.1,716.2,99
2009-03-31,716.0,799.0,705.1,750.3,364
2009-04-01,789.8,789.8,750.1,781.0,475
2009-04-02,765.05,839.85,765.05,810.35,1787
2009-04-06,829.0,850.0,800.05,834.4,621
2009-04-08,821.65,860.0,820.0,848.25,418
2009-04-09,833.05,869.0,823.65,866.15,442
2009-04-13,868.0,929.0,868.0,906.45,663
2009-04-15,870.05,925.0,866.0,907.4,694
2009-04-16,925.0,999.0,920.2,968.2,2297
2009-04-17,990.0,1020.0,980.0,984.25,1161
2009-04-20,1002.0,1089.0,1002.0,1032.7,2042
2009-04-21,1008.0,1047.0,1005.65,1010.5,326
2009-04-22,1030.0,1039.95,960.0,980.3,464
2009-04-23,961.45,1000.0,961.45,992.0,189
2009-04-24,999.0,1020.0,985.0,1004.85,170
2009-04-27,1004.0,1012.8,971.1,995.75,227
2009-04-28,1013.95,1013.95,960.0,966.55,263
2009-04-29,956.85,997.85,951.05,970.0,519
2009-05-04,1000.0,1050.0,977.0,1046.55,961
2009-05-05,1018.35,1125.0,1018.35,1098.05,1201
2009-05-06,1100.0,1150.0,1090.0,1093.8,571
2009-05-07,1129.9,1129.9,1077.15,1100.95,459
2009-05-08,1125.0,1142.0,1101.1,1103.9,175
2009-05-11,1149.0,1239.0,1095.0,1101.5,357
2009-05-12,1100.0,1105.0,1074.05,1104.4,106
2009-05-13,1090.15,1149.0,1090.15,1116.3,284
2009-05-14,1100.0,1139.0,1097.0,1118.85,364
2009-05-15,1125.0,1138.95,1102.0,1106.4,281
2009-05-19,1052.0,1195.0,1052.0,1147.85,4596
2009-05-20,1169.0,1237.0,1168.9,1207.55,3061
2009-05-21,1243.0,1290.0,1228.9,1251.0,475
2009-05-22,1230.1,1302.0,1230.1,1290.95,318
2009-05-25,1276.0,1400.0,1276.0,1378.2,1013
2009-05-26,1403.0,1403.0,1311.0,1325.2,510
2009-05-27,1340.0,1360.0,1325.0,1342.4,268
2009-05-28,1320.0,1349.8,1320.0,1335.1,111
2009-05-29,1355.0,1359.95,1324.25,1339.7,439
2009-06-01,1363.0,1365.0,1315.05,1363.5,1017
2009-06-02,1355.0,1363.0,1330.0,1360.0,283
2009-06-03,1450.0,1588.6,1384.1,1445.15,1404
2009-06-04,1435.0,1440.0,1380.0,1424.35,956
2009-06-05,1416.25,1450.0,1410.0,1410.0,600
2009-06-08,1427.0,1427.0,1361.0,1379.1,482
2009-06-09,1355.05,1388.0,1343.0,1359.25,718
2009-06-10,1398.8,1410.0,1341.6,1362.25,490
2009-06-11,1328.0,1354.0,1328.0,1340.5,228
2009-06-12,1384.9,1384.9,1310.0,1330.05,477
2009-06-15,1380.0,1382.0,1201.55,1268.3,1142
2009-06-16,1325.0,1325.0,1280.0,1305.1,414
2009-06-17,1300.0,1398.95,1300.0,1319.5,790
2009-06-18,1300.3,1583.35,1250.0,1365.6,3793
2009-06-19,1375.0,1375.0,1295.0,1306.2,613
2009-06-22,1325.0,1444.0,1325.0,1393.85,2173
2009-06-23,1400.0,1419.8,1350.0,1391.45,1739
2009-06-24,1423.9,1424.0,1375.0,1390.7,306
2009-06-25,1382.1,1404.85,1360.0,1367.85,1273
2009-06-26,1363.05,1429.95,1286.25,1320.0,2014
2009-06-29,1306.55,1340.0,1288.0,1328.75,296
2009-06-30,1364.9,1364.9,1303.0,1304.45,279
2009-07-01,1305.0,1349.7,1293.2,1300.35,371
2009-07-02,1311.0,1319.9,1300.0,1307.7,277
2009-07-03,1303.2,1329.95,1281.6,1290.3,137
2009-07-06,1305.0,1327.0,1244.2,1254.15,303
2009-07-07,1275.0,1295.0,1235.0,1243.45,243
2009-07-08,1235.0,1309.0,1235.0,1258.95,1491
2009-07-09,1265.0,1314.0,1263.0,1274.75,41109
2009-07-10,1275.05,1318.0,1252.0,1264.0,433
2009-07-13,1240.0,1287.95,1169.0,1224.85,1854
2009-07-14,1320.0,1320.0,1211.25,1294.4,1174
2009-07-15,1261.15,1300.0,1261.15,1299.4,312
2009-07-16,1300.1,1319.8,1273.0,1299.25,193
2009-07-17,1301.0,1320.0,1285.05,1300.0,498
2009-07-20,1325.0,1355.0,1325.0,1341.9,377
2009-07-21,1316.0,1355.0,1316.0,1335.0,203
2009-07-22,1360.0,1363.6,1323.2,1324.95,1259
2009-07-23,1325.15,1344.0,1324.4,1330.85,106
2009-07-24,1347.0,1357.5,1325.1,1339.9,165
2009-07-27,1321.0,1375.0,1321.0,1372.3,506
2009-07-28,1375.0,1418.95,1351.5,1381.75,868
2009-07-29,1351.0,1442.0,1351.0,1408.35,962
2009-07-30,1438.9,1580.0,1408.0,1568.55,4036
2009-07-31,1680.0,1691.8,1575.0,1601.65,3111
2009-08-03,1690.9,1722.0,1650.0,1695.0,9390
2009-08-04,1725.0,1748.0,1665.0,1698.7,2737
2009-08-05,1700.0,1740.0,1656.75,1696.7,1288
2009-08-06,1664.0,1700.0,1607.0,1623.75,3378
2009-08-07,1624.0,1634.65,1580.25,1595.7,1264
2009-08-10,1629.0,1629.0,1501.0,1523.2,896
2009-08-11,1550.0,1575.0,1506.0,1530.45,1202
2009-08-12,1545.0,1555.1,1525.0,1545.2,302
2009-08-13,1570.0,1597.0,1555.0,1582.45,1055
2009-08-14,1604.0,1604.0,1552.2,1564.1,1723
2009-08-17,1550.0,1570.0,1525.0,1532.65,419
2009-08-18,1525.0,1600.0,1515.8,1584.6,1396
2009-08-19,1609.0,1669.95,1558.5,1650.85,951
2009-08-20,1665.0,1698.0,1650.0,1666.35,518
2009-08-21,1640.05,1673.0,1640.05,1653.8,203
2009-08-24,1624.0,1675.0,1605.05,1612.05,588
2009-08-25,1610.75,1645.0,1565.0,1585.95,925
2009-08-26,1591.0,1610.0,1580.0,1582.6,210
2009-08-27,1560.0,1615.0,1560.0,1592.9,1126
2009-08-28,1581.0,1710.0,1581.0,1648.75,2302
2009-08-31,1655.0,1692.0,1600.0,1611.25,984
2009-09-01,1648.75,1648.75,1585.0,1587.25,1206
2009-09-02,1584.5,1639.5,1584.5,1615.95,529
2009-09-03,1580.0,1661.0,1580.0,1638.05,905
2009-09-04,1654.0,1655.0,1587.05,1595.35,680
2009-09-07,1610.0,1650.0,1600.15,1617.85,1242
2009-09-08,1628.15,1628.15,1592.0,1604.65,537
2009-09-09,1610.0,1622.15,1585.0,1607.4,1341
2009-09-10,1655.0,1655.0,1590.15,1604.15,1144
2009-09-11,1630.0,1680.0,1610.0,1627.85,1784
2009-09-14,1627.85,1630.0,1611.1,1625.9,246
2009-09-15,1699.0,1699.0,1600.0,1627.85,1239
2009-09-16,1655.0,1670.0,1622.0,1662.95,2184
2009-09-17,1669.0,1902.35,1669.0,1830.4,19235
2009-09-18,1845.0,1900.0,1800.0,1866.5,5633
2009-09-22,1880.0,1880.0,1830.0,1844.3,1492
2009-09-23,1844.0,1875.0,1766.0,1780.0,5341
2009-09-24,1761.0,1848.0,1750.0,1792.5,784
2009-09-25,1790.0,1834.0,1780.2,1828.55,628
2009-09-29,1825.0,1859.7,1804.0,1839.8,3127
2009-09-30,1820.1,1850.0,1790.5,1828.5,2758
2009-10-01,1810.0,1817.95,1797.0,1801.4,745
2009-10-05,1800.1,1806.0,1770.2,1787.35,527
2009-10-06,1782.15,1798.0,1765.1,1784.65,438
2009-10-07,1810.0,1820.0,1765.0,1770.7,503
2009-10-08,1797.0,1797.0,1695.0,1708.25,763
2009-10-09,1697.05,1750.0,1695.65,1735.5,1859
2009-10-12,1750.0,1779.8,1740.0,1768.3,512
2009-10-14,1769.9,1874.0,1749.0,1851.8,2388
2009-10-15,1850.0,1890.0,1826.25,1873.5,1802
2009-10-16,1890.0,1925.0,1832.05,1909.6,3874
2009-10-17,1925.0,1925.0,1876.15,1903.75,395
2009-10-20,1900.0,1921.5,1842.0,1875.2,1462
2009-10-21,1870.0,1940.0,1870.0,1883.95,1072
2009-10-22,1890.0,1935.0,1855.4,1910.85,1094
2009-10-23,1915.0,2047.0,1881.35,2007.35,3727
2009-10-26,2020.0,2050.0,1950.0,1974.15,6352
2009-10-27,1999.0,1999.0,1901.0,1919.85,1334
2009-10-28,1866.0,1934.9,1865.15,1919.6,599
2009-10-29,1900.0,1955.9,1873.0,1949.3,1460
2009-10-30,1993.9,1993.9,1904.2,1917.5,869
2009-11-03,1925.0,1954.0,1860.0,1900.0,1404
2009-11-04,1900.0,1946.0,1884.0,1932.1,855
2009-11-05,1931.0,2140.0,1919.05,1981.6,4485
2009-11-06,2001.05,2088.5,2000.0,2021.6,1561
2009-11-09,2002.25,2037.85,1991.0,2015.85,513
2009-11-10,2001.0,2149.0,1987.0,2001.65,3635
2009-11-11,2000.0,2025.0,1960.3,1984.85,1352
2009-11-12,2020.0,2020.0,1962.0,1975.95,410
2009-11-13,1998.65,2000.0,1971.2,1995.0,588
2009-11-16,2000.0,2034.0,1985.0,1998.4,6849
2009-11-17,1995.0,2144.0,1986.05,2121.5,7632
2009-11-18,2135.0,2145.0,2075.0,2086.5,2469
2009-11-19,2100.0,2139.75,2080.0,2122.9,1640
2009-11-20,2131.0,2131.0,2090.0,2109.1,974
2009-11-23,2130.0,2223.95,2110.25,2186.75,2966
2009-11-24,2219.0,2219.0,2170.0,2187.8,905
2009-11-25,2195.0,2207.0,2170.0,2176.85,1695
2009-11-26,2169.0,2190.0,2105.0,2120.4,767
2009-11-27,2100.0,2119.65,2031.1,2090.75,742
2009-11-30,2120.0,2135.0,2080.0,2084.15,956
2009-12-01,2085.0,2170.0,2085.0,2148.0,864
2009-12-02,2174.0,2299.5,2167.0,2251.35,4078
2009-12-03,2200.0,2299.5,2200.0,2262.4,1837
2009-12-04,2224.25,2275.0,2220.0,2228.45,861
2009-12-07,2200.0,2275.0,2200.0,2233.1,746
2009-12-08,2268.0,2274.0,2197.15,2228.25,315
2009-12-09,2220.0,2300.0,2201.65,2249.5,278
2009-12-10,2255.0,2269.95,2200.0,2212.75,380
2009-12-11,2256.0,2340.0,2217.2,2297.05,4033
2009-12-14,2299.55,2310.0,2240.75,2260.95,589
2009-12-15,2298.0,2298.0,2211.1,2225.5,229
2009-12-16,2190.15,2249.95,2185.0,2216.8,783
2009-12-17,2232.0,2261.85,2205.0,2217.15,378
2009-12-18,2212.0,2234.0,2205.0,2205.7,246
2009-12-21,2200.0,2200.0,2170.0,2179.35,785
2009-12-22,2200.0,2200.0,2111.0,2123.7,917
2009-12-23,2188.0,2188.0,2140.0,2153.3,1342
2009-12-24,2175.0,2190.0,2149.0,2170.5,281
2009-12-29,2151.05,2224.0,2151.05,2180.15,589
2009-12-30,2175.05,2217.9,2175.0,2181.25,366
2009-12-31,2269.0,2269.0,2141.0,2157.5,845
2010-01-04,2160.0,2218.0,2150.0,2174.7,982
2010-01-05,2200.0,2209.95,2172.25,2197.5,783
2010-01-06,2175.05,2200.0,2175.0,2184.7,852
2010-01-07,2173.0,2189.95,2135.0,2153.7,596
2010-01-08,2145.0,2180.0,2141.1,2167.8,584
2010-01-11,2175.05,2309.0,2160.0,2292.5,3131
2010-01-12,2289.95,2394.0,2289.95,2353.45,5773
2010-01-13,2364.0,2364.0,2280.0,2347.85,3365
2010-01-14,2360.0,2435.95,2360.0,2427.15,9769
2010-01-15,2439.0,2460.0,2391.15,2432.35,1899
2010-01-18,2421.0,2427.95,2372.0,2400.9,1297
2010-01-19,2400.0,2409.95,2325.0,2346.4,507
2010-01-20,2425.0,2425.0,2300.0,2313.5,381
2010-01-21,2286.05,2339.85,2275.0,2295.35,753
2010-01-22,2275.0,2350.0,2194.0,2283.6,1083
2010-01-25,2330.0,2330.0,2232.05,2256.9,120
2010-01-27,2226.7,2275.0,2175.4,2197.0,1620
2010-01-28,2225.0,2225.0,2195.2,2206.65,570
2010-01-29,2200.05,2272.0,2176.1,2241.2,546
2010-02-01,2399.0,2399.0,2246.0,2263.85,2911
2010-02-02,2305.0,2375.0,2266.0,2277.7,4819
2010-02-03,2370.0,2370.0,2285.0,2296.2,1437
2010-02-04,2286.6,2315.0,2281.0,2305.65,778
2010-02-05,2282.0,2289.9,2200.0,2202.1,12932
2010-02-06,2349.0,2349.0,2227.1,2232.15,482
2010-02-08,2284.0,2339.9,2229.0,2299.2,794
2010-02-09,2276.05,2324.65,2201.05,2275.55,2423
2010-02-10,2300.0,2300.0,2212.05,2262.15,550
2010-02-11,2279.5,2300.0,2249.9,2266.9,958
2010-02-15,2305.0,2305.0,2260.0,2264.3,935
2010-02-16,2265.0,2285.95,2251.15,2275.7,379
2010-02-17,2370.0,2370.0,2271.4,2351.9,2468
2010-02-18,2265.0,2390.0,2265.0,2352.6,742
2010-02-19,2350.0,2350.0,2300.0,2317.4,444
2010-02-22,2367.0,2450.0,2325.05,2380.55,7994
2010-02-23,2398.0,2400.1,2361.3,2367.05,726
2010-02-24,2330.0,2381.5,2330.0,2367.15,1997
2010-02-25,2399.0,2407.0,2325.1,2397.1,1920
2010-02-26,2400.1,2428.0,2375.0,2399.2,824
2010-03-02,2430.0,2477.0,2410.0,2449.2,1312
2010-03-03,2449.95,2600.0,2449.95,2561.25,8600
2010-03-04,2590.0,2712.9,2590.0,2666.95,5078
2010-03-05,2740.0,2747.0,2650.0,2654.1,2219
2010-03-08,2675.0,2698.0,2620.0,2645.65,584
2010-03-09,2636.15,2650.0,2605.0,2606.2,610
2010-03-10,2637.0,2670.0,2611.0,2643.05,426
2010-03-11,2648.65,2648.65,2605.0,2609.05,287
2010-03-12,2601.8,2630.0,2600.0,2608.65,174
2010-03-15,2575.0,2575.0,2550.05,2552.85,733
2010-03-16,2527.0,2578.0,2525.0,2541.3,1506
2010-03-17,2575.0,2608.0,2551.0,2565.55,747
2010-03-18,2598.95,2600.0,2552.05,2561.2,482
2010-03-19,2565.0,2598.95,2555.5,2565.25,568
2010-03-22,2550.0,2587.55,2540.1,2551.95,443
2010-03-23,2556.1,2590.0,2537.0,2572.85,1018
2010-03-25,2639.95,2650.0,2560.0,2626.4,924
2010-03-26,2623.35,2636.0,2601.0,2603.9,695
2010-03-29,2600.05,2600.05,2493.2,2550.15,825
2010-03-30,2575.0,2585.0,2555.15,2579.95,443
2010-03-31,2552.0,2700.0,2552.0,2651.1,1038
2010-04-01,2685.05,2785.0,2650.0,2746.3,2587
2010-04-05,2721.0,2799.85,2700.15,2776.3,1715
2010-04-06,2789.95,2789.95,2720.0,2721.65,657
2010-04-07,2759.9,2790.0,2670.0,2683.65,899
2010-04-08,2699.95,2699.95,2650.0,2679.95,2136
2010-04-09,2676.3,2769.9,2660.0,2691.3,1073
2010-04-12,2664.0,2694.8,2651.05,2664.45,351
2010-04-13,2656.0,2725.0,2645.0,2669.9,410
2010-04-15,2719.9,2801.0,2680.0,2711.35,3368
2010-04-16,2828.0,2828.0,2703.05,2750.45,466
2010-04-19,2642.6,2750.0,2642.6,2718.6,510
2010-04-20,2718.7,3029.95,2710.0,2927.6,6009
2010-04-21,3050.0,3264.8,2950.0,3204.45,11316
2010-04-22,3204.0,3274.0,2660.0,2897.85,37531
2010-04-23,3100.0,3100.0,2773.0,2815.6,26805
2010-04-26,2825.0,2860.0,2770.0,2790.5,6943
2010-04-27,2822.0,2833.0,2705.0,2720.05,4001
2010-04-28,2660.0,2700.0,2634.0,2685.95,5645
2010-04-29,2700.0,2710.0,2651.0,2684.5,2008
2010-04-30,2695.0,2715.0,2651.0,2667.3,1240
2010-05-03,2641.0,2678.0,2571.0,2591.7,2273
2010-05-04,2566.0,2637.3,2375.0,2408.6,8986
2010-05-05,2388.0,2515.0,2321.0,2498.2,7800
2010-05-06,2473.0,2625.0,2473.0,2609.5,3587
2010-05-07,2550.0,2615.0,2527.15,2538.95,2518
2010-05-10,2540.5,2599.75,2540.0,2582.55,1271
2010-05-11,2582.8,2599.0,2500.05,2545.6,2407
2010-05-12,2522.15,2568.0,2500.0,2542.9,1568
2010-05-13,2517.0,2580.0,2517.0,2566.2,1292
2010-05-14,2594.0,2594.0,2475.5,2495.45,854
2010-05-17,2500.0,2548.0,2426.0,2503.65,704
2010-05-18,2500.0,2655.0,2500.0,2625.4,1666
2010-05-19,2583.05,2714.0,2582.0,2683.7,6060
2010-05-20,2657.0,2725.0,2657.0,2688.05,1494
2010-05-21,2688.0,2799.0,2566.0,2735.7,2962
2010-05-24,2662.0,2725.0,2660.55,2692.45,1008
2010-05-25,2666.0,2694.0,2609.9,2637.55,757
2010-05-26,2632.0,2727.95,2632.0,2711.1,2146
2010-05-27,2657.3,2698.0,2600.0,2627.75,1211
2010-05-28,2640.0,2685.0,2611.0,2633.5,326
2010-05-31,2625.0,2658.0,2590.0,2599.95,1180
2010-06-01,2574.0,2659.0,2570.0,2615.3,763
2010-06-02,2615.3,2639.9,2551.0,2627.8,349
2010-06-03,2613.9,2698.0,2613.9,2651.2,509
2010-06-04,2675.0,2675.0,2600.0,2640.75,838
2010-06-07,2605.0,2824.4,2601.0,2752.65,2113
2010-06-08,2770.0,2805.0,2655.2,2689.95,1728
2010-06-09,2727.0,2748.0,2695.0,2723.0,2743
2010-06-10,2734.0,2778.95,2704.0,2722.05,1239
2010-06-11,2666.05,2777.0,2666.05,2715.5,429
2010-06-14,2705.65,2722.0,2702.0,2713.75,157
2010-06-15,2655.0,2960.0,2655.0,2742.9,26885
2010-06-16,2799.0,2965.0,2751.05,2899.45,18090
2010-06-17,2924.0,2980.0,2865.0,2966.15,5823
2010-06-18,2942.0,3048.95,2850.5,2872.7,6838
2010-06-21,2915.0,2949.0,2860.1,2874.3,1219
2010-06-22,2811.1,2905.0,2811.1,2856.15,966
2010-06-23,2870.0,2894.85,2725.0,2806.2,6750
2010-06-24,2810.0,2869.95,2710.0,2726.85,4724
2010-06-25,2716.65,2764.95,2716.65,2736.25,1176
2010-06-28,2800.0,2999.0,2720.0,2902.9,5472
2010-06-29,2940.0,3118.8,2816.0,2874.2,55240
2010-06-30,2825.0,2940.0,2825.0,2897.2,8174
2010-07-01,2939.0,2960.0,2850.0,2928.4,4319
2010-07-02,2899.0,3005.0,2899.0,2974.5,10742
2010-07-05,3001.0,3012.0,2909.65,2937.45,1631
2010-07-06,2925.0,2988.0,2925.0,2968.65,2121
2010-07-07,3010.0,3010.0,2942.5,2969.0,1894
2010-07-08,2993.0,3064.95,2950.15,2992.2,7180
2010-07-09,3001.0,3040.0,2992.05,3006.65,3774
2010-07-12,3040.0,3040.0,2970.0,2983.75,1496
2010-07-13,2979.9,3039.25,2976.0,3023.6,3951
2010-07-14,3070.0,3070.0,2999.0,3011.35,1175
2010-07-15,2981.0,3038.0,2981.0,3027.8,1957
2010-07-16,3055.55,3094.0,2800.0,2841.65,41152
2010-07-19,2807.0,2929.0,2750.0,2771.4,9459
2010-07-20,2770.0,2825.0,2770.0,2813.85,2293
2010-07-21,2786.0,2859.9,2786.0,2803.0,5066
2010-07-22,2826.9,2850.0,2802.0,2835.7,2980
2010-07-23,2862.5,2862.5,2805.0,2836.55,3069
2010-07-26,2817.1,2817.95,2800.0,2811.35,1867
2010-07-27,2785.25,2862.0,2785.0,2806.1,1226
2010-07-28,2778.0,2817.95,2760.05,2764.25,4853
2010-07-29,2811.0,2850.0,2752.0,2836.55,3506
2010-07-30,2850.0,2850.0,2788.0,2799.4,709
2010-08-02,2848.0,2900.0,2805.0,2830.95,1516
2010-08-03,2885.0,2885.0,2802.3,2825.1,2203
2010-08-04,2825.0,2864.7,2810.05,2845.3,2275
2010-08-05,2864.7,2864.7,2740.0,2748.15,8777
2010-08-06,2785.0,2788.0,2690.0,2708.4,2177
2010-08-09,2700.05,2750.0,2695.0,2710.75,2452
2010-08-10,2739.9,2750.0,2625.0,2663.1,1573
2010-08-11,2719.0,2719.0,2650.0,2671.15,795
2010-08-12,2649.8,2671.15,2625.0,2646.65,961
2010-08-13,2642.05,2670.0,2580.0,2597.05,1639
2010-08-16,2669.0,2669.0,2575.0,2589.6,1884
2010-08-17,2644.9,2644.9,2540.0,2552.9,850
2010-08-18,2560.0,2654.0,2525.0,2599.65,1536
2010-08-19,2650.0,2680.0,2561.0,2613.4,1102
2010-08-20,2611.0,2621.9,2575.0,2588.3,523
2010-08-23,2562.0,2649.0,2561.2,2570.55,871
2010-08-24,2566.05,2600.0,2535.05,2548.5,649
2010-08-25,2523.0,2625.0,2455.0,2461.35,3957
2010-08-26,2524.0,2524.0,2435.0,2470.95,1573
2010-08-27,2549.9,2549.9,2440.0,2447.1,413
2010-08-30,2423.0,2475.05,2380.0,2390.9,2162
2010-08-31,2380.0,2410.0,2347.15,2357.2,2254
2010-09-01,2408.9,2432.0,2380.0,2389.85,2963
2010-09-02,2438.0,2495.0,2365.0,2452.3,2846
2010-09-03,2450.0,2500.0,2420.0,2462.5,1265
2010-09-06,2499.0,2659.4,2470.2,2546.3,2983
2010-09-07,2470.0,2572.95,2470.0,2509.3,974
2010-09-08,2568.7,2568.75,2485.0,2494.25,6181
2010-09-09,2476.2,2500.0,2455.5,2473.5,1180
2010-09-13,2499.0,2550.0,2475.0,2492.25,1092
2010-09-14,2548.0,2548.0,2460.0,2478.9,2022
2010-09-15,2518.95,2527.0,2485.05,2518.05,891
2010-09-16,2525.0,2533.95,2480.0,2490.8,1072
2010-09-17,2485.0,2517.0,2450.0,2503.5,1170
2010-09-20,2481.05,2527.9,2481.05,2503.0,1118
2010-09-21,2512.5,2530.0,2420.0,2490.75,1052
2010-09-22,2475.0,2514.95,2475.0,2493.5,689
2010-09-23,2493.5,2508.75,2470.0,2473.6,2220
2010-09-24,2509.0,2509.0,2465.0,2491.75,574
2010-09-27,2500.0,2500.0,2480.0,2480.95,1464
2010-09-28,2475.0,2500.0,2440.55,2461.2,1311
2010-09-29,2548.8,2548.8,2455.0,2474.35,833
2010-09-30,2474.35,2600.0,2447.0,2520.6,2232
2010-10-01,2520.6,2624.9,2480.0,2524.65,3419
2010-10-04,2548.0,2548.0,2500.0,2504.3,1202
2010-10-05,2550.0,2550.0,2491.0,2495.15,17863
2010-10-06,2535.0,2540.0,2475.0,2480.8,1721
2010-10-07,2499.9,2500.0,2452.0,2470.95,1549
2010-10-08,2461.3,2486.95,2450.0,2457.7,606
2010-10-11,2475.0,2505.0,2460.1,2489.5,475
2010-10-12,2499.0,2559.95,2482.0,2535.7,2634
2010-10-13,2599.0,2649.0,2531.05,2585.35,6655
2010-10-14,2570.2,2570.2,2444.0,2479.3,5890
2010-10-15,2435.3,2483.0,2400.05,2444.75,12227
2010-10-18,2420.0,2450.0,2390.0,2416.85,383
2010-10-19,2414.0,2439.0,2401.0,2417.95,1153
2010-10-20,2410.2,2433.0,2385.0,2399.05,1553
2010-10-21,2425.0,2542.0,2373.0,2501.2,7989
2010-10-22,2509.0,2520.0,2455.0,2470.7,513
2010-10-25,2510.0,2517.0,2475.15,2503.65,1321
2010-10-26,2500.0,2500.0,2470.0,2480.0,634
2010-10-27,2387.0,2540.0,2387.0,2462.45,631
2010-10-28,2498.9,2500.0,2440.6,2450.0,21727
2010-10-29,2480.0,2580.0,2430.65,2518.2,2043
2010-11-01,2520.0,2540.0,2480.0,2503.7,1406
2010-11-02,2452.0,2499.9,2452.0,2484.7,616
2010-11-03,2483.0,2498.95,2470.05,2478.55,399
2010-11-04,2496.85,2504.95,2460.05,2480.65,660
2010-11-05,2550.0,2584.0,2500.0,2520.5,1487
2010-11-08,2521.0,2549.95,2500.0,2502.1,848
2010-11-09,2519.0,2519.0,2475.25,2493.8,505
2010-11-10,2518.0,2518.0,2478.0,2504.7,663
2010-11-11,2618.9,2875.0,2552.0,2620.35,11241
2010-11-12,2650.0,2650.0,2556.0,2582.7,3003
2010-11-15,2600.0,2689.0,2600.0,2617.3,2851
2010-11-16,2617.3,2640.0,2556.0,2558.35,3628
2010-11-18,2625.0,2715.0,2520.05,2662.15,4170
2010-11-19,2700.0,2700.0,2601.1,2627.7,4552
2010-11-22,2625.0,2635.0,2545.0,2598.9,1211
2010-11-23,2573.0,2625.0,2545.0,2579.85,1029
2010-11-24,2580.0,2600.0,2567.05,2580.05,511
2010-11-25,2579.05,2617.0,2535.0,2543.7,1856
2010-11-26,2526.0,2571.75,2425.0,2476.3,1196
2010-11-29,2456.05,2518.0,2416.0,2471.35,1239
2010-11-30,2425.0,2499.9,2425.0,2486.05,5560
2010-12-01,2524.0,2525.0,2490.0,2514.85,624
2010-12-02,2525.0,2539.0,2500.0,2507.85,326
2010-12-03,2549.0,2550.0,2452.0,2485.0,863
2010-12-06,2500.0,2547.0,2421.1,2436.4,861
2010-12-07,2442.3,2463.85,2441.0,2447.1,1467
2010-12-08,2449.4,2449.4,2311.1,2324.7,2786
2010-12-09,2341.0,2390.0,2200.0,2268.05,4134
2010-12-10,2450.0,2700.0,2260.0,2321.6,764
2010-12-13,2384.0,2384.0,2320.0,2324.65,715
2010-12-14,2340.0,2359.85,2315.0,2323.6,343
2010-12-15,2323.0,2323.0,2261.0,2295.05,385
2010-12-16,2345.4,2350.0,2276.0,2322.7,293
2010-12-20,2272.0,2365.0,2118.3,2310.65,709
2010-12-21,2310.0,2349.95,2301.05,2316.75,331
2010-12-22,2344.45,2347.95,2320.1,2336.75,448
2010-12-23,2325.3,2365.95,2325.3,2351.9,322
2010-12-24,2351.0,2435.0,2320.0,2414.45,839
2010-12-27,2420.05,2443.95,2346.0,2392.3,3043
2010-12-28,2400.0,2400.0,2380.0,2380.7,335
2010-12-29,2381.05,2381.05,2358.0,2364.95,586
2010-12-30,2391.95,2392.0,2363.1,2375.05,376
2011-01-03,2358.25,2383.95,2358.25,2366.3,739
2011-01-04,2392.0,2400.0,2370.3,2376.95,972
2011-01-05,2375.25,2389.0,2351.1,2362.0,341
2011-01-06,2380.0,2383.0,2350.0,2354.8,390
2011-01-07,2346.5,2370.0,2346.5,2352.85,1148
2011-01-10,2380.0,2380.0,2340.0,2340.05,1701
2011-01-11,2342.0,2370.9,2332.05,2351.5,3498
2011-01-12,2360.0,2384.95,2355.0,2378.25,3528
2011-01-13,2440.0,2440.0,2355.15,2382.95,881
2011-01-14,2340.0,2385.0,2270.0,2373.2,1676
2011-01-17,2400.0,2454.2,2362.1,2420.9,1686
2011-01-18,2474.4,2500.0,2380.0,2428.75,3179
2011-01-19,2373.0,2485.0,2370.1,2421.75,1046
2011-01-20,2366.95,2444.0,2366.95,2428.05,612
2011-01-21,2429.0,2429.0,2390.1,2394.5,276
2011-01-24,2400.0,2400.0,2341.3,2345.05,410
2011-01-25,2342.0,2398.9,2342.0,2384.2,1083
2011-01-27,2360.0,2420.0,2340.0,2354.4,286
2011-01-28,2331.0,2370.0,2310.05,2350.2,2076
2011-01-31,2315.0,2410.0,2262.0,2380.85,3042
2011-02-01,2380.0,2400.0,2351.1,2370.05,957
2011-02-02,2360.25,2389.9,2340.15,2355.4,422
2011-02-03,2315.0,2530.0,2315.0,2475.05,3597
2011-02-04,2465.25,2485.5,2369.95,2375.85,570
2011-02-07,2346.9,2444.9,2320.0,2338.1,332
2011-02-08,2350.0,2380.0,2304.45,2323.4,669
2011-02-09,2300.0,2300.0,2200.0,2246.5,1802
2011-02-10,2201.05,2211.0,2020.0,2042.8,3719
2011-02-11,2043.0,2190.0,2010.0,2138.6,1086
2011-02-14,2150.0,2175.0,2132.2,2157.75,755
2011-02-15,2168.0,2198.8,2141.0,2167.3,1908
2011-02-16,2180.0,2180.0,2124.95,2143.75,693
2011-02-17,2105.0,2169.0,2105.0,2138.0,451
2011-02-18,2174.0,2200.0,2168.0,2183.85,587
2011-02-21,2132.0,2197.75,2132.0,2184.15,350
2011-02-22,2180.0,2188.8,2125.0,2153.9,282
2011-02-23,2178.5,2178.7,2128.05,2152.6,147
2011-02-24,2116.0,2168.9,2101.0,2110.4,427
2011-02-25,2387.0,2387.0,2077.0,2108.05,267
2011-02-28,2130.0,2149.0,2094.5,2108.05,311
2011-03-01,2154.95,2154.95,2100.0,2113.45,98
2011-03-03,2167.9,2185.95,2123.0,2159.4,272
2011-03-04,2262.9,2262.9,2150.0,2152.6,254
2011-03-07,2135.0,2184.25,2100.0,2122.85,231
2011-03-08,2110.05,2150.95,2102.0,2133.15,221
2011-03-09,2061.0,2134.9,2061.0,2108.6,348
2011-03-10,2162.7,2163.0,2085.25,2113.75,638
2011-03-11,2106.05,2127.0,2085.55,2094.6,722
2011-03-14,2150.0,2160.0,2087.8,2104.4,809
2011-03-15,2090.0,2120.0,2081.0,2102.0,549
2011-03-16,2081.0,2115.0,2081.0,2101.8,243
2011-03-17,2106.0,2113.0,2099.0,2102.55,211
2011-03-18,2113.0,2148.0,2094.0,2133.25,1635
2011-03-21,2125.0,2138.6,2105.0,2114.3,2553
2011-03-22,2111.0,2155.0,2110.0,2140.1,393
2011-03-23,2119.0,2184.9,2119.0,2165.7,486
2011-03-24,2160.05,2244.0,2160.05,2212.4,595
2011-03-25,2220.0,2244.0,2200.0,2211.15,594
2011-03-28,2225.0,2339.95,2205.0,2300.2,2338
2011-03-29,2349.0,2350.0,2250.0,2266.25,1452
2011-03-30,2300.0,2324.8,2245.0,2260.9,543
2011-03-31,2240.05,2289.0,2230.0,2246.0,458
2011-04-01,2176.0,2280.0,2048.35,2271.65,307
2011-04-04,2280.0,2362.0,2280.0,2348.45,614
2011-04-05,2351.05,2364.0,2290.05,2323.5,2027
2011-04-06,2301.1,2349.0,2260.05,2319.65,2029
2011-04-07,2295.0,2369.0,2295.0,2332.0,645
2011-04-08,2368.95,2373.0,2301.0,2307.4,1741
2011-04-11,2345.9,2345.9,2300.0,2312.75,248
2011-04-13,2300.0,2369.0,2268.0,2345.35,385
2011-04-15,2350.0,2390.0,2335.15,2375.0,388
2011-04-18,2399.0,2439.95,2372.4,2383.8,782
2011-04-19,2420.0,2434.95,2376.25,2388.3,283
2011-04-20,2401.1,2425.0,2385.0,2423.0,966
2011-04-21,2499.0,2499.0,2415.0,2429.2,912
2011-04-25,2425.0,2459.95,2392.05,2423.15,1973
2011-04-26,2474.95,2474.95,2400.0,2411.0,398
2011-04-27,2443.95,2700.0,2402.1,2555.3,12656
2011-04-28,2511.1,2589.0,2491.0,2525.25,1400
2011-04-29,2575.0,2575.0,2461.0,2481.55,499
2011-05-02,2550.0,2550.0,2470.0,2480.75,589
2011-05-03,2550.0,2550.0,2421.0,2463.45,924
2011-05-04,2526.0,2526.0,2420.0,2438.8,919
2011-05-05,2526.0,2526.0,2371.05,2383.85,1151
2011-05-06,2526.0,2526.0,2364.0,2369.45,513
2011-05-09,2520.0,2520.0,2351.25,2363.05,326
2011-05-10,2509.9,2509.9,2370.4,2376.3,231
2011-05-11,2500.0,2500.0,2366.0,2374.9,818
2011-05-12,2440.0,2440.0,2325.0,2396.35,583
2011-05-13,2489.0,2489.0,2377.25,2402.9,1064
2011-05-16,2500.0,2500.0,2381.0,2399.85,1761
2011-05-17,2475.0,2475.0,2355.0,2374.7,600
2011-05-18,2470.0,2470.0,2321.0,2339.0,1194
2011-05-19,2420.0,2420.0,2281.5,2316.75,1798
2011-05-20,2395.0,2414.95,2330.0,2393.8,758
2011-05-23,2447.0,2447.0,2339.5,2371.45,1218
2011-05-24,2450.0,2450.0,2331.0,2348.65,714
2011-05-25,2399.9,2399.9,2333.0,2336.15,278
2011-05-26,2399.0,2399.0,2345.0,2354.7,249
2011-05-27,2398.8,2398.8,2315.0,2368.95,525
2011-05-30,2426.0,2445.0,2336.0,2387.85,915
2011-05-31,2450.0,2450.0,2350.0,2396.65,540
2011-06-01,2450.0,2450.0,2361.25,2407.6,508
2011-06-02,2450.0,2450.0,2356.0,2371.3,443
2011-06-03,2449.95,2449.95,2392.0,2399.15,538
2011-06-06,2448.0,2580.0,2353.2,2468.7,7706
2011-06-07,2600.0,2600.0,2442.0,2496.8,1290
2011-06-08,2590.0,2590.0,2471.0,2484.7,497
2011-06-09,2540.0,2540.0,2471.0,2499.3,1088
2011-06-10,2549.0,2549.0,2457.0,2476.15,492
2011-06-13,2540.0,2540.0,2418.0,2521.0,1816
2011-06-14,2550.0,2625.0,2470.1,2553.65,3548
2011-06-15,2599.0,2599.0,2530.05,2553.25,1945
2011-06-16,2598.95,2598.95,2520.05,2536.8,463
2011-06-17,2598.0,2598.0,2505.0,2527.0,447
2011-06-20,2598.0,2598.0,2450.1,2468.5,468
2011-06-21,2577.9,2577.9,2443.7,2447.35,395
2011-06-22,2550.0,2550.0,2405.25,2410.3,509
2011-06-23,2545.0,2545.0,2375.0,2385.15,979
2011-06-24,2514.9,2514.9,2400.0,2409.45,641
2011-06-27,2495.0,2511.9,2390.0,2442.6,920
2011-06-28,2499.0,2499.0,2416.25,2425.15,447
2011-06-29,2489.0,2489.0,2416.0,2422.75,504
2011-06-30,2489.0,2625.0,2440.0,2560.35,2568
2011-07-01,2560.0,2589.0,2531.0,2553.2,373
2011-07-04,2600.0,2600.0,2560.05,2582.75,437
2011-07-05,2587.0,2588.95,2546.35,2557.1,325
2011-07-06,2573.05,2599.0,2570.0,2592.5,1731
2011-07-07,2598.95,2745.0,2575.0,2706.4,7262
2011-07-08,2707.0,2810.0,2706.5,2789.85,8715
2011-07-11,2799.0,2896.0,2725.0,2779.7,2359
2011-07-12,2750.0,2932.45,2710.3,2845.9,5543
2011-07-13,2862.15,2900.0,2807.0,2834.5,1467
2011-07-14,2800.05,2890.0,2785.05,2851.75,1627
2011-07-15,2879.95,2879.95,2751.0,2775.65,634
2011-07-18,2792.5,2792.5,2727.0,2737.45,419
2011-07-19,2737.45,2780.0,2725.0,2741.65,929
2011-07-20,2755.0,2790.0,2718.0,2754.7,1679
2011-07-21,2740.0,2823.0,2672.0,2773.9,2802
2011-07-22,2820.0,2890.0,2750.25,2865.65,3538
2011-07-25,2822.0,2865.25,2782.0,2823.55,1587
2011-07-26,2857.15,2890.0,2810.1,2814.15,964
2011-07-27,2849.0,2849.0,2780.0,2787.4,262
2011-07-28,2833.9,2833.9,2760.05,2798.15,564
2011-07-29,2790.0,2800.0,2750.0,2769.45,685
2011-08-01,2770.0,2895.0,2710.0,2791.0,1395
2011-08-02,2765.15,2790.0,2730.0,2751.5,131
2011-08-03,2750.0,2750.0,2615.0,2672.15,555
2011-08-04,2672.15,2720.0,2611.0,2639.8,582
2011-08-05,2550.0,2600.0,2525.0,2569.75,640
2011-08-08,2500.0,2559.0,2475.0,2490.4,803
2011-08-09,2388.1,2520.0,2388.1,2454.35,937
2011-08-10,2550.0,2558.95,2477.7,2549.8,38575
2011-08-11,2502.05,2640.0,2502.05,2566.55,1854
2011-08-12,2633.0,2633.0,2567.0,2586.45,264
2011-08-16,2560.0,2589.9,2460.0,2483.3,575
2011-08-17,2545.0,2545.0,2474.4,2480.5,168
2011-08-18,2471.0,2496.0,2460.0,2463.9,217
2011-08-19,2443.05,2443.05,2388.0,2404.35,657
2011-08-22,2420.4,2469.95,2420.0,2463.3,300
2011-08-23,2465.0,2629.95,2423.05,2572.75,1057
2011-08-24,2551.0,2620.0,2500.0,2559.95,384
2011-08-25,2527.1,2585.0,2505.05,2524.7,311
2011-08-26,2558.0,2558.0,2430.1,2480.85,251
2011-08-29,2436.0,2578.8,2436.0,2532.2,506
2011-08-30,2500.25,2626.0,2500.25,2557.1,1902
2011-09-02,2589.95,2630.0,2515.0,2585.55,539
2011-09-05,2530.1,2602.0,2518.0,2566.8,548
2011-09-06,2598.0,2598.0,2518.15,2569.1,265
2011-09-07,2537.6,2620.0,2537.6,2579.8,928
2011-09-08,2580.0,2750.0,2560.0,2691.55,1996
2011-09-09,2735.0,2736.0,2612.3,2630.9,6341
2011-09-12,2580.0,2629.95,2544.0,2558.45,211
2011-09-13,2600.0,2624.8,2544.0,2565.2,263
2011-09-14,2570.0,2589.0,2543.0,2543.0,91
2011-09-15,2541.2,2575.0,2520.0,2546.65,472
2011-09-16,2541.1,2577.75,2510.0,2524.4,539
2011-09-19,2520.1,2800.0,2514.0,2620.5,5802
2011-09-20,2603.0,2749.0,2603.0,2643.0,936
2011-09-21,2745.0,2745.0,2622.0,2656.15,1822
2011-09-22,2564.0,2660.0,2525.0,2566.15,1120
2011-09-23,2505.0,2570.0,2494.0,2527.25,1141
2011-09-26,2618.95,2619.0,2466.55,2503.3,291
2011-09-27,2500.0,2599.0,2472.0,2522.95,460
2011-09-28,2579.9,2579.9,2505.05,2518.5,101
2011-09-29,2466.0,2536.0,2465.0,2517.45,307
2011-09-30,2534.0,2699.0,2499.95,2668.9,3381
2011-10-03,2585.05,2660.0,2540.0,2541.9,368
2011-10-04,2531.1,2600.0,2520.0,2555.6,486
2011-10-05,2557.0,2596.0,2525.0,2542.55,398
2011-10-07,2665.0,2699.0,2510.0,2609.35,1147
2011-10-10,2573.4,2677.0,2526.0,2620.0,1096
2011-10-11,2604.0,2610.0,2526.0,2543.0,1033
2011-10-12,2531.15,2618.0,2531.15,2568.1,724
2011-10-13,2573.05,2618.0,2570.0,2599.0,1059
2011-10-14,2605.0,2610.0,2551.15,2599.4,549
2011-10-17,2585.0,2618.0,2583.0,2599.65,379
2011-10-18,2600.0,2600.0,2530.0,2544.95,398
2011-10-19,2501.05,2501.05,2388.0,2412.55,7219
2011-10-20,2400.0,2424.9,2385.15,2411.7,557
2011-10-21,2525.1,2525.1,2345.05,2370.05,815
2011-10-24,2281.0,2412.95,2269.0,2291.3,3758
2011-10-25,2171.0,2359.0,2171.0,2330.8,1266
2011-10-26,2389.0,2389.0,2321.0,2348.4,224
2011-10-28,2399.95,2399.95,2329.0,2341.65,671
2011-10-31,2350.0,2352.1,2290.0,2296.95,1148
2011-11-01,2250.0,2308.7,2250.0,2267.95,1053
2011-11-02,2252.0,2279.0,2230.0,2248.55,1405
2011-11-03,2228.75,2266.75,2210.9,2227.3,668
2011-11-04,2231.0,2335.0,2230.2,2322.0,3164
2011-11-08,2325.0,2354.0,2310.0,2341.45,1565
2011-11-09,2252.0,2359.65,2252.0,2268.2,762
2011-11-11,2270.0,2310.0,2270.0,2286.2,660
2011-11-14,2286.0,2305.0,2241.05,2249.0,688
2011-11-15,2247.0,2289.95,2085.95,2117.2,1902
2011-11-16,2174.0,2187.8,2086.0,2102.2,1311
2011-11-17,2100.05,2119.0,2060.0,2077.85,5716
2011-11-18,2075.0,2092.0,2033.5,2054.9,478
2011-11-21,2054.0,2090.0,2001.15,2021.25,529
2011-11-22,2048.9,2048.9,1955.5,1993.35,2780
2011-11-23,1990.0,1990.0,1900.0,1922.5,1592
2011-11-24,1910.0,1999.0,1890.0,1943.3,1350
2011-11-25,1900.0,1975.0,1900.0,1921.85,339
2011-11-28,1900.0,1960.0,1890.0,1913.95,723
2011-11-29,1900.0,2060.0,1900.0,1981.3,1151
2011-11-30,1901.05,2090.0,1901.05,2020.25,1383
2011-12-01,1975.05,2034.0,1949.0,1975.25,536
2011-12-02,1955.9,2045.0,1936.2,1980.8,1696
2011-12-05,1991.55,2024.0,1950.3,1973.45,2207
2011-12-07,1954.0,1995.0,1954.0,1974.45,507
2011-12-08,1951.1,1988.95,1907.0,1930.6,308
2011-12-09,1914.95,1944.0,1880.0,1888.5,1501
2011-12-12,1900.0,1925.0,1810.0,1817.1,1573
2011-12-13,1850.0,1877.75,1745.0,1762.65,1203
2011-12-14,1727.0,1796.0,1720.1,1725.5,751
2011-12-15,1625.05,1725.0,1617.0,1696.7,2328
2011-12-16,1680.0,1788.0,1670.05,1686.6,1053
2011-12-19,1690.0,1715.0,1645.0,1695.35,333
2011-12-20,1702.0,1799.0,1665.0,1729.25,2382
2011-12-21,1741.0,1770.0,1702.3,1715.6,1245
2011-12-22,1715.0,1750.0,1715.0,1749.45,1061
2011-12-23,1765.0,1765.0,1716.95,1736.8,3841
2011-12-26,1799.0,1799.0,1740.0,1748.65,672
2011-12-27,1748.0,1750.0,1720.0,1748.85,805
2011-12-28,1725.05,1747.9,1725.0,1739.9,253
2011-12-29,1705.0,1739.9,1705.0,1713.15,542
2011-12-30,1715.25,1730.0,1711.0,1722.7,771
2012-01-02,1720.0,1727.0,1701.0,1706.4,662
2012-01-03,1706.0,1750.0,1706.0,1749.9,1775
2012-01-04,1747.85,1750.0,1716.2,1729.1,453
2012-01-05,1744.75,1744.75,1700.0,1708.45,683
2012-01-06,1713.9,1713.9,1695.0,1699.95,4569
2012-01-07,1733.8,1749.0,1700.0,1743.4,21
2012-01-09,1726.0,1749.0,1726.0,1731.55,2397
2012-01-10,1749.0,1917.0,1735.05,1799.35,10722
2012-01-11,1750.0,1845.0,1750.0,1810.9,2335
2012-01-12,1800.0,1820.0,1793.25,1798.35,1244
2012-01-13,1800.0,1920.0,1800.0,1860.6,4317
2012-01-16,1860.0,1898.95,1840.0,1878.55,3477
2012-01-17,1885.0,1920.0,1875.0,1907.75,5661
2012-01-18,1905.0,1999.8,1900.0,1980.0,4499
2012-01-19,1999.0,2045.0,1990.0,2005.9,2511
2012-01-20,2006.0,2135.0,2006.0,2066.85,1747
2012-01-23,2075.0,2179.0,2049.0,2155.25,2690
2012-01-24,2170.0,2197.5,2140.0,2189.2,2233
2012-01-25,2239.85,2239.85,2151.0,2167.8,1423
2012-01-27,2200.0,2239.5,2171.05,2218.35,1071
2012-01-30,2196.1,2420.0,2196.1,2332.0,11381
2012-01-31,2298.0,2369.95,2298.0,2323.5,1829
2012-02-01,2335.0,2365.95,2278.0,2300.9,2088
2012-02-02,2321.0,2455.75,2319.95,2417.85,5430
2012-02-03,2379.05,2455.75,2378.0,2384.15,610
2012-02-06,2410.0,2410.0,2365.1,2376.6,904
2012-02-07,2385.0,2385.0,2336.0,2340.85,930
2012-02-08,2360.0,2360.0,2290.0,2314.05,1285
2012-02-09,2304.0,2340.0,2300.0,2310.2,556
2012-02-10,2605.0,2605.0,2410.0,2514.5,8178
2012-02-13,2506.0,2600.0,2506.0,2586.2,4855
2012-02-14,2700.0,2705.0,2590.0,2665.35,6228
2012-02-15,2689.0,2713.95,2630.0,2632.75,2071
2012-02-16,2639.5,2639.5,2600.0,2623.55,971
2012-02-17,2629.0,2651.1,2550.0,2569.45,1025
2012-02-21,2575.0,2601.05,2526.0,2530.9,632
2012-02-22,2540.0,2560.0,2451.1,2464.2,587
2012-02-23,2416.0,2629.7,2416.0,2522.25,1796
2012-02-24,2585.0,2870.0,2569.25,2820.85,11842
2012-02-27,2710.0,2815.0,2623.4,2646.7,4311
2012-02-28,2660.0,2818.0,2650.0,2797.55,3552
2012-02-29,2874.75,2906.0,2775.05,2793.4,3073
2012-03-01,2800.0,2849.95,2751.25,2797.4,2657
2012-03-02,2799.85,2900.0,2789.05,2873.5,3559
2012-03-03,2890.0,3008.0,2754.0,2990.45,5099
2012-03-05,3050.0,3235.0,3050.0,3089.65,21854
2012-03-06,3087.0,3200.0,3060.1,3073.3,7599
2012-03-07,3090.0,3119.7,2921.25,2936.95,5019
2012-03-09,2950.0,3040.0,2949.0,2964.55,2786
2012-03-12,2965.0,3009.0,2940.0,2949.0,999
2012-03-13,2951.05,2989.9,2907.0,2942.9,1545
2012-03-14,2958.0,2990.0,2920.0,2931.6,5746
2012-03-15,2930.0,2948.95,2849.95,2851.85,1296
2012-03-16,2850.0,2869.9,2814.5,2820.25,819
2012-03-19,2791.1,2879.95,2776.0,2802.05,1090
2012-03-20,2800.0,2868.0,2790.0,2801.9,1164
2012-03-21,2839.0,2839.0,2783.2,2810.7,647
2012-03-22,2810.7,2824.95,2751.15,2768.7,892
2012-03-23,2790.0,2790.0,2748.0,2758.5,1008
2012-03-26,2799.9,2799.9,2680.5,2689.1,9895
2012-03-27,2698.0,2938.0,2452.55,2825.25,2227
2012-03-28,2769.1,2850.0,2720.0,2732.55,1321
2012-03-29,2721.0,2843.0,2678.1,2764.5,796
2012-03-30,2833.0,2848.0,2750.0,2825.05,1381
2012-04-02,2882.0,2920.0,2821.0,2838.25,889
2012-04-03,2857.9,2860.0,2807.0,2812.35,245
2012-04-04,2810.0,2829.0,2765.9,2779.5,724
2012-04-09,2785.0,2785.0,2750.0,2767.15,629
2012-04-10,2760.0,3027.3,2752.05,2915.6,2099
2012-04-11,2900.0,3020.0,2900.0,2937.05,2376
2012-04-12,2970.0,3044.95,2940.0,3008.95,3344
2012-04-13,3008.0,3104.95,2980.0,3000.45,3168
2012-04-16,3034.95,3034.95,2985.05,3016.4,1251
2012-04-17,3034.95,3034.95,2981.1,3002.3,816
2012-04-18,2947.0,3025.0,2947.0,2989.45,948
2012-04-19,3000.0,3319.0,2960.0,3262.25,32202
2012-04-20,3287.8,3349.9,2980.05,3001.95,47606
2012-04-23,2972.0,3100.0,2812.35,2841.15,15642
2012-04-24,2816.0,2918.0,2811.55,2880.25,5595
2012-04-25,2860.0,2888.0,2825.0,2849.0,790
2012-04-26,2855.0,2859.6,2740.0,2767.55,1765
2012-04-27,2750.0,2850.5,2711.4,2736.4,3108
2012-04-28,2740.0,2751.0,2730.25,2731.05,936
2012-04-30,2734.0,2784.85,2725.0,2746.2,1433
2012-05-02,2744.0,2759.8,2708.0,2718.2,996
2012-05-03,2747.95,2748.0,2650.0,2690.4,893
2012-05-04,2710.0,2775.0,2553.1,2575.5,6879
2012-05-07,2532.0,2565.0,2480.05,2531.5,1990
2012-05-08,2550.0,2550.0,2502.0,2516.9,891
2012-05-09,2500.05,2540.0,2482.0,2507.95,1107
2012-05-10,2589.0,2589.0,2450.0,2473.3,556
2012-05-11,2485.05,2559.95,2440.0,2471.7,1199
2012-05-14,2456.0,2509.0,2376.0,2383.9,1481
2012-05-15,2313.0,2470.0,2278.0,2401.05,2481
2012-05-16,2352.0,2497.0,2278.0,2434.35,6102
2012-05-17,2430.0,2498.8,2430.0,2463.7,1829
2012-05-18,2450.0,2520.2,2439.0,2463.75,817
2012-05-21,2470.0,2543.95,2451.0,2456.65,509
2012-05-22,2465.0,2514.0,2465.0,2499.45,735
2012-05-23,2509.95,2580.0,2491.6,2556.6,2009
2012-05-24,2550.0,2619.0,2525.0,2534.2,376
2012-05-25,2525.2,2697.0,2525.2,2640.15,1277
2012-05-28,2699.0,2724.0,2615.0,2715.75,3271
2012-05-29,2678.05,2790.0,2678.0,2750.2,2215
2012-05-30,2707.0,2749.8,2635.0,2719.35,575
2012-05-31,2664.0,2740.0,2526.0,2623.4,3554
2012-06-01,2620.0,2740.0,2499.0,2618.4,2150
2012-06-04,2515.05,2600.0,2505.0,2548.5,1829
2012-06-05,2589.95,2589.95,2481.15,2511.1,557
2012-06-06,2544.95,2544.95,2476.0,2506.0,1092
2012-06-07,2529.0,2575.0,2503.5,2533.75,1399
2012-06-08,2515.0,2600.0,2510.0,2585.7,1377
2012-06-11,2575.0,2600.0,2546.0,2571.25,1020
2012-06-12,2560.0,2599.0,2507.0,2567.05,1402
2012-06-13,2574.0,2574.0,2525.25,2544.55,234
2012-06-14,2529.05,2560.0,2502.0,2527.7,314
2012-06-15,2559.95,2559.95,2501.0,2513.75,522
2012-06-18,2549.0,2549.0,2491.0,2505.35,757
2012-06-19,2501.0,2538.5,2501.0,2514.25,703
2012-06-20,2534.0,2534.0,2505.0,2509.7,544
2012-06-21,2525.0,2691.9,2506.0,2616.8,1201
2012-06-22,2590.05,2695.0,2550.0,2613.95,1563
2012-06-25,2678.95,2678.95,2585.85,2615.7,270
2012-06-26,2607.0,2700.0,2555.5,2658.55,633
2012-06-27,2652.05,2698.0,2608.0,2658.3,993
2012-06-28,2699.75,2775.0,2580.0,2681.1,3340
2012-06-29,2740.0,2790.0,2645.1,2750.55,3238
2012-07-02,2780.0,2780.0,2675.0,2737.4,1245
2012-07-03,2790.0,2790.0,2605.1,2770.05,763
2012-07-04,2769.0,2770.0,2730.05,2753.95,256
2012-07-05,2950.9,2950.9,2710.0,2728.85,1378
2012-07-06,2755.0,2755.0,2700.0,2709.1,502
2012-07-09,2729.95,2729.95,2640.0,2658.0,283
2012-07-10,2720.0,2720.0,2650.0,2660.75,303
2012-07-11,2652.4,2668.85,2620.0,2642.0,459
2012-07-12,2665.0,2700.0,2616.0,2669.15,560
2012-07-13,2688.95,2688.95,2601.0,2621.25,516
2012-07-16,2680.0,2694.95,2599.9,2642.65,839
2012-07-17,2668.0,2690.0,2622.0,2658.15,875
2012-07-18,2667.0,2695.0,2475.0,2495.5,10579
2012-07-19,2495.5,2500.0,2415.0,2426.7,2447
2012-07-20,2470.0,2470.0,2422.0,2434.2,327
2012-07-23,2426.2,2449.0,2400.0,2412.6,603
2012-07-24,2382.7,2418.85,2381.0,2398.1,315
2012-07-25,2400.0,2412.95,2295.0,2321.6,2297
2012-07-26,2310.1,2367.0,2300.0,2310.8,644
2012-07-27,2302.0,2359.9,2290.0,2305.0,503
2012-07-30,2332.0,2343.0,2310.0,2317.7,492
2012-07-31,2295.0,2433.9,2295.0,2425.05,1852
2012-08-01,2400.95,2450.0,2393.0,2420.5,435
2012-08-02,2474.0,2474.0,2385.0,2401.1,273
2012-08-03,2370.0,2415.0,2370.0,2402.2,347
2012-08-06,2410.0,2575.0,2410.0,2540.4,2798
2012-08-07,2545.0,2580.0,2501.55,2542.55,1140
2012-08-08,2540.0,2543.95,2505.7,2510.8,371
2012-08-09,2541.05,2543.5,2462.25,2486.0,170
2012-08-10,2500.0,2500.0,2460.1,2468.3,70
2012-08-13,2524.9,2524.9,2425.65,2454.1,448
2012-08-14,2491.95,2492.0,2445.0,2455.6,106
2012-08-16,2456.1,2499.0,2438.0,2444.5,214
2012-08-17,2494.0,2540.0,2425.0,2438.9,254
2012-08-21,2498.0,2499.95,2413.0,2440.15,284
2012-08-22,2450.0,2469.95,2416.25,2423.1,399
2012-08-23,2440.0,2590.0,2415.0,2533.1,1371
2012-08-24,2451.4,2560.0,2400.0,2534.9,854
2012-08-27,2500.0,2510.0,2450.0,2459.9,517
2012-08-28,2509.0,2509.0,2435.0,2485.85,628
2012-08-29,2460.0,2563.95,2425.0,2485.8,1618
2012-08-30,2460.1,2483.0,2425.0,2443.5,738
2012-08-31,2486.0,2510.5,2420.0,2476.4,1215
2012-09-03,2519.95,2519.95,2452.25,2481.0,146
2012-09-04,2455.15,2459.9,2410.0,2419.1,1081
2012-09-05,2421.0,2433.95,2394.0,2400.15,516
2012-09-06,2434.0,2434.0,2381.7,2403.3,414
2012-09-07,2415.05,2499.0,2390.0,2459.7,1170
2012-09-08,2416.7,2466.75,2416.7,2442.4,29
2012-09-10,2418.0,2499.0,2418.0,2466.25,324
2012-09-11,2496.95,2520.0,2453.1,2489.55,818
2012-09-12,2469.0,2520.0,2469.0,2479.9,264
2012-09-13,2465.05,2509.0,2430.0,2480.85,879
2012-09-14,2535.0,2535.0,2478.25,2504.85,1033
2012-09-17,2545.0,2545.0,2445.0,2492.8,607
2012-09-18,2473.55,2555.0,2455.0,2521.45,691
2012-09-20,2462.0,2525.0,2461.1,2509.05,586
2012-09-21,2490.0,2706.1,2465.1,2616.3,3098
2012-09-24,2571.0,2655.95,2571.0,2622.85,1423
2012-09-25,2630.0,2662.0,2603.0,2617.45,475
2012-09-26,2578.9,2743.5,2572.7,2705.35,2687
2012-09-27,2705.1,2844.0,2705.0,2808.5,3784
2012-09-28,2824.0,2898.0,2749.45,2854.15,4256
2012-10-01,2860.0,2902.7,2775.0,2834.25,1466
2012-10-03,2835.0,2840.0,2777.0,2783.45,540
2012-10-04,2784.0,2895.25,2751.3,2823.05,767
2012-10-05,2824.0,2929.0,2760.0,2855.2,1129
2012-10-08,2812.05,2880.0,2754.0,2833.65,575
2012-10-09,2844.0,2844.0,2762.25,2805.0,457
2012-10-10,2840.0,2840.0,2745.0,2757.4,385
2012-10-11,2742.05,2760.0,2699.95,2739.4,1409
2012-10-12,2744.95,2744.95,2650.0,2687.15,980
2012-10-15,2702.0,2739.0,2641.0,2651.45,394
2012-10-16,2640.0,2669.9,2580.0,2619.05,827
2012-10-17,2625.05,2625.05,2573.8,2593.35,599
2012-10-18,2583.0,2655.0,2583.0,2648.2,918
2012-10-19,2650.0,2700.0,2648.85,2665.15,1220
2012-10-22,2670.0,2745.95,2670.0,2713.45,734
2012-10-23,2686.0,2729.95,2675.05,2686.05,285
2012-10-25,2680.0,2680.0,2638.75,2649.8,996
2012-10-26,2655.05,2680.0,2635.0,2642.8,797
2012-10-29,2660.0,2699.9,2640.0,2655.75,478
2012-10-30,2633.0,2653.9,2590.65,2608.85,720
2012-10-31,2697.95,2697.95,2555.55,2643.6,483
2012-11-01,2630.0,2690.0,2630.0,2663.85,384
2012-11-02,2640.0,2705.0,2640.0,2674.6,276
2012-11-05,2655.1,2664.95,2602.2,2614.1,696
2012-11-06,2588.0,2660.0,2588.0,2595.25,319
2012-11-07,2650.0,2650.0,2576.1,2589.5,394
2012-11-08,2575.05,2689.7,2575.05,2658.55,528
2012-11-09,2636.15,2709.0,2636.15,2703.7,562
2012-11-12,2700.0,2725.0,2662.05,2696.35,3134
2012-11-13,2710.0,2730.0,2710.0,2724.5,163
2012-11-15,2697.0,2843.95,2697.0,2815.35,1641
2012-11-16,2840.0,2870.0,2799.95,2847.55,1330
2012-11-19,2894.0,3399.9,2860.0,3317.75,198611
2012-11-20,3299.0,3300.0,3095.1,3131.75,59382
2012-11-21,3167.95,3167.95,2505.4,2505.4,182859
2012-11-22,2303.0,2627.7,2303.0,2515.75,237742
2012-11-23,2529.0,2560.0,2425.0,2448.8,27443
2012-11-26,2450.0,2541.3,2414.0,2430.25,12718
2012-11-27,2411.8,2510.0,2357.0,2399.75,6929
2012-11-29,2432.65,2454.5,2375.0,2381.05,6684
2012-11-30,2402.5,2405.0,2356.0,2362.8,4513
2012-12-03,2369.95,2475.0,2355.95,2429.15,11826
2012-12-04,2430.0,2463.95,2388.0,2403.8,4263
2012-12-05,2410.3,2452.0,2370.0,2380.35,4908
2012-12-06,2350.0,2424.95,2350.0,2373.2,5123
2012-12-07,2381.9,2397.9,2354.0,2360.5,5453
2012-12-10,2360.0,2365.0,2325.0,2345.95,5525
2012-12-11,2332.65,2388.0,2305.05,2314.1,10492
2012-12-12,2343.7,2358.0,2325.0,2335.15,4756
2012-12-13,2350.0,2487.8,2335.6,2399.1,43290
2012-12-14,2250.0,2478.8,2224.55,2391.7,236985
2012-12-17,2702.1,2870.0,2593.95,2777.35,331959
2012-12-18,2785.0,2796.95,2562.25,2604.7,134729
2012-12-19,2580.15,2700.0,2580.0,2673.7,46996
2012-12-20,2651.25,2735.0,2651.0,2716.35,29365
2012-12-21,2665.25,2724.0,2665.0,2698.85,19043
2012-12-24,2714.95,2739.9,2670.0,2729.1,12762
2012-12-26,2705.25,2748.0,2684.05,2733.1,9497
2012-12-27,2709.0,2738.9,2705.5,2734.4,7006
2012-12-28,2739.0,2750.0,2712.0,2742.3,9883
2013-01-01,2750.65,2788.4,2711.0,2732.1,3828
2013-01-02,2732.05,2759.0,2705.0,2713.3,2737
2013-01-03,2716.55,2754.0,2693.7,2740.05,7239
2013-01-04,2742.05,2748.95,2702.05,2714.55,2094
2013-01-07,2709.65,2735.0,2650.55,2684.2,1833
2013-01-08,2736.85,2736.85,2661.0,2668.95,1360
2013-01-09,2714.95,2715.0,2666.0,2681.3,1965
2013-01-10,2689.95,2720.0,2641.0,2651.15,9804
2013-01-11,2674.25,2700.0,2605.0,2621.95,2470
2013-01-14,2598.0,2679.95,2551.0,2579.75,1425
2013-01-15,2584.0,2640.0,2565.05,2609.0,3060
2013-01-16,2615.0,2615.0,2555.0,2562.75,1063
2013-01-17,2594.8,2595.0,2551.0,2574.9,1122
2013-01-18,2559.95,2594.95,2525.0,2558.35,1283
2013-01-21,2578.0,2578.0,2525.0,2557.55,1435
2013-01-22,2597.0,2598.0,2555.0,2570.15,1123
2013-01-23,2570.0,2570.0,2511.0,2547.45,2952
2013-01-24,2525.15,2555.05,2457.65,2492.4,766
2013-01-25,2480.0,2550.0,2474.0,2526.9,1457
2013-01-28,2525.05,2584.85,2525.05,2573.65,1436
2013-01-29,2525.9,2600.0,2525.0,2591.75,984
2013-01-30,2560.9,2618.0,2560.0,2573.75,6596
2013-01-31,2555.3,2573.0,2536.1,2555.1,743
2013-02-01,2531.0,2573.0,2512.95,2522.35,801
2013-02-04,2572.9,2598.0,2522.0,2541.25,481
2013-02-05,2522.05,2558.0,2500.0,2530.4,2023
2013-02-06,2510.55,2619.95,2510.55,2533.7,1843
2013-02-07,2580.55,2669.95,2571.7,2617.05,16115
2013-02-08,2573.25,2639.0,2568.0,2610.95,5066
2013-02-11,2665.0,2675.0,2558.7,2575.5,924
2013-02-12,2626.0,2661.1,2550.0,2643.9,4277
2013-02-13,2659.0,2659.0,2555.55,2645.5,1133
2013-02-14,2604.0,2659.0,2563.1,2618.75,1629
2013-02-15,2573.05,2656.0,2539.4,2561.0,345
2013-02-18,2555.2,2586.6,2550.0,2563.65,527
2013-02-19,2563.65,2625.0,2550.0,2622.85,816
2013-02-20,2576.9,2623.95,2554.0,2608.4,377
2013-02-21,2582.0,2640.0,2582.0,2626.0,3310
2013-02-22,2632.95,2633.0,2555.2,2616.05,2485
2013-02-25,2615.5,2629.0,2571.0,2603.4,3713
2013-02-26,2571.95,2650.0,2560.2,2613.05,823
2013-02-27,2581.1,2646.0,2556.8,2627.6,1159
2013-02-28,2600.05,2613.85,2556.15,2602.85,772
2013-03-01,2562.05,2602.0,2540.75,2578.95,939
2013-03-04,2550.05,2568.0,2490.0,2546.6,2541
2013-03-05,2548.05,2553.35,2515.1,2527.8,1028
2013-03-06,2527.05,2534.9,2512.2,2515.2,1244
2013-03-07,2475.0,2525.0,2475.0,2521.7,878
2013-03-08,2531.8,2550.0,2502.1,2544.8,1577
2013-03-11,2544.05,2556.05,2517.0,2532.7,1340
2013-03-12,2520.1,2550.0,2510.3,2538.25,863
2013-03-13,2505.0,2550.0,2485.1,2533.75,723
2013-03-14,2533.0,2550.0,2504.95,2539.6,6046
2013-03-15,2505.9,2580.0,2477.0,2510.25,1728
2013-03-18,2515.0,2515.0,2480.1,2500.45,838
2013-03-19,2500.0,2553.85,2460.0,2522.45,6002
2013-03-20,2519.0,2525.0,2482.0,2512.15,7958
2013-03-21,2486.0,2524.95,2486.0,2490.15,719
2013-03-22,2548.9,2548.9,2464.1,2526.45,6374
2013-03-25,2526.0,2550.0,2484.35,2535.55,2778
2013-03-26,2563.75,2575.0,2501.15,2556.75,7780
2013-03-28,2531.0,2600.0,2525.0,2594.35,10159
2013-04-01,2595.0,2595.0,2505.0,2556.95,735
2013-04-02,2556.95,2639.95,2513.0,2549.1,924
2013-04-03,2546.0,2550.0,2501.95,2515.5,550
2013-04-04,2504.0,2510.0,2490.0,2493.35,222
2013-04-05,2580.0,2580.0,2402.0,2498.8,265
2013-04-08,2559.0,2559.0,2449.95,2465.3,431
2013-04-09,2509.95,2509.95,2435.0,2454.5,348
2013-04-10,2454.05,2487.0,2454.0,2462.5,217
2013-04-11,2431.1,2514.95,2431.1,2489.5,702
2013-04-12,2445.1,2468.95,2428.0,2435.6,247
2013-04-15,2450.0,2539.95,2410.0,2436.15,288
2013-04-16,2426.0,2455.0,2401.4,2410.9,707
2013-04-17,2415.0,2436.0,2407.0,2411.9,327
2013-04-18,2409.1,2435.0,2402.1,2413.35,598
2013-04-22,2425.0,2469.5,2406.1,2452.55,1790
2013-04-23,2460.0,2460.0,2405.15,2418.65,541
2013-04-25,2460.9,2500.0,2407.0,2413.2,466
2013-04-26,2425.6,2425.6,2403.0,2409.25,246
2013-04-29,2410.0,2440.0,2401.0,2401.95,853
2013-04-30,2413.8,2465.25,2402.0,2451.7,1309
2013-05-02,2445.0,2483.8,2445.0,2456.65,625
2013-05-03,2483.9,2522.3,2376.0,2474.5,6116
2013-05-06,2420.0,2440.0,2399.0,2402.65,1540
2013-05-07,2415.05,2456.85,2405.0,2450.65,459
2013-05-08,2450.05,2461.5,2405.0,2454.35,781
2013-05-09,2440.0,2520.0,2427.2,2501.05,1080
2013-05-10,2475.0,2500.0,2425.55,2447.3,796
2013-05-11,2428.0,2428.0,2428.0,2428.0,2
2013-05-13,2440.1,2455.0,2415.0,2447.1,646
2013-05-14,2489.0,2489.0,2426.1,2435.05,199
2013-05-15,2433.0,2472.95,2419.5,2449.35,1904
2013-05-16,2450.0,2485.0,2415.0,2468.25,563
2013-05-17,2481.0,2592.35,2440.0,2543.05,3745
2013-05-20,2574.45,2574.45,2479.05,2492.3,1965
2013-05-21,2491.55,2515.0,2474.0,2499.85,2547
2013-05-22,2499.0,2509.1,2474.0,2499.55,1657
2013-05-23,2461.05,2470.05,2420.0,2463.15,1166
2013-05-24,2440.05,2462.5,2435.0,2442.85,434
2013-05-27,2455.2,2467.4,2430.0,2445.25,363
2013-05-28,2449.95,2451.05,2420.0,2429.65,385
2013-05-29,2423.05,2450.95,2423.05,2427.75,206
2013-05-30,2448.95,2448.95,2420.0,2423.25,723
2013-05-31,2459.0,2460.0,2388.0,2401.25,738
2013-06-03,2449.0,2449.0,2370.0,2384.8,516
2013-06-04,2405.0,2430.0,2375.0,2384.4,363
2013-06-05,2370.0,2444.0,2370.0,2429.3,5764
2013-06-06,2360.05,2441.0,2360.05,2431.8,1930
2013-06-07,2431.0,2480.8,2409.25,2460.35,872
2013-06-10,2433.0,2475.45,2410.0,2455.85,798
2013-06-11,2413.1,2499.6,2403.0,2428.85,514
2013-06-12,2489.95,2489.95,2430.0,2473.0,1024
2013-06-13,2430.9,2459.65,2402.0,2448.2,507
2013-06-14,2412.95,2475.0,2412.95,2463.4,281
2013-06-17,2479.95,2496.0,2462.55,2489.9,421
2013-06-18,2462.55,2494.0,2450.1,2486.05,325
2013-06-19,2485.5,2493.55,2449.0,2485.35,89
2013-06-20,2487.0,2487.0,2447.35,2483.7,486
2013-06-21,2459.0,2469.95,2412.0,2447.45,615
2013-06-24,2423.0,2470.0,2398.0,2421.45,490
2013-06-25,2385.0,2480.0,2324.6,2377.65,914
2013-06-26,2373.05,2400.0,2336.0,2368.75,985
2013-06-27,2368.0,2425.0,2340.0,2380.0,1623
2013-06-28,2391.9,2739.95,2340.0,2579.8,7365
2013-07-01,2450.0,2574.8,2450.0,2486.2,1070
2013-07-02,2550.0,2557.0,2441.05,2459.3,404
2013-07-03,2435.0,2435.1,2374.5,2391.65,463
2013-07-04,2400.0,2424.95,2367.0,2401.65,575
2013-07-05,2408.8,2408.95,2350.0,2371.95,1056
2013-07-08,2440.0,2440.0,2340.0,2357.2,171
2013-07-09,2346.05,2379.9,2340.0,2353.9,553
2013-07-10,2360.0,2385.0,2346.1,2374.0,183
2013-07-11,2399.0,2425.0,2360.1,2406.2,445
2013-07-12,2375.25,2494.0,2375.2,2458.4,336
2013-07-15,2431.0,2455.0,2431.0,2434.0,188
2013-07-16,2433.0,2445.8,2411.0,2420.8,126
2013-07-17,2420.0,2420.0,2375.0,2402.7,436
2013-07-18,2402.0,2450.0,2360.0,2423.35,793
2013-07-19,2476.0,2699.0,2476.0,2528.2,16993
2013-07-22,2524.0,2535.85,2474.55,2490.7,3653
2013-07-23,2486.0,2507.0,2474.0,2498.9,943
2013-07-24,2475.0,2475.0,2430.05,2444.3,25738
2013-07-25,2490.0,2490.0,2424.2,2433.9,40482
2013-07-26,2446.2,2454.95,2403.0,2415.65,353
2013-07-29,2415.0,2415.0,2381.1,2406.35,338
2013-07-30,2405.0,2415.0,2365.0,2389.35,1032
2013-07-31,2388.5,2499.0,2353.0,2457.9,1260
2013-08-01,2414.0,2448.0,2383.15,2402.5,615
2013-08-02,2383.2,2498.0,2277.7,2375.85,2551
2013-08-05,2376.0,2387.9,2300.1,2321.5,440
2013-08-06,2333.6,2334.95,2247.05,2297.7,1215
2013-08-07,2297.7,2345.0,2260.0,2333.0,1550
2013-08-08,2340.0,2350.0,2320.4,2329.4,176
2013-08-12,2340.0,2398.95,2306.55,2385.15,826
2013-08-13,2345.05,2430.0,2331.6,2341.05,253
2013-08-14,2342.05,2356.0,2330.0,2346.05,212
2013-08-16,2383.9,2383.9,2304.0,2328.0,272
2013-08-19,2304.05,2399.0,2270.0,2346.0,1168
2013-08-20,2345.0,2398.35,2315.0,2354.65,485
2013-08-21,2354.0,2367.0,2285.0,2323.05,253
2013-08-22,2286.0,2322.5,2268.0,2291.1,993
2013-08-23,2292.0,2339.95,2284.2,2324.9,308
2013-08-26,2291.05,2339.95,2291.05,2313.05,480
2013-08-27,2312.5,2312.5,2262.0,2278.9,444
2013-08-28,2251.0,2336.95,2230.0,2261.4,659
2013-08-29,2272.8,2374.0,2260.0,2349.5,1032
2013-08-30,2325.0,2410.5,2303.65,2396.55,1131
2013-09-02,2380.0,2448.0,2350.0,2430.7,682
2013-09-03,2469.95,2469.95,2330.2,2377.4,679
2013-09-04,2350.0,2460.8,2340.8,2423.7,649
2013-09-05,2388.15,2450.0,2365.75,2423.2,865
2013-09-06,2445.0,2450.0,2377.9,2447.0,708
2013-09-10,2410.0,2579.0,2410.0,2555.7,5022
2013-09-11,2510.95,2620.0,2499.95,2577.7,1530
2013-09-12,2645.0,2645.0,2500.0,2511.5,700
2013-09-13,2511.05,2600.0,2500.2,2565.15,473
2013-09-16,2626.0,2626.0,2475.5,2530.2,500
2013-09-17,2529.5,2549.7,2485.0,2515.85,363
2013-09-18,2515.0,2547.0,2435.0,2488.8,596
2013-09-19,2501.4,2544.95,2477.1,2510.15,7055
2013-09-20,2500.0,2599.9,2455.1,2532.85,811
2013-09-23,2500.0,2600.0,2481.0,2551.9,810
2013-09-24,2521.0,2548.1,2457.0,2503.1,1332
2013-09-25,2498.55,2525.0,2466.0,2513.65,393
2013-09-26,2498.7,2540.0,2475.1,2524.55,1340
2013-09-27,2490.0,2524.0,2476.15,2499.0,631
2013-09-30,2500.0,2549.0,2461.15,2540.55,4446
2013-10-01,2500.0,2548.95,2500.0,2522.9,2224
2013-10-03,2535.0,2535.0,2476.0,2496.95,564
2013-10-04,2460.0,2508.65,2460.0,2478.05,245
2013-10-07,2500.0,2500.0,2431.0,2462.85,817
2013-10-08,2442.2,2501.0,2442.1,2491.05,764
2013-10-09,2499.95,2550.0,2461.0,2511.15,852
2013-10-10,2510.5,2570.0,2487.0,2542.45,4020
2013-10-11,2541.5,2542.55,2500.05,2501.8,341
2013-10-14,2476.7,2500.0,2458.0,2486.5,697
2013-10-15,2488.05,2500.0,2401.0,2480.85,1270
2013-10-17,2480.0,2529.0,2470.0,2514.9,270
2013-10-18,2476.05,2519.95,2476.05,2493.25,14258
2013-10-21,2490.0,2548.0,2472.1,2518.85,4586
2013-10-22,2530.0,2535.0,2483.1,2490.9,328
2013-10-23,2472.0,2550.0,2472.0,2524.2,973
2013-10-24,2480.15,2590.5,2480.15,2519.5,714
2013-10-25,2539.95,2539.95,2486.0,2494.85,124
2013-10-28,2500.1,2532.0,2496.0,2506.35,1029
2013-10-29,2496.55,2539.95,2487.0,2503.2,3373
2013-10-30,2492.0,2530.0,2491.05,2523.0,1854
2013-10-31,2524.95,2540.0,2475.0,2523.25,2142
2013-11-01,2519.8,2530.0,2497.3,2523.3,1488
2013-11-03,2523.3,2550.0,2482.7,2507.25,655
2013-11-05,2506.5,2520.0,2490.1,2500.45,123
2013-11-06,2520.0,2538.0,2480.0,2499.35,592
2013-11-07,2518.9,2568.8,2500.05,2550.85,913
2013-11-08,2550.0,2558.95,2507.35,2518.4,337
2013-11-11,2555.0,2570.0,2500.0,2500.65,2067
2013-11-12,2455.05,2510.0,2409.95,2436.85,2030
2013-11-13,2425.0,2442.0,2355.0,2379.05,1174
2013-11-14,2379.05,2421.95,2377.0,2396.8,358
2013-11-18,2405.0,2439.75,2351.1,2388.0,853
2013-11-19,2390.0,2419.95,2375.15,2401.45,205
2013-11-20,2412.9,2433.95,2400.0,2420.25,196
2013-11-21,2419.5,2431.0,2387.0,2394.4,94
2013-11-22,2406.0,2417.95,2375.0,2385.0,269
2013-11-25,2410.0,2449.7,2391.25,2430.8,844
2013-11-26,2402.0,2455.0,2401.5,2441.6,656
2013-11-27,2417.15,2525.0,2415.2,2501.95,1151
2013-11-28,2474.05,2548.0,2474.05,2518.75,1008
2013-11-29,2501.0,2634.8,2496.1,2607.25,2862
2013-12-02,2607.25,2624.0,2560.0,2593.25,783
2013-12-03,2569.2,2593.0,2508.15,2542.05,1247
2013-12-04,2540.0,2584.75,2483.0,2533.5,709
2013-12-05,2590.0,2590.0,2526.1,2557.3,1208
2013-12-06,2523.0,2600.0,2474.0,2580.9,1353
2013-12-09,2599.9,2697.0,2522.25,2614.1,1933
2013-12-10,2607.15,2640.0,2600.0,2621.65,1039
2013-12-11,2625.85,2625.85,2561.0,2571.15,525
2013-12-12,2551.0,2600.0,2532.0,2558.15,573
2013-12-13,2536.55,2644.0,2520.0,2606.2,1536
2013-12-16,2634.15,2634.15,2550.1,2574.85,562
2013-12-17,2556.0,2596.85,2541.0,2562.8,177
2013-12-18,2537.0,2587.0,2537.0,2578.75,351
2013-12-19,2578.0,2599.95,2515.25,2533.5,669
2013-12-20,2565.0,2683.0,2534.0,2609.75,4545
2013-12-23,2611.0,2666.95,2588.65,2599.7,364
2013-12-24,2671.95,2671.95,2575.05,2588.05,407
2013-12-26,2613.95,2653.0,2570.55,2631.3,1315
2013-12-27,2640.0,2693.0,2610.15,2683.8,5100
2013-12-30,2693.8,2729.0,2670.3,2684.75,1201
2013-12-31,2660.0,2785.0,2660.0,2773.85,6214
2014-01-01,2773.85,2789.8,2700.0,2726.7,801
2014-01-02,2750.0,2786.0,2712.1,2772.1,1886
2014-01-03,2760.0,2795.0,2725.65,2790.0,1590
2014-01-06,2790.0,2810.0,2758.15,2797.6,563
2014-01-07,2805.0,2805.0,2771.1,2788.65,389
2014-01-08,2762.0,2823.8,2751.0,2766.5,312
2014-01-09,2745.5,2774.55,2675.0,2699.65,502
2014-01-10,2690.0,2717.75,2637.4,2657.55,289
2014-01-13,2620.05,2700.0,2620.05,2691.8,626
2014-01-14,2649.2,2705.0,2625.1,2643.8,331
2014-01-15,2616.0,2680.0,2616.0,2626.9,25225
2014-01-16,2620.8,2666.0,2620.15,2646.85,374
2014-01-17,2610.0,2659.9,2555.0,2577.65,729
2014-01-20,2560.1,2625.0,2552.2,2605.5,819
2014-01-21,2600.0,2613.85,2570.0,2587.25,2546
2014-01-22,2580.0,2610.0,2560.0,2600.55,666
2014-01-23,2600.0,2625.0,2580.0,2591.75,149
2014-01-24,2600.0,2610.0,2600.0,2600.45,248
2014-01-27,2648.45,2648.5,2530.1,2595.6,140
2014-01-28,2600.0,2605.0,2561.05,2598.9,25146
2014-01-29,2590.0,2623.95,2546.0,2559.85,188
2014-01-30,2559.0,2559.0,2536.0,2536.7,115
2014-01-31,2599.9,2619.0,2527.0,2586.2,430
2014-02-03,2585.5,2595.0,2545.05,2554.45,30
2014-02-04,2567.3,2590.0,2550.0,2584.55,111
2014-02-05,2597.9,2658.0,2580.1,2614.6,297
2014-02-06,2651.0,2680.0,2570.0,2581.55,623
2014-02-07,2580.0,2594.9,2541.05,2570.55,685
2014-02-10,2571.25,2571.25,2502.9,2517.6,769
2014-02-11,2549.8,2638.95,2500.05,2584.3,726
2014-02-12,2525.55,2595.0,2525.55,2542.0,351
2014-02-13,2545.0,2600.95,2501.25,2521.8,597
2014-02-14,2521.0,2550.0,2496.05,2514.6,266
2014-02-17,2549.0,2549.0,2525.0,2529.2,74
2014-02-18,2542.1,2617.7,2529.05,2600.55,624
2014-02-19,2595.0,2615.0,2565.05,2583.6,99
2014-02-20,2555.1,2640.0,2555.1,2609.85,112
2014-02-21,2599.0,2614.95,2551.0,2579.2,179
2014-02-24,2596.0,2596.0,2542.0,2572.0,264
2014-02-25,2531.05,2590.05,2530.0,2547.55,605
2014-02-26,2545.0,2599.8,2538.0,2589.6,444
2014-02-28,2560.05,2685.0,2551.2,2645.45,1094
2014-03-03,2647.0,2699.0,2591.75,2604.25,401
2014-03-04,2603.0,2628.0,2602.0,2620.75,603
2014-03-05,2620.0,2820.0,2620.0,2694.15,1499
2014-03-06,2690.1,2816.9,2690.1,2762.65,2289
2014-03-07,2675.05,2770.0,2675.05,2725.75,863
2014-03-10,2652.15,2766.5,2652.15,2751.35,439
2014-03-11,2710.0,2764.0,2710.0,2749.85,801
2014-03-12,2758.8,2760.0,2668.05,2686.05,463
2014-03-13,2686.0,2750.0,2670.0,2720.85,957
2014-03-14,2650.0,2749.0,2603.0,2727.2,741
2014-03-18,2703.0,2800.0,2700.0,2772.65,840
2014-03-19,2799.45,2810.0,2626.0,2778.75,1375
2014-03-20,2683.0,2799.0,2683.0,2781.65,487
2014-03-21,2798.9,2859.95,2751.05,2845.25,2060
2014-03-22,2858.9,2858.9,2800.0,2820.95,122
2014-03-24,2800.1,2890.0,2800.0,2865.55,1386
2014-03-25,2874.95,2925.3,2817.35,2903.65,2192
2014-03-26,2948.9,2948.9,2850.0,2899.35,8623
2014-03-27,2888.95,2950.0,2851.25,2899.95,2325
2014-03-28,2900.1,3000.0,2900.0,2976.7,2199
2014-03-31,3000.0,3095.0,2940.05,3049.75,4795
2014-04-01,3043.95,3069.95,3000.0,3045.65,1975
2014-04-02,3048.95,3048.95,2961.1,3000.25,1273
2014-04-03,2975.15,3025.0,2939.0,2991.05,497
2014-04-04,2989.95,3000.0,2945.0,2978.95,1144
2014-04-07,2950.0,3000.0,2950.0,2993.8,1026
2014-04-09,2999.0,3083.95,2948.0,3037.6,1311
2014-04-10,3049.95,3150.0,3002.0,3114.9,1981
2014-04-11,3068.1,3100.0,3033.2,3074.95,462
2014-04-15,3000.05,3090.0,3000.05,3060.3,486
2014-04-16,3060.0,3096.1,3024.0,3060.0,751
2014-04-17,3016.3,3160.0,3016.3,3119.05,787
2014-04-21,3130.0,3159.8,3100.0,3125.5,737
2014-04-22,3120.0,3179.75,3120.0,3161.7,904
2014-04-23,3161.0,3174.3,3150.0,3161.85,1635
2014-04-25,3200.0,3201.1,3120.0,3147.8,6568
2014-04-28,3120.0,3160.0,3090.0,3150.95,447
2014-04-29,3150.0,3150.0,3100.0,3108.5,341
2014-04-30,3138.95,3160.0,3080.0,3139.2,624
2014-05-02,3159.8,3249.4,3133.1,3153.2,4201
2014-05-05,3181.0,3249.8,3160.0,3203.15,606
2014-05-06,3220.0,3249.8,3150.0,3202.0,706
2014-05-07,3181.2,3243.0,3169.0,3227.2,526
2014-05-08,3239.0,3239.0,3150.0,3162.8,1194
2014-05-09,3199.8,3240.0,3157.0,3213.95,1575
2014-05-12,3275.0,3350.0,3250.0,3299.0,2809
2014-05-13,3292.0,3349.95,3229.95,3302.5,1891
2014-05-14,3321.0,3348.0,3268.0,3323.55,1860
2014-05-15,3280.0,3325.0,3256.1,3307.1,1055
2014-05-16,3260.0,3637.5,3260.0,3581.9,9581
2014-05-19,3580.15,3675.0,3500.0,3643.8,7148
2014-05-20,3613.8,3744.0,3613.8,3707.8,1994
2014-05-21,3690.1,3798.9,3690.0,3769.3,840
2014-05-22,3800.0,3896.95,3800.0,3864.75,1445
2014-05-23,3833.15,3900.0,3833.15,3870.7,1616
2014-05-26,3906.0,4020.0,3870.0,4005.5,7928
2014-05-27,4001.0,4001.0,3900.0,3914.0,681
2014-05-28,3998.95,4024.5,3921.3,4001.25,1961
2014-05-29,4002.05,4053.95,3950.0,4000.05,1024
2014-05-30,3950.1,4294.95,3950.1,4244.45,9331
2014-06-02,4267.55,4450.0,4211.55,4381.35,1932
2014-06-03,4341.05,4445.0,4341.05,4385.3,804
2014-06-04,4331.3,4436.95,4331.25,4375.55,330
2014-06-05,4393.15,4393.15,4201.0,4228.8,855
2014-06-06,4225.0,4589.0,4215.0,4402.1,1086
2014-06-09,4450.0,4560.0,4412.75,4440.5,753
2014-06-10,4404.0,4500.0,4322.0,4453.3,710
2014-06-11,4499.9,4500.0,4335.15,4423.7,851
2014-06-12,4310.0,4419.9,4310.0,4388.15,1136
2014-06-13,4494.95,4494.95,4051.15,4317.2,2196
2014-06-16,4349.0,4388.0,4232.0,4306.65,1030
2014-06-17,4344.85,4580.0,4252.15,4436.5,1262
2014-06-18,4405.0,4569.0,4405.0,4433.9,835
2014-06-19,4469.95,4539.9,4400.0,4509.5,2621
2014-06-20,4588.0,4588.0,4420.0,4448.8,257
2014-06-23,4448.8,4536.95,4408.5,4511.85,781
2014-06-24,4498.8,4577.95,4400.0,4515.3,1404
2014-06-25,4569.0,4596.0,4451.0,4569.15,653
2014-06-26,4563.3,4655.0,4455.0,4604.9,1040
2014-06-27,4600.0,4812.0,4552.0,4720.65,1941
2014-06-30,4720.65,5270.0,4720.65,5075.3,4765
2014-07-01,5122.05,5263.95,5101.0,5181.55,1246
2014-07-02,5200.1,5269.0,5060.0,5152.45,2324
2014-07-03,5200.0,5210.0,5114.0,5168.75,546
2014-07-04,5220.0,5250.0,5145.0,5222.9,1189
2014-07-07,5200.0,5200.0,5105.15,5154.75,901
2014-07-08,5153.95,5190.0,5055.0,5141.5,724
2014-07-09,5054.55,5080.0,4861.0,4961.85,1463
2014-07-10,4949.95,5210.0,4881.0,5114.25,1265
2014-07-11,4990.0,5094.0,4910.0,5017.7,1084
2014-07-14,5080.0,5080.0,4937.0,5018.05,745
2014-07-15,5059.95,5145.0,5010.0,5096.35,549
2014-07-16,5129.95,5210.0,5064.05,5162.4,762
2014-07-17,5195.0,5209.8,5114.0,5188.7,409
2014-07-18,5141.5,5178.85,5106.0,5150.1,499
2014-07-21,5150.0,5323.3,5150.0,5213.3,1065
2014-07-22,5239.6,5300.0,5239.0,5289.8,863
2014-07-23,5260.5,5355.0,5260.25,5334.35,1052
2014-07-24,5350.0,5393.0,5210.0,5232.4,728
2014-07-25,5255.0,5290.0,5130.0,5151.5,551
2014-07-28,5248.0,5248.0,5050.0,5079.8,818
2014-07-30,5100.0,5100.0,4975.0,5014.5,858
2014-07-31,4957.05,5010.0,4901.15,4975.5,1257
2014-08-01,4914.2,5000.0,4914.2,4959.65,1573
2014-08-04,4861.05,5093.4,4861.05,4999.3,447
2014-08-05,5000.0,5000.0,4950.0,4997.05,19755
2014-08-06,5024.95,5024.95,4921.0,4968.25,572
2014-08-07,4970.0,4995.0,4926.0,4970.55,470
2014-08-08,4931.05,4931.05,4763.05,4813.3,1057
2014-08-11,4924.95,4924.95,4770.05,4810.7,243
2014-08-12,4870.0,4977.0,4839.5,4900.8,672
2014-08-13,4965.0,4970.0,4868.05,4908.75,1151
2014-08-14,4910.0,5000.0,4872.5,4953.6,682
2014-08-18,5000.0,5038.95,4922.0,5004.65,587
2014-08-19,5004.95,5050.0,4962.05,5015.2,860
2014-08-20,4981.05,5038.0,4976.0,5016.45,377
2014-08-21,5039.95,5092.5,5000.05,5053.65,848
2014-08-22,5098.95,5349.0,5081.1,5293.2,963
2014-08-25,5302.0,5339.0,5099.95,5235.7,867
2014-08-26,5210.1,5280.0,5156.55,5257.45,694
2014-08-27,5260.05,5318.0,5211.0,5235.5,515
2014-08-28,5210.05,5275.0,5151.0,5236.8,972
2014-09-01,5283.0,5283.0,5189.0,5211.65,530
2014-09-02,5200.0,5291.95,5200.0,5242.7,359
2014-09-03,5299.0,5303.15,5225.0,5299.65,815
2014-09-04,5150.25,5315.0,5150.25,5276.75,525
2014-09-05,5201.05,5350.0,5201.0,5304.75,394
2014-09-08,5322.3,5322.3,5266.05,5299.75,305
2014-09-09,5240.15,5300.0,5225.0,5280.2,517
2014-09-10,5215.0,5298.8,5205.0,5240.5,524
2014-09-11,5241.0,5367.0,5004.2,5286.75,1261
2014-09-12,5227.85,5328.65,5227.85,5289.6,542
2014-09-15,5350.0,5360.0,5183.4,5241.95,960
2014-09-16,5241.95,5267.0,5200.0,5236.6,515
2014-09-17,5202.35,5284.8,5195.25,5228.3,25453
2014-09-18,5216.2,5299.8,5216.2,5248.2,308
2014-09-19,5269.95,5290.0,5230.0,5252.55,390
2014-09-22,5299.0,5299.0,5221.0,5269.9,335
2014-09-23,5290.0,5290.0,5190.1,5251.05,311
2014-09-24,5225.0,5349.9,5207.05,5300.35,341
2014-09-25,5341.9,5357.0,5225.0,5266.7,450
2014-09-26,5240.05,5299.9,5190.0,5252.25,403
2014-09-29,5299.95,5768.85,5252.1,5528.75,3015
2014-09-30,5599.0,5739.0,5350.0,5486.4,2765
2014-10-01,5534.95,5534.95,5301.0,5328.1,1005
2014-10-07,5330.0,5499.0,5301.0,5426.05,923
2014-10-08,5326.7,5380.0,5315.0,5351.35,508
2014-10-09,5351.35,5470.0,5320.0,5413.5,578
2014-10-10,5398.05,5420.0,5341.3,5378.2,535
2014-10-13,5396.95,5396.95,5275.0,5310.9,224
2014-10-14,5257.8,5329.9,5181.0,5203.35,520
2014-10-16,5190.0,5277.95,5106.5,5211.65,1110
2014-10-17,5159.5,5340.0,5159.5,5294.0,1939
2014-10-20,5241.1,5398.0,5175.0,5335.55,635
2014-10-21,5282.2,5359.8,5254.9,5320.7,641
2014-10-22,5335.05,5355.0,5240.25,5275.75,1252
2014-10-23,5399.85,5399.9,5250.0,5276.2,171
2014-10-27,5261.05,5363.3,5215.8,5273.65,300
2014-10-28,5299.95,5301.0,5247.05,5293.3,165
2014-10-29,5262.25,5354.0,5200.0,5239.2,1933
2014-10-30,5239.0,5340.0,5210.0,5250.35,852
2014-10-31,5255.1,5799.0,5226.2,5640.55,8230
2014-11-03,5737.95,5750.0,5625.1,5678.45,1527
2014-11-05,5710.0,5743.0,5580.0,5656.45,1905
2014-11-07,5700.0,5724.95,5587.0,5629.7,334
2014-11-10,5690.0,5700.0,5611.0,5689.9,528
2014-11-11,5709.0,5748.0,5625.05,5674.8,545
2014-11-12,5694.0,5740.0,5650.0,5722.75,438
2014-11-13,5759.0,5760.0,5690.0,5742.1,142
2014-11-14,5797.95,6154.4,5756.2,6035.9,2389
2014-11-17,6084.65,6479.0,6045.0,6418.8,2110
2014-11-18,6498.95,6498.95,6351.75,6419.1,513
2014-11-19,6418.0,6550.0,6331.0,6388.95,875
2014-11-20,6449.4,7040.0,6390.0,6849.4,4328
2014-11-21,6900.0,7019.95,6811.1,6888.25,1368
2014-11-24,7004.95,7470.0,6950.0,7190.45,3246
2014-11-25,7109.05,7246.0,6905.0,6993.75,671
2014-11-26,7095.0,7340.0,6930.0,7055.8,1337
2014-11-27,7093.0,7098.85,6902.2,6924.25,3787
2014-11-28,6900.0,7034.95,6800.0,6902.15,582
2014-12-01,6832.05,6993.0,6750.0,6827.2,514
2014-12-02,6825.05,6825.05,6700.0,6805.05,234
2014-12-03,6790.15,6990.0,6790.0,6917.45,535
2014-12-04,7041.95,7049.95,6960.1,7037.65,548
2014-12-05,7051.0,7495.0,7051.0,7209.85,1225
2014-12-08,7100.0,7349.0,7100.0,7155.55,732
2014-12-09,7325.0,7375.0,6960.0,7063.15,555
2014-12-10,7063.15,7100.0,7000.0,7097.95,254
2014-12-11,7021.05,7143.95,6940.0,7055.2,582
2014-12-12,6965.05,7050.0,6900.0,6924.15,520
2014-12-15,6800.15,6930.0,6800.15,6886.55,271
2014-12-16,6826.3,6950.0,6650.0,6677.65,767
2014-12-17,6613.0,6685.0,6411.0,6462.4,1073
2014-12-18,6502.0,6647.0,6502.0,6626.8,413
2014-12-19,6625.0,6900.0,6625.0,6751.9,360
2014-12-22,6752.1,6975.0,6623.7,6838.45,468
2014-12-23,6777.3,7100.0,6765.25,6955.9,902
2014-12-24,7042.85,7043.5,6885.1,7021.95,457
2014-12-26,6934.85,7050.0,6933.65,7026.25,868
2014-12-29,7020.0,7020.0,6825.0,6891.75,402
2014-12-30,6892.0,6990.0,6806.0,6891.55,829
2015-01-01,6940.05,6950.0,6834.05,6850.7,495
2015-01-02,6840.0,6969.95,6830.0,6843.0,816
2015-01-05,6850.0,6912.0,6850.0,6892.45,345
2015-01-06,6866.0,6875.0,6750.0,6825.75,395
2015-01-07,6799.95,6839.0,6701.45,6786.3,288
2015-01-08,6849.95,6854.25,6750.05,6806.05,431
2015-01-09,6899.95,6899.95,6720.0,6783.7,646
2015-01-12,6755.15,6850.0,6755.1,6826.1,298
2015-01-13,6877.95,6935.0,6825.05,6905.45,904
2015-01-14,6947.95,7099.0,6898.25,6995.9,945
2015-01-15,7047.9,7050.0,6965.0,6994.15,484
2015-01-16,7020.0,7075.0,6902.0,7052.2,235
2015-01-19,7123.25,7200.05,7101.05,7184.85,732
2015-01-20,7200.0,7200.0,7000.1,7099.5,895
2015-01-21,7025.4,7164.95,7022.95,7096.9,480
2015-01-22,7115.0,7416.5,6529.1,7202.45,1079
2015-01-23,7315.0,7399.0,7070.1,7258.6,986
2015-01-27,7400.0,7480.0,7250.05,7370.0,2124
2015-01-28,7370.0,7370.0,7253.8,7337.1,609
2015-01-29,7350.0,7399.9,7311.1,7355.9,328
2015-01-30,7300.0,7384.0,7260.2,7356.5,327
2015-02-02,7390.8,7400.0,7301.3,7375.0,397
2015-02-03,7300.0,7400.0,7300.0,7379.6,310
2015-02-04,7256.05,7325.0,7200.0,7278.45,197
2015-02-05,7255.05,7314.9,7200.0,7207.35,283
2015-02-06,7249.15,7249.2,6802.1,7115.15,1756
2015-02-09,7087.75,7400.0,6680.0,7179.25,2243
2015-02-10,7160.0,7679.0,7114.0,7431.65,2546
2015-02-11,7490.0,8748.8,7210.0,8466.3,13008
2015-02-12,8549.05,9244.9,8400.15,8992.95,8467
2015-02-13,9030.15,9500.0,9030.15,9378.95,5996
2015-02-16,9385.0,9480.0,9051.0,9088.7,3051
2015-02-18,9175.0,9175.0,8851.0,8982.7,2279
2015-02-19,9063.9,9171.0,8961.0,9012.1,994
2015-02-20,9138.85,9138.85,8850.0,8890.95,2086
2015-02-23,8901.0,8943.95,8701.0,8873.1,991
2015-02-24,8929.95,9000.0,8800.0,8906.85,324
2015-02-25,8948.95,9495.0,8920.0,9004.5,3272
2015-02-26,9048.0,9070.0,8820.1,8860.2,567
2015-02-27,8860.1,9035.0,8854.95,8964.0,1893
2015-02-28,9375.0,9375.0,8802.0,8857.7,751
2015-03-02,8860.05,9250.0,8860.0,9153.75,1054
2015-03-03,9200.05,9445.0,9001.0,9190.85,3534
2015-03-04,9395.3,9490.0,9144.0,9181.95,1515
2015-03-05,9350.0,9350.15,8870.0,9322.3,476
2015-03-09,9251.55,9498.0,9181.7,9399.25,804
2015-03-10,9350.0,9447.95,8955.05,8995.75,1817
2015-03-11,9070.0,9080.0,8916.0,8977.9,1435
2015-03-12,8999.85,9095.0,8889.0,8926.3,885
2015-03-13,9092.85,9093.05,8600.0,8914.8,1447
2015-03-16,8806.0,8998.95,8650.0,8861.5,648
2015-03-17,8990.05,8990.05,8715.0,8878.95,630
2015-03-18,9000.05,9051.3,8730.0,8831.6,587
2015-03-19,9050.0,9050.0,8655.15,8835.8,889
2015-03-20,8925.0,8925.0,8752.15,8846.85,264
2015-03-23,8824.95,8984.95,8370.0,8414.95,3823
2015-03-24,8371.35,8570.0,8200.0,8510.2,678
2015-03-25,8549.95,8549.95,8220.0,8431.45,615
2015-03-26,8305.0,8589.0,8305.0,8492.8,285
2015-03-27,8326.0,8530.0,8260.0,8308.55,720
2015-03-30,8371.65,8634.45,8311.05,8572.6,867
2015-03-31,8405.05,8700.0,8405.05,8513.05,2387
2015-04-01,8493.4,8610.0,8493.4,8562.35,427
2015-04-06,8563.0,8690.0,8471.05,8596.15,1694
2015-04-07,8639.85,8684.95,8401.0,8466.4,570
2015-04-08,8433.25,8600.0,8433.25,8549.85,1595
2015-04-09,8660.0,8920.0,8558.3,8601.5,1035
2015-04-10,8750.0,8750.0,8501.0,8549.1,663
2015-04-13,8600.05,8769.35,8505.1,8548.35,2052
2015-04-15,8600.0,8648.95,8458.0,8513.65,331
2015-04-16,8500.05,8550.0,8451.0,8543.75,724
2015-04-17,8540.95,8550.0,8355.0,8521.55,8668
2015-04-20,8600.05,8600.05,7926.05,8026.7,2465
2015-04-21,8050.0,8079.95,7682.35,7730.95,3217
2015-04-22,7748.75,7900.05,7650.0,7702.3,2715
2015-04-23,7745.0,7900.05,7620.05,7644.55,410
2015-04-24,7774.0,7774.0,7130.0,7489.55,2302
2015-04-27,7400.0,7750.0,7012.0,7466.1,1581
2015-04-28,7355.05,7588.0,7250.0,7376.1,2622
2015-04-29,7311.05,7658.75,7311.05,7512.55,955
2015-04-30,7524.75,7738.0,7350.0,7640.7,1074
2015-05-04,7788.35,7788.35,7601.05,7684.55,692
2015-05-05,7750.0,7845.0,7707.6,7787.35,367
2015-05-06,7740.05,7740.05,7430.0,7474.45,1553
2015-05-07,7474.45,7630.0,6999.95,7221.3,2739
2015-05-08,7205.55,7600.0,7205.55,7553.85,1177
2015-05-11,7689.95,7928.0,7581.75,7864.6,849
2015-05-12,7900.0,7969.95,7755.1,7822.0,1322
2015-05-13,7750.05,7974.75,7750.05,7869.25,747
2015-05-14,7850.0,7875.0,7635.0,7811.8,1755
2015-05-15,7779.95,7848.95,7662.0,7795.55,1399
2015-05-18,7723.75,7861.05,7675.0,7736.15,1239
2015-05-19,7656.0,7692.0,7521.0,7575.5,1093
2015-05-20,7576.3,7688.0,7425.0,7466.35,1644
2015-05-21,7469.95,7780.0,7431.0,7649.85,1117
2015-05-22,7700.05,7900.0,7585.0,7678.8,1443
2015-05-25,7725.0,7799.0,7521.5,7632.3,732
2015-05-26,7501.25,7501.25,7130.5,7157.85,10381
2015-05-27,7051.0,7499.0,7051.0,7366.85,1566
2015-05-28,7291.95,7431.55,7130.0,7360.75,1170
2015-05-29,7360.0,7600.0,7262.15,7481.65,1930
2015-06-01,7320.05,7430.75,7272.0,7322.45,1012
2015-06-02,7379.3,7390.0,7149.95,7195.45,1095
2015-06-03,7275.0,7275.35,7000.0,7046.8,1905
2015-06-04,6931.75,7147.5,6922.0,7102.95,700
2015-06-05,6961.35,7200.05,6961.35,7153.0,1861
2015-06-08,7081.0,7269.0,7050.9,7154.65,541
2015-06-09,7111.0,7200.0,7080.0,7154.6,1140
2015-06-10,7181.95,7372.95,7151.0,7318.05,678
2015-06-11,7371.95,7469.0,7200.0,7343.1,552
2015-06-12,7241.25,7369.5,7241.25,7327.65,565
2015-06-15,7380.0,7414.35,7230.1,7344.05,789
2015-06-16,7327.0,7409.0,7260.0,7364.25,359
2015-06-17,7333.05,7584.0,7262.1,7445.9,3077
2015-06-18,7499.95,7500.0,7340.0,7401.6,900
2015-06-19,7494.95,7498.9,7360.0,7416.75,594
2015-06-22,7369.95,7690.9,7350.0,7668.55,1033
2015-06-23,7778.85,7965.0,7609.95,7863.15,1529
2015-06-24,7915.0,8050.0,7700.0,7769.35,4082
2015-06-25,7875.0,7875.0,7639.95,7794.95,1027
2015-06-26,7798.95,7800.0,7730.0,7793.15,2641
2015-06-29,7541.0,7758.45,7151.0,7234.25,6527
2015-06-30,7163.0,7449.9,7163.0,7430.3,1402
2015-07-01,7449.95,7597.0,7430.0,7506.15,976
2015-07-02,7550.5,7640.0,7550.0,7588.15,623
2015-07-03,7538.85,7615.0,7500.0,7595.35,836
2015-07-06,7406.5,7635.0,7370.0,7602.15,693
2015-07-07,7526.0,7600.0,7467.05,7598.85,807
2015-07-08,7550.0,7602.15,7504.8,7591.65,586
2015-07-09,7610.0,7630.0,7500.1,7605.9,691
2015-07-10,7610.0,7610.0,7560.0,7602.7,531
2015-07-13,7614.0,7650.05,7560.0,7623.45,869
2015-07-14,7650.0,7670.0,7520.0,7621.75,1005
2015-07-15,7630.05,7844.95,7607.25,7751.0,837
2015-07-16,7801.05,8004.0,7801.0,7897.7,1608
2015-07-17,7928.95,8027.0,7868.6,7938.4,2269
2015-07-20,7951.05,8097.0,7941.0,8064.65,883
2015-07-21,8080.0,8949.0,8010.55,8295.8,15126
2015-07-22,8315.0,8447.9,8294.95,8374.05,1884
2015-07-23,8376.35,8533.15,8376.35,8484.0,1502
2015-07-24,8496.9,8518.0,8421.0,8478.7,640
2015-07-27,8435.0,8492.0,8350.0,8445.6,746
2015-07-28,8454.2,8518.05,8252.5,8298.75,1468
2015-07-29,8440.6,8487.9,8245.05,8383.95,861
2015-07-30,8390.25,8700.0,8383.0,8580.9,1399
2015-07-31,8700.0,8739.0,8600.0,8701.05,1315
2015-08-03,8738.95,8814.95,8620.0,8783.35,770
2015-08-04,8511.0,8866.0,8511.0,8711.65,906
2015-08-05,8775.05,8820.0,8671.0,8701.8,1026
2015-08-06,8705.05,9140.0,8705.0,8882.25,3042
2015-08-07,8900.05,9140.0,8900.05,9019.8,3497
2015-08-10,9078.0,9090.0,8955.35,9028.3,820
2015-08-11,9028.0,9119.0,8852.0,8993.2,803
2015-08-12,8951.05,8961.0,8660.0,8741.85,1668
2015-08-13,8848.65,8848.65,8700.0,8792.85,548
2015-08-14,8785.0,8800.0,8655.2,8798.4,740
2015-08-17,8799.95,8975.0,8505.0,8774.2,1270
2015-08-18,8774.0,8969.95,8680.0,8902.15,1038
2015-08-19,8900.0,9090.0,8742.0,9022.3,7665
2015-08-20,8975.0,9000.0,8749.95,8886.0,1263
2015-08-21,8800.0,8899.0,8660.0,8826.5,884
2015-08-24,8305.0,8800.0,8050.0,8439.2,2004
2015-08-25,8155.0,8900.0,8125.0,8432.6,2625
2015-08-26,8400.0,8579.0,8220.0,8435.55,846
2015-08-27,8420.0,8887.95,8380.05,8799.6,575
2015-08-28,8900.0,8999.95,8707.0,8792.85,1009
2015-08-31,8989.0,8989.0,8760.0,8889.5,674
2015-09-01,8935.0,8935.0,8607.0,8674.0,788
2015-09-02,8764.95,8899.95,8611.0,8724.0,1064
2015-09-03,8637.0,8856.95,8637.0,8723.35,714
2015-09-04,8636.0,8773.95,8321.0,8635.3,1450
2015-09-07,8539.95,8690.0,8460.0,8615.8,562
2015-09-08,8600.0,8775.0,8416.05,8741.75,839
2015-09-09,8800.0,8888.95,8608.05,8845.8,1095
2015-09-10,8800.0,8845.0,8535.05,8687.9,1861
2015-09-11,8635.0,8900.0,8635.0,8842.9,434
2015-09-14,8898.95,8960.0,8640.05,8873.8,693
2015-09-15,8873.0,8926.45,8806.0,8907.1,384
2015-09-16,8950.0,8999.0,8840.0,8954.6,298
2015-09-18,8998.95,9051.0,8923.15,8973.05,653
2015-09-21,8989.95,9020.0,8880.0,9005.05,268
2015-09-22,9025.95,9051.0,8600.0,8898.9,470
2015-09-23,9000.0,9100.0,8806.05,9001.5,587
2015-09-24,9039.9,9400.0,8962.0,9266.5,1686
2015-09-28,9171.1,9279.8,9106.55,9175.8,623
2015-09-29,9200.0,9245.0,8995.0,9171.05,1136
2015-09-30,9171.0,9275.0,9150.05,9228.4,675
2015-10-01,9228.0,9269.0,9111.0,9218.75,864
2015-10-05,9171.1,9379.95,9171.1,9313.55,738
2015-10-06,9300.0,9399.0,9251.05,9337.0,1342
2015-10-07,9397.95,9535.0,9277.0,9421.25,1102
2015-10-08,9466.0,9745.0,9400.0,9600.7,2128
2015-10-09,9615.25,9767.95,9422.15,9528.3,1191
2015-10-12,9599.95,9710.0,9476.0,9519.05,1918
2015-10-13,9530.0,9550.0,9401.0,9499.45,1455
2015-10-14,9490.0,9529.9,9351.0,9462.7,406
2015-10-15,9520.0,9550.0,9412.0,9502.5,452
2015-10-16,9525.0,9599.9,9461.05,9572.95,433
2015-10-19,9600.0,9620.0,9425.05,9591.4,707
2015-10-20,9599.95,9600.0,9502.05,9598.7,357
2015-10-21,9590.0,9598.0,9470.0,9511.35,317
2015-10-23,9624.0,9699.0,9501.85,9560.8,906
2015-10-26,9560.0,9575.5,9415.0,9556.1,526
2015-10-27,9475.0,9669.95,9400.0,9575.75,802
2015-10-28,9441.05,9666.95,9441.05,9540.8,296
2015-10-29,9500.0,9500.0,9423.45,9479.85,213
2015-10-30,9500.0,9550.0,9355.0,9450.95,487
2015-11-02,9359.05,9475.0,9167.4,9278.3,423
2015-11-03,9377.95,9498.0,9265.05,9335.45,444
2015-11-04,9528.95,9822.0,9325.1,9403.75,7471
2015-11-05,9379.9,9450.0,9260.0,9326.45,551
2015-11-06,9205.0,9339.7,9120.0,9207.3,8718
2015-11-09,9000.0,9367.0,8845.25,9296.05,496
2015-11-10,9131.15,9389.95,9131.1,9317.45,205
2015-11-11,9317.45,9385.95,9310.0,9354.0,77
2015-11-13,9230.05,9288.5,9110.05,9193.3,443
2015-11-16,9298.95,9299.0,9062.0,9119.5,664
2015-11-17,9349.7,9350.0,8955.05,9021.2,1166
2015-11-18,9021.2,9070.0,8835.0,8909.75,638
2015-11-19,8861.0,9260.0,8831.15,9033.3,990
2015-11-20,9083.0,9300.0,9083.0,9254.2,707
2015-11-23,9450.0,9474.95,9075.0,9210.1,880
2015-11-24,9151.0,9151.0,9085.8,9129.9,839
2015-11-26,9230.0,9230.0,9018.0,9058.55,263
2015-11-27,8940.15,9130.0,8940.1,9120.6,573
2015-11-30,9120.6,9125.0,8999.0,9103.6,697
2015-12-01,9103.0,9103.0,8960.0,8999.7,553
2015-12-02,9000.0,9001.0,8710.0,8773.05,1355
2015-12-03,8773.0,8849.85,8679.95,8754.9,350
2015-12-04,8759.0,8850.0,8680.0,8812.9,548
2015-12-07,8970.0,8988.0,8812.0,8950.1,211
2015-12-08,8950.0,8950.0,8861.3,8906.0,231
2015-12-09,8906.0,8942.0,8682.15,8787.0,665
2015-12-10,8899.95,8900.0,8525.0,8712.0,895
2015-12-11,8750.0,9069.95,8700.0,8963.2,1241
2015-12-14,8752.0,9000.0,8752.0,8907.9,668
2015-12-15,8998.75,8998.75,8885.8,8948.7,365
2015-12-16,8901.2,9000.0,8860.0,8987.7,615
2015-12-17,8988.0,9151.0,8933.05,9078.8,428
2015-12-18,9200.0,9200.0,8923.25,9053.6,618
2015-12-21,8923.1,9100.0,8923.1,9022.9,983
2015-12-22,8825.05,9042.0,8825.05,8967.1,348
2015-12-23,8950.0,9130.0,8921.3,9102.95,400
2015-12-24,9011.25,9095.0,8920.5,9025.85,610
2015-12-28,9134.95,9135.0,8883.05,8957.85,549
2015-12-29,8949.0,9049.95,8865.05,8969.75,1262
2015-12-30,8969.0,9148.0,8945.0,9082.3,524
2015-12-31,9070.0,9240.45,9012.0,9131.25,586
2016-01-01,9025.1,9025.1,8900.0,8912.6,937
2016-01-04,8999.7,8999.75,8850.0,8941.05,517
2016-01-05,8855.55,8945.0,8850.0,8937.95,396
2016-01-06,8902.0,8950.0,8875.0,8911.1,343
2016-01-07,8850.0,8979.95,8721.0,8916.15,488
2016-01-08,8916.15,8945.0,8826.1,8901.4,414
2016-01-11,8810.0,8850.0,8750.0,8802.6,297
2016-01-12,8706.05,8880.0,8706.05,8808.5,481
2016-01-13,8723.05,8900.0,8665.0,8863.9,623
2016-01-14,8799.9,8944.0,8668.05,8901.9,205
2016-01-15,8960.5,8961.0,8699.95,8823.7,316
2016-01-18,8888.0,8888.0,8303.0,8452.65,1103
2016-01-19,8350.0,8574.0,8120.35,8520.35,794
2016-01-20,8211.25,8339.0,8139.95,8224.2,1199
2016-01-21,8231.05,8350.0,8145.2,8297.85,378
2016-01-22,8340.0,8740.0,8277.0,8602.75,490
2016-01-25,8875.0,8875.0,8611.0,8658.25,220
2016-01-27,8630.0,8677.95,8465.05,8592.75,283
2016-01-28,8580.0,8600.0,8501.05,8595.15,165
2016-01-29,8590.0,8632.0,8425.0,8575.2,384
2016-02-01,8420.0,8689.8,8420.0,8604.75,173
2016-02-02,8501.1,8664.2,8414.5,8506.1,304
2016-02-03,8341.15,8580.0,8341.15,8486.1,146
2016-02-04,8486.25,8500.0,8080.0,8447.3,1084
2016-02-05,8447.0,8475.0,8350.0,8448.15,323
2016-02-08,8448.0,8500.0,8420.0,8485.9,300
2016-02-09,8551.1,8551.1,8329.0,8478.2,189
2016-02-10,8478.0,8478.0,8383.0,8435.9,134
2016-02-11,8435.0,8496.7,8135.0,8176.7,1514
2016-02-12,8202.05,8265.0,7701.0,8085.4,870
2016-02-15,8299.0,8299.0,8100.0,8141.0,567
2016-02-16,8178.0,8178.0,7981.0,8039.15,506
2016-02-17,8039.0,8039.0,7851.0,7997.65,358
2016-02-18,8010.2,8298.0,8010.2,8182.8,534
2016-02-19,8149.95,8288.0,8100.0,8178.1,405
2016-02-22,8190.0,8348.0,8101.0,8303.35,204
2016-02-23,8303.35,9050.7,8216.05,8494.45,487
2016-02-24,8451.05,8480.0,8340.0,8466.55,109
2016-02-25,8468.0,8470.0,8297.0,8427.6,415
2016-02-26,8430.0,8474.95,8305.05,8401.6,201
2016-02-29,8450.0,8450.0,8352.05,8448.6,383
2016-03-01,8450.0,8497.0,8410.0,8473.1,344
2016-03-02,8589.95,8589.95,8372.05,8419.35,531
2016-03-03,8500.0,8599.0,8351.0,8485.7,397
2016-03-04,8408.2,8700.0,8408.2,8644.3,480
2016-03-08,8738.85,8738.85,8555.0,8683.95,348
2016-03-09,8550.0,8690.0,8469.5,8620.6,423
2016-03-10,8725.0,8729.0,8670.05,8699.9,1261
2016-03-11,8700.0,8700.0,8550.0,8606.7,361
2016-03-14,8606.0,8797.0,8600.0,8743.55,389
2016-03-15,8779.0,8848.0,8602.0,8690.25,394
2016-03-16,8684.95,8698.95,8561.05,8599.4,1675
2016-03-17,8699.85,8748.15,8500.0,8637.9,508
2016-03-18,8602.0,8625.0,8423.9,8513.1,1271
2016-03-21,8551.05,8600.0,8462.4,8591.4,478
2016-03-22,8591.0,8675.0,8515.0,8617.8,336
2016-03-23,8617.0,8695.0,8455.0,8508.15,471
2016-03-28,8508.15,8650.0,8450.0,8586.15,315
2016-03-29,8528.0,8600.0,8450.0,8566.3,273
2016-03-30,8464.0,8700.05,8462.0,8644.1,440
2016-03-31,8644.0,8700.0,8558.0,8596.05,488
2016-04-01,8600.0,8685.0,8550.5,8645.75,196
2016-04-04,8635.0,8776.95,8603.0,8678.65,408
2016-04-05,8740.0,8778.95,8528.0,8565.8,192
2016-04-06,8505.05,8600.0,8502.0,8599.95,213
2016-04-07,8514.35,8600.0,8460.0,8589.85,496
2016-04-08,8533.05,8699.0,8525.0,8666.9,160
2016-04-11,8650.0,8940.0,8650.0,8870.95,225
2016-04-12,8955.0,8974.9,8725.5,8888.75,336
2016-04-13,8850.0,9348.0,8799.95,9135.15,1153
2016-04-18,9002.05,9377.95,9002.0,9285.6,691
2016-04-20,9300.0,9379.85,9000.0,9227.45,1602
2016-04-21,9324.95,9394.65,9057.0,9330.65,399
2016-04-22,9368.0,9690.0,9327.0,9524.45,1207
2016-04-25,9490.0,9715.0,9490.0,9583.25,1009
2016-04-26,9698.95,9698.95,9341.05,9537.75,991
2016-04-27,9659.95,9659.95,9450.35,9523.85,449
2016-04-28,9500.0,9525.0,9210.0,9243.15,343
2016-04-29,9243.0,9330.0,9001.0,9169.3,654
2016-05-02,9168.0,9200.0,9001.0,9175.8,281
2016-05-03,9085.0,9298.95,9085.0,9160.2,151
2016-05-04,9160.0,9200.0,9050.0,9141.35,202
2016-05-05,9155.0,9200.0,9078.35,9177.15,282
2016-05-06,9111.1,9335.0,9111.1,9293.15,258
2016-05-09,9293.0,9300.0,9201.4,9239.0,335
2016-05-10,9389.85,9389.85,9102.5,9194.3,345
2016-05-11,9368.0,9452.0,9102.5,9148.55,50
2016-05-12,9151.05,9200.0,9148.0,9182.65,142
2016-05-13,9152.5,9241.0,9150.0,9186.55,143
2016-05-16,9250.0,9288.0,9150.0,9193.15,395
2016-05-17,9250.0,10162.9,9150.0,9466.15,36263
2016-05-18,9439.7,9449.0,9301.1,9338.15,869
2016-05-19,9338.15,9370.0,9111.85,9167.45,741
2016-05-20,9168.0,9199.85,9000.0,9023.3,776
2016-05-23,9023.0,9124.95,8811.0,8840.7,723
2016-05-24,8998.3,8998.3,8575.0,8657.85,722
2016-05-25,8660.0,8841.0,8660.0,8800.8,429
2016-05-26,8715.0,8999.9,8715.0,8858.25,428
2016-05-27,8941.85,8941.85,8748.0,8825.3,381
2016-05-30,8988.95,8988.95,8802.05,8838.95,430
2016-05-31,8966.95,8966.95,8840.1,8924.4,318
2016-06-01,8924.0,8930.0,8840.0,8921.9,325
2016-06-02,8921.0,9000.0,8842.1,8998.0,879
2016-06-03,9022.3,9040.0,8948.0,9001.45,359
2016-06-06,9003.0,9040.0,8953.0,9018.45,311
2016-06-07,9018.0,9060.0,8932.5,8994.7,400
2016-06-08,8994.0,9170.0,8994.0,9150.15,616
2016-06-09,9100.0,9174.0,9100.0,9147.05,258
2016-06-10,9147.0,9249.8,9102.0,9185.6,291
2016-06-13,9160.0,9183.05,9083.0,9165.2,132
2016-06-14,9209.9,9300.0,9121.0,9217.15,301
2016-06-15,9218.0,9346.85,9200.0,9286.35,661
2016-06-16,9225.0,9300.0,9160.0,9246.7,293
2016-06-17,9246.0,9449.0,9212.0,9410.4,613
2016-06-20,9350.0,9483.8,9261.15,9425.85,523
2016-06-21,9425.0,9499.4,9335.05,9471.55,465
2016-06-22,9436.25,9533.0,9436.2,9498.5,551
2016-06-23,9498.5,9525.0,9309.0,9393.5,704
2016-06-24,9293.0,9398.0,9082.15,9274.4,455
2016-06-27,9251.05,9391.8,9251.05,9333.35,457
2016-06-28,9485.0,9516.95,9336.0,9475.15,325
2016-06-29,9475.0,9575.85,9406.3,9551.55,759
2016-06-30,9551.0,9630.0,9500.0,9529.95,444
2016-07-01,9585.0,9599.0,9479.1,9564.1,464
2016-07-04,9594.0,9680.0,9564.1,9649.7,339
2016-07-05,9678.8,9750.0,9560.1,9668.0,248
2016-07-07,9610.1,9649.8,9411.15,9592.55,910
2016-07-08,9560.0,9750.0,9532.05,9714.95,320
2016-07-11,9714.0,9800.0,9635.1,9745.75,534
2016-07-12,9744.0,9888.0,9670.05,9784.3,753
2016-07-13,9770.0,9879.0,9712.0,9800.0,547
2016-07-14,9705.0,9800.0,9665.05,9780.5,353
2016-07-15,9780.0,9799.0,9610.0,9682.15,298
2016-07-18,9682.0,9780.0,9682.0,9749.1,201
2016-07-19,9828.0,9828.0,9651.6,9761.8,197
2016-07-20,9761.0,9890.0,9656.35,9829.55,955
2016-07-21,9888.0,10000.0,9751.05,9954.3,1141
2016-07-22,9950.0,10000.0,9855.1,9985.4,251
2016-07-25,10050.0,10099.0,9950.0,9993.1,600
2016-07-26,10060.0,10060.0,9950.0,10008.3,250
2016-07-27,10000.1,10100.0,9908.2,10002.5,303
2016-07-28,10072.85,10075.0,9922.1,9992.75,534
2016-07-29,10099.0,10099.0,9825.05,9921.75,463
2016-08-01,10000.0,10043.0,9865.0,9898.45,777
2016-08-02,9969.95,9974.95,9845.0,9897.4,314
2016-08-03,9903.0,9985.0,9798.4,9888.15,386
2016-08-04,9995.0,9995.0,9800.0,9906.65,756
2016-08-05,9906.0,9999.95,9852.05,9967.25,260
2016-08-08,9890.0,9999.95,9801.0,9980.95,396
2016-08-09,9900.0,9999.9,9880.0,9991.95,280
2016-08-10,9990.95,9999.9,9710.0,9787.15,1426
2016-08-11,9785.0,9810.0,9661.0,9723.6,344
2016-08-12,9751.0,10093.35,9662.0,9921.65,935
2016-08-16,9825.0,9915.0,9630.0,9685.4,516
2016-08-17,9684.85,9888.0,9656.0,9836.75,364
2016-08-18,9836.0,9998.0,9803.0,9921.9,250
2016-08-19,9921.0,9999.0,9890.0,9965.45,325
2016-08-22,9965.0,9999.0,9865.8,9882.95,171
2016-08-23,9969.95,9969.95,9840.0,9889.2,165
2016-08-24,9800.3,9950.0,9790.3,9917.2,264
2016-08-25,9900.0,9950.0,9850.0,9872.0,239
2016-08-26,9872.0,9979.85,9850.0,9942.6,131
2016-08-29,9850.05,9980.0,9836.85,9891.5,191
2016-08-30,9891.0,9930.0,9732.0,9811.0,286
2016-08-31,9821.05,9869.0,9724.45,9778.15,394
2016-09-01,9740.0,9787.95,9620.05,9710.5,332
2016-09-02,9715.0,9878.0,9710.0,9835.8,127
2016-09-06,9835.0,9911.7,9722.0,9828.6,239
2016-09-07,9800.0,9800.0,9750.0,9792.0,165
2016-09-08,9792.0,9820.0,9725.0,9748.3,364
2016-09-09,9755.05,9785.0,9632.0,9770.2,248
2016-09-12,9708.05,9749.95,9500.0,9534.7,626
2016-09-14,9619.9,9619.9,9113.05,9183.55,1000
2016-09-15,9190.15,9208.95,9012.0,9125.7,507
2016-09-16,9125.0,9213.95,8851.15,8938.55,1068
2016-09-19,8950.0,9099.9,8855.0,9054.0,371
2016-09-20,9030.05,9240.0,9030.05,9198.4,315
2016-09-21,9204.0,9334.35,9125.0,9215.2,232
2016-09-22,9307.0,9338.55,9235.1,9294.95,1159
2016-09-23,9330.0,9350.0,9220.0,9269.8,241
2016-09-26,9269.0,9297.0,9225.05,9274.55,134
2016-09-27,9274.0,9274.0,9115.0,9196.1,179
2016-09-28,9104.1,9285.0,9026.1,9190.15,247
2016-09-29,9190.0,9245.0,8950.15,9057.95,516
2016-09-30,9057.0,9488.0,8900.0,9265.15,376
2016-10-03,9274.0,9340.0,9200.0,9240.95,260
2016-10-04,9248.95,9248.95,9120.0,9180.35,234
2016-10-05,9185.0,9190.0,9015.5,9141.25,261
2016-10-06,9141.0,9228.0,9106.0,9202.95,241
2016-10-07,9202.0,9220.0,9156.6,9198.0,163
2016-10-10,9198.05,9300.0,9115.0,9271.7,378
2016-10-13,9271.0,9279.85,9100.0,9149.25,478
2016-10-14,9149.0,9199.95,8970.0,9077.2,390
2016-10-17,9000.25,9165.0,9000.25,9092.2,216
2016-10-18,9160.0,9197.0,9105.0,9142.35,58
2016-10-19,9142.0,9199.0,9120.0,9121.0,118
2016-10-20,9182.9,9182.9,9049.95,9059.55,201
2016-10-21,9124.95,9150.15,9005.5,9128.35,148
2016-10-24,9160.0,9160.0,9006.4,9046.8,359
2016-10-25,9001.0,9034.0,8735.0,8849.15,9156
2016-10-26,8849.0,8999.95,8815.0,8974.0,147
2016-10-27,8974.0,8989.0,8750.05,8965.6,160
2016-10-28,8815.0,8979.0,8810.0,8884.4,266
2016-10-30,8951.0,9049.95,8900.0,9007.4,97
2016-11-01,8917.3,8960.7,8860.0,8892.7,408
2016-11-02,8873.0,8900.0,8825.0,8899.8,141
2016-11-03,8899.0,8900.0,8799.95,8888.0,254
2016-11-04,8880.0,8880.0,8642.05,8785.5,403
2016-11-07,8873.0,8873.0,8652.1,8686.85,343
2016-11-08,8773.65,8773.65,8557.0,8599.1,486
2016-11-09,8513.1,8899.0,8000.0,8567.3,517
2016-11-10,8700.0,8900.0,8700.0,8775.35,568
2016-11-11,8719.65,8795.0,8652.0,8696.5,490
2016-11-15,8696.0,8696.0,8305.0,8594.45,753
2016-11-16,8501.05,8585.0,8400.0,8488.3,292
2016-11-17,8404.0,8539.0,8300.0,8406.4,259
2016-11-18,8360.0,8499.0,8360.0,8483.45,190
2016-11-21,8480.0,8480.0,8213.0,8328.55,358
2016-11-22,8400.0,8410.0,8306.0,8396.1,235
2016-11-23,8480.05,8550.0,8232.4,8446.8,195
2016-11-24,8531.25,8910.0,8320.0,8519.95,195
2016-11-25,8455.0,8660.0,8455.0,8623.35,358
2016-11-28,8659.95,8659.95,8442.0,8518.15,317
2016-11-29,8465.0,8596.0,8465.0,8499.65,211
2016-11-30,8580.0,8580.0,8471.15,8490.75,349
2016-12-01,8510.0,8510.0,8492.0,8499.95,121
2016-12-02,8470.1,8534.0,8470.0,8495.45,135
2016-12-05,8424.0,8469.95,8355.15,8386.55,467
2016-12-06,8465.0,8500.0,8301.0,8489.7,449
2016-12-07,8411.2,8529.75,8411.2,8502.5,173
2016-12-08,8455.25,8590.0,8455.25,8552.35,197
2016-12-09,8488.1,8557.9,8488.1,8499.55,294
2016-12-12,8500.0,8600.0,8500.0,8587.1,240
2016-12-13,8649.95,8649.95,8542.8,8595.8,345
2016-12-14,8530.0,8587.0,8490.0,8549.15,274
2016-12-15,8550.0,8597.8,8477.05,8592.6,205
2016-12-16,8619.95,8620.0,8540.0,8549.65,337
2016-12-19,8531.4,8589.95,8489.95,8501.55,389
2016-12-20,8543.0,8543.0,8441.0,8504.0,294
2016-12-21,8441.0,8549.0,8400.0,8473.8,330
2016-12-22,8444.3,8495.0,8405.1,8456.45,289
2016-12-23,8431.0,8525.0,8355.05,8503.85,208
2016-12-26,8422.0,8490.0,8255.0,8389.1,359
2016-12-27,8448.95,8500.0,8430.0,8498.9,283
2016-12-28,8445.15,8549.95,8410.0,8503.0,326
2016-12-29,8524.95,8700.0,8467.1,8632.1,509
2016-12-30,8698.95,9100.05,8600.1,8971.55,1169
2017-01-02,8995.0,9126.95,8970.1,9063.2,175
2017-01-03,9063.0,9140.0,8974.0,9116.05,146
2017-01-04,9150.0,9270.0,9028.0,9222.2,427
2017-01-05,9299.95,9383.0,9036.0,9259.25,13507
2017-01-06,9390.0,9390.0,9166.65,9288.8,80
2017-01-09,9260.0,9285.1,9120.0,9241.3,121
2017-01-10,9333.0,9450.0,7577.9,9016.85,2545
2017-01-11,9198.75,9198.75,8903.0,9036.55,511
2017-01-12,8946.15,9287.0,8855.8,9172.7,232
2017-01-13,9115.1,9200.0,9021.0,9196.8,305
2017-01-16,9200.0,9381.0,9015.0,9255.35,553
2017-01-17,9222.35,9320.0,9162.8,9235.25,329
2017-01-18,9205.05,9399.9,9175.0,9351.6,391
2017-01-19,9351.6,9480.0,9280.0,9336.4,691
2017-01-20,9400.0,9439.0,9285.0,9342.6,212
2017-01-23,9480.0,9480.0,9274.95,9413.1,265
2017-01-24,9436.95,9500.0,9315.0,9465.05,324
2017-01-25,9351.05,9500.0,9351.05,9478.1,319
2017-01-27,9383.1,9600.0,9205.0,9519.1,598
2017-01-30,9423.95,9520.0,9311.15,9475.25,430
2017-01-31,9479.0,9500.0,9391.0,9478.1,232
2017-02-01,9441.0,9600.0,9115.5,9525.45,777
2017-02-02,9477.8,9519.95,9400.0,9485.7,411
2017-02-03,9417.05,9625.0,9417.0,9558.2,411
2017-02-06,9616.65,9845.05,9616.65,9707.7,698
2017-02-07,10000.0,10500.0,10000.0,10055.85,7571
2017-02-08,10168.9,10195.0,10000.0,10039.8,861
2017-02-09,10133.7,10175.0,9861.55,9948.65,621
2017-02-10,9999.0,10080.0,9900.0,9943.95,635
2017-02-13,10000.0,10179.95,9925.05,9991.0,1284
2017-02-14,10090.9,10090.9,9920.0,9979.0,336
2017-02-15,10075.0,10075.0,9832.0,9890.85,288
2017-02-16,9825.05,10000.0,9825.05,9981.9,337
2017-02-17,10080.0,10080.0,9850.0,9996.45,288
2017-02-20,9921.0,10050.0,9911.05,9998.0,414
2017-02-21,10100.0,10100.0,9875.05,9945.05,450
2017-02-22,10099.0,10099.0,9880.35,9955.6,259
2017-02-23,9999.9,9999.9,9916.1,9984.05,190
2017-02-27,9997.0,9999.0,9840.0,9946.8,287
2017-02-28,9920.0,9998.9,9864.0,9978.3,256
2017-03-01,10100.0,10200.0,9860.0,9944.7,472
2017-03-02,9969.0,9969.0,9826.0,9888.95,564
2017-03-03,9887.0,9887.0,9731.0,9779.8,451
2017-03-06,9876.0,9876.0,9704.0,9782.55,323
2017-03-07,9848.0,9848.0,9722.0,9795.8,242
2017-03-08,9785.0,9800.0,9760.0,9798.25,6909
2017-03-09,9950.0,9950.0,9535.0,9583.2,1395
2017-03-10,9869.0,9869.0,9511.15,9592.9,893
2017-03-14,9835.0,9900.0,9550.05,9815.85,4733
2017-03-15,9815.0,9950.0,9815.0,9942.5,568
2017-03-16,10012.0,10012.0,9821.25,9944.55,637
2017-03-17,9972.9,9974.95,9835.05,9937.75,6929
2017-03-20,10037.1,10037.1,9775.0,9882.95,380
2017-03-21,9845.05,9845.05,9710.95,9798.9,579
2017-03-22,9770.0,9770.0,9621.0,9695.0,2905
2017-03-23,9789.95,9975.0,9555.0,9847.1,1125
2017-03-24,9944.95,9945.0,9810.0,9921.6,610
2017-03-27,9937.95,9949.95,9855.0,9938.55,663
2017-03-28,9944.95,9946.0,9875.0,9940.55,351
2017-03-29,9841.1,10400.0,9841.1,10009.0,898
2017-03-30,10099.0,10298.55,10001.0,10151.45,1529
2017-03-31,10198.0,10500.0,10151.2,10346.9,1919
2017-04-03,10485.0,10850.0,10345.5,10556.0,2221
2017-04-05,10675.0,11099.7,10661.55,11034.7,2163
2017-04-06,11099.0,11275.0,10900.05,11006.25,931
2017-04-07,11220.0,11220.0,10630.0,10762.25,1194
2017-04-10,10900.0,11200.0,10712.3,11114.9,613
2017-04-11,10892.6,11200.0,10806.0,11097.35,701
2017-04-12,10990.25,11144.85,10835.0,10951.55,473
2017-04-13,11027.95,11039.0,10687.5,10820.65,322
2017-04-17,10820.0,10905.0,10702.0,10713.0,269
2017-04-18,10710.0,10897.0,10455.05,10753.55,758
2017-04-19,10784.95,10930.0,10574.1,10682.1,468
2017-04-20,10585.15,10744.95,10520.15,10612.15,289
2017-04-21,10560.0,10784.45,10560.0,10722.1,258
2017-04-24,10809.95,10936.0,10535.0,10887.15,265
2017-04-25,10802.0,11000.0,10802.0,10928.95,481
2017-04-26,10964.0,10984.0,10611.35,10888.45,593
2017-04-27,10850.0,11106.2,10850.0,10955.75,640
2017-04-28,10900.0,11200.0,10900.0,11024.4,1026
2017-05-02,11130.0,11399.0,10843.0,11007.4,493
2017-05-03,10942.2,11245.0,10942.2,11075.85,4047
2017-05-04,11099.9,11398.0,11000.0,11298.85,758
2017-05-05,11390.0,11390.0,11200.05,11327.45,373
2017-05-08,11299.0,11349.95,11155.25,11238.8,522
2017-05-09,11240.0,11539.9,11154.0,11438.65,765
2017-05-10,11535.0,11547.9,11360.0,11421.1,1220
2017-05-11,11425.0,11459.8,11300.0,11406.8,627
2017-05-12,11399.0,11475.0,11200.0,11397.05,558
2017-05-15,11397.05,11419.95,11212.0,11302.45,629
2017-05-16,11305.0,11478.9,11212.0,11407.6,877
2017-05-17,11280.0,11650.0,11280.0,11536.65,510
2017-05-18,11502.0,11550.0,11310.05,11395.3,779
2017-05-19,11325.05,11544.0,11121.8,11420.75,816
2017-05-22,11399.95,11400.0,11250.5,11349.6,294
2017-05-23,11230.05,11382.95,11011.0,11224.75,566
2017-05-24,11175.0,11238.0,10600.0,10823.65,1382
2017-05-25,10879.95,11028.0,10800.0,10953.05,1066
2017-05-26,10500.0,11779.85,10226.0,11294.05,4974
2017-05-29,11550.0,11550.0,11199.0,11429.55,882
2017-05-30,11398.95,11440.0,11050.05,11312.25,992
2017-05-31,11312.25,11544.95,11170.0,11490.85,763
2017-06-01,11500.0,11500.0,11402.0,11482.15,202
2017-06-02,11752.9,11752.9,11367.3,11719.7,449
2017-06-05,11720.0,11750.05,11520.1,11680.9,607
2017-06-06,11730.0,11750.0,11550.0,11691.1,463
2017-06-07,11718.15,12373.65,11510.0,12303.65,2245
2017-06-08,12350.0,12412.0,11755.15,11901.05,1076
2017-06-09,11780.0,12000.0,11716.0,11796.65,1538
2017-06-12,11900.0,11900.0,11711.05,11743.35,287
2017-06-13,11824.95,11825.0,11440.8,11494.25,1425
2017-06-14,11450.0,11469.95,11355.1,11403.7,560
2017-06-15,11425.55,11648.8,11400.05,11481.7,427
2017-06-16,11481.75,11699.0,11315.0,11609.15,487
2017-06-19,11605.05,11900.0,11520.0,11673.6,630
2017-06-20,11790.25,12248.95,11664.8,11893.5,1682
2017-06-21,11925.0,12012.0,11448.05,11852.85,1150
2017-06-22,11703.0,11850.0,11703.0,11848.65,380
2017-06-23,11890.0,11893.75,11409.8,11600.65,1142
2017-06-27,11630.8,11650.05,11365.1,11493.7,530
2017-06-28,11400.0,11650.05,11250.0,11619.35,556
2017-06-29,11556.15,11694.95,11510.0,11652.85,395
2017-06-30,11525.0,11900.0,11450.0,11675.95,1418
2017-07-03,11575.15,12135.0,11575.15,11985.8,668
2017-07-04,11910.0,12074.95,11701.05,11983.25,1000
2017-07-05,11900.0,12099.95,11900.0,12022.75,431
2017-07-06,12022.0,12100.0,11949.95,12007.0,1059
2017-07-07,12006.95,12050.0,11886.9,11982.05,244
2017-07-10,11902.0,12150.0,11902.0,12097.55,357
2017-07-11,12002.05,12089.8,11916.1,11994.4,389
2017-07-12,11901.05,12050.0,11901.05,12041.55,186
2017-07-13,11964.05,12030.0,11651.2,11893.05,989
2017-07-14,11870.0,11930.0,11701.0,11874.25,359
2017-07-17,11881.0,11998.9,11881.0,11956.7,240
2017-07-18,11960.0,12098.55,11885.0,12003.45,243
2017-07-19,11905.0,12114.0,11905.0,12053.75,282
2017-07-20,12089.95,12098.5,11990.05,12057.45,372
2017-07-21,12021.05,12292.2,11790.0,11860.2,744
2017-07-24,11860.2,12200.0,11801.0,12089.2,428
2017-07-25,12063.0,12380.0,12000.0,12174.65,621
2017-07-26,12340.0,12698.0,12140.0,12391.75,683
2017-07-27,12390.0,12698.0,12360.0,12383.25,311
2017-07-28,12399.0,12497.0,12151.2,12450.5,280
2017-07-31,12567.0,12688.0,12310.0,12518.2,759
2017-08-01,12405.0,12470.0,12359.0,12449.05,218
2017-08-02,12326.0,12419.95,12210.0,12286.7,388
2017-08-03,12350.0,12415.0,12211.05,12374.05,170
2017-08-04,12374.05,12740.0,12300.0,12542.3,488
2017-08-07,12649.0,13021.0,12550.15,12653.25,661
2017-08-08,12739.0,12799.95,12359.0,12553.4,209
2017-08-09,12500.0,13011.6,12301.95,12612.15,2706
2017-08-10,12621.0,12920.0,12514.6,12554.95,747
2017-08-11,12550.0,12775.0,12101.0,12597.75,1249
2017-08-14,12597.75,12888.0,12528.0,12803.15,329
2017-08-16,12753.0,12810.0,12650.0,12768.0,305
2017-08-17,12940.0,13275.0,12800.0,12921.65,575
2017-08-18,12995.0,13018.05,12900.0,12975.6,128
2017-08-21,13096.8,13275.0,13000.0,13252.55,922
2017-08-22,13274.95,13410.0,12359.0,12727.6,4854
2017-08-23,12521.0,12812.0,12476.15,12757.25,688
2017-08-24,12945.5,13049.85,12707.55,12963.05,296
2017-08-28,13099.95,13270.0,12970.0,13199.35,1733
2017-08-29,13030.0,13200.0,13000.0,13119.95,171
2017-08-30,13144.0,13235.0,12830.05,13060.9,931
2017-08-31,13180.0,13300.0,12961.0,13203.05,470
2017-09-01,13246.8,13370.0,13143.05,13334.05,396
2017-09-04,13211.05,13495.0,13211.05,13452.55,342
2017-09-05,13497.0,13500.0,13365.0,13404.4,100
2017-09-06,13365.0,13500.0,13300.0,13313.7,1173
2017-09-07,13447.95,13451.0,13365.05,13433.6,41
2017-09-08,13499.0,13499.0,13378.3,13416.9,93
2017-09-11,13423.0,13692.0,13423.0,13543.55,199
2017-09-12,13580.0,14065.0,13580.0,13982.6,631
2017-09-13,13922.1,14543.0,13922.1,14432.6,1089
2017-09-14,14399.95,14432.0,13997.95,14049.55,667
2017-09-15,14060.0,14516.7,13802.8,14470.05,688
2017-09-18,14695.0,17074.7,14649.6,16348.0,6184
2017-09-19,16405.0,17789.0,16100.2,17004.7,4980
2017-09-20,17200.0,17400.0,16757.15,16842.8,1239
2017-09-21,16999.0,17000.0,16242.0,16658.65,969
2017-09-22,16658.65,16837.75,15800.0,15917.35,996
2017-09-25,16165.0,16165.0,15250.0,15380.1,1035
2017-09-26,15310.35,16240.95,15221.0,16028.3,623
2017-09-27,16110.0,16199.0,15625.0,15773.55,722
2017-09-28,15975.0,15975.0,15432.0,15622.45,3511
2017-09-29,15580.0,15967.75,15465.95,15730.0,411
2017-10-03,16010.0,16010.0,15601.0,15692.65,339
2017-10-04,15690.05,16163.35,15690.0,15891.0,386
2017-10-05,15850.0,16290.0,15710.0,16075.65,284
2017-10-06,15790.05,16180.0,15790.05,15888.7,347
2017-10-09,15805.0,16088.0,15750.0,15830.15,301
2017-10-10,15800.0,15950.0,15775.0,15867.35,239
2017-10-11,16099.0,16180.0,15600.0,15713.4,413
2017-10-12,15560.0,15900.0,15560.0,15658.1,187
2017-10-13,15630.0,15899.0,15601.4,15809.25,174
2017-10-16,15738.0,15955.45,15560.0,15678.75,140
2017-10-17,15582.7,15800.0,15510.0,15585.5,254
2017-10-18,15570.0,15750.0,15551.0,15689.8,7365
2017-10-19,15750.45,15897.0,15700.6,15836.4,193
2017-10-23,15948.8,15948.8,15651.55,15656.45,211
2017-10-24,15949.75,15949.75,15705.0,15717.4,85
2017-10-25,15900.0,15930.0,15671.9,15838.3,136
2017-10-26,15900.0,16090.0,15690.0,15726.65,115
2017-10-27,15691.0,15900.0,15560.05,15685.65,263
2017-10-30,15790.0,15898.0,15516.65,15718.65,1182
2017-10-31,15847.95,15900.0,15677.05,15829.75,221
2017-11-01,15840.0,15950.0,15772.05,15870.65,423
2017-11-02,15898.95,15950.7,15749.95,15764.95,321
2017-11-03,15920.0,15920.0,15550.0,15623.4,394
2017-11-06,15640.0,15789.4,15606.0,15659.45,599
2017-11-07,15663.0,15666.25,14892.1,15052.15,1017
2017-11-08,14999.95,15150.0,14951.0,15004.65,450
2017-11-09,15010.0,15370.0,15010.0,15159.4,523
2017-11-10,15319.95,15499.0,15151.0,15388.25,584
2017-11-13,15625.0,15625.0,15300.0,15478.65,292
2017-11-14,15584.95,15585.0,15355.0,15410.55,394
2017-11-15,16300.0,17879.9,16300.0,17309.6,10079
2017-11-16,17320.0,17797.0,17051.3,17245.15,2351
2017-11-17,17250.0,17741.3,17050.0,17268.7,1217
2017-11-20,17171.0,17349.95,16520.0,16631.65,1005
2017-11-21,16942.8,17175.05,16540.85,16920.6,827
2017-11-22,17049.5,17177.0,16701.0,17020.85,506
2017-11-23,17001.05,17300.0,16925.0,17094.7,423
2017-11-24,17100.0,17169.5,16801.25,16948.5,320
2017-11-27,16803.05,17250.0,16450.15,17203.75,371
2017-11-28,17205.0,17380.0,16910.0,17227.65,330
2017-11-29,17246.0,17325.0,17105.0,17193.45,286
2017-11-30,17200.0,17343.95,17008.95,17128.7,761
2017-12-01,17230.0,17250.0,16899.15,16926.95,595
2017-12-04,17245.75,17245.75,16932.05,17123.35,576
2017-12-05,17284.4,17284.4,16700.0,16781.25,631
2017-12-06,16990.25,16990.25,16400.0,16577.45,733
2017-12-07,16599.0,17299.0,16500.0,17067.2,2235
2017-12-08,17223.9,17299.0,17000.0,17176.55,783
2017-12-11,17175.0,18790.0,17175.0,18471.95,4023
2017-12-12,18677.0,21944.0,18510.1,19941.25,15298
2017-12-13,19949.0,21300.0,19800.0,19988.8,9834
2017-12-14,20172.9,20388.55,19450.0,19631.1,2267
2017-12-15,19755.0,20133.0,19550.0,19764.7,1134
2017-12-18,19800.0,20600.15,18760.05,20460.55,2389
2017-12-19,20550.0,21500.0,20300.0,20465.7,5505
2017-12-20,20575.0,20905.05,20047.55,20183.7,1064
2017-12-21,20205.0,20650.0,19900.0,19976.65,733
2017-12-22,19975.0,20484.95,19700.0,19827.2,766
2017-12-26,19851.0,20250.0,19585.65,19660.35,1552
2017-12-27,19665.0,21589.75,19601.0,20035.4,3379
2017-12-28,20208.6,20315.0,19510.05,19577.25,1991
2017-12-29,19850.0,19873.9,19302.0,19433.6,1297
2018-01-01,19650.0,19699.0,19250.1,19349.85,493
2018-01-02,19250.1,19500.0,18750.0,18854.75,1505
2018-01-03,19149.95,19289.95,18700.0,18800.1,15396
2018-01-04,18766.0,18950.0,18750.0,18821.3,672
2018-01-05,19008.65,19140.0,18700.0,18772.45,1061
2018-01-08,18900.95,19370.05,18800.05,19045.8,925
2018-01-09,19340.0,19340.0,18063.7,18613.65,1822
2018-01-10,18615.0,18719.0,18315.0,18444.25,1570
2018-01-11,18401.05,18590.4,18250.0,18289.5,1059
2018-01-12,18329.6,18800.0,18329.55,18576.0,692
2018-01-15,18848.0,18848.0,18464.85,18511.25,1171
2018-01-16,18512.0,18512.0,17900.0,17944.15,2032
2018-01-17,17905.95,18279.95,17900.0,17979.65,643
2018-01-18,17892.05,18275.0,17700.0,17751.95,2669
2018-01-19,17850.0,17985.0,17751.95,17913.8,337
2018-01-22,17980.8,18100.0,17508.75,17690.7,1901
2018-01-23,17645.0,17900.0,17477.75,17790.65,2286
2018-01-24,17713.45,17942.25,17463.4,17494.65,1577
2018-01-25,17650.0,17894.95,17168.0,17195.4,1733
2018-01-29,17380.0,17380.0,17125.05,17151.8,402
2018-01-30,17122.25,17192.95,16900.0,16988.6,627
2018-01-31,16999.55,17050.0,16882.0,16903.55,525
2018-02-01,16884.55,17165.0,16800.0,16987.2,598
2018-02-02,16985.0,17389.95,16400.0,16696.5,868
2018-02-05,16829.95,16829.95,16250.0,16474.2,1075
2018-02-06,15500.0,16000.0,15500.0,15931.0,2378
2018-02-07,16080.0,16774.1,16080.0,16550.6,582
2018-02-08,16690.0,18536.7,16690.0,16962.0,834
2018-02-09,16622.0,17000.0,16612.95,16985.95,601
2018-02-12,17051.0,18798.0,17051.0,17822.4,3920
2018-02-14,18199.65,18199.65,16600.0,16959.55,3506
2018-02-15,16841.05,17006.4,16706.35,16881.45,582
2018-02-16,17073.15,17073.15,16610.15,16667.55,617
2018-02-19,16890.0,16890.95,16361.0,16472.75,924
2018-02-20,16640.0,16640.0,16384.55,16432.4,357
2018-02-21,16439.4,16500.0,16256.05,16297.6,288
2018-02-22,16436.9,16436.9,15962.3,16022.15,512
2018-02-23,15962.05,16999.0,15962.05,16605.9,923
2018-02-26,16691.0,16960.0,16320.0,16367.2,744
2018-02-27,16499.0,17183.9,16099.9,17007.9,2374
2018-02-28,16844.0,17448.0,16682.05,17267.15,1824
2018-03-01,16929.8,17500.0,16929.8,17103.95,739
2018-03-05,17104.0,17325.8,16612.0,16774.55,3724
2018-03-06,16993.75,17097.95,16312.0,16436.6,708
2018-03-07,16700.0,16700.0,15822.0,16257.6,1116
2018-03-08,16495.0,16503.7,15890.0,15946.05,780
2018-03-09,16049.95,16179.95,15810.0,15861.45,573
2018-03-12,16100.0,16149.95,15780.15,15891.95,3736
2018-03-13,15894.05,16300.0,15821.1,15876.15,594
2018-03-14,15990.0,15999.95,15810.0,15853.6,207
2018-03-15,15949.0,16050.0,15750.05,15913.1,502
2018-03-16,16121.0,16121.0,15705.0,15795.65,298
2018-03-19,16025.0,16025.0,15199.95,15346.35,868
2018-03-20,15201.05,15550.0,15051.0,15241.3,665
2018-03-21,15535.0,15535.0,15075.0,15185.65,632
2018-03-22,15380.0,15380.0,14800.0,15173.0,1583
2018-03-23,14904.2,15389.95,14751.0,15280.7,2014
2018-03-26,15358.95,15988.0,15000.0,15753.8,2285
2018-03-27,15779.25,16577.8,15713.3,16492.75,1070
2018-03-28,16671.85,17284.95,16295.1,16942.1,1953
2018-04-02,16899.95,17249.0,16878.6,17189.65,667
2018-04-03,16964.45,18350.05,16964.45,18205.75,2355
2018-04-04,18250.0,18489.0,18001.95,18142.95,1622
2018-04-05,18201.7,18450.0,18010.1,18149.8,747
2018-04-06,18020.0,18400.0,18020.0,18390.7,2984
2018-04-09,18390.0,18499.95,18169.7,18376.05,952
2018-04-10,18450.0,18475.0,18250.0,18391.5,492
2018-04-11,18250.0,18450.0,18100.0,18350.35,294
2018-04-12,18412.0,19297.8,18225.05,19084.3,2287
2018-04-13,19170.0,19348.95,18500.0,18764.55,822
2018-04-16,18930.0,18930.0,18300.0,18406.55,1682
2018-04-17,18506.0,18506.0,18024.05,18101.1,945
2018-04-18,18240.0,18450.0,17901.0,18257.0,623
2018-04-19,18434.6,18700.0,18080.0,18503.05,974
2018-04-20,18401.05,18800.0,18401.0,18684.75,524
2018-04-23,18613.5,19050.0,18600.1,18875.9,996
2018-04-24,18801.05,19442.2,18801.05,19066.05,555
2018-04-25,19147.0,19290.0,18825.0,19164.5,391
2018-04-26,19299.95,19300.0,18867.0,19041.65,2493
2018-04-27,19279.95,19279.95,18835.8,19057.5,3126
2018-04-30,19199.0,19199.95,18850.0,18922.0,218
2018-05-02,18899.95,19092.3,18851.0,18903.3,179
2018-05-03,19249.6,19249.6,18557.0,18822.4,743
2018-05-04,18750.05,18794.9,18451.0,18591.15,670
2018-05-07,18883.35,18980.0,18510.0,18698.2,360
2018-05-08,18511.05,18930.0,18501.0,18789.05,506
2018-05-09,18789.05,18964.5,18516.0,18607.15,966
2018-05-10,18511.2,18780.05,18265.15,18606.05,693
2018-05-11,18877.85,18877.85,18400.0,18506.15,1440
2018-05-14,18600.0,18950.05,18600.0,18864.6,611
2018-05-15,18999.75,19100.0,18515.0,18835.45,448
2018-05-16,18899.0,18899.0,18635.0,18790.5,688
2018-05-17,18710.05,18850.45,18411.0,18706.4,765
2018-05-18,18587.5,18974.95,18510.0,18845.9,873
2018-05-21,18657.0,18800.0,18413.0,18543.9,406
2018-05-22,18490.7,18608.9,18345.2,18501.55,632
2018-05-23,18456.65,18784.0,18300.0,18434.05,193
2018-05-24,18690.95,18690.95,18200.0,18316.55,544
2018-05-25,18122.6,18500.0,18105.2,18479.05,295
2018-05-28,18500.0,18599.0,18313.95,18484.5,452
2018-05-29,18300.05,18594.95,18220.65,18469.95,829
2018-05-30,18459.95,18500.0,18320.05,18493.5,423
2018-05-31,18598.0,18745.0,18345.0,18456.4,1494
2018-06-01,18557.95,18570.0,18306.0,18553.1,514
2018-06-04,18558.0,18558.0,18330.65,18488.65,573
2018-06-05,18400.05,18493.95,18201.0,18368.3,599
2018-06-06,18255.2,18500.0,18151.0,18484.85,935
2018-06-07,18410.05,18487.45,18210.0,18326.3,1010
2018-06-08,18443.55,18445.0,18296.05,18413.7,350
2018-06-11,18440.95,18440.95,18055.0,18312.55,1218
2018-06-12,18225.0,18500.05,18201.0,18478.75,3252
2018-06-13,18698.9,18698.9,18410.1,18588.3,704
2018-06-14,18499.95,18589.95,18105.0,18297.6,692
2018-06-15,18240.0,18449.95,18200.0,18408.55,577
2018-06-18,18325.15,18497.0,18255.0,18435.4,752
2018-06-19,18265.05,18547.95,18227.2,18487.15,676
2018-06-20,18366.05,18599.0,18366.0,18528.85,523
2018-06-21,18600.0,18699.95,18419.35,18554.0,435
2018-06-22,18280.65,18830.0,18280.0,18697.2,443
2018-06-25,18900.0,18900.0,18370.0,18472.25,513
2018-06-26,18491.05,18500.0,18202.0,18292.95,20769
2018-06-27,18320.0,18499.0,18200.05,18287.1,4596
2018-06-28,18249.95,18399.0,18200.0,18240.5,4409
2018-06-29,18493.95,18493.95,18307.1,18347.85,25253
2018-07-02,18492.95,18492.95,18301.0,18398.35,25486
2018-07-03,18392.8,18436.8,18299.95,18345.0,559
2018-07-04,18344.95,18400.0,18302.0,18377.85,426
2018-07-05,18403.55,18410.0,18266.0,18357.75,339
2018-07-06,18449.95,18449.95,18331.15,18399.2,554
2018-07-09,18438.0,18500.0,18250.0,18380.7,695
2018-07-10,18400.05,18580.0,18301.0,18457.65,829
2018-07-11,18464.95,20400.0,18452.4,18796.5,4388
2018-07-12,18794.95,19018.3,18699.4,18731.25,558
2018-07-13,19000.0,19000.0,18300.0,18471.5,1005
2018-07-16,18536.55,18770.65,18325.0,18611.55,628
2018-07-17,18600.0,18818.65,18375.05,18723.15,472
2018-07-18,18999.95,19050.0,18700.0,18724.8,322
2018-07-19,18550.0,18895.0,18515.05,18732.55,530
2018-07-20,18700.05,19480.0,18515.0,19172.4,998
2018-07-23,19365.0,20600.0,19296.25,19976.7,4398
2018-07-24,20000.0,20128.15,19751.05,19898.6,1363
2018-07-25,19516.0,20000.1,19516.0,19802.85,1024
2018-07-26,19802.9,19951.8,19505.0,19586.0,172
2018-07-27,19677.0,19677.0,19311.4,19415.6,333
2018-07-30,19465.0,19588.95,19400.0,19579.25,438
2018-07-31,19675.0,19805.85,19601.05,19717.7,190
2018-08-01,19799.9,19799.9,19420.0,19568.95,243
2018-08-02,19569.0,20000.0,19500.0,19774.1,289
2018-08-03,19942.3,20997.9,19912.35,20754.1,1927
2018-08-06,20999.95,21133.0,20021.0,20954.25,1223
2018-08-07,22222.0,23196.85,21657.0,21771.45,6867
2018-08-08,22100.0,22185.0,21405.05,21573.6,1068
2018-08-09,21790.0,21849.0,21220.0,21651.75,1103
2018-08-10,21505.8,22099.0,21505.8,21971.2,23101
2018-08-13,22199.95,22781.0,21801.0,22350.05,14027
2018-08-14,22132.05,22675.0,22132.0,22426.4,1863
2018-08-16,22625.0,22625.0,21902.0,22301.65,1352
2018-08-17,22150.05,22597.0,22130.05,22290.4,1335
2018-08-20,22420.0,24242.0,22170.05,22988.35,3861
2018-08-21,22998.35,23000.0,22601.05,22748.5,773
2018-08-23,23099.95,23099.95,22400.0,22595.05,1198
2018-08-24,22675.05,22675.05,21850.0,21936.65,1683
2018-08-27,22112.1,22280.75,21900.0,21993.5,547
2018-08-28,22100.0,22300.0,21710.05,21853.5,1802
2018-08-29,21853.5,22199.9,21267.0,21523.6,730
2018-08-30,21520.0,21990.0,21420.0,21846.65,427
2018-08-31,21847.0,22687.95,21847.0,22461.25,745
2018-09-03,22650.0,23399.05,21600.0,22946.7,2274
2018-09-04,22900.0,22963.2,22110.8,22316.25,667
2018-09-05,22499.95,22499.95,21800.3,21950.4,616
2018-09-06,21951.45,22000.0,21327.05,21630.8,739
2018-09-07,21600.05,21945.0,21350.0,21577.6,2019
2018-09-10,21650.05,22482.15,21551.05,22266.7,1592
2018-09-11,22370.0,22500.0,21950.0,22344.6,597
2018-09-12,22000.0,22500.0,21741.0,22369.75,964
2018-09-14,22499.0,22550.0,21938.05,21987.45,789
2018-09-17,22163.3,22163.3,21700.05,22041.3,463
2018-09-18,22075.0,22490.0,22000.0,22065.2,429
2018-09-19,22310.95,22310.95,21752.5,21924.95,351
2018-09-21,22000.05,22069.75,19800.05,21726.9,1808
2018-09-24,21500.05,21965.45,21275.0,21396.6,518
2018-09-25,21505.0,21505.0,20697.0,20907.4,1186
2018-09-26,20900.0,21877.95,20900.0,21593.4,982
2018-09-27,21821.95,21822.0,21259.05,21335.35,310
2018-09-28,21750.0,21750.0,20700.0,20803.2,619
2018-10-01,20803.2,20803.2,19812.15,20420.3,1240
2018-10-03,21137.1,21137.1,19600.0,19661.05,1282
2018-10-04,19790.0,19790.0,18960.0,19064.55,940
2018-10-05,19060.0,19100.0,18550.0,18692.8,607
2018-10-08,18899.0,18899.0,18096.25,18165.4,622
2018-10-09,18600.0,18600.0,18000.0,18079.75,435
2018-10-10,18449.95,19288.7,18100.0,19079.2,585
2018-10-11,18500.6,19000.0,18400.0,18746.75,474
2018-10-12,19000.0,19364.0,18425.0,19182.9,1033
2018-10-15,19490.0,19710.0,19025.0,19441.35,347
2018-10-16,19355.0,19946.0,19355.0,19884.1,290
2018-10-17,19989.0,20185.15,19000.0,19202.9,681
2018-10-19,19000.05,19450.0,18798.6,18960.85,3153
2018-10-22,19296.35,19299.0,18905.0,19045.1,794
2018-10-23,19157.35,19186.8,18400.2,18525.95,491
2018-10-24,18450.05,18994.9,18450.05,18571.5,329
2018-10-25,18600.0,18999.0,18251.4,18725.5,1805
2018-10-26,18769.55,19369.95,18600.0,18868.25,253
2018-10-29,18903.2,19400.0,18806.25,19322.3,300
2018-10-30,19474.95,19500.05,19200.05,19447.65,386
2018-10-31,19690.0,19895.0,19300.0,19822.9,339
2018-11-01,20200.0,20974.95,20197.2,20393.3,1278
2018-11-02,20500.0,20999.9,20025.0,20339.55,1624
2018-11-05,20600.0,20723.3,20100.5,20356.5,694
2018-11-06,20497.0,20690.0,20303.0,20408.75,729
2018-11-07,20650.0,20699.9,20309.0,20542.75,183
2018-11-09,20542.75,20666.9,20368.65,20431.7,272
2018-11-12,20502.0,20730.0,20433.05,20596.3,324
2018-11-13,20400.0,20725.95,20350.05,20667.55,603
2018-11-14,20596.0,20700.0,20499.95,20572.8,352
2018-11-15,20700.05,21975.0,20700.05,21200.9,1884
2018-11-16,21298.0,21798.0,21205.25,21466.0,630
2018-11-19,21637.75,21637.75,21137.75,21528.8,562
2018-11-20,21600.0,21617.1,21347.05,21406.65,199
2018-11-21,21400.0,21498.0,21145.85,21242.2,237
2018-11-22,21370.0,21580.0,21205.0,21272.35,296
2018-11-26,21499.95,21499.95,21101.0,21303.65,443
2018-11-27,21303.65,21336.2,21150.65,21242.05,178
2018-11-28,21387.2,21420.0,21190.15,21225.75,1115
2018-11-29,21498.25,21600.0,21200.0,21547.85,492
2018-11-30,21511.35,22277.0,21511.3,22178.35,1277
2018-12-03,22178.4,22905.0,22178.4,22810.55,1222
2018-12-04,22900.05,23567.0,22900.05,23412.6,1835
2018-12-05,23400.55,23401.0,23072.95,23154.7,1100
2018-12-06,23154.05,23154.05,22350.0,22683.75,1005
2018-12-07,22611.3,23012.05,22499.95,22731.55,689
2018-12-10,22799.0,22800.0,22362.7,22728.85,885
2018-12-11,22151.0,22800.0,22081.0,22783.3,1184
2018-12-12,22791.0,22900.05,22499.95,22719.35,1241
2018-12-13,22675.1,23300.0,22651.05,23094.65,1184
2018-12-14,23094.65,23319.95,22910.0,23273.8,1251
2018-12-17,23257.0,23300.35,23000.0,23284.35,1034
2018-12-18,23155.0,23300.0,22750.0,22857.35,860
2018-12-19,23177.15,23180.0,22700.0,22852.65,5902
2018-12-20,22729.9,22988.9,22652.05,22787.9,242
2018-12-21,22709.75,22905.05,21968.9,22126.95,735
2018-12-24,21969.25,22397.95,21560.0,21695.0,542
2018-12-26,21700.0,21700.0,21200.75,21497.8,817
2018-12-27,21860.0,21860.0,21350.0,21376.65,434
2018-12-28,21679.7,22000.0,21179.9,21879.45,1131
2019-01-01,21988.1,22080.2,21801.0,21885.8,153
2019-01-02,21601.4,22230.75,21601.4,21689.9,608
2019-01-03,21689.9,21920.0,21650.0,21739.0,200
2019-01-04,21718.9,21790.05,21564.05,21608.8,402
2019-01-07,21699.95,21749.95,21550.0,21660.95,270
2019-01-08,21649.95,22098.8,21500.0,21849.15,484
2019-01-09,21801.2,22199.95,21800.75,22010.85,768
2019-01-10,22150.0,22150.0,21852.1,21938.2,1052
2019-01-11,21890.8,22000.0,21813.2,21873.2,537
2019-01-14,21751.1,21810.5,21409.8,21728.0,629
2019-01-15,21802.05,22000.0,21663.2,21986.0,431
2019-01-16,21914.7,22005.4,21511.5,21819.55,1074
2019-01-17,22070.0,22175.0,21599.95,21937.05,2644
2019-01-18,22000.0,22150.0,21850.0,22040.2,863
2019-01-21,22200.0,22200.0,22004.95,22165.1,396
2019-01-22,21670.0,22189.9,21670.0,22115.55,495
2019-01-23,22150.0,22199.0,21909.75,22154.2,357
2019-01-24,22230.0,22230.0,21647.9,21797.9,1186
2019-01-25,21874.35,21990.0,21650.0,21932.1,489
2019-01-28,21900.0,21900.0,21500.0,21548.3,704
2019-01-29,21215.0,21500.0,21121.0,21217.4,568
2019-01-30,21200.05,21780.0,20655.15,21280.15,736
2019-01-31,21280.15,21497.9,21100.0,21391.4,630
2019-02-01,21170.0,21807.0,21170.0,21695.35,466
2019-02-04,21556.0,22100.0,20611.25,21341.7,1227
2019-02-05,21512.45,21900.0,20816.05,21515.1,1116
2019-02-06,21214.75,21477.0,21005.0,21115.35,6524
2019-02-07,21011.05,21745.95,21011.0,21600.2,640
2019-02-08,21377.0,21890.0,21359.7,21689.0,540
2019-02-11,21255.25,21650.0,21255.25,21569.9,340
2019-02-12,21599.95,21600.0,21138.55,21541.7,467
2019-02-13,21575.0,21638.75,21333.0,21502.4,2820
2019-02-14,21499.95,21679.0,21399.95,21543.7,882
2019-02-15,21328.0,21573.45,21229.4,21499.45,570
2019-02-18,21400.8,21575.0,21400.75,21494.0,497
2019-02-19,21515.45,21625.0,21400.0,21466.15,642
2019-02-20,21465.95,21550.0,21300.0,21373.5,837
2019-02-21,21399.95,21545.0,21301.05,21502.65,380
2019-02-22,21599.95,21975.0,21097.5,21539.25,1375
2019-02-25,21599.95,21810.0,21560.15,21711.45,1011
2019-02-26,21600.0,21699.95,21307.5,21598.0,359
2019-02-27,21699.95,21788.0,21500.0,21757.25,782
2019-02-28,21740.05,21800.0,21501.0,21603.65,438
2019-03-01,21603.65,22094.0,21603.65,21934.0,7924
2019-03-05,22100.0,22277.0,21990.0,22191.6,1267
2019-03-06,22224.95,22249.0,21807.0,21996.35,431
2019-03-07,22196.45,22196.65,21193.9,21975.25,1013
2019-03-08,21750.0,22150.15,21750.0,21998.8,866
2019-03-11,22150.0,22200.0,21924.75,22000.05,1345
2019-03-12,22010.0,22770.0,22010.0,22710.65,1710
2019-03-13,22710.7,22935.0,22400.0,22494.4,1219
2019-03-14,22400.0,22600.0,22107.1,22298.8,846
2019-03-15,22289.65,22689.0,22001.0,22104.15,1001
2019-03-18,22104.15,22330.05,22011.0,22112.7,627
2019-03-19,22065.0,22199.95,21910.05,22099.5,778
2019-03-20,22399.95,22399.95,22022.0,22110.3,799
2019-03-22,22199.95,22200.0,21700.0,21877.45,725
2019-03-25,21900.0,22380.0,21505.55,22013.15,669
2019-03-26,22010.0,22250.0,21899.95,22057.45,2499
2019-03-27,22000.05,22539.0,21924.95,22414.75,1642
2019-03-28,22385.25,22590.0,22126.55,22393.5,4237
2019-03-29,22303.75,22440.0,22150.0,22331.65,1173
2019-04-01,22251.0,22414.0,22041.0,22178.15,2049
2019-04-02,22179.15,22614.0,22105.0,22525.7,968
2019-04-03,22592.0,23300.0,22541.9,23072.45,1985
2019-04-04,23279.95,23300.85,22920.45,23243.4,1140
2019-04-05,23255.0,23350.05,22957.0,23297.1,770
2019-04-08,23284.85,23395.15,23015.65,23294.15,924
2019-04-09,23295.95,23344.65,23069.2,23317.65,484
2019-04-10,23200.0,24245.0,23115.0,24119.85,2650
2019-04-11,24200.0,24200.0,23852.05,24051.15,520
2019-04-12,23910.0,24029.5,23625.1,23969.45,870
2019-04-15,24349.95,24350.0,23652.15,23852.3,1427
2019-04-16,23993.7,23993.75,23700.0,23749.75,200
2019-04-18,23864.65,23940.0,23312.15,23801.45,821
2019-04-22,23998.0,23998.0,23517.05,23742.3,388
2019-04-23,23740.6,23890.0,23600.35,23800.3,591
2019-04-24,23623.45,23800.0,23551.05,23727.5,956
2019-04-25,23786.8,23841.0,23560.0,23781.05,529
2019-04-26,23600.2,24100.05,23600.2,24038.05,368
2019-04-30,24000.0,24100.0,23712.0,24049.35,601
2019-05-02,24038.0,24038.0,23759.05,23871.75,730
2019-05-03,23946.3,24124.5,23115.05,23814.4,2902
2019-05-06,23850.0,24040.0,23321.1,23961.55,1033
2019-05-07,23556.35,24050.0,23555.95,23993.9,792
2019-05-08,23778.85,23969.95,23778.85,23896.45,133
2019-05-09,23952.75,23952.8,23639.9,23793.9,903
2019-05-10,23910.45,24050.0,23801.0,24006.9,452
2019-05-13,24000.0,24000.0,23767.15,23864.1,254
2019-05-14,23116.6,23899.95,23116.6,23656.95,1599
2019-05-15,23919.95,24048.05,23647.7,23934.8,512
2019-05-16,23934.8,23941.05,23650.0,23731.3,400
2019-05-17,23838.85,23900.0,23606.0,23798.55,607
2019-05-20,24099.0,24300.1,23849.95,24091.0,1426
2019-05-21,24206.0,24206.0,23698.1,23930.85,696
2019-05-22,23950.0,24450.0,23819.95,24142.85,905
2019-05-23,24395.0,24500.95,23715.5,23906.7,878
2019-05-24,23861.6,24443.0,23799.75,24296.55,626
2019-05-27,24600.0,27892.35,24500.0,26266.75,6129
2019-05-28,26348.1,26999.0,25780.1,26190.85,1373
2019-05-29,25789.3,26330.0,25762.0,25868.2,754
2019-05-30,26000.05,26250.0,25755.1,26005.55,914
2019-05-31,26175.0,26175.0,25605.1,25734.6,730
2019-06-03,25734.6,26790.05,25734.6,26693.6,3411
2019-06-04,26698.1,27100.0,26301.0,26407.2,1110
2019-06-06,26407.2,26500.0,25851.3,25960.9,621
2019-06-07,26099.55,26148.1,25500.0,25706.95,610
2019-06-10,25990.0,26345.0,25650.5,25846.7,727
2019-06-11,25835.05,25934.1,25535.15,25811.75,569
2019-06-12,25820.0,26134.0,25553.2,25782.45,760
2019-06-13,25979.0,25979.0,25430.55,25559.75,363
2019-06-14,25597.3,25650.0,25200.0,25400.0,602
2019-06-17,25400.2,25400.2,24700.0,24900.65,969
2019-06-18,24851.0,25120.0,24588.3,24881.4,1640
2019-06-19,24900.0,25475.0,24797.85,24898.5,2643
2019-06-20,24784.55,24980.1,24599.2,24832.7,659
2019-06-21,25466.0,25466.0,24569.2,24658.6,1438
2019-06-24,24600.0,25050.0,24000.0,24174.15,2360
2019-06-25,24100.0,24400.0,23925.0,24291.6,2107
2019-06-26,24321.0,24491.6,24291.6,24361.2,1063
2019-06-27,24553.2,24553.2,24200.0,24300.75,2836
2019-06-28,24479.85,25141.0,24126.45,24924.4,494
2019-07-01,25100.0,25450.0,24899.9,24999.6,1796
2019-07-02,24950.05,25324.6,24901.0,24918.5,465
2019-07-03,24922.05,25100.0,24761.0,24918.5,1675
2019-07-04,25000.05,25194.0,24902.1,24944.2,1377
2019-07-05,24967.4,25150.0,24405.8,24545.7,1726
2019-07-08,24500.0,24500.0,23225.55,23996.5,1362
2019-07-09,24001.55,24250.0,23400.0,23548.85,1101
2019-07-10,23574.0,23869.0,23325.55,23340.65,505
2019-07-11,23688.0,23688.0,23365.0,23458.3,566
2019-07-12,23362.0,23560.0,23325.55,23377.8,352
2019-07-15,23377.8,23450.05,22820.0,22929.4,1120
2019-07-16,22851.15,23100.0,22629.4,22999.55,1050
2019-07-17,23052.75,23052.75,22500.0,22662.9,2077
2019-07-18,22556.0,23075.0,22225.0,22438.7,4099
2019-07-19,22452.0,22699.85,22357.05,22386.75,3436
2019-07-22,22205.0,22539.7,22026.0,22378.35,744
2019-07-23,22378.4,22390.0,22100.0,22291.75,896
2019-07-24,22375.5,22589.9,22000.1,22390.55,904
2019-07-25,22600.0,22619.3,22051.0,22420.55,2158
2019-07-26,22565.0,23499.5,22220.0,23360.95,1000
2019-07-29,23400.0,23735.95,22960.15,23006.2,1410
2019-07-30,23145.0,23800.05,22821.65,22973.05,8489
2019-07-31,22973.1,23390.0,22802.1,23153.3,589
2019-08-01,23153.25,23248.0,22805.5,22974.25,422
2019-08-02,22660.05,23100.05,22660.05,22769.1,440
2019-08-05,22990.0,23150.0,22423.2,22967.1,752
2019-08-06,22767.0,23432.65,22667.0,22842.15,407
2019-08-07,22824.75,23150.0,22799.95,22961.05,41345
2019-08-08,22865.8,23095.0,22805.65,23032.9,518
2019-08-09,23149.95,23700.0,22910.25,23206.35,1827
2019-08-13,23799.95,23999.0,23101.55,23213.3,14880
2019-08-14,23499.95,23499.95,23120.05,23391.45,2717
2019-08-16,23550.0,23550.0,23060.0,23172.1,495
2019-08-19,23221.1,23360.95,23122.65,23224.45,1087
2019-08-20,23224.45,23299.0,23013.1,23198.35,998
2019-08-21,23011.0,23238.0,22925.0,22973.5,563
2019-08-22,22900.0,23167.7,22811.0,22939.6,557
2019-08-23,22700.05,23000.0,22460.0,22920.15,596
2019-08-26,23251.0,23451.0,23001.0,23286.45,2355
2019-08-27,23582.95,24567.0,23319.8,24521.1,1422
2019-08-28,24690.0,24749.95,24300.0,24681.5,461
2019-08-29,24500.35,24900.0,24482.0,24714.2,587
2019-08-30,24689.45,24998.55,24675.55,24823.15,518
2019-09-03,24998.1,25000.0,24400.1,24567.65,23413
2019-09-04,24667.0,24695.0,24405.15,24591.6,389
2019-09-05,24790.0,24997.8,24645.0,24939.9,321
2019-09-06,24712.3,25499.85,24712.3,25406.65,844
2019-09-09,25749.0,27660.0,25510.7,27466.3,2694
2019-09-11,27997.0,28239.7,26520.0,26692.15,2250
2019-09-12,26695.0,27350.0,26300.0,26893.15,881
2019-09-13,27099.95,27123.5,26693.0,27005.5,620
2019-09-16,27098.95,27995.0,26802.05,27113.15,2694
2019-09-17,27139.0,27139.0,26475.05,26562.5,682
2019-09-18,26679.0,26725.0,25500.0,25624.45,7365
2019-09-19,25679.9,25679.9,25001.3,25141.45,886
2019-09-20,25299.0,27385.0,25100.0,27229.1,2184
2019-09-23,27148.1,29495.0,27148.1,28999.2,8999
2019-09-24,28999.2,29489.9,27780.4,28069.1,1519
2019-09-25,27699.75,28230.0,27316.15,27908.55,12948
2019-09-26,28090.0,28600.0,27525.0,28068.6,1186
2019-09-27,27999.75,28700.0,27999.75,28617.1,686
2019-09-30,28900.0,28999.95,28516.15,28677.5,544
2019-10-01,28866.0,29049.9,27850.0,28130.4,1746
2019-10-03,27900.0,28289.0,27599.95,28079.5,469
2019-10-04,28250.0,28498.05,27600.0,27700.1,14766
2019-10-07,27940.0,27960.45,27442.0,27636.8,440
2019-10-09,27949.9,27949.9,27355.55,27624.1,6891
2019-10-10,27579.9,27790.0,27579.9,27696.25,4196
2019-10-11,27789.95,28930.0,27789.95,28612.35,2357
2019-10-14,28739.0,29456.0,28155.3,28650.6,12278
2019-10-15,28551.0,29069.95,28551.0,28793.8,1352
2019-10-16,28975.0,28980.0,28477.05,28564.25,676
2019-10-17,28600.0,28703.8,28313.85,28529.8,895
2019-10-18,28600.85,28899.0,28370.15,28479.15,1119
2019-10-22,28699.0,28699.0,28070.0,28221.05,3113
2019-10-23,28399.0,29010.0,28021.0,28752.2,13970
2019-10-24,28947.0,28990.0,28752.2,28934.25,1006
2019-10-25,29000.0,29299.95,28500.15,28718.55,954
2019-10-27,28889.0,29100.0,28100.0,28669.05,943
2019-10-29,28601.0,28710.05,28358.05,28408.85,2116
2019-10-30,28599.0,28599.0,28100.0,28197.45,7315
2019-10-31,28199.9,28450.0,27960.0,28082.65,664
2019-11-01,28189.6,28656.0,27962.1,28420.1,1644
2019-11-04,28484.9,28976.95,28266.0,28362.35,1248
2019-11-05,28413.2,28549.0,28100.0,28156.5,799
2019-11-06,28390.0,28499.0,28150.0,28263.25,551
2019-11-07,28140.0,28555.95,28100.0,28324.05,2963
2019-11-08,28499.95,28499.95,27305.5,27873.85,965
2019-11-11,27805.0,27985.3,27707.05,27761.85,779
2019-11-13,27764.9,27764.9,27500.0,27517.85,1424
2019-11-14,27695.0,27695.0,27125.2,27360.2,2957
2019-11-15,27399.0,27500.0,27005.0,27158.35,8761
2019-11-18,27335.0,27480.0,26840.05,27058.25,1470
2019-11-19,26990.0,27132.0,26880.0,26953.4,401
2019-11-20,27050.0,27599.95,26809.25,27509.45,2466
2019-11-21,27691.8,27900.0,27289.9,27779.2,473
2019-11-22,27898.15,28344.0,27350.65,27885.7,852
2019-11-25,28004.95,28350.0,27650.3,28138.25,466
2019-11-26,27910.1,28300.0,27910.1,28180.9,399
2019-11-27,28373.7,28373.75,28050.1,28113.45,230
2019-11-28,28339.0,28339.0,27525.05,27922.35,500
2019-11-29,27816.0,28197.65,27693.85,27768.7,3003
2019-12-02,27950.0,27950.0,27151.0,27292.3,566
2019-12-03,27152.0,27382.55,27010.05,27246.65,378
2019-12-04,27499.0,27499.0,26751.05,27290.3,1098
2019-12-05,27339.0,27339.0,26651.0,26721.9,2738
2019-12-06,26886.6,26888.0,26111.05,26238.35,3026
2019-12-09,26394.1,26398.15,25776.05,26152.3,1414
2019-12-10,26170.0,26170.0,25303.0,25456.9,7502
2019-12-11,25438.0,25438.0,25025.0,25191.7,1609
2019-12-12,25340.65,26447.95,25321.0,26225.65,1948
2019-12-13,26397.9,27799.2,25761.1,26781.7,1585
2019-12-16,26907.0,27193.75,26450.0,27106.2,660
2019-12-17,27130.0,27989.8,27107.1,27609.25,1077
2019-12-18,27678.7,27873.6,27225.05,27334.0,760
2019-12-19,27401.0,27800.0,27200.0,27592.1,753
2019-12-20,27445.2,27860.45,27367.3,27738.0,646
2019-12-23,27748.0,28027.35,26850.0,27004.25,3050
2019-12-24,26988.0,27054.7,26629.95,26766.75,732
2019-12-26,26455.0,26818.25,26455.0,26528.45,345
2019-12-27,26528.0,27100.0,26400.0,26955.45,846
2019-12-30,27045.0,27247.9,26905.0,27186.05,1804
