date,open,high,low,close,volume
2009-03-05,17.25,17.35,16.5,16.65,9088564
2009-03-06,16.7,16.7,16.25,16.45,8161821
2009-03-09,16.5,16.6,15.8,15.9,4136279
2009-03-12,16.1,16.4,15.9,16.05,4994528
2009-03-13,16.45,17.1,16.3,17.0,8916091
2009-03-16,17.4,17.95,16.85,17.75,9888931
2009-03-17,17.9,18.65,17.3,17.9,16410876
2009-03-18,18.0,18.65,17.8,17.9,8160561
2009-03-19,18.05,18.3,17.6,17.8,8022154
2009-03-20,17.6,18.0,17.55,17.8,5808430
2009-03-23,18.05,18.7,17.9,18.45,9013283
2009-03-24,18.75,19.2,18.0,18.15,14250182
2009-03-25,18.5,18.6,17.9,18.5,12339932
2009-03-26,18.75,20.0,18.65,19.6,29758964
2009-03-27,19.1,20.95,19.1,20.6,28200992
2009-03-30,20.0,20.25,18.7,18.8,17047412
2009-03-31,18.95,19.9,18.75,19.3,14223150
2009-04-01,19.45,20.75,19.0,20.45,28584928
2009-04-02,20.95,21.9,20.8,21.05,26803832
2009-04-06,21.8,22.75,21.2,22.55,34312424
2009-04-08,22.05,23.3,21.35,22.95,35061712
2009-04-09,23.45,23.85,22.55,22.65,27910640
2009-04-13,23.4,24.55,22.8,23.75,34398440
2009-04-15,23.4,25.6,22.9,25.4,42444716
2009-04-16,25.8,26.65,23.65,24.1,49496232
2009-04-17,24.75,25.35,23.45,23.9,27073960
2009-04-20,24.1,25.8,23.85,24.45,34802708
2009-04-21,23.7,25.2,23.6,24.75,26232890
2009-04-22,25.25,26.6,24.3,25.15,55830332
2009-04-23,25.45,25.75,24.05,25.5,26734588
2009-04-24,25.75,27.3,25.0,27.0,49308124
2009-04-27,27.1,27.65,25.8,26.2,32816208
2009-04-28,25.7,26.2,23.65,23.95,28405832
2009-04-29,25.0,25.3,24.1,25.15,14787271
2009-05-04,26.0,26.8,25.5,26.3,25162232
2009-05-05,26.45,29.0,25.9,28.7,49842340
2009-05-06,29.0,29.35,26.0,26.55,51938996
2009-05-07,27.0,27.6,26.65,27.2,24595520
2009-05-08,27.2,27.4,25.85,26.55,21176286
2009-05-11,26.95,27.1,25.25,25.65,18457652
2009-05-12,25.6,26.45,24.9,26.25,19995548
2009-05-13,26.45,27.45,25.45,25.9,25497240
2009-05-14,25.35,26.45,24.9,26.15,26406094
2009-05-15,26.6,27.0,25.6,25.9,19072706
2009-05-18,30.6,33.65,29.3,32.7,350874
2009-05-19,34.05,39.4,32.0,38.15,95999208
2009-05-20,38.55,42.8,37.95,42.35,60218060
2009-05-21,42.75,44.45,39.8,41.6,53994572
2009-05-22,41.8,46.4,40.2,45.6,51322140
2009-05-25,46.7,49.85,45.0,48.95,52577644
2009-05-26,49.0,49.25,43.6,44.9,53164776
2009-05-27,46.9,47.9,46.25,47.3,35614832
2009-05-28,46.25,48.15,45.6,46.5,28029738
2009-05-29,47.0,48.0,46.45,46.9,26003170
2009-06-01,47.8,48.45,46.6,47.85,25564572
2009-06-02,48.2,53.5,48.15,53.0,94216432
2009-06-03,54.05,55.75,52.0,53.7,60297648
2009-06-04,54.5,57.3,52.5,56.85,52790488
2009-06-05,57.5,57.75,53.3,53.85,42192640
2009-06-08,54.0,54.6,48.55,49.25,32968256
2009-06-09,48.5,53.9,45.6,53.25,55364160
2009-06-10,54.3,55.0,51.1,52.3,37243172
2009-06-11,51.95,53.9,49.6,53.1,48572952
2009-06-12,53.7,54.95,50.8,51.35,40077300
2009-06-15,51.5,53.45,49.85,51.5,41649416
2009-06-16,50.1,56.0,50.0,55.35,68343344
2009-06-17,56.0,56.8,50.35,51.05,59988560
2009-06-18,50.75,52.2,48.15,50.0,57468948
2009-06-19,51.25,51.25,47.0,49.45,52325552
2009-06-22,50.05,53.1,49.6,51.9,69412512
2009-06-23,50.5,53.9,49.55,53.4,58914464
2009-06-24,54.0,55.2,53.2,53.85,42629924
2009-06-25,54.8,54.9,51.55,52.15,37062792
2009-06-26,53.1,55.95,52.7,55.5,75319880
2009-06-29,56.1,57.5,54.9,55.55,57738440
2009-06-30,56.2,56.75,51.85,52.35,40523644
2009-07-01,52.9,53.65,50.95,53.25,31398232
2009-07-02,53.65,54.75,52.4,53.75,32525480
2009-07-03,53.0,55.1,52.7,54.6,30281110
2009-07-06,55.25,55.9,48.1,48.9,48402904
2009-07-07,48.5,49.35,46.65,48.35,38636308
2009-07-08,47.9,47.9,43.2,43.8,34116256
2009-07-09,44.05,44.45,41.5,42.8,29250792
2009-07-10,43.5,44.1,39.45,40.55,25868646
2009-07-13,37.1,39.5,37.1,38.0,23105276
2009-07-14,39.3,41.4,38.9,41.0,27351590
2009-07-15,42.0,45.45,41.8,45.15,38023092
2009-07-16,46.3,46.5,43.55,45.25,41964788
2009-07-17,45.95,46.15,44.75,45.65,30286560
2009-07-20,46.25,50.6,45.75,50.15,54598316
2009-07-21,50.6,51.7,49.25,49.85,55369168
2009-07-22,50.35,51.5,47.7,48.15,39178948
2009-07-23,48.0,50.3,45.0,49.5,60480152
2009-07-24,50.7,51.0,49.1,49.75,28847168
2009-07-27,50.25,53.05,49.9,52.8,52085764
2009-07-28,52.85,53.5,51.8,52.15,33614948
2009-07-29,49.1,52.4,48.7,50.7,35300116
2009-07-30,50.5,51.15,49.5,50.8,24924244
2009-07-31,51.4,52.8,50.5,51.25,33657992
2009-08-03,51.65,52.4,50.65,52.2,25478588
2009-08-04,52.5,53.3,51.3,51.95,37059872
2009-08-05,52.35,52.45,50.85,51.8,23435666
2009-08-06,51.8,52.65,49.3,49.75,26805308
2009-08-07,48.0,49.45,47.3,47.75,24241270
2009-08-10,50.0,50.0,45.8,46.95,30099118
2009-08-11,47.35,48.5,45.9,47.15,27191790
2009-08-12,47.4,47.4,45.05,46.9,30524658
2009-08-13,48.0,51.4,47.5,51.0,47379976
2009-08-14,51.35,53.5,49.7,53.1,62167536
2009-08-17,52.0,52.45,47.9,48.35,45230084
2009-08-18,57.0,57.0,47.8,51.6,53329048
2009-08-19,52.35,52.95,50.1,51.85,68122448
2009-08-20,55.8,55.8,51.35,51.65,50563420
2009-08-21,51.6,52.5,51.0,52.2,31791162
2009-08-24,54.4,54.4,52.15,52.4,30758370
2009-08-25,52.2,53.1,51.5,52.2,28065008
2009-08-26,52.0,53.3,51.45,51.7,26823930
2009-08-27,51.45,52.95,51.0,52.5,35496068
2009-08-28,53.4,55.8,52.1,55.25,57719584
2009-08-31,54.85,56.9,53.5,56.4,61641408
2009-09-01,56.5,57.4,52.9,53.25,53134544
2009-09-02,52.95,54.35,52.15,53.85,38740796
2009-09-03,55.0,55.0,52.4,52.7,31259680
2009-09-04,53.2,59.1,52.1,58.65,108347736
2009-09-07,59.45,60.5,58.1,59.2,82858208
2009-09-08,59.6,60.1,57.15,57.65,47147248
2009-09-09,58.7,61.15,57.35,59.4,93103600
2009-09-10,60.4,60.9,57.5,57.9,49514880
2009-09-11,58.0,59.2,56.45,58.85,54961444
2009-09-14,58.5,58.75,57.4,57.85,36320188
2009-09-15,59.7,59.7,58.05,59.15,35063156
2009-09-16,60.2,61.8,59.1,59.75,48104948
2009-09-17,60.4,60.4,57.6,58.05,36936772
2009-09-18,57.95,59.25,57.6,58.1,31331204
2009-09-22,58.8,58.8,57.0,57.65,29211138
2009-09-23,58.4,58.7,56.55,56.8,29057428
2009-09-24,57.5,57.5,55.25,55.65,37203584
2009-09-25,55.0,57.1,54.65,56.35,37327308
2009-09-29,57.0,57.2,55.35,55.65,18855644
2009-09-30,55.9,56.9,55.6,56.45,26324848
2009-10-01,57.0,57.1,55.55,55.8,24916270
2009-10-05,55.25,55.45,53.5,53.7,20908122
2009-10-06,55.1,55.1,52.0,54.0,25299056
2009-10-07,54.2,55.2,53.05,53.55,23283552
2009-10-08,53.35,53.9,52.65,53.4,19614496
2009-10-09,53.95,54.4,52.7,52.95,17267252
2009-10-12,53.8,54.3,52.8,54.05,14871607
2009-10-14,54.55,54.7,53.6,53.85,12938360
2009-10-15,54.5,56.4,53.85,56.0,35330852
2009-10-16,56.4,56.75,55.5,56.0,23026672
2009-10-17,56.95,56.95,55.4,55.7,3418532
2009-10-20,56.15,56.45,55.25,55.6,14818331
2009-10-21,55.6,56.25,54.2,54.6,8533366
2009-10-22,54.5,55.0,52.25,52.55,13788512
2009-10-23,55.0,55.0,52.45,52.6,10265318
2009-10-26,55.0,55.0,50.3,50.95,12385150
2009-10-27,50.3,50.4,46.8,47.25,20303252
2009-10-28,46.9,48.2,45.25,47.0,24774268
2009-10-29,46.0,46.65,44.65,45.0,22317064
2009-10-30,45.0,46.95,43.7,44.2,20165848
2009-11-03,44.75,44.75,41.0,41.4,20486596
2009-11-04,42.9,44.1,41.25,43.9,23087132
2009-11-05,43.8,50.75,43.35,49.95,77715312
2009-11-06,51.7,52.8,50.6,51.2,54156464
2009-11-09,51.75,52.15,50.35,51.6,30926520
2009-11-10,52.25,52.75,51.0,51.25,25627160
2009-11-11,52.85,52.85,51.0,52.35,19910452
2009-11-12,52.35,52.35,50.1,50.7,18153480
2009-11-13,46.95,51.85,46.95,50.6,22221762
2009-11-16,51.25,51.6,50.35,50.9,14805040
2009-11-17,50.9,51.15,49.5,50.15,12190432
2009-11-18,50.25,51.95,49.9,51.35,20899556
2009-11-19,51.55,51.6,49.15,49.45,15310613
2009-11-20,49.75,50.85,48.55,50.65,15519004
2009-11-23,50.95,50.95,49.75,49.9,9884234
2009-11-24,50.2,50.4,49.1,49.55,8975032
2009-11-25,51.4,51.4,49.35,49.6,9783875
2009-11-26,49.9,51.75,48.85,50.55,40879896
2009-11-27,50.0,51.1,42.2,50.8,38077916
2009-11-30,51.45,54.0,50.8,52.85,47497352
2009-12-01,53.9,53.9,52.85,53.35,16672615
2009-12-02,53.85,55.65,53.3,54.5,35297652
2009-12-03,55.4,55.4,53.45,53.8,19317536
2009-12-04,54.0,55.2,53.35,54.05,24282184
2009-12-07,54.35,54.65,53.05,53.3,15616036
2009-12-08,53.5,57.4,52.85,56.95,59116256
2009-12-09,55.9,57.4,55.5,56.05,33751856
2009-12-10,56.65,57.1,55.55,56.45,22934072
2009-12-11,57.2,57.2,54.7,55.05,21226862
2009-12-14,55.0,55.35,53.35,54.0,19345880
2009-12-15,54.1,54.3,50.8,51.1,28161762
2009-12-16,51.1,51.9,49.75,50.95,42841976
2009-12-17,50.6,52.5,50.1,51.6,37541088
2009-12-18,51.5,52.45,50.65,50.85,17669460
2009-12-21,51.5,51.6,49.6,50.25,17939212
2009-12-22,50.4,52.0,50.3,51.65,23524388
2009-12-23,52.25,52.8,51.8,52.3,14646515
2009-12-24,52.5,55.65,52.45,54.85,41494288
2009-12-29,55.7,55.7,53.85,54.2,12843753
2009-12-30,54.4,54.8,53.85,54.05,10015701
2009-12-31,57.3,57.3,54.15,54.4,20409102
2010-01-04,55.15,57.55,54.55,57.3,37004008
2010-01-05,59.7,59.7,57.45,58.0,38004300
2010-01-06,60.3,60.3,57.1,57.5,26310880
2010-01-07,60.25,60.25,57.35,58.9,31681750
2010-01-08,59.4,59.95,56.9,57.65,42519000
2010-01-11,57.3,57.95,56.0,56.25,27543144
2010-01-12,56.25,56.8,53.8,54.1,28589528
2010-01-13,54.0,55.0,52.15,54.85,21274010
2010-01-14,55.45,55.7,54.15,54.35,16124284
2010-01-15,54.6,55.3,54.0,54.3,11908244
2010-01-18,53.9,55.2,53.85,54.4,10552110
2010-01-19,54.6,55.2,53.55,53.75,12336911
2010-01-20,54.4,54.4,53.45,53.7,10080074
2010-01-21,53.85,53.85,51.95,52.25,13535153
2010-01-22,51.8,52.85,50.3,52.0,22470444
2010-01-25,52.5,52.5,50.5,50.85,7706933
2010-01-27,51.25,51.25,47.8,48.2,16222635
2010-01-28,48.55,50.5,47.1,47.35,27034806
2010-01-29,47.45,52.15,45.6,51.7,45308224
2010-02-01,51.8,52.4,50.5,51.45,22193480
2010-02-02,53.25,54.1,51.4,51.8,34960180
2010-02-03,51.6,52.9,51.5,51.95,19123368
2010-02-04,51.4,52.65,49.3,49.65,22290266
2010-02-05,49.5,50.6,47.05,49.95,44269320
2010-02-06,50.0,51.25,49.95,50.95,5836345
2010-02-08,53.3,53.3,50.05,51.3,30933582
2010-02-09,51.7,51.7,50.55,50.9,13076210
2010-02-10,51.4,51.7,50.15,50.3,11173213
2010-02-11,50.5,51.35,50.5,50.75,11156980
2010-02-15,51.0,51.4,50.05,50.35,7944794
2010-02-16,50.6,50.95,49.75,50.75,7915366
2010-02-17,53.0,53.0,50.5,50.85,8553779
2010-02-18,51.35,51.45,50.45,50.65,8204556
2010-02-19,50.65,50.65,48.8,49.35,11669795
2010-02-22,50.0,50.25,48.55,48.75,7505816
2010-02-23,48.65,49.5,48.15,48.45,8397044
2010-02-24,48.6,48.8,47.75,48.25,7683035
2010-02-25,48.5,48.55,47.2,47.4,17897080
2010-02-26,47.5,52.25,47.5,51.45,54910652
2010-03-02,56.0,56.0,51.7,52.2,22076432
2010-03-03,52.3,53.6,52.25,52.9,18493154
2010-03-04,52.9,54.75,52.4,53.95,20992320
2010-03-05,58.35,58.35,54.05,54.25,22965024
2010-03-08,55.0,55.25,53.4,53.75,11851252
2010-03-09,54.0,54.0,52.45,52.6,9710262
2010-03-10,52.75,53.05,51.45,52.15,11699348
2010-03-11,54.9,54.9,51.65,52.45,15115877
2010-03-12,54.9,54.9,51.95,52.1,12314651
2010-03-15,52.35,52.35,51.2,51.35,8349049
2010-03-16,51.7,52.2,51.15,52.05,11239949
2010-03-17,52.25,52.65,51.2,51.4,10628193
2010-03-18,51.5,51.85,50.7,51.0,8898412
2010-03-19,51.15,51.9,51.0,51.2,7536820
2010-03-22,51.0,51.0,49.8,50.1,8161790
2010-03-23,50.2,50.5,49.25,49.45,12748984
2010-03-25,49.6,50.7,49.15,49.45,24086648
2010-03-26,50.0,52.25,49.65,51.8,28602260
2010-03-29,52.0,52.35,50.7,50.95,13183977
2010-03-30,51.35,51.75,50.0,50.25,11869217
2010-03-31,50.5,50.65,49.65,49.85,9052148
2010-04-01,50.05,51.2,50.05,50.9,7540701
2010-04-05,51.0,51.5,50.5,51.3,7111430
2010-04-06,51.7,52.05,51.0,51.6,12135070
2010-04-07,51.75,52.35,51.15,51.65,10285249
2010-04-08,51.7,53.5,51.3,53.25,30013764
2010-04-09,54.0,54.0,52.9,53.55,21285904
2010-04-12,53.75,53.8,52.45,52.95,11902745
2010-04-13,53.2,53.5,52.6,52.75,9841955
2010-04-15,53.15,53.3,51.25,51.45,8733489
2010-04-16,51.45,52.5,50.75,51.45,10226445
2010-04-19,51.3,51.3,49.7,50.15,11118857
2010-04-20,50.6,51.5,50.3,50.9,9348035
2010-04-21,51.05,51.5,50.7,51.2,8705431
2010-04-22,51.2,51.7,50.5,50.85,10679934
2010-04-23,51.0,51.3,50.4,50.55,7863861
2010-04-26,53.7,53.7,50.65,51.1,9342921
2010-04-27,52.35,52.35,50.75,50.85,5987778
2010-04-28,50.4,50.45,49.1,49.25,7761401
2010-04-29,49.9,52.15,49.5,51.5,25601022
2010-04-30,52.35,53.4,51.9,53.05,25547512
2010-05-03,52.7,53.4,51.5,51.85,15426324
2010-05-04,52.2,52.4,50.15,50.35,8782372
2010-05-05,49.0,52.3,49.0,52.0,16999880
2010-05-06,51.9,52.65,50.2,50.95,17936688
2010-05-07,49.95,50.5,48.8,49.6,14872131
2010-05-10,50.5,52.3,50.2,51.85,15842933
2010-05-11,51.75,53.2,51.4,52.65,33830488
2010-05-12,52.7,53.5,51.3,52.55,24116988
2010-05-13,52.7,53.5,52.25,53.0,18434300
2010-05-14,52.95,53.6,51.1,51.4,17880916
2010-05-17,51.0,52.2,50.2,51.95,13279330
2010-05-18,51.8,53.5,51.15,51.3,8148231
2010-05-19,50.8,52.8,49.6,50.0,12383960
2010-05-20,50.5,51.15,49.85,50.1,12617289
2010-05-21,49.0,52.3,48.7,51.9,25570184
2010-05-24,52.1,52.6,50.65,50.9,11229058
2010-05-25,50.7,51.35,49.65,50.0,10836959
2010-05-26,50.5,50.95,50.15,50.8,7544841
2010-05-27,50.85,51.4,50.45,51.1,11141835
2010-05-28,51.95,52.8,51.1,52.45,15063187
2010-05-31,53.7,54.8,52.35,54.55,35093492
2010-06-01,54.75,55.35,52.8,53.05,28783298
2010-06-02,53.0,54.1,52.2,53.8,18559754
2010-06-03,54.5,55.1,53.85,54.5,20726020
2010-06-04,54.4,54.75,53.8,54.3,9811975
2010-06-07,53.5,53.5,52.5,52.95,9948401
2010-06-08,53.0,53.75,51.6,51.75,10936011
2010-06-09,52.0,53.45,51.85,52.7,11528804
2010-06-10,53.85,55.45,53.2,55.05,28756264
2010-06-11,55.25,55.7,54.15,54.35,15013014
2010-06-14,56.0,56.0,54.15,54.75,10490696
2010-06-15,55.0,56.35,54.4,55.9,27289236
2010-06-16,55.95,56.45,54.0,54.2,12085550
2010-06-17,54.0,54.95,53.7,54.45,7873577
2010-06-18,54.4,54.95,53.4,53.95,7618092
2010-06-21,54.5,55.75,54.35,54.9,13827088
2010-06-22,54.7,56.35,54.65,54.8,18570448
2010-06-23,54.8,55.5,54.4,54.95,9332460
2010-06-24,55.3,55.7,53.9,54.3,19801792
2010-06-25,54.5,55.25,52.65,53.15,13865044
2010-06-28,53.5,54.15,53.05,53.85,9693666
2010-06-29,53.95,54.45,52.9,53.35,12507404
2010-06-30,52.9,57.2,52.9,56.95,45552104
2010-07-01,56.95,58.25,55.85,57.8,39633012
2010-07-02,58.85,58.85,56.4,56.75,21721454
2010-07-05,56.3,57.6,56.1,56.9,10889911
2010-07-06,56.9,58.1,56.75,57.5,20687434
2010-07-07,57.5,58.9,56.8,57.8,29955354
2010-07-08,58.5,59.5,57.4,57.65,19258796
2010-07-09,58.0,58.35,57.1,58.1,12756419
2010-07-12,58.3,59.1,58.0,58.3,16369714
2010-07-13,62.5,62.5,58.05,58.9,18147896
2010-07-14,59.0,60.05,58.25,58.45,24205908
2010-07-15,58.2,58.75,57.5,57.9,12123281
2010-07-16,61.5,61.5,57.1,60.85,36425656
2010-07-19,60.9,61.9,59.5,59.85,32779482
2010-07-20,60.5,61.2,59.4,59.9,35344236
2010-07-21,60.7,61.1,60.0,60.9,17052074
2010-07-22,60.15,62.75,60.15,62.1,37263340
2010-07-23,62.0,63.15,58.55,59.45,47160996
2010-07-26,59.9,62.15,59.5,61.7,36209784
2010-07-27,62.0,62.7,60.55,61.0,29017728
2010-07-28,61.1,61.7,60.2,60.55,12661030
2010-07-29,60.9,64.1,60.45,63.75,49581320
2010-07-30,64.5,64.5,62.05,62.4,27245564
2010-08-02,63.0,63.85,62.6,63.2,14389032
2010-08-03,63.5,63.9,61.75,62.1,15704564
2010-08-04,62.6,63.0,61.4,62.45,17247064
2010-08-05,63.0,63.4,62.25,62.45,12846699
2010-08-06,62.5,64.25,58.5,58.95,54821752
2010-08-09,59.0,60.3,58.3,59.75,20365162
2010-08-10,60.2,60.35,57.1,57.85,34752536
2010-08-11,57.7,60.7,57.5,58.9,46314272
2010-08-12,58.95,60.1,58.1,59.2,16725915
2010-08-13,59.8,61.4,59.25,61.0,24128736
2010-08-16,61.2,61.9,60.05,61.0,19655808
2010-08-17,61.5,62.75,61.35,62.1,24952800
2010-08-18,62.7,62.7,61.05,62.35,15842405
2010-08-19,62.6,62.6,61.5,61.95,9942608
2010-08-20,61.8,62.95,61.5,62.15,13509335
2010-08-23,62.6,62.85,61.95,62.15,7593980
2010-08-24,62.45,62.45,61.0,61.5,7509305
2010-08-25,61.5,61.8,60.1,60.45,8681277
2010-08-26,60.95,60.95,59.7,59.95,9309900
2010-08-27,60.25,60.65,58.3,58.55,11244114
2010-08-30,59.1,59.75,58.0,59.05,8531725
2010-08-31,58.75,59.45,58.05,58.75,9658718
2010-09-01,58.95,59.6,58.8,59.3,6411843
2010-09-02,60.0,60.85,59.9,60.45,8755772
2010-09-03,60.95,61.4,60.35,60.8,9892735
2010-09-06,60.75,61.4,60.1,60.3,6278328
2010-09-07,60.9,61.7,60.1,60.4,12125549
2010-09-08,60.5,61.05,59.6,60.4,8542878
2010-09-09,60.9,61.25,59.85,60.4,9123180
2010-09-13,60.6,61.1,59.85,60.15,7656893
2010-09-14,60.2,60.65,58.4,58.9,13611503
2010-09-15,59.0,60.7,58.75,60.2,12662838
2010-09-16,60.2,60.6,59.05,59.25,8398494
2010-09-17,63.4,63.4,59.0,61.1,17121764
2010-09-20,61.45,62.45,61.15,62.0,18523810
2010-09-21,62.5,63.7,60.75,63.05,36792560
2010-09-22,64.0,64.0,61.4,62.1,22012800
2010-09-23,62.25,62.45,61.15,61.6,12094477
2010-09-24,61.5,63.15,61.5,62.2,15865327
2010-09-27,63.0,63.65,62.05,62.3,16573862
2010-09-28,62.5,63.25,61.65,62.2,15222914
2010-09-29,62.25,62.9,61.8,62.0,9330817
2010-09-30,62.45,62.45,60.85,61.05,10347488
2010-10-01,62.0,66.85,61.4,66.45,63718152
2010-10-04,66.8,69.05,66.2,68.0,44764480
2010-10-05,55.0,69.05,55.0,67.65,16725318
2010-10-06,68.8,68.9,67.7,68.0,18698400
2010-10-07,68.2,73.1,68.1,69.5,75299552
2010-10-08,69.8,73.9,69.7,73.15,69117616
2010-10-11,74.05,75.1,73.5,74.05,33205836
2010-10-12,74.05,75.8,73.25,75.5,45650092
2010-10-13,75.85,76.85,74.55,76.1,25606996
2010-10-14,76.6,76.7,72.1,72.5,23389672
2010-10-15,73.0,74.65,71.5,72.2,18896608
2010-10-18,72.5,73.55,70.75,72.65,16967228
2010-10-19,73.1,73.35,70.25,70.7,10244723
2010-10-20,70.2,72.8,70.2,70.85,16242422
2010-10-21,71.4,74.25,71.0,73.95,16349163
2010-10-22,74.25,74.8,73.15,73.65,13226537
2010-10-25,74.4,74.4,73.0,73.65,8691233
2010-10-26,73.75,74.2,72.75,73.1,8498346
2010-10-27,73.1,75.15,72.8,74.15,18381426
2010-10-28,75.15,75.5,71.0,71.65,14416387
2010-10-29,72.6,72.6,67.9,69.15,18282364
2010-11-01,70.0,72.2,69.6,71.85,12743852
2010-11-02,71.95,73.8,71.1,72.95,14791623
2010-11-03,72.85,74.05,71.6,72.1,10821495
2010-11-04,73.0,74.3,72.5,74.05,12112276
2010-11-05,74.8,75.4,74.15,74.35,3565003
2010-11-08,74.8,77.75,73.5,77.35,29890584
2010-11-09,77.9,79.3,76.2,78.25,32625356
2010-11-10,78.7,79.9,76.75,79.35,18974704
2010-11-11,79.95,80.5,77.2,77.7,18429020
2010-11-12,77.45,79.25,75.75,76.35,26001050
2010-11-15,76.8,77.1,73.1,75.65,18212408
2010-11-16,75.9,76.55,72.05,72.45,22327300
2010-11-18,73.3,74.0,68.2,70.35,35569588
2010-11-19,70.95,71.4,66.5,67.65,22915792
2010-11-22,68.2,69.8,67.95,69.5,12958706
2010-11-23,68.55,68.85,64.6,67.3,19124596
2010-11-24,66.0,69.8,66.0,67.0,16475137
2010-11-25,66.9,68.2,62.85,63.45,27112464
2010-11-26,64.0,64.45,51.45,56.6,52492196
2010-11-29,56.7,60.85,54.0,60.45,32560632
2010-11-30,61.0,62.0,58.6,61.1,22448916
2010-12-01,61.8,63.95,61.0,63.7,15780502
2010-12-02,64.5,65.3,63.65,64.1,12475299
2010-12-03,64.5,65.85,63.1,63.85,20286552
2010-12-06,64.8,65.65,63.55,64.05,11439223
2010-12-07,63.75,64.4,61.35,61.9,13398190
2010-12-08,61.5,61.8,58.5,58.95,17207376
2010-12-09,59.8,59.9,54.3,54.9,22138940
2010-12-10,55.0,58.15,54.0,57.8,20490066
2010-12-13,58.2,60.9,57.2,60.7,20357496
2010-12-14,60.5,62.45,60.5,61.95,15731368
2010-12-15,61.95,61.95,58.1,59.0,14748367
2010-12-16,59.25,60.05,57.65,59.6,17345196
2010-12-20,59.5,62.85,59.0,62.25,26976548
2010-12-21,62.55,64.0,62.5,63.7,14822532
2010-12-22,70.0,70.0,63.8,65.3,24631988
2010-12-23,65.5,65.8,64.25,64.7,14073968
2010-12-24,64.7,65.7,62.6,64.75,10053388
2010-12-27,65.0,65.0,63.5,63.7,5169313
2010-12-28,64.2,64.2,63.0,63.25,4849805
2010-12-29,63.25,64.05,63.2,63.55,5884352
2010-12-30,63.55,65.5,63.55,65.15,9371130
2011-01-03,68.0,68.5,66.6,66.85,10246230
2011-01-04,66.5,67.45,65.8,66.2,9290711
2011-01-05,66.2,66.45,63.95,64.3,9555488
2011-01-06,64.9,64.9,62.3,62.65,10428776
2011-01-07,62.95,62.95,59.4,59.6,21978880
2011-01-10,60.45,60.65,57.75,58.1,20263544
2011-01-11,58.45,59.15,56.5,57.4,12178486
2011-01-12,57.95,60.7,56.9,60.4,20171518
2011-01-13,60.5,61.15,58.2,58.7,16276787
2011-01-14,58.5,60.2,57.5,57.8,14718727
2011-01-17,57.3,58.3,55.4,55.85,15398238
2011-01-18,56.15,57.3,56.0,57.0,10928289
2011-01-19,57.3,57.7,47.45,56.85,10082191
2011-01-20,56.5,59.0,56.05,58.7,16900332
2011-01-21,59.15,59.8,58.6,58.9,10233270
2011-01-24,60.0,60.0,58.25,58.85,8074991
2011-01-25,59.1,59.25,57.75,57.85,8449466
2011-01-27,59.0,59.0,54.85,55.3,12351998
2011-01-28,55.15,55.6,52.25,53.5,16950712
2011-01-31,53.0,54.25,52.1,53.1,19969540
2011-02-01,53.8,53.8,51.1,51.4,11900934
2011-02-02,52.2,52.6,50.3,51.15,11062443
2011-02-03,51.1,53.0,50.45,52.8,12847075
2011-02-04,53.0,53.95,52.05,52.3,16079884
2011-02-07,53.0,54.75,52.15,54.0,13143770
2011-02-08,54.5,54.5,50.15,50.45,22817932
2011-02-09,50.05,51.4,47.25,48.15,20955022
2011-02-10,48.9,49.7,47.5,48.35,15092921
2011-02-11,48.7,50.65,47.75,50.15,15809561
2011-02-14,50.95,51.9,50.35,51.6,10474398
2011-02-15,51.95,52.95,50.0,51.9,15830780
2011-02-16,51.6,52.45,51.4,52.1,10620093
2011-02-17,54.7,54.7,51.7,53.25,10434755
2011-02-18,54.0,54.0,50.65,51.3,16473678
2011-02-21,47.0,51.95,47.0,51.7,10708874
2011-02-22,51.45,52.45,50.65,51.65,12907410
2011-02-23,51.95,52.15,51.0,51.2,6485392
2011-02-24,51.7,51.7,48.2,48.5,21573590
2011-02-25,49.1,50.8,47.9,50.3,16614181
2011-02-28,50.9,52.65,49.75,50.0,20808790
2011-03-01,51.2,52.9,50.25,52.55,16173807
2011-03-03,52.75,52.75,50.8,51.4,15727599
2011-03-04,51.9,52.85,51.35,52.1,15861899
2011-03-07,52.35,52.35,50.55,51.7,13042437
2011-03-08,52.0,54.7,51.55,54.4,25992180
2011-03-09,54.95,55.5,53.4,54.3,20638004
2011-03-10,54.0,54.3,53.3,53.8,8734587
2011-03-11,53.1,54.15,51.85,52.65,9997461
2011-03-14,52.7,53.85,52.45,53.7,8164917
2011-03-15,52.5,53.1,51.25,52.05,9901511
2011-03-16,52.8,53.95,52.5,53.4,11072439
2011-03-17,53.45,53.85,52.6,52.95,7775263
2011-03-18,53.45,53.45,51.7,51.85,8488887
2011-03-21,52.0,52.35,51.05,51.3,8850304
2011-03-22,52.2,52.2,51.35,51.65,10122270
2011-03-23,51.85,53.2,51.5,53.0,11154017
2011-03-24,53.0,53.5,52.55,53.25,6633454
2011-03-25,53.5,54.1,53.15,53.8,7526903
2011-03-28,54.1,56.0,53.5,55.2,20404432
2011-03-29,55.5,55.75,53.5,53.75,16880094
2011-03-30,54.2,54.65,53.6,53.9,11849445
2011-03-31,54.0,54.35,52.05,52.6,17971264
2011-04-01,53.4,55.25,52.6,55.05,15870118
2011-04-04,55.4,55.9,54.5,55.35,12429682
2011-04-05,55.35,56.95,54.6,56.6,18431536
2011-04-06,56.9,57.45,55.85,56.65,16581562
2011-04-07,56.65,57.8,56.6,57.0,11447319
2011-04-08,57.4,57.4,54.9,55.4,12143331
2011-04-11,55.4,55.4,54.2,54.4,7038611
2011-04-13,53.8,55.9,53.8,55.75,8730329
2011-04-15,55.7,56.9,55.55,56.3,12802518
2011-04-18,56.8,57.1,53.6,53.9,20368140
2011-04-19,56.3,56.3,52.55,53.4,18632360
2011-04-20,56.3,56.3,53.3,53.95,10057792
2011-04-21,56.3,56.3,53.4,53.9,7305775
2011-04-25,55.95,55.95,53.5,53.7,5559320
2011-04-26,53.5,53.7,52.75,53.2,6140822
2011-04-27,53.7,53.8,52.75,52.9,7032869
2011-04-28,53.5,53.5,52.05,52.55,9651980
2011-04-29,53.0,53.0,51.65,51.95,6887547
2011-05-02,52.45,52.45,51.1,51.25,4980123
2011-05-03,51.6,52.25,49.75,50.0,11567714
2011-05-04,50.3,50.7,48.75,50.3,11820059
2011-05-05,50.6,50.9,48.8,49.1,10506062
2011-05-06,49.1,50.05,48.3,49.6,10053595
2011-05-09,49.65,50.1,49.1,49.25,6567847
2011-05-10,49.7,49.85,49.0,49.3,5021054
2011-05-11,49.5,50.15,49.4,49.75,4314698
2011-05-12,49.7,50.2,49.05,49.15,5562631
2011-05-13,48.5,50.4,48.5,49.8,8052741
2011-05-16,49.75,49.75,49.0,49.15,3379892
2011-05-17,49.25,49.4,48.35,48.85,3552256
2011-05-18,49.25,49.25,48.05,48.15,4041243
2011-05-19,48.5,48.5,47.5,47.7,3952398
2011-05-20,47.75,48.25,46.5,47.95,3229945
2011-05-23,48.0,48.0,45.75,46.1,5122941
2011-05-24,46.8,46.8,45.2,45.4,6378786
2011-05-25,45.3,45.45,44.7,44.95,4493437
2011-05-26,45.1,45.15,44.25,44.55,8012933
2011-05-27,45.0,46.45,44.65,46.3,6971823
2011-05-30,46.55,47.45,46.5,47.25,5198135
2011-05-31,47.5,48.5,47.2,48.3,6437280
2011-06-01,48.6,48.95,48.1,48.55,5875384
2011-06-02,48.0,48.0,46.9,47.15,4463975
2011-06-03,47.15,47.85,46.6,46.9,3861412
2011-06-06,46.9,47.45,46.35,47.2,3853245
2011-06-07,47.2,48.0,47.0,47.65,4817330
2011-06-08,47.4,48.65,47.1,48.4,9039657
2011-06-09,48.6,49.25,48.05,48.25,8906446
2011-06-10,48.5,48.75,47.2,47.85,5066717
2011-06-13,48.0,48.4,47.1,47.7,4779587
2011-06-14,47.65,49.3,47.65,49.05,12839633
2011-06-15,49.5,49.6,48.2,48.45,8348046
2011-06-16,48.2,48.45,47.6,47.8,6956304
2011-06-17,48.25,48.3,47.15,47.45,5060898
2011-06-20,47.5,47.85,42.6,44.1,11865544
2011-06-21,44.7,44.75,43.55,43.8,6451860
2011-06-22,44.0,44.3,43.1,43.35,6476107
2011-06-23,43.2,43.4,42.5,43.05,4899793
2011-06-24,43.5,44.5,43.35,44.3,6304418
2011-06-27,44.3,45.15,43.7,44.8,6142150
2011-06-28,45.05,45.4,44.05,44.35,10795157
2011-06-29,44.8,45.15,44.4,44.95,7353143
2011-06-30,45.15,46.0,44.7,45.8,7446592
2011-07-01,46.2,48.4,46.05,48.15,16365929
2011-07-04,48.5,48.9,47.65,48.65,10175470
2011-07-05,48.75,48.9,47.55,47.8,8057458
2011-07-06,47.8,48.45,47.65,47.9,5027891
2011-07-07,48.5,49.0,47.8,48.75,6920817
2011-07-08,49.35,49.35,46.95,47.2,6933433
2011-07-11,47.1,47.9,46.6,47.1,4996072
2011-07-12,46.8,46.9,45.15,45.8,6222983
2011-07-13,45.95,46.75,45.9,46.45,3110112
2011-07-14,46.3,47.85,46.2,47.1,6469949
2011-07-15,47.5,47.7,46.8,47.1,4754857
2011-07-18,47.25,47.8,46.95,47.2,3269536
2011-07-19,47.1,47.7,47.0,47.4,4741836
2011-07-20,47.6,47.8,46.4,46.5,4768706
2011-07-21,46.5,46.9,46.05,46.2,3036293
2011-07-22,46.5,47.0,46.4,46.85,3319843
2011-07-25,46.75,46.95,46.15,46.65,4209511
2011-07-26,47.5,48.2,45.9,46.25,6184547
2011-07-27,46.4,46.55,45.7,45.9,4014832
2011-07-28,45.85,46.55,45.3,45.8,9126536
2011-07-29,46.0,46.55,44.85,45.1,5921345
2011-08-01,45.5,46.25,44.6,45.7,6702727
2011-08-02,45.65,45.65,44.8,45.2,3691811
2011-08-03,45.0,46.0,44.35,45.9,4704489
2011-08-04,46.4,46.4,44.9,45.1,4891951
2011-08-05,42.0,44.0,41.25,42.55,9042408
2011-08-08,41.5,42.75,40.05,41.0,8150871
2011-08-09,39.1,41.15,38.95,39.75,8912123
2011-08-10,41.25,41.6,40.55,41.0,7307862
2011-08-11,41.0,42.0,40.45,41.25,6223155
2011-08-12,42.25,42.25,41.1,41.4,4983731
2011-08-16,41.95,42.65,39.75,40.0,7423425
2011-08-17,41.25,41.6,39.7,40.25,7969634
2011-08-18,40.65,40.8,37.65,38.15,9998773
2011-08-19,37.0,38.1,36.35,37.4,8368897
2011-08-22,37.4,39.15,37.0,38.85,6197177
2011-08-23,39.1,39.8,38.65,39.15,7296116
2011-08-24,39.4,40.15,38.6,38.85,7427871
2011-08-25,39.3,39.35,37.45,37.75,8813460
2011-08-26,38.1,38.1,34.9,35.05,8893860
2011-08-29,36.0,40.1,35.4,39.0,22440884
2011-08-30,39.6,40.25,37.45,37.7,26359612
2011-09-02,38.1,38.1,36.65,37.1,12230415
2011-09-05,36.25,37.3,35.65,36.15,13130094
2011-09-06,35.8,36.3,34.35,35.45,19472516
2011-09-07,35.9,37.5,35.55,36.5,18942540
2011-09-08,36.05,37.45,36.0,36.85,11694240
2011-09-09,36.95,38.4,36.65,37.0,22845000
2011-09-12,36.85,36.85,35.1,35.3,10640725
2011-09-13,35.45,36.1,34.5,34.9,13399207
2011-09-14,35.0,35.25,34.35,34.85,13365891
2011-09-15,35.15,35.55,34.65,35.3,14002433
2011-09-16,37.2,37.2,34.7,34.85,15033125
2011-09-19,34.1,35.1,34.1,34.7,6564451
2011-09-20,34.9,35.55,34.65,35.25,11200480
2011-09-21,35.15,35.55,34.45,34.7,9925279
2011-09-22,34.2,34.4,33.0,33.3,11070358
2011-09-23,33.2,33.2,31.95,32.1,10635098
2011-09-26,32.25,32.45,30.0,30.65,13686212
2011-09-27,31.0,32.55,30.9,32.2,12101377
2011-09-28,32.2,32.75,30.9,31.15,8258173
2011-09-29,30.9,31.65,30.4,31.4,11491640
2011-09-30,31.6,31.8,30.5,30.7,9059284
2011-10-03,30.75,30.75,29.2,29.55,7469583
2011-10-04,29.3,30.75,28.2,28.9,14762450
2011-10-05,29.1,29.6,28.35,28.5,9133595
2011-10-07,29.2,29.9,29.0,29.25,7499612
2011-10-10,29.5,30.65,29.1,30.45,8890035
2011-10-11,30.8,31.4,30.0,30.35,9325611
2011-10-12,30.05,31.55,30.05,31.3,9314164
2011-10-13,31.4,32.0,31.15,31.3,10233671
2011-10-14,31.3,31.9,30.85,31.75,8837861
2011-10-17,31.9,32.3,31.5,31.7,6900199
2011-10-18,31.1,31.25,30.15,30.7,6652539
2011-10-19,31.25,31.75,30.9,31.55,4685605
2011-10-20,31.15,31.4,30.55,31.0,5125222
2011-10-21,37.2,37.2,30.05,30.2,5169749
2011-10-24,30.6,30.9,29.75,29.85,4549241
2011-10-25,29.85,31.0,29.4,30.55,11405897
2011-10-26,31.0,31.3,30.8,31.0,3559043
2011-10-28,31.8,32.75,31.5,32.4,12769893
2011-10-31,32.4,33.3,32.0,32.95,10393415
2011-11-01,29.85,33.0,29.85,31.7,7471177
2011-11-02,31.5,32.55,31.15,32.0,9520156
2011-11-03,31.95,32.3,31.55,32.05,5758320
2011-11-04,32.3,32.7,31.85,32.2,5260277
2011-11-08,32.45,32.5,31.5,32.0,4815737
2011-11-09,32.3,32.3,30.95,31.1,5414242
2011-11-11,31.05,31.05,30.25,30.5,5364860
2011-11-14,30.9,31.2,28.7,29.0,8326636
2011-11-15,28.9,29.25,27.6,27.85,7041817
2011-11-16,27.7,28.1,26.5,26.75,11468083
2011-11-17,26.75,27.0,25.1,25.35,8591230
2011-11-18,25.0,25.2,22.75,23.25,21585648
2011-11-21,23.0,23.3,21.35,21.55,15633818
2011-11-22,21.55,22.7,21.5,22.25,13287959
2011-11-23,22.3,22.3,21.0,21.45,14417510
2011-11-24,22.0,25.45,20.75,24.3,41272080
2011-11-25,23.45,23.75,22.55,22.75,17108004
2011-11-28,23.4,24.05,23.1,23.9,11373965
2011-11-29,23.2,24.45,23.2,23.4,11901856
2011-11-30,23.15,23.75,22.8,23.05,13157399
2011-12-01,23.55,24.5,23.2,23.6,11406386
2011-12-02,23.15,24.4,23.1,24.25,12027454
2011-12-05,24.5,25.7,23.75,25.2,23785606
2011-12-07,25.3,26.2,25.25,25.7,16849560
2011-12-08,25.7,25.75,24.15,24.4,14210194
2011-12-09,24.75,24.9,23.55,24.25,13358305
2011-12-12,24.95,24.95,22.3,22.5,16374458
2011-12-13,22.0,22.95,21.85,22.7,10362997
2011-12-14,22.95,22.95,21.65,21.9,14138622
2011-12-15,21.7,21.8,21.0,21.55,11434531
2011-12-16,21.9,22.25,20.65,20.85,13339611
2011-12-19,20.7,20.75,19.9,20.4,10093614
2011-12-20,20.5,20.75,19.65,19.8,10978232
2011-12-21,20.5,20.85,20.0,20.7,11346825
2011-12-22,20.4,21.5,19.85,21.2,11781754
2011-12-23,21.5,22.45,21.3,22.0,15125853
2011-12-26,22.0,23.75,22.0,23.55,16421482
2011-12-27,23.7,24.0,22.85,23.8,18658492
2011-12-28,23.7,25.45,23.25,25.35,27096962
2011-12-29,25.2,27.2,22.5,23.65,78771920
2011-12-30,23.4,23.45,21.6,21.85,30754576
2012-01-02,22.0,22.6,20.1,22.4,63313968
2012-01-03,22.75,23.3,22.2,23.1,23006448
2012-01-04,23.1,23.35,22.45,22.8,21889600
2012-01-05,23.0,23.5,22.55,23.1,16992104
2012-01-06,23.0,23.35,22.15,22.95,19196484
2012-01-07,23.05,23.15,22.9,23.05,1751833
2012-01-09,23.2,23.75,22.6,23.5,17522092
2012-01-10,23.6,24.25,23.05,24.1,16987622
2012-01-11,24.5,25.0,24.05,24.6,16361984
2012-01-12,24.3,25.15,24.25,24.65,19277416
2012-01-13,24.85,25.65,24.8,25.15,16361490
2012-01-16,25.0,25.75,24.4,25.6,15543552
2012-01-17,25.8,26.25,25.6,25.75,16982804
2012-01-18,25.9,26.4,25.15,25.3,18183682
2012-01-19,25.6,26.15,25.4,25.75,15967748
2012-01-20,25.5,25.9,24.2,25.3,27359928
2012-01-23,24.95,26.4,24.9,26.2,20967268
2012-01-24,26.5,27.25,26.2,26.95,33229496
2012-01-25,27.05,27.55,26.85,27.35,20399802
2012-01-27,27.5,28.45,27.25,28.15,20324508
2012-01-30,28.0,28.7,27.55,27.7,27866308
2012-01-31,28.0,28.9,27.55,28.7,13780505
2012-02-01,28.9,31.45,28.5,31.1,37120692
2012-02-02,30.55,32.2,29.95,30.5,27751592
2012-02-03,30.55,30.95,30.2,30.55,9971031
2012-02-06,30.75,32.45,30.75,31.9,16951052
2012-02-07,32.25,32.65,31.45,31.65,18629984
2012-02-08,31.75,35.1,31.5,34.65,41247112
2012-02-09,34.5,36.4,34.1,36.15,26618404
2012-02-10,36.2,39.3,35.9,38.9,55082896
2012-02-13,37.45,41.2,37.45,40.85,50568084
2012-02-14,41.4,42.0,40.25,40.6,30614564
2012-02-15,41.0,42.3,40.8,42.0,26445758
2012-02-16,42.0,47.2,41.55,46.85,58996280
2012-02-17,46.5,47.85,45.6,46.3,36235192
2012-02-21,46.0,49.4,45.5,47.5,26145068
2012-02-22,47.8,48.45,45.05,45.35,23155568
2012-02-23,45.0,45.7,41.55,43.5,33302520
2012-02-24,43.2,44.35,42.1,43.0,16885972
2012-02-27,42.55,43.2,39.0,39.65,34242528
2012-02-28,36.0,44.8,36.0,44.5,34691432
2012-02-29,45.0,45.9,42.6,43.8,33488148
2012-03-01,43.6,46.25,42.5,45.55,50274420
2012-03-02,45.85,46.25,44.3,44.9,17581106
2012-03-03,45.0,45.4,44.65,45.0,1757413
2012-03-05,44.8,45.0,43.05,43.45,14352674
2012-03-06,43.25,45.95,41.8,42.15,29819164
2012-03-07,42.0,43.6,40.7,43.0,24533150
2012-03-09,43.5,44.9,43.5,44.5,16800760
2012-03-12,45.0,45.5,44.0,44.7,11308408
2012-03-13,45.0,45.5,44.85,45.1,9579892
2012-03-14,45.5,46.85,45.0,46.0,16929266
2012-03-15,46.0,46.15,43.3,43.75,15052842
2012-03-16,43.7,44.7,41.5,42.1,16819428
2012-03-19,42.4,43.25,40.3,41.0,13714623
2012-03-20,41.0,42.65,40.7,41.9,12204459
2012-03-21,41.6,44.0,41.55,43.55,10888602
2012-03-22,43.25,44.2,40.75,41.15,16325920
2012-03-23,41.5,42.95,41.3,42.15,11037171
2012-03-26,42.5,42.5,40.55,40.85,11331115
2012-03-27,41.5,41.9,39.7,40.8,16829086
2012-03-28,40.2,40.85,39.5,39.65,10039511
2012-03-29,39.3,40.05,38.9,39.55,24087442
2012-03-30,39.95,42.15,39.85,41.9,16553850
2012-04-02,42.05,42.75,41.6,42.25,7339624
2012-04-03,42.5,43.1,41.7,41.85,6231105
2012-04-04,41.45,42.4,40.95,41.7,5547571
2012-04-09,42.0,43.0,41.05,41.35,9723291
2012-04-10,41.5,41.7,39.55,41.2,10407055
2012-04-11,41.0,42.35,40.5,41.5,11341346
2012-04-12,41.6,42.6,41.6,42.1,7787873
2012-04-13,42.2,42.8,40.5,40.7,9210645
2012-04-16,41.55,42.0,40.1,41.7,8017994
2012-04-17,41.95,42.5,41.05,42.05,13058647
2012-04-18,42.45,43.05,41.5,41.75,12890181
2012-04-19,42.0,43.05,41.65,42.6,13468159
2012-04-20,42.5,43.9,42.15,42.95,19571172
2012-04-23,42.8,43.5,40.75,41.0,11599458
2012-04-24,41.4,41.65,40.3,41.35,8708053
2012-04-25,41.75,41.85,40.1,40.7,12971552
2012-04-26,41.0,41.3,40.35,40.75,13055527
2012-04-27,41.0,42.1,40.0,40.75,11620006
2012-04-28,41.1,41.4,40.7,41.15,664810
2012-04-30,41.3,41.95,40.55,41.2,6965316
2012-05-02,41.0,41.85,40.65,40.85,4675057
2012-05-03,42.0,42.0,40.2,40.4,6126839
2012-05-04,40.1,40.5,38.0,38.6,10804825
2012-05-07,38.05,40.1,36.9,39.75,12039182
2012-05-08,40.05,40.1,37.2,37.75,11076947
2012-05-09,37.4,38.15,36.45,36.85,8949564
2012-05-10,36.9,37.8,35.65,36.15,8775014
2012-05-11,35.75,36.2,34.7,35.5,9521162
2012-05-14,35.55,35.85,33.6,33.95,8920901
2012-05-15,33.85,35.6,33.5,35.4,9254637
2012-05-16,35.0,35.0,33.5,34.5,10999292
2012-05-17,34.6,35.4,33.4,33.85,8699947
2012-05-18,33.25,34.8,33.05,34.6,9192672
2012-05-21,35.0,35.55,34.4,34.75,7376982
2012-05-22,35.0,35.5,33.6,33.85,10519701
2012-05-23,33.75,33.75,32.9,33.45,7467478
2012-05-24,34.0,35.0,33.05,34.75,9220980
2012-05-25,34.8,35.45,34.2,35.2,9720301
2012-05-28,34.9,35.7,34.7,35.55,5661513
2012-05-29,35.65,35.65,34.9,35.15,4586335
2012-05-30,32.25,35.0,32.25,34.35,4204671
2012-05-31,34.0,34.9,33.8,34.4,13112718
2012-06-01,34.55,35.3,33.5,33.7,7088403
2012-06-04,33.35,34.05,32.9,33.85,5298908
2012-06-05,33.95,34.25,33.35,33.65,4971606
2012-06-06,34.0,35.7,33.8,35.4,7809469
2012-06-07,35.5,36.55,35.0,36.2,10335325
2012-06-08,36.0,36.8,35.15,36.5,9852837
2012-06-11,36.5,38.45,36.05,36.45,13088061
2012-06-12,36.0,38.2,35.95,37.85,11581590
2012-06-13,37.95,38.65,37.4,37.8,10860815
2012-06-14,31.2,38.25,31.2,36.65,9479102
2012-06-15,31.05,42.4,31.05,37.25,9464438
2012-06-18,37.9,38.1,35.4,35.85,9314090
2012-06-19,35.25,36.3,34.75,36.05,9088592
2012-06-20,36.2,36.7,35.75,36.5,5604905
2012-06-21,35.6,37.6,35.6,37.45,7892194
2012-06-22,36.3,38.1,36.3,37.7,9786027
2012-06-25,37.75,38.8,37.35,37.55,8367101
2012-06-26,37.5,38.2,37.25,37.7,5233923
2012-06-27,37.95,38.2,37.25,37.55,5264704
2012-06-28,37.8,38.35,37.15,38.1,7725446
2012-06-29,38.95,40.5,38.45,40.25,10955798
2012-07-02,40.1,41.45,39.8,40.7,9952184
2012-07-03,41.0,41.55,40.5,40.9,8517324
2012-07-04,40.7,41.25,40.5,40.85,6926183
2012-07-05,40.0,40.75,39.75,40.05,10473448
2012-07-06,40.25,41.65,39.8,41.25,16700317
2012-07-09,41.35,41.75,40.25,41.05,13380930
2012-07-10,41.3,42.45,41.0,42.3,11514395
2012-07-11,42.5,42.8,41.95,42.1,13941525
2012-07-12,41.55,41.75,40.65,41.25,8818193
2012-07-13,41.2,41.75,40.6,40.9,6353512
2012-07-16,41.0,41.25,40.05,40.2,6945710
2012-07-17,40.5,40.7,38.75,39.1,8157950
2012-07-18,39.15,40.35,38.3,40.0,7439637
2012-07-19,40.0,40.55,39.8,40.15,7257143
2012-07-20,40.05,40.1,39.55,39.75,3527226
2012-07-23,39.55,39.55,38.0,38.2,4436595
2012-07-24,38.35,38.5,37.25,37.65,7269844
2012-07-25,37.35,37.7,36.9,37.2,5619031
2012-07-26,37.35,37.4,34.25,35.15,12661130
2012-07-27,35.5,36.35,33.75,34.05,11286621
2012-07-30,34.4,36.3,34.2,36.1,7932725
2012-07-31,36.05,36.5,34.4,35.4,9622388
2012-08-01,35.5,36.8,35.2,36.6,8349835
2012-08-02,36.55,36.7,36.05,36.4,3941602
2012-08-03,36.3,36.55,35.4,36.2,6156866
2012-08-06,36.5,37.25,36.5,36.75,6612860
2012-08-07,36.95,37.5,36.75,37.1,5406365
2012-08-08,37.1,37.5,36.05,36.3,6366621
2012-08-09,36.4,36.8,35.85,36.2,6932756
2012-08-10,36.25,36.25,34.9,35.2,6211496
2012-08-13,35.05,35.9,35.0,35.75,4930110
2012-08-14,35.7,36.5,35.45,36.05,4545179
2012-08-16,36.1,36.5,35.3,35.5,5260747
2012-08-17,35.65,36.05,34.6,35.05,7800817
2012-08-21,35.25,35.95,34.9,35.75,4784522
2012-08-22,35.7,36.0,35.05,35.2,5283374
2012-08-23,35.6,35.8,34.45,34.95,7645462
2012-08-24,34.0,35.6,28.95,29.3,80407696
2012-08-27,29.5,29.5,27.5,27.6,31598786
2012-08-28,27.35,28.4,26.9,27.8,29320172
2012-08-29,27.9,28.25,26.95,27.35,13822155
2012-08-30,27.25,27.5,26.25,27.2,18140900
2012-08-31,26.95,27.2,25.25,25.6,20399776
2012-09-03,25.8,26.25,24.55,24.85,18091376
2012-09-04,25.0,25.15,24.0,25.05,23159184
2012-09-05,24.95,25.45,24.55,25.2,26534696
2012-09-06,25.25,25.7,24.8,25.0,14800848
2012-09-07,25.5,25.75,25.25,25.55,12216796
2012-09-08,25.7,25.7,25.5,25.6,740878
2012-09-10,25.5,25.65,24.95,25.4,11489658
2012-09-11,25.2,26.05,24.95,25.8,9733590
2012-09-12,26.25,26.9,26.1,26.65,17388664
2012-09-13,26.75,26.75,26.0,26.2,8794783
2012-09-14,26.85,27.2,26.4,26.95,11468129
2012-09-17,27.25,28.55,27.1,28.3,18186684
2012-09-18,28.45,33.1,28.2,32.05,64787032
2012-09-20,31.75,31.75,30.55,30.95,18015028
2012-09-21,31.0,32.85,31.0,32.5,23832852
2012-09-24,32.0,33.7,32.0,32.8,19455612
2012-09-25,33.2,33.8,31.35,32.1,14670675
2012-09-26,32.5,32.5,26.1,30.25,28365022
2012-09-27,30.6,31.4,30.15,31.0,14645717
2012-09-28,31.1,31.8,30.7,31.0,12298257
2012-10-01,31.35,32.0,30.85,31.15,8698377
2012-10-03,31.35,31.65,30.5,30.85,8606862
2012-10-04,30.7,31.9,28.9,29.6,28456688
2012-10-05,30.25,30.5,29.3,29.9,16685259
2012-10-08,30.35,31.3,29.8,31.0,18132880
2012-10-09,31.1,31.55,30.25,30.55,10711977
2012-10-10,30.45,30.6,29.7,29.85,7341292
2012-10-11,29.95,30.8,29.25,30.6,8048395
2012-10-12,30.85,31.05,30.05,30.2,6917648
2012-10-15,30.2,30.75,30.05,30.45,5081821
2012-10-16,30.6,31.0,29.8,29.9,6947586
2012-10-17,30.3,30.55,29.65,30.0,7784283
2012-10-18,30.1,30.65,29.8,30.45,6584699
2012-10-19,30.4,30.9,29.7,29.95,8350478
2012-10-22,29.6,29.9,29.2,29.7,4498214
2012-10-23,29.45,29.9,29.2,29.3,4270544
2012-10-25,29.3,29.6,28.9,29.0,5913020
2012-10-26,28.9,29.5,28.65,28.9,5055225
2012-10-29,29.3,29.3,28.0,28.4,4403219
2012-10-30,28.45,28.75,26.7,26.95,10852378
2012-10-31,26.85,27.95,26.6,27.75,9216911
2012-11-01,27.85,28.4,27.6,28.25,4976174
2012-11-02,28.4,28.9,28.3,28.65,4555973
2012-11-05,28.65,28.85,28.2,28.45,3460542
2012-11-06,28.2,28.7,28.05,28.45,3819613
2012-11-07,28.5,29.9,28.35,29.55,10585758
2012-11-08,29.4,30.65,28.9,30.3,14543505
2012-11-09,30.45,30.6,29.3,29.5,8847466
2012-11-12,29.65,30.1,29.3,29.8,6012212
2012-11-13,29.8,30.15,29.7,29.85,1764052
2012-11-15,29.7,30.7,28.8,30.2,10953669
2012-11-16,30.3,30.55,28.9,29.2,7854132
2012-11-19,29.1,29.55,28.6,28.9,5212459
2012-11-20,29.2,29.3,27.7,27.95,8282574
2012-11-21,27.95,28.65,27.8,28.25,6444703
2012-11-22,29.7,29.7,28.1,28.4,6836979
2012-11-23,28.6,28.6,27.9,28.2,4613345
2012-11-26,28.3,28.95,28.25,28.6,5142146
2012-11-27,28.95,29.6,28.5,29.4,6833193
2012-11-29,29.2,30.5,29.0,30.2,10729728
2012-11-30,30.5,31.55,30.3,31.3,16859516
2012-12-03,31.75,32.3,31.2,31.95,16027128
2012-12-04,31.5,33.6,31.35,33.3,26662894
2012-12-05,33.5,34.1,33.05,33.8,23624392
2012-12-06,34.0,34.55,32.6,34.4,26183408
2012-12-07,34.75,35.35,34.1,34.45,20896438
2012-12-10,34.5,35.05,34.0,34.85,17007876
2012-12-11,35.05,35.6,33.8,34.2,22393348
2012-12-12,34.25,35.45,33.9,34.85,21890548
2012-12-13,35.1,35.5,33.4,33.6,18500136
2012-12-14,33.75,34.45,33.3,34.2,13588068
2012-12-17,34.2,35.3,34.0,35.15,17111416
2012-12-18,35.15,36.2,34.1,35.9,25899412
2012-12-19,37.15,37.2,35.8,35.9,24543446
2012-12-20,36.65,36.8,35.4,36.0,12546475
2012-12-21,35.5,35.5,33.2,33.9,16095841
2012-12-24,34.3,34.3,33.65,33.9,9232496
2012-12-26,34.3,34.6,33.9,34.1,5944400
2012-12-27,34.5,34.55,33.1,33.3,8766207
2012-12-28,33.5,33.6,32.75,33.15,8113569
2013-01-01,33.8,34.25,33.65,34.0,6503848
2013-01-02,34.35,34.6,33.8,33.95,7557952
2013-01-03,34.05,34.5,33.85,34.25,6770567
2013-01-04,34.2,38.45,33.85,38.15,74290048
2013-01-07,38.5,40.2,37.75,38.9,60620736
2013-01-08,38.8,40.1,38.75,39.1,40602616
2013-01-09,40.0,40.0,37.4,37.9,19853420
2013-01-10,38.5,39.9,37.55,38.05,16398750
2013-01-11,38.5,38.5,36.75,37.0,13293386
2013-01-14,37.35,39.05,36.4,38.65,18896154
2013-01-15,39.2,39.45,38.05,38.3,19407636
2013-01-16,38.45,38.55,36.75,36.95,15697497
2013-01-17,37.4,38.1,36.9,37.85,14345032
2013-01-18,38.25,38.5,37.55,37.75,13979423
2013-01-21,37.75,38.35,37.4,37.7,8995068
2013-01-22,37.7,38.25,36.45,36.65,10824528
2013-01-23,36.65,36.95,34.75,35.7,14456978
2013-01-24,36.0,36.0,33.7,34.0,16391515
2013-01-25,33.9,35.6,33.55,35.05,11053714
2013-01-28,35.1,35.65,34.5,34.9,7834257
2013-01-29,34.85,35.6,33.6,33.8,13790383
2013-01-30,33.85,34.45,32.85,33.0,9984000
2013-01-31,33.2,35.65,33.0,35.35,32386680
2013-02-01,35.4,36.0,34.2,34.55,13741131
2013-02-04,34.0,36.95,34.0,35.5,27266368
2013-02-05,35.05,35.45,34.55,35.05,11259946
2013-02-06,35.5,35.55,34.45,34.85,10718627
2013-02-07,35.0,35.4,33.75,34.25,9436677
2013-02-08,34.65,34.95,33.8,34.1,10015866
2013-02-11,33.8,34.45,33.55,34.1,8593122
2013-02-12,34.15,34.5,32.45,33.25,14873012
2013-02-13,33.35,33.5,31.7,32.0,9326182
2013-02-14,32.0,32.0,30.0,30.25,16373041
2013-02-15,30.0,30.55,29.0,30.35,14653013
2013-02-18,31.0,31.15,30.25,30.75,7819247
2013-02-19,31.0,32.65,30.8,32.5,15762454
2013-02-20,32.9,33.1,32.25,32.5,14242080
2013-02-21,32.25,33.2,31.55,32.85,17267450
2013-02-22,32.95,33.65,32.3,33.35,16559258
2013-02-25,33.6,35.15,32.8,32.95,27378852
2013-02-26,33.05,33.05,30.75,30.95,14460776
2013-02-27,31.35,32.4,30.05,32.0,21728434
2013-02-28,32.3,32.8,28.75,29.1,34224372
2013-03-01,29.0,30.0,28.8,29.35,12704167
2013-03-04,29.35,29.35,26.6,27.25,20340480
2013-03-05,27.2,29.1,26.9,28.6,19310184
2013-03-06,27.8,29.45,27.8,29.0,10839882
2013-03-07,29.0,29.2,27.65,28.3,16186246
2013-03-08,27.7,29.6,27.7,29.25,13922660
2013-03-11,27.0,29.55,27.0,28.95,10143840
2013-03-12,27.0,29.15,27.0,28.35,8737382
2013-03-13,28.3,28.3,27.5,27.65,8431597
2013-03-14,26.55,28.95,26.55,28.8,17507758
2013-03-15,28.95,30.1,28.15,29.7,21567928
2013-03-18,29.25,29.35,28.7,28.8,8908264
2013-03-19,29.2,29.2,27.45,27.65,11694331
2013-03-20,27.5,28.4,26.5,26.7,15044749
2013-03-21,26.95,27.45,25.45,25.75,18604052
2013-03-22,25.7,27.2,25.25,26.6,22233728
2013-03-25,27.5,27.5,26.3,26.5,9537417
2013-03-26,26.05,26.3,24.9,25.15,14065486
2013-03-28,25.0,26.3,24.75,26.1,18342752
2013-04-01,26.35,27.5,25.9,27.3,14173775
2013-04-02,27.0,28.45,26.9,28.2,14332478
2013-04-03,28.0,28.85,27.4,27.7,12221602
2013-04-04,27.0,28.35,26.95,27.9,15221313
2013-04-05,27.9,28.2,27.2,27.65,11477362
2013-04-08,27.7,27.85,26.65,26.8,9065981
2013-04-09,27.15,27.95,26.5,26.7,13859990
2013-04-10,26.95,27.4,26.3,27.25,11089411
2013-04-11,27.6,27.7,26.65,26.95,9999929
2013-04-12,26.8,27.65,26.3,27.5,9261594
2013-04-15,27.5,28.5,27.15,28.1,14037362
2013-04-16,28.0,29.25,28.0,29.15,12949248
2013-04-17,29.3,29.7,28.6,28.9,12527000
2013-04-18,28.7,29.6,28.5,29.5,9109932
2013-04-22,29.55,30.4,29.2,30.25,13414616
2013-04-23,30.25,30.8,29.85,30.5,14198072
2013-04-25,30.7,31.45,30.35,31.25,16110089
2013-04-26,31.2,31.45,29.85,30.05,12183805
2013-04-29,30.25,31.2,30.2,30.95,7269213
2013-04-30,31.25,31.35,29.15,29.85,13443063
2013-05-02,29.7,30.85,29.7,30.5,8152941
2013-05-03,30.6,30.9,29.5,30.0,12248530
2013-05-06,30.1,31.2,29.4,31.0,12177799
2013-05-07,31.05,31.4,30.7,31.25,8336910
2013-05-08,31.4,32.05,31.2,31.65,12240721
2013-05-09,31.25,31.5,30.6,30.8,7674797
2013-05-10,30.7,31.45,30.6,30.75,8167763
2013-05-11,30.9,30.9,30.65,30.75,524061
2013-05-13,30.75,30.9,29.5,29.65,8048693
2013-05-14,29.7,30.2,29.3,29.55,6737779
2013-05-15,29.7,30.45,28.75,29.25,12068912
2013-05-16,29.4,30.65,29.4,29.8,11604118
2013-05-17,30.0,30.45,29.7,30.2,7402265
2013-05-20,30.45,30.6,29.65,29.8,7813031
2013-05-21,30.0,30.15,29.05,29.1,11516637
2013-05-22,29.05,29.3,27.65,27.75,13822800
2013-05-23,27.5,27.65,26.55,26.75,9834780
2013-05-24,26.6,27.4,26.6,27.0,7163193
2013-05-27,27.05,27.4,26.6,27.15,7891577
2013-05-28,27.4,27.65,27.2,27.45,7537022
2013-05-29,27.45,27.55,26.55,26.85,7705350
2013-05-30,26.85,26.9,26.0,26.1,12726920
2013-05-31,26.15,26.6,25.15,25.45,8594527
2013-06-03,25.4,26.0,25.1,25.85,7985407
2013-06-04,26.0,26.35,25.45,25.65,7856828
2013-06-05,25.65,26.2,25.4,25.9,5881595
2013-06-06,25.75,26.2,25.4,25.85,7959551
2013-06-07,25.85,26.3,25.65,25.9,8413370
2013-06-10,26.0,26.2,24.6,25.0,8671476
2013-06-11,24.85,25.4,24.25,24.5,8785887
2013-06-12,24.4,24.75,21.85,23.3,27534904
2013-06-13,22.85,24.0,22.6,23.4,12416435
2013-06-14,24.0,24.45,23.55,24.15,7530925
2013-06-17,24.0,24.25,23.15,24.05,6073961
2013-06-18,24.0,24.3,23.65,24.05,6985391
2013-06-19,23.85,24.75,23.85,24.5,6375976
2013-06-20,24.25,25.15,23.55,24.6,13279081
2013-06-21,24.35,25.25,23.3,23.65,17157152
2013-06-24,23.35,23.4,22.4,22.7,8970087
2013-06-25,22.7,23.4,22.45,22.85,8045354
2013-06-26,23.0,23.25,21.4,21.7,18439548
2013-06-27,22.0,22.35,21.25,22.2,16530316
2013-06-28,23.6,26.7,23.35,26.2,37279264
2013-07-01,26.6,27.4,26.35,27.15,24839580
2013-07-02,27.0,27.0,25.75,26.05,12353041
2013-07-03,25.7,26.3,25.15,25.35,11215378
2013-07-04,25.35,25.7,24.25,25.3,15561066
2013-07-05,25.7,25.95,24.9,25.25,7459926
2013-07-08,25.0,26.35,24.6,26.1,16153641
2013-07-09,26.4,27.1,25.85,26.9,13994929
2013-07-10,27.1,27.35,26.15,26.3,10774170
2013-07-11,26.6,27.0,26.1,26.25,7194097
2013-07-12,26.25,26.45,25.7,26.2,5984811
2013-07-15,26.4,26.75,25.85,26.6,7149885
2013-07-16,26.0,26.0,25.05,25.3,8770805
2013-07-17,25.3,25.7,24.55,24.8,5097909
2013-07-18,24.8,25.65,24.7,25.35,4800150
2013-07-19,25.35,25.75,24.7,25.0,5227995
2013-07-22,24.95,25.8,24.8,25.55,5967429
2013-07-23,25.6,26.1,25.5,25.8,4941868
2013-07-24,25.5,25.5,24.75,25.0,4230426
2013-07-25,25.0,25.1,24.25,24.4,16691512
2013-07-26,24.6,24.85,23.2,23.55,6570492
2013-07-29,23.4,23.6,22.7,22.85,5046728
2013-07-30,22.9,23.3,21.55,21.8,7158570
2013-07-31,21.0,22.15,20.05,21.9,11073026
2013-08-01,22.5,22.6,20.4,21.35,8435626
2013-08-02,21.1,21.45,19.6,20.15,7694956
2013-08-05,20.0,21.05,19.45,20.7,7524104
2013-08-06,20.45,20.45,19.35,19.7,6681554
2013-08-07,19.6,21.05,19.0,20.6,9894582
2013-08-08,21.0,21.65,20.6,21.5,7899297
2013-08-12,21.9,22.2,21.05,21.5,8321828
2013-08-13,21.5,22.5,21.15,22.25,8057236
2013-08-14,22.5,22.8,21.85,22.25,5710900
2013-08-16,22.15,22.15,20.55,20.75,7126299
2013-08-19,20.75,20.8,19.1,19.5,13016534
2013-08-20,19.15,20.1,18.85,19.8,9005238
2013-08-21,20.3,20.55,19.0,19.2,11265637
2013-08-22,18.95,19.65,18.75,19.5,8137203
2013-08-23,19.7,19.9,19.3,19.8,6550777
2013-08-26,20.0,20.15,19.5,19.75,7333175
2013-08-27,19.7,19.7,18.75,18.9,9194326
2013-08-28,18.5,19.05,17.8,18.65,13053865
2013-08-29,18.65,19.3,18.4,18.7,11576860
2013-08-30,19.0,19.2,18.3,18.85,5900487
2013-09-02,19.0,19.65,18.95,19.55,6178056
2013-09-03,19.75,19.95,18.45,18.6,7661971
2013-09-04,18.5,19.45,18.5,19.3,7426288
2013-09-05,19.95,20.5,19.8,20.35,10557741
2013-09-06,20.85,21.1,20.15,20.9,9781988
2013-09-10,21.15,21.6,21.05,21.25,6875890
2013-09-11,21.35,22.5,20.8,22.3,10182616
2013-09-12,22.8,22.95,21.75,22.2,7884792
2013-09-13,22.0,22.9,21.9,22.8,6930621
2013-09-16,23.1,23.8,22.4,22.9,9546186
2013-09-17,23.0,23.4,22.75,23.0,6517509
2013-09-18,23.1,23.2,22.6,23.05,4710220
2013-09-19,23.95,24.35,23.6,23.8,10369722
2013-09-20,23.8,24.05,22.5,23.1,14651923
2013-09-23,22.5,23.05,22.05,22.15,6406480
2013-09-24,22.0,23.35,21.9,23.2,9651422
2013-09-25,23.3,23.4,22.25,22.6,8819360
2013-09-26,22.5,23.3,22.35,23.05,11743703
2013-09-27,23.0,23.1,22.1,22.3,6243532
2013-09-30,21.95,22.05,21.35,21.75,5250787
2013-10-01,21.9,22.5,21.6,22.35,6070559
2013-10-03,22.15,23.65,22.15,23.5,8833587
2013-10-04,23.05,23.6,22.8,23.2,6602701
2013-10-07,23.5,24.3,22.95,24.15,11751656
2013-10-08,24.7,24.9,23.65,23.75,9087901
2013-10-09,23.5,25.0,23.25,24.7,10043670
2013-10-10,25.0,25.0,24.15,24.55,7801975
2013-10-11,24.85,25.0,24.25,24.5,6251816
2013-10-14,24.25,25.35,24.2,24.8,7311339
2013-10-15,25.0,25.1,23.4,23.55,9073526
2013-10-17,23.7,24.1,23.1,23.3,6279992
2013-10-18,23.4,24.55,23.4,24.4,9083721
2013-10-21,24.6,24.8,24.2,24.55,5624753
2013-10-22,24.45,24.75,24.2,24.35,5142583
2013-10-23,24.5,24.9,23.4,23.85,8704103
2013-10-24,23.85,24.4,23.4,23.6,8506408
2013-10-25,23.6,23.9,23.2,23.6,5436668
2013-10-28,23.75,23.9,22.9,23.2,7067092
2013-10-29,23.2,24.05,23.0,23.95,5959999
2013-10-30,24.0,24.8,23.8,24.65,9116498
2013-10-31,23.95,24.45,23.2,24.15,14965452
2013-11-01,24.25,26.45,24.25,25.7,25015568
2013-11-03,26.0,26.0,25.6,25.65,3452611
2013-11-05,25.65,26.65,25.0,25.95,12128126
2013-11-06,25.95,26.25,25.25,25.4,9145960
2013-11-07,25.6,26.3,24.5,24.7,13980850
2013-11-08,24.5,25.4,24.3,25.05,9221258
2013-11-11,24.95,25.45,24.35,24.7,10607392
2013-11-12,24.9,25.0,24.0,24.4,11884155
2013-11-13,24.15,25.05,23.85,24.25,10821222
2013-11-14,24.9,25.0,24.3,24.55,8300805
2013-11-18,24.95,25.95,24.9,25.6,8384274
2013-11-19,25.6,25.8,25.25,25.6,6930454
2013-11-20,25.3,26.3,25.0,25.35,9917540
2013-11-21,25.15,25.2,24.2,24.4,7306056
2013-11-22,24.7,24.85,24.0,24.1,6503228
2013-11-25,24.5,25.2,24.4,25.0,5446347
2013-11-26,24.9,25.1,24.1,24.3,5579650
2013-11-27,24.3,25.0,24.25,24.85,5017561
2013-11-28,25.0,25.2,24.7,24.8,8425659
2013-11-29,25.0,25.55,24.85,25.4,7064367
2013-12-02,25.5,25.95,25.35,25.55,4936798
2013-12-03,25.5,25.9,25.35,25.75,5076003
2013-12-04,26.2,26.25,25.05,25.2,7986230
2013-12-05,25.7,25.95,25.45,25.65,4816370
2013-12-06,25.7,25.85,25.45,25.6,3897435
2013-12-09,26.25,26.25,25.35,25.6,6411481
2013-12-10,25.6,25.6,24.9,25.25,5244164
2013-12-11,25.2,25.2,24.55,24.7,4444911
2013-12-12,24.6,24.7,24.3,24.4,3505009
2013-12-13,24.05,24.35,23.85,23.95,3654524
2013-12-16,24.0,24.35,23.7,23.85,3849642
2013-12-17,24.0,24.15,23.2,23.3,4894510
2013-12-18,23.15,24.3,23.15,24.05,6361241
2013-12-19,24.1,24.25,23.35,23.55,5023211
2013-12-20,23.5,24.25,23.5,24.15,4520435
2013-12-23,24.05,24.8,24.05,24.55,5211940
2013-12-24,24.7,25.45,24.5,25.25,8766905
2013-12-26,25.25,25.95,25.15,25.7,11363964
2013-12-27,25.85,26.1,25.25,25.4,6713539
2013-12-30,25.4,25.6,25.0,25.25,5294766
2013-12-31,25.4,25.85,25.2,25.7,5326281
2014-01-01,26.0,26.3,25.75,26.05,6369848
2014-01-02,26.3,26.65,24.75,25.05,12736544
2014-01-03,25.05,25.65,24.75,25.5,7009244
2014-01-06,25.4,25.5,25.1,25.35,3473668
2014-01-07,25.45,25.65,24.7,25.1,5975894
2014-01-08,25.0,25.3,24.75,25.05,5289273
2014-01-09,25.1,25.25,24.25,24.35,5518066
2014-01-10,24.45,24.7,23.85,23.95,7068580
2014-01-13,24.0,24.35,23.6,24.05,5089001
2014-01-14,23.95,24.4,23.85,23.95,4309404
2014-01-15,24.0,24.65,23.95,24.45,4665660
2014-01-16,24.55,24.7,24.15,24.45,4015961
2014-01-17,24.35,24.55,23.7,23.85,5610430
2014-01-20,23.9,24.4,23.5,24.3,5418597
2014-01-21,24.3,24.55,24.05,24.1,4418352
2014-01-22,24.05,24.75,24.05,24.65,4798477
2014-01-23,24.6,24.75,24.2,24.35,3515676
2014-01-24,24.25,24.25,23.7,23.8,4551434
2014-01-27,23.6,23.6,22.65,22.75,7074538
2014-01-28,22.8,23.0,22.4,22.85,5901843
2014-01-29,23.0,23.15,22.25,22.4,6763139
2014-01-30,22.05,22.4,21.9,22.05,6066155
2014-01-31,22.25,22.9,22.15,22.8,4357612
2014-02-03,22.8,22.85,21.85,22.15,6557859
2014-02-04,21.9,22.7,21.65,22.55,6545217
2014-02-05,22.35,22.75,21.85,22.6,5803734
2014-02-06,22.9,23.1,22.1,22.85,8609057
2014-02-07,23.0,23.2,22.5,22.95,6551564
2014-02-10,23.1,24.05,22.55,23.6,11920973
2014-02-11,23.85,23.95,23.3,23.4,7106632
2014-02-12,23.7,23.7,22.75,23.05,6364662
2014-02-13,22.85,23.05,22.45,22.55,5422666
2014-02-14,22.6,22.9,22.3,22.65,4975096
2014-02-17,22.65,23.35,22.55,23.2,8412143
2014-02-18,23.05,23.4,22.95,23.3,4845421
2014-02-19,23.15,23.35,22.85,23.1,3809871
2014-02-20,22.9,23.05,22.6,22.7,4409491
2014-02-21,22.7,23.05,22.7,23.0,3107046
2014-02-24,22.85,23.35,22.8,23.15,6206822
2014-02-25,23.35,23.5,22.9,23.05,6533934
2014-02-26,23.15,23.3,22.75,23.2,6586268
2014-02-28,23.0,23.2,22.75,23.0,3335079
2014-03-03,23.0,23.2,22.6,22.7,3296410
2014-03-04,22.7,23.25,22.65,23.15,3609591
2014-03-05,23.25,23.35,22.6,22.95,5708374
2014-03-06,23.05,24.0,22.95,23.85,8625811
2014-03-07,23.95,24.95,23.7,24.5,10158254
2014-03-10,24.4,26.0,24.2,25.2,12251160
2014-03-11,25.3,26.25,24.75,25.6,14219593
2014-03-12,25.25,26.2,25.2,25.6,8966979
2014-03-13,25.5,26.1,24.55,24.7,9010746
2014-03-14,24.65,25.0,24.05,24.85,6573434
2014-03-18,25.0,25.4,24.7,24.95,6396866
2014-03-19,25.0,25.25,24.5,24.6,5900912
2014-03-20,24.6,24.85,24.05,24.1,5764787
2014-03-21,24.2,24.55,24.1,24.35,5918652
2014-03-22,24.35,24.5,24.2,24.3,547000
2014-03-24,24.35,24.7,24.25,24.35,4368855
2014-03-25,24.25,24.65,24.15,24.5,4545200
2014-03-26,24.55,25.35,24.45,24.7,8852300
2014-03-27,24.8,25.65,24.7,25.5,11883121
2014-03-28,25.6,27.4,25.6,27.1,18978664
2014-03-31,27.5,27.8,26.15,26.55,12503099
2014-04-01,26.7,26.8,26.05,26.35,6742327
2014-04-02,27.1,27.95,26.9,27.55,16682622
2014-04-03,25.35,26.05,25.1,25.25,15539092
2014-04-04,25.0,25.75,24.85,25.35,9014961
2014-04-07,25.4,25.6,24.65,24.95,5689883
2014-04-09,25.0,25.9,24.9,25.75,7066642
2014-04-10,25.7,26.5,25.6,26.05,8996676
2014-04-11,25.8,27.0,25.65,26.05,10950549
2014-04-15,26.05,26.35,25.5,25.65,6320767
2014-04-16,25.5,25.9,24.95,25.1,7559129
2014-04-17,25.1,25.65,25.1,25.5,4498636
2014-04-21,25.6,26.0,25.55,25.85,6035463
2014-04-22,25.95,26.35,25.75,26.1,5866976
2014-04-23,26.1,26.55,26.0,26.15,9109609
2014-04-25,26.15,26.8,25.9,26.2,8000568
2014-04-28,26.3,27.9,26.2,27.5,12563938
2014-04-29,27.75,28.15,26.7,27.25,13927311
2014-04-30,27.5,27.5,24.5,25.5,14696217
2014-05-02,25.7,26.0,25.35,25.5,4802744
2014-05-05,25.5,25.75,25.15,25.25,4267550
2014-05-06,25.35,25.75,25.2,25.4,6238458
2014-05-07,25.4,25.95,25.3,25.4,5694245
2014-05-08,25.5,25.7,25.0,25.2,4529006
2014-05-09,25.0,26.9,25.0,26.7,9738960
2014-05-12,26.7,27.65,26.65,27.0,8755942
2014-05-13,27.6,28.15,27.0,27.7,11961789
2014-05-14,27.95,29.7,27.8,29.45,20658004
2014-05-15,29.6,29.8,28.15,28.3,11023221
2014-05-16,29.15,30.85,28.9,29.45,21110324
2014-05-19,30.1,31.6,29.15,31.35,21253124
2014-05-20,31.85,33.1,31.35,32.85,25694644
2014-05-21,33.0,37.4,32.55,36.9,50295200
2014-05-22,37.6,38.65,36.0,37.3,35946640
2014-05-23,37.6,41.5,37.4,41.1,45799584
2014-05-26,42.0,43.25,36.15,38.7,33324780
2014-05-27,38.4,38.95,35.25,36.05,33638604
2014-05-28,36.4,38.0,35.65,36.0,27634206
2014-05-29,36.4,37.4,35.05,36.7,26852728
2014-05-30,37.1,38.1,36.0,36.3,18276472
2014-06-02,36.2,38.0,36.2,37.9,15413948
2014-06-03,38.2,38.35,37.0,37.6,18100484
2014-06-04,37.5,40.55,37.5,39.95,29277136
2014-06-05,40.4,41.1,39.25,39.95,27653250
2014-06-06,40.45,41.6,40.2,41.15,23939254
2014-06-09,41.55,44.7,41.05,44.25,38364880
2014-06-10,44.6,44.7,42.1,43.55,26359304
2014-06-11,43.55,43.9,39.6,40.95,31947660
2014-06-12,41.0,41.9,39.7,40.65,19757632
2014-06-13,40.9,41.45,38.0,38.45,18309736
2014-06-16,37.65,38.5,36.2,38.05,16904804
2014-06-17,38.5,40.35,38.1,40.15,20237184
2014-06-18,40.5,40.75,38.05,38.65,25386258
2014-06-19,39.15,39.45,37.85,38.25,15106379
2014-06-20,38.0,41.55,37.75,39.7,51179740
2014-06-23,39.95,40.05,38.85,39.3,17183728
2014-06-24,39.05,41.15,39.05,40.6,19739304
2014-06-25,40.95,41.45,40.2,41.15,19903008
2014-06-26,41.05,41.7,40.4,40.6,25797104
2014-06-27,40.9,41.45,40.25,40.95,15334232
2014-06-30,41.35,42.5,41.15,42.1,17593072
2014-07-01,42.35,42.35,41.5,41.65,10734137
2014-07-02,42.0,42.65,41.25,41.6,12171903
2014-07-03,41.85,42.0,40.85,41.15,10676287
2014-07-04,41.1,41.5,40.3,41.2,11632680
2014-07-07,41.35,41.95,40.85,41.2,9587893
2014-07-08,41.3,41.6,36.55,37.3,19893008
2014-07-09,37.65,38.25,35.25,36.8,21386530
2014-07-10,37.0,40.8,34.0,38.0,34328860
2014-07-11,38.05,38.7,34.5,35.0,20055208
2014-07-14,35.0,36.15,34.2,35.65,12051658
2014-07-15,36.15,37.25,35.4,36.9,12047644
2014-07-16,37.0,38.45,36.5,38.15,14473088
2014-07-17,38.45,38.7,37.65,38.15,13217156
2014-07-18,37.35,38.3,37.1,37.8,11504362
2014-07-21,38.0,38.35,37.4,37.8,9795929
2014-07-22,37.55,39.35,37.55,38.7,17306662
2014-07-23,38.9,39.25,37.6,38.2,13097775
2014-07-24,38.1,38.95,37.8,38.65,9550443
2014-07-25,38.65,39.15,36.0,37.1,15455985
2014-07-28,37.05,37.8,36.5,36.9,14501896
2014-07-30,37.05,37.9,36.5,37.6,14481615
2014-07-31,37.65,38.65,37.45,38.2,13290061
2014-08-01,37.65,38.2,36.65,36.85,6743402
2014-08-04,37.3,37.8,37.0,37.6,5039855
2014-08-05,37.6,38.7,37.05,38.4,7274878
2014-08-06,38.1,38.65,37.35,37.45,6020074
2014-08-07,37.3,38.15,37.25,37.6,5834045
2014-08-08,37.35,37.4,36.2,36.4,6757837
2014-08-11,36.95,37.4,36.8,37.2,4026029
2014-08-12,37.2,38.95,37.1,38.75,13266508
2014-08-13,38.1,38.2,35.2,35.65,15066588
2014-08-14,35.95,36.25,35.2,35.8,8337304
2014-08-18,35.8,36.6,35.5,36.4,5544846
2014-08-19,36.65,36.95,36.15,36.65,5393150
2014-08-20,36.9,36.9,36.15,36.3,3931983
2014-08-21,36.1,36.9,35.95,36.15,5482480
2014-08-22,36.0,36.5,35.5,35.85,4595691
2014-08-25,35.75,35.9,34.25,34.55,5361627
2014-08-26,34.2,34.65,33.55,34.4,4875754
2014-08-27,34.5,35.3,34.05,34.25,6518070
2014-08-28,34.25,34.5,33.3,33.6,7508939
2014-09-01,34.0,34.45,33.65,34.35,5754682
2014-09-02,34.4,34.6,33.75,33.9,4643424
2014-09-03,33.75,34.2,33.65,33.85,5296215
2014-09-04,33.75,35.1,33.55,34.2,10430201
2014-09-05,33.9,34.2,32.15,32.7,9605227
2014-09-08,33.0,33.65,32.45,33.55,6004527
2014-09-09,33.3,34.0,32.8,33.45,6823198
2014-09-10,33.2,34.6,33.05,34.05,10303711
2014-09-11,34.1,34.8,33.9,34.3,7478002
2014-09-12,34.1,34.65,34.1,34.25,4224415
2014-09-15,34.1,34.95,33.8,34.35,5921050
2014-09-16,34.35,34.9,32.55,32.7,8354966
2014-09-17,32.8,33.15,31.95,32.55,4383691
2014-09-18,32.5,34.5,32.4,34.2,9480618
2014-09-19,34.3,34.5,33.4,33.65,5459741
2014-09-22,33.3,34.6,33.05,34.35,5962367
2014-09-23,35.0,35.75,34.25,34.5,12906946
2014-09-24,35.65,36.1,35.0,35.8,18083518
2014-09-25,36.1,36.45,34.2,34.45,11209060
2014-09-26,34.4,35.75,33.6,35.3,9092930
2014-09-29,35.5,37.45,35.45,36.9,12555543
2014-09-30,36.75,37.05,35.25,35.75,9143917
2014-10-01,35.8,36.45,35.45,35.6,6476848
2014-10-07,35.65,35.65,32.05,33.8,8618355
2014-10-08,33.85,34.4,33.5,33.9,4465049
2014-10-09,34.1,34.9,34.1,34.75,5535398
2014-10-10,34.4,34.45,33.4,33.55,4933341
2014-10-13,33.2,34.25,33.2,34.0,4894294
2014-10-14,33.8,34.4,33.4,33.7,6275637
2014-10-16,33.4,33.9,32.1,32.45,5819278
2014-10-17,32.45,33.5,31.7,33.15,7164655
2014-10-20,33.8,34.4,33.5,34.25,5551174
2014-10-21,34.55,34.75,34.15,34.45,4642632
2014-10-22,34.9,35.25,34.65,35.05,4356146
2014-10-23,35.05,35.35,35.05,35.3,1698420
2014-10-27,35.35,36.0,35.05,35.6,5671814
2014-10-28,35.7,35.9,35.4,35.8,3681690
2014-10-29,35.8,36.0,35.3,35.55,3383317
2014-10-30,35.25,36.8,35.15,36.55,8234236
2014-10-31,36.75,37.15,36.45,36.8,6209564
2014-11-03,36.95,38.5,36.7,38.25,10887060
2014-11-05,38.35,40.9,38.05,39.8,18472736
2014-11-07,39.95,39.95,38.25,38.65,7092319
2014-11-10,38.85,39.4,38.0,38.75,5823303
2014-11-11,38.95,39.8,37.65,39.15,15870916
2014-11-12,39.9,40.5,38.95,39.3,18498028
2014-11-13,39.5,39.6,37.9,38.15,7427521
2014-11-14,38.0,39.05,37.95,38.6,6384168
2014-11-17,38.5,39.35,37.95,39.15,6727433
2014-11-18,39.0,41.4,38.85,40.9,20749726
2014-11-19,41.0,41.35,39.35,39.7,17438916
2014-11-20,39.5,39.75,38.7,39.5,7217698
2014-11-21,39.5,40.9,39.3,40.0,10916200
2014-11-24,40.15,40.35,39.55,39.7,5275959
2014-11-25,39.7,39.85,37.6,38.4,9489559
2014-11-26,38.2,39.15,37.9,38.85,6092182
2014-11-27,38.95,39.9,38.35,39.75,7378498
2014-11-28,40.2,40.85,39.65,39.95,10662924
2014-12-01,39.95,40.0,38.6,39.05,5826462
2014-12-02,38.7,40.0,38.7,39.75,7134357
2014-12-03,39.8,40.8,39.2,39.45,11736619
2014-12-04,39.75,40.3,39.05,40.1,9539846
2014-12-05,40.0,41.4,39.75,40.35,11652167
2014-12-08,40.3,40.85,39.3,39.55,7439631
2014-12-09,39.35,39.85,37.3,37.45,8695168
2014-12-10,37.3,38.3,37.1,38.05,5563545
2014-12-11,38.1,38.5,37.1,37.8,8545354
2014-12-12,37.85,38.35,36.8,37.1,6501387
2014-12-15,36.95,37.3,36.45,36.65,4343356
2014-12-16,36.3,36.5,33.55,33.85,9302513
2014-12-17,33.85,35.15,33.05,34.8,8924634
2014-12-18,35.3,36.15,35.1,35.9,5586096
2014-12-19,36.1,36.65,35.35,35.5,8143430
2014-12-22,35.6,36.35,35.25,36.25,5674661
2014-12-23,36.3,36.45,34.95,35.35,6893449
2014-12-24,35.45,36.5,35.2,35.85,15342005
2014-12-26,35.3,36.3,35.3,36.1,4297285
2014-12-29,36.05,38.0,36.05,37.75,11208362
2014-12-30,38.5,38.55,37.3,37.75,10416721
2015-01-01,37.85,38.0,37.45,37.8,2816415
2015-01-02,37.85,38.45,37.85,38.1,4118956
2015-01-05,38.0,38.45,37.75,38.05,4219151
2015-01-06,37.6,37.8,35.85,36.05,6855776
2015-01-07,36.05,36.55,35.45,35.85,4776698
2015-01-08,36.25,36.6,36.15,36.4,3261996
2015-01-09,36.6,37.1,35.9,36.45,4038271
2015-01-12,36.45,36.95,36.1,36.75,2854606
2015-01-13,36.85,37.05,36.0,36.4,5015844
2015-01-14,36.2,36.55,35.6,35.9,2774775
2015-01-15,36.5,38.2,36.45,37.9,5655476
2015-01-16,37.95,38.25,37.35,37.6,3993181
2015-01-19,37.7,38.1,37.25,37.45,2979749
2015-01-20,37.5,38.0,37.15,37.5,2818878
2015-01-21,37.6,37.95,37.1,37.35,2674246
2015-01-22,37.45,37.9,37.2,37.45,3133557
2015-01-23,37.6,38.15,37.0,37.9,5995565
2015-01-27,37.7,38.1,36.95,37.25,3493929
2015-01-28,37.25,37.8,36.95,37.4,3705615
2015-01-29,37.45,37.95,37.15,37.75,6584889
2015-01-30,38.0,39.65,37.05,37.6,14730092
2015-02-02,38.0,41.75,37.85,40.7,20386128
2015-02-03,41.0,41.0,38.85,39.35,11505931
2015-02-04,39.35,40.35,38.6,39.15,8245274
2015-02-05,39.2,39.5,37.5,37.75,6818285
2015-02-06,37.55,38.7,36.85,37.05,10715544
2015-02-09,36.65,37.05,34.95,35.05,7594499
2015-02-10,34.95,36.35,34.3,35.3,7220789
2015-02-11,35.45,37.35,35.35,36.85,5303605
2015-02-12,36.95,37.95,36.65,37.6,4950354
2015-02-13,37.5,38.05,37.2,37.65,4312529
2015-02-16,37.4,38.2,36.9,37.15,3139058
2015-02-18,37.4,37.95,37.15,37.6,3109995
2015-02-19,37.65,37.9,36.55,37.7,5488804
2015-02-20,38.0,39.65,37.65,38.7,9532265
2015-02-23,38.85,39.1,36.7,37.0,4792446
2015-02-24,37.5,37.75,36.85,37.3,4932714
2015-02-25,37.4,38.2,37.3,37.75,4021767
2015-02-26,37.8,38.3,37.6,37.85,6646157
2015-02-27,38.4,40.2,38.05,40.0,9290770
2015-02-28,40.4,40.8,37.4,38.6,7832130
2015-03-02,38.35,38.35,37.05,37.65,5411776
2015-03-03,37.8,39.4,37.4,39.05,6183683
2015-03-04,39.55,39.9,37.05,37.35,6193358
2015-03-05,37.45,38.05,37.1,37.9,3431076
2015-03-09,37.75,37.75,36.0,36.2,4160332
2015-03-10,36.25,36.65,35.5,35.95,3550819
2015-03-11,35.75,36.3,35.25,35.5,3751959
2015-03-12,35.7,36.3,35.65,36.2,2219269
2015-03-13,36.45,36.7,35.3,35.4,3265031
2015-03-16,35.45,35.85,35.2,35.4,1919912
2015-03-17,35.55,35.95,35.0,35.4,3398035
2015-03-18,35.6,35.9,35.2,35.55,2582570
2015-03-19,35.7,36.1,34.25,34.7,3117424
2015-03-20,34.6,34.7,34.0,34.1,3147184
2015-03-23,34.2,34.45,33.35,33.6,2705015
2015-03-24,33.55,33.85,33.25,33.55,2081134
2015-03-25,33.55,33.9,33.35,33.5,2133446
2015-03-26,33.5,33.6,32.9,33.05,3041618
2015-03-27,33.25,33.5,31.15,32.9,5715169
2015-03-30,33.25,33.95,33.25,33.8,2384686
2015-03-31,33.95,34.05,33.15,33.35,3487024
2015-04-01,33.9,34.6,33.35,34.2,5455540
2015-04-06,34.35,34.4,33.5,33.95,1926060
2015-04-07,34.1,34.2,33.25,33.85,3408187
2015-04-08,34.0,35.35,33.9,34.9,6520961
2015-04-09,35.15,35.6,34.7,35.3,3492220
2015-04-10,35.55,36.0,35.45,35.7,3087376
2015-04-13,35.7,36.45,35.6,36.05,2444455
2015-04-15,36.05,37.15,35.8,36.0,4028634
2015-04-16,36.0,36.3,35.1,35.4,2731113
2015-04-17,35.4,36.05,35.2,35.45,2677354
2015-04-20,35.05,35.5,33.9,34.1,2439411
2015-04-21,34.05,34.75,33.9,34.05,2111107
2015-04-22,34.2,34.4,33.5,34.15,1975432
2015-04-23,34.4,34.6,33.6,33.9,2014699
2015-04-24,34.0,34.35,33.5,33.9,2178219
2015-04-27,33.95,33.95,32.05,32.35,2515723
2015-04-28,32.25,32.8,30.9,32.05,8015196
2015-04-29,32.1,33.2,31.85,32.55,3930756
2015-04-30,32.0,33.9,32.0,33.55,4910248
2015-05-04,33.85,34.35,33.6,34.15,2481192
2015-05-05,34.2,34.4,33.85,34.05,2239633
2015-05-06,34.0,34.1,31.8,32.0,4405777
2015-05-07,31.8,32.1,28.8,29.8,9429786
2015-05-08,30.15,31.5,30.15,31.05,5655729
2015-05-11,31.45,31.9,30.6,31.45,5061953
2015-05-12,31.45,31.5,29.9,30.25,5558254
2015-05-13,30.45,31.15,29.85,30.65,6807357
2015-05-14,30.7,31.65,30.15,31.45,3905777
2015-05-15,31.45,31.75,30.7,31.05,3132861
2015-05-18,30.95,31.5,30.85,31.35,2855692
2015-05-19,31.25,31.85,31.25,31.4,1814415
2015-05-20,31.55,31.7,30.95,31.05,2172555
2015-05-21,31.15,31.4,31.0,31.3,1790452
2015-05-22,31.3,31.4,30.85,31.0,1726625
2015-05-25,31.0,31.9,30.85,31.4,2960124
2015-05-26,31.65,31.7,29.75,30.8,7509986
2015-05-27,30.15,31.05,30.15,30.8,4554298
2015-05-28,30.7,31.0,30.55,30.85,2964622
2015-05-29,30.9,31.3,30.75,31.0,1994549
2015-06-01,30.9,31.1,30.3,30.8,5416091
2015-06-02,30.7,30.9,29.6,29.7,3399066
2015-06-03,29.75,29.95,25.75,27.65,7523556
2015-06-04,27.75,28.1,26.6,27.3,6791650
2015-06-05,27.3,27.35,26.7,26.9,4787868
2015-06-08,27.05,27.05,25.6,25.75,7327850
2015-06-09,25.7,26.2,25.4,25.65,4055402
2015-06-10,25.7,26.1,25.0,25.1,9405204
2015-06-11,25.4,25.6,24.8,24.95,4834715
2015-06-12,25.15,26.15,24.8,26.05,4912783
2015-06-15,25.85,26.0,25.35,25.7,3048082
2015-06-16,25.6,26.25,25.3,26.05,3386833
2015-06-17,26.3,26.4,25.95,26.1,2486454
2015-06-18,26.15,26.8,26.0,26.35,2995909
2015-06-19,26.55,26.65,26.15,26.4,1988724
2015-06-22,26.65,27.45,26.4,27.25,4795879
2015-06-23,27.25,27.25,26.4,26.7,4324702
2015-06-24,26.75,27.2,26.45,26.7,4825392
2015-06-25,26.5,27.05,26.3,26.8,7471592
2015-06-26,26.7,26.8,26.0,26.3,4420006
2015-06-29,25.95,26.2,25.15,25.85,6355846
2015-06-30,25.4,26.1,25.4,25.8,3821932
2015-07-01,25.95,26.85,25.75,26.65,4499795
2015-07-02,26.75,26.85,26.1,26.35,3620430
2015-07-03,26.3,26.7,26.0,26.15,3052479
2015-07-06,25.8,27.05,25.5,26.9,4523336
2015-07-07,27.0,27.35,26.7,26.95,4698126
2015-07-08,26.6,26.75,25.95,26.55,5516369
2015-07-09,26.4,27.25,26.25,26.85,3946322
2015-07-10,26.9,27.15,26.35,26.75,4965171
2015-07-13,26.7,27.85,26.6,27.55,7489507
2015-07-14,27.35,28.05,27.2,27.5,5538560
2015-07-15,27.5,27.55,26.35,26.4,10170930
2015-07-16,26.4,27.0,26.2,26.6,9032293
2015-07-17,26.75,26.8,26.05,26.2,4983908
2015-07-20,26.35,26.35,25.4,25.55,7165941
2015-07-21,25.5,26.0,25.15,25.4,13559047
2015-07-22,25.25,25.55,25.2,25.45,3345843
2015-07-23,25.75,25.75,25.25,25.35,4616097
2015-07-24,25.25,25.7,25.2,25.35,6102469
2015-07-27,25.3,25.4,24.3,24.4,6583146
2015-07-28,24.5,24.55,24.15,24.4,4240297
2015-07-29,24.5,24.55,23.15,23.6,8144470
2015-07-30,23.7,24.55,23.5,24.15,6595352
2015-07-31,24.45,25.1,24.15,24.9,4907899
2015-08-03,24.95,25.9,24.8,25.3,6539424
2015-08-04,25.25,25.5,24.6,24.75,5254964
2015-08-05,24.9,25.4,24.75,24.8,4627455
2015-08-06,24.95,25.15,24.75,24.9,3325771
2015-08-07,24.85,25.05,24.45,24.5,3167443
2015-08-10,24.65,24.85,24.1,24.3,2708250
2015-08-11,24.35,25.2,24.05,24.7,13040746
2015-08-12,24.75,24.8,23.25,23.35,6757436
2015-08-13,23.5,23.75,22.4,22.65,6987691
2015-08-14,22.8,23.55,22.65,23.3,5625053
2015-08-17,23.4,23.75,23.0,23.4,4580834
2015-08-18,23.55,23.75,23.05,23.25,3799319
2015-08-19,23.25,23.25,22.65,22.8,3890642
2015-08-20,22.7,22.9,22.2,22.3,5129270
2015-08-21,22.0,22.2,21.5,21.7,6617958
2015-08-24,21.0,21.15,18.5,18.65,13389986
2015-08-25,18.9,19.8,18.0,19.6,12798609
2015-08-26,19.55,20.1,18.7,19.55,8772298
2015-08-27,19.85,20.15,19.5,20.0,13317484
2015-08-28,20.35,20.55,19.8,20.0,5748980
2015-08-31,20.05,20.2,19.75,19.95,4999619
2015-09-01,19.75,20.15,19.45,19.8,7302322
2015-09-02,20.0,20.05,19.2,19.35,4477821
2015-09-03,19.45,20.35,19.4,20.2,5743051
2015-09-04,20.15,20.15,18.4,19.3,10325932
2015-09-07,19.3,19.55,18.9,19.1,3394854
2015-09-08,19.3,20.0,19.2,19.8,4694255
2015-09-09,20.35,21.1,20.1,20.75,11513891
2015-09-10,20.05,20.95,19.6,20.6,8945683
2015-09-11,20.15,20.6,20.05,20.3,6271169
2015-09-14,20.3,20.75,20.0,20.5,3847950
2015-09-15,20.25,21.05,20.2,20.85,6808426
2015-09-16,21.1,21.3,20.55,20.75,10075177
2015-09-18,20.9,21.5,20.8,21.2,9658924
2015-09-21,21.1,22.4,20.85,22.25,9623221
2015-09-22,22.6,22.75,21.15,21.45,8121376
2015-09-23,21.05,21.95,20.85,21.8,6041159
2015-09-24,21.65,22.1,21.6,21.75,7376349
2015-09-28,21.85,22.45,21.45,21.95,7547763
2015-09-29,21.55,22.25,21.05,21.65,9459941
2015-09-30,21.7,22.05,21.5,21.6,6373892
2015-10-01,21.8,22.05,21.0,21.15,6719927
2015-10-05,21.35,21.8,21.05,21.4,6179969
2015-10-06,21.55,21.65,21.15,21.35,4922063
2015-10-07,21.35,22.05,21.3,21.9,9842752
2015-10-08,21.95,22.5,21.6,21.7,7120975
2015-10-09,22.3,22.65,21.75,22.0,8505229
2015-10-12,22.25,22.4,21.8,21.9,5040733
2015-10-13,21.9,24.05,21.85,24.0,24677580
2015-10-14,24.6,24.6,23.25,23.4,12316477
2015-10-15,23.65,25.4,23.55,24.75,20519008
2015-10-16,24.85,25.65,24.3,25.0,16892238
2015-10-19,25.1,29.55,25.1,29.05,67188208
2015-10-20,29.4,29.45,27.45,28.55,29904224
2015-10-21,28.75,29.95,28.1,28.8,29376688
2015-10-23,29.1,29.45,27.55,27.8,16832564
2015-10-26,27.8,28.6,27.2,27.4,13295370
2015-10-27,27.35,28.0,27.2,27.55,11373190
2015-10-28,27.5,29.45,27.4,28.4,30909172
2015-10-29,28.55,28.7,27.45,27.7,24055416
2015-10-30,27.7,28.25,26.35,26.65,14463775
2015-11-02,26.7,27.05,26.15,26.5,12803225
2015-11-03,26.75,27.9,26.55,27.0,15871571
2015-11-04,27.35,27.45,26.35,26.5,11250997
2015-11-05,26.4,26.65,25.7,25.9,8469400
2015-11-06,25.7,26.3,25.05,25.45,9902296
2015-11-09,24.9,25.45,24.45,25.15,9145825
2015-11-10,25.0,27.25,24.8,26.1,26122376
2015-11-11,26.3,26.4,26.15,26.3,1987605
2015-11-13,26.15,26.5,25.4,25.75,7712797
2015-11-16,25.5,26.6,25.5,26.0,10420578
2015-11-17,26.15,27.5,25.7,27.3,19608170
2015-11-18,27.3,27.6,26.05,26.2,14054143
2015-11-19,26.55,27.0,26.35,26.7,7759710
2015-11-20,26.6,27.4,26.45,26.8,10193783
2015-11-23,26.75,27.15,26.5,26.65,5900366
2015-11-24,26.55,26.85,26.2,26.4,5880829
2015-11-26,26.35,26.7,26.25,26.35,10915859
2015-11-27,26.5,27.2,26.15,26.9,8393412
2015-11-30,26.9,29.05,26.9,28.15,27151208
2015-12-01,28.85,29.25,28.4,28.9,22303592
2015-12-02,29.0,29.05,28.1,28.3,8198606
2015-12-03,28.25,28.95,28.1,28.25,8784097
2015-12-04,28.2,28.55,27.2,27.5,8470846
2015-12-07,27.7,28.0,27.1,27.4,4797760
2015-12-08,27.25,27.5,26.1,26.2,6063605
2015-12-09,26.25,26.6,25.25,25.5,7559991
2015-12-10,25.7,25.85,25.05,25.65,7075761
2015-12-11,25.8,25.95,24.4,24.65,10120008
2015-12-14,24.5,25.3,24.45,24.95,7129931
2015-12-15,25.05,25.35,24.7,25.15,4394228
2015-12-16,25.35,25.9,25.15,25.25,6711174
2015-12-17,25.5,26.45,25.5,26.3,8997697
2015-12-18,26.3,27.5,26.05,26.9,13466702
2015-12-21,27.0,27.35,26.8,27.25,7556120
2015-12-22,27.3,27.55,26.5,26.6,6071512
2015-12-23,26.9,27.1,26.5,26.75,4567573
2015-12-24,26.9,27.05,26.5,26.75,3908036
2015-12-28,26.75,27.5,26.75,27.2,5143745
2015-12-29,27.3,27.3,26.8,26.9,5087968
2015-12-30,26.95,28.05,26.85,27.35,13734405
2015-12-31,27.45,27.9,27.1,27.6,25239476
2016-01-01,27.6,28.9,27.5,28.45,10263984
2016-01-04,28.4,28.45,26.5,27.2,10740528
2016-01-05,27.65,29.7,27.65,29.25,35382032
2016-01-06,29.3,29.55,28.25,28.35,13653776
2016-01-07,27.7,27.9,26.5,26.9,11925884
2016-01-08,27.3,27.55,26.75,27.3,6248284
2016-01-11,27.2,27.65,26.6,27.2,7014507
2016-01-12,27.2,27.55,26.45,26.55,6872730
2016-01-13,26.85,27.25,25.4,26.3,16595712
2016-01-14,25.6,26.35,25.25,25.75,9432203
2016-01-15,26.0,26.2,23.75,24.0,8638911
2016-01-18,23.6,23.85,21.9,22.0,12409007
2016-01-19,22.15,23.05,21.8,22.5,9433252
2016-01-20,21.8,22.0,20.9,21.45,12236658
2016-01-21,21.65,22.0,20.45,20.8,12112801
2016-01-22,21.5,22.05,20.9,21.9,10226573
2016-01-25,22.1,22.65,21.9,22.05,8312092
2016-01-27,22.55,22.55,21.95,22.15,9025065
2016-01-28,22.15,22.55,22.05,22.25,16164375
2016-01-29,22.05,22.45,21.65,22.3,9915812
2016-02-01,22.7,22.7,22.0,22.2,4705892
2016-02-02,22.2,23.55,22.2,22.85,19347134
2016-02-03,22.4,23.5,21.5,22.1,15512100
2016-02-04,22.4,23.2,22.3,22.7,7994230
2016-02-05,23.0,23.4,22.65,23.25,6567514
2016-02-08,23.3,24.1,23.25,23.65,7402563
2016-02-09,23.5,23.65,23.0,23.45,6091575
2016-02-10,23.6,23.65,21.5,22.1,9812185
2016-02-11,22.3,22.3,20.75,20.95,9574445
2016-02-12,20.95,22.2,19.4,21.15,19110380
2016-02-15,22.2,22.75,21.85,22.25,9809776
2016-02-16,22.55,22.65,21.45,21.55,8068578
2016-02-17,20.7,20.8,19.9,20.6,11103517
2016-02-18,21.0,21.2,20.25,20.55,8541777
2016-02-19,20.5,20.9,20.35,20.6,7562610
2016-02-22,20.6,21.0,20.5,20.75,6301498
2016-02-23,20.7,21.0,20.35,20.5,6579213
2016-02-24,20.5,20.55,20.15,20.45,6412499
2016-02-25,20.45,20.8,20.1,20.35,10146941
2016-02-26,20.55,21.1,20.5,21.0,8172246
2016-02-29,21.1,21.7,20.7,21.05,11345155
2016-03-01,21.25,21.9,21.2,21.75,4580725
2016-03-02,22.2,23.55,22.2,23.35,12411034
2016-03-03,23.6,23.65,22.95,23.25,5950505
2016-03-04,23.5,23.75,23.1,23.4,8225181
2016-03-08,23.4,23.75,22.9,23.1,5816448
2016-03-09,22.85,23.55,22.8,23.4,5971278
2016-03-10,23.5,23.6,23.0,23.2,5868796
2016-03-11,23.15,23.35,22.75,23.05,4422124
2016-03-14,23.2,23.5,23.1,23.25,3638267
2016-03-15,23.25,25.05,23.1,24.15,13907516
2016-03-16,24.25,24.6,23.6,24.2,7464937
2016-03-17,24.4,24.55,23.45,23.65,7933603
2016-03-18,23.7,24.35,23.55,24.2,6459203
2016-03-21,24.35,24.65,24.2,24.5,5237838
2016-03-22,24.5,24.8,24.1,24.35,5550561
2016-03-23,24.35,24.35,24.1,24.15,2965300
2016-03-28,24.25,24.4,23.3,23.4,3316388
2016-03-29,23.4,23.5,22.75,22.95,5145922
2016-03-30,23.0,24.45,22.8,24.15,10420887
2016-03-31,24.25,24.95,23.8,24.7,25650032
2016-04-01,24.8,25.3,24.5,24.95,9337174
2016-04-04,25.05,25.2,24.35,24.5,4128595
2016-04-05,24.8,25.15,24.0,24.15,12414030
2016-04-06,24.2,24.45,23.6,23.85,6900355
2016-04-07,23.8,24.25,23.6,23.7,6823239
2016-04-08,23.7,23.85,23.55,23.75,4570378
2016-04-11,23.8,24.25,23.5,24.15,6847215
2016-04-12,24.35,24.45,24.1,24.2,4214421
2016-04-13,24.5,25.2,24.35,24.7,9440342
2016-04-18,24.7,25.25,24.2,24.95,6027635
2016-04-20,25.0,25.6,24.85,25.15,5620089
2016-04-21,25.25,25.7,24.75,24.9,6999890
2016-04-22,24.8,26.6,24.75,26.2,15806070
2016-04-25,26.3,26.45,25.2,25.65,13326542
2016-04-26,25.5,26.15,25.0,25.85,9398548
2016-04-27,25.8,26.65,25.7,26.0,8656682
2016-04-28,26.0,26.15,25.25,25.4,8720929
2016-04-29,25.35,25.7,24.6,25.5,9854008
2016-05-02,25.4,25.5,24.95,25.25,4252988
2016-05-03,25.3,25.95,25.05,25.15,6281256
2016-05-04,25.55,25.8,24.1,24.25,9816763
2016-05-05,24.5,24.55,23.95,24.05,6639664
2016-05-06,23.85,24.45,23.75,24.1,6659241
2016-05-09,24.3,25.2,24.2,25.0,8624968
2016-05-10,24.9,25.25,24.75,24.9,7396798
2016-05-11,24.0,24.75,24.0,24.55,7199152
2016-05-12,24.55,24.9,24.35,24.5,6916270
2016-05-13,24.4,24.7,24.1,24.25,5027419
2016-05-16,24.35,24.4,23.9,24.25,4277044
2016-05-17,24.35,24.45,24.15,24.25,4340158
2016-05-18,24.1,24.3,24.0,24.15,3644315
2016-05-19,24.1,24.3,23.5,23.6,4314729
2016-05-20,23.7,23.8,23.3,23.45,3679185
2016-05-23,23.55,23.6,23.2,23.25,3890518
2016-05-24,23.2,23.3,22.7,22.85,3982407
2016-05-25,23.15,23.45,23.0,23.35,3560710
2016-05-26,23.5,23.8,23.4,23.55,9170550
2016-05-27,23.65,24.5,23.6,24.4,7309173
2016-05-30,24.0,24.9,23.7,24.7,9250011
2016-05-31,24.55,24.75,23.85,24.1,9633688
2016-06-01,24.3,24.3,23.6,23.9,6858437
2016-06-02,23.85,24.1,23.65,23.9,4969731
2016-06-03,24.0,24.4,23.5,23.65,7812510
2016-06-06,23.65,24.2,23.6,23.9,6908181
2016-06-07,24.1,24.45,23.85,24.1,7522548
2016-06-08,24.4,24.6,24.2,24.45,8071848
2016-06-09,24.5,25.9,24.4,25.35,16512273
2016-06-10,25.4,26.0,25.0,25.1,11228791
2016-06-13,24.7,25.55,24.5,25.4,8330725
2016-06-14,25.3,26.25,25.3,26.0,9656991
2016-06-15,26.0,26.35,25.5,25.75,5138466
2016-06-16,25.8,26.1,25.2,25.85,10650503
2016-06-17,26.05,26.15,25.5,25.7,4748008
2016-06-20,25.25,26.2,25.25,25.9,6087914
2016-06-21,25.95,26.0,25.55,25.7,4785940
2016-06-22,25.65,25.8,25.25,25.4,3178886
2016-06-23,25.35,25.55,25.0,25.35,4399147
2016-06-24,24.5,25.05,23.6,24.7,11107791
2016-06-27,24.65,26.6,24.55,26.2,28447380
2016-06-28,26.3,26.3,25.6,25.85,10103742
2016-06-29,25.9,26.5,25.6,26.2,9743078
2016-06-30,26.4,27.1,26.1,26.75,15741124
2016-07-01,26.75,27.25,26.65,26.85,8215009
2016-07-04,27.1,28.2,27.1,28.0,14654821
2016-07-05,28.2,28.35,27.4,27.7,8205066
2016-07-07,27.8,28.1,27.45,27.55,6094569
2016-07-08,27.5,27.75,27.05,27.55,5465062
2016-07-11,27.9,28.25,27.7,27.95,5126372
2016-07-12,28.1,29.35,27.5,28.85,15825857
2016-07-13,28.95,28.95,27.7,28.35,8830075
2016-07-14,28.4,29.2,28.15,28.9,10713265
2016-07-15,29.0,29.0,28.35,28.6,7055858
2016-07-18,28.65,28.85,27.95,28.05,3346849
2016-07-19,28.05,28.95,27.65,28.6,8534794
2016-07-20,28.65,28.9,28.5,28.65,3514846
2016-07-21,28.65,28.8,28.0,28.05,3635927
2016-07-22,28.05,29.5,28.0,29.15,9670843
2016-07-25,29.1,30.5,28.75,30.1,19271494
2016-07-26,30.25,30.45,29.25,29.45,8922697
2016-07-27,29.5,30.05,28.85,29.45,7766726
2016-07-28,29.65,30.2,29.3,29.4,18880326
2016-07-29,29.2,29.45,28.9,29.0,4477299
2016-08-01,29.2,29.35,27.95,28.65,6410730
2016-08-02,28.65,28.95,28.0,28.1,5727650
2016-08-03,28.1,28.6,27.8,27.9,5827161
2016-08-04,28.1,28.3,27.75,28.0,4175357
2016-08-05,28.15,28.6,27.9,28.45,4999273
2016-08-08,27.6,27.65,26.55,26.65,9980512
2016-08-09,26.6,26.95,26.25,26.8,6848938
2016-08-10,26.95,26.95,26.05,26.1,7348296
2016-08-11,26.5,26.65,25.95,26.3,6018252
2016-08-12,26.5,26.65,26.2,26.5,4340271
2016-08-16,26.5,27.1,26.3,26.95,6410658
2016-08-17,26.75,27.2,26.75,27.05,3939716
2016-08-18,27.1,27.5,27.1,27.35,4125673
2016-08-19,27.4,28.2,27.25,28.15,12520789
2016-08-22,28.0,28.85,27.6,28.15,12818090
2016-08-23,28.0,28.7,27.95,28.3,5311102
2016-08-24,28.25,28.6,28.1,28.35,3538991
2016-08-25,28.75,28.8,27.4,27.6,11058509
2016-08-26,27.7,27.75,26.9,27.25,6116251
2016-08-29,27.25,27.9,26.75,27.8,6724125
2016-08-30,27.9,28.15,27.7,28.0,5946697
2016-08-31,28.05,28.75,27.85,28.35,8117872
2016-09-01,28.45,28.7,27.8,27.85,6158346
2016-09-02,27.9,28.5,27.85,28.35,3867933
2016-09-06,28.5,28.8,28.4,28.7,4218338
2016-09-07,28.8,29.55,28.4,29.0,8553244
2016-09-08,29.0,29.45,28.6,29.0,5753004
2016-09-09,29.0,29.25,28.55,28.75,5021393
2016-09-12,28.3,28.3,27.55,27.65,4952828
2016-09-14,27.7,28.25,27.6,28.1,2625537
2016-09-15,28.15,28.45,27.75,28.15,4056732
2016-09-16,28.25,28.55,27.75,28.05,6990504
2016-09-19,28.6,28.85,28.4,28.55,5349248
2016-09-20,28.6,30.35,28.5,29.6,36432932
2016-09-21,29.6,30.15,29.05,29.45,17643582
2016-09-22,29.9,30.6,29.65,30.05,20287476
2016-09-23,30.4,30.9,30.3,30.45,14796219
2016-09-26,29.0,29.5,28.65,28.8,16359054
2016-09-27,28.95,29.0,28.1,28.35,7649302
2016-09-28,28.35,28.75,28.25,28.4,6899733
2016-09-29,28.4,28.6,25.3,25.7,29215192
2016-09-30,25.5,26.5,25.5,26.3,8397291
2016-10-03,26.55,26.9,26.25,26.7,7465053
2016-10-04,26.7,27.2,26.4,26.95,5632027
2016-10-05,27.15,27.2,26.55,26.65,4663474
2016-10-06,26.75,26.85,26.0,26.25,4318013
2016-10-07,26.9,27.95,26.6,27.15,15457499
2016-10-10,27.3,27.35,26.65,26.75,3533725
2016-10-13,26.75,26.9,25.75,26.15,6307824
2016-10-14,26.25,26.45,26.0,26.3,3310506
2016-10-17,26.45,26.65,25.85,26.05,3555170
2016-10-18,26.1,26.55,26.1,26.45,5458674
2016-10-19,26.55,26.6,26.15,26.2,5134261
2016-10-20,26.3,26.65,26.3,26.55,2951446
2016-10-21,26.5,26.6,26.3,26.5,3252943
2016-10-24,26.5,26.85,26.5,26.75,4753144
2016-10-25,26.8,26.95,26.45,26.8,3924455
2016-10-26,26.75,26.9,26.45,26.6,3595090
2016-10-27,26.6,26.6,25.75,25.85,6666824
2016-10-28,25.9,26.15,25.75,26.0,3128405
2016-10-30,26.15,26.15,25.95,26.0,773824
2016-11-01,26.0,26.15,25.75,25.9,2943717
2016-11-02,25.75,25.75,25.15,25.25,3723853
2016-11-03,25.25,25.4,24.8,24.9,3864910
2016-11-04,24.95,24.95,24.05,24.15,4901580
2016-11-07,24.4,24.75,24.35,24.55,2944164
2016-11-08,24.55,24.75,24.4,24.65,2577157
2016-11-09,23.2,23.9,21.8,23.45,11590747
2016-11-10,23.9,24.8,23.9,24.35,5595006
2016-11-11,24.15,24.2,23.3,23.45,4354102
2016-11-15,23.25,23.4,22.35,22.65,5781804
2016-11-16,22.85,23.4,22.2,22.35,5356558
2016-11-17,22.05,22.6,22.05,22.3,2649570
2016-11-18,22.15,22.7,22.15,22.5,4209455
2016-11-21,22.3,22.55,21.4,21.5,4785637
2016-11-22,21.8,21.85,21.25,21.65,5586080
2016-11-23,22.0,22.2,21.6,22.05,4654430
2016-11-24,21.95,23.75,21.6,23.05,49786556
2016-11-25,22.45,22.7,22.25,22.55,9436100
2016-11-28,22.55,23.3,22.35,23.0,5967765
2016-11-29,23.0,23.5,22.9,23.0,5865980
2016-11-30,23.0,23.4,23.0,23.35,3980468
2016-12-01,23.4,23.45,23.05,23.15,5611897
2016-12-02,23.0,23.2,22.6,22.7,5268401
2016-12-05,22.65,23.1,22.6,22.9,6469567
2016-12-06,22.95,23.25,22.85,23.0,3546398
2016-12-07,23.2,23.55,22.85,23.1,6419333
2016-12-08,23.15,23.5,23.15,23.4,3117033
2016-12-09,23.4,27.6,23.2,27.25,50330084
2016-12-12,27.2,27.25,26.15,26.45,16900588
2016-12-13,26.35,26.75,26.1,26.3,8931816
2016-12-14,26.45,26.6,25.85,26.0,8463255
2016-12-15,25.9,27.75,25.8,27.2,22326900
2016-12-16,27.4,28.2,27.0,27.85,24937316
2016-12-19,27.8,28.4,27.45,27.9,17282060
2016-12-20,28.1,28.15,26.9,27.05,12057893
2016-12-21,27.25,27.75,26.55,26.8,14893277
2016-12-22,26.7,26.7,25.95,26.1,9950542
2016-12-23,26.05,26.25,25.65,25.9,9184813
2016-12-26,25.65,25.7,24.3,24.45,10146200
2016-12-27,24.45,24.9,24.0,24.8,9727957
2016-12-28,25.0,25.25,24.55,24.65,8074642
2016-12-29,26.7,28.65,26.4,28.05,89122552
2016-12-30,28.5,28.5,26.95,27.2,27953348
2017-01-02,27.25,27.8,27.0,27.4,14720723
2017-01-03,27.6,27.65,27.1,27.35,11357088
2017-01-04,27.5,28.05,27.15,27.75,10952425
2017-01-05,28.05,28.5,27.4,27.95,12803788
2017-01-06,27.95,28.25,27.65,27.75,7434769
2017-01-09,27.8,28.1,27.65,27.9,7158921
2017-01-10,27.95,28.8,27.9,28.2,14800106
2017-01-11,28.25,28.3,27.85,28.0,6943922
2017-01-12,28.1,28.35,27.75,28.1,7475532
2017-01-13,28.0,28.4,27.85,28.0,5931464
2017-01-16,28.0,28.2,27.8,28.0,3754234
2017-01-17,28.0,28.15,27.6,27.8,4628812
2017-01-18,27.85,28.05,27.5,27.7,5367000
2017-01-19,27.7,28.0,27.65,27.75,4250962
2017-01-20,27.7,27.85,26.9,27.0,6862340
2017-01-23,27.0,27.35,26.9,27.2,3587123
2017-01-24,27.3,27.9,27.3,27.75,9747355
2017-01-25,27.9,28.2,27.7,27.95,24383224
2017-01-27,28.1,30.85,27.9,30.15,44882560
2017-01-30,29.8,30.6,29.45,30.0,17342844
2017-01-31,30.0,32.1,29.35,30.8,43165808
2017-02-01,31.05,31.55,29.8,30.55,19648932
2017-02-02,30.35,31.7,30.35,31.0,14323931
2017-02-03,31.3,32.6,31.2,31.75,22675692
2017-02-06,32.15,32.45,31.5,31.95,12578378
2017-02-07,31.95,32.45,31.45,31.65,15633655
2017-02-08,31.65,32.0,30.9,31.6,12499599
2017-02-09,31.75,32.0,30.75,31.1,12191431
2017-02-10,31.2,31.5,30.65,30.8,9577562
2017-02-13,30.15,30.15,28.3,28.85,16966536
2017-02-14,28.85,29.2,28.2,28.55,9230094
2017-02-15,28.5,29.45,27.75,28.15,12658543
2017-02-16,28.15,28.6,27.85,28.3,5140588
2017-02-17,28.4,28.75,28.3,28.4,4062431
2017-02-20,28.4,28.9,28.25,28.7,6121566
2017-02-21,28.9,29.5,28.5,29.25,7316292
2017-02-22,29.4,29.7,28.9,29.35,8076043
2017-02-23,29.6,30.15,29.3,29.65,17198610
2017-02-27,29.65,29.65,29.0,29.1,4721967
2017-02-28,29.2,29.7,28.85,29.2,8392584
2017-03-01,29.2,29.35,28.9,29.0,5929916
2017-03-02,29.1,29.65,28.45,28.55,11178466
2017-03-03,28.55,29.15,28.3,28.55,10238089
2017-03-06,28.6,29.0,28.5,28.9,6780734
2017-03-07,29.1,29.1,28.6,28.75,3498060
2017-03-08,28.75,29.1,28.15,28.3,9138638
2017-03-09,28.25,28.4,28.05,28.15,3815741
2017-03-10,28.3,28.4,27.6,27.85,4869088
2017-03-14,28.55,28.75,27.95,28.2,6391649
2017-03-15,28.25,29.05,28.05,28.7,6743609
2017-03-16,28.85,29.45,28.8,29.25,8849298
2017-03-17,29.3,29.6,28.75,29.05,5595357
2017-03-20,29.1,29.55,28.65,29.4,4553865
2017-03-21,29.45,30.75,28.9,30.55,18086558
2017-03-22,30.2,30.4,29.45,29.6,11636743
2017-03-23,29.6,30.45,29.55,30.25,12005117
2017-03-24,30.2,30.55,29.85,29.95,9316774
2017-03-27,29.95,30.35,29.4,29.95,9787142
2017-03-28,30.05,30.35,29.5,29.6,7779186
2017-03-29,29.75,30.1,29.25,29.55,6756337
2017-03-30,29.65,30.3,29.5,29.9,21697668
2017-03-31,30.0,30.2,29.6,29.65,7571383
2017-04-03,29.75,30.2,29.45,30.1,10902920
2017-04-05,30.25,30.6,30.05,30.2,8848437
2017-04-06,30.2,30.65,29.8,30.1,16474863
2017-04-07,29.95,30.15,29.5,29.65,6821151
2017-04-10,29.75,30.1,29.6,29.85,6873702
2017-04-11,29.8,30.3,29.7,30.05,15936411
2017-04-12,30.1,30.2,29.5,29.55,7153809
2017-04-13,29.55,29.9,29.2,29.3,6335669
2017-04-17,29.3,29.4,28.85,28.9,4804921
2017-04-18,29.0,29.35,28.2,28.3,8585520
2017-04-19,28.4,28.45,27.95,28.15,4731768
2017-04-20,28.5,29.25,28.5,28.95,10850126
2017-04-21,29.1,29.7,28.95,29.35,8671499
2017-04-24,29.45,29.95,29.4,29.75,5700233
2017-04-25,29.95,30.0,29.5,29.75,4087019
2017-04-26,29.95,30.0,29.0,29.4,7319080
2017-04-27,29.45,29.65,29.0,29.1,7968864
2017-04-28,29.1,33.45,29.0,31.7,54147576
2017-05-02,32.1,33.15,31.2,32.2,22774462
2017-05-03,32.3,32.7,31.8,32.25,13272837
2017-05-04,32.5,33.05,32.3,32.75,12072922
2017-05-05,32.7,33.25,32.05,32.25,15662160
2017-05-08,32.3,32.7,32.05,32.35,5451353
2017-05-09,32.45,33.35,32.2,32.9,15676126
2017-05-10,33.1,33.3,32.45,32.55,7799346
2017-05-11,32.7,32.7,31.7,31.9,8896245
2017-05-12,31.95,32.0,31.15,31.45,5114593
2017-05-15,31.6,32.05,31.2,31.35,8905249
2017-05-16,31.5,32.0,31.35,31.7,8844660
2017-05-17,31.55,31.95,31.4,31.6,6473592
2017-05-18,31.3,31.6,30.05,30.3,6742336
2017-05-19,30.5,31.05,29.0,29.35,13041273
2017-05-22,28.95,29.4,27.75,27.85,10808326
2017-05-23,28.2,28.25,26.5,26.9,7648789
2017-05-24,27.05,27.15,25.6,25.75,9175964
2017-05-25,25.4,26.3,25.05,26.1,13093314
2017-05-26,26.15,26.45,25.9,26.1,9834827
2017-05-29,26.15,26.25,24.15,24.35,12904920
2017-05-30,24.0,24.95,23.5,24.75,9533764
2017-05-31,24.7,25.8,24.1,25.65,18449482
2017-06-01,25.65,25.75,25.15,25.4,6640367
2017-06-02,25.6,26.1,25.25,25.6,5993586
2017-06-05,25.65,26.0,24.55,24.65,14868098
2017-06-06,24.75,25.3,24.45,24.7,6646406
2017-06-07,25.1,25.3,24.8,24.85,5593369
2017-06-08,24.9,25.0,24.6,24.65,3643596
2017-06-09,24.65,25.85,24.5,25.6,14134420
2017-06-12,25.55,25.6,25.0,25.15,5159569
2017-06-13,25.25,25.35,24.6,24.75,3610930
2017-06-14,24.8,25.9,24.6,25.5,10268898
2017-06-15,25.45,25.75,25.0,25.15,6172403
2017-06-16,25.2,25.55,24.95,25.1,6614557
2017-06-19,25.3,25.3,24.95,25.05,3561373
2017-06-20,25.1,25.45,24.95,25.15,3515734
2017-06-21,25.2,25.55,24.9,25.2,8266633
2017-06-22,25.25,25.55,24.8,25.0,6414839
2017-06-23,25.0,25.0,24.5,24.6,7356779
2017-06-27,24.6,24.7,23.4,23.8,6165919
2017-06-28,23.8,24.5,23.65,24.0,6352978
2017-06-29,24.0,24.3,23.9,24.1,7036123
2017-06-30,24.1,24.55,23.9,24.25,6605870
2017-07-03,24.4,25.95,24.1,25.7,16424202
2017-07-04,25.9,25.9,24.75,25.05,7205932
2017-07-05,25.25,25.9,25.0,25.6,6312188
2017-07-06,25.65,26.5,25.55,26.05,11581904
2017-07-07,26.0,26.75,25.75,26.35,9072687
2017-07-10,27.65,27.65,26.25,26.5,1320467
2017-07-11,26.75,26.75,25.95,26.1,3977537
2017-07-12,26.2,26.35,26.0,26.2,2556204
2017-07-13,26.35,26.4,25.85,26.1,3436934
2017-07-14,26.15,26.2,25.6,25.75,5834866
2017-07-17,25.85,26.7,25.8,26.5,4913433
2017-07-18,26.25,26.7,26.05,26.15,6865500
2017-07-19,26.3,26.65,26.15,26.3,4775018
2017-07-20,26.4,26.55,26.15,26.25,3062737
2017-07-21,26.45,28.15,26.4,27.55,29533166
2017-07-24,27.7,27.9,27.2,27.25,5755708
2017-07-25,27.4,27.5,27.1,27.2,3267879
2017-07-26,27.2,27.35,26.75,26.9,4626899
2017-07-27,26.95,28.0,26.5,27.1,16681632
2017-07-28,27.1,27.45,26.85,27.1,4608683
2017-07-31,27.1,27.35,26.9,27.05,3475842
2017-08-01,27.15,27.2,26.65,26.85,3096316
2017-08-02,27.0,27.05,26.3,26.5,3686356
2017-08-03,26.5,26.55,25.7,25.9,3992609
2017-08-04,25.8,26.3,25.55,26.15,3481232
2017-08-07,26.1,26.3,25.9,26.0,1634733
2017-08-08,26.05,26.1,25.1,25.25,4664348
2017-08-09,25.15,25.15,24.35,24.45,3841906
2017-08-10,24.2,24.65,22.3,22.8,9621153
2017-08-11,20.7,22.15,20.6,21.7,15421513
2017-08-14,21.9,23.25,21.8,23.0,10283682
2017-08-16,23.3,23.35,22.5,23.05,7100298
2017-08-17,23.2,23.4,22.8,22.95,4151678
2017-08-18,22.8,23.35,22.55,23.1,5337337
2017-08-21,23.1,23.3,22.8,22.9,3243336
2017-08-22,23.0,23.25,22.65,22.75,3605215
2017-08-23,22.95,23.25,22.85,23.15,2288655
2017-08-24,23.15,24.3,22.85,23.65,9766419
2017-08-28,23.8,24.15,23.6,23.85,4409898
2017-08-29,23.65,24.5,23.4,23.6,4525691
2017-08-30,23.75,23.95,23.75,23.8,2336032
2017-08-31,23.8,24.05,23.7,23.9,5439106
2017-09-01,23.95,24.3,23.85,23.9,4704385
2017-09-04,23.95,24.0,23.15,23.45,4066119
2017-09-05,24.0,25.05,24.0,24.4,14734421
2017-09-06,24.15,24.4,24.0,24.3,3862157
2017-09-07,24.45,24.5,24.0,24.05,7011319
2017-09-08,24.1,24.35,23.35,23.7,5740695
2017-09-11,23.95,24.3,23.75,23.8,7400399
2017-09-12,23.95,24.2,23.8,23.9,3427401
2017-09-13,23.9,24.45,23.8,23.9,6075650
2017-09-14,24.0,24.1,23.6,23.85,5305265
2017-09-15,23.85,23.9,23.35,23.45,10224315
2017-09-18,23.8,23.95,23.7,23.75,3039434
2017-09-19,23.8,24.05,23.6,23.85,3514319
2017-09-20,23.9,24.7,23.75,24.2,11910092
2017-09-21,24.45,24.45,23.55,23.75,4588416
2017-09-22,23.7,23.8,22.7,22.9,7311024
2017-09-25,23.0,23.1,22.2,22.75,8370647
2017-09-26,23.45,24.05,22.9,23.4,16407937
2017-09-27,23.55,23.65,22.75,22.9,5039981
2017-09-28,22.9,23.2,22.75,22.85,4633863
2017-09-29,23.3,23.95,23.0,23.1,13488819
2017-10-03,23.3,23.4,22.8,22.95,2527639
2017-10-04,23.0,23.1,22.6,22.85,2193697
2017-10-05,22.85,23.05,22.6,22.8,2632077
2017-10-06,22.85,23.1,22.8,23.0,3713613
2017-10-09,23.0,23.1,22.7,22.85,4512597
2017-10-10,22.9,23.4,22.75,23.0,5040125
2017-10-11,23.05,23.35,22.55,22.65,6172701
2017-10-12,22.75,22.85,22.4,22.7,7546373
2017-10-13,22.8,23.1,22.7,22.8,4066135
2017-10-16,22.85,22.95,22.55,22.65,5583719
2017-10-17,22.65,22.9,22.6,22.75,3411033
2017-10-18,22.7,22.8,22.55,22.7,2712264
2017-10-19,22.75,22.85,22.4,22.5,910670
2017-10-23,22.55,22.7,22.25,22.5,4181223
2017-10-24,22.55,23.0,22.5,22.8,3954881
2017-10-25,23.2,24.2,23.0,23.75,14604792
2017-10-26,24.0,26.45,23.9,25.75,38059508
2017-10-27,26.15,26.25,25.0,25.1,8351042
2017-10-30,25.15,25.55,25.05,25.1,5773330
2017-10-31,25.15,25.2,24.15,24.25,7117617
2017-11-01,24.35,26.05,24.1,25.55,14048074
2017-11-02,25.55,26.25,24.6,25.0,13136157
2017-11-03,25.1,25.6,24.95,25.2,5394101
2017-11-06,25.15,25.9,24.9,25.45,5814385
2017-11-07,25.55,25.95,24.5,24.65,8593968
2017-11-08,24.8,24.95,24.1,24.4,4741575
2017-11-09,24.6,24.7,24.05,24.5,4964969
2017-11-10,24.4,24.65,24.0,24.25,4588928
2017-11-13,24.4,24.45,23.7,23.8,4247216
2017-11-14,23.8,24.15,23.5,23.85,4024860
2017-11-15,24.0,24.1,23.0,23.35,4592438
2017-11-16,23.5,23.65,23.15,23.5,4782283
2017-11-17,24.0,24.35,23.6,23.8,4909091
2017-11-20,23.8,24.0,23.55,23.9,3150460
2017-11-21,24.15,24.25,23.8,24.05,3226978
2017-11-22,24.15,25.05,24.0,24.75,10865935
2017-11-23,24.85,25.05,24.35,24.65,6191002
2017-11-24,24.7,24.75,24.45,24.6,3417002
2017-11-27,24.6,25.0,24.35,24.9,3136514
2017-11-28,25.0,25.8,24.8,25.15,8297901
2017-11-29,25.25,25.4,25.0,25.1,4339536
2017-11-30,24.9,25.25,24.7,24.8,6039904
2017-12-01,25.0,25.15,24.1,24.2,6362282
2017-12-04,24.2,24.25,23.6,23.9,3439777
2017-12-05,24.0,24.0,23.15,23.65,3954238
2017-12-06,23.65,23.9,23.0,23.05,5556068
2017-12-07,23.2,24.15,23.15,23.7,6404556
2017-12-08,23.8,24.65,23.75,24.4,8329438
2017-12-11,24.3,24.4,23.8,23.95,2901538
2017-12-12,23.9,23.95,23.4,23.5,4284780
2017-12-13,23.5,23.65,23.2,23.35,2947716
2017-12-14,23.4,23.45,23.05,23.25,3511720
2017-12-15,23.45,23.85,23.4,23.6,4532678
2017-12-18,23.5,23.7,22.75,23.4,6286805
2017-12-19,23.4,23.7,23.4,23.6,2877030
2017-12-20,23.6,24.2,23.5,23.9,5491700
2017-12-21,23.9,30.1,23.85,28.75,99021320
2017-12-22,28.2,29.0,26.65,27.25,39204912
2017-12-26,27.3,28.25,26.8,27.75,19262808
2017-12-27,27.85,29.45,27.5,27.9,33669568
2017-12-28,27.95,29.4,27.75,28.8,25589926
2017-12-29,29.9,33.8,29.6,30.8,65270024
2018-01-01,30.65,31.7,29.9,30.25,22756110
2018-01-02,30.35,30.8,28.2,28.7,21462594
2018-01-03,28.7,29.45,28.35,29.25,20007092
2018-01-04,29.35,29.65,28.9,29.2,12253767
2018-01-05,29.25,31.8,29.0,30.6,37744896
2018-01-08,31.1,32.0,30.35,31.1,22585292
2018-01-09,31.0,32.25,29.9,30.25,35328916
2018-01-10,30.25,30.95,29.8,30.45,15386934
2018-01-11,30.8,32.6,30.55,32.25,46849100
2018-01-12,32.95,34.2,32.05,32.35,59827436
2018-01-15,32.4,34.6,32.25,32.65,44351604
2018-01-16,32.75,33.0,30.85,31.25,30829852
2018-01-17,31.3,31.95,30.1,31.85,21432108
2018-01-18,32.25,32.35,29.05,30.0,24395778
2018-01-19,30.0,30.8,29.25,30.3,18861440
2018-01-22,30.7,31.65,30.6,31.0,17628180
2018-01-23,31.2,31.65,30.45,30.8,17648128
2018-01-24,30.6,31.75,30.15,31.45,19651512
2018-01-25,31.5,31.7,30.6,30.75,14684907
2018-01-29,30.85,31.15,28.4,28.55,13966507
2018-01-30,28.45,29.2,28.15,28.7,11609346
2018-01-31,28.4,29.1,27.9,28.5,12430346
2018-02-01,28.7,28.8,27.05,28.15,14336102
2018-02-02,27.7,27.9,25.1,25.35,18222400
2018-02-05,24.5,25.4,23.85,24.7,21476954
2018-02-06,23.0,23.4,22.3,23.0,20178336
2018-02-07,23.5,23.7,22.5,22.8,12618591
2018-02-08,23.2,23.55,22.65,23.35,10768436
2018-02-09,22.85,23.75,22.55,23.4,10191660
2018-02-12,23.7,24.7,23.3,24.15,12556544
2018-02-14,24.4,24.4,23.5,23.6,7635209
2018-02-15,23.8,24.0,23.1,23.4,5788366
2018-02-16,23.5,23.75,22.9,23.1,8192040
2018-02-19,23.1,23.2,22.5,22.8,5910338
2018-02-20,22.9,23.15,22.7,22.8,4811376
2018-02-21,22.95,23.1,22.5,22.55,5437101
2018-02-22,22.5,22.95,22.35,22.65,10032725
2018-02-23,22.8,23.25,22.8,23.15,7253091
2018-02-26,23.15,23.7,23.1,23.35,8466891
2018-02-27,23.3,23.5,22.8,22.95,5710330
2018-02-28,22.75,23.0,22.35,22.65,6200945
2018-03-01,22.75,23.0,22.6,22.75,6027463
2018-03-05,22.85,22.85,22.0,22.35,5040850
2018-03-06,22.4,22.55,21.55,21.7,5667517
2018-03-07,21.55,21.7,20.65,20.95,7302029
2018-03-08,21.2,21.35,20.3,21.05,7969442
2018-03-09,21.05,22.0,20.85,21.2,18932192
2018-03-12,21.35,21.35,19.75,20.95,12538289
2018-03-13,20.65,22.7,20.6,21.75,23240584
2018-03-14,21.6,22.1,21.35,21.95,8249595
2018-03-15,21.95,22.4,21.75,22.0,8050867
2018-03-16,22.1,22.25,20.7,21.0,12997729
2018-03-19,21.0,21.05,20.2,20.45,12858229
2018-03-20,20.4,20.95,20.3,20.55,10141334
2018-03-21,20.6,20.9,20.25,20.35,6833865
2018-03-22,20.4,20.75,20.05,20.15,7966206
2018-03-23,19.95,19.95,19.4,19.6,9324007
2018-03-26,19.5,19.75,19.05,19.4,7278015
2018-03-27,19.55,20.8,19.55,20.15,16262967
2018-03-28,19.95,20.25,19.4,19.55,12056791
2018-04-02,19.8,20.6,19.8,20.5,9472025
2018-04-03,20.3,21.0,20.15,20.95,12299722
2018-04-04,21.0,21.3,20.2,20.4,8176674
2018-04-05,20.65,21.15,20.6,21.0,7507801
2018-04-06,21.0,21.55,20.6,21.25,11457123
2018-04-09,21.2,21.6,21.05,21.25,6149171
2018-04-10,21.3,21.4,21.0,21.2,4081667
2018-04-11,21.25,21.3,20.9,21.05,3553608
2018-04-12,21.05,21.15,20.45,20.7,5944435
2018-04-13,20.8,21.15,20.6,20.95,4598247
2018-04-16,20.8,20.95,20.6,20.8,3110111
2018-04-17,20.9,21.15,20.65,21.0,3472208
2018-04-18,21.05,21.1,20.65,20.8,3116792
2018-04-19,20.85,20.9,20.7,20.85,2930035
2018-04-20,20.8,20.85,20.2,20.45,5553471
2018-04-23,20.4,20.65,20.25,20.4,3739951
2018-04-24,20.4,20.4,19.8,20.05,5243518
2018-04-25,20.0,20.0,19.55,19.75,6803446
2018-04-26,19.75,19.9,19.3,19.7,10450556
2018-04-27,19.7,20.1,19.65,19.9,4310211
2018-04-30,20.0,20.0,19.75,19.9,4052220
2018-05-02,20.0,20.3,19.75,19.85,4455494
2018-05-03,19.8,19.85,19.35,19.45,3573432
2018-05-04,19.4,19.55,19.3,19.45,2576578
2018-05-07,20.2,20.2,19.5,19.75,8450077
2018-05-08,19.95,20.05,19.6,19.8,5357628
2018-05-09,19.75,19.85,19.4,19.5,2797599
2018-05-10,19.5,19.55,18.95,19.0,4371209
2018-05-11,19.0,19.05,18.55,18.65,4026536
2018-05-14,18.65,18.65,18.05,18.2,3384469
2018-05-15,18.0,18.75,17.95,18.05,5699807
2018-05-16,18.0,18.05,17.55,17.85,3327267
2018-05-17,17.85,18.5,17.7,18.1,5050645
2018-05-18,18.15,18.25,17.55,17.65,5050261
2018-05-21,17.65,17.75,17.1,17.3,4341960
2018-05-22,17.2,17.4,16.7,17.25,6168156
2018-05-23,17.2,17.5,16.9,17.0,4980232
2018-05-24,16.8,17.45,16.4,16.85,8914750
2018-05-25,16.85,19.75,16.7,18.9,54931088
2018-05-28,19.05,19.2,18.15,18.55,9903965
2018-05-29,18.5,18.75,18.05,18.25,6868619
2018-05-30,18.15,18.65,18.05,18.25,8296906
2018-05-31,18.2,18.45,17.55,17.7,9031236
2018-06-01,17.85,17.85,16.7,17.2,10930942
2018-06-04,17.2,17.4,16.8,16.9,6223230
2018-06-05,16.9,17.0,15.5,15.75,13702106
2018-06-06,15.85,16.3,15.5,16.2,6310361
2018-06-07,16.2,16.85,16.2,16.75,6003819
2018-06-08,16.6,17.35,16.45,17.15,5432435
2018-06-11,17.15,17.35,16.95,17.05,4492768
2018-06-12,17.2,17.3,16.9,17.05,5534237
2018-06-13,17.05,17.5,16.95,17.15,5936869
2018-06-14,17.1,17.75,16.9,17.5,7342009
2018-06-15,17.25,17.65,16.6,16.7,8562389
2018-06-18,16.65,16.95,16.3,16.55,6711987
2018-06-19,16.5,16.55,16.0,16.15,5902276
2018-06-20,16.1,16.45,16.0,16.35,4683295
2018-06-21,16.25,16.3,16.0,16.1,3826717
2018-06-22,16.1,16.5,15.85,16.4,6565712
2018-06-25,16.35,16.75,15.85,15.95,9587516
2018-06-26,16.0,16.15,15.7,15.8,7227589
2018-06-27,15.8,15.9,15.1,15.3,7947046
2018-06-28,15.15,15.4,14.45,14.7,17974544
2018-06-29,14.7,15.05,14.55,14.85,6919812
2018-07-02,15.0,15.4,14.85,15.2,12882058
2018-07-03,15.15,15.3,14.85,15.25,6011095
2018-07-04,15.25,15.3,15.05,15.2,3703316
2018-07-05,15.2,15.4,14.9,15.0,3695521
2018-07-06,15.0,16.05,14.8,15.45,9800214
2018-07-09,15.55,15.7,15.2,15.5,5270780
2018-07-10,15.65,16.25,15.5,16.1,8283870
2018-07-11,16.0,16.2,15.55,15.65,5319119
2018-07-12,15.7,16.4,15.55,15.75,7956855
2018-07-13,15.75,15.75,14.9,15.1,7582094
2018-07-16,15.15,15.2,14.5,14.6,6482031
2018-07-17,14.55,15.3,14.5,15.05,6349306
2018-07-18,15.1,15.3,14.55,14.85,6033644
2018-07-19,14.85,15.2,14.65,14.95,4173242
2018-07-20,14.95,15.75,14.75,15.65,9680046
2018-07-23,15.65,15.85,15.15,15.55,5274198
2018-07-24,15.6,16.9,15.55,16.3,12567059
2018-07-25,16.5,16.75,16.1,16.3,8634499
2018-07-26,16.45,16.6,15.95,16.15,7489459
2018-07-27,16.25,16.8,16.2,16.35,6661290
2018-07-30,16.4,16.9,16.35,16.75,6504533
2018-07-31,16.85,18.25,16.6,17.3,25844074
2018-08-01,17.3,17.4,16.45,16.7,9899830
2018-08-02,16.6,16.75,16.25,16.5,7387390
2018-08-03,16.55,17.0,16.55,16.75,4659855
2018-08-06,16.5,17.1,16.5,16.8,6380387
2018-08-07,16.7,16.85,16.35,16.55,5878056
2018-08-08,16.5,16.6,16.15,16.3,4325631
2018-08-09,16.3,17.25,16.3,17.05,10132415
2018-08-10,17.0,17.2,16.55,16.65,5698502
2018-08-13,16.3,16.45,15.9,16.25,4566662
2018-08-14,16.4,16.5,16.1,16.25,3240412
2018-08-16,16.05,16.35,16.0,16.1,3656451
2018-08-17,16.1,17.2,16.1,17.05,9361833
2018-08-20,17.1,17.5,16.8,17.2,6697001
2018-08-21,17.15,17.4,16.95,17.15,5409834
2018-08-23,17.15,17.3,16.7,16.95,5614970
2018-08-24,16.85,16.95,16.1,16.3,8048784
2018-08-27,16.45,16.6,16.3,16.4,4353048
2018-08-28,16.4,16.55,16.05,16.1,5020564
2018-08-29,16.15,17.4,16.05,16.9,14528542
2018-08-30,17.0,17.4,16.7,17.2,8760171
2018-08-31,17.25,17.5,17.0,17.3,5991224
2018-09-03,17.2,17.65,17.15,17.3,6819512
2018-09-04,17.1,17.3,16.3,16.4,7627664
2018-09-05,16.4,16.55,15.8,16.1,6716320
2018-09-06,16.2,16.35,15.85,16.05,4656879
2018-09-07,16.1,16.45,15.9,16.3,3674548
2018-09-10,15.25,15.75,15.15,15.55,10495186
2018-09-11,15.6,15.85,15.25,15.35,5662626
2018-09-12,15.4,15.5,15.05,15.45,4024538
2018-09-14,15.5,16.05,15.5,15.95,5507870
2018-09-17,15.9,15.95,15.5,15.7,2716306
2018-09-18,15.7,16.15,15.1,15.25,8118083
2018-09-19,15.35,15.75,15.1,15.55,6059957
2018-09-21,15.75,16.15,14.4,15.1,17829676
2018-09-24,15.05,15.15,14.0,14.2,10977577
2018-09-25,14.15,14.4,12.1,12.65,16690569
2018-09-26,13.0,13.25,12.65,12.85,9121901
2018-09-27,12.9,13.0,12.25,12.4,6939008
2018-09-28,12.5,12.55,11.6,11.9,11152990
2018-10-01,12.0,12.55,11.5,12.4,8561722
2018-10-03,12.4,13.4,12.15,12.85,9405930
2018-10-04,12.7,12.9,12.25,12.45,5181077
2018-10-05,12.3,12.65,12.1,12.25,4630942
2018-10-08,12.15,12.4,11.55,12.0,6765320
2018-10-09,12.1,12.35,11.75,12.15,4982401
2018-10-10,12.05,13.2,12.05,13.0,6415181
2018-10-11,12.5,13.15,12.2,12.75,6954842
2018-10-12,12.85,13.15,12.8,12.95,5385347
2018-10-15,13.0,13.6,12.85,13.45,7279751
2018-10-16,13.65,14.05,13.55,13.8,5423057
2018-10-17,14.05,14.1,13.05,13.15,5991620
2018-10-19,13.15,13.5,12.75,13.05,5747019
2018-10-22,13.1,13.25,12.8,12.95,4914027
2018-10-23,12.8,13.05,12.6,12.7,4369659
2018-10-24,12.85,13.2,12.65,13.05,4302718
2018-10-25,12.85,12.95,12.6,12.75,7103883
2018-10-26,12.65,12.8,12.3,12.6,4972088
2018-10-29,12.55,13.5,12.5,13.4,5013777
2018-10-30,13.3,13.95,13.3,13.55,6686715
2018-10-31,13.6,13.95,13.35,13.85,5126105
2018-11-01,13.9,14.4,13.8,14.2,6496727
2018-11-02,14.2,14.85,14.2,14.3,7121443
2018-11-05,14.2,14.3,13.8,14.25,3949696
2018-11-06,14.2,14.4,14.0,14.2,2887057
2018-11-07,14.3,14.35,14.15,14.2,499528
2018-11-09,14.25,14.75,14.1,14.7,4157714
2018-11-12,14.7,14.75,14.1,14.15,2421040
2018-11-13,14.05,14.2,13.75,13.95,3975800
2018-11-14,14.05,14.05,13.6,13.75,3431758
2018-11-15,13.75,14.1,13.55,13.9,2884657
2018-11-16,14.0,14.35,13.95,14.25,3791537
2018-11-19,14.25,14.45,14.1,14.35,2847362
2018-11-20,14.2,14.35,13.85,13.95,2563649
2018-11-21,13.95,14.15,13.7,13.75,2001803
2018-11-22,13.8,13.9,13.55,13.6,2274986
2018-11-26,13.65,13.8,13.5,13.65,2359698
2018-11-27,14.25,14.6,14.0,14.05,17853456
2018-11-28,13.95,14.05,13.55,13.6,4501522
2018-11-29,13.7,13.8,13.35,13.65,3186281
2018-11-30,13.7,14.2,13.55,13.6,4549368
2018-12-03,13.65,13.85,13.5,13.7,2098478
2018-12-04,13.75,13.8,13.5,13.5,2169132
2018-12-05,13.5,13.6,13.0,13.1,2589375
2018-12-06,13.0,13.05,12.55,12.65,4016843
2018-12-07,12.7,12.85,12.3,12.75,4506240
2018-12-10,12.55,12.75,12.4,12.5,2680141
2018-12-11,12.45,12.8,12.3,12.7,3761756
2018-12-12,12.8,13.65,12.75,13.55,4779676
2018-12-13,13.55,13.75,13.2,13.35,3420333
2018-12-14,13.25,13.9,13.2,13.7,4068092
2018-12-17,13.75,13.85,13.65,13.7,2430612
2018-12-18,13.6,14.4,13.55,14.25,8699105
2018-12-19,14.25,14.85,14.2,14.65,6603457
2018-12-20,14.7,15.25,14.3,14.55,18951160
2018-12-21,14.6,14.75,14.2,14.5,6224530
2018-12-24,14.55,14.6,14.25,14.35,3691563
2018-12-26,14.25,14.7,13.9,14.65,7522110
2018-12-27,14.7,15.3,14.5,14.9,14391941
2018-12-28,14.9,15.1,14.75,14.85,4886437
2019-01-01,15.1,15.3,14.85,15.05,10846028
2019-01-02,15.0,15.2,14.4,14.6,7357468
2019-01-03,14.6,14.7,14.25,14.35,3933469
2019-01-04,14.4,14.8,14.15,14.7,5427484
2019-01-07,14.9,15.05,14.65,14.75,4684828
2019-01-08,14.85,14.95,14.65,14.9,2734437
2019-01-09,14.9,15.0,14.65,14.8,2989691
2019-01-10,14.75,14.85,14.6,14.65,1633628
2019-01-11,14.65,14.75,14.45,14.55,2256972
2019-01-14,14.55,14.85,14.3,14.65,2876519
2019-01-15,14.65,14.8,14.55,14.75,2103913
2019-01-16,14.7,15.25,14.65,15.05,5917715
2019-01-17,15.0,15.1,14.6,14.85,4202533
2019-01-18,14.9,14.95,14.5,14.6,3117999
2019-01-21,14.6,14.75,14.25,14.35,2587326
2019-01-22,14.4,14.4,14.1,14.15,2134203
2019-01-23,14.15,14.3,13.95,14.05,1688990
2019-01-24,14.1,14.2,13.85,13.95,2656980
2019-01-25,14.0,14.0,13.5,13.7,2265098
2019-01-28,13.7,13.95,13.65,13.9,5026600
2019-01-29,13.85,14.25,13.75,13.95,5195443
2019-01-30,13.9,14.1,13.45,13.6,3452012
2019-01-31,13.65,13.75,13.05,13.6,4302488
2019-02-01,13.6,13.9,13.3,13.5,3423812
2019-02-04,13.5,13.5,12.95,13.0,3038639
2019-02-05,13.05,13.05,12.1,12.5,6022097
2019-02-06,12.45,12.7,12.15,12.6,4736973
2019-02-07,12.5,12.9,12.45,12.75,3115608
2019-02-08,12.65,12.8,12.5,12.6,3096432
2019-02-11,12.6,12.65,12.2,12.4,1982002
2019-02-12,12.25,12.45,12.05,12.35,3541325
2019-02-13,12.35,12.55,11.95,12.15,3411719
2019-02-14,12.15,12.55,11.8,12.45,5008354
2019-02-15,12.5,12.5,12.0,12.1,2010140
2019-02-18,12.15,12.2,11.85,11.9,1995405
2019-02-19,11.95,12.2,11.85,11.9,1825053
2019-02-20,12.0,12.15,11.95,12.1,1607804
2019-02-21,12.1,12.5,12.05,12.45,3083689
2019-02-22,12.45,12.8,12.4,12.75,3580761
2019-02-25,12.75,12.9,12.65,12.75,2072942
2019-02-26,12.55,12.85,12.15,12.55,4423019
2019-02-27,12.45,12.9,12.4,12.45,3088270
2019-02-28,12.5,12.65,12.35,12.55,2027476
2019-03-01,12.4,13.45,12.4,13.35,4882465
2019-03-05,13.4,14.6,13.35,14.05,5881904
2019-03-06,14.2,14.35,13.95,14.05,4366064
2019-03-07,14.1,14.1,13.7,13.8,2907442
2019-03-08,13.75,13.9,13.4,13.5,2368474
2019-03-11,13.45,14.3,13.4,13.95,4379428
2019-03-12,14.0,14.15,13.7,13.85,4823592
2019-03-13,13.85,14.0,13.65,13.85,1797696
2019-03-14,14.05,14.15,13.65,13.9,5512968
2019-03-15,13.85,14.05,13.5,13.65,5699216
2019-03-18,13.8,13.85,13.55,13.65,3019481
2019-03-19,13.6,14.05,13.55,13.9,4394744
2019-03-20,13.9,14.05,13.65,13.7,2650272
2019-03-22,13.75,13.85,13.3,13.35,3646124
2019-03-25,13.25,13.55,13.15,13.2,3448112
2019-03-26,13.3,13.4,13.2,13.3,2895373
2019-03-27,13.4,13.55,13.05,13.15,4530818
2019-03-28,13.2,13.8,13.15,13.7,5964304
2019-03-29,13.6,14.15,13.6,13.8,5908057
2019-04-01,14.0,14.4,13.95,14.05,5333336
2019-04-02,14.1,14.15,13.55,13.7,4221073
2019-04-03,13.7,13.85,13.3,13.35,3605018
2019-04-04,13.35,13.45,12.9,13.05,9249998
2019-04-05,13.1,13.25,12.9,13.1,8176815
2019-04-08,13.2,13.25,12.9,12.95,4646077
2019-04-09,12.9,13.05,12.8,13.0,4496300
2019-04-10,13.0,13.05,12.75,12.8,3522110
2019-04-11,12.95,12.95,12.6,12.65,4389815
2019-04-12,12.65,13.05,12.6,13.0,4188357
2019-04-15,13.1,13.4,12.9,13.15,4416690
2019-04-16,13.2,13.55,13.05,13.1,5541664
2019-04-18,13.2,13.2,12.4,12.5,9264367
2019-04-22,12.5,12.55,12.3,12.35,3898860
2019-04-23,12.35,12.45,12.0,12.05,5054739
2019-04-24,12.1,12.25,11.95,12.15,7845026
2019-04-25,12.15,12.3,12.1,12.15,5160738
2019-04-26,12.15,12.25,11.7,11.75,7346982
2019-04-30,11.75,11.8,10.4,10.6,15826536
2019-05-02,10.4,10.45,9.9,10.0,13356080
2019-05-03,9.65,10.25,9.65,10.0,8283815
2019-05-06,10.0,10.05,9.8,9.9,2877194
2019-05-07,9.9,10.0,9.3,9.4,6068746
2019-05-08,9.45,9.55,9.25,9.4,6237686
2019-05-09,9.45,9.55,9.25,9.35,5071134
2019-05-10,9.4,9.6,9.35,9.5,5114259
2019-05-13,9.5,9.6,9.05,9.1,4743030
2019-05-14,9.1,9.15,8.8,9.05,4963224
2019-05-15,9.1,9.25,8.95,9.0,2885965
2019-05-16,9.05,9.35,8.9,9.25,2317012
2019-05-17,9.25,9.3,8.9,9.0,3528743
2019-05-20,9.25,10.25,9.2,10.15,8978806
2019-05-21,10.3,10.3,9.75,9.95,5267050
2019-05-22,10.0,10.9,8.75,10.4,23112162
2019-05-23,10.55,10.8,10.05,10.2,9054734
2019-05-24,10.25,10.9,10.25,10.8,6041076
2019-05-27,10.95,11.4,10.8,11.1,8839987
2019-05-28,11.2,11.25,10.4,10.6,11326664
2019-05-29,10.45,10.55,10.1,10.2,5345067
2019-05-30,10.2,10.5,10.2,10.25,7303577
2019-05-31,10.6,10.6,9.8,9.85,6183142
2019-06-03,9.85,9.95,9.5,9.6,3187064
2019-06-04,9.55,9.9,9.45,9.65,5175837
2019-06-06,9.85,9.85,8.85,8.95,9542618
2019-06-07,9.0,9.15,8.9,9.0,4175472
2019-06-10,9.1,9.2,8.7,8.95,4912298
2019-06-11,9.0,9.25,8.85,9.2,4748569
2019-06-12,9.25,9.25,9.0,9.05,2312265
2019-06-13,9.0,9.05,8.75,8.9,3244007
2019-06-14,8.9,9.0,8.6,8.75,2799603
2019-06-17,8.7,8.75,8.35,8.4,3470374
2019-06-18,8.7,8.7,8.15,8.3,5305610
2019-06-19,8.25,8.35,7.4,7.7,9536308
2019-06-20,7.3,8.3,7.1,8.2,10580630
2019-06-21,8.3,8.6,7.95,8.25,5851326
2019-06-24,8.05,8.4,7.9,7.95,4780899
2019-06-25,8.1,9.5,8.0,9.4,20303546
2019-06-26,9.7,10.8,9.5,10.5,27617512
2019-06-27,10.35,10.7,9.5,9.8,30849792
2019-06-28,9.7,9.7,9.05,9.2,5595490
2019-07-01,9.2,9.3,8.7,9.25,4338855
2019-07-02,9.2,9.45,9.1,9.15,2896496
2019-07-03,9.15,9.3,9.15,9.2,1502574
2019-07-04,9.15,9.35,9.1,9.15,1383091
2019-07-05,9.2,9.35,9.0,9.1,2439942
2019-07-08,9.0,9.0,8.65,8.7,2253853
2019-07-09,8.6,8.9,8.6,8.7,1543812
2019-07-10,8.7,8.8,8.5,8.5,1271085
2019-07-11,8.25,8.65,8.25,8.6,1929434
2019-07-12,8.55,8.8,8.55,8.65,1606557
2019-07-15,8.85,8.85,8.55,8.6,1155372
2019-07-16,8.6,8.7,8.55,8.65,707410
2019-07-17,8.6,8.85,8.5,8.6,1001899
2019-07-18,8.5,8.6,8.25,8.35,872878
2019-07-19,8.4,8.45,8.05,8.05,1588271
2019-07-22,8.15,8.15,7.9,8.0,1096486
2019-07-23,8.15,8.15,7.9,7.95,945241
2019-07-24,7.9,8.0,7.75,7.8,879151
2019-07-25,7.75,7.9,7.75,7.75,1118050
2019-07-26,7.8,7.9,7.7,7.75,1328117
2019-07-29,7.85,7.85,7.35,7.45,1292597
2019-07-30,7.4,7.55,7.1,7.25,2021853
2019-07-31,7.3,7.35,7.1,7.2,1723152
2019-08-01,7.15,7.55,7.15,7.45,1607544
2019-08-02,7.45,7.5,7.15,7.25,1284161
2019-08-05,7.25,7.25,6.9,7.05,1683207
2019-08-06,7.0,7.95,7.0,7.7,2292451
2019-08-07,7.6,8.3,7.45,7.5,3236474
2019-08-08,7.6,8.0,7.6,7.9,1340397
2019-08-09,7.95,8.3,7.85,7.95,1262401
2019-08-13,8.15,8.15,7.6,7.65,1084775
2019-08-14,7.55,7.8,7.5,7.6,1500113
2019-08-16,7.8,7.8,7.3,7.35,1003084
2019-08-19,7.35,7.7,7.35,7.45,1700025
2019-08-20,7.5,7.55,7.15,7.25,1485566
2019-08-21,7.25,7.3,7.05,7.1,2163050
2019-08-22,7.15,7.15,6.95,7.0,1003301
2019-08-23,7.05,7.25,6.85,7.1,2159041
2019-08-26,7.4,7.5,7.15,7.25,1437065
2019-08-27,7.3,7.45,7.25,7.35,1115653
2019-08-28,7.35,7.45,7.1,7.15,610776
2019-08-29,7.15,7.2,7.0,7.05,869327
2019-08-30,7.0,7.2,7.0,7.05,907853
2019-09-03,7.0,7.05,6.95,7.0,854643
2019-09-04,7.0,7.15,6.95,7.0,697575
2019-09-05,7.1,7.4,7.05,7.1,998649
2019-09-06,7.1,7.25,7.05,7.15,696858
2019-09-09,7.1,7.25,7.1,7.2,719061
2019-09-11,7.2,7.6,7.2,7.55,1470597
2019-09-12,7.6,7.85,7.45,7.5,1226348
2019-09-13,7.55,7.8,7.35,7.7,1235423
2019-09-16,7.65,8.05,7.6,7.9,1383477
2019-09-17,8.0,8.05,7.6,7.65,1334049
2019-09-18,7.75,7.8,7.4,7.6,732132
2019-09-19,7.5,7.65,7.3,7.4,813780
2019-09-20,7.45,7.85,7.25,7.5,1890180
2019-09-23,7.55,7.85,7.5,7.55,989217
2019-09-24,7.6,7.75,7.5,7.65,901893
2019-09-25,7.65,7.65,7.3,7.35,738308
2019-09-26,7.3,7.5,7.25,7.3,857469
2019-09-27,7.3,7.45,7.2,7.25,954849
2019-09-30,7.2,7.3,7.0,7.05,1130380
2019-10-01,7.0,7.15,6.9,6.95,847849
2019-10-03,7.0,7.05,6.9,6.95,662901
2019-10-04,7.0,7.15,6.9,6.9,586786
2019-10-07,6.9,7.0,6.8,6.8,649430
2019-10-09,6.8,6.95,6.75,6.8,799662
2019-10-10,6.9,6.9,6.55,6.6,1000036
2019-10-11,6.6,6.7,6.35,6.4,1152514
2019-10-14,6.55,6.65,6.4,6.45,899555
2019-10-15,6.45,6.55,6.15,6.2,1420191
2019-10-16,6.25,6.4,6.2,6.25,896861
2019-10-17,6.25,6.65,6.1,6.5,2002702
2019-10-18,6.55,7.1,6.45,6.6,3180572
2019-10-22,6.65,7.25,6.65,6.95,3040670
2019-10-23,7.05,7.3,7.05,7.1,1045736
2019-10-24,7.25,7.3,6.75,7.15,2003198
2019-10-25,7.15,7.15,6.75,6.8,1019918
2019-10-27,7.0,7.0,6.8,6.95,335368
2019-10-29,7.05,7.25,7.0,7.1,1622017
2019-10-30,7.25,7.25,7.05,7.2,1454017
2019-10-31,7.2,7.45,7.1,7.3,2032667
2019-11-01,7.25,8.75,7.25,8.75,11355287
2019-11-04,9.35,9.35,8.25,8.45,6259218
2019-11-05,8.5,8.55,8.1,8.15,3059130
2019-11-06,8.2,8.35,8.05,8.1,1544340
2019-11-07,8.1,8.3,8.05,8.15,1227636
2019-11-08,8.1,8.2,7.75,7.9,1834113
2019-11-11,7.8,8.05,7.7,8.0,963697
2019-11-13,7.9,8.0,7.55,7.6,1775627
2019-11-14,7.65,7.8,7.3,7.4,1768633
2019-11-15,7.5,7.6,7.1,7.2,1865490
2019-11-18,7.3,7.3,7.15,7.2,1130118
2019-11-19,7.15,7.95,7.1,7.65,6142010
2019-11-20,7.75,7.95,7.5,7.75,3460781
2019-11-21,7.8,7.85,7.3,7.35,2669785
2019-11-22,7.25,7.5,7.1,7.35,2957175
2019-11-25,7.5,7.5,7.2,7.3,2073666
2019-11-26,7.35,7.95,6.95,7.1,11549412
2019-11-27,7.15,7.25,6.85,7.0,3651767
2019-11-28,6.95,7.3,6.9,7.1,3548689
2019-11-29,7.05,7.25,7.05,7.05,1997725
2019-12-02,7.05,7.1,6.95,7.0,1548923
2019-12-03,7.5,7.65,7.05,7.1,7517871
2019-12-04,7.05,7.1,7.0,7.05,1995854
2019-12-05,7.05,7.1,6.9,6.9,2290046
2019-12-06,6.95,7.05,6.7,6.75,2241627
2019-12-09,6.75,6.8,6.6,6.65,2590480
2019-12-10,6.65,6.65,6.5,6.5,1375900
2019-12-11,6.45,6.55,6.25,6.4,2175054
2019-12-12,6.4,6.6,6.4,6.5,1432877
2019-12-13,6.5,6.7,6.5,6.6,2636844
2019-12-16,6.65,6.7,6.5,6.55,1387932
2019-12-17,6.6,6.7,6.5,6.55,1737234
2019-12-18,6.6,6.6,6.4,6.4,1410644
2019-12-19,6.4,6.5,6.3,6.45,1104885
2019-12-20,6.45,6.5,6.3,6.35,1301472
2019-12-23,6.3,6.4,6.25,6.3,1315102
2019-12-24,6.3,7.05,6.3,6.75,8788371
2019-12-26,6.85,6.85,6.5,6.55,1859641
2019-12-27,6.55,6.75,6.5,6.65,1935957
2019-12-30,6.65,6.75,6.5,6.55,1750086
