date,open,high,low,close,volume
2009-03-05,9.8,9.99,9.7,9.8,5344030
2009-03-06,9.68,9.78,9.6,9.7,452890
2009-03-09,9.89,9.89,9.62,9.78,427260
2009-03-12,9.9,10.25,9.6,10.01,1617360
2009-03-13,10.2,10.2,9.92,10.0,259410
2009-03-16,10.2,10.49,9.97,10.02,519850
2009-03-17,10.1,10.19,9.96,10.06,281760
2009-03-18,10.1,10.19,9.9,10.04,193960
2009-03-19,10.1,10.2,10.05,10.1,126730
2009-03-20,10.24,10.24,9.96,10.1,212010
2009-03-23,10.11,10.54,10.11,10.42,1905820
2009-03-24,10.66,10.75,10.4,10.68,811920
2009-03-25,10.52,10.67,10.45,10.56,338690
2009-03-26,10.6,10.7,10.4,10.57,125160
2009-03-27,10.5,10.75,10.47,10.56,211770
2009-03-30,10.5,10.64,10.33,10.44,248420
2009-03-31,10.5,11.15,10.21,10.94,1868520
2009-04-01,10.94,11.07,10.74,10.84,188100
2009-04-02,10.87,11.1,10.8,10.84,597880
2009-04-06,11.0,11.03,10.81,10.89,506460
2009-04-08,10.9,11.06,10.72,10.99,2700510
2009-04-09,11.02,11.2,10.76,10.8,916370
2009-04-13,11.04,11.1,10.71,10.8,1271810
2009-04-15,10.75,11.25,10.7,10.96,4626900
2009-04-16,11.08,11.68,10.92,11.12,3032710
2009-04-17,11.32,11.45,11.25,11.36,1621300
2009-04-20,11.4,11.8,11.33,11.46,1216770
2009-04-21,11.3,11.48,11.2,11.26,716930
2009-04-22,11.38,12.0,11.34,11.48,1496220
2009-04-23,11.6,11.68,11.38,11.6,636920
2009-04-24,11.6,11.85,11.4,11.77,986790
2009-04-27,11.56,11.9,11.43,11.67,805570
2009-04-28,11.8,11.8,11.48,11.6,427380
2009-04-29,11.62,11.85,11.55,11.7,417890
2009-05-04,11.8,12.18,11.58,11.8,1071320
2009-05-05,11.61,12.44,11.61,12.31,1716750
2009-05-06,12.2,12.59,12.02,12.31,1163740
2009-05-07,12.4,12.6,12.08,12.42,900630
2009-05-08,12.42,12.42,11.75,11.94,1155480
2009-05-11,12.0,12.0,11.57,11.66,405350
2009-05-12,11.54,11.8,11.42,11.72,423290
2009-05-13,11.8,11.8,11.5,11.54,666720
2009-05-14,11.4,11.62,11.3,11.6,272160
2009-05-15,11.71,12.28,11.71,11.9,1505410
2009-05-18,12.6,12.88,12.6,12.88,2000
2009-05-19,12.95,12.95,12.0,12.1,6500520
2009-05-20,12.0,13.68,12.0,13.14,5949170
2009-05-21,14.2,15.08,13.6,13.96,7553780
2009-05-22,13.79,14.4,13.54,14.28,4989840
2009-05-25,14.5,14.9,14.29,14.47,2863340
2009-05-26,14.5,15.0,13.6,13.72,1869440
2009-05-27,13.82,14.59,13.61,13.7,2707500
2009-05-28,13.75,13.9,12.88,13.18,3809000
2009-05-29,13.25,14.22,13.1,13.32,9369580
2009-06-01,13.8,14.2,13.63,13.7,7545700
2009-06-02,13.9,14.16,13.35,13.48,6535070
2009-06-03,13.8,14.19,13.65,13.86,6296750
2009-06-04,13.9,14.44,13.71,14.04,9310100
2009-06-05,14.4,14.6,14.02,14.1,6076390
2009-06-08,14.3,14.54,13.45,13.53,5166270
2009-06-09,13.6,13.92,13.02,13.6,1906890
2009-06-10,13.8,14.1,13.6,13.66,2776900
2009-06-11,13.7,14.08,13.58,13.9,3340490
2009-06-12,14.05,14.98,14.02,14.78,12053080
2009-06-15,14.99,15.44,14.33,14.48,12885150
2009-06-16,14.35,15.09,13.92,14.12,7781550
2009-06-17,14.27,14.27,13.5,13.58,6584950
2009-06-18,11.3,13.75,11.3,13.02,3069920
2009-06-19,13.3,13.6,13.0,13.18,2676540
2009-06-22,13.44,13.44,12.93,13.08,970610
2009-06-23,13.0,13.39,12.7,13.26,2499060
2009-06-24,13.5,13.78,13.16,13.63,1167460
2009-06-25,13.35,13.89,13.31,13.44,711690
2009-06-26,13.5,13.78,13.4,13.48,505500
2009-06-29,13.5,13.7,13.3,13.52,1655620
2009-06-30,13.5,13.56,13.35,13.5,2337600
2009-07-01,13.41,13.84,13.3,13.7,1387560
2009-07-02,13.89,14.26,12.5,13.71,2482350
2009-07-03,13.76,13.93,13.52,13.82,943750
2009-07-06,14.0,14.28,13.55,13.66,3583840
2009-07-07,13.89,14.0,13.38,13.45,1651130
2009-07-08,13.4,13.4,13.04,13.22,653030
2009-07-09,13.3,13.35,13.0,13.1,1920270
2009-07-10,13.1,13.3,12.81,13.01,996410
2009-07-13,13.08,13.08,12.5,12.89,1100680
2009-07-14,13.0,13.35,12.96,13.22,1409270
2009-07-15,13.3,13.59,13.24,13.47,742080
2009-07-16,13.58,13.66,13.26,13.36,635720
2009-07-17,13.4,14.0,13.4,13.84,2384440
2009-07-20,13.65,14.19,13.42,13.94,2363560
2009-07-21,13.98,13.98,13.5,13.88,662970
2009-07-22,13.9,13.98,13.52,13.73,801160
2009-07-23,13.7,13.8,13.62,13.7,923430
2009-07-24,13.74,14.2,13.55,13.99,1059720
2009-07-27,14.2,14.2,13.75,14.01,861390
2009-07-28,14.0,14.2,14.0,14.15,738870
2009-07-29,14.1,14.45,13.83,14.02,2307590
2009-07-30,14.0,14.38,14.0,14.3,1046500
2009-07-31,14.5,14.6,14.25,14.31,973800
2009-08-03,14.05,14.44,14.05,14.31,428320
2009-08-04,14.36,14.5,14.06,14.32,596120
2009-08-05,14.41,15.05,14.33,14.88,2946120
2009-08-06,14.9,15.3,14.8,14.87,3981080
2009-08-07,14.14,15.18,14.14,14.38,2334320
2009-08-10,14.4,14.63,14.4,14.5,1117270
2009-08-11,14.51,14.67,14.21,14.43,373320
2009-08-12,14.06,14.85,14.06,14.77,650520
2009-08-13,14.97,15.5,14.82,15.31,4306640
2009-08-14,15.6,18.24,15.5,17.22,34007540
2009-08-17,16.8,16.87,15.52,15.66,12510830
2009-08-18,15.8,16.44,15.71,15.92,9422830
2009-08-19,15.6,16.25,15.25,15.36,4494670
2009-08-20,15.63,16.18,15.31,15.66,6396520
2009-08-21,15.7,15.78,15.46,15.6,2170520
2009-08-24,15.8,16.18,15.62,15.9,3426100
2009-08-25,16.18,16.69,16.07,16.22,8068110
2009-08-26,16.38,16.42,16.1,16.13,2307800
2009-08-27,16.06,16.38,15.94,16.08,2081230
2009-08-28,16.2,16.89,16.2,16.36,6629700
2009-08-31,16.15,16.98,16.1,16.73,4643940
2009-09-01,16.8,16.94,16.3,16.36,3657280
2009-09-02,16.11,16.45,16.06,16.2,1090750
2009-09-03,16.3,16.74,16.06,16.15,2143330
2009-09-04,16.37,16.48,16.06,16.12,1612460
2009-09-07,16.29,16.34,15.88,16.15,2075800
2009-09-08,16.34,16.34,16.12,16.2,1198860
2009-09-09,16.22,16.34,15.74,15.8,1946280
2009-09-10,15.99,16.4,15.82,16.18,2372610
2009-09-11,16.11,16.45,15.85,15.92,770880
2009-09-14,16.08,16.4,15.72,16.23,1189300
2009-09-15,16.25,16.39,16.16,16.2,744780
2009-09-16,16.23,16.69,16.22,16.53,5481790
2009-09-17,16.6,16.78,16.32,16.44,2646700
2009-09-18,16.48,16.68,16.36,16.54,1400350
2009-09-22,16.66,16.79,16.35,16.4,1363600
2009-09-23,16.52,16.94,16.31,16.41,5798320
2009-09-24,16.8,17.3,16.3,16.54,7295070
2009-09-25,16.5,16.84,16.21,16.5,1872380
2009-09-29,16.7,16.7,16.36,16.42,1386700
2009-09-30,16.5,16.5,16.22,16.33,1002950
2009-10-01,16.0,16.4,16.0,16.22,1201580
2009-10-05,16.2,16.38,16.11,16.17,983940
2009-10-06,16.18,16.18,15.7,15.82,1321700
2009-10-07,15.9,16.44,15.9,16.23,1170910
2009-10-08,16.39,17.0,16.01,16.34,1685910
2009-10-09,16.22,16.5,16.11,16.3,3246920
2009-10-12,16.3,16.5,16.3,16.42,1803660
2009-10-14,16.45,16.5,16.45,16.47,1188690
2009-10-15,16.5,16.55,16.36,16.46,4837590
2009-10-16,16.12,16.5,16.12,16.28,728660
2009-10-17,16.3,16.5,16.3,16.38,242210
2009-10-20,16.37,16.48,16.08,16.16,2773570
2009-10-21,16.2,16.4,16.11,16.32,781120
2009-10-22,16.3,16.6,16.2,16.42,1708220
2009-10-23,16.3,16.52,16.25,16.34,600230
2009-10-26,16.16,17.07,16.16,16.46,4253470
2009-10-27,16.1,16.48,15.82,16.2,1622830
2009-10-28,16.19,16.2,15.82,16.01,3042670
2009-10-29,15.82,15.95,15.51,15.7,827260
2009-10-30,15.9,16.26,15.22,15.74,2236500
2009-11-03,16.0,16.0,15.4,15.51,914320
2009-11-04,15.5,15.8,15.5,15.7,476450
2009-11-05,15.96,16.41,15.7,16.2,653790
2009-11-06,16.25,16.45,16.03,16.37,568790
2009-11-09,16.35,16.46,16.25,16.32,469030
2009-11-10,16.32,16.6,16.3,16.54,1917530
2009-11-11,16.35,16.5,16.26,16.4,1167610
2009-11-12,16.72,16.72,16.31,16.5,1041100
2009-11-13,16.36,16.87,15.8,16.02,7321840
2009-11-16,16.35,16.4,15.9,16.29,1983230
2009-11-17,16.3,16.52,16.1,16.44,1070560
2009-11-18,16.57,16.61,16.31,16.5,2572030
2009-11-19,16.59,17.24,16.52,16.83,2443740
2009-11-20,16.8,17.15,16.45,16.58,1399510
2009-11-23,16.51,16.79,16.44,16.48,1112120
2009-11-24,16.55,17.23,16.47,17.04,1893080
2009-11-25,17.19,17.57,16.96,17.16,3549200
2009-11-26,17.04,17.35,16.7,16.89,804050
2009-11-27,16.56,16.86,16.36,16.76,1067980
2009-11-30,16.97,17.09,16.71,16.86,536700
2009-12-01,16.88,17.42,16.81,17.25,1916180
2009-12-02,17.29,19.3,17.11,17.65,11577240
2009-12-03,17.8,18.2,17.62,17.74,2675030
2009-12-04,17.89,17.89,17.4,17.61,1118120
2009-12-07,17.61,18.2,17.5,17.84,2370830
2009-12-08,18.14,18.52,17.72,18.18,3533000
2009-12-09,18.25,18.58,17.92,18.26,7219000
2009-12-10,18.4,18.4,18.03,18.25,1039540
2009-12-11,18.4,19.37,18.29,18.7,19353570
2009-12-14,18.92,19.26,18.59,18.88,15826480
2009-12-15,18.8,19.18,18.7,18.84,3836710
2009-12-16,18.8,19.08,18.44,18.62,1730590
2009-12-17,18.6,19.68,18.6,19.24,13723560
2009-12-18,19.24,19.75,19.06,19.26,7704680
2009-12-21,19.1,19.58,18.53,18.66,1621680
2009-12-22,18.99,19.54,18.81,19.38,1742240
2009-12-23,19.42,19.98,19.08,19.64,4704020
2009-12-24,19.64,20.18,19.6,19.74,5050850
2009-12-29,19.9,20.26,19.56,19.66,4877850
2009-12-30,19.7,20.07,19.67,19.82,2880700
2009-12-31,19.95,20.1,19.8,19.97,2083350
2010-01-04,19.8,20.18,19.7,19.88,2903120
2010-01-05,19.91,20.62,19.91,20.04,4058280
2010-01-06,20.2,20.39,19.61,19.76,2624800
2010-01-07,19.98,20.05,19.5,19.62,1979380
2010-01-08,19.7,19.79,19.3,19.48,1910160
2010-01-11,19.6,20.05,19.55,19.85,1318670
2010-01-12,19.9,20.47,19.66,19.77,4546970
2010-01-13,19.6,20.16,19.6,19.83,1990940
2010-01-14,19.91,21.25,19.91,20.64,8295250
2010-01-15,20.82,21.2,20.5,20.9,2477110
2010-01-18,20.97,21.0,20.4,20.53,942870
2010-01-19,20.52,20.75,20.31,20.4,911450
2010-01-20,20.41,20.77,19.64,19.98,3701470
2010-01-21,20.0,20.81,19.13,19.92,7496460
2010-01-22,19.92,20.8,19.02,20.28,6327320
2010-01-25,20.31,21.05,19.9,20.0,2256510
2010-01-27,19.84,20.4,19.36,19.51,4203580
2010-01-28,20.0,20.05,19.55,19.63,4410310
2010-01-29,19.31,19.9,19.24,19.8,956750
2010-02-01,19.61,20.25,19.5,20.12,1356670
2010-02-02,20.12,20.8,20.07,20.3,2052270
2010-02-03,20.23,20.5,20.05,20.3,1618050
2010-02-04,20.45,21.85,20.45,20.64,14592410
2010-02-05,20.5,21.1,20.1,20.87,6597880
2010-02-06,21.0,24.9,21.0,23.52,12841310
2010-02-08,23.74,24.3,21.02,21.16,28725580
2010-02-09,21.3,22.1,20.85,20.94,12157290
2010-02-10,21.2,21.58,20.9,20.98,4562800
2010-02-11,21.34,21.77,20.9,21.21,5939470
2010-02-15,21.1,21.38,20.75,20.8,2121570
2010-02-16,21.0,21.34,20.72,21.06,5681010
2010-02-17,21.27,21.37,21.01,21.15,2051010
2010-02-18,21.24,21.58,21.01,21.16,6986590
2010-02-19,21.18,21.24,20.8,20.88,1601450
2010-02-22,21.0,21.34,20.67,20.78,1669060
2010-02-23,20.91,21.16,20.62,20.88,2076680
2010-02-24,20.9,21.48,20.76,20.98,2117140
2010-02-25,21.0,21.18,20.81,20.94,1178170
2010-02-26,21.1,21.49,20.56,20.82,2753550
2010-03-02,20.92,21.49,20.92,21.3,2987740
2010-03-03,21.35,21.4,21.12,21.28,2056770
2010-03-04,21.3,21.59,21.0,21.48,3852880
2010-03-05,21.6,22.48,21.46,22.34,10918160
2010-03-08,22.54,22.95,22.3,22.42,3800040
2010-03-09,22.45,22.48,22.1,22.21,1552330
2010-03-10,22.2,22.39,21.93,22.0,780420
2010-03-11,22.11,22.2,21.64,22.06,1138290
2010-03-12,22.0,22.74,21.95,22.44,2788360
2010-03-15,22.38,22.4,21.8,22.02,783310
2010-03-16,22.22,22.22,21.82,21.96,863670
2010-03-17,22.1,22.36,21.72,21.98,1551360
2010-03-18,22.02,22.1,21.68,21.9,858950
2010-03-19,22.0,22.38,21.86,22.11,1143860
2010-03-22,22.3,22.8,22.25,22.43,3400300
2010-03-23,22.78,22.94,22.06,22.53,3384430
2010-03-25,22.6,22.7,22.1,22.15,2550540
2010-03-26,22.2,22.49,20.9,21.12,3034330
2010-03-29,21.25,21.66,21.12,21.44,1891560
2010-03-30,21.5,21.69,21.4,21.44,1088370
2010-03-31,21.5,21.82,21.11,21.7,4755830
2010-04-01,22.1,22.1,21.5,21.62,523080
2010-04-05,21.75,23.14,21.75,22.76,2527480
2010-04-06,23.0,23.03,22.4,22.56,960830
2010-04-07,22.3,23.07,22.3,22.58,1296580
2010-04-08,22.78,23.6,22.41,23.06,2473930
2010-04-09,23.0,23.2,22.8,22.92,580720
2010-04-12,22.94,23.28,22.7,23.08,817570
2010-04-13,23.1,23.2,22.71,22.93,596480
2010-04-15,23.0,23.6,23.0,23.44,1994910
2010-04-16,23.5,23.5,22.93,23.14,1025130
2010-04-19,22.9,22.98,22.6,22.73,676280
2010-04-20,23.0,23.8,22.92,23.33,3481950
2010-04-21,23.5,24.78,23.26,23.42,5828310
2010-04-22,23.5,23.95,23.03,23.14,1835040
2010-04-23,23.35,23.49,23.1,23.21,950760
2010-04-26,23.22,23.82,23.22,23.7,1015290
2010-04-27,23.7,23.84,22.95,23.02,975240
2010-04-28,22.9,23.68,22.56,23.42,1844250
2010-04-29,23.69,23.8,23.3,23.4,876460
2010-04-30,23.68,23.69,23.22,23.35,421800
2010-05-03,23.4,23.7,23.15,23.32,921160
2010-05-04,23.49,23.53,23.14,23.23,393900
2010-05-05,23.0,23.2,22.65,23.0,566090
2010-05-06,23.0,23.32,22.9,23.16,422710
2010-05-07,22.56,23.06,22.35,22.46,551820
2010-05-10,22.56,23.0,22.51,22.92,400510
2010-05-11,22.92,23.08,22.56,22.76,1066080
2010-05-12,22.8,23.37,22.62,23.02,927430
2010-05-13,23.29,23.7,23.02,23.63,3482810
2010-05-14,23.63,24.0,23.52,23.64,1676290
2010-05-17,22.93,23.8,22.93,23.6,573180
2010-05-18,23.5,25.6,23.5,24.78,3770430
2010-05-19,24.5,24.7,23.9,24.16,1101340
2010-05-20,25.0,28.5,21.51,22.84,26147550
2010-05-21,22.7,22.8,21.85,22.06,3838950
2010-05-24,22.7,22.7,21.6,21.94,5589910
2010-05-25,21.81,23.47,21.8,22.68,9210510
2010-05-26,22.88,23.28,22.71,22.88,1543110
2010-05-27,22.98,23.1,22.51,22.73,756250
2010-05-28,23.0,23.95,22.82,23.68,1700670
2010-05-31,23.79,24.4,23.7,23.87,2184020
2010-06-01,24.0,24.12,23.1,23.3,1217480
2010-06-02,23.39,23.64,23.0,23.16,5916620
2010-06-03,23.4,23.79,23.4,23.69,1687370
2010-06-04,23.7,24.3,23.62,24.0,5050960
2010-06-07,23.6,24.9,22.88,23.08,6012970
2010-06-08,23.2,23.68,23.11,23.34,2036580
2010-06-09,23.5,23.59,23.2,23.3,1232850
2010-06-10,23.5,23.5,22.91,23.26,1004190
2010-06-11,23.5,23.75,23.3,23.6,1441520
2010-06-14,23.97,23.97,23.2,23.91,919340
2010-06-15,24.0,24.59,23.72,24.11,2533130
2010-06-16,24.14,24.3,23.82,24.09,825950
2010-06-17,24.6,26.54,24.6,25.84,22551810
2010-06-18,25.94,26.54,25.65,26.42,4940800
2010-06-21,26.5,27.0,25.2,26.12,3136240
2010-06-22,26.1,26.1,25.43,25.74,2935640
2010-06-23,25.24,25.99,25.1,25.52,999950
2010-06-24,25.79,25.79,24.96,25.1,1662570
2010-06-25,25.2,27.1,24.86,25.7,5310860
2010-06-28,25.94,26.45,25.7,26.1,2194340
2010-06-29,26.0,26.24,25.81,25.88,1644610
2010-06-30,25.6,26.25,25.4,25.8,3186410
2010-07-01,26.7,27.75,26.2,26.68,11460910
2010-07-02,26.9,29.27,26.82,28.36,45534960
2010-07-05,28.4,29.88,28.1,28.9,17927580
2010-07-06,28.8,29.08,28.15,28.46,7695700
2010-07-07,28.6,28.6,27.6,27.67,1747940
2010-07-08,28.15,31.7,27.95,28.17,2691090
2010-07-09,28.2,29.3,28.2,28.7,7635120
2010-07-12,29.0,29.1,28.33,28.44,1522290
2010-07-13,28.56,28.56,28.1,28.18,2172560
2010-07-14,28.3,29.31,28.2,28.51,2109810
2010-07-15,28.59,29.55,28.45,29.42,4672590
2010-07-16,29.71,30.08,29.14,29.38,5723710
2010-07-19,29.2,30.24,29.14,29.8,10033190
2010-07-20,29.8,30.3,29.5,29.6,2146020
2010-07-21,29.6,29.87,28.4,28.46,4110690
2010-07-22,28.41,29.04,28.3,28.6,1158410
2010-07-23,28.9,29.08,28.21,28.28,1164710
2010-07-26,28.05,28.55,27.53,27.65,1727970
2010-07-27,27.85,28.57,27.7,27.96,5030870
2010-07-28,28.2,29.52,28.11,29.25,5348280
2010-07-29,29.26,30.07,29.04,29.84,4524910
2010-07-30,29.59,30.27,29.41,30.07,5231130
2010-08-02,30.18,30.44,29.72,30.07,1406450
2010-08-03,30.3,30.34,29.81,30.09,824480
2010-08-04,30.0,30.98,30.0,30.36,3386390
2010-08-05,30.6,30.6,29.34,29.68,847100
2010-08-06,29.68,30.15,29.4,29.78,1174630
2010-08-09,29.8,30.24,29.8,30.12,820610
2010-08-10,30.0,30.8,30.0,30.6,1295450
2010-08-11,30.5,31.39,30.5,31.2,3458330
2010-08-12,31.05,31.9,30.0,30.53,6584910
2010-08-13,30.7,31.78,30.51,31.28,3740720
2010-08-16,31.56,31.7,31.06,31.53,777280
2010-08-17,31.35,32.29,31.19,32.05,2626500
2010-08-18,32.2,32.55,31.72,31.98,1227120
2010-08-19,32.0,32.4,31.65,32.3,890360
2010-08-20,32.48,32.48,31.8,32.06,586830
2010-08-23,32.38,33.4,32.1,32.38,2888780
2010-08-24,32.65,32.7,31.75,31.82,4956020
2010-08-25,31.99,32.5,31.71,32.16,1171640
2010-08-26,32.4,33.25,32.4,32.83,3043810
2010-08-27,32.71,33.3,32.5,32.94,1873750
2010-08-30,33.59,34.0,33.35,33.52,1538190
2010-08-31,33.01,34.79,33.01,33.68,3590140
2010-09-01,33.8,34.39,33.72,33.92,942630
2010-09-02,34.37,34.49,33.91,34.16,1751610
2010-09-03,34.18,35.4,34.18,35.14,6869160
2010-09-06,35.8,36.96,35.4,36.03,4036860
2010-09-07,36.3,37.39,35.3,35.62,7219680
2010-09-08,36.0,36.06,34.0,34.42,3247960
2010-09-09,34.5,35.9,32.6,32.92,10679890
2010-09-13,34.48,34.48,32.85,33.07,2234430
2010-09-14,33.0,33.25,31.55,31.79,5908190
2010-09-15,31.99,32.5,30.81,31.02,8672190
2010-09-16,31.02,32.99,31.01,32.41,7989250
2010-09-17,32.61,33.28,32.41,32.8,3800520
2010-09-20,33.1,33.45,32.5,32.72,2640360
2010-09-21,32.8,32.95,31.0,31.22,5422860
2010-09-22,31.21,31.8,30.42,30.64,3825690
2010-09-23,30.8,32.0,30.71,31.68,4139220
2010-09-24,31.7,32.11,31.26,32.02,1834950
2010-09-27,32.12,32.4,31.0,31.1,3614650
2010-09-28,30.9,31.7,30.72,31.51,2148020
2010-09-29,31.6,31.71,30.42,30.59,10129170
2010-09-30,30.6,30.75,29.42,30.54,5469730
2010-10-01,31.0,32.65,30.8,32.44,5174390
2010-10-04,32.5,32.89,30.83,31.08,5893040
2010-10-05,31.25,31.54,30.9,31.0,4003890
2010-10-06,31.2,31.8,31.12,31.45,7383380
2010-10-07,31.2,31.54,30.85,31.02,10761720
2010-10-08,31.0,31.4,30.58,30.61,6290500
2010-10-11,30.9,31.05,30.42,30.53,4365580
2010-10-12,30.72,31.5,30.56,31.35,4666580
2010-10-13,31.5,32.79,31.21,32.66,6714050
2010-10-14,32.79,33.19,32.35,32.54,4493540
2010-10-15,32.61,32.86,31.92,32.25,1023400
2010-10-18,32.44,32.56,31.73,31.96,574760
2010-10-19,32.17,32.5,31.35,31.62,633500
2010-10-20,31.62,32.98,31.62,32.61,2580990
2010-10-21,32.9,34.0,32.81,33.58,7091120
2010-10-22,34.0,34.06,32.9,33.04,1661210
2010-10-25,33.28,33.6,33.2,33.37,815410
2010-10-26,33.4,33.7,33.24,33.4,807690
2010-10-27,33.39,33.4,32.54,33.12,1031450
2010-10-28,32.86,35.99,32.86,33.86,7376630
2010-10-29,34.38,34.54,32.4,32.88,2011660
2010-11-01,33.28,33.39,32.32,32.58,922770
2010-11-02,32.2,33.4,31.75,33.06,1887270
2010-11-03,33.4,33.57,32.5,32.72,5209350
2010-11-04,32.75,33.48,32.72,33.2,5322880
2010-11-05,33.4,33.9,33.3,33.68,376960
2010-11-08,34.05,34.05,32.6,32.72,1584360
2010-11-09,32.2,32.98,32.0,32.18,1775560
2010-11-10,32.18,32.98,31.8,32.22,2506280
2010-11-11,32.2,32.57,32.02,32.22,1216730
2010-11-12,32.2,32.2,30.61,30.88,4338100
2010-11-15,31.3,31.9,30.44,31.57,1953790
2010-11-16,31.5,32.72,31.0,31.38,4345050
2010-11-18,31.6,31.97,30.22,30.62,2809210
2010-11-19,31.5,31.5,30.5,30.81,1468200
2010-11-22,30.98,31.73,30.65,31.61,1952380
2010-11-23,30.88,31.99,30.8,31.77,1344230
2010-11-24,31.82,32.5,31.5,32.0,1935300
2010-11-25,32.32,32.32,30.8,31.24,1097080
2010-11-26,31.4,32.0,30.53,31.7,1376260
2010-11-29,32.0,33.12,31.22,32.9,3401360
2010-11-30,33.08,33.39,32.58,33.22,3289170
2010-12-01,33.3,33.4,32.77,33.22,2946940
2010-12-02,33.5,33.82,33.25,33.64,2248180
2010-12-03,33.68,34.19,32.9,33.4,5164030
2010-12-06,33.44,34.5,33.1,34.36,3275040
2010-12-07,35.4,35.4,33.53,33.7,2183920
2010-12-08,33.8,33.88,32.6,32.88,908940
2010-12-09,33.04,33.26,31.11,31.75,2053940
2010-12-10,31.5,32.2,31.1,32.11,758530
2010-12-13,32.34,32.8,31.72,32.58,514720
2010-12-14,32.6,33.14,32.5,32.56,633310
2010-12-15,32.54,34.5,32.54,34.04,3094370
2010-12-16,34.2,34.5,33.25,33.78,3187230
2010-12-20,33.84,34.3,33.5,33.56,909320
2010-12-21,33.78,33.9,33.39,33.44,984790
2010-12-22,33.3,33.85,32.82,33.0,435940
2010-12-23,33.18,33.3,32.21,32.4,579110
2010-12-24,32.48,32.98,32.11,32.82,424280
2010-12-27,32.8,33.2,32.01,32.5,299810
2010-12-28,32.32,32.9,32.3,32.48,356780
2010-12-29,32.68,33.45,32.3,32.99,2020760
2010-12-30,33.0,33.58,33.0,33.43,1228380
2011-01-03,34.9,35.98,34.6,35.0,7027630
2011-01-04,35.12,35.28,34.43,34.76,1444290
2011-01-05,34.8,34.8,34.12,34.21,693680
2011-01-06,34.4,34.48,33.81,34.11,563290
2011-01-07,34.34,34.36,33.5,33.66,1100570
2011-01-10,34.5,34.9,32.76,33.02,3576580
2011-01-11,33.7,33.74,32.01,32.68,1447720
2011-01-12,32.8,33.24,32.01,32.74,1209940
2011-01-13,32.96,33.42,32.51,33.03,1324540
2011-01-14,33.25,33.76,32.9,33.36,2686350
2011-01-17,33.5,34.1,33.0,33.28,2017290
2011-01-18,33.3,33.88,33.1,33.34,1023520
2011-01-19,33.5,33.7,32.6,33.46,2838270
2011-01-20,33.38,33.5,32.71,32.99,2572130
2011-01-21,33.14,33.45,32.7,32.83,1985710
2011-01-24,32.98,33.0,32.4,32.52,1629820
2011-01-25,32.78,32.99,32.3,32.34,1348250
2011-01-27,32.0,32.27,31.3,31.42,3403680
2011-01-28,31.45,31.48,30.5,30.84,3047410
2011-01-31,30.72,32.2,29.5,31.06,7017050
2011-02-01,31.1,32.18,30.98,31.06,1620460
2011-02-02,31.34,32.0,31.0,31.81,1384900
2011-02-03,31.82,32.56,31.5,32.3,1239380
2011-02-04,32.0,32.22,31.2,31.43,1550450
2011-02-07,31.38,31.7,31.07,31.35,617800
2011-02-08,31.48,31.9,31.32,31.62,2352040
2011-02-09,31.57,31.57,30.83,31.12,2149390
2011-02-10,31.0,31.1,30.8,30.9,2777920
2011-02-11,31.08,31.08,30.5,30.6,2481010
2011-02-14,30.71,31.05,30.5,30.58,4082940
2011-02-15,30.64,31.1,30.51,30.68,5385110
2011-02-16,30.6,30.7,30.36,30.56,1922310
2011-02-17,30.6,30.7,30.46,30.53,1758860
2011-02-18,29.9,30.75,29.4,30.17,4459350
2011-02-21,29.9,30.6,28.96,30.44,2837950
2011-02-22,30.5,30.6,30.16,30.5,650890
2011-02-23,30.43,30.85,30.34,30.69,2746850
2011-02-24,30.76,30.76,29.26,29.48,6449080
2011-02-25,29.2,29.79,28.5,28.9,2432180
2011-02-28,29.04,29.52,28.83,28.96,1337430
2011-03-01,29.3,29.49,29.0,29.35,3280530
2011-03-03,29.4,29.93,29.35,29.63,1896790
2011-03-04,29.98,29.98,29.46,29.74,1784840
2011-03-07,28.52,29.6,28.52,29.47,559990
2011-03-08,30.0,30.5,29.45,29.6,612740
2011-03-09,29.5,30.64,29.5,30.58,2353390
2011-03-10,30.6,30.62,30.07,30.19,1162690
2011-03-11,29.36,31.08,29.36,30.48,1275520
2011-03-14,30.2,30.6,30.1,30.28,544230
2011-03-15,29.7,30.5,29.5,30.12,1008280
2011-03-16,30.5,30.8,30.01,30.1,1076250
2011-03-17,30.0,30.14,29.36,29.58,1149580
2011-03-18,29.63,29.8,29.25,29.39,1646320
2011-03-21,29.3,29.68,29.2,29.51,651610
2011-03-22,29.52,29.9,29.39,29.57,581190
2011-03-23,29.88,30.11,29.61,29.73,466390
2011-03-24,29.75,30.26,29.75,30.02,1227820
2011-03-25,30.5,30.5,29.9,30.07,4597740
2011-03-28,30.0,30.3,29.87,30.11,1169430
2011-03-29,30.18,30.29,29.7,29.93,557040
2011-03-30,30.19,30.2,29.86,29.98,1397450
2011-03-31,30.39,30.39,29.8,30.0,2257960
2011-04-01,30.0,30.38,29.98,30.24,1503350
2011-04-04,30.8,31.2,30.5,30.7,3902970
2011-04-05,30.98,31.07,30.35,30.64,3206170
2011-04-06,30.7,32.1,30.66,31.47,12637960
2011-04-07,32.1,32.28,31.68,31.84,9642870
2011-04-08,32.0,32.18,30.56,31.04,6642900
2011-04-11,30.87,31.34,30.7,31.02,2782480
2011-04-13,30.98,31.87,30.53,31.4,4718690
2011-04-15,31.58,32.18,31.2,32.03,4582780
2011-04-18,32.19,32.47,31.5,31.74,2699870
2011-04-19,31.7,32.49,31.45,32.06,4018090
2011-04-20,32.49,32.64,31.82,32.12,3355620
2011-04-21,32.48,32.49,31.97,32.15,1038680
2011-04-25,32.2,32.68,31.85,32.54,1715600
2011-04-26,32.5,32.54,31.86,32.44,1879690
2011-04-27,32.6,32.98,32.3,32.7,5602330
2011-04-28,33.5,33.5,31.14,31.5,3282070
2011-04-29,31.6,32.34,31.53,32.15,1855670
2011-05-02,32.4,32.67,32.08,32.38,1317570
2011-05-03,32.3,32.38,30.88,31.58,2741510
2011-05-04,31.3,32.39,31.03,32.19,2874420
2011-05-05,32.2,32.65,32.04,32.3,1965280
2011-05-06,32.46,32.56,32.16,32.28,1254460
2011-05-09,32.5,33.2,32.0,32.93,3094930
2011-05-10,33.0,33.19,32.2,32.62,1112640
2011-05-11,32.6,34.28,32.51,33.88,4185340
2011-05-12,33.8,34.2,32.7,33.14,2076400
2011-05-13,33.1,33.97,33.0,33.74,2946780
2011-05-16,34.14,34.36,33.02,33.48,2593650
2011-05-17,34.2,34.2,33.24,34.01,1693880
2011-05-18,34.1,34.1,33.61,33.88,4807260
2011-05-19,33.52,33.88,33.1,33.28,1095500
2011-05-20,33.2,33.68,33.1,33.23,612090
2011-05-23,33.2,33.49,32.72,32.81,926600
2011-05-24,32.76,34.09,32.76,33.4,2915260
2011-05-25,33.6,33.6,32.8,33.04,633530
2011-05-26,33.1,33.52,32.24,32.51,1455700
2011-05-27,32.74,33.28,32.61,33.16,549660
2011-05-30,33.2,33.9,33.2,33.27,1120390
2011-05-31,33.6,35.24,33.37,34.24,8343280
2011-06-01,34.4,34.56,34.12,34.24,2343400
2011-06-02,34.2,34.3,33.62,33.7,476400
2011-06-03,33.7,34.18,33.5,33.82,612910
2011-06-06,34.15,35.0,33.81,33.98,2833520
2011-06-07,34.5,34.85,33.8,34.67,3658080
2011-06-08,34.3,36.0,34.3,35.3,7090460
2011-06-09,35.2,35.54,34.82,35.02,1958240
2011-06-10,35.2,35.47,34.56,35.02,4268320
2011-06-13,35.0,35.35,34.74,35.23,3801470
2011-06-14,35.5,37.58,35.12,37.02,14171360
2011-06-15,37.38,37.49,36.84,36.91,7180690
2011-06-16,36.7,37.8,36.4,37.23,5983700
2011-06-17,37.35,37.47,36.8,36.98,2834920
2011-06-20,36.98,37.26,34.66,36.04,4099910
2011-06-21,36.32,37.2,36.1,36.7,1878460
2011-06-22,36.8,37.33,36.42,36.92,1774430
2011-06-23,36.9,37.0,36.34,36.46,1893310
2011-06-24,36.74,37.54,36.6,37.08,2470770
2011-06-27,37.1,38.14,37.1,37.49,4388190
2011-06-28,37.55,37.6,36.8,37.4,2839700
2011-06-29,37.26,37.88,37.0,37.6,1274410
2011-06-30,37.65,38.5,37.6,38.11,3984810
2011-07-01,38.2,39.08,38.2,38.58,3135140
2011-07-04,38.62,39.22,38.62,38.86,931710
2011-07-05,39.0,39.48,38.3,38.96,2872930
2011-07-06,38.98,39.15,38.63,38.79,1406400
2011-07-07,39.0,39.4,38.7,38.96,1807940
2011-07-08,39.0,39.39,38.56,39.13,2920210
2011-07-11,39.1,39.56,38.8,39.24,1836010
2011-07-12,38.65,38.99,38.1,38.26,6182300
2011-07-13,38.59,39.67,38.59,39.43,1443240
2011-07-14,39.67,40.0,39.28,39.43,1824230
2011-07-15,39.68,39.72,39.3,39.42,1008440
2011-07-18,39.4,40.29,39.3,39.82,4273460
2011-07-19,39.58,39.94,39.11,39.22,1525930
2011-07-20,39.26,39.62,38.6,38.82,1024750
2011-07-21,39.0,40.29,38.81,40.09,4392860
2011-07-22,40.3,41.06,39.7,40.79,5674330
2011-07-25,40.98,40.98,40.3,40.42,632930
2011-07-26,40.4,40.99,40.21,40.5,1211150
2011-07-27,40.69,40.7,39.85,40.18,614270
2011-07-28,40.2,41.44,39.7,41.17,5185750
2011-07-29,41.49,41.64,40.62,40.78,1628540
2011-08-01,40.7,41.7,39.82,41.23,9056420
2011-08-02,41.26,42.54,40.82,42.28,6658440
2011-08-03,42.33,42.78,41.8,41.97,4628440
2011-08-04,42.17,42.38,40.71,40.86,2292390
2011-08-05,39.68,42.2,39.0,41.81,5751470
2011-08-08,41.5,42.16,40.8,41.16,3294850
2011-08-09,40.5,41.8,40.0,41.5,2929520
2011-08-10,41.8,42.3,41.4,41.56,3551840
2011-08-11,41.8,41.8,41.03,41.2,1921110
2011-08-12,41.52,42.36,41.0,41.88,3493190
2011-08-16,42.55,43.09,41.72,42.04,2518650
2011-08-17,39.8,42.84,39.8,42.16,2328830
2011-08-18,42.46,42.5,41.71,41.86,1661440
2011-08-19,41.86,42.26,41.4,42.05,2521470
2011-08-22,42.2,43.42,41.0,42.22,3033990
2011-08-23,42.6,42.65,41.71,42.04,2569090
2011-08-24,42.1,43.31,41.8,43.0,3239620
2011-08-25,43.5,43.7,42.52,43.24,5181330
2011-08-26,43.6,43.8,41.44,41.66,1653320
2011-08-29,42.6,42.6,41.76,41.91,2507270
2011-08-30,42.1,43.1,42.1,42.93,1770630
2011-09-02,43.42,44.18,43.24,43.84,4117010
2011-09-05,43.7,44.84,43.41,44.7,4032610
2011-09-06,45.0,45.06,44.12,44.69,2048760
2011-09-07,44.8,45.4,44.1,44.42,1872280
2011-09-08,44.8,44.8,43.7,43.97,1402610
2011-09-09,43.52,44.64,43.52,44.2,1059590
2011-09-12,42.9,44.28,42.9,43.61,2721300
2011-09-13,43.94,44.22,42.84,43.14,3558730
2011-09-14,43.33,44.1,42.47,42.73,1340830
2011-09-15,42.9,43.3,42.0,42.4,2991990
2011-09-16,43.08,43.5,42.86,43.04,2565520
2011-09-19,42.8,43.5,42.55,43.33,1678210
2011-09-20,43.12,44.0,43.12,43.8,2815070
2011-09-21,43.92,44.2,43.63,43.96,1249660
2011-09-22,43.5,43.78,42.8,43.04,1414550
2011-09-23,43.0,43.0,40.3,42.19,4856970
2011-09-26,42.14,42.4,40.7,41.22,3155080
2011-09-27,41.44,42.82,41.44,42.5,3899220
2011-09-28,43.4,43.44,41.8,42.49,3210770
2011-09-29,41.8,43.14,41.52,42.45,6325400
2011-09-30,42.88,43.45,42.44,42.54,6374310
2011-10-03,42.79,43.2,42.12,42.94,6218750
2011-10-04,43.2,43.27,42.8,42.96,5147300
2011-10-05,43.16,43.25,42.95,43.01,3075680
2011-10-07,43.1,43.9,41.8,42.7,5672890
2011-10-10,43.0,43.2,42.2,43.02,3931350
2011-10-11,42.97,43.4,42.5,42.59,3285790
2011-10-12,42.87,43.04,42.42,42.68,2927990
2011-10-13,42.88,42.88,42.12,42.36,1140580
2011-10-14,40.82,42.2,40.8,40.92,2868550
2011-10-17,41.16,41.32,39.1,39.58,4007250
2011-10-18,39.5,40.25,38.63,39.58,7472660
2011-10-19,40.02,40.4,38.75,39.74,8064850
2011-10-20,39.98,40.1,39.3,39.76,5726500
2011-10-21,40.4,40.4,39.42,39.96,704090
2011-10-24,40.2,40.58,40.0,40.43,1649300
2011-10-25,40.5,40.65,39.6,39.86,2536950
2011-10-26,40.1,40.58,40.0,40.41,298280
2011-10-28,40.6,41.12,40.13,40.99,1036010
2011-10-31,40.76,41.9,40.0,41.65,1762110
2011-11-01,42.2,42.2,41.5,41.76,1493570
2011-11-02,41.66,42.86,41.38,42.36,2305480
2011-11-03,42.48,42.79,41.42,41.92,2458560
2011-11-04,41.92,42.69,41.9,42.02,2514520
2011-11-08,42.16,42.5,41.5,42.12,3173220
2011-11-09,42.0,42.29,41.46,42.04,661560
2011-11-11,41.63,43.18,41.5,42.89,3753330
2011-11-14,43.0,43.7,42.5,42.74,2236920
2011-11-15,42.5,42.5,41.88,42.0,1177310
2011-11-16,41.45,41.98,40.36,41.31,1430010
2011-11-17,41.2,41.44,39.02,39.41,5924370
2011-11-18,38.5,39.16,37.99,38.42,10636870
2011-11-21,38.11,39.99,37.5,39.18,3976150
2011-11-22,38.8,39.45,38.11,38.73,3982750
2011-11-23,38.6,39.6,38.22,39.02,2028760
2011-11-24,39.0,40.45,38.84,39.94,1607020
2011-11-25,39.86,40.0,39.01,39.12,666820
2011-11-28,39.6,41.5,39.3,40.16,807000
2011-11-29,40.46,40.94,39.1,39.36,663330
2011-11-30,39.22,40.35,39.14,40.18,1337540
2011-12-01,40.52,41.5,39.5,40.01,2377710
2011-12-02,39.94,40.64,39.94,40.48,502800
2011-12-05,40.01,40.86,40.0,40.16,1038690
2011-12-07,40.02,40.5,38.34,38.68,6638210
2011-12-08,38.68,39.18,37.2,37.48,3478220
2011-12-09,37.5,37.78,36.45,37.0,3739180
2011-12-12,37.0,38.18,35.9,36.76,4854360
2011-12-13,36.31,36.58,35.12,35.92,2681460
2011-12-14,35.9,36.7,35.81,36.42,2877320
2011-12-15,36.01,37.1,36.01,36.82,1235410
2011-12-16,36.9,37.08,36.2,36.43,739370
2011-12-19,36.2,36.2,34.84,35.86,3104460
2011-12-20,35.86,36.9,35.42,36.04,2776440
2011-12-21,37.0,37.0,36.2,36.54,1055870
2011-12-22,36.54,36.8,35.6,36.56,1422460
2011-12-23,36.5,37.4,36.4,36.9,1783540
2011-12-26,37.5,38.19,37.02,37.85,1457110
2011-12-27,38.4,38.88,37.13,37.28,1349140
2011-12-28,37.56,37.56,36.2,36.5,561470
2011-12-29,36.68,37.15,36.01,36.86,1259340
2011-12-30,37.0,38.27,36.78,37.56,1711780
2012-01-02,38.0,38.18,37.03,37.36,905430
2012-01-03,37.88,38.12,37.34,37.91,1010280
2012-01-04,38.1,39.0,38.1,38.42,3992700
2012-01-05,38.6,39.28,38.5,38.95,1810370
2012-01-06,38.65,38.94,38.02,38.58,3886200
2012-01-07,38.5,38.5,38.25,38.34,16610
2012-01-09,38.5,38.5,37.7,38.19,1869600
2012-01-10,38.1,38.9,37.5,38.01,1669070
2012-01-11,38.68,38.68,37.6,38.14,1089520
2012-01-12,38.14,38.58,37.8,38.06,332570
2012-01-13,38.06,38.55,34.5,35.0,10955820
2012-01-16,34.68,34.68,32.32,32.62,11479070
2012-01-17,32.7,34.2,32.7,33.98,10851450
2012-01-18,34.0,34.0,32.26,32.97,8758100
2012-01-19,32.8,33.78,32.22,32.38,3848620
2012-01-20,32.72,32.72,31.5,31.67,5579540
2012-01-23,31.7,32.77,30.5,32.56,6953070
2012-01-24,32.76,33.99,32.76,33.68,8181020
2012-01-25,33.2,35.05,32.8,34.8,9701490
2012-01-27,35.0,36.0,34.78,35.35,4762060
2012-01-30,35.2,35.8,34.52,34.77,3043420
2012-01-31,35.28,36.0,34.84,35.76,3713160
2012-02-01,35.81,36.3,35.4,36.14,3480360
2012-02-02,36.21,36.6,35.63,36.26,4131800
2012-02-03,36.38,36.59,35.9,36.22,2639610
2012-02-06,36.06,36.5,34.6,35.06,3223220
2012-02-07,35.1,35.24,33.04,33.27,12058750
2012-02-08,33.7,34.24,32.95,33.26,9400830
2012-02-09,33.45,33.97,33.35,33.75,10478390
2012-02-10,33.86,34.7,33.8,33.96,5086330
2012-02-13,34.1,35.39,32.26,35.18,4028140
2012-02-14,35.48,35.68,34.62,35.32,3514580
2012-02-15,35.6,36.09,34.9,35.14,2899060
2012-02-16,35.3,35.45,34.4,34.76,2344630
2012-02-17,34.91,35.12,34.0,34.16,5150440
2012-02-21,34.0,34.73,33.85,34.12,4552020
2012-02-22,34.4,35.1,33.72,34.73,3625570
2012-02-23,34.9,35.38,34.01,34.34,4641470
2012-02-24,34.34,35.97,33.86,35.82,6935580
2012-02-27,35.98,36.22,33.85,34.08,4614870
2012-02-28,34.2,35.49,34.2,35.15,2435430
2012-02-29,35.5,37.58,35.42,37.18,10544040
2012-03-01,37.5,37.6,35.5,35.76,51341900
2012-03-02,36.1,36.64,35.65,36.22,6255260
2012-03-03,36.5,36.5,36.0,36.12,415540
2012-03-05,36.08,36.23,35.37,36.04,2372350
2012-03-06,36.8,37.9,35.51,35.9,7930620
2012-03-07,35.63,36.56,35.3,36.38,4199600
2012-03-09,36.69,36.9,35.7,35.9,4226250
2012-03-12,35.9,36.49,35.82,35.94,2608580
2012-03-13,36.06,36.49,36.0,36.29,1952050
2012-03-14,36.36,36.58,34.4,36.45,3831060
2012-03-15,36.46,37.25,36.32,37.06,3884390
2012-03-16,37.3,37.5,35.9,36.24,5148950
2012-03-19,36.42,36.98,36.09,36.8,1908340
2012-03-20,36.92,36.92,36.02,36.69,991910
2012-03-21,36.75,37.28,36.48,36.91,2143580
2012-03-22,36.5,36.83,35.91,36.05,1466140
2012-03-23,36.0,37.17,36.0,36.96,2831000
2012-03-26,36.97,36.97,36.3,36.62,1869780
2012-03-27,36.88,37.7,36.6,37.26,2044270
2012-03-28,37.5,37.8,36.4,37.27,2779430
2012-03-29,37.28,37.76,36.5,36.89,3557130
2012-03-30,37.04,38.14,37.04,37.94,1425850
2012-04-02,37.84,39.2,37.76,37.91,2983610
2012-04-03,38.44,38.56,37.06,37.27,1656980
2012-04-04,37.36,37.57,36.99,37.28,1307610
2012-04-09,37.0,37.5,34.52,34.66,6848470
2012-04-10,30.14,30.14,18.77,22.92,471787680
2012-04-11,25.3,25.3,22.0,23.04,105647400
2012-04-12,23.3,23.64,21.76,22.11,71905072
2012-04-13,22.65,23.34,22.0,22.5,70556528
2012-04-16,22.5,23.22,22.28,22.98,31599110
2012-04-17,23.1,23.3,22.52,22.98,17573070
2012-04-18,23.01,24.22,23.01,23.98,57813940
2012-04-19,24.1,24.67,22.8,23.16,124538968
2012-04-20,23.22,23.42,22.32,22.47,33504270
2012-04-23,22.6,22.75,21.71,21.8,16938210
2012-04-24,21.86,22.1,21.04,21.26,24979060
2012-04-25,21.56,21.86,21.22,21.32,15465820
2012-04-26,21.3,21.72,20.96,21.08,19220040
2012-04-27,21.36,21.45,21.05,21.22,8199740
2012-04-28,21.0,21.66,21.0,21.44,3353950
2012-04-30,21.4,22.08,21.31,21.85,14860540
2012-05-02,22.02,22.54,22.01,22.32,18069210
2012-05-03,22.4,23.1,21.12,21.92,70302048
2012-05-04,21.9,22.22,21.55,22.1,16203620
2012-05-07,22.1,22.11,21.25,21.68,16590340
2012-05-08,21.82,22.76,21.51,21.76,38002840
2012-05-09,21.6,21.65,21.0,21.18,12228440
2012-05-10,21.2,21.45,21.1,21.23,6011240
2012-05-11,21.2,21.3,20.84,20.96,4882590
2012-05-14,21.06,21.29,20.62,20.76,5021080
2012-05-15,20.7,21.5,20.7,21.38,11217800
2012-05-16,21.16,21.37,20.81,21.12,5805580
2012-05-17,21.35,21.68,20.68,20.75,9106560
2012-05-18,20.11,20.68,20.11,20.52,7624600
2012-05-21,20.6,21.47,20.6,21.34,9551330
2012-05-22,21.58,21.8,20.52,20.64,13832080
2012-05-23,20.52,21.24,20.52,21.12,7742580
2012-05-24,21.33,21.47,20.6,20.73,13120230
2012-05-25,20.73,20.98,20.59,20.66,4961380
2012-05-28,20.8,20.91,20.6,20.64,5170870
2012-05-29,20.8,20.82,20.44,20.52,4611240
2012-05-30,20.52,20.58,19.64,19.82,6846460
2012-05-31,19.79,20.0,19.21,19.34,12419440
2012-06-01,19.6,27.1,19.5,24.92,191203616
2012-06-04,25.1,26.48,23.18,23.61,180416928
2012-06-05,23.58,23.91,22.65,22.94,51407600
2012-06-06,23.0,23.56,22.84,23.01,29348040
2012-06-07,23.06,23.48,22.76,22.86,14567710
2012-06-08,22.9,22.9,22.38,22.62,15412380
2012-06-11,22.8,23.79,22.58,23.02,36648000
2012-06-12,23.0,23.45,22.83,23.02,12269740
2012-06-13,23.2,24.78,23.1,24.18,61152860
2012-06-14,24.1,24.64,23.6,23.73,27670230
2012-06-15,23.8,24.49,23.8,23.96,18941190
2012-06-18,24.05,24.38,23.5,23.74,12589660
2012-06-19,23.7,24.48,23.62,24.0,16555380
2012-06-20,24.1,24.44,23.97,24.13,12027110
2012-06-21,24.1,24.94,23.94,24.63,27553190
2012-06-22,24.48,24.87,24.06,24.34,15157040
2012-06-25,24.4,24.74,24.0,24.07,9279730
2012-06-26,24.1,24.4,24.0,24.28,8417120
2012-06-27,24.41,24.47,24.0,24.1,6016560
2012-06-28,24.4,24.45,23.56,23.74,15501920
2012-06-29,24.0,24.18,23.86,23.94,8187260
2012-07-02,24.1,24.35,23.84,24.14,5676070
2012-07-03,24.27,25.2,24.11,24.78,28449860
2012-07-04,24.97,25.62,24.56,25.1,27470640
2012-07-05,25.11,25.4,24.85,25.0,8964730
2012-07-06,25.04,25.04,24.04,24.19,11048020
2012-07-09,24.5,25.21,24.4,24.64,25250690
2012-07-10,24.79,25.14,24.69,24.9,15488440
2012-07-11,25.16,25.16,24.42,24.56,5484870
2012-07-12,24.36,24.68,24.22,24.4,4462880
2012-07-13,24.49,24.8,24.11,24.28,3390290
2012-07-16,24.09,24.35,23.48,23.68,5399540
2012-07-17,23.68,24.0,23.24,23.37,5030280
2012-07-18,23.4,23.9,23.26,23.68,6069730
2012-07-19,23.82,24.27,23.6,24.02,15583710
2012-07-20,23.98,24.3,23.81,23.9,11681570
2012-07-23,23.6,23.85,23.42,23.53,2602870
2012-07-24,23.45,23.45,22.96,23.3,5192640
2012-07-25,23.27,23.66,21.0,23.48,42212340
2012-07-26,23.5,23.7,22.95,23.12,12788800
2012-07-27,23.36,23.79,22.81,23.02,5412790
2012-07-30,23.3,23.66,23.14,23.58,5290620
2012-07-31,23.7,23.74,23.18,23.36,3792230
2012-08-01,23.4,23.69,23.32,23.44,2289740
2012-08-02,23.4,23.88,23.24,23.3,6268780
2012-08-03,23.3,23.47,23.12,23.29,2187340
2012-08-06,23.49,23.96,23.34,23.76,5792690
2012-08-07,23.92,24.45,23.68,24.36,10892880
2012-08-08,24.4,24.8,24.0,24.1,3559920
2012-08-09,24.28,24.38,23.62,24.03,2910550
2012-08-10,24.33,26.08,23.87,25.25,51978580
2012-08-13,25.3,25.84,25.17,25.76,15132230
2012-08-14,25.8,27.73,25.55,26.66,47541660
2012-08-16,26.79,27.27,26.13,26.2,17764900
2012-08-17,26.36,26.66,25.9,26.05,7461340
2012-08-21,26.07,26.32,25.5,25.64,5662800
2012-08-22,25.64,26.56,25.5,26.03,11334070
2012-08-23,26.26,26.49,26.01,26.12,7287810
2012-08-24,26.08,26.46,25.93,26.24,5608920
2012-08-27,26.36,26.44,25.55,25.67,8340930
2012-08-28,25.8,25.8,25.0,25.18,7964780
2012-08-29,25.34,25.44,24.23,24.4,8445820
2012-08-30,24.33,24.9,24.1,24.54,9673570
2012-08-31,24.6,25.94,23.77,23.9,51085432
2012-09-03,23.9,24.3,23.8,23.92,5507380
2012-09-04,24.01,24.42,23.86,24.16,5923360
2012-09-05,24.09,24.32,24.02,24.08,4212490
2012-09-06,24.1,24.4,23.9,24.02,4306350
2012-09-07,24.2,24.36,24.04,24.12,3455800
2012-09-08,24.2,24.25,24.1,24.18,374330
2012-09-10,24.38,24.64,24.34,24.46,3652910
2012-09-11,24.76,24.76,24.32,24.5,2709060
2012-09-12,24.7,24.84,24.42,24.64,3906830
2012-09-13,24.74,25.94,24.44,25.69,22564680
2012-09-14,26.02,26.19,25.3,25.39,7884890
2012-09-17,25.53,26.36,25.37,25.76,8830120
2012-09-18,25.96,26.13,25.52,25.72,4488120
2012-09-20,25.32,26.18,25.2,25.64,5051660
2012-09-21,25.63,26.07,25.63,25.9,3872070
2012-09-24,25.88,26.57,25.7,26.1,7461250
2012-09-25,26.27,26.34,25.75,25.84,2965240
2012-09-26,25.96,26.1,25.68,25.94,3252060
2012-09-27,25.96,26.55,25.71,26.12,19739150
2012-09-28,26.35,27.19,26.24,26.48,15688620
2012-10-01,26.48,26.96,26.34,26.58,5065620
2012-10-03,26.59,26.75,26.24,26.3,2758450
2012-10-04,26.3,26.78,25.94,26.0,6969520
2012-10-05,26.22,26.35,25.6,25.97,3778730
2012-10-08,26.02,26.39,25.86,26.04,3716530
2012-10-09,26.06,26.3,25.55,25.81,5934810
2012-10-10,25.64,25.86,25.22,25.34,3980860
2012-10-11,25.5,25.8,25.24,25.66,2873790
2012-10-12,25.88,26.14,25.66,26.02,4226110
2012-10-15,26.1,26.34,25.82,26.02,3390190
2012-10-16,26.1,26.22,25.35,25.5,2330820
2012-10-17,25.6,25.84,25.5,25.69,1834710
2012-10-18,25.8,25.97,25.56,25.66,3042560
2012-10-19,26.0,26.0,25.25,25.4,5135740
2012-10-22,25.44,25.76,25.26,25.5,3534250
2012-10-23,25.31,25.76,25.31,25.56,2414760
2012-10-25,25.54,25.59,25.14,25.22,3090630
2012-10-26,25.24,25.52,25.0,25.08,2672130
2012-10-29,25.1,25.2,24.87,24.99,1291140
2012-10-30,25.0,25.22,24.75,24.82,1122500
2012-10-31,24.87,25.88,24.78,25.71,3918270
2012-11-01,25.78,26.06,25.65,25.86,3500860
2012-11-02,27.17,27.17,25.7,25.87,2009060
2012-11-05,25.86,26.44,25.8,26.31,5461640
2012-11-06,26.44,26.59,25.86,26.04,4158070
2012-11-07,26.06,26.8,25.98,26.46,13971710
2012-11-08,26.28,26.96,26.2,26.63,7051680
2012-11-09,26.62,26.77,25.91,26.0,3182750
2012-11-12,26.08,26.1,25.06,25.41,4196420
2012-11-13,25.5,25.63,25.42,25.56,521190
2012-11-15,25.5,26.3,25.46,26.13,3259630
2012-11-16,26.26,26.74,26.05,26.19,7268110
2012-11-19,26.3,26.48,25.92,26.16,2761480
2012-11-20,26.22,26.4,25.94,26.11,3882170
2012-11-21,26.17,26.9,25.34,25.62,24175760
2012-11-22,25.55,25.86,25.4,25.7,4056790
2012-11-23,25.74,26.05,25.68,25.89,4032090
2012-11-26,25.98,25.98,25.54,25.76,2089140
2012-11-27,25.83,26.1,25.7,25.84,2046620
2012-11-29,25.99,26.48,25.71,26.02,9991470
2012-11-30,26.17,26.85,25.93,26.58,6752280
2012-12-03,26.68,27.0,26.51,26.58,4477020
2012-12-04,26.5,26.98,26.41,26.49,4180250
2012-12-05,26.9,26.9,26.23,26.33,2061420
2012-12-06,26.54,26.54,26.15,26.38,3234800
2012-12-07,26.54,26.84,26.2,26.24,3207710
2012-12-10,26.32,26.45,26.09,26.26,2155500
2012-12-11,26.28,26.52,25.97,26.16,2140810
2012-12-12,26.32,26.32,25.82,25.9,955710
2012-12-13,26.3,26.3,25.54,25.62,2254860
2012-12-14,25.62,25.88,25.51,25.59,2441600
2012-12-17,25.7,26.64,25.65,26.2,6656820
2012-12-18,26.3,26.44,26.02,26.26,1653150
2012-12-19,26.14,26.42,25.73,25.88,2731490
2012-12-20,25.86,25.86,25.5,25.58,2948580
2012-12-21,25.59,25.6,24.71,24.84,3414440
2012-12-24,24.91,25.48,24.81,25.24,3823290
2012-12-26,25.5,25.5,25.24,25.32,2541640
2012-12-27,25.26,25.44,24.72,24.91,3994730
2012-12-28,25.04,25.14,24.75,24.88,4753290
2013-01-01,25.1,25.12,24.82,24.92,2841030
2013-01-02,25.04,25.36,24.95,25.08,4031640
2013-01-03,25.08,25.72,25.04,25.45,9848740
2013-01-04,25.4,25.46,25.05,25.27,3701620
2013-01-07,25.6,26.16,25.4,25.5,8860090
2013-01-08,25.59,25.65,25.22,25.32,3724170
2013-01-09,25.4,25.79,25.26,25.38,9384650
2013-01-10,25.54,25.7,25.2,25.26,3276920
2013-01-11,25.26,25.55,25.03,25.09,4604900
2013-01-14,25.2,25.71,25.1,25.54,3713470
2013-01-15,25.69,25.95,25.38,25.8,3864860
2013-01-16,25.82,26.29,25.75,26.22,8981490
2013-01-17,26.3,26.35,25.86,26.0,4111200
2013-01-18,25.9,28.34,25.9,27.44,33766640
2013-01-21,27.6,28.0,27.24,27.38,11631070
2013-01-22,27.32,27.58,26.5,26.84,7565710
2013-01-23,26.92,26.98,26.02,26.34,2475810
2013-01-24,26.24,26.5,25.0,25.9,9739920
2013-01-25,25.8,26.35,25.42,26.13,3630060
2013-01-28,26.28,26.5,25.7,26.02,4261010
2013-01-29,26.1,26.24,25.65,26.09,5066540
2013-01-30,26.17,26.28,25.86,26.02,2436330
2013-01-31,26.0,26.14,25.71,25.98,4942080
2013-02-01,26.15,26.86,25.76,25.94,11495840
2013-02-04,25.82,26.19,25.6,25.71,3296450
2013-02-05,25.7,25.9,25.36,25.7,3207290
2013-02-06,25.76,25.86,25.3,25.36,2317680
2013-02-07,25.4,25.56,25.2,25.32,2436830
2013-02-08,25.34,26.0,25.3,25.7,3996410
2013-02-11,26.16,26.59,25.81,25.88,7264390
2013-02-12,25.8,25.99,25.6,25.9,2812090
2013-02-13,25.9,26.24,25.76,25.94,3222960
2013-02-14,25.96,26.02,25.66,25.78,2343510
2013-02-15,25.79,25.87,25.61,25.73,3763480
2013-02-18,25.7,26.0,25.66,25.93,1094810
2013-02-19,25.94,26.52,25.8,26.42,1704980
2013-02-20,26.59,26.87,26.16,26.7,5414800
2013-02-21,26.6,26.6,26.16,26.49,3936410
2013-02-22,26.5,26.5,25.8,25.98,2626420
2013-02-25,25.9,26.1,25.7,26.02,2067380
2013-02-26,26.0,26.58,25.78,26.26,2541840
2013-02-27,26.3,26.58,26.14,26.38,2429640
2013-02-28,26.46,26.62,25.37,25.56,3593110
2013-03-01,25.92,26.3,25.42,26.16,2506850
2013-03-04,26.1,26.44,25.9,26.02,1135930
2013-03-05,26.12,26.74,25.98,26.68,2447890
2013-03-06,26.68,27.0,26.5,26.78,3557120
2013-03-07,26.8,26.9,26.7,26.81,1466490
2013-03-08,26.86,27.58,26.76,27.29,5842550
2013-03-11,27.39,29.08,27.17,28.52,12583800
2013-03-12,28.62,28.84,27.92,28.1,5978710
2013-03-13,28.0,28.1,26.82,26.97,2794830
2013-03-14,27.05,27.25,26.24,26.86,2539260
2013-03-15,26.86,27.39,26.12,26.32,3609650
2013-03-18,26.14,26.65,25.86,26.54,1819280
2013-03-19,26.66,26.69,26.0,26.5,2632560
2013-03-20,26.5,26.97,26.26,26.64,3099740
2013-03-21,26.78,27.3,26.45,27.06,3401300
2013-03-22,27.1,27.35,26.41,27.11,2968550
2013-03-25,27.28,27.5,26.22,26.48,3913830
2013-03-26,26.58,26.96,26.26,26.7,3158310
2013-03-28,26.63,28.0,26.3,27.72,6487640
2013-04-01,27.96,28.16,27.31,27.94,3946440
2013-04-02,28.2,29.4,27.84,29.0,13246720
2013-04-03,29.1,29.33,27.51,27.78,7616100
2013-04-04,28.4,28.64,26.1,27.04,36698380
2013-04-05,27.04,30.6,26.9,30.17,79293560
2013-04-08,29.82,30.15,28.97,29.22,13125790
2013-04-09,29.39,30.54,28.92,29.08,15842230
2013-04-10,29.49,29.49,28.26,28.56,7905050
2013-04-11,28.66,29.28,28.22,28.4,5944530
2013-04-12,28.3,29.2,28.01,29.05,6031950
2013-04-15,29.16,30.3,29.11,29.98,8171760
2013-04-16,30.4,30.79,28.93,29.7,20774010
2013-04-17,29.4,29.4,28.88,28.96,6133360
2013-04-18,28.6,29.55,28.5,29.19,3946740
2013-04-22,29.25,30.1,29.25,29.82,5281590
2013-04-23,29.8,29.9,29.4,29.58,2173070
2013-04-25,29.51,30.2,29.33,29.8,9585520
2013-04-26,29.69,30.65,29.69,30.45,5000620
2013-04-29,30.77,31.75,30.76,31.14,15021240
2013-04-30,31.44,31.54,29.52,30.01,13515560
2013-05-02,30.1,31.69,30.1,30.56,23383640
2013-05-03,30.7,31.2,30.48,30.91,6489470
2013-05-06,31.2,31.46,31.0,31.28,5195350
2013-05-07,31.5,31.66,30.71,30.95,9742820
2013-05-08,31.14,31.4,30.74,31.06,8548760
2013-05-09,31.4,32.88,31.1,31.34,27221680
2013-05-10,31.6,31.78,29.61,29.82,19758810
2013-05-11,29.9,30.59,29.53,29.82,1670890
2013-05-13,29.6,30.23,29.36,29.48,5949940
2013-05-14,29.25,29.66,28.9,29.01,5229910
2013-05-15,29.05,29.52,28.64,28.78,3414330
2013-05-16,28.7,29.14,28.33,28.4,6191320
2013-05-17,28.56,28.75,28.34,28.46,3526880
2013-05-20,28.48,28.89,28.36,28.48,3307800
2013-05-21,28.41,29.18,28.36,28.59,4281590
2013-05-22,28.42,28.84,28.22,28.37,2222530
2013-05-23,28.35,28.5,27.9,28.1,5420250
2013-05-24,27.9,28.25,27.72,27.91,6360900
2013-05-27,28.1,28.23,27.92,28.09,1673200
2013-05-28,28.09,28.44,28.08,28.28,2894260
2013-05-29,28.0,28.79,28.0,28.38,2924150
2013-05-30,28.3,28.6,28.0,28.07,4791180
2013-05-31,28.0,28.18,27.52,27.59,2228110
2013-06-03,27.5,28.1,27.5,27.76,1387740
2013-06-04,27.53,28.08,27.53,27.81,1129020
2013-06-05,28.0,28.0,27.7,27.88,1737700
2013-06-06,27.52,27.96,27.5,27.84,1882380
2013-06-07,27.84,28.5,27.8,28.25,3095510
2013-06-10,28.35,28.68,28.22,28.54,2354700
2013-06-11,28.5,29.05,28.2,28.46,4229020
2013-06-12,28.5,28.69,27.82,28.24,2653450
2013-06-13,28.2,28.53,27.75,27.92,3860500
2013-06-14,28.02,28.5,28.02,28.26,2883790
2013-06-17,28.26,28.42,28.04,28.1,2352390
2013-06-18,28.1,28.24,27.86,28.01,4024570
2013-06-19,28.1,28.46,28.08,28.18,1322750
2013-06-20,28.04,28.1,27.64,27.82,1293980
2013-06-21,27.81,28.09,27.42,27.55,1670190
2013-06-24,27.54,27.64,26.0,26.48,3103370
2013-06-25,27.11,27.36,26.35,26.47,5926910
2013-06-26,26.45,26.66,26.06,26.2,3945660
2013-06-27,26.1,26.78,26.0,26.59,4123260
2013-06-28,26.6,27.4,26.06,26.76,10697040
2013-07-01,26.96,28.44,26.76,28.05,6182470
2013-07-02,28.0,28.98,27.8,28.38,4433250
2013-07-03,28.1,28.58,27.78,28.02,3241260
2013-07-04,28.1,28.5,27.86,28.28,2771140
2013-07-05,28.4,28.75,27.7,27.88,3755800
2013-07-08,27.42,28.08,27.42,27.72,2714630
2013-07-09,28.02,28.24,27.87,28.05,2346250
2013-07-10,28.2,28.38,27.88,27.99,2088560
2013-07-11,28.27,28.34,27.99,28.14,3192800
2013-07-12,28.19,29.26,28.07,28.92,7718860
2013-07-15,29.25,29.67,29.0,29.36,6593050
2013-07-16,29.0,29.57,28.5,29.18,5193860
2013-07-17,29.2,31.28,29.2,30.88,22370030
2013-07-18,31.14,31.21,28.51,30.16,33494180
2013-07-19,29.5,29.99,29.2,29.3,5551270
2013-07-22,29.22,29.5,28.64,28.78,4330510
2013-07-23,29.04,29.26,28.67,28.78,4590800
2013-07-24,28.7,28.8,28.2,28.34,4142430
2013-07-25,28.2,29.3,27.92,28.54,14576230
2013-07-26,28.64,29.44,28.55,28.74,2453340
2013-07-29,28.6,28.72,27.85,27.99,3179370
2013-07-30,27.5,27.9,26.38,26.52,4955320
2013-07-31,26.1,26.4,24.98,26.2,6502200
2013-08-01,26.0,26.98,25.91,26.52,7107760
2013-08-02,26.2,26.8,25.85,26.33,5676040
2013-08-05,26.1,26.54,25.42,26.18,4649380
2013-08-06,26.2,26.79,24.82,25.12,6374250
2013-08-07,24.92,25.82,24.36,25.58,6924820
2013-08-08,25.6,26.8,25.55,26.42,4623350
2013-08-12,26.4,27.18,26.22,26.52,6372730
2013-08-13,26.8,27.46,26.52,27.18,2318410
2013-08-14,27.2,27.5,26.52,26.92,3035320
2013-08-16,26.7,27.38,25.91,26.08,2408290
2013-08-19,25.9,26.68,25.71,26.25,2646290
2013-08-20,25.55,28.27,25.4,26.18,2416210
2013-08-21,26.3,26.74,26.02,26.17,6601030
2013-08-22,25.7,26.45,25.7,26.37,3265640
2013-08-23,26.36,27.35,26.36,27.11,3427800
2013-08-26,27.5,27.78,27.12,27.4,3617660
2013-08-27,27.64,28.04,26.66,26.88,6608710
2013-08-28,26.7,26.7,23.51,25.96,11060810
2013-08-29,26.21,26.75,25.13,25.33,18757680
2013-08-30,25.15,26.05,25.15,25.72,4249990
2013-09-02,25.9,26.24,25.75,26.12,3666100
2013-09-03,26.32,26.4,25.21,25.72,4390790
2013-09-04,25.55,26.12,25.22,25.96,2146670
2013-09-05,26.2,26.46,25.6,25.96,4455570
2013-09-06,26.14,26.43,25.7,26.22,2501070
2013-09-10,27.3,27.4,26.35,26.64,3714050
2013-09-11,26.7,26.9,26.42,26.74,1978880
2013-09-12,26.96,27.63,26.52,27.32,4691250
2013-09-13,27.22,27.44,26.66,26.77,1899290
2013-09-16,26.8,27.2,26.26,26.86,2284790
2013-09-17,26.74,27.03,26.58,26.8,1339260
2013-09-18,26.8,27.3,26.68,27.03,1600020
2013-09-19,27.34,27.52,27.0,27.35,2135460
2013-09-20,27.3,29.07,26.5,28.56,7719950
2013-09-23,28.6,28.67,27.5,27.57,2492680
2013-09-24,27.5,28.17,27.4,27.83,1306450
2013-09-25,27.9,28.24,27.74,27.92,2416920
2013-09-26,27.9,28.05,27.6,27.75,2447680
2013-09-27,27.99,28.12,27.57,27.64,953280
2013-09-30,27.4,27.56,26.62,26.94,1318020
2013-10-01,26.94,27.6,26.94,27.54,1554220
2013-10-03,27.3,27.94,27.29,27.56,1682280
2013-10-04,27.5,28.1,27.3,27.78,2184710
2013-10-07,27.78,27.94,27.4,27.65,738610
2013-10-08,27.6,27.98,27.53,27.78,1246320
2013-10-09,27.6,28.34,27.6,27.82,2165880
2013-10-10,27.9,28.3,27.78,28.16,957300
2013-10-11,28.34,28.7,28.0,28.32,2940630
2013-10-14,28.15,28.62,28.15,28.26,1633590
2013-10-15,28.3,28.63,28.15,28.3,1214120
2013-10-17,28.15,29.1,28.15,28.56,2107830
2013-10-18,28.59,28.8,28.4,28.56,874760
2013-10-21,29.0,29.0,28.42,28.65,1282360
2013-10-22,28.6,29.34,28.5,28.78,2452960
2013-10-23,29.27,29.27,28.71,28.99,1686500
2013-10-24,28.8,29.25,28.73,28.81,922770
2013-10-25,29.26,29.26,27.8,28.0,4541090
2013-10-28,28.0,28.28,27.44,27.56,1430590
2013-10-29,27.4,27.64,26.84,27.42,1683540
2013-10-30,27.68,27.68,27.1,27.26,2226790
2013-10-31,27.24,28.29,27.14,28.04,6448650
2013-11-01,28.0,28.55,27.82,28.06,2743580
2013-11-03,28.1,28.74,28.1,28.66,684660
2013-11-05,28.9,29.5,28.72,28.98,4159150
2013-11-06,28.93,29.19,28.24,28.68,5800460
2013-11-07,28.23,28.8,27.6,27.82,2833410
2013-11-08,27.57,27.96,27.42,27.56,1159710
2013-11-11,27.4,28.79,27.22,27.99,4980350
2013-11-12,28.02,28.42,27.58,27.68,2030530
2013-11-13,27.7,27.88,27.45,27.54,991120
2013-11-14,27.51,27.92,27.06,27.21,3578650
2013-11-18,27.1,27.68,27.1,27.2,2116510
2013-11-19,27.03,27.67,27.03,27.44,2601720
2013-11-20,27.4,27.74,27.1,27.26,1806190
2013-11-21,27.26,27.39,26.58,26.78,1891210
2013-11-22,26.98,26.99,26.36,26.64,1877450
2013-11-25,26.71,27.1,26.68,26.96,1309030
2013-11-26,26.91,27.08,26.5,26.66,2232740
2013-11-27,26.91,27.36,26.7,27.17,2508050
2013-11-28,27.5,27.88,27.3,27.49,2808240
2013-11-29,27.61,28.0,27.5,27.82,2016610
2013-12-02,28.4,28.49,28.02,28.13,3659630
2013-12-03,28.3,28.38,27.72,28.04,5158330
2013-12-04,28.45,28.64,27.83,27.94,4986360
2013-12-05,28.3,28.57,27.51,27.66,5891670
2013-12-06,27.66,27.82,27.5,27.58,1858070
2013-12-09,28.1,28.1,27.25,27.42,1140610
2013-12-10,27.4,27.46,26.95,27.1,856090
2013-12-11,27.0,27.4,26.8,26.95,1747680
2013-12-12,26.7,27.16,26.68,26.9,990880
2013-12-13,26.75,27.05,26.57,26.66,872360
2013-12-16,26.64,26.82,26.42,26.56,695590
2013-12-17,26.52,26.78,25.87,26.02,2280420
2013-12-18,26.01,26.48,25.88,26.16,5134940
2013-12-19,26.4,26.47,26.1,26.26,1854930
2013-12-20,26.16,26.94,26.16,26.7,2344560
2013-12-23,26.73,27.0,26.43,26.9,1228360
2013-12-24,26.9,27.24,26.72,26.8,1081150
2013-12-26,26.85,27.01,26.42,26.57,1815660
2013-12-27,27.5,27.5,26.62,26.72,8426620
2013-12-30,26.7,26.96,26.5,26.68,1358780
2013-12-31,26.74,27.05,26.56,26.87,1943130
2014-01-01,27.0,27.38,26.7,27.03,1567720
2014-01-02,27.15,27.27,26.6,26.69,1855120
2014-01-03,26.6,27.0,26.51,26.88,1141930
2014-01-06,27.0,27.0,25.88,26.23,9445400
2014-01-07,26.2,27.0,26.0,26.85,2875620
2014-01-08,26.85,27.28,26.52,27.1,2769480
2014-01-09,27.38,27.4,26.93,27.28,4221870
2014-01-10,27.28,27.42,26.85,27.08,4195370
2014-01-13,27.0,27.3,26.62,26.74,1554370
2014-01-14,26.8,27.49,26.64,26.92,2608740
2014-01-15,27.15,27.2,26.72,26.87,2429780
2014-01-16,26.87,26.99,26.44,26.54,1188610
2014-01-17,26.52,26.8,26.3,26.38,1737710
2014-01-20,26.39,26.5,26.1,26.28,1142980
2014-01-21,26.4,26.48,26.05,26.1,2032990
2014-01-22,26.2,26.5,26.08,26.22,1984980
2014-01-23,26.18,26.48,26.06,26.24,1173700
2014-01-24,26.01,26.18,25.67,25.76,1580350
2014-01-27,25.6,25.6,24.02,24.24,3766030
2014-01-28,24.4,24.8,23.8,24.64,2685760
2014-01-29,24.7,24.8,24.0,24.65,5143790
2014-01-30,24.5,24.8,23.94,24.51,3976910
2014-01-31,24.59,25.2,24.22,24.77,9429000
2014-02-03,24.66,27.6,24.45,26.74,44408820
2014-02-04,26.3,27.15,25.66,26.9,15838250
2014-02-05,26.57,26.85,26.32,26.4,5810260
2014-02-06,26.46,26.95,25.95,26.32,2992210
2014-02-07,26.5,26.79,26.34,26.54,2933150
2014-02-10,26.7,26.78,26.35,26.43,5394610
2014-02-11,26.43,26.57,26.0,26.21,1507100
2014-02-12,26.24,26.64,25.91,25.98,2181880
2014-02-13,26.02,26.34,25.67,25.79,2077630
2014-02-14,25.8,26.13,25.45,25.58,2633240
2014-02-17,25.66,25.7,25.17,25.5,7895810
2014-02-18,25.51,26.19,25.0,25.82,4309980
2014-02-19,25.86,26.18,25.84,26.02,1017740
2014-02-20,26.0,26.0,25.5,25.63,1185570
2014-02-21,25.79,26.49,25.44,25.77,699630
2014-02-24,25.9,26.18,25.46,25.74,1174460
2014-02-25,25.8,25.96,25.11,25.32,4901500
2014-02-26,25.48,25.5,24.75,25.3,6440570
2014-02-28,25.38,25.58,25.22,25.32,1774970
2014-03-03,25.22,25.5,24.89,25.16,1403640
2014-03-04,25.15,25.47,25.06,25.28,2147870
2014-03-05,25.42,25.55,24.91,25.16,7794040
2014-03-06,25.25,25.68,25.2,25.39,7546360
2014-03-07,25.5,25.98,25.44,25.61,3532550
2014-03-10,25.43,26.17,25.32,25.82,4457250
2014-03-11,25.8,26.18,25.69,25.94,4132890
2014-03-12,25.91,28.18,25.9,27.26,28941710
2014-03-13,27.5,28.08,26.66,27.29,6406330
2014-03-14,27.38,27.7,26.97,27.31,4496200
2014-03-18,27.5,27.99,27.35,27.69,4255160
2014-03-19,27.84,28.74,27.5,28.58,7037070
2014-03-20,28.6,28.87,27.9,28.42,3911700
2014-03-21,28.6,28.68,28.0,28.35,2080420
2014-03-22,28.3,28.5,28.22,28.31,166690
2014-03-24,28.3,29.05,28.3,28.65,3641710
2014-03-25,28.7,29.9,28.6,29.83,11787430
2014-03-26,29.88,30.0,28.86,28.94,3731010
2014-03-27,29.0,29.4,28.26,28.6,3682040
2014-03-28,28.7,29.26,28.28,29.03,1659140
2014-03-31,29.1,30.09,28.87,29.9,2849170
2014-04-01,29.8,29.96,29.01,29.58,1422310
2014-04-02,29.6,30.5,29.54,29.9,3349580
2014-04-03,30.0,30.17,29.3,29.44,2422760
2014-04-04,29.4,29.69,28.78,29.08,3208400
2014-04-07,28.7,29.3,28.7,29.08,1900610
2014-04-09,29.26,29.32,28.62,29.08,3395660
2014-04-10,29.1,29.77,28.74,28.88,3070730
2014-04-11,28.88,29.3,27.85,28.06,8094480
2014-04-15,28.22,28.98,28.22,28.64,1710210
2014-04-16,28.66,29.8,28.46,29.04,5295160
2014-04-17,29.25,29.74,29.02,29.28,3821280
2014-04-21,29.39,29.4,28.72,29.06,2992120
2014-04-22,29.06,29.34,28.6,28.79,1961300
2014-04-23,28.86,29.28,28.2,28.45,2963310
2014-04-25,28.45,28.62,27.7,28.34,5282340
2014-04-28,28.5,28.72,28.05,28.59,1256740
2014-04-29,28.42,29.3,28.42,29.04,2923580
2014-04-30,29.4,29.48,28.2,28.68,3587470
2014-05-02,28.72,28.93,28.41,28.76,1325980
2014-05-05,29.02,29.39,28.88,29.14,5658540
2014-05-06,29.5,29.5,29.0,29.13,1173950
2014-05-07,29.17,29.17,28.8,28.98,1222240
2014-05-08,29.02,29.2,28.12,28.4,2554340
2014-05-09,28.51,29.37,28.4,28.82,4622460
2014-05-12,28.82,29.36,28.82,29.0,3651500
2014-05-13,29.44,30.04,29.05,29.41,7624810
2014-05-14,29.9,31.09,29.42,30.77,7730460
2014-05-15,31.0,31.5,30.04,30.42,5546620
2014-05-16,30.64,32.12,30.35,31.54,13162300
2014-05-19,32.5,34.3,31.84,33.98,13742070
2014-05-20,34.48,34.48,32.24,32.81,4582930
2014-05-21,32.99,34.5,32.7,33.1,4841500
2014-05-22,33.27,34.06,32.57,32.76,5162240
2014-05-23,32.86,33.5,32.7,32.84,3058760
2014-05-26,33.1,33.96,31.68,32.15,7313180
2014-05-27,31.8,32.1,31.13,31.79,1389390
2014-05-28,31.75,32.2,31.0,31.34,3216900
2014-05-29,31.02,32.03,30.94,31.32,5243190
2014-05-30,31.4,32.59,31.2,32.22,4362880
2014-06-02,31.8,33.47,31.8,33.12,2862560
2014-06-03,33.6,33.79,32.7,33.22,5512720
2014-06-04,33.01,33.4,32.9,33.06,2000650
2014-06-05,33.3,33.9,32.88,33.56,3310330
2014-06-06,34.0,34.72,33.46,34.29,4870370
2014-06-09,34.4,35.2,33.74,34.94,4587140
2014-06-10,35.18,35.18,33.98,34.45,2331440
2014-06-11,34.5,35.68,34.18,34.69,6255830
2014-06-12,34.5,34.76,34.0,34.4,2953800
2014-06-13,34.0,35.0,32.42,33.22,2252660
2014-06-16,33.2,34.59,32.46,33.85,5011830
2014-06-17,33.62,35.0,33.5,34.28,5621230
2014-06-18,34.48,34.76,33.1,33.52,2371580
2014-06-19,33.63,34.33,33.0,33.72,3643940
2014-06-20,33.52,34.0,33.11,33.34,1477600
2014-06-23,33.3,33.62,33.06,33.36,1177700
2014-06-24,33.9,34.84,33.76,34.52,5816470
2014-06-25,35.0,35.0,34.08,34.2,3455290
2014-06-26,33.86,35.15,33.5,34.76,13317020
2014-06-27,34.87,35.97,34.4,35.23,4663120
2014-06-30,35.33,36.44,35.01,35.86,5585430
2014-07-01,36.1,38.86,35.52,37.62,16908620
2014-07-02,37.8,38.29,36.7,36.99,7023210
2014-07-03,37.15,37.38,36.42,36.54,2201110
2014-07-04,36.84,37.0,35.85,36.52,2858920
2014-07-07,37.1,39.34,36.1,37.94,23680740
2014-07-08,38.0,38.0,35.82,36.38,6755180
2014-07-09,36.38,36.98,33.9,35.98,9472110
2014-07-10,35.62,37.08,35.4,36.06,6562380
2014-07-11,36.5,36.5,34.54,35.66,3543080
2014-07-14,35.1,35.88,34.32,34.82,3462080
2014-07-15,35.0,36.2,34.86,36.06,3951890
2014-07-16,36.16,36.5,35.68,36.32,2528650
2014-07-17,35.96,37.58,35.96,37.1,3441940
2014-07-18,36.5,38.44,36.4,37.36,5798900
2014-07-21,37.4,37.9,36.6,36.83,1779870
2014-07-22,37.1,37.44,36.42,37.06,2244890
2014-07-23,37.14,37.84,36.8,37.48,2620090
2014-07-24,37.53,37.7,37.02,37.34,1278410
2014-07-25,37.8,37.8,36.37,37.1,2342990
2014-07-28,37.2,38.29,36.51,36.8,5262070
2014-07-30,36.8,37.1,36.2,36.99,4545500
2014-07-31,36.98,38.09,36.64,37.28,7446400
2014-08-01,37.27,38.5,37.0,38.05,5113520
2014-08-04,38.38,39.39,37.96,38.48,11998170
2014-08-05,38.4,38.75,37.69,37.9,7741050
2014-08-06,37.8,38.37,37.15,37.26,2957480
2014-08-07,37.34,37.53,36.34,36.59,3795060
2014-08-08,36.2,36.37,34.9,35.09,4048190
2014-08-11,35.31,36.14,35.31,35.48,5843440
2014-08-12,36.04,36.04,35.26,35.62,3034760
2014-08-13,35.6,36.12,35.02,35.46,4598900
2014-08-14,35.52,35.9,35.12,35.5,2986220
2014-08-18,35.42,36.94,35.42,36.75,4968050
2014-08-19,36.62,36.99,35.62,36.02,4982270
2014-08-20,36.0,37.4,35.78,36.7,8339500
2014-08-21,37.5,37.64,36.74,37.4,9209490
2014-08-22,37.51,37.7,36.86,37.12,2235440
2014-08-25,37.22,37.64,36.03,36.18,2103350
2014-08-26,36.2,36.98,36.12,36.74,1559400
2014-08-27,37.0,37.7,36.6,37.56,2044640
2014-08-28,37.7,38.25,37.2,37.75,9340320
2014-09-01,38.0,39.79,37.96,39.32,5896520
2014-09-02,39.1,40.64,38.74,39.81,7437140
2014-09-03,39.81,40.64,39.71,39.88,5511120
2014-09-04,39.9,40.5,38.96,39.52,4374200
2014-09-05,39.52,40.17,38.68,39.22,3845620
2014-09-08,39.3,39.52,38.72,39.16,2843950
2014-09-09,38.88,40.58,38.88,40.34,7100780
2014-09-10,40.48,41.4,39.51,41.03,6890140
2014-09-11,41.2,41.42,40.29,41.02,5172430
2014-09-12,41.08,44.4,40.67,43.15,22006570
2014-09-15,43.02,43.4,42.2,42.32,8110790
2014-09-16,42.34,42.83,40.7,41.09,9965070
2014-09-17,41.26,42.78,40.32,41.57,11943120
2014-09-18,41.96,42.68,41.55,42.46,4774300
2014-09-19,42.4,43.34,42.0,42.62,4639840
2014-09-22,42.48,43.6,41.24,41.77,8479760
2014-09-23,41.89,42.75,41.55,42.01,6137680
2014-09-24,42.0,42.69,41.25,42.52,4595950
2014-09-25,42.0,42.46,40.67,41.21,6041130
2014-09-26,41.12,42.68,41.0,42.32,4971790
2014-09-29,42.12,43.14,42.0,42.2,2684530
2014-09-30,42.12,42.78,41.6,41.96,3592630
2014-10-01,41.9,42.22,41.23,41.72,3394160
2014-10-07,41.62,42.36,41.06,41.27,2407990
2014-10-08,41.4,42.07,40.94,41.2,3372690
2014-10-09,41.7,42.99,41.42,42.7,4522050
2014-10-10,42.7,43.64,41.72,42.21,5121860
2014-10-13,41.99,42.44,41.81,42.34,2569320
2014-10-14,42.55,42.8,41.73,42.03,2111140
2014-10-16,41.43,42.5,41.43,41.86,3613740
2014-10-17,41.98,41.98,40.75,41.18,2735980
2014-10-20,43.0,43.4,41.51,42.41,6696370
2014-10-21,42.5,42.5,40.81,41.1,6354480
2014-10-22,41.68,41.68,40.85,41.47,3834850
2014-10-23,41.84,41.85,41.2,41.42,433460
2014-10-27,41.45,41.46,39.92,40.2,5665610
2014-10-28,39.94,39.94,38.7,38.86,3583390
2014-10-29,38.9,39.02,37.91,38.62,3821790
2014-10-30,38.62,39.34,38.6,39.18,11399970
2014-10-31,39.6,40.3,39.22,39.92,2785960
2014-11-03,39.6,39.88,38.05,39.08,3064510
2014-11-05,39.1,40.38,38.8,39.94,2846270
2014-11-07,40.22,40.74,39.55,40.38,3234990
2014-11-10,40.47,42.32,39.75,41.92,5720940
2014-11-11,42.12,44.5,41.11,43.06,14246390
2014-11-12,43.8,44.2,42.7,43.04,9137680
2014-11-13,43.3,44.99,42.62,44.08,17503490
2014-11-14,44.15,44.34,42.18,43.48,4013660
2014-11-17,43.4,44.23,43.24,43.5,2421050
2014-11-18,43.9,43.9,43.12,43.44,1510130
2014-11-19,43.5,43.8,41.65,41.88,3998780
2014-11-20,41.86,43.0,41.34,42.0,3555470
2014-11-21,41.99,42.72,41.36,41.76,2841930
2014-11-24,41.98,42.9,41.56,41.8,3664580
2014-11-25,41.8,42.49,41.08,42.14,6995550
2014-11-26,42.0,44.71,41.8,43.76,9961310
2014-11-27,43.84,45.88,43.7,44.72,9491100
2014-11-28,44.9,45.14,43.3,43.76,5311790
2014-12-01,43.7,45.0,43.64,43.9,2957120
2014-12-02,44.0,44.5,43.54,44.08,1843420
2014-12-03,44.1,46.77,43.98,45.78,6170680
2014-12-04,46.4,46.59,44.66,45.02,4511450
2014-12-05,45.07,45.78,44.42,44.68,3415930
2014-12-08,44.66,45.2,43.9,44.32,1536100
2014-12-09,44.3,44.95,42.9,43.34,3452340
2014-12-10,43.34,44.12,43.21,43.64,1512060
2014-12-11,43.22,44.77,42.9,43.23,3007900
2014-12-12,42.9,43.75,42.9,43.0,1187020
2014-12-15,42.6,43.14,41.82,42.08,1019460
2014-12-16,41.8,42.3,41.09,41.44,2470030
2014-12-17,41.4,42.59,39.0,42.06,3526610
2014-12-18,42.5,44.5,41.68,42.98,4811150
2014-12-19,43.24,44.13,42.0,42.22,4936330
2014-12-22,42.3,43.66,42.1,43.52,2265400
2014-12-23,43.7,45.89,42.86,45.38,9165900
2014-12-24,45.85,47.7,44.61,46.06,9102490
2014-12-26,46.1,47.42,45.41,46.54,5658200
2014-12-29,46.6,47.36,45.91,46.1,2957500
2014-12-30,46.16,46.4,45.12,45.28,3506720
2015-01-01,45.5,45.71,45.01,45.14,1621020
2015-01-02,45.22,45.54,45.11,45.22,2221040
2015-01-05,45.22,46.83,45.11,45.98,4251470
2015-01-06,45.84,45.84,44.16,44.7,3868480
2015-01-07,44.1,44.8,42.85,43.2,3025100
2015-01-08,44.1,48.19,43.46,45.48,20413090
2015-01-09,45.9,46.87,44.7,45.16,5677840
2015-01-12,45.36,45.98,44.73,45.26,2867090
2015-01-13,45.28,46.6,45.1,45.9,5608590
2015-01-14,45.9,46.25,44.28,44.64,3809690
2015-01-15,44.8,45.7,44.65,45.28,3530180
2015-01-16,45.69,46.9,44.95,46.72,8024460
2015-01-19,47.0,47.4,46.06,46.21,3886520
2015-01-20,46.32,47.4,46.16,46.66,6682920
2015-01-21,46.8,48.34,46.36,47.8,6490730
2015-01-22,47.9,48.9,46.95,47.46,7710920
2015-01-23,47.7,48.4,46.8,47.05,4339780
2015-01-27,47.03,47.9,46.44,46.94,2151780
2015-01-28,46.96,48.0,46.74,47.58,2339070
2015-01-29,47.5,47.86,46.81,47.02,3846730
2015-01-30,47.45,47.45,46.16,46.46,1562680
2015-02-02,46.37,47.42,46.0,46.4,2805410
2015-02-03,46.52,47.06,46.02,46.34,1306930
2015-02-04,46.5,47.39,45.82,46.84,3072250
2015-02-05,47.0,47.85,46.1,46.2,3342560
2015-02-06,46.48,46.72,45.57,45.96,1695850
2015-02-09,45.5,46.09,44.65,45.4,3439810
2015-02-10,45.23,45.55,42.56,43.06,5590830
2015-02-11,43.41,43.5,41.92,42.98,3098590
2015-02-12,43.1,43.79,42.35,42.9,3513740
2015-02-13,43.04,43.98,42.0,42.74,4243560
2015-02-16,42.8,43.47,42.5,42.66,1253170
2015-02-18,42.8,43.69,42.4,42.66,2358450
2015-02-19,42.75,43.28,42.06,42.75,1774930
2015-02-20,42.9,43.9,42.9,43.6,8323020
2015-02-23,43.9,44.5,43.33,43.92,4180530
2015-02-24,43.92,44.7,43.88,44.1,2973860
2015-02-25,44.4,44.5,43.55,44.04,1600750
2015-02-26,44.2,44.22,42.5,42.7,4301220
2015-02-27,43.0,44.44,42.52,43.94,1686240
2015-02-28,44.79,44.79,43.15,43.69,950560
2015-03-02,44.4,44.97,42.9,44.45,1604910
2015-03-03,44.72,45.0,43.49,44.26,2502150
2015-03-04,44.6,44.86,43.2,43.6,3178370
2015-03-05,43.8,43.99,42.95,43.2,1175130
2015-03-09,42.98,43.6,42.1,43.2,990150
2015-03-10,43.33,44.15,43.08,43.24,1819900
2015-03-11,43.2,44.02,42.8,43.74,1995600
2015-03-12,44.09,44.44,43.34,43.52,2416660
2015-03-13,43.62,43.92,42.06,42.36,5560120
2015-03-16,41.96,42.86,41.56,42.58,1683880
2015-03-17,42.5,42.88,42.01,42.3,881630
2015-03-18,42.48,42.74,41.84,42.07,2958120
2015-03-19,42.38,42.72,41.6,41.91,1439100
2015-03-20,41.84,42.1,40.62,41.28,1896490
2015-03-23,41.3,41.9,40.7,41.45,1403910
2015-03-24,41.59,41.75,40.96,41.32,2543590
2015-03-25,41.3,41.38,40.5,41.11,2036360
2015-03-26,40.9,42.05,40.8,41.46,3325660
2015-03-27,42.2,42.2,41.12,41.4,2150550
2015-03-30,41.5,42.32,41.2,41.69,1753970
2015-03-31,41.8,42.5,41.35,41.94,1686530
2015-04-01,42.2,42.2,40.6,41.23,2837560
2015-04-06,41.3,41.78,40.88,41.14,1867290
2015-04-07,41.0,42.26,41.0,42.01,3452870
2015-04-08,41.91,43.2,41.72,42.32,4082650
2015-04-09,42.6,42.85,41.84,42.02,2009650
2015-04-10,42.0,42.5,41.8,42.26,1061430
2015-04-13,42.21,43.79,42.21,43.34,3552410
2015-04-15,43.4,44.12,41.82,42.25,8527850
2015-04-16,42.25,42.5,41.44,41.85,3505010
2015-04-17,41.85,42.76,41.4,41.98,3482440
2015-04-20,42.1,42.45,41.43,41.93,1921480
2015-04-21,41.91,44.19,41.58,43.26,6721530
2015-04-22,43.02,44.8,42.9,44.48,8660400
2015-04-23,45.0,45.5,44.26,44.68,8272890
2015-04-24,45.1,45.2,42.44,42.74,4130140
2015-04-27,42.54,42.59,40.12,41.86,3766430
2015-04-28,41.9,42.27,41.03,41.86,3260760
2015-04-29,41.86,42.37,41.52,41.76,2406420
2015-04-30,41.64,41.98,40.85,41.18,6665490
2015-05-04,41.5,41.98,41.3,41.72,1391290
2015-05-05,41.5,42.4,41.35,41.62,2709470
2015-05-06,41.9,42.5,39.72,40.3,5669920
2015-05-07,40.2,40.2,38.51,39.7,2914940
2015-05-08,40.1,40.28,39.22,39.84,2469580
2015-05-11,40.0,40.94,39.52,40.71,1828360
2015-05-12,40.75,41.49,39.88,40.94,4234360
2015-05-13,41.05,41.8,40.1,40.59,4024800
2015-05-14,40.69,40.8,40.2,40.53,1256550
2015-05-15,40.67,40.84,39.84,40.18,3344620
2015-05-18,40.7,41.54,40.51,41.39,3606200
2015-05-19,41.39,41.58,40.82,40.99,2174460
2015-05-20,41.16,41.49,41.04,41.2,2097900
2015-05-21,41.2,41.5,40.61,41.02,784920
2015-05-22,41.0,41.87,40.75,41.34,2328390
2015-05-25,41.01,41.44,40.92,41.16,2644960
2015-05-26,41.0,41.3,40.4,40.65,3758170
2015-05-27,40.4,41.0,40.2,40.7,1941170
2015-05-28,40.78,40.78,39.6,40.02,7103380
2015-05-29,40.12,40.65,39.81,40.45,5602940
2015-06-01,40.6,40.96,40.3,40.82,1352920
2015-06-02,41.2,41.2,39.5,39.82,1444020
2015-06-03,39.68,41.08,39.1,40.34,2325720
2015-06-04,40.49,40.49,39.12,39.24,1255730
2015-06-05,39.0,39.65,39.0,39.3,1791300
2015-06-08,39.4,39.51,38.31,38.52,3434880
2015-06-09,38.49,39.1,37.58,37.88,2701570
2015-06-10,37.84,38.79,37.54,38.68,2672880
2015-06-11,38.81,39.2,38.18,38.5,1678120
2015-06-12,38.44,39.35,38.16,38.77,3585810
2015-06-15,38.96,39.53,38.41,38.64,1130230
2015-06-16,38.5,38.99,38.26,38.54,813340
2015-06-17,38.72,40.35,38.72,40.14,4108740
2015-06-18,40.17,40.45,39.72,39.86,1212590
2015-06-19,40.05,40.12,39.12,39.4,1530960
2015-06-22,39.56,39.79,39.18,39.5,1268020
2015-06-23,39.67,39.75,39.12,39.48,1319830
2015-06-24,39.45,40.11,39.15,39.48,2073510
2015-06-25,39.37,40.15,38.71,39.88,8496840
2015-06-26,39.85,41.99,39.85,41.6,7486020
2015-06-29,40.8,43.24,40.38,42.81,7559250
2015-06-30,42.89,43.5,41.62,41.78,3585720
2015-07-01,43.6,49.2,42.9,45.53,84521616
2015-07-02,45.78,46.22,44.42,44.56,18538470
2015-07-03,44.6,45.24,44.02,44.48,6688200
2015-07-06,43.8,46.08,43.5,45.4,9941600
2015-07-07,45.77,45.9,44.9,45.12,5094380
2015-07-08,44.8,45.49,44.1,44.46,5088360
2015-07-09,44.41,45.1,44.4,44.54,3396490
2015-07-10,44.84,45.12,44.1,44.5,3403480
2015-07-13,44.8,45.5,44.38,44.56,4440500
2015-07-14,44.61,45.08,44.28,44.46,1914330
2015-07-15,44.5,45.1,44.3,44.38,2662020
2015-07-16,44.74,46.2,44.74,45.7,8266530
2015-07-17,46.0,46.87,45.92,46.21,4498000
2015-07-20,46.28,46.64,45.76,46.04,4280490
2015-07-21,46.1,46.44,45.9,46.0,5569370
2015-07-22,45.79,47.39,45.6,47.08,5055390
2015-07-23,46.71,47.2,46.1,46.96,2874280
2015-07-24,46.8,47.2,46.0,46.12,1197000
2015-07-27,45.98,46.38,45.57,45.81,3097880
2015-07-28,45.62,47.08,45.56,46.42,3319550
2015-07-29,46.66,46.67,46.02,46.2,1017000
2015-07-30,46.44,48.22,46.15,47.86,5352180
2015-07-31,48.36,49.3,47.0,48.42,4904490
2015-08-03,48.42,50.26,47.91,48.85,2583850
2015-08-04,49.18,49.18,48.19,48.37,1292910
2015-08-05,48.3,49.34,47.26,47.98,3527180
2015-08-06,48.15,51.88,46.73,50.38,12016960
2015-08-07,50.62,50.83,49.21,49.49,3656400
2015-08-10,49.32,52.3,48.98,51.0,10107450
2015-08-11,51.2,51.49,48.16,49.29,3177050
2015-08-12,48.5,50.0,47.68,47.96,2926990
2015-08-13,48.41,49.0,47.96,48.34,2270670
2015-08-14,48.35,49.89,48.35,49.22,2634070
2015-08-17,49.37,50.48,48.37,48.94,2351930
2015-08-18,49.0,49.82,48.62,48.81,1116710
2015-08-19,49.0,49.24,47.9,48.64,4668140
2015-08-20,48.16,49.26,47.1,47.93,4155550
2015-08-21,47.7,48.64,46.9,48.16,2305870
2015-08-24,47.29,47.29,43.56,45.76,9163150
2015-08-25,45.9,46.8,43.37,45.84,2927020
2015-08-26,45.79,46.38,45.41,45.98,1325680
2015-08-27,47.38,47.76,46.2,47.26,4033820
2015-08-28,47.85,49.28,47.54,48.5,1673260
2015-08-31,48.7,48.9,47.36,47.75,1358360
2015-09-01,47.2,48.4,47.02,47.6,1747340
2015-09-02,47.54,47.89,46.49,46.64,1682050
2015-09-03,46.94,48.22,45.52,46.61,1563130
2015-09-04,46.61,47.3,45.72,46.16,1609010
2015-09-07,46.21,47.7,45.8,46.45,1917330
2015-09-08,46.01,47.48,46.01,46.5,3007720
2015-09-09,46.48,46.82,46.18,46.44,1673390
2015-09-10,46.09,46.79,45.79,46.14,9784860
2015-09-11,46.6,47.42,46.6,46.98,2929700
2015-09-14,46.78,47.36,46.42,46.68,1006840
2015-09-15,46.5,47.6,46.2,46.52,2225810
2015-09-16,46.63,47.1,46.0,46.66,10550040
2015-09-18,46.69,48.1,46.66,47.58,2798090
2015-09-21,47.3,48.68,47.3,48.24,2728450
2015-09-22,48.15,49.0,47.32,47.6,1463550
2015-09-23,47.21,47.55,46.36,46.8,1435270
2015-09-24,46.89,47.65,46.7,47.04,3364350
2015-09-28,47.1,47.54,46.18,46.42,1187640
2015-09-29,45.4,46.58,45.4,46.06,1626460
2015-09-30,46.45,49.87,46.05,47.74,13308870
2015-10-01,48.2,48.4,46.54,46.74,2742460
2015-10-05,47.2,47.68,46.12,47.05,4622610
2015-10-06,47.33,48.08,47.18,47.6,5037740
2015-10-07,47.8,47.8,46.76,46.98,2140880
2015-10-08,47.04,47.55,46.4,46.51,1271590
2015-10-09,46.56,47.06,46.51,46.7,1021930
2015-10-12,46.8,47.37,46.56,46.74,1794010
2015-10-13,46.41,47.62,46.41,47.16,2594070
2015-10-14,47.14,48.16,46.91,47.84,3116970
2015-10-15,48.12,48.99,48.05,48.54,2923200
2015-10-16,48.99,48.99,47.72,48.22,1110640
2015-10-19,48.26,49.0,47.62,47.99,1723320
2015-10-20,48.04,48.44,47.55,47.93,2293120
2015-10-21,48.01,48.3,47.42,47.72,1730550
2015-10-23,47.9,48.64,47.84,48.43,2859670
2015-10-26,48.6,50.68,48.5,49.34,8301340
2015-10-27,49.24,50.8,48.72,49.34,3952890
2015-10-28,49.96,50.2,48.82,49.19,2376760
2015-10-29,49.3,49.74,48.66,49.0,5626330
2015-10-30,49.0,49.87,48.75,48.9,2074170
2015-11-02,49.19,49.67,48.2,48.64,1731250
2015-11-03,48.94,49.2,48.0,48.41,1528890
2015-11-04,48.69,48.88,47.82,47.98,1882530
2015-11-05,48.02,48.78,47.68,47.9,2024010
2015-11-06,48.06,48.3,47.41,47.66,1386470
2015-11-09,47.2,47.48,46.51,47.24,2109410
2015-11-10,47.2,47.8,47.12,47.38,1206200
2015-11-11,47.7,47.7,47.01,47.4,323910
2015-11-13,47.18,47.35,46.13,46.96,1412000
2015-11-16,47.0,47.16,46.51,46.8,1029730
2015-11-17,46.86,47.8,46.62,47.2,1372110
2015-11-18,47.2,47.49,45.91,46.0,2292270
2015-11-19,46.39,46.79,45.86,46.38,1860540
2015-11-20,46.6,49.6,46.6,48.13,7677420
2015-11-23,48.3,49.13,47.58,48.5,3159200
2015-11-24,48.51,48.8,47.44,48.08,2227250
2015-11-26,48.08,48.48,47.62,48.11,2229460
2015-11-27,48.17,48.24,46.85,47.24,1723480
2015-11-30,47.25,49.1,47.09,48.3,3741070
2015-12-01,48.38,49.1,47.94,48.02,2469330
2015-12-02,48.47,48.47,47.48,47.99,1978520
2015-12-03,48.24,48.4,47.7,47.99,1534740
2015-12-04,48.0,48.4,47.11,47.39,4613630
2015-12-07,48.0,48.08,46.48,46.62,4061930
2015-12-08,46.45,46.96,46.04,46.21,2001280
2015-12-09,46.16,46.21,45.34,46.0,5004400
2015-12-10,46.27,46.64,45.5,46.5,5492000
2015-12-11,46.8,48.76,46.0,48.18,13004230
2015-12-14,48.2,48.74,47.0,47.42,6725360
2015-12-15,47.39,47.48,46.6,46.9,3233720
2015-12-16,47.8,50.68,47.53,50.02,52730048
2015-12-17,50.89,51.14,49.6,49.86,18970420
2015-12-18,49.7,50.38,49.22,49.4,8246190
2015-12-21,49.46,51.39,49.21,50.89,15264690
2015-12-22,50.94,51.7,50.72,50.92,8197270
2015-12-23,51.0,52.41,51.0,51.93,12481100
2015-12-24,51.9,52.1,51.15,51.53,3993060
2015-12-28,51.7,53.24,51.7,52.74,15219050
2015-12-29,53.5,53.93,53.08,53.45,12977470
2015-12-30,53.93,53.93,52.12,52.64,7118390
2015-12-31,52.69,53.85,52.6,52.9,7951960
2016-01-01,53.4,53.43,52.5,52.7,3860400
2016-01-04,52.31,52.94,51.8,51.92,5459820
2016-01-05,52.1,57.73,52.02,55.64,27728320
2016-01-06,55.54,57.15,54.32,56.77,37104552
2016-01-07,55.7,58.5,55.49,56.02,29512670
2016-01-08,57.2,57.32,56.22,56.5,8185180
2016-01-11,56.0,60.8,55.86,59.16,27213720
2016-01-12,59.6,60.1,57.46,57.77,23019900
2016-01-13,58.43,59.2,56.27,57.42,18320250
2016-01-14,57.1,57.9,55.51,55.86,11500310
2016-01-15,56.28,56.9,54.76,55.16,7933290
2016-01-18,54.7,56.38,53.94,55.23,9611470
2016-01-19,55.7,56.14,53.9,55.26,6839490
2016-01-20,54.98,56.08,54.22,54.88,5536930
2016-01-21,55.39,55.84,54.51,54.67,4114960
2016-01-22,55.49,57.46,54.84,57.02,12274430
2016-01-25,58.22,58.94,57.52,58.25,11374500
2016-01-27,58.8,58.8,57.1,57.42,6795290
2016-01-28,57.77,57.9,55.56,56.37,11830230
2016-01-29,56.8,56.8,51.72,55.98,29735990
2016-02-01,55.86,57.14,55.02,56.39,4955560
2016-02-02,56.46,57.3,55.93,56.7,5142650
2016-02-03,56.56,57.0,55.56,55.76,4171640
2016-02-04,56.2,56.4,54.16,55.03,3513930
2016-02-05,55.27,55.94,54.2,55.2,4278690
2016-02-08,55.3,55.53,54.22,54.48,6522570
2016-02-09,53.3,54.84,53.3,54.24,3872980
2016-02-10,53.8,54.7,53.3,54.08,5524980
2016-02-11,54.48,54.78,51.64,52.74,6315130
2016-02-12,52.15,53.12,50.7,52.3,8314370
2016-02-15,52.52,54.9,52.37,54.01,4627050
2016-02-16,54.2,54.54,52.85,53.28,5248440
2016-02-17,53.3,53.49,52.0,53.1,4003040
2016-02-18,53.6,54.65,53.18,53.89,3460600
2016-02-19,54.04,54.15,51.8,52.54,5546430
2016-02-22,52.69,53.38,52.27,53.03,3333920
2016-02-23,53.2,53.3,52.24,52.62,3504760
2016-02-24,52.82,53.0,50.6,50.94,8615960
2016-02-25,51.02,51.02,48.4,48.94,11539190
2016-02-26,49.59,51.91,49.0,51.61,6353810
2016-02-29,51.8,52.63,49.3,50.84,7197690
2016-03-01,51.05,53.39,50.98,53.22,5397080
2016-03-02,53.52,54.82,52.62,52.82,4462000
2016-03-03,53.12,53.99,52.9,53.62,3211930
2016-03-04,53.87,54.5,53.07,53.37,2128600
2016-03-08,53.75,53.9,52.2,52.41,3044230
2016-03-09,52.04,53.7,51.86,53.32,2413480
2016-03-10,53.82,55.0,52.71,53.94,6746000
2016-03-11,54.1,54.33,52.68,52.91,3667930
2016-03-14,53.2,53.46,52.0,52.32,3898650
2016-03-15,52.41,52.41,50.75,51.75,6271520
2016-03-16,52.0,52.18,51.06,51.64,2318150
2016-03-17,52.0,53.04,51.5,52.2,4917200
2016-03-18,52.2,52.48,51.24,52.02,6336070
2016-03-21,51.61,54.0,51.61,53.5,6131990
2016-03-22,53.4,55.48,53.16,54.46,6370540
2016-03-23,54.6,55.56,53.96,55.22,5649250
2016-03-28,56.0,56.02,53.94,54.22,4855430
2016-03-29,54.99,55.12,53.94,54.34,3860480
2016-03-30,54.89,55.41,54.6,55.07,4730930
2016-03-31,55.6,57.6,55.12,56.96,9943920
2016-04-01,56.73,58.42,56.01,56.36,5124510
2016-04-04,56.5,57.46,56.32,56.5,2842340
2016-04-05,56.5,57.18,55.82,56.12,2431840
2016-04-06,56.12,56.38,55.02,55.17,3514520
2016-04-07,55.19,55.26,53.74,53.98,2778620
2016-04-08,53.7,54.98,53.7,54.64,2604310
2016-04-11,54.66,55.55,54.64,55.23,1595580
2016-04-12,55.29,56.28,55.1,56.04,2089520
2016-04-13,57.0,57.6,56.01,57.44,3968150
2016-04-18,57.6,57.86,56.47,56.62,1369580
2016-04-20,56.7,58.4,56.29,57.19,8164590
2016-04-21,57.5,57.8,56.43,57.34,4394750
2016-04-22,57.9,59.45,57.24,57.82,13357290
2016-04-25,57.5,57.78,56.4,56.72,3465980
2016-04-26,56.74,57.52,56.32,57.26,2245280
2016-04-27,57.0,57.55,56.82,57.2,3069650
2016-04-28,57.08,57.55,56.98,57.2,4209320
2016-04-29,57.0,57.84,57.0,57.33,4519560
2016-05-02,57.9,58.8,57.61,58.33,5834370
2016-05-03,58.79,58.79,56.74,57.05,7056560
2016-05-04,56.79,57.54,56.5,57.16,4004590
2016-05-05,57.33,57.38,55.8,56.22,3114000
2016-05-06,56.1,57.6,55.66,57.32,5236980
2016-05-09,57.6,57.69,57.06,57.46,3107950
2016-05-10,57.69,57.69,56.8,57.18,3362660
2016-05-11,56.8,57.04,56.5,56.69,2921180
2016-05-12,57.0,58.02,56.72,56.88,5343910
2016-05-13,57.04,57.46,56.2,56.84,3712000
2016-05-16,57.7,58.1,56.61,57.44,16223110
2016-05-17,57.5,59.39,57.5,59.14,18100290
2016-05-18,59.03,60.62,57.74,58.0,9668440
2016-05-19,58.2,58.6,57.4,57.52,5133740
2016-05-20,57.69,57.9,56.9,57.0,5321850
2016-05-23,57.1,57.42,56.65,56.79,2670920
2016-05-24,56.77,57.29,56.43,56.93,3754320
2016-05-25,57.0,57.64,56.84,56.98,3164110
2016-05-26,57.8,57.86,56.3,56.91,6012760
2016-05-27,56.84,57.94,56.78,57.43,2421790
2016-05-30,57.4,57.56,56.5,56.65,2545160
2016-05-31,56.9,56.9,55.56,55.86,4013430
2016-06-01,55.9,56.57,55.7,56.18,1878960
2016-06-02,56.15,57.55,55.92,56.95,5029260
2016-06-03,56.89,57.77,56.26,56.44,2218300
2016-06-06,56.4,57.65,55.51,57.5,2364110
2016-06-07,57.5,58.45,57.3,57.58,3208320
2016-06-08,57.6,58.25,57.41,57.76,3002390
2016-06-09,57.84,58.49,57.1,57.28,3096710
2016-06-10,57.58,58.7,57.45,58.24,5839050
2016-06-13,57.88,58.45,57.5,58.2,12085540
2016-06-14,58.78,61.54,58.46,61.16,30122100
2016-06-15,62.0,62.9,61.36,61.53,18785740
2016-06-16,61.4,62.4,61.12,61.9,8398060
2016-06-17,61.84,62.35,61.54,61.86,4073600
2016-06-20,61.5,62.47,60.75,61.63,8721960
2016-06-21,62.27,63.3,61.41,61.67,12793590
2016-06-22,61.94,61.95,60.26,60.44,5411110
2016-06-23,60.8,61.16,59.01,60.74,7180520
2016-06-24,58.5,60.87,57.62,60.62,6595540
2016-06-27,60.6,61.3,60.31,60.58,3756080
2016-06-28,61.0,61.54,60.5,61.39,4636890
2016-06-29,61.58,62.8,61.5,62.68,7183960
2016-06-30,63.2,63.6,62.5,62.76,8375630
2016-07-01,63.5,63.89,61.4,61.56,11197190
2016-07-04,62.4,62.45,61.62,61.87,5023990
2016-07-05,62.2,62.2,60.9,61.12,3272220
2016-07-07,61.15,61.5,60.12,60.31,7722280
2016-07-08,60.59,60.71,59.28,59.74,4460960
2016-07-11,60.3,61.08,59.72,60.87,11648320
2016-07-12,60.87,62.17,60.87,61.8,6385490
2016-07-13,62.2,62.45,60.66,60.84,4815010
2016-07-14,60.8,61.24,60.27,60.54,2427180
2016-07-15,61.1,61.1,60.22,60.45,2413500
2016-07-18,60.48,61.1,60.01,60.8,3069510
2016-07-19,60.55,61.75,60.55,60.86,3022210
2016-07-20,60.8,61.85,60.61,61.64,2646310
2016-07-21,62.0,62.5,61.14,61.4,5211520
2016-07-22,61.1,62.34,61.01,62.18,4087410
2016-07-25,62.3,62.78,61.92,62.36,3848700
2016-07-26,62.5,63.38,62.0,62.27,6342140
2016-07-27,62.39,62.94,61.96,62.7,2893970
2016-07-28,62.7,64.97,62.56,63.62,14919500
2016-07-29,63.68,65.42,63.42,64.84,6296090
2016-08-01,64.91,65.24,64.2,64.97,2425730
2016-08-02,64.76,65.9,64.26,64.78,3080110
2016-08-03,64.75,65.78,64.46,65.32,7257210
2016-08-04,65.25,67.59,65.1,67.21,6756400
2016-08-05,67.58,67.61,65.79,66.48,4351610
2016-08-08,66.7,68.97,66.61,68.79,5363880
2016-08-09,68.8,68.94,67.51,68.33,2930120
2016-08-10,68.98,68.98,66.9,67.06,4695790
2016-08-11,67.19,69.1,66.55,67.86,7131280
2016-08-12,68.0,68.48,67.28,67.6,4651390
2016-08-16,67.61,68.26,67.13,67.52,2245260
2016-08-17,67.71,68.79,67.64,68.3,3732650
2016-08-18,68.49,70.1,68.43,69.16,7322300
2016-08-19,69.6,70.28,68.74,69.92,3325800
2016-08-22,70.0,73.49,68.84,72.97,32623070
2016-08-23,73.9,78.66,73.5,75.63,62471128
2016-08-24,75.81,76.5,74.86,75.76,17092770
2016-08-25,76.1,76.1,74.58,74.98,9598270
2016-08-26,75.44,79.09,75.15,78.36,22088930
2016-08-29,78.48,78.7,76.08,76.38,13775780
2016-08-30,76.74,77.84,76.55,77.41,5179850
2016-08-31,77.7,80.88,77.6,80.12,15271610
2016-09-01,80.1,80.1,78.02,78.42,8469560
2016-09-02,78.6,79.68,78.42,79.0,3587870
2016-09-06,79.12,79.98,78.84,79.47,4412810
2016-09-07,79.47,79.58,78.08,78.21,4959420
2016-09-08,78.22,79.6,77.9,78.22,6166980
2016-09-09,78.16,78.64,75.9,76.14,7490060
2016-09-12,75.45,75.74,74.22,74.82,4324360
2016-09-14,75.0,77.12,74.68,76.44,6753430
2016-09-15,76.6,76.6,75.25,75.9,2393450
2016-09-16,75.69,76.34,74.86,75.12,4143180
2016-09-19,75.2,75.75,74.0,75.04,4861970
2016-09-20,75.1,76.48,74.64,74.94,5832970
2016-09-21,75.25,75.6,74.45,74.65,3119010
2016-09-22,75.21,75.5,74.5,74.86,4390340
2016-09-23,75.1,77.28,75.05,76.33,10957030
2016-09-26,76.34,77.69,76.1,77.24,11436690
2016-09-27,77.7,78.53,76.9,77.94,10349830
2016-09-28,78.0,78.72,77.5,78.14,7814800
2016-09-29,78.9,80.0,76.42,76.89,17623340
2016-09-30,77.38,78.6,76.1,77.81,9357730
2016-10-03,78.62,79.36,77.94,79.08,8023230
2016-10-04,79.63,84.76,79.6,83.79,33298570
2016-10-05,83.7,83.9,82.26,82.82,9662140
2016-10-06,83.05,86.9,82.99,86.06,20764290
2016-10-07,86.27,86.56,84.28,85.04,10519390
2016-10-10,85.4,88.14,85.4,86.7,9392020
2016-10-13,86.18,86.18,83.8,84.54,13215440
2016-10-14,84.7,86.3,84.27,84.86,10280200
2016-10-17,84.7,85.09,82.0,82.86,8232100
2016-10-18,83.69,83.93,82.25,83.41,6078710
2016-10-19,83.44,86.75,83.1,85.13,14300330
2016-10-20,85.92,86.12,84.73,85.2,3628060
2016-10-21,85.24,86.8,85.14,86.54,6322520
2016-10-24,86.59,87.4,86.04,86.52,4794870
2016-10-25,86.35,87.21,86.06,86.52,7451570
2016-10-26,86.38,87.1,85.11,85.81,3465310
2016-10-27,85.66,85.84,83.91,84.4,3398180
2016-10-28,85.0,86.35,84.12,86.0,4178440
2016-10-30,85.9,85.99,85.26,85.68,260750
2016-11-01,85.68,87.9,85.68,86.94,4468470
2016-11-02,86.9,86.9,85.05,85.91,4345160
2016-11-03,85.6,87.84,85.6,86.04,5624800
2016-11-04,86.04,86.6,84.35,85.54,9770590
2016-11-07,86.1,87.18,85.1,85.41,2206840
2016-11-08,85.92,86.33,85.03,86.1,2837800
2016-11-09,80.0,86.1,79.32,85.56,4311530
2016-11-10,85.85,89.72,85.85,88.44,8097330
2016-11-11,87.5,88.12,85.14,85.48,3318260
2016-11-15,86.2,86.2,81.5,82.28,5378660
2016-11-16,82.28,83.52,79.65,82.43,5098760
2016-11-17,83.47,86.45,83.25,83.9,17748080
2016-11-18,84.11,85.2,83.6,84.04,3625240
2016-11-21,84.3,84.56,81.38,81.68,3180380
2016-11-22,82.38,83.0,80.68,82.63,4605340
2016-11-23,82.99,83.5,81.5,82.8,4137310
2016-11-24,82.77,84.38,81.53,83.56,9591540
2016-11-25,83.59,85.49,82.84,83.86,6020040
2016-11-28,83.8,84.84,83.51,83.89,2370640
2016-11-29,84.2,84.3,82.26,82.52,5573860
2016-11-30,82.61,84.08,81.28,82.9,7218530
2016-12-01,82.91,85.3,82.91,83.56,10348490
2016-12-02,83.5,83.5,81.32,81.5,7520630
2016-12-05,81.5,82.3,80.7,81.72,4687340
2016-12-06,82.29,83.6,82.01,83.25,6249360
2016-12-07,83.8,84.49,83.0,84.04,5543120
2016-12-08,84.9,85.51,84.42,85.1,4146270
2016-12-09,85.5,87.28,85.31,86.84,6261630
2016-12-12,87.3,87.3,85.5,85.86,4039290
2016-12-13,85.61,87.8,84.98,85.53,6380050
2016-12-14,85.54,87.5,85.2,86.98,6690670
2016-12-15,86.8,91.17,86.3,90.63,20744970
2016-12-16,91.0,92.15,89.8,91.34,16621200
2016-12-19,91.35,92.6,90.74,91.16,8455640
2016-12-20,91.3,91.6,89.24,89.52,7658270
2016-12-21,89.7,90.76,89.32,89.67,5338220
2016-12-22,89.79,89.79,87.2,87.66,3625240
2016-12-23,87.6,88.29,86.12,87.71,3895470
2016-12-26,87.67,89.8,86.72,88.92,9308440
2016-12-27,89.1,89.5,88.15,89.14,5686250
2016-12-28,89.47,90.64,88.38,88.75,6141310
2016-12-29,88.61,90.1,87.9,89.64,7653770
2016-12-30,89.38,92.26,89.06,91.82,8224220
2017-01-02,92.23,92.79,91.35,91.94,5100250
2017-01-03,91.92,95.2,91.12,94.64,11700910
2017-01-04,95.0,96.08,93.2,93.51,10267280
2017-01-05,94.38,94.68,92.68,93.12,6908370
2017-01-06,93.78,93.9,91.88,92.29,4918940
2017-01-09,92.38,93.35,91.9,92.21,5218850
2017-01-10,92.8,94.22,92.53,93.22,6212890
2017-01-11,93.38,94.05,92.92,93.65,3214210
2017-01-12,93.78,93.78,92.39,92.81,3819910
2017-01-13,93.01,93.38,92.16,92.6,3520090
2017-01-16,92.78,92.78,91.2,91.5,3399510
2017-01-17,91.7,92.3,91.3,91.89,2781250
2017-01-18,91.9,94.03,91.9,93.86,7968160
2017-01-19,94.2,94.8,92.74,92.94,4858700
2017-01-20,93.14,93.8,92.02,92.38,2292790
2017-01-23,92.5,93.8,91.91,92.32,4875410
2017-01-24,92.4,93.4,92.4,93.02,2364750
2017-01-25,93.67,93.7,92.66,93.35,6424970
2017-01-27,93.6,97.48,93.6,96.2,11091690
2017-01-30,96.5,97.19,95.71,96.06,3882870
2017-01-31,96.37,96.37,93.41,93.95,4512670
2017-02-01,94.37,97.1,93.24,96.1,7440270
2017-02-02,96.35,96.35,95.2,95.86,3335060
2017-02-03,95.86,98.2,95.26,96.74,7383200
2017-02-06,97.0,100.74,96.4,100.08,13706280
2017-02-07,100.1,102.98,100.1,102.05,16999380
2017-02-08,101.8,102.1,100.51,101.44,5944260
2017-02-09,102.5,105.99,102.45,102.77,21148160
2017-02-10,103.49,103.6,101.38,102.18,6174120
2017-02-13,102.88,102.91,100.58,101.3,5091970
2017-02-14,101.25,102.88,100.32,102.36,10916920
2017-02-15,102.5,107.14,102.4,105.06,25740880
2017-02-16,105.0,106.33,104.56,105.31,11637740
2017-02-17,105.5,106.43,102.74,103.79,11510080
2017-02-20,104.1,105.82,103.7,105.02,4822800
2017-02-21,105.5,105.95,104.55,104.78,3221620
2017-02-22,105.37,105.37,103.28,103.8,2555380
2017-02-23,103.0,104.59,103.0,103.51,5389970
2017-02-27,103.49,104.64,102.52,103.86,5378050
2017-02-28,104.1,106.0,103.84,104.32,8319380
2017-03-01,104.93,105.4,104.1,105.02,3327570
2017-03-02,105.6,105.8,103.2,103.39,4152820
2017-03-03,103.6,104.48,102.32,104.04,3825670
2017-03-06,104.15,105.4,103.34,104.96,3292240
2017-03-07,104.78,105.21,103.79,104.12,2205930
2017-03-08,103.55,104.52,102.94,103.32,3059790
2017-03-09,103.8,103.8,102.4,102.94,2224280
2017-03-10,103.47,103.48,101.56,102.22,4144090
2017-03-14,104.9,104.9,101.9,102.14,3027210
2017-03-15,102.09,102.82,101.78,102.0,4139320
2017-03-16,102.15,103.74,102.15,103.02,4045880
2017-03-17,102.4,105.8,102.4,104.4,8574950
2017-03-20,104.7,104.79,103.2,104.02,2581190
2017-03-21,104.2,104.98,102.46,102.88,4398280
2017-03-22,103.0,103.0,99.96,100.24,6301030
2017-03-23,100.3,100.93,98.6,100.02,7290850
2017-03-24,100.0,101.58,100.0,100.6,4985960
2017-03-27,100.24,102.0,99.38,101.71,5497940
2017-03-28,102.0,103.2,100.9,102.36,3932080
2017-03-29,102.49,102.88,101.16,102.03,1722190
2017-03-30,102.35,102.5,100.07,100.3,9997420
2017-03-31,101.0,102.08,100.58,101.5,4951190
2017-04-03,100.51,101.8,99.72,101.46,2459550
2017-04-05,100.7,101.9,100.7,101.18,2817620
2017-04-06,101.18,101.18,99.11,99.35,3614190
2017-04-07,99.4,100.76,99.02,99.28,4018950
2017-04-10,99.5,101.0,99.5,100.26,1840330
2017-04-11,100.3,103.32,100.26,102.96,5544120
2017-04-12,103.99,104.8,101.88,103.59,7278360
2017-04-13,103.8,104.39,102.75,103.22,2835000
2017-04-17,103.2,106.7,100.29,106.3,6310140
2017-04-18,107.2,107.41,104.12,104.77,7119850
2017-04-19,104.79,106.36,104.26,106.04,3155060
2017-04-20,106.75,108.4,105.6,106.82,5441380
2017-04-21,107.29,107.54,105.1,105.88,3369600
2017-04-24,106.1,106.91,105.5,105.78,2008040
2017-04-25,105.7,106.8,105.53,106.11,3407580
2017-04-26,106.15,108.44,104.4,106.4,7393000
2017-04-27,106.29,107.43,104.6,105.65,3954810
2017-04-28,106.7,107.9,105.3,105.77,3040530
2017-05-02,106.0,106.5,104.62,105.95,1594450
2017-05-03,106.0,106.8,104.36,105.36,2737310
2017-05-04,105.5,105.6,104.4,105.06,1059990
2017-05-05,104.9,104.9,101.66,102.86,2182800
2017-05-08,102.98,103.9,100.89,101.38,4207760
2017-05-09,101.38,102.22,100.21,101.13,2489250
2017-05-10,101.13,103.38,101.05,102.04,2611300
2017-05-11,102.1,102.69,100.8,101.19,2078060
2017-05-12,100.5,101.12,97.29,99.45,5591810
2017-05-15,99.51,100.8,99.51,100.02,3145970
2017-05-16,100.76,100.9,98.85,100.58,1782490
2017-05-17,100.9,102.7,100.89,101.91,3373290
2017-05-18,101.91,101.91,99.91,100.26,1685840
2017-05-19,100.5,101.08,99.3,100.02,1496780
2017-05-22,100.2,100.76,97.93,98.72,2635340
2017-05-23,98.85,99.55,96.68,98.14,3505030
2017-05-24,98.14,98.89,97.12,98.26,2951550
2017-05-25,99.07,99.26,96.78,98.44,4750550
2017-05-26,98.6,103.3,98.52,102.6,5555520
2017-05-29,103.4,104.89,101.04,102.6,8662620
2017-05-30,102.72,106.49,102.29,105.98,3365370
2017-05-31,106.7,108.5,106.41,107.44,4777260
2017-06-01,107.37,107.37,105.2,106.39,1878260
2017-06-02,106.3,109.64,106.3,108.84,5215890
2017-06-05,108.9,109.4,107.54,108.52,1686230
2017-06-06,110.2,112.12,108.78,111.68,6041410
2017-06-07,112.19,112.7,109.98,110.62,2287400
2017-06-08,110.1,111.3,108.82,109.6,2363320
2017-06-09,109.4,110.63,108.03,109.87,1944820
2017-06-12,109.0,109.73,106.9,107.36,2600600
2017-06-13,107.5,110.6,106.66,109.1,4672370
2017-06-14,108.7,109.0,107.1,107.36,2661510
2017-06-15,108.0,108.02,106.05,106.35,1661830
2017-06-16,107.29,107.8,105.52,106.04,2062960
2017-06-19,106.45,107.6,105.56,106.97,3611880
2017-06-20,107.0,110.64,107.0,108.64,5672410
2017-06-21,109.47,110.3,108.7,109.37,2912830
2017-06-22,109.78,110.4,106.66,107.72,2169830
2017-06-23,107.99,107.99,105.0,106.8,2213190
2017-06-27,106.25,106.95,104.56,105.22,1732140
2017-06-28,104.11,105.14,103.02,103.62,1732550
2017-06-29,104.4,106.2,104.06,105.28,3656560
2017-06-30,104.95,106.35,103.78,105.66,2203550
2017-07-03,105.7,106.5,104.7,105.24,2548660
2017-07-04,105.96,106.71,105.0,106.2,2278220
2017-07-05,106.58,107.9,106.05,107.2,2239320
2017-07-06,107.4,108.14,106.34,107.34,3642810
2017-07-07,106.8,107.93,106.8,107.24,1736200
2017-07-10,107.2,108.1,107.0,107.23,207370
2017-07-11,107.8,112.8,106.5,111.78,10534350
2017-07-12,113.0,113.5,111.23,112.12,6874020
2017-07-13,112.4,113.52,111.7,112.51,2992520
2017-07-14,112.69,114.12,111.41,112.18,2589390
2017-07-17,115.78,116.34,113.59,114.53,7412750
2017-07-18,114.74,114.87,112.22,112.86,1230410
2017-07-19,113.0,115.24,112.86,113.41,3541970
2017-07-20,114.1,114.36,112.0,112.48,1213880
2017-07-21,112.8,115.09,111.5,114.62,4819990
2017-07-24,114.4,114.5,112.83,113.59,804680
2017-07-25,113.9,114.02,112.23,112.44,1263280
2017-07-26,113.8,114.12,112.6,113.18,1986280
2017-07-27,114.4,119.0,114.2,117.7,11802210
2017-07-28,117.7,122.86,117.0,119.06,10539400
2017-07-31,119.0,120.28,116.74,117.91,4533770
2017-08-01,118.5,120.0,117.03,119.0,3310500
2017-08-02,119.19,120.45,117.03,117.69,4027550
2017-08-03,117.99,120.15,117.41,118.44,3140990
2017-08-04,118.2,119.0,117.45,118.02,1669370
2017-08-07,118.6,121.43,118.5,119.64,4045130
2017-08-08,120.02,123.25,117.08,122.51,4645060
2017-08-09,122.5,128.25,122.2,123.1,8947290
2017-08-10,122.8,124.75,120.1,121.42,3812090
2017-08-11,120.0,123.12,116.15,121.55,7638560
2017-08-14,123.94,130.56,122.0,129.56,13198800
2017-08-16,131.0,131.88,126.75,127.44,5480090
2017-08-17,127.6,129.8,127.14,127.44,3156640
2017-08-18,127.44,128.9,126.1,127.75,3188920
2017-08-21,128.0,128.7,125.25,125.62,5138250
2017-08-22,126.9,127.18,125.5,125.93,2401340
2017-08-23,126.17,127.4,123.86,126.82,2016750
2017-08-24,127.32,127.4,124.52,125.18,3021330
2017-08-28,125.15,126.1,124.0,124.28,4465050
2017-08-29,124.3,125.8,121.85,124.16,4377740
2017-08-30,125.0,126.8,124.52,125.68,3044130
2017-08-31,126.85,129.0,125.9,127.56,4953340
2017-09-01,127.57,129.0,126.6,127.5,2940610
2017-09-04,127.5,129.25,125.26,126.22,2698220
2017-09-05,129.0,132.4,126.12,131.88,9802950
2017-09-06,131.2,132.94,130.15,130.47,6878130
2017-09-07,131.2,132.16,130.74,131.13,2189100
2017-09-08,131.4,138.44,131.24,137.49,16261490
2017-09-11,140.39,140.39,137.7,138.51,4242170
2017-09-12,138.51,144.14,138.4,142.78,8929020
2017-09-13,142.64,143.89,137.86,140.04,6561760
2017-09-14,140.6,143.8,140.6,142.88,4676150
2017-09-15,142.4,145.25,140.84,143.97,3869080
2017-09-18,144.1,145.18,143.05,144.32,3852260
2017-09-19,145.72,148.8,145.1,148.38,6038410
2017-09-20,148.6,150.55,147.41,149.86,5271010
2017-09-21,150.0,152.39,148.46,151.64,6059140
2017-09-22,150.35,151.0,142.97,143.64,7713480
2017-09-25,143.99,146.38,139.7,145.38,5314550
2017-09-26,146.34,147.0,143.0,143.52,3657080
2017-09-27,144.3,144.68,139.98,140.94,4889520
2017-09-28,140.02,146.94,139.06,145.91,9050770
2017-09-29,146.48,150.7,146.38,147.19,8376430
2017-10-03,149.9,149.9,145.7,147.56,6264850
2017-10-04,147.87,147.87,144.3,145.11,4208550
2017-10-05,144.7,146.34,143.4,143.86,3164740
2017-10-06,143.5,145.5,142.76,144.22,3669460
2017-10-09,144.15,146.1,143.7,144.48,1634390
2017-10-10,144.9,149.5,144.5,148.71,5873420
2017-10-11,151.4,154.18,149.01,152.02,16012490
2017-10-12,153.17,153.4,150.6,152.83,3661410
2017-10-13,153.9,153.9,151.34,152.18,2987360
2017-10-16,153.0,153.35,152.0,152.32,1599380
2017-10-17,153.26,153.26,148.62,149.75,3985560
2017-10-18,149.77,158.39,149.16,157.38,10224790
2017-10-19,156.9,156.9,154.7,155.52,675270
2017-10-23,156.19,162.08,155.74,161.32,7828290
2017-10-24,162.4,162.4,159.0,159.37,3464520
2017-10-25,160.9,162.0,154.5,157.11,3521810
2017-10-26,157.79,160.0,155.24,159.12,2955160
2017-10-27,159.78,160.95,157.61,158.58,2444590
2017-10-30,158.46,162.4,157.22,161.39,5006370
2017-10-31,161.51,161.52,157.7,158.52,4076160
2017-11-01,159.9,161.1,157.8,158.28,5371420
2017-11-02,158.8,159.49,155.36,157.14,3141840
2017-11-03,158.39,159.63,156.73,157.27,4099680
2017-11-06,157.34,158.0,155.38,155.86,2596830
2017-11-07,156.5,156.87,153.85,154.92,3953550
2017-11-08,154.78,157.45,154.2,156.68,4303370
2017-11-09,158.45,161.38,150.6,154.98,4756590
2017-11-10,156.0,162.8,153.7,160.82,5882860
2017-11-13,161.45,162.72,155.55,157.2,2750344
2017-11-14,158.1,159.5,156.0,157.08,2717950
2017-11-15,157.95,157.95,151.05,151.88,3512438
2017-11-16,152.5,152.9,145.3,149.8,5687934
2017-11-17,151.25,152.38,148.58,150.9,3068276
2017-11-20,151.1,153.5,150.55,152.42,3259392
2017-11-21,153.0,155.5,152.32,155.02,2574212
2017-11-22,156.18,156.18,148.65,153.48,7839854
2017-11-23,153.9,154.5,151.65,152.55,2318526
2017-11-24,153.5,157.85,151.8,156.12,5543204
2017-11-27,155.5,157.75,154.18,156.12,3118506
2017-11-28,159.62,165.9,158.22,163.35,21178972
2017-11-29,163.35,164.5,161.75,162.78,3955600
2017-11-30,163.12,163.98,159.72,163.3,2965670
2017-12-01,164.4,164.58,156.75,158.75,3468950
2017-12-04,159.5,167.0,156.85,166.5,9258844
2017-12-05,167.88,168.48,162.68,163.5,7041318
2017-12-06,163.5,165.42,160.72,162.15,3877806
2017-12-07,163.38,167.35,162.55,166.3,5383936
2017-12-08,167.48,168.0,163.0,163.9,6335796
2017-12-11,164.5,166.0,163.58,164.0,3354170
2017-12-12,164.0,164.95,160.35,161.25,2987678
2017-12-13,161.32,163.85,160.0,161.05,2518358
2017-12-14,162.35,162.82,158.25,159.75,2742130
2017-12-15,160.5,162.38,158.95,159.42,2556554
2017-12-18,159.48,164.48,152.0,163.1,4490700
2017-12-19,164.0,165.5,162.85,163.98,3208678
2017-12-20,165.62,166.2,162.75,164.08,3484554
2017-12-21,164.38,165.82,163.58,164.48,2083470
2017-12-22,164.38,166.18,163.5,164.58,3825154
2017-12-26,166.5,167.25,163.82,165.28,6018848
2017-12-27,165.75,166.98,165.12,165.85,2165636
2017-12-28,166.0,166.38,163.5,164.18,2393782
2017-12-29,165.0,168.75,164.25,167.9,4117678
2018-01-01,167.4,172.45,167.12,169.88,5237318
2018-01-02,171.15,171.7,165.85,167.6,2520306
2018-01-03,167.45,168.02,166.0,166.38,2590736
2018-01-04,166.98,166.98,163.8,164.52,4312704
2018-01-05,164.5,167.0,164.5,164.92,3396906
2018-01-08,165.35,165.5,163.05,164.1,4769792
2018-01-09,165.0,165.0,160.65,161.52,3670074
2018-01-10,161.5,163.38,160.9,162.88,2873304
2018-01-11,163.62,164.75,160.75,161.12,4708018
2018-01-12,161.62,164.45,160.3,163.75,2719340
2018-01-15,164.5,164.5,161.35,161.82,1850292
2018-01-16,162.15,162.4,158.0,158.4,3004234
2018-01-17,158.0,158.72,154.05,157.38,5502490
2018-01-18,158.0,158.3,152.05,152.72,4530392
2018-01-19,153.45,156.4,151.0,155.75,3354880
2018-01-22,156.0,157.28,154.38,154.85,2500586
2018-01-23,156.0,158.45,154.5,156.18,5465502
2018-01-24,157.0,158.2,155.68,156.62,2871576
2018-01-25,156.75,157.98,153.05,153.65,4612306
2018-01-29,154.48,156.25,152.9,155.18,3884514
2018-01-30,155.5,155.52,152.2,153.4,3533560
2018-01-31,153.62,155.0,150.75,152.32,5312416
2018-02-01,152.5,153.48,149.75,151.45,5234606
2018-02-02,150.0,150.0,142.5,144.58,8000194
2018-02-05,140.22,150.68,140.15,148.38,9113668
2018-02-06,140.5,147.0,135.55,145.42,5821400
2018-02-07,148.5,148.65,145.08,146.12,3808034
2018-02-08,146.4,147.98,143.58,145.1,8365048
2018-02-09,145.0,146.82,143.0,144.78,5868748
2018-02-12,145.5,151.75,144.6,151.22,6223504
2018-02-14,153.45,156.0,152.68,153.88,15632596
2018-02-15,155.85,155.85,150.1,152.1,2762978
2018-02-16,152.75,153.45,147.0,147.52,3572300
2018-02-19,149.32,149.38,145.62,147.38,1757208
2018-02-20,147.05,149.9,145.32,148.42,2503562
2018-02-21,150.48,150.78,146.02,146.95,3909812
2018-02-22,146.5,147.5,145.05,145.85,3298466
2018-02-23,146.0,150.5,146.0,147.75,4244206
2018-02-26,149.4,149.4,145.82,148.5,3578962
2018-02-27,149.82,154.75,149.25,152.6,11146080
2018-02-28,152.55,154.25,151.08,152.35,4150512
2018-03-01,151.92,155.4,151.5,153.08,7505690
2018-03-05,152.45,154.48,151.02,152.65,3174826
2018-03-06,154.5,158.4,153.9,155.4,9938598
2018-03-07,155.48,157.2,153.15,154.05,4259074
2018-03-08,155.5,156.9,154.12,155.4,4191928
2018-03-09,156.0,156.45,148.9,150.42,5661450
2018-03-12,152.85,152.85,149.75,151.45,4349946
2018-03-13,151.48,152.38,150.08,151.8,3209298
2018-03-14,151.25,151.42,147.6,150.6,3736662
2018-03-15,150.98,150.98,148.0,149.15,3911844
2018-03-16,149.9,149.9,147.6,148.1,2996400
2018-03-19,147.15,147.45,143.62,145.18,4603862
2018-03-20,145.0,145.0,142.32,143.48,5081108
2018-03-21,143.5,148.4,143.5,147.18,4564684
2018-03-22,148.38,148.38,144.82,145.62,4397924
2018-03-23,142.6,144.4,140.22,141.0,5457588
2018-03-26,141.0,142.28,137.25,141.05,4866070
2018-03-27,141.5,142.18,138.28,140.1,5772334
2018-03-28,139.1,140.75,137.7,139.72,5354896
2018-04-02,142.25,142.7,138.62,139.68,5466842
2018-04-03,139.5,139.9,136.5,139.02,4907432
2018-04-04,139.98,143.45,139.5,140.62,5279894
2018-04-05,141.5,146.42,140.82,144.92,4390918
2018-04-06,145.15,148.95,145.12,148.32,4632614
2018-04-09,149.92,152.4,149.5,151.75,3867740
2018-04-10,152.5,153.6,147.0,148.02,4294746
2018-04-11,148.25,149.5,146.0,147.35,2379050
2018-04-12,147.6,147.88,143.82,144.92,5793786
2018-04-13,145.25,147.68,144.95,146.88,6557108
2018-04-16,146.45,148.38,144.52,147.88,3145692
2018-04-17,148.9,148.9,146.0,146.62,3080760
2018-04-18,146.32,147.38,145.15,146.52,2543104
2018-04-19,146.55,148.7,145.65,147.4,1461922
2018-04-20,147.3,147.82,146.18,147.2,3422348
2018-04-23,147.05,148.4,145.42,147.48,4081082
2018-04-24,148.4,150.95,147.2,149.88,3833632
2018-04-25,150.7,150.75,147.5,148.58,3220702
2018-04-26,148.0,148.5,145.8,147.68,2267028
2018-04-27,147.42,147.42,145.0,145.55,4301498
2018-04-30,145.35,146.15,143.25,143.85,1799564
2018-05-02,142.8,144.22,139.55,139.98,4748860
2018-05-03,140.25,140.4,132.6,135.62,7290824
2018-05-04,135.28,137.88,130.5,135.75,9981120
2018-05-07,136.98,138.1,131.95,133.2,6821440
2018-05-08,133.9,135.0,130.15,134.08,10353948
2018-05-09,134.15,136.55,133.4,133.8,2751792
2018-05-10,133.9,135.05,130.45,131.28,2692774
2018-05-11,131.42,133.7,129.0,133.25,5068788
2018-05-14,133.5,135.5,132.35,134.72,4525948
2018-05-15,134.7,136.7,132.85,134.68,4571558
2018-05-16,134.0,135.35,132.6,134.62,2662258
2018-05-17,134.0,138.25,133.62,136.6,6163820
2018-05-18,137.62,138.42,132.55,132.98,4621362
2018-05-21,130.38,133.15,129.28,129.7,2811558
2018-05-22,128.95,131.32,123.75,129.55,8799014
2018-05-23,129.55,132.75,128.12,131.35,8010132
2018-05-24,132.5,135.12,122.1,126.48,17453392
2018-05-25,127.5,129.5,126.05,128.75,9799176
2018-05-28,130.5,131.5,129.02,130.42,9103796
2018-05-29,133.15,135.0,132.12,134.42,8706640
2018-05-30,134.0,134.25,131.5,131.95,5037418
2018-05-31,132.25,134.8,130.05,132.5,8469952
2018-06-01,132.45,133.32,130.18,132.88,4311186
2018-06-04,133.5,135.75,131.95,133.92,4848148
2018-06-05,133.05,134.32,127.28,130.05,5327684
2018-06-06,130.25,131.78,128.0,131.45,4089866
2018-06-07,132.5,133.62,131.02,131.42,3227086
2018-06-08,131.42,140.7,131.35,139.5,11722128
2018-06-11,141.32,144.2,137.5,138.38,11617384
2018-06-12,138.92,139.65,135.58,136.7,3911204
2018-06-13,137.22,137.38,133.68,133.9,3429684
2018-06-14,133.88,135.95,131.92,133.5,3850654
2018-06-15,133.45,133.62,130.82,131.6,2319972
2018-06-18,131.6,132.45,129.35,129.65,2886892
2018-06-19,129.0,129.42,125.58,125.98,5166024
2018-06-20,126.42,127.45,124.88,126.62,4520874
2018-06-21,127.0,128.95,126.58,127.52,2440340
2018-06-22,127.75,128.5,126.65,127.9,2833278
2018-06-25,128.45,128.9,127.58,128.52,1639048
2018-06-26,128.9,131.5,127.92,130.95,2940986
2018-06-27,130.8,132.32,125.52,126.8,3040846
2018-06-28,125.9,125.9,120.48,121.15,4459818
2018-06-29,121.25,127.95,121.25,127.15,5341088
2018-07-02,127.12,129.0,125.18,127.92,3520870
2018-07-03,127.98,131.0,126.58,130.5,3744706
2018-07-04,129.35,130.4,127.3,128.52,2639304
2018-07-05,128.5,129.18,126.8,127.4,2704756
2018-07-06,127.5,129.45,126.12,128.15,3667658
2018-07-09,128.78,134.25,128.25,132.95,6750990
2018-07-10,133.4,134.92,130.48,131.42,7040386
2018-07-11,131.0,132.28,130.0,130.55,2809494
2018-07-12,132.5,132.98,130.45,131.15,2937328
2018-07-13,131.95,131.95,126.0,126.45,3900014
2018-07-16,126.95,132.25,126.18,131.78,10641242
2018-07-17,132.0,134.0,131.08,132.55,5804762
2018-07-18,133.1,134.9,131.12,133.4,3443866
2018-07-19,132.18,138.2,132.18,137.28,4429102
2018-07-20,137.58,140.35,137.3,139.32,4172642
2018-07-23,139.98,142.4,137.12,140.62,3914402
2018-07-24,140.72,142.95,139.65,141.2,1924582
2018-07-25,141.0,148.25,140.15,147.48,7993490
2018-07-26,148.0,149.35,147.05,147.52,6678042
2018-07-27,147.52,150.92,146.8,147.65,3827762
2018-07-30,148.0,150.0,146.5,148.95,3532286
2018-07-31,151.12,158.0,148.65,151.98,21703364
2018-08-01,153.1,158.6,152.75,156.78,12564998
2018-08-02,156.4,160.38,155.2,158.0,8983974
2018-08-03,159.1,160.0,154.5,155.15,3752984
2018-08-06,155.0,155.5,151.92,152.3,2840006
2018-08-07,153.95,153.95,147.78,149.15,3083904
2018-08-08,149.2,150.22,143.22,145.7,5949036
2018-08-09,146.92,152.22,146.05,151.65,3680438
2018-08-10,152.88,155.92,144.68,149.8,11758592
2018-08-13,147.95,147.95,144.1,145.08,4285324
2018-08-14,144.65,146.72,140.35,142.52,4010464
2018-08-16,141.45,143.45,137.7,138.48,5319116
2018-08-17,138.85,140.1,136.75,138.0,3976044
2018-08-20,138.5,143.05,137.95,141.98,6020982
2018-08-21,144.2,144.2,141.52,142.65,2892136
2018-08-23,142.25,142.65,137.52,139.45,5380946
2018-08-24,139.75,140.95,138.02,139.45,1870510
2018-08-27,140.65,144.75,139.25,142.82,4989426
2018-08-28,143.5,143.52,140.18,141.0,1963060
2018-08-29,141.98,145.4,141.15,144.05,2854640
2018-08-30,145.3,147.1,143.32,145.25,5948950
2018-08-31,145.22,146.55,142.75,145.2,1946992
2018-09-03,148.95,148.95,144.42,145.15,4042914
2018-09-04,145.28,145.8,140.18,141.25,1816812
2018-09-05,140.0,140.7,132.9,136.2,7302666
2018-09-06,137.5,139.15,135.55,136.98,2051576
2018-09-07,137.0,138.98,135.8,138.02,3392036
2018-09-10,137.35,140.12,135.0,135.45,2555680
2018-09-11,135.0,135.75,131.8,132.42,3464276
2018-09-12,132.55,135.5,131.0,134.85,2750646
2018-09-14,135.25,137.1,133.5,136.05,2689728
2018-09-17,135.98,138.75,133.12,135.42,3755552
2018-09-18,137.0,137.4,129.65,130.52,4096864
2018-09-19,130.55,132.2,127.32,128.18,4003802
2018-09-21,129.12,129.65,115.38,125.05,6884492
2018-09-24,127.0,129.7,124.4,128.65,5688398
2018-09-25,128.7,133.05,127.8,132.38,4503938
2018-09-26,134.7,137.45,130.85,133.88,6807178
2018-09-27,134.9,134.9,127.08,128.58,5763888
2018-09-28,132.02,132.02,118.98,121.48,8133524
2018-10-01,122.75,125.0,120.45,123.8,4314716
2018-10-03,123.5,125.75,119.8,120.6,3796944
2018-10-04,120.75,121.5,116.3,117.68,8062536
2018-10-05,115.5,115.5,108.7,110.85,6099448
2018-10-08,111.0,113.9,107.6,110.48,3560798
2018-10-09,110.18,113.42,110.18,112.05,3218550
2018-10-10,113.0,119.35,112.62,117.8,3149470
2018-10-11,114.0,119.2,112.5,114.88,4473000
2018-10-12,115.72,123.28,115.7,120.85,5712760
2018-10-15,123.0,123.3,119.05,120.58,3187044
2018-10-16,121.85,124.55,121.15,123.55,1780384
2018-10-17,125.1,125.7,120.52,121.12,1618798
2018-10-19,120.5,125.5,120.0,123.8,2708006
2018-10-22,124.4,125.22,119.1,121.25,2572508
2018-10-23,121.18,121.18,116.08,119.25,3579764
2018-10-24,120.5,126.0,120.05,124.92,4430580
2018-10-25,123.7,128.1,123.32,127.05,4852696
2018-10-26,127.22,128.35,124.02,125.22,3194720
2018-10-29,125.22,127.25,124.5,125.4,1763374
2018-10-30,125.4,128.45,125.12,126.45,2238818
2018-10-31,127.0,134.4,126.6,133.65,5121746
2018-11-01,134.45,146.7,131.5,139.62,14164162
2018-11-02,146.98,146.98,139.58,140.92,14577488
2018-11-05,141.1,143.25,139.0,142.0,7172018
2018-11-06,143.5,143.85,135.65,136.3,4509664
2018-11-07,137.48,137.8,136.58,137.38,360170
2018-11-09,137.62,140.05,135.55,137.5,3339970
2018-11-12,138.6,139.12,135.8,137.7,2323708
2018-11-13,137.5,137.5,134.62,136.0,6111720
2018-11-14,138.5,138.5,134.3,135.18,4806830
2018-11-15,135.88,137.25,134.6,135.92,5214766
2018-11-16,136.42,136.42,131.88,133.95,3254334
2018-11-19,134.75,135.0,132.28,133.38,2380652
2018-11-20,132.5,135.2,131.12,133.12,3618702
2018-11-21,134.22,134.45,131.28,132.88,2540942
2018-11-22,133.0,134.42,132.3,132.65,2377836
2018-11-26,134.32,137.08,132.55,133.35,4374342
2018-11-27,132.7,135.0,130.0,134.1,5133108
2018-11-28,134.1,134.2,131.55,133.75,2420292
2018-11-29,133.75,133.75,129.5,130.3,3796250
2018-11-30,130.5,132.35,129.58,131.58,3156886
2018-12-03,131.6,131.8,129.58,130.98,6371364
2018-12-04,131.68,132.68,128.62,129.4,4156694
2018-12-05,128.75,130.85,128.15,129.55,1924296
2018-12-06,128.9,129.6,125.32,126.28,3869358
2018-12-07,126.35,127.75,123.0,124.15,5130362
2018-12-10,122.5,124.98,121.0,124.48,2406448
2018-12-11,120.5,125.82,120.5,124.25,2779596
2018-12-12,124.7,126.68,124.25,125.25,3372370
2018-12-13,127.0,127.82,125.88,127.28,3202138
2018-12-14,127.0,127.15,125.32,126.65,1843556
2018-12-17,126.95,131.68,126.95,131.12,3871882
2018-12-18,131.75,131.92,129.05,129.95,3080810
2018-12-19,131.0,132.38,130.55,132.0,2224344
2018-12-20,132.18,132.22,130.8,131.85,1340556
2018-12-21,132.0,134.2,129.72,130.2,2905746
2018-12-24,131.5,133.55,128.55,132.18,2724700
2018-12-26,131.75,132.08,129.2,131.25,3558514
2018-12-27,132.95,134.1,130.5,132.52,2579728
2018-12-28,133.08,133.92,131.62,132.55,2036836
2019-01-01,134.0,137.25,133.58,135.82,6074338
2019-01-02,135.8,138.38,134.92,137.68,5015946
2019-01-03,137.62,138.0,136.05,137.15,2570722
2019-01-04,136.75,139.88,136.5,139.02,2921254
2019-01-07,139.98,140.0,136.0,136.78,1381558
2019-01-08,136.95,137.45,135.0,135.28,1155102
2019-01-09,136.48,136.5,132.55,133.1,2551516
2019-01-10,132.9,134.0,132.62,133.25,869810
2019-01-11,134.35,135.78,132.58,135.38,2551714
2019-01-14,134.28,136.55,133.22,135.82,1849636
2019-01-15,135.52,137.4,134.68,136.18,1964644
2019-01-16,135.5,138.0,135.5,137.35,2091348
2019-01-17,137.9,138.98,135.72,138.6,5746490
2019-01-18,138.5,142.15,138.15,140.22,6797066
2019-01-21,140.75,144.35,140.0,143.52,4928630
2019-01-22,143.45,143.45,139.55,141.4,2004190
2019-01-23,141.25,143.68,140.48,142.82,1680874
2019-01-24,143.25,144.3,140.8,141.45,1901998
2019-01-25,141.45,141.88,135.0,136.3,3668574
2019-01-28,136.25,138.4,133.8,136.32,3316386
2019-01-29,136.25,137.18,134.0,135.72,2429896
2019-01-30,135.05,140.0,132.9,139.3,3674298
2019-01-31,139.28,143.72,137.65,141.78,8889956
2019-02-01,141.78,144.92,141.78,143.45,7815814
2019-02-04,141.82,149.68,141.82,147.35,9352828
2019-02-05,147.98,155.7,147.38,152.78,11907922
2019-02-06,151.5,152.5,148.62,149.85,7737102
2019-02-07,148.0,154.7,146.3,150.58,10899450
2019-02-08,150.5,151.75,141.62,143.22,5903610
2019-02-11,142.05,146.0,135.08,136.92,6213644
2019-02-12,138.0,138.35,128.8,134.65,14603472
2019-02-13,135.98,138.45,134.35,136.78,4568380
2019-02-14,135.02,142.22,135.02,141.05,5096192
2019-02-15,140.95,142.02,138.0,141.28,3877040
2019-02-18,140.5,143.88,139.35,142.5,9302370
2019-02-19,143.0,143.38,140.45,141.05,2160532
2019-02-20,141.0,143.02,140.65,142.35,2939668
2019-02-21,143.5,143.5,138.42,141.88,5658802
2019-02-22,142.0,144.62,141.8,143.28,4230454
2019-02-25,143.6,144.25,141.05,143.68,3022132
2019-02-26,142.5,145.6,140.52,144.12,3274298
2019-02-27,146.0,150.35,143.25,144.9,5930120
2019-02-28,145.8,147.82,142.88,146.4,4912530
2019-03-01,146.5,148.02,145.38,146.05,2773556
2019-03-05,146.5,150.25,146.18,149.8,3414344
2019-03-06,150.0,151.5,144.25,145.2,6226890
2019-03-07,146.2,146.98,143.82,144.65,2807448
2019-03-08,144.82,147.38,143.58,146.9,2146116
2019-03-11,147.5,150.0,146.72,149.18,3278266
2019-03-12,149.58,150.95,146.75,148.72,3259540
2019-03-13,149.95,149.95,145.18,145.72,5594378
2019-03-14,146.22,148.12,144.65,145.58,2100558
2019-03-15,146.5,148.0,144.75,145.42,2536470
2019-03-18,146.85,147.42,143.75,144.65,2665808
2019-03-19,146.0,152.12,144.65,150.38,8580942
2019-03-20,151.0,153.55,150.68,152.55,8555530
2019-03-22,153.0,155.98,150.92,152.32,5461214
2019-03-25,150.0,153.0,149.9,152.3,1453902
2019-03-26,152.75,156.92,152.62,154.25,6070390
2019-03-27,154.0,155.0,151.2,152.82,3668070
2019-03-28,152.95,155.5,152.6,154.18,2587636
2019-03-29,154.15,155.4,151.78,152.72,2312738
2019-04-01,154.32,155.25,152.62,153.62,993134
2019-04-02,153.2,153.82,149.2,149.92,3356774
2019-04-03,152.0,153.25,150.85,151.22,2884912
2019-04-04,152.4,154.65,150.3,151.8,3874124
2019-04-05,151.6,153.62,151.32,153.22,1089118
2019-04-08,153.15,159.5,152.62,157.35,10270932
2019-04-09,158.0,158.0,154.25,155.3,2203452
2019-04-10,155.12,156.92,153.62,155.55,3017750
2019-04-11,155.08,156.2,153.1,153.68,1571466
2019-04-12,153.95,158.0,153.95,156.35,5948636
2019-04-15,157.32,161.22,157.32,160.9,7907486
2019-04-16,161.0,162.62,160.02,161.28,3421030
2019-04-18,161.0,164.88,159.32,163.6,3789146
2019-04-22,162.0,162.2,156.08,157.08,1603424
2019-04-23,156.78,157.9,154.78,156.55,1653870
2019-04-24,156.25,157.95,152.15,154.22,2571380
2019-04-25,154.62,157.5,153.5,154.75,3186036
2019-04-26,155.45,157.42,153.65,155.02,1846436
2019-04-30,154.75,157.18,152.78,156.4,1854846
2019-05-02,156.0,158.7,154.12,154.6,2132146
2019-05-03,155.32,156.12,153.78,154.25,1272190
2019-05-06,154.45,154.6,152.08,153.45,890840
2019-05-07,154.22,158.5,153.2,154.48,4411386
2019-05-08,153.98,156.95,152.95,155.58,3357332
2019-05-09,155.98,158.9,155.58,157.88,3168790
2019-05-10,158.35,160.75,154.55,155.75,6238980
2019-05-13,155.0,155.9,146.68,148.1,3879874
2019-05-14,148.1,152.0,146.2,151.22,1796960
2019-05-15,151.5,152.65,149.1,150.32,1582914
2019-05-16,150.32,151.6,147.88,149.28,1102522
2019-05-17,149.0,154.08,148.58,152.78,1516764
2019-05-20,154.5,158.0,153.78,156.78,1504876
2019-05-21,156.02,157.5,152.2,153.52,1379536
2019-05-22,153.5,155.1,150.55,152.8,1505936
2019-05-23,154.85,157.0,152.02,153.18,2445698
2019-05-24,154.0,157.92,153.5,157.02,1949272
2019-05-27,161.48,169.65,159.0,165.08,18222508
2019-05-28,165.75,167.9,164.25,164.78,6568150
2019-05-29,165.0,167.75,163.55,164.92,4711548
2019-05-30,164.6,168.78,162.98,168.2,2993280
2019-05-31,168.98,168.98,165.85,168.38,2867950
2019-06-03,167.62,172.9,167.1,169.25,6124724
2019-06-04,170.0,173.15,169.0,172.18,4897518
2019-06-06,172.38,175.4,170.5,174.48,6950446
2019-06-07,173.12,173.48,166.75,168.15,3060964
2019-06-10,169.48,171.4,168.25,170.22,2159938
2019-06-11,170.05,173.65,169.5,170.55,3564254
2019-06-12,170.52,172.4,167.5,167.9,2243582
2019-06-13,168.25,169.3,164.32,168.68,2816484
2019-06-14,170.48,171.5,167.08,167.65,2471000
2019-06-17,167.95,168.22,166.15,166.62,959066
2019-06-18,167.98,171.28,167.05,169.8,3756716
2019-06-19,170.5,171.5,166.08,167.7,2562904
2019-06-20,168.15,169.5,166.38,168.92,2345398
2019-06-21,168.5,168.75,161.4,161.98,4296100
2019-06-24,162.35,163.02,154.2,155.15,6965880
2019-06-25,154.55,157.88,154.55,156.22,3294228
2019-06-26,156.0,157.65,155.22,156.45,3155058
2019-06-27,156.5,158.75,154.68,156.28,6171832
2019-06-28,157.5,158.5,156.7,157.32,2219404
2019-07-01,156.08,156.68,150.82,152.45,8441006
2019-07-02,153.25,156.25,153.0,155.68,2896646
2019-07-03,156.75,156.98,150.75,151.08,8651638
2019-07-04,151.32,153.18,150.85,151.25,3515532
2019-07-05,151.5,152.62,148.32,148.72,3149072
2019-07-08,148.5,151.22,147.52,148.55,3673518
2019-07-09,148.95,153.3,148.42,151.95,6060506
2019-07-10,151.95,156.0,151.25,152.15,4043554
2019-07-11,152.55,154.42,152.0,152.9,2976262
2019-07-12,152.9,157.22,152.9,155.18,4833006
2019-07-15,155.18,158.12,154.12,157.38,4689618
2019-07-16,157.5,160.98,156.85,160.1,5808068
2019-07-17,159.75,161.05,158.15,159.52,2827190
2019-07-18,159.18,160.95,158.5,159.8,2371156
2019-07-19,159.8,162.98,158.45,161.42,6753384
2019-07-22,161.62,161.65,157.52,158.08,2204802
2019-07-23,158.0,162.78,158.0,162.18,2371474
2019-07-24,162.48,163.48,151.5,154.35,5662042
2019-07-25,153.7,161.62,149.62,157.42,8583278
2019-07-26,155.95,156.9,151.72,152.88,3758990
2019-07-29,152.7,154.28,151.0,152.08,1935482
2019-07-30,152.0,154.48,149.5,149.98,1636706
2019-07-31,150.48,153.38,148.82,151.55,2789434
2019-08-01,152.0,154.2,150.0,152.08,2201810
2019-08-02,152.0,156.05,150.62,154.4,2584280
2019-08-05,153.9,153.9,150.0,150.7,2135518
2019-08-06,150.02,156.0,149.0,155.18,3563058
2019-08-07,155.65,157.0,154.6,155.22,3409376
2019-08-08,155.5,157.0,155.12,155.95,1493294
2019-08-09,157.5,160.1,154.12,155.48,4311254
2019-08-13,153.5,157.35,153.5,154.62,4371054
2019-08-14,154.62,159.18,154.62,158.2,2280432
2019-08-16,158.22,165.25,158.2,163.55,11800330
2019-08-19,164.55,166.75,161.1,162.85,5948110
2019-08-20,162.65,165.75,161.58,163.62,3464492
2019-08-21,163.5,163.95,161.78,163.12,1267872
2019-08-22,162.98,162.98,157.28,160.98,2732144
2019-08-23,160.3,164.25,159.15,162.3,2196808
2019-08-26,163.0,165.38,160.12,164.65,2002194
2019-08-27,164.65,166.25,162.55,165.02,3360764
2019-08-28,165.85,170.3,165.55,166.52,5795528
2019-08-29,166.5,167.25,163.0,164.85,2649070
2019-08-30,164.5,168.48,163.78,167.82,3178894
2019-09-03,167.45,167.88,163.5,164.42,2832890
2019-09-04,165.12,166.5,160.22,163.52,3136986
2019-09-05,164.2,165.85,162.92,165.22,2869906
2019-09-06,165.5,165.82,162.2,164.2,3901460
2019-09-09,164.3,167.02,163.45,166.38,2911318
2019-09-11,166.7,169.4,166.7,168.28,3124590
2019-09-12,167.65,168.35,162.5,163.05,2589056
2019-09-13,163.8,164.85,161.7,164.35,1428574
2019-09-16,164.5,167.6,163.7,167.12,2845082
2019-09-17,167.48,170.0,165.6,166.18,6021278
2019-09-18,165.18,166.88,163.55,166.15,1683340
2019-09-19,166.0,166.0,159.62,160.95,4964826
2019-09-20,161.12,173.88,158.6,169.65,7407404
2019-09-23,171.18,178.25,171.18,177.4,4513734
2019-09-24,178.5,186.18,178.5,180.98,7284892
2019-09-25,180.0,180.48,173.75,174.35,3439946
2019-09-26,174.5,179.22,173.4,176.32,2815462
2019-09-27,176.9,178.18,172.75,173.48,2322480
2019-09-30,173.8,175.42,173.12,174.85,1400496
2019-10-01,177.2,179.6,171.28,175.08,4955052
2019-10-03,175.1,176.88,173.18,176.15,2077656
2019-10-04,176.75,179.45,173.22,173.95,2854654
2019-10-07,174.4,176.35,172.52,175.32,2087794
2019-10-09,176.18,181.5,176.15,180.68,4948432
2019-10-10,181.65,187.3,181.65,185.3,7102846
2019-10-11,186.45,188.98,185.28,186.2,5708548
2019-10-14,188.5,190.2,186.5,188.2,4004382
2019-10-15,188.45,188.45,183.8,184.28,3286566
2019-10-16,184.45,187.5,182.3,186.9,2705920
2019-10-17,187.6,187.6,183.9,185.52,1899370
2019-10-18,184.5,190.75,184.5,189.9,3644314
2019-10-22,189.9,190.0,185.45,186.05,1526998
2019-10-23,185.6,185.72,182.05,182.68,3252738
2019-10-24,182.68,188.62,182.68,187.75,3802410
2019-10-25,187.25,190.68,186.6,188.52,3139974
2019-10-27,189.0,190.6,188.98,189.58,243898
2019-10-29,189.5,194.42,188.42,190.9,3274022
2019-10-30,191.85,193.22,191.02,192.02,1287006
2019-10-31,193.5,197.0,192.58,195.78,2756828
2019-11-01,195.88,197.72,195.0,196.22,1879486
2019-11-04,197.0,197.45,194.32,195.78,1662882
2019-11-05,197.0,197.8,192.8,194.02,3020232
2019-11-06,194.65,196.28,192.22,195.58,2288042
2019-11-07,197.32,197.5,195.0,196.6,2451106
2019-11-08,203.0,213.5,200.5,209.08,25842856
2019-11-11,210.38,214.65,209.22,213.42,10559276
2019-11-13,213.5,215.25,210.7,211.55,5160202
2019-11-14,210.5,213.0,209.1,212.32,2782658
2019-11-15,212.5,215.5,210.85,211.62,4236016
2019-11-18,212.25,212.25,206.5,208.62,4335328
2019-11-19,208.5,210.42,207.6,208.95,2287424
2019-11-20,209.88,213.6,209.02,210.95,2904394
2019-11-21,211.5,219.35,206.1,208.52,9042156
2019-11-22,205.0,206.72,198.6,201.75,9326732
2019-11-25,201.48,203.22,198.92,199.88,4300864
2019-11-26,201.22,205.38,200.55,201.25,5362178
2019-11-27,202.5,205.25,201.8,203.85,2748570
2019-11-28,204.0,206.88,204.0,205.95,2061702
2019-11-29,206.5,208.82,205.1,206.72,3303926
2019-12-02,207.5,208.88,205.58,207.98,2510192
2019-12-03,208.72,211.25,207.35,210.05,4103508
2019-12-04,209.98,210.78,204.3,206.4,2267396
2019-12-05,206.25,206.78,199.25,201.45,4181668
2019-12-06,202.0,204.65,198.82,201.38,3705274
2019-12-09,202.5,206.25,200.85,204.85,2316142
2019-12-10,205.5,206.35,203.52,204.38,1665516
2019-12-11,205.0,209.38,205.0,208.45,3919800
2019-12-12,210.2,210.65,203.88,205.02,4384796
2019-12-13,206.45,207.75,204.52,206.0,2691334
2019-12-16,206.5,211.4,206.18,209.88,4795150
2019-12-17,210.55,217.5,209.9,216.18,9127870
2019-12-18,216.5,218.2,213.32,215.42,4675000
2019-12-19,215.38,216.35,211.8,214.55,3403850
2019-12-20,214.05,218.98,214.05,216.6,5288572
2019-12-23,216.25,218.0,214.52,216.7,1917054
2019-12-24,216.02,217.12,214.88,215.45,1599964
2019-12-26,216.5,217.4,213.12,213.98,3773580
2019-12-27,215.0,215.08,211.85,212.85,2194414
2019-12-30,213.12,217.35,208.02,213.5,3119002
