date,open,high,low,close,volume
2009-03-05,34.65,35.0,34.15,34.45,746996
2009-03-06,34.05,35.45,34.05,34.9,430571
2009-03-09,34.6,35.5,34.3,34.8,494477
2009-03-12,34.9,35.3,34.05,34.55,722230
2009-03-13,34.55,35.05,34.25,34.6,426570
2009-03-16,35.0,35.25,34.75,35.0,576096
2009-03-17,35.0,35.35,34.6,35.0,1288088
2009-03-18,35.45,36.35,34.8,35.35,1710485
2009-03-19,35.35,37.4,35.35,37.1,1939441
2009-03-20,37.9,37.9,36.5,37.0,1101977
2009-03-23,37.2,37.85,36.9,37.65,667540
2009-03-24,37.75,38.4,36.1,36.95,766444
2009-03-25,36.8,39.5,36.8,38.7,1446722
2009-03-26,39.4,39.8,38.15,38.55,1654026
2009-03-27,38.6,40.0,38.2,39.15,1086785
2009-03-30,39.0,40.15,38.65,39.95,681234
2009-03-31,39.75,41.2,39.0,39.45,1218352
2009-04-01,39.95,40.7,39.25,40.0,775087
2009-04-02,40.05,43.6,40.05,42.9,2753692
2009-04-06,43.1,46.4,43.1,45.95,3387014
2009-04-08,44.0,48.5,43.6,48.05,1947009
2009-04-09,48.55,54.5,47.05,53.7,2898553
2009-04-13,54.5,55.7,50.2,51.85,1826422
2009-04-15,52.1,54.5,51.05,53.1,1628997
2009-04-16,54.0,55.25,49.7,51.05,1616558
2009-04-17,52.0,53.25,51.0,51.6,1006396
2009-04-20,51.6,52.7,50.3,51.1,776430
2009-04-21,50.2,52.0,49.8,50.5,656490
2009-04-22,50.7,52.7,49.3,49.8,397235
2009-04-23,50.8,52.4,50.8,51.5,2243066
2009-04-24,52.8,52.8,51.1,51.3,407350
2009-04-27,51.7,52.55,51.3,51.5,971999
2009-04-28,51.15,51.9,48.15,48.4,514997
2009-04-29,48.4,50.2,48.0,49.35,1698387
2009-05-04,50.6,54.25,50.05,53.95,1943690
2009-05-05,54.8,56.6,54.7,55.8,2051372
2009-05-06,57.0,58.0,55.0,57.15,2979540
2009-05-07,57.1,59.0,56.2,57.0,859285
2009-05-08,57.0,59.0,54.0,56.85,1447287
2009-05-11,57.5,58.4,54.4,55.05,594364
2009-05-12,55.0,55.0,51.75,54.1,2265242
2009-05-13,53.0,54.85,52.0,52.5,1185229
2009-05-14,52.5,52.5,49.25,50.45,1981258
2009-05-15,51.4,53.2,51.0,51.8,962201
2009-05-18,53.0,60.0,53.0,57.75,7107
2009-05-19,62.0,67.75,53.0,65.8,3377427
2009-05-20,64.5,69.45,63.0,67.2,2731075
2009-05-21,69.35,70.9,65.45,66.8,1751432
2009-05-22,66.0,67.3,62.7,64.2,1894966
2009-05-25,64.95,66.9,64.25,64.85,1566430
2009-05-26,65.5,66.3,61.65,62.3,3598225
2009-05-27,64.9,64.9,62.45,63.3,2612368
2009-05-28,63.3,64.6,61.6,62.2,2355776
2009-05-29,62.65,67.35,62.05,65.35,18326626
2009-06-01,67.0,77.3,67.0,76.1,13531452
2009-06-02,78.0,81.35,77.05,79.1,12027235
2009-06-03,80.0,80.9,75.25,76.3,5579586
2009-06-04,76.05,79.0,75.4,78.0,2399333
2009-06-05,78.9,81.95,77.7,78.4,3665634
2009-06-08,79.4,79.8,73.0,73.35,1721196
2009-06-09,74.8,75.75,69.5,73.55,3735223
2009-06-10,74.3,78.8,74.3,77.55,2581926
2009-06-11,78.2,79.9,76.1,78.05,2818212
2009-06-12,79.4,80.25,74.2,75.4,1730343
2009-06-15,72.0,79.8,70.35,71.5,3287906
2009-06-16,71.0,72.85,70.0,71.3,2003265
2009-06-17,71.75,71.95,64.0,64.9,3217566
2009-06-18,65.0,66.15,60.0,60.45,5351763
2009-06-19,62.0,65.4,62.0,64.65,4047426
2009-06-22,66.05,66.05,60.8,61.6,2799444
2009-06-23,61.0,66.35,59.0,65.8,2789551
2009-06-24,65.75,67.3,63.25,66.1,1104417
2009-06-25,66.4,67.4,64.0,64.65,2210392
2009-06-26,64.8,66.5,64.1,65.9,714525
2009-06-29,65.9,68.4,65.35,67.6,920001
2009-06-30,68.5,68.8,65.4,66.05,1129570
2009-07-01,65.0,68.0,64.15,66.35,823318
2009-07-02,66.7,67.25,65.0,65.5,534239
2009-07-03,65.75,66.8,64.05,66.25,776035
2009-07-06,66.7,68.45,61.0,61.9,1483178
2009-07-07,61.9,63.15,59.7,61.35,922945
2009-07-08,61.2,61.65,58.75,59.1,1186286
2009-07-09,59.7,61.45,57.9,58.1,1630191
2009-07-10,55.2,60.4,55.2,58.9,1519699
2009-07-13,58.15,58.9,56.0,57.5,611158
2009-07-14,58.0,59.7,57.95,59.05,888522
2009-07-15,60.8,61.2,59.55,60.95,1406077
2009-07-16,62.5,63.4,59.7,60.1,2432605
2009-07-17,60.45,62.6,59.7,62.05,1904375
2009-07-20,63.0,63.3,62.0,62.85,980653
2009-07-21,62.85,66.2,62.1,65.65,1338033
2009-07-22,66.0,66.9,64.0,64.4,1246959
2009-07-23,64.95,65.8,64.0,64.85,629058
2009-07-24,65.85,69.9,64.8,69.0,1861525
2009-07-27,70.0,70.0,67.1,68.6,1047868
2009-07-28,68.95,70.25,68.0,69.0,1202443
2009-07-29,68.2,69.9,65.35,67.9,779931
2009-07-30,69.0,69.4,67.05,68.95,1538528
2009-07-31,69.6,70.95,67.6,68.3,1852474
2009-08-03,66.85,69.2,61.1,68.7,2369231
2009-08-04,70.0,72.75,68.25,72.05,4318865
2009-08-05,73.0,73.9,70.2,70.75,2820692
2009-08-06,70.75,71.75,67.5,68.6,1149656
2009-08-07,68.25,69.1,65.75,66.15,846439
2009-08-10,67.65,67.65,60.7,61.2,2845997
2009-08-11,61.95,61.95,59.1,59.75,3786803
2009-08-12,58.6,62.8,58.4,62.35,2450984
2009-08-13,62.55,63.85,62.5,63.55,981187
2009-08-14,63.95,64.0,62.55,63.5,618394
2009-08-17,62.5,62.5,60.55,60.95,571095
2009-08-18,60.4,63.0,60.4,62.5,636262
2009-08-19,63.0,63.75,61.1,61.65,592338
2009-08-20,62.0,63.2,61.7,62.05,477841
2009-08-21,63.45,67.1,61.55,65.4,1500477
2009-08-24,65.5,68.4,65.1,66.1,1202618
2009-08-25,66.45,67.0,65.2,66.3,1273098
2009-08-26,67.5,70.0,65.25,65.75,2252927
2009-08-27,65.8,67.2,64.75,65.05,3176349
2009-08-28,65.5,66.2,63.4,64.55,2684662
2009-08-31,64.0,65.95,63.6,65.3,1079489
2009-09-01,66.0,67.5,64.7,65.1,1940454
2009-09-02,64.5,65.8,64.5,64.8,778812
2009-09-03,65.1,67.9,64.95,65.9,1397684
2009-09-04,62.0,67.0,62.0,66.45,1362971
2009-09-07,66.85,67.8,66.5,67.2,959197
2009-09-08,67.7,69.2,66.7,67.25,1882550
2009-09-09,67.5,67.5,65.9,66.1,771469
2009-09-10,66.7,68.1,65.3,65.85,2934178
2009-09-11,66.1,66.6,65.3,65.8,1186073
2009-09-14,65.1,66.4,65.1,65.9,1536455
2009-09-15,66.1,67.75,66.1,67.4,2660655
2009-09-16,68.0,74.9,67.45,74.05,9781866
2009-09-17,75.0,78.8,73.2,77.95,16228052
2009-09-18,77.45,78.3,75.3,75.95,2654810
2009-09-22,76.0,77.4,73.55,74.8,2278108
2009-09-23,73.5,75.45,72.7,74.1,1628109
2009-09-24,73.75,75.2,72.0,74.9,2105875
2009-09-25,73.9,80.45,73.9,76.65,5050859
2009-09-29,77.9,78.3,75.9,76.35,1404514
2009-09-30,76.4,77.95,75.95,77.4,1135472
2009-10-01,77.0,77.15,75.5,75.85,846580
2009-10-05,74.1,75.6,72.35,72.5,1497331
2009-10-06,73.15,74.2,71.0,73.5,1327174
2009-10-07,73.85,76.9,73.7,74.6,1908128
2009-10-08,75.75,76.4,73.7,74.4,1579875
2009-10-09,75.85,77.2,74.4,75.3,2972616
2009-10-12,75.8,80.4,75.8,79.9,4645130
2009-10-14,81.1,83.0,80.5,82.4,4362802
2009-10-15,83.3,84.25,80.7,81.2,3135865
2009-10-16,81.85,83.8,81.85,83.2,2491278
2009-10-17,83.85,84.15,83.0,83.6,953835
2009-10-20,84.0,85.5,81.7,82.3,2203627
2009-10-21,82.75,83.4,81.75,81.85,1411750
2009-10-22,82.55,82.55,77.35,77.95,1527050
2009-10-23,79.8,80.75,78.2,79.05,1422211
2009-10-26,79.0,79.8,77.4,78.05,1322085
2009-10-27,77.0,77.7,74.7,75.95,1162224
2009-10-28,75.0,76.5,74.0,75.4,1018495
2009-10-29,74.0,76.4,73.3,74.55,2212227
2009-10-30,76.25,77.6,72.2,73.5,1450810
2009-11-03,72.2,77.45,71.55,75.8,3522120
2009-11-04,77.0,80.2,76.0,79.45,2237446
2009-11-05,79.8,80.55,77.55,78.35,2014047
2009-11-06,79.75,83.45,78.35,81.6,3244136
2009-11-09,82.0,85.25,81.2,84.2,4016532
2009-11-10,85.6,87.15,81.4,84.6,2746528
2009-11-11,85.0,90.2,83.0,88.7,4836994
2009-11-12,92.0,92.0,87.3,88.2,3197809
2009-11-13,86.1,89.85,86.1,87.4,2680609
2009-11-16,88.0,89.95,86.05,87.0,3297773
2009-11-17,87.0,88.8,84.5,85.85,2538989
2009-11-18,86.0,87.2,85.4,85.9,2161004
2009-11-19,85.15,86.5,83.5,84.85,3001661
2009-11-20,85.65,90.0,83.0,84.1,4302185
2009-11-23,85.65,86.0,84.2,85.15,3625962
2009-11-24,85.2,87.15,85.0,85.35,2747695
2009-11-25,85.6,87.1,85.35,86.05,5135014
2009-11-26,86.95,87.0,84.5,85.35,2700153
2009-11-27,84.55,84.55,80.75,84.0,1680767
2009-11-30,86.4,86.8,85.0,85.85,1288901
2009-12-01,86.8,88.5,85.95,88.1,2571139
2009-12-02,88.85,89.6,87.9,88.1,1979363
2009-12-03,88.35,90.05,88.1,88.85,2005712
2009-12-04,89.5,89.5,87.1,88.35,711433
2009-12-07,88.9,92.2,87.7,90.75,3339386
2009-12-08,91.75,96.7,90.85,96.3,7129543
2009-12-09,95.6,97.1,93.8,94.15,2040080
2009-12-10,94.65,97.1,94.45,96.45,2385353
2009-12-11,97.0,98.0,93.75,94.65,2522027
2009-12-14,94.7,95.2,92.1,93.4,1110555
2009-12-15,93.4,94.1,89.5,90.1,1507043
2009-12-16,88.1,93.25,88.1,92.0,2208716
2009-12-17,92.05,94.65,91.75,94.05,3218306
2009-12-18,93.5,94.5,91.5,91.75,1119154
2009-12-21,92.25,92.9,90.1,90.5,485156
2009-12-22,91.85,94.25,91.2,93.6,964635
2009-12-23,94.5,94.9,93.6,94.1,860168
2009-12-24,93.75,96.8,93.6,96.2,2061742
2009-12-29,97.0,97.5,95.65,97.0,1228106
2009-12-30,97.8,101.85,97.55,101.0,4019561
2009-12-31,102.5,103.65,101.5,102.6,2355056
2010-01-04,103.9,107.3,101.9,106.6,2057102
2010-01-05,106.6,108.7,103.2,104.65,3221559
2010-01-06,105.65,105.8,102.55,102.85,1499942
2010-01-07,102.8,103.95,101.5,101.95,1288573
2010-01-08,102.25,103.4,101.0,101.5,715364
2010-01-11,103.4,104.9,103.1,103.9,1474436
2010-01-12,104.0,105.75,100.55,101.45,1710126
2010-01-13,101.5,103.2,100.1,102.9,727442
2010-01-14,103.0,106.5,102.35,105.45,2951136
2010-01-15,107.05,108.9,106.05,107.3,3162884
2010-01-18,107.0,108.3,105.45,107.35,1147401
2010-01-19,107.5,107.95,103.75,104.1,975366
2010-01-20,104.25,106.6,103.05,103.35,852728
2010-01-21,104.0,105.0,101.0,101.7,1359274
2010-01-22,98.1,102.95,97.55,99.45,2443434
2010-01-25,99.0,99.9,96.0,96.85,2199932
2010-01-27,97.0,97.0,90.45,90.9,2810221
2010-01-28,90.0,93.65,90.0,92.45,3367646
2010-01-29,92.0,93.65,87.75,93.15,1523763
2010-02-01,92.9,96.0,91.7,93.35,927690
2010-02-02,93.5,95.65,90.05,90.85,766427
2010-02-03,92.0,93.8,91.65,92.9,653174
2010-02-04,92.9,92.9,90.55,91.1,378033
2010-02-05,88.2,89.9,86.05,87.2,1840215
2010-02-06,87.25,90.1,87.2,89.55,179034
2010-02-08,91.0,91.85,87.5,88.75,1373947
2010-02-09,88.9,91.95,87.6,91.65,1193814
2010-02-10,92.5,92.8,89.0,89.7,1070236
2010-02-11,91.4,91.95,90.05,90.25,1209710
2010-02-15,92.0,92.0,89.8,90.65,909020
2010-02-16,91.25,91.65,90.1,90.8,744820
2010-02-17,91.2,92.95,90.5,91.05,1158760
2010-02-18,90.65,91.5,89.25,89.75,980058
2010-02-19,89.0,89.9,87.5,87.75,1451507
2010-02-22,88.65,89.6,87.2,87.6,1036381
2010-02-23,87.0,87.9,86.35,87.15,691713
2010-02-24,86.5,88.1,85.2,86.0,1155149
2010-02-25,86.3,88.85,85.0,87.65,2916377
2010-02-26,88.75,91.7,87.3,89.6,2377564
2010-03-02,90.5,97.0,89.3,94.25,3165177
2010-03-03,95.25,96.3,93.0,93.3,1210078
2010-03-04,95.0,95.0,91.95,93.25,1758121
2010-03-05,94.0,94.5,92.35,93.8,2571785
2010-03-08,94.95,95.0,93.65,94.4,1360317
2010-03-09,94.4,94.85,90.85,91.65,1962069
2010-03-10,91.65,94.2,91.6,93.75,1478119
2010-03-11,92.55,94.8,92.55,94.25,415423
2010-03-12,94.55,95.25,93.3,93.6,573178
2010-03-15,93.9,95.3,92.75,94.75,1194065
2010-03-16,95.5,99.0,95.2,98.55,2697766
2010-03-17,100.0,101.5,97.2,98.45,3291325
2010-03-18,99.5,104.45,98.3,104.1,4507284
2010-03-19,104.5,105.4,102.4,103.15,3052710
2010-03-22,102.95,104.1,100.7,101.05,1396320
2010-03-23,102.7,103.9,100.55,102.6,1348581
2010-03-25,102.1,103.35,100.8,101.15,1184544
2010-03-26,101.15,102.7,100.4,100.95,1344429
2010-03-29,101.05,103.3,100.05,102.35,1452354
2010-03-30,103.0,104.55,102.55,103.1,1609539
2010-03-31,104.0,104.8,101.8,102.25,1926010
2010-04-01,102.9,103.85,102.2,102.55,783642
2010-04-05,103.15,103.5,102.4,103.15,594757
2010-04-06,103.0,106.9,102.75,105.5,1664755
2010-04-07,106.0,106.5,103.8,105.45,778599
2010-04-08,105.5,106.05,104.05,104.45,791321
2010-04-09,104.6,108.0,104.6,107.1,1872247
2010-04-12,108.35,108.8,105.15,105.85,1953587
2010-04-13,106.0,107.15,105.3,106.7,2376036
2010-04-15,106.15,109.8,106.15,107.35,2588337
2010-04-16,106.0,108.75,106.0,108.0,1311998
2010-04-19,107.0,107.85,105.65,106.55,1842080
2010-04-20,106.1,108.15,106.0,107.05,1102868
2010-04-21,106.8,111.35,106.8,110.45,2612483
2010-04-22,110.6,112.7,109.05,109.8,2553698
2010-04-23,110.25,110.9,109.1,109.95,1028448
2010-04-26,111.25,111.25,109.15,109.5,756350
2010-04-27,110.0,110.25,108.6,109.55,750986
2010-04-28,109.0,109.0,105.0,105.25,765579
2010-04-29,105.55,107.35,105.1,105.95,906426
2010-04-30,106.5,108.8,106.2,108.25,826477
2010-05-03,107.75,109.5,107.0,108.05,580598
2010-05-04,107.15,109.2,105.15,105.9,566603
2010-05-05,104.0,107.4,102.35,106.6,873563
2010-05-06,106.05,106.95,103.5,105.0,812829
2010-05-07,103.15,108.15,101.9,107.55,2109778
2010-05-10,108.5,111.95,108.5,111.35,2028521
2010-05-11,112.5,114.0,111.65,113.65,2398248
2010-05-12,113.95,115.5,113.5,114.75,1549117
2010-05-13,116.4,118.0,114.05,117.55,1380144
2010-05-14,118.0,118.0,115.4,116.05,1015464
2010-05-17,114.9,115.7,112.85,115.25,1118253
2010-05-18,115.5,116.7,114.1,114.6,816362
2010-05-19,114.0,115.2,108.8,110.4,1020576
2010-05-20,111.35,112.4,107.1,107.5,892886
2010-05-21,105.0,107.4,103.0,106.95,807194
2010-05-24,109.0,109.9,105.0,105.8,1076640
2010-05-25,104.7,105.7,101.15,101.7,1369349
2010-05-26,103.9,104.8,97.25,98.65,2987112
2010-05-27,98.55,98.6,94.65,96.4,1871655
2010-05-28,98.4,103.65,97.0,103.15,2113726
2010-05-31,103.3,105.45,102.15,104.65,1207783
2010-06-01,98.0,105.85,98.0,103.05,1219953
2010-06-02,103.25,103.25,98.85,100.25,2444507
2010-06-03,102.4,103.3,101.0,101.45,811358
2010-06-04,101.15,102.4,100.15,100.8,790327
2010-06-07,98.75,99.4,96.8,97.1,1321658
2010-06-08,98.45,99.5,96.1,96.6,1123547
2010-06-09,97.3,99.25,97.3,98.15,1482011
2010-06-10,99.25,102.1,98.5,101.85,1602574
2010-06-11,103.0,103.2,99.8,100.05,712451
2010-06-14,100.35,102.5,100.35,102.0,992869
2010-06-15,102.5,103.5,101.35,102.15,718057
2010-06-16,103.3,103.75,101.4,101.6,1111437
2010-06-17,101.65,101.95,99.35,99.7,1132172
2010-06-18,100.6,100.9,99.25,99.6,893546
2010-06-21,100.5,102.9,99.6,100.95,575030
2010-06-22,101.5,102.5,100.15,101.6,969544
2010-06-23,101.15,102.2,100.3,101.75,558180
2010-06-24,101.7,106.55,101.0,104.85,3202393
2010-06-25,105.5,106.7,103.0,104.45,973605
2010-06-28,104.75,106.75,103.2,106.55,741124
2010-06-29,105.35,107.1,104.95,105.2,534885
2010-06-30,102.0,105.9,102.0,104.9,589197
2010-07-01,105.05,105.9,104.05,104.8,476418
2010-07-02,105.3,107.4,104.45,104.7,873370
2010-07-05,103.5,104.7,102.3,103.95,370153
2010-07-06,103.95,105.35,103.55,104.5,377865
2010-07-07,104.2,104.95,103.6,103.9,322033
2010-07-08,104.5,106.3,104.5,105.25,624649
2010-07-09,105.75,107.5,104.7,106.65,1196767
2010-07-12,106.95,107.7,105.4,106.0,832488
2010-07-13,106.4,107.3,105.75,106.5,583055
2010-07-14,107.0,107.6,105.5,106.0,632749
2010-07-15,105.8,106.95,105.4,106.1,305848
2010-07-16,106.0,107.2,104.85,105.45,637279
2010-07-19,104.95,106.4,104.7,105.15,348884
2010-07-20,105.25,106.05,104.0,104.3,534961
2010-07-21,104.6,105.5,102.7,103.25,844524
2010-07-22,103.0,103.65,102.85,103.3,365128
2010-07-23,103.5,103.8,101.4,101.75,783508
2010-07-26,103.0,103.1,101.85,102.5,1427206
2010-07-27,103.0,103.2,101.4,101.95,707650
2010-07-28,103.0,103.0,100.45,100.8,1151766
2010-07-29,100.5,101.8,100.35,100.9,943802
2010-07-30,101.65,101.65,98.05,99.0,2412291
2010-08-02,99.5,100.9,98.6,99.95,1339426
2010-08-03,100.0,101.85,99.95,100.85,1247228
2010-08-04,101.05,101.45,99.5,99.85,1176066
2010-08-05,100.3,100.7,95.55,96.2,6448574
2010-08-06,97.2,98.9,97.2,97.7,2036408
2010-08-09,98.5,99.3,97.55,97.9,843333
2010-08-10,97.55,98.6,96.3,96.9,1099205
2010-08-11,97.45,97.45,95.75,95.9,605152
2010-08-12,96.3,97.2,94.2,96.5,810753
2010-08-13,98.0,103.4,97.8,102.55,4081489
2010-08-16,102.6,105.35,102.6,103.95,3186160
2010-08-17,104.25,105.65,103.7,104.25,1815437
2010-08-18,105.1,109.2,104.4,108.75,3959753
2010-08-19,109.25,109.85,106.6,107.1,1428569
2010-08-20,106.9,108.2,105.65,106.7,1417835
2010-08-23,108.0,109.7,106.25,108.8,2014063
2010-08-24,108.9,109.6,105.1,106.8,956016
2010-08-25,106.0,107.5,104.55,105.65,1119610
2010-08-26,106.0,106.25,103.85,104.25,1292188
2010-08-27,104.25,105.25,101.0,101.45,1521503
2010-08-30,102.7,105.45,102.55,104.4,2045563
2010-08-31,105.0,107.7,102.1,102.9,3363389
2010-09-01,104.5,105.0,103.5,104.4,1452537
2010-09-02,105.5,106.0,104.2,104.6,1393407
2010-09-03,104.1,108.0,85.0,106.8,2467524
2010-09-06,108.0,108.4,106.35,107.1,1330862
2010-09-07,107.65,107.9,105.6,106.6,1038850
2010-09-08,106.1,107.9,105.1,106.35,906290
2010-09-09,107.0,107.0,105.25,105.95,687287
2010-09-13,108.5,108.5,106.35,107.05,1463506
2010-09-14,106.05,107.9,103.6,104.55,2862212
2010-09-15,107.75,107.75,103.55,103.8,2312143
2010-09-16,103.8,104.8,103.0,103.3,617898
2010-09-17,103.5,105.45,103.3,104.9,1107028
2010-09-20,105.45,107.2,104.0,105.95,1451073
2010-09-21,107.0,107.2,104.05,104.35,1690186
2010-09-22,105.9,106.7,102.8,104.0,1557542
2010-09-23,104.5,104.5,102.5,103.15,1427373
2010-09-24,104.0,104.0,102.8,103.35,1161509
2010-09-27,104.45,104.8,103.05,103.3,1184682
2010-09-28,103.9,104.0,102.2,102.75,2433620
2010-09-29,103.25,103.5,100.35,100.7,2100531
2010-09-30,100.8,101.45,98.45,98.7,2682143
2010-10-01,99.1,102.35,99.1,102.05,2176857
2010-10-04,104.0,104.0,101.0,101.4,1930410
2010-10-05,101.25,102.75,100.85,102.05,1227242
2010-10-06,103.45,104.15,102.0,102.9,2894840
2010-10-07,103.0,105.25,101.55,102.65,3867315
2010-10-08,103.4,103.75,100.6,102.2,2014820
2010-10-11,103.2,103.8,101.85,103.4,1126331
2010-10-12,103.75,103.75,101.65,102.55,833506
2010-10-13,102.95,104.3,102.3,103.3,909048
2010-10-14,103.3,104.0,101.5,101.85,769675
2010-10-15,102.0,102.85,100.25,100.7,440035
2010-10-18,100.25,101.5,99.0,100.3,558376
2010-10-19,101.25,102.1,99.55,100.4,899912
2010-10-20,99.9,100.7,99.2,99.7,640143
2010-10-21,99.7,100.8,99.15,100.4,766292
2010-10-22,100.4,100.85,99.25,99.45,789620
2010-10-25,100.0,100.35,99.1,99.3,979251
2010-10-26,99.8,102.05,99.05,101.85,1125973
2010-10-27,102.2,103.5,97.75,98.7,3370246
2010-10-28,98.5,103.0,98.5,99.35,4998638
2010-10-29,99.1,101.2,98.9,100.1,1212444
2010-11-01,100.1,101.5,99.8,100.95,547343
2010-11-02,100.5,103.4,99.7,102.95,980541
2010-11-03,103.7,107.0,102.8,104.2,2307166
2010-11-04,104.9,105.0,102.6,103.35,1183965
2010-11-05,103.95,104.7,103.55,103.85,192845
2010-11-08,104.15,104.15,102.5,103.15,686990
2010-11-09,100.55,104.2,100.55,103.05,621093
2010-11-10,103.35,108.25,102.6,106.65,4534219
2010-11-11,107.5,107.9,102.6,103.35,1478086
2010-11-12,103.3,104.35,101.4,102.05,1211109
2010-11-15,101.95,102.25,100.0,101.1,539582
2010-11-16,102.9,103.1,99.1,99.5,1466290
2010-11-18,100.0,100.9,97.5,100.1,1036033
2010-11-19,100.1,100.95,98.55,98.85,1039393
2010-11-22,99.15,100.8,98.75,100.55,736080
2010-11-23,99.1,99.9,97.4,99.0,1018595
2010-11-24,99.35,99.85,96.75,97.6,692587
2010-11-25,98.85,98.85,87.2,90.55,5163172
2010-11-26,91.0,92.5,87.15,90.35,1940862
2010-11-29,91.0,91.4,88.05,90.8,913518
2010-11-30,90.05,92.95,90.0,91.2,2332271
2010-12-01,91.35,95.1,91.35,94.2,1093352
2010-12-02,95.0,96.9,93.6,96.3,974404
2010-12-03,96.5,97.85,93.8,95.0,1204636
2010-12-06,95.0,96.8,94.7,95.15,708363
2010-12-07,95.25,96.6,94.35,95.9,511486
2010-12-08,95.2,95.95,93.25,93.75,497005
2010-12-09,93.35,95.9,89.35,89.7,1180474
2010-12-10,89.5,92.9,86.15,91.75,980807
2010-12-13,92.0,94.4,91.3,93.3,511909
2010-12-14,93.5,94.4,93.05,93.7,558717
2010-12-15,93.7,94.0,92.5,93.25,461066
2010-12-16,93.0,93.9,92.2,93.35,299162
2010-12-20,92.75,93.95,92.0,93.25,296640
2010-12-21,95.9,95.9,92.5,93.75,523502
2010-12-22,99.9,99.9,92.5,93.25,1358770
2010-12-23,94.65,95.6,92.95,93.8,496155
2010-12-24,94.35,95.45,94.1,94.55,1965016
2010-12-27,94.85,95.4,94.3,94.7,275556
2010-12-28,94.9,95.2,94.15,95.05,352751
2010-12-29,94.6,95.8,94.0,95.6,642192
2010-12-30,95.6,96.75,93.25,94.1,1264870
2011-01-03,97.0,101.65,96.8,100.95,1791448
2011-01-04,101.95,102.8,100.1,101.05,1262822
2011-01-05,101.45,101.55,98.25,98.65,655509
2011-01-06,98.8,101.85,98.0,101.05,1067001
2011-01-07,101.5,101.9,98.3,99.05,1233623
2011-01-10,98.9,101.25,98.5,99.0,1424295
2011-01-11,99.7,100.35,98.75,99.05,890764
2011-01-12,98.25,102.7,98.25,101.65,1356249
2011-01-13,101.5,102.7,99.5,99.95,2277227
2011-01-14,100.05,101.0,98.9,99.1,1748065
2011-01-17,98.85,99.65,98.2,98.4,846173
2011-01-18,98.5,99.6,97.65,98.35,563547
2011-01-19,98.5,99.0,94.8,95.55,1821478
2011-01-20,95.4,95.6,93.65,95.05,701516
2011-01-21,94.75,96.6,94.2,96.05,858799
2011-01-24,96.05,99.1,95.75,98.8,1145350
2011-01-25,99.0,99.35,96.85,97.5,484892
2011-01-27,97.65,98.0,92.55,94.2,2193253
2011-01-28,93.65,93.9,90.3,91.6,934706
2011-01-31,91.55,93.7,87.85,89.9,2989498
2011-02-01,89.95,93.5,88.2,91.2,3822271
2011-02-02,92.0,93.7,91.6,92.7,1136970
2011-02-03,92.75,94.15,92.15,92.6,999167
2011-02-04,92.6,94.6,92.3,92.45,666203
2011-02-07,92.75,93.85,90.65,90.95,677278
2011-02-08,91.05,91.45,87.2,87.55,926044
2011-02-09,85.1,87.5,84.55,85.05,1069809
2011-02-10,81.2,85.05,76.05,78.05,4323676
2011-02-11,78.0,82.7,76.6,80.75,3615377
2011-02-14,81.0,86.0,81.0,85.15,1474581
2011-02-15,87.9,87.9,80.3,81.45,2208691
2011-02-16,82.7,82.7,80.0,80.35,1139962
2011-02-17,80.0,82.45,78.6,82.15,534084
2011-02-18,81.1,84.05,81.1,81.6,620116
2011-02-21,81.5,82.35,79.1,81.6,416926
2011-02-22,81.6,83.0,79.8,82.25,575604
2011-02-23,81.9,83.0,80.45,82.05,513700
2011-02-24,82.0,82.35,77.35,78.4,1334684
2011-02-25,80.55,85.0,78.1,79.25,417262
2011-02-28,80.0,81.8,77.4,78.45,1394883
2011-03-01,78.0,82.0,78.0,81.35,808587
2011-03-03,80.7,82.55,79.2,82.1,724564
2011-03-04,82.65,83.45,81.05,82.6,2008222
2011-03-07,81.95,82.15,79.8,81.55,603704
2011-03-08,82.45,83.2,81.05,83.0,357457
2011-03-09,84.0,84.3,81.65,83.05,474073
2011-03-10,83.05,83.3,80.8,81.8,621594
2011-03-11,81.2,82.85,78.7,79.8,1595879
2011-03-14,79.9,81.05,79.35,80.25,650011
2011-03-15,79.0,79.8,77.95,78.45,667484
2011-03-16,78.6,79.3,77.05,77.2,1777626
2011-03-17,77.3,78.95,77.3,77.85,849313
2011-03-18,78.2,78.45,77.0,77.25,483512
2011-03-21,77.6,78.9,77.2,77.9,356493
2011-03-22,78.25,78.55,77.45,78.4,199064
2011-03-23,77.65,79.45,77.65,79.25,378281
2011-03-24,79.7,81.55,79.05,81.25,738385
2011-03-25,81.5,82.6,81.15,82.0,775736
2011-03-28,82.25,82.6,81.25,82.05,473019
2011-03-29,82.5,83.45,80.95,82.6,556640
2011-03-30,82.25,85.25,82.15,84.5,951165
2011-03-31,85.25,85.85,82.5,84.0,1613451
2011-04-01,84.95,85.5,83.8,85.0,357086
2011-04-04,84.95,87.0,84.75,86.65,378095
2011-04-05,86.1,87.0,84.85,86.65,489277
2011-04-06,86.4,87.45,85.65,86.0,825369
2011-04-07,86.15,92.45,86.0,91.85,1376334
2011-04-08,92.0,94.2,88.05,89.25,1713733
2011-04-11,88.95,90.25,86.3,87.9,493062
2011-04-13,87.8,89.9,87.05,89.6,877843
2011-04-15,89.3,89.8,87.2,88.15,680256
2011-04-18,88.4,89.9,85.1,86.75,929029
2011-04-19,87.05,87.85,86.0,86.35,454760
2011-04-20,87.9,88.25,86.05,86.7,642991
2011-04-21,87.25,87.45,86.4,86.95,955826
2011-04-25,85.35,88.45,84.0,87.7,490398
2011-04-26,88.7,88.7,86.1,87.7,861835
2011-04-27,88.0,88.25,86.35,86.55,367401
2011-04-28,87.35,87.35,83.0,83.25,821037
2011-04-29,82.6,84.5,81.3,82.5,845977
2011-05-02,82.55,83.45,82.0,82.45,219803
2011-05-03,81.5,82.75,79.2,80.3,374077
2011-05-04,80.3,80.65,78.95,79.7,488708
2011-05-05,78.25,80.7,78.25,79.5,568449
2011-05-06,79.7,80.3,79.15,79.9,336575
2011-05-09,80.15,80.8,79.2,79.6,343811
2011-05-10,79.55,80.3,79.2,79.45,409554
2011-05-11,79.7,84.9,79.25,83.1,1492128
2011-05-12,82.6,83.65,81.2,81.4,384204
2011-05-13,80.35,83.1,80.35,82.3,344069
2011-05-16,82.3,82.8,80.75,81.4,310931
2011-05-17,81.4,81.75,79.7,80.75,263618
2011-05-18,80.2,80.9,79.5,79.85,182807
2011-05-19,79.95,80.2,79.3,79.6,407368
2011-05-20,79.6,80.25,78.15,79.75,272675
2011-05-23,78.35,79.9,78.35,78.7,178459
2011-05-24,79.25,79.45,78.15,79.0,666466
2011-05-25,80.45,82.0,78.05,78.4,960968
2011-05-26,79.25,79.35,77.7,78.25,640861
2011-05-27,78.8,80.1,77.6,78.85,773905
2011-05-30,79.1,80.25,79.1,79.85,519717
2011-05-31,80.45,80.9,80.05,80.6,665412
2011-06-01,80.9,82.25,80.6,82.0,1098349
2011-06-02,81.8,84.7,81.1,82.15,2192719
2011-06-03,82.35,83.45,81.0,81.5,472407
2011-06-06,81.9,82.3,80.6,81.3,536195
2011-06-07,81.25,82.0,80.15,81.5,568025
2011-06-08,81.5,82.0,80.6,80.9,777472
2011-06-09,81.0,81.2,80.05,80.3,451829
2011-06-10,81.5,81.5,79.25,79.55,612895
2011-06-13,80.0,80.1,79.0,79.4,739671
2011-06-14,79.5,80.3,79.25,79.6,660689
2011-06-15,79.8,81.0,78.1,78.25,1504380
2011-06-16,78.3,78.3,77.45,77.75,1027012
2011-06-17,77.5,78.5,77.25,78.25,683093
2011-06-20,78.8,78.8,72.2,73.35,1758125
2011-06-21,74.0,74.6,73.1,73.35,795801
2011-06-22,73.95,75.0,73.4,73.8,443786
2011-06-23,73.85,74.7,73.2,73.6,400686
2011-06-24,74.75,77.2,73.85,76.2,552428
2011-06-27,77.25,77.95,75.6,77.65,925264
2011-06-28,77.95,79.1,77.3,78.0,1220094
2011-06-29,77.8,78.5,77.4,77.55,1310970
2011-06-30,77.6,78.6,77.0,77.5,1878141
2011-07-01,78.3,79.95,77.4,78.25,896421
2011-07-04,79.0,80.9,78.55,80.55,549672
2011-07-05,80.0,81.5,80.0,81.05,480503
2011-07-06,80.05,80.9,79.55,80.5,197573
2011-07-07,81.0,81.75,80.15,81.6,446383
2011-07-08,81.8,82.35,80.6,81.9,802343
2011-07-11,81.0,82.2,79.1,80.0,300740
2011-07-12,79.5,79.8,78.1,78.5,562451
2011-07-13,78.35,79.65,78.1,78.35,865304
2011-07-14,78.5,79.15,77.6,78.8,548569
2011-07-15,78.8,79.5,78.0,79.0,471940
2011-07-18,79.45,80.5,78.3,79.25,425846
2011-07-19,80.0,80.0,78.8,79.05,611108
2011-07-20,79.0,80.4,77.3,77.55,2804394
2011-07-21,77.7,78.2,76.6,76.9,428411
2011-07-22,77.1,77.4,76.7,77.0,876253
2011-07-25,77.25,78.2,77.15,78.0,920283
2011-07-26,78.85,78.85,77.0,77.3,736487
2011-07-27,77.5,78.05,76.7,77.5,2141322
2011-07-28,77.5,77.5,74.6,75.2,1816726
2011-07-29,76.4,77.3,75.0,76.0,945779
2011-08-01,76.0,77.1,75.6,76.35,1623612
2011-08-02,76.5,76.9,75.3,75.75,689007
2011-08-03,75.5,78.4,74.5,77.5,1132776
2011-08-04,77.75,79.1,76.1,76.5,1612219
2011-08-05,75.6,76.75,74.0,76.25,1521412
2011-08-08,75.05,75.9,73.9,74.9,1893118
2011-08-09,71.25,74.3,71.25,72.4,1927030
2011-08-10,73.9,75.65,73.0,74.25,1127315
2011-08-11,73.0,74.5,72.7,73.25,1393566
2011-08-12,74.0,74.2,71.9,72.1,744888
2011-08-16,72.2,73.65,70.05,70.35,1109376
2011-08-17,70.0,71.6,69.8,70.1,1531078
2011-08-18,71.0,71.0,69.0,69.4,1163493
2011-08-19,69.0,69.75,66.4,68.25,1253195
2011-08-22,69.0,71.0,67.1,70.25,511290
2011-08-23,71.05,72.7,69.55,72.15,1999962
2011-08-24,72.0,74.2,72.0,73.1,1196674
2011-08-25,72.9,74.5,72.0,72.95,1617470
2011-08-26,73.1,73.7,71.1,71.9,897983
2011-08-29,72.4,72.75,71.05,71.35,867023
2011-08-30,72.35,72.8,71.25,72.1,535138
2011-09-02,72.85,73.5,71.9,73.1,229704
2011-09-05,73.1,73.1,71.35,72.2,933005
2011-09-06,72.25,73.7,71.7,72.15,735259
2011-09-07,72.8,74.55,72.2,73.55,777654
2011-09-08,74.4,74.4,72.2,72.55,714871
2011-09-09,72.55,73.45,71.95,72.2,1171852
2011-09-12,72.0,72.1,70.3,71.5,597238
2011-09-13,71.55,72.4,70.5,71.35,623890
2011-09-14,71.35,71.9,70.55,71.2,539161
2011-09-15,71.45,72.25,71.0,72.0,240735
2011-09-16,72.25,72.8,71.9,72.0,396514
2011-09-19,71.75,72.4,70.75,71.45,241958
2011-09-20,71.5,74.15,71.2,73.4,1177802
2011-09-21,73.95,74.15,72.45,72.75,1015610
2011-09-22,72.0,72.5,69.7,70.15,626663
2011-09-23,68.2,70.8,68.2,69.9,298110
2011-09-26,70.0,70.3,68.4,69.4,1655646
2011-09-27,69.6,71.1,69.55,70.75,305807
2011-09-28,70.0,72.0,69.8,70.1,371533
2011-09-29,70.0,70.7,69.35,70.3,810432
2011-09-30,69.6,71.95,69.55,71.35,452060
2011-10-03,73.0,73.0,69.1,69.45,301386
2011-10-04,67.65,70.25,67.65,69.3,261797
2011-10-05,69.75,70.3,67.85,69.75,1104075
2011-10-07,70.3,70.3,68.55,68.95,1096569
2011-10-10,69.65,70.0,69.1,69.6,345882
2011-10-11,70.0,70.7,68.25,68.9,764722
2011-10-12,70.65,70.75,69.15,70.0,657578
2011-10-13,70.45,70.5,68.05,68.65,782728
2011-10-14,69.0,69.4,68.3,68.5,550185
2011-10-17,68.7,69.3,68.35,68.5,287123
2011-10-18,68.0,68.65,67.6,68.1,351827
2011-10-19,68.55,69.5,68.55,69.1,464777
2011-10-20,68.55,69.3,68.2,68.9,516536
2011-10-21,69.0,69.6,68.65,68.85,394866
2011-10-24,68.85,69.45,68.65,68.9,415683
2011-10-25,69.2,69.2,68.2,68.65,1365079
2011-10-26,68.65,69.65,68.65,69.35,107145
2011-10-28,70.1,71.35,69.4,69.85,4439139
2011-10-31,70.8,70.8,69.35,69.9,1331171
2011-11-01,70.0,70.1,68.6,69.5,984503
2011-11-02,69.1,70.1,69.1,69.6,311358
2011-11-03,69.5,72.2,69.0,71.5,1959610
2011-11-04,72.45,73.25,70.55,71.55,1147233
2011-11-08,71.55,71.9,70.6,71.0,392779
2011-11-09,71.0,71.3,69.05,69.75,1301223
2011-11-11,70.0,70.0,68.35,68.7,1520721
2011-11-14,69.1,69.35,67.0,67.3,1097691
2011-11-15,67.3,67.65,58.3,59.9,3046384
2011-11-16,60.35,61.35,58.35,59.8,3254554
2011-11-17,59.8,61.95,56.2,59.25,2230086
2011-11-18,59.5,60.7,57.95,60.0,874409
2011-11-21,61.0,61.0,56.4,57.15,579054
2011-11-22,57.15,59.15,55.25,58.6,1363422
2011-11-23,59.05,59.35,57.3,57.7,865831
2011-11-24,57.7,59.7,56.95,58.1,1320334
2011-11-25,58.25,59.55,57.3,58.8,411494
2011-11-28,60.0,60.5,59.05,60.05,321523
2011-11-29,61.0,62.45,59.05,60.3,866708
2011-11-30,60.3,60.65,59.0,59.6,265769
2011-12-01,60.6,61.6,58.9,59.15,546124
2011-12-02,59.9,61.75,59.3,61.1,644430
2011-12-05,61.1,61.5,60.0,60.55,237612
2011-12-07,60.2,61.7,60.15,60.55,409584
2011-12-08,60.2,61.25,59.95,60.05,398335
2011-12-09,59.5,59.95,58.55,59.45,180812
2011-12-12,59.45,60.5,57.0,57.3,1150966
2011-12-13,57.55,57.9,56.25,57.55,494013
2011-12-14,57.55,58.35,57.25,57.8,177919
2011-12-15,57.0,58.2,56.25,56.85,1403967
2011-12-16,57.5,57.9,55.05,55.8,883720
2011-12-19,57.8,59.45,54.7,55.25,1407601
2011-12-20,56.0,56.2,54.15,54.5,489818
2011-12-21,55.75,56.0,51.4,52.35,1077478
2011-12-22,50.6,53.45,50.6,53.2,449568
2011-12-23,54.4,55.5,53.85,54.15,841671
2011-12-26,59.65,59.65,53.85,55.1,805642
2011-12-27,55.35,55.8,53.75,54.25,391500
2011-12-28,54.15,54.75,52.65,53.85,551381
2011-12-29,53.95,55.15,51.9,52.5,1703341
2011-12-30,53.1,54.85,52.5,54.35,619659
2012-01-02,54.5,55.95,54.0,55.6,714568
2012-01-03,56.2,59.95,55.5,59.15,686717
2012-01-04,58.0,59.85,57.55,59.5,406347
2012-01-05,59.45,60.7,59.0,59.95,359100
2012-01-06,60.0,60.8,59.1,60.45,290440
2012-01-07,60.45,60.8,59.65,60.35,24593
2012-01-09,60.45,61.5,59.15,61.25,224489
2012-01-10,61.95,62.4,60.55,61.2,652279
2012-01-11,61.5,62.4,60.75,61.75,262308
2012-01-12,61.95,61.95,60.05,60.8,630044
2012-01-13,61.25,63.55,61.25,62.75,360545
2012-01-16,61.2,63.0,61.0,62.1,369708
2012-01-17,62.35,63.0,59.8,60.35,2064198
2012-01-18,60.0,61.5,58.35,58.9,1068567
2012-01-19,59.0,60.45,58.25,60.2,489043
2012-01-20,60.95,62.2,59.6,61.7,736052
2012-01-23,61.15,63.4,61.1,62.8,414172
2012-01-24,62.95,63.5,62.4,62.75,547357
2012-01-25,63.65,65.3,62.85,64.3,1811859
2012-01-27,64.55,66.7,62.6,64.8,2247594
2012-01-30,64.25,65.1,63.7,64.2,880789
2012-01-31,65.45,66.2,63.6,65.8,541243
2012-02-01,66.45,66.8,64.5,66.55,591864
2012-02-02,67.0,69.9,65.85,69.1,1433413
2012-02-03,70.15,71.75,67.7,70.6,1282739
2012-02-06,71.7,75.7,69.3,74.15,3658778
2012-02-07,74.5,74.5,69.25,70.1,1527345
2012-02-08,70.95,71.5,69.15,70.9,887861
2012-02-09,70.8,74.0,70.15,73.7,1268475
2012-02-10,74.0,74.9,71.8,73.5,1148245
2012-02-13,74.35,74.35,72.0,73.15,619716
2012-02-14,72.45,73.5,72.3,72.85,424504
2012-02-15,73.2,75.9,73.0,73.6,1544355
2012-02-16,73.65,78.45,73.45,77.95,3787986
2012-02-17,78.45,80.0,76.25,77.0,1914001
2012-02-21,76.8,77.7,75.9,76.25,1645999
2012-02-22,76.75,76.75,73.25,73.9,1011906
2012-02-23,74.05,74.05,71.0,71.65,1330639
2012-02-24,72.15,72.8,71.0,71.7,335667
2012-02-27,71.8,71.85,69.1,69.55,430973
2012-02-28,69.55,74.3,69.0,70.0,2194747
2012-02-29,70.55,71.35,68.65,69.35,780590
2012-03-01,69.05,69.35,67.0,67.95,834576
2012-03-02,68.6,69.35,67.0,67.3,506939
2012-03-03,68.7,72.7,67.55,69.6,4306324
2012-03-05,69.45,70.0,66.45,66.95,966011
2012-03-06,66.05,67.45,63.55,64.0,1381382
2012-03-07,63.9,65.8,63.1,64.4,863020
2012-03-09,64.95,66.95,64.95,66.75,560663
2012-03-12,67.6,68.25,66.5,67.85,1028320
2012-03-13,68.35,68.7,67.3,67.4,1425872
2012-03-14,67.8,68.3,67.55,67.7,414136
2012-03-15,67.95,68.15,65.55,65.9,367925
2012-03-16,65.95,66.9,63.55,64.2,558933
2012-03-19,64.7,64.7,62.75,63.6,341289
2012-03-20,63.5,64.1,61.6,62.45,749582
2012-03-21,61.0,65.45,61.0,64.15,840055
2012-03-22,63.05,64.9,61.8,62.1,638296
2012-03-23,61.25,62.95,60.5,62.0,915562
2012-03-26,62.25,64.5,60.25,60.75,702058
2012-03-27,61.95,62.7,60.15,61.6,504316
2012-03-28,61.5,63.0,61.05,61.4,642526
2012-03-29,61.25,62.45,60.35,61.1,1552495
2012-03-30,61.65,64.45,61.1,63.7,752482
2012-04-02,70.0,70.0,63.25,64.1,604101
2012-04-03,64.75,66.2,64.0,65.2,579546
2012-04-04,65.5,65.95,64.25,65.5,471813
2012-04-09,65.1,65.75,62.85,63.3,563252
2012-04-10,63.6,63.75,62.05,62.9,398578
2012-04-11,62.25,62.9,61.15,62.0,597177
2012-04-12,62.0,63.35,61.45,62.8,422263
2012-04-13,63.0,63.5,62.05,62.15,313503
2012-04-16,61.25,63.25,61.1,63.05,166720
2012-04-17,62.8,64.0,62.6,63.85,280603
2012-04-18,64.0,64.8,63.55,64.05,368308
2012-04-19,64.55,64.75,63.9,64.15,298603
2012-04-20,63.8,64.65,63.05,63.5,399797
2012-04-23,63.5,64.15,62.0,62.2,217881
2012-04-24,62.5,63.05,62.1,62.3,158622
2012-04-25,62.6,62.6,60.75,60.9,452522
2012-04-26,61.2,62.0,60.3,61.15,540283
2012-04-27,61.5,62.0,60.0,60.55,276262
2012-04-28,61.5,61.5,60.5,60.7,20891
2012-04-30,61.5,62.2,60.7,61.9,169004
2012-05-02,62.15,63.6,62.1,63.2,482257
2012-05-03,63.0,63.8,60.65,61.3,450337
2012-05-04,61.65,61.65,60.35,60.75,265917
2012-05-07,61.6,62.65,60.0,61.9,197523
2012-05-08,62.0,62.4,60.0,60.2,363275
2012-05-09,60.9,60.95,58.75,59.2,542069
2012-05-10,59.5,60.1,59.0,59.3,367175
2012-05-11,59.0,60.15,58.15,58.6,869450
2012-05-14,59.0,59.9,58.5,58.85,236551
2012-05-15,59.0,60.5,58.5,59.8,219910
2012-05-16,59.1,59.7,57.65,58.1,683059
2012-05-17,58.25,59.15,58.2,58.4,213699
2012-05-18,58.4,59.65,57.25,59.05,203432
2012-05-21,59.05,60.0,58.75,59.05,181772
2012-05-22,59.6,60.0,57.0,57.4,394139
2012-05-23,57.25,57.85,56.35,56.45,458720
2012-05-24,56.5,57.15,56.25,56.5,553264
2012-05-25,56.55,57.7,56.55,57.0,446221
2012-05-28,57.1,57.4,56.4,56.8,775845
2012-05-29,56.75,57.9,55.6,55.8,891334
2012-05-30,56.0,56.0,53.5,53.75,759831
2012-05-31,53.75,56.85,53.2,56.2,961854
2012-06-01,54.75,56.85,54.45,54.9,332151
2012-06-04,54.5,54.95,53.0,53.7,432615
2012-06-05,53.7,55.6,53.25,55.15,600517
2012-06-06,55.2,55.95,55.1,55.5,733178
2012-06-07,55.55,56.9,55.25,55.45,352553
2012-06-08,55.5,55.65,54.55,55.0,300793
2012-06-11,55.95,55.95,54.9,55.0,927008
2012-06-12,55.5,55.5,54.25,55.35,201865
2012-06-13,55.45,55.8,54.9,55.15,458091
2012-06-14,55.0,55.5,54.45,54.65,173985
2012-06-15,55.0,55.15,53.6,55.0,234734
2012-06-18,55.3,55.85,54.75,55.05,311576
2012-06-19,55.0,55.3,54.3,54.8,1404927
2012-06-20,55.1,55.15,54.5,55.05,328304
2012-06-21,55.5,57.0,54.5,56.45,613574
2012-06-22,56.0,61.0,55.2,59.65,2020196
2012-06-25,61.7,62.5,58.25,58.8,1583560
2012-06-26,59.0,59.95,58.2,59.3,640666
2012-06-27,60.0,60.0,58.6,58.95,489619
2012-06-28,60.0,61.5,59.5,60.65,3897601
2012-06-29,60.25,62.0,60.25,61.75,898780
2012-07-02,62.7,62.7,61.2,61.8,643480
2012-07-03,62.05,62.55,61.4,61.55,501314
2012-07-04,61.6,62.8,61.4,62.3,522295
2012-07-05,62.25,63.85,61.9,63.4,688365
2012-07-06,62.6,64.7,62.6,63.9,887622
2012-07-09,63.7,63.85,62.25,62.9,472795
2012-07-10,63.9,64.1,62.05,63.85,481201
2012-07-11,64.45,65.4,63.7,63.9,835549
2012-07-12,64.2,64.55,62.8,63.65,277150
2012-07-13,63.75,64.2,63.5,63.55,276904
2012-07-16,63.75,64.0,62.8,63.15,427882
2012-07-17,63.5,63.5,61.8,62.05,323524
2012-07-18,61.6,61.7,60.05,60.7,365685
2012-07-19,61.0,61.65,60.65,60.8,228042
2012-07-20,60.8,61.1,60.1,60.45,214116
2012-07-23,60.25,60.25,58.65,59.15,162705
2012-07-24,59.25,59.45,58.5,59.05,224781
2012-07-25,58.8,59.05,58.1,58.2,182017
2012-07-26,58.5,58.5,55.25,56.05,959742
2012-07-27,57.7,58.05,56.05,56.2,211478
2012-07-30,56.5,57.5,56.0,57.35,275342
2012-07-31,57.65,59.45,56.9,59.15,300803
2012-08-01,59.3,60.5,58.7,60.1,339352
2012-08-02,61.1,61.1,59.5,59.8,406456
2012-08-03,59.55,60.5,58.8,59.9,145103
2012-08-06,60.5,60.85,59.2,59.55,291095
2012-08-07,60.45,60.8,59.55,60.6,328189
2012-08-08,60.5,61.5,60.3,61.0,572813
2012-08-09,60.0,60.45,58.5,59.9,993182
2012-08-10,59.85,59.95,59.3,59.75,245132
2012-08-13,60.0,60.95,58.6,60.7,276113
2012-08-14,60.8,61.2,60.45,60.85,336407
2012-08-16,61.15,61.15,59.6,60.5,130947
2012-08-17,60.6,61.1,59.95,60.25,165840
2012-08-21,60.0,61.2,59.0,61.0,234015
2012-08-22,60.5,63.9,60.5,63.6,2599404
2012-08-23,64.25,64.6,62.55,62.95,971140
2012-08-24,62.9,62.95,61.85,62.25,330996
2012-08-27,62.75,62.8,60.55,61.05,266889
2012-08-28,61.4,61.4,60.2,60.95,1447939
2012-08-29,61.05,61.05,59.9,60.15,436413
2012-08-30,59.25,60.05,58.55,59.55,1088609
2012-08-31,59.4,61.75,58.55,59.0,1221521
2012-09-03,60.0,60.45,58.75,59.0,311972
2012-09-04,59.05,59.3,58.65,59.0,284737
2012-09-05,59.5,59.5,58.5,58.95,1178912
2012-09-06,58.75,59.5,58.35,59.2,2921406
2012-09-07,60.5,60.75,59.2,60.2,320691
2012-09-08,60.2,60.2,59.65,60.0,21395
2012-09-10,60.4,61.2,59.6,61.1,627465
2012-09-11,61.2,61.65,60.4,61.3,407456
2012-09-12,61.3,61.8,60.6,61.05,341267
2012-09-13,61.2,61.25,59.65,60.2,1224058
2012-09-14,61.1,61.2,60.05,60.7,507062
2012-09-17,60.7,62.0,59.25,61.7,460014
2012-09-18,61.45,62.5,61.45,61.8,455656
2012-09-20,61.0,61.55,60.7,61.05,347875
2012-09-21,61.4,62.8,61.2,62.5,997847
2012-09-24,62.45,64.0,62.15,62.5,810322
2012-09-25,63.2,63.4,62.0,62.3,234764
2012-09-26,62.0,63.45,62.0,62.9,631539
2012-09-27,63.65,66.7,63.0,63.35,731197
2012-09-28,64.45,67.9,64.15,67.3,3074659
2012-10-01,67.5,69.45,67.3,68.3,1769914
2012-10-03,68.5,69.3,66.5,67.3,497899
2012-10-04,67.75,70.15,67.2,68.65,1084614
2012-10-05,68.3,68.95,65.8,66.65,1209783
2012-10-08,65.1,67.75,65.1,65.6,1050666
2012-10-09,65.95,66.9,65.25,65.85,329716
2012-10-10,65.85,67.45,64.3,66.9,1146027
2012-10-11,67.25,69.3,65.85,68.85,923346
2012-10-12,69.5,70.7,68.4,68.85,1483412
2012-10-15,69.0,69.3,68.5,69.0,364984
2012-10-16,69.2,69.7,67.85,68.2,762058
2012-10-17,67.6,68.8,67.5,68.2,204221
2012-10-18,67.6,71.7,67.6,70.3,1845533
2012-10-19,70.05,70.8,66.0,66.45,3994873
2012-10-22,66.8,68.3,65.75,67.15,1369385
2012-10-23,67.15,67.6,65.85,66.2,1522976
2012-10-25,66.5,66.6,64.5,65.0,1589874
2012-10-26,65.5,65.5,62.8,63.55,882101
2012-10-29,62.0,68.4,61.1,63.55,1028986
2012-10-30,63.0,64.2,62.1,62.8,552612
2012-10-31,63.2,63.4,62.5,62.95,815831
2012-11-01,63.05,64.85,62.7,64.5,419018
2012-11-02,64.9,65.2,63.55,63.8,313131
2012-11-05,64.0,64.2,62.95,63.15,283824
2012-11-06,63.55,63.6,62.6,63.15,268965
2012-11-07,63.0,64.2,61.95,63.65,490201
2012-11-08,63.05,63.9,62.8,63.3,324166
2012-11-09,63.5,65.15,63.05,63.65,801191
2012-11-12,63.5,63.5,62.55,62.85,422535
2012-11-13,62.95,63.3,62.35,63.05,149598
2012-11-15,63.2,63.8,62.3,63.45,399201
2012-11-16,63.2,64.3,61.7,62.2,702232
2012-11-19,62.8,62.8,61.05,61.25,258707
2012-11-20,62.45,62.45,59.5,59.85,365077
2012-11-21,60.0,60.35,59.4,59.75,248760
2012-11-22,60.0,60.65,58.8,59.6,396920
2012-11-23,60.05,61.25,59.05,61.05,725193
2012-11-26,61.1,61.4,60.3,60.75,219335
2012-11-27,61.0,61.85,60.65,61.6,781772
2012-11-29,61.65,62.85,61.4,62.0,1021527
2012-11-30,62.4,63.65,62.3,62.6,1177892
2012-12-03,62.7,66.8,62.5,66.4,1958210
2012-12-04,66.35,67.0,64.75,65.4,1036855
2012-12-05,65.75,66.1,65.1,65.3,551529
2012-12-06,65.55,66.4,64.0,65.85,647405
2012-12-07,66.1,66.4,63.7,64.45,524680
2012-12-10,65.65,65.65,64.1,64.6,405396
2012-12-11,64.7,65.1,63.05,63.4,404398
2012-12-12,63.4,64.4,62.6,62.8,668441
2012-12-13,62.9,64.15,62.0,63.1,761451
2012-12-14,63.25,63.65,62.4,63.2,583132
2012-12-17,62.3,63.6,62.3,63.0,323622
2012-12-18,63.8,63.8,62.7,63.1,542465
2012-12-19,62.1,65.2,62.1,64.65,751143
2012-12-20,65.0,66.0,64.5,65.25,799160
2012-12-21,65.5,65.5,63.15,63.3,416909
2012-12-24,63.3,64.6,63.0,63.6,430269
2012-12-26,63.25,64.3,63.05,63.25,298501
2012-12-27,63.0,63.85,61.4,61.7,2095966
2012-12-28,62.1,63.5,62.1,63.1,417297
2013-01-01,63.15,64.8,63.15,64.5,1378158
2013-01-02,64.95,65.2,63.9,64.25,772714
2013-01-03,64.5,67.25,64.25,66.8,1783510
2013-01-04,66.65,66.65,65.6,66.1,522386
2013-01-07,66.65,68.2,65.75,67.4,1991383
2013-01-08,67.6,67.75,66.0,66.75,664493
2013-01-09,66.6,67.8,65.95,66.15,1043684
2013-01-10,66.5,67.1,64.2,64.8,1571756
2013-01-11,65.7,65.7,63.3,63.65,813471
2013-01-14,63.65,65.45,62.8,64.85,981844
2013-01-15,65.7,66.0,64.85,65.5,833793
2013-01-16,65.65,66.8,63.75,63.95,1356665
2013-01-17,64.35,65.25,63.25,64.45,537032
2013-01-18,64.85,65.25,64.25,64.6,445932
2013-01-21,64.95,64.95,63.7,64.0,627777
2013-01-22,65.05,65.35,64.1,64.3,934649
2013-01-23,64.55,64.95,63.15,63.65,701873
2013-01-24,63.05,64.0,62.15,62.5,833440
2013-01-25,62.1,63.75,62.05,63.35,312266
2013-01-28,63.9,64.0,62.5,62.65,483896
2013-01-29,62.95,63.25,62.0,62.1,615460
2013-01-30,62.4,62.7,61.4,61.5,783970
2013-01-31,61.4,62.95,60.3,61.8,1278381
2013-02-01,62.05,62.6,61.55,61.8,247414
2013-02-04,61.5,62.7,60.9,61.1,342765
2013-02-05,61.15,61.4,60.55,61.25,309599
2013-02-06,61.25,62.2,61.0,61.75,461693
2013-02-07,61.45,62.0,61.1,61.5,901589
2013-02-08,61.4,62.8,60.95,61.95,1051473
2013-02-11,62.0,62.3,61.15,61.65,1062330
2013-02-12,62.5,63.15,61.75,62.75,1528604
2013-02-13,62.9,63.4,61.55,61.8,656475
2013-02-14,61.8,62.0,60.0,60.55,832554
2013-02-15,60.75,60.75,59.1,59.75,628574
2013-02-18,60.15,60.15,59.0,59.7,368874
2013-02-19,60.0,60.85,59.4,60.4,502308
2013-02-20,60.75,61.8,60.4,61.0,651458
2013-02-21,60.5,60.5,59.5,59.7,459321
2013-02-22,60.2,60.2,58.6,58.75,397140
2013-02-25,58.8,59.2,57.4,57.85,384588
2013-02-26,57.85,58.3,56.6,56.85,239455
2013-02-27,57.05,58.8,57.0,57.9,381631
2013-02-28,58.25,59.3,53.1,54.0,1335302
2013-03-01,54.65,56.5,54.0,56.25,543178
2013-03-04,55.25,56.95,54.05,55.1,360952
2013-03-05,55.35,57.15,55.15,56.65,356545
2013-03-06,57.35,57.6,56.55,57.3,453955
2013-03-07,57.35,57.8,56.6,57.55,238560
2013-03-08,57.8,58.1,57.2,57.5,365365
2013-03-11,57.9,58.9,57.2,58.1,308973
2013-03-12,58.15,58.7,57.4,58.0,373831
2013-03-13,58.2,58.5,57.5,58.1,477607
2013-03-14,58.1,58.95,56.4,58.7,397818
2013-03-15,58.75,58.95,54.75,55.65,1661923
2013-03-18,55.35,56.35,55.3,55.85,264758
2013-03-19,56.65,56.75,54.95,55.3,421629
2013-03-20,55.15,55.85,54.1,54.55,578244
2013-03-21,55.0,55.5,54.0,54.6,261619
2013-03-22,54.85,55.6,53.3,53.55,275779
2013-03-25,54.5,55.0,53.5,54.0,501079
2013-03-26,54.0,54.4,53.35,54.0,721385
2013-03-28,54.0,54.85,52.55,53.55,818069
2013-04-01,54.2,55.5,53.6,55.2,331826
2013-04-02,53.0,56.7,53.0,56.35,391248
2013-04-03,56.8,57.0,55.6,55.75,288613
2013-04-04,55.85,56.85,54.45,55.25,296027
2013-04-05,54.95,55.4,54.3,54.95,277077
2013-04-08,55.1,55.95,54.0,55.15,148953
2013-04-09,55.0,55.6,53.4,54.1,654821
2013-04-10,54.05,55.9,53.45,55.45,390107
2013-04-11,55.1,55.9,54.0,55.1,173248
2013-04-12,55.0,56.3,54.2,56.05,306366
2013-04-15,54.55,56.75,54.55,56.5,249434
2013-04-16,56.0,57.65,56.0,56.8,755561
2013-04-17,57.0,57.2,55.55,56.35,448862
2013-04-18,56.45,57.2,56.1,57.0,278996
2013-04-22,56.05,58.25,56.05,57.9,458076
2013-04-23,58.35,58.7,57.25,58.05,329930
2013-04-25,58.1,58.1,55.75,56.45,821613
2013-04-26,57.0,57.0,55.85,56.15,225491
2013-04-29,56.0,58.6,56.0,58.4,748293
2013-04-30,58.8,59.0,56.3,56.9,274826
2013-05-02,57.0,57.85,56.85,57.3,370328
2013-05-03,57.0,57.3,56.6,56.8,203632
2013-05-06,56.65,56.95,56.5,56.7,145386
2013-05-07,56.85,59.0,56.6,58.65,404884
2013-05-08,58.55,59.9,58.55,59.05,635835
2013-05-09,59.05,59.7,58.35,58.55,258661
2013-05-10,59.35,59.75,57.95,58.35,574266
2013-05-11,57.55,58.95,57.55,58.6,29544
2013-05-13,58.5,58.8,56.75,57.0,154684
2013-05-14,58.0,58.0,56.45,56.65,122442
2013-05-15,56.8,57.6,56.7,57.4,227213
2013-05-16,57.1,58.5,56.45,57.6,426825
2013-05-17,57.6,58.2,56.75,57.0,340733
2013-05-20,57.9,57.9,56.3,56.55,229840
2013-05-21,56.55,56.95,55.35,55.65,283706
2013-05-22,56.0,56.0,54.6,54.9,344108
2013-05-23,54.35,54.9,53.7,54.3,356092
2013-05-24,54.2,54.85,53.45,53.55,342522
2013-05-27,53.85,54.0,52.65,53.2,413674
2013-05-28,53.45,54.15,53.0,53.5,567068
2013-05-29,53.6,53.85,52.35,52.8,225721
2013-05-30,52.85,53.6,52.5,52.75,534154
2013-05-31,53.0,54.0,51.05,51.3,899245
2013-06-03,52.0,52.0,51.3,51.65,285245
2013-06-04,51.65,52.35,51.5,51.75,175709
2013-06-05,51.5,52.0,51.05,51.4,276397
2013-06-06,51.3,51.6,50.5,51.35,173805
2013-06-07,51.25,51.3,50.15,50.25,272365
2013-06-10,48.05,50.5,47.3,47.65,1106740
2013-06-11,47.65,48.15,46.5,46.95,512773
2013-06-12,47.0,47.75,46.05,46.35,496322
2013-06-13,46.45,47.1,46.1,46.7,341944
2013-06-14,46.25,48.15,46.25,47.8,220245
2013-06-17,48.7,48.7,46.75,47.8,252409
2013-06-18,47.85,48.95,47.65,48.35,547755
2013-06-19,47.6,51.2,47.55,50.2,931505
2013-06-20,50.0,50.3,47.8,49.4,553513
2013-06-21,49.0,52.3,49.0,51.65,846450
2013-06-24,51.5,52.1,48.7,49.1,572882
2013-06-25,49.3,49.95,47.1,48.0,417991
2013-06-26,48.5,50.05,48.15,48.6,609555
2013-06-27,48.5,49.9,46.65,47.5,1357572
2013-06-28,47.05,49.2,47.05,48.0,601444
2013-07-01,48.05,49.75,48.05,49.2,805536
2013-07-02,49.65,49.8,48.7,48.9,1392417
2013-07-03,49.45,49.45,47.35,48.25,342158
2013-07-04,48.5,49.4,47.85,48.7,246755
2013-07-05,48.35,49.8,47.95,49.05,254589
2013-07-08,49.8,50.5,48.4,50.15,673016
2013-07-09,50.05,50.85,49.75,50.25,310572
2013-07-10,50.25,50.5,49.5,49.8,168240
2013-07-11,49.6,50.7,49.6,50.45,173694
2013-07-12,50.5,51.7,49.7,51.2,287992
2013-07-15,51.3,52.2,50.75,51.8,199256
2013-07-16,51.5,53.35,50.3,52.25,621672
2013-07-17,51.95,52.35,49.7,50.15,464252
2013-07-18,50.5,51.0,49.5,50.8,364313
2013-07-19,50.65,50.65,48.5,49.05,1008870
2013-07-22,48.7,49.0,47.95,48.2,300113
2013-07-23,48.25,48.8,47.4,48.45,303920
2013-07-24,48.0,48.1,46.95,47.3,694632
2013-07-25,46.6,48.75,46.5,48.05,320331
2013-07-26,48.05,48.45,47.75,47.95,345835
2013-07-29,47.9,47.9,47.05,47.45,299383
2013-07-30,47.5,47.55,44.7,45.0,579383
2013-07-31,45.0,45.25,42.8,44.25,852263
2013-08-01,44.95,45.0,42.25,42.55,1080052
2013-08-02,42.5,43.25,39.55,40.35,966413
2013-08-05,41.0,41.35,39.25,39.8,551247
2013-08-06,40.5,40.5,37.5,38.5,885463
2013-08-07,39.8,40.3,38.5,39.85,496527
2013-08-08,40.7,42.9,38.3,42.3,727864
2013-08-12,42.85,43.9,40.9,42.8,556450
2013-08-13,43.4,43.9,41.4,42.8,305200
2013-08-14,41.95,44.65,41.35,44.15,809324
2013-08-16,44.0,45.25,41.95,42.15,510732
2013-08-19,42.2,42.9,40.75,41.55,380911
2013-08-20,41.7,43.2,40.7,42.85,357807
2013-08-21,43.15,43.9,40.0,40.9,374531
2013-08-22,40.8,42.25,40.1,41.65,1054057
2013-08-23,42.45,43.15,40.55,41.8,899214
2013-08-26,42.45,43.2,41.55,42.35,316488
2013-08-27,42.65,42.9,41.0,41.55,1247009
2013-08-28,41.45,43.85,40.5,43.3,1088144
2013-08-29,44.0,45.5,43.35,45.05,764084
2013-08-30,45.0,46.45,44.8,45.0,595697
2013-09-02,45.0,45.45,44.05,44.4,335695
2013-09-03,45.15,45.3,43.65,44.7,196946
2013-09-04,45.15,45.4,44.05,44.75,254003
2013-09-05,45.0,47.5,44.6,46.5,450731
2013-09-06,46.5,47.5,45.35,46.1,685957
2013-09-10,46.9,47.5,46.05,46.85,360617
2013-09-11,46.05,47.9,46.05,47.15,498652
2013-09-12,47.5,48.4,46.1,47.3,628096
2013-09-13,47.95,48.5,47.9,48.15,250193
2013-09-16,48.7,49.0,47.75,48.3,288432
2013-09-17,47.35,48.0,46.65,47.2,168259
2013-09-18,47.45,47.45,45.85,46.4,256633
2013-09-19,46.7,47.9,46.0,46.75,448522
2013-09-20,46.8,47.75,45.9,46.35,395889
2013-09-23,46.1,46.7,45.5,45.9,377283
2013-09-24,45.2,46.05,45.1,45.35,361065
2013-09-25,46.0,46.5,45.55,46.25,1477600
2013-09-26,46.5,52.4,45.85,48.95,4744676
2013-09-27,47.75,49.15,47.0,47.7,447742
2013-09-30,47.3,48.4,46.5,47.95,211650
2013-10-01,48.4,48.5,47.0,47.3,184007
2013-10-03,47.2,48.55,47.0,48.15,196236
2013-10-04,48.0,49.3,47.3,49.05,246898
2013-10-07,49.5,49.9,48.6,48.8,146731
2013-10-08,49.65,49.65,48.15,48.4,175202
2013-10-09,48.05,48.6,47.75,48.2,98472
2013-10-10,48.0,48.4,47.6,48.05,136593
2013-10-11,48.3,49.3,48.05,48.3,200170
2013-10-14,48.0,49.25,47.5,48.35,175526
2013-10-15,48.45,51.25,47.55,48.7,942461
2013-10-17,48.4,50.55,48.4,50.3,571546
2013-10-18,50.45,50.45,48.3,49.65,152135
2013-10-21,49.65,50.4,49.05,50.0,199860
2013-10-22,50.0,50.15,49.0,49.5,187534
2013-10-23,49.2,50.6,49.2,49.85,122847
2013-10-24,49.55,50.25,48.05,48.8,174715
2013-10-25,48.15,49.45,48.1,48.25,95152
2013-10-28,48.95,48.95,47.6,48.25,133529
2013-10-29,47.85,48.75,47.65,48.35,165127
2013-10-30,48.85,51.4,47.85,49.95,699760
2013-10-31,49.0,50.5,49.0,49.15,163459
2013-11-01,49.15,51.5,48.9,51.05,424216
2013-11-03,51.4,52.3,51.1,52.0,294469
2013-11-05,51.5,52.95,50.45,52.5,291343
2013-11-06,53.5,54.3,52.45,53.5,928966
2013-11-07,53.7,53.8,51.5,52.1,215067
2013-11-08,51.85,52.25,50.4,50.8,129140
2013-11-11,52.95,52.95,48.4,48.85,658930
2013-11-12,48.65,49.0,47.5,47.7,217087
2013-11-13,47.95,47.95,47.0,47.1,181224
2013-11-14,47.5,47.9,46.9,47.2,114583
2013-11-18,47.9,48.45,47.1,47.7,133795
2013-11-19,47.5,48.0,47.15,47.5,102833
2013-11-20,47.5,47.8,47.0,47.15,156533
2013-11-21,47.4,47.5,46.65,46.95,84772
2013-11-22,47.0,47.6,46.5,46.55,92729
2013-11-25,46.05,47.8,46.05,47.2,198307
2013-11-26,47.0,51.5,46.55,49.6,982824
2013-11-27,49.8,50.3,47.5,47.7,217357
2013-11-28,47.75,48.65,47.5,48.35,337142
2013-11-29,48.45,49.4,47.7,48.0,158408
2013-12-02,48.0,49.45,48.0,48.9,184871
2013-12-03,48.25,50.0,48.25,49.55,222381
2013-12-04,49.55,51.3,49.4,49.7,543830
2013-12-05,50.3,50.5,49.0,49.15,203704
2013-12-06,49.65,50.55,48.9,50.2,334644
2013-12-09,50.5,53.0,49.5,52.55,743698
2013-12-10,52.95,55.6,52.6,54.95,2437569
2013-12-11,55.2,55.2,53.35,53.75,366184
2013-12-12,53.4,54.5,52.5,53.8,364062
2013-12-13,54.3,54.3,51.5,53.7,655855
2013-12-16,54.2,58.0,53.7,57.4,1400364
2013-12-17,58.15,61.2,57.5,60.65,2493714
2013-12-18,60.95,60.95,58.25,58.85,718646
2013-12-19,59.1,59.6,57.75,58.25,344422
2013-12-20,58.2,59.5,57.6,58.05,279393
2013-12-23,58.15,60.45,58.15,58.55,479534
2013-12-24,58.9,60.0,58.3,59.6,524524
2013-12-26,59.2,60.75,59.2,59.8,309077
2013-12-27,59.5,62.5,59.5,62.15,1215221
2013-12-30,61.65,62.4,59.6,59.95,431835
2013-12-31,60.2,62.3,60.0,61.75,632749
2014-01-01,61.1,62.9,60.75,60.95,431805
2014-01-02,61.25,62.25,58.5,59.1,710726
2014-01-03,58.95,60.0,58.7,59.45,227332
2014-01-06,59.25,60.9,59.25,59.75,259355
2014-01-07,59.7,60.25,59.1,59.3,157661
2014-01-08,59.3,59.75,58.5,58.65,210128
2014-01-09,59.2,59.35,58.4,58.55,187068
2014-01-10,59.0,59.2,57.35,57.75,232388
2014-01-13,57.35,60.25,57.2,59.8,544885
2014-01-14,59.8,60.4,57.8,58.2,325101
2014-01-15,57.7,60.35,57.7,59.5,379147
2014-01-16,59.15,60.15,58.5,59.95,342721
2014-01-17,59.2,59.9,57.65,58.0,209499
2014-01-20,58.45,58.5,57.1,58.25,140057
2014-01-21,58.0,59.2,57.85,58.05,159312
2014-01-22,58.45,58.45,57.55,57.9,85806
2014-01-23,57.55,60.0,57.55,59.65,487556
2014-01-24,58.65,60.25,58.5,59.8,358177
2014-01-27,59.3,59.5,57.7,57.95,231868
2014-01-28,57.55,58.5,57.2,57.95,148657
2014-01-29,57.95,58.5,57.45,57.7,106468
2014-01-30,56.55,57.5,56.1,57.0,332569
2014-01-31,57.3,58.5,56.7,57.95,224680
2014-02-03,58.1,58.45,57.3,57.8,215666
2014-02-04,56.85,57.95,56.0,57.6,134879
2014-02-05,57.15,57.95,57.15,57.7,138276
2014-02-06,57.35,58.3,56.55,58.0,432897
2014-02-07,58.0,58.5,57.5,57.85,266948
2014-02-10,57.75,58.5,57.35,57.8,338812
2014-02-11,58.2,60.45,57.4,60.05,1761593
2014-02-12,60.8,61.5,60.5,60.9,716609
2014-02-13,60.9,61.0,59.9,60.25,261948
2014-02-14,60.25,61.2,59.85,60.9,166595
2014-02-17,60.9,61.25,59.85,60.35,123689
2014-02-18,60.9,60.9,59.75,60.05,76683
2014-02-19,59.5,61.0,59.5,60.7,168239
2014-02-20,60.0,69.7,60.0,68.25,6379165
2014-02-21,68.25,69.0,65.65,68.35,2346227
2014-02-24,68.7,72.7,67.3,71.15,2649724
2014-02-25,71.2,71.45,68.7,69.55,689779
2014-02-26,69.75,69.95,68.5,69.45,398506
2014-02-28,68.5,69.7,68.0,69.2,535352
2014-03-03,68.55,72.9,68.05,68.65,745457
2014-03-04,69.5,72.95,68.0,72.0,1562334
2014-03-05,72.5,74.0,71.5,72.05,784471
2014-03-06,72.0,72.9,70.35,72.0,708764
2014-03-07,71.15,73.5,71.0,71.4,752792
2014-03-10,71.0,71.2,69.3,70.0,510590
2014-03-11,69.95,70.75,69.0,69.9,354187
2014-03-12,69.1,72.5,69.1,72.0,535403
2014-03-13,71.9,71.9,68.5,68.95,241775
2014-03-14,68.55,69.75,67.5,69.05,381998
2014-03-18,68.55,69.95,68.5,69.7,203460
2014-03-19,69.7,71.5,69.0,69.55,282311
2014-03-20,68.6,70.0,68.6,69.75,131610
2014-03-21,70.0,71.15,69.0,70.75,247662
2014-03-22,71.0,72.0,70.6,70.9,152920
2014-03-24,71.0,71.45,69.4,70.05,168604
2014-03-25,70.5,71.0,69.2,69.5,297667
2014-03-26,69.3,70.75,69.3,70.2,477231
2014-03-27,71.0,72.65,70.4,71.0,897033
2014-03-28,70.6,71.85,70.6,71.2,262768
2014-03-31,70.8,73.5,70.8,72.7,421265
2014-04-01,72.7,75.75,71.4,71.95,1107954
2014-04-02,72.15,74.0,71.5,72.7,437365
2014-04-03,72.4,74.2,71.5,73.0,582639
2014-04-04,72.2,75.45,72.2,75.15,1133000
2014-04-07,75.5,76.4,75.0,75.7,595435
2014-04-09,75.2,76.25,74.6,75.55,598928
2014-04-10,75.2,76.95,74.85,75.35,813143
2014-04-11,74.9,75.9,73.5,73.75,533649
2014-04-15,74.4,76.5,73.1,75.5,753034
2014-04-16,75.15,77.3,74.1,74.65,601966
2014-04-17,74.5,75.2,74.1,74.5,279394
2014-04-21,73.6,76.7,73.1,74.5,663016
2014-04-22,73.8,75.5,73.4,74.7,406527
2014-04-23,74.25,75.45,73.8,74.0,154233
2014-04-25,74.5,75.0,73.7,74.4,266601
2014-04-28,74.15,74.45,72.6,73.25,270440
2014-04-29,72.75,73.95,72.5,73.1,358114
2014-04-30,73.15,73.15,70.45,71.95,344115
2014-05-02,71.85,72.5,70.5,70.95,142934
2014-05-05,70.5,70.6,69.5,69.7,198832
2014-05-06,69.4,70.5,69.4,69.95,118908
2014-05-07,69.4,70.4,69.2,70.05,321868
2014-05-08,70.0,70.05,69.2,69.6,129301
2014-05-09,69.25,70.3,68.4,69.8,442632
2014-05-12,70.0,72.3,68.0,71.6,473736
2014-05-13,71.8,72.6,70.8,72.25,460586
2014-05-14,72.0,74.0,71.65,73.05,450371
2014-05-15,72.65,74.0,72.5,73.65,343428
2014-05-16,73.0,75.5,72.8,73.95,1195245
2014-05-19,73.55,81.6,73.55,80.1,3943191
2014-05-20,82.15,87.9,82.0,85.75,3899301
2014-05-21,86.0,90.5,85.75,88.3,2615163
2014-05-22,89.1,93.0,88.9,91.25,1773193
2014-05-23,91.95,91.95,88.5,90.05,1312794
2014-05-26,91.0,92.4,87.95,90.95,2682409
2014-05-27,89.5,90.9,87.1,89.6,1128071
2014-05-28,89.55,91.9,89.1,90.45,2255095
2014-05-29,90.1,91.0,87.85,89.05,871678
2014-05-30,89.0,90.0,88.05,89.55,676940
2014-06-02,88.6,91.6,84.5,90.6,1668092
2014-06-03,90.65,96.0,90.5,95.65,2533318
2014-06-04,96.1,97.0,94.1,95.05,2043663
2014-06-05,94.4,96.45,94.4,95.95,1237655
2014-06-06,96.0,97.7,95.8,96.75,1096928
2014-06-09,96.0,98.4,94.95,97.45,1481281
2014-06-10,98.0,100.7,96.0,100.0,2941412
2014-06-11,101.0,104.85,99.45,101.3,2243803
2014-06-12,101.0,104.6,96.7,103.35,1620342
2014-06-13,102.5,104.65,101.25,103.2,1728046
2014-06-16,103.0,103.35,99.05,101.9,1442642
2014-06-17,101.0,102.45,100.4,100.85,769335
2014-06-18,100.0,102.9,100.0,101.05,1687127
2014-06-19,101.35,101.8,98.0,99.75,410747
2014-06-20,98.8,101.0,97.0,99.6,455384
2014-06-23,99.5,102.85,98.55,102.25,1297060
2014-06-24,103.0,106.25,100.2,105.65,2095643
2014-06-25,106.8,111.5,106.55,110.95,3909698
2014-06-26,111.8,112.0,105.6,107.5,1385715
2014-06-27,108.45,108.75,101.3,102.3,508477
2014-06-30,101.25,105.5,100.0,104.1,1193446
2014-07-01,104.5,105.7,102.0,103.1,386981
2014-07-02,103.5,107.4,103.2,105.55,1019167
2014-07-03,104.95,109.8,104.25,109.35,2153007
2014-07-04,108.0,109.7,106.15,107.0,791745
2014-07-07,106.0,107.9,105.5,106.35,821018
2014-07-08,106.0,107.9,105.2,106.9,1081734
2014-07-09,107.65,109.8,105.5,106.95,1725370
2014-07-10,106.1,109.0,103.0,107.9,928422
2014-07-11,107.25,107.25,100.1,103.65,757026
2014-07-14,102.2,102.95,98.5,100.8,391969
2014-07-15,100.1,104.25,100.1,104.0,848052
2014-07-16,104.0,105.5,99.4,102.05,925327
2014-07-17,102.05,102.85,98.9,100.15,828302
2014-07-18,97.05,97.5,92.6,93.5,1424580
2014-07-21,93.1,95.95,92.45,95.6,868646
2014-07-22,94.3,95.9,94.05,94.95,1013305
2014-07-23,94.15,95.0,93.3,94.2,1137730
2014-07-24,93.95,95.25,93.95,95.0,1080324
2014-07-25,95.1,97.45,93.55,96.25,473353
2014-07-28,96.25,96.75,94.65,95.5,1299657
2014-07-30,95.2,96.25,92.6,94.95,650003
2014-07-31,95.0,95.2,94.0,94.3,551284
2014-08-01,94.0,95.0,91.3,93.8,407692
2014-08-04,93.0,93.75,90.5,91.15,414068
2014-08-05,91.9,92.0,89.2,90.85,484451
2014-08-06,90.0,90.5,88.0,89.0,572211
2014-08-07,88.2,89.0,86.6,88.45,978872
2014-08-08,87.65,88.0,85.35,86.05,542989
2014-08-11,85.25,87.8,85.25,87.3,1961296
2014-08-12,86.55,86.7,80.75,81.5,812873
2014-08-13,82.0,84.0,81.55,83.45,1253948
2014-08-14,82.25,83.7,80.2,81.8,3489914
2014-08-18,81.1,83.0,79.7,80.65,967532
2014-08-19,81.0,85.8,81.0,85.25,774764
2014-08-20,85.05,87.0,85.0,86.3,496866
2014-08-21,86.3,89.95,85.75,89.25,617180
2014-08-22,93.5,93.5,89.25,89.9,674576
2014-08-25,89.0,92.85,87.0,92.1,628895
2014-08-26,91.95,92.0,89.3,90.95,386876
2014-08-27,91.2,94.7,91.1,93.1,693389
2014-08-28,94.3,98.0,93.5,96.55,948877
2014-09-01,96.95,97.2,93.5,95.0,673613
2014-09-02,95.0,95.0,91.0,92.55,576324
2014-09-03,92.0,97.5,91.1,95.4,1425546
2014-09-04,94.5,97.9,94.5,96.6,517055
2014-09-05,97.0,103.5,92.55,100.4,3539954
2014-09-08,99.65,100.25,96.6,98.85,508254
2014-09-09,98.05,100.6,97.0,100.05,410979
2014-09-10,100.0,101.35,97.2,98.05,1757546
2014-09-11,98.4,101.5,97.3,101.0,1336471
2014-09-12,101.4,101.4,96.5,98.6,495290
2014-09-15,98.0,98.95,96.8,98.3,315014
2014-09-16,97.5,98.95,92.0,96.3,497007
2014-09-17,97.0,97.0,91.25,93.1,756898
2014-09-18,93.1,102.3,92.15,100.3,1444293
2014-09-19,104.0,106.55,97.5,98.4,3145934
2014-09-22,100.0,100.8,96.2,96.65,738764
2014-09-23,97.9,100.0,94.75,97.0,700633
2014-09-24,97.0,97.0,93.0,95.0,348053
2014-09-25,95.1,96.0,92.0,94.45,654660
2014-09-26,94.05,95.05,92.5,94.05,397608
2014-09-29,93.15,97.2,93.15,95.7,443373
2014-09-30,95.1,98.1,95.1,97.55,488079
2014-10-01,97.0,98.65,94.3,96.05,306552
2014-10-07,95.95,96.0,92.65,94.05,483289
2014-10-08,93.2,95.0,93.1,94.55,288184
2014-10-09,94.0,96.5,93.85,96.1,508679
2014-10-10,95.0,96.5,94.65,96.0,167092
2014-10-13,96.0,96.75,95.0,96.05,178305
2014-10-14,96.9,97.5,95.35,96.05,278571
2014-10-16,95.0,96.95,94.95,96.05,453121
2014-10-17,96.05,98.9,92.9,94.25,896074
2014-10-20,96.0,98.7,95.25,96.2,509740
2014-10-21,96.1,98.5,96.1,98.2,338921
2014-10-22,98.55,102.25,97.1,100.5,1011365
2014-10-23,101.0,101.9,99.4,100.35,104540
2014-10-27,100.0,103.25,98.7,101.6,2208245
2014-10-28,103.2,111.0,102.8,104.7,4800130
2014-10-29,104.0,107.5,103.9,105.2,1248078
2014-10-30,105.05,107.25,104.0,104.8,1018655
2014-10-31,105.2,106.0,102.5,104.65,1630023
2014-11-03,105.0,105.9,103.0,105.1,1055689
2014-11-05,105.2,109.6,105.2,108.6,1410668
2014-11-07,108.95,110.5,105.15,106.45,807890
2014-11-10,106.1,107.45,105.0,105.65,457001
2014-11-11,104.6,107.35,104.6,106.0,410828
2014-11-12,107.0,108.2,105.1,106.5,1364995
2014-11-13,107.45,107.45,104.5,106.15,364080
2014-11-14,105.9,108.5,105.9,106.85,507070
2014-11-17,108.5,109.55,105.85,108.25,774482
2014-11-18,109.65,112.0,107.0,108.05,1003460
2014-11-19,108.0,109.0,106.9,107.05,433578
2014-11-20,106.75,108.0,105.0,105.65,262038
2014-11-21,105.65,109.2,105.65,107.65,769013
2014-11-24,108.5,109.4,104.0,104.3,874071
2014-11-25,104.35,106.9,104.3,105.85,710834
2014-11-26,105.25,106.0,104.05,105.8,252788
2014-11-27,105.5,107.7,104.4,106.4,423062
2014-11-28,106.55,112.0,106.05,111.35,2006346
2014-12-01,111.4,115.9,111.4,115.0,2223590
2014-12-02,115.8,118.0,113.4,117.35,1481128
2014-12-03,117.5,122.7,116.55,122.4,2242115
2014-12-04,122.55,124.0,119.7,123.6,1591943
2014-12-05,123.9,127.5,122.1,124.65,885141
2014-12-08,125.0,126.4,116.6,121.35,596570
2014-12-09,121.0,123.8,119.25,120.8,639728
2014-12-10,121.0,122.5,118.25,121.55,731931
2014-12-11,121.0,122.5,117.0,117.9,307167
2014-12-12,118.1,124.5,115.1,117.6,1249251
2014-12-15,116.0,120.3,115.05,115.4,311913
2014-12-16,115.0,116.0,109.1,113.0,722413
2014-12-17,111.9,115.0,106.65,112.4,433287
2014-12-18,114.1,116.8,113.35,114.1,541190
2014-12-19,115.0,118.7,115.0,115.85,812828
2014-12-22,114.75,118.6,114.75,117.2,380221
2014-12-23,117.9,120.45,117.05,119.95,464018
2014-12-24,120.0,121.0,116.0,118.25,170133
2014-12-26,119.0,120.9,117.5,120.0,647927
2014-12-29,120.5,124.2,120.5,122.3,919728
2014-12-30,121.95,125.9,121.0,124.3,887442
2015-01-01,126.0,126.6,122.05,124.55,687628
2015-01-02,125.4,126.9,120.05,120.9,362101
2015-01-05,121.7,122.75,119.1,120.65,1446763
2015-01-06,120.0,120.45,117.1,117.9,688909
2015-01-07,118.0,118.15,112.0,114.9,716696
2015-01-08,113.5,116.8,113.5,115.75,651226
2015-01-09,115.9,121.7,115.9,119.1,1026313
2015-01-12,119.8,120.3,118.2,118.8,1061201
2015-01-13,118.8,120.5,116.5,118.65,228913
2015-01-14,118.2,119.35,115.35,115.9,259913
2015-01-15,117.0,117.5,115.1,116.35,1266807
2015-01-16,116.9,118.5,115.0,115.2,657601
2015-01-19,114.55,119.5,114.55,116.5,359030
2015-01-20,116.7,120.0,116.5,118.3,428629
2015-01-21,118.4,122.0,118.4,119.85,673707
2015-01-22,119.35,122.45,117.55,118.3,356222
2015-01-23,119.95,120.95,118.0,118.6,399343
2015-01-27,118.0,120.45,117.05,117.75,492267
2015-01-28,117.75,121.0,116.0,118.15,885477
2015-01-29,119.0,122.9,117.5,119.8,475597
2015-01-30,120.4,123.45,120.25,121.0,503205
2015-02-02,120.5,124.45,120.5,121.7,555994
2015-02-03,122.75,123.4,120.9,121.8,343944
2015-02-04,122.0,125.0,121.6,123.1,633841
2015-02-05,125.6,126.8,121.5,122.5,431233
2015-02-06,122.6,123.4,119.5,120.9,586983
2015-02-09,119.1,120.5,118.0,120.05,228980
2015-02-10,119.0,119.7,117.2,118.0,793022
2015-02-11,118.5,118.6,116.5,117.0,530725
2015-02-12,117.35,120.75,116.0,116.15,456227
2015-02-13,117.0,117.4,114.0,114.7,887843
2015-02-16,115.0,116.0,110.3,111.45,383362
2015-02-18,112.45,115.5,112.4,114.5,1879193
2015-02-19,114.5,119.7,114.5,118.85,428026
2015-02-20,119.2,119.2,115.2,117.45,438457
2015-02-23,117.1,118.0,112.0,113.0,3213594
2015-02-24,113.05,115.3,112.0,112.9,477729
2015-02-25,113.3,113.8,108.0,109.9,386954
2015-02-26,109.1,113.7,109.0,109.65,389343
2015-02-27,108.7,114.5,108.55,113.55,1503671
2015-02-28,114.5,114.5,110.35,112.0,258842
2015-03-02,113.0,113.0,109.25,111.75,579160
2015-03-03,112.6,112.6,108.7,109.9,513687
2015-03-04,110.5,111.25,106.9,107.2,419884
2015-03-05,107.0,109.3,104.5,106.4,731513
2015-03-09,106.95,111.0,106.4,109.4,423933
2015-03-10,109.95,110.0,106.4,107.05,2238975
2015-03-11,106.5,107.8,103.8,104.6,318209
2015-03-12,104.3,108.0,104.3,105.2,316291
2015-03-13,105.5,107.3,105.1,105.8,497537
2015-03-16,105.3,106.6,101.55,103.2,259550
2015-03-17,103.4,106.5,103.4,105.15,501155
2015-03-18,105.0,105.35,103.6,105.0,362591
2015-03-19,105.5,118.3,104.0,113.65,1433494
2015-03-20,113.0,113.4,107.6,109.0,846417
2015-03-23,109.5,111.5,102.7,105.0,448890
2015-03-24,107.0,107.7,102.8,105.2,276002
2015-03-25,105.35,110.85,105.1,109.95,375160
2015-03-26,109.0,110.75,103.35,110.05,627219
2015-03-27,108.5,111.85,106.5,110.3,766950
2015-03-30,111.0,115.55,108.65,114.4,757539
2015-03-31,113.05,118.45,110.75,116.9,1028570
2015-04-01,116.0,116.5,109.5,114.55,419118
2015-04-06,113.05,115.25,111.0,114.3,393659
2015-04-07,115.0,115.3,111.8,113.05,149289
2015-04-08,113.8,115.9,112.9,115.5,234340
2015-04-09,115.1,118.0,112.0,116.25,269573
2015-04-10,116.05,116.25,111.5,111.85,263448
2015-04-13,111.85,114.15,111.05,111.9,467910
2015-04-15,112.0,112.35,108.65,109.6,414276
2015-04-16,108.55,109.65,104.8,107.0,473287
2015-04-17,107.2,108.25,105.5,106.95,317154
2015-04-20,106.5,107.4,103.4,104.95,487242
2015-04-21,104.15,109.25,104.15,107.75,860340
2015-04-22,108.2,111.35,105.6,110.2,327193
2015-04-23,109.6,111.5,106.1,106.85,655081
2015-04-24,107.0,107.05,103.5,104.25,531099
2015-04-27,105.25,106.0,101.55,105.0,189554
2015-04-28,105.15,109.5,104.05,109.0,360801
2015-04-29,108.5,110.95,106.3,110.1,207549
2015-04-30,108.5,110.0,106.65,109.2,239911
2015-05-04,109.0,111.5,108.55,111.1,167913
2015-05-05,111.5,111.5,105.9,106.75,298298
2015-05-06,106.95,107.0,102.2,103.75,811476
2015-05-07,105.5,105.5,102.9,103.95,444896
2015-05-08,105.0,106.5,104.1,105.05,414114
2015-05-11,105.8,107.65,104.55,105.2,503227
2015-05-12,104.9,106.15,103.15,103.75,112229
2015-05-13,103.55,106.1,101.65,104.6,380494
2015-05-14,105.1,105.95,102.85,104.0,958027
2015-05-15,105.5,106.9,104.0,105.35,151990
2015-05-18,105.0,105.3,102.9,104.2,127470
2015-05-19,104.75,107.5,104.35,104.8,286988
2015-05-20,105.25,105.85,103.0,103.25,163680
2015-05-21,104.0,104.6,102.7,104.05,165236
2015-05-22,104.6,104.8,103.5,104.15,182906
2015-05-25,103.55,104.1,97.0,100.65,446383
2015-05-26,98.55,102.25,98.45,100.0,202775
2015-05-27,100.0,102.45,99.5,102.0,402393
2015-05-28,102.5,102.5,99.7,100.75,1066079
2015-05-29,101.0,103.45,99.65,102.05,364473
2015-06-01,102.0,102.9,99.7,101.85,546350
2015-06-02,101.5,103.3,98.25,99.95,620422
2015-06-03,101.75,101.75,96.35,96.9,317113
2015-06-04,96.7,100.0,96.0,98.9,300337
2015-06-05,98.7,101.3,98.15,100.1,165054
2015-06-08,100.95,100.95,97.8,99.0,260597
2015-06-09,98.0,99.75,97.8,98.3,253581
2015-06-10,98.6,99.9,97.6,98.4,111690
2015-06-11,98.95,99.5,95.1,95.9,90400
2015-06-12,96.15,96.9,95.0,95.1,474176
2015-06-15,95.0,96.6,94.15,94.55,335985
2015-06-16,94.1,95.2,90.65,92.95,468472
2015-06-17,93.4,100.0,89.9,98.45,701001
2015-06-18,99.8,99.8,94.8,98.2,533603
2015-06-19,97.8,98.0,94.5,95.6,519142
2015-06-22,96.8,97.1,94.4,95.0,1081802
2015-06-23,95.95,98.1,94.85,95.1,511074
2015-06-24,95.95,96.0,93.5,94.55,204238
2015-06-25,94.5,97.0,93.75,95.2,303911
2015-06-26,95.85,95.85,91.8,92.5,268666
2015-06-29,92.0,93.0,91.05,92.3,111463
2015-06-30,91.85,92.8,90.7,91.35,425790
2015-07-01,92.0,96.9,89.0,95.1,1114048
2015-07-02,96.9,96.9,90.25,93.65,551894
2015-07-03,93.45,94.75,91.45,91.85,193895
2015-07-06,91.7,93.5,91.0,93.0,450578
2015-07-07,93.05,94.8,91.85,92.1,165528
2015-07-08,91.15,93.9,91.15,93.35,226597
2015-07-09,94.0,94.35,92.1,92.7,125175
2015-07-10,93.9,95.5,93.05,94.4,330840
2015-07-13,94.0,95.5,93.0,95.1,183081
2015-07-14,94.5,97.8,94.5,96.05,217514
2015-07-15,95.1,98.9,94.6,97.55,271858
2015-07-16,97.0,99.35,95.85,96.75,408651
2015-07-17,97.1,97.3,96.1,96.8,182965
2015-07-20,96.5,97.95,95.05,96.65,236912
2015-07-21,96.95,99.7,95.7,96.35,308755
2015-07-22,97.8,99.6,97.2,99.05,226925
2015-07-23,99.55,99.8,96.2,99.15,373132
2015-07-24,99.0,100.75,98.0,99.05,229974
2015-07-27,99.2,99.2,96.5,97.6,215376
2015-07-28,97.6,97.6,94.15,95.15,473386
2015-07-29,95.1,95.65,92.6,94.0,671338
2015-07-30,94.0,95.0,93.15,94.4,251471
2015-07-31,94.95,96.4,92.3,94.65,316617
2015-08-03,94.2,95.2,92.7,93.15,163261
2015-08-04,93.7,94.9,93.0,94.4,188007
2015-08-05,94.6,96.9,93.65,94.1,190754
2015-08-06,95.8,97.4,91.8,92.35,1078861
2015-08-07,92.5,94.55,92.3,93.75,405473
2015-08-10,92.9,94.1,91.0,91.75,357584
2015-08-11,92.2,92.9,91.05,92.0,662716
2015-08-12,92.0,95.8,89.4,92.7,1659036
2015-08-13,90.8,93.95,89.0,92.8,585438
2015-08-14,92.1,93.25,91.3,92.35,2899139
2015-08-17,93.0,93.75,91.6,91.9,201946
2015-08-18,92.1,93.0,91.0,91.5,112489
2015-08-19,91.5,93.2,91.05,92.9,298945
2015-08-20,92.05,95.7,92.0,93.8,520236
2015-08-21,93.0,93.5,90.4,91.4,4975189
2015-08-24,90.0,92.2,85.2,87.35,644911
2015-08-25,87.35,88.65,85.6,87.2,845887
2015-08-26,87.05,90.0,86.95,88.1,212189
2015-08-27,88.25,90.0,87.8,88.2,175849
2015-08-28,89.0,89.6,86.0,87.8,165955
2015-08-31,88.8,88.8,86.5,87.0,95335
2015-09-01,86.0,87.8,83.4,86.8,233254
2015-09-02,86.35,87.5,85.55,87.2,245170
2015-09-03,88.0,88.0,84.6,86.75,358113
2015-09-04,86.15,86.5,81.5,84.45,444062
2015-09-07,85.0,85.0,81.0,83.7,434644
2015-09-08,83.3,85.5,81.8,84.75,756778
2015-09-09,84.85,87.6,84.55,87.3,312028
2015-09-10,86.7,89.5,85.1,87.2,564459
2015-09-11,88.15,89.95,85.75,89.25,224085
2015-09-14,89.3,90.95,88.0,90.0,188312
2015-09-15,89.0,90.0,86.65,88.1,221447
2015-09-16,89.05,90.3,86.05,89.15,246792
2015-09-18,89.4,90.0,85.4,88.35,401431
2015-09-21,87.8,88.3,85.05,87.5,583755
2015-09-22,88.0,92.6,87.4,91.45,393700
2015-09-23,91.4,92.3,90.0,90.95,260566
2015-09-24,89.5,90.4,88.1,90.05,255619
2015-09-28,89.7,91.0,88.85,89.1,53240
2015-09-29,89.35,89.4,85.2,87.3,168325
2015-09-30,87.95,88.0,84.5,86.05,173583
2015-10-01,86.9,88.4,85.3,85.9,183434
2015-10-05,86.6,88.75,86.4,88.25,180325
2015-10-06,88.0,89.0,87.35,88.45,71214
2015-10-07,87.25,94.0,87.25,91.25,5055507
2015-10-08,92.9,92.9,87.6,88.4,1859535
2015-10-09,88.7,90.7,88.3,90.4,681075
2015-10-12,90.15,90.95,87.0,87.6,381252
2015-10-13,87.75,87.8,86.5,86.95,163405
2015-10-14,87.05,89.8,87.05,88.0,496821
2015-10-15,88.2,88.55,87.1,87.75,1108507
2015-10-16,87.9,87.95,86.5,87.25,291689
2015-10-19,87.8,88.8,87.05,87.95,826271
2015-10-20,88.2,90.6,87.75,89.9,473369
2015-10-21,90.0,90.95,88.8,90.55,510847
2015-10-23,90.2,91.9,89.55,91.2,427350
2015-10-26,91.5,91.9,90.5,91.55,333180
2015-10-27,91.15,91.7,90.5,91.15,289694
2015-10-28,90.75,94.5,90.6,94.1,633666
2015-10-29,94.5,96.7,92.4,95.0,927521
2015-10-30,95.3,99.95,94.45,99.15,785098
2015-11-02,98.25,99.15,95.35,96.3,207420
2015-11-03,96.6,96.9,95.1,96.35,200374
2015-11-04,96.4,100.8,95.05,97.55,247876
2015-11-05,97.75,98.15,94.3,94.95,258886
2015-11-06,95.0,96.0,93.55,94.9,122931
2015-11-09,94.0,100.2,93.0,99.45,202785
2015-11-10,99.0,99.25,95.8,97.0,211453
2015-11-11,98.0,98.0,96.0,96.4,23728
2015-11-13,96.1,96.95,94.05,94.55,138080
2015-11-16,94.0,94.0,92.5,93.0,108404
2015-11-17,93.7,94.95,92.0,92.4,140931
2015-11-18,92.45,93.7,92.45,93.05,128378
2015-11-19,94.0,94.5,91.45,91.95,141838
2015-11-20,92.0,92.4,89.8,90.9,309770
2015-11-23,91.95,91.95,88.6,89.65,773250
2015-11-24,89.45,92.4,88.25,91.55,551236
2015-11-26,90.3,93.0,90.3,92.4,147974
2015-11-27,92.4,94.0,91.65,93.15,102574
2015-11-30,92.3,95.0,92.3,93.7,234871
2015-12-01,94.55,94.65,93.55,94.0,548019
2015-12-02,93.6,106.5,93.6,104.1,2075941
2015-12-03,104.7,112.7,104.45,109.85,3394695
2015-12-04,109.75,110.3,105.3,107.25,1100337
2015-12-07,107.4,108.5,103.6,105.05,518306
2015-12-08,105.0,111.45,103.6,107.5,847497
2015-12-09,107.4,107.4,102.5,105.0,471666
2015-12-10,107.0,108.0,104.5,107.05,704818
2015-12-11,107.5,111.55,105.5,107.8,591693
2015-12-14,107.0,110.0,105.25,106.8,323604
2015-12-15,107.45,111.3,105.55,109.65,409411
2015-12-16,111.0,111.0,107.0,107.5,223173
2015-12-17,107.2,113.4,107.2,111.75,538121
2015-12-18,111.85,115.75,110.0,110.9,805285
2015-12-21,110.9,114.3,110.0,113.2,524019
2015-12-22,114.25,114.7,111.15,112.0,308393
2015-12-23,112.0,117.15,111.25,115.65,974884
2015-12-24,116.45,118.95,114.6,118.15,1664847
2015-12-28,118.9,120.2,115.0,115.7,702580
2015-12-29,115.65,117.0,113.4,114.15,932031
2015-12-30,116.0,117.0,115.0,115.5,1845231
2015-12-31,115.5,118.55,114.5,116.75,4302272
2016-01-01,117.35,122.0,115.75,120.45,3602977
2016-01-04,119.9,122.5,117.5,119.75,786763
2016-01-05,120.1,121.9,117.2,119.05,1012751
2016-01-06,119.6,119.9,117.4,118.15,412322
2016-01-07,117.8,121.0,115.6,118.05,1148207
2016-01-08,117.8,120.5,117.8,119.0,882484
2016-01-11,117.5,123.75,117.0,122.85,915778
2016-01-12,124.35,124.65,117.2,121.0,711815
2016-01-13,121.15,122.15,115.6,119.55,1191489
2016-01-14,117.7,118.8,115.65,116.95,585307
2016-01-15,118.05,119.7,110.5,113.1,2238562
2016-01-18,111.0,111.0,104.1,108.0,1379024
2016-01-19,107.0,108.3,105.0,107.35,573384
2016-01-20,107.35,110.75,104.55,109.5,571551
2016-01-21,109.0,109.95,105.0,107.4,650538
2016-01-22,106.75,111.0,105.2,109.65,1463711
2016-01-25,110.05,113.4,109.0,111.65,676754
2016-01-27,111.65,112.95,108.1,110.4,507208
2016-01-28,110.4,112.0,110.0,111.55,643336
2016-01-29,112.45,112.45,109.25,111.95,521195
2016-02-01,111.95,113.0,108.1,110.15,637068
2016-02-02,110.2,112.3,108.5,111.0,1151895
2016-02-03,111.5,111.5,107.25,110.0,315766
2016-02-04,110.0,113.9,109.95,111.7,488381
2016-02-05,113.15,114.0,111.5,112.0,420090
2016-02-08,112.75,115.65,111.6,114.55,461651
2016-02-09,113.0,113.95,110.1,111.1,396792
2016-02-10,110.7,111.4,108.5,111.0,197366
2016-02-11,109.15,110.2,104.3,107.05,360058
2016-02-12,107.0,107.0,98.55,102.9,823302
2016-02-15,102.8,106.75,101.6,104.55,651525
2016-02-16,104.45,105.25,101.25,102.95,247978
2016-02-17,103.3,103.3,98.1,101.6,486116
2016-02-18,102.45,103.5,99.75,100.6,314835
2016-02-19,99.05,102.3,99.0,101.45,361241
2016-02-22,100.5,102.5,99.6,100.0,115332
2016-02-23,100.05,101.0,99.0,99.95,788770
2016-02-24,100.0,100.9,98.0,99.95,1188621
2016-02-25,100.9,100.9,98.4,99.3,299718
2016-02-26,100.0,100.0,98.35,99.25,417708
2016-02-29,99.95,99.95,95.15,98.15,491301
2016-03-01,98.1,100.8,98.0,100.05,1399737
2016-03-02,102.0,102.5,98.1,100.0,328123
2016-03-03,100.8,100.8,98.85,100.05,682196
2016-03-04,100.8,100.8,98.9,99.75,272904
2016-03-08,100.4,101.45,97.45,98.05,177975
2016-03-09,98.5,100.25,96.55,98.75,1009052
2016-03-10,99.4,99.4,98.2,98.9,121840
2016-03-11,98.9,99.0,97.15,97.95,227102
2016-03-14,98.7,98.7,94.75,96.95,431037
2016-03-15,96.75,96.75,92.75,93.9,697254
2016-03-16,94.2,94.3,91.75,93.0,1771025
2016-03-17,93.9,95.6,93.5,94.1,775947
2016-03-18,94.5,96.55,93.5,95.55,821209
2016-03-21,96.0,98.4,95.55,97.85,857941
2016-03-22,97.85,99.7,95.5,96.15,4515046
2016-03-23,96.75,99.0,95.6,98.55,176273
2016-03-28,98.55,98.65,95.0,95.3,427770
2016-03-29,96.0,101.95,95.15,100.45,779171
2016-03-30,101.4,102.85,100.1,102.45,368160
2016-03-31,102.55,102.95,98.25,98.95,155670
2016-04-01,99.0,101.0,98.15,100.55,129028
2016-04-04,100.95,101.25,98.95,100.1,122826
2016-04-05,99.5,103.2,98.75,99.6,323777
2016-04-06,99.6,102.5,99.05,102.1,304253
2016-04-07,101.1,102.3,100.0,100.55,118102
2016-04-08,101.5,102.65,99.2,102.2,270725
2016-04-11,102.95,102.95,100.55,101.7,268375
2016-04-12,100.5,105.45,100.0,103.65,660631
2016-04-13,105.0,108.2,104.6,105.15,354317
2016-04-18,104.0,109.4,104.0,108.55,847893
2016-04-20,108.55,108.7,104.6,105.1,352266
2016-04-21,106.85,107.95,100.1,102.75,502422
2016-04-22,105.2,106.55,103.8,105.1,419613
2016-04-25,104.95,105.95,104.55,105.1,239818
2016-04-26,105.1,107.8,104.5,105.1,252714
2016-04-27,105.8,105.9,104.1,105.05,124275
2016-04-28,105.0,105.95,104.8,105.55,216358
2016-04-29,105.5,105.5,102.8,105.2,106031
2016-05-02,105.2,105.5,103.3,103.85,127184
2016-05-03,103.5,105.45,103.3,104.9,194241
2016-05-04,104.3,107.65,103.3,106.95,2515141
2016-05-05,106.95,107.5,104.5,105.5,253300
2016-05-06,105.6,105.8,104.0,104.45,145447
2016-05-09,104.1,105.75,103.7,104.9,383647
2016-05-10,105.55,106.15,104.25,105.4,196336
2016-05-11,105.05,105.9,104.15,105.25,431302
2016-05-12,105.0,107.8,104.5,106.45,2660159
2016-05-13,106.25,113.5,105.55,112.45,1145414
2016-05-16,113.05,117.8,109.45,115.8,655878
2016-05-17,117.0,118.8,113.0,115.35,1613451
2016-05-18,115.0,120.5,113.4,114.5,2026309
2016-05-19,116.0,116.0,111.1,113.0,518895
2016-05-20,113.85,114.45,110.5,112.8,257764
2016-05-23,113.1,115.5,110.25,115.05,351224
2016-05-24,114.25,114.5,110.75,114.05,338018
2016-05-25,114.4,116.2,113.2,115.35,747021
2016-05-26,116.0,116.0,113.85,115.1,762653
2016-05-27,115.35,117.6,114.1,116.35,356864
2016-05-30,116.0,118.6,115.4,118.05,415959
2016-05-31,117.75,119.8,115.8,117.6,930820
2016-06-01,115.8,120.75,115.8,119.55,1013182
2016-06-02,120.45,125.9,119.6,124.35,1712715
2016-06-03,124.2,125.45,121.0,122.25,430276
2016-06-06,123.0,123.75,119.1,123.15,395319
2016-06-07,123.0,124.9,120.5,123.55,381255
2016-06-08,123.55,128.9,123.55,126.1,1031182
2016-06-09,126.45,126.7,122.8,125.05,304151
2016-06-10,125.45,127.2,124.5,125.5,328855
2016-06-13,125.0,125.5,122.25,123.3,264629
2016-06-14,124.0,124.9,123.1,124.6,290079
2016-06-15,125.0,129.5,124.3,127.6,716758
2016-06-16,130.3,133.0,129.75,130.1,1369742
2016-06-17,131.1,135.0,130.6,133.85,1248774
2016-06-20,133.5,137.1,131.5,132.8,1113704
2016-06-21,133.7,134.7,129.7,130.1,816118
2016-06-22,129.65,132.3,129.1,130.9,1652560
2016-06-23,131.0,132.6,129.6,131.95,1202939
2016-06-24,129.5,133.75,123.5,130.45,756426
2016-06-27,129.5,132.3,129.25,130.85,647033
2016-06-28,130.45,131.7,127.3,127.9,406175
2016-06-29,128.6,130.45,127.55,130.0,254726
2016-06-30,130.8,132.0,125.0,127.75,1087866
2016-07-01,128.5,131.3,127.65,129.4,424549
2016-07-04,133.0,135.0,130.15,131.0,710847
2016-07-05,132.0,133.4,127.0,128.25,641405
2016-07-07,128.4,131.6,127.9,128.7,418306
2016-07-08,129.5,130.0,127.75,128.35,356686
2016-07-11,129.5,132.1,128.3,130.85,1316602
2016-07-12,131.45,132.05,129.35,130.4,517080
2016-07-13,130.4,132.0,129.0,130.15,881764
2016-07-14,140.0,143.0,131.7,132.9,3651225
2016-07-15,133.0,135.0,131.55,131.85,976639
2016-07-18,132.85,134.0,129.55,130.9,266746
2016-07-19,129.8,133.1,128.65,132.75,894245
2016-07-20,133.0,136.0,131.0,134.8,1440586
2016-07-21,134.65,135.0,132.7,133.5,168662
2016-07-22,133.55,134.1,131.45,133.0,513886
2016-07-25,132.4,135.5,131.65,133.05,1580511
2016-07-26,133.85,133.95,130.1,131.45,302507
2016-07-27,132.2,136.9,131.2,135.2,4030732
2016-07-28,135.0,137.9,133.1,136.75,904954
2016-07-29,136.15,138.55,133.3,134.4,4607897
2016-08-01,134.9,135.9,131.5,133.05,304976
2016-08-02,132.3,135.25,131.05,134.05,306334
2016-08-03,133.9,134.85,131.45,134.0,301875
2016-08-04,134.9,135.45,131.55,131.95,609168
2016-08-05,132.75,134.45,132.1,133.65,1266523
2016-08-08,134.85,134.85,130.3,130.95,1104302
2016-08-09,131.9,132.75,128.0,129.5,407464
2016-08-10,129.5,133.5,126.6,127.2,692641
2016-08-11,128.3,130.0,123.5,128.35,329071
2016-08-12,128.15,129.3,126.0,127.05,1055463
2016-08-16,127.35,129.5,125.5,127.5,1175608
2016-08-17,127.0,134.5,126.55,133.45,499895
2016-08-18,134.75,135.0,131.5,132.65,356692
2016-08-19,133.0,139.9,130.6,135.6,2693644
2016-08-22,135.6,136.3,129.0,129.85,378307
2016-08-23,130.6,136.1,128.95,129.5,612680
2016-08-24,129.95,132.4,129.5,130.55,1573351
2016-08-25,131.2,133.0,128.1,131.65,1529930
2016-08-26,132.0,133.4,129.0,129.6,245171
2016-08-29,129.5,130.35,128.05,129.2,912746
2016-08-30,129.45,131.75,128.6,131.3,2321655
2016-08-31,131.0,133.0,129.0,130.1,1913646
2016-09-01,131.0,131.8,127.2,128.35,1416540
2016-09-02,128.85,129.35,124.65,126.2,1011421
2016-09-06,127.0,134.0,126.7,133.7,1177744
2016-09-07,133.85,135.95,130.65,135.1,811965
2016-09-08,134.0,135.95,132.5,134.0,454751
2016-09-09,134.0,134.9,128.85,130.05,622459
2016-09-12,128.1,131.3,126.0,126.15,287283
2016-09-14,125.65,128.35,125.2,126.15,218938
2016-09-15,126.15,128.35,126.15,127.25,294554
2016-09-16,128.45,129.5,125.3,127.75,410324
2016-09-19,127.0,128.1,125.55,126.1,197228
2016-09-20,126.85,126.85,125.0,126.0,320415
2016-09-21,126.0,131.35,125.5,127.05,3472613
2016-09-22,128.0,131.0,127.6,129.2,466203
2016-09-23,130.0,134.9,128.6,132.65,918009
2016-09-26,133.55,133.55,128.75,129.95,377205
2016-09-27,130.5,130.9,128.65,129.85,323040
2016-09-28,129.85,131.9,128.15,130.55,613494
2016-09-29,131.7,131.7,123.0,128.2,970533
2016-09-30,127.95,133.25,126.3,130.45,1177207
2016-10-03,132.15,132.85,129.65,131.3,776618
2016-10-04,130.2,132.0,129.05,131.15,259581
2016-10-05,133.25,133.25,128.05,129.2,258580
2016-10-06,130.3,131.95,128.7,131.05,323019
2016-10-07,131.45,132.85,127.3,127.7,242934
2016-10-10,128.45,129.3,127.35,127.9,123892
2016-10-13,127.9,129.8,126.8,127.3,418744
2016-10-14,127.8,129.0,126.8,128.4,161006
2016-10-17,129.35,131.0,127.25,129.15,389799
2016-10-18,129.75,131.4,129.05,129.4,266797
2016-10-19,129.35,130.6,127.1,128.7,2734823
2016-10-20,129.1,131.5,128.15,129.9,3945599
2016-10-21,130.0,134.0,128.5,132.7,1125515
2016-10-24,133.0,133.95,128.05,129.35,462931
2016-10-25,127.45,127.8,124.1,125.5,796264
2016-10-26,125.5,126.2,115.8,119.65,880224
2016-10-27,115.0,116.0,106.0,114.95,6841521
2016-10-28,116.0,117.15,113.0,115.45,2903403
2016-10-30,117.0,118.45,116.0,117.8,114466
2016-11-01,118.0,118.25,115.0,117.05,1164579
2016-11-02,114.5,115.45,114.0,114.65,472702
2016-11-03,114.0,114.3,108.1,109.05,636854
2016-11-04,109.55,116.4,108.5,112.85,1409379
2016-11-07,114.0,115.0,111.2,113.8,885440
2016-11-08,114.05,115.4,112.75,114.45,237520
2016-11-09,110.75,110.75,99.6,109.0,3746198
2016-11-10,110.3,111.1,104.0,104.9,591131
2016-11-11,105.0,107.0,98.0,98.5,2565413
2016-11-15,99.0,99.35,90.8,92.8,1487937
2016-11-16,93.5,98.85,93.5,94.65,2109198
2016-11-17,95.0,95.0,89.85,90.6,1497405
2016-11-18,92.0,92.0,89.4,91.15,2095278
2016-11-21,91.15,91.9,88.7,90.7,3425239
2016-11-22,90.0,97.5,89.0,94.75,949441
2016-11-23,96.0,98.0,93.8,96.15,300393
2016-11-24,97.0,97.0,95.0,95.05,130729
2016-11-25,96.0,98.0,95.0,97.2,291092
2016-11-28,96.4,101.8,96.1,101.25,449629
2016-11-29,102.0,105.4,101.5,104.75,484409
2016-11-30,105.4,106.9,99.3,101.95,1219892
2016-12-01,102.5,103.85,99.55,100.1,156110
2016-12-02,99.45,101.7,98.55,99.3,238346
2016-12-05,99.0,99.4,98.0,98.0,1114621
2016-12-06,98.85,99.7,98.0,98.2,154355
2016-12-07,98.3,99.25,97.7,98.35,1032090
2016-12-08,98.25,101.0,96.75,100.6,329957
2016-12-09,101.0,104.5,100.3,103.7,283951
2016-12-12,103.5,103.9,101.2,101.85,162178
2016-12-13,104.0,106.75,101.2,101.85,357894
2016-12-14,104.0,105.5,98.75,99.15,599225
2016-12-15,99.65,99.95,98.0,98.7,192449
2016-12-16,99.5,99.5,98.2,99.3,314183
2016-12-19,99.9,99.9,98.0,98.45,259997
2016-12-20,98.4,99.25,95.2,96.1,570586
2016-12-21,96.1,98.1,95.15,95.55,592029
2016-12-22,95.5,95.5,94.25,94.85,524967
2016-12-23,95.9,95.9,94.2,95.25,75336
2016-12-26,96.0,97.2,93.9,96.85,298685
2016-12-27,97.65,99.5,97.0,98.6,7115893
2016-12-28,98.9,99.9,97.0,97.6,347050
2016-12-29,97.6,98.3,97.0,97.95,564957
2016-12-30,97.85,98.85,97.75,98.55,491652
2017-01-02,98.85,98.85,97.0,98.35,169775
2017-01-03,97.65,98.65,96.5,97.15,315939
2017-01-04,97.3,98.45,95.9,96.7,265308
2017-01-05,97.0,97.75,94.9,95.0,1579684
2017-01-06,95.5,96.5,95.05,95.75,2629996
2017-01-09,96.35,98.0,95.05,97.3,413573
2017-01-10,98.0,98.5,96.4,97.35,607120
2017-01-11,98.0,98.15,96.9,97.75,319068
2017-01-12,98.0,103.7,97.5,100.45,1748089
2017-01-13,102.4,104.6,101.0,102.55,2053328
2017-01-16,102.1,102.85,101.25,101.9,1921908
2017-01-17,101.9,104.6,101.8,102.8,1360952
2017-01-18,103.7,107.5,103.05,106.85,2474068
2017-01-19,107.4,108.9,105.5,108.5,769691
2017-01-20,108.25,109.0,106.8,107.05,409318
2017-01-23,107.0,109.65,105.4,108.9,1828519
2017-01-24,109.0,109.8,108.1,108.9,404874
2017-01-25,109.55,110.0,107.0,109.4,636409
2017-01-27,109.0,112.35,109.0,111.7,588881
2017-01-30,111.0,111.0,109.25,109.95,444434
2017-01-31,110.0,110.45,107.65,108.05,586834
2017-02-01,108.1,112.0,107.55,111.2,559662
2017-02-02,112.0,112.0,109.6,110.2,193588
2017-02-03,109.25,112.85,108.75,109.3,446562
2017-02-06,113.0,119.0,113.0,114.95,2016215
2017-02-07,115.1,116.0,113.5,114.05,370433
2017-02-08,114.8,116.0,113.75,115.6,994219
2017-02-09,115.05,119.5,114.65,117.6,1364997
2017-02-10,118.6,119.0,116.0,117.6,347005
2017-02-13,118.2,118.75,113.4,115.9,492574
2017-02-14,116.5,118.45,114.85,117.4,2053013
2017-02-15,116.75,119.85,116.3,119.15,1497451
2017-02-16,119.4,120.9,117.5,120.3,1302939
2017-02-17,120.1,121.45,115.75,116.35,260402
2017-02-20,116.4,120.85,116.3,120.3,328116
2017-02-21,119.15,127.7,119.15,124.15,952796
2017-02-22,124.65,124.65,121.0,122.4,303141
2017-02-23,121.0,122.85,120.1,121.95,865514
2017-02-27,121.0,123.0,120.15,120.75,144010
2017-02-28,120.75,126.9,118.25,125.45,1699417
2017-03-01,127.75,128.15,123.85,126.0,524088
2017-03-02,125.8,126.0,119.5,123.45,529292
2017-03-03,122.0,122.9,120.2,120.85,276579
2017-03-06,120.35,122.05,117.9,119.5,1337000
2017-03-07,119.2,123.4,119.0,122.4,683680
2017-03-08,122.7,123.5,121.05,122.7,373846
2017-03-09,123.7,123.7,120.3,121.05,267825
2017-03-10,121.95,122.2,119.25,121.0,596702
2017-03-14,122.0,123.4,118.6,120.85,404350
2017-03-15,121.2,122.6,121.05,122.0,425738
2017-03-16,121.8,123.5,120.9,121.6,553843
2017-03-17,121.8,124.0,120.7,123.0,527861
2017-03-20,124.0,124.95,121.0,122.4,495303
2017-03-21,125.0,125.0,121.6,122.85,4297358
2017-03-22,122.8,123.4,121.0,122.0,4611731
2017-03-23,122.0,128.5,122.0,124.35,857735
2017-03-24,124.8,125.65,122.4,123.7,211196
2017-03-27,124.0,124.7,121.75,123.0,469004
2017-03-28,124.9,125.25,122.5,124.7,838056
2017-03-29,124.15,126.65,123.8,125.25,396696
2017-03-30,126.0,127.0,124.7,126.55,462843
2017-03-31,125.8,128.65,125.5,126.9,357326
2017-04-03,126.95,127.9,124.7,127.3,393591
2017-04-05,129.0,131.5,129.0,130.8,649330
2017-04-06,130.85,130.85,128.35,129.85,251125
2017-04-07,130.0,131.0,128.7,130.35,1142525
2017-04-10,130.75,130.75,128.55,129.25,303141
2017-04-11,129.2,130.35,127.8,129.25,465279
2017-04-12,130.0,131.0,126.65,128.1,188603
2017-04-13,128.95,129.5,127.6,128.2,529509
2017-04-17,129.45,129.45,127.15,127.8,187659
2017-04-18,128.35,132.0,127.6,128.65,655944
2017-04-19,129.35,130.45,127.1,127.95,630151
2017-04-20,128.45,129.4,123.65,126.55,1065143
2017-04-21,126.05,128.0,125.6,126.45,325172
2017-04-24,127.0,127.95,125.1,125.9,198883
2017-04-25,126.9,127.35,125.6,126.6,218397
2017-04-26,127.3,127.7,125.6,126.85,233794
2017-04-27,127.35,127.35,124.6,125.75,242131
2017-04-28,126.5,130.5,125.35,128.35,339330
2017-05-02,129.0,129.5,126.5,129.1,308891
2017-05-03,128.4,128.75,125.8,128.1,166626
2017-05-04,127.35,129.6,127.35,129.1,240018
2017-05-05,129.75,129.75,127.5,128.95,319916
2017-05-08,128.4,129.4,128.05,128.95,191392
2017-05-09,129.0,131.0,128.0,130.1,700546
2017-05-10,131.0,133.5,130.4,132.5,469506
2017-05-11,132.3,135.9,132.0,134.2,498394
2017-05-12,133.8,134.5,131.1,133.1,237856
2017-05-15,133.1,138.1,132.95,137.15,944279
2017-05-16,137.6,144.95,137.5,144.25,1402942
2017-05-17,144.25,144.5,139.55,143.35,516036
2017-05-18,141.5,145.5,137.3,138.5,696700
2017-05-19,140.0,141.8,133.5,139.25,377909
2017-05-22,140.0,143.0,139.6,141.1,2243946
2017-05-23,138.75,141.2,134.4,136.9,846578
2017-05-24,137.0,138.0,134.8,136.25,222874
2017-05-25,136.35,138.25,135.6,136.85,101339
2017-05-26,137.9,139.3,135.4,137.5,175775
2017-05-29,134.0,134.95,129.55,132.4,838693
2017-05-30,131.95,132.25,130.55,131.75,165472
2017-05-31,133.0,140.0,131.2,137.1,906590
2017-06-01,136.05,138.45,134.15,134.45,1252925
2017-06-02,134.9,137.3,134.7,136.2,918266
2017-06-05,135.25,136.7,134.1,136.05,171310
2017-06-06,135.75,137.05,135.2,136.0,146995
2017-06-07,136.25,138.7,135.0,137.45,308494
2017-06-08,139.25,140.0,135.6,136.05,478790
2017-06-09,136.0,136.8,131.8,132.25,311692
2017-06-12,131.7,132.0,128.05,128.85,178370
2017-06-13,128.45,129.75,125.7,127.35,273274
2017-06-14,128.1,128.7,126.75,128.1,208898
2017-06-15,128.1,130.85,127.6,129.3,177340
2017-06-16,128.55,129.45,124.7,127.15,302160
2017-06-19,129.0,131.0,124.85,125.2,385981
2017-06-20,126.0,126.5,125.4,126.2,187386
2017-06-21,126.4,130.6,126.15,129.2,348069
2017-06-22,128.15,130.8,128.15,129.1,239333
2017-06-23,129.0,131.0,128.65,130.75,395087
2017-06-27,129.6,130.5,127.1,129.65,139525
2017-06-28,128.15,128.8,127.55,128.1,266422
2017-06-29,128.1,130.7,127.6,128.7,151108
2017-06-30,128.7,136.7,127.05,133.8,343277
2017-07-03,135.0,135.0,130.1,130.55,170546
2017-07-04,130.35,132.6,126.5,127.0,311641
2017-07-05,127.75,129.25,126.25,127.5,196527
2017-07-06,127.4,129.55,127.0,127.3,289257
2017-07-07,127.55,128.8,126.25,127.25,238803
2017-07-10,127.9,128.35,126.65,127.4,40997
2017-07-11,128.0,128.85,125.0,125.9,131339
2017-07-12,126.1,126.85,124.5,124.95,200306
2017-07-13,125.1,126.65,124.6,125.6,197291
2017-07-14,126.35,126.35,123.8,124.5,127179
2017-07-17,124.65,125.85,121.25,123.35,640381
2017-07-18,123.8,125.5,122.55,123.05,119932
2017-07-19,123.35,125.0,122.05,124.25,192196
2017-07-20,124.7,127.9,123.4,127.4,263552
2017-07-21,127.5,128.5,125.5,126.35,151900
2017-07-24,126.05,127.8,125.2,127.05,202368
2017-07-25,126.65,128.3,125.05,125.55,175194
2017-07-26,125.15,127.45,123.7,124.25,155466
2017-07-27,124.3,126.5,124.1,125.35,213529
2017-07-28,124.6,125.95,121.6,123.3,106448
2017-07-31,122.65,125.45,122.65,124.65,244183
2017-08-01,123.7,128.3,123.7,127.1,261149
2017-08-02,127.7,130.6,125.4,129.3,311960
2017-08-03,129.9,130.0,126.1,126.9,146702
2017-08-04,127.0,129.5,125.25,128.0,115369
2017-08-07,129.5,129.5,125.3,129.05,224778
2017-08-08,128.2,131.35,126.6,129.95,274075
2017-08-09,129.95,129.95,125.3,126.15,329443
2017-08-10,126.9,128.0,120.0,124.75,305563
2017-08-11,123.5,124.7,121.05,122.4,275579
2017-08-14,122.45,125.9,122.1,125.05,130179
2017-08-16,125.05,127.5,124.25,125.95,209026
2017-08-17,127.95,129.0,126.15,126.5,659092
2017-08-18,125.35,127.7,123.65,123.95,155747
2017-08-21,123.5,126.5,118.95,119.9,316935
2017-08-22,121.0,121.7,108.5,111.45,1016025
2017-08-23,112.65,112.8,110.4,111.65,1274615
2017-08-24,111.9,114.3,110.1,110.9,1045668
2017-08-28,111.4,114.2,110.45,112.85,338644
2017-08-29,113.45,115.0,112.3,114.75,158179
2017-08-30,116.0,116.0,114.5,115.0,417368
2017-08-31,116.0,120.0,115.5,118.85,637887
2017-09-01,119.05,120.0,117.9,118.0,1927140
2017-09-04,118.0,118.75,116.45,117.95,139899
2017-09-05,117.9,121.45,117.5,120.05,121339
2017-09-06,120.0,120.7,119.0,119.5,61844
2017-09-07,119.05,119.15,116.5,117.25,242258
2017-09-08,117.45,117.95,114.1,115.1,217298
2017-09-11,115.5,121.3,115.4,120.15,522902
2017-09-12,121.85,122.5,119.0,120.45,521840
2017-09-13,120.15,121.4,118.0,118.6,202613
2017-09-14,117.5,127.0,117.5,118.7,1875372
2017-09-15,119.1,119.6,114.65,116.0,240671
2017-09-18,116.55,118.3,114.25,115.4,229304
2017-09-19,116.0,117.5,114.0,114.65,1208465
2017-09-20,115.8,119.7,114.65,115.1,885028
2017-09-21,115.55,117.85,113.5,114.9,3055236
2017-09-22,114.5,115.0,111.1,112.1,272848
2017-09-25,110.55,115.75,110.55,114.05,566638
2017-09-26,114.1,119.9,111.55,119.35,1014503
2017-09-27,120.5,120.7,116.6,118.15,604081
2017-09-28,119.0,121.4,117.25,117.9,243458
2017-09-29,118.35,119.4,115.0,116.3,753429
2017-10-03,118.0,123.0,115.75,121.9,1479774
2017-10-04,115.0,115.0,108.7,110.4,1274104
2017-10-05,110.0,111.0,108.5,108.8,312615
2017-10-06,109.75,109.75,107.8,108.1,458891
2017-10-09,108.15,109.0,107.0,107.7,348194
2017-10-10,108.1,108.5,104.5,105.25,1320747
2017-10-11,105.35,105.95,104.65,105.6,1047208
2017-10-12,106.0,106.1,103.4,104.3,648906
2017-10-13,105.2,106.0,104.45,105.25,823600
2017-10-16,106.0,108.5,106.0,108.0,1626155
2017-10-17,108.0,112.1,108.0,110.05,2131054
2017-10-18,110.2,114.1,109.4,113.45,1523035
2017-10-19,114.0,116.2,113.2,114.1,189368
2017-10-23,115.0,118.5,112.25,112.8,1324294
2017-10-24,112.8,114.8,110.75,111.3,480801
2017-10-25,112.0,114.85,110.05,113.1,508310
2017-10-26,113.1,115.5,112.9,113.05,628644
2017-10-27,113.95,114.75,112.0,112.15,451827
2017-10-30,114.5,115.0,113.0,114.45,672283
2017-10-31,114.6,115.5,112.65,113.25,301988
2017-11-01,113.4,115.4,113.4,114.75,604992
2017-11-02,113.7,115.15,113.7,114.2,361736
2017-11-03,114.85,115.6,113.75,114.5,823076
2017-11-06,114.8,115.3,113.9,114.5,837003
2017-11-07,114.9,116.5,111.25,112.3,1750190
2017-11-08,113.0,114.75,109.1,110.25,600893
2017-11-09,112.8,113.4,110.6,111.3,416905
2017-11-10,111.3,113.05,111.05,111.95,1471570
2017-11-13,112.2,113.75,111.6,112.95,804337
2017-11-14,111.5,112.95,110.2,112.05,524013
2017-11-15,110.5,112.5,110.2,111.95,1708044
2017-11-16,111.55,112.25,110.0,110.95,1311214
2017-11-17,111.5,113.4,111.3,111.85,1943509
2017-11-20,111.85,113.0,110.3,110.75,233435
2017-11-21,110.75,111.7,109.55,111.0,336792
2017-11-22,111.0,111.2,110.5,110.95,157128
2017-11-23,111.95,119.9,110.9,118.7,2181769
2017-11-24,120.0,123.4,117.65,120.75,1634647
2017-11-27,118.85,124.9,118.85,122.45,842904
2017-11-28,122.9,123.9,119.25,119.8,1244883
2017-11-29,120.05,124.2,117.2,123.5,650014
2017-11-30,123.0,124.95,119.65,123.6,923676
2017-12-01,124.95,124.95,119.1,119.7,557278
2017-12-04,120.0,122.05,117.75,120.45,596274
2017-12-05,120.5,124.5,118.35,123.2,640924
2017-12-06,123.9,125.0,119.75,120.85,1140803
2017-12-07,121.0,124.5,120.0,121.85,777484
2017-12-08,122.2,124.0,120.1,120.85,435516
2017-12-11,121.8,122.7,119.2,119.9,390529
2017-12-12,120.0,123.45,120.0,120.65,2117322
2017-12-13,121.25,122.9,118.5,120.25,509516
2017-12-14,121.35,121.35,118.35,120.1,561195
2017-12-15,121.1,121.5,118.0,119.85,677840
2017-12-18,119.5,121.8,117.5,120.35,302698
2017-12-19,120.85,121.5,117.3,117.85,1350357
2017-12-20,118.1,119.0,117.2,117.85,463614
2017-12-21,118.6,120.5,117.1,119.65,1426745
2017-12-22,120.45,121.7,119.05,119.7,351620
2017-12-26,120.0,121.0,119.15,119.75,214679
2017-12-27,119.85,120.95,117.65,118.25,611307
2017-12-28,119.75,119.75,116.35,117.5,531285
2017-12-29,118.0,118.9,117.3,117.8,2209592
2018-01-01,117.1,119.0,117.1,118.5,442715
2018-01-02,119.0,119.5,116.95,118.5,1916943
2018-01-03,119.0,124.0,118.15,121.35,1708368
2018-01-04,121.6,130.0,121.6,125.9,5019833
2018-01-05,127.8,135.35,127.5,132.8,3416479
2018-01-08,135.0,142.45,133.5,140.6,4818014
2018-01-09,142.0,145.8,140.0,142.15,3756440
2018-01-10,143.0,145.7,141.3,143.15,2263363
2018-01-11,143.15,144.8,141.7,143.55,1146326
2018-01-12,143.7,144.4,139.5,141.5,1046669
2018-01-15,143.6,143.6,140.2,141.15,760974
2018-01-16,142.0,148.0,138.65,144.55,2917868
2018-01-17,144.0,150.0,144.0,148.65,2016950
2018-01-18,149.6,152.8,138.45,140.6,1882304
2018-01-19,142.4,144.0,138.15,142.45,793174
2018-01-22,142.2,152.5,141.2,150.65,4229498
2018-01-23,151.0,160.95,151.0,156.75,5126004
2018-01-24,156.9,160.2,149.8,151.05,1630273
2018-01-25,152.1,155.4,148.0,149.4,1586452
2018-01-29,150.25,151.05,140.55,141.55,1298948
2018-01-30,141.4,147.35,141.4,143.55,1441740
2018-01-31,142.1,145.6,137.15,138.2,910191
2018-02-01,139.6,144.55,136.0,138.35,1003034
2018-02-02,137.65,137.65,126.5,129.0,1070027
2018-02-05,126.65,137.0,125.1,135.95,966551
2018-02-06,130.0,137.0,127.0,135.5,683967
2018-02-07,136.5,139.0,130.4,131.85,945173
2018-02-08,133.2,141.5,132.95,136.85,1712492
2018-02-09,131.25,138.9,131.25,136.95,982808
2018-02-12,137.3,140.0,136.95,138.05,1650018
2018-02-14,140.1,142.75,135.05,135.6,1471105
2018-02-15,136.6,138.5,132.75,134.2,1237151
2018-02-16,136.95,137.75,132.2,133.2,848112
2018-02-19,135.0,139.8,134.0,137.4,1394757
2018-02-20,136.25,140.35,134.25,135.8,1419001
2018-02-21,136.6,136.85,132.0,132.65,899724
2018-02-22,132.65,135.9,132.0,132.55,1120490
2018-02-23,133.0,134.35,130.85,131.45,1221717
2018-02-26,132.3,135.5,131.55,132.85,1818506
2018-02-27,133.0,139.9,132.15,138.4,2317654
2018-02-28,136.9,139.6,134.3,137.15,2016773
2018-03-01,136.8,138.6,135.75,137.0,3115115
2018-03-05,136.2,137.0,133.6,134.45,1220262
2018-03-06,135.4,137.2,133.4,133.9,1009896
2018-03-07,135.95,136.45,131.3,132.75,1528152
2018-03-08,132.8,133.85,128.5,129.45,2186753
2018-03-09,130.6,132.4,127.75,128.6,1407221
2018-03-12,129.4,129.9,127.65,128.7,931276
2018-03-13,128.8,134.5,128.7,130.0,1397514
2018-03-14,130.0,132.5,129.35,130.75,621000
2018-03-15,131.1,136.75,131.1,133.0,2160425
2018-03-16,133.4,134.2,129.15,130.0,802990
2018-03-19,130.9,132.0,127.7,129.45,608262
2018-03-20,127.5,130.6,126.7,129.0,1796176
2018-03-21,129.95,131.75,128.25,128.65,1203796
2018-03-22,128.7,131.4,127.2,129.25,1114995
2018-03-23,126.2,130.9,125.5,127.5,1235271
2018-03-26,127.9,127.95,125.05,125.55,905870
2018-03-27,126.7,129.9,126.5,129.3,831815
2018-03-28,128.2,135.4,125.9,129.4,1152071
2018-04-02,131.2,137.8,130.7,136.45,873862
2018-04-03,135.45,140.5,133.25,138.55,2764017
2018-04-04,139.5,141.7,135.55,136.15,1598217
2018-04-05,138.5,141.5,136.1,136.45,912618
2018-04-06,137.3,137.45,134.15,135.55,1187787
2018-04-09,136.3,140.2,136.0,137.5,893294
2018-04-10,138.85,138.9,134.4,135.05,1559293
2018-04-11,135.95,136.05,133.75,134.5,3184655
2018-04-12,135.0,136.8,132.55,133.1,1009965
2018-04-13,134.2,139.8,134.2,138.25,2309093
2018-04-16,138.3,142.75,138.3,140.05,1349458
2018-04-17,141.1,151.0,139.1,147.2,6773852
2018-04-18,148.3,155.3,148.0,152.55,10168995
2018-04-19,152.55,154.15,148.1,149.3,1936820
2018-04-20,149.9,150.9,145.8,146.9,1239435
2018-04-23,147.7,151.5,146.1,149.6,1530202
2018-04-24,150.0,156.0,148.35,149.75,2179623
2018-04-25,149.3,149.3,143.4,146.1,1331751
2018-04-26,145.95,152.0,145.0,146.8,1961391
2018-04-27,147.15,147.5,142.5,142.9,552598
2018-04-30,143.9,148.8,142.05,147.95,683362
2018-05-02,149.45,150.3,145.1,147.55,886786
2018-05-03,146.5,147.85,144.0,144.4,414398
2018-05-04,144.5,146.8,140.5,141.3,676939
2018-05-07,142.0,148.7,140.85,145.4,1522971
2018-05-08,146.5,147.85,143.55,144.15,516604
2018-05-09,144.15,145.85,142.0,142.5,1457808
2018-05-10,142.55,143.75,138.75,139.65,1182439
2018-05-11,140.55,141.55,137.4,139.5,849791
2018-05-14,140.2,141.7,135.0,135.85,476349
2018-05-15,136.9,140.0,134.0,135.55,334817
2018-05-16,136.8,136.8,134.0,136.3,286162
2018-05-17,136.9,140.8,136.4,139.3,852302
2018-05-18,138.75,140.0,134.7,137.9,1004404
2018-05-21,136.0,141.0,135.8,139.75,871741
2018-05-22,140.8,140.8,136.65,139.8,261028
2018-05-23,138.0,140.0,136.0,136.65,212872
2018-05-24,136.3,137.9,134.7,136.65,161773
2018-05-25,137.0,139.7,135.2,136.65,319989
2018-05-28,139.5,146.5,139.5,142.8,2716373
2018-05-29,143.5,148.8,143.0,146.3,2126601
2018-05-30,146.0,147.95,143.1,143.95,1002068
2018-05-31,144.5,145.15,141.4,141.95,1300553
2018-06-01,141.85,142.85,138.65,139.6,404474
2018-06-04,140.3,142.2,135.5,136.35,510225
2018-06-05,136.7,137.05,131.0,133.2,1035967
2018-06-06,134.15,135.55,131.55,134.0,1634816
2018-06-07,135.4,138.9,134.9,138.05,577166
2018-06-08,139.0,142.4,137.2,141.25,1070577
2018-06-11,140.75,143.95,137.8,138.5,644107
2018-06-12,138.45,139.65,137.5,138.15,784536
2018-06-13,138.05,140.85,135.55,135.95,1154247
2018-06-14,135.5,136.65,134.75,135.35,498992
2018-06-15,135.75,136.9,131.2,132.4,2142322
2018-06-18,132.05,135.5,130.95,134.8,577389
2018-06-19,134.45,134.45,132.45,133.4,310891
2018-06-20,133.7,137.15,133.05,133.4,654025
2018-06-21,134.0,135.05,131.2,133.5,1383027
2018-06-22,132.0,137.7,132.0,135.7,605525
2018-06-25,136.2,136.3,132.0,132.7,1181284
2018-06-26,133.0,133.4,131.3,133.05,355084
2018-06-27,133.65,133.65,128.15,131.05,659402
2018-06-28,130.9,130.9,127.55,128.1,1002376
2018-06-29,128.25,132.6,128.25,132.05,511207
2018-07-02,132.9,132.9,128.8,130.2,942667
2018-07-03,130.5,132.9,129.0,131.35,807438
2018-07-04,130.8,131.95,129.65,131.0,228510
2018-07-05,130.45,130.6,126.2,126.9,1116619
2018-07-06,126.65,128.75,125.55,127.15,1561840
2018-07-09,128.0,128.95,127.05,127.45,1267372
2018-07-10,128.2,129.45,126.0,127.45,647238
2018-07-11,127.5,129.9,126.6,128.1,389184
2018-07-12,128.9,129.3,126.15,126.85,517768
2018-07-13,126.85,127.15,124.4,126.05,598051
2018-07-16,126.5,126.5,123.9,125.45,685127
2018-07-17,125.45,130.35,124.55,129.35,459998
2018-07-18,129.0,129.7,127.0,128.9,1335742
2018-07-19,128.2,130.3,126.5,129.15,1234213
2018-07-20,129.95,129.95,125.15,128.0,1045352
2018-07-23,129.2,130.0,127.95,128.45,375223
2018-07-24,129.0,129.65,128.0,128.45,1155454
2018-07-25,128.15,132.9,128.15,130.65,685009
2018-07-26,130.8,132.25,129.1,129.35,368487
2018-07-27,130.0,130.3,129.0,129.75,158788
2018-07-30,130.9,133.0,129.0,132.75,607853
2018-07-31,132.65,134.4,131.9,133.0,2331842
2018-08-01,133.0,133.75,128.65,129.6,1275102
2018-08-02,129.8,131.7,128.25,128.85,372803
2018-08-03,129.3,130.5,127.8,130.1,558772
2018-08-06,129.55,131.7,129.55,130.0,629512
2018-08-07,130.0,130.55,125.55,126.6,1026315
2018-08-08,128.1,128.9,126.0,126.55,2461562
2018-08-09,126.9,129.0,124.75,128.1,1251386
2018-08-10,128.0,129.0,122.6,123.85,1365984
2018-08-13,124.0,128.4,122.1,125.95,979690
2018-08-14,126.0,127.3,123.8,125.05,1375060
2018-08-16,124.9,124.9,123.65,124.05,1616556
2018-08-17,125.15,132.0,124.0,127.45,9988903
2018-08-20,128.35,128.5,124.75,126.2,454881
2018-08-21,126.25,130.0,125.5,129.25,831442
2018-08-23,129.9,129.9,125.75,126.45,736510
2018-08-24,126.2,128.35,125.5,126.2,3474130
2018-08-27,126.5,127.35,125.95,126.35,2258020
2018-08-28,126.5,127.5,125.55,126.25,294474
2018-08-29,127.3,129.25,126.15,128.6,969446
2018-08-30,129.4,135.75,128.85,134.9,1179976
2018-08-31,134.9,138.4,133.15,137.25,692935
2018-09-03,138.25,139.5,133.45,136.35,519538
2018-09-04,137.0,137.0,130.1,131.1,909303
2018-09-05,129.55,132.15,127.8,128.45,254163
2018-09-06,129.0,129.45,126.55,127.65,2187739
2018-09-07,127.75,129.4,126.55,129.15,321618
2018-09-10,129.5,130.65,127.05,129.8,306571
2018-09-11,129.0,129.95,127.65,128.55,366405
2018-09-12,128.0,128.85,126.0,127.45,888873
2018-09-14,128.0,130.75,127.7,130.0,1382895
2018-09-17,129.5,130.9,126.3,129.8,458987
2018-09-18,130.2,130.2,127.55,128.95,625127
2018-09-19,128.5,129.9,127.35,128.8,663744
2018-09-21,128.2,130.4,122.0,127.1,1253555
2018-09-24,129.0,129.0,123.55,124.35,1159059
2018-09-25,124.05,126.45,123.25,125.45,1023725
2018-09-26,125.15,126.95,124.15,126.2,604045
2018-09-27,126.1,129.0,126.1,128.15,450449
2018-09-28,128.0,138.55,127.9,136.9,3487851
2018-10-01,139.7,139.8,127.6,128.6,2707987
2018-10-03,128.5,128.5,124.0,124.65,1082224
2018-10-04,123.5,124.75,121.65,123.5,842398
2018-10-05,123.0,125.75,122.35,124.6,1033378
2018-10-08,123.5,124.65,116.8,118.85,1410917
2018-10-09,119.6,121.8,109.3,118.7,712705
2018-10-10,121.0,123.75,119.0,120.35,428668
2018-10-11,119.0,125.9,117.0,123.1,622671
2018-10-12,124.1,126.4,121.95,125.2,971435
2018-10-15,126.5,127.75,125.5,126.9,366306
2018-10-16,126.0,127.75,123.55,124.0,309458
2018-10-17,125.5,126.8,124.8,125.45,563336
2018-10-19,124.9,126.0,121.25,122.25,604459
2018-10-22,123.0,128.95,120.45,128.25,1207307
2018-10-23,128.0,128.0,123.35,124.85,927921
2018-10-24,125.0,126.35,123.05,125.2,630421
2018-10-25,124.9,128.8,123.6,127.45,1027461
2018-10-26,128.3,129.45,125.25,128.6,750265
2018-10-29,127.3,127.9,125.45,126.85,1847840
2018-10-30,126.0,127.9,124.8,127.0,447578
2018-10-31,127.5,130.0,126.0,128.8,2230016
2018-11-01,128.05,132.0,128.0,130.8,653227
2018-11-02,131.95,135.25,130.3,131.05,473252
2018-11-05,130.5,134.35,130.1,131.85,424709
2018-11-06,132.4,132.6,129.8,130.6,161128
2018-11-07,132.25,132.5,130.0,131.55,37871
2018-11-09,131.9,134.6,130.25,131.95,242355
2018-11-12,132.9,132.9,130.0,130.6,444015
2018-11-13,130.9,132.4,130.2,131.25,230492
2018-11-14,133.5,133.5,130.0,131.05,610944
2018-11-15,131.0,132.5,129.85,131.25,362656
2018-11-16,131.05,136.5,131.05,135.7,719440
2018-11-19,136.5,138.8,132.3,134.2,621503
2018-11-20,133.5,135.4,132.95,134.75,373522
2018-11-21,134.5,135.0,133.85,134.9,131472
2018-11-22,136.4,143.0,136.4,138.9,4287867
2018-11-26,138.7,141.4,134.6,137.7,475047
2018-11-27,138.1,141.45,134.6,137.75,997243
2018-11-28,138.45,139.9,137.1,137.7,567611
2018-11-29,138.8,141.5,137.15,141.05,603609
2018-11-30,141.9,145.25,140.15,144.25,1512262
2018-12-03,144.25,144.95,141.0,141.95,435043
2018-12-04,141.95,144.0,140.0,143.65,240239
2018-12-05,141.75,148.35,141.0,146.7,825925
2018-12-06,145.7,147.85,143.2,146.8,432985
2018-12-07,147.85,147.85,142.95,144.05,241282
2018-12-10,143.0,144.8,139.05,140.35,408091
2018-12-11,138.5,145.9,138.0,144.7,881851
2018-12-12,145.8,152.3,145.4,151.1,1646902
2018-12-13,151.85,153.1,148.05,148.85,870572
2018-12-14,148.15,152.55,146.65,150.05,1297796
2018-12-17,149.0,149.55,145.6,147.05,1109063
2018-12-18,146.5,151.8,144.2,145.0,2248666
2018-12-19,145.8,149.95,145.25,148.9,912425
2018-12-20,147.05,149.0,145.5,145.9,472991
2018-12-21,146.7,149.1,145.5,146.8,602717
2018-12-24,147.4,147.4,144.35,146.05,330774
2018-12-26,146.05,148.9,144.7,147.6,330011
2018-12-27,149.3,150.95,146.35,147.6,2162683
2018-12-28,147.7,150.0,147.3,148.45,499901
2019-01-01,148.2,148.2,145.5,146.0,363842
2019-01-02,146.1,150.0,135.25,141.85,1035845
2019-01-03,141.8,146.65,141.5,144.5,777561
2019-01-04,144.55,149.8,142.0,143.0,1622039
2019-01-07,143.7,147.65,143.6,144.95,392266
2019-01-08,145.0,145.8,141.05,141.85,2001730
2019-01-09,143.25,144.45,141.15,141.75,1148010
2019-01-10,142.45,143.6,140.75,141.3,1309629
2019-01-11,142.25,142.75,139.8,140.55,201340
2019-01-14,140.9,141.7,138.5,139.8,750263
2019-01-15,140.2,140.95,137.7,138.95,846547
2019-01-16,139.3,140.5,136.4,139.8,487865
2019-01-17,140.4,141.75,136.5,137.35,1458260
2019-01-18,137.75,138.45,135.5,136.75,561297
2019-01-21,136.75,137.55,136.15,136.9,1102881
2019-01-22,136.5,137.7,134.15,137.0,2229089
2019-01-23,137.2,138.5,136.2,137.5,498158
2019-01-24,136.85,137.45,135.0,135.65,708564
2019-01-25,136.0,136.9,132.7,133.5,666303
2019-01-28,132.6,140.0,130.7,137.25,443645
2019-01-29,138.0,138.0,132.4,133.9,565060
2019-01-30,135.0,135.0,132.55,133.35,351636
2019-01-31,133.9,144.95,133.9,142.05,2531800
2019-02-01,142.25,145.65,142.25,143.75,1255454
2019-02-04,144.9,147.0,139.2,144.9,1057135
2019-02-05,144.8,145.45,139.45,143.0,800968
2019-02-06,142.1,143.85,138.1,141.7,1647464
2019-02-07,142.2,143.35,139.5,139.9,1162796
2019-02-08,140.45,140.75,136.05,137.2,697149
2019-02-11,137.05,138.6,135.0,135.35,626022
2019-02-12,136.2,139.0,134.5,135.85,732535
2019-02-13,141.95,141.95,138.25,140.5,2486308
2019-02-14,140.5,140.5,135.9,137.3,725817
2019-02-15,135.25,138.8,135.25,136.65,261439
2019-02-18,137.1,137.95,134.1,134.6,400318
2019-02-19,134.5,138.5,134.5,137.8,846006
2019-02-20,141.0,143.45,137.55,138.8,1867358
2019-02-21,140.65,144.7,139.2,142.45,1682867
2019-02-22,143.5,144.5,140.55,142.9,1583138
2019-02-25,143.5,145.4,141.6,142.15,521791
2019-02-26,141.0,142.0,139.35,139.85,497832
2019-02-27,140.05,141.45,136.3,136.95,2214985
2019-02-28,137.25,139.75,137.05,138.7,1528263
2019-03-01,139.0,139.9,137.0,138.25,610643
2019-03-05,138.05,140.55,137.2,138.95,3702891
2019-03-06,141.3,141.5,138.05,139.75,2433855
2019-03-07,140.6,143.2,138.35,142.2,2607465
2019-03-08,143.0,148.0,141.5,144.55,3885045
2019-03-11,145.15,146.5,143.5,144.15,4092360
2019-03-12,145.0,152.25,144.45,151.05,8831691
2019-03-13,151.7,156.45,151.7,153.95,3414121
2019-03-14,152.1,154.0,149.1,149.95,2029887
2019-03-15,150.1,151.85,148.05,149.15,1599045
2019-03-18,150.0,152.35,149.05,150.75,1274029
2019-03-19,152.5,152.5,148.7,149.65,549379
2019-03-20,149.3,150.4,147.25,147.95,1097242
2019-03-22,147.95,150.0,147.75,148.15,2521588
2019-03-25,147.0,149.55,146.05,148.25,3043153
2019-03-26,147.4,151.0,147.0,150.75,1405209
2019-03-27,150.2,153.0,148.9,151.25,1353282
2019-03-28,151.25,152.5,149.5,151.95,4098905
2019-03-29,152.0,156.0,149.2,154.9,2458138
2019-04-01,156.3,158.4,153.5,154.85,1537789
2019-04-02,156.6,159.4,154.35,157.55,2400549
2019-04-03,159.0,160.9,154.2,154.85,2649736
2019-04-04,154.55,155.8,152.15,153.85,1256209
2019-04-05,154.2,156.85,153.3,155.65,961105
2019-04-08,156.8,158.4,155.1,157.6,1107138
2019-04-09,157.85,157.85,150.25,152.25,934628
2019-04-10,155.0,155.9,152.35,152.75,858943
2019-04-11,152.9,153.45,150.9,151.85,632103
2019-04-12,152.95,152.95,150.6,151.2,655373
2019-04-15,151.5,154.8,151.0,153.3,1045496
2019-04-16,154.95,155.05,151.65,154.05,1628761
2019-04-18,154.8,155.8,150.35,153.35,1180720
2019-04-22,156.0,156.0,152.85,153.95,927415
2019-04-23,154.75,154.75,150.8,151.55,541423
2019-04-24,151.1,154.1,151.1,152.4,640909
2019-04-25,154.65,154.75,152.15,152.4,618990
2019-04-26,152.5,153.35,151.5,152.35,518040
2019-04-30,152.7,154.9,150.5,154.35,1034624
2019-05-02,157.0,161.0,152.1,153.0,3533693
2019-05-03,154.0,155.75,151.25,153.05,1310434
2019-05-06,151.8,153.35,150.15,152.7,404501
2019-05-07,153.3,153.3,150.25,150.75,755573
2019-05-08,150.25,151.0,146.2,147.2,559878
2019-05-09,147.2,149.0,145.55,147.75,463510
2019-05-10,148.0,148.9,146.0,146.6,210574
2019-05-13,146.8,146.9,141.4,143.3,693887
2019-05-14,143.55,145.0,142.2,143.85,200402
2019-05-15,144.7,144.7,141.5,143.75,264083
2019-05-16,142.55,143.85,140.9,141.95,776199
2019-05-17,141.0,151.5,140.1,143.05,2000551
2019-05-20,145.0,150.95,144.5,149.35,1826752
2019-05-21,149.35,150.3,148.3,149.0,579671
2019-05-22,147.4,149.0,147.0,148.35,280359
2019-05-23,152.3,152.3,147.0,148.4,753761
2019-05-24,148.25,152.0,148.25,151.5,914379
2019-05-27,154.0,154.95,152.35,152.8,1389215
2019-05-28,153.5,154.5,150.55,153.0,1048207
2019-05-29,153.45,153.75,149.0,149.55,342529
2019-05-30,149.7,152.5,148.0,151.6,961682
2019-05-31,151.6,158.3,151.0,157.15,2366324
2019-06-03,158.0,158.4,154.0,155.1,410171
2019-06-04,154.9,157.1,151.65,152.8,600737
2019-06-06,152.8,154.75,149.75,150.05,840723
2019-06-07,151.6,151.6,146.25,149.4,414015
2019-06-10,149.15,149.7,146.2,146.55,732815
2019-06-11,146.1,151.0,146.0,149.75,534736
2019-06-12,149.55,153.9,147.8,148.8,304267
2019-06-13,148.8,149.7,145.9,147.15,907904
2019-06-14,148.3,148.3,146.0,146.2,447676
2019-06-17,147.0,147.35,144.4,146.3,1235565
2019-06-18,145.9,149.15,145.7,148.35,463682
2019-06-19,148.0,149.4,146.3,147.0,608798
2019-06-20,146.35,150.55,146.35,149.9,1080230
2019-06-21,150.05,152.5,149.2,150.8,906360
2019-06-24,151.0,155.0,148.85,154.0,1513981
2019-06-25,154.05,159.5,152.55,158.8,1335700
2019-06-26,159.5,164.3,155.4,159.0,3460260
2019-06-27,158.5,161.6,157.0,158.35,1647739
2019-06-28,158.05,159.4,155.8,157.55,873951
2019-07-01,158.65,159.55,152.9,153.9,1080085
2019-07-02,154.65,155.9,152.05,152.95,605931
2019-07-03,153.0,154.5,151.3,152.0,997853
2019-07-04,151.65,152.95,151.45,152.15,249666
2019-07-05,153.2,153.2,150.05,150.45,718878
2019-07-08,150.0,150.5,145.3,147.85,497844
2019-07-09,146.5,151.5,146.5,147.75,957307
2019-07-10,148.6,149.9,147.3,148.3,545512
2019-07-11,149.1,150.45,147.8,149.0,1080114
2019-07-12,149.8,150.5,147.2,148.2,447655
2019-07-15,148.8,149.1,142.7,144.45,522073
2019-07-16,143.8,146.0,142.35,145.05,348229
2019-07-17,145.5,148.0,145.4,146.55,894145
2019-07-18,147.0,149.4,146.3,147.9,342317
2019-07-19,148.45,148.65,144.1,145.05,729550
2019-07-22,144.05,145.75,143.15,145.35,251336
2019-07-23,145.1,146.0,139.45,143.5,1574616
2019-07-24,144.35,148.75,142.55,147.95,908756
2019-07-25,148.0,149.85,144.4,145.45,391035
2019-07-26,146.2,146.35,143.5,144.2,290543
2019-07-29,144.2,145.5,138.95,139.55,412144
2019-07-30,139.0,144.4,138.85,143.85,631800
2019-07-31,142.1,144.0,140.0,143.3,877083
2019-08-01,142.45,143.75,139.5,140.7,262925
2019-08-02,140.3,141.0,137.0,137.9,573041
2019-08-05,137.4,138.0,131.8,135.4,327260
2019-08-06,137.9,142.2,136.3,141.3,2785582
2019-08-07,140.9,144.5,137.15,139.9,828907
2019-08-08,139.0,141.5,138.0,140.8,211901
2019-08-09,140.8,142.95,138.05,140.3,2007752
2019-08-13,139.1,139.8,134.6,136.4,635596
2019-08-14,136.4,137.75,132.15,134.7,2164074
2019-08-16,135.0,135.55,130.25,132.45,1515380
2019-08-19,133.5,136.35,129.8,135.0,878653
2019-08-20,135.95,135.95,130.95,131.65,931903
2019-08-21,131.55,132.4,127.25,129.35,2057246
2019-08-22,129.0,130.3,123.5,126.15,2602257
2019-08-23,125.0,136.6,121.3,135.95,1865418
2019-08-26,135.1,136.75,131.0,136.0,699302
2019-08-27,136.0,140.5,132.8,137.65,1090224
2019-08-28,136.0,139.8,136.0,138.55,587027
2019-08-29,137.2,139.8,134.4,138.9,619196
2019-08-30,138.9,140.0,136.05,139.0,277553
2019-09-03,137.1,138.8,134.0,134.35,370096
2019-09-04,134.0,135.05,132.25,133.0,125165
2019-09-05,133.7,135.1,128.1,132.0,546138
2019-09-06,132.4,133.75,131.55,132.85,262624
2019-09-09,133.5,135.55,133.1,134.95,173145
2019-09-11,134.9,136.55,133.0,134.7,263600
2019-09-12,134.7,135.85,133.5,134.45,208272
2019-09-13,134.9,135.3,131.55,132.75,461299
2019-09-16,133.3,135.25,132.05,132.85,345932
2019-09-17,133.0,133.1,129.55,130.05,694226
2019-09-18,134.75,136.4,131.8,134.1,2925597
2019-09-19,134.1,136.0,129.5,134.85,1248233
2019-09-20,138.0,150.95,135.5,149.05,3017123
2019-09-23,158.0,163.0,158.0,160.45,11727033
2019-09-24,161.25,161.25,152.35,159.85,3205251
2019-09-25,158.9,159.5,154.0,154.95,444146
2019-09-26,155.0,157.45,152.2,154.95,1097772
2019-09-27,155.55,156.6,151.5,154.45,532579
2019-09-30,154.0,161.9,150.0,159.8,1837554
2019-10-01,160.0,160.1,152.3,153.35,532635
2019-10-03,154.0,156.5,153.0,154.6,2963464
2019-10-04,155.9,159.0,153.2,156.05,2846231
2019-10-07,156.6,157.0,154.2,156.2,1340343
2019-10-09,156.4,158.8,152.65,154.05,2016860
2019-10-10,153.55,156.3,150.3,151.85,1719136
2019-10-11,152.35,153.8,149.2,150.65,1003177
2019-10-14,151.0,153.15,150.25,152.0,549640
2019-10-15,152.95,153.5,148.0,149.05,1028285
2019-10-16,149.55,149.95,146.3,149.0,1330935
2019-10-17,149.95,153.2,147.35,151.85,992660
2019-10-18,151.85,153.45,148.0,149.4,1353287
2019-10-22,149.8,153.2,148.15,152.3,926734
2019-10-23,152.4,155.0,149.8,150.4,990214
2019-10-24,151.0,152.15,149.4,151.35,840309
2019-10-25,152.15,152.25,149.5,150.85,776488
2019-10-27,153.3,153.8,151.0,152.15,139980
2019-10-29,152.75,154.7,150.75,151.25,920934
2019-10-30,152.4,153.5,149.3,150.0,1167865
2019-10-31,150.9,153.45,149.25,152.0,809168
2019-11-01,152.85,154.35,150.5,151.1,1124427
2019-11-04,150.8,153.65,150.8,152.55,1514268
2019-11-05,155.0,158.0,150.6,151.5,1516772
2019-11-06,151.35,152.15,149.5,151.3,615467
2019-11-07,151.9,152.0,150.25,150.85,267324
2019-11-08,150.4,151.25,149.0,149.35,265291
2019-11-11,149.0,150.5,144.6,146.55,703499
2019-11-13,151.0,157.9,148.5,155.9,4819293
2019-11-14,156.8,157.8,150.45,155.25,1764991
2019-11-15,155.0,157.9,152.2,154.65,839257
2019-11-18,154.6,155.4,152.5,154.35,326937
2019-11-19,155.0,155.1,150.7,153.3,1377273
2019-11-20,153.9,153.9,151.85,152.2,787051
2019-11-21,151.2,153.95,150.9,151.8,574226
2019-11-22,152.35,152.35,149.0,149.6,488918
2019-11-25,150.0,152.8,149.1,151.8,1575980
2019-11-26,152.8,153.0,146.5,148.1,1117541
2019-11-27,148.8,151.9,147.5,149.65,1014628
2019-11-28,150.0,151.3,148.15,148.75,535571
2019-11-29,148.95,151.75,147.4,149.4,989659
2019-12-02,149.0,149.8,148.0,148.8,598317
2019-12-03,148.8,150.2,148.2,148.65,384561
2019-12-04,149.0,149.4,147.75,148.65,886563
2019-12-05,150.0,151.0,147.2,148.15,567820
2019-12-06,148.95,149.4,146.2,148.35,778578
2019-12-09,148.35,151.3,147.2,148.15,541662
2019-12-10,148.05,148.9,145.5,146.65,425078
2019-12-11,147.0,147.7,138.3,146.45,3305428
2019-12-12,146.1,147.0,140.8,143.5,1101731
2019-12-13,144.0,147.9,143.3,146.65,1426877
2019-12-16,146.75,149.8,144.2,146.25,540664
2019-12-17,147.3,150.0,145.4,149.5,1208730
2019-12-18,150.15,150.15,144.3,145.2,1666489
2019-12-19,143.0,145.85,141.2,142.0,559636
2019-12-20,142.15,143.5,138.15,141.0,1620184
2019-12-23,140.3,144.8,139.3,143.65,1056867
2019-12-24,144.0,145.7,142.55,145.0,859359
2019-12-26,144.6,145.75,140.7,143.6,1163484
2019-12-27,144.0,149.75,143.1,148.7,1854091
2019-12-30,147.95,150.5,142.1,143.65,1726708
