date,open,high,low,close,volume
2009-03-05,104.95,104.95,97.6,98.4,276355
2009-03-06,99.95,100.5,96.2,99.6,194358
2009-03-09,100.45,100.45,96.0,96.9,339752
2009-03-12,97.5,97.5,95.1,95.65,744816
2009-03-13,96.65,103.25,95.5,101.75,1678004
2009-03-16,105.95,105.95,100.3,103.45,371444
2009-03-17,104.35,104.35,97.05,97.75,756641
2009-03-18,98.1,101.5,94.5,95.15,1393306
2009-03-19,97.0,97.0,92.0,93.95,766153
2009-03-20,93.5,95.9,92.25,94.75,509000
2009-03-23,96.0,98.85,94.5,97.95,1685745
2009-03-24,99.9,102.4,95.15,96.45,1201293
2009-03-25,96.0,103.75,95.0,102.75,2805840
2009-03-26,103.0,108.7,103.0,107.4,2864572
2009-03-27,107.95,111.35,104.6,110.3,2009713
2009-03-30,107.25,108.7,102.65,104.55,904435
2009-03-31,106.0,109.45,105.0,106.0,2730976
2009-04-01,107.85,108.8,106.0,106.55,1131584
2009-04-02,107.0,114.5,107.0,110.55,3988729
2009-04-06,114.4,116.45,107.55,110.45,758839
2009-04-08,107.6,113.0,105.0,112.2,935046
2009-04-09,114.4,117.5,110.7,115.0,2416346
2009-04-13,116.0,121.4,115.4,118.5,2317014
2009-04-15,115.8,136.9,115.8,130.2,5726197
2009-04-16,136.9,136.9,118.0,120.6,1925910
2009-04-17,121.0,128.85,117.05,121.4,1880528
2009-04-20,122.0,126.4,120.5,123.05,836648
2009-04-21,120.85,124.35,119.0,122.6,838031
2009-04-22,124.95,127.0,120.1,122.6,753999
2009-04-23,124.95,125.35,119.6,120.95,1257874
2009-04-24,122.9,125.85,120.25,124.5,1333580
2009-04-27,122.55,128.4,120.1,122.65,1854502
2009-04-28,123.95,124.5,115.0,116.25,1067164
2009-04-29,117.0,118.8,113.35,114.75,1583356
2009-05-04,117.5,119.65,116.1,118.15,986942
2009-05-05,116.0,121.1,115.25,117.0,1288438
2009-05-06,119.8,124.9,117.1,118.65,1363018
2009-05-07,124.65,124.8,120.7,122.35,1976544
2009-05-08,122.0,124.0,118.2,121.2,1019985
2009-05-11,122.5,122.5,109.1,110.45,1192881
2009-05-12,110.0,111.4,106.05,109.1,1592205
2009-05-13,110.0,114.15,109.0,110.1,2016741
2009-05-14,108.0,112.45,107.1,110.4,1768007
2009-05-15,112.9,116.0,111.25,114.9,2428699
2009-05-18,125.1,130.0,124.0,128.3,2170
2009-05-19,134.0,139.9,118.3,137.5,13738863
2009-05-20,137.1,147.9,137.1,143.5,4620574
2009-05-21,144.95,152.9,142.0,144.7,4300409
2009-05-22,145.0,150.0,138.95,147.9,1728989
2009-05-25,151.9,151.9,145.2,147.15,2481902
2009-05-26,145.7,152.65,140.1,141.5,3157106
2009-05-27,145.9,146.8,139.1,145.15,2348387
2009-05-28,146.9,147.9,142.05,142.7,3077883
2009-05-29,144.0,157.35,144.0,154.15,5223729
2009-06-01,155.6,162.9,154.5,159.3,6124719
2009-06-02,161.4,167.7,153.05,165.4,6459914
2009-06-03,168.2,168.25,158.5,165.4,4640846
2009-06-04,160.35,169.0,160.35,163.05,2685155
2009-06-05,166.0,170.85,161.15,163.85,3386947
2009-06-08,164.9,165.9,147.55,150.4,2085514
2009-06-09,150.0,161.7,150.0,160.25,3120959
2009-06-10,154.1,179.65,154.1,177.5,6300639
2009-06-11,180.0,180.0,162.55,164.55,4010652
2009-06-12,167.9,168.45,159.5,161.05,1308513
2009-06-15,161.9,163.9,147.65,159.35,805387
2009-06-16,157.0,163.25,155.1,160.5,1900606
2009-06-17,161.0,162.5,146.35,148.9,1295057
2009-06-18,148.0,150.8,135.65,139.9,2878145
2009-06-19,140.9,143.05,134.2,138.6,3875370
2009-06-22,138.0,142.9,135.55,136.95,1179896
2009-06-23,134.0,139.65,130.05,138.3,1216654
2009-06-24,139.5,141.5,137.25,140.7,1321202
2009-06-25,144.1,144.1,139.55,140.55,1652820
2009-06-26,142.1,147.2,139.55,146.15,1541221
2009-06-29,146.5,146.5,137.2,138.25,2371974
2009-06-30,140.0,143.0,129.05,131.0,1171447
2009-07-01,133.0,134.9,126.75,130.6,995934
2009-07-02,131.9,135.9,129.55,134.7,1486504
2009-07-03,133.35,139.9,131.0,137.7,1318740
2009-07-06,139.9,141.8,130.55,131.65,773610
2009-07-07,132.9,140.9,132.2,138.75,1205612
2009-07-08,138.0,147.5,132.0,140.35,3601184
2009-07-09,142.0,146.25,138.5,140.0,1560910
2009-07-10,140.0,144.25,131.6,134.5,918156
2009-07-13,133.0,134.85,122.4,129.75,1318966
2009-07-14,131.0,137.8,131.0,135.65,859195
2009-07-15,138.3,144.4,137.0,143.5,2285134
2009-07-16,145.8,147.6,140.6,141.8,1155699
2009-07-17,145.0,149.25,143.0,147.55,1416537
2009-07-20,149.1,153.8,144.65,152.5,2516893
2009-07-21,155.6,155.6,149.15,151.3,1736989
2009-07-22,154.0,154.7,137.8,138.75,4389686
2009-07-23,142.0,143.7,135.65,141.15,5636132
2009-07-24,142.5,146.25,140.9,142.25,4094022
2009-07-27,143.1,145.7,139.5,139.95,2221434
2009-07-28,141.9,141.9,137.3,138.65,3418664
2009-07-29,139.5,140.3,131.0,135.25,2134639
2009-07-30,134.1,142.0,133.2,139.7,3225995
2009-07-31,141.5,145.0,138.6,140.05,2821849
2009-08-03,140.75,144.2,137.8,143.6,2561079
2009-08-04,144.7,155.85,143.0,154.55,8001004
2009-08-05,155.8,155.8,149.1,152.05,4150114
2009-08-06,152.0,152.0,141.2,142.4,2949332
2009-08-07,139.0,147.15,138.5,140.65,4052982
2009-08-10,143.0,144.75,131.25,133.75,2865667
2009-08-11,134.0,136.7,130.55,134.45,1545938
2009-08-12,133.0,135.9,130.0,134.4,2138172
2009-08-13,135.9,138.7,135.9,137.4,1716335
2009-08-14,137.0,141.35,133.05,133.95,3003718
2009-08-17,130.05,134.2,130.05,131.35,2357456
2009-08-18,130.9,134.0,130.85,131.9,2034313
2009-08-19,133.0,133.65,126.0,126.85,1644666
2009-08-20,128.85,130.85,127.8,128.35,1210741
2009-08-21,127.0,130.45,127.0,128.7,1466832
2009-08-24,130.0,131.4,129.0,129.55,1716441
2009-08-25,129.95,131.0,127.75,128.35,1139665
2009-08-26,129.5,131.3,128.5,129.5,2058869
2009-08-27,129.0,132.5,129.0,129.55,2806121
2009-08-28,130.55,134.85,130.0,133.55,3125350
2009-08-31,132.4,135.5,131.55,134.4,2757699
2009-09-01,134.0,135.85,130.15,130.95,1150557
2009-09-02,129.9,131.8,128.5,129.2,1444867
2009-09-03,130.1,131.2,128.0,128.4,901089
2009-09-04,129.65,129.95,127.1,128.75,1460275
2009-09-07,130.5,130.9,129.1,130.05,1770347
2009-09-08,131.9,135.8,130.85,131.45,3268963
2009-09-09,134.0,134.0,130.55,131.9,2113739
2009-09-10,133.45,133.9,129.25,129.9,2392026
2009-09-11,130.4,131.2,124.7,125.2,3298552
2009-09-14,124.95,126.85,124.0,126.15,1126077
2009-09-15,127.0,127.55,125.2,125.5,1262906
2009-09-16,126.5,128.5,126.1,127.9,1241072
2009-09-17,130.05,131.8,129.15,130.1,2836180
2009-09-18,130.9,135.25,129.05,134.8,6100081
2009-09-22,135.7,137.7,133.15,133.7,4332645
2009-09-23,134.5,136.45,130.55,131.5,2497953
2009-09-24,130.0,134.9,129.5,133.75,3025148
2009-09-25,135.45,137.2,132.2,134.35,3268196
2009-09-29,136.4,136.9,132.9,135.25,2245624
2009-09-30,136.0,137.0,133.55,134.45,1426200
2009-10-01,134.95,136.9,132.4,135.2,2246575
2009-10-05,135.0,135.2,130.5,131.05,1223893
2009-10-06,132.25,132.85,125.8,128.8,1147510
2009-10-07,129.7,132.45,129.0,130.85,1579236
2009-10-08,131.9,131.9,129.4,130.6,983885
2009-10-09,131.2,131.7,129.0,129.3,526782
2009-10-12,129.05,129.3,126.5,127.25,1455033
2009-10-14,128.0,128.95,125.1,125.4,1728626
2009-10-15,127.0,127.25,123.2,123.5,2776944
2009-10-16,125.0,125.4,123.5,123.8,1381954
2009-10-17,123.8,125.0,123.8,124.75,240632
2009-10-20,125.5,125.9,123.1,124.2,1514528
2009-10-21,122.55,124.75,121.25,121.9,803603
2009-10-22,120.9,121.9,117.55,118.15,1528509
2009-10-23,119.05,120.9,117.85,118.4,1038474
2009-10-26,108.25,119.3,108.25,116.75,674338
2009-10-27,117.9,117.9,112.0,112.5,917785
2009-10-28,113.0,115.1,110.55,114.1,1497268
2009-10-29,112.1,115.85,110.5,113.15,2061999
2009-10-30,114.85,116.6,109.4,110.45,2243752
2009-11-03,108.4,110.45,96.8,98.15,2405428
2009-11-04,100.0,108.5,100.0,107.8,2410506
2009-11-05,107.5,107.5,102.65,104.55,1556903
2009-11-06,107.0,107.8,103.0,103.6,1232834
2009-11-09,103.95,104.95,102.05,104.45,1147491
2009-11-10,105.9,108.7,105.0,105.85,1905052
2009-11-11,106.4,107.5,105.35,107.05,699992
2009-11-12,107.4,109.75,105.55,106.0,1860521
2009-11-13,105.8,107.0,103.15,103.6,1399596
2009-11-16,104.5,105.45,103.7,104.15,1126644
2009-11-17,104.7,105.0,101.0,101.95,1298794
2009-11-18,102.2,102.6,100.5,100.95,1393419
2009-11-19,101.45,103.15,99.45,99.95,1343027
2009-11-20,98.5,102.7,98.0,102.15,1472961
2009-11-23,103.9,104.95,101.5,104.2,3466068
2009-11-24,105.2,106.2,103.15,105.0,2410744
2009-11-25,105.25,108.3,105.1,106.7,2072024
2009-11-26,107.95,113.9,107.4,112.35,9855265
2009-11-27,111.9,111.9,105.75,110.2,2688625
2009-11-30,111.9,113.0,111.1,111.65,1257293
2009-12-01,112.5,114.8,112.05,113.5,1854539
2009-12-02,114.0,115.6,113.0,114.85,1917375
2009-12-03,115.5,118.3,114.35,116.85,2831048
2009-12-04,115.8,119.0,115.2,116.05,1993309
2009-12-07,116.9,117.9,113.05,114.25,1247412
2009-12-08,113.2,116.0,113.2,115.45,998578
2009-12-09,115.0,115.45,113.2,113.95,953884
2009-12-10,114.0,117.6,114.0,116.8,2273901
2009-12-11,118.0,118.35,115.05,116.3,1790366
2009-12-14,116.8,121.2,116.8,120.4,2959629
2009-12-15,121.45,121.75,115.25,115.9,2094803
2009-12-16,115.2,117.3,113.8,116.6,1770623
2009-12-17,117.4,117.4,114.15,115.2,1121210
2009-12-18,115.0,117.0,114.5,116.2,1028150
2009-12-21,118.0,119.4,115.8,117.05,1704809
2009-12-22,117.5,120.35,116.65,117.4,1579794
2009-12-23,118.0,121.8,116.25,121.05,2677805
2009-12-24,121.0,122.45,118.5,119.35,1914513
2009-12-29,118.5,124.65,118.5,124.1,2742510
2009-12-30,124.5,125.5,121.75,123.1,2168054
2009-12-31,124.4,124.8,122.3,123.3,2258853
2010-01-04,123.3,126.25,122.95,125.8,2443759
2010-01-05,126.95,127.7,126.0,127.05,2245052
2010-01-06,128.0,128.0,125.25,127.35,2112781
2010-01-07,127.4,129.0,126.3,127.95,2083439
2010-01-08,128.4,129.5,127.65,128.1,1408322
2010-01-11,129.85,130.9,126.55,127.6,1772055
2010-01-12,128.0,128.65,123.35,124.1,1418945
2010-01-13,123.0,128.5,121.9,127.7,1876427
2010-01-14,129.9,131.45,128.1,128.6,3992690
2010-01-15,129.8,132.35,129.2,131.35,2966584
2010-01-18,131.0,131.5,128.3,128.9,1211389
2010-01-19,129.15,129.45,125.1,125.55,1027551
2010-01-20,126.0,127.2,123.2,124.1,927772
2010-01-21,123.0,124.2,119.05,119.6,927965
2010-01-22,116.25,119.4,115.0,118.25,758459
2010-01-25,117.0,118.9,112.0,113.4,2199735
2010-01-27,112.0,112.9,107.1,107.85,1643466
2010-01-28,108.7,110.3,107.3,108.2,1781689
2010-01-29,107.3,112.8,106.1,111.9,1166800
2010-02-01,110.6,115.3,110.0,113.25,749992
2010-02-02,115.0,116.75,112.05,112.85,943860
2010-02-03,114.5,118.9,114.0,118.5,1314197
2010-02-04,118.5,119.0,115.75,116.8,1369930
2010-02-05,113.25,113.5,110.45,112.0,1688682
2010-02-06,112.3,113.85,112.05,113.15,89370
2010-02-08,113.85,114.45,110.2,112.5,916820
2010-02-09,112.65,117.0,111.9,116.75,1174124
2010-02-10,117.9,122.25,115.2,119.8,1859750
2010-02-11,120.2,123.75,117.6,122.45,1204477
2010-02-15,122.9,125.45,122.35,122.9,958052
2010-02-16,123.5,125.75,120.5,124.85,777656
2010-02-17,125.5,126.4,122.1,123.95,1296032
2010-02-18,124.5,124.5,122.1,122.6,698711
2010-02-19,121.0,122.25,119.2,120.2,605913
2010-02-22,121.25,122.7,114.55,115.3,1070454
2010-02-23,115.95,117.5,113.5,116.65,565161
2010-02-24,113.2,116.65,113.2,116.35,638568
2010-02-25,117.0,117.3,113.6,116.5,500688
2010-02-26,117.5,119.4,116.1,117.65,489505
2010-03-02,119.9,122.15,116.4,120.9,829983
2010-03-03,121.7,126.4,120.25,125.6,1059037
2010-03-04,126.45,127.1,123.5,125.05,1766481
2010-03-05,126.25,129.4,125.25,126.8,1298180
2010-03-08,128.8,129.3,125.3,126.45,2144784
2010-03-09,127.1,127.15,120.5,120.95,1377950
2010-03-10,121.5,123.9,119.1,120.85,2627114
2010-03-11,122.45,122.9,120.15,121.5,625576
2010-03-12,121.9,122.45,119.6,120.5,443717
2010-03-15,121.0,123.15,119.6,122.0,650685
2010-03-16,122.6,122.7,120.2,122.35,423118
2010-03-17,122.3,125.0,122.15,124.45,1577338
2010-03-18,124.4,127.25,123.25,126.55,1219538
2010-03-19,126.7,129.4,125.5,127.55,1425978
2010-03-22,127.5,135.9,125.0,129.8,5234401
2010-03-23,131.0,134.8,130.65,132.95,3121233
2010-03-25,132.8,137.4,132.0,135.4,6842959
2010-03-26,136.2,136.75,132.45,132.8,1758060
2010-03-29,133.95,134.45,131.1,131.3,1963311
2010-03-30,132.0,133.5,130.8,131.55,1837662
2010-03-31,132.0,133.8,129.6,131.75,1959793
2010-04-01,132.0,134.9,132.0,134.3,1614007
2010-04-05,134.8,136.35,134.0,135.05,1077888
2010-04-06,134.5,136.0,133.4,133.9,1168330
2010-04-07,134.75,136.0,133.0,134.75,2621413
2010-04-08,134.0,140.65,134.0,137.3,3964978
2010-04-09,139.0,141.15,137.4,140.25,1943254
2010-04-12,140.0,143.25,140.0,142.4,2776103
2010-04-13,142.5,143.0,136.0,138.45,1897674
2010-04-15,139.7,139.7,135.5,136.2,641716
2010-04-16,139.4,139.4,134.4,134.85,495022
2010-04-19,133.9,134.0,131.15,131.95,574221
2010-04-20,132.5,136.95,132.5,136.05,794797
2010-04-21,133.05,141.0,133.05,140.0,1499065
2010-04-22,137.65,140.4,136.75,138.9,1030552
2010-04-23,139.25,140.25,134.1,134.95,851532
2010-04-26,136.1,139.7,132.2,133.1,1551705
2010-04-27,132.3,133.55,129.6,131.6,1185404
2010-04-28,128.65,131.9,127.1,130.25,1269640
2010-04-29,132.0,132.0,126.5,127.4,1821337
2010-04-30,128.9,129.5,124.0,125.55,2003594
2010-05-03,123.1,124.9,122.25,123.05,1135718
2010-05-04,123.25,123.9,118.55,120.25,1631552
2010-05-05,118.0,122.45,116.5,122.2,1049829
2010-05-06,121.0,122.9,117.95,119.35,413791
2010-05-07,115.9,118.7,115.55,116.9,1062873
2010-05-10,117.0,120.15,117.0,118.75,877458
2010-05-11,119.2,119.2,115.0,115.25,1209656
2010-05-12,114.25,116.2,112.95,115.0,985296
2010-05-13,116.9,117.0,114.6,116.6,575987
2010-05-14,116.7,118.35,114.05,115.2,509500
2010-05-17,114.75,115.45,108.3,114.95,827284
2010-05-18,114.75,116.95,113.7,116.15,348604
2010-05-19,114.15,115.9,113.05,113.85,405088
2010-05-20,115.5,115.5,111.15,112.05,406486
2010-05-21,109.0,115.0,107.2,109.25,1402956
2010-05-24,110.25,112.5,109.15,110.9,800867
2010-05-25,110.0,110.95,108.25,110.1,1222283
2010-05-26,110.3,112.7,106.75,110.65,591233
2010-05-27,110.1,110.75,107.2,109.5,1353618
2010-05-28,111.25,111.9,109.75,110.75,248103
2010-05-31,110.5,110.5,107.0,107.85,490354
2010-06-01,107.5,109.3,105.6,106.25,1530400
2010-06-02,107.0,108.4,105.5,107.65,872894
2010-06-03,110.0,110.5,108.2,110.05,779698
2010-06-04,110.85,114.1,109.5,113.45,1727642
2010-06-07,111.2,112.75,110.0,111.7,265956
2010-06-08,112.5,114.6,109.7,110.5,508093
2010-06-09,110.25,113.35,110.25,112.65,530200
2010-06-10,113.5,115.0,112.15,114.2,325144
2010-06-11,115.0,115.5,111.5,112.6,214118
2010-06-14,113.65,113.7,111.1,113.0,256225
2010-06-15,112.0,114.25,112.0,113.85,215993
2010-06-16,114.35,114.95,112.75,113.55,191526
2010-06-17,112.5,114.25,112.35,113.35,408616
2010-06-18,115.0,115.0,112.85,113.35,261132
2010-06-21,114.0,116.35,113.75,115.05,738886
2010-06-22,114.0,114.35,112.05,112.5,540455
2010-06-23,111.1,113.5,110.8,112.7,544885
2010-06-24,112.25,113.9,109.05,110.15,1454769
2010-06-25,110.15,110.75,107.8,108.35,515547
2010-06-28,109.0,109.2,107.8,108.5,595114
2010-06-29,107.6,109.6,107.25,108.3,972013
2010-06-30,105.35,108.3,101.9,107.85,1209567
2010-07-01,107.0,107.85,106.1,106.5,825192
2010-07-02,106.0,107.5,105.55,106.55,297441
2010-07-05,106.4,107.95,106.2,106.5,258015
2010-07-06,106.05,107.4,106.05,107.1,326086
2010-07-07,107.9,107.95,107.0,107.3,389003
2010-07-08,108.25,108.7,107.1,107.65,335074
2010-07-09,108.0,111.4,107.65,110.7,780783
2010-07-12,112.35,114.5,109.55,110.5,729079
2010-07-13,111.0,112.0,110.65,111.35,912955
2010-07-14,112.15,112.45,110.25,110.85,787347
2010-07-15,111.0,111.35,107.15,107.75,1079871
2010-07-16,108.0,110.2,107.75,108.0,795186
2010-07-19,109.0,109.35,107.5,108.05,328910
2010-07-20,110.95,110.95,107.15,107.75,1053322
2010-07-21,108.9,109.4,107.85,109.0,1198958
2010-07-22,109.5,110.7,107.75,107.95,2483064
2010-07-23,108.5,108.8,106.5,106.9,867229
2010-07-26,106.05,106.05,104.2,104.75,585594
2010-07-27,105.0,106.0,104.1,104.45,2166213
2010-07-28,105.0,105.4,104.85,105.0,696699
2010-07-29,105.0,106.6,104.3,105.2,2140074
2010-07-30,105.15,107.4,105.15,107.05,1337028
2010-08-02,107.0,108.45,103.4,105.05,2492181
2010-08-03,103.0,105.0,102.1,102.55,2643131
2010-08-04,102.25,105.7,101.4,105.0,2249258
2010-08-05,104.1,105.85,104.0,105.2,833101
2010-08-06,105.0,106.35,104.2,105.9,594843
2010-08-09,106.2,109.9,105.55,109.15,1388099
2010-08-10,110.0,110.7,107.25,108.35,712285
2010-08-11,108.55,109.9,105.9,106.25,1190718
2010-08-12,106.0,106.3,104.5,104.85,599097
2010-08-13,104.5,106.5,104.5,105.1,972106
2010-08-16,105.8,106.4,104.5,105.15,487685
2010-08-17,105.9,105.9,103.2,104.2,915977
2010-08-18,104.55,105.0,103.75,104.15,435685
2010-08-19,105.75,111.95,103.6,110.9,2897087
2010-08-20,112.0,113.15,109.35,110.9,2525985
2010-08-23,111.0,111.8,109.75,110.65,788311
2010-08-24,112.5,112.5,105.05,108.25,614410
2010-08-25,107.7,109.9,107.4,108.1,646429
2010-08-26,109.0,109.4,106.5,107.3,1271546
2010-08-27,107.05,109.4,106.55,107.3,540409
2010-08-30,108.9,108.9,106.35,107.05,1099324
2010-08-31,106.45,108.4,105.8,107.0,1026901
2010-09-01,107.85,109.0,106.7,107.45,1140278
2010-09-02,108.0,108.5,105.6,106.6,804846
2010-09-03,107.5,107.5,105.9,106.15,1129898
2010-09-06,106.5,107.1,105.8,106.0,1660041
2010-09-07,106.7,118.9,106.0,116.35,11580892
2010-09-08,118.0,118.0,112.0,113.55,3784789
2010-09-09,114.5,115.0,111.3,111.65,2280774
2010-09-13,112.2,114.4,111.75,113.35,1109689
2010-09-14,113.6,114.2,111.0,111.9,1133416
2010-09-15,111.8,113.2,109.6,110.15,1107274
2010-09-16,110.0,110.45,107.5,108.7,2050038
2010-09-17,108.6,114.95,108.5,114.1,6265500
2010-09-20,114.2,120.7,113.0,119.75,7032603
2010-09-21,120.0,120.45,114.05,118.65,2411830
2010-09-22,119.0,119.9,114.85,116.35,2029212
2010-09-23,116.4,117.1,113.65,115.2,1290150
2010-09-24,116.0,118.3,115.25,116.8,1434005
2010-09-27,118.1,120.25,115.5,116.0,1662970
2010-09-28,117.0,121.15,117.0,119.95,3449128
2010-09-29,121.0,123.0,117.75,118.25,2698595
2010-09-30,118.45,119.3,115.15,115.9,2996592
2010-10-01,117.8,119.25,117.2,118.45,1034667
2010-10-04,120.0,120.15,116.35,116.65,2434868
2010-10-05,116.0,120.0,98.0,118.15,2281155
2010-10-06,118.5,125.4,118.5,122.7,3628881
2010-10-07,123.5,124.4,118.25,120.1,2172106
2010-10-08,120.0,121.95,116.9,118.75,1698353
2010-10-11,120.95,121.85,118.25,118.9,1203060
2010-10-12,119.5,119.7,116.1,117.35,980528
2010-10-13,118.0,118.95,117.3,118.6,1222070
2010-10-14,119.45,119.85,117.0,117.4,672231
2010-10-15,118.0,118.25,112.9,113.4,1059652
2010-10-18,118.8,118.8,111.6,115.15,1449505
2010-10-19,116.95,116.95,113.75,114.15,902630
2010-10-20,113.5,114.3,111.1,111.75,989682
2010-10-21,112.7,115.0,111.25,114.45,1293491
2010-10-22,115.7,117.9,113.1,113.35,719151
2010-10-25,119.0,122.6,113.4,116.15,1545548
2010-10-26,116.55,117.55,115.0,115.95,775032
2010-10-27,115.85,116.8,114.0,114.4,662311
2010-10-28,117.5,119.45,110.15,111.45,2028935
2010-10-29,112.0,113.5,109.2,110.1,982148
2010-11-01,111.4,113.6,111.1,113.05,512978
2010-11-02,113.35,116.8,112.4,116.1,1473057
2010-11-03,118.4,120.1,117.5,118.75,1945987
2010-11-04,119.7,123.2,118.75,121.7,2620922
2010-11-05,122.9,123.8,121.1,122.3,404149
2010-11-08,122.0,126.45,120.25,124.6,3846294
2010-11-09,126.0,127.8,124.6,125.95,2262301
2010-11-10,125.0,125.9,123.35,123.65,703487
2010-11-11,124.0,127.0,118.15,119.85,1741617
2010-11-12,120.0,121.2,115.0,116.15,2347251
2010-11-15,115.0,117.75,111.5,116.8,1145038
2010-11-16,115.15,121.9,113.2,114.75,2003666
2010-11-18,116.0,117.35,111.3,115.6,1007117
2010-11-19,115.9,115.95,111.8,112.1,437364
2010-11-22,114.35,114.6,111.0,114.0,798871
2010-11-23,112.0,113.4,109.15,111.75,623118
2010-11-24,111.0,113.8,107.0,108.8,397094
2010-11-25,110.2,110.8,104.7,105.65,1142419
2010-11-26,106.25,106.5,94.7,102.0,2049727
2010-11-29,102.9,103.75,100.7,102.1,381573
2010-11-30,102.95,106.9,101.5,106.3,895485
2010-12-01,105.75,110.5,105.55,110.0,784653
2010-12-02,110.5,112.5,108.0,110.3,791619
2010-12-03,110.0,110.9,107.5,109.3,431881
2010-12-06,109.45,110.4,106.65,107.55,398841
2010-12-07,108.95,109.7,107.0,108.75,861274
2010-12-08,108.95,108.95,106.0,106.5,409753
2010-12-09,107.5,107.9,99.55,99.95,723780
2010-12-10,100.0,107.45,98.2,106.25,926498
2010-12-13,107.5,108.0,102.35,104.4,769463
2010-12-14,106.85,107.1,104.4,106.9,865636
2010-12-15,107.5,109.45,106.0,107.0,1127054
2010-12-16,106.45,107.45,104.55,105.5,707247
2010-12-20,105.9,108.0,105.3,107.75,426429
2010-12-21,108.0,109.85,105.0,105.2,866285
2010-12-22,106.0,106.45,103.35,104.7,295015
2010-12-23,105.0,105.85,104.2,104.65,173830
2010-12-24,104.5,105.5,103.7,104.9,181803
2010-12-27,105.0,106.5,105.0,106.0,346191
2010-12-28,105.95,107.45,105.6,106.15,355268
2010-12-29,106.5,107.4,106.0,106.4,212843
2010-12-30,106.05,106.4,104.1,104.7,640454
2011-01-03,109.0,109.9,108.2,109.35,690011
2011-01-04,110.3,112.7,109.05,111.0,990835
2011-01-05,112.1,112.75,109.3,109.95,566129
2011-01-06,110.45,110.85,105.6,106.45,570656
2011-01-07,106.0,106.9,101.6,102.9,783275
2011-01-10,103.0,103.9,101.6,103.1,1028424
2011-01-11,103.5,104.7,101.55,103.45,606126
2011-01-12,104.0,105.4,102.7,104.6,353271
2011-01-13,104.8,107.15,104.05,105.35,331870
2011-01-14,105.4,105.4,100.85,101.45,526178
2011-01-17,101.0,101.95,97.6,97.9,699992
2011-01-18,98.2,100.05,97.8,99.9,2075867
2011-01-19,100.9,101.0,98.5,99.3,320425
2011-01-20,99.2,99.7,97.05,97.6,369920
2011-01-21,98.05,99.65,97.3,98.9,387820
2011-01-24,99.0,99.95,98.35,98.75,264796
2011-01-25,99.0,100.7,98.5,99.05,746551
2011-01-27,98.55,101.0,98.55,99.65,2776592
2011-01-28,100.3,101.0,97.65,98.45,2604159
2011-01-31,98.3,99.9,96.35,99.0,2756362
2011-02-01,100.0,100.0,90.3,92.35,1405628
2011-02-02,92.0,93.5,86.75,88.2,5285741
2011-02-03,88.5,92.85,87.5,92.1,1984659
2011-02-04,91.6,92.7,87.8,88.75,800670
2011-02-07,89.3,91.0,88.2,89.55,526235
2011-02-08,89.0,89.55,87.0,87.25,624820
2011-02-09,86.2,89.0,86.2,87.15,1616875
2011-02-10,87.8,91.0,82.4,89.8,2287806
2011-02-11,89.5,90.45,87.0,89.95,1523728
2011-02-14,90.1,95.1,90.0,94.35,784822
2011-02-15,94.6,96.25,92.8,93.2,791767
2011-02-16,93.0,93.4,91.65,92.1,399614
2011-02-17,92.4,94.35,92.05,93.3,2156987
2011-02-18,95.75,95.75,92.15,92.9,1781171
2011-02-21,93.0,94.5,92.1,93.75,255435
2011-02-22,92.5,94.45,92.25,93.6,1072478
2011-02-23,93.35,94.25,92.65,93.4,510424
2011-02-24,92.5,94.0,85.5,87.35,1057195
2011-02-25,88.0,90.9,85.0,87.75,413198
2011-02-28,88.5,89.5,84.2,85.4,693634
2011-03-01,86.25,88.4,86.25,88.0,534037
2011-03-03,88.0,90.9,87.4,90.25,568270
2011-03-04,90.05,93.0,88.3,90.4,598174
2011-03-07,90.0,92.5,87.8,91.35,969444
2011-03-08,89.35,91.95,89.35,91.4,223567
2011-03-09,92.0,94.0,91.45,93.45,367166
2011-03-10,93.0,93.9,92.3,93.1,205223
2011-03-11,91.2,93.8,90.3,91.0,196943
2011-03-14,90.2,93.25,90.2,92.5,176682
2011-03-15,91.7,91.7,88.05,90.2,553003
2011-03-16,88.6,92.45,88.6,91.75,291739
2011-03-17,91.45,92.95,91.0,92.7,1916241
2011-03-18,92.5,93.45,90.6,91.65,492768
2011-03-21,91.35,92.0,90.05,91.4,403972
2011-03-22,91.4,94.15,90.5,92.0,1685173
2011-03-23,91.7,93.15,91.15,92.5,573105
2011-03-24,92.1,94.35,92.1,93.3,1431886
2011-03-25,93.75,95.3,93.4,94.4,1191250
2011-03-28,95.0,95.3,92.75,93.7,848608
2011-03-29,93.4,93.95,92.95,93.55,610139
2011-03-30,93.7,97.75,93.3,97.2,1522044
2011-03-31,98.25,98.6,94.55,95.6,1650422
2011-04-01,94.2,99.5,93.0,98.05,867481
2011-04-04,96.1,100.3,95.2,99.5,610246
2011-04-05,100.35,101.0,99.35,100.35,736173
2011-04-06,101.25,103.2,100.5,102.05,729753
2011-04-07,102.9,104.5,100.7,103.0,1686728
2011-04-08,104.05,104.4,99.3,100.15,574335
2011-04-11,99.95,100.85,98.8,99.3,156594
2011-04-13,99.25,102.1,98.15,101.3,955222
2011-04-15,102.4,102.7,99.0,99.3,572543
2011-04-18,99.1,101.4,98.65,99.05,1494518
2011-04-19,97.5,102.4,97.5,101.75,1107663
2011-04-20,103.2,103.25,100.9,101.55,803872
2011-04-21,101.2,105.1,101.2,102.35,2203017
2011-04-25,102.35,102.35,99.8,100.1,1221900
2011-04-26,100.8,103.85,100.15,102.8,768596
2011-04-27,103.0,104.4,99.6,99.9,1566680
2011-04-28,100.6,100.9,99.1,99.9,792249
2011-04-29,100.05,101.15,98.1,99.3,539563
2011-05-02,99.3,99.9,96.1,96.8,420659
2011-05-03,96.05,96.7,90.65,91.3,380195
2011-05-04,90.9,92.9,87.25,91.05,808188
2011-05-05,92.4,92.4,89.25,90.4,729988
2011-05-06,89.9,91.65,89.7,90.6,1012281
2011-05-09,91.0,92.4,90.05,90.75,525729
2011-05-10,90.8,91.65,90.35,91.1,256172
2011-05-11,91.45,91.5,90.4,90.5,146654
2011-05-12,90.5,90.95,88.2,88.55,371180
2011-05-13,88.6,90.0,88.1,88.45,748815
2011-05-16,88.75,89.55,87.0,87.35,332326
2011-05-17,88.1,88.6,83.25,83.95,527072
2011-05-18,84.6,85.4,84.0,84.4,564646
2011-05-19,84.9,85.1,83.85,84.35,256688
2011-05-20,84.05,85.45,84.05,84.75,232875
2011-05-23,84.7,84.85,82.25,83.8,674625
2011-05-24,83.5,84.8,83.1,84.25,261031
2011-05-25,84.0,84.8,83.75,84.05,387994
2011-05-26,84.65,85.0,81.1,81.6,823890
2011-05-27,81.1,84.4,81.1,83.8,739130
2011-05-30,87.0,87.65,83.15,83.95,1246648
2011-05-31,83.55,85.4,82.5,84.45,349679
2011-06-01,84.1,86.4,84.1,86.15,354106
2011-06-02,84.3,85.75,84.15,85.0,644274
2011-06-03,84.2,86.25,83.7,84.05,610527
2011-06-06,84.25,84.9,81.75,84.35,486976
2011-06-07,83.55,85.75,83.55,85.45,191521
2011-06-08,85.85,86.15,84.15,84.6,343422
2011-06-09,85.5,85.5,84.05,85.1,212192
2011-06-10,84.95,85.3,81.5,82.95,461268
2011-06-13,82.65,84.0,82.0,83.6,160869
2011-06-14,84.25,84.3,83.0,83.5,201480
2011-06-15,84.0,84.2,83.0,83.45,290254
2011-06-16,81.2,83.2,81.2,82.25,422870
2011-06-17,82.2,82.9,81.3,82.5,323452
2011-06-20,80.15,82.85,75.65,77.5,660965
2011-06-21,77.7,77.7,74.8,75.55,541186
2011-06-22,76.9,76.9,72.55,73.2,951221
2011-06-23,73.0,74.45,69.7,70.05,1811575
2011-06-24,70.0,70.7,66.6,68.55,5329386
2011-06-27,67.95,71.75,67.3,71.25,1792493
2011-06-28,72.0,72.5,70.35,70.75,1364980
2011-06-29,71.0,71.75,70.35,70.7,1065662
2011-06-30,71.75,71.75,70.3,71.0,806026
2011-07-01,71.15,73.4,71.1,72.65,798271
2011-07-04,73.0,74.9,72.1,72.3,792973
2011-07-05,72.8,74.0,71.85,73.4,511885
2011-07-06,73.25,73.95,72.2,73.3,683847
2011-07-07,73.45,75.6,72.9,75.25,752836
2011-07-08,75.1,75.8,74.0,74.4,801188
2011-07-11,74.0,74.4,72.4,72.7,765337
2011-07-12,72.7,72.7,71.1,72.3,676134
2011-07-13,72.95,73.35,72.35,73.0,292523
2011-07-14,72.45,75.1,72.4,74.45,654250
2011-07-15,74.5,75.55,72.7,73.2,934766
2011-07-18,73.05,73.9,71.2,72.3,632980
2011-07-19,71.7,73.7,71.1,73.4,431928
2011-07-20,73.05,74.05,72.0,72.25,300317
2011-07-21,71.45,72.3,71.15,71.4,318953
2011-07-22,71.5,73.45,71.5,72.7,298255
2011-07-25,73.25,74.1,72.05,73.3,371975
2011-07-26,73.8,73.9,71.35,71.45,456385
2011-07-27,71.95,72.3,70.65,71.85,281852
2011-07-28,71.15,72.7,70.3,71.05,890604
2011-07-29,71.05,71.5,69.2,69.7,419913
2011-08-01,69.8,71.0,68.6,69.15,315923
2011-08-02,69.8,69.8,67.1,67.65,743059
2011-08-03,67.15,68.7,65.25,67.9,1133976
2011-08-04,68.95,74.05,67.45,67.95,869111
2011-08-05,65.4,65.7,62.55,65.15,1267055
2011-08-08,63.05,66.3,62.1,65.1,513793
2011-08-09,62.9,67.35,62.05,65.65,488107
2011-08-10,66.05,68.5,66.05,68.0,1406124
2011-08-11,67.75,70.6,66.6,69.8,536978
2011-08-12,70.55,72.8,69.15,72.0,1190821
2011-08-16,71.95,73.0,67.05,67.5,1076589
2011-08-17,70.7,70.7,67.25,68.1,437985
2011-08-18,68.1,69.9,65.3,67.25,781275
2011-08-19,66.05,68.3,63.0,67.7,502381
2011-08-22,68.05,70.65,66.0,70.0,919928
2011-08-23,70.55,70.9,68.75,69.9,626006
2011-08-24,70.0,70.45,68.0,68.45,289567
2011-08-25,69.55,69.55,63.15,64.7,1559453
2011-08-26,64.4,66.0,62.05,62.95,500149
2011-08-29,63.55,65.85,63.55,64.95,922776
2011-08-30,65.35,67.2,64.8,67.0,461440
2011-09-02,68.35,69.0,65.7,66.85,1267914
2011-09-05,66.7,67.45,66.1,66.55,323138
2011-09-06,67.05,70.85,65.55,69.8,2308229
2011-09-07,70.85,73.35,70.0,72.35,2011966
2011-09-08,73.9,74.35,73.0,73.55,2464001
2011-09-09,73.5,74.25,69.15,69.75,1819273
2011-09-12,69.1,69.75,66.25,68.4,1480331
2011-09-13,69.2,74.15,68.85,71.1,1858975
2011-09-14,72.95,74.9,71.35,72.8,1990389
2011-09-15,72.8,73.9,71.6,73.3,660589
2011-09-16,73.45,73.65,68.55,69.0,1854504
2011-09-19,68.1,72.35,68.1,71.35,1051861
2011-09-20,71.65,73.5,71.6,72.2,794148
2011-09-21,72.55,76.95,71.5,76.35,1814090
2011-09-22,74.9,77.3,70.0,70.3,3090961
2011-09-23,69.05,73.4,68.2,71.4,2037814
2011-09-26,72.0,72.15,69.0,69.35,808608
2011-09-27,74.0,75.2,70.35,71.05,1000410
2011-09-28,71.9,71.9,68.9,69.3,947175
2011-09-29,68.6,73.7,68.5,72.9,2071943
2011-09-30,72.9,75.25,71.05,72.55,1064128
2011-10-03,72.05,72.05,69.5,69.95,494699
2011-10-04,70.0,72.0,68.1,69.15,728114
2011-10-05,69.9,71.8,69.4,70.25,668748
2011-10-07,72.65,73.0,69.7,71.45,748721
2011-10-10,72.05,72.65,70.5,72.4,528769
2011-10-11,73.05,74.4,72.45,73.8,1031633
2011-10-12,74.7,77.5,73.1,77.05,1960560
2011-10-13,73.25,78.2,73.25,76.35,2039781
2011-10-14,75.85,76.6,74.7,76.1,487171
2011-10-17,76.2,76.9,75.15,75.95,414964
2011-10-18,75.1,75.45,72.8,73.6,555133
2011-10-19,73.1,76.6,73.1,76.1,508165
2011-10-20,75.6,75.8,73.8,74.5,463304
2011-10-21,74.6,75.4,73.15,73.5,378297
2011-10-24,74.25,75.3,72.6,73.85,402673
2011-10-25,73.9,79.5,73.5,77.85,1424082
2011-10-26,78.8,81.0,77.75,79.45,317946
2011-10-28,84.75,84.75,80.0,82.4,2034117
2011-10-31,82.5,83.95,80.0,80.5,1289095
2011-11-01,80.5,81.6,78.15,78.8,707759
2011-11-02,78.1,79.85,77.3,78.9,568480
2011-11-03,78.85,80.8,78.8,80.15,1111621
2011-11-04,81.0,81.9,79.6,80.2,1085676
2011-11-08,81.0,81.75,79.65,80.0,595348
2011-11-09,80.8,80.8,77.15,77.8,474607
2011-11-11,77.5,78.3,75.6,77.2,579046
2011-11-14,79.0,79.8,75.0,75.35,1338568
2011-11-15,75.25,76.7,70.0,70.6,990814
2011-11-16,70.75,71.0,69.0,69.6,1082188
2011-11-17,68.2,70.55,67.0,67.65,414668
2011-11-18,66.0,70.5,65.65,69.5,615835
2011-11-21,67.75,69.25,67.5,68.4,609787
2011-11-22,68.8,70.8,67.6,69.8,407210
2011-11-23,68.6,69.6,67.1,68.75,753762
2011-11-24,69.0,71.4,67.65,70.3,1308218
2011-11-25,69.15,71.1,68.85,69.1,398665
2011-11-28,69.25,73.5,69.25,72.75,519112
2011-11-29,73.5,73.5,70.35,70.9,525248
2011-11-30,79.9,79.9,69.3,72.35,1179256
2011-12-01,73.9,75.25,71.9,73.3,429046
2011-12-02,72.7,75.9,72.35,75.55,755943
2011-12-05,74.25,75.65,74.0,74.65,351559
2011-12-07,74.2,76.8,74.2,75.6,731112
2011-12-08,75.05,75.6,72.3,72.8,336534
2011-12-09,72.3,74.75,70.15,73.9,391896
2011-12-12,74.5,74.95,70.55,71.05,287925
2011-12-13,70.6,72.4,69.55,71.2,734623
2011-12-14,71.9,72.3,70.75,71.15,405987
2011-12-15,70.3,71.8,68.85,70.6,375905
2011-12-16,70.95,72.4,67.25,68.25,362816
2011-12-19,67.95,68.9,67.1,68.3,905043
2011-12-20,68.5,69.25,65.4,65.95,1474920
2011-12-21,69.0,69.0,66.4,68.35,346847
2011-12-22,68.35,71.1,67.5,70.6,427140
2011-12-23,70.6,71.95,68.2,69.0,220672
2011-12-26,70.4,70.8,69.25,70.05,131791
2011-12-27,70.05,72.05,69.05,69.45,1213747
2011-12-28,69.65,70.3,69.05,69.7,372705
2011-12-29,69.7,71.05,65.5,67.0,1107566
2011-12-30,67.15,68.85,65.5,65.95,669009
2012-01-02,66.1,67.1,65.25,66.5,196500
2012-01-03,67.5,70.25,67.1,69.5,546046
2012-01-04,69.5,70.25,68.0,68.45,254543
2012-01-05,69.45,69.8,68.2,69.0,184760
2012-01-06,68.2,69.7,67.5,69.1,221046
2012-01-07,69.65,69.65,68.5,69.0,21551
2012-01-09,69.6,70.9,67.5,69.5,327679
2012-01-10,69.8,71.8,69.8,71.45,256198
2012-01-11,71.45,71.5,69.7,70.85,400086
2012-01-12,71.85,73.0,69.6,70.15,1056600
2012-01-13,70.15,72.15,69.9,70.75,888852
2012-01-16,69.8,70.95,69.3,69.6,339500
2012-01-17,69.9,73.45,69.9,72.2,1236013
2012-01-18,72.65,73.25,69.35,69.95,933660
2012-01-19,70.9,75.35,70.4,74.25,2100535
2012-01-20,75.5,77.75,74.05,75.75,2601730
2012-01-23,75.7,79.4,74.3,75.55,2314153
2012-01-24,76.7,79.1,75.45,78.25,940508
2012-01-25,78.45,82.5,78.25,81.35,1335798
2012-01-27,81.5,85.1,81.5,83.55,962396
2012-01-30,84.95,84.95,78.15,79.05,670852
2012-01-31,80.1,81.65,78.6,80.75,924637
2012-02-01,81.8,84.75,80.75,84.2,1459236
2012-02-02,84.65,88.5,82.95,87.95,1096467
2012-02-03,89.0,94.95,86.85,93.85,2555984
2012-02-06,94.0,99.55,92.2,94.05,5814840
2012-02-07,95.5,96.95,93.3,94.95,5893771
2012-02-08,95.8,96.95,94.15,96.0,3391224
2012-02-09,94.2,96.45,92.95,96.0,1777169
2012-02-10,96.0,96.5,92.6,94.0,1243051
2012-02-13,94.7,96.0,93.05,95.7,751614
2012-02-14,95.1,96.6,94.6,95.35,905390
2012-02-15,96.0,111.4,96.0,108.85,5578480
2012-02-16,112.0,112.0,103.65,104.75,2002810
2012-02-17,105.6,108.85,102.8,103.85,2721929
2012-02-21,103.85,107.7,103.15,104.15,3166762
2012-02-22,105.0,105.05,99.7,100.85,2005132
2012-02-23,100.3,104.25,97.55,99.3,2818819
2012-02-24,99.95,101.25,92.75,95.45,4581094
2012-02-27,94.45,94.9,88.0,89.55,1364333
2012-02-28,90.55,96.45,90.0,95.7,1279202
2012-02-29,98.0,101.8,96.45,100.85,1879206
2012-03-01,98.95,101.2,96.6,100.45,1175097
2012-03-02,100.5,102.75,99.05,100.35,1118336
2012-03-03,102.6,106.6,99.35,99.75,35683
2012-03-05,100.4,100.5,97.0,97.45,821893
2012-03-06,99.25,100.5,94.75,95.95,821174
2012-03-07,93.5,98.2,93.5,97.35,659791
2012-03-09,99.4,101.7,98.05,100.8,828383
2012-03-12,102.6,102.95,100.1,101.7,921724
2012-03-13,102.5,104.35,102.1,103.0,547620
2012-03-14,104.25,104.75,100.45,102.2,537312
2012-03-15,100.6,103.75,99.05,99.7,596378
2012-03-16,100.0,104.5,98.25,103.25,927694
2012-03-19,103.0,109.7,102.7,103.5,1729478
2012-03-20,103.8,107.85,103.35,106.35,1159177
2012-03-21,105.15,114.9,104.8,113.75,3717814
2012-03-22,114.05,117.0,109.5,112.05,4223879
2012-03-23,113.0,113.6,108.8,111.35,1728246
2012-03-26,111.2,111.55,107.45,108.25,1162708
2012-03-27,108.6,119.35,108.0,116.9,4131380
2012-03-28,115.9,119.0,113.25,117.5,3262848
2012-03-29,112.7,117.0,110.15,112.0,4387069
2012-03-30,113.9,114.95,110.9,111.45,4919040
2012-04-02,112.25,112.3,108.35,109.3,1944070
2012-04-03,109.5,111.0,108.0,108.7,1976086
2012-04-04,108.5,114.3,107.25,113.9,2953283
2012-04-09,112.25,113.05,107.8,108.65,1691041
2012-04-10,109.0,109.6,103.5,104.85,2204569
2012-04-11,103.3,103.3,95.5,96.55,4576244
2012-04-12,97.35,99.4,97.15,98.35,1759235
2012-04-13,99.25,100.75,97.05,97.5,1886347
2012-04-16,93.3,98.45,93.3,97.45,632778
2012-04-17,98.0,100.45,96.05,99.9,1402943
2012-04-18,100.65,103.3,100.1,101.75,2384380
2012-04-19,101.1,102.45,98.8,99.15,1190471
2012-04-20,97.25,98.0,95.1,95.45,1171897
2012-04-23,95.1,96.8,93.45,94.05,1168836
2012-04-24,95.4,95.9,90.55,91.2,1152995
2012-04-25,94.0,94.0,86.15,87.2,2317674
2012-04-26,89.0,89.0,84.7,85.3,2774162
2012-04-27,82.0,88.1,82.0,84.45,1916609
2012-04-28,86.4,86.4,84.1,85.25,83087
2012-04-30,85.25,87.0,83.4,84.75,1198962
2012-05-02,85.65,88.2,85.15,87.5,1244586
2012-05-03,86.1,88.3,85.1,86.0,870551
2012-05-04,84.5,86.75,83.2,84.45,1655508
2012-05-07,83.8,85.75,80.8,85.4,513355
2012-05-08,86.0,88.5,83.5,84.7,1735958
2012-05-09,84.0,85.15,82.05,84.05,1564621
2012-05-10,84.9,86.05,83.1,84.3,929346
2012-05-11,84.8,84.8,77.2,79.05,1957778
2012-05-14,79.95,80.35,77.3,78.45,524983
2012-05-15,78.55,81.75,77.7,80.25,616198
2012-05-16,79.7,79.7,76.5,78.0,506393
2012-05-17,79.0,80.0,78.2,79.2,323763
2012-05-18,79.2,80.5,76.1,76.9,985875
2012-05-21,76.1,76.75,74.4,74.8,1266844
2012-05-22,75.5,76.0,70.7,72.0,1458685
2012-05-23,71.45,74.75,71.1,74.35,1473047
2012-05-24,75.45,75.45,71.3,73.75,970837
2012-05-25,74.3,77.2,73.6,76.45,871274
2012-05-28,76.35,77.6,75.55,76.85,746885
2012-05-29,77.55,77.85,74.7,75.1,543654
2012-05-30,74.15,76.5,73.2,75.35,491704
2012-05-31,75.0,76.4,74.3,75.2,843710
2012-06-01,75.5,78.1,74.2,74.85,751515
2012-06-04,74.4,74.4,71.7,73.85,601937
2012-06-05,74.15,75.0,72.55,73.1,667486
2012-06-06,73.35,77.2,73.35,76.6,1455024
2012-06-07,77.3,78.4,75.25,76.35,946949
2012-06-08,75.45,75.45,70.55,72.7,3775609
2012-06-11,73.1,74.4,72.5,73.1,1435343
2012-06-12,72.8,76.35,71.25,75.85,983551
2012-06-13,75.95,80.2,75.8,79.8,1930620
2012-06-14,80.1,81.0,76.0,76.4,1064564
2012-06-15,77.15,81.9,76.9,81.35,1455929
2012-06-18,82.5,82.95,78.2,80.3,1418167
2012-06-19,79.55,81.9,77.05,80.85,1486469
2012-06-20,79.5,88.25,76.8,85.55,6764395
2012-06-21,85.5,85.5,82.2,83.2,1962842
2012-06-22,80.1,84.35,79.0,82.85,2162505
2012-06-25,83.2,85.3,82.45,83.3,1045407
2012-06-26,83.4,84.85,81.7,82.2,1161892
2012-06-27,82.5,83.7,82.3,82.5,337280
2012-06-28,82.75,84.45,82.2,84.1,691504
2012-06-29,84.75,87.9,84.55,86.95,1285551
2012-07-02,86.95,90.7,86.5,89.75,1219827
2012-07-03,91.95,91.95,87.75,88.4,1042801
2012-07-04,88.7,89.0,85.5,85.95,1107445
2012-07-05,86.0,88.8,85.65,86.35,1448167
2012-07-06,87.0,88.7,86.6,87.05,2058922
2012-07-09,86.6,86.6,82.3,82.7,1329147
2012-07-10,83.0,85.2,82.75,84.7,920888
2012-07-11,84.6,84.9,82.0,82.45,803351
2012-07-12,82.05,83.35,80.7,82.35,569208
2012-07-13,82.6,83.3,81.4,81.75,414000
2012-07-16,82.05,82.3,80.0,80.9,615798
2012-07-17,81.05,81.8,80.5,81.35,731942
2012-07-18,80.85,82.5,79.9,82.0,656956
2012-07-19,81.65,82.9,80.4,80.8,479037
2012-07-20,80.65,81.5,78.8,79.3,779600
2012-07-23,78.85,79.95,78.05,78.75,484889
2012-07-24,78.8,81.9,78.4,81.1,1115391
2012-07-25,81.2,83.2,80.5,81.8,1046577
2012-07-26,82.8,83.05,78.0,78.95,1166049
2012-07-27,79.8,82.4,78.25,78.85,1186170
2012-07-30,82.0,82.0,79.0,80.95,411359
2012-07-31,81.0,84.7,80.35,83.5,868668
2012-08-01,88.35,88.35,84.0,86.45,1276705
2012-08-02,87.1,87.2,84.3,85.2,882869
2012-08-03,84.95,87.6,84.0,86.95,882813
2012-08-06,87.5,87.5,84.5,84.85,1364746
2012-08-07,84.9,86.8,84.55,85.85,878389
2012-08-08,86.85,89.4,86.1,87.6,2282879
2012-08-09,87.8,88.2,84.75,85.55,631530
2012-08-10,85.7,86.1,84.0,85.6,373454
2012-08-13,86.15,86.5,82.9,85.2,2281410
2012-08-14,84.5,88.0,84.5,87.6,885924
2012-08-16,89.0,89.0,85.55,85.85,929152
2012-08-17,86.8,86.8,84.05,84.95,1560539
2012-08-21,85.45,87.5,85.2,87.0,1694133
2012-08-22,86.5,89.0,86.35,88.65,1745957
2012-08-23,90.0,92.8,89.0,91.55,2896262
2012-08-24,92.4,92.45,89.7,90.2,1464153
2012-08-27,90.8,90.85,87.0,87.7,570533
2012-08-28,87.95,87.95,84.35,85.7,424180
2012-08-29,84.75,87.5,82.7,84.6,407826
2012-08-30,84.3,88.0,83.8,87.8,1288714
2012-08-31,87.8,88.2,82.65,83.7,1318692
2012-09-03,84.05,85.15,82.85,84.55,430293
2012-09-04,84.8,84.8,83.4,84.05,715642
2012-09-05,83.35,83.7,80.15,80.9,775695
2012-09-06,80.0,81.65,77.55,81.0,2929486
2012-09-07,82.0,84.9,81.95,83.95,748743
2012-09-08,83.8,84.4,83.3,83.7,38874
2012-09-10,84.0,84.9,83.0,83.75,465358
2012-09-11,83.2,84.25,82.1,83.75,468627
2012-09-12,84.35,84.7,82.15,82.7,896404
2012-09-13,83.0,83.5,80.75,81.3,956233
2012-09-14,82.45,83.25,81.5,82.45,1388625
2012-09-17,83.4,83.9,82.25,82.95,763454
2012-09-18,85.25,86.65,83.15,84.95,1947838
2012-09-20,84.85,85.2,83.1,83.95,677435
2012-09-21,84.4,86.55,84.15,86.1,1763820
2012-09-24,85.05,88.8,85.05,86.75,1490470
2012-09-25,86.65,88.15,85.25,85.85,686999
2012-09-26,85.75,93.4,85.4,92.55,2992906
2012-09-27,93.7,97.0,93.0,96.4,4648756
2012-09-28,97.35,97.95,94.2,94.9,1867049
2012-10-01,95.45,99.8,94.9,97.45,3235839
2012-10-03,104.4,104.4,90.55,96.1,2398684
2012-10-04,96.6,98.15,94.55,95.15,1801101
2012-10-05,96.4,96.45,90.65,93.2,2256365
2012-10-08,93.5,93.95,90.3,90.75,1414234
2012-10-09,91.2,92.9,90.1,92.05,1992281
2012-10-10,91.85,94.6,90.45,92.9,2618228
2012-10-11,92.35,95.85,91.65,95.2,1472354
2012-10-12,95.95,103.15,95.2,101.1,5779593
2012-10-15,102.4,104.65,100.2,101.3,2967954
2012-10-16,102.7,103.5,98.85,99.3,2612800
2012-10-17,100.9,101.3,96.25,97.5,2006105
2012-10-18,97.95,102.45,97.55,101.8,3248616
2012-10-19,102.0,103.1,97.2,98.45,1907697
2012-10-22,99.0,99.0,96.5,97.3,1101259
2012-10-23,97.85,98.8,97.3,98.0,2425549
2012-10-25,98.8,99.45,97.0,98.15,2698578
2012-10-26,98.0,98.9,94.3,95.0,1117403
2012-10-29,95.15,99.3,93.5,98.95,2619202
2012-10-30,99.0,99.85,94.0,94.55,1476564
2012-10-31,94.7,96.05,93.6,95.6,761104
2012-11-01,95.3,97.1,95.25,96.3,645233
2012-11-02,96.7,98.9,96.7,97.8,896064
2012-11-05,97.75,98.85,94.5,97.5,2435225
2012-11-06,98.7,98.85,95.95,96.65,1690747
2012-11-07,96.4,97.55,92.35,92.8,2486652
2012-11-08,91.4,92.9,89.0,91.5,1712602
2012-11-09,91.1,92.95,85.45,88.6,1621286
2012-11-12,88.85,90.5,87.8,88.2,1289855
2012-11-13,88.5,89.2,88.2,88.5,176915
2012-11-15,88.0,88.0,85.2,86.1,1159891
2012-11-16,86.5,88.5,85.3,86.15,1480792
2012-11-19,86.25,86.5,83.75,84.25,1195412
2012-11-20,84.5,85.4,82.1,82.45,908712
2012-11-21,82.7,84.2,81.9,83.75,947429
2012-11-22,84.4,85.15,82.8,83.55,1281218
2012-11-23,83.6,84.5,82.2,82.9,562678
2012-11-26,83.0,84.5,82.9,83.6,1746858
2012-11-27,84.25,85.4,83.75,85.0,925852
2012-11-29,84.7,85.95,84.1,84.6,3403245
2012-11-30,85.05,86.2,84.45,85.8,1688917
2012-12-03,86.25,89.6,85.5,89.15,1733586
2012-12-04,90.0,90.9,88.1,88.5,1095426
2012-12-05,88.65,90.1,87.9,88.5,783223
2012-12-06,89.4,91.3,87.6,90.8,1191749
2012-12-07,83.8,92.4,83.8,91.0,1073517
2012-12-10,91.35,91.35,88.75,89.25,990686
2012-12-11,89.5,91.35,89.25,90.5,1432501
2012-12-12,90.8,91.3,89.3,89.95,589648
2012-12-13,90.5,90.65,87.0,87.65,792547
2012-12-14,86.0,88.7,86.0,88.35,872519
2012-12-17,88.7,89.8,88.0,88.5,622546
2012-12-18,88.95,89.8,87.8,88.8,1284003
2012-12-19,89.3,89.5,87.5,88.35,1036238
2012-12-20,88.35,89.25,87.25,87.7,730403
2012-12-21,87.7,88.0,85.55,86.2,2154790
2012-12-24,86.0,87.1,85.1,86.55,1468981
2012-12-26,86.55,88.85,86.5,87.5,1279237
2012-12-27,87.8,89.15,86.65,87.5,1973285
2012-12-28,87.9,88.95,87.9,88.6,1366621
2013-01-01,90.9,94.7,90.9,94.15,1830633
2013-01-02,94.95,95.1,91.65,92.1,1818244
2013-01-03,92.75,93.1,91.6,91.95,1954741
2013-01-04,90.75,92.65,89.0,91.6,878026
2013-01-07,91.8,92.2,89.6,90.0,864050
2013-01-08,89.3,92.25,89.3,91.95,901132
2013-01-09,91.25,92.75,88.7,89.45,510729
2013-01-10,88.5,90.5,86.45,87.25,1461179
2013-01-11,87.0,87.85,85.0,85.55,1291362
2013-01-14,85.8,87.8,84.2,87.5,627755
2013-01-15,87.45,89.1,87.45,88.2,752975
2013-01-16,88.05,90.0,85.85,86.25,1181195
2013-01-17,86.2,87.0,84.85,85.25,2951224
2013-01-18,85.05,85.95,84.1,85.35,4202884
2013-01-21,85.85,87.15,84.95,86.4,618146
2013-01-22,86.25,87.2,86.0,86.5,979886
2013-01-23,86.45,87.8,86.25,87.1,1196848
2013-01-24,86.9,87.85,85.75,86.3,1491479
2013-01-25,86.1,88.1,84.6,87.65,1279984
2013-01-28,88.0,89.25,87.15,88.8,507892
2013-01-29,88.8,88.9,86.25,86.55,1253260
2013-01-30,86.55,88.15,86.05,87.85,646830
2013-01-31,88.05,88.15,85.6,86.2,1585119
2013-02-01,86.3,88.45,86.3,87.8,536270
2013-02-04,88.15,88.4,86.55,87.05,383354
2013-02-05,87.05,87.05,85.5,86.0,1845635
2013-02-06,87.15,88.45,86.3,88.2,879508
2013-02-07,88.2,88.6,86.0,87.35,804051
2013-02-08,83.4,87.0,83.4,84.6,1121560
2013-02-11,84.55,85.05,82.6,83.25,1186981
2013-02-12,83.15,85.4,81.75,84.8,1481656
2013-02-13,84.8,85.25,81.8,82.3,2027869
2013-02-14,82.0,82.85,78.35,80.1,2073440
2013-02-15,80.1,83.95,79.4,83.4,1490877
2013-02-18,81.1,83.55,81.1,82.95,603044
2013-02-19,82.6,84.6,82.55,84.2,917038
2013-02-20,76.0,84.7,76.0,83.9,970036
2013-02-21,83.3,84.45,83.1,83.65,866958
2013-02-22,83.3,85.25,82.2,84.75,1076642
2013-02-25,84.9,85.7,83.6,85.15,1113341
2013-02-26,85.0,86.85,83.1,85.45,1198168
2013-02-27,85.05,86.65,83.55,86.05,1809455
2013-02-28,87.0,87.5,82.55,84.75,1989874
2013-03-01,84.4,84.6,82.05,83.9,1557333
2013-03-04,83.1,84.0,80.05,83.95,1537491
2013-03-05,83.95,85.75,83.05,84.9,590285
2013-03-06,84.9,85.85,83.8,84.0,773716
2013-03-07,84.1,84.45,83.35,84.0,1025158
2013-03-08,84.35,87.2,84.0,86.65,1204793
2013-03-11,82.1,87.4,79.25,85.8,751451
2013-03-12,85.8,86.5,83.95,84.9,1285839
2013-03-13,84.9,85.95,83.8,84.9,962908
2013-03-14,84.9,85.7,83.75,85.25,326105
2013-03-15,85.3,86.25,83.5,84.0,831470
2013-03-18,83.85,85.35,83.15,84.9,506151
2013-03-19,84.5,85.55,83.1,84.4,753868
2013-03-20,82.2,84.35,81.65,82.65,434589
2013-03-21,83.05,85.05,81.4,82.9,355180
2013-03-22,84.4,84.4,80.3,82.0,802522
2013-03-25,82.9,84.7,80.5,81.8,2469577
2013-03-26,81.15,84.2,81.15,83.85,1544790
2013-03-28,81.55,85.3,81.55,83.65,2295813
2013-04-01,84.85,85.5,83.5,85.2,199895
2013-04-02,84.0,85.8,82.65,85.1,314894
2013-04-03,85.15,85.5,82.55,83.05,264056
2013-04-04,82.0,82.9,79.85,80.35,752948
2013-04-05,80.0,82.5,78.4,81.9,1169602
2013-04-08,81.45,82.25,80.65,81.1,534227
2013-04-09,81.45,82.7,80.65,81.2,427840
2013-04-10,80.2,84.25,80.2,83.8,695762
2013-04-11,84.0,84.65,81.75,82.9,457598
2013-04-12,82.0,84.0,81.5,83.7,209433
2013-04-15,83.0,84.4,82.7,83.9,311534
2013-04-16,83.2,88.0,83.1,86.75,460995
2013-04-17,86.8,87.2,84.4,85.9,430172
2013-04-18,85.1,86.4,84.0,84.8,492739
2013-04-22,84.0,85.05,82.5,83.35,744566
2013-04-23,82.6,83.0,80.8,81.6,660632
2013-04-25,81.7,83.6,81.6,82.4,839148
2013-04-26,82.5,82.9,80.2,81.25,543000
2013-04-29,81.5,83.25,81.1,83.05,313037
2013-04-30,83.5,84.1,79.55,83.4,846015
2013-05-02,83.4,86.5,83.4,86.1,968895
2013-05-03,86.2,87.2,84.85,85.6,987821
2013-05-06,84.05,87.45,84.05,86.8,1026682
2013-05-07,87.25,88.85,85.4,88.4,1154115
2013-05-08,88.0,91.45,87.5,90.95,717002
2013-05-09,90.0,91.85,88.0,88.55,743424
2013-05-10,88.0,90.6,88.0,89.3,389330
2013-05-11,90.8,90.8,89.15,89.55,14673
2013-05-13,89.5,90.25,86.25,86.85,620698
2013-05-14,86.2,88.0,85.45,86.85,659049
2013-05-15,86.2,88.05,86.2,87.7,380422
2013-05-16,87.65,90.25,87.55,89.1,661176
2013-05-17,89.0,91.75,86.95,87.45,1065632
2013-05-20,86.05,88.6,84.85,86.6,1579556
2013-05-21,85.35,87.35,83.8,84.35,721227
2013-05-22,84.4,85.4,74.6,76.0,1887664
2013-05-23,74.0,77.7,72.2,72.6,2271648
2013-05-24,73.3,75.1,68.3,71.6,2527616
2013-05-27,71.6,71.95,69.3,70.3,3136656
2013-05-28,70.5,72.7,70.2,72.4,2694187
2013-05-29,72.0,72.5,69.75,70.15,944197
2013-05-30,70.5,70.5,67.6,68.65,1708564
2013-05-31,68.7,68.9,66.1,66.7,874450
2013-06-03,66.5,68.85,65.1,68.4,750086
2013-06-04,68.4,70.4,67.55,68.1,1179679
2013-06-05,68.05,68.05,65.0,65.3,1088662
2013-06-06,65.3,68.5,64.25,67.7,936838
2013-06-07,67.5,68.5,65.15,65.55,1295449
2013-06-10,65.7,66.6,63.45,63.9,553338
2013-06-11,64.0,64.0,62.15,62.5,502131
2013-06-12,62.2,63.05,61.65,62.65,495691
2013-06-13,62.1,64.25,60.4,63.0,945831
2013-06-14,62.55,64.4,60.85,63.7,1898899
2013-06-17,64.0,65.45,62.35,64.3,538898
2013-06-18,64.5,64.65,62.8,63.2,577894
2013-06-19,63.0,63.3,62.25,62.65,457542
2013-06-20,62.0,62.1,60.85,61.6,775513
2013-06-21,61.05,61.4,59.15,60.75,1314996
2013-06-24,60.95,61.1,57.9,58.45,792389
2013-06-25,58.45,59.15,56.65,57.6,1190860
2013-06-26,58.95,58.95,53.15,53.75,2826124
2013-06-27,54.0,56.5,52.3,55.75,1342106
2013-06-28,56.2,57.55,56.2,56.85,302200
2013-07-01,56.85,60.35,56.7,60.05,528431
2013-07-02,60.05,61.4,58.35,58.85,285066
2013-07-03,58.75,58.75,55.85,56.25,325723
2013-07-04,56.5,57.5,55.6,56.25,338019
2013-07-05,56.65,57.8,55.8,56.8,300770
2013-07-08,56.05,56.65,55.1,55.95,277123
2013-07-09,55.95,58.85,55.95,58.45,548366
2013-07-10,58.45,59.3,55.4,55.95,881236
2013-07-11,56.25,57.3,56.0,56.35,841344
2013-07-12,56.7,57.0,55.1,55.8,423331
2013-07-15,56.4,57.4,55.0,56.5,425414
2013-07-16,55.65,56.75,54.5,56.35,433910
2013-07-17,56.65,57.95,56.3,57.4,783104
2013-07-18,57.05,57.7,55.6,57.45,522338
2013-07-19,57.05,59.8,56.05,57.55,1138706
2013-07-22,56.8,59.0,56.5,58.0,722899
2013-07-23,57.6,58.3,56.15,56.25,894218
2013-07-24,55.85,56.05,52.5,53.35,1752154
2013-07-25,52.1,55.35,50.6,52.8,5776800
2013-07-26,52.8,54.0,50.1,53.55,1835557
2013-07-29,56.05,57.65,51.65,52.15,3419934
2013-07-30,52.0,52.5,49.0,49.9,1806943
2013-07-31,49.6,52.6,46.6,51.8,1708100
2013-08-01,51.9,52.55,47.0,49.05,1383672
2013-08-02,49.0,50.8,46.0,46.25,1407270
2013-08-05,46.0,49.0,44.8,46.4,774175
2013-08-06,46.0,46.3,44.05,45.45,1079261
2013-08-07,46.0,46.0,44.0,45.15,1433228
2013-08-08,45.05,45.95,44.1,45.0,854507
2013-08-12,45.0,45.65,43.05,44.3,2841562
2013-08-13,44.05,46.0,43.55,45.55,1485892
2013-08-14,45.4,48.8,45.1,48.4,2049022
2013-08-16,48.05,48.15,45.15,46.85,939568
2013-08-19,46.0,48.65,44.8,48.3,771049
2013-08-20,48.3,50.4,47.6,50.05,1060460
2013-08-21,52.0,52.0,47.0,48.8,823520
2013-08-22,50.0,50.95,46.9,50.6,799559
2013-08-23,51.85,51.85,48.0,49.35,919802
2013-08-26,49.1,50.1,47.65,48.9,1311410
2013-08-27,49.6,49.6,46.75,47.15,668532
2013-08-28,46.75,46.75,43.55,44.55,1150000
2013-08-29,44.15,45.6,43.25,44.1,2940447
2013-08-30,44.1,46.4,44.1,46.05,1170132
2013-09-02,45.35,48.55,45.35,48.25,686007
2013-09-03,48.0,49.5,46.2,47.5,1424102
2013-09-04,47.3,49.5,46.55,49.05,897942
2013-09-05,49.65,50.6,48.1,49.3,1275312
2013-09-06,48.1,50.35,47.15,49.35,1113754
2013-09-10,50.35,50.9,48.3,50.4,1379027
2013-09-11,48.1,50.45,47.1,49.85,1986773
2013-09-12,49.65,54.8,48.3,48.9,1328990
2013-09-13,49.4,50.3,48.55,49.7,1153999
2013-09-16,49.65,51.6,47.1,47.45,748080
2013-09-17,47.5,49.1,47.3,48.7,674515
2013-09-18,49.55,50.1,48.65,49.3,738990
2013-09-19,50.0,52.9,49.1,52.25,1562579
2013-09-20,52.0,52.5,49.35,51.75,1042350
2013-09-23,51.0,52.35,50.25,50.55,535351
2013-09-24,51.5,52.5,50.15,50.6,1021773
2013-09-25,50.8,51.35,50.25,50.5,1768897
2013-09-26,50.5,51.4,49.0,50.4,3100373
2013-09-27,50.4,51.7,50.35,50.55,315977
2013-09-30,51.8,51.8,50.4,50.85,583790
2013-10-01,51.1,51.4,50.1,50.5,249115
2013-10-03,50.45,53.5,50.45,53.2,882678
2013-10-04,53.6,53.6,51.3,51.55,716990
2013-10-07,51.6,51.9,50.7,50.95,372142
2013-10-08,52.0,52.1,51.25,51.75,533006
2013-10-09,52.05,52.4,51.2,52.1,1466575
2013-10-10,52.0,52.6,50.7,50.95,1732765
2013-10-11,51.1,51.7,50.7,51.0,571969
2013-10-14,51.15,51.9,50.5,51.35,1437929
2013-10-15,51.1,51.75,49.9,50.15,995963
2013-10-17,50.15,50.65,48.8,49.1,1384825
2013-10-18,49.15,49.4,47.1,48.6,2529234
2013-10-21,49.1,49.35,47.6,47.7,3073008
2013-10-22,48.2,48.4,47.3,47.55,2307127
2013-10-23,47.6,47.85,46.3,46.75,2274570
2013-10-24,46.75,48.95,46.75,47.7,1868866
2013-10-25,48.4,48.45,47.45,47.55,777668
2013-10-28,47.6,48.45,46.8,47.0,698175
2013-10-29,47.6,48.1,46.65,47.75,663602
2013-10-30,47.75,48.75,47.6,48.2,763633
2013-10-31,46.4,50.4,46.4,49.65,1321611
2013-11-01,50.65,51.3,49.6,50.95,811100
2013-11-03,51.0,51.8,51.0,51.35,168232
2013-11-05,49.55,56.15,49.55,55.0,1949780
2013-11-06,54.95,59.7,54.95,55.85,4370238
2013-11-07,55.5,57.0,52.2,52.75,3233146
2013-11-08,51.7,53.5,50.5,50.9,2418172
2013-11-11,51.1,59.8,49.8,57.3,6620165
2013-11-12,57.55,59.7,55.4,56.9,3262835
2013-11-13,57.0,57.65,54.6,55.05,1515045
2013-11-14,55.75,57.8,54.75,55.7,1083284
2013-11-18,56.4,59.0,56.1,58.0,2182069
2013-11-19,57.7,58.65,56.15,57.9,1083901
2013-11-20,57.2,59.2,56.65,57.25,1363473
2013-11-21,57.35,60.9,56.4,57.95,4427759
2013-11-22,58.75,62.5,58.5,59.4,5406154
2013-11-25,59.65,61.35,58.55,59.4,2539973
2013-11-26,59.35,61.0,58.7,59.25,2331901
2013-11-27,59.3,59.9,57.6,58.3,1175991
2013-11-28,58.85,59.5,58.1,58.45,2815195
2013-11-29,58.85,61.3,58.55,60.15,2607428
2013-12-02,60.5,61.4,59.0,59.55,1952122
2013-12-03,59.55,60.8,58.5,58.8,1593401
2013-12-04,58.9,59.1,57.15,57.45,767830
2013-12-05,58.4,59.05,57.2,57.6,716672
2013-12-06,57.35,58.8,57.0,58.1,739278
2013-12-09,59.4,62.05,58.3,61.35,2447902
2013-12-10,62.0,63.45,60.0,61.05,4523586
2013-12-11,61.0,61.9,59.85,60.85,1447380
2013-12-12,59.25,60.4,59.15,59.45,1021865
2013-12-13,58.85,60.45,57.8,58.0,1362748
2013-12-16,57.05,58.1,56.5,57.35,1279986
2013-12-17,57.65,57.85,55.1,55.6,1059026
2013-12-18,55.6,57.4,55.1,56.7,868403
2013-12-19,56.3,57.4,55.85,56.55,681081
2013-12-20,56.3,58.1,56.3,57.65,1441987
2013-12-23,57.95,59.8,57.55,59.0,1122731
2013-12-24,58.75,60.6,58.75,59.9,1167101
2013-12-26,60.0,61.25,59.8,60.2,1842387
2013-12-27,59.95,62.0,59.9,61.15,1418048
2013-12-30,61.8,61.85,59.15,59.35,759220
2013-12-31,59.5,61.0,59.3,60.15,1413007
2014-01-01,60.4,62.35,59.9,61.9,1441330
2014-01-02,62.6,63.35,58.2,58.5,2112922
2014-01-03,58.55,59.45,57.75,59.05,937173
2014-01-06,59.4,59.45,58.25,59.25,788719
2014-01-07,59.55,60.35,58.5,59.1,823070
2014-01-08,59.35,59.7,57.85,58.2,964313
2014-01-09,58.35,58.75,56.7,57.15,569794
2014-01-10,57.0,58.1,55.05,55.5,704276
2014-01-13,55.0,56.95,54.7,55.3,3236787
2014-01-14,55.6,56.3,55.15,55.3,461156
2014-01-15,55.65,56.3,55.5,55.95,468711
2014-01-16,56.25,56.85,55.55,55.9,553968
2014-01-17,56.2,56.5,54.15,54.45,610836
2014-01-20,54.75,54.95,53.3,54.55,973339
2014-01-21,54.35,55.4,54.05,54.2,616757
2014-01-22,54.35,54.45,53.5,54.05,356632
2014-01-23,54.0,54.65,53.75,54.05,375919
2014-01-24,54.05,54.05,51.65,52.2,903427
2014-01-27,52.0,52.0,50.05,50.35,670351
2014-01-28,50.1,51.35,49.1,49.85,886322
2014-01-29,50.1,50.55,47.05,47.5,1080028
2014-01-30,47.0,52.2,45.85,51.4,5873544
2014-01-31,50.6,54.2,49.55,53.75,2608076
2014-02-03,53.95,53.95,51.5,51.7,915153
2014-02-04,51.0,52.4,50.15,52.2,950012
2014-02-05,52.0,52.6,51.45,51.9,268395
2014-02-06,51.65,52.4,50.65,50.95,391173
2014-02-07,51.45,55.0,51.1,54.6,2007433
2014-02-10,54.2,55.15,52.3,53.1,2536041
2014-02-11,52.8,53.4,51.25,51.55,795486
2014-02-12,52.25,52.25,50.8,51.15,453901
2014-02-13,50.6,51.6,48.9,49.1,596024
2014-02-14,49.6,49.8,48.25,49.05,621616
2014-02-17,48.65,49.7,48.15,48.8,316561
2014-02-18,48.35,50.3,48.35,49.8,513788
2014-02-19,49.3,50.5,49.3,49.85,415220
2014-02-20,49.7,52.35,48.8,51.5,1322664
2014-02-21,51.7,55.75,51.4,55.2,3836038
2014-02-24,55.0,55.45,53.4,54.4,1934311
2014-02-25,54.4,56.65,54.25,56.1,1946488
2014-02-26,56.5,57.35,55.3,55.9,4536401
2014-02-28,56.0,56.8,54.55,55.55,2269996
2014-03-03,55.5,56.35,53.25,53.7,2072135
2014-03-04,53.35,55.3,52.5,55.0,2482592
2014-03-05,55.5,57.05,54.35,56.7,1564751
2014-03-06,56.8,57.35,56.1,57.05,2423167
2014-03-07,57.8,59.0,56.6,58.05,1518305
2014-03-10,57.2,58.75,57.1,57.95,1842564
2014-03-11,57.85,59.5,57.25,57.55,1982049
2014-03-12,58.0,58.0,56.5,57.05,708370
2014-03-13,57.6,59.1,55.8,56.15,904683
2014-03-14,56.4,56.7,53.75,54.4,1759011
2014-03-18,55.0,56.4,54.7,55.15,749495
2014-03-19,55.2,56.95,55.2,56.4,1449383
2014-03-20,56.4,56.9,54.05,54.3,742723
2014-03-21,54.9,55.45,54.4,54.9,585916
2014-03-22,54.2,55.1,54.2,54.8,43949
2014-03-24,54.6,56.0,54.6,55.75,518913
2014-03-25,55.3,56.5,54.0,54.4,1129306
2014-03-26,54.5,55.35,53.1,53.6,1874813
2014-03-27,53.85,55.4,52.4,55.05,4380027
2014-03-28,54.2,61.25,53.45,60.05,10226728
2014-03-31,60.15,62.2,59.1,60.85,3200099
2014-04-01,60.55,64.45,60.0,63.4,3851268
2014-04-02,63.65,64.9,63.0,64.05,1968294
2014-04-03,64.2,67.9,64.05,67.15,6779568
2014-04-04,66.95,67.5,65.2,65.6,1333507
2014-04-07,65.5,67.65,65.1,66.3,1128403
2014-04-09,67.3,67.9,66.2,67.1,1105389
2014-04-10,67.25,69.15,67.2,68.05,1657973
2014-04-11,67.1,73.9,66.45,71.9,3987524
2014-04-15,72.9,76.8,71.2,73.8,6476185
2014-04-16,72.8,74.3,66.55,67.05,4052699
2014-04-17,68.3,71.85,67.0,70.9,2147110
2014-04-21,71.6,72.8,71.15,71.7,949398
2014-04-22,72.45,74.0,71.7,73.4,1596481
2014-04-23,73.0,73.7,70.2,70.5,4593200
2014-04-25,71.0,71.7,68.35,70.6,1991561
2014-04-28,70.8,72.05,68.4,70.3,3320578
2014-04-29,69.15,72.8,69.15,70.35,2123734
2014-04-30,70.9,71.15,66.0,68.55,2211280
2014-05-02,69.1,69.7,67.35,68.1,762440
2014-05-05,68.9,69.4,66.8,67.65,1577358
2014-05-06,68.4,68.9,67.1,67.45,1229689
2014-05-07,67.65,68.95,67.05,68.6,1287882
2014-05-08,68.8,69.75,67.6,68.45,731479
2014-05-09,68.5,71.55,68.0,71.2,1055861
2014-05-12,71.2,72.75,70.2,71.05,1634255
2014-05-13,71.6,74.75,70.5,73.45,1884294
2014-05-14,74.4,78.9,74.4,78.5,2223953
2014-05-15,78.75,79.75,75.05,77.1,2300328
2014-05-16,77.15,83.0,77.15,80.15,2963772
2014-05-19,81.8,94.65,79.7,93.75,4251231
2014-05-20,95.0,96.15,90.15,91.05,3978996
2014-05-21,91.5,92.9,88.2,91.95,2683464
2014-05-22,92.0,105.7,90.45,100.2,6480723
2014-05-23,100.2,105.25,99.0,103.55,5721436
2014-05-26,104.0,110.0,93.3,98.9,8144224
2014-05-27,97.5,98.0,88.45,93.2,3740464
2014-05-28,93.75,98.05,91.05,96.65,2618803
2014-05-29,97.0,102.0,95.9,97.95,4315358
2014-05-30,98.0,102.6,98.0,99.85,3026029
2014-06-02,100.35,106.0,100.35,104.85,3464235
2014-06-03,105.85,108.75,104.6,107.0,4297474
2014-06-04,107.6,110.75,107.6,109.6,2663750
2014-06-05,110.95,119.6,110.6,116.95,5199565
2014-06-06,118.45,120.75,114.65,116.9,4392164
2014-06-09,117.2,130.8,117.2,129.1,11650618
2014-06-10,130.0,130.4,122.0,124.9,4428696
2014-06-11,125.6,126.5,121.4,123.05,3395824
2014-06-12,123.4,123.7,114.05,118.35,2334358
2014-06-13,119.0,122.8,110.75,118.3,5176911
2014-06-16,117.1,120.4,114.1,118.25,3140942
2014-06-17,117.9,121.8,115.8,119.9,5034256
2014-06-18,120.1,122.0,112.0,114.05,3186245
2014-06-19,115.65,117.6,110.85,111.8,2668376
2014-06-20,112.2,114.5,108.3,109.3,1992928
2014-06-23,109.15,115.9,107.6,114.85,2207969
2014-06-24,115.65,118.85,114.6,118.0,2583125
2014-06-25,118.0,120.4,117.15,118.1,2215259
2014-06-26,118.5,119.0,114.1,117.55,2473135
2014-06-27,117.0,119.45,112.25,114.85,1711148
2014-06-30,113.9,120.6,113.9,119.35,1550764
2014-07-01,120.85,122.5,118.05,118.7,2921413
2014-07-02,120.4,120.9,118.2,119.35,1619270
2014-07-03,120.15,120.15,113.75,116.05,1418162
2014-07-04,117.0,117.2,115.3,116.4,1437303
2014-07-07,117.0,117.0,113.1,114.05,1283586
2014-07-08,114.5,114.9,98.95,102.6,1686083
2014-07-09,103.3,105.2,97.65,100.3,3988922
2014-07-10,100.0,109.75,99.0,104.5,3143021
2014-07-11,105.4,106.0,98.1,99.7,1686453
2014-07-14,99.9,103.65,97.65,100.75,2020802
2014-07-15,101.35,107.2,101.1,106.8,4331227
2014-07-16,107.85,108.9,104.05,107.85,2761665
2014-07-17,107.7,110.3,105.75,108.85,2673482
2014-07-18,107.0,108.0,104.4,105.1,1708426
2014-07-21,106.05,109.2,105.2,107.5,1968124
2014-07-22,107.7,109.4,103.2,104.35,1521894
2014-07-23,104.8,105.65,100.55,102.05,1784127
2014-07-24,102.4,104.1,100.7,103.05,1662418
2014-07-25,103.35,103.35,95.55,99.1,2062931
2014-07-28,100.0,102.5,97.7,99.85,1407713
2014-07-30,100.6,104.5,99.85,103.95,1804757
2014-07-31,104.85,105.95,102.0,103.35,2955958
2014-08-01,102.25,106.65,100.5,102.3,2080774
2014-08-04,103.8,107.7,102.65,106.55,2140248
2014-08-05,107.0,109.0,105.2,108.55,2088100
2014-08-06,107.1,108.4,104.05,104.9,1841243
2014-08-07,105.25,108.8,103.0,107.7,4344165
2014-08-08,107.8,107.8,103.5,103.95,1499034
2014-08-11,107.5,107.5,103.1,104.6,938514
2014-08-12,104.9,110.15,104.9,109.6,3025703
2014-08-13,109.0,112.9,105.4,107.05,3395573
2014-08-14,107.9,114.15,107.0,113.1,2911708
2014-08-18,114.5,117.4,113.0,115.75,2319775
2014-08-19,116.2,118.4,115.9,117.35,2279043
2014-08-20,118.0,118.1,116.25,117.1,1426647
2014-08-21,117.85,117.85,112.55,114.55,2205684
2014-08-22,115.65,115.65,112.6,113.45,1605491
2014-08-25,114.1,117.7,110.35,111.65,3251286
2014-08-26,112.2,112.35,107.05,108.45,1400164
2014-08-27,108.45,114.4,108.15,113.85,2202110
2014-08-28,114.85,116.5,112.25,112.75,2480384
2014-09-01,113.45,116.6,113.05,115.85,1576315
2014-09-02,115.9,120.2,115.9,118.9,3100649
2014-09-03,119.5,119.9,116.2,117.7,1333055
2014-09-04,115.2,121.95,115.05,121.25,3398735
2014-09-05,121.95,124.2,120.25,121.85,4165580
2014-09-08,122.05,123.85,121.0,122.7,1487074
2014-09-09,123.0,125.2,122.0,124.75,2175389
2014-09-10,124.05,125.3,121.25,122.2,1733976
2014-09-11,123.45,123.45,121.5,122.85,1032792
2014-09-12,123.65,124.6,121.8,122.2,1110879
2014-09-15,121.6,121.95,117.6,119.05,1412907
2014-09-16,118.9,123.0,110.3,111.95,1627701
2014-09-17,112.3,114.45,108.15,112.6,1804957
2014-09-18,111.5,116.7,111.5,115.95,1089627
2014-09-19,116.0,132.9,114.15,126.95,7387970
2014-09-22,126.55,134.3,126.0,130.9,8110811
2014-09-23,131.0,132.65,120.65,121.75,4765384
2014-09-24,121.7,123.0,113.0,115.8,3002280
2014-09-25,116.75,116.75,107.1,108.1,3594365
2014-09-26,107.5,114.5,104.0,113.55,4226818
2014-09-29,113.8,117.1,112.5,114.55,2064974
2014-09-30,114.65,116.3,111.5,112.55,2909812
2014-10-01,111.7,115.95,111.45,113.25,2782153
2014-10-07,113.8,114.6,107.5,108.0,1748144
2014-10-08,107.8,108.55,104.45,107.65,1811571
2014-10-09,109.1,112.9,109.0,111.85,1797999
2014-10-10,110.75,111.55,108.0,108.5,1518906
2014-10-13,107.65,109.4,106.0,108.5,1819586
2014-10-14,109.0,109.8,105.0,105.4,2486525
2014-10-16,104.8,108.8,102.05,102.9,2719300
2014-10-17,105.0,105.25,100.6,103.65,2015805
2014-10-20,107.3,109.5,105.7,107.2,1740690
2014-10-21,108.5,111.3,107.5,108.65,2543165
2014-10-22,109.95,111.45,109.25,110.8,1899759
2014-10-23,111.7,111.7,110.35,111.3,328004
2014-10-27,112.0,113.9,106.8,107.3,1699381
2014-10-28,108.0,109.1,106.25,106.75,1414503
2014-10-29,108.45,108.5,104.2,105.2,3026531
2014-10-30,105.5,110.85,104.5,110.25,3802477
2014-10-31,110.9,112.35,109.75,111.55,1958168
2014-11-03,111.5,115.0,110.65,113.9,1585857
2014-11-05,114.7,115.95,110.0,110.45,1508965
2014-11-07,111.65,116.8,111.4,115.5,2534632
2014-11-10,116.3,116.35,107.65,108.6,1865684
2014-11-11,108.1,110.3,106.5,108.9,1429432
2014-11-12,110.1,112.6,107.7,108.4,4988514
2014-11-13,109.9,112.6,108.5,110.45,3792891
2014-11-14,111.0,111.4,107.1,108.9,3743917
2014-11-17,108.9,113.8,106.1,112.65,4544893
2014-11-18,113.5,113.95,110.6,111.25,2104811
2014-11-19,112.0,112.65,105.55,106.85,3125480
2014-11-20,106.85,108.95,104.25,105.15,2227438
2014-11-21,105.3,106.4,103.2,103.9,2104455
2014-11-24,105.55,106.4,103.95,104.25,1961508
2014-11-25,104.2,104.55,91.55,95.25,5147423
2014-11-26,95.0,97.7,94.05,95.1,1820167
2014-11-27,95.5,98.2,92.45,94.65,5757327
2014-11-28,94.0,97.65,92.85,96.45,2659208
2014-12-01,95.4,96.2,92.0,92.4,2119808
2014-12-02,91.5,94.5,91.0,94.05,3325476
2014-12-03,94.9,95.0,92.35,92.7,1242257
2014-12-04,93.0,94.3,92.5,93.2,880717
2014-12-05,93.75,96.65,92.65,94.1,1628166
2014-12-08,94.5,95.2,91.05,91.4,1272833
2014-12-09,90.5,91.8,84.2,85.6,3524957
2014-12-10,85.1,87.85,85.1,86.25,1929753
2014-12-11,86.0,86.35,82.8,83.4,1735856
2014-12-12,84.0,84.8,77.85,78.4,4064999
2014-12-15,77.8,83.45,70.6,79.2,5339812
2014-12-16,79.15,79.9,76.0,76.85,3336394
2014-12-17,76.6,78.0,73.15,73.8,2816758
2014-12-18,75.0,78.55,75.0,76.8,2136849
2014-12-19,78.9,78.9,73.05,74.15,3044536
2014-12-22,75.0,79.95,74.5,79.35,3249782
2014-12-23,79.0,82.35,78.0,80.3,3752329
2014-12-24,80.75,83.4,80.4,82.15,4498713
2014-12-26,83.35,84.0,81.25,83.4,1585676
2014-12-29,84.3,86.85,83.85,85.75,1922484
2014-12-30,86.25,86.85,83.35,84.35,1502312
2015-01-01,84.65,86.45,84.65,85.65,875337
2015-01-02,86.15,87.9,85.85,86.4,1512842
2015-01-05,86.5,89.1,86.25,87.2,1758116
2015-01-06,86.85,87.85,82.0,82.4,2112287
2015-01-07,82.5,84.9,80.35,84.3,1796706
2015-01-08,84.9,86.7,84.05,86.15,1117204
2015-01-09,86.75,87.8,82.85,83.7,1261436
2015-01-12,83.3,87.0,83.1,86.7,1357266
2015-01-13,86.9,92.0,85.9,89.7,4368836
2015-01-14,90.1,92.6,88.55,88.85,3100207
2015-01-15,91.0,99.6,89.05,97.0,4640932
2015-01-16,97.2,105.0,95.65,102.1,5876487
2015-01-19,102.7,104.0,98.85,99.6,4745519
2015-01-20,100.6,103.8,100.2,101.75,3173742
2015-01-21,102.6,103.45,98.15,102.55,2922375
2015-01-22,103.45,115.65,98.4,110.85,12958392
2015-01-23,111.0,112.0,106.0,107.8,5828305
2015-01-27,108.0,110.7,106.5,109.85,3068705
2015-01-28,109.0,112.55,107.1,109.7,2951905
2015-01-29,108.35,114.0,108.0,112.0,4219424
2015-01-30,112.0,113.0,106.5,107.5,2574593
2015-02-02,107.5,110.8,107.5,108.95,1723952
2015-02-03,109.3,110.3,102.85,104.7,2820754
2015-02-04,105.3,107.75,102.0,104.25,1844628
2015-02-05,104.9,106.35,94.0,96.25,2499242
2015-02-06,96.45,103.8,88.15,101.25,9003917
2015-02-09,100.3,104.55,96.0,98.0,3815232
2015-02-10,98.0,99.8,90.15,91.2,2391892
2015-02-11,92.2,96.0,92.2,95.15,2235423
2015-02-12,102.0,110.9,101.5,106.8,13464791
2015-02-13,107.45,107.9,101.5,102.0,2626899
2015-02-16,102.65,105.4,101.05,102.6,1947043
2015-02-18,103.1,106.4,101.35,104.6,2280634
2015-02-19,104.7,105.55,101.05,102.75,1882493
2015-02-20,102.9,104.95,101.7,102.2,1630022
2015-02-23,102.85,103.2,98.1,98.95,2551287
2015-02-24,98.85,101.8,98.85,100.6,2562157
2015-02-25,101.05,101.5,98.1,98.65,1367373
2015-02-26,99.15,100.85,96.05,97.3,4254219
2015-02-27,96.0,101.5,93.4,100.4,4785522
2015-02-28,101.4,102.9,97.25,99.75,2156224
2015-03-02,100.95,108.6,100.0,107.7,5990034
2015-03-03,108.95,109.8,106.0,107.2,2555174
2015-03-04,108.45,108.45,102.6,103.6,1723648
2015-03-05,104.0,104.25,100.4,102.25,2012432
2015-03-09,102.25,102.25,98.1,98.45,1725779
2015-03-10,99.15,100.65,98.15,99.15,1032536
2015-03-11,99.5,100.2,98.3,98.75,1017045
2015-03-12,99.5,100.8,99.0,99.4,1292100
2015-03-13,100.6,100.8,95.6,96.05,1346160
2015-03-16,96.25,96.4,93.7,94.05,1088810
2015-03-17,95.8,95.9,92.6,93.85,1698510
2015-03-18,94.5,95.4,93.65,94.6,1053338
2015-03-19,95.8,101.35,94.15,95.0,2639288
2015-03-20,94.9,96.55,91.75,92.2,1749482
2015-03-23,93.1,94.6,91.0,91.8,1414023
2015-03-24,92.4,93.45,91.3,92.0,1453515
2015-03-25,92.05,93.2,91.45,91.9,865702
2015-03-26,91.5,91.65,86.8,87.75,2586115
2015-03-27,88.8,89.9,82.2,84.2,2133220
2015-03-30,86.1,89.8,85.0,89.2,2002357
2015-03-31,89.95,89.95,85.5,86.15,2036251
2015-04-01,86.25,89.6,85.4,89.05,1973165
2015-04-06,88.75,91.75,88.3,91.4,1785347
2015-04-07,91.95,96.55,91.15,96.0,2707969
2015-04-08,96.8,103.4,95.5,100.55,4850297
2015-04-09,101.5,112.55,100.5,107.25,7208001
2015-04-10,107.25,111.15,106.0,108.15,3298046
2015-04-13,108.0,110.0,107.05,108.3,2410161
2015-04-15,108.3,111.15,104.0,104.8,2549553
2015-04-16,105.2,106.0,101.25,103.25,2101023
2015-04-17,103.4,104.1,99.25,100.1,2144017
2015-04-20,100.3,101.85,97.6,99.55,2299173
2015-04-21,100.5,102.15,99.2,100.55,2203706
2015-04-22,100.6,101.8,95.8,98.7,1631712
2015-04-23,99.35,101.0,98.1,98.8,1104286
2015-04-24,98.75,99.2,95.6,96.25,1552072
2015-04-27,97.0,97.0,87.2,88.0,2179862
2015-04-28,88.2,91.7,86.5,90.9,1826771
2015-04-29,91.3,93.0,88.8,89.85,1752254
2015-04-30,89.55,92.0,88.05,90.85,2481042
2015-05-04,91.8,94.6,91.55,94.2,1611005
2015-05-05,94.3,95.0,91.65,92.55,1495110
2015-05-06,92.7,93.0,86.3,88.15,3203023
2015-05-07,87.1,88.75,85.2,87.6,2361756
2015-05-08,88.7,91.95,88.6,91.05,1291338
2015-05-11,91.95,93.8,90.8,92.7,1378941
2015-05-12,93.4,93.4,86.25,86.85,1568805
2015-05-13,87.3,90.0,86.25,89.35,2130026
2015-05-14,89.4,91.4,89.0,90.6,1132199
2015-05-15,90.95,91.8,90.05,90.85,1114458
2015-05-18,91.6,92.7,90.85,91.75,1016024
2015-05-19,91.6,94.5,90.55,92.05,1429263
2015-05-20,92.1,94.5,91.8,92.4,1284867
2015-05-21,92.4,92.75,89.2,89.95,2080774
2015-05-22,90.5,90.6,88.3,88.65,1288195
2015-05-25,88.25,91.2,88.25,89.9,1402944
2015-05-26,90.4,90.4,88.25,88.85,776960
2015-05-27,88.75,91.75,88.1,90.45,2456108
2015-05-28,90.9,93.4,90.25,92.4,3019285
2015-05-29,92.9,95.75,91.3,91.75,7802363
2015-06-01,93.0,93.65,90.8,91.05,1613138
2015-06-02,91.9,91.9,85.55,86.2,1815241
2015-06-03,86.7,86.8,80.55,83.15,2671147
2015-06-04,83.5,84.7,81.65,82.35,2584626
2015-06-05,82.1,83.65,81.3,82.2,1560789
2015-06-08,82.95,82.95,77.3,77.85,2351549
2015-06-09,76.9,79.55,76.45,79.0,1841767
2015-06-10,79.55,81.4,78.95,79.75,1564646
2015-06-11,80.65,81.0,75.0,75.3,2652604
2015-06-12,76.2,77.4,74.75,76.6,1894679
2015-06-15,76.65,77.75,74.85,75.3,1305249
2015-06-16,74.9,78.8,74.55,77.85,1511430
2015-06-17,78.5,82.0,77.05,81.0,2927822
2015-06-18,81.85,82.5,80.9,81.4,1107521
2015-06-19,82.3,84.35,80.5,82.55,1930568
2015-06-22,82.85,84.7,82.05,84.0,1552925
2015-06-23,84.1,85.9,83.0,85.3,1767737
2015-06-24,85.25,86.05,84.15,84.4,1667348
2015-06-25,83.85,88.5,82.5,86.65,5963710
2015-06-26,90.5,97.2,89.8,94.35,20672854
2015-06-29,91.75,93.4,88.75,92.45,4967605
2015-06-30,91.9,95.5,91.9,94.25,3735044
2015-07-01,94.25,96.6,93.6,95.7,5025103
2015-07-02,96.05,97.9,94.8,97.3,3449416
2015-07-03,97.0,98.2,94.65,95.3,2620417
2015-07-06,93.3,98.5,93.3,97.9,5201205
2015-07-07,98.15,99.0,96.25,97.15,2129662
2015-07-08,96.25,96.6,91.3,93.1,3322250
2015-07-09,94.0,95.95,92.0,94.9,3458546
2015-07-10,94.9,95.85,93.8,94.75,1582400
2015-07-13,95.4,95.4,92.85,94.25,1728780
2015-07-14,94.0,94.4,88.15,90.7,14031223
2015-07-15,89.55,91.45,88.25,88.95,4105253
2015-07-16,88.45,88.8,87.05,88.05,2613430
2015-07-17,88.0,89.9,86.85,87.75,2880844
2015-07-20,88.15,88.4,84.9,87.4,5037107
2015-07-21,87.15,87.5,83.6,83.9,2515258
2015-07-22,83.1,86.0,83.1,85.05,2431979
2015-07-23,85.25,87.5,84.7,85.85,2667686
2015-07-24,86.0,86.45,83.7,84.55,1360251
2015-07-27,84.85,85.65,82.6,82.95,1615479
2015-07-28,84.3,84.4,82.4,82.7,1557034
2015-07-29,83.5,84.9,82.6,83.9,1956364
2015-07-30,84.05,87.2,84.05,86.3,5702057
2015-07-31,87.35,93.4,87.3,92.6,7192883
2015-08-03,93.0,93.6,91.15,91.75,1887992
2015-08-04,92.45,92.55,89.6,91.45,1605804
2015-08-05,92.1,93.9,91.55,92.45,1971410
2015-08-06,93.35,93.4,87.75,88.3,4096819
2015-08-07,87.65,89.0,87.05,87.75,1940354
2015-08-10,87.5,89.3,85.2,86.05,2883872
2015-08-11,85.65,86.0,83.1,83.6,1949103
2015-08-12,83.95,86.25,81.85,83.25,7362425
2015-08-13,85.1,85.8,80.4,81.3,3232733
2015-08-14,82.55,84.5,81.4,83.9,2661864
2015-08-17,84.2,84.5,82.0,82.8,1257014
2015-08-18,83.5,85.35,82.55,83.75,1444808
2015-08-19,83.5,85.95,82.85,84.35,2794326
2015-08-20,84.35,85.2,81.8,83.35,2862095
2015-08-21,82.5,83.45,80.0,82.2,1424133
2015-08-24,79.0,79.9,65.8,66.95,4527541
2015-08-25,69.0,71.45,63.7,69.3,6453458
2015-08-26,70.3,75.15,68.9,70.25,4406338
2015-08-27,73.0,73.9,71.45,72.6,7333288
2015-08-28,75.9,76.5,73.25,74.35,3969315
2015-08-31,74.0,75.45,72.2,72.55,1884890
2015-09-01,72.0,73.5,68.1,69.35,2751059
2015-09-02,70.5,71.4,68.65,70.65,2083604
2015-09-03,71.95,74.4,71.4,74.0,2164060
2015-09-04,74.05,74.55,68.0,69.8,3017617
2015-09-07,70.0,71.05,68.1,68.4,1486365
2015-09-08,68.75,70.8,67.5,69.75,2162672
2015-09-09,71.3,72.0,70.2,71.65,1921073
2015-09-10,70.4,72.0,69.25,71.45,1606195
2015-09-11,72.4,73.0,71.2,71.7,1424617
2015-09-14,72.25,73.3,71.6,73.0,1352163
2015-09-15,73.0,74.45,70.6,71.85,1809269
2015-09-16,72.9,72.9,71.1,72.2,979152
2015-09-18,73.2,75.85,72.7,74.25,1782669
2015-09-21,73.0,77.35,73.0,76.95,1711808
2015-09-22,77.2,77.85,73.35,74.2,1825337
2015-09-23,73.3,75.55,73.1,75.2,1041113
2015-09-24,75.3,75.5,73.35,73.95,2032178
2015-09-28,75.5,79.5,74.5,76.9,4584321
2015-09-29,76.0,79.2,73.5,77.3,3969457
2015-09-30,78.0,78.9,76.5,78.1,5642570
2015-10-01,79.25,82.9,78.7,82.45,6786947
2015-10-05,84.0,87.4,83.0,85.4,8074368
2015-10-06,86.55,88.85,84.3,85.05,5576216
2015-10-07,85.05,86.95,79.35,80.25,16483415
2015-10-08,78.0,79.45,76.65,78.65,13772599
2015-10-09,79.0,79.5,76.7,77.45,6276820
2015-10-12,78.2,78.7,76.25,77.8,3242974
2015-10-13,78.1,79.2,76.9,78.45,3383672
2015-10-14,78.65,81.95,77.35,81.0,5016945
2015-10-15,81.65,85.0,81.1,84.1,4594307
2015-10-16,84.6,85.2,82.1,83.5,2437979
2015-10-19,83.5,85.2,82.5,83.75,2035778
2015-10-20,83.65,85.85,82.8,83.35,2346659
2015-10-21,83.7,84.1,81.6,82.35,1425342
2015-10-23,83.5,83.5,80.6,80.95,2372093
2015-10-26,81.7,81.8,78.8,79.3,1337550
2015-10-27,79.15,81.05,78.85,80.65,1380546
2015-10-28,80.75,80.75,77.9,78.5,2518350
2015-10-29,78.7,82.0,78.1,80.9,5352016
2015-10-30,81.7,81.7,78.0,78.45,4000502
2015-11-02,78.8,84.6,76.0,83.55,15117822
2015-11-03,84.5,85.2,81.55,82.3,3982502
2015-11-04,82.95,83.5,81.2,81.7,1474110
2015-11-05,81.8,82.4,77.75,78.15,2636237
2015-11-06,78.8,79.65,76.6,78.65,2214267
2015-11-09,76.6,80.4,75.0,79.65,2058565
2015-11-10,79.6,79.8,76.8,77.05,1375728
2015-11-11,78.45,79.0,77.75,78.55,294807
2015-11-13,77.85,78.4,76.6,76.95,1128223
2015-11-16,77.2,79.5,76.7,79.0,1727203
2015-11-17,79.5,83.0,79.5,81.85,3163830
2015-11-18,81.8,82.5,78.55,78.9,1786876
2015-11-19,80.1,81.5,78.7,81.0,1557092
2015-11-20,81.55,82.85,80.4,81.75,3070648
2015-11-23,81.35,82.65,80.3,80.85,993762
2015-11-24,81.55,85.25,81.35,84.25,4947201
2015-11-26,84.4,88.9,83.85,88.5,4806232
2015-11-27,88.9,89.9,85.55,86.9,3127934
2015-11-30,86.95,89.35,86.75,88.95,2326749
2015-12-01,89.5,92.25,89.2,90.6,3666893
2015-12-02,90.7,90.95,86.9,88.35,3867126
2015-12-03,88.5,90.8,87.8,88.25,1843929
2015-12-04,87.1,87.65,85.55,85.9,1670650
2015-12-07,86.8,88.2,84.2,85.45,4256518
2015-12-08,85.0,85.7,81.9,82.5,1914027
2015-12-09,82.5,83.4,78.6,79.6,2780370
2015-12-10,80.5,82.35,79.2,81.95,1726301
2015-12-11,82.0,84.4,79.8,80.95,4112215
2015-12-14,80.75,84.45,80.1,84.05,2360020
2015-12-15,84.5,85.8,83.4,85.35,1947487
2015-12-16,85.8,86.25,84.0,84.45,2293354
2015-12-17,84.8,87.9,84.8,87.4,2072310
2015-12-18,87.4,89.5,86.6,88.7,2082511
2015-12-21,87.5,90.0,87.5,88.0,2682026
2015-12-22,88.35,88.7,84.5,85.3,1683404
2015-12-23,85.65,87.3,84.15,85.6,2205924
2015-12-24,85.8,86.1,84.1,85.15,1380374
2015-12-28,85.5,88.0,85.1,87.35,2500739
2015-12-29,88.0,91.2,86.25,90.65,5106058
2015-12-30,91.0,94.0,90.0,90.85,5817420
2015-12-31,91.45,97.5,91.0,96.85,8370589
2016-01-01,97.45,101.7,95.9,99.25,6306964
2016-01-04,98.0,98.4,94.45,95.7,3204607
2016-01-05,96.0,102.7,94.1,101.6,5604104
2016-01-06,101.5,102.0,96.15,97.8,2977522
2016-01-07,95.65,96.8,91.65,92.7,3759506
2016-01-08,94.5,101.4,93.85,100.2,6335765
2016-01-11,98.7,101.9,95.7,99.55,4794138
2016-01-12,98.9,101.2,96.5,98.05,2490621
2016-01-13,99.05,100.6,90.75,96.0,6939493
2016-01-14,93.5,100.0,92.1,97.45,5735948
2016-01-15,98.6,98.6,85.1,87.55,5489274
2016-01-18,88.4,88.5,80.0,81.3,5759379
2016-01-19,83.25,85.4,80.65,83.55,2996846
2016-01-20,81.2,81.9,78.4,80.25,3768754
2016-01-21,82.0,84.95,81.55,83.55,4540695
2016-01-22,85.0,88.5,84.5,87.85,3924954
2016-01-25,88.65,91.2,86.75,87.15,3191492
2016-01-27,88.0,89.65,87.1,88.45,2016499
2016-01-28,88.75,91.25,85.5,89.9,3785606
2016-01-29,88.0,94.65,87.4,93.85,3662348
2016-02-01,94.3,94.55,90.5,91.15,2762407
2016-02-02,91.4,93.0,86.5,87.1,3392157
2016-02-03,85.35,85.8,82.6,83.7,2963567
2016-02-04,84.0,85.45,79.3,82.2,3032956
2016-02-05,83.75,84.9,81.65,84.1,2954336
2016-02-08,84.15,85.55,82.1,82.4,2476756
2016-02-09,81.5,82.4,79.6,81.5,2650432
2016-02-10,80.8,81.75,75.3,77.75,6416545
2016-02-11,76.05,78.1,70.25,71.65,3849858
2016-02-12,71.9,73.15,67.4,70.8,3738255
2016-02-15,72.15,75.95,72.1,73.7,2771586
2016-02-16,74.0,74.1,70.2,71.1,2370676
2016-02-17,70.5,71.8,68.6,70.5,2366386
2016-02-18,71.35,73.3,69.6,71.4,2484282
2016-02-19,71.8,72.8,70.1,72.25,1749487
2016-02-22,72.9,73.5,71.1,72.85,1760720
2016-02-23,73.55,73.55,71.5,72.15,2016268
2016-02-24,71.35,72.4,69.8,70.45,1535234
2016-02-25,71.0,71.4,66.3,66.8,8010509
2016-02-26,68.2,68.35,65.55,67.45,3458760
2016-02-29,67.8,68.75,63.9,66.45,3039163
2016-03-01,67.4,70.05,66.8,69.65,2768111
2016-03-02,71.9,74.0,70.8,72.8,4738139
2016-03-03,73.4,75.0,71.8,74.1,2347340
2016-03-04,74.65,76.6,73.25,75.3,2664036
2016-03-08,74.5,77.3,74.1,75.8,1899640
2016-03-09,74.5,77.6,74.3,77.0,2767465
2016-03-10,77.75,78.2,75.1,75.35,1910575
2016-03-11,75.3,77.0,74.25,74.9,2109493
2016-03-14,75.7,76.45,74.3,75.25,1359519
2016-03-15,75.0,77.5,74.7,76.9,2463736
2016-03-16,77.35,78.4,75.75,77.0,2192110
2016-03-17,78.5,80.7,77.3,79.25,5491207
2016-03-18,80.95,81.4,79.7,80.95,3296049
2016-03-21,81.95,85.2,81.1,84.55,4999246
2016-03-22,84.95,86.85,84.05,86.35,5624293
2016-03-23,86.65,87.5,85.7,86.05,2022645
2016-03-28,85.9,86.65,83.4,83.85,2590576
2016-03-29,84.0,85.2,83.0,84.1,2048001
2016-03-30,85.3,86.8,84.15,86.25,5674511
2016-03-31,86.5,86.95,85.3,86.25,2638651
2016-04-01,85.9,88.9,85.65,88.5,2792694
2016-04-04,89.0,89.4,87.1,87.9,1511112
2016-04-05,87.3,87.7,83.6,83.95,3095830
2016-04-06,84.2,90.0,84.0,89.35,4077114
2016-04-07,89.9,91.0,86.2,86.45,5207151
2016-04-08,86.9,92.4,86.7,90.9,9299147
2016-04-11,91.65,92.7,89.25,92.15,6382616
2016-04-12,92.4,93.95,91.55,93.25,4162358
2016-04-13,94.2,95.9,92.8,93.2,4004615
2016-04-18,93.7,94.25,91.65,93.6,2732098
2016-04-20,94.0,95.4,88.65,89.75,6202978
2016-04-21,90.55,91.3,88.0,88.7,2860952
2016-04-22,88.5,90.45,87.65,89.05,3223401
2016-04-25,89.8,90.7,88.35,88.7,3005333
2016-04-26,88.8,90.2,87.1,89.85,3674662
2016-04-27,90.35,90.5,87.8,89.0,2394096
2016-04-28,88.9,90.0,86.05,86.65,3978842
2016-04-29,87.2,90.8,86.8,89.25,6098478
2016-05-02,88.95,92.55,87.6,91.95,4675613
2016-05-03,92.65,94.5,90.1,90.85,6467530
2016-05-04,90.0,91.6,89.0,89.7,3231448
2016-05-05,89.0,90.85,88.2,89.35,2544630
2016-05-06,89.05,89.4,87.75,88.5,2177909
2016-05-09,89.4,91.05,89.0,90.85,2381574
2016-05-10,91.25,91.8,89.5,90.2,2213291
2016-05-11,88.7,90.2,88.05,89.2,1971682
2016-05-12,89.3,92.75,89.3,92.2,3463642
2016-05-13,92.45,93.3,89.3,89.8,3192058
2016-05-16,89.35,90.4,87.65,89.05,2278009
2016-05-17,89.7,90.3,88.5,89.2,1987201
2016-05-18,88.2,89.55,87.8,88.95,2161877
2016-05-19,89.65,90.25,85.65,86.4,3492929
2016-05-20,86.5,87.2,84.0,84.45,2582393
2016-05-23,85.0,85.5,83.0,84.0,2556808
2016-05-24,84.75,85.6,83.1,84.75,2217221
2016-05-25,85.9,89.5,85.55,88.95,5584641
2016-05-26,89.1,94.0,88.5,92.8,14027726
2016-05-27,93.5,95.15,90.6,91.95,7616706
2016-05-30,92.5,93.75,91.85,92.3,2262464
2016-05-31,92.8,94.75,90.75,94.2,4094834
2016-06-01,94.55,96.8,93.3,94.85,5267864
2016-06-02,95.1,98.35,93.7,97.5,6976450
2016-06-03,97.95,98.7,94.25,95.5,4106496
2016-06-06,95.9,97.45,94.5,96.45,2500862
2016-06-07,96.95,97.8,95.4,96.7,4778829
2016-06-08,97.0,98.0,95.8,97.5,5474098
2016-06-09,97.7,97.75,95.2,96.35,4001125
2016-06-10,96.3,97.4,94.6,95.9,2771840
2016-06-13,94.8,101.1,94.1,99.65,5574419
2016-06-14,102.0,102.0,97.6,98.75,6517096
2016-06-15,98.7,105.65,98.2,103.2,14121613
2016-06-16,103.35,106.7,100.45,104.1,10270442
2016-06-17,105.0,106.45,103.6,104.4,3867483
2016-06-20,103.45,105.25,103.0,104.9,3710303
2016-06-21,105.45,105.9,103.3,103.7,2646647
2016-06-22,103.3,104.35,101.75,102.25,1796435
2016-06-23,102.25,103.15,100.8,102.3,3102382
2016-06-24,98.45,101.4,92.5,100.15,8985397
2016-06-27,101.5,103.3,100.35,102.65,5647026
2016-06-28,101.9,105.7,101.9,103.65,7278329
2016-06-29,104.25,112.4,104.2,111.25,15071610
2016-06-30,112.6,114.3,111.4,113.05,9898497
2016-07-01,113.5,114.6,111.8,112.8,2966868
2016-07-04,112.9,114.4,111.85,113.1,2764886
2016-07-05,113.1,117.4,112.6,115.35,5914695
2016-07-07,115.4,117.75,114.5,116.7,4981676
2016-07-08,117.25,119.25,116.05,117.35,4707280
2016-07-11,118.15,120.25,116.9,118.4,3681350
2016-07-12,118.4,119.45,116.0,117.65,2963310
2016-07-13,117.6,118.1,112.35,113.5,3039866
2016-07-14,113.5,115.5,113.25,114.7,3093654
2016-07-15,114.0,117.15,113.65,114.85,3689664
2016-07-18,115.5,116.1,111.25,111.7,2713760
2016-07-19,111.75,113.55,110.8,112.05,2870020
2016-07-20,112.6,116.95,111.7,115.65,4543924
2016-07-21,116.35,117.85,114.25,114.8,4294945
2016-07-22,114.8,115.95,112.55,114.5,3195147
2016-07-25,115.0,118.1,114.3,117.05,3658511
2016-07-26,116.9,118.2,107.5,115.2,3904674
2016-07-27,115.8,117.7,113.5,115.95,3063214
2016-07-28,116.55,123.75,116.55,123.25,11944893
2016-07-29,123.8,126.1,123.2,124.35,5857467
2016-08-01,124.3,125.4,120.05,121.35,4457026
2016-08-02,121.1,122.0,116.75,117.7,3149072
2016-08-03,118.4,118.9,115.45,116.2,3416991
2016-08-04,117.3,118.15,115.55,116.55,3018009
2016-08-05,117.4,124.35,117.35,123.15,6070030
2016-08-08,124.1,126.6,122.6,125.05,3760540
2016-08-09,125.95,128.4,124.5,125.3,5602635
2016-08-10,124.6,125.55,117.2,119.55,4828936
2016-08-11,119.55,123.0,117.55,122.35,3983809
2016-08-12,122.2,122.7,119.95,121.55,2134931
2016-08-16,121.0,122.2,118.1,120.9,2145036
2016-08-17,121.3,125.0,119.1,123.8,2791537
2016-08-18,124.95,130.85,123.8,125.7,22373408
2016-08-19,126.5,132.75,126.3,132.05,11918010
2016-08-22,132.7,133.7,129.0,129.5,5032629
2016-08-23,129.3,142.75,128.4,140.1,28256178
2016-08-24,140.6,147.45,139.75,144.75,17261352
2016-08-25,146.1,149.0,142.55,143.75,11634333
2016-08-26,145.3,147.35,143.25,144.7,5851204
2016-08-29,144.95,144.95,140.3,143.25,3717175
2016-08-30,143.9,152.0,143.9,151.4,11905174
2016-08-31,152.0,153.95,149.05,149.8,6219472
2016-09-01,145.75,152.7,145.55,151.15,8778966
2016-09-02,152.45,154.6,150.85,152.35,4695553
2016-09-06,153.75,156.25,153.55,155.7,4030277
2016-09-07,156.2,156.4,152.45,153.75,3193607
2016-09-08,153.75,155.6,152.2,154.1,2675193
2016-09-09,154.0,154.45,148.55,149.4,4102515
2016-09-12,144.5,145.45,140.2,142.25,5059492
2016-09-14,142.1,150.65,142.1,150.2,4268566
2016-09-15,150.85,151.0,146.0,147.85,2909944
2016-09-16,148.85,153.1,146.55,149.55,4560568
2016-09-19,148.6,152.55,147.85,152.0,3008955
2016-09-20,152.4,152.8,149.0,150.0,1989166
2016-09-21,150.8,151.95,148.35,149.3,1899373
2016-09-22,151.0,152.35,148.4,151.25,2331717
2016-09-23,152.0,152.75,149.25,150.1,2015067
2016-09-26,149.0,149.75,147.15,148.45,1679625
2016-09-27,148.45,149.3,146.5,147.05,1779587
2016-09-28,147.7,150.7,146.85,150.0,1740280
2016-09-29,150.35,151.0,138.6,139.8,5377357
2016-09-30,138.0,144.95,138.0,144.0,2003145
2016-10-03,145.4,151.35,145.0,150.95,2578885
2016-10-04,152.2,152.75,149.0,151.5,3402867
2016-10-05,152.0,158.5,151.85,157.65,8066796
2016-10-06,158.6,161.0,156.3,157.3,4598217
2016-10-07,158.45,162.2,157.25,160.65,3385695
2016-10-10,163.3,164.2,158.75,159.25,4177445
2016-10-13,158.75,158.75,151.5,154.45,3540306
2016-10-14,155.0,158.65,153.1,158.1,3318847
2016-10-17,158.0,159.2,153.25,153.7,2804147
2016-10-18,155.1,157.6,154.1,156.85,2169551
2016-10-19,157.85,159.5,155.0,156.35,1883076
2016-10-20,156.35,158.1,155.05,156.25,2557308
2016-10-21,156.8,156.8,152.95,154.6,2208065
2016-10-24,155.8,158.0,154.1,156.7,2272301
2016-10-25,158.0,159.0,155.25,158.5,2391423
2016-10-26,158.0,161.85,154.75,156.35,3575108
2016-10-27,155.55,156.8,151.75,154.4,3273746
2016-10-28,154.25,157.5,154.2,157.05,2891228
2016-10-30,158.55,159.25,157.5,158.2,911306
2016-11-01,159.0,162.7,158.25,159.9,2725963
2016-11-02,157.75,159.65,154.75,155.15,2008499
2016-11-03,155.95,157.2,150.1,151.5,2646298
2016-11-04,151.5,152.95,142.65,147.7,3006291
2016-11-07,150.65,153.45,150.45,151.5,1794371
2016-11-08,152.7,156.6,149.8,155.55,2290860
2016-11-09,141.1,148.55,132.5,147.3,9740906
2016-11-10,149.9,151.75,141.65,142.65,3621833
2016-11-11,142.0,142.0,130.0,131.85,5755924
2016-11-15,130.0,131.85,117.25,118.35,6467670
2016-11-16,120.0,123.1,114.65,115.65,6371046
2016-11-17,116.75,117.2,110.6,112.0,5875639
2016-11-18,112.1,118.0,109.5,116.75,7470848
2016-11-21,119.9,121.0,104.3,106.55,13358928
2016-11-22,109.65,115.5,108.05,114.5,12336321
2016-11-23,116.8,117.5,112.9,114.65,4713919
2016-11-24,114.4,116.85,110.9,114.15,6309357
2016-11-25,114.55,118.85,113.9,117.9,5092752
2016-11-28,117.4,120.7,116.5,117.85,6847579
2016-11-29,118.05,121.3,116.6,117.0,5827176
2016-11-30,118.0,120.2,117.4,119.65,5529714
2016-12-01,120.6,120.7,117.0,117.65,3972629
2016-12-02,116.15,116.75,109.8,110.95,5541698
2016-12-05,111.0,112.9,106.3,112.1,7186020
2016-12-06,113.6,115.75,112.9,114.5,4198035
2016-12-07,115.5,115.8,111.15,112.05,3179257
2016-12-08,113.95,115.7,113.0,114.25,2978520
2016-12-09,114.9,117.8,114.1,117.0,4022328
2016-12-12,117.45,117.45,113.25,114.35,2768502
2016-12-13,114.05,116.8,113.0,116.1,2112203
2016-12-14,116.0,116.05,111.05,112.3,4754147
2016-12-15,111.7,114.8,110.5,112.85,2684684
2016-12-16,113.3,113.65,110.45,111.45,2350539
2016-12-19,111.0,112.95,109.1,110.95,1828280
2016-12-20,110.9,114.9,110.6,112.25,4497894
2016-12-21,113.0,114.35,112.3,113.3,1919299
2016-12-22,112.8,113.4,110.55,111.65,2544947
2016-12-23,111.5,113.3,109.8,112.15,3104304
2016-12-26,111.8,111.8,107.5,107.8,2328882
2016-12-27,107.8,112.4,105.1,111.45,3285750
2016-12-28,112.25,114.4,110.6,111.15,3595952
2016-12-29,111.0,113.4,111.0,112.7,3706054
2016-12-30,113.0,117.5,113.0,116.6,4499501
2017-01-02,118.8,123.2,118.15,122.65,6260380
2017-01-03,123.0,123.75,121.5,122.6,3042059
2017-01-04,122.95,124.7,121.0,122.0,2242091
2017-01-05,123.0,126.65,122.55,125.85,3533726
2017-01-06,126.1,127.6,123.55,125.4,3990823
2017-01-09,125.9,127.0,124.95,126.5,1296044
2017-01-10,127.8,129.8,126.25,129.2,2581852
2017-01-11,131.0,135.2,130.05,133.9,4497969
2017-01-12,134.55,134.8,132.1,134.2,2516056
2017-01-13,134.2,135.45,130.05,131.6,2454692
2017-01-16,131.0,136.6,130.25,135.65,3888490
2017-01-17,136.3,137.2,133.0,134.4,2655673
2017-01-18,134.6,138.8,134.45,137.9,3085523
2017-01-19,138.7,139.85,136.7,138.4,2536399
2017-01-20,137.2,139.5,134.5,135.85,3725606
2017-01-23,135.5,139.8,135.4,139.1,3558253
2017-01-24,139.8,144.05,138.35,143.3,5200041
2017-01-25,144.05,144.3,141.1,142.85,3715632
2017-01-27,143.5,148.95,140.8,144.9,10816913
2017-01-30,145.4,147.7,143.05,146.5,5015868
2017-01-31,146.5,148.45,144.5,145.7,3564582
2017-02-01,146.25,161.5,144.75,159.2,12028754
2017-02-02,160.9,164.2,158.15,159.2,8097720
2017-02-03,160.2,163.5,159.2,162.4,4773289
2017-02-06,163.5,166.8,162.75,164.25,5073655
2017-02-07,164.3,165.95,160.5,164.4,2692085
2017-02-08,164.95,165.9,162.0,164.2,3315331
2017-02-09,163.85,167.2,160.35,162.25,3671912
2017-02-10,162.85,164.25,161.6,163.3,1912957
2017-02-13,164.0,164.25,157.45,160.05,3191829
2017-02-14,160.2,160.8,154.65,157.4,1949228
2017-02-15,156.8,159.3,152.0,153.2,2896419
2017-02-16,152.9,165.2,152.75,164.4,6446446
2017-02-17,163.05,164.5,161.15,162.35,2701412
2017-02-20,162.0,164.15,160.55,162.85,2155666
2017-02-21,163.95,173.8,161.7,172.25,13120721
2017-02-22,172.95,172.95,166.6,167.45,4416946
2017-02-23,167.5,169.7,165.8,166.5,2430647
2017-02-27,165.5,167.4,162.7,164.2,1766569
2017-02-28,164.6,171.95,162.8,170.1,4548963
2017-03-01,170.9,171.75,168.25,169.05,2506870
2017-03-02,170.4,171.15,160.1,161.55,3483973
2017-03-03,162.05,166.2,161.5,165.65,2595991
2017-03-06,167.0,167.6,164.2,165.95,2191062
2017-03-07,165.1,166.8,162.6,163.75,1325381
2017-03-08,163.75,164.6,156.2,159.95,3816443
2017-03-09,160.0,162.7,159.1,159.65,2532487
2017-03-10,160.2,161.0,156.0,156.6,3562146
2017-03-14,163.7,163.7,158.6,160.7,4989666
2017-03-15,160.9,163.45,160.9,161.95,2632024
2017-03-16,162.1,166.0,162.1,163.9,2903295
2017-03-17,164.5,164.8,159.0,160.5,3638901
2017-03-20,161.0,164.0,159.4,161.8,3240944
2017-03-21,163.5,166.5,162.25,163.7,4829241
2017-03-22,161.1,161.4,156.05,156.9,3611673
2017-03-23,158.0,159.0,156.25,158.25,1881138
2017-03-24,159.0,160.5,157.15,158.0,2465097
2017-03-27,157.6,157.95,153.0,153.5,4333717
2017-03-28,154.9,158.5,154.2,157.45,3557475
2017-03-29,158.75,162.4,158.6,160.35,7465368
2017-03-30,161.35,162.1,159.65,160.5,5537536
2017-03-31,161.7,163.4,161.5,162.45,2513775
2017-04-03,166.2,168.15,161.65,164.25,5552959
2017-04-05,165.25,165.35,160.55,162.65,2522280
2017-04-06,162.4,165.7,161.4,164.75,2485562
2017-04-07,163.5,166.9,162.3,163.25,4358462
2017-04-10,164.0,165.0,162.5,163.6,1424286
2017-04-11,163.6,169.4,163.4,168.75,4041221
2017-04-12,169.4,170.15,162.7,163.75,4156222
2017-04-13,163.2,165.4,162.55,163.05,1693657
2017-04-17,163.15,164.0,161.2,163.4,1267899
2017-04-18,164.2,168.4,159.35,160.5,3662993
2017-04-19,159.95,175.7,159.95,174.45,10694299
2017-04-20,175.7,193.55,175.25,189.8,36726168
2017-04-21,190.0,190.4,180.4,188.25,11480130
2017-04-24,190.2,204.1,190.1,201.35,17459988
2017-04-25,204.1,206.55,200.5,202.5,5826176
2017-04-26,204.0,213.35,197.65,204.85,15855707
2017-04-27,204.65,215.2,201.75,211.9,9036965
2017-04-28,213.0,221.3,212.0,216.45,9567826
2017-05-02,217.0,217.25,203.55,210.5,7975160
2017-05-03,211.6,214.65,208.6,211.25,5573227
2017-05-04,211.0,215.35,208.85,213.6,4715603
2017-05-05,214.0,214.0,203.1,207.7,6293042
2017-05-08,209.45,215.4,207.5,210.0,6535096
2017-05-09,208.95,211.5,206.95,208.9,2563377
2017-05-10,209.25,214.9,207.0,214.25,4430366
2017-05-11,215.95,216.9,211.9,212.85,4464946
2017-05-12,213.0,213.75,207.5,209.7,2941568
2017-05-15,210.4,221.45,210.1,220.25,7303774
2017-05-16,223.0,226.25,220.3,220.9,9410261
2017-05-17,220.7,221.8,215.75,217.2,3800580
2017-05-18,215.4,216.2,204.4,205.55,3778533
2017-05-19,207.9,212.15,202.35,207.3,5090800
2017-05-22,208.45,210.35,196.0,197.3,4170619
2017-05-23,196.8,199.8,186.1,193.7,7065376
2017-05-24,192.85,194.6,183.25,184.55,5000630
2017-05-25,182.6,198.25,179.0,197.25,10048924
2017-05-26,198.0,200.8,194.7,198.85,4695382
2017-05-29,192.05,198.0,184.0,188.6,7267812
2017-05-30,187.0,207.4,186.55,204.95,10305619
2017-05-31,205.9,207.85,203.05,204.55,4369802
2017-06-01,205.0,212.8,202.0,209.35,7280528
2017-06-02,211.9,213.8,207.3,212.9,4454752
2017-06-05,212.4,216.0,208.5,214.2,5875162
2017-06-06,214.45,214.45,206.3,209.0,4079277
2017-06-07,207.0,211.7,207.0,209.9,2972713
2017-06-08,210.1,212.7,207.2,209.25,2958618
2017-06-09,209.4,214.7,207.7,213.85,3669289
2017-06-12,213.5,214.0,208.7,210.6,2662702
2017-06-13,211.1,213.5,208.15,209.3,2352477
2017-06-14,209.7,210.5,206.95,209.35,2733592
2017-06-15,208.5,213.35,208.1,211.05,3262864
2017-06-16,212.4,221.25,211.6,220.2,8737214
2017-06-19,222.5,224.6,219.4,220.95,4653364
2017-06-20,220.75,220.8,215.05,216.5,2720489
2017-06-21,215.0,219.15,214.4,216.55,2747844
2017-06-22,217.0,218.4,209.0,210.85,3338907
2017-06-23,211.7,212.25,198.2,201.25,6300820
2017-06-27,202.0,202.7,187.0,188.85,6554320
2017-06-28,187.95,192.75,185.25,191.0,4568395
2017-06-29,192.5,200.4,192.45,199.15,5600031
2017-06-30,198.4,198.4,192.8,197.55,4319288
2017-07-03,198.65,205.5,196.55,204.2,3888815
2017-07-04,204.8,206.7,201.55,202.95,2572326
2017-07-05,202.65,206.5,201.6,205.65,2295113
2017-07-06,205.0,209.15,205.0,206.35,2530251
2017-07-07,204.9,208.5,202.6,203.5,3228987
2017-07-10,205.0,215.0,201.85,205.25,620191
2017-07-11,206.0,210.95,204.65,206.25,3716173
2017-07-12,207.45,211.9,205.55,210.05,2948913
2017-07-13,213.9,216.15,210.05,210.8,6644905
2017-07-14,211.5,211.7,208.1,209.2,2444118
2017-07-17,209.25,212.9,205.55,209.75,4157361
2017-07-18,211.5,213.0,207.65,209.15,3030996
2017-07-19,209.8,210.5,206.6,209.1,2043036
2017-07-20,209.1,215.3,208.1,208.9,4921964
2017-07-21,209.95,210.8,201.3,208.85,4287318
2017-07-24,209.95,213.1,207.25,209.0,3506211
2017-07-25,210.1,211.8,205.55,210.45,3149989
2017-07-26,210.6,213.8,210.6,211.95,3586097
2017-07-27,212.9,218.3,210.2,215.25,7383926
2017-07-28,214.8,218.0,199.05,202.9,13488100
2017-07-31,202.2,205.5,197.0,203.95,4974017
2017-08-01,205.75,207.6,202.55,203.5,4505967
2017-08-02,205.0,205.25,199.3,200.75,3394111
2017-08-03,200.7,201.75,190.55,192.45,6845546
2017-08-04,192.0,199.7,190.7,198.5,4482842
2017-08-07,199.65,203.4,197.0,200.05,4338600
2017-08-08,199.1,201.0,192.05,193.2,2853067
2017-08-09,192.8,192.8,185.0,186.3,4896299
2017-08-10,185.45,185.45,168.75,174.8,6958468
2017-08-11,170.0,183.55,168.35,176.45,7658809
2017-08-14,180.05,185.45,180.05,184.45,3519434
2017-08-16,185.0,186.8,179.55,185.0,3271321
2017-08-17,185.65,191.8,183.6,184.8,4709553
2017-08-18,182.65,184.6,179.7,182.75,4332965
2017-08-21,184.4,185.7,176.0,177.65,3134657
2017-08-22,179.4,179.7,173.5,174.2,3212566
2017-08-23,177.7,179.45,175.2,178.15,3580978
2017-08-24,178.6,180.8,176.5,177.3,3367441
2017-08-28,179.0,181.4,177.75,180.25,2954360
2017-08-29,179.6,179.6,170.0,171.0,5149649
2017-08-30,173.25,175.15,171.85,173.75,4258257
2017-08-31,174.95,179.75,173.0,178.0,5696050
2017-09-01,178.0,183.45,178.0,181.3,4933610
2017-09-04,180.25,180.6,174.2,177.0,3408355
2017-09-05,178.35,186.9,176.3,186.05,7335387
2017-09-06,185.3,188.75,183.55,185.3,5348989
2017-09-07,186.65,188.35,182.3,183.5,3077334
2017-09-08,184.7,187.0,182.5,183.25,2849157
2017-09-11,184.75,186.5,183.65,184.8,1644555
2017-09-12,184.95,193.3,184.95,192.35,5622839
2017-09-13,192.8,194.4,188.6,189.55,4108319
2017-09-14,190.5,198.0,190.1,196.05,7091028
2017-09-15,195.95,196.65,189.05,190.1,5143357
2017-09-18,191.75,192.8,189.1,189.75,4274859
2017-09-19,191.7,192.95,187.5,189.9,3815820
2017-09-20,190.4,190.9,185.0,185.5,3294158
2017-09-21,185.0,185.75,180.6,182.95,3411081
2017-09-22,180.65,181.45,175.15,175.85,4026932
2017-09-25,175.5,175.7,164.5,167.5,5517174
2017-09-26,168.05,174.45,167.25,171.6,3975332
2017-09-27,173.9,174.1,164.45,165.65,3539814
2017-09-28,167.25,171.4,164.65,169.7,5247400
2017-09-29,171.7,175.0,170.5,172.3,3248049
2017-10-03,174.1,183.15,172.65,182.4,6185321
2017-10-04,187.0,187.2,180.4,181.5,7695922
2017-10-05,182.0,184.2,177.6,182.3,4775803
2017-10-06,182.95,185.25,181.7,183.8,2533577
2017-10-09,184.0,185.7,181.05,182.25,3238839
2017-10-10,183.0,185.25,182.05,183.65,2415941
2017-10-11,183.8,186.3,174.85,177.3,4664610
2017-10-12,179.25,179.8,175.75,178.85,2106380
2017-10-13,179.0,181.25,179.0,180.05,2018889
2017-10-16,181.0,183.65,177.6,178.85,2920184
2017-10-17,179.6,182.9,178.55,181.75,2318360
2017-10-18,181.0,184.65,179.9,181.15,3208391
2017-10-19,181.9,181.9,175.8,177.55,620747
2017-10-23,178.0,182.8,178.0,181.15,1912474
2017-10-24,184.0,187.25,181.2,182.8,3602604
2017-10-25,184.45,191.75,181.9,189.95,8088141
2017-10-26,191.9,196.8,190.0,195.95,8310798
2017-10-27,197.5,199.1,194.05,195.55,4017539
2017-10-30,196.15,197.95,191.55,193.25,2365517
2017-10-31,194.0,195.9,191.45,194.2,2240090
2017-11-01,195.0,198.15,191.75,193.1,3107123
2017-11-02,193.65,194.6,187.6,189.45,3293003
2017-11-03,189.65,191.2,186.0,186.6,2099837
2017-11-06,186.85,188.75,181.2,182.5,3342981
2017-11-07,183.0,183.5,173.6,174.65,7694892
2017-11-08,171.75,177.6,171.75,175.05,4571302
2017-11-09,176.8,181.65,171.0,173.5,11435288
2017-11-10,172.0,172.5,167.7,170.8,5039986
2017-11-13,170.9,172.4,161.4,165.05,5541227
2017-11-14,165.2,169.15,164.1,166.45,3194073
2017-11-15,165.25,168.65,163.45,166.5,4291351
2017-11-16,169.0,173.45,168.25,172.55,3541752
2017-11-17,175.0,177.55,173.0,176.6,4321915
2017-11-20,175.8,175.8,169.95,171.35,2886904
2017-11-21,172.4,174.0,169.25,170.4,2612796
2017-11-22,171.8,178.4,171.1,176.15,3822078
2017-11-23,179.55,179.7,173.05,175.75,3204568
2017-11-24,176.4,177.4,174.1,175.4,1653018
2017-11-27,175.0,179.4,173.8,178.85,2480930
2017-11-28,178.9,179.8,174.7,176.95,1941826
2017-11-29,177.3,178.4,175.3,176.35,1326312
2017-11-30,175.6,176.0,172.15,173.85,2212346
2017-12-01,173.95,175.05,167.5,168.4,2394149
2017-12-04,169.9,171.35,166.0,168.2,1963808
2017-12-05,168.5,168.65,164.65,167.9,1697865
2017-12-06,167.0,168.55,162.2,164.4,3089300
2017-12-07,163.9,167.55,163.0,166.9,1604552
2017-12-08,168.0,175.85,167.5,174.4,4503008
2017-12-11,176.0,176.05,171.2,172.15,2246443
2017-12-12,173.4,173.4,168.4,168.8,1429996
2017-12-13,169.5,174.5,167.45,168.45,4446511
2017-12-14,168.95,169.55,161.25,163.5,4887197
2017-12-15,166.5,168.5,165.25,166.1,3798338
2017-12-18,163.95,172.1,152.0,164.85,6304523
2017-12-19,166.2,172.5,165.8,172.0,4907782
2017-12-20,172.2,180.9,170.2,178.55,7441406
2017-12-21,179.4,186.0,179.3,184.1,6607190
2017-12-22,185.0,185.05,180.7,183.35,3196866
2017-12-26,182.9,186.9,182.0,185.3,2253857
2017-12-27,183.55,183.9,180.75,181.8,2708730
2017-12-28,182.0,184.4,178.85,179.55,2285612
2017-12-29,179.7,185.15,179.45,183.45,2924207
2018-01-01,183.05,183.8,179.15,180.6,1350029
2018-01-02,181.65,183.0,177.45,180.1,1767084
2018-01-03,181.7,188.7,180.7,186.4,4763679
2018-01-04,188.9,191.45,186.35,190.35,5170878
2018-01-05,191.5,202.0,191.3,199.05,11848536
2018-01-08,200.0,200.6,195.5,196.15,3693968
2018-01-09,196.5,196.9,189.65,192.1,3840017
2018-01-10,192.45,193.6,185.6,193.0,4854968
2018-01-11,196.0,196.4,190.65,192.05,4656152
2018-01-12,192.45,194.9,186.35,190.85,2340978
2018-01-15,191.0,202.5,191.0,201.4,9749629
2018-01-16,202.85,205.95,194.2,195.4,11320651
2018-01-17,194.8,198.4,188.95,197.7,3763562
2018-01-18,197.65,199.25,180.5,182.45,6540354
2018-01-19,183.65,186.7,177.6,184.7,6787732
2018-01-22,185.4,187.0,182.05,184.75,3816769
2018-01-23,185.4,187.6,181.8,184.0,3202579
2018-01-24,183.0,184.4,177.65,178.45,3297486
2018-01-25,178.8,181.1,172.75,175.1,5160815
2018-01-29,176.35,177.35,170.0,170.6,4259829
2018-01-30,171.0,172.7,167.6,169.35,3781009
2018-01-31,169.5,171.25,165.85,168.15,3856780
2018-02-01,168.75,171.5,160.8,166.2,6214756
2018-02-02,164.0,164.45,152.1,153.3,6971119
2018-02-05,149.0,155.4,146.35,153.1,7389388
2018-02-06,146.0,152.75,141.5,150.7,7969557
2018-02-07,155.0,156.9,152.05,152.8,3753827
2018-02-08,154.05,162.7,153.15,161.35,5302898
2018-02-09,157.75,165.85,157.75,161.4,7985869
2018-02-12,159.0,165.3,156.5,162.05,7067514
2018-02-14,163.0,163.4,158.1,159.2,2726421
2018-02-15,159.75,160.9,154.1,155.6,3069175
2018-02-16,157.3,159.6,155.05,156.3,2537058
2018-02-19,157.0,161.3,155.25,160.0,4833838
2018-02-20,160.2,161.9,157.2,158.55,3319160
2018-02-21,159.55,160.2,156.65,158.0,2761947
2018-02-22,158.05,158.25,154.1,155.1,4674639
2018-02-23,155.3,158.8,155.2,158.05,2893309
2018-02-26,159.7,162.7,158.4,160.5,2833669
2018-02-27,160.85,161.5,156.75,157.85,1721843
2018-02-28,156.25,160.35,155.25,159.25,3457355
2018-03-01,159.0,160.85,156.65,157.25,1890764
2018-03-05,156.6,157.75,150.15,153.35,2699929
2018-03-06,154.4,156.5,148.05,148.95,3023565
2018-03-07,149.1,151.2,143.6,144.4,3584141
2018-03-08,146.0,148.3,142.7,147.55,2934652
2018-03-09,149.0,149.45,144.25,145.15,2423623
2018-03-12,147.4,150.4,141.65,149.55,3049464
2018-03-13,151.0,152.65,148.0,150.5,3182654
2018-03-14,148.6,154.15,148.55,153.35,2850255
2018-03-15,153.95,154.35,150.2,150.75,2098021
2018-03-16,151.0,151.8,146.25,147.0,2196862
2018-03-19,147.0,148.25,140.15,141.7,2393687
2018-03-20,141.2,144.9,140.3,142.95,4134302
2018-03-21,144.35,147.4,143.45,144.65,2525478
2018-03-22,145.7,145.7,140.0,140.75,1986458
2018-03-23,138.0,140.4,135.7,137.95,3064781
2018-03-26,137.9,142.0,136.1,141.25,2306169
2018-03-27,143.3,144.95,141.3,143.55,2066271
2018-03-28,142.0,145.2,140.4,141.75,3386478
2018-04-02,142.75,153.7,142.5,152.7,4259953
2018-04-03,150.6,153.95,149.65,153.4,3309111
2018-04-04,154.7,154.7,148.7,149.7,2522921
2018-04-05,152.05,155.85,151.2,155.45,2877762
2018-04-06,154.95,154.95,150.6,152.7,2644083
2018-04-09,153.85,154.8,150.3,151.2,2803090
2018-04-10,151.8,152.4,149.35,151.55,3859017
2018-04-11,151.0,151.0,147.3,148.55,2726505
2018-04-12,148.0,149.7,145.4,146.05,2193798
2018-04-13,146.8,148.55,145.1,146.25,2180635
2018-04-16,145.0,151.5,144.2,151.15,4422693
2018-04-17,151.45,152.8,149.35,151.75,2522723
2018-04-18,152.5,153.95,149.25,149.65,2133100
2018-04-19,150.6,155.45,150.6,154.0,3756977
2018-04-20,153.85,153.85,149.6,150.25,2064486
2018-04-23,150.0,152.65,149.5,150.2,1778759
2018-04-24,150.05,151.8,147.4,148.9,2121035
2018-04-25,147.55,150.6,142.75,143.6,3401885
2018-04-26,143.5,146.0,142.55,145.0,3298835
2018-04-27,146.05,147.8,144.15,145.05,2203964
2018-04-30,145.9,149.0,145.4,147.05,1881372
2018-05-02,147.7,148.5,141.3,142.8,2737873
2018-05-03,143.65,143.65,135.25,137.05,3898096
2018-05-04,137.8,138.0,134.55,135.35,2136615
2018-05-07,136.7,141.4,134.05,140.4,3636225
2018-05-08,141.2,141.5,137.3,138.35,1884768
2018-05-09,138.2,140.2,137.05,137.9,1517612
2018-05-10,138.15,139.3,133.0,133.35,1933409
2018-05-11,134.35,138.85,133.25,137.25,2457183
2018-05-14,137.25,137.9,133.85,135.95,1339379
2018-05-15,134.0,138.7,131.5,133.7,2646066
2018-05-16,133.0,134.95,130.8,133.25,1652003
2018-05-17,133.0,135.75,131.35,133.45,1916275
2018-05-18,133.5,133.8,128.4,129.75,2140873
2018-05-21,130.85,132.1,126.6,129.55,2164026
2018-05-22,129.8,131.7,127.4,129.2,1693874
2018-05-23,128.8,130.7,127.2,127.9,1645781
2018-05-24,128.55,128.9,121.8,124.45,2959474
2018-05-25,123.05,133.85,123.05,130.15,12548151
2018-05-28,132.5,135.0,128.8,133.4,4311292
2018-05-29,133.7,134.25,131.2,132.3,1883747
2018-05-30,130.5,134.2,130.05,132.05,2352673
2018-05-31,132.55,133.65,128.7,129.95,2763526
2018-06-01,130.0,132.6,124.7,125.85,3308715
2018-06-04,126.1,126.7,116.1,117.65,6078536
2018-06-05,116.1,117.8,111.2,113.25,5433742
2018-06-06,114.0,117.15,112.1,116.0,3270922
2018-06-07,117.0,121.0,116.0,119.1,6124363
2018-06-08,118.0,119.5,117.15,118.8,2320315
2018-06-11,119.05,122.9,118.7,119.45,2923431
2018-06-12,120.0,120.5,116.5,118.65,2383282
2018-06-13,118.7,122.45,117.85,120.1,3714947
2018-06-14,119.85,120.35,115.5,116.2,3276394
2018-06-15,115.2,116.8,113.7,115.35,4164741
2018-06-18,115.0,115.0,112.7,114.0,2245358
2018-06-19,113.0,113.65,108.05,109.35,5587025
2018-06-20,109.0,109.75,107.3,109.25,3626438
2018-06-21,109.25,109.5,106.7,107.55,2623150
2018-06-22,107.0,112.9,106.6,112.35,6028796
2018-06-25,112.0,114.4,111.35,112.0,3835109
2018-06-26,112.6,115.85,112.05,113.15,6813170
2018-06-27,113.2,113.7,107.65,108.4,4590672
2018-06-28,107.5,109.7,102.0,102.75,5661738
2018-06-29,104.0,106.4,103.5,105.7,3347824
2018-07-02,105.7,106.2,101.5,104.0,3573356
2018-07-03,103.85,106.0,102.3,104.7,2305764
2018-07-04,104.95,105.8,103.15,104.8,2453594
2018-07-05,104.55,110.65,104.55,109.2,7386628
2018-07-06,108.95,111.05,107.5,108.75,4418570
2018-07-09,109.55,111.2,108.85,110.45,2281702
2018-07-10,111.2,113.75,110.8,112.2,3354454
2018-07-11,111.0,111.85,107.75,108.75,2413854
2018-07-12,109.55,115.85,109.55,112.25,8742930
2018-07-13,112.25,112.25,105.35,106.8,4904694
2018-07-16,107.4,107.4,99.0,99.75,4127449
2018-07-17,99.5,103.75,97.75,102.85,4386345
2018-07-18,103.5,104.8,97.1,99.55,5419668
2018-07-19,100.0,102.25,97.5,99.1,4104490
2018-07-20,99.2,103.25,98.85,102.75,4066014
2018-07-23,102.5,108.1,100.75,107.0,5178522
2018-07-24,108.3,118.9,108.3,117.1,16400309
2018-07-25,117.5,117.8,112.35,113.3,6123751
2018-07-26,114.4,118.25,112.3,113.2,11549740
2018-07-27,114.0,121.0,111.5,118.85,11243858
2018-07-30,118.9,119.65,115.25,117.1,4385239
2018-07-31,117.0,118.45,114.1,117.05,4199706
2018-08-01,117.6,118.7,113.55,115.95,4224640
2018-08-02,115.55,118.9,113.95,117.05,3807786
2018-08-03,118.0,120.5,116.6,117.6,4115990
2018-08-06,118.45,119.6,116.1,117.95,2890751
2018-08-07,118.5,124.45,118.05,121.9,9068394
2018-08-08,122.75,123.35,115.65,116.8,6779298
2018-08-09,117.0,120.25,116.85,119.7,3707915
2018-08-10,119.25,120.8,115.15,116.8,3475267
2018-08-13,114.7,115.0,107.2,107.9,8845971
2018-08-14,109.1,112.1,108.2,110.8,5911598
2018-08-16,109.0,113.25,109.0,111.8,3517681
2018-08-17,112.8,118.55,112.0,117.5,6677276
2018-08-20,117.0,118.85,115.05,117.4,3661680
2018-08-21,117.4,123.3,117.0,121.35,11223872
2018-08-23,121.3,121.8,117.7,118.95,4227020
2018-08-24,118.4,122.4,118.05,120.15,5873235
2018-08-27,120.5,122.9,119.6,121.25,4308766
2018-08-28,121.7,121.95,118.3,119.35,3151546
2018-08-29,119.0,124.25,119.0,121.4,5662518
2018-08-30,121.4,127.2,120.15,125.8,12904698
2018-08-31,126.75,128.0,123.85,126.4,6069438
2018-09-03,126.4,127.65,123.0,123.65,4126893
2018-09-04,123.6,124.4,115.55,116.4,8448441
2018-09-05,115.0,117.5,113.6,117.05,4577412
2018-09-06,118.65,120.8,116.1,117.6,5746128
2018-09-07,118.05,121.85,116.1,121.35,5719232
2018-09-10,119.95,122.75,118.7,119.85,5098390
2018-09-11,119.3,120.25,114.25,114.9,3124695
2018-09-12,115.4,118.15,111.3,117.2,6102913
2018-09-14,118.0,124.0,118.0,123.45,7356617
2018-09-17,122.7,122.9,119.5,119.95,4741001
2018-09-18,119.95,120.65,113.6,114.25,4887724
2018-09-19,114.75,116.2,112.25,113.6,3750080
2018-09-21,115.0,116.2,102.25,111.3,7559881
2018-09-24,112.4,112.4,104.8,105.5,3998894
2018-09-25,105.5,107.5,101.9,106.4,4429077
2018-09-26,108.9,110.5,107.0,109.05,4696857
2018-09-27,109.0,114.6,103.7,104.5,11369322
2018-09-28,105.25,105.8,99.3,101.2,6843338
2018-10-01,101.45,102.35,95.35,100.35,7797026
2018-10-03,99.9,103.85,97.05,99.05,7504964
2018-10-04,97.15,100.9,95.7,99.45,6166777
2018-10-05,99.05,100.75,94.35,95.55,6231936
2018-10-08,95.8,96.0,89.15,91.8,8441875
2018-10-09,92.5,94.15,89.25,92.6,5157724
2018-10-10,91.7,96.45,91.7,95.75,5166433
2018-10-11,91.2,95.7,90.55,92.45,4092412
2018-10-12,93.1,97.25,92.9,95.8,4545456
2018-10-15,95.45,96.65,93.55,95.8,3719327
2018-10-16,96.5,101.9,96.05,98.0,8571825
2018-10-17,98.9,100.2,93.1,93.65,5646961
2018-10-19,93.0,94.2,89.0,89.5,6385318
2018-10-22,90.4,90.75,86.5,86.85,5627267
2018-10-23,85.6,86.3,82.6,83.8,7299650
2018-10-24,85.1,85.95,82.75,84.65,4873662
2018-10-25,83.4,83.85,81.15,81.65,6247047
2018-10-26,81.95,83.15,79.95,81.7,6042296
2018-10-29,83.0,87.3,81.65,85.5,6075337
2018-10-30,85.8,89.25,85.0,88.55,6571969
2018-10-31,89.4,90.05,86.55,89.8,4638608
2018-11-01,90.65,93.35,89.85,91.75,4277168
2018-11-02,92.7,98.6,92.5,94.9,7392065
2018-11-05,94.8,96.9,92.9,96.2,4219809
2018-11-06,95.7,96.7,93.2,93.85,2342470
2018-11-07,94.5,94.7,93.85,94.05,379345
2018-11-09,94.75,99.4,92.4,97.1,13920545
2018-11-12,96.8,96.85,90.4,91.05,10610931
2018-11-13,90.5,91.9,88.85,91.55,4679892
2018-11-14,91.25,92.5,90.25,90.7,3589516
2018-11-15,91.0,93.5,89.55,93.05,4402410
2018-11-16,93.55,96.1,93.2,93.85,6525940
2018-11-19,94.4,97.0,93.7,95.9,5743941
2018-11-20,95.65,95.7,91.6,92.0,3783345
2018-11-21,92.0,94.25,91.5,93.7,4633923
2018-11-22,93.75,94.6,91.15,91.7,3607568
2018-11-26,92.0,92.35,89.1,90.6,3925526
2018-11-27,90.65,91.85,89.8,90.95,2616555
2018-11-28,91.15,91.75,88.5,89.05,2702737
2018-11-29,89.7,91.3,87.05,90.6,5264757
2018-11-30,90.6,94.65,90.4,93.95,5254041
2018-12-03,94.35,98.0,93.15,97.25,5104357
2018-12-04,98.75,98.85,93.2,93.7,7597640
2018-12-05,93.0,93.0,89.6,90.75,4296721
2018-12-06,89.95,90.0,86.75,87.25,4139361
2018-12-07,88.0,88.4,84.5,86.2,4561987
2018-12-10,84.05,85.05,82.8,84.15,3421990
2018-12-11,83.5,88.8,82.95,88.15,5827299
2018-12-12,88.65,93.8,87.5,92.7,6822336
2018-12-13,93.0,94.35,90.65,91.75,5781259
2018-12-14,95.0,95.8,92.4,93.7,10988575
2018-12-17,93.5,93.5,91.25,92.7,2902635
2018-12-18,92.1,94.6,91.75,94.05,3593583
2018-12-19,95.7,100.0,94.4,97.9,19136256
2018-12-20,97.2,99.8,95.65,97.35,9174333
2018-12-21,97.6,98.05,94.75,96.1,6767203
2018-12-24,93.55,94.5,91.25,91.85,10987408
2018-12-26,91.55,93.95,89.15,93.3,7669645
2018-12-27,94.65,95.0,92.5,93.1,8181954
2018-12-28,93.8,96.2,93.5,95.2,5315216
2019-01-01,96.5,96.5,95.1,96.0,2222552
2019-01-02,96.55,96.7,93.35,93.85,4111460
2019-01-03,93.5,94.7,90.25,90.75,4773253
2019-01-04,91.05,93.15,90.45,92.65,3891478
2019-01-07,93.6,94.6,91.0,91.5,5003547
2019-01-08,89.3,91.5,88.0,90.9,13200061
2019-01-09,91.35,91.35,87.5,88.4,6889098
2019-01-10,88.2,89.25,87.5,88.1,3852097
2019-01-11,88.0,88.25,86.4,87.2,4060524
2019-01-14,87.25,87.65,85.2,85.75,3979579
2019-01-15,86.0,89.1,86.0,87.95,7909398
2019-01-16,87.7,88.5,86.85,87.8,4341283
2019-01-17,88.05,88.55,85.5,86.1,3950203
2019-01-18,86.2,86.75,84.8,85.0,3845570
2019-01-21,85.3,85.8,83.7,84.05,2636386
2019-01-22,83.9,84.75,82.35,84.4,3696685
2019-01-23,84.5,85.6,83.7,84.0,2414039
2019-01-24,84.0,84.45,83.3,83.7,1868534
2019-01-25,83.85,84.75,80.25,80.75,3796314
2019-01-28,80.75,80.75,78.3,79.15,3663863
2019-01-29,78.7,84.25,78.35,83.55,8340917
2019-01-30,84.05,85.4,81.1,84.55,5976171
2019-01-31,84.35,85.3,82.2,84.25,3776147
2019-02-01,84.85,86.1,80.0,81.35,6523784
2019-02-04,82.0,82.0,78.35,78.8,5185953
2019-02-05,78.8,80.1,75.1,78.95,7065793
2019-02-06,79.1,81.0,77.25,80.3,4599990
2019-02-07,80.4,84.3,80.35,83.25,4708226
2019-02-08,82.6,84.2,79.0,80.15,4764866
2019-02-11,79.55,79.9,76.0,77.2,8279060
2019-02-12,76.55,79.7,74.75,79.2,7456460
2019-02-13,79.55,82.4,77.65,80.45,5402548
2019-02-14,80.25,83.6,78.6,83.0,5012449
2019-02-15,82.6,84.95,81.05,84.15,6323397
2019-02-18,84.15,85.4,81.65,82.55,4383650
2019-02-19,82.55,84.9,82.3,82.95,3369225
2019-02-20,83.1,86.0,83.1,85.85,4952791
2019-02-21,85.2,86.45,84.4,85.85,5305395
2019-02-22,85.55,87.05,85.15,86.55,4025486
2019-02-25,87.1,87.35,85.15,85.9,3863212
2019-02-26,84.5,86.95,81.45,85.25,6895296
2019-02-27,85.7,91.8,85.7,88.4,13783762
2019-02-28,88.7,89.5,86.8,87.65,4037799
2019-03-01,88.4,92.9,88.0,92.4,9634528
2019-03-05,92.4,97.85,92.05,97.3,8626022
2019-03-06,97.5,100.2,96.35,97.35,7536941
2019-03-07,97.4,98.7,95.4,96.5,6520963
2019-03-08,95.45,97.3,94.6,96.15,3665486
2019-03-11,96.3,104.45,96.3,103.8,14646695
2019-03-12,104.9,105.55,102.45,103.0,7353959
2019-03-13,103.0,104.9,101.95,103.35,4990595
2019-03-14,103.7,105.35,100.0,101.55,8310090
2019-03-15,101.0,102.8,97.0,97.65,8619285
2019-03-18,98.0,99.2,96.8,98.6,4511396
2019-03-19,99.1,104.2,98.6,102.8,9493330
2019-03-20,103.4,103.5,99.9,100.9,4414313
2019-03-22,100.55,102.8,99.05,99.7,4199772
2019-03-25,98.6,98.75,95.5,96.25,5547290
2019-03-26,96.5,100.8,96.45,99.7,4916803
2019-03-27,100.5,104.25,100.35,101.3,9677218
2019-03-28,101.2,103.15,101.2,102.4,5367791
2019-03-29,102.6,108.7,102.4,108.3,13605311
2019-04-01,109.95,116.35,109.85,111.4,16144520
2019-04-02,112.05,114.15,108.1,110.6,9177973
2019-04-03,110.25,112.25,106.15,107.2,6745854
2019-04-04,107.35,110.2,106.7,108.3,7611975
2019-04-05,109.1,112.0,108.75,110.7,6908080
2019-04-08,111.5,112.45,107.55,108.65,6333436
2019-04-09,108.7,109.15,105.5,108.7,5338992
2019-04-10,108.7,110.15,107.0,107.45,4638376
2019-04-11,107.5,110.0,105.65,109.45,5903679
2019-04-12,109.85,111.25,108.1,110.2,7465488
2019-04-15,110.3,112.35,109.8,111.85,5203772
2019-04-16,112.45,114.25,110.25,113.3,6027174
2019-04-18,113.2,113.2,108.5,109.75,5070227
2019-04-22,108.7,108.8,103.4,104.35,4901905
2019-04-23,105.4,105.8,101.05,101.75,7609429
2019-04-24,100.85,106.6,99.25,105.75,9747359
2019-04-25,106.05,112.25,105.15,109.0,13820289
2019-04-26,109.65,111.0,106.85,110.65,6926333
2019-04-30,110.55,110.9,105.0,107.1,6657268
2019-05-02,106.8,108.4,105.3,106.25,5237142
2019-05-03,107.2,108.2,104.8,106.3,4038092
2019-05-06,105.2,106.3,103.5,104.1,3344764
2019-05-07,104.6,108.75,102.6,103.05,9138789
2019-05-08,102.9,104.35,98.45,99.4,8787761
2019-05-09,99.2,100.2,97.25,98.4,6036857
2019-05-10,99.25,100.75,98.1,99.65,6501873
2019-05-13,98.95,99.2,91.3,92.0,6794056
2019-05-14,92.35,97.2,90.1,96.1,6937806
2019-05-15,96.1,96.9,92.3,92.85,4527552
2019-05-16,92.5,96.0,91.55,95.1,4895501
2019-05-17,94.45,96.6,92.4,95.6,5545088
2019-05-20,99.5,104.0,98.6,102.7,8186055
2019-05-21,103.3,103.7,99.0,99.8,4649634
2019-05-22,100.0,101.7,98.45,100.75,4300261
2019-05-23,103.4,109.75,101.0,102.1,11570943
2019-05-24,102.75,115.4,102.75,114.4,19023284
2019-05-27,114.5,115.75,109.5,114.1,15815956
2019-05-28,114.0,116.95,111.4,112.2,12407596
2019-05-29,112.2,113.4,109.65,110.5,5507089
2019-05-30,110.85,112.6,109.1,110.95,6593199
2019-05-31,110.65,111.4,103.25,105.6,11113120
2019-06-03,105.55,107.95,103.7,107.4,6041163
2019-06-04,106.6,109.25,101.5,101.95,12354853
2019-06-06,102.0,102.5,96.15,96.9,8185203
2019-06-07,96.9,99.5,94.65,98.0,9158318
2019-06-10,98.2,100.05,95.1,97.5,8131104
2019-06-11,98.1,100.75,96.75,100.2,7258807
2019-06-12,100.25,100.6,95.7,97.45,8969912
2019-06-13,97.65,100.4,96.2,99.15,8660208
2019-06-14,99.0,99.2,96.0,96.45,6316694
2019-06-17,96.4,96.7,92.5,92.95,6244890
2019-06-18,93.0,96.0,92.5,94.25,7582808
2019-06-19,94.8,96.4,90.5,92.2,8874853
2019-06-20,91.7,94.95,90.7,94.55,8555560
2019-06-21,94.7,96.45,93.45,95.65,6908566
2019-06-24,95.3,96.05,93.55,95.4,6193925
2019-06-25,94.3,107.2,94.2,104.95,21434592
2019-06-26,102.1,109.8,102.1,108.9,12650023
2019-06-27,107.8,109.7,104.65,106.1,7570073
2019-06-28,106.0,106.0,99.0,99.8,5105879
2019-07-01,99.8,101.8,99.5,101.4,3162395
2019-07-02,102.0,104.5,100.9,103.95,3672260
2019-07-03,102.5,105.1,102.4,104.5,2485011
2019-07-04,104.8,105.4,104.0,104.5,1911817
2019-07-05,105.0,107.4,102.55,104.05,3929565
2019-07-08,102.1,103.7,94.25,95.25,4193579
2019-07-09,95.25,97.5,93.65,95.85,2558680
2019-07-10,95.9,97.5,93.6,94.2,2532690
2019-07-11,95.15,95.8,92.6,95.25,3073607
2019-07-12,95.9,97.9,95.55,96.35,3269098
2019-07-15,96.95,98.25,96.1,97.5,2232278
2019-07-16,97.45,99.45,96.5,98.8,2235517
2019-07-17,98.9,99.85,97.05,98.35,1245321
2019-07-18,97.95,100.0,96.3,98.7,1979292
2019-07-19,100.5,101.5,96.85,98.65,3073673
2019-07-22,98.4,98.4,93.55,94.15,2175233
2019-07-23,94.0,96.0,93.95,95.15,1397364
2019-07-24,95.6,95.9,92.75,94.7,1472108
2019-07-25,94.95,96.35,93.75,94.85,1484718
2019-07-26,95.0,96.75,94.0,95.95,1125384
2019-07-29,96.0,96.65,93.0,93.6,1325539
2019-07-30,93.75,94.25,83.0,85.85,2292783
2019-07-31,84.95,88.35,83.4,87.8,2494087
2019-08-01,86.9,87.45,84.05,86.5,1905727
2019-08-02,84.1,87.7,83.85,86.9,1690563
2019-08-05,86.6,87.0,83.6,84.1,1474043
2019-08-06,83.75,86.4,83.1,85.4,1122686
2019-08-07,86.7,91.5,86.25,87.4,5062735
2019-08-08,88.15,89.5,85.05,86.8,2146921
2019-08-09,87.35,88.65,84.0,84.5,2870401
2019-08-13,84.7,84.8,81.5,82.25,1378543
2019-08-14,82.85,83.45,78.65,79.55,2880722
2019-08-16,79.55,79.75,77.65,78.35,1823348
2019-08-19,78.8,81.2,78.75,79.75,1937953
2019-08-20,79.9,80.0,76.55,78.45,1212146
2019-08-21,78.45,78.5,74.5,75.9,1646813
2019-08-22,75.9,76.0,70.55,70.95,1632387
2019-08-23,70.7,72.4,67.75,70.75,2558224
2019-08-26,72.6,73.7,70.0,73.05,2837218
2019-08-27,73.8,77.35,73.55,76.2,3103360
2019-08-28,76.95,78.5,73.65,75.45,2490168
2019-08-29,74.1,76.8,73.5,75.65,1544138
2019-08-30,75.85,77.0,73.05,73.95,1683164
2019-09-03,72.95,74.7,72.25,72.95,1098390
2019-09-04,72.5,73.6,71.4,73.15,949736
2019-09-05,74.0,74.8,73.6,74.25,928579
2019-09-06,74.4,75.75,74.05,74.6,1105887
2019-09-09,74.8,76.4,73.7,74.95,1277790
2019-09-11,74.95,81.2,74.95,78.55,2373483
2019-09-12,78.6,81.0,78.6,79.45,1698516
2019-09-13,79.7,84.8,78.1,84.5,4058353
2019-09-16,84.1,87.0,83.8,85.95,2854032
2019-09-17,86.0,86.3,83.7,85.05,2425879
2019-09-18,85.1,86.75,84.1,84.65,1248838
2019-09-19,84.95,85.0,82.0,82.55,2792309
2019-09-20,83.0,88.95,82.0,87.15,3077912
2019-09-23,89.9,91.9,87.2,88.95,4508771
2019-09-24,88.4,88.4,83.8,84.25,2639339
2019-09-25,84.55,85.7,83.0,84.25,1602072
2019-09-26,84.35,85.65,83.9,85.0,1040472
2019-09-27,84.5,85.25,82.0,82.45,1002953
2019-09-30,82.05,82.75,79.0,79.05,2643190
2019-10-01,79.65,82.75,79.0,80.6,1488020
2019-10-03,80.35,80.5,79.0,79.65,940763
2019-10-04,80.45,80.45,79.0,79.25,749252
2019-10-07,79.0,79.7,79.0,79.1,715320
2019-10-09,81.5,81.9,79.6,81.35,1889983
2019-10-10,81.2,81.95,80.3,81.4,854392
2019-10-11,81.8,83.25,81.2,82.0,1132698
2019-10-14,82.9,83.5,81.2,81.85,874187
2019-10-15,82.0,82.4,79.05,79.25,1388659
2019-10-16,80.1,81.45,79.05,79.3,1468359
2019-10-17,79.3,80.2,79.05,79.85,785345
2019-10-18,79.5,81.5,79.5,80.65,1799317
2019-10-22,81.6,81.95,79.0,79.3,1328912
2019-10-23,78.95,83.8,78.95,82.6,3870185
2019-10-24,83.05,83.35,80.5,81.95,3026806
2019-10-25,81.95,82.05,79.8,81.45,2339028
2019-10-27,81.55,83.5,81.55,82.6,402657
2019-10-29,82.8,85.0,80.6,83.15,3514798
2019-10-30,83.65,86.0,83.4,84.1,1976526
2019-10-31,84.55,85.7,83.05,83.85,1332774
2019-11-01,84.2,85.2,83.25,84.45,1417378
2019-11-04,85.75,88.9,85.75,87.05,3555021
2019-11-05,87.3,88.8,84.6,85.8,1539859
2019-11-06,85.0,87.75,83.0,84.75,1890926
2019-11-07,86.0,86.7,84.3,85.0,1286145
2019-11-08,84.6,86.85,84.2,85.3,1298543
2019-11-11,85.75,86.8,83.0,84.35,1983806
2019-11-13,84.25,84.35,82.5,82.55,1008622
2019-11-14,81.7,83.4,81.0,82.2,1327617
2019-11-15,81.55,83.4,80.5,82.85,1751721
2019-11-18,83.0,83.05,79.65,79.75,1630306
2019-11-19,79.75,81.4,79.5,79.7,918784
2019-11-20,80.15,80.25,77.75,77.9,1890743
2019-11-21,78.0,80.5,77.35,77.95,1503714
2019-11-22,78.4,79.35,77.1,78.65,873528
2019-11-25,79.3,80.0,78.85,79.65,825396
2019-11-26,79.65,81.2,78.4,79.25,1195728
2019-11-27,78.6,80.5,78.6,79.55,1578537
2019-11-28,79.0,79.8,78.4,78.85,1001302
2019-11-29,80.0,81.8,80.0,80.7,2930135
2019-12-02,80.5,81.3,78.0,78.6,1341101
2019-12-03,78.45,79.25,76.75,77.25,967517
2019-12-04,76.55,77.4,75.9,76.9,681404
2019-12-05,76.95,77.9,75.85,76.25,825195
2019-12-06,76.7,77.0,74.25,74.8,799353
2019-12-09,75.1,75.45,73.45,73.7,776717
2019-12-10,73.9,74.15,72.3,72.8,822372
2019-12-11,73.4,73.8,71.85,72.5,895908
2019-12-12,72.9,73.4,71.4,71.95,870309
2019-12-13,72.1,74.3,72.1,73.3,1752974
2019-12-16,74.0,74.35,71.65,71.9,838356
2019-12-17,72.0,72.85,71.4,71.6,1150260
2019-12-18,71.8,72.3,70.05,71.0,1417119
2019-12-19,71.2,71.65,70.3,70.8,661052
2019-12-20,70.75,71.35,70.3,70.7,733106
2019-12-23,70.75,71.2,70.15,70.6,627436
2019-12-24,70.7,71.0,70.05,70.35,476121
2019-12-26,70.45,70.8,70.05,70.2,496687
2019-12-27,70.4,71.2,69.5,69.9,986306
2019-12-30,70.3,70.9,69.5,69.75,1070873
