date,open,high,low,close,volume
2009-03-05,21.75,21.75,20.4,20.4,25381
2009-03-06,19.0,20.5,18.75,20.0,539019
2009-03-09,20.0,20.5,19.65,20.0,18802
2009-03-12,20.4,20.7,19.5,20.0,15275
2009-03-13,20.1,21.0,20.0,20.0,7835
2009-03-16,20.0,21.25,19.3,21.15,12539
2009-03-17,20.65,21.0,20.0,20.0,30728
2009-03-18,20.55,21.45,20.1,20.2,26166
2009-03-19,20.2,20.75,20.0,20.05,28974
2009-03-20,20.5,22.1,20.5,22.1,79559
2009-03-23,23.25,23.3,20.75,21.35,62371
2009-03-24,22.45,22.45,21.0,21.15,21847
2009-03-25,21.05,21.5,20.5,21.05,40147
2009-03-26,21.25,21.95,20.1,20.55,43089
2009-03-27,20.95,21.5,20.5,20.65,33660
2009-03-30,21.2,21.2,19.65,19.85,23207
2009-03-31,19.75,20.85,19.75,20.55,35694
2009-04-01,22.0,22.0,20.45,20.8,21727
2009-04-02,21.5,22.9,21.2,22.9,259936
2009-04-06,24.8,24.8,21.6,23.25,127215
2009-04-08,23.25,24.7,21.1,24.0,114944
2009-04-09,24.9,25.2,23.25,24.4,97727
2009-04-13,25.0,25.75,24.4,25.2,81268
2009-04-15,24.4,27.75,23.2,27.75,179262
2009-04-16,28.0,29.9,25.05,25.5,217849
2009-04-17,25.95,27.5,25.5,26.8,106438
2009-04-20,28.0,28.05,25.5,25.95,78121
2009-04-21,24.5,26.95,24.5,26.45,58313
2009-04-22,26.6,27.35,25.0,25.3,50593
2009-04-23,25.0,25.75,24.0,25.05,35367
2009-04-24,25.1,26.5,25.0,25.3,142277
2009-04-27,25.8,25.8,24.15,24.55,70054
2009-04-28,25.0,25.0,22.8,23.05,72984
2009-04-29,23.05,23.9,22.25,22.45,62089
2009-05-04,23.05,24.45,22.75,24.0,81610
2009-05-05,23.1,24.7,23.1,24.0,76129
2009-05-06,24.9,24.9,23.5,23.7,55629
2009-05-07,23.8,24.1,23.2,23.45,106304
2009-05-08,24.2,24.2,23.0,23.25,66718
2009-05-11,24.5,24.5,22.65,22.9,44359
2009-05-12,22.4,27.5,22.4,27.5,569507
2009-05-13,28.3,31.4,26.05,27.15,660163
2009-05-14,26.0,28.5,25.7,27.15,144886
2009-05-15,27.6,29.45,26.8,28.0,205091
2009-05-18,30.0,30.0,30.0,30.0,4411
2009-05-19,32.0,36.0,28.0,36.0,625212
2009-05-20,39.4,43.2,38.0,42.9,963605
2009-05-21,43.95,45.9,43.0,45.05,710724
2009-05-22,44.5,47.0,42.1,45.65,329786
2009-05-25,47.0,50.25,45.75,49.5,377613
2009-05-26,51.45,53.0,46.0,46.6,330561
2009-05-27,49.1,51.3,47.15,51.3,6653051
2009-05-28,53.9,54.8,49.3,50.65,568596
2009-05-29,53.0,53.0,49.1,49.9,278562
2009-06-01,51.5,53.0,49.15,49.8,243059
2009-06-02,50.5,51.0,45.4,46.8,261787
2009-06-03,47.4,51.5,47.35,51.45,639714
2009-06-04,50.0,56.6,50.0,56.6,541614
2009-06-05,62.3,62.3,57.9,62.1,521281
2009-06-08,63.95,65.25,59.0,59.0,577379
2009-06-09,58.0,59.95,56.05,57.85,298287
2009-06-10,59.7,60.75,55.0,55.0,347326
2009-06-11,54.5,55.0,52.25,52.25,177703
2009-06-12,54.0,54.0,49.65,49.65,129213
2009-06-15,48.0,48.35,47.2,47.2,77285
2009-06-16,44.85,49.6,44.85,49.6,138608
2009-06-17,52.1,52.1,47.15,47.6,269099
2009-06-18,50.0,50.0,45.25,45.65,123689
2009-06-19,47.4,47.4,43.5,45.4,90147
2009-06-22,45.05,46.85,43.5,44.0,90420
2009-06-23,42.05,43.1,41.8,42.4,93327
2009-06-24,44.0,44.55,42.5,44.55,57701
2009-06-25,46.7,46.8,44.05,44.4,93422
2009-06-26,46.3,46.65,44.15,46.35,98781
2009-06-29,46.5,48.5,46.0,47.1,146261
2009-06-30,47.1,47.1,44.75,44.75,49253
2009-07-01,44.5,44.5,42.55,42.55,58780
2009-07-02,42.45,42.5,40.45,40.45,104346
2009-07-03,38.55,41.6,38.5,39.8,94758
2009-07-06,40.1,40.45,37.85,37.85,89300
2009-07-07,37.85,37.85,36.0,36.45,94848
2009-07-08,36.0,36.0,34.65,34.65,24274
2009-07-09,33.0,36.0,32.95,34.45,93115
2009-07-10,35.5,36.2,34.0,34.35,139181
2009-07-13,33.5,33.9,32.65,33.35,96754
2009-07-14,35.0,35.05,33.2,35.05,56134
2009-07-15,35.8,36.8,35.3,36.8,73931
2009-07-16,38.0,38.65,37.05,38.15,111447
2009-07-17,38.85,39.5,37.55,38.9,126083
2009-07-20,40.8,40.8,38.6,39.6,56014
2009-07-21,39.9,40.5,38.8,39.6,70220
2009-07-22,39.9,40.7,38.35,38.65,103294
2009-07-23,39.95,40.0,38.45,39.15,68526
2009-07-24,39.5,40.0,38.75,39.15,85631
2009-07-27,39.55,40.6,38.55,39.75,161845
2009-07-28,40.35,40.5,39.0,39.25,110292
2009-07-29,38.05,40.4,37.35,38.85,104016
2009-07-30,39.5,40.25,38.6,39.4,185343
2009-07-31,39.05,41.25,39.05,40.2,340082
2009-08-03,41.0,42.25,39.8,42.0,366285
2009-08-04,43.5,44.1,42.5,44.1,218962
2009-08-05,45.45,45.9,41.95,42.35,361607
2009-08-06,42.7,43.0,40.25,40.5,259688
2009-08-07,39.85,40.95,38.5,38.55,137510
2009-08-10,39.8,39.8,36.65,37.05,125577
2009-08-11,37.45,38.75,36.9,37.95,66405
2009-08-12,37.1,38.0,36.05,37.15,100368
2009-08-13,38.0,39.05,38.0,39.05,56390
2009-08-14,39.8,40.2,38.3,39.05,134466
2009-08-17,38.0,38.55,37.1,37.2,56743
2009-08-18,37.0,38.35,36.15,37.85,78109
2009-08-19,38.0,39.75,37.5,39.65,476959
2009-08-20,40.8,40.95,38.75,39.3,174702
2009-08-21,39.1,39.1,37.65,38.1,111504
2009-08-24,39.5,40.05,38.75,40.05,150421
2009-08-25,40.1,40.8,38.6,39.2,192073
2009-08-26,39.2,41.2,39.2,41.1,661348
2009-08-27,41.9,43.2,40.95,43.2,8720910
2009-08-28,45.4,45.4,42.4,45.4,612678
2009-08-31,44.7,47.7,43.25,45.35,880983
2009-09-01,46.6,47.0,42.9,43.1,346763
2009-09-02,41.4,43.25,40.95,41.05,272301
2009-09-03,41.45,43.1,41.35,43.1,165404
2009-09-04,45.3,45.3,44.25,45.3,245548
2009-09-07,49.85,49.85,45.0,49.85,1588215
2009-09-08,52.25,53.3,46.55,47.25,591813
2009-09-09,46.5,48.8,46.0,46.7,188785
2009-09-10,47.1,48.0,45.0,45.7,161405
2009-09-11,46.8,46.8,44.05,44.5,136996
2009-09-14,44.05,46.3,44.05,45.5,167411
2009-09-15,46.0,47.25,45.75,46.2,133583
2009-09-16,46.3,47.5,45.0,45.25,194434
2009-09-17,46.45,46.45,44.0,44.4,399645
2009-09-18,43.7,45.45,43.2,43.55,185422
2009-09-22,43.8,44.9,42.5,42.7,224796
2009-09-23,43.1,44.3,40.9,41.6,226654
2009-09-24,40.3,42.2,40.3,41.85,239316
2009-09-25,41.2,46.05,41.2,46.05,395236
2009-09-29,48.8,50.7,47.6,48.45,1074737
2009-09-30,49.0,49.5,46.6,47.15,245116
2009-10-01,47.3,47.9,46.0,46.15,193923
2009-10-05,45.0,46.95,44.15,44.65,161556
2009-10-06,45.65,45.65,42.55,43.9,161935
2009-10-07,44.1,45.6,43.6,44.05,134966
2009-10-08,45.0,45.0,42.95,43.35,82558
2009-10-09,44.0,44.3,43.05,43.35,106256
2009-10-12,43.45,45.0,43.35,43.65,104250
2009-10-14,44.3,48.05,43.75,48.05,1179889
2009-10-15,50.0,52.75,49.1,49.7,1720558
2009-10-16,49.9,49.9,46.85,47.5,345890
2009-10-17,48.0,48.45,47.1,47.8,71891
2009-10-20,47.95,50.8,46.1,48.55,554460
2009-10-21,46.3,50.25,46.1,48.2,319877
2009-10-22,47.15,49.5,46.5,46.7,223205
2009-10-23,47.5,48.8,45.05,46.45,162654
2009-10-26,46.2,47.5,45.3,45.6,168495
2009-10-27,45.0,45.75,42.8,43.25,206761
2009-10-28,43.0,43.8,41.15,42.85,156180
2009-10-29,40.7,46.4,40.5,43.85,434967
2009-10-30,45.0,45.95,41.5,42.05,258859
2009-11-03,43.55,43.55,39.0,39.55,209931
2009-11-04,41.0,41.8,37.75,40.5,241603
2009-11-05,40.6,41.5,40.0,41.2,129761
2009-11-06,42.7,42.9,41.5,41.8,124708
2009-11-09,42.0,43.9,42.0,42.95,157856
2009-11-10,50.85,50.85,41.5,41.8,183288
2009-11-11,42.0,43.95,41.85,43.2,129806
2009-11-12,42.8,44.0,42.1,42.35,110846
2009-11-13,42.05,42.6,41.0,41.55,141292
2009-11-16,42.0,43.0,42.0,42.3,120110
2009-11-17,42.2,43.4,41.9,42.3,90249
2009-11-18,42.0,42.8,42.0,42.25,66789
2009-11-19,42.1,43.5,41.1,41.35,148739
2009-11-20,41.0,42.45,40.3,41.65,114083
2009-11-23,41.15,42.5,40.6,40.8,97465
2009-11-24,40.8,41.5,40.1,40.6,61237
2009-11-25,40.5,41.5,39.85,40.15,99083
2009-11-26,40.0,40.7,39.45,39.85,74116
2009-11-27,38.9,39.4,37.7,39.2,93009
2009-11-30,39.65,40.7,39.5,39.95,42597
2009-12-01,40.0,41.0,39.8,40.75,47546
2009-12-02,41.3,42.5,40.75,41.15,118952
2009-12-03,41.3,43.15,41.0,41.8,224454
2009-12-04,42.4,44.5,41.25,43.5,449913
2009-12-07,44.5,45.5,43.15,43.35,296800
2009-12-08,42.05,43.8,42.05,43.1,90039
2009-12-09,42.55,43.7,42.5,42.6,78612
2009-12-10,42.9,43.5,42.3,42.95,97842
2009-12-11,44.1,45.95,42.05,42.3,141338
2009-12-14,42.05,42.9,41.15,41.55,76600
2009-12-15,41.25,41.8,40.15,40.3,66713
2009-12-16,40.0,41.25,39.7,40.4,58718
2009-12-17,42.0,43.0,40.3,40.75,195474
2009-12-18,40.6,41.2,39.8,40.0,94548
2009-12-21,40.25,40.8,39.55,39.75,42028
2009-12-22,40.65,40.65,39.75,39.85,41840
2009-12-23,40.0,41.35,40.0,40.85,87188
2009-12-24,41.25,41.5,40.55,40.9,70980
2009-12-29,41.4,41.85,40.6,40.95,131974
2009-12-30,40.35,44.75,40.3,44.25,594653
2009-12-31,45.0,47.7,43.1,47.0,684647
2010-01-04,47.0,48.5,45.55,45.9,255325
2010-01-05,46.9,47.8,46.2,46.65,284341
2010-01-06,47.2,47.5,46.1,46.5,144674
2010-01-07,46.45,46.9,45.15,45.5,115683
2010-01-08,45.4,46.5,45.0,45.1,100420
2010-01-11,45.9,48.1,45.0,46.8,1045244
2010-01-12,47.25,47.3,44.6,44.95,298813
2010-01-13,44.0,45.85,44.0,45.25,129680
2010-01-14,46.4,46.45,45.3,45.5,99242
2010-01-15,45.6,47.8,44.4,46.15,487478
2010-01-18,46.8,46.8,45.5,45.65,175279
2010-01-19,46.2,46.65,44.5,44.85,152933
2010-01-20,45.1,46.7,45.0,45.55,245386
2010-01-21,45.5,47.65,45.0,45.55,572654
2010-01-22,44.0,45.5,43.25,44.3,233970
2010-01-25,44.0,44.5,42.0,42.45,132922
2010-01-27,43.0,43.8,39.0,39.75,208893
2010-01-28,44.0,44.95,41.2,42.0,1033385
2010-01-29,42.0,42.0,39.65,40.4,373692
2010-02-01,41.0,41.9,40.0,40.85,244487
2010-02-02,41.6,41.9,40.1,40.4,149223
2010-02-03,40.9,41.3,40.3,40.75,110960
2010-02-04,40.5,41.0,39.25,39.6,123738
2010-02-05,37.55,38.7,37.5,37.8,156276
2010-02-06,40.0,40.0,38.05,38.3,21375
2010-02-08,38.75,39.25,38.0,38.45,91153
2010-02-09,38.35,38.85,38.05,38.35,45818
2010-02-10,39.0,39.0,38.0,38.15,103172
2010-02-11,38.45,38.75,38.1,38.15,70607
2010-02-15,38.05,38.55,37.75,37.85,71797
2010-02-16,37.85,38.2,36.5,36.9,84256
2010-02-17,37.9,38.4,37.15,37.3,111322
2010-02-18,37.7,43.5,29.85,38.45,2075077
2010-02-19,38.95,41.45,38.55,38.85,681475
2010-02-22,39.35,40.0,37.5,37.8,277812
2010-02-23,38.35,38.35,36.3,36.85,160311
2010-02-24,36.25,37.4,35.9,36.15,152163
2010-02-25,37.1,37.5,36.0,36.25,131890
2010-02-26,35.7,39.0,35.7,37.45,679820
2010-03-02,39.0,39.5,38.15,38.75,212295
2010-03-03,39.3,39.7,38.6,39.0,153020
2010-03-04,39.6,40.5,38.65,39.25,166423
2010-03-05,39.75,39.8,38.75,38.85,149171
2010-03-08,39.95,39.95,38.35,38.45,172361
2010-03-09,38.7,39.05,37.8,38.05,87623
2010-03-10,38.25,38.95,37.25,37.85,139483
2010-03-11,37.3,38.1,36.55,36.8,159899
2010-03-12,37.85,37.85,36.45,36.7,115748
2010-03-15,36.6,36.95,36.0,36.15,121358
2010-03-16,36.3,36.95,36.0,36.2,170837
2010-03-17,36.75,38.0,36.5,37.15,303364
2010-03-18,37.9,38.8,37.3,38.05,287161
2010-03-19,38.1,38.4,37.1,37.25,111175
2010-03-22,36.95,37.75,36.2,36.65,112610
2010-03-23,36.8,37.9,36.5,36.8,73625
2010-03-25,36.45,37.3,36.1,36.85,145239
2010-03-26,36.7,37.15,36.0,36.15,127262
2010-03-29,36.7,36.7,34.8,35.05,224800
2010-03-30,35.95,40.25,35.15,38.0,2123456
2010-03-31,38.4,39.4,37.2,37.75,534627
2010-04-01,38.0,38.9,37.9,38.3,129204
2010-04-05,38.3,40.25,38.3,38.85,337271
2010-04-06,39.25,39.5,38.5,38.7,126060
2010-04-07,38.7,39.5,38.45,39.05,168687
2010-04-08,38.6,40.65,37.9,38.2,436044
2010-04-09,38.8,39.7,38.6,38.8,201201
2010-04-12,38.9,41.3,38.4,39.5,592717
2010-04-13,40.5,41.0,39.3,39.5,597428
2010-04-15,40.9,41.0,38.1,38.35,473189
2010-04-16,38.6,39.95,37.85,38.65,441852
2010-04-19,37.8,38.8,37.45,37.65,229806
2010-04-20,37.95,38.25,37.1,37.65,219648
2010-04-21,38.95,39.4,37.6,38.4,385944
2010-04-22,37.7,38.9,37.7,38.45,157284
2010-04-23,39.6,39.6,37.95,38.1,193412
2010-04-26,38.25,38.9,37.75,37.85,137835
2010-04-27,38.1,38.1,37.0,37.15,158252
2010-04-28,36.9,37.0,36.05,36.25,156516
2010-04-29,36.1,37.6,35.5,36.65,137918
2010-04-30,37.0,37.5,36.7,36.85,139592
2010-05-03,36.75,37.8,36.6,36.95,140430
2010-05-04,36.95,37.35,35.8,35.95,162117
2010-05-05,35.5,35.7,34.6,35.55,132150
2010-05-06,35.3,35.9,35.0,35.45,122694
2010-05-07,34.6,34.9,33.65,33.8,137942
2010-05-10,34.9,35.1,33.9,34.85,122121
2010-05-11,34.85,35.3,34.15,34.35,87633
2010-05-12,34.7,34.9,33.8,34.3,70245
2010-05-13,34.4,34.8,33.5,33.75,131136
2010-05-14,33.4,35.45,33.4,33.65,228730
2010-05-17,33.0,33.6,32.35,33.0,100986
2010-05-18,32.85,34.75,32.85,33.75,262954
2010-05-19,33.1,33.6,31.5,31.85,154837
2010-05-20,32.95,33.0,31.0,31.2,117145
2010-05-21,30.0,31.3,28.1,30.0,195462
2010-05-24,30.5,33.65,30.1,32.5,390641
2010-05-25,31.7,32.6,29.85,30.25,206423
2010-05-26,32.0,34.8,31.4,31.65,893868
2010-05-27,32.0,32.0,31.2,31.65,114098
2010-05-28,32.5,32.5,31.4,31.75,182125
2010-05-31,34.0,38.1,32.9,38.1,2995179
2010-06-01,39.9,45.0,38.25,42.25,11282434
2010-06-02,43.5,43.8,38.9,39.35,4908367
2010-06-03,40.25,42.85,38.1,39.4,8350705
2010-06-04,39.95,40.8,37.85,38.2,2551196
2010-06-07,37.8,37.8,35.25,35.95,1594458
2010-06-08,36.85,38.5,35.9,36.15,2707030
2010-06-09,36.6,37.5,35.4,35.6,1241583
2010-06-10,35.8,36.5,35.1,35.6,892424
2010-06-11,36.1,36.9,35.3,35.5,1079207
2010-06-14,35.95,36.45,35.35,35.5,838345
2010-06-15,35.75,35.9,35.25,35.4,554833
2010-06-16,35.6,36.7,35.5,35.7,939912
2010-06-17,35.8,36.45,35.55,35.8,625235
2010-06-18,36.1,36.4,35.0,35.1,808989
2010-06-21,35.8,35.95,35.25,35.4,500380
2010-06-22,35.7,35.8,34.6,34.9,481403
2010-06-23,34.7,35.15,34.5,34.65,299494
2010-06-24,34.6,36.0,34.6,35.2,672078
2010-06-25,35.1,35.2,34.5,34.65,295065
2010-06-28,34.75,35.35,34.5,34.7,414440
2010-06-29,34.75,37.3,34.65,36.75,2093930
2010-06-30,36.25,37.5,36.1,36.6,1288052
2010-07-01,36.0,37.35,36.0,36.7,826563
2010-07-02,36.6,37.4,36.15,36.45,455881
2010-07-05,36.0,37.1,35.9,36.1,538743
2010-07-06,36.3,36.85,36.1,36.25,241535
2010-07-07,36.45,37.85,36.25,37.0,3788601
2010-07-08,37.6,37.75,36.6,36.7,597784
2010-07-09,36.7,37.7,36.55,36.95,706389
2010-07-12,37.0,37.45,36.6,36.8,354255
2010-07-13,37.0,37.45,36.6,36.75,510443
2010-07-14,37.0,37.1,35.65,36.0,339691
2010-07-15,35.5,36.3,35.5,35.75,171593
2010-07-16,36.0,36.35,35.75,36.0,474261
2010-07-19,35.8,36.3,35.65,35.7,276056
2010-07-20,35.7,35.9,35.3,35.5,239280
2010-07-21,35.8,35.9,35.15,35.35,180351
2010-07-22,35.05,35.75,35.0,35.25,269476
2010-07-23,35.5,35.65,34.65,34.85,230132
2010-07-26,35.1,35.1,34.1,34.15,166966
2010-07-27,34.5,34.5,33.65,33.9,245067
2010-07-28,34.2,34.9,33.1,33.35,594875
2010-07-29,34.05,34.35,33.0,33.9,472645
2010-07-30,34.0,34.0,32.9,33.05,186620
2010-08-02,34.75,34.9,33.05,33.25,158723
2010-08-03,33.4,33.9,33.1,33.35,200566
2010-08-04,33.2,33.85,33.2,33.45,145079
2010-08-05,33.75,35.4,33.4,34.4,732839
2010-08-06,34.5,34.75,33.55,33.7,186162
2010-08-09,33.95,34.9,33.75,34.25,317544
2010-08-10,34.4,34.55,33.85,34.1,140839
2010-08-11,34.0,37.4,34.0,35.7,2105651
2010-08-12,35.2,36.2,34.7,35.15,387324
2010-08-13,35.5,35.9,34.5,34.6,238176
2010-08-16,34.5,35.0,34.0,34.1,167746
2010-08-17,34.0,34.75,33.5,34.35,205704
2010-08-18,34.6,34.7,34.0,34.1,155658
2010-08-19,34.1,35.25,34.1,34.6,229782
2010-08-20,34.3,34.9,33.9,34.1,166984
2010-08-23,34.1,34.85,34.1,34.6,172664
2010-08-24,34.5,34.85,33.9,34.0,100192
2010-08-25,34.0,34.45,33.5,33.75,257696
2010-08-26,34.1,34.2,33.3,33.45,94857
2010-08-27,33.5,33.9,32.85,33.05,152251
2010-08-30,33.4,34.0,32.5,32.65,108647
2010-08-31,32.5,32.6,31.7,31.9,136349
2010-09-01,32.3,33.15,32.0,32.35,217875
2010-09-02,32.6,32.9,32.25,32.45,118416
2010-09-03,32.5,33.5,32.4,32.95,178972
2010-09-06,33.5,33.85,33.1,33.3,123729
2010-09-07,33.45,34.0,33.3,33.6,137292
2010-09-08,33.9,33.9,33.2,33.35,141960
2010-09-09,33.7,35.15,33.5,33.9,430626
2010-09-13,34.75,34.85,34.05,34.25,233390
2010-09-14,34.5,34.85,33.55,33.7,159252
2010-09-15,33.7,33.9,33.3,33.55,88495
2010-09-16,34.0,34.7,33.35,34.1,335815
2010-09-17,34.3,34.5,33.75,33.95,154317
2010-09-20,34.0,36.45,33.75,35.1,512653
2010-09-21,35.1,37.1,34.2,36.5,1027735
2010-09-22,37.0,37.35,35.1,35.35,484090
2010-09-23,35.55,36.9,35.1,36.05,459087
2010-09-24,37.2,38.85,36.8,37.05,3045405
2010-09-27,37.4,44.5,37.0,43.3,11535502
2010-09-28,45.7,45.7,37.4,37.8,11520882
2010-09-29,38.7,39.5,37.15,37.65,4908874
2010-09-30,37.5,38.3,37.0,37.2,1172023
2010-10-01,37.6,38.8,36.0,38.3,2315709
2010-10-04,39.0,39.0,37.5,37.75,1477922
2010-10-05,38.55,41.3,37.5,39.3,5152223
2010-10-06,39.75,46.8,39.65,46.05,19668380
2010-10-07,47.05,47.8,41.0,41.75,20838340
2010-10-08,38.0,43.4,38.0,40.3,11525048
2010-10-11,43.95,44.5,40.4,41.3,5631279
2010-10-12,41.65,41.65,38.8,39.55,5209520
2010-10-13,40.0,41.25,39.3,40.0,5201050
2010-10-14,40.75,40.8,39.15,40.25,3973128
2010-10-15,40.9,44.4,40.6,42.5,20474260
2010-10-18,43.1,44.25,42.8,43.85,9027562
2010-10-19,44.4,46.95,44.25,45.85,17983354
2010-10-20,46.0,46.95,43.6,44.0,9336537
2010-10-21,44.55,45.7,42.5,42.8,10375656
2010-10-22,43.3,43.4,40.6,40.8,5021153
2010-10-25,41.4,41.85,40.4,40.9,3820030
2010-10-26,41.0,41.25,39.7,39.95,2916810
2010-10-27,40.35,41.3,39.5,40.05,4054593
2010-10-28,40.6,40.6,38.8,39.2,1821077
2010-10-29,39.2,39.7,38.2,38.8,2473877
2010-11-01,39.45,39.45,38.15,38.5,1551092
2010-11-02,38.8,40.4,37.9,39.6,3145887
2010-11-03,39.9,41.85,39.6,40.3,5781233
2010-11-04,40.75,40.75,39.7,40.05,2213773
2010-11-05,40.45,40.8,40.1,40.55,713512
2010-11-08,40.8,40.85,39.65,39.95,1760800
2010-11-09,40.5,41.6,39.7,40.95,4716182
2010-11-10,41.0,42.0,40.5,40.7,3576043
2010-11-11,41.0,41.15,39.1,39.5,2333409
2010-11-12,39.85,39.95,38.1,38.3,1999397
2010-11-15,38.5,38.9,37.4,37.8,1479399
2010-11-16,38.0,38.45,35.7,36.2,1868678
2010-11-18,37.55,39.2,35.45,36.8,3654384
2010-11-19,36.6,37.05,34.15,34.8,1988821
2010-11-22,35.45,35.7,33.7,35.0,1189976
2010-11-23,34.7,34.9,33.3,34.05,1460479
2010-11-24,34.05,34.85,33.1,33.5,1122551
2010-11-25,33.5,33.8,32.3,32.5,1050210
2010-11-26,32.0,32.7,26.25,29.95,4081180
2010-11-29,30.05,32.25,29.3,31.2,1960283
2010-11-30,31.0,33.75,30.15,33.55,2329324
2010-12-01,33.9,34.6,33.2,33.85,1083095
2010-12-02,34.25,34.6,33.3,33.7,1001212
2010-12-03,34.6,35.4,32.6,32.8,1884462
2010-12-06,33.4,33.65,32.45,32.7,576216
2010-12-07,32.6,32.7,31.6,31.85,766081
2010-12-08,31.8,33.1,30.85,31.1,1141946
2010-12-09,31.4,31.6,27.35,28.25,1678473
2010-12-10,28.5,30.1,27.3,29.65,1059835
2010-12-13,30.3,33.25,30.1,32.95,6414346
2010-12-14,33.75,34.7,33.25,33.75,2284707
2010-12-15,34.15,34.15,32.1,32.7,1347858
2010-12-16,32.7,33.0,30.7,31.0,1356098
2010-12-20,31.4,31.75,30.5,31.15,948220
2010-12-21,31.45,31.75,31.0,31.4,582320
2010-12-22,31.75,31.95,31.15,31.45,583598
2010-12-23,31.25,32.2,31.0,31.5,932998
2010-12-24,31.4,31.6,31.2,31.35,397610
2010-12-27,31.65,32.0,31.25,31.4,459194
2010-12-28,31.5,33.1,30.8,32.8,1984602
2010-12-29,32.9,33.5,32.35,33.3,1139564
2010-12-30,33.5,33.95,32.6,33.0,1239522
2011-01-03,33.5,34.55,33.15,34.1,1141000
2011-01-04,34.5,34.5,33.3,33.45,762412
2011-01-05,33.5,34.25,32.55,33.6,926678
2011-01-06,34.0,34.2,33.0,34.0,924382
2011-01-07,34.2,34.2,31.35,31.7,962557
2011-01-10,31.7,32.7,30.0,30.15,787657
2011-01-11,30.0,30.9,29.2,29.65,995012
2011-01-12,29.95,30.7,29.4,30.1,895267
2011-01-13,30.3,30.45,29.6,29.95,740273
2011-01-14,30.0,30.5,29.05,29.35,521087
2011-01-17,29.1,29.45,28.2,28.45,388106
2011-01-18,28.7,29.15,28.0,28.3,340933
2011-01-19,28.45,29.35,28.25,28.55,483310
2011-01-20,28.3,28.65,27.7,28.2,421001
2011-01-21,28.1,28.95,28.1,28.5,315077
2011-01-24,28.7,29.15,28.1,28.35,434993
2011-01-25,28.6,28.9,28.05,28.15,345721
2011-01-27,28.1,28.5,27.15,27.4,485207
2011-01-28,27.25,27.5,25.35,25.95,1007021
2011-01-31,25.05,26.1,24.4,25.85,1106335
2011-02-01,25.85,26.45,24.0,24.5,946773
2011-02-02,24.95,25.05,24.45,24.55,629033
2011-02-03,24.6,25.05,24.0,24.9,504927
2011-02-04,25.0,25.5,24.0,24.2,513599
2011-02-07,24.2,24.3,23.15,23.7,362546
2011-02-08,24.0,24.1,23.0,23.1,379611
2011-02-09,22.85,23.4,20.5,21.0,725576
2011-02-10,21.1,21.6,19.95,20.95,987402
2011-02-11,21.25,24.4,21.0,24.05,1180850
2011-02-14,25.0,25.4,24.05,24.65,616010
2011-02-15,24.95,24.95,23.85,24.3,438342
2011-02-16,24.5,24.8,24.05,24.5,268918
2011-02-17,24.25,25.35,24.25,24.65,461402
2011-02-18,24.65,26.4,23.9,24.05,1600653
2011-02-21,24.0,24.35,23.5,23.75,260753
2011-02-22,23.55,24.3,23.05,23.35,364934
2011-02-23,23.25,23.75,23.05,23.25,347461
2011-02-24,23.1,23.1,22.0,22.1,316645
2011-02-25,22.3,22.6,21.45,21.7,391968
2011-02-28,21.95,23.0,21.85,22.4,431891
2011-03-01,22.6,23.95,22.45,23.8,680777
2011-03-03,23.8,23.8,23.15,23.5,307352
2011-03-04,23.8,24.35,23.25,23.4,346469
2011-03-07,23.05,23.4,22.1,22.35,321792
2011-03-08,22.5,22.8,22.1,22.45,371260
2011-03-09,22.65,22.9,22.3,22.65,516002
2011-03-10,22.7,24.1,22.45,22.95,772239
2011-03-11,22.75,23.3,22.1,22.15,492233
2011-03-14,22.3,22.5,21.95,22.25,399517
2011-03-15,22.0,22.0,20.9,21.25,636437
2011-03-16,21.95,25.2,21.65,24.85,4754710
2011-03-17,24.85,25.6,24.0,24.2,2629176
2011-03-18,24.6,24.7,23.4,23.55,823434
2011-03-21,23.6,24.5,22.35,23.9,915970
2011-03-22,24.5,24.85,23.6,23.85,1086763
2011-03-23,23.35,24.3,23.25,23.65,606618
2011-03-24,23.9,24.15,23.6,23.75,457978
2011-03-25,23.9,24.15,23.35,23.8,584070
2011-03-28,24.5,24.5,23.3,23.4,646516
2011-03-29,23.5,23.8,22.8,23.0,681536
2011-03-30,23.0,26.0,23.0,25.35,2368514
2011-03-31,25.1,25.8,23.9,24.05,751199
2011-04-01,24.05,25.7,23.7,25.1,721908
2011-04-04,25.2,26.45,24.85,25.7,1394747
2011-04-05,25.9,28.55,25.4,28.15,3632970
2011-04-06,28.25,28.95,26.85,28.05,2937237
2011-04-07,28.2,30.4,27.6,30.0,3713324
2011-04-08,30.0,30.9,28.6,29.15,1675005
2011-04-11,28.9,29.0,27.3,27.5,970321
2011-04-13,27.2,30.1,26.6,29.6,2074879
2011-04-15,29.7,30.6,28.7,29.15,1585678
2011-04-18,29.15,33.7,28.95,32.4,8106415
2011-04-19,32.75,33.95,31.25,31.95,5987134
2011-04-20,32.45,33.35,31.75,32.35,2553986
2011-04-21,32.35,32.85,30.7,31.5,2808231
2011-04-25,31.2,31.7,30.3,30.55,1437486
2011-04-26,30.3,31.15,29.45,29.65,1360148
2011-04-27,29.5,31.6,29.15,30.7,2423838
2011-04-28,30.95,31.2,29.7,29.8,933192
2011-04-29,30.0,30.4,28.3,28.6,1013903
2011-05-02,28.9,29.15,28.0,28.15,792510
2011-05-03,28.45,28.7,26.8,26.9,873818
2011-05-04,26.8,26.8,25.7,25.9,1063574
2011-05-05,26.55,27.4,25.4,25.7,1400653
2011-05-06,25.95,27.15,25.8,26.45,911973
2011-05-09,28.25,28.25,26.05,26.55,433188
2011-05-10,26.7,27.1,26.1,26.35,471318
2011-05-11,27.5,28.0,26.85,27.05,1633159
2011-05-12,26.8,26.8,25.6,25.85,780229
2011-05-13,25.8,26.75,25.7,26.15,665253
2011-05-16,26.0,26.1,25.4,25.5,417004
2011-05-17,25.4,26.15,24.85,25.2,578620
2011-05-18,25.4,25.5,24.4,24.6,453326
2011-05-19,24.6,25.0,24.1,24.25,389204
2011-05-20,24.25,24.7,24.05,24.35,416454
2011-05-23,24.1,25.3,24.0,24.05,500358
2011-05-24,24.1,24.45,23.95,24.1,398174
2011-05-25,24.05,24.55,23.55,23.75,367177
2011-05-26,23.85,24.75,23.85,24.05,606315
2011-05-27,24.3,24.6,23.95,24.15,538103
2011-05-30,24.3,24.6,24.15,24.3,364202
2011-05-31,24.3,25.3,24.3,25.15,712067
2011-06-01,25.3,25.75,24.9,25.45,847588
2011-06-02,25.0,25.35,24.6,24.85,604964
2011-06-03,25.2,26.4,25.1,25.35,1550557
2011-06-06,25.2,25.3,24.6,24.95,397483
2011-06-07,24.95,25.25,24.5,25.05,443314
2011-06-08,24.8,25.45,24.75,24.95,420106
2011-06-09,24.95,25.3,24.6,24.8,367997
2011-06-10,24.7,25.0,24.25,24.45,349598
2011-06-13,24.2,24.7,24.15,24.45,314179
2011-06-14,24.35,24.9,24.25,24.5,395342
2011-06-15,24.6,25.35,24.35,24.6,827199
2011-06-16,24.4,24.6,23.9,24.0,630903
2011-06-17,23.9,24.3,23.35,23.55,431870
2011-06-20,23.55,23.55,21.4,21.95,572924
2011-06-21,22.0,22.6,21.5,21.75,481556
2011-06-22,22.05,22.1,21.5,21.65,292519
2011-06-23,21.55,22.15,21.55,21.75,365205
2011-06-24,21.75,22.45,21.75,22.35,541235
2011-06-27,22.05,22.9,22.05,22.45,482049
2011-06-28,22.7,23.15,22.6,22.7,444060
2011-06-29,23.0,23.2,22.7,23.0,442289
2011-06-30,23.15,23.5,22.75,22.9,393220
2011-07-01,23.0,23.3,22.85,22.95,307325
2011-07-04,23.15,23.45,22.45,22.6,865644
2011-07-05,22.65,23.8,22.5,23.35,1185964
2011-07-06,23.3,23.7,23.0,23.1,385781
2011-07-07,23.05,23.6,23.05,23.3,446560
2011-07-08,23.5,23.6,22.9,23.0,389648
2011-07-11,22.85,23.1,22.65,22.75,195194
2011-07-12,22.85,22.85,21.45,21.75,550367
2011-07-13,21.7,23.15,21.7,22.85,546742
2011-07-14,22.85,23.3,22.6,23.1,572440
2011-07-15,23.05,23.3,22.25,22.4,637758
2011-07-18,22.5,22.85,22.25,22.55,315651
2011-07-19,22.5,24.6,22.5,23.85,1434213
2011-07-20,24.25,24.25,22.55,22.8,524578
2011-07-21,22.65,23.1,22.5,22.65,322395
2011-07-22,23.15,23.75,22.6,23.25,984082
2011-07-25,23.25,23.5,22.9,23.2,322357
2011-07-26,23.25,23.4,22.65,22.8,299862
2011-07-27,23.1,23.4,22.45,22.95,372557
2011-07-28,22.95,22.95,22.4,22.5,263368
2011-07-29,22.0,22.65,21.7,21.8,510370
2011-08-01,21.95,22.25,21.3,21.5,257514
2011-08-02,22.55,23.45,21.55,21.7,2195415
2011-08-03,21.4,21.85,20.85,21.5,579346
2011-08-04,21.3,22.2,20.75,20.95,663813
2011-08-05,20.9,20.9,18.75,19.5,1533598
2011-08-08,19.0,19.5,18.0,18.8,649227
2011-08-09,18.25,19.5,17.75,19.0,848726
2011-08-10,19.75,20.3,19.15,19.6,323195
2011-08-11,19.6,19.7,19.0,19.25,288877
2011-08-12,19.4,19.65,18.9,19.05,296708
2011-08-16,19.2,19.35,18.15,18.4,293193
2011-08-17,18.5,19.0,16.9,18.15,1023135
2011-08-18,18.15,18.55,17.8,18.0,447321
2011-08-19,17.75,18.25,17.3,17.8,422491
2011-08-22,17.7,18.25,17.7,18.05,232520
2011-08-23,18.25,18.9,18.0,18.25,269638
2011-08-24,18.35,18.5,18.0,18.1,166678
2011-08-25,18.45,18.45,17.75,17.85,141878
2011-08-26,17.85,17.95,17.1,17.3,250370
2011-08-29,17.4,18.5,17.4,18.3,214095
2011-08-30,18.4,18.65,17.9,18.0,288664
2011-09-02,18.35,18.4,17.9,18.05,144695
2011-09-05,17.85,18.3,17.85,18.1,185052
2011-09-06,18.05,18.5,17.9,18.2,274150
2011-09-07,18.4,19.35,18.2,18.9,494870
2011-09-08,18.9,19.3,18.65,18.85,234693
2011-09-09,18.85,19.1,18.35,18.45,265687
2011-09-12,18.4,18.45,17.95,18.05,270192
2011-09-13,18.05,18.5,17.95,18.0,178107
2011-09-14,18.0,18.3,17.95,18.1,179046
2011-09-15,18.1,18.3,18.0,18.15,127282
2011-09-16,18.25,18.75,18.1,18.25,226129
2011-09-19,19.0,19.0,18.05,18.2,110937
2011-09-20,18.2,19.1,18.2,18.65,285245
2011-09-21,17.75,19.35,17.75,18.65,270287
2011-09-22,18.45,18.8,17.95,18.05,205513
2011-09-23,17.75,17.85,17.45,17.55,243102
2011-09-26,17.6,17.7,16.6,16.9,255476
2011-09-27,17.3,17.5,17.0,17.15,143385
2011-09-28,17.25,17.25,16.75,16.8,131828
2011-09-29,16.8,17.1,16.5,16.85,80606
2011-09-30,16.9,17.2,16.55,16.6,169185
2011-10-03,16.5,16.5,16.1,16.2,113272
2011-10-04,16.1,16.5,15.6,15.8,157559
2011-10-05,16.0,16.35,15.55,16.0,132584
2011-10-07,16.5,16.6,15.85,15.95,270459
2011-10-10,16.0,16.3,15.95,16.2,75449
2011-10-11,16.35,16.6,16.05,16.15,106215
2011-10-12,16.1,16.35,16.1,16.25,105801
2011-10-13,16.3,16.8,15.1,16.1,775387
2011-10-14,16.0,16.6,16.0,16.45,143073
2011-10-17,16.5,16.7,16.25,16.3,256104
2011-10-18,16.15,16.2,15.7,15.8,173186
2011-10-19,16.0,16.35,15.9,16.05,139004
2011-10-20,16.0,16.0,15.4,15.75,126713
2011-10-21,15.65,16.05,15.25,15.75,121113
2011-10-24,16.05,16.2,15.5,15.6,330554
2011-10-25,15.6,15.9,15.25,15.35,152896
2011-10-26,15.9,15.9,15.3,15.7,55946
2011-10-28,15.7,16.7,15.7,16.6,429873
2011-10-31,16.8,19.5,16.5,18.95,1497856
2011-11-01,18.85,19.5,18.25,18.35,639237
2011-11-02,18.1,18.35,17.55,17.9,325185
2011-11-03,17.7,19.15,17.7,18.65,411098
2011-11-04,18.6,19.1,18.3,18.5,191695
2011-11-08,18.5,18.9,18.4,18.55,132418
2011-11-09,18.9,18.9,17.55,17.65,159547
2011-11-11,17.5,17.55,16.6,16.8,331400
2011-11-14,17.3,17.4,16.2,16.3,234916
2011-11-15,16.6,16.6,15.85,15.95,264187
2011-11-16,16.0,16.4,15.6,16.0,183468
2011-11-17,16.35,16.35,15.8,15.9,104598
2011-11-18,16.0,16.0,15.15,15.65,144212
2011-11-21,15.85,15.95,15.2,15.3,131537
2011-11-22,15.5,15.8,14.9,15.1,248370
2011-11-23,15.95,15.95,14.65,14.95,222304
2011-11-24,15.1,15.45,14.8,15.1,162371
2011-11-25,15.2,16.25,14.8,15.7,394137
2011-11-28,16.2,17.5,16.05,16.6,334424
2011-11-29,16.95,17.9,15.55,15.85,450993
2011-11-30,15.9,15.9,15.2,15.25,192096
2011-12-01,16.1,16.1,15.35,15.45,223113
2011-12-02,15.35,15.65,15.3,15.55,206586
2011-12-05,15.5,15.75,15.2,15.45,116161
2011-12-07,15.7,15.7,15.25,15.35,297373
2011-12-08,15.35,15.45,14.85,14.9,236365
2011-12-09,14.8,15.15,14.55,14.9,118996
2011-12-12,14.9,15.2,14.5,14.6,105524
2011-12-13,14.6,15.1,14.25,14.35,134805
2011-12-14,14.25,14.45,13.8,14.0,193975
2011-12-15,14.0,14.0,12.95,13.4,452216
2011-12-16,13.4,13.8,12.3,12.6,333061
2011-12-19,12.4,13.0,12.05,12.15,171268
2011-12-20,12.15,12.5,11.6,11.85,266920
2011-12-21,12.0,12.4,11.8,12.1,166830
2011-12-22,12.0,12.9,11.7,12.25,326156
2011-12-23,12.25,12.5,12.1,12.25,210264
2011-12-26,12.5,12.95,12.2,12.45,137801
2011-12-27,12.4,12.5,12.1,12.2,81428
2011-12-28,12.2,12.4,11.8,12.1,164649
2011-12-29,12.0,13.15,11.9,12.35,3738162
2011-12-30,12.25,12.7,11.75,11.9,289360
2012-01-02,11.9,12.15,11.5,11.7,201596
2012-01-03,11.7,12.25,11.7,12.0,873815
2012-01-04,12.5,12.75,12.0,12.1,1087743
2012-01-05,11.7,12.5,11.7,12.1,434234
2012-01-06,12.0,12.2,11.9,12.15,251296
2012-01-07,12.4,12.7,12.15,12.55,178958
2012-01-09,12.5,12.9,12.1,12.55,418018
2012-01-10,12.7,13.1,12.65,12.95,1084686
2012-01-11,12.7,14.15,12.7,13.25,2729402
2012-01-12,13.25,13.5,12.55,12.9,1097202
2012-01-13,12.9,13.65,12.9,13.15,1202793
2012-01-16,13.15,13.5,12.9,13.4,691634
2012-01-17,13.4,13.8,13.35,13.4,512232
2012-01-18,13.55,13.65,12.75,12.95,598701
2012-01-19,12.55,13.3,12.55,13.15,371040
2012-01-20,13.1,14.0,13.05,13.4,1661067
2012-01-23,13.4,15.5,13.15,15.0,3843380
2012-01-24,15.2,15.35,14.35,14.5,1461579
2012-01-25,14.5,15.2,14.25,14.8,1181274
2012-01-27,14.8,15.75,14.8,15.4,1276675
2012-01-30,15.3,15.4,14.6,14.65,484932
2012-01-31,14.7,15.1,14.6,14.85,351846
2012-02-01,14.9,16.5,14.9,16.1,1804046
2012-02-02,16.45,16.6,15.7,15.9,1741056
2012-02-03,16.1,16.45,15.85,16.15,864315
2012-02-06,16.35,17.75,16.3,16.9,2597120
2012-02-07,17.2,17.4,16.35,16.55,1834863
2012-02-08,16.55,17.0,16.05,16.35,869732
2012-02-09,16.35,16.75,16.25,16.65,303947
2012-02-10,16.5,16.95,16.4,16.65,548701
2012-02-13,16.85,17.1,16.35,16.4,480147
2012-02-14,16.55,16.95,16.3,16.65,488804
2012-02-15,16.9,17.25,16.7,16.95,899663
2012-02-16,16.9,18.85,16.8,18.35,2245657
2012-02-17,17.8,19.9,17.8,18.4,1535723
2012-02-21,18.5,19.1,18.35,18.45,621679
2012-02-22,18.6,18.95,17.05,17.2,725098
2012-02-23,17.2,17.5,16.65,17.05,422185
2012-02-24,17.2,17.45,16.7,17.05,315737
2012-02-27,16.9,16.95,15.9,16.05,430243
2012-02-28,16.3,17.05,16.1,16.85,280977
2012-02-29,17.6,19.25,17.2,18.3,3180179
2012-03-01,18.15,18.5,17.65,17.85,732131
2012-03-02,18.05,18.15,17.3,17.55,493081
2012-03-03,17.55,17.65,17.45,17.55,109908
2012-03-05,17.5,17.5,16.9,17.05,291934
2012-03-06,17.0,17.45,16.15,16.35,345427
2012-03-07,16.5,16.55,16.0,16.15,239094
2012-03-09,16.35,16.85,16.15,16.3,392182
2012-03-12,16.05,16.7,16.05,16.3,331982
2012-03-13,16.15,16.85,16.15,16.6,517280
2012-03-14,16.7,17.15,16.65,16.75,624649
2012-03-15,16.15,16.75,16.05,16.15,509118
2012-03-16,16.65,17.2,15.75,15.95,2328912
2012-03-19,16.05,16.35,15.3,15.45,537019
2012-03-20,15.05,15.95,15.05,15.5,446710
2012-03-21,15.5,15.8,15.3,15.65,457552
2012-03-22,15.55,15.95,14.9,15.0,306501
2012-03-23,14.9,15.2,14.8,14.9,373573
2012-03-26,14.7,15.0,12.25,14.4,488364
2012-03-27,14.15,14.75,14.15,14.35,639024
2012-03-28,14.25,14.6,14.0,14.05,524725
2012-03-29,13.8,14.6,13.8,14.35,727202
2012-03-30,14.25,16.15,14.25,15.6,600551
2012-04-02,15.45,16.3,15.4,16.15,274659
2012-04-03,16.05,16.4,15.8,16.0,328342
2012-04-04,16.1,16.4,15.8,15.85,262524
2012-04-09,15.75,15.75,15.25,15.35,184055
2012-04-10,15.35,15.8,15.2,15.5,173593
2012-04-11,15.25,16.1,15.25,15.5,271239
2012-04-12,15.7,15.95,15.25,15.3,389630
2012-04-13,15.9,15.9,15.1,15.15,284186
2012-04-16,15.0,15.35,15.0,15.15,183252
2012-04-17,15.15,15.35,15.05,15.25,164065
2012-04-18,15.05,15.6,14.65,14.75,682062
2012-04-19,14.95,14.95,14.4,14.5,329876
2012-04-20,14.35,14.7,14.25,14.35,186173
2012-04-23,14.15,14.65,14.0,14.05,224628
2012-04-24,14.15,14.2,13.55,13.75,272410
2012-04-25,14.0,14.3,13.75,13.95,249427
2012-04-26,14.0,14.15,13.65,13.85,119149
2012-04-27,14.0,14.15,13.65,13.8,177796
2012-04-28,13.6,14.0,13.6,13.85,12155
2012-04-30,14.1,14.15,13.8,13.9,128427
2012-05-02,13.9,14.1,13.8,13.9,152516
2012-05-03,13.9,13.9,13.45,13.65,141514
2012-05-04,13.7,14.0,13.0,13.55,4178857
2012-05-07,13.4,13.8,13.0,13.5,3768225
2012-05-08,13.75,13.95,13.2,13.3,599812
2012-05-09,13.3,13.7,12.85,12.95,675407
2012-05-10,12.8,13.2,12.55,12.65,536905
2012-05-11,12.5,12.85,12.3,12.55,342810
2012-05-14,12.6,12.85,12.2,12.3,416687
2012-05-15,12.35,12.65,12.2,12.4,513357
2012-05-16,12.4,12.4,12.05,12.15,170141
2012-05-17,12.35,12.4,12.15,12.2,239191
2012-05-18,12.0,12.5,12.0,12.2,243703
2012-05-21,12.35,12.55,12.05,12.1,317724
2012-05-22,12.2,12.35,11.8,11.95,364881
2012-05-23,12.0,12.1,11.5,11.65,458294
2012-05-24,11.65,12.1,11.65,11.9,270034
2012-05-25,12.4,12.85,12.05,12.15,1540934
2012-05-28,12.25,12.3,11.9,12.25,272094
2012-05-29,12.3,12.3,12.0,12.05,319959
2012-05-30,12.1,12.2,11.9,12.0,526150
2012-05-31,11.9,12.55,11.35,11.95,4207752
2012-06-01,12.05,12.3,11.6,11.85,556680
2012-06-04,11.95,12.0,11.5,11.7,208090
2012-06-05,11.8,12.05,11.7,11.85,163820
2012-06-06,12.0,12.4,11.7,12.15,484595
2012-06-07,12.3,12.7,12.1,12.2,960996
2012-06-08,12.25,14.2,12.05,13.8,3770179
2012-06-11,14.0,14.0,12.5,12.85,5161779
2012-06-12,12.8,13.35,12.75,12.8,2205038
2012-06-13,12.9,13.0,12.6,12.7,1277088
2012-06-14,12.85,12.9,12.1,12.25,1340606
2012-06-15,12.25,12.35,11.95,12.0,1320678
2012-06-18,12.1,12.3,11.9,12.0,816571
2012-06-19,12.0,12.05,11.75,11.9,498353
2012-06-20,12.0,12.05,11.8,11.85,752126
2012-06-21,11.95,12.3,11.85,12.0,1681603
2012-06-22,12.0,12.1,11.8,12.0,929579
2012-06-25,12.15,12.45,11.9,11.95,3106835
2012-06-26,12.0,12.05,11.9,12.0,836468
2012-06-27,12.0,12.05,11.9,11.95,1258958
2012-06-28,12.1,13.65,11.95,12.85,12600048
2012-06-29,12.85,13.05,12.35,12.6,6452006
2012-07-02,12.75,12.9,12.4,12.45,7982124
2012-07-03,13.0,13.45,12.65,13.05,11580685
2012-07-04,13.15,13.95,13.15,13.8,6952324
2012-07-05,13.8,14.7,13.6,14.05,12465238
2012-07-06,14.1,14.2,13.4,13.5,7152069
2012-07-09,13.55,13.6,12.95,13.05,3173685
2012-07-10,13.0,13.65,13.0,13.3,3901663
2012-07-11,13.3,13.55,12.95,13.05,3030385
2012-07-12,13.05,13.05,12.5,12.8,3683988
2012-07-13,13.0,13.35,12.8,12.85,2948703
2012-07-16,13.0,13.2,12.75,12.85,3081446
2012-07-17,13.0,13.2,12.75,12.8,2219606
2012-07-18,12.9,13.0,12.6,12.85,2435736
2012-07-19,13.0,13.25,12.9,13.05,3485226
2012-07-20,13.2,13.25,12.75,13.1,3701707
2012-07-23,12.6,14.4,12.6,13.85,17212172
2012-07-24,13.9,14.05,13.2,13.4,5174546
2012-07-25,13.3,13.6,12.95,13.15,4073988
2012-07-26,13.2,13.3,12.65,12.75,3783814
2012-07-27,13.05,13.15,12.5,12.7,3060543
2012-07-30,12.95,13.0,12.75,12.9,1438035
2012-07-31,13.0,13.2,12.8,13.05,2430398
2012-08-01,13.25,13.35,13.05,13.15,2956554
2012-08-02,12.75,13.1,12.25,13.05,4662709
2012-08-03,12.85,13.2,12.8,13.0,4162351
2012-08-06,13.25,13.35,13.05,13.1,1446472
2012-08-07,13.15,13.95,13.1,13.7,5096198
2012-08-08,14.0,14.1,13.35,13.45,4618232
2012-08-09,13.55,13.95,13.3,13.75,2921589
2012-08-10,13.85,13.85,13.4,13.55,970330
2012-08-13,13.7,13.95,13.55,13.8,1213914
2012-08-14,14.2,14.4,13.85,13.95,3731402
2012-08-16,14.1,15.2,14.1,14.95,8727033
2012-08-17,15.0,15.85,14.6,14.85,10101509
2012-08-21,14.95,15.1,14.55,14.7,1251826
2012-08-22,14.6,15.75,14.5,15.25,5095241
2012-08-23,15.45,15.55,14.75,14.95,2425879
2012-08-24,14.6,15.35,14.25,15.05,2464635
2012-08-27,15.25,15.7,14.65,14.75,3973035
2012-08-28,14.95,14.95,13.9,14.15,3963157
2012-08-29,14.45,14.6,13.8,13.95,1505140
2012-08-30,14.0,14.25,13.8,14.1,941234
2012-08-31,14.3,14.3,13.8,13.85,1136743
2012-09-03,14.05,14.7,14.0,14.5,1787792
2012-09-04,14.55,14.85,14.1,14.75,1363450
2012-09-05,14.6,15.05,14.3,14.45,1543755
2012-09-06,14.6,14.85,14.3,14.45,608095
2012-09-07,15.0,15.0,14.5,14.55,935396
2012-09-08,14.9,15.1,14.5,14.6,125623
2012-09-10,14.6,15.0,14.55,14.7,923128
2012-09-11,14.7,14.8,14.4,14.55,804206
2012-09-12,14.5,15.1,14.45,14.9,1642075
2012-09-13,15.05,15.05,14.55,14.65,1052329
2012-09-14,14.95,15.15,14.65,15.0,1637190
2012-09-17,15.2,15.2,14.6,14.75,1010210
2012-09-18,14.75,15.75,14.75,15.6,2883378
2012-09-20,15.3,15.4,14.9,15.3,1589216
2012-09-21,15.45,16.3,15.2,15.4,5983192
2012-09-24,15.3,16.25,15.3,16.05,3022530
2012-09-25,16.2,16.65,15.6,16.4,2895592
2012-09-26,16.5,16.65,15.75,15.9,2325909
2012-09-27,16.05,16.35,15.3,15.4,1902373
2012-09-28,15.5,16.05,15.45,15.6,1780422
2012-10-01,15.9,16.8,15.6,16.65,4152607
2012-10-03,17.0,17.7,16.3,17.45,9407491
2012-10-04,17.55,17.85,17.15,17.25,5615387
2012-10-05,17.4,17.45,16.15,16.8,2581465
2012-10-08,16.95,17.9,16.5,17.65,3045089
2012-10-09,18.3,18.9,17.35,17.5,23687404
2012-10-10,17.6,17.65,16.75,16.8,2253815
2012-10-11,16.8,17.8,16.6,17.65,2339766
2012-10-12,17.8,18.15,17.4,17.65,1864680
2012-10-15,17.9,18.1,17.25,17.3,1023195
2012-10-16,17.35,17.85,16.9,17.05,1277657
2012-10-17,17.35,17.7,17.0,17.15,1099588
2012-10-18,17.35,17.65,17.3,17.45,821347
2012-10-19,17.6,17.6,17.05,17.2,562262
2012-10-22,17.4,17.4,16.8,17.0,738694
2012-10-23,17.1,17.2,16.75,16.9,540058
2012-10-25,17.0,17.2,16.5,16.55,687546
2012-10-26,16.75,16.75,16.0,16.2,684893
2012-10-29,16.4,17.05,16.25,16.5,977878
2012-10-30,16.5,16.85,15.75,16.0,1033248
2012-10-31,16.2,16.4,16.0,16.3,488842
2012-11-01,16.3,17.55,16.15,17.3,1503116
2012-11-02,17.5,17.9,17.15,17.25,1395361
2012-11-05,17.05,17.45,17.0,17.1,445917
2012-11-06,17.25,17.45,17.05,17.2,538699
2012-11-07,17.15,18.3,17.1,18.0,2040617
2012-11-08,17.85,18.75,17.65,18.5,4014600
2012-11-09,18.9,19.3,18.25,18.85,6587198
2012-11-12,19.5,19.5,17.45,17.7,3048359
2012-11-13,17.95,18.4,17.75,18.25,728495
2012-11-15,17.85,18.4,17.85,18.15,1211938
2012-11-16,18.1,18.8,17.65,17.9,1585705
2012-11-19,18.0,18.15,17.15,17.3,1018822
2012-11-20,17.5,17.65,16.75,16.85,679389
2012-11-21,16.9,17.3,16.45,16.95,790023
2012-11-22,16.95,17.4,16.8,16.95,418988
2012-11-23,17.0,17.0,16.65,16.75,458792
2012-11-26,16.65,17.15,16.55,16.75,805568
2012-11-27,17.0,17.45,16.9,17.3,941039
2012-11-29,17.25,17.3,16.9,17.1,1478886
2012-11-30,17.3,17.9,17.1,17.45,1208052
2012-12-03,17.5,17.85,17.35,17.45,958699
2012-12-04,17.45,17.8,17.35,17.4,634585
2012-12-05,17.65,18.2,17.1,18.1,1878747
2012-12-06,18.4,19.95,18.25,19.8,6963633
2012-12-07,20.0,20.85,19.35,19.6,5472221
2012-12-10,19.8,20.5,19.8,20.45,3789845
2012-12-11,20.45,20.8,18.8,19.85,3205251
2012-12-12,20.1,20.75,19.5,20.3,3513543
2012-12-13,20.7,20.7,19.7,19.85,1714145
2012-12-14,20.0,20.1,19.6,19.7,1051335
2012-12-17,19.8,22.1,19.8,21.75,9950818
2012-12-18,22.2,22.9,20.9,22.75,7438425
2012-12-19,23.05,23.9,23.0,23.2,7829993
2012-12-20,22.8,23.45,22.2,22.8,3324117
2012-12-21,22.8,23.25,22.1,22.2,2908843
2012-12-24,22.5,22.6,22.1,22.3,946254
2012-12-26,22.55,22.8,22.25,22.4,1001640
2012-12-27,22.6,23.15,22.35,22.45,2229713
2012-12-28,22.5,22.95,22.1,22.2,1319307
2013-01-01,22.6,22.8,22.35,22.5,911675
2013-01-02,22.7,25.2,22.55,24.9,12896694
2013-01-03,24.5,25.3,24.1,24.3,7213684
2013-01-04,24.5,24.95,23.95,24.4,2964359
2013-01-07,24.8,25.2,24.1,24.6,2410776
2013-01-08,24.8,25.15,24.3,24.6,2354989
2013-01-09,24.65,24.85,23.75,23.95,1536809
2013-01-10,24.15,24.45,23.35,23.5,1391607
2013-01-11,23.7,23.7,21.55,22.0,2185843
2013-01-14,22.4,23.4,22.05,23.0,2397448
2013-01-15,22.9,23.4,22.35,22.55,1634325
2013-01-16,22.55,22.7,21.85,22.05,909109
2013-01-17,22.1,22.4,21.6,21.75,1001513
2013-01-18,21.95,22.6,21.85,22.05,801862
2013-01-21,22.3,22.6,21.7,21.95,851154
2013-01-22,22.0,22.0,21.05,21.2,734585
2013-01-23,21.95,21.95,20.15,20.4,1093578
2013-01-24,20.4,20.4,19.35,19.75,1303332
2013-01-25,19.8,20.7,19.2,20.55,960782
2013-01-28,20.65,21.4,20.5,20.95,919117
2013-01-29,21.25,21.35,20.2,20.3,733613
2013-01-30,20.5,20.8,20.2,20.3,395822
2013-01-31,20.3,20.6,20.2,20.45,350796
2013-02-01,20.6,21.3,20.45,20.75,629374
2013-02-04,21.5,21.9,20.75,21.45,2000412
2013-02-05,21.8,21.8,20.6,20.8,1076361
2013-02-06,20.95,21.2,20.6,20.85,524748
2013-02-07,20.75,21.0,19.8,19.95,1416257
2013-02-08,20.25,20.7,19.4,19.55,2633269
2013-02-11,19.85,19.85,18.75,18.85,1297276
2013-02-12,18.95,18.95,18.5,18.7,748343
2013-02-13,18.7,19.65,18.7,19.1,1232756
2013-02-14,19.0,19.4,18.55,18.65,579577
2013-02-15,18.5,18.7,17.9,18.15,883932
2013-02-18,18.25,18.55,18.05,18.3,475520
2013-02-19,18.1,18.7,18.0,18.45,578805
2013-02-20,18.6,19.1,18.6,18.8,843114
2013-02-21,18.6,18.6,17.8,17.85,672557
2013-02-22,18.5,18.5,17.6,17.65,700997
2013-02-25,17.6,18.15,17.1,17.4,651572
2013-02-26,17.65,17.65,16.4,16.5,751428
2013-02-27,17.0,17.2,16.0,17.0,914351
2013-02-28,17.15,17.55,16.05,16.35,939610
2013-03-01,16.9,17.75,15.8,17.4,1089941
2013-03-04,17.9,17.9,16.3,16.4,888609
2013-03-05,16.55,17.0,16.05,16.8,475377
2013-03-06,17.7,17.7,17.0,17.1,698974
2013-03-07,17.9,17.9,16.75,17.1,435859
2013-03-08,17.3,17.8,17.1,17.6,713452
2013-03-11,17.6,17.85,17.4,17.7,391767
2013-03-12,17.75,17.85,17.25,17.3,447193
2013-03-13,17.25,17.5,17.0,17.2,668216
2013-03-14,17.15,17.5,16.85,17.4,604857
2013-03-15,17.25,19.1,17.25,18.6,2214380
2013-03-18,17.6,19.2,17.6,18.4,1117666
2013-03-19,18.6,18.65,17.2,17.3,958345
2013-03-20,17.25,17.7,16.6,16.75,753305
2013-03-21,16.95,17.5,16.6,16.65,415860
2013-03-22,16.5,16.8,16.1,16.25,532528
2013-03-25,16.45,16.8,15.7,15.85,893584
2013-03-26,15.75,16.1,15.4,15.85,526306
2013-03-28,15.95,16.4,15.5,16.15,498909
2013-04-01,16.5,16.95,16.15,16.6,398018
2013-04-02,16.75,18.0,16.6,17.85,1211902
2013-04-03,17.95,18.25,17.1,17.35,770119
2013-04-04,16.85,17.05,16.5,16.7,401612
2013-04-05,16.55,17.3,16.55,16.75,314854
2013-04-08,16.55,16.95,16.35,16.45,175308
2013-04-09,16.8,16.95,15.9,16.05,414468
2013-04-10,16.25,16.45,15.75,16.3,327632
2013-04-11,16.5,16.75,16.15,16.65,260156
2013-04-12,16.1,16.75,16.1,16.65,226279
2013-04-15,16.45,16.8,16.45,16.65,272191
2013-04-16,16.55,17.7,16.55,17.6,624001
2013-04-17,17.55,17.8,17.2,17.3,290079
2013-04-18,17.45,17.6,17.15,17.5,224395
2013-04-22,17.5,18.25,17.45,17.65,548591
2013-04-23,17.9,18.2,17.65,17.8,436452
2013-04-25,17.85,18.0,17.25,17.4,392185
2013-04-26,17.4,17.6,17.2,17.35,390311
2013-04-29,17.5,17.9,17.4,17.55,348812
2013-04-30,17.55,17.85,17.45,17.6,315205
2013-05-02,17.35,18.5,17.35,18.0,658212
2013-05-03,18.1,18.25,17.5,17.6,384400
2013-05-06,17.25,17.95,17.25,17.85,402750
2013-05-07,17.85,18.1,17.65,17.7,252752
2013-05-08,17.95,18.6,17.75,18.45,1215816
2013-05-09,18.4,18.95,18.05,18.1,1008535
2013-05-10,18.1,18.9,18.1,18.4,792931
2013-05-11,18.4,18.85,18.35,18.75,163033
2013-05-13,18.7,18.95,18.2,18.4,475449
2013-05-14,18.35,18.85,18.15,18.5,413870
2013-05-15,18.5,20.5,18.5,20.3,3797954
2013-05-16,20.55,24.35,20.1,23.55,18912296
2013-05-17,26.0,27.7,24.8,26.7,44690772
2013-05-20,27.2,27.75,25.95,26.15,7216283
2013-05-21,26.2,26.35,24.35,25.0,7936809
2013-05-22,25.1,25.6,23.15,24.25,3185589
2013-05-23,24.0,24.05,22.65,22.9,2691485
2013-05-24,22.9,25.15,22.2,25.15,7324937
2013-05-27,25.5,26.5,24.75,25.8,4692657
2013-05-28,25.7,26.25,25.4,25.9,1688101
2013-05-29,25.6,26.7,25.5,26.0,2838422
2013-05-30,25.85,26.25,25.45,25.65,937236
2013-05-31,25.95,26.6,25.05,25.2,2239170
2013-06-03,25.3,26.5,24.8,25.65,1915179
2013-06-04,25.95,26.4,25.4,26.15,2839466
2013-06-05,26.15,26.8,25.9,26.4,1948637
2013-06-06,26.1,29.0,25.9,29.0,10416897
2013-06-07,29.5,31.35,29.4,29.8,8030266
2013-06-10,30.35,30.85,29.0,29.6,3865986
2013-06-11,29.2,30.7,28.0,29.25,5129309
2013-06-12,29.0,29.6,28.2,28.4,1983676
2013-06-13,28.0,29.3,27.4,27.65,2239895
2013-06-14,27.9,28.7,27.5,27.65,1481264
2013-06-17,27.1,27.65,26.65,27.05,1560425
2013-06-18,27.0,29.55,27.0,28.8,4626911
2013-06-19,28.8,30.25,28.8,29.25,3712843
2013-06-20,28.95,28.95,27.8,28.15,2148385
2013-06-21,27.85,29.7,27.6,28.1,2625490
2013-06-24,28.2,28.85,26.55,27.9,2356650
2013-06-25,28.05,28.5,27.45,28.1,1529778
2013-06-26,28.6,28.6,27.1,27.2,944061
2013-06-27,27.6,28.3,26.4,27.05,3286344
2013-06-28,27.6,27.75,26.4,27.3,2518125
2013-07-01,27.55,28.35,27.0,28.15,2208465
2013-07-02,28.3,28.3,27.1,27.2,1631554
2013-07-03,26.9,26.9,25.1,25.25,1379089
2013-07-04,25.4,26.2,24.65,25.75,1755016
2013-07-05,25.65,26.3,25.4,25.65,740485
2013-07-08,25.1,25.4,23.3,24.3,1790657
2013-07-09,24.7,24.85,24.15,24.35,958336
2013-07-10,24.5,25.7,23.8,25.1,1827649
2013-07-11,25.5,26.15,25.25,25.75,1290807
2013-07-12,26.1,26.4,25.6,25.85,1419084
2013-07-15,25.9,26.7,25.6,26.5,1354407
2013-07-16,26.0,26.2,25.5,25.8,970520
2013-07-17,25.7,26.15,24.65,24.9,469655
2013-07-18,25.0,25.6,24.85,25.3,425438
2013-07-19,25.15,25.65,23.0,24.5,907229
2013-07-22,24.35,24.95,23.95,24.4,388387
2013-07-23,24.1,25.2,24.05,24.2,407561
2013-07-24,24.0,24.2,23.0,23.35,372034
2013-07-25,23.15,23.75,22.8,22.9,322879
2013-07-26,23.1,23.45,21.7,22.05,606625
2013-07-29,22.0,22.0,20.75,20.85,636826
2013-07-30,21.0,21.0,19.55,19.8,592256
2013-07-31,19.7,20.0,17.85,19.55,1042106
2013-08-01,20.4,22.3,20.0,20.4,2133564
2013-08-02,20.35,20.85,19.1,19.7,688659
2013-08-05,19.1,20.8,18.8,20.3,573529
2013-08-06,19.8,20.0,18.8,19.45,597526
2013-08-07,19.5,19.65,18.65,18.9,1262498
2013-08-08,19.4,20.7,18.7,20.2,1057723
2013-08-12,20.85,21.0,19.9,20.4,470131
2013-08-13,20.15,22.15,20.05,21.9,1085758
2013-08-14,21.7,22.05,20.75,20.9,502712
2013-08-16,20.8,20.8,19.5,19.7,430199
2013-08-19,19.8,19.8,18.5,18.9,612480
2013-08-20,18.8,19.0,18.1,18.5,808873
2013-08-21,19.0,20.45,18.45,18.9,775162
2013-08-22,19.0,19.35,18.3,19.15,316050
2013-08-23,19.15,20.0,19.15,19.65,475134
2013-08-26,20.5,21.0,19.95,20.05,732928
2013-08-27,19.8,20.5,18.55,18.8,554783
2013-08-28,18.5,19.3,18.05,18.9,633351
2013-08-29,19.25,19.7,18.9,19.05,339977
2013-08-30,19.15,19.5,18.85,19.1,386608
2013-09-02,19.0,21.7,19.0,21.15,1812925
2013-09-03,21.35,22.1,19.9,20.7,1493304
2013-09-04,20.8,21.45,20.6,20.95,487529
2013-09-05,21.8,23.75,21.75,23.4,2204292
2013-09-06,23.6,24.4,22.55,23.8,1909521
2013-09-10,24.0,24.7,23.1,23.6,702862
2013-09-11,23.6,23.65,22.9,23.15,517088
2013-09-12,23.3,25.0,22.9,23.05,1515731
2013-09-13,23.0,24.15,23.0,23.2,656334
2013-09-16,23.5,23.85,22.6,23.25,694701
2013-09-17,23.95,24.0,22.65,22.9,707083
2013-09-18,23.2,23.3,22.6,22.7,400778
2013-09-19,23.3,24.25,23.3,23.5,1302071
2013-09-20,23.55,24.4,22.3,23.95,1345950
2013-09-23,23.8,23.85,22.85,23.2,921618
2013-09-24,23.3,23.75,22.75,22.95,883216
2013-09-25,22.9,23.25,22.4,22.7,564106
2013-09-26,22.75,22.95,22.5,22.65,310911
2013-09-27,22.9,22.9,21.7,21.95,439301
2013-09-30,21.8,21.9,20.75,20.95,528409
2013-10-01,21.1,21.9,20.5,21.55,432672
2013-10-03,21.55,22.5,21.5,21.75,556519
2013-10-04,21.6,22.3,21.35,21.45,512133
2013-10-07,21.6,23.6,21.4,23.25,2126628
2013-10-08,23.4,24.6,22.85,24.2,2452197
2013-10-09,23.75,25.85,23.55,25.3,2459352
2013-10-10,25.9,26.55,25.0,25.15,2619378
2013-10-11,25.6,26.15,25.1,25.2,968151
2013-10-14,25.2,26.15,25.2,25.3,857506
2013-10-15,25.5,25.65,24.5,24.55,518722
2013-10-17,24.25,25.5,24.25,24.65,645032
2013-10-18,24.4,25.15,24.4,24.75,695387
2013-10-21,24.8,25.45,24.65,24.8,554030
2013-10-22,24.9,26.25,24.75,25.6,1593977
2013-10-23,25.3,25.85,24.8,25.4,975339
2013-10-24,26.95,27.7,26.25,27.4,7080206
2013-10-25,27.4,27.9,26.7,27.25,2648581
2013-10-28,27.25,27.45,25.8,25.95,953019
2013-10-29,25.55,28.1,25.2,27.75,2868101
2013-10-30,28.05,28.4,26.45,26.85,2899778
2013-10-31,26.7,28.25,26.7,27.85,1383003
2013-11-01,27.9,28.8,27.5,28.45,1900396
2013-11-03,28.65,29.25,28.6,28.8,958866
2013-11-05,28.8,29.3,27.9,28.85,1473638
2013-11-06,28.9,29.8,28.1,28.25,1200049
2013-11-07,28.5,28.85,27.8,28.0,1607574
2013-11-08,28.05,28.5,27.45,28.1,730098
2013-11-11,29.0,29.5,28.55,28.75,2005404
2013-11-12,28.9,29.15,27.8,28.0,650138
2013-11-13,28.0,28.15,27.5,27.7,574430
2013-11-14,28.0,28.65,27.8,28.0,742344
2013-11-18,28.5,28.7,28.0,28.25,538416
2013-11-19,28.4,28.55,27.9,28.15,511951
2013-11-20,28.4,28.95,27.8,27.95,778644
2013-11-21,27.95,28.0,26.7,26.95,556289
2013-11-22,26.95,28.4,26.95,27.8,744902
2013-11-25,28.45,28.7,27.85,28.15,1235201
2013-11-26,28.25,28.7,27.9,27.95,616889
2013-11-27,28.1,28.25,27.2,27.4,484514
2013-11-28,27.6,27.9,27.1,27.35,750567
2013-11-29,28.5,29.1,28.0,28.8,2124116
2013-12-02,30.2,31.8,30.0,30.95,6815610
2013-12-03,30.75,31.4,30.2,30.4,1641271
2013-12-04,30.35,30.6,29.65,29.85,1095519
2013-12-05,30.2,30.45,29.6,29.75,961078
2013-12-06,29.8,30.1,29.15,29.8,908048
2013-12-09,30.65,30.9,29.7,30.45,1497700
2013-12-10,30.95,31.55,30.4,30.55,3176069
2013-12-11,30.1,30.2,29.45,29.55,904237
2013-12-12,29.0,29.35,28.75,28.85,708231
2013-12-13,28.85,28.9,27.65,27.9,720090
2013-12-16,28.0,29.0,27.5,28.75,1036261
2013-12-17,28.85,28.85,27.55,27.65,829911
2013-12-18,27.45,28.4,27.45,28.25,657334
2013-12-19,28.2,28.4,27.55,27.65,594247
2013-12-20,27.5,31.0,27.5,30.6,3415807
2013-12-23,31.15,31.3,29.5,29.85,2699636
2013-12-24,29.75,31.0,29.6,30.4,2142438
2013-12-26,30.45,31.4,30.1,30.55,1439626
2013-12-27,30.75,30.75,29.65,29.8,823169
2013-12-30,30.15,30.25,29.1,29.25,657727
2013-12-31,29.5,29.7,28.8,29.1,949027
2014-01-01,29.4,29.85,29.05,29.6,1055020
2014-01-02,29.55,30.6,27.9,28.25,2064639
2014-01-03,28.0,29.55,27.9,29.0,1580402
2014-01-06,29.0,30.3,28.9,29.75,1858205
2014-01-07,29.8,30.3,29.0,29.1,1396124
2014-01-08,29.15,29.75,28.8,29.15,862165
2014-01-09,29.0,29.8,28.5,28.7,1105020
2014-01-10,28.8,29.7,28.45,28.75,1186170
2014-01-13,28.7,29.05,28.45,28.6,707363
2014-01-14,28.45,29.45,28.4,28.8,1271349
2014-01-15,28.85,29.1,28.55,28.65,630199
2014-01-16,28.55,28.95,28.25,28.4,394005
2014-01-17,28.4,29.6,28.15,28.5,1736978
2014-01-20,28.55,29.0,28.4,28.8,705472
2014-01-21,29.0,29.25,28.5,28.7,471551
2014-01-22,28.45,28.8,28.05,28.15,767176
2014-01-23,28.1,28.35,26.9,27.2,1132038
2014-01-24,27.0,27.8,26.05,26.1,1242682
2014-01-27,25.75,25.75,24.5,24.75,800341
2014-01-28,25.0,25.65,24.55,24.85,706659
2014-01-29,25.0,25.4,24.35,24.5,715090
2014-01-30,23.95,24.1,23.3,23.75,826262
2014-01-31,24.1,25.2,24.0,25.0,635789
2014-02-03,24.95,25.1,23.75,23.9,719137
2014-02-04,23.95,24.15,23.55,23.95,763434
2014-02-05,23.95,25.6,23.5,25.4,1888559
2014-02-06,25.25,25.35,24.0,24.8,881864
2014-02-07,24.85,27.95,24.3,27.5,3930149
2014-02-10,27.95,27.95,25.8,26.15,1842783
2014-02-11,26.4,26.75,25.55,25.95,878291
2014-02-12,26.15,26.3,25.55,25.65,497273
2014-02-13,25.95,25.95,24.9,25.0,592352
2014-02-14,24.9,25.35,24.7,25.05,374318
2014-02-17,25.15,26.75,24.65,26.25,1249527
2014-02-18,26.4,26.65,25.75,26.0,1006816
2014-02-19,25.8,26.3,25.6,26.05,771293
2014-02-20,25.8,26.7,25.65,25.95,670436
2014-02-21,26.0,26.35,25.85,26.05,481106
2014-02-24,26.2,27.4,26.1,26.95,2041654
2014-02-25,28.0,28.05,26.75,27.05,3815324
2014-02-26,27.1,27.1,26.0,26.2,936136
2014-02-28,26.4,26.5,25.2,25.35,800909
2014-03-03,25.35,26.3,25.0,25.25,1228417
2014-03-04,25.6,25.65,24.9,25.0,943984
2014-03-05,25.3,26.15,25.2,25.85,1383991
2014-03-06,25.85,27.2,25.55,26.7,4544214
2014-03-07,26.9,27.85,26.3,27.2,2004347
2014-03-10,27.25,28.1,26.75,27.55,1636247
2014-03-11,27.6,28.05,27.15,27.25,858867
2014-03-12,27.4,27.75,26.55,26.8,1025047
2014-03-13,26.85,27.25,25.6,26.0,1572004
2014-03-14,26.3,26.4,25.45,25.8,1889736
2014-03-18,25.9,26.35,25.5,25.7,616512
2014-03-19,25.85,26.0,25.45,25.55,592809
2014-03-20,26.1,26.9,24.3,25.75,1984129
2014-03-21,26.0,26.0,25.4,25.75,656454
2014-03-22,25.8,26.35,25.5,26.05,136047
2014-03-24,25.95,26.4,25.45,25.55,482127
2014-03-25,25.6,25.75,25.0,25.15,717356
2014-03-26,25.05,25.25,24.35,24.9,1592422
2014-03-27,24.75,25.7,24.7,25.35,720756
2014-03-28,25.65,25.75,24.9,25.1,1262107
2014-03-31,25.35,25.7,24.85,25.0,694989
2014-04-01,25.4,25.4,24.65,24.95,919793
2014-04-02,25.6,28.8,25.5,28.1,10032879
2014-04-03,25.85,27.8,24.15,25.95,6257504
2014-04-04,25.65,27.25,25.6,26.8,1768388
2014-04-07,26.5,26.95,25.7,25.95,1013746
2014-04-09,26.3,26.4,25.2,25.85,1306265
2014-04-10,26.15,26.75,25.8,26.5,1833164
2014-04-11,26.35,26.6,25.9,26.05,675459
2014-04-15,26.6,27.3,26.4,26.95,1568528
2014-04-16,27.2,27.8,26.2,26.5,1490028
2014-04-17,26.4,26.95,26.3,26.5,673355
2014-04-21,26.55,26.75,26.1,26.2,471446
2014-04-22,26.3,30.2,26.05,28.75,15910408
2014-04-23,28.7,29.65,27.65,27.9,5333119
2014-04-25,27.85,29.0,27.0,28.7,2596554
2014-04-28,28.7,29.25,28.0,29.0,2212507
2014-04-29,29.2,29.9,28.3,28.7,2707971
2014-04-30,29.0,29.45,26.95,27.85,2347339
2014-05-02,28.15,28.7,27.3,27.65,1022469
2014-05-05,27.75,29.0,27.5,28.6,2368624
2014-05-06,28.3,29.1,27.85,28.55,1644510
2014-05-07,28.2,28.3,27.3,27.5,1210643
2014-05-08,27.4,28.35,27.4,27.75,895651
2014-05-09,27.6,28.3,27.55,28.05,992617
2014-05-12,27.9,28.6,27.5,27.6,938110
2014-05-13,27.8,28.7,27.8,28.4,2018382
2014-05-14,28.6,29.5,28.3,29.1,2197644
2014-05-15,28.7,30.2,28.35,29.1,2666760
2014-05-16,29.1,30.5,29.05,29.45,3299584
2014-05-19,29.75,33.25,29.5,32.75,5246604
2014-05-20,32.9,34.4,31.8,33.9,4006932
2014-05-21,34.0,35.15,32.5,33.5,2873606
2014-05-22,33.95,36.5,33.75,35.95,3841135
2014-05-23,36.2,37.5,35.7,37.1,2599170
2014-05-26,37.8,38.0,31.85,34.8,2972517
2014-05-27,34.55,35.0,32.6,33.6,916660
2014-05-28,33.6,34.3,32.2,32.5,1599194
2014-05-29,32.3,33.9,32.3,32.8,1945218
2014-05-30,33.15,34.35,32.75,33.1,959803
2014-06-02,33.45,34.7,33.3,34.5,861627
2014-06-03,34.4,36.9,33.85,35.75,1954998
2014-06-04,36.2,37.5,34.0,36.95,1534808
2014-06-05,37.15,41.25,36.3,40.4,5653149
2014-06-06,40.8,41.9,39.5,41.5,2837634
2014-06-09,42.2,43.55,38.65,43.0,3443953
2014-06-10,44.3,44.65,41.0,42.9,3452323
2014-06-11,43.2,43.5,39.1,40.15,1717753
2014-06-12,40.1,46.15,38.6,44.45,6440031
2014-06-13,45.2,46.4,40.4,40.7,4336309
2014-06-16,40.4,42.65,39.35,41.9,1611248
2014-06-17,42.45,43.7,41.65,43.2,1446250
2014-06-18,43.45,43.6,40.5,41.05,1334853
2014-06-19,41.4,41.9,40.1,40.4,941083
2014-06-20,40.5,41.85,39.4,39.75,1097053
2014-06-23,40.05,40.3,38.15,38.45,1391642
2014-06-24,38.2,41.15,38.2,40.35,1455630
2014-06-25,40.35,42.8,39.5,42.4,3481558
2014-06-26,42.45,42.5,40.5,40.8,1265358
2014-06-27,40.85,42.35,40.0,41.65,1579439
2014-06-30,41.2,42.15,40.7,41.15,1810222
2014-07-01,41.95,42.25,40.5,40.75,2146041
2014-07-02,41.05,41.2,40.1,40.3,1447929
2014-07-03,40.45,41.0,39.5,39.7,1143476
2014-07-04,40.0,41.7,39.9,41.15,1931564
2014-07-07,41.25,41.9,40.5,40.7,811542
2014-07-08,41.0,41.0,37.5,37.85,968068
2014-07-09,37.55,39.35,36.6,36.85,1269849
2014-07-10,36.5,38.5,36.3,37.45,1283979
2014-07-11,37.5,38.2,34.0,34.75,1202697
2014-07-14,34.4,36.7,34.4,36.45,948144
2014-07-15,36.9,37.7,36.35,37.5,720281
2014-07-16,37.85,40.35,37.6,39.75,2206564
2014-07-17,40.1,40.8,39.1,40.05,1813747
2014-07-18,39.8,40.75,39.05,39.35,1402977
2014-07-21,39.85,41.2,39.65,40.7,1181823
2014-07-22,41.25,42.8,40.6,42.5,2683445
2014-07-23,41.7,41.7,40.25,40.85,1315968
2014-07-24,41.6,42.65,41.15,42.0,2353125
2014-07-25,42.1,42.45,40.8,41.45,1073397
2014-07-28,41.15,42.2,40.15,40.65,560306
2014-07-30,41.0,41.2,39.55,40.45,473027
2014-07-31,40.75,41.45,40.45,40.7,645731
2014-08-01,39.75,40.55,39.25,39.65,970122
2014-08-04,39.95,40.75,35.4,39.65,599242
2014-08-05,39.55,41.9,39.55,40.95,1220228
2014-08-06,40.6,40.9,39.1,39.25,557519
2014-08-07,39.3,39.55,38.15,38.25,580499
2014-08-08,37.5,37.6,36.7,36.95,562175
2014-08-11,37.5,38.25,37.25,37.8,341011
2014-08-12,38.5,40.0,38.2,39.65,709396
2014-08-13,40.3,41.9,39.95,40.5,2186781
2014-08-14,40.1,40.8,38.75,39.95,1104254
2014-08-18,39.9,42.4,39.9,42.0,1387781
2014-08-19,43.5,44.2,43.0,43.45,2903389
2014-08-20,43.7,43.75,42.1,42.4,752418
2014-08-21,42.65,43.7,41.3,42.5,866266
2014-08-22,42.7,43.0,41.85,42.1,640925
2014-08-25,41.8,43.8,40.9,42.85,1332501
2014-08-26,42.1,44.85,42.1,43.6,1897175
2014-08-27,44.15,45.2,43.65,44.1,1336847
2014-08-28,44.3,44.3,43.1,43.85,458491
2014-09-01,44.0,44.3,43.0,43.45,347390
2014-09-02,43.45,44.35,43.0,43.35,472860
2014-09-03,43.35,44.2,42.7,42.95,615136
2014-09-04,42.5,42.9,41.05,41.4,461006
2014-09-05,41.4,42.15,41.0,41.45,304733
2014-09-08,41.55,42.1,41.05,41.95,344122
2014-09-09,42.0,43.15,41.5,42.75,499623
2014-09-10,43.1,43.75,42.15,42.35,584073
2014-09-11,42.2,43.4,41.9,42.1,503964
2014-09-12,42.2,43.15,41.8,42.05,472397
2014-09-15,41.8,41.9,39.8,40.6,1067738
2014-09-16,40.5,41.7,39.0,39.15,555304
2014-09-17,39.75,40.1,38.15,38.5,429530
2014-09-18,38.3,40.45,38.3,39.85,430521
2014-09-19,40.0,40.65,39.5,39.85,335544
2014-09-22,39.8,40.2,39.55,39.75,193506
2014-09-23,40.1,40.25,37.7,37.8,437983
2014-09-24,37.6,38.3,37.1,37.8,405619
2014-09-25,37.4,38.2,35.75,35.95,326609
2014-09-26,36.0,37.1,35.05,35.55,611428
2014-09-29,35.65,38.5,35.65,37.9,464065
2014-09-30,38.0,39.45,37.35,39.1,397698
2014-10-01,39.15,39.35,38.25,38.45,344076
2014-10-07,38.5,39.0,37.7,37.85,203672
2014-10-08,37.5,39.5,37.5,39.25,506514
2014-10-09,39.8,40.4,39.1,40.2,458297
2014-10-10,39.5,39.85,38.75,39.2,365101
2014-10-13,39.3,40.95,39.05,40.25,220982
2014-10-14,40.55,41.9,40.0,40.3,395233
2014-10-16,40.3,40.45,39.2,39.45,513531
2014-10-17,39.4,39.95,39.0,39.65,196122
2014-10-20,40.25,40.25,39.2,39.6,162330
2014-10-21,40.0,41.15,39.65,40.55,467051
2014-10-22,41.0,41.5,40.5,41.2,438115
2014-10-23,41.45,41.6,40.8,40.95,136100
2014-10-27,41.1,43.3,41.1,42.85,944077
2014-10-28,43.4,45.2,43.0,44.75,1862491
2014-10-29,45.0,46.0,44.1,45.75,1669114
2014-10-30,45.75,45.8,44.4,45.2,881085
2014-10-31,45.7,47.9,45.1,47.4,3179936
2014-11-03,47.55,49.7,47.2,49.4,3280475
2014-11-05,51.2,52.0,46.35,46.9,3636566
2014-11-07,47.85,47.85,44.65,45.0,1333980
2014-11-10,45.2,46.35,45.0,45.3,610542
2014-11-11,45.4,46.3,45.1,45.5,636023
2014-11-12,45.5,47.2,45.0,45.55,1225803
2014-11-13,45.85,45.85,43.25,43.7,559813
2014-11-14,43.8,45.8,43.5,45.35,943640
2014-11-17,45.1,47.35,45.0,46.85,1029190
2014-11-18,47.15,48.3,47.0,47.4,909482
2014-11-19,47.55,47.85,45.95,46.25,634710
2014-11-20,46.6,46.85,43.65,45.0,615104
2014-11-21,46.55,47.5,45.15,45.45,1702236
2014-11-24,45.95,47.0,45.45,46.7,846769
2014-11-25,46.9,47.85,44.7,47.3,2479672
2014-11-26,47.6,51.85,46.5,51.0,3597923
2014-11-27,51.6,52.8,49.75,51.25,2069004
2014-11-28,51.65,51.95,50.15,50.4,837591
2014-12-01,50.5,50.7,48.1,48.65,669454
2014-12-02,48.25,50.75,48.25,50.35,584067
2014-12-03,50.5,51.5,49.5,49.8,564865
2014-12-04,50.35,50.5,49.0,49.25,306418
2014-12-05,49.15,49.9,47.85,48.15,448719
2014-12-08,47.7,48.45,46.6,47.35,376760
2014-12-09,47.0,52.4,47.0,49.05,2953780
2014-12-10,48.85,50.85,48.85,49.6,762759
2014-12-11,49.25,53.35,48.5,51.8,1966584
2014-12-12,52.25,53.75,49.0,49.9,1562115
2014-12-15,49.8,50.8,48.4,48.7,547624
2014-12-16,48.7,49.9,46.2,46.55,703857
2014-12-17,46.15,47.6,44.9,45.9,694697
2014-12-18,46.6,48.4,46.6,48.05,650968
2014-12-19,48.8,49.0,44.65,45.05,980145
2014-12-22,45.55,46.6,45.05,46.15,593272
2014-12-23,46.6,46.95,45.6,45.85,525844
2014-12-24,46.15,46.9,45.35,45.7,392437
2014-12-26,45.75,46.6,45.45,45.7,295097
2014-12-29,46.0,46.5,45.6,45.75,339040
2014-12-30,45.95,46.7,45.7,46.0,462654
2015-01-01,47.1,49.95,46.95,48.8,980850
2015-01-02,49.1,49.6,48.25,48.6,508264
2015-01-05,48.9,49.3,47.6,47.85,314895
2015-01-06,47.65,47.65,45.35,45.5,626649
2015-01-07,45.5,46.2,44.7,45.5,443296
2015-01-08,45.85,47.6,45.85,47.05,421201
2015-01-09,47.65,48.1,46.0,46.7,534276
2015-01-12,46.9,47.6,46.35,47.2,399283
2015-01-13,47.3,47.85,46.7,46.9,295240
2015-01-14,47.15,47.5,46.1,47.0,396720
2015-01-15,48.25,48.55,46.2,47.05,921341
2015-01-16,47.3,49.2,46.3,48.15,876839
2015-01-19,48.35,53.0,47.75,52.35,3052596
2015-01-20,53.05,53.95,51.65,52.2,1420268
2015-01-21,52.45,52.6,49.75,50.8,750938
2015-01-22,51.25,52.25,50.05,51.2,573200
2015-01-23,51.7,52.0,49.85,50.4,456988
2015-01-27,50.5,54.3,50.1,53.75,3182913
2015-01-28,54.0,56.0,54.0,54.5,3316291
2015-01-29,56.7,58.45,54.95,55.5,4934546
2015-01-30,55.95,56.4,51.8,52.45,1489462
2015-02-02,52.4,55.45,51.5,54.5,1588171
2015-02-03,54.9,57.35,53.25,56.8,1925426
2015-02-04,57.1,58.9,56.55,57.0,2280011
2015-02-05,56.9,57.5,54.0,54.45,647166
2015-02-06,54.5,54.65,52.75,53.8,546638
2015-02-09,53.3,54.4,51.8,52.45,431722
2015-02-10,52.95,54.4,52.0,53.1,418894
2015-02-11,53.3,54.5,53.3,53.95,302722
2015-02-12,54.0,56.9,53.6,56.35,867057
2015-02-13,57.15,57.85,55.35,55.7,765561
2015-02-16,56.0,56.45,54.3,54.65,442212
2015-02-18,54.75,55.65,54.25,55.15,457962
2015-02-19,55.45,55.65,53.3,53.95,492949
2015-02-20,54.2,54.8,53.25,53.65,388999
2015-02-23,54.0,54.2,52.6,52.75,381305
2015-02-24,52.8,53.2,51.2,51.7,512588
2015-02-25,52.15,52.8,51.15,51.4,437358
2015-02-26,51.4,52.5,50.7,51.95,292730
2015-02-27,52.15,54.25,52.15,53.95,439053
2015-02-28,54.55,54.75,52.0,52.5,543816
2015-03-02,53.1,53.25,51.7,52.2,375634
2015-03-03,52.3,54.5,52.1,53.75,578285
2015-03-04,54.6,54.75,52.1,52.35,419965
2015-03-05,52.55,53.0,51.5,52.1,364512
2015-03-09,51.8,51.8,50.7,50.9,235647
2015-03-10,51.0,51.25,48.8,49.3,448872
2015-03-11,49.55,51.8,49.0,51.25,746158
2015-03-12,51.7,54.0,50.8,52.25,565747
2015-03-13,52.35,52.85,50.1,50.3,387627
2015-03-16,50.5,50.5,47.55,49.3,270902
2015-03-17,49.05,50.3,48.7,49.3,381591
2015-03-18,49.35,50.3,49.0,49.45,331392
2015-03-19,49.8,51.65,49.1,49.45,439385
2015-03-20,49.5,49.5,45.2,45.85,609651
2015-03-23,46.1,46.85,45.25,45.9,545687
2015-03-24,46.25,46.65,44.25,44.8,664419
2015-03-25,45.15,46.2,44.05,44.45,615048
2015-03-26,44.25,45.2,43.75,44.75,256066
2015-03-27,45.2,46.2,44.0,46.0,429007
2015-03-30,46.4,48.6,46.35,48.1,305146
2015-03-31,48.5,49.5,47.55,47.7,343349
2015-04-01,47.85,49.25,47.55,48.8,266899
2015-04-06,49.3,49.7,48.55,49.05,221523
2015-04-07,49.2,49.7,48.1,49.1,222311
2015-04-08,49.35,52.5,49.1,52.0,789229
2015-04-09,52.45,52.75,50.8,51.35,435545
2015-04-10,51.35,51.9,50.65,51.7,226679
2015-04-13,52.0,54.9,51.4,54.65,1577614
2015-04-15,55.0,55.4,52.75,53.35,1505788
2015-04-16,53.7,53.75,51.2,51.7,325196
2015-04-17,52.0,52.6,49.75,50.1,407478
2015-04-20,50.5,51.1,48.5,48.95,335735
2015-04-21,49.65,49.65,48.35,48.7,251196
2015-04-22,48.9,49.4,47.25,47.9,359246
2015-04-23,48.3,48.7,47.3,47.85,467932
2015-04-24,47.85,48.2,45.55,46.1,272451
2015-04-27,46.75,47.0,44.0,44.7,362288
2015-04-28,44.4,53.6,43.95,47.2,519637
2015-04-29,46.7,48.7,46.35,47.15,258650
2015-04-30,47.0,47.65,46.0,46.9,308640
2015-05-04,47.0,48.55,47.0,47.95,190655
2015-05-05,48.75,48.75,47.0,47.2,381500
2015-05-06,47.25,47.3,45.0,45.2,311704
2015-05-07,45.2,45.25,44.15,44.4,432977
2015-05-08,45.35,45.5,44.4,44.7,326235
2015-05-11,44.85,46.4,44.7,45.55,416733
2015-05-12,45.75,45.85,42.9,43.75,540074
2015-05-13,44.05,44.7,42.5,43.65,503805
2015-05-14,43.85,44.4,42.9,44.05,809408
2015-05-15,44.2,45.0,44.05,44.25,408555
2015-05-18,44.7,44.85,43.75,44.05,379764
2015-05-19,44.1,44.75,43.6,43.85,556743
2015-05-20,44.5,44.7,43.75,44.0,513415
2015-05-21,44.5,44.65,43.0,44.45,738853
2015-05-22,44.5,47.5,44.35,46.75,994496
2015-05-25,47.0,47.5,46.1,46.85,604940
2015-05-26,47.0,48.4,46.7,48.1,407161
2015-05-27,48.0,49.9,47.4,49.75,596866
2015-05-28,50.0,50.9,48.65,49.1,570552
2015-05-29,48.5,49.9,47.35,49.45,782654
2015-06-01,50.1,50.1,46.1,46.55,930980
2015-06-02,46.85,47.15,45.2,45.55,416530
2015-06-03,45.65,45.65,42.3,44.5,839992
2015-06-04,44.85,46.0,43.1,45.75,451172
2015-06-05,45.65,47.95,45.45,47.1,319870
2015-06-08,46.6,47.45,46.3,46.75,290670
2015-06-09,46.75,47.1,45.7,46.35,289287
2015-06-10,46.6,47.15,45.65,46.0,397490
2015-06-11,46.4,46.45,44.5,44.9,305300
2015-06-12,44.95,45.7,43.75,44.75,559742
2015-06-15,45.15,45.75,44.75,45.5,212541
2015-06-16,45.5,45.65,44.8,45.3,161396
2015-06-17,45.7,46.3,45.4,45.9,127190
2015-06-18,46.4,46.9,45.9,46.4,322760
2015-06-19,46.45,46.85,46.1,46.35,155493
2015-06-22,46.05,46.85,45.95,46.65,209296
2015-06-23,46.65,46.85,45.5,45.65,419849
2015-06-24,45.85,45.9,43.65,44.0,338094
2015-06-25,43.95,44.35,43.45,44.05,189990
2015-06-26,44.05,44.8,44.0,44.35,207104
2015-06-29,43.5,43.5,41.8,43.1,301223
2015-06-30,43.2,44.5,43.15,43.7,306327
2015-07-01,44.0,44.9,43.95,44.3,252476
2015-07-02,44.4,45.75,44.35,44.7,441878
2015-07-03,44.75,45.2,44.1,44.4,154086
2015-07-06,44.3,46.8,43.7,46.4,476601
2015-07-07,46.9,47.1,44.7,45.0,441639
2015-07-08,44.5,45.1,43.55,44.25,347722
2015-07-09,44.6,45.05,44.05,44.2,175611
2015-07-10,44.8,45.05,43.9,44.15,167963
2015-07-13,44.65,45.0,43.85,44.65,493495
2015-07-14,45.2,47.7,45.0,45.35,884942
2015-07-15,45.95,48.55,45.35,47.0,1379890
2015-07-16,47.2,47.75,46.6,46.95,539871
2015-07-17,46.95,47.8,46.65,47.45,450020
2015-07-20,47.7,48.8,47.35,48.35,616768
2015-07-21,48.4,48.45,46.05,46.25,544817
2015-07-22,46.5,48.8,45.8,48.45,662723
2015-07-23,48.9,49.7,48.45,49.45,518851
2015-07-24,49.45,49.65,48.0,48.25,349142
2015-07-27,48.25,48.25,46.5,46.9,386917
2015-07-28,46.9,47.35,45.35,45.95,467952
2015-07-29,46.2,50.45,46.1,50.05,1467251
2015-07-30,49.65,51.8,49.1,49.75,1425072
2015-07-31,51.75,53.9,51.1,51.75,2360078
2015-08-03,52.15,53.3,50.8,51.75,802886
2015-08-04,52.25,53.1,50.25,52.5,868723
2015-08-05,53.0,53.95,52.05,52.65,632222
2015-08-06,53.1,53.8,51.9,52.8,625617
2015-08-07,53.25,53.35,51.1,51.55,390533
2015-08-10,51.95,52.2,50.35,51.0,345197
2015-08-11,51.65,51.95,50.0,50.25,620249
2015-08-12,50.15,50.3,48.1,48.55,325240
2015-08-13,49.35,55.8,48.5,49.2,840359
2015-08-14,50.4,51.8,48.9,50.6,314834
2015-08-17,51.1,54.2,49.5,52.4,1358907
2015-08-18,52.9,52.9,51.55,52.55,421109
2015-08-19,52.8,53.5,52.15,52.4,249349
2015-08-20,52.8,52.8,49.05,49.45,462460
2015-08-21,48.0,48.9,46.7,48.4,408064
2015-08-24,45.4,46.7,42.25,42.7,624221
2015-08-25,44.4,45.35,41.5,43.45,637812
2015-08-26,43.9,46.3,43.45,45.45,459670
2015-08-27,46.0,47.1,45.6,46.25,238699
2015-08-28,47.0,47.45,46.05,46.8,238328
2015-08-31,47.6,47.6,45.55,45.95,260421
2015-09-01,46.3,46.35,44.1,44.7,329001
2015-09-02,44.8,47.95,44.6,44.9,398723
2015-09-03,45.8,46.0,45.05,45.55,174405
2015-09-04,45.1,45.55,43.65,44.4,160054
2015-09-07,44.3,44.4,43.0,43.55,222606
2015-09-08,43.45,43.9,42.5,43.45,282420
2015-09-09,44.05,45.0,43.7,43.95,1769088
2015-09-10,43.8,44.35,42.75,44.05,101765
2015-09-11,44.4,45.0,44.1,44.85,122994
2015-09-14,44.9,45.1,44.55,44.7,110240
2015-09-15,45.0,45.0,43.75,43.95,85017
2015-09-16,44.25,44.45,43.55,43.75,153967
2015-09-18,43.8,44.35,42.55,42.95,397592
2015-09-21,42.95,43.55,42.6,42.95,354425
2015-09-22,43.45,44.05,42.75,43.2,539011
2015-09-23,43.2,43.95,43.0,43.7,113099
2015-09-24,43.9,44.0,43.5,43.6,64936
2015-09-28,43.6,44.0,43.0,43.35,192560
2015-09-29,43.25,45.1,42.8,44.3,512670
2015-09-30,45.4,45.65,43.3,43.5,955913
2015-10-01,44.2,44.2,43.3,43.4,199291
2015-10-05,43.95,44.45,43.4,44.0,219873
2015-10-06,44.1,44.4,44.05,44.3,147589
2015-10-07,44.65,44.65,43.6,43.75,179168
2015-10-08,44.15,44.35,43.5,43.7,133337
2015-10-09,44.2,44.65,43.65,43.9,220525
2015-10-12,44.0,44.6,43.8,44.1,201077
2015-10-13,44.15,44.7,44.0,44.3,118879
2015-10-14,44.65,45.65,44.35,44.7,298119
2015-10-15,45.1,45.6,44.75,45.15,171379
2015-10-16,44.8,47.55,44.8,45.8,1819604
2015-10-19,46.3,46.3,45.15,45.5,341871
2015-10-20,45.55,45.7,44.05,44.25,439143
2015-10-21,44.4,45.1,43.6,44.05,359291
2015-10-23,44.45,44.5,43.65,43.75,299243
2015-10-26,43.9,44.0,43.15,43.3,331739
2015-10-27,43.0,44.25,42.7,43.75,862820
2015-10-28,43.95,44.0,42.8,43.05,380541
2015-10-29,43.25,44.15,43.1,43.45,1013082
2015-10-30,42.5,42.5,38.8,40.9,1565379
2015-11-02,41.0,41.45,40.1,41.0,463746
2015-11-03,41.4,42.0,40.3,41.2,286364
2015-11-04,41.3,42.9,41.15,42.45,326353
2015-11-05,42.3,43.35,41.95,43.0,396969
2015-11-06,42.45,43.0,41.7,42.3,164400
2015-11-09,41.8,42.85,40.65,42.05,2376971
2015-11-10,42.3,42.3,40.05,40.2,203374
2015-11-11,40.2,41.2,40.2,41.1,55784
2015-11-13,40.2,41.7,40.2,41.3,455091
2015-11-16,41.3,41.3,39.3,40.95,602898
2015-11-17,41.9,41.9,40.1,41.15,322172
2015-11-18,41.15,42.95,41.1,42.25,681877
2015-11-19,42.7,43.0,41.1,41.35,265761
2015-11-20,41.35,41.6,40.6,40.8,164898
2015-11-23,41.0,41.1,40.1,40.45,179668
2015-11-24,40.5,41.0,40.5,40.75,132365
2015-11-26,40.9,41.0,40.3,40.5,364047
2015-11-27,40.8,40.85,39.6,39.85,454033
2015-11-30,40.0,40.65,39.7,39.8,299945
2015-12-01,40.25,43.2,38.8,39.25,4814769
2015-12-02,39.4,40.3,38.8,39.7,4522781
2015-12-03,39.6,39.65,39.0,39.1,3122092
2015-12-04,39.1,39.1,36.6,37.1,1082165
2015-12-07,37.25,37.75,36.75,37.45,810796
2015-12-08,37.45,37.8,36.8,37.0,463489
2015-12-09,37.25,37.25,36.4,37.0,721550
2015-12-10,37.05,38.25,37.0,37.9,611293
2015-12-11,37.9,38.3,37.15,37.5,398576
2015-12-14,37.0,37.4,36.8,37.0,293061
2015-12-15,37.3,38.7,36.7,38.4,700558
2015-12-16,38.4,38.8,37.6,37.8,212667
2015-12-17,38.0,39.2,37.55,38.5,528217
2015-12-18,38.5,39.5,37.25,37.65,769949
2015-12-21,37.65,38.25,37.5,37.75,221921
2015-12-22,38.0,40.25,37.7,39.8,981119
2015-12-23,40.1,40.3,39.1,39.25,286367
2015-12-24,39.7,39.75,39.0,39.2,168348
2015-12-28,39.3,40.0,39.05,39.9,205256
2015-12-29,40.0,40.35,39.65,39.95,234815
2015-12-30,39.95,42.85,39.5,42.25,2433717
2015-12-31,42.2,48.2,41.4,47.25,5853605
2016-01-01,46.75,46.75,44.0,45.4,853676
2016-01-04,45.2,47.35,43.35,45.95,972323
2016-01-05,46.0,46.4,44.1,44.35,474578
2016-01-06,44.5,44.85,42.9,43.05,345558
2016-01-07,42.85,42.85,40.5,40.95,357305
2016-01-08,41.05,43.9,40.95,43.25,437793
2016-01-11,42.75,43.15,41.65,42.15,214613
2016-01-12,42.05,42.9,41.2,41.35,220384
2016-01-13,41.55,42.25,38.55,40.35,303865
2016-01-14,39.6,40.75,38.35,39.45,284691
2016-01-15,39.8,40.4,38.7,39.15,153977
2016-01-18,39.15,39.9,36.5,37.15,259064
2016-01-19,37.4,38.5,36.8,37.7,222220
2016-01-20,37.3,37.4,35.8,35.95,185720
2016-01-21,36.35,37.15,35.8,36.1,233090
2016-01-22,36.8,37.8,36.6,37.35,142972
2016-01-25,37.85,39.9,37.65,39.05,323413
2016-01-27,39.1,39.4,38.05,38.35,112715
2016-01-28,38.85,40.3,38.05,38.25,164611
2016-01-29,38.7,39.65,38.1,39.5,161159
2016-02-01,40.3,41.2,40.0,40.9,584545
2016-02-02,41.7,41.75,39.7,40.1,228662
2016-02-03,39.45,39.45,38.6,38.9,140878
2016-02-04,40.85,42.5,39.5,40.1,1286158
2016-02-05,40.2,40.7,39.1,40.45,264819
2016-02-08,40.5,41.2,40.1,40.55,195386
2016-02-09,40.15,40.15,39.25,39.5,114860
2016-02-10,39.5,39.75,37.05,37.7,208791
2016-02-11,37.5,37.5,33.75,34.45,425920
2016-02-12,35.0,35.5,33.25,35.2,303847
2016-02-15,36.0,37.2,35.25,36.85,192677
2016-02-16,37.55,37.6,34.3,35.6,139759
2016-02-17,35.85,36.0,34.1,35.75,79419
2016-02-18,36.0,36.8,35.5,36.05,91702
2016-02-19,36.05,36.9,35.55,36.35,101965
2016-02-22,36.1,37.2,35.15,35.6,109742
2016-02-23,35.8,36.0,34.5,34.75,145026
2016-02-24,34.7,35.5,34.0,34.55,106400
2016-02-25,34.8,35.1,34.3,34.6,75418
2016-02-26,34.9,35.4,34.2,34.65,105264
2016-02-29,34.8,36.2,34.05,36.0,224670
2016-03-01,35.75,38.8,35.6,37.6,228941
2016-03-02,37.6,38.6,37.35,38.0,1126715
2016-03-03,38.45,41.0,38.0,39.85,1139289
2016-03-04,39.85,40.55,38.8,39.35,312184
2016-03-08,39.45,40.9,38.6,40.3,192336
2016-03-09,40.1,41.5,39.3,40.7,190552
2016-03-10,40.9,41.5,40.3,40.55,124532
2016-03-11,40.75,40.95,39.6,39.95,176041
2016-03-14,40.75,40.9,39.8,40.15,97406
2016-03-15,40.35,40.35,38.4,38.65,142233
2016-03-16,38.9,39.5,38.45,38.8,92009
2016-03-17,39.1,40.25,38.9,39.75,161976
2016-03-18,39.75,39.75,38.5,38.8,128211
2016-03-21,39.2,41.75,38.45,41.2,356136
2016-03-22,42.0,42.0,39.65,40.0,833814
2016-03-23,39.7,39.85,39.25,39.7,180332
2016-03-28,40.1,40.1,38.1,38.25,128253
2016-03-29,38.0,38.45,37.15,37.6,201426
2016-03-30,38.0,38.8,37.8,38.35,147844
2016-03-31,38.55,38.75,37.8,38.05,132906
2016-04-01,37.8,38.75,37.8,38.4,138574
2016-04-04,38.5,39.4,38.3,38.95,204483
2016-04-05,38.7,39.4,38.15,38.3,139489
2016-04-06,38.45,38.75,38.1,38.45,76497
2016-04-07,38.45,39.6,38.15,38.95,209898
2016-04-08,39.3,40.15,38.95,39.45,355160
2016-04-11,39.45,39.8,39.0,39.55,156916
2016-04-12,39.8,41.35,39.5,40.45,442153
2016-04-13,40.75,41.1,39.85,40.2,198916
2016-04-18,40.25,40.3,39.35,40.05,270252
2016-04-20,40.05,40.45,39.65,39.8,146130
2016-04-21,40.15,41.2,39.85,40.35,245567
2016-04-22,40.4,42.3,40.0,40.95,3390565
2016-04-25,40.75,41.35,40.15,41.05,565096
2016-04-26,41.3,41.8,40.8,41.45,150510
2016-04-27,41.45,41.6,40.95,41.05,134237
2016-04-28,41.05,41.6,40.8,41.05,161680
2016-04-29,41.2,41.45,40.6,41.15,123071
2016-05-02,41.15,42.4,40.35,41.1,462147
2016-05-03,41.15,42.2,40.8,41.25,355855
2016-05-04,41.25,41.8,40.85,41.0,261038
2016-05-05,41.1,41.9,40.9,41.15,2219059
2016-05-06,41.7,41.75,40.9,41.05,611021
2016-05-09,41.75,41.75,41.1,41.35,125400
2016-05-10,42.05,43.35,41.65,42.5,846894
2016-05-11,41.7,42.5,41.55,42.2,165619
2016-05-12,42.2,42.45,41.6,41.85,178645
2016-05-13,42.2,44.6,41.7,42.9,1602591
2016-05-16,43.25,44.9,42.8,44.65,863365
2016-05-17,44.8,46.3,43.3,45.0,4245616
2016-05-18,45.0,45.55,44.25,45.05,413748
2016-05-19,44.5,46.9,44.5,45.1,681997
2016-05-20,45.15,46.4,44.5,45.05,464928
2016-05-23,44.5,45.7,43.95,44.75,368317
2016-05-24,44.75,45.35,43.75,44.7,479079
2016-05-25,45.0,45.4,44.3,44.75,448353
2016-05-26,45.0,46.5,44.75,45.45,357042
2016-05-27,45.45,46.9,45.35,46.0,558427
2016-05-30,45.8,46.55,45.75,46.05,160204
2016-05-31,46.25,46.5,44.75,45.15,381149
2016-06-01,45.8,45.85,45.05,45.5,122583
2016-06-02,45.5,47.5,45.5,46.7,497698
2016-06-03,47.2,48.2,45.9,46.55,926733
2016-06-06,46.7,46.95,45.6,45.8,313074
2016-06-07,46.15,46.65,44.95,45.6,370326
2016-06-08,45.6,49.7,45.3,48.85,1455710
2016-06-09,49.05,54.0,49.05,51.85,3488725
2016-06-10,52.05,56.7,51.15,54.35,4274729
2016-06-13,53.45,53.8,51.35,53.0,919754
2016-06-14,53.15,53.45,51.7,52.7,407648
2016-06-15,53.0,54.7,52.35,52.95,762896
2016-06-16,52.85,53.6,51.0,52.95,734692
2016-06-17,53.75,53.75,51.7,52.8,865161
2016-06-20,52.5,52.5,50.75,52.2,363200
2016-06-21,52.1,53.4,51.8,53.05,652364
2016-06-22,53.4,53.75,51.2,51.5,486836
2016-06-23,51.8,51.85,50.25,50.6,236873
2016-06-24,49.6,49.7,47.25,48.8,458156
2016-06-27,47.1,51.25,47.1,50.9,408718
2016-06-28,50.9,51.55,49.9,50.25,312270
2016-06-29,50.75,51.0,50.1,50.4,450725
2016-06-30,50.85,52.2,50.5,51.35,1262953
2016-07-01,51.95,52.9,51.4,52.15,813805
2016-07-04,52.6,53.15,51.85,52.35,630412
2016-07-05,52.35,53.0,51.25,52.6,514213
2016-07-07,52.95,54.45,52.55,53.5,1237055
2016-07-08,53.6,57.65,53.2,54.85,3054519
2016-07-11,55.3,55.8,53.7,54.2,754467
2016-07-12,55.65,55.9,53.75,54.0,865580
2016-07-13,54.1,54.55,52.45,52.95,750457
2016-07-14,53.15,53.65,52.2,52.45,328068
2016-07-15,53.1,53.8,52.0,52.2,510361
2016-07-18,52.6,54.2,52.5,52.65,581072
2016-07-19,52.75,53.15,51.8,52.15,324327
2016-07-20,52.45,56.5,52.05,55.8,2381551
2016-07-21,56.35,59.2,55.95,56.7,2781541
2016-07-22,56.85,65.0,55.6,63.75,8217843
2016-07-25,63.65,68.15,63.4,67.75,5783389
2016-07-26,67.75,72.75,66.35,71.0,8100688
2016-07-27,70.9,77.9,70.35,75.1,8876201
2016-07-28,76.0,77.35,68.6,69.2,3558944
2016-07-29,69.7,72.8,68.5,71.55,2225826
2016-08-01,72.25,72.5,66.5,67.55,2084418
2016-08-02,69.0,71.05,66.25,67.0,2831088
2016-08-03,66.85,69.8,62.55,67.35,3380582
2016-08-04,68.0,69.4,64.9,66.6,2137927
2016-08-05,67.25,71.1,66.7,69.7,2948118
2016-08-08,70.45,70.8,67.2,67.9,1622651
2016-08-09,68.8,68.8,65.4,66.8,1066989
2016-08-10,66.8,67.7,64.55,67.1,1764464
2016-08-11,67.75,67.75,64.95,65.4,1973324
2016-08-12,65.7,67.45,65.0,66.35,934417
2016-08-16,65.5,68.1,65.25,67.35,1160313
2016-08-17,67.2,68.25,66.25,66.95,969338
2016-08-18,67.2,67.7,66.15,66.6,925725
2016-08-19,66.5,69.25,66.05,67.4,2484179
2016-08-22,67.5,68.65,66.9,67.25,974826
2016-08-23,67.5,70.0,67.25,68.0,2104481
2016-08-24,68.2,68.85,67.25,67.75,886259
2016-08-25,68.1,68.7,65.65,66.15,709586
2016-08-26,66.1,66.85,64.6,64.85,441333
2016-08-29,65.0,66.5,64.75,66.05,684131
2016-08-30,66.0,67.3,66.0,66.8,632116
2016-08-31,67.0,67.3,66.0,66.4,710775
2016-09-01,67.3,67.5,65.0,65.3,974538
2016-09-02,65.5,68.45,65.15,66.9,1436464
2016-09-06,67.45,67.55,66.35,66.85,648929
2016-09-07,67.5,69.4,66.5,68.6,1505799
2016-09-08,69.0,73.0,68.2,71.4,2677790
2016-09-09,71.95,71.95,68.5,68.75,914510
2016-09-12,67.0,67.55,65.45,66.0,659482
2016-09-14,66.4,66.75,65.45,66.1,370825
2016-09-15,66.2,66.9,65.4,65.75,332768
2016-09-16,66.3,67.25,65.15,66.0,615728
2016-09-19,66.35,66.75,65.15,65.5,247030
2016-09-20,66.6,66.7,65.3,65.8,656418
2016-09-21,66.0,67.85,65.6,66.8,1636846
2016-09-22,67.5,67.85,65.7,66.55,783598
2016-09-23,66.8,66.85,64.05,64.45,713242
2016-09-26,65.05,66.5,64.1,65.85,1139351
2016-09-27,67.0,67.5,65.5,65.9,660559
2016-09-28,66.4,67.4,65.3,66.1,595926
2016-09-29,66.6,67.2,61.0,62.25,1110139
2016-09-30,62.25,65.2,61.2,64.65,637354
2016-10-03,65.0,73.2,65.0,72.55,4307406
2016-10-04,73.55,75.3,71.2,72.25,2024412
2016-10-05,72.85,77.2,70.7,76.2,2957379
2016-10-06,76.35,77.0,72.0,73.15,1302697
2016-10-07,73.75,74.0,71.5,71.65,643433
2016-10-10,72.0,73.65,71.8,72.05,508425
2016-10-13,71.9,72.35,68.55,69.75,904750
2016-10-14,70.2,72.3,69.6,71.6,498430
2016-10-17,72.2,72.85,69.5,70.6,605370
2016-10-18,71.1,75.65,71.0,74.3,1200189
2016-10-19,74.9,83.15,73.0,81.7,6068789
2016-10-20,82.4,82.65,79.1,79.8,1378264
2016-10-21,79.9,82.8,78.2,80.8,1580124
2016-10-24,81.1,85.8,79.55,83.85,2125294
2016-10-25,84.35,86.3,81.7,84.85,1472113
2016-10-26,83.5,86.5,83.0,83.8,1082818
2016-10-27,82.65,83.45,80.9,81.55,2825953
2016-10-28,81.9,86.2,81.5,85.2,2555992
2016-10-30,86.0,88.35,86.0,87.7,942986
2016-11-01,89.0,90.9,80.05,84.05,1958515
2016-11-02,83.7,83.7,80.15,80.7,748041
2016-11-03,81.0,82.7,80.8,80.95,669062
2016-11-04,81.0,81.95,78.1,78.6,593087
2016-11-07,81.35,82.2,79.6,81.15,523813
2016-11-08,81.95,89.0,81.7,87.25,1844240
2016-11-09,76.05,79.2,70.1,77.4,8101352
2016-11-10,79.4,80.7,76.3,76.85,2185582
2016-11-11,75.0,76.0,70.0,70.7,1464695
2016-11-15,70.0,70.0,57.3,59.35,3700374
2016-11-16,60.55,63.15,57.55,59.2,3131267
2016-11-17,58.45,60.2,57.5,58.1,1512519
2016-11-18,58.55,59.75,57.7,58.45,784947
2016-11-21,58.7,59.4,52.65,55.7,2758045
2016-11-22,56.25,60.0,56.2,58.8,1395990
2016-11-23,59.95,60.0,57.9,59.3,1220437
2016-11-24,58.8,62.2,58.0,58.85,1443670
2016-11-25,59.35,61.45,59.05,60.35,1259709
2016-11-28,60.0,66.35,59.65,66.35,2200194
2016-11-29,68.0,69.5,65.0,67.2,1718323
2016-11-30,67.4,70.85,66.0,70.0,1402786
2016-12-01,70.0,70.35,67.2,67.55,596827
2016-12-02,67.0,67.0,63.75,64.5,436038
2016-12-05,64.6,67.45,63.6,65.1,321506
2016-12-06,66.65,72.4,66.05,70.4,2058901
2016-12-07,70.4,70.95,67.5,69.25,643919
2016-12-08,70.4,71.95,69.6,70.9,559089
2016-12-09,71.35,71.35,69.6,70.1,310564
2016-12-12,69.4,69.75,67.6,67.85,308490
2016-12-13,68.5,70.25,67.65,69.1,391321
2016-12-14,69.15,70.45,66.7,67.15,321288
2016-12-15,66.05,68.6,66.05,67.4,297069
2016-12-16,67.95,68.25,64.65,65.1,319176
2016-12-19,65.0,68.1,64.8,66.6,426860
2016-12-20,66.0,67.25,63.5,64.5,589328
2016-12-21,65.2,69.4,64.3,67.3,1661362
2016-12-22,67.4,68.1,65.55,66.7,718270
2016-12-23,66.9,67.8,66.0,66.7,372969
2016-12-26,66.95,66.95,63.7,64.1,360582
2016-12-27,64.0,66.0,63.15,65.6,529415
2016-12-28,66.0,67.5,65.2,65.55,469848
2016-12-29,65.0,66.7,65.0,66.1,261750
2016-12-30,66.6,67.25,66.1,66.25,462882
2017-01-02,66.75,68.4,66.2,67.7,409961
2017-01-03,68.0,69.6,67.2,68.45,523289
2017-01-04,68.5,70.7,68.2,70.1,823777
2017-01-05,70.95,71.2,69.1,70.05,339223
2017-01-06,70.7,71.8,69.0,69.55,563495
2017-01-09,70.0,71.25,69.2,69.7,365264
2017-01-10,69.7,71.0,68.85,69.4,363767
2017-01-11,69.8,72.9,69.75,71.4,1438814
2017-01-12,72.05,72.4,71.1,71.6,846035
2017-01-13,71.8,72.1,70.1,70.75,444453
2017-01-16,70.75,71.9,70.1,71.15,379802
2017-01-17,71.2,74.25,70.05,73.7,1433067
2017-01-18,74.45,74.7,72.55,73.05,949028
2017-01-19,73.0,74.3,73.0,73.3,552050
2017-01-20,73.3,73.3,70.2,70.85,602423
2017-01-23,71.0,73.3,70.3,72.6,756574
2017-01-24,73.1,73.6,70.75,71.4,923607
2017-01-25,72.0,72.95,71.4,72.2,573056
2017-01-27,72.5,72.9,71.5,71.9,406977
2017-01-30,71.7,72.3,70.3,70.55,308862
2017-01-31,70.3,71.45,68.15,68.6,619055
2017-02-01,68.85,76.2,67.75,74.85,2455184
2017-02-02,74.45,76.6,74.15,75.35,1868220
2017-02-03,75.1,77.1,74.9,75.35,906454
2017-02-06,76.0,77.9,75.0,75.5,1333745
2017-02-07,75.35,77.1,74.95,75.35,729332
2017-02-08,75.4,77.0,74.1,75.6,986544
2017-02-09,77.0,77.9,74.05,74.7,1348720
2017-02-10,75.35,76.3,74.8,75.5,554693
2017-02-13,76.5,76.7,75.1,76.1,981143
2017-02-14,76.25,79.3,75.3,78.15,1319466
2017-02-15,78.85,78.9,75.4,77.0,936346
2017-02-16,77.0,82.25,76.35,81.5,3411792
2017-02-17,81.7,85.5,80.55,82.7,1688820
2017-02-20,82.95,85.2,82.05,84.65,1351797
2017-02-21,85.35,86.4,84.15,85.85,1276987
2017-02-22,86.0,86.2,83.35,84.75,887128
2017-02-23,84.75,85.2,83.4,84.25,659227
2017-02-27,85.5,87.8,84.5,85.45,1889748
2017-02-28,85.85,86.0,84.55,84.85,812179
2017-03-01,84.55,85.5,83.8,84.3,540676
2017-03-02,85.15,85.15,81.5,82.8,741565
2017-03-03,82.25,82.75,81.25,81.85,596103
2017-03-06,83.0,83.7,81.6,82.4,544156
2017-03-07,82.5,82.7,81.45,81.7,247770
2017-03-08,82.25,82.3,79.5,80.1,395125
2017-03-09,80.0,82.9,79.15,80.7,601752
2017-03-10,79.55,82.95,79.55,79.95,521155
2017-03-14,82.95,84.3,81.85,83.35,985737
2017-03-15,83.75,87.4,83.0,85.05,1442308
2017-03-16,85.6,87.2,84.9,85.95,612533
2017-03-17,85.95,87.7,83.35,84.55,800870
2017-03-20,84.8,85.2,81.0,81.95,566506
2017-03-21,82.05,83.25,79.3,80.6,889219
2017-03-22,79.85,80.75,78.2,79.85,309116
2017-03-23,80.05,82.5,80.05,81.95,330397
2017-03-24,82.5,83.4,81.95,82.6,469209
2017-03-27,82.5,82.8,80.35,80.6,294362
2017-03-28,81.05,86.9,80.6,83.9,1505141
2017-03-29,84.5,90.0,83.3,89.3,6248357
2017-03-30,90.25,93.0,89.15,89.8,5638288
2017-03-31,90.4,90.7,88.1,88.6,900480
2017-04-03,89.35,91.35,88.3,89.8,1019066
2017-04-05,90.3,90.45,87.75,89.05,1617442
2017-04-06,88.75,90.55,88.15,89.95,1376225
2017-04-07,90.0,94.4,90.0,93.15,3441230
2017-04-10,94.4,99.7,94.1,98.55,5557768
2017-04-11,99.75,106.9,98.55,102.0,18670926
2017-04-12,102.4,102.5,98.55,101.55,1876893
2017-04-13,101.5,101.5,98.9,100.1,882356
2017-04-17,100.0,105.5,96.4,104.35,2322156
2017-04-18,106.4,107.5,101.15,102.6,2737752
2017-04-19,102.9,104.65,100.3,104.05,1169988
2017-04-20,104.5,109.6,103.45,108.85,2239724
2017-04-21,109.9,109.9,106.15,107.85,1112835
2017-04-24,106.2,113.5,106.1,112.2,1825038
2017-04-25,114.4,115.85,112.35,114.8,1925224
2017-04-26,115.0,120.4,112.3,115.55,8648673
2017-04-27,118.0,118.3,113.2,115.2,1622229
2017-04-28,115.05,116.85,112.85,115.55,1292253
2017-05-02,116.6,118.1,115.5,117.1,1119640
2017-05-03,122.0,124.4,120.15,120.85,4112313
2017-05-04,121.4,122.0,117.2,119.7,1164273
2017-05-05,120.2,122.0,117.5,118.5,1085864
2017-05-08,119.55,119.6,117.35,119.1,615863
2017-05-09,118.7,121.45,118.1,119.8,722712
2017-05-10,121.0,121.0,118.2,119.5,660631
2017-05-11,118.95,122.3,118.0,118.3,941555
2017-05-12,118.2,120.0,117.15,117.95,687422
2017-05-15,118.15,119.4,117.2,118.2,488399
2017-05-16,118.1,119.1,117.0,118.3,540400
2017-05-17,117.9,118.5,116.8,116.95,466862
2017-05-18,116.0,117.8,114.35,114.9,542864
2017-05-19,115.05,118.0,115.05,116.75,1689915
2017-05-22,117.0,119.3,117.0,118.15,634960
2017-05-23,118.5,118.5,112.05,113.55,1083666
2017-05-24,113.15,116.35,113.05,115.05,583498
2017-05-25,116.95,119.95,113.5,117.8,406707
2017-05-26,119.0,131.8,118.15,129.8,3673528
2017-05-29,126.4,129.3,124.0,124.95,770335
2017-05-30,124.9,125.7,122.1,124.35,458915
2017-05-31,124.2,126.55,121.55,122.9,1859804
2017-06-01,122.25,123.6,121.8,122.6,311168
2017-06-02,123.0,129.3,123.0,126.15,748931
2017-06-05,126.4,127.95,124.5,125.6,445943
2017-06-06,125.5,125.9,123.0,125.25,343706
2017-06-07,125.95,130.85,125.85,127.4,4086242
2017-06-08,128.15,129.25,125.85,128.5,608691
2017-06-09,128.7,131.0,127.1,127.8,2025135
2017-06-12,126.05,128.0,125.0,125.25,368289
2017-06-13,126.4,128.0,125.3,126.15,378014
2017-06-14,126.15,129.2,125.6,127.85,1652518
2017-06-15,127.85,129.65,125.75,126.9,773978
2017-06-16,126.5,127.3,118.1,120.55,2839660
2017-06-19,120.75,122.4,119.45,121.35,552030
2017-06-20,121.6,125.0,121.1,124.8,762950
2017-06-21,124.2,124.2,122.0,122.45,470444
2017-06-22,125.1,125.9,122.4,122.95,660070
2017-06-23,123.0,123.5,117.55,120.3,765833
2017-06-27,120.5,121.4,115.1,115.9,613271
2017-06-28,114.75,116.95,114.05,115.7,407950
2017-06-29,116.2,119.0,116.2,116.95,465695
2017-06-30,116.1,117.95,115.0,117.5,351327
2017-07-03,117.5,118.4,115.1,115.8,387394
2017-07-04,116.4,121.5,115.5,120.1,807424
2017-07-05,121.0,123.0,120.55,121.6,740182
2017-07-06,121.45,123.65,120.5,122.1,819496
2017-07-07,121.95,126.0,121.1,124.75,893260
2017-07-10,125.75,127.0,122.0,125.95,151984
2017-07-11,126.9,126.9,124.65,126.2,664522
2017-07-12,126.6,128.0,124.7,127.55,908554
2017-07-13,128.0,128.65,126.0,126.95,552128
2017-07-14,126.25,127.15,122.5,125.5,408502
2017-07-17,125.9,127.9,125.65,126.45,670850
2017-07-18,126.9,128.2,123.6,124.25,533430
2017-07-19,126.5,127.5,124.55,126.55,457722
2017-07-20,127.0,130.3,126.0,127.5,1228590
2017-07-21,127.1,128.95,125.5,128.0,638643
2017-07-24,128.45,128.45,125.65,127.3,766063
2017-07-25,129.4,129.7,125.05,126.25,1489413
2017-07-26,126.0,127.7,124.05,124.5,370676
2017-07-27,124.6,125.0,120.2,120.9,738084
2017-07-28,120.85,124.7,120.85,122.35,513022
2017-07-31,121.9,123.9,118.5,120.15,406096
2017-08-01,119.75,123.1,118.85,119.9,409253
2017-08-02,119.6,122.3,119.6,120.3,536299
2017-08-03,121.95,126.4,119.65,123.4,1296270
2017-08-04,124.2,124.7,121.6,123.1,974530
2017-08-07,123.5,125.55,122.7,123.95,469359
2017-08-08,123.95,128.0,120.85,123.4,5010681
2017-08-09,123.4,128.35,122.0,124.25,1625802
2017-08-10,123.4,123.7,116.0,117.4,775834
2017-08-11,112.6,120.55,112.5,117.95,817738
2017-08-14,119.9,120.85,118.95,120.4,266488
2017-08-16,120.75,125.0,119.9,124.65,435182
2017-08-17,124.95,128.45,123.9,126.6,969519
2017-08-18,125.5,126.25,124.3,125.7,340190
2017-08-21,126.25,129.65,120.25,121.25,809247
2017-08-22,121.75,127.2,121.75,124.5,841261
2017-08-23,125.25,128.65,125.1,127.25,1524051
2017-08-24,128.6,128.6,125.75,126.25,396120
2017-08-28,127.4,127.4,125.25,126.0,359310
2017-08-29,125.1,128.25,124.6,126.35,854022
2017-08-30,126.85,128.25,126.25,126.8,434750
2017-08-31,126.85,138.8,126.85,134.2,5117400
2017-09-01,136.0,144.4,133.8,142.25,5837814
2017-09-04,143.2,149.5,139.0,148.0,6378083
2017-09-05,150.5,151.65,143.2,145.1,2690516
2017-09-06,143.95,149.5,141.0,146.9,2896852
2017-09-07,148.2,148.55,145.15,146.05,1635534
2017-09-08,146.8,146.95,142.6,144.0,1227866
2017-09-11,145.7,146.2,142.75,144.1,897784
2017-09-12,144.9,153.6,144.6,148.65,3732882
2017-09-13,148.95,150.1,143.6,144.9,3307782
2017-09-14,144.95,148.5,144.2,147.8,1086232
2017-09-15,147.1,148.3,142.75,145.75,3620591
2017-09-18,147.4,152.5,147.4,148.85,2451455
2017-09-19,149.9,149.9,147.0,148.05,951295
2017-09-20,148.05,149.65,147.0,147.6,1065653
2017-09-21,148.45,148.5,142.6,144.45,971590
2017-09-22,144.0,144.0,136.2,139.6,1083029
2017-09-25,140.05,140.75,126.3,136.85,1372315
2017-09-26,136.95,143.0,135.6,139.95,1203471
2017-09-27,142.0,144.6,132.85,135.25,987722
2017-09-28,135.2,140.0,133.9,139.25,1408375
2017-09-29,141.0,141.7,137.0,138.15,571580
2017-10-03,141.2,143.65,139.5,142.75,980126
2017-10-04,143.4,146.9,142.1,144.7,789619
2017-10-05,145.0,147.05,145.0,146.9,697369
2017-10-06,148.2,158.0,147.1,152.85,2047533
2017-10-09,154.0,157.3,152.0,154.9,1159066
2017-10-10,155.85,185.0,154.4,177.85,6235918
2017-10-11,185.1,185.6,166.0,168.75,4326556
2017-10-12,170.55,173.75,166.5,169.7,2009472
2017-10-13,171.0,177.5,168.7,171.2,3366800
2017-10-16,173.45,191.6,171.5,186.3,9340604
2017-10-17,185.0,185.1,178.35,181.8,4106733
2017-10-18,180.8,181.0,176.05,179.25,1383514
2017-10-19,178.65,179.05,174.0,175.0,475588
2017-10-23,175.55,175.55,167.95,168.6,1271594
2017-10-24,170.0,172.45,169.2,170.95,990180
2017-10-25,174.0,174.25,158.7,163.65,1731355
2017-10-26,163.0,171.5,159.3,168.9,1712732
2017-10-27,169.9,171.0,166.05,167.0,866082
2017-10-30,168.0,169.9,166.1,166.75,598115
2017-10-31,166.2,167.0,163.0,164.55,615662
2017-11-01,165.0,172.9,163.0,169.0,1644868
2017-11-02,167.85,173.25,167.85,172.6,1676372
2017-11-03,173.5,180.0,173.5,174.8,2086696
2017-11-06,173.4,177.35,166.85,168.4,1715886
2017-11-07,168.9,170.0,160.85,162.15,1231770
2017-11-08,164.0,165.35,155.0,156.9,1193881
2017-11-09,158.0,163.9,154.2,155.7,959076
2017-11-10,155.0,160.4,154.05,156.15,842929
2017-11-13,156.0,157.45,148.1,149.8,810725
2017-11-14,151.0,153.8,146.0,148.95,1182492
2017-11-15,148.95,150.0,142.1,143.25,1173316
2017-11-16,144.25,153.3,144.0,151.35,1470806
2017-11-17,154.4,161.9,152.2,157.5,2027429
2017-11-20,157.8,158.25,153.5,154.35,790488
2017-11-21,155.5,156.3,151.0,153.05,1626713
2017-11-22,152.35,153.85,150.25,151.45,561528
2017-11-23,151.95,155.5,150.35,151.8,1009930
2017-11-24,152.0,159.85,152.0,153.0,5331216
2017-11-27,153.95,155.0,152.45,154.3,881068
2017-11-28,154.3,155.0,151.2,151.75,546445
2017-11-29,151.2,152.9,149.05,150.3,613442
2017-11-30,148.0,152.75,147.0,150.8,737016
2017-12-01,151.75,152.25,143.75,145.85,782758
2017-12-04,146.55,149.9,143.7,144.45,562240
2017-12-05,144.0,144.25,139.05,141.4,807670
2017-12-06,140.75,144.2,139.5,142.4,659611
2017-12-07,143.35,147.0,141.65,142.2,820067
2017-12-08,143.0,155.3,143.0,154.15,2437458
2017-12-11,154.85,159.3,150.5,158.55,1951531
2017-12-12,158.7,158.9,152.0,152.7,1006695
2017-12-13,152.5,155.4,150.0,152.2,872488
2017-12-14,152.85,153.5,145.2,146.65,1032787
2017-12-15,147.95,153.3,147.95,150.0,761958
2017-12-18,148.5,153.1,141.1,150.7,687715
2017-12-19,155.0,157.5,152.5,154.0,1150584
2017-12-20,153.5,156.0,152.1,152.6,702019
2017-12-21,152.95,156.5,152.1,153.1,798315
2017-12-22,153.45,155.5,150.7,152.25,522333
2017-12-26,152.85,153.5,149.3,150.25,499094
2017-12-27,151.2,155.9,150.35,151.8,1178791
2017-12-28,152.0,152.55,149.0,150.05,532604
2017-12-29,151.9,163.7,151.0,157.2,3107839
2018-01-01,157.45,161.55,155.0,157.95,1262594
2018-01-02,159.15,160.6,153.3,156.05,786689
2018-01-03,156.45,159.0,154.35,155.05,727129
2018-01-04,158.5,158.5,155.05,157.35,556040
2018-01-05,157.5,158.25,155.2,157.35,675327
2018-01-08,158.0,162.7,157.25,160.15,1075682
2018-01-09,161.3,167.5,158.4,166.6,2210314
2018-01-10,165.35,166.8,162.1,163.2,1030643
2018-01-11,162.2,168.35,161.75,166.4,1301755
2018-01-12,166.7,170.85,164.3,167.35,1756364
2018-01-15,167.85,171.75,166.3,168.55,770513
2018-01-16,170.45,171.5,160.8,163.7,1159325
2018-01-17,162.1,168.0,159.5,165.8,911773
2018-01-18,166.0,167.4,156.45,159.55,974001
2018-01-19,160.6,168.5,159.5,166.95,3063727
2018-01-22,167.5,169.45,163.1,163.85,3431605
2018-01-23,165.5,165.5,160.5,161.7,798038
2018-01-24,161.5,161.55,156.45,157.55,800930
2018-01-25,158.0,162.8,156.6,160.4,854051
2018-01-29,161.45,162.8,158.4,161.2,624887
2018-01-30,160.2,162.75,156.75,162.05,1331154
2018-01-31,162.1,167.85,160.2,163.15,2537488
2018-02-01,162.9,170.0,162.9,168.65,3583035
2018-02-02,163.0,167.0,150.85,158.75,4810814
2018-02-05,152.0,157.0,150.25,156.05,844458
2018-02-06,147.0,155.9,144.65,155.1,1614678
2018-02-07,158.4,163.0,157.0,161.9,1458393
2018-02-08,165.05,166.0,157.25,158.0,794945
2018-02-09,153.6,158.3,149.35,150.0,1365171
2018-02-12,150.75,157.1,150.7,154.25,710329
2018-02-14,158.0,159.7,154.8,157.35,1077512
2018-02-15,157.45,159.0,155.1,156.25,412973
2018-02-16,156.4,158.2,154.0,156.45,531287
2018-02-19,156.45,156.45,148.2,149.6,699886
2018-02-20,149.5,150.3,146.15,147.8,404986
2018-02-21,149.0,149.7,144.5,145.45,1089836
2018-02-22,145.25,149.1,144.45,147.25,876758
2018-02-23,147.95,148.75,145.0,148.15,943333
2018-02-26,149.5,151.35,146.2,150.35,836663
2018-02-27,151.0,153.5,148.7,152.8,586487
2018-02-28,150.8,151.75,145.85,147.55,1534113
2018-03-01,147.0,148.65,143.2,144.65,1107533
2018-03-05,145.0,145.5,133.0,136.95,1842184
2018-03-06,138.15,141.8,135.0,137.15,922165
2018-03-07,134.7,136.75,130.75,131.9,789043
2018-03-08,132.25,134.8,121.85,133.45,956118
2018-03-09,133.95,136.15,128.2,129.1,613894
2018-03-12,130.95,133.95,129.1,130.75,887187
2018-03-13,129.85,139.75,129.85,138.35,1006301
2018-03-14,138.4,138.9,134.1,135.0,821091
2018-03-15,134.6,137.0,132.1,133.35,629729
2018-03-16,133.5,134.2,131.0,131.95,705318
2018-03-19,132.5,132.5,125.8,126.8,763454
2018-03-20,126.0,126.65,119.25,123.15,847691
2018-03-21,123.65,127.6,123.55,125.5,2314369
2018-03-22,126.0,126.05,118.15,119.0,1654574
2018-03-23,116.0,121.5,115.1,120.35,930961
2018-03-26,119.5,127.5,116.75,123.85,1837956
2018-03-27,125.0,134.85,125.0,132.1,1969096
2018-03-28,130.1,130.85,125.5,128.8,1355382
2018-04-02,130.1,138.4,130.1,137.55,1567123
2018-04-03,135.0,140.0,134.25,138.8,793423
2018-04-04,139.95,142.3,132.15,134.85,865136
2018-04-05,137.9,142.0,136.55,141.2,1091851
2018-04-06,139.6,143.2,136.5,139.1,1062020
2018-04-09,139.95,141.15,137.3,137.55,850238
2018-04-10,138.6,138.75,135.8,136.4,301224
2018-04-11,137.7,140.4,135.8,137.0,836142
2018-04-12,137.5,142.5,136.55,137.2,808620
2018-04-13,138.6,139.3,136.85,138.45,738898
2018-04-16,138.3,140.55,136.75,137.95,975716
2018-04-17,138.75,139.8,138.0,138.2,411157
2018-04-18,139.0,139.25,136.15,136.85,649099
2018-04-19,136.95,138.35,136.1,137.0,486232
2018-04-20,137.0,137.5,135.1,136.1,287670
2018-04-23,136.9,138.65,133.8,134.15,592435
2018-04-24,134.95,135.35,127.6,129.0,719230
2018-04-25,130.25,130.5,123.8,125.35,1181473
2018-04-26,126.7,137.3,125.7,135.3,1721217
2018-04-27,135.0,142.5,134.85,141.4,1462280
2018-04-30,142.9,150.3,139.4,142.5,2940051
2018-05-02,140.85,143.8,136.2,137.8,1748492
2018-05-03,136.85,137.7,133.2,136.25,780450
2018-05-04,136.0,138.4,133.2,134.45,420636
2018-05-07,136.2,142.05,134.7,141.05,906315
2018-05-08,141.4,142.0,137.2,139.8,763399
2018-05-09,139.8,139.8,137.1,138.5,418731
2018-05-10,138.0,138.85,134.1,137.05,506776
2018-05-11,139.5,141.4,132.0,134.15,769770
2018-05-14,134.0,136.6,133.1,135.15,499745
2018-05-15,135.0,135.75,130.7,134.0,750032
2018-05-16,133.5,136.65,130.65,135.05,709646
2018-05-17,136.0,138.0,133.85,137.0,498801
2018-05-18,137.0,140.0,134.5,136.0,506569
2018-05-21,135.9,135.9,131.0,132.35,852001
2018-05-22,132.5,135.8,131.05,133.1,396925
2018-05-23,133.0,135.0,126.75,131.95,766761
2018-05-24,132.3,133.6,128.5,131.1,617112
2018-05-25,130.3,133.8,129.0,130.65,519419
2018-05-28,131.7,134.9,131.25,132.95,775502
2018-05-29,133.95,138.8,132.0,136.65,1380191
2018-05-30,134.65,139.5,133.65,137.4,698080
2018-05-31,138.0,140.4,135.5,137.05,1079063
2018-06-01,137.25,138.3,135.9,137.05,487051
2018-06-04,137.25,138.0,131.8,132.45,534344
2018-06-05,134.6,134.9,130.65,133.55,1107780
2018-06-06,132.5,133.4,129.7,132.45,486763
2018-06-07,134.0,135.0,131.8,132.1,380098
2018-06-08,132.1,133.2,129.0,132.05,672868
2018-06-11,133.25,133.9,131.3,132.05,549520
2018-06-12,133.9,135.3,131.25,132.2,794903
2018-06-13,132.85,133.35,131.05,132.15,551367
2018-06-14,132.95,132.95,130.1,132.0,1130585
2018-06-15,132.7,132.7,129.9,130.45,310078
2018-06-18,130.2,131.85,128.45,130.3,348999
2018-06-19,130.0,130.15,127.65,129.0,397920
2018-06-20,129.2,129.2,124.6,127.2,1968788
2018-06-21,128.45,128.45,122.5,123.85,1105014
2018-06-22,123.6,123.6,118.0,119.15,1260415
2018-06-25,120.45,121.3,118.5,120.2,234380
2018-06-26,119.9,119.9,115.65,116.95,297634
2018-06-27,116.9,116.9,108.6,110.4,2310976
2018-06-28,110.95,113.5,105.5,110.5,1743247
2018-06-29,113.0,117.0,112.7,115.75,535494
2018-07-02,116.95,127.0,114.05,121.35,1228102
2018-07-03,120.0,120.1,116.8,118.95,365574
2018-07-04,118.0,121.9,117.55,118.75,478602
2018-07-05,118.4,118.4,114.0,114.9,292339
2018-07-06,114.7,119.3,113.55,115.05,503785
2018-07-09,115.8,121.3,115.55,120.65,546048
2018-07-10,121.6,129.9,119.55,125.6,1958594
2018-07-11,123.75,125.25,121.05,123.45,569262
2018-07-12,123.95,124.8,120.05,121.7,323287
2018-07-13,121.7,125.0,119.9,123.45,604532
2018-07-16,122.1,123.25,114.3,118.25,456723
2018-07-17,117.7,124.15,115.15,122.9,735239
2018-07-18,123.8,127.8,112.2,118.4,1946943
2018-07-19,119.7,119.7,114.05,118.15,986852
2018-07-20,118.95,119.9,114.8,116.25,657788
2018-07-23,116.3,117.45,114.55,115.85,349012
2018-07-24,116.6,121.05,115.4,118.4,689004
2018-07-25,119.5,119.75,117.05,117.45,369845
2018-07-26,118.15,118.3,113.35,114.4,526398
2018-07-27,115.8,118.5,114.3,116.25,798614
2018-07-30,117.4,120.0,116.4,118.8,367883
2018-07-31,118.9,119.1,116.8,118.1,218705
2018-08-01,119.1,120.6,117.45,120.05,422099
2018-08-02,119.75,126.45,118.6,125.3,986510
2018-08-03,125.8,129.0,125.8,128.2,858862
2018-08-06,128.95,128.95,124.75,127.85,687612
2018-08-07,128.5,135.85,126.1,129.2,882122
2018-08-08,131.0,131.15,128.0,130.2,399970
2018-08-09,130.0,130.5,127.5,129.6,348191
2018-08-10,129.1,129.25,126.4,127.05,213966
2018-08-13,125.0,125.9,122.05,124.1,283121
2018-08-14,124.0,126.7,123.3,125.25,278927
2018-08-16,123.0,126.4,122.1,125.4,285999
2018-08-17,127.3,129.7,126.15,127.95,267658
2018-08-20,128.15,128.7,126.75,127.3,469722
2018-08-21,128.25,128.25,126.35,126.9,294648
2018-08-23,129.0,129.0,125.6,126.05,310759
2018-08-24,125.0,126.0,124.0,125.0,216992
2018-08-27,125.45,125.75,124.0,124.5,554436
2018-08-28,124.5,125.45,123.8,124.7,273196
2018-08-29,127.9,128.0,121.05,122.65,482408
2018-08-30,122.75,123.9,119.5,120.65,382868
2018-08-31,120.25,122.35,119.3,120.4,377704
2018-09-03,123.4,124.35,121.4,122.0,1157046
2018-09-04,122.75,124.0,116.4,116.9,6785431
2018-09-05,117.8,118.5,113.8,116.25,1159891
2018-09-06,117.0,117.0,113.75,116.3,465705
2018-09-07,116.65,118.2,114.85,115.55,553174
2018-09-10,115.75,119.0,113.55,117.8,3178134
2018-09-11,117.7,118.5,112.45,112.9,440338
2018-09-12,113.85,113.85,109.0,112.2,635122
2018-09-14,112.95,113.4,111.2,112.8,432078
2018-09-17,112.1,112.75,109.0,109.45,475916
2018-09-18,109.0,110.5,104.3,105.65,707831
2018-09-19,106.0,107.3,103.2,103.9,567991
2018-09-21,104.1,112.0,90.25,104.15,2267628
2018-09-24,105.85,107.05,90.1,99.0,2298339
2018-09-25,101.95,101.95,93.4,96.4,1934991
2018-09-26,97.0,97.1,91.5,92.6,3958338
2018-09-27,93.0,95.7,83.85,87.7,4107164
2018-09-28,87.0,91.9,84.1,86.5,2233241
2018-10-01,87.0,89.0,78.25,88.25,1970296
2018-10-03,89.0,90.9,86.2,89.3,724904
2018-10-04,87.05,91.0,84.45,88.95,928025
2018-10-05,88.0,89.0,81.5,84.1,2628375
2018-10-08,84.0,84.0,68.6,73.3,2197172
2018-10-09,75.9,80.7,73.35,78.7,4258117
2018-10-10,79.0,85.5,79.0,81.95,3813439
2018-10-11,77.0,80.9,72.3,74.7,1671105
2018-10-12,75.6,81.3,75.6,80.4,1907308
2018-10-15,80.45,82.15,79.25,81.1,760814
2018-10-16,81.5,82.9,80.2,81.05,474150
2018-10-17,82.0,82.5,75.0,75.3,2573000
2018-10-19,74.0,74.3,69.2,71.35,5693805
2018-10-22,71.2,72.1,70.0,70.3,809897
2018-10-23,69.05,71.4,68.5,70.15,700448
2018-10-24,71.1,72.9,69.1,70.45,3514722
2018-10-25,69.8,69.8,66.2,68.35,1402415
2018-10-26,70.0,70.2,64.05,64.95,4812374
2018-10-29,66.0,73.0,65.05,71.3,2181179
2018-10-30,71.2,74.2,70.7,71.95,1057415
2018-10-31,72.1,79.9,70.5,75.8,3910476
2018-11-01,75.95,77.45,74.25,75.25,2334599
2018-11-02,75.85,79.45,75.8,76.9,1783934
2018-11-05,76.9,77.55,73.3,74.05,1247091
2018-11-06,74.65,77.0,74.2,76.3,635597
2018-11-07,76.3,77.5,76.3,77.25,142625
2018-11-09,75.75,79.1,75.5,78.7,1180482
2018-11-12,78.7,79.5,76.0,78.5,887417
2018-11-13,77.15,79.0,76.2,78.45,563231
2018-11-14,80.5,82.4,79.2,79.95,1541116
2018-11-15,80.5,85.5,79.5,84.25,1652934
2018-11-16,85.5,89.5,84.4,85.95,2091852
2018-11-19,86.5,87.85,83.9,86.65,1684565
2018-11-20,85.75,86.9,84.1,86.05,1625002
2018-11-21,86.0,87.4,85.0,85.35,540856
2018-11-22,86.0,89.85,85.25,88.55,1680484
2018-11-26,88.55,89.3,85.25,86.35,608416
2018-11-27,86.2,88.9,85.5,87.5,844387
2018-11-28,88.5,89.6,83.6,84.3,678411
2018-11-29,85.25,88.0,83.85,86.7,915998
2018-11-30,87.9,88.5,85.5,88.05,526735
2018-12-03,86.0,87.0,83.55,86.5,710789
2018-12-04,86.0,87.35,85.5,86.5,520154
2018-12-05,86.0,86.4,84.95,85.4,317495
2018-12-06,84.45,85.7,84.1,85.1,432894
2018-12-07,85.0,86.35,84.0,85.75,371477
2018-12-10,84.5,84.6,81.5,82.9,254639
2018-12-11,82.25,83.5,80.9,82.6,944838
2018-12-12,84.0,85.9,83.1,85.7,261543
2018-12-13,86.0,88.8,85.95,87.9,551087
2018-12-14,87.9,89.3,85.2,86.35,1578969
2018-12-17,86.9,87.0,85.3,85.9,279469
2018-12-18,84.95,89.1,84.9,88.5,481900
2018-12-19,88.95,93.4,88.15,92.3,2076662
2018-12-20,93.1,94.5,91.35,92.8,855029
2018-12-21,92.85,93.5,89.45,91.0,587125
2018-12-24,90.2,91.1,88.55,89.5,270428
2018-12-26,88.2,88.45,82.5,87.25,687214
2018-12-27,88.95,91.8,88.1,91.0,668473
2018-12-28,91.2,93.1,90.0,92.0,2205826
2019-01-01,93.85,93.85,92.1,92.8,199302
2019-01-02,92.0,92.5,89.6,89.75,348500
2019-01-03,89.75,92.3,89.0,89.65,326319
2019-01-04,90.4,91.1,88.5,90.1,290960
2019-01-07,91.15,91.85,89.35,90.2,314786
2019-01-08,91.3,91.3,89.6,90.0,234858
2019-01-09,91.5,91.5,87.7,88.1,526446
2019-01-10,88.7,89.45,87.55,88.1,276164
2019-01-11,88.25,91.55,87.7,90.55,297005
2019-01-14,90.9,90.9,87.75,88.95,551400
2019-01-15,89.95,91.3,88.6,90.7,313169
2019-01-16,90.3,90.85,89.15,89.6,144301
2019-01-17,89.25,90.15,87.2,87.65,174631
2019-01-18,88.4,88.4,86.0,86.65,187908
2019-01-21,88.0,88.25,86.45,87.0,1260609
2019-01-22,86.8,87.0,84.5,84.85,189371
2019-01-23,84.85,86.6,82.6,83.0,902904
2019-01-24,79.25,85.0,79.25,83.3,569950
2019-01-25,84.5,84.5,81.75,82.65,192592
2019-01-28,82.0,82.15,76.45,77.6,630875
2019-01-29,76.9,79.3,75.1,77.55,263531
2019-01-30,77.8,78.4,76.3,77.2,238391
2019-01-31,77.8,79.6,75.4,77.35,477059
2019-02-01,77.5,81.2,77.05,79.7,1619584
2019-02-04,78.6,78.6,75.5,76.7,250390
2019-02-05,76.7,77.9,75.75,76.45,235445
2019-02-06,77.0,79.5,74.35,77.9,358856
2019-02-07,78.5,80.8,77.45,79.6,210660
2019-02-08,80.5,82.1,77.85,80.15,294489
2019-02-11,82.6,82.6,74.9,75.25,552713
2019-02-12,75.4,76.6,74.05,74.8,183289
2019-02-13,74.4,75.8,73.9,74.9,223451
2019-02-14,74.4,76.8,73.05,75.85,290275
2019-02-15,75.9,77.0,74.6,76.6,184165
2019-02-18,77.0,77.1,74.1,75.0,244091
2019-02-19,74.5,75.6,73.5,74.25,294614
2019-02-20,74.9,76.65,73.35,76.0,229498
2019-02-21,77.0,77.5,75.4,76.5,227849
2019-02-22,76.9,76.9,75.2,76.4,177973
2019-02-25,76.9,77.0,75.8,76.2,148729
2019-02-26,75.0,77.4,74.0,76.65,211794
2019-02-27,77.0,77.85,75.2,76.05,256078
2019-02-28,76.0,78.4,75.6,77.6,158785
2019-03-01,78.0,80.85,77.45,80.1,335784
2019-03-05,80.7,85.2,79.4,84.05,570665
2019-03-06,84.75,88.85,84.3,85.35,561383
2019-03-07,85.9,88.5,85.05,85.7,701153
2019-03-08,85.75,86.2,84.2,85.15,231206
2019-03-11,85.8,86.85,85.05,86.15,612794
2019-03-12,86.55,87.5,75.25,81.65,987240
2019-03-13,82.5,85.4,82.5,84.25,801592
2019-03-14,88.4,89.0,87.0,88.2,3434465
2019-03-15,88.65,92.55,88.25,89.45,2015549
2019-03-18,89.5,90.6,86.35,86.9,789793
2019-03-19,88.55,98.7,88.55,91.6,5591483
2019-03-20,92.0,94.65,91.05,92.95,1781865
2019-03-22,93.4,93.55,89.0,89.5,677155
2019-03-25,88.5,89.4,85.55,86.05,849257
2019-03-26,86.6,89.2,86.2,87.4,3507433
2019-03-27,88.1,93.85,88.0,92.6,1682742
2019-03-28,94.0,95.4,93.6,94.05,1186206
2019-03-29,94.35,96.5,93.2,94.1,904127
2019-04-01,94.8,95.5,92.2,92.8,601881
2019-04-02,93.65,93.65,89.95,90.45,677198
2019-04-03,93.5,93.5,90.3,91.05,910599
2019-04-04,90.55,92.0,88.8,91.15,703953
2019-04-05,91.8,91.8,88.8,89.5,519453
2019-04-08,90.0,90.8,88.0,88.25,436106
2019-04-09,88.7,91.0,87.5,89.5,453567
2019-04-10,90.25,91.0,86.95,87.7,771580
2019-04-11,88.45,88.8,87.2,87.6,375011
2019-04-12,87.1,88.65,87.1,88.0,511519
2019-04-15,88.1,90.0,87.7,89.8,470178
2019-04-16,89.95,90.9,89.1,89.65,507173
2019-04-18,91.5,92.45,89.4,89.9,1532361
2019-04-22,90.2,90.35,87.2,87.9,387516
2019-04-23,87.75,88.9,87.0,87.9,528545
2019-04-24,88.75,88.75,85.2,87.85,587512
2019-04-25,87.85,88.8,87.15,88.0,684681
2019-04-26,88.3,88.3,87.1,88.0,689695
2019-04-30,88.0,89.3,85.25,88.5,511511
2019-05-02,89.7,90.9,87.45,88.1,837980
2019-05-03,86.0,88.2,83.1,85.45,884582
2019-05-06,85.2,88.2,85.0,85.9,2468841
2019-05-07,86.4,86.55,85.05,85.45,405051
2019-05-08,84.95,85.5,82.25,84.25,926889
2019-05-09,83.3,83.75,81.85,82.05,638845
2019-05-10,81.95,82.45,79.25,80.7,594281
2019-05-13,81.2,81.5,78.65,80.1,585760
2019-05-14,79.55,82.55,77.35,81.9,540765
2019-05-15,82.0,82.75,80.65,82.0,386186
2019-05-16,81.2,82.2,80.5,81.9,1158579
2019-05-17,81.95,83.45,81.3,81.85,238612
2019-05-20,84.9,86.6,83.6,85.7,491708
2019-05-21,84.35,86.4,84.35,85.45,235835
2019-05-22,85.95,85.95,84.1,84.8,188342
2019-05-23,88.0,90.5,86.1,88.0,1031586
2019-05-24,89.45,90.5,88.45,89.95,766459
2019-05-27,89.5,93.7,89.1,90.9,787440
2019-05-28,91.85,96.0,91.1,94.1,839862
2019-05-29,94.1,94.5,93.0,94.05,516415
2019-05-30,94.0,95.7,94.0,95.2,919995
2019-05-31,97.5,98.0,94.2,95.5,1899591
2019-06-03,94.5,94.7,93.25,94.35,210022
2019-06-04,93.6,95.6,93.3,94.05,192831
2019-06-06,93.1,93.9,88.75,90.15,567053
2019-06-07,88.95,91.0,88.1,89.55,582218
2019-06-10,89.0,90.5,88.1,89.6,404727
2019-06-11,90.35,91.0,88.95,90.0,394989
2019-06-12,90.0,90.0,88.35,89.1,139554
2019-06-13,88.5,89.5,88.15,89.3,185743
2019-06-14,89.5,92.4,88.1,88.55,263229
2019-06-17,88.0,88.65,84.5,87.1,177955
2019-06-18,86.3,87.7,85.15,86.35,238451
2019-06-19,86.1,86.5,81.5,82.05,1040435
2019-06-20,82.0,84.5,79.5,82.85,404368
2019-06-21,83.4,85.9,81.5,84.25,216615
2019-06-24,84.5,84.65,80.6,81.2,1621735
2019-06-25,81.1,81.5,78.35,78.9,297345
2019-06-26,77.5,81.7,77.5,80.65,419120
2019-06-27,81.65,83.4,79.3,79.75,308166
2019-06-28,80.3,80.3,76.5,76.8,365510
2019-07-01,77.0,77.2,74.0,75.85,1176338
2019-07-02,76.0,76.25,74.5,75.8,799297
2019-07-03,76.0,77.45,75.1,76.15,272991
2019-07-04,76.2,77.4,75.1,76.5,477555
2019-07-05,77.0,79.45,76.0,76.35,312621
2019-07-08,76.3,76.3,73.2,74.9,387164
2019-07-09,74.9,78.15,73.6,77.85,286563
2019-07-10,77.65,77.95,76.0,77.1,152847
2019-07-11,78.0,78.0,75.6,76.0,329812
2019-07-12,76.65,76.65,74.0,74.25,314004
2019-07-15,74.85,75.6,74.0,74.55,170857
2019-07-16,74.95,75.5,72.15,73.3,357142
2019-07-17,73.9,74.9,72.05,74.35,354403
2019-07-18,74.9,74.9,71.3,71.85,226504
2019-07-19,72.5,72.75,67.8,68.95,951243
2019-07-22,68.0,71.75,66.9,70.4,444433
2019-07-23,70.0,72.0,69.05,71.45,218647
2019-07-24,72.4,72.4,67.8,70.65,320485
2019-07-25,70.75,72.35,69.3,71.4,163227
2019-07-26,71.5,71.55,69.45,70.05,188763
2019-07-29,70.75,70.75,68.2,69.95,515301
2019-07-30,70.0,70.05,67.4,67.85,263249
2019-07-31,67.85,68.5,66.0,66.95,201262
2019-08-01,66.6,67.45,64.5,64.95,235446
2019-08-02,64.1,67.0,61.6,65.95,315339
2019-08-05,64.1,67.1,61.65,65.1,469057
2019-08-06,65.5,66.65,64.9,65.75,239613
2019-08-07,66.5,71.25,65.2,67.5,454255
2019-08-08,67.0,68.9,65.8,68.3,259141
2019-08-09,68.3,74.15,68.0,73.0,603835
2019-08-13,73.0,73.15,69.05,70.05,319384
2019-08-14,70.05,73.15,69.5,71.9,234316
2019-08-16,70.6,73.9,69.1,73.55,311285
2019-08-19,74.0,75.0,72.5,74.25,159004
2019-08-20,73.4,74.4,72.4,72.95,205337
2019-08-21,72.5,73.0,69.3,71.6,313311
2019-08-22,71.35,71.9,69.65,70.6,248903
2019-08-23,69.5,71.75,66.65,69.9,283186
2019-08-26,73.0,73.0,70.8,72.0,208633
2019-08-27,74.25,74.25,71.5,72.65,282680
2019-08-28,72.0,73.6,71.65,72.2,208100
2019-08-29,71.6,72.25,70.6,71.45,178387
2019-08-30,71.0,74.2,70.2,73.3,2929132
2019-09-03,71.45,72.0,70.05,70.6,101943
2019-09-04,71.0,71.0,69.5,70.45,165842
2019-09-05,70.6,72.2,70.0,71.15,144912
2019-09-06,72.0,75.95,71.0,75.3,244186
2019-09-09,75.75,75.75,72.5,72.75,222973
2019-09-11,73.1,75.45,72.5,74.15,536908
2019-09-12,75.0,76.1,73.65,75.05,171397
2019-09-13,74.95,75.4,73.1,74.05,131309
2019-09-16,73.9,74.7,72.6,72.95,154494
2019-09-17,73.75,74.0,70.9,71.3,181623
2019-09-18,71.5,72.0,69.4,70.1,171590
2019-09-19,70.5,72.0,69.8,70.3,142953
2019-09-20,71.0,76.05,70.15,74.5,365396
2019-09-23,75.35,84.45,75.35,81.1,948859
2019-09-24,81.25,84.5,80.2,83.4,516350
2019-09-25,83.0,83.45,81.0,82.5,371932
2019-09-26,82.9,88.35,82.5,84.0,981962
2019-09-27,83.0,83.9,80.45,82.6,259590
2019-09-30,82.5,82.5,77.4,79.25,488987
2019-10-01,79.25,79.5,74.3,76.25,474944
2019-10-03,76.6,76.6,72.2,73.9,433876
2019-10-04,74.4,75.95,72.0,72.8,170042
2019-10-07,73.0,73.0,69.55,71.05,367918
2019-10-09,70.9,72.9,70.2,71.95,189907
2019-10-10,72.05,72.8,70.5,71.05,199727
2019-10-11,71.0,73.0,70.55,71.25,194606
2019-10-14,70.8,72.7,70.8,71.5,161780
2019-10-15,72.1,72.1,70.75,71.5,146401
2019-10-16,71.9,73.0,70.85,71.95,214076
2019-10-17,72.5,72.9,71.2,72.6,88347
2019-10-18,73.0,77.15,71.2,72.35,780984
2019-10-22,71.9,74.85,71.35,74.25,281891
2019-10-23,74.55,75.25,73.2,74.6,177809
2019-10-24,73.2,74.7,72.75,74.35,330496
2019-10-25,74.7,75.0,72.05,72.85,167347
2019-10-27,73.0,74.1,71.0,73.65,43166
2019-10-29,74.1,74.65,72.9,73.5,149447
2019-10-30,73.8,75.25,73.5,75.0,114692
2019-10-31,74.2,79.8,74.2,78.0,428480
2019-11-01,81.15,82.5,80.0,81.0,501028
2019-11-04,83.0,83.0,81.1,81.8,202163
2019-11-05,82.35,85.35,81.5,81.95,375722
2019-11-06,82.8,83.85,80.7,81.95,278831
2019-11-07,83.0,91.0,82.65,89.55,1996291
2019-11-08,88.85,89.9,86.9,87.7,1677520
2019-11-11,88.5,91.5,86.15,90.7,404110
2019-11-13,89.25,91.2,87.75,88.7,473241
2019-11-14,88.55,90.9,87.3,89.85,293754
2019-11-15,91.25,94.8,89.0,94.05,939542
2019-11-18,94.7,95.5,92.55,94.55,681228
2019-11-19,94.85,94.85,92.6,93.5,242465
2019-11-20,94.0,94.45,91.6,93.25,198343
2019-11-21,93.2,93.75,92.15,92.6,152850
2019-11-22,92.1,100.5,92.1,95.1,2149016
2019-11-25,95.1,97.25,90.0,93.0,526159
2019-11-26,93.7,94.4,84.8,86.9,748520
2019-11-27,86.35,87.7,82.9,83.55,333744
2019-11-28,84.35,90.0,82.1,88.6,985164
2019-11-29,87.9,91.7,87.15,90.85,742873
2019-12-02,89.55,90.6,86.4,87.2,279200
2019-12-03,87.0,88.0,82.1,82.75,355451
2019-12-04,82.75,88.75,81.4,87.85,1351608
2019-12-05,87.9,88.4,85.0,86.2,292254
2019-12-06,85.6,89.35,85.1,88.1,303194
2019-12-09,87.05,87.8,85.4,86.2,183153
2019-12-10,86.0,88.25,85.1,87.25,221526
2019-12-11,86.4,88.0,85.7,87.2,280130
2019-12-12,87.35,87.8,86.25,86.55,233826
2019-12-13,86.0,92.0,86.0,91.3,751105
2019-12-16,92.8,96.8,91.5,95.65,2989903
2019-12-17,97.0,98.0,93.25,96.1,909508
2019-12-18,96.0,97.75,94.1,94.9,568936
2019-12-19,94.15,95.15,90.1,91.9,448521
2019-12-20,96.4,96.4,92.5,93.05,1795228
2019-12-23,92.8,92.8,90.6,91.15,252730
2019-12-24,90.5,91.05,88.65,89.05,296944
2019-12-26,89.0,89.8,87.0,87.4,206015
2019-12-27,87.7,91.85,86.5,91.4,1012211
2019-12-30,91.8,93.3,91.4,92.4,1152212
