date,open,high,low,close,volume
2009-03-05,2.18,2.27,2.1,2.17,7330
2009-03-06,2.0,2.27,1.9,2.08,10880
2009-03-09,2.1,2.29,2.08,2.25,18160
2009-03-12,2.3,2.3,2.1,2.26,4030
2009-03-13,2.27,2.47,2.27,2.4,21170
2009-03-16,2.37,2.37,2.22,2.25,21300
2009-03-17,2.25,2.3,2.25,2.28,33620
2009-03-18,2.3,2.3,2.2,2.26,194720
2009-03-19,2.2,2.3,2.17,2.2,66630
2009-03-20,2.22,2.3,2.22,2.3,8870
2009-03-23,2.3,2.59,2.2,2.33,13760
2009-03-24,2.32,2.32,2.22,2.22,50100
2009-03-25,2.25,2.3,2.05,2.11,70350
2009-03-26,2.2,2.29,2.11,2.25,227960
2009-03-27,2.15,2.29,2.05,2.11,77760
2009-03-30,2.11,2.14,2.05,2.07,96490
2009-03-31,2.1,2.19,2.05,2.07,60130
2009-04-01,2.1,2.15,2.07,2.1,98260
2009-04-02,2.16,2.26,2.1,2.2,242650
2009-04-06,2.33,2.41,2.28,2.4,104860
2009-04-08,2.4,2.8,2.3,2.65,156480
2009-04-09,2.68,2.8,2.45,2.71,43170
2009-04-13,2.73,2.9,2.59,2.81,108980
2009-04-15,2.89,3.38,2.8,3.24,94130
2009-04-16,3.13,3.2,3.03,3.04,143820
2009-04-17,3.01,3.15,2.95,2.96,27300
2009-04-20,3.0,3.2,2.9,2.95,33530
2009-04-21,2.81,3.09,2.81,2.99,17900
2009-04-22,3.1,3.2,2.86,2.9,67440
2009-04-23,2.81,3.05,2.81,2.96,10520
2009-04-24,2.95,3.13,2.9,3.03,12590
2009-04-27,3.0,3.33,3.0,3.33,78530
2009-04-28,3.33,3.66,3.13,3.23,54060
2009-04-29,3.3,3.3,3.1,3.2,12210
2009-05-04,3.2,3.4,3.2,3.32,29340
2009-05-05,3.4,3.55,3.15,3.42,42410
2009-05-06,3.4,3.68,3.4,3.42,14340
2009-05-07,3.33,3.77,3.33,3.75,47170
2009-05-08,3.77,3.93,3.7,3.73,26100
2009-05-11,3.8,3.89,3.6,3.84,17930
2009-05-12,3.6,4.18,3.6,4.14,55110
2009-05-13,4.0,4.08,3.9,3.96,22520
2009-05-14,4.0,4.28,4.0,4.14,34160
2009-05-15,4.35,4.45,4.02,4.1,43350
2009-05-19,4.15,4.3,4.05,4.13,22280
2009-05-20,4.2,4.34,4.2,4.34,102800
2009-05-21,4.35,4.56,4.16,4.18,107410
2009-05-22,4.2,4.4,4.2,4.4,22910
2009-05-25,4.6,4.62,4.43,4.56,30060
2009-05-26,4.79,4.79,4.7,4.7,35560
2009-05-27,4.93,4.93,4.85,4.93,35280
2009-05-28,5.02,5.18,5.02,5.18,67470
2009-05-29,5.45,5.45,5.0,5.45,102120
2009-06-01,5.72,5.72,5.5,5.72,45900
2009-06-02,6.01,6.01,5.95,6.01,147690
2009-06-03,6.32,6.32,6.1,6.32,36340
2009-06-04,6.6,6.63,6.4,6.6,74380
2009-06-05,6.93,6.93,6.76,6.93,67380
2009-06-08,6.95,7.28,6.58,6.58,87940
2009-06-09,6.3,6.54,6.26,6.37,47050
2009-06-10,6.6,6.6,6.05,6.06,41610
2009-06-11,5.77,6.09,5.76,5.76,109970
2009-06-12,5.54,5.93,5.48,5.48,40080
2009-06-15,5.22,5.7,5.22,5.25,15000
2009-06-16,5.25,5.52,5.0,5.52,34280
2009-06-17,5.5,5.8,5.5,5.6,14930
2009-06-18,5.78,5.8,5.4,5.53,15220
2009-06-19,5.79,5.79,5.27,5.65,27020
2009-06-22,5.8,5.93,5.51,5.71,31130
2009-06-23,5.43,5.7,5.43,5.52,10760
2009-06-24,5.5,5.69,5.25,5.4,24400
2009-06-25,5.22,5.65,5.22,5.64,8060
2009-06-26,5.4,5.88,5.4,5.69,11780
2009-06-29,5.6,5.98,5.6,5.98,25830
2009-06-30,6.27,6.28,5.87,5.88,19640
2009-07-01,5.68,6.0,5.63,5.65,6780
2009-07-02,5.7,5.93,5.6,5.65,5730
2009-07-03,5.5,5.9,5.39,5.66,17980
2009-07-06,5.75,5.95,5.41,5.62,25420
2009-07-07,5.4,5.4,5.25,5.27,16810
2009-07-08,4.93,5.14,4.9,5.1,19600
2009-07-09,4.9,5.1,4.9,4.97,13140
2009-07-10,4.79,5.0,4.54,4.7,60000
2009-07-13,4.75,4.75,4.23,4.32,20430
2009-07-14,4.4,4.7,4.35,4.56,10010
2009-07-15,4.7,4.99,4.7,4.95,8430
2009-07-16,4.9,4.98,4.57,4.73,9250
2009-07-17,4.9,5.0,4.7,4.7,24550
2009-07-20,4.9,5.0,4.9,4.97,4250
2009-07-21,4.75,5.39,4.75,4.82,5620
2009-07-22,5.0,5.2,4.91,4.95,5550
2009-07-23,4.96,5.0,4.93,4.95,10540
2009-07-24,4.82,5.4,4.81,5.3,22780
2009-07-27,5.4,5.4,5.14,5.3,9120
2009-07-28,5.15,5.42,5.15,5.2,7140
2009-07-29,5.21,5.3,5.1,5.21,2790
2009-07-30,5.16,5.39,5.16,5.36,4600
2009-07-31,5.49,5.49,5.23,5.45,2330
2009-08-03,5.9,5.9,5.42,5.7,36180
2009-08-04,5.65,5.8,5.35,5.39,11320
2009-08-05,5.43,5.93,5.43,5.82,66420
2009-08-06,5.77,5.89,5.71,5.76,45750
2009-08-07,5.95,5.95,5.5,5.58,14930
2009-08-10,5.59,6.11,5.24,5.57,83770
2009-08-11,5.33,6.13,5.23,5.64,363530
2009-08-12,5.7,6.2,5.51,6.2,3003920
2009-08-13,6.15,6.35,5.92,6.0,104840
2009-08-14,6.1,6.1,5.63,5.78,49120
2009-08-17,5.98,5.98,5.53,5.55,16990
2009-08-18,5.7,5.8,5.45,5.57,36280
2009-08-19,5.6,5.77,5.03,5.58,18380
2009-08-20,5.51,5.85,5.51,5.61,22660
2009-08-21,5.21,5.78,5.21,5.68,28060
2009-08-24,5.98,5.98,5.6,5.78,21810
2009-08-25,6.05,6.05,5.55,5.87,47240
2009-08-26,6.0,6.0,5.8,5.99,41260
2009-08-27,6.54,6.55,5.83,6.01,73290
2009-08-28,6.28,6.28,5.8,6.01,107820
2009-08-31,6.01,6.18,5.8,6.02,31170
2009-09-01,6.19,6.19,5.95,5.97,37620
2009-09-02,6.09,6.09,5.85,5.99,31920
2009-09-03,5.87,6.13,5.87,6.0,23450
2009-09-04,5.96,6.55,5.96,6.35,120130
2009-09-07,6.65,7.19,6.5,6.73,92650
2009-09-08,6.99,7.4,6.84,7.01,113320
2009-09-09,7.0,7.0,6.71,6.82,29220
2009-09-10,6.8,7.16,6.8,6.99,63390
2009-09-11,7.2,7.2,6.83,6.94,30680
2009-09-14,7.0,7.0,6.73,6.83,34430
2009-09-15,6.85,7.73,6.83,7.57,176220
2009-09-16,7.85,8.0,7.5,7.72,115470
2009-09-17,7.62,7.98,7.54,7.73,60720
2009-09-18,7.73,8.2,7.59,8.14,79340
2009-09-22,8.2,8.6,8.2,8.33,31320
2009-09-23,8.12,8.48,7.71,7.82,89530
2009-09-24,7.71,7.9,7.5,7.65,3498290
2009-09-25,7.89,8.04,7.66,7.78,70340
2009-09-29,7.7,8.14,7.7,7.71,33960
2009-09-30,7.49,8.37,7.49,7.88,29270
2009-10-01,8.0,8.39,8.0,8.11,35110
2009-10-05,8.2,8.43,7.86,7.88,40510
2009-10-06,7.8,8.0,7.63,7.86,20140
2009-10-07,8.2,8.2,7.83,7.93,11150
2009-10-08,8.0,8.08,7.65,7.73,8440
2009-10-09,7.89,7.89,7.5,7.53,12660
2009-10-12,7.56,7.79,7.55,7.61,25890
2009-10-14,7.43,8.0,7.43,7.9,206560
2009-10-15,7.8,7.9,7.63,7.68,10850
2009-10-16,7.9,7.9,7.52,7.54,25750
2009-10-17,7.6,7.85,7.6,7.63,12510
2009-10-20,7.57,7.67,7.53,7.6,13450
2009-10-21,7.47,7.63,7.47,7.53,29220
2009-10-22,7.45,7.64,7.4,7.6,52160
2009-10-23,7.15,7.9,7.12,7.81,22730
2009-10-26,7.7,7.8,7.5,7.55,8290
2009-10-27,7.7,7.9,7.31,7.63,35880
2009-10-28,7.5,7.79,7.5,7.57,13730
2009-10-29,7.79,7.89,7.7,7.83,37930
2009-10-30,7.99,8.15,7.95,8.02,38030
2009-11-03,7.56,7.7,6.9,7.09,19230
2009-11-04,7.02,7.54,6.85,7.1,34430
2009-11-05,7.05,7.4,7.05,7.33,3220
2009-11-06,7.4,7.64,7.4,7.4,14620
2009-11-09,7.42,7.56,7.16,7.25,49910
2009-11-10,7.3,7.49,7.3,7.48,3740
2009-11-11,7.4,7.54,7.2,7.28,9420
2009-11-12,7.2,7.39,7.15,7.32,16650
2009-11-13,7.99,7.99,7.18,7.22,43130
2009-11-16,7.39,7.62,7.25,7.47,10510
2009-11-17,7.35,7.49,7.3,7.3,22720
2009-11-18,7.32,8.0,7.3,7.97,44220
2009-11-19,7.7,7.9,7.55,7.78,12790
2009-11-20,7.7,7.84,7.55,7.57,600
2009-11-23,7.5,7.99,7.42,7.87,37860
2009-11-24,7.98,8.81,7.98,8.43,115280
2009-11-25,8.4,8.6,8.27,8.5,25170
2009-11-26,8.4,8.58,8.12,8.29,11560
2009-11-27,7.92,8.18,7.92,8.12,14460
2009-11-30,8.13,8.3,8.1,8.16,14040
2009-12-01,8.1,9.79,8.1,9.54,374410
2009-12-02,9.63,9.8,9.02,9.17,104790
2009-12-03,9.0,9.48,8.7,8.89,29760
2009-12-04,9.07,9.19,8.71,9.08,21010
2009-12-07,9.18,9.19,8.5,8.59,26470
2009-12-08,8.99,8.99,8.5,8.55,27580
2009-12-09,8.56,8.98,8.56,8.71,14580
2009-12-10,8.8,9.1,8.5,8.71,38720
2009-12-11,8.8,9.07,8.7,8.78,22500
2009-12-14,8.9,9.28,8.84,9.18,35970
2009-12-15,9.11,9.13,9.0,9.0,22170
2009-12-16,9.0,9.5,8.9,9.29,32860
2009-12-17,9.3,9.4,9.2,9.2,20110
2009-12-18,9.1,9.13,8.72,9.0,36010
2009-12-21,9.01,9.2,9.01,9.04,8210
2009-12-22,9.03,9.25,9.02,9.03,2800
2009-12-23,9.03,9.24,8.8,9.03,12510
2009-12-24,8.85,9.2,8.85,9.13,14080
2009-12-29,9.29,10.34,9.21,9.89,366980
2009-12-30,9.98,10.3,9.85,10.0,66530
2009-12-31,9.81,10.2,9.8,10.13,81260
2010-01-04,10.29,10.3,9.53,9.83,79680
2010-01-05,10.3,10.3,9.8,9.84,17000
2010-01-06,9.83,10.09,9.71,9.73,19290
2010-01-07,9.9,10.7,9.52,10.53,138530
2010-01-08,10.05,10.49,9.83,10.0,68080
2010-01-11,10.15,10.25,9.83,9.91,83430
2010-01-12,10.01,10.37,10.01,10.03,46890
2010-01-13,10.1,10.1,9.72,9.84,78570
2010-01-14,10.29,10.29,9.76,9.91,174140
2010-01-15,10.0,10.25,9.9,10.13,31640
2010-01-18,10.11,10.11,9.81,9.87,19410
2010-01-19,9.8,10.0,9.7,9.76,10550
2010-01-20,9.9,9.94,9.76,9.83,16930
2010-01-21,9.9,9.93,9.31,9.42,64180
2010-01-22,9.79,11.27,9.63,9.86,1340000
2010-01-25,9.98,10.48,9.98,10.09,190180
2010-01-27,9.51,10.25,9.04,9.4,81340
2010-01-28,9.4,9.55,9.01,9.11,80240
2010-01-29,9.01,9.2,8.65,9.12,63510
2010-02-01,8.82,10.06,8.82,9.52,185180
2010-02-02,9.8,10.49,9.44,9.7,201270
2010-02-03,9.62,11.64,9.55,11.51,4820760
2010-02-04,12.8,12.8,10.93,11.13,9106450
2010-02-05,10.53,11.4,10.21,10.74,854310
2010-02-06,10.1,11.3,10.1,11.16,165230
2010-02-08,11.1,11.45,10.7,10.9,564450
2010-02-09,10.9,10.97,10.73,10.81,178870
2010-02-10,10.8,10.9,10.4,10.64,156850
2010-02-11,10.64,10.9,10.52,10.8,258430
2010-02-15,10.8,10.89,10.65,10.82,75890
2010-02-16,10.73,10.88,10.62,10.83,107440
2010-02-17,10.78,11.08,10.56,10.72,220490
2010-02-18,10.71,11.13,10.61,10.8,76510
2010-02-19,10.9,10.91,10.6,10.77,62620
2010-02-22,10.66,10.9,10.66,10.79,77170
2010-02-23,10.6,10.81,10.4,10.76,105380
2010-02-24,10.52,10.8,10.26,10.44,48310
2010-02-25,10.26,10.6,10.16,10.23,22070
2010-02-26,10.21,10.64,10.21,10.54,50740
2010-03-02,10.46,11.1,10.45,10.77,1779390
2010-03-03,10.75,10.95,10.51,10.88,670200
2010-03-04,10.72,11.08,10.72,10.97,160010
2010-03-05,11.0,11.0,10.7,10.81,50150
2010-03-08,10.9,11.5,10.51,11.05,719430
2010-03-09,10.91,11.05,10.6,10.63,86210
2010-03-10,10.55,10.89,10.53,10.56,35710
2010-03-11,10.54,10.64,10.52,10.59,21520
2010-03-12,10.54,10.77,10.48,10.64,92610
2010-03-15,10.67,11.0,10.55,10.89,85890
2010-03-16,10.87,10.87,10.7,10.71,26800
2010-03-17,10.61,10.8,10.5,10.55,71260
2010-03-18,10.56,11.15,10.56,10.82,165880
2010-03-19,10.8,10.89,10.65,10.74,25120
2010-03-22,10.52,11.0,10.52,10.83,146330
2010-03-23,10.63,10.98,10.63,10.9,31400
2010-03-25,10.71,11.1,10.71,10.93,34150
2010-03-26,10.75,11.2,10.75,11.0,148130
2010-03-29,10.92,11.2,10.83,11.01,109460
2010-03-30,10.96,11.3,10.63,10.73,124650
2010-03-31,10.9,11.24,10.83,11.13,79460
2010-04-01,11.12,11.7,11.12,11.51,559910
2010-04-05,11.79,11.95,11.15,11.22,211560
2010-04-06,11.04,11.5,11.04,11.25,84920
2010-04-07,11.39,11.65,11.25,11.49,159820
2010-04-08,11.5,12.65,11.4,11.78,1896620
2010-04-09,11.99,12.79,11.99,12.48,2080540
2010-04-12,12.8,13.6,12.6,12.91,1963370
2010-04-13,13.13,13.41,12.9,13.17,337900
2010-04-15,13.5,14.14,13.21,13.26,3898470
2010-04-16,13.2,13.49,12.91,13.11,472160
2010-04-19,13.47,14.25,13.25,13.56,3900090
2010-04-20,13.62,14.04,13.6,13.84,1089270
2010-04-21,13.91,14.3,13.65,14.13,1797220
2010-04-22,13.7,14.05,13.53,13.73,663890
2010-04-23,13.8,13.8,13.4,13.63,373980
2010-04-26,13.7,14.19,13.69,13.94,240260
2010-04-27,14.14,15.57,14.01,15.01,4498640
2010-04-28,14.95,15.3,14.16,14.29,1078350
2010-04-29,14.4,15.03,14.16,14.8,348030
2010-04-30,15.15,15.54,14.71,14.97,973310
2010-05-03,14.6,14.88,14.6,14.66,135410
2010-05-04,14.66,15.49,14.66,15.01,599450
2010-05-05,14.79,15.5,14.52,15.21,482140
2010-05-06,15.11,16.43,15.11,16.11,925830
2010-05-07,15.98,15.98,14.6,14.86,511280
2010-05-10,15.09,15.36,14.71,14.85,213010
2010-05-11,14.9,14.96,14.63,14.73,156510
2010-05-12,14.8,15.6,14.8,15.29,448270
2010-05-13,15.58,16.24,15.22,15.84,1433950
2010-05-14,15.75,17.19,15.75,16.04,1944240
2010-05-17,16.1,16.23,15.51,15.69,234980
2010-05-18,15.66,16.15,15.66,15.83,354430
2010-05-19,15.76,15.88,15.01,15.16,623980
2010-05-20,15.59,15.59,14.7,14.9,749370
2010-05-21,14.2,14.8,14.2,14.38,593670
2010-05-24,14.67,15.3,14.1,14.23,729150
2010-05-25,14.2,14.29,12.58,13.51,787990
2010-05-26,13.8,14.24,13.41,13.87,638190
2010-05-27,13.88,14.6,13.88,14.51,667580
2010-05-28,14.32,15.2,14.32,14.57,1113210
2010-05-31,14.56,14.89,14.56,14.65,49890
2010-06-01,14.7,15.14,14.11,14.34,229230
2010-06-02,14.34,14.9,14.28,14.74,121680
2010-06-03,14.65,14.9,14.6,14.79,57580
2010-06-04,14.71,14.76,14.44,14.69,80330
2010-06-07,14.0,14.9,14.0,14.49,83030
2010-06-08,14.35,14.68,14.23,14.29,821490
2010-06-09,14.58,14.58,13.86,14.33,60830
2010-06-10,14.03,14.39,14.01,14.11,44320
2010-06-11,14.12,14.58,13.95,14.14,68770
2010-06-14,14.11,14.35,13.88,14.1,108460
2010-06-15,14.01,15.0,13.92,14.48,119280
2010-06-16,14.16,14.98,14.15,14.73,195180
2010-06-17,14.6,14.75,14.45,14.68,63560
2010-06-18,14.61,14.61,14.33,14.41,55280
2010-06-21,14.51,15.24,14.51,14.74,289290
2010-06-22,14.95,14.97,14.57,14.63,45770
2010-06-23,14.6,14.73,14.23,14.68,70450
2010-06-24,14.89,15.07,14.43,14.49,154450
2010-06-25,14.69,14.79,14.24,14.41,55590
2010-06-28,14.65,14.96,14.41,14.68,193800
2010-06-29,14.5,14.65,14.31,14.36,41170
2010-06-30,14.2,14.67,14.05,14.37,94730
2010-07-01,14.2,14.44,13.96,14.01,155390
2010-07-02,13.9,14.24,13.9,14.04,45760
2010-07-05,14.64,14.64,14.01,14.11,25890
2010-07-06,14.0,14.49,14.0,14.29,66400
2010-07-07,14.15,14.2,14.05,14.07,86740
2010-07-08,14.44,14.44,14.08,14.28,122190
2010-07-09,14.99,15.2,14.48,14.73,749090
2010-07-12,14.61,14.81,14.51,14.68,54850
2010-07-13,14.74,14.8,14.53,14.61,50110
2010-07-14,14.69,14.85,14.55,14.65,116010
2010-07-15,14.88,14.88,14.6,14.65,33400
2010-07-16,14.69,15.04,14.56,14.93,137060
2010-07-19,14.9,15.1,14.65,14.87,103710
2010-07-20,14.89,15.67,14.81,15.23,419100
2010-07-21,15.15,15.49,15.09,15.34,122330
2010-07-22,15.3,15.38,15.15,15.29,29640
2010-07-23,15.26,16.14,15.26,15.57,437670
2010-07-26,15.75,16.03,15.5,15.9,314330
2010-07-27,15.9,16.06,15.08,15.25,358270
2010-07-28,15.7,17.19,15.4,16.09,5594570
2010-07-29,16.26,16.29,15.62,15.89,901790
2010-07-30,15.88,16.72,15.81,16.36,690080
2010-08-02,16.3,17.05,16.3,16.68,452160
2010-08-03,16.68,16.98,16.51,16.58,175160
2010-08-04,16.78,16.89,15.7,16.13,451160
2010-08-05,16.39,17.37,16.0,16.81,1106250
2010-08-06,16.9,17.74,16.9,17.03,959540
2010-08-09,16.62,17.95,16.62,17.39,1506730
2010-08-10,17.5,17.8,17.3,17.39,339690
2010-08-11,17.25,17.95,17.21,17.32,601400
2010-08-12,16.92,17.8,16.92,17.55,294540
2010-08-13,17.41,18.19,17.41,17.71,552440
2010-08-16,17.7,18.28,17.4,17.53,677460
2010-08-17,17.4,18.5,17.4,18.24,1805070
2010-08-18,18.1,19.85,18.1,19.28,3171010
2010-08-19,19.54,21.49,19.36,20.15,4389220
2010-08-20,20.23,20.69,19.62,20.16,1259550
2010-08-23,20.2,20.49,19.71,19.82,431440
2010-08-24,20.0,20.1,19.18,19.28,337830
2010-08-25,18.71,20.07,18.71,19.68,1109870
2010-08-26,20.0,20.6,19.23,19.49,1066450
2010-08-27,19.13,19.75,19.01,19.09,299900
2010-08-30,19.8,19.99,18.63,18.93,470260
2010-08-31,18.29,18.89,17.77,18.3,799630
2010-09-01,18.45,18.84,18.22,18.68,411050
2010-09-02,18.73,19.2,18.55,18.65,351840
2010-09-03,18.52,18.96,18.43,18.58,213210
2010-09-06,18.6,19.49,18.6,19.41,303410
2010-09-07,18.6,20.2,18.6,20.02,519020
2010-09-08,19.5,20.69,19.5,20.09,491160
2010-09-09,20.0,20.63,20.0,20.51,532560
2010-09-13,20.02,20.74,20.02,20.21,322050
2010-09-14,20.2,20.4,19.41,20.29,919790
2010-09-15,19.82,20.29,19.61,19.75,238480
2010-09-16,19.71,20.98,19.41,20.26,2591400
2010-09-17,20.33,20.5,19.81,19.96,285070
2010-09-20,20.05,20.2,19.61,19.74,155590
2010-09-21,19.52,19.99,19.35,19.49,132030
2010-09-22,19.55,19.76,18.83,19.28,151980
2010-09-23,19.01,19.8,18.72,19.32,203160
2010-09-24,18.91,19.85,18.91,19.74,222250
2010-09-27,19.9,19.99,19.51,19.63,237720
2010-09-28,19.37,19.65,19.21,19.47,67610
2010-09-29,19.5,20.28,19.44,20.01,478100
2010-09-30,19.2,20.4,19.2,20.16,364390
2010-10-01,19.5,21.43,19.5,21.06,3146000
2010-10-04,21.21,22.45,21.09,22.11,1441650
2010-10-05,22.26,22.39,21.51,21.64,242490
2010-10-06,21.01,22.34,21.01,21.57,174000
2010-10-07,21.65,23.89,21.65,22.41,1085030
2010-10-08,21.6,23.8,21.6,23.31,1367160
2010-10-11,23.6,23.6,22.16,22.81,193060
2010-10-12,22.2,23.48,22.2,23.21,302700
2010-10-13,22.2,23.69,22.2,23.03,238590
2010-10-14,23.68,23.68,22.41,22.48,423640
2010-10-15,22.0,22.88,21.0,21.29,1281250
2010-10-18,21.88,22.1,21.21,21.81,360250
2010-10-19,21.8,22.29,21.6,21.95,142370
2010-10-20,21.9,22.44,21.9,22.26,101750
2010-10-21,22.61,23.6,22.61,22.73,892000
2010-10-22,23.06,23.2,22.4,22.49,237610
2010-10-25,22.51,23.7,22.5,23.4,393330
2010-10-26,23.74,24.69,23.31,24.19,1267800
2010-10-27,24.19,24.48,23.61,23.78,336860
2010-10-28,23.2,24.14,22.1,22.73,604340
2010-10-29,22.73,23.7,22.2,22.74,297760
2010-11-01,23.27,23.75,23.2,23.6,301150
2010-11-02,23.4,23.8,22.9,23.06,225220
2010-11-03,23.31,23.45,22.83,22.91,94500
2010-11-04,22.85,23.6,22.7,23.16,76010
2010-11-05,23.34,23.34,22.91,23.12,22380
2010-11-08,22.73,23.29,22.7,22.92,72430
2010-11-09,23.32,23.33,22.5,23.16,100250
2010-11-10,22.8,24.38,22.72,23.81,680240
2010-11-11,24.24,24.24,23.27,23.86,135750
2010-11-12,23.5,23.69,22.42,22.83,142000
2010-11-15,22.5,23.1,22.18,22.35,124370
2010-11-16,22.0,23.29,21.24,21.49,174400
2010-11-18,21.56,21.99,21.1,21.56,123760
2010-11-19,21.01,21.8,21.0,21.12,31450
2010-11-22,21.0,22.5,20.8,22.16,104330
2010-11-23,21.5,21.9,20.89,21.47,135410
2010-11-24,21.1,22.2,21.1,21.48,194130
2010-11-25,21.2,21.7,21.1,21.19,27750
2010-11-26,20.91,21.4,18.8,20.24,362070
2010-11-29,19.52,20.11,18.56,19.58,275420
2010-11-30,19.02,19.76,19.02,19.26,248750
2010-12-01,19.2,20.2,19.2,20.02,63610
2010-12-02,19.71,21.6,19.71,19.85,77300
2010-12-03,20.02,20.39,19.13,19.21,76270
2010-12-06,18.77,20.0,18.77,19.11,46870
2010-12-07,18.7,19.6,18.7,18.94,50390
2010-12-08,18.7,19.2,18.35,18.49,30680
2010-12-09,18.5,18.78,17.0,17.37,162090
2010-12-10,17.0,18.0,16.91,17.81,82010
2010-12-13,17.19,19.24,17.13,18.96,85640
2010-12-14,18.5,19.5,18.5,19.15,62940
2010-12-15,18.8,19.7,17.9,17.99,140270
2010-12-16,19.36,19.4,17.9,18.71,47010
2010-12-20,18.9,20.48,18.72,19.76,526880
2010-12-21,20.05,20.35,18.9,19.65,137640
2010-12-22,19.4,19.9,19.4,19.58,33490
2010-12-23,19.4,19.8,19.4,19.61,25980
2010-12-24,19.3,19.59,19.2,19.39,11900
2010-12-27,19.2,20.0,19.2,19.66,33290
2010-12-28,19.4,20.1,19.4,19.95,79130
2010-12-29,19.95,20.46,19.95,20.39,52510
2010-12-30,20.03,20.99,19.8,20.01,75740
2011-01-03,20.02,20.64,19.81,20.02,40360
2011-01-04,20.86,20.95,20.03,20.41,50570
2011-01-05,20.11,20.59,20.1,20.14,18770
2011-01-06,19.9,20.49,19.3,19.56,50570
2011-01-07,18.7,19.6,18.3,18.39,118060
2011-01-10,18.3,19.4,17.7,17.91,62890
2011-01-11,17.6,18.26,17.05,17.43,352340
2011-01-12,17.2,19.09,17.2,17.81,407250
2011-01-13,17.9,18.05,17.51,17.72,66270
2011-01-14,17.4,17.97,17.24,17.63,56820
2011-01-17,17.7,18.48,17.27,17.56,17890
2011-01-18,17.1,17.98,16.81,17.18,57470
2011-01-19,16.81,17.49,16.81,17.16,27290
2011-01-20,17.0,17.5,17.0,17.13,122830
2011-01-21,16.8,17.49,16.8,17.21,78360
2011-01-24,17.02,17.8,17.02,17.42,250610
2011-01-25,17.04,17.5,17.04,17.34,58760
2011-01-27,17.71,18.9,16.85,18.52,708680
2011-01-28,18.3,18.95,16.26,17.38,290200
2011-01-31,16.28,17.49,16.28,16.87,118850
2011-02-01,17.8,17.8,17.1,17.3,119080
2011-02-02,17.1,17.6,17.1,17.28,335430
2011-02-03,17.0,17.34,16.85,17.19,72600
2011-02-04,17.0,17.25,16.36,16.66,51500
2011-02-07,16.4,16.69,16.0,16.15,59400
2011-02-08,16.6,16.6,15.61,16.06,72830
2011-02-09,15.81,16.7,15.55,15.98,106920
2011-02-10,16.0,16.3,15.51,15.64,43940
2011-02-11,15.31,16.46,15.29,16.27,287860
2011-02-14,16.3,16.5,16.12,16.3,38240
2011-02-15,16.78,16.78,16.24,16.35,28900
2011-02-16,16.49,17.5,16.25,17.09,55930
2011-02-17,17.1,18.0,17.1,17.55,73730
2011-02-18,17.96,17.96,16.36,17.06,103560
2011-02-21,16.8,17.4,16.29,16.61,145900
2011-02-22,16.4,17.29,16.3,16.51,72040
2011-02-23,16.31,16.69,15.66,15.93,49660
2011-02-24,16.35,16.49,15.86,16.17,192730
2011-02-25,15.91,16.35,15.62,15.74,13110
2011-02-28,16.0,16.39,15.73,15.95,12140
2011-03-01,16.01,17.0,16.01,16.76,46130
2011-03-03,16.5,17.0,16.19,16.78,79540
2011-03-04,17.1,17.1,16.51,16.61,11500
2011-03-07,16.89,16.89,15.65,15.91,90980
2011-03-08,15.78,16.84,15.78,16.21,86030
2011-03-09,16.45,17.25,16.45,17.12,183170
2011-03-10,17.55,17.55,16.82,16.99,24090
2011-03-11,16.5,16.99,16.5,16.97,10460
2011-03-14,16.8,17.5,16.7,17.34,35810
2011-03-15,16.8,17.39,16.26,16.99,51350
2011-03-16,16.91,17.5,16.76,17.11,55150
2011-03-17,17.1,17.23,16.52,17.04,63140
2011-03-18,16.81,16.81,16.51,16.71,6240
2011-03-21,16.54,17.39,16.31,17.04,48000
2011-03-22,16.64,17.11,16.42,16.91,121270
2011-03-23,16.9,16.96,16.5,16.69,83120
2011-03-24,16.86,16.86,16.6,16.74,17820
2011-03-25,16.7,17.39,16.61,17.1,48060
2011-03-28,16.98,17.39,16.73,17.11,66120
2011-03-29,17.69,17.69,16.81,17.38,46310
2011-03-30,17.01,18.4,16.95,17.64,106590
2011-03-31,17.6,18.79,17.49,18.36,101830
2011-04-01,18.4,18.8,17.93,18.16,83570
2011-04-04,17.9,18.89,17.9,18.68,60010
2011-04-05,18.21,19.29,18.21,18.83,51310
2011-04-06,18.5,19.5,18.5,19.19,144430
2011-04-07,18.9,19.39,18.51,18.64,53500
2011-04-08,18.5,18.99,17.7,18.49,83270
2011-04-11,18.24,18.9,18.23,18.61,23540
2011-04-13,18.26,19.0,18.26,18.76,66250
2011-04-15,18.6,18.99,18.34,18.89,140780
2011-04-18,19.4,19.4,18.21,18.44,53950
2011-04-19,18.29,18.94,17.9,18.68,100050
2011-04-20,18.8,18.8,18.2,18.56,58710
2011-04-21,18.68,19.19,18.4,18.97,56430
2011-04-25,18.46,19.23,18.41,19.01,48130
2011-04-26,19.36,19.36,18.66,18.89,33100
2011-04-27,19.19,19.19,18.4,18.59,46170
2011-04-28,18.8,18.8,18.4,18.4,8950
2011-04-29,18.64,18.64,17.7,17.84,76620
2011-05-02,17.8,18.19,17.5,17.95,40320
2011-05-03,17.61,18.07,17.31,17.8,26300
2011-05-04,18.29,18.29,16.9,17.43,90130
2011-05-05,17.5,17.5,16.8,16.96,30350
2011-05-06,16.52,17.29,16.49,16.96,28420
2011-05-09,16.55,17.49,16.55,16.77,24290
2011-05-10,16.8,17.0,16.71,16.74,9700
2011-05-11,16.47,16.97,16.47,16.56,28010
2011-05-12,16.46,16.61,16.1,16.45,44520
2011-05-13,16.01,16.6,16.01,16.54,19460
2011-05-16,16.6,16.7,16.2,16.28,644130
2011-05-17,16.27,16.48,15.9,16.03,38590
2011-05-18,15.84,16.08,15.61,15.79,25710
2011-05-19,15.51,15.59,14.3,14.63,173110
2011-05-20,14.7,15.0,14.13,14.84,51800
2011-05-23,14.9,14.99,14.05,14.26,8820
2011-05-24,14.25,14.59,13.99,14.48,29370
2011-05-25,14.45,14.86,14.45,14.71,26820
2011-05-26,14.99,14.99,14.66,14.74,9340
2011-05-27,14.56,14.99,14.56,14.83,8640
2011-05-30,15.44,15.44,14.9,14.96,12240
2011-05-31,15.14,15.29,14.23,14.33,88180
2011-06-01,14.5,14.88,13.66,14.71,104120
2011-06-02,14.5,14.89,14.3,14.35,31640
2011-06-03,14.11,14.8,14.11,14.39,19770
2011-06-06,14.11,14.69,14.11,14.34,37980
2011-06-07,14.15,14.4,14.0,14.09,21190
2011-06-08,14.11,14.3,14.01,14.06,12480
2011-06-09,13.8,14.25,13.8,13.86,20200
2011-06-10,14.11,14.11,13.4,13.58,89870
2011-06-13,13.6,13.78,13.31,13.46,39190
2011-06-14,13.3,13.69,13.3,13.5,41030
2011-06-15,13.4,13.7,12.91,13.16,35790
2011-06-16,13.28,13.31,12.9,12.94,21970
2011-06-17,14.2,14.2,12.7,12.79,15840
2011-06-20,12.5,12.71,11.9,12.02,56310
2011-06-21,11.9,12.0,11.53,11.72,65620
2011-06-22,11.5,11.8,11.16,11.64,34990
2011-06-23,11.3,11.85,11.28,11.59,34000
2011-06-24,11.5,12.0,11.5,11.99,50960
2011-06-27,11.8,12.4,11.52,12.16,22450
2011-06-28,11.9,12.2,11.55,11.84,29590
2011-06-29,11.5,12.3,11.5,12.09,13900
2011-06-30,11.7,12.45,11.7,11.91,52070
2011-07-01,12.14,12.6,12.14,12.34,57980
2011-07-04,12.0,12.95,12.0,12.63,141660
2011-07-05,12.5,12.78,11.8,11.92,161460
2011-07-06,11.9,12.19,11.65,11.73,136030
2011-07-07,11.51,12.29,11.51,12.16,123580
2011-07-08,12.1,12.18,11.9,12.09,6020
2011-07-11,11.9,12.5,11.88,11.97,20840
2011-07-12,11.8,11.99,11.65,11.73,10420
2011-07-13,11.67,12.0,11.65,11.68,59390
2011-07-14,11.51,11.79,11.51,11.62,41160
2011-07-15,11.06,11.89,11.06,11.41,70270
2011-07-18,11.37,11.78,11.37,11.5,26900
2011-07-19,11.4,11.9,11.4,11.76,68200
2011-07-20,11.7,11.7,11.55,11.56,18180
2011-07-21,11.21,11.68,11.21,11.41,20340
2011-07-22,11.1,11.84,11.1,11.43,17000
2011-07-25,10.91,12.1,10.91,11.88,73570
2011-07-26,12.1,12.48,11.57,11.73,47770
2011-07-27,11.5,12.0,11.5,11.52,12080
2011-07-28,11.6,11.6,11.15,11.2,54040
2011-07-29,10.86,11.5,10.86,11.12,30380
2011-08-01,11.1,11.16,10.33,10.49,69860
2011-08-02,10.4,10.65,10.0,10.38,10670
2011-08-03,10.0,12.45,9.69,11.59,3283810
2011-08-04,11.98,11.98,10.87,11.12,885140
2011-08-05,10.74,10.74,10.03,10.53,105060
2011-08-08,10.2,10.3,9.95,10.18,42790
2011-08-09,10.19,10.2,9.8,9.97,67990
2011-08-10,10.3,11.55,9.9,10.51,329220
2011-08-11,10.66,10.9,10.21,10.37,123070
2011-08-12,10.65,11.2,10.5,10.58,158000
2011-08-16,10.46,11.33,10.35,10.88,73460
2011-08-17,10.62,10.91,10.05,10.19,102400
2011-08-18,10.3,11.17,9.85,9.98,55170
2011-08-19,9.98,10.0,9.48,9.9,49310
2011-08-22,9.8,10.0,9.35,9.74,20450
2011-08-23,9.85,9.95,9.73,9.79,9240
2011-08-24,9.8,10.2,9.8,9.82,19580
2011-08-25,9.6,10.0,9.4,9.93,28880
2011-08-26,9.7,9.93,9.53,9.61,7340
2011-08-29,9.6,10.0,9.53,9.77,47480
2011-08-30,9.73,9.99,9.71,9.89,26060
2011-09-02,9.95,10.0,9.69,9.8,63660
2011-09-05,9.8,9.86,9.43,9.6,134020
2011-09-06,9.75,9.83,9.6,9.75,15900
2011-09-07,9.9,10.2,9.71,10.03,26850
2011-09-08,10.0,10.5,9.8,10.22,64980
2011-09-09,10.17,10.39,10.0,10.02,538450
2011-09-12,10.1,10.1,9.53,9.64,44410
2011-09-13,9.75,10.2,9.66,9.69,10170
2011-09-14,9.78,9.8,9.61,9.66,17520
2011-09-15,9.72,10.0,9.72,9.91,21680
2011-09-16,9.81,10.3,9.81,10.07,19990
2011-09-19,11.0,11.0,9.95,9.95,44330
2011-09-20,9.8,10.49,9.7,10.31,65730
2011-09-21,10.48,11.0,10.31,10.5,53670
2011-09-22,10.3,10.55,9.6,9.8,164920
2011-09-23,9.95,10.2,9.71,10.01,31570
2011-09-26,9.9,10.2,9.86,10.08,11850
2011-09-27,9.98,10.2,9.86,10.2,3700
2011-09-28,10.1,10.15,9.8,9.91,8060
2011-09-29,10.05,10.1,9.8,9.84,17680
2011-09-30,9.9,10.5,9.85,10.17,20270
2011-10-03,9.98,9.98,9.65,9.75,8780
2011-10-04,9.7,9.7,9.4,9.41,18660
2011-10-05,9.41,9.6,8.9,9.12,53300
2011-10-07,9.25,9.78,9.08,9.13,31720
2011-10-10,9.13,9.38,9.11,9.17,9930
2011-10-11,9.29,10.1,9.02,9.48,123970
2011-10-12,9.9,9.9,9.31,9.47,23560
2011-10-13,9.36,9.62,9.2,9.62,10220
2011-10-14,9.7,9.7,9.55,9.64,1980
2011-10-17,9.74,9.9,9.5,9.51,17340
2011-10-18,9.5,9.79,9.5,9.69,13700
2011-10-19,9.5,10.1,9.34,9.94,33850
2011-10-20,9.8,10.0,9.7,9.8,11000
2011-10-21,9.9,10.05,9.73,9.79,6790
2011-10-24,9.89,10.2,9.89,10.02,11740
2011-10-25,9.91,10.09,9.81,10.03,4720
2011-10-26,10.19,10.19,10.1,10.18,1220
2011-10-28,10.25,10.25,9.94,9.96,12970
2011-10-31,9.92,11.38,9.92,10.69,166630
2011-11-01,10.6,10.8,10.32,10.37,17200
2011-11-02,10.2,10.8,10.0,10.53,70660
2011-11-03,10.6,11.5,10.06,11.09,206530
2011-11-04,11.24,12.89,11.03,12.34,232260
2011-11-08,11.06,12.2,11.06,11.73,93530
2011-11-09,11.61,11.68,11.12,11.35,27440
2011-11-11,11.1,11.1,10.2,10.38,164710
2011-11-14,10.4,10.6,10.04,10.37,38940
2011-11-15,10.3,10.3,9.73,9.78,43270
2011-11-16,10.64,10.64,9.71,9.75,12070
2011-11-17,9.79,9.79,9.4,9.48,33000
2011-11-18,9.54,9.54,9.1,9.43,74610
2011-11-21,9.33,9.37,9.2,9.2,17140
2011-11-22,9.25,9.3,9.1,9.14,103280
2011-11-23,9.2,9.5,8.9,9.0,12110
2011-11-24,8.91,9.24,8.85,9.13,82410
2011-11-25,9.3,9.3,9.0,9.01,27420
2011-11-28,9.04,9.49,9.04,9.39,3470
2011-11-29,9.3,10.0,9.3,9.56,20670
2011-11-30,9.9,10.64,9.85,10.45,1491380
2011-12-01,10.7,10.7,10.11,10.27,184680
2011-12-02,10.1,10.1,9.9,9.98,10470
2011-12-05,10.09,10.13,10.0,10.11,12360
2011-12-07,10.02,10.18,10.0,10.03,4900
2011-12-08,10.01,10.01,9.56,9.66,20250
2011-12-09,9.8,10.0,9.75,9.76,2680
2011-12-12,9.95,9.95,9.51,9.53,8140
2011-12-13,9.4,9.69,9.21,9.34,8240
2011-12-14,9.54,9.55,8.91,8.98,54790
2011-12-15,8.99,9.5,8.87,8.9,10950
2011-12-16,9.05,9.15,8.72,8.85,18270
2011-12-19,8.7,8.87,8.41,8.66,28950
2011-12-20,8.76,8.83,8.2,8.43,7060
2011-12-21,8.41,8.44,8.0,8.37,6240
2011-12-22,8.25,8.3,8.0,8.24,9030
2011-12-23,8.35,8.4,8.26,8.28,1870
2011-12-26,8.3,8.4,8.02,8.19,27900
2011-12-27,8.35,8.38,8.02,8.18,9950
2011-12-28,8.02,8.3,8.02,8.28,17150
2011-12-29,8.2,8.27,7.99,8.0,15370
2011-12-30,8.01,8.3,7.91,7.99,29550
2012-01-02,8.01,8.29,7.71,8.16,7230
2012-01-03,8.3,8.3,8.12,8.18,28690
2012-01-04,8.14,8.35,8.01,8.13,9230
2012-01-05,8.34,8.44,8.07,8.28,25960
2012-01-06,8.1,8.45,8.04,8.09,80
2012-01-07,8.17,8.17,8.12,8.16,1300
2012-01-09,8.4,8.4,8.08,8.25,6920
2012-01-10,8.32,8.59,8.21,8.33,2121890
2012-01-11,8.59,9.0,8.45,8.72,265110
2012-01-12,8.9,9.0,8.51,8.93,123190
2012-01-13,8.95,9.15,8.85,9.04,125950
2012-01-16,9.2,9.48,8.91,9.02,226050
2012-01-17,9.07,9.25,8.81,8.99,64650
2012-01-18,8.91,9.04,8.75,8.87,109040
2012-01-19,8.87,9.0,8.76,8.8,33430
2012-01-20,8.73,8.89,8.54,8.64,31970
2012-01-23,8.79,8.8,8.46,8.58,54250
2012-01-24,8.65,8.79,8.43,8.51,26080
2012-01-25,8.6,8.74,8.51,8.6,2048490
2012-01-27,8.98,8.98,8.62,8.68,33130
2012-01-30,8.73,8.8,8.46,8.68,190590
2012-01-31,9.6,9.9,8.68,8.71,443900
2012-02-01,8.73,8.8,8.57,8.71,95350
2012-02-02,8.71,8.78,8.61,8.68,78330
2012-02-03,9.0,9.09,8.61,8.83,1499990
2012-02-06,9.0,9.47,8.8,8.89,198290
2012-02-07,8.82,9.0,8.82,8.9,76950
2012-02-08,9.13,9.15,8.81,8.9,119030
2012-02-09,8.89,9.37,8.8,9.17,419780
2012-02-10,9.99,9.99,9.2,9.24,73290
2012-02-13,9.2,9.44,9.17,9.27,19170
2012-02-14,9.43,9.43,8.82,8.89,147460
2012-02-15,9.3,9.3,8.9,8.92,105170
2012-02-16,9.08,9.25,8.96,9.05,58640
2012-02-17,9.24,9.24,8.9,9.02,49090
2012-02-21,9.1,9.8,8.93,9.3,120920
2012-02-22,9.2,9.58,9.01,9.02,41090
2012-02-23,8.93,9.1,8.59,8.65,113500
2012-02-24,8.79,8.79,8.53,8.61,26040
2012-02-27,8.69,8.69,8.24,8.31,21540
2012-02-28,8.69,8.8,8.14,8.62,23730
2012-02-29,8.9,8.98,8.4,8.52,36050
2012-03-01,8.52,8.69,8.43,8.53,5640
2012-03-02,8.8,8.89,8.22,8.42,62970
2012-03-03,8.68,8.68,8.6,8.66,200
2012-03-05,8.76,8.76,8.44,8.61,32860
2012-03-06,8.6,8.9,8.43,8.5,41860
2012-03-07,8.47,8.8,8.23,8.65,59700
2012-03-09,8.83,8.93,8.58,8.76,38260
2012-03-12,8.9,8.95,8.64,8.76,16720
2012-03-13,8.93,8.93,8.61,8.69,16950
2012-03-14,8.66,8.79,8.56,8.6,20090
2012-03-15,8.5,8.72,8.5,8.54,22750
2012-03-16,8.63,8.63,8.21,8.4,28020
2012-03-19,8.34,8.39,8.2,8.31,24750
2012-03-20,8.38,8.38,8.24,8.26,18710
2012-03-21,8.2,8.45,8.03,8.39,16680
2012-03-22,8.39,8.44,8.21,8.29,7480
2012-03-23,8.1,8.54,8.1,8.39,10600
2012-03-26,8.4,8.4,7.9,8.12,61580
2012-03-27,8.04,8.35,7.9,8.17,20900
2012-03-28,8.09,8.24,7.95,8.14,17630
2012-03-29,7.93,8.3,7.93,8.08,47290
2012-03-30,8.02,8.65,8.02,8.54,61600
2012-04-02,8.73,8.9,8.5,8.61,27660
2012-04-03,8.79,8.79,8.5,8.53,5060
2012-04-04,8.7,8.7,8.23,8.24,19470
2012-04-09,8.26,8.26,8.05,8.2,18620
2012-04-10,8.14,8.4,8.14,8.17,1820
2012-04-11,8.39,8.39,8.09,8.16,4090
2012-04-12,8.19,8.3,8.19,8.2,2560
2012-04-13,8.45,8.45,8.12,8.28,12790
2012-04-16,8.3,8.3,8.02,8.08,26120
2012-04-17,8.0,8.37,8.0,8.08,19020
2012-04-18,8.2,8.27,8.01,8.17,9620
2012-04-19,8.9,8.9,8.16,8.16,6800
2012-04-20,8.39,8.4,8.06,8.18,5440
2012-04-23,8.2,8.4,8.15,8.31,3650
2012-04-24,8.1,8.41,8.1,8.34,8000
2012-04-25,8.07,8.5,8.07,8.28,10060
2012-04-26,8.05,8.67,8.05,8.09,2490
2012-04-27,8.0,8.39,7.72,8.09,3510
2012-04-28,8.11,8.48,7.67,7.83,17330
2012-04-30,7.7,8.23,7.52,8.07,2660
2012-05-02,8.05,8.49,7.91,8.08,15830
2012-05-03,7.85,8.4,7.73,7.9,9630
2012-05-04,7.7,7.88,7.63,7.88,12210
2012-05-07,7.71,8.35,7.63,7.98,4560
2012-05-08,7.8,8.0,7.7,7.72,14940
2012-05-09,7.57,8.0,7.57,7.76,1230
2012-05-10,7.7,8.01,7.5,7.72,79290
2012-05-11,7.88,8.1,7.7,7.8,46790
2012-05-14,8.18,8.18,7.6,7.68,15400
2012-05-15,7.83,8.3,7.71,7.8,40010
2012-05-16,7.7,8.08,7.6,7.88,54460
2012-05-17,8.0,8.17,8.0,8.11,43890
2012-05-18,7.75,8.0,7.53,7.88,73840
2012-05-21,7.95,8.0,7.73,7.91,27980
2012-05-22,8.33,8.33,7.77,7.77,13030
2012-05-23,7.85,8.0,7.61,7.79,20860
2012-05-24,7.9,8.1,7.7,7.98,20980
2012-05-25,7.9,7.93,7.73,7.91,800
2012-05-28,7.92,8.1,7.8,7.99,19190
2012-05-29,8.57,8.57,7.91,8.0,10950
2012-05-30,8.68,8.68,7.7,7.98,17850
2012-05-31,8.0,8.13,8.0,8.03,8020
2012-06-01,7.88,8.09,7.82,7.99,48330
2012-06-04,7.83,8.18,7.53,8.01,13180
2012-06-05,8.1,8.2,8.0,8.1,33750
2012-06-06,8.58,8.58,8.08,8.26,7140
2012-06-07,8.3,8.5,8.01,8.36,12620
2012-06-08,8.48,8.48,8.27,8.4,21950
2012-06-11,8.49,8.8,8.4,8.41,19110
2012-06-12,8.4,8.6,8.32,8.33,9230
2012-06-13,8.33,8.48,8.33,8.43,7790
2012-06-14,8.32,8.49,8.03,8.13,41390
2012-06-15,8.23,8.49,8.0,8.08,14110
2012-06-18,8.05,8.39,7.92,8.0,2968770
2012-06-19,8.05,8.2,8.01,8.11,8760
2012-06-20,8.0,8.21,8.0,8.07,3670
2012-06-21,8.11,8.54,8.11,8.32,17990
2012-06-22,8.2,8.77,8.03,8.3,7820
2012-06-25,8.23,8.87,8.23,8.63,57040
2012-06-26,8.5,8.6,8.38,8.4,41030
2012-06-27,8.35,9.0,8.33,8.72,254510
2012-06-28,9.1,9.1,8.63,8.73,90080
2012-06-29,8.88,9.5,8.73,9.39,415960
2012-07-02,9.9,9.97,9.26,9.74,160000
2012-07-03,9.8,9.88,9.2,9.68,51190
2012-07-04,9.6,9.79,9.5,9.71,40170
2012-07-05,11.5,11.5,9.75,9.87,37530
2012-07-06,9.75,9.99,9.61,9.85,41790
2012-07-09,9.75,9.95,9.51,9.8,101090
2012-07-10,9.9,9.9,9.85,9.85,11240
2012-07-11,10.01,10.35,9.65,10.12,66830
2012-07-12,10.0,10.4,10.0,10.23,157200
2012-07-13,10.83,10.83,10.22,10.58,223070
2012-07-16,10.88,11.26,10.8,10.91,219740
2012-07-17,11.1,11.17,10.45,10.62,74060
2012-07-18,10.5,11.09,10.37,10.8,54650
2012-07-19,10.82,11.44,10.8,11.14,203490
2012-07-20,11.3,11.4,11.0,11.13,176000
2012-07-23,11.0,11.09,10.65,10.68,39730
2012-07-24,10.7,10.98,10.38,10.46,18300
2012-07-25,10.3,10.76,10.1,10.63,121450
2012-07-26,10.32,10.41,9.92,9.98,84040
2012-07-27,10.3,10.3,9.72,9.85,41970
2012-07-30,10.19,10.2,9.88,10.11,28900
2012-07-31,9.9,10.28,9.83,9.89,3760
2012-08-01,9.82,10.3,9.82,10.13,14340
2012-08-02,9.93,10.59,9.93,10.57,46230
2012-08-03,10.42,10.7,10.2,10.64,16140
2012-08-06,10.7,10.78,10.33,10.7,47820
2012-08-07,10.99,11.1,10.75,11.03,60430
2012-08-08,10.9,12.1,10.73,11.94,254350
2012-08-09,12.0,12.6,11.81,12.14,1402040
2012-08-10,12.49,12.49,12.05,12.1,83750
2012-08-13,12.6,12.99,11.2,11.43,395780
2012-08-14,11.33,11.72,11.33,11.53,157220
2012-08-16,11.2,12.21,10.5,11.98,116580
2012-08-17,11.52,12.14,11.52,12.06,59160
2012-08-21,11.81,12.6,11.81,12.37,122300
2012-08-22,12.37,12.75,12.11,12.61,99070
2012-08-23,12.64,12.89,12.2,12.71,94540
2012-08-24,12.2,13.24,12.2,12.98,333620
2012-08-27,12.8,13.49,12.8,12.92,179790
2012-08-28,12.8,13.19,12.43,12.53,54210
2012-08-29,12.01,13.0,12.01,12.33,25850
2012-08-30,11.9,12.3,11.9,12.13,18180
2012-08-31,11.64,12.99,11.64,12.15,12980
2012-09-03,12.0,12.7,12.0,12.52,36380
2012-09-04,12.2,12.78,12.15,12.61,57200
2012-09-05,12.2,12.7,12.2,12.63,36400
2012-09-06,12.2,12.63,12.2,12.38,68060
2012-09-07,12.2,12.6,12.2,12.55,39740
2012-09-08,12.2,12.55,12.2,12.48,2880
2012-09-10,12.2,12.7,12.07,12.43,39460
2012-09-11,12.2,12.88,12.2,12.63,42560
2012-09-12,12.21,12.75,12.21,12.65,26410
2012-09-13,12.21,13.0,12.21,12.68,17920
2012-09-14,12.55,12.85,12.53,12.53,20830
2012-09-17,12.8,12.8,12.53,12.53,30960
2012-09-18,12.45,13.01,12.41,12.96,34770
2012-09-20,12.51,12.85,12.51,12.78,19600
2012-09-21,12.7,12.9,12.51,12.82,14780
2012-09-24,12.51,13.29,12.51,12.85,19220
2012-09-25,12.7,12.96,12.6,12.77,251770
2012-09-26,12.8,13.14,12.71,12.98,10570
2012-09-27,12.8,13.28,12.8,13.16,15250
2012-09-28,12.81,13.56,12.8,12.94,9970
2012-10-01,12.81,13.8,12.81,13.1,33320
2012-10-03,12.8,13.4,12.8,13.14,15800
2012-10-04,12.81,14.0,12.81,13.81,143370
2012-10-05,13.81,13.88,13.3,13.51,21820
2012-10-08,13.41,13.56,13.31,13.33,7790
2012-10-09,13.32,13.4,13.31,13.36,2990
2012-10-10,13.3,13.62,13.3,13.6,138010
2012-10-11,13.2,13.8,13.2,13.51,10820
2012-10-12,13.41,13.9,13.18,13.46,16900
2012-10-15,13.21,13.7,13.21,13.31,6850
2012-10-16,13.69,13.69,13.03,13.14,16710
2012-10-17,13.1,13.29,12.88,13.01,18050
2012-10-18,13.0,13.07,12.68,12.83,24440
2012-10-19,12.71,13.03,12.71,12.8,81600
2012-10-22,12.7,12.99,12.7,12.86,3730
2012-10-23,12.77,12.9,12.77,12.81,5460
2012-10-25,12.73,12.97,12.73,12.83,8390
2012-10-26,12.8,13.22,12.56,12.74,47470
2012-10-29,12.74,12.8,12.7,12.72,33220
2012-10-30,12.85,13.2,12.78,12.81,34990
2012-10-31,13.99,14.8,13.5,13.64,614650
2012-11-01,13.06,14.0,13.06,13.74,61910
2012-11-02,13.53,13.99,12.85,12.94,164440
2012-11-05,12.9,13.44,12.58,12.72,175640
2012-11-06,12.62,13.1,12.62,13.06,63070
2012-11-07,12.8,13.48,12.8,13.09,225510
2012-11-08,12.8,13.14,12.8,13.01,111930
2012-11-09,12.81,13.38,12.81,12.96,20010
2012-11-12,12.81,13.18,12.5,12.8,248770
2012-11-13,12.11,13.2,12.11,13.05,48180
2012-11-15,12.71,13.07,12.71,12.9,50870
2012-11-16,12.72,13.6,12.72,13.47,215700
2012-11-19,13.99,14.68,13.51,13.6,624490
2012-11-20,13.11,14.0,13.11,13.53,165460
2012-11-21,13.2,13.83,13.01,13.23,232540
2012-11-22,13.2,13.57,13.11,13.18,59580
2012-11-23,13.17,13.5,13.0,13.14,120930
2012-11-26,13.21,13.39,13.11,13.28,42750
2012-11-27,13.6,13.6,13.13,13.17,36280
2012-11-29,13.16,13.46,12.83,12.98,290150
2012-11-30,13.19,13.19,12.95,12.99,104170
2012-12-03,13.1,13.29,12.95,13.23,37390
2012-12-04,13.2,13.35,13.0,13.29,137680
2012-12-05,13.47,13.58,13.11,13.22,279720
2012-12-06,13.48,13.48,13.12,13.18,63220
2012-12-07,13.32,13.5,13.13,13.24,177400
2012-12-10,13.16,13.2,13.0,13.06,62480
2012-12-11,13.19,13.2,12.89,13.0,72540
2012-12-12,13.2,13.2,12.62,12.77,279750
2012-12-13,12.8,12.8,12.3,12.4,69410
2012-12-14,12.58,12.85,12.39,12.51,72320
2012-12-17,12.51,12.73,12.39,12.59,23700
2012-12-18,12.5,12.84,12.42,12.75,42670
2012-12-19,12.6,12.89,12.42,12.61,59570
2012-12-20,12.6,12.94,12.49,12.67,259190
2012-12-21,12.94,12.94,12.33,12.43,107900
2012-12-24,12.4,12.78,12.4,12.44,27460
2012-12-26,12.74,13.01,12.49,12.75,153280
2012-12-27,13.14,13.14,12.52,12.87,63750
2012-12-28,13.06,13.06,12.64,12.81,87570
2013-01-01,13.33,13.5,13.2,13.41,223380
2013-01-02,13.54,13.6,13.33,13.48,126550
2013-01-03,13.64,13.64,13.4,13.51,55230
2013-01-04,13.58,14.18,13.58,13.74,262140
2013-01-07,13.7,13.94,13.34,13.46,118100
2013-01-08,13.5,14.0,13.28,13.76,210620
2013-01-09,13.9,14.29,13.8,14.13,213610
2013-01-10,14.14,14.19,13.55,13.69,108710
2013-01-11,13.61,13.85,13.3,13.36,77000
2013-01-14,13.3,13.76,13.23,13.46,48240
2013-01-15,13.69,13.99,13.56,13.79,74760
2013-01-16,13.79,14.34,13.6,13.7,521300
2013-01-17,13.6,13.91,13.57,13.76,79480
2013-01-18,13.73,13.85,13.66,13.73,32340
2013-01-21,13.7,13.7,13.3,13.49,33710
2013-01-22,13.4,13.59,13.35,13.36,13090
2013-01-23,13.3,13.34,12.95,13.06,28800
2013-01-24,12.68,13.09,12.64,12.68,39810
2013-01-25,12.27,13.37,12.27,13.36,73500
2013-01-28,13.3,13.61,13.2,13.53,64980
2013-01-29,13.17,13.59,13.14,13.38,23430
2013-01-30,13.23,14.06,13.23,13.94,275340
2013-01-31,13.81,14.0,13.71,13.83,62250
2013-02-01,13.99,14.01,13.51,13.68,66210
2013-02-04,13.65,13.89,13.65,13.71,17860
2013-02-05,13.6,13.6,13.36,13.49,29000
2013-02-06,13.44,14.2,13.3,13.51,101730
2013-02-07,13.55,13.79,13.55,13.67,40400
2013-02-08,13.67,13.67,12.71,12.81,106400
2013-02-11,12.8,13.1,12.35,12.54,76980
2013-02-12,12.5,12.77,12.42,12.66,45660
2013-02-13,12.63,12.93,12.63,12.76,58070
2013-02-14,12.4,12.54,12.02,12.48,42900
2013-02-15,12.2,12.4,11.82,12.37,20650
2013-02-18,12.23,12.68,12.23,12.51,11580
2013-02-19,12.45,12.74,12.38,12.64,15200
2013-02-20,12.73,12.73,12.51,12.65,2910
2013-02-21,12.57,12.84,12.47,12.57,44620
2013-02-22,12.3,12.53,12.2,12.28,14530
2013-02-25,12.2,12.64,12.07,12.51,12640
2013-02-26,12.51,12.7,12.0,12.12,45850
2013-02-27,12.21,12.6,12.0,12.15,22080
2013-02-28,12.0,12.38,12.0,12.16,25060
2013-03-01,12.0,12.22,11.73,11.87,8150
2013-03-04,12.5,12.5,11.71,11.97,2980
2013-03-05,11.8,12.0,11.6,11.97,22290
2013-03-06,11.7,12.2,11.7,11.93,18300
2013-03-07,11.7,12.13,11.6,11.84,13580
2013-03-08,11.62,12.0,11.62,11.96,28390
2013-03-11,11.9,12.3,11.9,12.12,25410
2013-03-12,11.9,12.3,11.8,12.05,36960
2013-03-13,11.9,12.17,11.9,11.92,11490
2013-03-14,11.86,12.1,11.86,12.09,35250
2013-03-15,12.0,12.19,11.98,12.14,33910
2013-03-18,12.05,12.39,12.0,12.08,38050
2013-03-19,12.01,12.1,11.71,11.79,27190
2013-03-20,11.5,11.6,11.0,11.02,47170
2013-03-21,10.8,11.01,10.6,10.76,25140
2013-03-22,10.6,10.74,10.3,10.61,52630
2013-03-25,10.4,10.63,10.25,10.32,34040
2013-03-26,10.21,10.43,10.11,10.3,20770
2013-03-28,11.01,11.01,10.22,10.4,33630
2013-04-01,10.86,10.9,10.51,10.89,2610
2013-04-02,10.93,11.87,10.9,11.44,28740
2013-04-03,13.7,13.7,11.26,11.53,13070
2013-04-04,11.25,11.25,10.92,11.0,10300
2013-04-05,11.2,11.47,11.02,11.08,17100
2013-04-08,11.28,12.35,11.28,12.24,102610
2013-04-09,11.95,12.43,11.8,12.17,33920
2013-04-10,11.95,12.43,11.8,11.81,7050
2013-04-11,12.0,12.25,11.83,12.02,12970
2013-04-12,12.2,12.59,11.57,11.89,35980
2013-04-15,11.9,12.4,11.9,12.13,49560
2013-04-16,11.89,12.59,11.66,12.18,29440
2013-04-17,12.04,12.14,11.55,11.99,63240
2013-04-18,12.0,12.1,12.0,12.0,4910
2013-04-22,12.0,12.18,12.0,12.03,9560
2013-04-23,12.01,12.39,12.01,12.37,15020
2013-04-25,11.87,12.53,11.87,12.43,21130
2013-04-26,12.2,12.44,12.05,12.39,11790
2013-04-29,12.35,12.8,12.18,12.38,11800
2013-04-30,12.5,12.5,12.28,12.28,17420
2013-05-02,12.3,14.19,12.3,13.3,306420
2013-05-03,13.38,13.77,12.63,13.03,27940
2013-05-06,12.84,13.79,12.58,13.26,54910
2013-05-07,13.46,13.46,13.21,13.21,10430
2013-05-08,13.15,13.66,13.15,13.46,27880
2013-05-09,13.63,13.65,13.32,13.36,15940
2013-05-10,13.22,13.6,13.0,13.4,39710
2013-05-11,13.8,13.8,13.35,13.63,760
2013-05-13,13.73,13.73,13.06,13.17,23230
2013-05-14,13.25,13.25,13.1,13.19,10290
2013-05-15,13.3,13.3,13.09,13.09,16750
2013-05-16,13.59,13.7,13.24,13.49,76340
2013-05-17,13.79,13.99,13.51,13.61,248050
2013-05-20,13.75,13.75,13.41,13.56,84490
2013-05-21,13.8,13.8,13.41,13.55,203990
2013-05-22,13.9,14.01,12.86,13.02,293370
2013-05-23,12.8,12.84,12.34,12.48,34320
2013-05-24,12.51,12.81,12.11,12.62,77270
2013-05-27,12.8,13.14,12.61,12.8,41470
2013-05-28,12.7,12.78,12.56,12.63,15020
2013-05-29,12.65,12.69,12.31,12.47,14290
2013-05-30,12.43,12.75,12.23,12.49,75520
2013-05-31,12.32,12.72,12.12,12.29,53030
2013-06-03,12.11,12.42,12.01,12.21,13130
2013-06-04,12.2,12.29,12.11,12.27,16230
2013-06-05,12.3,12.4,12.09,12.27,28000
2013-06-06,12.4,12.4,12.12,12.16,26820
2013-06-07,12.16,12.68,12.16,12.56,23310
2013-06-10,12.65,12.78,12.4,12.59,21780
2013-06-11,12.45,12.45,12.1,12.17,27900
2013-06-12,11.83,12.79,11.83,12.58,13140
2013-06-13,12.54,12.7,12.34,12.43,29970
2013-06-14,12.42,12.6,12.26,12.34,21570
2013-06-17,12.25,12.68,12.25,12.5,3730
2013-06-18,12.4,12.48,12.21,12.43,22050
2013-06-19,12.43,12.43,12.3,12.3,4570
2013-06-20,12.29,12.39,12.22,12.33,4750
2013-06-21,12.32,12.38,12.19,12.27,10880
2013-06-24,12.7,12.7,11.73,11.81,8210
2013-06-25,11.83,11.83,11.34,11.68,22050
2013-06-26,11.61,11.68,11.41,11.48,25240
2013-06-27,11.31,11.73,11.31,11.53,6070
2013-06-28,11.28,11.76,11.28,11.71,28340
2013-07-01,11.91,12.57,11.82,12.44,19740
2013-07-02,12.63,12.69,12.25,12.35,21310
2013-07-03,12.5,12.5,11.86,12.07,5010
2013-07-04,11.91,12.4,11.7,11.91,7310
2013-07-05,12.0,12.1,11.83,11.89,9050
2013-07-08,11.8,11.8,11.76,11.8,4200
2013-07-09,11.84,12.27,11.84,12.22,26610
2013-07-10,12.1,12.3,11.99,12.26,20800
2013-07-11,12.3,12.53,12.15,12.48,13950
2013-07-12,12.41,12.65,12.4,12.61,18970
2013-07-15,12.7,13.65,12.7,13.25,88920
2013-07-16,13.49,13.5,13.11,13.24,25930
2013-07-17,13.13,13.15,12.92,13.01,5610
2013-07-18,12.9,13.24,12.89,12.91,16550
2013-07-19,13.19,13.49,12.89,12.95,40230
2013-07-22,13.2,13.2,12.8,12.93,27580
2013-07-23,12.91,13.2,12.86,12.9,16070
2013-07-24,12.84,12.84,12.8,12.8,5020
2013-07-25,12.81,12.85,12.71,12.74,19010
2013-07-26,12.73,12.73,12.51,12.56,21070
2013-07-29,12.51,12.55,12.03,12.1,17750
2013-07-30,12.02,13.39,11.93,12.18,47990
2013-07-31,11.93,12.14,11.63,11.92,25390
2013-08-01,12.19,12.2,11.87,11.88,22890
2013-08-02,12.16,12.16,11.75,11.89,3750
2013-08-05,11.71,12.67,11.51,11.86,26440
2013-08-06,11.71,12.0,11.66,11.71,19950
2013-08-07,11.79,11.81,11.51,11.64,23930
2013-08-08,11.82,12.54,11.7,12.16,78920
2013-08-12,12.21,12.55,12.2,12.43,23540
2013-08-13,12.44,12.59,12.25,12.28,18340
2013-08-14,12.49,12.65,12.32,12.46,10030
2013-08-16,12.75,12.79,11.96,12.07,77070
2013-08-19,12.02,12.39,12.01,12.16,16650
2013-08-20,12.28,12.55,12.01,12.43,3250
2013-08-21,12.41,12.52,11.57,11.77,13610
2013-08-22,11.8,12.35,11.64,11.72,25360
2013-08-23,12.46,12.46,12.19,12.33,15260
2013-08-26,12.9,12.9,12.5,12.73,59240
2013-08-27,12.9,12.91,12.1,12.17,7820
2013-08-28,12.34,12.34,11.51,11.73,71030
2013-08-29,12.0,12.0,11.6,11.63,37620
2013-08-30,11.53,12.15,11.52,11.76,15050
2013-09-02,12.19,12.28,11.83,11.89,8480
2013-09-03,11.91,11.91,11.81,11.86,2730
2013-09-04,12.15,12.15,11.81,12.0,1750
2013-09-05,11.96,12.54,11.95,12.22,15120
2013-09-06,11.99,12.29,11.99,12.12,1890
2013-09-10,11.98,13.0,11.97,12.51,23590
2013-09-11,12.5,13.03,12.41,12.65,30730
2013-09-12,12.6,13.2,12.48,12.77,36890
2013-09-13,12.94,12.94,12.41,12.51,25490
2013-09-16,12.79,12.79,12.41,12.49,17960
2013-09-17,12.4,12.7,12.3,12.39,8990
2013-09-18,12.4,12.55,12.32,12.51,4250
2013-09-19,12.56,13.14,12.45,13.08,49480
2013-09-20,13.03,13.16,12.48,12.58,96740
2013-09-23,12.96,12.96,12.58,12.67,19260
2013-09-24,12.7,12.81,12.25,12.37,12100
2013-09-25,12.98,12.98,12.31,12.41,7020
2013-09-26,12.38,12.67,12.13,12.53,13520
2013-09-27,12.6,12.6,12.22,12.48,16220
2013-09-30,12.26,12.63,12.21,12.53,17460
2013-10-01,12.4,13.94,12.31,13.38,293230
2013-10-03,13.48,13.6,13.1,13.45,43990
2013-10-04,13.5,13.5,13.0,13.16,8600
2013-10-07,13.0,13.14,12.9,13.12,28190
2013-10-08,12.9,13.7,12.9,13.56,79020
2013-10-09,13.49,13.7,13.41,13.48,20610
2013-10-10,13.6,13.64,13.31,13.34,5840
2013-10-11,13.69,13.94,13.5,13.76,34020
2013-10-14,13.8,13.99,13.6,13.93,43500
2013-10-15,13.99,15.69,13.99,15.21,1215890
2013-10-17,15.1,15.9,15.03,15.69,592600
2013-10-18,15.4,15.98,15.2,15.44,72340
2013-10-21,15.4,16.36,15.25,16.04,337680
2013-10-22,16.29,16.75,16.04,16.66,1297590
2013-10-23,16.61,17.1,15.84,16.79,189900
2013-10-24,16.4,17.26,16.4,17.1,437750
2013-10-25,17.19,17.33,16.6,16.8,118280
2013-10-28,16.6,16.6,15.23,15.61,718790
2013-10-29,15.99,15.99,15.11,15.31,61520
2013-10-30,15.36,15.6,14.66,15.33,669960
2013-10-31,15.2,15.3,14.96,15.0,33260
2013-11-01,15.1,15.38,14.91,15.01,23010
2013-11-03,15.34,15.34,15.08,15.11,31720
2013-11-05,15.28,15.3,15.1,15.13,56090
2013-11-06,15.46,15.5,14.56,15.0,173180
2013-11-07,14.91,15.2,14.6,14.91,37430
2013-11-08,14.8,14.8,14.28,14.69,19550
2013-11-11,14.59,15.19,13.8,14.29,52540
2013-11-12,14.29,14.48,14.29,14.32,18720
2013-11-13,14.1,14.4,13.76,14.16,14400
2013-11-14,14.2,14.79,14.2,14.38,53520
2013-11-18,14.41,14.79,14.4,14.61,15340
2013-11-19,14.7,14.88,14.7,14.74,15740
2013-11-20,15.19,15.5,14.5,15.14,187780
2013-11-21,15.2,15.2,13.95,14.82,273960
2013-11-22,15.09,15.4,15.0,15.34,158030
2013-11-25,15.6,15.64,15.21,15.49,217140
2013-11-26,15.23,15.78,14.88,15.48,302280
2013-11-27,15.6,15.6,15.19,15.26,9140
2013-11-28,15.1,15.5,15.05,15.11,360080
2013-11-29,15.3,16.56,15.21,16.28,405740
2013-12-02,16.3,16.89,16.28,16.31,183430
2013-12-03,16.31,16.47,15.66,16.13,217010
2013-12-04,16.25,16.48,16.0,16.13,232940
2013-12-05,16.3,16.6,16.0,16.11,270810
2013-12-06,15.91,16.3,15.85,15.96,278540
2013-12-09,16.2,16.39,15.25,15.41,354060
2013-12-10,15.6,15.7,14.91,15.62,325360
2013-12-11,15.5,16.38,15.22,16.19,443940
2013-12-12,16.1,16.26,15.76,15.81,288530
2013-12-13,15.8,15.98,15.3,15.33,310430
2013-12-16,15.51,16.19,15.31,15.79,300800
2013-12-17,15.62,16.0,15.41,15.46,300190
2013-12-18,15.5,15.6,15.03,15.46,302020
2013-12-19,15.6,15.66,15.21,15.34,332600
2013-12-20,15.35,15.49,15.2,15.23,506400
2013-12-23,15.03,15.5,15.03,15.34,340150
2013-12-24,15.5,15.51,15.21,15.28,321890
2013-12-26,15.4,15.5,15.18,15.23,386850
2013-12-27,15.29,15.45,15.1,15.18,321510
2013-12-30,15.3,15.49,14.92,15.16,542360
2013-12-31,15.9,16.0,15.5,15.71,897410
2014-01-01,15.82,15.91,15.29,15.39,62610
2014-01-02,15.35,15.94,15.02,15.1,116240
2014-01-03,15.09,15.24,14.61,14.69,147900
2014-01-06,14.8,14.98,14.55,14.74,63320
2014-01-07,14.9,15.0,14.65,14.69,29000
2014-01-08,14.7,15.35,14.7,15.01,158920
2014-01-09,15.28,15.28,14.53,14.78,219960
2014-01-10,14.64,14.8,14.12,14.36,75970
2014-01-13,14.69,14.69,14.2,14.29,62140
2014-01-14,14.2,14.36,13.83,14.17,46480
2014-01-15,14.2,14.38,14.2,14.21,19170
2014-01-16,14.23,14.51,14.22,14.44,14130
2014-01-17,14.31,14.66,13.91,14.02,26100
2014-01-20,14.0,14.3,14.0,14.04,10880
2014-01-21,14.15,14.33,13.9,14.16,7950
2014-01-22,14.01,14.2,14.01,14.06,12850
2014-01-23,14.11,14.73,14.06,14.36,59690
2014-01-24,14.5,14.5,14.0,14.08,32910
2014-01-27,14.0,14.12,13.71,13.86,348640
2014-01-28,13.79,14.08,13.18,13.28,346890
2014-01-29,13.17,13.6,13.17,13.26,311600
2014-01-30,13.3,13.3,12.82,12.89,513250
2014-01-31,13.03,13.4,12.81,12.89,1248180
2014-02-03,12.99,13.3,12.51,12.69,204030
2014-02-04,12.8,12.82,12.5,12.6,73370
2014-02-05,12.9,12.95,12.51,12.74,295700
2014-02-06,12.7,12.7,12.03,12.11,219080
2014-02-07,12.39,12.42,11.6,11.74,106640
2014-02-10,11.9,12.35,11.9,12.13,59230
2014-02-11,12.12,12.2,11.88,11.99,45590
2014-02-12,12.18,12.2,11.81,11.98,38140
2014-02-13,12.19,12.19,11.37,11.56,85600
2014-02-14,11.4,11.77,11.21,11.43,31990
2014-02-17,11.4,12.13,11.13,11.24,86500
2014-02-18,11.46,11.54,11.17,11.49,67420
2014-02-19,11.51,11.88,11.36,11.64,61600
2014-02-20,11.61,11.9,11.5,11.69,35170
2014-02-21,13.0,13.0,11.58,11.71,132430
2014-02-24,11.61,12.4,11.28,11.94,39840
2014-02-25,11.91,12.14,11.81,12.0,19390
2014-02-26,12.01,12.1,11.48,11.57,42120
2014-02-28,11.99,11.99,11.5,11.66,163100
2014-03-03,11.63,12.11,11.22,11.31,401340
2014-03-04,11.48,11.68,11.21,11.3,99550
2014-03-05,11.48,11.58,11.09,11.22,100550
2014-03-06,11.48,11.7,11.17,11.64,193160
2014-03-07,11.72,12.29,11.63,11.72,367430
2014-03-10,11.7,12.15,11.6,12.02,146850
2014-03-11,12.2,12.2,11.43,11.57,243630
2014-03-12,11.78,11.98,11.58,11.73,251640
2014-03-13,11.89,12.05,11.52,11.58,258120
2014-03-14,11.73,11.96,11.56,11.61,68630
2014-03-18,11.83,11.86,11.41,11.47,104040
2014-03-19,11.19,11.28,10.8,10.87,518800
2014-03-20,11.18,11.44,10.89,10.93,142610
2014-03-21,11.19,11.3,10.55,10.59,482750
2014-03-22,10.7,10.89,10.7,10.77,26790
2014-03-24,11.0,11.02,10.4,10.55,219750
2014-03-25,10.71,10.87,10.4,10.45,158750
2014-03-26,10.68,11.34,10.68,11.22,1253580
2014-03-27,10.81,11.73,10.81,11.6,273920
2014-03-28,11.7,12.25,11.6,12.14,558220
2014-03-31,12.2,12.49,12.02,12.18,253630
2014-04-01,12.14,12.28,11.68,11.79,107400
2014-04-02,11.83,12.04,11.57,11.61,263370
2014-04-03,11.64,11.69,11.35,11.4,151180
2014-04-04,11.74,11.74,11.34,11.41,173490
2014-04-07,11.57,11.96,11.4,11.91,175890
2014-04-09,12.37,13.1,12.0,12.57,881210
2014-04-10,12.8,13.15,12.6,12.72,315980
2014-04-11,12.65,13.09,12.45,12.81,220780
2014-04-15,12.8,13.05,12.56,12.61,162920
2014-04-16,12.5,12.9,12.05,12.14,144040
2014-04-17,12.58,12.64,12.14,12.6,105350
2014-04-21,12.61,13.09,12.61,12.94,286260
2014-04-22,12.99,13.0,12.8,12.86,162670
2014-04-23,12.81,13.69,12.8,13.6,710770
2014-04-25,13.63,13.8,13.51,13.63,240850
2014-04-28,13.55,13.8,13.55,13.72,122030
2014-04-29,13.71,14.16,13.69,13.75,204940
2014-04-30,13.66,13.99,13.4,13.58,1078350
2014-05-02,13.5,13.7,13.18,13.35,71670
2014-05-05,13.31,13.67,12.9,13.06,136130
2014-05-06,13.04,13.75,12.91,13.59,1050620
2014-05-07,13.4,13.4,13.1,13.16,71250
2014-05-08,13.15,13.24,12.7,12.81,67260
2014-05-09,12.8,13.06,12.76,12.87,159930
2014-05-12,14.19,14.19,12.9,13.36,109400
2014-05-13,13.01,13.62,13.01,13.47,148380
2014-05-14,13.4,13.59,13.31,13.49,49050
2014-05-15,13.47,13.51,13.21,13.4,183740
2014-05-16,13.69,14.0,12.59,13.58,162240
2014-05-19,13.6,14.99,13.6,14.73,1884050
2014-05-20,14.97,15.1,14.14,14.37,259110
2014-05-21,14.3,16.14,14.12,15.87,3092590
2014-05-22,15.91,16.7,15.64,16.16,462410
2014-05-23,17.0,17.3,15.93,16.06,1699440
2014-05-26,16.23,16.8,15.21,15.54,536170
2014-05-27,15.4,15.8,15.29,15.74,142720
2014-05-28,16.1,16.1,15.59,15.71,1455640
2014-05-29,15.86,15.95,15.4,15.64,247780
2014-05-30,15.86,15.87,15.5,15.56,137700
2014-06-02,15.79,16.0,15.66,15.97,298640
2014-06-03,16.29,16.38,15.81,16.11,172540
2014-06-04,16.49,18.13,16.01,17.54,1784750
2014-06-05,17.83,18.6,17.83,18.09,1878250
2014-06-06,18.2,18.64,18.06,18.46,710980
2014-06-09,18.31,18.85,18.31,18.58,897730
2014-06-10,18.58,19.74,18.2,19.46,1214300
2014-06-11,19.7,21.36,19.7,20.82,3721880
2014-06-12,20.8,22.24,20.39,21.93,2067420
2014-06-13,21.93,23.29,20.4,21.34,6532030
2014-06-16,21.45,22.0,20.26,21.06,2967160
2014-06-17,21.4,22.09,20.71,21.7,1725680
2014-06-18,21.68,22.1,20.9,21.14,1579540
2014-06-19,21.34,23.9,21.3,23.45,4828970
2014-06-20,23.69,25.31,23.5,24.93,5339510
2014-06-23,25.0,25.68,24.51,24.91,1556480
2014-06-24,25.0,25.37,24.0,24.26,983200
2014-06-25,24.44,25.23,24.38,24.69,1007520
2014-06-26,24.69,24.69,23.03,23.52,1163730
2014-06-27,23.5,24.7,23.5,24.51,1239880
2014-06-30,25.0,25.0,24.0,24.79,439970
2014-07-01,24.38,26.03,24.15,26.03,2297630
2014-07-02,26.79,26.9,24.74,26.3,956410
2014-07-03,26.2,26.68,25.12,26.53,2581830
2014-07-04,26.6,27.1,25.41,26.92,1041950
2014-07-07,27.0,28.2,26.15,27.41,581900
2014-07-08,27.5,28.0,26.04,26.55,2008420
2014-07-09,26.55,27.5,25.23,26.43,683770
2014-07-10,26.5,27.5,25.11,26.78,1310630
2014-07-11,26.2,27.2,25.5,26.05,1613660
2014-07-14,25.5,26.2,24.8,25.83,175660
2014-07-15,25.99,27.12,24.72,26.94,554310
2014-07-16,26.5,27.66,26.2,26.74,1560330
2014-07-17,27.5,27.5,26.5,26.89,157490
2014-07-18,27.5,27.5,26.05,26.83,3145530
2014-07-21,26.8,27.0,25.64,26.24,155860
2014-07-22,25.91,26.5,25.91,26.04,45120
2014-07-23,26.0,26.2,25.4,25.94,169670
2014-07-24,25.7,26.0,25.3,25.91,218920
2014-07-25,25.99,26.0,25.0,25.21,75600
2014-07-28,25.8,25.8,24.05,24.24,50430
2014-07-30,24.3,24.7,23.48,23.59,137630
2014-07-31,23.5,24.0,22.62,23.37,181440
2014-08-01,23.1,23.54,22.61,22.81,150240
2014-08-04,23.5,23.95,22.7,23.6,297830
2014-08-05,24.4,24.78,24.21,24.78,120070
2014-08-06,26.01,26.01,25.31,25.72,988990
2014-08-07,25.75,25.79,25.0,25.28,289340
2014-08-08,24.71,24.86,24.21,24.59,188780
2014-08-11,24.8,25.21,24.41,24.81,112420
2014-08-12,24.4,24.89,24.4,24.66,89750
2014-08-13,24.75,25.0,23.5,24.04,150970
2014-08-14,24.05,24.51,23.51,24.45,101180
2014-08-18,24.46,25.35,24.3,24.81,237960
2014-08-19,24.9,25.4,24.81,24.98,69350
2014-08-20,24.98,25.28,24.64,24.86,458710
2014-08-21,25.29,25.3,24.7,25.03,106330
2014-08-22,25.86,26.28,25.13,26.28,225620
2014-08-25,27.59,27.59,26.23,26.4,815180
2014-08-26,26.1,26.55,25.64,26.16,185580
2014-08-27,26.4,26.4,25.66,25.91,201570
2014-08-28,25.81,25.88,25.46,25.59,141230
2014-09-01,25.9,25.9,25.11,25.27,230120
2014-09-02,25.7,25.7,24.55,25.09,134400
2014-09-03,25.06,25.4,24.1,24.39,519380
2014-09-04,24.99,25.61,24.1,25.6,2410110
2014-09-05,25.9,27.9,25.76,26.55,2287510
2014-09-08,26.81,29.27,26.7,28.35,4527440
2014-09-09,28.65,30.76,27.9,29.41,4568640
2014-09-10,29.5,32.5,28.86,31.4,6264610
2014-09-11,31.29,31.9,30.01,30.35,1850110
2014-09-12,30.4,31.4,29.5,30.56,1691140
2014-09-15,30.1,30.89,29.7,30.44,572960
2014-09-16,30.49,32.4,28.94,29.48,1964940
2014-09-17,29.7,30.6,29.0,30.22,633330
2014-09-18,30.2,33.7,30.15,33.24,3288880
2014-09-19,33.44,33.99,32.6,33.52,2085800
2014-09-22,33.08,34.6,32.68,34.05,1310060
2014-09-23,33.65,34.4,30.52,31.03,1147050
2014-09-24,30.6,31.8,29.23,29.89,1445340
2014-09-25,30.3,30.7,27.82,28.16,1617250
2014-09-26,28.1,28.5,26.6,28.0,3432790
2014-09-29,28.6,30.1,28.48,29.68,731370
2014-09-30,29.5,31.8,29.5,31.17,1174170
2014-10-01,31.2,32.5,30.56,31.39,875350
2014-10-07,31.5,32.3,30.3,31.09,513000
2014-10-08,30.5,31.3,30.2,30.88,634140
2014-10-09,31.18,31.95,30.81,31.41,761170
2014-10-10,31.0,31.78,30.35,31.07,666390
2014-10-13,30.8,32.22,30.19,31.55,1410440
2014-10-14,31.5,31.85,30.8,31.15,544700
2014-10-16,30.51,31.24,28.7,29.04,472410
2014-10-17,29.15,29.99,28.61,29.08,1081250
2014-10-20,29.21,30.5,29.2,29.42,384130
2014-10-21,29.45,30.35,29.45,29.78,414790
2014-10-22,30.64,31.0,29.81,30.71,542380
2014-10-23,31.09,31.18,30.63,30.9,143250
2014-10-27,31.28,31.3,30.67,30.79,214960
2014-10-28,30.5,31.48,30.4,31.28,244750
2014-10-29,31.3,31.58,30.4,30.54,265340
2014-10-30,30.4,31.35,30.4,30.95,589830
2014-10-31,30.6,31.4,29.8,30.61,587210
2014-11-03,30.9,31.4,30.24,31.04,488330
2014-11-05,30.6,32.4,30.3,32.03,1432310
2014-11-07,32.5,32.8,30.72,31.0,2468480
2014-11-10,30.9,30.96,29.6,29.76,747270
2014-11-11,30.0,31.1,29.9,30.93,439400
2014-11-12,31.0,31.29,30.3,30.49,300280
2014-11-13,30.4,30.78,29.88,30.05,313840
2014-11-14,29.7,30.6,29.7,29.85,205980
2014-11-17,30.5,31.9,30.06,31.36,752060
2014-11-18,31.27,33.77,31.27,33.05,1576800
2014-11-19,33.36,34.38,31.9,32.26,2185190
2014-11-20,32.0,33.5,31.73,32.89,382310
2014-11-21,33.2,33.76,32.15,32.9,486280
2014-11-24,32.99,33.7,32.35,33.08,581630
2014-11-25,32.6,33.46,31.2,32.04,2326970
2014-11-26,31.8,33.1,31.8,32.04,231320
2014-11-27,32.3,33.2,32.3,32.67,520870
2014-11-28,32.8,33.1,32.23,32.49,232060
2014-12-01,32.55,32.77,31.7,32.0,367310
2014-12-02,31.9,35.8,31.59,34.72,3429990
2014-12-03,34.95,37.78,34.7,37.15,10059790
2014-12-04,37.57,38.14,35.75,36.65,2248230
2014-12-05,36.7,38.5,36.2,37.1,1631950
2014-12-08,37.36,39.28,36.9,37.56,1793970
2014-12-09,37.44,38.5,35.65,36.65,1003340
2014-12-10,36.31,37.96,36.31,37.51,870920
2014-12-11,37.65,37.79,36.5,36.99,557040
2014-12-12,37.4,39.1,36.36,37.16,1557990
2014-12-15,37.05,37.44,35.53,36.0,349360
2014-12-16,36.25,36.41,34.5,35.04,833420
2014-12-17,35.51,35.7,33.6,34.57,716570
2014-12-18,35.1,37.4,35.1,36.99,589070
2014-12-19,37.39,39.5,36.8,37.28,621280
2014-12-22,37.1,37.59,36.14,36.84,407090
2014-12-23,36.7,37.17,35.8,35.9,226600
2014-12-24,36.1,36.9,35.8,36.05,277170
2014-12-26,36.09,36.86,35.86,36.05,104380
2014-12-29,36.2,37.3,35.9,36.55,485950
2014-12-30,36.8,37.4,36.5,36.8,300850
2015-01-01,37.09,37.39,36.64,37.05,128320
2015-01-02,37.3,38.79,36.96,37.73,708180
2015-01-05,37.5,38.37,37.25,37.41,254350
2015-01-06,37.2,37.2,35.16,35.46,366560
2015-01-07,35.21,35.96,34.69,35.09,413860
2015-01-08,35.44,36.97,35.44,36.79,384180
2015-01-09,36.95,39.45,36.75,39.15,1909450
2015-01-12,39.53,40.5,38.8,39.41,1261770
2015-01-13,39.68,39.68,38.53,39.01,515740
2015-01-14,39.37,39.6,38.99,39.1,324950
2015-01-15,39.1,39.5,37.85,38.58,429020
2015-01-16,38.65,39.4,38.35,38.89,300710
2015-01-19,38.89,39.7,38.63,39.04,1592840
2015-01-20,39.11,39.6,38.93,39.05,335560
2015-01-21,38.55,39.39,38.43,38.64,224160
2015-01-22,37.61,39.33,37.61,38.95,213080
2015-01-23,39.15,39.15,37.39,38.43,304840
2015-01-27,38.6,41.3,38.6,39.83,719950
2015-01-28,39.83,40.0,39.0,39.15,1943610
2015-01-29,38.0,39.7,38.0,39.04,699430
2015-01-30,39.21,39.48,38.4,39.11,1923940
2015-02-02,38.7,40.44,38.55,39.9,247050
2015-02-03,39.66,40.0,39.25,39.61,220910
2015-02-04,39.6,44.5,39.6,42.79,4361030
2015-02-05,43.0,45.98,42.5,43.11,2294460
2015-02-06,43.75,44.6,41.9,42.49,2562910
2015-02-09,42.01,43.28,41.6,42.11,371920
2015-02-10,42.4,43.75,41.83,42.69,344590
2015-02-11,42.97,45.6,42.24,45.33,838680
2015-02-12,45.76,47.5,45.21,47.45,777370
2015-02-13,47.3,47.97,46.6,47.1,449870
2015-02-16,47.49,47.85,46.26,46.48,148730
2015-02-18,46.3,47.6,46.01,47.04,1549930
2015-02-19,46.6,47.8,46.52,47.17,403320
2015-02-20,46.72,48.7,46.72,48.06,714670
2015-02-23,48.0,49.5,47.16,48.8,687880
2015-02-24,49.48,49.5,48.61,49.34,300670
2015-02-25,49.7,50.03,48.9,49.67,645290
2015-02-26,50.1,51.4,49.13,50.82,860630
2015-02-27,51.29,52.8,50.4,51.9,807710
2015-02-28,52.4,52.67,50.31,52.18,349780
2015-03-02,51.55,53.14,51.0,51.53,229010
2015-03-03,52.3,53.4,51.1,52.53,778120
2015-03-04,52.92,53.25,51.0,51.43,640050
2015-03-05,51.0,52.19,51.0,51.71,88420
2015-03-09,51.35,52.5,51.35,51.82,68670
2015-03-10,51.86,52.02,50.04,50.39,106930
2015-03-11,50.98,52.0,50.39,51.0,198000
2015-03-12,51.7,51.7,48.7,51.2,280270
2015-03-13,51.98,51.98,50.09,50.43,201820
2015-03-16,50.8,51.3,48.4,49.89,387110
2015-03-17,49.1,50.5,48.7,49.54,256420
2015-03-18,50.39,50.39,49.41,49.9,159360
2015-03-19,49.86,50.95,49.0,49.56,234640
2015-03-20,49.2,49.21,47.2,48.19,277380
2015-03-23,48.25,48.54,46.68,47.09,209280
2015-03-24,46.52,47.46,46.1,46.78,245060
2015-03-25,46.6,49.23,46.5,47.46,118520
2015-03-26,47.21,47.97,46.22,47.03,123050
2015-03-27,47.0,47.41,45.65,46.06,139360
2015-03-30,47.7,48.5,46.05,47.84,58130
2015-03-31,48.9,49.5,46.63,47.5,111630
2015-04-01,47.1,50.6,46.8,49.51,543040
2015-04-06,51.25,52.7,49.98,52.19,767980
2015-04-07,51.52,53.9,51.52,53.4,508970
2015-04-08,53.8,58.78,53.8,56.39,1108480
2015-04-09,56.9,56.9,53.67,54.35,360800
2015-04-10,54.35,56.0,54.35,55.0,595710
2015-04-13,55.0,57.5,54.0,56.92,320060
2015-04-15,55.95,60.4,55.95,58.35,1849160
2015-04-16,58.07,60.0,58.07,59.19,598490
2015-04-17,59.7,59.9,56.0,57.68,151150
2015-04-20,57.5,58.68,56.88,57.76,269490
2015-04-21,58.5,59.5,57.05,57.58,199920
2015-04-22,57.15,59.68,57.15,58.58,263530
2015-04-23,58.0,59.49,57.75,58.06,121250
2015-04-24,57.3,58.4,56.96,57.5,284890
2015-04-27,57.12,57.9,55.5,56.19,321850
2015-04-28,55.6,57.7,52.5,56.65,191220
2015-04-29,57.48,62.2,56.2,60.65,501840
2015-04-30,61.4,62.8,61.2,61.85,455680
2015-05-04,62.3,64.99,61.85,64.25,478110
2015-05-05,65.0,65.77,62.1,62.77,419070
2015-05-06,61.5,61.5,56.8,58.73,720150
2015-05-07,55.03,60.4,55.03,58.07,271400
2015-05-08,60.0,61.5,59.28,60.48,743810
2015-05-11,60.9,63.0,59.4,60.0,353640
2015-05-12,60.0,60.8,58.45,59.7,273670
2015-05-13,60.1,61.4,59.09,59.65,254210
2015-05-14,59.15,61.47,59.15,59.93,130150
2015-05-15,59.6,61.2,59.5,59.73,112790
2015-05-18,60.0,60.7,59.75,60.48,158580
2015-05-19,60.0,60.8,59.98,60.11,52500
2015-05-20,59.81,61.2,58.59,58.73,572060
2015-05-21,58.5,60.6,58.5,59.78,183130
2015-05-22,59.05,60.5,59.0,59.28,159200
2015-05-25,59.8,61.9,59.2,60.4,323010
2015-05-26,60.5,60.8,59.5,59.83,51060
2015-05-27,59.6,60.6,59.6,60.15,50280
2015-05-28,59.42,61.4,58.8,58.97,133060
2015-05-29,58.93,60.3,58.8,59.8,595690
2015-06-01,60.0,61.72,60.0,61.29,222900
2015-06-02,62.0,62.62,59.8,60.22,227960
2015-06-03,60.5,61.3,59.01,59.68,272080
2015-06-04,59.15,61.0,59.15,59.68,100420
2015-06-05,59.8,60.6,59.0,59.57,107180
2015-06-08,59.1,61.38,55.8,58.38,199260
2015-06-09,57.25,58.5,56.7,57.63,109390
2015-06-10,56.1,59.9,56.1,58.77,91080
2015-06-11,58.2,59.7,55.9,56.92,240660
2015-06-12,56.1,59.1,54.6,57.23,381560
2015-06-15,56.76,58.5,56.7,57.55,46750
2015-06-16,57.1,58.31,57.1,58.05,109030
2015-06-17,57.6,58.9,56.65,58.12,94580
2015-06-18,57.72,58.73,57.6,58.01,123100
2015-06-19,58.0,58.8,58.0,58.18,75130
2015-06-22,57.0,62.15,57.0,61.73,694010
2015-06-23,62.39,63.0,61.2,61.5,303220
2015-06-24,62.69,62.69,60.5,61.18,225240
2015-06-25,61.0,61.4,60.3,60.83,90240
2015-06-26,60.3,61.49,59.56,60.53,82680
2015-06-29,59.7,60.5,58.4,60.0,302040
2015-06-30,59.99,61.5,59.99,60.78,224440
2015-07-01,60.9,67.73,60.8,66.52,1423110
2015-07-02,66.9,68.2,66.29,66.88,547050
2015-07-03,67.0,69.5,66.72,67.33,610480
2015-07-06,66.0,67.7,65.1,67.08,529560
2015-07-07,67.1,68.3,65.8,66.05,183220
2015-07-08,65.5,66.55,63.24,63.94,243020
2015-07-09,63.0,66.5,63.0,64.23,140640
2015-07-10,64.12,65.24,63.0,63.54,76330
2015-07-13,63.15,64.48,63.15,63.65,88540
2015-07-14,64.92,66.0,63.5,63.73,180470
2015-07-15,64.12,65.0,63.49,63.72,180580
2015-07-16,63.6,64.88,63.5,63.69,146090
2015-07-17,63.5,64.6,63.5,64.32,187210
2015-07-20,64.81,67.4,64.6,66.65,923870
2015-07-21,67.15,67.15,63.5,64.08,844840
2015-07-22,63.0,64.6,63.0,63.85,317300
2015-07-23,64.4,67.49,63.71,66.58,605640
2015-07-24,65.9,67.0,65.1,65.25,335810
2015-07-27,65.25,65.8,63.7,64.17,231790
2015-07-28,65.7,70.48,64.23,68.6,2110040
2015-07-29,69.07,74.0,68.75,72.88,3225080
2015-07-30,73.3,87.4,71.43,76.78,11328820
2015-07-31,77.1,80.4,76.3,76.93,1968930
2015-08-03,76.97,80.89,76.97,80.03,1704380
2015-08-04,80.88,82.4,78.84,79.76,1428540
2015-08-05,80.5,82.97,80.45,82.39,1962140
2015-08-06,82.97,82.97,79.63,80.03,581230
2015-08-07,80.01,82.5,79.07,81.57,933870
2015-08-10,81.11,83.2,80.5,81.27,982170
2015-08-11,82.23,82.47,75.46,76.38,1076550
2015-08-12,76.5,76.5,70.14,74.05,1701790
2015-08-13,73.51,77.5,72.9,74.14,692430
2015-08-14,74.09,77.5,74.0,76.89,895060
2015-08-17,77.5,79.52,76.01,78.57,425400
2015-08-18,79.62,79.93,74.56,78.6,578430
2015-08-19,78.2,79.0,77.8,78.3,332330
2015-08-20,78.3,79.52,75.62,77.07,509620
2015-08-21,76.1,78.0,74.64,77.87,404830
2015-08-24,76.8,76.8,64.0,66.64,1207240
2015-08-25,68.8,71.4,64.26,70.02,820390
2015-08-26,67.7,71.3,66.8,68.84,385040
2015-08-27,68.32,72.38,68.32,71.85,357620
2015-08-28,72.99,74.2,72.1,73.01,207330
2015-08-31,73.33,75.4,73.2,74.77,278930
2015-09-01,75.87,75.87,70.56,71.38,356290
2015-09-02,72.7,75.0,71.82,73.23,424990
2015-09-03,74.0,74.88,73.43,73.85,132880
2015-09-04,73.0,74.5,70.4,71.73,527090
2015-09-07,73.5,73.5,68.8,69.94,262430
2015-09-08,69.92,70.62,66.02,69.78,526940
2015-09-09,71.1,72.5,70.18,70.96,334790
2015-09-10,70.17,71.0,67.6,70.32,207940
2015-09-11,71.6,71.8,69.3,70.7,187720
2015-09-14,72.8,72.8,70.76,72.38,147180
2015-09-15,72.3,72.7,70.5,71.14,97830
2015-09-16,71.15,73.95,70.24,72.83,216330
2015-09-18,72.0,74.25,71.1,72.49,349020
2015-09-21,72.05,73.38,71.1,72.6,80210
2015-09-22,73.2,73.75,71.5,72.22,96110
2015-09-23,71.83,73.67,71.68,72.78,212530
2015-09-24,74.0,79.27,72.6,77.61,884520
2015-09-28,78.8,79.4,77.0,78.73,374950
2015-09-29,78.15,79.98,74.45,78.51,147460
2015-09-30,79.28,83.9,78.41,81.26,3188450
2015-10-01,82.1,82.7,79.5,80.83,332020
2015-10-05,80.3,81.6,79.9,81.13,232220
2015-10-06,81.1,81.72,80.0,80.27,130230
2015-10-07,81.43,82.8,79.62,80.04,951990
2015-10-08,79.75,81.2,78.73,79.28,169880
2015-10-09,80.8,80.8,76.4,76.85,571320
2015-10-12,78.9,79.4,76.2,78.9,186260
2015-10-13,79.5,79.5,77.3,77.83,123330
2015-10-14,79.6,79.6,76.69,79.09,156620
2015-10-15,79.9,80.0,76.54,77.28,1030850
2015-10-16,78.2,78.5,76.0,76.44,183060
2015-10-19,77.78,77.78,74.85,75.33,994570
2015-10-20,75.96,77.88,75.2,76.57,327290
2015-10-21,77.5,82.5,77.1,82.16,1135860
2015-10-23,83.47,86.49,83.38,85.4,1686460
2015-10-26,85.51,85.93,81.43,82.53,391690
2015-10-27,80.75,84.8,79.37,80.59,396240
2015-10-28,81.34,81.35,78.6,80.15,591210
2015-10-29,79.03,83.4,79.03,80.88,328730
2015-10-30,80.8,83.07,80.0,80.23,752190
2015-11-02,81.54,81.54,78.23,80.18,210790
2015-11-03,79.68,81.49,78.6,80.04,157180
2015-11-04,81.19,81.19,79.03,80.02,275440
2015-11-05,78.6,80.4,78.6,79.81,750440
2015-11-06,78.8,80.06,78.5,79.05,462120
2015-11-09,77.55,79.17,77.11,78.95,491120
2015-11-10,79.4,79.4,77.6,78.17,187770
2015-11-11,78.2,79.4,77.7,78.13,44600
2015-11-13,80.0,80.0,78.0,78.33,279610
2015-11-16,78.05,79.7,75.0,78.57,221090
2015-11-17,78.78,80.4,78.78,79.46,1295600
2015-11-18,79.0,80.5,77.38,79.5,510400
2015-11-19,80.9,80.99,80.0,80.67,184520
2015-11-20,81.32,81.89,80.6,81.28,276680
2015-11-23,81.36,84.48,81.07,82.77,374850
2015-11-24,82.77,83.2,81.7,82.83,223630
2015-11-26,81.22,83.5,81.22,83.2,291890
2015-11-27,82.72,83.79,81.75,82.5,139460
2015-11-30,81.6,83.7,81.6,82.83,223620
2015-12-01,82.2,84.5,82.2,82.4,630410
2015-12-02,83.0,83.0,81.2,81.4,720530
2015-12-03,81.1,82.3,81.1,81.97,101410
2015-12-04,80.6,82.27,80.6,81.1,109270
2015-12-07,80.9,82.72,80.9,82.07,270030
2015-12-08,82.05,82.16,80.02,80.77,179460
2015-12-09,80.0,80.63,77.68,77.86,192940
2015-12-10,78.7,79.16,76.4,77.78,285180
2015-12-11,77.6,78.0,76.0,76.3,316230
2015-12-14,75.9,79.0,75.0,77.69,169930
2015-12-15,76.9,78.0,75.5,77.2,196100
2015-12-16,77.5,80.9,77.5,79.46,262570
2015-12-17,79.5,81.49,77.9,80.75,410360
2015-12-18,80.99,83.3,79.7,81.88,355750
2015-12-21,81.5,83.5,80.1,82.26,178650
2015-12-22,80.7,82.8,80.7,82.16,77800
2015-12-23,80.85,83.5,80.4,82.08,161950
2015-12-24,82.4,83.4,81.8,82.58,150440
2015-12-28,83.45,87.3,81.81,86.68,709180
2015-12-29,87.39,89.48,87.0,88.44,1329510
2015-12-30,88.0,89.69,86.75,88.33,407990
2015-12-31,88.93,89.0,85.55,87.02,378670
2016-01-01,88.75,91.9,87.11,89.82,670780
2016-01-04,90.28,90.6,86.55,87.49,313660
2016-01-05,88.84,92.0,86.22,89.27,510070
2016-01-06,90.93,92.3,89.1,91.36,875900
2016-01-07,89.42,90.4,85.5,86.4,864920
2016-01-08,86.45,89.6,85.53,86.17,520840
2016-01-11,85.9,85.9,82.0,82.3,380310
2016-01-12,82.89,85.39,81.2,84.63,536520
2016-01-13,85.89,85.89,78.5,82.4,438980
2016-01-14,82.8,83.7,78.6,82.2,167350
2016-01-15,80.61,82.58,77.5,78.47,206160
2016-01-18,78.0,78.49,73.62,77.05,730610
2016-01-19,77.0,77.12,74.1,76.43,153920
2016-01-20,75.06,75.68,70.9,72.47,217740
2016-01-21,72.5,74.0,70.9,72.4,196110
2016-01-22,72.13,78.3,72.13,77.68,274700
2016-01-25,78.9,78.9,75.28,75.89,377020
2016-01-27,77.5,77.5,72.55,73.8,787740
2016-01-28,70.0,73.45,70.0,72.83,425340
2016-01-29,72.8,73.7,71.8,73.31,483940
2016-02-01,73.7,74.28,72.48,73.02,285120
2016-02-02,72.02,73.75,71.02,72.13,230550
2016-02-03,71.13,72.3,70.2,71.42,313570
2016-02-04,71.1,72.3,70.55,71.13,152740
2016-02-05,71.6,84.0,70.3,73.09,411910
2016-02-08,74.17,75.0,71.13,72.03,191800
2016-02-09,71.01,72.5,71.01,72.27,87310
2016-02-10,72.2,72.4,70.65,71.1,139720
2016-02-11,70.6,71.1,66.37,67.78,473820
2016-02-12,69.8,69.8,61.7,65.48,424150
2016-02-15,67.9,68.0,65.6,67.67,123310
2016-02-16,68.38,68.38,62.55,64.32,222610
2016-02-17,64.4,64.4,62.22,63.54,259680
2016-02-18,63.4,64.8,62.9,64.5,150220
2016-02-19,65.08,67.1,63.22,66.25,158330
2016-02-22,66.2,66.95,64.6,65.33,139180
2016-02-23,65.5,66.0,64.25,65.55,53720
2016-02-24,66.03,66.03,62.4,63.4,174330
2016-02-25,65.0,66.36,62.7,64.36,195700
2016-02-26,64.26,64.77,63.63,64.3,120110
2016-02-29,65.0,65.8,63.1,63.82,218670
2016-03-01,64.33,65.9,64.0,65.32,232570
2016-03-02,67.38,67.9,66.2,67.63,125300
2016-03-03,67.0,70.6,67.0,70.23,220170
2016-03-04,69.6,71.7,69.2,71.42,155240
2016-03-08,72.8,75.4,71.22,74.1,238750
2016-03-09,74.2,76.83,72.5,75.88,198390
2016-03-10,76.0,78.4,75.32,76.55,234730
2016-03-11,76.5,77.0,75.0,75.09,115310
2016-03-14,76.31,76.6,74.9,75.47,84950
2016-03-15,75.01,76.5,74.9,75.78,175190
2016-03-16,75.0,76.9,75.0,75.82,45340
2016-03-17,76.35,78.0,75.01,75.65,131770
2016-03-18,75.99,80.0,75.0,77.04,185300
2016-03-21,79.0,81.2,77.7,79.42,265450
2016-03-22,79.4,80.5,78.3,79.4,138530
2016-03-23,79.8,81.4,78.4,80.58,145780
2016-03-28,80.49,81.7,79.9,80.88,154270
2016-03-29,80.3,82.5,80.3,82.03,259830
2016-03-30,80.63,83.44,80.63,82.95,123280
2016-03-31,82.2,83.99,80.79,83.22,271010
2016-04-01,82.18,83.3,81.34,81.86,125310
2016-04-04,81.86,83.1,80.55,80.78,119920
2016-04-05,80.34,81.0,78.5,78.88,73910
2016-04-06,77.72,80.1,76.8,78.14,80140
2016-04-07,77.25,80.0,77.25,78.24,25660
2016-04-08,77.09,79.8,77.09,78.82,34270
2016-04-11,78.5,81.2,78.05,80.67,77080
2016-04-12,80.1,83.22,80.1,82.81,128990
2016-04-13,82.0,83.05,81.02,82.07,69890
2016-04-18,81.03,85.0,81.02,84.35,142300
2016-04-20,81.03,88.8,81.03,87.11,247040
2016-04-21,86.0,88.6,86.0,88.05,205350
2016-04-22,86.29,88.48,85.62,86.69,192580
2016-04-25,88.0,88.0,85.3,85.63,57530
2016-04-26,85.7,86.6,83.92,85.0,106370
2016-04-27,83.8,85.99,82.89,83.34,84370
2016-04-28,82.5,83.8,80.07,80.72,379140
2016-04-29,80.69,82.0,80.0,81.55,125840
2016-05-02,81.6,82.9,80.6,82.43,131860
2016-05-03,82.4,88.18,82.4,86.93,606420
2016-05-04,86.8,88.9,86.75,87.98,200090
2016-05-05,88.0,91.4,88.0,90.8,301920
2016-05-06,90.61,91.8,89.1,89.48,115990
2016-05-09,88.6,90.8,88.11,90.06,269000
2016-05-10,88.71,89.6,87.2,87.52,311620
2016-05-11,86.0,88.9,86.0,87.91,99820
2016-05-12,87.05,91.24,87.05,90.52,81630
2016-05-13,90.9,93.5,90.2,90.7,232450
2016-05-16,88.5,94.0,88.5,93.63,317990
2016-05-17,93.08,94.5,92.26,93.98,132500
2016-05-18,92.1,94.5,92.1,94.17,78870
2016-05-19,92.5,93.7,90.21,91.65,125580
2016-05-20,90.0,92.0,90.0,90.98,96130
2016-05-23,89.2,91.88,89.0,90.2,90630
2016-05-24,90.5,91.5,89.01,89.07,119800
2016-05-25,90.0,92.2,89.06,90.15,101210
2016-05-26,90.0,91.8,89.67,90.73,133600
2016-05-27,91.0,91.7,89.53,90.42,1325810
2016-05-30,89.51,91.5,89.51,91.23,62210
2016-05-31,90.4,98.89,90.4,97.48,1350490
2016-06-01,97.99,97.99,94.16,94.85,142060
2016-06-02,94.11,95.99,94.11,95.38,66510
2016-06-03,94.3,97.75,94.3,95.35,47980
2016-06-06,95.44,95.8,93.0,93.59,138660
2016-06-07,94.7,95.54,93.2,94.76,56970
2016-06-08,94.52,95.39,92.53,92.98,83850
2016-06-09,92.63,94.9,92.6,94.1,46820
2016-06-10,94.2,94.8,91.08,91.39,79280
2016-06-13,91.5,93.0,90.9,92.87,48540
2016-06-14,93.9,94.67,91.5,93.99,52990
2016-06-15,92.12,97.5,92.12,96.64,325690
2016-06-16,97.0,97.0,93.2,94.08,50770
2016-06-17,93.5,94.8,91.5,92.04,45080
2016-06-20,91.0,92.95,91.0,91.28,32890
2016-06-21,91.55,96.31,91.0,95.25,130210
2016-06-22,95.89,96.8,92.5,95.07,138110
2016-06-23,94.5,99.78,94.5,98.29,934800
2016-06-24,96.0,100.99,89.1,99.18,328130
2016-06-27,99.77,104.9,99.77,104.27,337100
2016-06-28,103.87,107.2,102.31,106.33,591570
2016-06-29,105.5,107.0,104.8,106.13,279910
2016-06-30,105.72,107.4,105.22,106.99,165720
2016-07-01,106.99,109.44,106.02,108.48,179390
2016-07-04,108.47,109.9,105.81,109.14,80760
2016-07-05,110.99,111.0,107.21,107.88,108990
2016-07-07,106.22,109.0,106.21,108.81,82030
2016-07-08,108.8,110.1,106.07,107.13,59180
2016-07-11,107.21,109.97,107.21,109.07,37130
2016-07-12,109.08,109.5,106.51,107.78,64190
2016-07-13,106.36,109.38,105.7,108.51,88650
2016-07-14,108.39,109.9,107.02,109.03,60190
2016-07-15,109.49,112.5,107.37,110.37,110700
2016-07-18,110.0,111.5,106.61,108.49,84460
2016-07-19,108.1,111.9,107.41,110.84,99410
2016-07-20,111.9,112.0,108.01,109.37,81500
2016-07-21,109.0,110.55,107.17,108.68,76180
2016-07-22,109.5,112.0,108.34,110.74,88470
2016-07-25,112.49,114.9,105.5,106.83,639280
2016-07-26,105.9,107.86,101.73,104.48,125990
2016-07-27,103.01,106.9,103.0,105.04,77920
2016-07-28,106.0,111.25,105.0,107.83,189240
2016-07-29,109.99,111.93,108.0,110.41,66700
2016-08-01,113.4,113.4,109.5,110.67,240670
2016-08-02,112.39,113.49,106.37,111.29,886840
2016-08-03,112.98,112.98,107.11,109.1,93260
2016-08-04,109.06,110.2,106.17,108.89,59040
2016-08-05,109.74,111.84,108.0,110.67,70500
2016-08-08,111.49,113.8,109.31,112.3,87630
2016-08-09,113.49,116.7,111.08,115.31,118110
2016-08-10,115.4,116.0,112.1,112.54,103930
2016-08-11,112.56,116.2,111.3,114.52,64970
2016-08-12,113.1,115.57,111.11,113.12,104350
2016-08-16,111.6,114.4,111.1,113.63,46610
2016-08-17,114.82,114.82,111.6,114.29,46670
2016-08-18,113.14,116.2,113.14,115.92,39050
2016-08-19,114.3,116.9,114.3,116.47,42240
2016-08-22,116.4,116.79,113.0,114.54,86240
2016-08-23,113.5,114.5,110.13,113.35,118080
2016-08-24,111.23,114.09,111.11,113.69,125290
2016-08-25,114.39,117.2,111.62,115.41,246990
2016-08-26,115.0,118.0,114.04,116.58,49630
2016-08-29,117.99,118.5,114.18,115.07,92810
2016-08-30,116.0,116.64,111.66,112.65,84060
2016-08-31,112.5,114.4,112.5,113.89,29280
2016-09-01,114.03,114.5,112.15,113.65,115290
2016-09-02,111.62,114.01,111.44,112.95,88910
2016-09-06,115.0,115.0,109.22,109.93,232150
2016-09-07,108.5,111.4,108.5,110.09,338390
2016-09-08,111.91,112.4,108.45,110.07,68850
2016-09-09,111.89,112.86,107.91,111.54,139010
2016-09-12,110.5,110.7,107.38,110.22,131780
2016-09-14,109.01,112.98,108.8,110.04,231280
2016-09-15,110.1,113.4,110.0,112.46,95740
2016-09-16,113.5,117.36,112.5,115.98,194670
2016-09-19,115.0,119.5,115.0,118.38,111930
2016-09-20,120.5,125.0,119.12,120.98,119550
2016-09-21,123.48,123.48,119.32,121.63,71210
2016-09-22,121.0,123.47,118.1,122.9,242790
2016-09-23,122.53,124.69,121.53,123.58,82000
2016-09-26,123.99,127.0,121.12,125.71,129040
2016-09-27,123.5,127.16,123.4,124.47,63740
2016-09-28,123.9,126.2,123.13,124.69,56330
2016-09-29,123.2,125.05,112.0,121.08,204120
2016-09-30,121.1,123.0,118.0,121.79,54830
2016-10-03,124.8,124.8,121.37,123.29,197520
2016-10-04,123.0,123.29,119.3,120.13,160260
2016-10-05,121.01,122.8,116.5,117.34,707130
2016-10-06,117.35,118.59,110.8,112.44,262680
2016-10-07,112.49,114.66,110.5,112.99,117820
2016-10-10,113.03,113.03,110.05,110.92,102070
2016-10-13,110.37,110.91,101.1,104.81,1353480
2016-10-14,106.0,108.03,104.22,106.41,291340
2016-10-17,107.53,108.5,102.5,104.12,292360
2016-10-18,103.11,111.0,103.11,110.46,747560
2016-10-19,111.37,113.9,110.05,112.98,346090
2016-10-20,113.6,113.9,108.62,112.89,180910
2016-10-21,113.65,115.0,111.73,114.38,115370
2016-10-24,112.8,125.5,112.8,118.91,2497510
2016-10-25,117.6,120.0,115.96,117.23,189130
2016-10-26,116.31,117.99,114.69,115.66,178500
2016-10-27,115.66,116.6,112.58,115.22,151880
2016-10-28,115.5,121.5,114.18,118.49,133460
2016-10-30,119.85,120.78,117.2,118.13,26460
2016-11-01,117.5,118.35,113.7,114.79,159810
2016-11-02,113.01,115.98,110.03,112.74,149950
2016-11-03,113.1,115.5,110.66,112.64,99810
2016-11-04,111.51,113.29,109.11,112.78,79030
2016-11-07,111.63,116.6,111.63,116.12,690960
2016-11-08,117.39,117.68,113.33,115.68,104620
2016-11-09,108.0,117.98,104.3,109.81,531470
2016-11-10,113.4,116.43,111.51,114.18,306690
2016-11-11,112.5,113.48,108.6,110.21,583260
2016-11-15,112.38,112.38,100.5,106.08,161290
2016-11-16,106.1,107.7,101.83,106.1,114990
2016-11-17,105.98,107.49,105.98,107.02,40080
2016-11-18,105.57,109.28,105.01,108.43,56020
2016-11-21,109.98,109.98,104.41,106.96,78020
2016-11-22,109.88,109.88,107.49,108.18,47070
2016-11-23,108.0,113.2,106.0,112.23,300160
2016-11-24,113.99,113.99,108.95,110.21,129770
2016-11-25,110.51,114.99,110.5,114.61,59310
2016-11-28,114.61,114.79,111.5,112.99,52060
2016-11-29,115.0,123.0,113.0,120.67,165645
2016-11-30,123.98,125.6,119.01,119.95,1133105
2016-12-01,120.26,124.0,115.24,117.12,191110
2016-12-02,115.0,119.6,113.61,116.24,98770
2016-12-05,116.4,120.0,115.0,118.17,86380
2016-12-06,119.6,120.2,117.0,118.04,68910
2016-12-07,118.0,121.8,116.13,119.36,702095
2016-12-08,120.38,122.2,119.81,121.8,542945
2016-12-09,123.78,123.94,118.92,119.42,264515
2016-12-12,119.58,121.36,119.03,120.98,84045
2016-12-13,121.59,121.8,120.4,121.59,49270
2016-12-14,121.55,124.6,120.33,123.0,115730
2016-12-15,122.4,123.59,121.35,122.66,67790
2016-12-16,122.7,124.0,122.02,123.26,34015
2016-12-19,122.6,123.99,121.63,122.04,73125
2016-12-20,120.91,122.01,120.4,121.36,221875
2016-12-21,120.47,121.84,120.47,121.55,56550
2016-12-22,120.4,121.6,119.85,120.82,240270
2016-12-23,120.82,121.6,120.59,121.41,46685
2016-12-26,120.0,122.0,117.45,118.57,426540
2016-12-27,118.4,119.61,117.42,117.95,323185
2016-12-28,119.0,119.0,116.4,116.6,239040
2016-12-29,113.96,114.4,112.42,112.98,149345
2016-12-30,113.02,115.0,113.01,114.0,207755
2017-01-02,113.6,114.87,111.88,113.61,77595
2017-01-03,114.75,114.75,112.8,113.64,70375
2017-01-04,113.4,113.81,113.24,113.65,39780
2017-01-05,113.54,113.8,112.2,112.58,86055
2017-01-06,112.76,114.0,112.5,113.29,103920
2017-01-09,114.77,114.78,112.5,114.21,38630
2017-01-10,114.59,115.0,113.42,114.03,71875
2017-01-11,113.6,114.54,112.4,113.1,58820
2017-01-12,113.19,113.96,111.41,112.84,71330
2017-01-13,112.0,114.7,106.03,112.6,84870
2017-01-16,112.6,114.1,111.61,112.36,90640
2017-01-17,111.21,113.82,111.21,112.95,44935
2017-01-18,111.4,115.4,111.4,114.35,466510
2017-01-19,113.2,116.29,113.0,115.68,455495
2017-01-20,114.2,117.0,113.52,114.47,87470
2017-01-23,114.2,115.21,112.82,113.86,65980
2017-01-24,114.4,115.8,113.6,114.72,641735
2017-01-25,114.2,121.2,114.2,115.34,1681985
2017-01-27,118.0,118.84,114.7,115.18,219065
2017-01-30,114.52,115.4,114.0,114.32,99635
2017-01-31,114.32,116.34,113.4,114.24,244535
2017-02-01,114.19,116.4,113.23,115.61,92960
2017-02-02,117.02,119.8,113.88,118.97,285575
2017-02-03,120.57,120.57,117.22,118.5,135320
2017-02-06,118.2,122.4,117.31,121.9,375335
2017-02-07,122.4,124.0,120.08,123.11,335435
2017-02-08,122.8,123.96,120.83,123.01,57810
2017-02-09,123.0,124.23,118.79,120.32,134095
2017-02-10,120.62,121.3,115.7,116.74,225435
2017-02-13,116.78,118.1,115.4,117.94,268870
2017-02-14,117.3,118.0,115.1,115.97,166885
2017-02-15,117.0,117.0,113.91,114.79,83955
2017-02-16,114.4,115.2,112.8,114.6,58015
2017-02-17,114.7,117.4,114.01,116.1,97600
2017-02-20,117.8,118.0,113.81,115.76,117600
2017-02-21,117.03,117.03,114.6,116.27,44365
2017-02-22,116.49,116.56,114.51,115.09,65160
2017-02-23,114.87,116.0,114.21,115.13,68895
2017-02-27,117.0,117.0,115.1,115.71,255760
2017-02-28,117.39,118.4,115.12,116.97,126200
2017-03-01,116.07,117.2,115.8,116.31,103375
2017-03-02,117.24,118.0,115.9,117.09,88585
2017-03-03,116.99,120.0,115.65,118.9,108195
2017-03-06,119.6,129.8,119.02,128.21,1001260
2017-03-07,129.48,129.8,126.0,128.36,425460
2017-03-08,129.2,129.2,125.0,125.87,111240
2017-03-09,124.4,127.98,124.4,125.86,159470
2017-03-10,126.05,132.49,125.42,128.61,814575
2017-03-14,129.68,132.0,126.74,128.04,193150
2017-03-15,128.4,129.34,127.0,128.6,132895
2017-03-16,129.39,130.0,127.4,128.9,757370
2017-03-17,129.6,130.58,127.81,129.06,129280
2017-03-20,129.2,130.43,128.02,128.94,87945
2017-03-21,130.33,130.33,125.26,128.41,128230
2017-03-22,127.36,128.0,120.9,123.5,178855
2017-03-23,125.99,128.8,123.6,128.02,249345
2017-03-24,128.8,131.3,128.6,129.2,203020
2017-03-27,130.06,130.06,125.26,126.29,143765
2017-03-28,125.28,127.8,125.27,126.6,81135
2017-03-29,125.23,127.72,123.0,123.75,338285
2017-03-30,125.95,127.51,123.1,125.13,696840
2017-03-31,125.0,135.0,125.0,131.99,314985
2017-04-03,131.97,134.39,131.44,133.77,172930
2017-04-05,133.76,135.4,132.8,133.56,76125
2017-04-06,133.39,137.81,132.42,136.11,215470
2017-04-07,135.6,139.6,135.2,136.61,140520
2017-04-10,137.55,139.72,136.61,137.89,86185
2017-04-11,139.99,145.6,138.4,144.44,267200
2017-04-12,144.82,148.8,141.0,142.09,226185
2017-04-13,141.3,143.01,139.85,140.2,59860
2017-04-17,140.19,141.34,136.4,137.92,77085
2017-04-18,136.74,140.0,136.74,138.6,59705
2017-04-19,139.0,141.0,136.6,139.96,70785
2017-04-20,138.6,143.78,137.2,142.12,837805
2017-04-21,143.66,143.66,140.0,141.07,57315
2017-04-24,141.0,143.6,139.81,142.5,79745
2017-04-25,141.9,143.5,140.5,142.7,79040
2017-04-26,142.01,143.03,141.0,142.33,394765
2017-04-27,142.32,142.78,140.41,140.85,51800
2017-04-28,141.99,147.0,141.08,145.24,152185
2017-05-02,144.25,147.88,144.25,147.03,131140
2017-05-03,148.34,153.56,146.61,149.78,873570
2017-05-04,149.96,150.95,146.26,148.37,188240
2017-05-05,149.38,149.98,146.6,147.68,91340
2017-05-08,144.82,148.15,144.49,146.83,100860
2017-05-09,145.7,151.8,145.7,151.03,248285
2017-05-10,152.0,154.4,150.0,151.28,120550
2017-05-11,153.01,155.0,149.0,149.72,78970
2017-05-12,150.26,151.0,148.2,149.94,51890
2017-05-15,152.94,153.9,148.0,151.98,138615
2017-05-16,151.97,154.4,150.3,152.61,109090
2017-05-17,153.99,154.01,150.03,151.99,62405
2017-05-18,152.0,153.0,148.48,151.22,118795
2017-05-19,151.4,151.41,147.99,149.15,126700
2017-05-22,150.0,151.32,148.35,150.02,411315
2017-05-23,150.62,150.62,145.01,145.71,344900
2017-05-24,144.5,145.98,141.67,144.65,258830
2017-05-25,144.01,148.94,144.01,146.79,77125
2017-05-26,147.59,153.6,146.56,151.35,79325
2017-05-29,151.97,152.0,149.0,150.75,34565
2017-05-30,150.67,153.8,148.67,152.61,68570
2017-05-31,152.6,159.89,151.48,157.52,165565
2017-06-01,157.4,161.6,156.32,160.32,105600
2017-06-02,161.76,162.44,159.01,159.84,64115
2017-06-05,161.59,165.6,159.61,162.24,120175
2017-06-06,164.99,166.96,162.4,163.74,81540
2017-06-07,164.0,171.18,164.0,170.0,133525
2017-06-08,172.0,176.8,170.8,171.66,300660
2017-06-09,174.94,174.94,168.18,170.47,129960
2017-06-12,170.7,170.7,163.22,164.24,82095
2017-06-13,168.0,168.0,162.2,163.1,71000
2017-06-14,165.94,170.8,162.1,169.21,167160
2017-06-15,169.6,171.98,168.42,170.34,75555
2017-06-16,169.49,171.03,169.2,170.03,39780
2017-06-19,173.0,173.0,166.01,167.53,68350
2017-06-20,168.0,168.8,164.4,165.64,45595
2017-06-21,167.58,167.58,162.51,164.18,70395
2017-06-22,165.05,168.99,164.32,166.77,98485
2017-06-23,168.2,171.0,163.11,167.66,88025
2017-06-27,168.0,168.0,161.91,163.02,169510
2017-06-28,163.0,163.0,160.6,162.03,50755
2017-06-29,162.0,163.96,160.43,161.73,234645
2017-06-30,161.12,162.0,157.4,160.81,114145
2017-07-03,161.0,163.95,158.0,158.28,71855
2017-07-04,158.28,159.8,154.24,155.26,136710
2017-07-05,155.11,155.11,150.6,151.99,311060
2017-07-06,152.0,155.98,150.6,155.23,334945
2017-07-07,156.0,157.33,154.04,157.01,186025
2017-07-10,157.11,159.0,155.51,157.67,10075
2017-07-11,158.8,165.96,157.66,163.95,421000
2017-07-12,165.28,170.6,165.0,168.53,296315
2017-07-13,169.0,171.2,166.41,167.96,366395
2017-07-14,166.31,169.54,163.07,163.59,66725
2017-07-17,165.58,165.99,160.45,161.67,113390
2017-07-18,160.21,163.0,157.8,159.2,101695
2017-07-19,159.11,166.38,157.62,164.89,1587485
2017-07-20,166.19,169.99,164.94,167.33,66775
2017-07-21,167.98,167.98,160.92,161.86,82755
2017-07-24,162.2,166.38,161.0,164.21,84515
2017-07-25,168.79,168.79,159.4,163.77,367315
2017-07-26,163.8,165.0,160.0,160.44,66620
2017-07-27,160.44,162.0,160.0,161.34,56060
2017-07-28,160.21,161.99,158.8,160.44,57955
2017-07-31,158.6,162.79,158.0,158.6,257805
2017-08-01,158.81,160.0,156.6,157.27,555125
2017-08-02,161.8,161.8,156.16,156.74,46130
2017-08-03,157.01,158.8,156.0,156.66,26665
2017-08-04,156.0,157.8,153.02,155.14,384265
2017-08-07,156.19,158.09,153.35,154.4,100090
2017-08-08,154.4,157.2,153.02,155.39,71115
2017-08-09,153.14,154.76,149.6,150.78,86980
2017-08-10,149.02,153.44,145.52,147.14,95845
2017-08-11,144.4,153.89,144.02,153.1,121665
2017-08-14,154.0,155.93,152.41,154.01,34240
2017-08-16,152.61,156.58,152.61,155.3,78560
2017-08-17,154.02,156.8,154.02,155.05,107590
2017-08-18,153.2,156.17,151.25,154.17,46790
2017-08-21,154.2,155.59,151.21,152.24,48915
2017-08-22,152.0,153.6,147.2,148.63,179900
2017-08-23,148.3,150.7,147.2,148.85,67335
2017-08-24,147.04,150.95,147.04,148.5,40065
2017-08-28,147.16,150.73,147.0,147.84,77405
2017-08-29,148.79,160.0,147.05,152.81,113440
2017-08-30,150.51,155.28,150.51,152.64,51845
2017-08-31,153.99,156.14,149.8,151.83,112200
2017-09-01,152.0,155.94,150.05,153.72,64505
2017-09-04,153.6,155.6,150.6,154.7,70305
2017-09-05,156.0,156.0,152.07,153.45,44285
2017-09-06,152.44,156.0,151.96,154.59,54135
2017-09-07,155.99,158.0,153.6,156.13,49730
2017-09-08,157.8,159.6,154.24,158.51,80620
2017-09-11,158.6,160.6,158.0,158.94,30510
2017-09-12,160.0,161.01,158.0,159.8,43605
2017-09-13,158.45,161.2,154.22,155.1,136035
2017-09-14,156.0,156.14,150.61,151.99,141390
2017-09-15,152.58,164.0,151.36,160.98,305405
2017-09-18,160.98,164.88,160.06,161.79,77900
2017-09-19,162.0,162.0,155.6,156.58,94455
2017-09-20,158.8,158.8,153.16,155.65,78675
2017-09-21,157.99,157.99,153.19,155.48,45840
2017-09-22,154.4,155.48,148.0,150.76,112335
2017-09-25,151.0,152.54,147.0,150.4,255530
2017-09-26,148.5,155.8,148.5,154.01,76825
2017-09-27,153.0,156.12,150.0,152.75,106505
2017-09-28,151.99,152.0,147.83,149.26,58450
2017-09-29,151.6,152.4,147.97,150.65,89245
2017-10-03,148.23,153.0,148.23,150.51,45235
2017-10-04,149.81,152.0,148.8,149.21,36990
2017-10-05,148.44,151.86,148.44,150.36,85400
2017-10-06,150.36,152.4,149.25,151.85,136010
2017-10-09,153.8,154.34,150.0,150.78,51130
2017-10-10,153.4,153.4,149.06,149.79,297590
2017-10-11,149.8,152.2,149.8,150.45,75860
2017-10-12,151.99,154.77,150.2,153.3,238255
2017-10-13,153.48,154.99,150.42,151.96,48635
2017-10-16,152.98,152.98,146.78,147.83,84640
2017-10-17,148.46,149.6,142.25,145.32,67635
2017-10-18,145.95,147.88,144.0,145.51,83575
2017-10-19,147.98,147.98,142.0,142.83,45530
2017-10-23,143.97,159.2,142.28,157.11,379645
2017-10-24,158.4,158.4,153.08,155.25,86950
2017-10-25,157.46,157.46,147.05,149.83,130155
2017-10-26,149.0,152.0,144.99,145.23,1228380
2017-10-27,147.99,151.0,146.51,149.86,115055
2017-10-30,151.0,155.6,147.05,152.77,284310
2017-10-31,153.6,162.4,148.01,157.27,404495
2017-11-01,158.82,160.0,152.44,153.92,118335
2017-11-02,151.93,156.76,151.93,153.06,81805
2017-11-03,152.1,154.0,150.6,153.12,83430
2017-11-06,153.0,153.98,149.0,150.68,104910
2017-11-07,151.6,151.6,148.41,149.73,133050
2017-11-08,150.4,150.4,145.36,146.23,67395
2017-11-09,148.8,149.37,144.91,145.04,191960
2017-11-10,145.18,147.6,144.4,144.98,160815
2017-11-13,144.98,147.59,144.4,145.91,257970
2017-11-14,144.8,146.44,144.0,144.27,145485
2017-11-15,146.96,147.35,144.85,145.28,63790
2017-11-16,147.16,147.16,143.4,144.63,65825
2017-11-17,147.0,147.0,142.48,143.51,58405
2017-11-20,144.22,146.51,137.0,144.05,114935
2017-11-21,146.0,146.4,142.82,143.57,85730
2017-11-22,145.0,145.0,140.99,141.73,113570
2017-11-23,141.73,144.8,140.46,141.93,106820
2017-11-24,144.0,144.0,140.0,140.41,62975
2017-11-27,143.0,146.0,140.4,144.37,335640
2017-11-28,145.2,146.89,143.42,144.04,214610
2017-11-29,142.0,143.96,141.97,142.5,101585
2017-11-30,143.49,144.2,140.71,143.4,89935
2017-12-01,144.2,144.2,141.67,142.71,55255
2017-12-04,142.0,144.4,140.21,143.15,102500
2017-12-05,141.4,144.4,141.4,143.67,91315
2017-12-06,143.8,146.22,142.22,145.53,96515
2017-12-07,145.39,150.0,145.2,148.03,87420
2017-12-08,148.2,150.0,146.25,149.16,84685
2017-12-11,149.0,151.26,145.88,147.0,48225
2017-12-12,146.0,147.88,144.0,145.17,53765
2017-12-13,145.94,146.56,141.8,142.11,98055
2017-12-14,142.6,148.4,141.61,146.3,75220
2017-12-15,146.0,149.69,146.0,148.03,73465
2017-12-18,148.99,150.6,142.01,149.37,121205
2017-12-19,150.4,152.84,148.0,152.08,287360
2017-12-20,150.0,153.8,149.4,153.21,207700
2017-12-21,152.0,155.76,151.21,155.02,119310
2017-12-22,156.0,156.97,152.4,156.07,116640
2017-12-26,157.2,157.64,154.37,156.08,88160
2017-12-27,157.98,159.07,155.86,156.97,91600
2017-12-28,157.93,158.4,152.81,156.65,2592850
2017-12-29,157.99,162.96,155.6,160.47,117440
2018-01-01,160.8,163.0,158.72,160.35,67465
2018-01-02,162.6,163.0,160.41,161.9,188860
2018-01-03,161.5,163.58,161.5,163.19,37445
2018-01-04,163.93,166.0,162.02,165.04,83320
2018-01-05,165.06,166.64,160.1,160.89,189285
2018-01-08,163.99,163.99,160.8,161.87,100555
2018-01-09,163.6,164.0,159.31,160.65,60650
2018-01-10,162.59,167.64,160.4,166.06,601635
2018-01-11,168.0,168.0,164.0,166.35,70825
2018-01-12,166.2,169.0,163.0,167.85,78825
2018-01-15,170.0,170.0,164.81,165.82,42760
2018-01-16,164.6,166.33,160.55,163.53,67570
2018-01-17,163.0,164.94,160.81,163.08,48295
2018-01-18,163.1,164.84,156.83,158.27,66990
2018-01-19,159.8,163.9,159.0,162.27,166080
2018-01-22,162.47,163.98,160.6,162.43,133810
2018-01-23,162.43,163.37,160.2,161.21,36590
2018-01-24,160.4,162.9,155.4,161.1,89290
2018-01-25,159.06,160.64,157.2,159.19,41230
2018-01-29,157.66,160.0,153.0,154.36,90090
2018-01-30,154.5,155.54,149.1,150.37,162850
2018-01-31,150.6,153.19,143.22,146.5,196245
2018-02-01,151.0,153.2,147.64,148.85,169960
2018-02-02,148.8,149.09,143.12,143.65,132925
2018-02-05,143.65,145.0,136.22,142.82,128700
2018-02-06,136.8,143.6,135.0,140.1,120355
2018-02-07,142.4,143.03,140.4,141.16,198610
2018-02-08,143.0,144.8,142.0,144.17,47285
2018-02-09,142.0,145.53,141.04,142.44,52220
2018-02-12,141.15,144.8,141.15,142.13,37560
2018-02-14,141.03,145.0,140.05,141.39,321515
2018-02-15,141.22,143.0,139.4,140.05,61485
2018-02-16,140.2,141.64,133.27,135.18,101770
2018-02-19,140.2,145.94,138.21,138.95,1564310
2018-02-20,139.6,143.0,137.49,139.26,256220
2018-02-21,139.98,141.17,138.0,138.89,109645
2018-02-22,139.17,145.0,138.0,144.28,1309815
2018-02-23,146.8,146.8,142.0,142.66,154165
2018-02-26,143.98,145.08,142.0,142.95,216270
2018-02-27,143.98,144.38,142.96,143.8,107850
2018-02-28,143.74,145.68,142.56,145.03,173510
2018-03-01,147.57,147.57,145.11,146.44,129535
2018-03-05,146.0,146.52,145.23,145.53,251315
2018-03-06,141.91,141.91,139.01,140.67,226385
2018-03-07,142.8,142.8,138.0,139.3,136350
2018-03-08,140.79,144.17,137.71,138.57,75325
2018-03-09,140.6,140.75,137.18,138.55,119830
2018-03-12,137.8,138.74,136.21,138.11,99905
2018-03-13,138.23,139.59,136.81,137.19,106425
2018-03-14,138.0,140.0,138.0,139.91,74435
2018-03-15,138.22,140.08,134.99,135.75,110115
2018-03-16,136.0,138.98,134.34,137.63,74215
2018-03-19,139.0,139.0,129.41,132.0,197615
2018-03-20,130.61,133.98,129.81,132.59,79130
2018-03-21,134.0,135.1,129.01,130.59,64645
2018-03-22,132.4,132.4,127.6,129.35,152630
2018-03-23,128.18,131.0,127.12,128.29,186655
2018-03-26,131.11,131.11,126.2,127.2,77890
2018-03-27,127.21,129.0,126.54,127.72,69090
2018-03-28,129.0,129.01,125.81,126.51,97065
2018-04-02,128.99,128.99,125.41,127.15,84195
2018-04-03,127.2,127.7,125.7,126.51,125490
2018-04-04,127.21,129.54,126.49,127.04,155905
2018-04-05,128.4,128.87,127.33,127.91,39330
2018-04-06,127.91,129.95,126.42,128.18,97510
2018-04-09,128.2,130.2,126.41,127.54,97435
2018-04-10,127.54,128.76,127.22,127.72,61045
2018-04-11,128.0,131.6,127.07,130.3,171505
2018-04-12,133.0,136.0,131.63,133.2,231210
2018-04-13,135.18,135.19,129.0,130.2,204990
2018-04-16,131.12,134.0,129.0,133.6,31025
2018-04-17,134.28,135.25,132.1,134.31,57000
2018-04-18,135.32,136.08,132.05,133.65,77015
2018-04-19,133.6,135.0,132.0,132.05,68660
2018-04-20,132.98,133.4,132.0,132.03,35890
2018-04-23,132.66,135.19,131.54,134.12,134110
2018-04-24,134.78,137.4,133.94,134.67,1436885
2018-04-25,136.5,141.1,135.38,140.09,262925
2018-04-26,143.6,143.6,137.97,140.28,110675
2018-04-27,141.14,141.95,139.69,140.07,80670
2018-04-30,139.0,140.71,138.0,139.63,89480
2018-05-02,138.4,140.58,136.5,139.76,141880
2018-05-03,139.2,139.96,137.8,138.26,66900
2018-05-04,138.59,138.59,133.65,134.59,33080
2018-05-07,134.49,134.49,130.41,133.03,50635
2018-05-08,132.81,135.6,131.36,133.93,42875
2018-05-09,131.8,135.39,131.8,133.77,43325
2018-05-10,135.6,135.6,128.69,129.54,103135
2018-05-11,128.93,133.6,128.93,132.01,293645
2018-05-14,129.21,132.03,129.0,129.12,74645
2018-05-15,129.23,131.6,127.0,127.05,74940
2018-05-16,127.2,130.56,127.0,128.84,62265
2018-05-17,128.8,131.24,126.47,127.06,120600
2018-05-18,127.85,128.0,123.42,123.88,117255
2018-05-21,124.81,125.44,122.76,124.04,85140
2018-05-22,123.65,125.39,122.2,124.11,30330
2018-05-23,124.11,125.79,121.6,122.68,138285
2018-05-24,123.0,124.96,120.91,123.46,83680
2018-05-25,123.46,126.47,121.81,124.52,228805
2018-05-28,124.6,124.99,122.04,122.78,78465
2018-05-29,123.76,125.57,121.21,124.02,105500
2018-05-30,124.02,125.1,119.03,120.21,317010
2018-05-31,120.4,122.73,118.02,121.64,189015
2018-06-01,121.64,122.6,116.69,119.58,302405
2018-06-04,122.4,122.4,114.52,115.21,232100
2018-06-05,115.22,117.4,111.0,115.63,293305
2018-06-06,115.02,117.2,113.44,116.34,70940
2018-06-07,116.2,122.56,116.2,121.44,66510
2018-06-08,121.6,124.0,119.27,123.25,53165
2018-06-11,123.66,126.38,121.59,122.12,114330
2018-06-12,122.53,125.03,120.46,124.35,113820
2018-06-13,124.06,125.2,121.28,124.01,97410
2018-06-14,124.01,128.08,121.67,126.47,208705
2018-06-15,126.39,126.48,123.03,123.55,100905
2018-06-18,123.0,123.89,121.11,122.04,101715
2018-06-19,121.2,122.71,120.0,120.37,99785
2018-06-20,119.02,131.4,119.02,128.92,435755
2018-06-21,130.0,135.0,127.2,132.95,242655
2018-06-22,132.0,135.59,128.87,132.46,297610
2018-06-25,133.63,147.8,130.51,132.51,188485
2018-06-26,132.5,133.0,129.0,129.81,92955
2018-06-27,129.95,129.95,122.11,128.89,199170
2018-06-28,127.2,128.5,123.0,127.01,156260
2018-06-29,126.84,128.77,123.85,127.77,129295
2018-07-02,128.96,130.97,125.02,128.31,65175
2018-07-03,127.15,130.07,127.0,128.99,92795
2018-07-04,128.08,131.0,126.6,130.05,93400
2018-07-05,130.0,132.04,129.0,129.91,274630
2018-07-06,129.91,130.55,126.4,127.44,55480
2018-07-09,126.22,128.98,126.22,126.81,45040
2018-07-10,127.83,127.83,124.72,125.74,104775
2018-07-11,124.49,127.34,124.0,124.19,102220
2018-07-12,123.8,126.19,123.11,124.47,80070
2018-07-13,124.7,125.79,123.63,125.07,39375
2018-07-16,127.78,127.78,121.0,121.07,182555
2018-07-17,120.12,123.43,119.3,120.84,153290
2018-07-18,121.0,123.25,120.0,120.88,105710
2018-07-19,121.0,123.14,120.88,122.63,239955
2018-07-20,122.0,122.8,118.25,120.2,89735
2018-07-23,121.18,127.0,120.2,124.04,96200
2018-07-24,123.0,126.76,122.81,125.78,241045
2018-07-25,127.35,127.35,124.06,125.2,58825
2018-07-26,123.61,127.0,123.61,125.49,79970
2018-07-27,125.0,128.9,123.29,127.01,70970
2018-07-30,125.42,133.6,125.42,131.5,1539060
2018-07-31,133.0,133.0,128.5,130.98,180960
2018-08-01,131.72,132.81,130.09,131.4,593395
2018-08-02,131.4,133.59,129.02,132.2,73295
2018-08-03,132.41,133.42,130.4,131.19,51210
2018-08-06,129.6,132.79,127.0,128.76,42420
2018-08-07,129.6,130.95,126.54,128.28,1108165
2018-08-08,128.28,129.14,124.29,124.75,91345
2018-08-09,123.75,125.7,122.0,122.97,46610
2018-08-10,122.97,124.94,122.4,124.28,74275
2018-08-13,124.18,125.0,121.4,124.35,139230
2018-08-14,124.67,125.96,122.46,125.46,66390
2018-08-16,125.46,128.92,123.2,124.24,88610
2018-08-17,125.6,128.0,124.3,127.64,105115
2018-08-20,128.0,139.6,127.11,134.54,762085
2018-08-21,134.84,137.4,134.84,135.91,167955
2018-08-23,135.07,137.34,132.25,133.47,95545
2018-08-24,134.8,134.8,132.2,133.08,82180
2018-08-27,133.2,135.8,131.64,134.55,122080
2018-08-28,134.55,136.55,133.22,135.29,145175
2018-08-29,135.01,138.02,135.0,135.64,92220
2018-08-30,135.64,136.51,133.86,136.01,154560
2018-08-31,136.0,137.0,134.04,135.4,296490
2018-09-03,136.0,138.0,134.26,135.51,1368920
2018-09-04,137.2,137.2,132.65,133.85,294010
2018-09-05,132.8,135.78,132.8,134.38,138090
2018-09-06,134.82,142.68,134.41,137.72,450075
2018-09-07,136.2,140.99,136.2,140.14,1892010
2018-09-10,140.14,142.6,136.02,136.97,205270
2018-09-11,138.07,141.0,136.62,137.21,407925
2018-09-12,138.32,138.43,133.62,135.8,218770
2018-09-14,136.43,139.6,135.84,136.89,153340
2018-09-17,134.8,139.05,134.8,137.25,196660
2018-09-18,137.98,140.0,134.73,136.75,801835
2018-09-19,135.84,138.2,135.84,137.3,137795
2018-09-21,136.59,137.92,130.19,131.61,356975
2018-09-24,131.61,132.15,127.4,129.64,196060
2018-09-25,131.57,133.94,128.0,129.52,123615
2018-09-26,130.0,131.66,127.7,129.51,83630
2018-09-27,131.39,131.39,125.17,128.08,149760
2018-09-28,125.86,128.87,119.0,121.2,717255
2018-10-01,122.25,123.77,120.12,122.79,144090
2018-10-03,123.79,125.79,119.2,120.78,64770
2018-10-04,120.0,121.78,115.95,116.8,226030
2018-10-05,115.97,119.99,113.61,117.56,178375
2018-10-08,117.97,119.6,115.0,116.03,73200
2018-10-09,116.33,119.8,115.58,118.0,97185
2018-10-10,119.59,127.8,118.74,127.21,105485
2018-10-11,124.8,125.75,121.19,122.3,90870
2018-10-12,122.6,127.96,122.6,127.1,56670
2018-10-15,125.8,131.6,125.34,130.47,84415
2018-10-16,131.47,132.91,130.01,131.07,52020
2018-10-17,132.92,132.92,124.41,125.66,233580
2018-10-19,124.8,127.97,122.2,126.83,95370
2018-10-22,126.0,127.73,120.6,121.81,117100
2018-10-23,121.74,124.76,117.52,119.9,116925
2018-10-24,121.0,122.4,117.8,118.7,69935
2018-10-25,118.0,119.39,116.61,117.8,53505
2018-10-26,117.21,119.52,115.27,116.03,55540
2018-10-29,116.61,127.0,115.79,122.99,780100
2018-10-30,123.0,125.4,121.43,121.94,136950
2018-10-31,122.23,122.39,118.86,119.85,65110
2018-11-01,120.53,121.0,117.05,117.66,87905
2018-11-02,117.71,121.19,117.71,119.93,105130
2018-11-05,121.6,121.6,117.8,119.77,124125
2018-11-06,119.8,120.67,116.14,117.18,166990
2018-11-07,118.01,119.8,118.01,119.23,17745
2018-11-09,119.0,120.87,117.2,118.47,68990
2018-11-12,118.97,119.09,116.2,117.26,58075
2018-11-13,117.19,118.98,116.71,117.87,44560
2018-11-14,118.48,118.76,116.61,116.87,24425
2018-11-15,116.04,118.59,116.04,116.28,63500
2018-11-16,116.02,117.3,115.02,115.58,24120
2018-11-19,115.58,118.92,115.51,118.45,61325
2018-11-20,118.26,119.25,116.59,118.15,59835
2018-11-21,118.76,118.95,115.83,117.97,113675
2018-11-22,118.9,118.9,117.98,118.03,51100
2018-11-26,118.33,118.6,117.19,118.03,120715
2018-11-27,118.31,120.6,117.2,119.28,96735
2018-11-28,120.19,121.59,117.74,118.55,49300
2018-11-29,118.56,119.18,117.3,117.94,34770
2018-11-30,118.17,118.28,115.4,116.41,163290
2018-12-03,116.6,117.97,115.42,116.12,35335
2018-12-04,116.44,118.19,114.64,117.64,111415
2018-12-05,116.4,116.83,114.82,115.97,122900
2018-12-06,115.0,117.79,115.0,117.19,72055
2018-12-07,117.59,117.8,115.21,117.59,116550
2018-12-10,116.09,116.09,111.56,114.46,216165
2018-12-11,113.99,114.59,112.11,112.55,288220
2018-12-12,113.99,115.6,112.41,114.98,79030
2018-12-13,114.81,117.69,112.86,113.3,103240
2018-12-14,113.0,114.83,112.8,114.46,80640
2018-12-17,115.18,115.99,113.2,113.94,59380
2018-12-18,114.32,116.0,113.73,114.43,92100
2018-12-19,114.41,116.0,113.0,113.82,68905
2018-12-20,113.82,115.98,113.51,115.45,31050
2018-12-21,115.99,115.99,112.58,113.02,53100
2018-12-24,113.25,115.19,112.21,114.54,79820
2018-12-26,114.62,115.56,112.4,113.12,42730
2018-12-27,113.69,114.59,111.72,112.21,47790
2018-12-28,112.79,113.4,110.6,113.07,124515
2019-01-01,112.08,112.79,111.47,112.05,26810
2019-01-02,112.19,112.19,110.71,111.07,31745
2019-01-03,111.11,112.95,111.0,111.3,59550
2019-01-04,111.67,111.82,108.8,109.26,68120
2019-01-07,110.58,110.58,107.2,107.72,74415
2019-01-08,107.8,108.96,106.6,107.9,129535
2019-01-09,108.17,108.17,106.75,106.89,91935
2019-01-10,107.02,107.66,106.31,106.62,74480
2019-01-11,106.35,107.09,104.42,104.58,79900
2019-01-14,104.8,104.8,102.24,103.03,908835
2019-01-15,103.21,108.0,103.21,106.04,442290
2019-01-16,107.0,107.74,106.0,106.08,54000
2019-01-17,106.08,106.78,106.0,106.25,38915
2019-01-18,106.67,107.2,105.8,106.1,102825
2019-01-21,107.6,107.6,106.0,106.07,61180
2019-01-22,106.05,106.8,105.2,106.04,60115
2019-01-23,106.41,107.38,106.0,106.92,50375
2019-01-24,106.31,106.78,106.0,106.37,61125
2019-01-25,106.62,107.53,106.0,106.0,56500
2019-01-28,104.28,108.39,103.31,107.96,211175
2019-01-29,108.99,108.99,105.4,106.98,1369105
2019-01-30,106.26,108.0,105.79,106.09,554340
2019-01-31,106.3,106.78,104.28,104.83,37890
2019-02-01,107.97,107.97,104.4,106.25,547910
2019-02-04,104.52,105.55,102.85,103.93,102655
2019-02-05,104.15,107.36,103.11,105.32,78420
2019-02-06,105.21,105.61,102.81,103.95,56280
2019-02-07,103.81,105.35,103.21,103.77,25185
2019-02-08,102.81,106.6,102.81,105.91,36550
2019-02-11,106.04,106.04,103.99,105.33,544040
2019-02-12,105.01,106.85,105.0,106.07,35195
2019-02-13,106.79,106.79,105.06,106.01,98955
2019-02-14,105.38,107.98,105.38,107.33,22585
2019-02-15,106.94,108.38,106.0,106.0,65110
2019-02-18,106.0,106.54,105.44,106.06,78365
2019-02-19,106.38,106.9,105.31,106.05,552460
2019-02-20,106.4,106.59,105.59,106.05,32880
2019-02-21,105.46,106.84,105.44,106.0,63155
2019-02-22,106.05,107.57,106.01,106.79,11385
2019-02-25,106.54,108.01,105.32,106.01,225520
2019-02-26,105.56,106.98,103.51,106.09,73755
2019-02-27,107.0,108.36,106.0,106.12,625575
2019-02-28,106.63,108.0,105.32,106.4,32615
2019-03-01,107.32,110.38,106.2,109.94,68920
2019-03-05,108.4,115.17,108.4,114.03,75075
2019-03-06,114.97,118.8,114.37,117.16,173685
2019-03-07,117.2,119.0,115.77,117.68,874350
2019-03-08,117.68,117.68,115.8,116.87,62075
2019-03-11,118.8,118.8,115.61,117.35,58050
2019-03-12,118.21,121.99,116.81,121.21,252090
2019-03-13,121.4,121.4,118.41,119.15,223455
2019-03-14,120.93,120.93,117.54,118.26,118760
2019-03-15,118.24,119.55,116.5,117.01,221250
2019-03-18,116.85,117.99,116.15,116.8,19440
2019-03-19,116.22,117.46,116.0,117.18,51470
2019-03-20,116.86,116.88,113.84,114.63,81610
2019-03-22,112.61,114.72,111.42,111.93,85775
2019-03-25,110.34,111.93,108.25,109.26,174915
2019-03-26,109.83,110.0,108.62,109.28,210235
2019-03-27,109.98,109.98,107.4,108.52,95145
2019-03-28,108.4,115.4,108.4,114.42,74955
2019-03-29,118.0,118.0,113.06,115.21,38950
2019-04-01,116.2,116.82,112.3,113.19,33905
2019-04-02,113.61,117.0,113.0,115.31,77815
2019-04-03,116.99,116.99,112.01,112.86,654195
2019-04-04,114.52,114.52,112.3,112.54,135030
2019-04-05,112.54,115.09,112.54,114.65,29460
2019-04-08,114.22,116.61,113.41,113.84,577320
2019-04-09,114.17,116.0,113.11,113.91,69725
2019-04-10,113.33,115.12,112.26,112.91,87505
2019-04-11,113.82,114.32,112.4,114.06,31445
2019-04-12,115.2,115.2,112.84,114.6,21355
2019-04-15,114.83,115.2,113.5,115.04,53885
2019-04-16,115.53,116.58,114.4,115.24,163125
2019-04-18,114.4,115.89,114.4,114.91,22255
2019-04-22,117.22,121.8,117.22,120.3,322930
2019-04-23,121.37,124.59,120.02,120.49,532985
2019-04-24,120.7,122.38,120.55,121.89,104770
2019-04-25,121.79,123.8,121.79,123.56,120620
2019-04-26,123.4,129.4,123.4,128.61,375270
2019-04-30,126.0,126.0,118.81,119.95,1126560
2019-05-02,119.22,120.91,118.42,120.36,158960
2019-05-03,120.38,120.98,119.9,120.8,851765
2019-05-06,121.0,121.0,119.8,120.07,45880
2019-05-07,120.37,121.57,120.05,120.22,46315
2019-05-08,119.96,120.29,118.21,118.38,100670
2019-05-09,118.21,119.88,118.2,118.99,106275
2019-05-10,120.0,120.27,118.33,119.89,39525
2019-05-13,118.61,120.22,116.04,116.47,57170
2019-05-14,115.99,118.8,114.5,118.17,147290
2019-05-15,118.79,118.9,117.75,118.51,31615
2019-05-16,118.28,118.71,115.01,116.83,112380
2019-05-17,117.63,119.4,116.84,118.76,33135
2019-05-20,119.03,121.8,119.03,119.63,1625000
2019-05-21,120.6,124.8,119.93,124.37,209995
2019-05-22,124.4,125.78,122.6,124.76,54380
2019-05-23,124.63,125.74,120.4,120.98,44890
2019-05-24,121.31,125.0,121.31,121.98,57315
2019-05-27,122.98,125.49,122.69,124.74,52775
2019-05-28,125.01,125.09,121.69,122.79,30250
2019-05-29,122.99,126.42,122.41,125.6,83890
2019-05-30,125.59,126.59,123.49,124.96,31220
2019-05-31,125.18,126.44,122.6,123.34,23375
2019-06-03,124.0,126.38,121.4,125.82,47710
2019-06-04,125.71,126.05,121.42,122.04,130175
2019-06-06,122.04,125.78,120.5,121.04,216010
2019-06-07,120.01,125.4,120.01,122.51,38935
2019-06-10,124.59,126.0,122.84,125.48,260395
2019-06-11,125.39,126.8,125.0,126.2,76375
2019-06-12,125.21,126.68,125.01,125.54,62935
2019-06-13,125.67,128.4,125.59,127.79,184225
2019-06-14,129.2,129.2,125.6,126.77,66855
2019-06-17,127.58,127.8,126.1,126.66,213675
2019-06-18,124.67,125.4,121.01,123.91,173455
2019-06-19,124.0,125.36,123.16,124.4,40245
2019-06-20,123.2,124.01,122.78,123.62,18205
2019-06-21,122.2,123.8,122.2,123.3,10855
2019-06-24,125.0,125.4,121.8,122.65,75065
2019-06-25,121.25,124.17,121.25,122.4,89490
2019-06-26,122.35,122.97,121.2,122.03,173820
2019-06-27,121.6,123.77,121.6,123.37,24155
2019-06-28,121.6,124.63,121.6,123.67,36550
2019-07-01,124.0,125.36,123.16,123.83,17545
2019-07-02,124.0,124.45,123.46,123.75,23395
2019-07-03,123.8,124.2,122.4,123.65,32815
2019-07-04,123.38,123.96,122.01,122.95,29055
2019-07-05,121.94,123.72,121.94,122.01,83225
2019-07-08,121.91,122.0,120.0,120.1,20690
2019-07-09,120.1,121.8,117.31,120.09,40535
2019-07-10,119.0,122.0,119.0,121.01,25700
2019-07-11,120.2,122.85,120.2,121.82,14875
2019-07-12,114.26,119.6,114.26,118.54,1290690
2019-07-15,118.56,119.98,116.82,118.78,51920
2019-07-16,118.11,119.45,117.11,119.03,52780
2019-07-17,118.1,119.78,117.82,118.52,70285
2019-07-18,117.97,119.0,117.97,118.81,57260
2019-07-19,118.24,119.0,118.2,118.61,49300
2019-07-22,118.37,118.6,117.17,118.28,41875
2019-07-23,117.74,118.61,114.2,115.36,36880
2019-07-24,115.94,116.1,113.26,114.93,81475
2019-07-25,114.05,114.59,112.02,113.8,24655
2019-07-26,113.2,116.38,112.54,115.15,41520
2019-07-29,114.07,117.99,114.07,116.84,101125
2019-07-30,116.94,118.0,110.39,114.18,64535
2019-07-31,113.0,116.26,108.16,114.53,61570
2019-08-01,112.67,114.32,110.3,111.02,26185
2019-08-02,108.4,111.78,107.69,108.73,52755
2019-08-05,108.73,109.4,106.97,108.17,83200
2019-08-06,108.17,111.14,107.76,108.16,16400
2019-08-07,108.36,109.2,107.81,108.01,79465
2019-08-08,107.38,111.0,107.38,109.74,8885
2019-08-09,107.61,115.0,107.61,113.92,49460
2019-08-13,111.01,117.64,111.01,114.01,25225
2019-08-14,113.47,114.26,111.04,111.62,31455
2019-08-16,116.0,116.98,111.0,114.48,41890
2019-08-19,113.2,117.42,113.2,116.94,19180
2019-08-20,115.42,116.78,114.14,114.25,18135
2019-08-21,113.61,115.55,112.52,114.61,14545
2019-08-22,114.0,114.77,109.07,109.59,29865
2019-08-23,108.02,110.86,107.35,108.32,21035
2019-08-26,112.0,112.0,108.2,109.71,17830
2019-08-27,108.32,114.0,108.32,113.22,10340
2019-08-28,112.2,114.89,112.2,112.94,22635
2019-08-29,111.8,114.01,110.51,111.98,16550
2019-08-30,110.0,113.4,110.0,113.22,12600
2019-09-03,114.8,114.8,111.6,112.49,29635
2019-09-04,113.0,113.15,111.11,112.58,14155
2019-09-05,111.62,113.48,110.06,110.76,11845
2019-09-06,110.0,112.98,110.0,112.05,34660
2019-09-09,110.23,113.8,108.77,110.67,44430
2019-09-11,111.02,111.93,109.4,109.93,295610
2019-09-12,109.64,111.6,109.6,110.51,1497935
2019-09-13,110.89,110.89,108.97,110.06,31520
2019-09-16,110.29,111.28,108.83,109.74,61420
2019-09-17,109.98,110.49,108.25,108.69,28950
2019-09-18,109.36,110.15,108.2,109.19,356680
2019-09-19,109.0,109.4,106.76,107.11,22115
2019-09-20,105.01,114.0,105.0,111.54,470190
2019-09-23,111.6,116.4,111.6,114.94,236515
2019-09-24,113.6,115.58,113.0,115.04,30475
2019-09-25,115.87,115.87,111.46,114.22,51000
2019-09-26,113.0,114.19,111.6,112.38,15640
2019-09-27,112.03,113.39,109.35,110.45,24150
2019-09-30,112.45,112.45,109.02,109.97,10185
2019-10-01,112.39,112.39,108.4,109.16,76790
2019-10-03,109.17,110.31,108.0,108.98,957065
2019-10-04,108.85,110.77,108.85,109.33,42220
2019-10-07,108.55,109.8,106.6,108.39,24040
2019-10-09,108.14,111.98,104.4,110.09,114545
2019-10-10,110.01,111.59,108.71,110.51,30380
2019-10-11,110.21,112.48,110.21,112.0,30970
2019-10-14,112.01,113.38,109.52,111.03,55460
2019-10-15,111.02,112.0,111.0,111.87,19345
2019-10-16,112.7,113.87,111.0,112.43,20105
2019-10-17,111.23,113.48,111.23,112.9,20710
2019-10-18,114.96,122.2,114.96,121.11,499440
2019-10-22,119.6,124.0,118.22,119.42,71215
2019-10-23,119.45,120.15,117.93,118.71,47690
2019-10-24,120.4,126.49,120.4,125.16,280500
2019-10-25,127.1,131.56,124.0,130.17,210795
2019-10-27,130.2,132.56,129.26,129.95,19330
2019-10-29,130.55,137.17,128.33,134.84,126685
2019-10-30,134.9,136.0,130.6,131.3,165285
2019-10-31,130.8,132.0,129.4,129.98,137570
2019-11-01,129.98,133.98,129.07,131.27,41410
2019-11-04,131.23,132.41,131.0,131.4,39095
2019-11-05,132.01,132.01,129.1,129.7,56775
2019-11-06,129.4,131.99,128.4,131.21,26200
2019-11-07,130.01,134.0,129.48,131.39,279235
2019-11-08,132.0,132.8,129.69,130.64,66510
2019-11-11,129.31,131.83,129.2,130.48,62170
2019-11-13,130.61,133.6,130.57,131.43,202015
2019-11-14,131.2,135.0,130.03,130.99,68395
2019-11-15,132.0,133.43,131.0,131.81,66825
2019-11-18,133.99,133.99,130.99,131.95,68605
2019-11-19,132.3,136.8,131.4,135.56,47370
2019-11-20,134.92,136.6,133.6,134.08,26305
2019-11-21,135.8,135.8,132.21,132.55,43370
2019-11-22,132.01,133.97,131.85,132.18,25190
2019-11-25,132.2,133.99,132.01,132.93,31335
2019-11-26,131.7,134.49,131.6,133.86,29500
2019-11-27,134.2,135.23,132.4,133.25,34585
2019-11-28,135.6,135.6,131.66,132.07,76460
2019-11-29,132.13,132.39,131.22,131.64,45395
2019-12-02,135.2,135.2,131.21,132.58,53925
2019-12-03,132.59,135.39,131.19,131.95,93060
2019-12-04,131.67,133.98,130.6,132.05,180645
2019-12-05,132.25,133.0,131.04,132.07,21280
2019-12-06,133.04,133.04,131.22,131.65,24665
2019-12-09,131.66,132.15,131.0,131.78,18565
2019-12-10,131.32,132.2,131.0,132.0,12635
2019-12-11,131.88,133.3,131.1,132.43,26830
2019-12-12,132.38,132.38,130.21,131.5,47905
2019-12-13,130.97,133.39,130.4,132.69,34470
2019-12-16,132.0,133.58,130.6,132.62,81245
2019-12-17,133.8,134.8,132.26,133.06,13565
2019-12-18,135.0,137.01,133.48,134.41,85500
2019-12-19,134.41,134.78,131.26,131.94,21960
2019-12-20,132.0,132.0,130.66,130.86,153830
2019-12-23,132.0,132.24,130.0,130.78,23325
2019-12-24,131.0,133.58,130.07,132.67,24790
2019-12-26,132.67,133.0,130.42,131.78,22625
2019-12-27,132.0,132.42,131.6,131.95,17250
2019-12-30,132.2,134.4,131.4,131.97,145540
