date,open,high,low,close,volume
2009-03-05,71.75,71.75,66.1,66.4,744
2009-03-06,69.0,69.0,64.8,65.5,650
2009-03-09,57.5,69.95,57.5,64.6,1693
2009-03-12,64.6,67.95,64.0,64.1,494
2009-03-13,64.3,65.0,64.0,64.15,643
2009-03-16,65.0,68.8,65.0,65.7,805
2009-03-18,66.0,75.5,66.0,70.95,916
2009-03-19,73.95,73.95,70.0,70.0,331
2009-03-20,69.0,69.0,67.5,67.6,301
2009-03-23,65.5,80.9,65.5,77.0,8703
2009-03-24,75.5,78.8,75.0,78.1,2813
2009-03-25,75.0,78.2,75.0,78.2,485
2009-03-26,78.25,93.0,78.25,78.25,837
2009-03-27,76.1,80.0,76.1,76.65,3005
2009-03-30,79.5,88.0,78.0,78.6,2432
2009-03-31,76.05,80.5,76.05,79.3,941
2009-04-01,81.05,88.0,81.0,81.4,5805
2009-04-02,92.15,92.15,78.0,78.8,1349
2009-04-06,80.0,81.0,79.0,81.0,795
2009-04-08,70.0,87.95,70.0,78.2,411
2009-04-09,88.0,88.0,80.0,80.0,878
2009-04-13,81.0,83.0,80.0,81.65,986
2009-04-15,80.05,89.9,80.05,88.5,2347
2009-04-16,95.0,95.0,83.2,84.2,2422
2009-04-17,88.7,88.7,84.0,84.85,1402
2009-04-20,85.0,88.0,85.0,87.3,1851
2009-04-21,87.0,88.0,85.5,87.85,276
2009-04-22,89.8,90.0,82.1,83.1,2079
2009-04-23,96.0,96.0,82.6,85.05,416
2009-04-24,81.15,87.25,81.15,87.2,252
2009-04-27,86.0,86.0,86.0,86.0,25
2009-04-28,85.05,86.55,85.05,86.1,73
2009-04-29,85.9,85.9,82.0,82.3,802
2009-05-04,89.95,89.95,82.1,83.15,203
2009-05-05,87.7,87.7,84.0,84.0,440
2009-05-06,83.5,86.0,81.5,84.15,4795
2009-05-07,82.15,88.0,82.15,87.65,3862
2009-05-08,86.0,87.0,86.0,87.0,675
2009-05-11,93.9,93.9,86.0,86.85,1743
2009-05-12,87.05,87.2,87.0,87.0,663
2009-05-13,89.0,90.15,85.35,90.0,2082
2009-05-14,93.0,93.0,88.0,88.55,1550
2009-05-15,88.0,88.0,87.05,87.2,1040
2009-05-19,91.0,103.5,91.0,98.9,4648
2009-05-20,98.9,115.0,98.9,114.45,3354
2009-05-21,114.45,134.95,114.0,129.7,17726
2009-05-22,137.0,142.7,131.05,134.0,18871
2009-05-25,139.95,147.4,138.5,147.4,3435
2009-05-26,154.35,162.15,149.05,155.05,18846
2009-05-27,160.0,169.0,154.0,154.25,3875
2009-05-28,169.0,169.0,151.0,152.0,1767
2009-05-29,150.45,165.0,150.45,160.05,3231
2009-06-01,152.5,160.0,150.75,152.85,11576
2009-06-02,155.0,159.55,149.0,150.3,9794
2009-06-03,154.9,165.35,151.0,163.2,26761
2009-06-04,164.0,164.0,157.6,159.4,5127
2009-06-05,163.5,164.0,155.0,155.0,7348
2009-06-08,151.5,159.75,148.8,150.65,782
2009-06-09,145.0,146.95,142.05,146.0,3246
2009-06-10,150.0,150.1,143.0,145.25,3792
2009-06-11,149.35,149.35,140.25,143.55,1366
2009-06-12,150.5,150.5,138.05,138.05,1165
2009-06-15,133.25,133.25,133.05,133.1,315
2009-06-16,138.75,139.75,137.9,138.5,285
2009-06-17,135.1,135.1,135.1,135.1,1
2009-06-18,135.1,139.95,134.0,138.7,5392
2009-06-19,137.5,139.0,134.55,134.55,250
2009-06-22,135.05,140.5,135.05,140.0,1075
2009-06-24,137.35,137.4,137.35,137.4,9
2009-06-25,140.1,144.3,140.1,142.0,949
2009-06-26,142.25,149.1,142.0,147.85,1730
2009-06-29,147.0,147.0,141.2,147.0,300
2009-06-30,140.3,140.3,140.3,140.3,10
2009-07-01,140.0,143.7,138.1,138.1,915
2009-07-02,138.5,140.0,135.2,135.75,605
2009-07-03,135.0,142.0,133.4,142.0,400
2009-07-06,146.0,146.0,135.0,135.0,275
2009-07-07,133.0,133.0,128.5,128.5,511
2009-07-08,123.0,123.0,123.0,123.0,100
2009-07-10,129.0,129.15,123.6,126.4,470
2009-07-13,121.0,121.0,120.5,120.5,556
2009-07-14,126.55,126.55,118.0,118.0,2176
2009-07-15,122.05,123.9,122.05,123.9,124
2009-07-16,130.1,130.1,125.6,130.1,1488
2009-07-17,135.0,136.0,135.0,136.0,42
2009-07-20,142.75,142.8,142.75,142.8,3619
2009-07-21,149.95,149.95,145.55,146.5,6690
2009-07-22,148.5,148.5,144.05,144.75,1855
2009-07-23,149.9,149.9,143.25,147.0,3920
2009-07-24,140.2,145.0,140.0,145.0,3025
2009-07-27,141.0,142.0,140.25,141.0,3435
2009-07-28,147.4,147.4,140.0,145.0,3180
2009-07-29,140.0,147.0,140.0,140.0,1675
2009-07-30,140.0,140.0,140.0,140.0,175
2009-07-31,146.95,146.95,139.5,139.65,1661
2009-08-03,144.95,146.6,141.35,146.4,1251
2009-08-04,142.0,144.95,140.0,141.9,18102
2009-08-05,145.95,145.95,140.0,141.5,2801
2009-08-06,146.9,148.6,143.6,147.0,5141
2009-08-07,148.5,148.5,141.0,142.05,328
2009-08-10,141.1,143.9,138.6,140.35,1350
2009-08-11,141.0,141.5,139.05,139.7,8756
2009-08-12,138.0,146.6,137.0,145.4,5135
2009-08-13,140.0,146.0,140.0,144.0,5821
2009-08-14,149.8,151.2,149.65,151.2,4236
2009-08-17,151.5,155.0,144.0,149.0,2823
2009-08-18,142.2,151.0,142.2,150.3,699
2009-08-19,153.3,153.3,146.85,151.65,2210
2009-08-20,154.85,154.85,148.0,148.0,367
2009-08-21,145.35,153.65,145.35,153.1,792
2009-08-24,148.0,156.0,148.0,155.4,322
2009-08-25,151.75,156.0,151.75,154.65,2303
2009-08-26,155.0,161.0,153.0,157.4,3677
2009-08-27,155.25,160.0,155.1,158.6,1378
2009-08-28,162.0,163.0,160.0,163.0,1355
2009-08-31,164.0,164.5,160.0,160.8,3744
2009-09-01,159.1,164.0,159.1,160.55,1496
2009-09-02,160.0,160.25,159.0,160.0,2408
2009-09-03,155.0,160.0,155.0,160.0,1451
2009-09-04,161.0,161.0,160.0,160.05,481
2009-09-07,165.0,175.0,165.0,173.05,5003
2009-09-08,171.0,180.0,170.0,170.95,3572
2009-09-09,170.5,172.75,167.0,170.85,1807
2009-09-10,170.0,170.0,165.0,166.5,1080
2009-09-11,168.9,168.9,161.5,167.45,132
2009-09-14,165.0,167.9,158.55,164.9,480
2009-09-15,160.55,168.0,160.5,164.9,1200
2009-09-16,158.5,169.95,158.0,166.45,1748
2009-09-17,165.0,168.0,161.5,164.9,578
2009-09-18,166.0,166.95,160.7,162.45,6166
2009-09-22,160.0,174.0,159.0,170.5,7228
2009-09-23,172.9,179.0,170.1,174.85,4381
2009-09-24,172.0,175.0,170.5,173.25,2640
2009-09-25,176.3,176.5,171.0,173.0,678
2009-09-29,179.0,179.0,172.0,175.0,107
2009-09-30,174.95,174.95,166.25,166.6,2773
2009-10-01,170.0,177.8,167.05,174.25,5903
2009-10-05,178.0,178.0,175.35,175.45,5376
2009-10-06,174.9,175.0,165.2,167.5,2778
2009-10-07,169.85,173.8,160.25,166.6,2841
2009-10-08,166.0,170.0,166.0,167.15,1240
2009-10-09,167.25,171.5,167.25,169.1,2227
2009-10-12,169.9,169.9,166.6,167.6,3625
2009-10-14,169.55,175.9,169.55,175.15,4536
2009-10-15,175.0,182.7,175.0,181.55,3671
2009-10-16,187.5,190.0,184.05,184.5,2936
2009-10-17,180.05,193.0,180.05,191.5,2378
2009-10-20,193.05,198.0,187.5,188.75,1265
2009-10-21,200.0,200.0,188.0,189.1,1719
2009-10-22,181.75,193.0,181.75,184.5,2545
2009-10-23,180.55,189.5,180.55,185.65,762
2009-10-26,188.0,188.0,182.0,182.45,897
2009-10-27,183.0,183.0,175.0,176.25,2161
2009-10-28,175.0,179.0,174.05,176.5,525
2009-10-29,173.5,178.0,173.5,175.0,1440
2009-10-30,189.0,189.0,172.0,176.0,2133
2009-11-03,172.0,179.95,172.0,174.5,5552
2009-11-04,174.5,178.0,174.5,176.1,3055
2009-11-05,176.0,176.1,175.25,175.5,481
2009-11-06,177.5,184.15,176.0,180.1,317
2009-11-09,179.0,179.0,176.0,176.55,85
2009-11-10,195.9,195.9,177.0,181.65,1343
2009-11-11,184.95,184.95,178.0,183.5,1431
2009-11-12,183.5,183.5,176.3,177.05,984
2009-11-13,184.95,185.0,176.6,183.5,1102
2009-11-16,184.0,185.0,176.05,176.8,1895
2009-11-17,185.5,185.5,178.3,180.0,783
2009-11-18,177.6,181.8,176.55,176.55,1657
2009-11-19,176.05,181.0,176.05,177.7,992
2009-11-20,180.0,180.0,175.75,175.8,668
2009-11-23,178.0,178.25,178.0,178.0,334
2009-11-24,180.0,180.0,178.1,179.05,1046
2009-11-25,180.0,180.0,177.0,177.0,255
2009-11-26,181.0,184.8,169.0,176.0,1817
2009-11-27,179.9,180.95,176.0,180.0,907
2009-11-30,180.0,185.75,177.25,184.85,2268
2009-12-01,181.7,200.0,181.65,191.25,3342
2009-12-02,186.5,205.0,186.5,201.6,5069
2009-12-03,208.9,228.35,202.0,211.35,3875
2009-12-04,218.5,250.0,214.0,233.25,30048
2009-12-07,245.0,245.0,224.0,226.8,1357
2009-12-08,219.0,221.65,219.0,220.45,1147
2009-12-09,215.05,230.0,213.6,221.1,1142
2009-12-10,217.6,229.0,217.5,220.65,953
2009-12-11,217.0,220.05,217.0,220.0,978
2009-12-14,221.1,225.95,219.0,220.75,412
2009-12-15,217.05,225.0,217.05,221.8,734
2009-12-16,220.0,220.0,218.2,218.3,240
2009-12-17,215.05,226.5,215.05,220.05,139
2009-12-18,228.45,228.45,220.0,220.0,1114
2009-12-21,218.0,221.0,218.0,221.0,53
2009-12-22,220.0,225.7,220.0,225.7,380
2009-12-23,225.0,228.0,220.45,220.5,1260
2009-12-24,227.0,228.0,220.3,223.85,328
2009-12-29,224.95,227.5,220.0,220.0,2862
2009-12-30,220.6,225.0,220.6,225.0,45
2009-12-31,216.3,224.8,216.0,220.2,530
2010-01-04,221.0,231.25,221.0,231.25,2670
2010-01-05,238.0,242.85,230.25,230.25,1375
2010-01-06,227.05,229.0,225.5,229.0,818
2010-01-07,230.0,231.0,225.65,225.65,109
2010-01-08,236.9,236.9,223.0,225.25,138
2010-01-11,234.4,236.55,227.1,230.9,854
2010-01-12,242.0,242.0,222.25,227.75,458
2010-01-13,230.0,232.5,223.75,230.45,632
2010-01-14,225.0,235.0,225.0,234.5,633
2010-01-15,236.0,237.9,234.0,234.0,659
2010-01-18,234.0,235.0,232.0,235.0,1295
2010-01-19,243.0,246.75,236.0,240.45,1855
2010-01-20,252.0,252.0,240.2,242.0,1836
2010-01-21,245.0,249.85,240.5,247.5,2432
2010-01-22,245.0,250.0,244.0,248.15,9474
2010-01-25,241.0,250.0,241.0,248.65,1417
2010-01-27,241.25,247.5,236.25,236.25,10606
2010-01-28,244.75,245.0,226.5,234.0,2130
2010-01-29,222.35,240.0,222.3,240.0,8240
2010-02-01,239.0,247.9,235.0,246.55,686
2010-02-02,248.0,250.0,244.0,244.45,3563
2010-02-03,251.9,251.9,241.6,248.0,2908
2010-02-04,249.55,250.0,239.0,239.0,322
2010-02-05,240.0,242.5,237.0,242.1,1513
2010-02-08,237.0,247.45,237.0,242.5,1242
2010-02-09,243.9,249.0,235.05,247.75,548
2010-02-10,247.95,250.0,245.5,250.0,1430
2010-02-11,250.0,253.0,249.5,250.0,1372
2010-02-15,250.0,252.0,240.0,245.85,3677
2010-02-16,250.0,250.0,240.0,243.0,3274
2010-02-17,250.0,250.0,241.0,247.95,2297
2010-02-18,250.0,250.0,237.5,248.85,3961
2010-02-19,244.05,251.0,244.05,247.1,1996
2010-02-22,246.0,254.0,244.0,244.1,4386
2010-02-23,248.7,248.8,235.0,242.85,1001
2010-02-24,240.0,250.0,240.0,244.35,1357
2010-02-25,250.0,250.0,236.0,239.85,4268
2010-02-26,239.85,240.0,233.1,237.0,896
2010-03-02,232.3,239.95,232.3,238.05,226
2010-03-03,243.9,244.0,240.1,240.1,799
2010-03-04,243.95,252.0,240.1,248.1,1215
2010-03-05,242.0,260.55,242.0,260.55,4560
2010-03-08,273.5,284.95,266.0,274.75,2665
2010-03-09,265.0,279.5,265.0,276.4,512
2010-03-10,279.3,304.05,272.25,302.05,5493
2010-03-11,310.0,332.3,292.1,331.8,28982
2010-03-12,333.0,348.4,332.5,348.4,52166
2010-03-15,359.7,365.85,356.2,365.85,37672
2010-03-16,379.3,384.15,379.0,384.15,13471
2010-03-17,397.0,403.4,380.0,388.35,115088
2010-03-18,390.95,397.5,368.95,369.8,35615
2010-03-19,353.0,385.5,353.0,382.3,4356
2010-03-22,385.0,386.0,363.25,363.95,1420
2010-03-23,355.05,365.0,345.75,346.4,5034
2010-03-25,340.0,346.5,329.1,329.3,2780
2010-03-26,316.5,345.8,316.4,344.95,9144
2010-03-29,340.0,362.0,340.0,343.25,4887
2010-03-30,336.0,349.9,326.1,341.1,1604
2010-03-31,333.5,358.2,333.5,350.5,3796
2010-04-01,364.95,368.05,364.95,368.05,2131
2010-04-05,386.45,386.45,384.9,386.45,10356
2010-04-06,390.0,405.8,382.0,405.8,9930
2010-04-07,426.1,426.1,407.1,421.1,7182
2010-04-08,419.4,424.0,400.05,400.05,4870
2010-04-09,409.0,416.0,398.0,410.3,3476
2010-04-12,420.9,420.9,401.0,405.0,1555
2010-04-13,406.0,425.25,406.0,413.6,9173
2010-04-15,401.75,419.7,399.0,400.45,1222
2010-04-16,390.0,404.9,385.0,396.85,7152
2010-04-19,390.0,395.0,380.0,382.0,576
2010-04-20,390.0,399.7,380.0,385.0,1325
2010-04-21,393.95,397.95,385.1,394.75,1629
2010-04-22,382.25,397.0,382.25,390.4,927
2010-04-23,398.95,398.95,380.0,384.1,1330
2010-04-26,390.0,392.0,376.05,391.9,1018
2010-04-27,380.6,396.5,380.1,380.15,1720
2010-04-28,367.5,375.0,363.0,365.45,1365
2010-04-29,382.95,382.95,365.1,367.85,445
2010-04-30,365.0,379.85,365.0,366.35,1001
2010-05-03,370.0,380.0,362.0,364.85,1382
2010-05-04,380.0,380.0,356.0,360.75,7017
2010-05-05,350.0,368.95,347.0,358.05,743
2010-05-06,360.0,369.95,360.0,366.7,1273
2010-05-07,379.0,379.0,350.0,357.05,1123
2010-05-10,355.0,373.95,355.0,367.65,883
2010-05-11,358.05,373.85,358.05,365.25,328
2010-05-12,360.0,371.0,360.0,369.5,1294
2010-05-13,377.9,384.0,365.0,379.8,3302
2010-05-14,398.0,398.0,366.0,369.7,4146
2010-05-17,368.0,370.0,356.0,367.95,458
2010-05-18,362.1,364.5,362.0,364.5,388
2010-05-19,361.8,361.8,346.3,352.0,1362
2010-05-20,335.0,369.5,335.0,349.5,2552
2010-05-21,340.0,340.0,332.5,335.75,2484
2010-05-24,322.05,349.9,322.05,337.6,102
2010-05-25,336.0,343.8,336.0,336.0,487
2010-05-26,349.8,349.8,327.1,335.75,1454
2010-05-27,322.05,339.95,322.0,327.25,282
2010-05-28,339.0,339.0,326.0,335.0,1150
2010-05-31,326.25,333.0,321.05,329.95,1908
2010-06-01,344.8,344.8,326.05,326.05,650
2010-06-02,317.05,333.4,317.0,327.55,147
2010-06-03,312.25,339.45,312.25,333.9,1447
2010-06-04,334.0,350.0,330.0,346.3,802
2010-06-07,330.0,354.9,329.3,347.05,659
2010-06-08,337.05,339.0,333.5,336.95,444
2010-06-09,334.0,342.95,332.05,341.7,436
2010-06-10,330.15,343.75,330.0,336.35,156
2010-06-11,345.6,345.7,340.0,341.5,62
2010-06-14,330.6,344.9,330.6,336.85,476
2010-06-15,331.05,344.7,331.0,341.0,952
2010-06-16,354.0,354.0,335.5,339.8,1285
2010-06-17,347.0,347.0,336.0,338.4,737
2010-06-18,326.8,347.0,326.8,334.8,1308
2010-06-21,328.0,342.9,328.0,337.05,1967
2010-06-22,343.95,344.8,332.15,333.35,978
2010-06-23,331.1,339.0,331.1,334.5,277
2010-06-24,327.1,341.9,327.1,339.75,509
2010-06-25,340.0,345.0,331.05,344.6,1280
2010-06-28,330.5,350.0,330.5,338.35,623
2010-06-29,335.0,346.0,335.0,342.4,2197
2010-06-30,331.65,350.0,331.65,345.55,3884
2010-07-01,340.0,350.0,340.0,348.4,2597
2010-07-02,355.4,355.4,340.0,348.9,2651
2010-07-05,333.0,350.0,333.0,345.3,1214
2010-07-06,342.0,345.0,329.0,343.65,3741
2010-07-07,331.35,343.0,331.35,342.9,1910
2010-07-08,343.9,350.0,342.0,349.65,2692
2010-07-09,343.3,355.0,343.3,352.7,2073
2010-07-12,354.0,360.0,346.05,347.95,1076
2010-07-13,350.0,352.0,345.4,351.8,1090
2010-07-14,348.2,354.0,348.0,351.25,1335
2010-07-15,353.0,380.0,347.25,375.85,5311
2010-07-16,407.0,407.0,380.1,397.2,7436
2010-07-19,395.0,414.0,395.0,410.5,18753
2010-07-20,415.0,419.0,370.15,376.25,18526
2010-07-21,353.0,393.0,352.6,384.75,9149
2010-07-22,385.75,405.0,378.05,399.9,10660
2010-07-23,401.6,403.0,385.25,389.55,5288
2010-07-26,382.4,390.0,378.0,381.3,656
2010-07-27,377.45,397.75,377.45,385.9,4167
2010-07-28,389.0,396.7,385.0,386.15,2604
2010-07-29,385.0,390.0,384.6,388.4,2327
2010-07-30,389.0,389.0,380.0,380.2,1624
2010-08-02,380.05,384.95,380.05,381.2,507
2010-08-03,380.05,388.0,380.0,380.8,1184
2010-08-04,385.0,392.0,385.0,387.95,1312
2010-08-05,400.5,426.75,400.5,426.75,76672
2010-08-06,449.0,469.45,426.15,432.65,93418
2010-08-09,435.0,459.5,429.0,437.55,30329
2010-08-10,439.9,481.35,420.1,481.35,116409
2010-08-11,505.45,505.45,457.5,463.75,109486
2010-08-12,458.0,474.0,447.0,458.9,23378
2010-08-13,464.8,467.0,447.4,450.95,18982
2010-08-16,453.0,454.95,432.0,435.2,12969
2010-08-17,432.0,457.0,432.0,445.65,27792
2010-08-18,454.0,454.95,441.05,443.9,5316
2010-08-19,435.0,449.0,435.0,441.55,4520
2010-08-20,453.0,453.0,427.05,433.5,3885
2010-08-23,434.95,435.0,420.0,421.0,3618
2010-08-24,415.95,430.0,415.95,421.3,805
2010-08-25,424.0,427.95,410.0,411.45,1686
2010-08-26,405.0,431.7,402.5,408.25,1719
2010-08-27,413.9,417.95,390.05,407.3,2521
2010-08-30,400.0,427.7,400.0,427.7,3766
2010-08-31,421.05,430.0,413.1,417.5,755
2010-09-01,419.9,422.95,414.15,418.85,642
2010-09-02,420.9,434.9,419.1,422.05,1834
2010-09-03,418.0,427.0,410.1,426.15,1638
2010-09-06,429.9,440.0,425.1,434.75,8092
2010-09-07,437.9,445.0,425.0,426.05,3625
2010-09-08,429.95,431.0,425.0,428.0,2369
2010-09-09,429.9,430.0,415.6,421.2,4653
2010-09-13,422.05,431.9,422.0,428.2,5379
2010-09-14,425.1,432.0,425.1,429.7,5467
2010-09-15,430.0,431.95,425.15,429.65,3626
2010-09-16,430.9,431.95,420.2,421.0,1589
2010-09-17,425.95,432.0,422.25,427.25,994
2010-09-20,431.95,432.0,426.05,428.2,1990
2010-09-21,420.1,432.95,420.1,432.95,5077
2010-09-22,425.1,434.95,421.0,434.0,2409
2010-09-23,434.0,434.0,421.8,426.7,3578
2010-09-24,420.1,424.95,417.0,418.45,23818
2010-09-27,419.95,420.0,412.0,417.0,10180
2010-09-28,415.0,419.0,406.0,406.9,16703
2010-09-29,408.25,409.9,400.5,400.5,9726
2010-09-30,405.0,410.0,400.95,401.25,9987
2010-10-01,407.85,415.9,401.0,409.8,4288
2010-10-04,415.95,415.95,407.4,409.95,3837
2010-10-05,406.0,415.95,406.0,410.15,11827
2010-10-06,402.05,413.9,402.05,409.6,4591
2010-10-07,408.0,410.0,405.0,410.0,5931
2010-10-08,406.0,415.0,406.0,409.95,11580
2010-10-11,402.0,415.0,402.0,407.0,832
2010-10-12,411.9,412.0,407.0,412.0,101
2010-10-13,407.25,415.9,406.0,407.0,715
2010-10-14,400.0,410.0,400.0,407.95,2332
2010-10-15,411.0,415.0,408.05,408.15,923
2010-10-18,402.6,413.0,402.6,406.55,1285
2010-10-19,404.25,412.85,404.05,408.8,1872
2010-10-20,401.0,411.0,401.0,410.0,2400
2010-10-21,413.0,413.0,405.6,408.3,972
2010-10-22,414.0,415.0,409.0,409.0,596
2010-10-25,402.05,429.45,402.05,429.45,22606
2010-10-26,430.0,435.0,423.1,423.4,773
2010-10-27,428.0,444.0,415.0,417.25,1124
2010-10-28,419.0,427.95,419.0,420.1,282
2010-10-29,415.0,417.9,410.25,411.2,2066
2010-11-01,419.9,419.95,407.0,415.55,620
2010-11-02,415.1,419.9,413.0,417.9,944
2010-11-03,402.25,423.85,402.25,419.15,1754
2010-11-04,423.0,423.0,417.0,419.9,769
2010-11-05,418.0,421.0,413.0,413.8,1980
2010-11-08,419.9,424.8,415.25,423.35,2627
2010-11-09,416.25,420.0,415.25,416.0,828
2010-11-10,415.05,424.0,415.05,417.9,824
2010-11-11,415.1,423.85,415.1,417.0,747
2010-11-12,415.0,419.7,411.25,415.0,3082
2010-11-15,405.1,415.0,405.0,415.0,237
2010-11-16,410.6,416.95,410.5,415.0,1914
2010-11-18,405.05,418.45,405.0,414.4,960
2010-11-19,415.0,415.0,415.0,415.0,868
2010-11-22,415.0,415.0,402.05,414.95,902
2010-11-23,414.95,418.75,412.25,414.5,325
2010-11-24,410.0,416.0,410.0,415.0,1393
2010-11-25,415.0,415.0,410.05,415.0,1819
2010-11-26,414.85,416.0,400.0,405.25,3755
2010-11-29,410.0,410.0,391.0,408.1,1805
2010-11-30,405.0,414.85,394.5,412.5,577
2010-12-01,394.25,418.0,394.25,408.1,670
2010-12-02,408.0,414.95,408.0,414.0,117
2010-12-03,418.0,418.0,406.0,413.95,251
2010-12-06,409.8,411.5,400.0,400.45,433
2010-12-07,400.0,411.9,400.0,401.2,856
2010-12-08,397.0,414.95,396.15,401.2,2053
2010-12-09,393.05,393.05,381.15,383.35,1707
2010-12-10,370.0,380.0,370.0,380.0,1215
2010-12-13,388.0,398.0,386.0,390.05,891
2010-12-14,408.0,408.5,391.05,407.4,354
2010-12-15,400.0,408.5,398.0,407.0,502
2010-12-16,392.05,404.35,392.0,393.3,375
2010-12-20,411.75,411.95,394.0,396.2,1226
2010-12-21,398.0,411.8,398.0,411.75,1020
2010-12-22,411.95,411.95,399.15,409.0,844
2010-12-23,400.2,400.2,394.0,394.0,397
2010-12-24,392.0,406.95,392.0,404.2,2479
2010-12-27,396.0,410.0,396.0,397.95,1664
2010-12-28,406.9,406.9,390.05,393.55,351
2010-12-29,393.5,407.85,390.0,399.95,613
2010-12-30,393.05,393.05,391.0,392.6,231
2011-01-03,405.6,405.6,402.0,402.0,430
2011-01-04,394.05,408.5,394.05,400.0,17
2011-01-05,410.65,410.65,406.0,406.0,34
2011-01-06,400.0,400.0,393.0,393.4,1011
2011-01-07,376.0,406.1,376.0,400.05,1085
2011-01-10,400.0,408.8,392.0,405.0,4481
2011-01-11,387.0,403.95,387.0,389.65,1690
2011-01-12,408.85,409.0,376.0,397.0,1936
2011-01-13,377.2,400.0,377.2,386.25,414
2011-01-14,376.2,381.0,366.0,374.45,1288
2011-01-17,370.0,385.0,370.0,378.65,874
2011-01-18,363.25,380.1,360.05,380.0,719
2011-01-19,376.0,383.8,370.0,370.0,1526
2011-01-20,363.0,376.65,363.0,370.15,830
2011-01-21,379.0,380.0,375.0,380.0,368
2011-01-24,361.25,381.0,361.25,380.95,138
2011-01-25,383.85,385.0,371.0,371.0,197
2011-01-27,384.0,384.0,365.55,372.35,1475
2011-01-28,360.55,360.55,355.75,359.65,492
2011-01-31,342.1,359.4,342.1,343.55,1630
2011-02-01,358.5,377.95,342.3,355.45,337
2011-02-02,366.0,375.05,356.0,370.25,724
2011-02-03,356.0,369.85,355.05,366.0,524
2011-02-04,357.05,375.0,357.05,373.05,1159
2011-02-07,351.25,375.5,351.25,374.95,10961
2011-02-08,359.1,365.0,350.05,351.55,632
2011-02-09,340.0,345.0,327.45,338.2,12690
2011-02-10,364.2,364.2,321.05,331.75,2342
2011-02-11,350.0,364.9,348.95,362.0,1392
2011-02-14,355.0,365.9,355.0,362.55,682
2011-02-15,351.0,363.75,351.0,355.0,56
2011-02-16,353.0,353.5,352.05,352.05,78
2011-02-17,356.0,360.0,354.1,360.0,147
2011-02-18,361.5,368.5,332.0,345.25,2942
2011-02-21,340.0,360.0,340.0,359.95,545
2011-02-22,360.1,361.0,353.0,359.75,1146
2011-02-23,346.0,359.75,340.25,340.45,320
2011-02-24,336.1,339.9,328.5,339.85,606
2011-02-25,327.5,345.0,327.5,331.0,559
2011-02-28,333.0,350.0,333.0,350.0,150
2011-03-01,331.2,340.0,331.2,340.0,49
2011-03-03,335.5,345.0,335.5,344.95,175
2011-03-04,354.95,360.0,343.5,352.0,321
2011-03-07,337.5,341.2,337.5,341.15,103
2011-03-08,335.05,355.0,335.05,347.1,899
2011-03-09,331.0,356.0,325.2,330.0,3844
2011-03-10,344.95,348.85,330.0,344.9,2256
2011-03-11,335.5,343.0,335.5,339.25,40
2011-03-14,335.0,345.7,335.0,341.15,1115
2011-03-15,331.0,337.0,331.0,333.25,522
2011-03-16,335.0,340.0,332.5,333.3,1311
2011-03-17,344.75,344.75,342.0,342.0,8
2011-03-18,334.0,347.5,332.5,340.25,416
2011-03-21,340.0,347.0,340.0,340.0,397
2011-03-22,355.0,355.0,336.25,336.25,1084
2011-03-23,321.0,342.45,321.0,336.7,627
2011-03-24,350.0,350.0,336.3,338.5,1025
2011-03-25,342.0,342.0,333.05,336.65,650
2011-03-28,335.0,335.0,328.3,328.9,625
2011-03-29,337.0,337.0,327.05,329.0,1072
2011-03-30,331.0,333.0,326.0,332.85,1420
2011-03-31,332.1,332.1,318.5,326.05,990
2011-04-01,326.0,326.0,325.25,325.3,45
2011-04-04,345.0,359.0,334.0,352.0,3258
2011-04-05,322.35,355.0,322.35,352.5,2258
2011-04-06,335.25,360.0,335.25,345.1,3057
2011-04-07,355.0,355.0,341.55,349.9,287
2011-04-08,340.0,353.9,336.15,351.0,1523
2011-04-11,345.0,354.95,340.05,346.0,966
2011-04-13,343.0,349.9,342.3,347.6,473
2011-04-15,354.95,356.0,350.75,353.7,472
2011-04-18,345.05,373.0,345.05,368.2,3459
2011-04-19,412.0,412.0,365.0,374.75,824
2011-04-20,384.0,389.0,380.0,389.0,1055
2011-04-21,376.55,380.0,376.55,378.6,255
2011-04-25,371.0,386.5,371.0,385.15,1965
2011-04-26,385.0,385.0,375.55,376.4,1437
2011-04-27,381.0,387.0,379.0,383.7,1607
2011-04-28,382.55,382.55,370.1,373.65,3871
2011-04-29,375.0,383.9,370.1,370.15,313
2011-05-02,370.3,370.3,360.0,361.5,1067
2011-05-03,370.0,374.9,363.5,372.8,958
2011-05-04,365.1,365.1,363.25,363.75,87
2011-05-05,365.25,365.25,355.05,357.65,700
2011-05-06,363.95,363.95,338.0,359.65,265
2011-05-09,355.0,355.0,351.1,351.1,178
2011-05-10,352.05,362.9,347.2,350.4,662
2011-05-11,350.0,355.05,345.0,355.0,888
2011-05-12,350.0,350.0,346.0,346.0,532
2011-05-13,350.0,359.65,349.05,357.3,1189
2011-05-16,361.0,361.0,348.15,351.0,15
2011-05-17,374.0,374.0,327.8,350.0,75
2011-05-18,345.0,356.45,344.6,350.4,690
2011-05-19,350.0,353.6,348.0,350.25,966
2011-05-20,373.0,378.0,350.0,350.0,261
2011-05-23,356.9,356.9,345.65,345.8,655
2011-05-24,350.4,355.8,347.0,349.1,891
2011-05-25,346.05,354.35,345.0,347.85,715
2011-05-26,345.05,351.0,335.0,348.15,386
2011-05-27,350.0,350.0,347.0,347.0,157
2011-05-30,346.0,354.0,346.0,346.3,233
2011-05-31,344.9,348.0,335.1,344.05,3214
2011-06-01,344.0,348.0,331.7,343.95,463
2011-06-02,349.65,351.75,341.75,345.45,364
2011-06-03,342.0,355.0,335.05,342.6,57
2011-06-06,351.2,368.45,345.0,359.2,908
2011-06-07,352.05,359.8,352.05,354.1,290
2011-06-08,349.0,361.5,325.0,355.55,294
2011-06-09,351.25,366.0,351.25,365.7,135
2011-06-10,365.8,365.8,353.05,356.4,95
2011-06-13,363.8,365.0,363.5,364.95,257
2011-06-14,360.0,360.0,360.0,360.0,155
2011-06-15,355.15,365.0,355.15,359.0,582
2011-06-16,365.0,365.0,365.0,365.0,300
2011-06-17,355.0,362.0,347.05,350.05,352
2011-06-20,352.95,353.0,330.25,338.15,333
2011-06-21,345.0,349.35,340.0,344.75,30
2011-06-22,340.0,363.9,330.0,340.9,152
2011-06-23,343.05,351.0,343.05,350.95,448
2011-06-24,340.0,355.6,335.15,342.9,1226
2011-06-27,354.65,354.65,350.0,350.0,474
2011-06-28,350.0,361.0,350.0,355.0,1105
2011-06-29,349.95,351.0,341.55,342.7,205
2011-06-30,350.0,350.0,345.0,349.0,1296
2011-07-01,337.5,359.4,337.5,347.0,178
2011-07-04,342.0,350.0,340.0,347.9,1932
2011-07-05,349.95,360.0,349.95,360.0,1167
2011-07-06,361.0,380.0,352.65,355.9,1550
2011-07-07,354.35,363.5,353.4,362.1,845
2011-07-08,363.0,364.0,358.0,362.4,1278
2011-07-11,363.9,364.0,354.0,357.8,301
2011-07-12,356.0,360.0,342.25,359.9,2841
2011-07-13,355.5,360.0,355.5,359.65,923
2011-07-14,360.0,360.0,354.05,356.2,331
2011-07-18,363.0,371.0,353.6,355.7,1262
2011-07-19,355.0,359.95,350.0,358.75,1038
2011-07-20,358.8,358.8,355.0,355.35,366
2011-07-21,351.0,355.35,347.0,350.1,2453
2011-07-22,358.0,358.4,350.0,355.65,1310
2011-07-25,348.1,357.95,348.0,353.05,717
2011-07-26,352.0,360.05,352.0,359.65,2327
2011-07-27,355.0,355.0,345.0,345.1,1264
2011-07-28,342.0,347.95,340.0,344.15,702
2011-07-29,340.7,346.5,340.0,341.2,307
2011-08-01,350.0,354.95,350.0,354.95,10
2011-08-02,345.05,358.9,341.0,357.45,2186
2011-08-03,345.15,349.9,345.0,345.35,202
2011-08-04,350.0,355.0,346.2,349.25,4043
2011-08-05,340.0,340.0,305.1,327.05,1284
2011-08-08,329.7,357.95,319.0,337.35,1339
2011-08-09,335.0,344.0,331.0,331.0,170
2011-08-10,333.0,336.55,321.0,327.3,675
2011-08-11,322.05,334.3,318.25,321.75,7624
2011-08-12,325.0,325.0,312.15,319.55,597
2011-08-16,327.4,327.4,316.15,317.1,188
2011-08-17,321.05,321.05,306.0,306.95,241
2011-08-18,310.0,318.0,310.0,310.9,348
2011-08-19,306.0,324.95,293.4,297.95,1445
2011-08-22,301.4,311.0,295.6,307.15,1092
2011-08-24,308.2,335.05,308.2,322.95,1320
2011-08-25,320.05,325.0,312.0,322.7,890
2011-08-26,312.05,330.0,312.05,315.0,155
2011-08-29,320.0,320.0,301.7,317.25,625
2011-08-30,348.4,348.4,322.6,333.85,652
2011-09-02,321.5,330.0,321.25,327.0,93
2011-09-05,329.45,333.0,329.45,333.0,604
2011-09-06,330.0,334.7,330.0,332.1,200
2011-09-07,325.0,334.95,325.0,327.45,196
2011-09-08,330.0,335.0,326.25,330.4,582
2011-09-09,334.95,339.0,330.2,330.2,135
2011-09-12,334.65,335.0,326.4,328.35,1375
2011-09-13,325.0,328.0,317.55,323.55,2207
2011-09-14,324.0,335.0,320.0,325.1,1554
2011-09-15,333.95,333.95,333.65,333.65,2
2011-09-16,320.65,327.2,317.05,321.15,646
2011-09-19,325.0,342.0,322.05,339.25,4655
2011-09-20,335.0,351.9,335.0,345.95,399
2011-09-21,344.1,344.1,340.0,340.05,108
2011-09-22,334.1,338.0,324.15,327.4,1367
2011-09-23,313.15,326.0,303.0,317.0,1636
2011-09-26,311.5,311.5,302.65,307.2,656
2011-09-27,325.0,325.0,304.0,306.05,947
2011-09-28,315.0,323.95,311.15,313.45,2393
2011-09-29,310.2,319.4,309.0,315.1,1908
2011-09-30,320.0,320.0,307.05,310.3,1073
2011-10-03,296.0,313.9,296.0,309.0,633
2011-10-04,306.35,306.35,300.25,304.5,499
2011-10-07,312.0,325.95,310.0,324.85,603
2011-10-10,315.0,324.85,314.15,321.85,290
2011-10-11,323.8,326.95,316.25,317.1,834
2011-10-12,319.95,320.0,319.95,320.0,160
2011-10-13,321.0,325.0,321.0,325.0,661
2011-10-14,324.0,325.0,318.5,325.0,503
2011-10-17,325.0,325.0,319.0,321.2,738
2011-10-18,315.55,326.95,315.0,318.3,1914
2011-10-19,324.8,327.95,320.5,327.95,97
2011-10-20,321.05,324.95,320.1,320.25,78
2011-10-21,318.25,322.95,318.0,319.3,538
2011-10-24,318.0,326.5,315.0,324.0,753
2011-10-25,320.05,322.0,316.1,320.05,795
2011-10-26,328.5,333.9,328.05,330.9,529
2011-10-28,325.05,326.05,325.05,326.0,79
2011-10-31,322.6,329.0,322.6,323.75,263
2011-11-01,324.0,324.0,320.0,320.0,1317
2011-11-02,320.1,324.0,320.0,324.0,176
2011-11-03,330.0,330.0,326.95,329.65,359
2011-11-04,329.65,334.65,321.25,331.9,1874
2011-11-08,331.05,331.05,323.3,325.1,1230
2011-11-09,326.0,326.0,324.5,325.1,593
2011-11-14,323.05,323.05,320.0,320.0,138
2011-11-15,320.0,320.0,309.25,309.75,480
2011-11-16,305.25,312.0,305.0,306.3,1151
2011-11-17,302.0,310.0,300.0,304.0,416
2011-11-18,304.0,313.75,304.0,310.85,1218
2011-11-21,307.0,318.95,305.05,308.75,691
2011-11-22,317.7,317.7,307.1,316.95,259
2011-11-23,315.0,315.0,300.0,302.0,472
2011-11-24,289.15,307.0,289.15,307.0,1087
2011-11-25,309.0,309.0,309.0,309.0,100
2011-11-28,306.5,307.0,304.0,306.9,205
2011-11-29,315.95,315.95,310.0,310.4,112
2011-12-01,305.65,310.0,305.65,310.0,30
2011-12-02,305.3,319.6,305.3,306.15,64
2011-12-07,319.45,323.7,319.45,321.45,183
2011-12-08,312.0,312.0,305.1,307.5,80
2011-12-09,295.15,295.15,295.15,295.15,25
2011-12-12,302.0,309.0,286.0,290.65,869
2011-12-13,290.1,300.0,280.0,293.45,1348
2011-12-14,298.0,299.9,285.5,290.5,952
2011-12-15,282.25,285.0,276.0,279.85,1525
2011-12-16,284.0,284.35,276.0,276.75,2128
2011-12-19,270.0,304.95,270.0,298.15,3702
2011-12-20,285.5,296.9,285.5,288.55,1700
2011-12-21,294.0,294.0,291.0,291.0,38
2011-12-22,285.05,290.95,285.05,286.6,217
2011-12-23,294.0,305.0,294.0,300.0,324
2011-12-26,293.1,298.5,293.1,295.0,95
2011-12-27,297.0,300.05,295.0,295.0,431
2011-12-28,288.0,295.0,288.0,291.5,11
2011-12-29,298.3,298.3,288.45,295.0,117
2011-12-30,294.0,300.05,294.0,300.0,329
2012-01-02,295.0,300.0,295.0,299.95,400
2012-01-03,295.3,307.95,295.3,301.55,54
2012-01-04,302.0,303.25,300.0,302.0,2455
2012-01-05,296.55,300.95,296.55,298.75,10
2012-01-07,294.0,303.0,291.2,293.3,95
2012-01-09,299.8,314.8,296.0,311.95,4455
2012-01-10,317.5,320.7,305.0,315.0,390
2012-01-11,307.0,314.4,301.05,309.85,1901
2012-01-12,305.0,305.0,298.0,300.45,306
2012-01-13,309.95,314.0,300.3,300.55,324
2012-01-16,300.0,305.95,295.35,296.5,699
2012-01-17,300.2,319.0,297.05,313.55,4830
2012-01-18,307.2,315.0,301.5,304.7,140
2012-01-19,303.7,314.45,301.0,303.05,161
2012-01-20,299.0,312.0,296.3,300.65,202
2012-01-23,292.3,303.0,292.3,296.0,1131
2012-01-24,296.0,298.0,293.2,295.45,337
2012-01-25,293.6,301.0,282.0,286.4,1458
2012-01-27,294.65,305.0,294.45,304.9,3504
2012-01-30,318.85,318.85,297.0,309.25,594
2012-01-31,301.05,308.5,301.0,305.8,90
2012-02-01,296.55,300.95,296.55,299.65,252
2012-02-02,299.05,299.05,290.65,292.4,747
2012-02-03,295.0,315.0,295.0,306.05,1435
2012-02-06,306.0,310.0,301.7,302.2,1954
2012-02-07,313.35,313.35,300.05,300.75,541
2012-02-08,305.0,309.45,301.0,305.0,341
2012-02-09,301.05,305.0,301.05,302.55,671
2012-02-10,303.2,310.05,303.2,305.75,217
2012-02-13,311.0,317.0,301.0,303.5,1694
2012-02-14,305.1,308.05,305.1,308.0,300
2012-02-15,310.0,314.95,306.0,306.2,355
2012-02-16,305.0,313.05,305.0,310.0,730
2012-02-17,315.0,329.2,315.0,315.0,357
2012-02-21,311.25,317.95,311.25,316.6,655
2012-02-22,315.65,318.75,309.0,310.0,668
2012-02-23,312.0,315.0,310.0,315.0,543
2012-02-24,310.1,310.1,306.0,306.0,157
2012-02-27,301.55,307.0,299.0,304.25,2955
2012-02-28,303.15,311.0,303.15,307.35,310
2012-02-29,330.0,330.0,311.2,315.0,56
2012-03-01,310.0,310.0,306.0,306.5,210
2012-03-02,309.95,314.5,305.0,310.15,1241
2012-03-03,305.0,306.0,305.0,305.2,18
2012-03-05,310.0,310.0,301.25,304.1,334
2012-03-06,308.0,308.0,307.95,308.0,210
2012-03-07,308.0,308.0,307.5,307.95,765
2012-03-09,308.55,309.5,305.0,309.45,2841
2012-03-12,305.0,310.0,305.0,309.5,1872
2012-03-13,305.15,313.0,305.15,308.05,2881
2012-03-14,314.85,314.85,308.0,312.85,767
2012-03-15,312.0,327.45,312.0,314.0,554
2012-03-16,319.1,319.1,313.0,316.0,1164
2012-03-19,309.0,309.15,309.0,309.15,100
2012-03-20,310.0,311.0,308.05,309.5,298
2012-03-21,308.0,312.0,306.5,309.85,1629
2012-03-22,313.35,313.35,305.05,308.1,1273
2012-03-23,310.0,310.0,302.65,303.6,3160
2012-03-26,305.05,305.05,303.0,303.4,257
2012-03-27,308.4,309.9,302.0,303.2,2304
2012-03-28,302.0,309.2,301.2,302.3,657
2012-03-29,306.0,309.7,305.0,305.0,5
2012-03-30,305.0,309.9,302.25,308.5,535
2012-04-02,303.9,305.0,303.0,303.8,352
2012-04-04,303.0,315.0,301.0,313.45,2321
2012-04-09,312.5,312.5,308.1,309.2,70
2012-04-10,305.1,310.0,305.1,306.5,377
2012-04-11,306.0,311.85,301.0,304.75,209
2012-04-12,313.8,313.8,301.0,301.45,594
2012-04-13,307.5,319.0,305.0,310.8,1528
2012-04-16,310.0,315.0,305.05,306.3,475
2012-04-17,307.1,310.0,306.55,307.4,467
2012-04-18,311.0,362.0,310.0,342.8,11458
2012-04-19,342.8,345.0,327.0,331.35,1854
2012-04-20,342.0,342.0,326.0,327.0,403
2012-04-23,329.0,329.0,319.95,320.0,568
2012-04-24,319.0,338.9,319.0,335.25,272
2012-04-25,340.0,340.0,327.0,335.25,790
2012-04-26,333.0,333.0,314.05,330.0,138
2012-04-27,327.0,330.0,321.0,322.35,421
2012-04-30,325.0,335.0,321.25,328.8,793
2012-05-02,322.0,332.0,322.0,328.5,646
2012-05-03,333.0,333.0,322.05,329.9,2697
2012-05-04,332.0,336.0,327.5,334.1,3348
2012-05-07,320.05,331.0,320.05,331.0,322
2012-05-08,330.0,336.95,325.65,334.5,1490
2012-05-09,335.0,335.0,325.0,328.0,1677
2012-05-10,328.0,343.0,325.0,326.45,2097
2012-05-11,334.0,338.0,325.0,336.2,7227
2012-05-14,341.0,347.0,326.0,330.85,2930
2012-05-15,333.0,335.0,321.6,323.8,965
2012-05-16,320.0,321.0,309.5,313.15,805
2012-05-17,315.0,329.0,315.0,325.0,755
2012-05-18,310.3,326.7,310.3,323.85,273
2012-05-21,327.2,327.2,321.0,326.4,13
2012-05-22,320.0,320.2,312.3,315.85,207
2012-05-23,325.0,325.0,315.0,315.55,1045
2012-05-24,319.0,328.9,315.4,328.25,419
2012-05-25,325.0,332.5,325.0,328.75,1023
2012-05-28,329.0,329.9,323.1,329.5,263
2012-05-29,328.0,335.0,327.25,333.65,2017
2012-05-30,334.0,334.0,325.05,325.1,259
2012-05-31,321.0,331.95,320.0,326.0,338
2012-06-01,325.0,325.0,322.1,324.0,245
2012-06-04,321.1,325.0,316.8,317.5,315
2012-06-05,329.7,329.7,325.2,325.2,310
2012-06-06,340.0,350.55,325.0,335.0,1357
2012-06-07,331.0,331.0,331.0,331.0,200
2012-06-08,332.0,332.7,330.25,332.7,461
2012-06-11,329.05,329.05,326.3,326.55,200
2012-06-12,324.0,325.0,323.75,324.0,360
2012-06-13,322.3,323.2,322.25,323.2,386
2012-06-14,322.0,332.0,316.85,331.2,993
2012-06-15,329.8,329.8,326.25,326.25,475
2012-06-19,326.0,326.0,323.0,323.05,600
2012-06-20,325.05,337.95,325.0,334.95,792
2012-06-21,330.0,332.75,325.0,332.75,561
2012-06-22,326.05,328.05,325.7,325.95,1102
2012-06-25,326.1,332.0,326.0,330.0,984
2012-06-26,330.0,330.0,329.95,330.0,90
2012-06-27,325.6,325.6,325.6,325.6,56
2012-06-28,326.0,329.95,324.05,324.05,1425
2012-06-29,325.25,330.0,322.1,323.4,1135
2012-07-02,324.35,331.0,324.35,330.15,342
2012-07-03,330.0,330.0,326.0,326.0,150
2012-07-05,330.0,335.7,326.05,334.65,1213
2012-07-06,339.45,352.0,338.5,349.75,1664
2012-07-09,340.0,344.5,340.0,344.5,483
2012-07-10,345.0,349.75,344.9,345.5,204
2012-07-11,345.0,349.0,338.05,348.8,555
2012-07-12,348.9,349.0,343.6,349.0,3909
2012-07-13,349.8,350.0,343.1,343.1,131
2012-07-16,352.0,361.2,336.1,349.65,1766
2012-07-17,340.0,353.75,340.0,348.65,98
2012-07-18,345.05,346.0,343.15,345.1,2240
2012-07-19,348.95,350.0,348.95,349.0,1025
2012-07-20,331.6,348.85,327.0,340.85,334
2012-07-23,335.1,341.0,335.1,338.0,57
2012-07-24,337.1,341.1,337.1,341.1,251
2012-07-25,341.5,343.1,341.25,343.1,205
2012-07-26,354.5,354.5,340.05,340.15,8787
2012-07-27,340.15,345.65,340.0,345.65,677
2012-07-30,330.05,358.0,330.05,336.4,218
2012-08-01,338.5,353.0,338.15,347.05,917
2012-08-02,340.2,342.0,340.2,340.25,38
2012-08-03,337.05,349.9,337.0,345.3,293
2012-08-06,338.0,350.0,337.6,348.65,1818
2012-08-07,345.0,352.0,345.0,350.95,3760
2012-08-08,342.05,345.05,337.25,340.0,17701
2012-08-09,340.0,345.0,336.6,337.55,6026
2012-08-10,335.3,344.9,335.3,339.6,4241
2012-08-13,345.0,345.0,340.0,340.0,350
2012-08-14,336.15,338.0,335.5,337.0,1803
2012-08-16,335.05,337.25,335.05,336.8,670
2012-08-17,338.5,340.0,338.0,338.0,105
2012-08-21,346.75,346.75,336.05,338.1,710
2012-08-22,336.0,336.0,336.0,336.0,30
2012-08-23,337.15,340.85,337.15,339.75,614
2012-08-24,337.95,345.75,336.0,345.65,432
2012-08-27,344.8,344.8,339.65,339.65,310
2012-08-28,340.55,340.75,340.0,340.5,605
2012-08-29,340.0,340.0,336.4,337.1,726
2012-08-30,342.85,344.8,334.95,335.05,1633
2012-08-31,344.8,344.8,344.8,344.8,100
2012-09-03,343.2,343.2,336.0,336.25,490
2012-09-04,337.7,344.0,337.65,340.75,3070
2012-09-05,337.0,346.0,335.5,336.15,521
2012-09-06,335.5,339.85,333.2,333.4,609
2012-09-07,340.0,340.0,329.7,330.2,1015
2012-09-08,339.65,339.65,339.65,339.65,10
2012-09-10,329.0,350.0,326.5,345.7,11404
2012-09-11,339.7,346.0,339.7,345.0,1183
2012-09-12,339.2,344.0,339.05,343.25,815
2012-09-13,340.6,342.5,339.95,342.0,1572
2012-09-14,340.35,340.35,337.1,337.75,405
2012-09-17,341.0,341.0,340.0,340.0,1579
2012-09-18,342.0,375.0,341.5,359.2,4544
2012-09-20,355.15,356.85,351.3,354.6,1247
2012-09-21,356.1,368.7,355.0,366.2,3540
2012-09-24,360.0,365.0,354.0,360.1,1009
2012-09-25,360.0,365.0,358.0,361.45,1163
2012-09-26,361.0,361.0,354.4,355.0,285
2012-09-27,356.0,365.0,356.0,357.1,18093
2012-09-28,360.05,366.4,359.0,361.2,1034
2012-10-01,364.95,364.95,355.05,360.0,1907
2012-10-03,358.0,360.0,355.7,356.65,1224
2012-10-04,360.0,387.95,358.0,368.25,7189
2012-10-05,372.8,375.0,360.0,361.65,2103
2012-10-08,359.0,361.15,356.55,359.7,1177
2012-10-09,357.3,365.0,356.4,365.0,2519
2012-10-10,360.3,363.0,356.95,357.0,2617
2012-10-12,357.3,362.95,355.0,355.0,917
2012-10-15,352.0,360.0,352.0,358.1,413
2012-10-16,360.5,365.65,360.5,363.75,1174
2012-10-17,361.55,379.45,361.4,376.9,2499
2012-10-18,370.0,372.0,366.1,367.75,1316
2012-10-19,365.7,373.95,365.0,370.0,3582
2012-10-22,370.95,371.0,368.0,368.5,2277
2012-10-23,366.65,375.0,366.5,374.9,1278
2012-10-25,370.05,375.0,370.0,370.55,4273
2012-10-26,379.8,379.8,369.9,371.35,2287
2012-10-29,371.5,371.5,370.2,370.5,78
2012-10-30,371.25,376.95,370.0,370.0,694
2012-10-31,370.1,375.0,370.0,372.2,304
2012-11-01,377.5,377.5,370.0,373.0,1201
2012-11-02,380.0,382.0,372.75,379.45,4763
2012-11-05,375.0,384.7,375.0,380.35,734
2012-11-06,376.15,382.1,376.1,380.5,1366
2012-11-07,370.0,386.35,370.0,381.0,1829
2012-11-08,378.2,383.9,378.15,383.85,449
2012-11-09,380.25,380.25,377.5,378.55,1083
2012-11-12,378.45,380.95,376.15,380.4,360
2012-11-13,381.5,385.0,381.5,381.65,530
2012-11-15,382.0,385.05,382.0,385.0,2319
2012-11-16,390.0,390.0,376.15,378.7,140
2012-11-19,381.15,381.15,379.35,380.0,120
2012-11-20,380.0,384.7,375.0,380.05,5268
2012-11-21,377.1,383.0,371.0,379.7,3282
2012-11-22,377.5,381.1,377.45,380.0,607
2012-11-23,384.85,384.85,377.5,380.0,1153
2012-11-26,376.25,379.5,376.1,379.35,1297
2012-11-27,389.85,393.0,375.05,377.25,4776
2012-11-29,377.0,394.5,377.0,389.95,5981
2012-11-30,389.95,389.95,384.95,387.2,3777
2012-12-03,389.0,395.0,382.15,390.0,1609
2012-12-04,404.85,404.85,381.0,388.1,527
2012-12-05,390.0,465.7,390.0,465.7,63646
2012-12-06,483.3,530.0,425.05,503.9,138816
2012-12-07,504.0,538.0,482.9,507.0,71353
2012-12-10,500.0,520.35,496.0,510.45,12608
2012-12-11,490.0,519.9,490.0,498.75,6872
2012-12-12,500.0,522.0,492.05,510.9,13446
2012-12-13,488.9,515.0,488.9,500.55,3125
2012-12-14,522.0,540.5,507.0,528.3,27083
2012-12-17,538.9,540.15,516.3,521.25,5113
2012-12-18,522.2,539.0,522.2,530.6,5053
2012-12-19,516.6,536.0,516.6,531.85,3891
2012-12-20,530.0,530.0,515.0,517.75,2275
2012-12-21,518.0,524.0,506.2,518.7,1600
2012-12-24,503.05,528.35,496.9,499.6,2943
2012-12-26,499.0,528.0,495.0,522.15,7172
2012-12-27,534.7,534.7,513.0,519.6,6385
2012-12-28,513.0,524.95,510.25,519.75,768
2013-01-01,506.05,524.9,506.05,522.3,3892
2013-01-02,524.9,524.9,517.0,518.1,741
2013-01-03,511.25,524.7,511.25,520.15,2069
2013-01-04,521.0,525.0,515.0,519.3,1419
2013-01-07,515.0,526.9,510.5,523.65,5535
2013-01-08,526.9,539.0,513.5,518.9,33286
2013-01-09,522.0,529.0,516.0,523.3,5731
2013-01-10,520.0,526.0,516.75,523.85,3194
2013-01-11,520.5,526.95,515.0,521.35,4847
2013-01-14,510.0,530.95,505.0,514.75,8783
2013-01-15,516.5,527.95,509.0,520.95,7404
2013-01-16,506.8,526.0,506.8,521.9,5007
2013-01-17,514.5,525.9,514.5,523.65,1165
2013-01-18,522.0,527.0,516.6,522.45,2205
2013-01-21,519.0,522.3,514.2,515.85,2221
2013-01-22,523.0,523.0,513.05,515.5,2930
2013-01-23,523.0,523.95,512.45,514.1,2006
2013-01-24,519.0,526.0,509.0,521.7,3294
2013-01-25,522.95,523.9,511.05,517.5,870
2013-01-28,517.0,520.0,514.5,515.7,1966
2013-01-29,518.0,519.95,503.5,508.05,1662
2013-01-30,514.5,518.0,489.95,492.5,1745
2013-01-31,493.0,495.05,472.6,479.7,969
2013-02-01,479.55,482.55,454.95,462.0,2648
2013-02-04,454.65,466.75,450.0,451.2,822
2013-02-05,451.5,451.5,412.95,424.8,6941
2013-02-06,431.2,449.95,415.05,439.75,3989
2013-02-07,440.1,440.5,435.0,435.25,365
2013-02-08,435.0,435.0,427.3,433.0,795
2013-02-11,436.0,436.0,422.55,431.95,361
2013-02-12,430.05,430.05,422.05,425.05,185
2013-02-13,435.0,435.0,422.0,425.0,347
2013-02-14,422.2,426.0,422.15,425.3,778
2013-02-15,422.0,422.0,421.05,422.0,79
2013-02-18,421.0,424.5,417.0,420.65,1073
2013-02-19,420.0,424.0,420.0,422.05,414
2013-02-20,426.0,504.0,426.0,494.0,127580
2013-02-21,485.9,492.0,453.35,458.6,67492
2013-02-22,452.0,467.6,445.2,449.6,8549
2013-02-25,455.15,479.7,440.0,448.3,6556
2013-02-26,442.3,449.0,436.0,439.8,9822
2013-02-27,431.0,470.0,420.0,464.4,20043
2013-02-28,470.95,478.0,436.35,446.5,4024
2013-03-01,445.0,466.75,435.0,435.9,2495
2013-03-04,430.05,444.0,425.25,425.55,599
2013-03-05,421.0,427.7,419.5,420.95,7949
2013-03-06,417.1,438.0,410.95,435.95,11379
2013-03-07,427.95,438.85,420.0,426.95,2689
2013-03-08,425.5,430.5,421.95,425.7,558
2013-03-11,425.0,434.75,415.5,417.6,3149
2013-03-12,422.0,423.75,417.0,421.95,681
2013-03-13,412.0,426.0,412.0,419.85,161
2013-03-14,423.45,437.45,415.8,428.25,1538
2013-03-15,418.5,425.5,418.0,420.8,332
2013-03-18,425.0,425.05,416.2,421.55,863
2013-03-19,424.0,424.95,406.5,409.6,2372
2013-03-20,406.0,418.3,395.0,396.05,4224
2013-03-21,391.7,415.0,391.7,406.65,1398
2013-03-22,405.0,410.0,398.5,398.7,797
2013-03-25,387.0,409.0,355.0,382.25,22844
2013-03-26,372.55,392.9,371.25,371.55,2091
2013-03-28,363.5,383.9,360.0,371.7,6365
2013-04-01,384.0,384.0,365.05,372.9,434
2013-04-02,364.0,389.55,364.0,385.5,1037
2013-04-03,388.8,390.0,365.05,367.95,3043
2013-04-04,369.0,373.0,358.1,362.0,478
2013-04-05,364.9,372.0,362.0,369.75,1427
2013-04-08,365.0,370.0,357.6,363.3,2154
2013-04-09,365.0,373.0,354.0,355.7,519
2013-04-10,365.0,394.0,360.0,376.35,2935
2013-04-11,370.15,384.5,370.15,378.5,353
2013-04-12,367.3,380.0,367.3,374.3,640
2013-04-15,372.0,380.0,368.1,369.5,842
2013-04-16,372.0,372.0,364.0,366.3,1731
2013-04-17,365.0,384.4,365.0,377.4,8303
2013-04-18,378.0,380.35,371.0,373.3,1427
2013-04-22,380.0,380.0,372.05,372.85,201
2013-04-23,378.9,378.9,368.0,370.05,566
2013-04-25,370.8,377.3,370.8,376.25,4343
2013-04-26,374.0,374.2,367.0,370.0,2415
2013-04-29,377.0,377.0,370.0,375.25,929
2013-04-30,376.05,376.05,362.25,365.55,2315
2013-05-02,371.1,377.5,371.1,372.1,2136
2013-05-03,372.0,375.0,368.0,372.5,4730
2013-05-06,371.0,375.0,366.5,370.25,2564
2013-05-07,372.0,374.9,366.0,367.85,1288
2013-05-08,370.1,378.0,370.1,372.75,1950
2013-05-09,379.0,382.95,376.0,378.95,885
2013-05-10,376.0,446.95,376.0,429.75,25790
2013-05-11,443.95,443.95,425.0,425.9,361
2013-05-13,421.0,435.95,414.0,419.55,4167
2013-05-14,405.5,438.0,390.0,435.0,10962
2013-05-15,436.0,448.4,425.0,433.2,5282
2013-05-16,428.0,440.0,408.0,410.2,4083
2013-05-17,408.4,416.0,408.4,415.8,2774
2013-05-20,419.65,421.0,412.0,417.95,1626
2013-05-21,412.05,419.9,412.0,413.85,1541
2013-05-22,418.0,425.0,412.5,420.0,4068
2013-05-23,414.0,414.0,408.0,408.5,4116
2013-05-24,413.0,413.0,406.0,407.95,1316
2013-05-27,408.25,412.0,404.0,404.25,1931
2013-05-28,401.75,407.95,400.0,403.15,1585
2013-05-29,407.9,414.4,402.05,406.05,1166
2013-05-30,407.95,410.0,398.0,404.3,47125
2013-05-31,400.0,406.95,399.1,400.65,736
2013-06-03,405.0,405.0,398.0,400.05,24422
2013-06-04,404.9,406.0,401.5,405.0,514
2013-06-05,424.0,424.0,406.05,410.0,1394
2013-06-06,404.55,408.5,400.0,402.1,3346
2013-06-07,398.1,405.55,398.0,402.05,870
2013-06-10,409.85,409.85,400.15,400.7,1679
2013-06-11,401.0,406.15,396.05,399.4,1437
2013-06-12,407.5,407.5,398.15,399.85,449
2013-06-13,405.0,405.9,390.15,401.8,2040
2013-06-14,400.5,405.0,400.5,405.0,21
2013-06-17,404.25,408.8,395.05,398.7,22640
2013-06-18,404.0,413.95,404.0,411.2,373
2013-06-19,412.0,412.1,404.0,408.0,595
2013-06-20,404.0,404.0,395.0,398.45,1607
2013-06-21,399.0,406.2,398.5,400.95,31859
2013-06-24,405.0,405.0,396.0,398.1,258
2013-06-25,394.05,402.0,394.0,398.0,17375
2013-06-26,398.0,402.7,391.0,392.95,14294
2013-06-27,400.0,400.0,394.5,395.2,361
2013-06-28,400.0,412.0,399.0,411.9,974
2013-07-01,414.0,418.0,405.0,409.95,1069
2013-07-02,407.05,412.0,400.0,402.8,2250
2013-07-03,403.05,412.9,403.0,407.75,715
2013-07-04,395.0,395.0,381.5,390.9,762
2013-07-05,389.0,396.0,376.2,379.6,21126
2013-07-08,389.0,389.0,370.5,376.0,471
2013-07-09,383.2,384.0,380.0,383.0,271
2013-07-10,377.05,383.0,377.0,380.0,925
2013-07-11,378.1,383.0,378.05,380.25,641
2013-07-12,380.0,384.85,375.5,380.2,564
2013-07-15,381.8,383.75,380.0,381.0,1476
2013-07-16,383.0,383.0,374.0,376.0,179
2013-07-17,382.9,394.0,380.5,385.0,1521
2013-07-18,390.0,390.0,385.0,385.95,567
2013-07-19,385.5,389.9,374.95,377.6,25880
2013-07-22,383.95,393.95,380.0,392.3,28347
2013-07-23,390.0,394.2,390.0,390.0,1145
2013-07-24,385.55,390.0,380.0,382.2,31148
2013-07-25,381.2,383.0,379.95,380.05,1058
2013-07-26,380.0,380.0,372.0,376.05,1422
2013-07-29,365.0,373.0,361.5,366.15,2931
2013-07-30,376.0,376.0,366.0,370.0,36
2013-07-31,363.0,380.0,363.0,380.0,200
2013-08-01,378.0,378.0,367.0,370.6,592
2013-08-02,365.05,369.0,360.0,367.05,36048
2013-08-05,370.0,371.05,360.0,363.4,964
2013-08-06,377.95,377.95,342.1,351.6,1639
2013-08-07,340.0,350.95,340.0,347.6,526
2013-08-08,353.9,353.9,337.0,350.05,1872
2013-08-12,351.15,360.0,351.15,356.05,63
2013-08-13,340.1,365.0,340.05,358.9,904
2013-08-14,360.0,360.0,346.25,358.25,2060
2013-08-16,351.05,364.5,351.0,360.65,185
2013-08-19,344.0,360.0,340.0,344.35,1663
2013-08-20,329.0,359.7,329.0,354.95,264
2013-08-21,339.0,360.0,339.0,351.95,819
2013-08-22,375.0,375.0,336.0,353.3,2086
2013-08-23,363.45,363.5,350.05,363.2,296
2013-08-26,357.05,365.0,357.0,363.1,5525
2013-08-27,347.0,378.0,347.0,363.45,1692
2013-08-28,363.45,369.0,360.0,369.0,3407
2013-08-29,360.5,371.0,360.5,364.1,2035
2013-08-30,370.0,375.0,370.0,371.85,292
2013-09-02,363.25,379.9,363.25,379.0,427
2013-09-03,379.0,381.0,370.0,380.05,1517
2013-09-04,380.0,387.95,376.15,382.4,3773
2013-09-05,383.8,390.0,380.1,380.1,30
2013-09-06,380.1,385.0,380.05,384.55,335
2013-09-10,384.8,386.0,378.6,383.45,973
2013-09-11,385.05,392.0,380.4,392.0,351
2013-09-12,399.95,400.0,380.05,390.05,1374
2013-09-13,397.95,397.95,383.05,391.9,414
2013-09-16,381.3,395.0,380.0,389.35,915
2013-09-17,400.85,400.85,382.95,391.15,3851
2013-09-18,386.2,392.0,385.0,391.95,3837
2013-09-19,386.1,391.95,386.1,390.0,870
2013-09-20,372.0,394.0,372.0,394.0,62
2013-09-23,376.0,391.0,373.0,385.85,988
2013-09-24,381.55,392.0,381.15,392.0,4924
2013-09-25,404.5,404.5,381.95,390.15,7493
2013-09-26,390.0,398.2,387.1,396.05,3452
2013-09-27,396.0,396.0,385.05,393.45,3259
2013-09-30,390.0,405.0,387.65,404.2,4206
2013-10-01,402.0,404.85,396.1,397.55,160
2013-10-03,395.25,401.0,395.0,397.35,664
2013-10-04,398.0,401.0,398.0,399.5,404
2013-10-07,390.3,406.5,390.0,403.85,1383
2013-10-08,401.0,406.9,399.0,404.0,1109
2013-10-09,393.0,403.8,393.0,399.15,538
2013-10-10,400.0,403.9,396.1,402.1,329
2013-10-11,384.0,405.0,384.0,401.35,301
2013-10-14,399.0,422.8,398.65,405.5,4802
2013-10-15,410.0,411.0,393.15,399.75,1223
2013-10-17,410.0,410.0,398.65,400.4,1098
2013-10-18,404.95,404.95,394.75,398.35,1602
2013-10-21,409.05,409.05,388.0,395.6,742
2013-10-22,400.0,400.0,389.0,390.35,1599
2013-10-23,391.05,400.95,391.05,399.1,2268
2013-10-24,397.1,400.8,396.0,400.05,1353
2013-10-25,405.0,405.0,392.0,394.7,597
2013-10-28,394.0,401.95,394.0,398.95,3374
2013-10-29,395.1,398.95,394.05,396.2,526
2013-10-30,391.05,398.85,391.05,394.05,2644
2013-10-31,398.9,400.0,395.0,396.3,927
2013-11-01,399.9,400.0,394.0,399.9,2836
2013-11-03,379.45,403.0,379.0,400.0,754
2013-11-05,395.45,409.0,395.4,408.5,669
2013-11-06,405.0,412.0,400.0,406.85,1854
2013-11-07,401.0,409.0,391.55,399.55,1526
2013-11-08,402.05,415.0,402.05,411.8,1459
2013-11-11,405.05,409.65,400.05,404.65,1554
2013-11-12,409.7,409.95,398.4,402.0,1803
2013-11-13,406.0,417.9,391.0,398.7,1372
2013-11-14,401.0,409.9,398.0,398.2,733
2013-11-18,397.0,400.0,396.05,399.9,237
2013-11-19,402.0,402.0,394.0,394.75,522
2013-11-20,402.0,411.95,396.0,408.45,2454
2013-11-21,400.1,413.8,400.1,410.3,2662
2013-11-22,410.0,410.0,382.25,388.15,11858
2013-11-25,394.65,401.35,394.65,400.2,3736
2013-11-26,397.0,404.8,392.2,395.65,1375
2013-11-27,394.45,400.0,392.0,399.8,4072
2013-11-28,399.95,403.85,396.0,400.0,2247
2013-11-29,396.95,402.0,396.95,402.0,821
2013-12-02,397.9,403.85,397.9,403.3,263
2013-12-03,400.0,403.75,389.0,395.85,759
2013-12-04,401.9,401.95,396.25,398.0,787
2013-12-05,402.0,406.0,400.05,405.0,1347
2013-12-06,405.0,410.0,405.0,407.95,704
2013-12-09,401.65,410.95,401.5,410.0,1799
2013-12-10,410.0,411.0,407.25,409.25,1741
2013-12-11,406.4,416.65,406.4,414.65,1809
2013-12-12,409.0,413.95,405.0,405.2,1964
2013-12-13,410.0,410.0,404.0,404.75,3207
2013-12-16,407.25,418.0,405.3,412.65,4116
2013-12-17,411.0,415.0,407.65,411.3,1504
2013-12-18,414.95,415.0,409.0,410.2,6285
2013-12-19,410.0,413.55,393.7,401.0,2047
2013-12-20,410.0,413.5,408.5,413.0,738
2013-12-23,410.1,418.0,410.05,413.55,4033
2013-12-24,415.0,418.0,413.05,416.2,849
2013-12-26,416.0,424.85,410.0,410.95,2475
2013-12-27,410.1,419.5,394.05,399.15,8043
2013-12-30,406.6,414.0,405.0,411.5,2820
2013-12-31,411.0,415.0,407.1,410.2,5736
2014-01-01,412.8,412.8,404.5,409.5,1403
2014-01-02,410.0,411.0,405.0,407.35,2282
2014-01-03,410.0,416.95,405.05,412.5,4222
2014-01-06,410.1,415.85,410.0,414.65,792
2014-01-07,417.0,419.8,412.0,415.65,987
2014-01-08,420.0,488.0,418.0,424.7,2519
2014-01-09,424.0,427.4,416.3,420.0,1356
2014-01-10,416.0,422.95,415.1,421.25,1340
2014-01-13,408.35,425.0,408.35,424.35,684
2014-01-14,419.0,455.6,412.5,432.1,7970
2014-01-15,430.0,430.5,420.7,421.9,146
2014-01-16,416.05,434.0,416.05,421.85,796
2014-01-17,417.05,418.0,411.65,411.9,250
2014-01-20,417.45,421.95,417.45,419.05,406
2014-01-21,410.0,428.3,407.5,421.0,2403
2014-01-22,423.0,429.9,417.5,418.75,390
2014-01-23,421.0,421.0,413.05,420.6,653
2014-01-24,418.05,443.9,417.65,436.6,2967
2014-01-27,445.0,465.0,415.0,418.75,18329
2014-01-28,428.9,435.0,417.45,418.85,1869
2014-01-29,416.25,420.0,415.0,417.25,772
2014-01-30,416.8,429.75,412.5,421.0,4058
2014-01-31,422.95,422.95,406.0,411.7,1100
2014-02-03,410.25,412.05,409.0,410.05,250
2014-02-04,403.0,425.0,403.0,413.95,1690
2014-02-05,419.95,425.0,415.0,419.75,1911
2014-02-06,420.0,420.0,412.35,413.95,323
2014-02-07,418.95,474.0,415.5,455.05,22260
2014-02-10,441.65,470.0,435.05,439.6,15484
2014-02-11,454.9,454.9,425.6,430.8,3380
2014-02-12,427.05,439.9,425.2,430.7,1688
2014-02-13,420.0,435.9,413.6,424.05,1698
2014-02-14,429.9,433.0,413.7,428.8,2597
2014-02-17,430.0,437.85,417.1,419.95,1199
2014-02-18,424.9,430.0,421.0,422.85,1182
2014-02-19,426.9,427.0,422.0,425.0,1494
2014-02-20,426.8,427.0,417.8,425.35,408
2014-02-21,428.0,428.0,424.75,425.05,348
2014-02-24,425.0,431.45,420.0,422.4,1961
2014-02-25,416.55,474.9,416.5,430.85,58689
2014-02-26,448.6,480.0,429.9,461.15,116708
2014-02-28,460.0,522.8,459.95,514.0,294932
2014-03-03,503.0,545.9,500.85,507.15,127044
2014-03-04,506.5,519.0,484.0,506.35,46738
2014-03-05,506.5,513.0,485.25,489.4,13076
2014-03-06,482.0,492.85,476.0,480.7,10267
2014-03-07,478.3,523.95,455.0,484.1,78364
2014-03-10,485.0,525.0,472.6,495.5,84046
2014-03-11,497.05,512.4,477.95,483.0,13607
2014-03-12,482.75,497.0,473.25,481.3,7014
2014-03-13,483.0,500.0,462.0,465.95,12016
2014-03-14,475.0,475.0,459.0,462.85,9070
2014-03-18,460.35,469.65,451.1,455.2,9307
2014-03-19,461.35,461.35,448.45,449.95,4479
2014-03-20,445.1,480.95,445.05,460.6,9173
2014-03-21,458.05,482.0,458.05,465.05,13695
2014-03-22,461.3,474.0,461.15,465.3,1081
2014-03-24,474.5,474.5,455.95,459.4,4004
2014-03-25,459.4,467.0,451.1,454.45,3173
2014-03-26,455.0,462.85,450.0,451.7,4409
2014-03-27,457.95,459.95,451.05,453.55,2608
2014-03-28,455.05,467.0,442.5,458.75,5613
2014-03-31,459.95,472.0,452.5,455.45,4421
2014-04-01,453.05,473.1,450.05,467.9,2849
2014-04-02,460.75,479.0,460.1,475.75,4081
2014-04-03,465.25,478.35,465.25,472.9,1108
2014-04-04,475.0,477.95,462.25,466.15,966
2014-04-07,460.1,473.05,460.1,468.2,1451
2014-04-09,470.0,520.0,464.7,486.6,51769
2014-04-10,482.0,505.0,477.0,492.55,9455
2014-04-11,489.05,497.5,484.65,488.25,2062
2014-04-15,490.0,495.0,478.1,481.15,2382
2014-04-16,485.0,485.0,470.3,474.0,1913
2014-04-17,480.05,482.0,472.05,478.9,2097
2014-04-21,475.05,485.0,474.0,478.6,2065
2014-04-22,473.5,490.0,473.5,487.05,2448
2014-04-23,478.25,488.0,475.0,482.7,2374
2014-04-25,475.0,484.9,471.25,474.0,1521
2014-04-28,470.1,488.75,470.1,480.0,932
2014-04-29,484.0,487.05,476.0,477.0,1189
2014-04-30,477.4,484.45,462.8,466.95,1666
2014-05-02,474.95,490.0,471.05,474.45,3823
2014-05-05,477.9,482.75,471.25,475.05,1223
2014-05-06,472.05,538.0,471.5,482.75,119067
2014-05-07,485.0,491.8,473.0,475.6,6452
2014-05-08,479.0,490.0,475.1,478.25,4401
2014-05-09,484.75,520.0,473.4,491.7,54857
2014-05-12,490.05,503.9,490.0,492.55,5891
2014-05-13,503.25,508.0,488.0,500.4,13056
2014-05-14,504.5,509.5,495.0,495.7,6894
2014-05-15,497.25,502.5,486.1,488.4,4458
2014-05-16,499.6,502.0,486.0,488.55,4058
2014-05-19,477.0,508.0,477.0,503.25,3220
2014-05-20,486.3,527.35,486.3,508.6,4351
2014-05-21,498.25,515.9,498.2,513.3,2590
2014-05-22,506.2,525.0,505.0,512.85,9514
2014-05-23,514.95,527.95,514.95,522.55,8352
2014-05-26,524.9,536.0,508.0,512.6,7522
2014-05-27,509.35,514.95,508.0,510.25,2271
2014-05-28,496.05,520.0,496.05,514.4,2246
2014-05-29,518.85,522.0,515.0,517.8,1417
2014-05-30,514.2,517.5,508.0,508.35,742
2014-06-02,516.0,522.9,512.0,514.6,2999
2014-06-03,514.0,523.9,513.95,520.3,1949
2014-06-04,522.0,540.0,521.0,532.35,4404
2014-06-05,534.95,549.4,534.95,544.05,7563
2014-06-06,549.45,553.5,537.6,543.45,5811
2014-06-09,550.0,563.95,544.0,555.45,8640
2014-06-10,559.45,658.2,550.0,646.4,67221
2014-06-11,633.1,665.75,620.0,627.0,23642
2014-06-12,639.0,648.8,623.9,638.2,10114
2014-06-13,631.0,644.0,596.55,600.95,4144
2014-06-16,610.0,627.0,587.0,623.85,2383
2014-06-17,628.05,640.0,626.0,632.05,2955
2014-06-18,635.0,639.0,626.0,631.1,4416
2014-06-19,624.8,644.9,620.0,620.95,2574
2014-06-20,616.05,620.0,603.0,616.4,2768
2014-06-23,613.1,645.0,608.0,629.55,5570
2014-06-24,638.5,639.0,631.0,634.0,1956
2014-06-25,636.0,639.0,631.95,634.3,3438
2014-06-26,627.1,649.0,627.1,644.7,2053
2014-06-27,640.15,659.35,640.15,653.35,8608
2014-06-30,662.95,669.0,648.5,653.85,5147
2014-07-01,655.0,670.0,655.0,658.8,4214
2014-07-02,670.0,674.9,660.0,664.7,6459
2014-07-03,655.0,714.0,636.0,685.6,68159
2014-07-04,685.1,692.4,660.1,676.65,9302
2014-07-07,663.3,683.95,660.0,662.95,1699
2014-07-08,663.05,713.9,663.0,691.75,25393
2014-07-09,699.0,699.0,660.0,661.2,3900
2014-07-10,655.0,670.0,635.0,644.45,3977
2014-07-11,643.0,677.95,640.0,644.5,4117
2014-07-14,640.0,641.25,616.15,625.8,4017
2014-07-15,626.0,663.0,626.0,656.95,5720
2014-07-16,643.0,697.0,643.0,686.9,10150
2014-07-17,687.6,707.7,680.0,704.5,9952
2014-07-18,705.05,762.0,705.0,718.4,37941
2014-07-21,724.0,735.0,706.05,715.75,3145
2014-07-22,725.7,725.7,690.0,694.05,3219
2014-07-23,690.05,714.0,687.1,700.2,5518
2014-07-24,700.05,719.0,692.1,706.0,6482
2014-07-25,700.05,701.0,693.0,699.95,5561
2014-07-28,699.0,713.0,687.05,700.2,2828
2014-07-30,686.3,708.9,686.3,701.9,2960
2014-07-31,701.05,710.0,695.0,700.65,2845
2014-08-01,695.05,717.0,690.0,706.0,5273
2014-08-04,713.0,734.9,692.0,726.95,5623
2014-08-05,738.95,738.95,715.05,719.25,932
2014-08-06,725.0,735.0,707.95,725.0,3090
2014-08-07,729.95,746.0,722.55,734.6,3713
2014-08-08,720.0,749.0,708.45,733.4,4195
2014-08-11,708.05,749.7,708.05,739.25,3389
2014-08-12,730.45,745.05,726.0,727.5,1632
2014-08-13,712.15,740.0,707.0,722.9,5646
2014-08-14,720.0,754.0,716.5,746.85,9961
2014-08-18,759.8,763.95,751.0,760.8,3492
2014-08-19,759.95,777.0,755.55,763.15,5646
2014-08-20,749.7,785.0,749.7,753.65,5701
2014-08-21,752.05,769.8,745.05,751.6,3445
2014-08-22,769.9,769.9,730.3,733.7,2667
2014-08-25,755.0,770.0,733.0,764.65,8892
2014-08-26,765.6,780.0,750.35,757.1,2204
2014-08-27,765.0,823.8,735.55,771.8,43528
2014-08-28,766.0,800.0,755.05,762.45,2806
2014-09-01,780.0,780.0,750.0,753.2,1976
2014-09-02,770.0,794.95,761.95,769.1,1134
2014-09-03,764.95,796.95,764.95,769.45,3527
2014-09-04,760.1,777.0,742.55,762.5,1778
2014-09-05,761.15,785.0,755.0,759.55,3500
2014-09-08,752.0,780.0,752.0,774.2,3018
2014-09-09,781.9,783.9,770.0,779.75,2651
2014-09-10,785.0,790.0,766.6,769.15,2635
2014-09-11,781.6,824.9,773.25,801.0,23964
2014-09-12,793.05,809.85,787.0,793.5,1982
2014-09-15,794.4,814.8,784.0,804.9,2999
2014-09-16,795.85,809.0,779.95,788.1,10250
2014-09-17,794.4,800.95,781.0,791.15,1444
2014-09-18,795.05,819.95,795.05,813.9,3287
2014-09-19,812.05,848.0,812.0,829.4,19254
2014-09-22,843.75,857.0,824.1,849.4,3556
2014-09-23,847.45,870.0,845.1,848.55,4332
2014-09-24,840.0,869.0,840.0,853.1,1772
2014-09-25,853.55,885.0,853.55,877.7,5539
2014-09-26,858.0,886.0,846.05,868.05,4288
2014-09-29,859.95,894.9,847.35,889.35,2662
2014-09-30,890.1,909.95,880.35,900.75,3938
2014-10-01,903.05,916.25,896.2,912.2,3094
2014-10-07,915.05,939.95,893.3,898.55,5555
2014-10-08,865.15,912.95,865.15,896.7,1040
2014-10-09,895.15,922.0,890.05,912.9,3063
2014-10-10,923.0,923.85,900.0,901.75,646
2014-10-13,928.0,939.5,870.15,917.4,3889
2014-10-14,916.85,939.65,910.0,910.75,2218
2014-10-16,888.0,939.95,888.0,915.0,1479
2014-10-17,926.0,928.0,897.0,905.05,2303
2014-10-20,921.95,943.95,883.0,898.7,20491
2014-10-21,900.0,906.0,894.75,898.25,3257
2014-10-22,880.05,924.8,880.05,921.45,2600
2014-10-23,922.0,935.0,921.95,927.55,1196
2014-10-27,935.0,936.25,920.0,924.85,1803
2014-10-28,929.95,938.0,917.0,927.05,1523
2014-10-29,920.0,936.0,920.0,929.2,5236
2014-10-30,916.0,943.75,916.0,939.7,1544
2014-10-31,948.0,960.0,933.65,936.5,1673
2014-11-03,937.9,959.95,934.0,946.15,2215
2014-11-05,989.95,989.95,930.05,930.85,1472
2014-11-07,910.0,961.0,910.0,948.2,2598
2014-11-10,948.35,952.7,930.5,944.35,1349
2014-11-11,918.0,964.5,907.0,943.95,12106
2014-11-12,930.0,940.0,910.15,933.3,2656
2014-11-13,935.3,937.1,916.05,917.55,572
2014-11-14,929.05,932.0,918.0,925.4,888
2014-11-17,930.0,932.55,911.0,917.85,1536
2014-11-18,921.0,939.95,920.5,929.35,4853
2014-11-19,927.45,948.0,926.0,944.3,3316
2014-11-20,949.65,954.0,921.25,944.05,9903
2014-11-21,948.0,965.0,947.95,955.7,3057
2014-11-24,969.75,980.0,964.0,972.3,6026
2014-11-25,985.05,999.0,965.05,986.05,8075
2014-11-26,999.0,1124.0,978.6,1009.5,27550
2014-11-27,1018.95,1043.0,1005.0,1039.1,6005
2014-11-28,1045.4,1060.0,1033.0,1048.4,8752
2014-12-01,1057.2,1070.35,1031.0,1035.45,2556
2014-12-02,1040.0,1054.95,1031.3,1050.0,4420
2014-12-03,1050.0,1064.5,1040.35,1053.75,6144
2014-12-04,1069.0,1069.0,1050.0,1053.75,7232
2014-12-05,1043.5,1058.7,1014.0,1028.6,1472
2014-12-08,1034.9,1055.0,992.6,1006.4,12673
2014-12-09,1012.95,1047.0,990.1,1031.65,8251
2014-12-10,1041.05,1054.9,1024.95,1040.65,3241
2014-12-11,1044.0,1049.0,1022.0,1040.45,1911
2014-12-12,1045.0,1049.95,993.6,996.9,2528
2014-12-15,1000.05,1070.0,1000.05,1045.95,8024
2014-12-16,1026.05,1028.0,1005.0,1019.65,6168
2014-12-17,1005.4,1030.0,995.6,1029.05,5805
2014-12-18,1047.0,1053.0,1002.1,1031.15,2675
2014-12-19,1028.5,1042.0,1005.05,1010.25,818
2014-12-22,1009.0,1044.15,1004.6,1010.35,1175
2014-12-23,1017.0,1030.0,1000.0,1009.1,1950
2014-12-24,1003.2,1006.9,990.2,993.05,740
2014-12-26,994.5,998.0,983.0,989.2,665
2014-12-29,986.3,995.9,980.0,988.65,910
2014-12-30,990.0,1070.0,986.1,1008.4,29745
2015-01-01,998.0,1013.1,990.05,995.65,1189
2015-01-02,1002.0,1002.0,990.0,995.05,1198
2015-01-05,996.0,1032.4,989.0,1020.65,1705
2015-01-06,1026.0,1026.95,980.0,995.45,1180
2015-01-07,991.5,1009.0,990.0,999.45,4547
2015-01-08,1009.9,1014.0,996.65,999.8,8618
2015-01-09,1017.6,1022.0,981.25,988.55,1772
2015-01-12,1000.0,1033.0,980.15,1000.8,2613
2015-01-13,1010.4,1019.0,990.0,1000.15,5358
2015-01-14,1003.15,1049.5,976.0,1018.0,4591
2015-01-15,1017.95,1040.0,1004.9,1030.8,3820
2015-01-16,1039.95,1040.0,990.0,995.0,1730
2015-01-19,1019.75,1019.75,965.4,982.3,2439
2015-01-20,990.0,995.45,970.35,990.0,973
2015-01-21,985.45,995.9,967.35,971.3,3308
2015-01-22,995.55,995.55,966.05,973.85,1233
2015-01-23,990.05,997.1,968.55,974.4,1050
2015-01-27,991.05,992.8,966.15,976.5,1287
2015-01-28,970.8,1027.0,970.65,1018.55,3569
2015-01-29,1017.95,1018.0,1000.0,1000.3,1008
2015-01-30,1000.05,1005.0,990.0,993.1,1339
2015-02-02,986.5,993.65,973.25,985.4,1965
2015-02-03,992.55,1005.05,982.2,985.45,1314
2015-02-04,1007.95,1008.0,950.0,955.1,32494
2015-02-05,959.95,979.5,904.0,925.85,2394
2015-02-06,940.0,940.0,906.0,908.65,4286
2015-02-09,912.0,912.0,895.0,903.4,607
2015-02-10,894.1,900.0,866.0,876.2,1721
2015-02-11,899.0,905.0,843.7,860.5,6122
2015-02-12,894.6,894.6,856.2,865.85,3658
2015-02-13,860.0,870.0,850.0,859.2,1249
2015-02-16,865.0,868.0,851.0,855.4,1238
2015-02-18,850.0,865.0,843.0,855.0,1171
2015-02-19,865.0,888.0,845.0,846.1,911
2015-02-20,858.0,859.0,851.25,854.1,1449
2015-02-23,851.25,890.4,827.0,839.4,2290
2015-02-24,835.1,848.0,815.25,827.75,1694
2015-02-25,825.0,830.05,813.0,819.95,2904
2015-02-26,820.0,834.0,806.75,826.6,2086
2015-02-27,826.0,844.95,787.7,810.45,8476
2015-02-28,805.0,818.9,785.85,803.95,2129
2015-03-02,820.0,884.0,804.0,860.55,7678
2015-03-03,860.0,860.1,824.75,834.85,4133
2015-03-04,851.7,851.7,826.0,834.35,6056
2015-03-05,845.85,858.0,839.6,841.3,1409
2015-03-09,830.1,850.0,822.1,825.25,1810
2015-03-10,824.65,848.0,824.5,839.1,925
2015-03-11,847.4,868.0,836.15,850.25,2611
2015-03-12,830.2,864.0,830.15,855.45,1123
2015-03-13,864.05,878.0,840.0,863.6,1455
2015-03-16,850.05,920.0,850.0,898.95,1671
2015-03-17,909.8,936.8,872.1,930.55,4872
2015-03-18,929.0,950.0,915.2,942.05,4088
2015-03-19,915.5,954.0,873.6,893.1,4175
2015-03-20,888.0,934.4,876.0,889.45,1760
2015-03-23,900.0,905.0,875.05,881.45,5277
2015-03-24,878.0,890.5,860.0,861.1,917
2015-03-25,870.0,889.9,867.0,878.7,905
2015-03-26,860.0,878.0,850.15,858.55,614
2015-03-27,871.8,875.0,860.2,866.1,612
2015-03-30,878.0,899.0,865.0,887.55,522
2015-03-31,874.0,898.9,870.0,880.95,558
2015-04-01,899.0,900.0,860.0,877.95,552
2015-04-06,871.0,906.0,855.0,868.7,1135
2015-04-07,868.0,895.0,866.1,885.95,907
2015-04-08,878.0,898.4,856.25,897.0,643
2015-04-09,880.1,897.95,866.7,878.2,312
2015-04-10,895.1,895.5,861.25,879.05,186
2015-04-13,895.0,895.0,874.95,885.0,240
2015-04-15,890.0,894.9,855.3,884.65,1460
2015-04-16,855.25,899.0,855.25,897.75,1714
2015-04-17,898.0,898.0,866.15,897.8,4004
2015-04-20,884.0,898.0,862.6,881.75,4356
2015-04-21,894.5,894.5,878.0,884.4,1624
2015-04-22,868.0,895.0,868.0,890.0,1248
2015-04-23,890.0,894.75,870.0,884.95,1291
2015-04-24,888.0,889.0,840.0,842.1,5124
2015-04-27,865.0,869.0,832.6,842.65,1417
2015-04-28,840.0,850.0,829.3,849.3,1718
2015-04-29,850.0,868.9,826.1,862.8,2420
2015-04-30,865.0,884.0,848.0,857.85,2620
2015-05-04,875.0,897.0,865.0,894.5,2219
2015-05-05,894.1,898.0,881.0,889.25,1107
2015-05-06,897.9,897.9,870.0,878.55,1628
2015-05-07,880.0,885.0,862.0,868.7,2031
2015-05-08,875.0,884.0,852.25,868.5,918
2015-05-11,900.0,936.0,888.0,918.75,4678
2015-05-12,938.0,948.0,892.3,923.95,13226
2015-05-13,937.7,944.95,906.25,918.9,12748
2015-05-14,934.4,934.4,913.05,930.55,3149
2015-05-15,929.95,938.5,928.5,936.7,2318
2015-05-18,936.7,969.9,936.65,964.0,4039
2015-05-19,960.0,1033.9,960.0,1012.55,6410
2015-05-20,1012.0,1039.5,998.1,1034.15,9076
2015-05-21,1039.5,1044.0,996.3,1036.9,8804
2015-05-22,1015.0,1036.0,993.6,1022.4,12651
2015-05-25,1015.0,1039.0,1010.1,1018.6,2645
2015-05-26,1008.05,1034.0,1006.1,1006.85,651
2015-05-27,1000.1,1023.95,992.2,1006.85,2520
2015-05-28,995.95,1027.0,995.95,1008.5,942
2015-05-29,1017.65,1026.0,990.0,996.3,4687
2015-06-01,1000.95,1018.0,984.0,1006.65,2902
2015-06-02,992.0,1012.0,981.0,994.9,2866
2015-06-03,999.9,999.95,984.5,995.8,2322
2015-06-04,1000.0,1009.0,985.0,993.85,2041
2015-06-05,988.0,1002.0,947.0,996.7,6672
2015-06-08,996.0,1007.0,980.0,995.45,4464
2015-06-09,992.0,998.5,980.05,992.9,2727
2015-06-10,991.0,1004.0,971.05,994.5,3543
2015-06-11,1005.0,1005.0,981.05,987.25,600
2015-06-12,990.5,997.9,976.2,983.95,4955
2015-06-15,994.0,1020.0,970.0,1013.5,2942
2015-06-16,996.0,1033.95,996.0,1028.25,5923
2015-06-17,1035.0,1050.0,1027.1,1047.1,3282
2015-06-18,1050.0,1078.4,1030.0,1071.8,3927
2015-06-19,1068.0,1087.0,1049.5,1056.0,3690
2015-06-22,1085.0,1109.95,1064.15,1106.15,5491
2015-06-23,1106.0,1122.95,1085.5,1120.95,5544
2015-06-24,1116.05,1123.45,1100.0,1109.95,2296
2015-06-25,1090.1,1128.8,1090.1,1123.25,2167
2015-06-26,1128.0,1128.0,1103.0,1118.3,1589
2015-06-29,1100.0,1119.9,1085.5,1111.35,1242
2015-06-30,1103.0,1118.0,1084.6,1107.35,2425
2015-07-01,1095.0,1128.0,1095.0,1114.5,845
2015-07-02,1115.0,1127.5,1115.0,1122.3,1193
2015-07-03,1115.0,1151.0,1115.0,1149.85,4327
2015-07-06,1145.0,1152.95,1120.0,1145.15,4072
2015-07-07,1128.05,1178.0,1128.0,1172.05,3095
2015-07-08,1185.0,1200.0,1165.0,1187.3,3385
2015-07-09,1174.0,1175.45,1155.0,1169.8,436
2015-07-10,1165.05,1189.5,1165.05,1172.5,345
2015-07-13,1170.0,1187.0,1133.6,1157.6,1406
2015-07-14,1125.0,1175.15,1103.25,1120.2,3683
2015-07-15,1138.95,1164.75,1102.95,1153.7,3152
2015-07-16,1145.0,1173.95,1127.0,1155.8,633
2015-07-17,1175.0,1175.0,1127.55,1162.95,567
2015-07-20,1175.0,1175.0,1147.5,1150.05,271
2015-07-21,1172.0,1175.0,1131.0,1135.5,4451
2015-07-22,1155.0,1158.15,1140.0,1151.4,1230
2015-07-23,1138.05,1150.0,1138.05,1140.05,1293
2015-07-24,1145.0,1145.0,1122.0,1123.45,234
2015-07-27,1130.0,1130.0,1083.95,1096.45,608
2015-07-28,1117.85,1130.0,1094.0,1112.2,1451
2015-07-29,1129.0,1149.9,1111.25,1133.35,2467
2015-07-30,1139.0,1144.9,1111.15,1122.9,859
2015-07-31,1116.0,1139.0,1114.55,1119.55,284
2015-08-03,1119.55,1135.0,1110.0,1130.25,246
2015-08-04,1139.0,1150.0,1121.0,1142.45,848
2015-08-05,1157.0,1158.0,1132.05,1144.15,1769
2015-08-06,1157.95,1164.0,1125.05,1126.3,1402
2015-08-07,1125.0,1160.0,1119.0,1149.0,985
2015-08-10,1122.0,1151.0,1122.0,1125.85,305
2015-08-11,1144.95,1144.95,1092.6,1097.65,1447
2015-08-12,1094.25,1097.0,1050.0,1064.75,1148
2015-08-13,1082.5,1118.0,1054.0,1059.4,1281
2015-08-14,1065.0,1079.0,1059.0,1069.6,1270
2015-08-17,1083.0,1083.0,1060.0,1068.55,135
2015-08-18,1073.0,1079.95,1042.6,1070.0,1835
2015-08-19,1071.0,1108.05,1070.0,1086.15,5482
2015-08-20,1077.0,1088.0,1063.0,1063.25,456
2015-08-21,1063.25,1067.0,1049.0,1053.9,134
2015-08-24,1042.0,1042.0,950.0,953.0,4711
2015-08-25,972.05,1047.0,970.0,1010.95,12797
2015-08-26,1020.0,1063.95,1006.5,1027.05,2832
2015-08-27,1012.05,1050.0,1012.0,1045.6,1150
2015-08-28,1040.0,1050.0,1011.6,1020.65,804
2015-08-31,1010.6,1030.0,1005.0,1006.3,405
2015-09-01,1000.0,1018.0,998.0,1000.2,1014
2015-09-02,1074.85,1074.85,988.25,1026.1,3450
2015-09-03,1020.0,1020.0,982.25,991.0,2580
2015-09-04,991.2,998.0,962.0,966.45,580
2015-09-07,950.05,986.0,945.7,947.65,1142
2015-09-08,954.0,977.8,937.95,963.95,374
2015-09-09,962.95,986.45,962.9,984.3,477
2015-09-10,970.0,972.0,970.0,972.0,82
2015-09-11,958.0,985.0,951.1,970.15,1156
2015-09-14,994.0,1008.0,972.0,997.55,1087
2015-09-15,990.0,990.0,990.0,990.0,1
2015-09-16,980.0,1000.0,971.75,973.55,501
2015-09-18,993.5,1007.95,974.0,981.35,238
2015-09-21,988.6,990.0,966.65,968.95,558
2015-09-22,984.5,984.5,950.0,955.9,989
2015-09-23,963.5,970.0,936.6,952.15,722
2015-09-24,970.0,970.0,942.6,966.45,380
2015-09-28,979.0,979.0,962.0,962.5,114
2015-09-29,962.0,968.8,950.45,952.25,208
2015-09-30,951.25,979.9,950.0,963.0,446
2015-10-01,979.9,980.0,951.0,961.7,468
2015-10-05,964.1,989.0,952.15,978.0,608
2015-10-06,985.5,985.5,953.15,954.85,305
2015-10-07,966.0,973.8,944.5,949.85,3924
2015-10-08,948.0,950.0,942.0,950.0,691
2015-10-09,950.0,990.0,944.0,960.3,3477
2015-10-12,952.05,980.0,948.05,954.85,1451
2015-10-13,983.0,987.9,958.0,982.05,4145
2015-10-14,970.0,1015.0,968.05,993.35,1080
2015-10-15,993.0,1005.0,976.05,983.0,781
2015-10-16,980.0,980.0,977.35,977.35,145
2015-10-19,972.0,998.75,972.0,986.55,2063
2015-10-20,988.95,1003.8,988.95,999.05,757
2015-10-21,1007.0,1007.0,983.5,989.2,1900
2015-10-23,989.2,1035.0,989.2,1022.25,2758
2015-10-26,1047.0,1134.7,1021.0,1114.0,24480
2015-10-27,1080.0,1190.0,1080.0,1159.9,19510
2015-10-28,1150.0,1284.9,1150.0,1244.75,34554
2015-10-29,1242.5,1302.0,1238.0,1251.6,16570
2015-10-30,1255.0,1339.95,1255.0,1311.9,10889
2015-11-02,1320.0,1474.0,1320.0,1457.8,38914
2015-11-03,1477.0,1523.95,1432.0,1470.85,18801
2015-11-04,1436.0,1494.0,1391.6,1432.1,11551
2015-11-05,1432.0,1448.95,1365.55,1423.25,6340
2015-11-06,1385.25,1421.0,1339.0,1368.2,3946
2015-11-09,1315.0,1408.0,1307.0,1374.7,3257
2015-11-10,1368.2,1368.2,1317.0,1329.55,1266
2015-11-11,1349.0,1375.0,1349.0,1355.45,1155
2015-11-13,1335.05,1355.0,1317.0,1322.75,1076
2015-11-16,1320.05,1424.0,1307.0,1364.75,9165
2015-11-17,1369.0,1375.0,1339.95,1350.3,10894
2015-11-18,1348.0,1359.0,1306.0,1318.95,1925
2015-11-19,1325.0,1357.0,1311.5,1331.2,1116
2015-11-20,1339.0,1350.0,1310.0,1342.8,1730
2015-11-23,1346.95,1349.0,1318.05,1326.5,1792
2015-11-24,1320.05,1369.0,1320.05,1331.3,1488
2015-11-26,1339.0,1544.0,1315.0,1487.15,35399
2015-11-27,1508.95,1611.8,1452.2,1486.15,55229
2015-11-30,1479.9,1539.45,1470.0,1499.4,15279
2015-12-01,1503.0,1527.0,1493.5,1497.25,8199
2015-12-02,1500.0,1510.0,1467.95,1478.95,5808
2015-12-03,1473.5,1504.1,1455.5,1465.85,4386
2015-12-04,1466.0,1498.0,1443.1,1474.55,3475
2015-12-07,1461.15,1494.3,1457.0,1459.45,1689
2015-12-08,1479.0,1479.0,1436.05,1444.1,2857
2015-12-09,1460.6,1460.6,1379.5,1384.15,4903
2015-12-10,1400.0,1468.0,1391.0,1444.4,7444
2015-12-11,1452.0,1460.0,1386.05,1391.55,1591
2015-12-14,1409.0,1440.0,1390.0,1411.5,2663
2015-12-15,1400.0,1445.0,1375.1,1418.7,3903
2015-12-16,1425.0,1472.0,1425.0,1457.65,5721
2015-12-17,1461.0,1619.0,1436.4,1468.85,3335
2015-12-18,1470.0,1470.0,1435.0,1449.4,939
2015-12-21,1431.0,1481.5,1431.0,1452.95,1984
2015-12-22,1458.95,1474.85,1450.0,1462.05,1608
2015-12-23,1468.4,1468.4,1433.95,1444.4,975
2015-12-24,1449.0,1459.9,1425.0,1440.8,1625
2015-12-28,1439.55,1446.95,1420.0,1426.6,790
2015-12-29,1430.0,1439.9,1400.0,1425.45,1490
2015-12-30,1411.25,1436.0,1400.05,1403.95,2108
2015-12-31,1406.05,1420.05,1401.1,1407.3,929
2016-01-01,1406.1,1425.0,1406.0,1417.1,959
2016-01-04,1419.0,1419.0,1390.05,1399.2,475
2016-01-05,1400.0,1409.85,1387.0,1400.2,1282
2016-01-06,1395.0,1487.8,1391.0,1415.1,3692
2016-01-07,1401.0,1401.0,1352.6,1364.25,2080
2016-01-08,1371.0,1436.9,1369.0,1397.45,1881
2016-01-11,1400.0,1400.0,1342.0,1361.1,2085
2016-01-12,1365.0,1373.5,1336.0,1350.65,2874
2016-01-13,1353.25,1375.0,1280.0,1311.35,4761
2016-01-14,1312.0,1329.95,1256.25,1300.1,1198
2016-01-15,1301.0,1318.95,1247.0,1257.35,1226
2016-01-18,1250.0,1250.0,1056.0,1106.55,4833
2016-01-19,1147.0,1175.0,1085.0,1149.0,4619
2016-01-20,1120.0,1159.7,1110.0,1133.4,611
2016-01-21,1149.0,1186.0,1140.0,1140.3,882
2016-01-22,1145.0,1170.0,1113.0,1164.1,869
2016-01-25,1165.0,1190.0,1161.1,1167.7,360
2016-01-27,1139.0,1178.35,1139.0,1156.35,842
2016-01-28,1152.05,1225.0,1145.0,1200.1,2841
2016-01-29,1209.0,1270.0,1205.0,1219.55,2909
2016-02-01,1220.0,1251.0,1200.15,1247.65,1701
2016-02-02,1243.3,1255.0,1145.0,1236.1,9291
2016-02-03,1206.3,1229.85,1192.55,1215.45,4121
2016-02-04,1215.0,1245.0,1201.0,1202.8,1068
2016-02-05,1209.0,1248.0,1209.0,1235.85,3120
2016-02-08,1220.25,1275.0,1220.25,1227.25,1552
2016-02-09,1233.0,1254.0,1218.05,1227.15,1278
2016-02-10,1212.05,1233.0,1200.0,1211.75,211
2016-02-11,1208.05,1208.05,1090.0,1124.4,7160
2016-02-12,1120.0,1123.0,1090.0,1109.4,2187
2016-02-15,1115.0,1155.0,1115.0,1147.05,320
2016-02-16,1144.0,1155.0,1112.0,1117.15,442
2016-02-17,1101.15,1153.0,1101.0,1147.9,449
2016-02-18,1148.0,1180.0,1135.0,1170.9,732
2016-02-19,1150.0,1195.0,1150.0,1178.9,597
2016-02-22,1178.9,1213.0,1178.9,1184.9,1201
2016-02-23,1180.0,1198.0,1159.0,1162.1,680
2016-02-24,1167.9,1175.0,1148.0,1151.2,863
2016-02-25,1155.95,1160.0,1111.0,1149.65,553
2016-02-26,1159.0,1159.8,1125.0,1133.35,725
2016-02-29,1118.0,1144.95,1095.0,1131.65,1014
2016-03-01,1139.0,1139.0,1117.0,1127.4,1607
2016-03-02,1135.0,1219.0,1110.0,1207.4,1421
2016-03-03,1195.0,1241.0,1181.0,1227.0,1590
2016-03-04,1231.0,1247.0,1213.0,1228.3,1184
2016-03-08,1230.0,1234.95,1205.5,1215.75,2498
2016-03-09,1200.05,1228.0,1190.0,1223.35,447
2016-03-10,1225.0,1226.25,1190.0,1193.85,772
2016-03-11,1201.05,1225.0,1200.0,1214.8,1377
2016-03-14,1219.0,1251.0,1219.0,1240.9,1581
2016-03-15,1258.2,1258.2,1221.0,1231.5,1339
2016-03-16,1237.95,1238.5,1225.3,1235.0,332
2016-03-17,1239.0,1272.0,1230.0,1252.2,1280
2016-03-18,1248.75,1372.45,1248.1,1281.6,8116
2016-03-21,1285.0,1300.0,1251.0,1259.75,946
2016-03-22,1237.0,1250.0,1201.0,1224.8,2278
2016-03-23,1229.0,1247.95,1211.0,1223.25,3257
2016-03-28,1202.6,1220.0,1175.0,1183.0,2169
2016-03-29,1175.25,1224.35,1175.25,1197.05,1946
2016-03-30,1201.0,1238.0,1180.7,1214.5,1920
2016-03-31,1219.0,1231.0,1213.0,1224.35,632
2016-04-01,1229.0,1240.0,1215.0,1238.6,671
2016-04-04,1230.0,1240.0,1213.25,1231.05,843
2016-04-05,1220.0,1225.0,1211.0,1223.05,417
2016-04-06,1220.05,1220.05,1176.5,1204.85,1490
2016-04-07,1212.0,1241.3,1192.6,1200.35,1111
2016-04-08,1208.0,1220.0,1204.15,1209.45,1025
2016-04-11,1215.0,1250.05,1210.0,1245.95,1324
2016-04-12,1239.95,1260.0,1219.1,1234.15,927
2016-04-13,1226.0,1300.0,1226.0,1263.5,5451
2016-04-18,1275.0,1366.0,1270.0,1336.1,3222
2016-04-20,1343.0,1369.0,1310.55,1317.65,741
2016-04-21,1301.6,1327.0,1300.0,1302.3,463
2016-04-22,1282.3,1330.0,1282.0,1306.95,732
2016-04-25,1319.0,1337.0,1294.3,1310.95,1061
2016-04-26,1300.25,1326.95,1300.0,1303.6,733
2016-04-27,1315.0,1321.0,1299.95,1300.0,1522
2016-04-28,1309.0,1310.95,1290.0,1291.9,712
2016-04-29,1268.05,1308.0,1246.2,1265.15,1676
2016-05-02,1275.0,1291.0,1262.0,1272.55,662
2016-05-03,1262.0,1301.0,1262.0,1273.9,325
2016-05-04,1278.95,1278.95,1251.65,1263.3,101
2016-05-05,1251.0,1255.6,1210.0,1216.35,3062
2016-05-06,1215.0,1249.0,1214.0,1231.6,432
2016-05-09,1239.0,1267.0,1239.0,1246.5,770
2016-05-10,1247.2,1310.0,1247.2,1300.7,4955
2016-05-11,1274.0,1307.7,1273.15,1301.95,2224
2016-05-12,1309.0,1338.0,1301.2,1318.65,2268
2016-05-13,1295.0,1385.0,1295.0,1354.65,9556
2016-05-16,1359.0,1373.0,1337.0,1347.55,1131
2016-05-17,1340.0,1350.0,1327.0,1334.95,901
2016-05-18,1327.05,1334.0,1301.0,1306.7,894
2016-05-19,1308.0,1319.0,1288.0,1297.25,292
2016-05-20,1285.0,1309.0,1261.05,1265.45,612
2016-05-23,1275.0,1324.85,1248.95,1262.0,298918
2016-05-24,1279.0,1285.0,1255.3,1262.2,2522
2016-05-25,1271.0,1295.0,1271.0,1280.2,1350
2016-05-26,1289.0,1295.0,1264.0,1279.35,1444
2016-05-27,1272.15,1293.9,1272.05,1288.85,1707
2016-05-30,1289.0,1307.0,1266.2,1301.55,1966
2016-05-31,1291.0,1305.0,1281.1,1294.5,3130
2016-06-01,1325.0,1347.0,1300.25,1311.8,4152
2016-06-02,1308.0,1309.0,1296.05,1300.15,836
2016-06-03,1318.0,1345.0,1300.0,1317.8,2352
2016-06-06,1321.1,1338.0,1307.0,1326.4,1524
2016-06-07,1333.0,1374.75,1333.0,1367.45,3754
2016-06-08,1376.0,1392.0,1351.6,1386.0,7810
2016-06-09,1386.0,1410.0,1350.0,1391.2,2575
2016-06-10,1367.0,1452.0,1367.0,1392.9,3686
2016-06-13,1388.95,1407.0,1372.0,1390.05,1824
2016-06-14,1408.95,1415.0,1370.0,1375.7,4196
2016-06-15,1380.75,1400.0,1370.0,1371.4,1101
2016-06-16,1368.0,1385.0,1364.2,1377.9,312
2016-06-17,1368.25,1379.9,1345.15,1359.75,976
2016-06-20,1374.9,1374.9,1350.15,1365.1,1074
2016-06-21,1370.0,1397.0,1368.4,1377.75,1253
2016-06-22,1360.0,1394.35,1348.0,1359.35,711
2016-06-23,1399.0,1399.0,1350.0,1366.45,1761
2016-06-24,1362.95,1362.95,1272.0,1334.2,1046
2016-06-27,1343.0,1383.9,1343.0,1379.75,566
2016-06-28,1375.3,1383.85,1323.4,1333.05,5121
2016-06-29,1338.05,1348.45,1312.95,1336.8,4019
2016-06-30,1354.0,1362.5,1321.0,1342.1,3261
2016-07-01,1355.95,1364.0,1326.05,1327.95,5842
2016-07-04,1349.0,1379.0,1311.6,1373.3,2045
2016-07-05,1373.3,1410.0,1362.5,1373.05,5230
2016-07-07,1384.05,1395.05,1374.0,1386.75,3203
2016-07-08,1382.9,1395.0,1381.0,1393.1,1267
2016-07-11,1400.0,1495.0,1376.6,1452.05,9427
2016-07-12,1476.0,1519.0,1415.9,1424.9,13002
2016-07-13,1448.5,1479.0,1425.0,1434.4,2521
2016-07-14,1422.0,1430.0,1342.3,1351.2,14129
2016-07-15,1375.0,1376.0,1320.0,1326.6,2855
2016-07-18,1313.3,1355.0,1313.3,1333.35,3470
2016-07-19,1355.0,1435.0,1305.0,1410.65,18176
2016-07-20,1396.5,1464.0,1371.0,1440.95,8113
2016-07-21,1427.0,1499.0,1427.0,1472.1,7008
2016-07-22,1468.0,1499.5,1457.7,1465.6,4602
2016-07-25,1451.0,1485.0,1440.0,1453.1,5932
2016-07-26,1428.5,1619.8,1428.45,1543.05,19024
2016-07-27,1559.0,1574.0,1530.05,1553.35,7659
2016-07-28,1540.0,1650.0,1525.0,1620.05,17058
2016-07-29,1620.0,1648.0,1610.0,1619.8,7125
2016-08-01,1608.05,1694.95,1608.05,1638.25,10755
2016-08-02,1664.95,1689.9,1635.0,1643.1,6742
2016-08-03,1627.0,1642.9,1552.2,1574.35,6164
2016-08-04,1558.6,1587.9,1510.0,1525.2,5866
2016-08-05,1513.0,1616.0,1513.0,1601.75,8339
2016-08-08,1610.0,1630.0,1590.5,1609.6,5691
2016-08-09,1593.5,1620.95,1565.6,1594.25,4853
2016-08-10,1575.0,1603.0,1545.0,1553.35,3765
2016-08-11,1525.25,1555.95,1520.0,1526.35,3197
2016-08-12,1511.1,1565.05,1504.6,1536.6,6423
2016-08-16,1522.05,1537.95,1500.0,1503.95,5208
2016-08-17,1503.05,1522.65,1480.0,1483.85,7572
2016-08-18,1471.0,1524.0,1471.0,1504.2,4055
2016-08-19,1523.75,1523.75,1485.1,1501.9,6624
2016-08-22,1486.85,1515.95,1480.0,1502.95,5108
2016-08-23,1490.05,1510.95,1482.75,1498.1,4295
2016-08-24,1485.0,1518.0,1485.0,1500.4,7214
2016-08-25,1495.05,1574.0,1492.8,1518.1,8021
2016-08-26,1504.0,1536.9,1486.0,1499.6,4775
2016-08-29,1494.95,1588.0,1490.05,1537.45,12710
2016-08-30,1536.0,1586.0,1533.15,1551.8,5727
2016-08-31,1536.2,1574.15,1535.0,1561.75,6731
2016-09-01,1565.3,1588.0,1536.3,1550.9,6423
2016-09-02,1538.7,1555.5,1520.2,1533.85,3787
2016-09-06,1518.5,1538.6,1517.0,1529.45,8051
2016-09-07,1514.1,1560.0,1512.0,1528.1,7638
2016-09-08,1512.8,1559.0,1512.8,1538.7,5055
2016-09-09,1523.3,1559.0,1515.0,1522.55,6109
2016-09-12,1500.1,1547.5,1465.2,1483.5,14910
2016-09-14,1475.0,1490.25,1451.0,1475.4,6981
2016-09-15,1470.0,1472.0,1451.0,1460.3,8916
2016-09-16,1447.1,1499.0,1447.1,1485.45,3923
2016-09-19,1470.55,1484.0,1451.65,1461.85,7300
2016-09-20,1451.0,1470.35,1440.0,1454.35,7393
2016-09-21,1443.0,1480.0,1443.0,1461.8,5381
2016-09-22,1451.0,1493.0,1451.0,1479.05,5350
2016-09-23,1464.25,1505.0,1464.25,1498.3,8025
2016-09-26,1483.3,1520.05,1475.5,1484.6,5624
2016-09-27,1509.95,1512.55,1465.15,1479.05,6327
2016-09-28,1480.4,1484.95,1452.4,1461.0,6014
2016-09-29,1477.95,1483.0,1435.0,1444.4,7863
2016-09-30,1429.95,1468.0,1426.15,1454.6,4210
2016-10-03,1450.05,1478.95,1450.05,1456.65,14066
2016-10-04,1497.0,1500.0,1452.55,1493.7,8734
2016-10-05,1481.0,1548.0,1481.0,1513.65,7419
2016-10-06,1499.0,1578.0,1499.0,1560.15,12496
2016-10-07,1583.0,1620.0,1565.05,1602.8,12272
2016-10-10,1610.0,1670.0,1585.1,1594.5,82211
2016-10-13,1618.0,1681.05,1552.55,1664.1,32201
2016-10-14,1647.45,1926.35,1647.45,1853.2,110634
2016-10-17,1870.1,2170.0,1850.0,2037.4,195530
2016-10-18,2056.95,2129.0,1985.0,1999.45,62144
2016-10-19,2022.0,2060.0,1912.0,1947.3,35376
2016-10-20,1949.9,2035.0,1934.7,1971.15,51540
2016-10-21,1975.05,1991.4,1899.6,1960.75,44110
2016-10-24,1972.25,2019.0,1965.0,1970.25,27449
2016-10-25,1993.0,2057.95,1954.35,2047.8,28389
2016-10-26,2043.4,2080.0,1975.0,1990.65,33187
2016-10-27,2004.2,2004.25,1940.15,1949.15,15495
2016-10-28,1962.65,1970.0,1901.1,1933.65,9178
2016-10-30,1968.0,1997.15,1933.0,1980.8,3666
2016-11-01,1980.8,1988.0,1935.6,1945.2,8071
2016-11-02,1936.6,1950.1,1913.95,1921.7,7417
2016-11-03,1924.95,1944.95,1875.1,1907.8,11123
2016-11-04,1891.05,1908.0,1788.0,1815.4,11855
2016-11-07,1825.0,1860.0,1780.0,1788.85,8245
2016-11-08,1779.0,1829.95,1764.85,1802.65,8746
2016-11-09,1561.15,1819.15,1551.0,1797.35,11548
2016-11-10,1840.0,1882.1,1807.6,1830.0,6310
2016-11-11,1807.0,1810.05,1710.5,1726.3,5862
2016-11-15,1701.0,1719.9,1490.05,1514.5,22441
2016-11-16,1517.0,1619.85,1480.55,1487.55,11874
2016-11-17,1477.05,1538.0,1477.0,1493.1,7821
2016-11-18,1515.15,1520.5,1478.5,1492.45,8167
2016-11-21,1540.0,1540.0,1400.0,1439.65,20038
2016-11-22,1412.5,1488.8,1384.05,1420.3,10191
2016-11-23,1488.0,1494.0,1401.05,1441.9,9895
2016-11-24,1425.0,1470.0,1425.0,1449.95,10789
2016-11-25,1459.9,1570.0,1450.05,1557.4,14858
2016-11-28,1558.0,1588.5,1536.5,1567.5,7467
2016-11-29,1579.0,1648.0,1551.8,1631.7,6561
2016-11-30,1650.75,1695.0,1616.15,1656.6,7122
2016-12-01,1658.1,1674.05,1600.0,1610.55,5272
2016-12-02,1582.1,1652.0,1562.25,1623.45,2678
2016-12-05,1625.0,1638.0,1552.7,1574.2,6465
2016-12-06,1600.0,1600.0,1567.0,1573.75,8348
2016-12-07,1589.95,1590.0,1543.25,1554.2,9426
2016-12-08,1572.95,1645.0,1567.55,1632.55,5668
2016-12-09,1650.0,1663.25,1602.5,1612.75,6409
2016-12-12,1605.6,1613.0,1576.0,1586.45,1826
2016-12-13,1596.95,1612.0,1575.1,1586.55,2036
2016-12-14,1578.25,1599.0,1578.25,1583.0,2231
2016-12-15,1589.1,1590.0,1552.05,1562.0,2509
2016-12-16,1579.95,1579.95,1545.25,1565.6,1248
2016-12-19,1565.95,1573.95,1536.6,1545.0,1188
2016-12-20,1549.95,1570.0,1520.0,1527.05,2317
2016-12-21,1520.65,1568.9,1520.0,1553.6,1863
2016-12-22,1530.15,1542.2,1509.0,1524.35,1661
2016-12-23,1507.05,1550.9,1500.0,1536.2,3496
2016-12-26,1534.35,1534.55,1500.1,1505.4,6856
2016-12-27,1510.05,1536.0,1501.55,1519.8,1486
2016-12-28,1529.0,1540.0,1514.0,1520.8,3030
2016-12-29,1535.0,1535.0,1516.0,1522.6,1010
2016-12-30,1544.0,1645.0,1543.9,1612.15,4971
2017-01-02,1640.0,1680.0,1584.05,1591.85,4549
2017-01-03,1603.15,1624.45,1571.6,1602.45,919
2017-01-04,1617.35,1620.0,1568.0,1573.2,2247
2017-01-05,1577.5,1597.0,1577.5,1591.7,2214
2017-01-06,1589.9,1607.0,1580.0,1597.35,1390
2017-01-09,1618.45,1624.0,1595.0,1613.45,1081
2017-01-10,1624.35,1624.35,1600.0,1609.2,1279
2017-01-11,1606.85,1650.0,1600.25,1626.95,12910
2017-01-12,1630.0,1647.65,1615.0,1617.95,1347
2017-01-13,1616.05,1640.0,1615.95,1617.95,1214
2017-01-16,1630.0,1637.0,1616.1,1622.15,1110
2017-01-17,1618.65,1624.7,1591.15,1599.8,1861
2017-01-18,1592.55,1625.0,1591.15,1611.25,11014
2017-01-19,1598.3,1611.95,1592.0,1603.6,498
2017-01-20,1608.35,1626.0,1583.05,1596.4,1386
2017-01-23,1591.25,1613.0,1583.75,1606.65,2981
2017-01-24,1621.4,1645.0,1605.0,1625.65,2226
2017-01-25,1617.7,1649.0,1617.7,1635.25,2147
2017-01-27,1649.95,1724.75,1641.0,1670.1,4388
2017-01-30,1678.95,1720.0,1662.6,1692.9,6844
2017-01-31,1686.4,1688.5,1654.0,1663.55,3285
2017-02-01,1665.65,1736.0,1652.1,1698.2,2579
2017-02-02,1705.0,1735.0,1685.0,1718.4,5314
2017-02-03,1726.95,1750.0,1695.45,1722.3,4093
2017-02-06,1744.9,1800.0,1700.05,1781.85,14747
2017-02-07,1799.0,1820.0,1764.25,1773.0,5577
2017-02-08,1773.55,1800.0,1756.55,1762.4,1143
2017-02-09,1758.0,1793.25,1758.0,1777.7,790
2017-02-10,1795.65,1797.95,1730.0,1744.6,1184
2017-02-13,1754.05,1768.0,1725.05,1738.6,1918
2017-02-14,1745.0,1750.05,1699.95,1709.45,1494
2017-02-15,1712.0,1712.0,1649.9,1685.05,2990
2017-02-16,1690.0,1720.0,1682.1,1704.7,1321
2017-02-17,1727.7,1749.0,1710.45,1722.0,1821
2017-02-20,1735.0,1750.0,1705.0,1714.5,1640
2017-02-21,1734.1,1734.15,1682.25,1696.95,2896
2017-02-22,1717.15,1727.5,1685.0,1700.9,4584
2017-02-23,1706.4,1715.95,1691.0,1696.05,1206
2017-02-27,1683.4,1720.0,1675.0,1680.1,1973
2017-02-28,1692.85,1700.0,1666.0,1697.05,2752
2017-03-01,1694.1,1700.1,1682.5,1688.4,3682
2017-03-02,1683.55,1728.0,1675.0,1723.3,4914
2017-03-03,1720.0,1781.0,1691.15,1741.95,3176
2017-03-06,1742.0,1815.0,1741.95,1807.7,4611
2017-03-07,1804.15,1824.9,1785.65,1803.65,2936
2017-03-08,1796.0,1820.0,1785.0,1794.95,2285
2017-03-09,1801.25,1815.0,1785.0,1805.75,2899
2017-03-10,1802.0,1820.0,1796.5,1815.55,2856
2017-03-14,1843.4,1847.0,1790.05,1813.1,5439
2017-03-15,1825.55,1835.0,1785.0,1816.25,3477
2017-03-16,1845.0,1845.0,1804.0,1814.6,5332
2017-03-17,1828.05,1849.5,1821.6,1824.0,2778
2017-03-20,1827.05,1835.95,1787.35,1807.7,3004
2017-03-21,1805.2,1830.0,1802.0,1820.7,3209
2017-03-22,1790.65,1830.0,1778.05,1824.7,2225
2017-03-23,1818.55,1834.5,1805.0,1823.8,3726
2017-03-24,1816.35,1885.0,1815.05,1843.15,3511
2017-03-27,1840.05,1854.4,1821.05,1845.6,2206
2017-03-28,1847.7,1874.0,1840.0,1856.55,1548
2017-03-29,1860.0,1872.0,1849.0,1868.75,6335
2017-03-30,1868.75,1890.0,1855.5,1871.95,2664
2017-03-31,1872.05,1889.0,1842.0,1881.15,8217
2017-04-03,1880.0,1890.0,1865.0,1883.3,1251
2017-04-05,1889.95,1932.95,1885.05,1915.1,2519
2017-04-06,1899.8,1950.15,1891.0,1939.4,9003
2017-04-07,1939.4,1944.0,1882.6,1903.3,2607
2017-04-10,1898.95,1957.95,1895.0,1951.05,3612
2017-04-11,1952.9,1971.0,1932.05,1942.55,7364
2017-04-12,1940.0,1955.0,1903.0,1948.95,6692
2017-04-13,1949.65,1984.9,1940.0,1954.8,10437
2017-04-17,1921.15,2000.0,1921.15,1980.15,8371
2017-04-18,1974.8,2007.0,1959.7,1968.6,6057
2017-04-19,1973.7,2019.9,1971.05,2009.15,5984
2017-04-20,2014.2,2128.0,2010.0,2065.45,15791
2017-04-21,2078.95,2124.0,2051.3,2073.5,4151
2017-04-24,2085.0,2105.0,2062.0,2079.05,6547
2017-04-25,2063.0,2098.0,2062.0,2080.75,11624
2017-04-26,2080.0,2090.0,2065.1,2081.4,5542
2017-04-27,2084.95,2090.0,2070.0,2083.55,1171
2017-04-28,2078.9,2080.7,2049.95,2071.4,2250
2017-05-02,2051.05,2056.0,1981.25,2014.25,16875
2017-05-03,2000.3,2020.0,2000.0,2000.85,3167
2017-05-04,2006.7,2021.0,1983.15,2017.3,2505
2017-05-05,2000.0,2020.0,1998.1,2001.5,5937
2017-05-08,2005.7,2026.45,1999.95,2000.55,4168
2017-05-09,2007.2,2014.45,2000.0,2000.15,4432
2017-05-10,2017.8,2017.8,1975.65,2009.7,5197
2017-05-11,2022.15,2060.0,2009.0,2055.35,6296
2017-05-12,2047.4,2074.0,2014.2,2039.85,2647
2017-05-15,2038.7,2060.05,2021.0,2046.8,13062
2017-05-16,2054.95,2089.0,2050.0,2071.9,5136
2017-05-17,2052.05,2100.0,2052.05,2088.8,4005
2017-05-18,2087.45,2088.0,2055.2,2066.65,1132
2017-05-19,2025.05,2069.95,2005.0,2027.0,1105
2017-05-22,2014.3,2026.0,1995.0,1995.1,3437
2017-05-23,1982.15,2000.05,1925.0,1953.8,5913
2017-05-24,1954.8,1969.95,1919.05,1922.3,2484
2017-05-25,1922.0,1960.0,1917.95,1926.85,2247
2017-05-26,1953.05,1960.0,1935.1,1945.1,2475
2017-05-29,1919.05,1941.0,1915.05,1934.6,353
2017-05-30,1923.3,1941.0,1918.05,1932.0,977
2017-05-31,1942.55,1944.0,1920.0,1926.9,960
2017-06-01,1930.0,1938.0,1922.0,1925.95,2680
2017-06-02,1916.35,1925.0,1901.0,1911.55,2333
2017-06-05,1924.95,1945.0,1912.05,1939.0,1992
2017-06-06,1908.25,1947.65,1908.0,1913.15,1785
2017-06-07,1922.0,1937.2,1915.0,1934.75,413
2017-06-08,1935.0,1940.0,1925.0,1928.05,1011
2017-06-09,1917.55,1934.95,1898.7,1922.55,5446
2017-06-12,1932.05,1935.55,1882.0,1891.6,1985
2017-06-13,1860.1,1910.95,1860.1,1892.5,1893
2017-06-14,1882.65,1908.8,1870.0,1881.5,2045
2017-06-15,1889.95,1935.0,1889.95,1928.6,1928
2017-06-16,1935.9,1942.45,1922.0,1938.05,1777
2017-06-19,1940.0,1940.0,1911.0,1928.0,1133
2017-06-20,1931.95,1940.0,1923.6,1927.95,1954
2017-06-21,1926.8,1931.0,1917.95,1928.55,874
2017-06-22,1924.95,1931.95,1900.0,1923.25,3699
2017-06-23,1920.0,1928.0,1884.4,1899.35,2679
2017-06-27,1886.95,1888.45,1860.0,1867.4,1147
2017-06-28,1874.95,1893.5,1864.55,1867.6,1698
2017-06-29,1865.0,1880.0,1862.2,1871.4,1200
2017-06-30,1849.45,1867.0,1843.45,1860.1,803
2017-07-03,1861.45,1898.5,1855.15,1893.45,1282
2017-07-04,1900.0,1920.0,1900.0,1913.15,1719
2017-07-05,1901.05,1935.0,1901.05,1928.7,791
2017-07-06,1921.45,1924.8,1894.15,1895.6,1486
2017-07-07,1900.0,1939.0,1867.3,1918.35,3667
2017-07-10,1919.75,1920.0,1903.0,1908.5,355
2017-07-11,1905.8,1910.0,1882.15,1899.8,606
2017-07-12,1913.95,1925.0,1900.55,1916.75,2224
2017-07-13,1919.8,1930.0,1897.2,1917.25,3285
2017-07-14,1920.0,1922.0,1907.0,1919.0,2366
2017-07-17,1920.0,1960.5,1911.0,1952.0,4375
2017-07-18,1922.0,1991.0,1922.0,1978.75,5784
2017-07-19,1988.65,2074.7,1976.2,2020.6,7477
2017-07-20,1995.0,2049.0,1995.0,2042.0,3108
2017-07-21,2020.65,2099.0,2020.6,2065.75,4426
2017-07-24,2055.05,2115.0,2050.0,2088.0,1936
2017-07-25,2051.1,2085.0,2025.6,2047.3,2567
2017-07-26,2037.45,2055.0,2020.6,2036.5,1935
2017-07-27,2087.7,2230.8,2068.55,2126.15,28543
2017-07-28,2170.0,2230.0,2130.05,2168.65,20304
2017-07-31,2151.1,2198.0,2143.0,2174.05,3367
2017-08-01,2190.0,2260.0,2172.0,2222.55,30599
2017-08-02,2217.9,2275.0,2215.8,2268.05,8480
2017-08-03,2270.0,2288.0,2244.0,2268.45,4242
2017-08-04,2289.0,2325.0,2268.0,2317.7,8152
2017-08-07,2310.0,2425.0,2310.0,2406.15,10482
2017-08-08,2410.0,2449.8,2382.4,2424.4,7658
2017-08-09,2440.0,2440.0,2310.0,2320.9,3213
2017-08-10,2320.0,2320.0,2070.05,2094.8,11560
2017-08-11,1911.1,2215.0,1911.1,2135.05,3821
2017-08-14,2155.0,2314.0,2155.0,2295.35,5548
2017-08-16,2343.95,2399.9,2255.55,2371.1,7828
2017-08-17,2379.0,2431.95,2364.1,2373.3,3057
2017-08-18,2370.0,2399.0,2345.1,2361.5,1284
2017-08-21,2370.0,2373.8,2310.05,2323.5,3320
2017-08-22,2312.15,2312.15,2268.05,2270.6,4481
2017-08-23,2258.1,2400.0,2256.05,2385.6,2388
2017-08-24,2410.0,2410.0,2338.25,2392.15,2529
2017-08-28,2370.0,2439.0,2369.95,2417.1,4122
2017-08-29,2414.2,2451.0,2404.05,2428.6,4233
2017-08-30,2439.0,2479.95,2430.0,2462.6,5367
2017-08-31,2450.05,2507.0,2442.05,2499.65,4293
2017-09-01,2531.95,2560.0,2450.0,2469.65,3299
2017-09-04,2499.9,2550.0,2460.15,2479.6,2807
2017-09-05,2500.0,2529.9,2450.0,2466.0,3046
2017-09-06,2451.15,2510.0,2451.0,2471.95,2180
2017-09-07,2500.0,2915.0,2478.05,2832.75,58252
2017-09-08,2879.0,3117.0,2866.0,3056.5,93544
2017-09-11,3056.5,3410.0,3056.5,3253.25,91901
2017-09-12,3400.0,3450.0,3080.0,3112.85,57928
2017-09-13,3101.05,3127.45,2832.0,2887.35,49130
2017-09-14,2919.0,2930.05,2841.0,2891.75,22839
2017-09-15,2855.0,2900.0,2829.0,2846.0,31794
2017-09-18,2850.0,2948.0,2850.0,2897.2,13369
2017-09-19,2939.0,3015.0,2813.25,2914.35,13192
2017-09-20,2940.0,2962.0,2880.4,2891.25,5433
2017-09-21,2889.95,2890.0,2765.0,2781.55,19261
2017-09-22,2780.0,2799.55,2700.0,2747.25,12154
2017-09-25,2769.95,2789.9,2582.45,2710.15,11098
2017-09-26,2718.95,2848.0,2692.6,2808.0,9168
2017-09-27,2802.05,2839.95,2655.0,2675.3,30613
2017-09-28,2674.95,2736.0,2602.1,2724.65,28007
2017-09-29,2770.0,2905.0,2745.0,2859.55,15800
2017-10-03,2882.25,2948.0,2831.0,2845.05,14807
2017-10-04,2898.0,2915.0,2811.0,2821.0,7005
2017-10-05,2833.85,2859.9,2772.0,2790.05,7433
2017-10-06,2787.5,2836.95,2739.15,2780.65,8887
2017-10-09,2730.1,2832.0,2730.1,2774.15,4266
2017-10-10,2795.0,2818.0,2751.0,2802.35,3712
2017-10-11,2830.0,2830.0,2743.0,2757.1,4413
2017-10-12,2733.6,2800.0,2733.6,2750.9,4355
2017-10-13,2788.95,2798.8,2752.0,2756.15,3746
2017-10-16,2815.0,2894.95,2736.0,2749.05,7368
2017-10-17,2760.0,2820.0,2737.55,2789.45,5306
2017-10-18,2826.95,2826.95,2775.0,2781.8,2323
2017-10-19,2798.65,2850.0,2798.65,2819.95,3309
2017-10-23,2843.95,2844.0,2750.05,2762.55,3246
2017-10-24,2751.0,2800.0,2750.0,2782.45,1661
2017-10-25,2799.95,2799.95,2667.85,2678.15,7003
2017-10-26,2725.0,2725.0,2664.0,2683.8,3981
2017-10-27,2729.0,2729.0,2647.15,2713.45,11791
2017-10-30,2691.05,2750.2,2671.0,2678.5,5322
2017-10-31,2679.0,2709.0,2664.0,2680.95,2470
2017-11-01,2685.05,2741.0,2664.0,2669.85,4464
2017-11-02,2704.0,2704.0,2646.0,2660.95,4047
2017-11-03,2645.05,2675.05,2640.0,2645.05,5220
2017-11-06,2693.0,2750.0,2650.05,2733.1,3932
2017-11-07,2769.0,2800.0,2674.0,2773.1,4637
2017-11-08,2750.0,2823.0,2750.0,2808.25,5943
2017-11-09,2775.15,2800.0,2720.0,2750.15,4019
2017-11-10,2742.4,2805.0,2739.95,2769.85,2478
2017-11-13,2798.95,2800.0,2750.0,2772.5,1427
2017-11-14,2730.1,2787.35,2730.05,2760.3,1040
2017-11-15,2752.6,2754.1,2620.0,2638.75,5565
2017-11-16,2638.8,2694.0,2628.0,2665.9,3303
2017-11-17,2695.1,2725.05,2662.15,2681.95,1986
2017-11-20,2681.95,2753.9,2681.95,2747.45,2449
2017-11-21,2748.5,2774.0,2736.0,2751.95,1194
2017-11-22,2744.05,2807.0,2735.0,2779.05,3062
2017-11-23,2751.3,2790.0,2730.0,2738.5,4424
2017-11-24,2738.5,2767.4,2730.0,2744.8,2292
2017-11-27,2764.6,2784.0,2734.95,2769.05,3011
2017-11-28,2759.9,2772.6,2750.0,2755.4,2221
2017-11-29,2767.6,2770.0,2741.05,2757.0,1570
2017-11-30,2749.9,2770.0,2740.25,2751.55,1198
2017-12-01,2750.1,2770.0,2729.95,2739.5,2179
2017-12-04,2739.55,2768.8,2713.25,2761.45,2253
2017-12-05,2710.2,2764.85,2671.0,2759.0,2305
2017-12-06,2711.0,2792.0,2711.0,2731.5,1906
2017-12-07,2730.85,2745.95,2726.25,2737.7,2087
2017-12-08,2737.0,2757.45,2680.0,2706.15,9239
2017-12-11,2700.05,2734.0,2662.1,2686.55,9275
2017-12-12,2709.95,2719.0,2670.0,2677.7,2544
2017-12-13,2680.7,2724.0,2670.0,2703.8,7472
2017-12-14,2721.35,2830.05,2719.95,2815.9,16533
2017-12-15,2820.0,2875.0,2820.0,2869.75,5867
2017-12-18,2848.0,2870.0,2810.0,2844.5,6217
2017-12-19,2825.0,2864.95,2820.0,2825.9,3193
2017-12-20,2821.15,2822.6,2770.0,2774.75,2519
2017-12-21,2774.05,2790.0,2729.0,2768.25,3128
2017-12-22,2764.9,2791.0,2749.95,2784.9,5087
2017-12-26,2762.0,2820.0,2756.25,2805.75,3012
2017-12-27,2808.95,2817.0,2752.0,2766.55,5125
2017-12-28,2787.3,2790.05,2731.1,2744.65,4100
2017-12-29,2778.4,2804.0,2755.0,2760.7,2548
2018-01-01,2774.2,2795.0,2752.55,2781.1,2025
2018-01-02,2769.9,2785.0,2745.0,2750.85,5798
2018-01-03,2764.7,2764.7,2702.0,2740.05,2570
2018-01-04,2750.05,2760.0,2717.95,2739.7,2003
2018-01-05,2765.35,2897.0,2750.05,2853.95,9725
2018-01-08,2899.0,2920.0,2850.0,2883.15,7431
2018-01-09,2850.05,2930.05,2824.95,2862.75,5923
2018-01-10,2875.05,2878.1,2825.0,2843.15,4462
2018-01-11,2883.95,2883.95,2772.05,2791.35,3628
2018-01-12,2795.2,2820.0,2750.0,2758.05,3275
2018-01-15,2799.0,2900.0,2759.1,2845.65,9557
2018-01-16,2850.3,2850.3,2760.0,2766.35,2087
2018-01-17,2751.15,2809.0,2741.05,2775.3,1260
2018-01-18,2785.85,2829.75,2751.0,2756.65,3348
2018-01-19,2727.5,2779.0,2711.25,2761.25,1654
2018-01-22,2734.0,2798.0,2734.0,2794.8,1632
2018-01-23,2836.95,2836.95,2749.0,2757.35,4079
2018-01-24,2766.45,2775.0,2700.0,2720.25,4790
2018-01-25,2712.4,2806.0,2712.4,2800.0,5809
2018-01-29,2825.0,2847.95,2720.0,2729.4,6381
2018-01-30,2714.15,2715.55,2675.0,2683.0,2183
2018-01-31,2685.05,2700.05,2650.05,2665.3,1662
2018-02-01,2650.1,2750.0,2455.0,2719.4,3428
2018-02-02,2700.05,2700.05,2580.0,2602.0,3042
2018-02-05,2505.8,2570.0,2505.8,2548.15,4070
2018-02-06,2461.25,2517.0,2440.0,2498.7,7869
2018-02-07,2548.65,2580.0,2423.0,2559.2,7282
2018-02-08,2559.95,2614.0,2520.0,2570.1,3633
2018-02-09,2450.0,2510.15,2450.0,2456.65,5723
2018-02-12,2471.0,2471.05,2440.0,2445.35,5363
2018-02-14,2479.0,2488.35,2436.0,2446.35,6212
2018-02-15,2447.35,2457.7,2420.1,2430.75,3516
2018-02-16,2439.9,2459.95,2420.05,2446.2,1126
2018-02-19,2453.0,2453.0,2410.05,2422.85,1648
2018-02-20,2410.3,2424.0,2380.05,2393.9,2443
2018-02-21,2411.9,2415.0,2365.65,2384.7,1805
2018-02-22,2345.05,2399.0,2345.05,2375.8,2812
2018-02-23,2386.15,2400.0,2359.95,2387.55,5387
2018-02-26,2371.6,2400.0,2371.15,2389.5,4882
2018-02-27,2419.95,2431.0,2380.05,2408.3,5824
2018-02-28,2390.1,2460.05,2388.05,2425.9,2656
2018-03-01,2458.0,2458.0,2390.0,2412.85,5336
2018-03-05,2420.05,2438.95,2350.0,2353.1,2475
2018-03-06,2351.1,2423.65,2350.0,2363.0,3483
2018-03-07,2325.05,2400.0,2300.0,2312.15,3301
2018-03-08,2314.65,2325.9,2270.0,2283.95,4865
2018-03-09,2290.2,2305.05,2238.35,2250.05,15083
2018-03-12,2288.9,2424.6,2263.0,2279.0,9572
2018-03-13,2298.0,2305.0,2272.75,2293.9,7343
2018-03-14,2262.65,2320.0,2222.0,2288.5,8763
2018-03-15,2266.0,2293.4,2250.0,2259.45,3646
2018-03-16,2263.95,2294.95,2245.0,2252.15,2849
2018-03-19,2225.55,2233.95,2191.85,2200.4,6962
2018-03-20,2220.0,2239.9,2199.95,2202.95,7632
2018-03-21,2226.9,2243.95,2210.15,2222.75,15579
2018-03-22,2230.0,2261.85,2201.0,2228.75,13536
2018-03-23,2224.9,2224.9,2110.0,2129.3,13649
2018-03-26,2109.95,2159.9,2103.55,2148.45,5783
2018-03-27,2189.0,2311.95,2162.2,2299.05,5880
2018-03-28,2255.35,2348.5,2245.0,2288.7,6420
2018-04-02,2300.0,2343.05,2290.05,2299.95,1548
2018-04-03,2301.9,2325.0,2266.25,2284.45,2214
2018-04-04,2296.25,2320.0,2251.0,2312.45,3739
2018-04-05,2272.05,2375.05,2272.0,2362.65,2785
2018-04-06,2382.35,2525.0,2376.1,2496.8,10471
2018-04-09,2500.0,2549.95,2500.0,2511.7,6166
2018-04-10,2514.55,2518.5,2482.15,2500.25,1945
2018-04-11,2475.0,2518.75,2474.9,2479.8,2039
2018-04-12,2459.35,2469.55,2424.7,2431.35,1851
2018-04-13,2431.3,2441.75,2390.05,2399.95,14576
2018-04-16,2419.1,2449.75,2379.8,2421.05,4606
2018-04-17,2430.95,2437.95,2412.0,2426.25,2264
2018-04-18,2404.2,2450.0,2404.2,2414.3,2726
2018-04-19,2437.1,2437.1,2399.95,2415.0,2557
2018-04-20,2412.1,2412.1,2390.95,2401.3,823
2018-04-23,2391.35,2449.95,2379.95,2435.75,3772
2018-04-24,2450.05,2470.0,2418.65,2438.4,3021
2018-04-25,2450.4,2458.0,2409.95,2421.0,1337
2018-04-26,2413.7,2428.7,2395.1,2403.4,979
2018-04-27,2416.9,2456.0,2416.85,2429.65,1318
2018-04-30,2444.8,2455.0,2400.0,2444.4,1584
2018-05-02,2430.2,2455.0,2403.6,2411.75,1155
2018-05-03,2459.05,2459.05,2391.0,2403.25,616
2018-05-04,2416.3,2435.0,2394.15,2409.9,776
2018-05-07,2405.0,2446.05,2391.0,2408.25,891
2018-05-08,2403.95,2430.05,2390.05,2398.7,1013
2018-05-09,2408.9,2447.0,2400.8,2431.0,1842
2018-05-10,2448.45,2448.45,2373.3,2384.9,640
2018-05-11,2416.1,2420.0,2360.3,2379.75,967
2018-05-14,2446.95,2446.95,2349.95,2384.85,1842
2018-05-15,2341.25,2435.05,2341.25,2409.6,566
2018-05-16,2400.0,2430.0,2359.95,2407.45,8233
2018-05-17,2480.05,2599.0,2360.0,2564.35,9238
2018-05-18,2565.0,2677.0,2545.15,2609.45,11766
2018-05-21,2584.4,2635.05,2455.25,2466.2,1493
2018-05-22,2475.05,2644.0,2439.95,2634.55,9074
2018-05-23,2620.0,2620.0,2575.0,2579.5,1845
2018-05-24,2580.0,2597.55,2557.85,2574.8,1850
2018-05-25,2600.05,2600.05,2539.95,2570.2,2374
2018-05-28,2554.95,2614.0,2552.0,2610.05,1073
2018-05-29,2635.05,2755.55,2563.75,2640.1,2824
2018-05-30,2640.5,2640.5,2583.35,2630.9,1115
2018-05-31,2650.05,2650.05,2585.0,2589.75,1553
2018-06-01,2605.05,2620.0,2550.0,2591.75,1596
2018-06-04,2620.05,2620.05,2545.0,2552.05,1530
2018-06-05,2568.05,2568.05,2439.6,2464.6,1654
2018-06-06,2525.0,2525.0,2415.0,2507.95,2342
2018-06-07,2560.05,2635.0,2509.95,2604.4,2435
2018-06-08,2600.1,2649.9,2569.95,2622.0,2777
2018-06-11,2687.95,2773.8,2621.9,2750.05,4002
2018-06-12,2749.05,2858.0,2725.85,2827.65,11768
2018-06-13,2849.9,2937.0,2827.05,2873.55,20937
2018-06-14,2875.0,2889.0,2782.6,2798.45,3066
2018-06-15,2793.8,2823.65,2784.1,2797.5,5768
2018-06-18,2800.05,2848.0,2775.0,2790.3,4328
2018-06-19,2788.4,2788.45,2753.2,2764.2,2785
2018-06-20,2764.0,2800.0,2737.0,2753.5,2147
2018-06-21,2741.3,2803.0,2740.0,2773.75,3549
2018-06-22,2799.95,2914.95,2761.5,2889.8,7743
2018-06-25,2918.0,3398.0,2881.0,3219.15,102947
2018-06-26,3197.5,3297.0,3100.0,3164.35,22497
2018-06-27,3148.0,3148.0,2933.0,2952.55,13685
2018-06-28,2915.0,2974.95,2856.2,2871.4,3790
2018-06-29,2894.0,2996.0,2861.25,2875.55,6442
2018-07-02,2890.0,2950.0,2831.65,2859.35,5752
2018-07-03,2860.0,2943.4,2842.0,2907.0,2340
2018-07-04,2908.1,2970.0,2901.25,2943.55,4516
2018-07-05,2930.0,2973.45,2891.25,2914.6,2027
2018-07-06,2906.75,2960.0,2906.75,2920.15,2231
2018-07-09,2934.45,2940.0,2910.05,2936.45,2594
2018-07-10,2934.95,2965.0,2918.15,2926.0,4459
2018-07-11,2881.0,2988.45,2881.0,2930.55,1480
2018-07-12,2973.0,2973.0,2910.0,2950.8,3380
2018-07-13,2960.0,2969.0,2921.35,2962.1,2918
2018-07-16,2975.0,2975.0,2855.1,2884.95,3258
2018-07-17,2941.0,2941.0,2856.2,2885.65,5302
2018-07-18,2880.0,2943.45,2880.0,2895.8,4113
2018-07-19,2894.4,2911.0,2841.25,2856.95,720
2018-07-20,2884.0,3100.0,2875.1,3053.3,31795
2018-07-23,3053.3,3148.0,3053.3,3073.25,7535
2018-07-24,3042.2,3090.0,2985.05,3008.5,5191
2018-07-25,3000.3,3133.9,3000.0,3040.5,3685
2018-07-26,3060.0,3060.0,3007.65,3027.35,958
2018-07-27,3001.2,3065.0,3001.2,3029.85,1232
2018-07-30,3031.05,3045.85,3001.0,3007.35,1794
2018-07-31,3000.1,3035.0,2999.55,3014.75,996
2018-08-01,3014.0,3142.95,3012.3,3027.55,4409
2018-08-02,3049.0,3084.0,3032.0,3067.4,2105
2018-08-03,3045.0,3088.95,3045.0,3074.75,744
2018-08-06,3075.0,3075.0,3012.3,3036.25,1179
2018-08-07,3040.05,3070.0,3030.0,3049.45,1318
2018-08-08,3020.05,3100.0,3020.05,3061.6,1491
2018-08-09,3050.05,3111.0,3050.0,3097.35,1439
2018-08-10,3130.0,3130.0,3080.0,3098.75,1266
2018-08-13,3090.0,3100.0,3025.0,3062.3,2135
2018-08-14,3060.0,3110.0,3048.7,3090.1,1982
2018-08-16,3144.0,3187.0,3060.05,3129.25,4465
2018-08-17,3130.0,3247.0,3130.0,3181.8,3368
2018-08-20,3230.0,3244.0,3180.0,3213.65,1870
2018-08-21,3197.95,3215.0,3168.0,3205.85,2039
2018-08-23,3192.4,3250.0,3177.55,3228.95,2825
2018-08-24,3225.0,3225.0,3190.0,3194.65,5260
2018-08-27,3249.0,3249.0,3170.0,3181.75,3882
2018-08-28,3199.95,3200.0,3155.0,3162.1,1886
2018-08-29,3200.0,3200.0,3146.05,3194.95,4073
2018-08-30,3180.0,3187.3,3150.05,3157.8,1888
2018-08-31,3159.85,3195.0,3152.2,3182.2,2148
2018-09-03,3199.0,3199.0,3079.3,3099.05,3104
2018-09-04,3070.05,3089.65,2970.0,2978.05,8654
2018-09-05,2921.05,2998.0,2921.05,2979.45,3567
2018-09-06,2955.45,3031.0,2939.95,2961.0,3437
2018-09-07,2986.5,2998.9,2950.0,2970.7,4257
2018-09-10,2941.05,2988.75,2925.0,2942.45,2702
2018-09-11,2934.95,2989.05,2861.25,2922.95,2628
2018-09-12,2904.0,2927.85,2860.95,2890.15,1580
2018-09-14,2867.35,2960.0,2867.3,2913.55,2664
2018-09-17,2945.05,2958.0,2851.0,2918.75,3227
2018-09-18,2893.95,2939.0,2828.15,2838.5,2083
2018-09-19,2854.95,2910.05,2813.0,2825.3,1318
2018-09-21,2889.95,2890.0,2411.6,2648.2,15434
2018-09-24,2699.0,2710.0,2514.1,2541.75,5385
2018-09-25,2550.45,2588.75,2438.4,2491.2,6486
2018-09-26,2507.5,2588.0,2491.7,2562.95,2450
2018-09-27,2570.6,2590.45,2503.05,2513.15,2205
2018-09-28,2550.0,2588.0,2427.8,2452.55,3728
2018-10-01,2450.0,2548.0,2448.55,2532.0,7246
2018-10-03,2519.2,2570.0,2493.0,2501.7,3699
2018-10-04,2500.0,2520.0,2431.0,2437.35,2309
2018-10-05,2470.95,2471.0,2310.0,2339.5,5450
2018-10-08,2305.15,2305.25,2069.25,2145.9,26689
2018-10-09,2270.65,2270.65,2010.0,2133.75,14655
2018-10-10,2125.0,2398.0,2125.0,2377.7,16940
2018-10-11,2301.2,2301.2,2011.0,2201.9,14984
2018-10-12,2279.15,2349.7,2264.0,2308.5,3547
2018-10-15,2356.95,2364.0,2305.0,2330.9,4555
2018-10-16,2376.95,2380.0,2301.25,2319.65,10340
2018-10-17,2310.05,2368.25,2262.15,2270.45,3083
2018-10-19,2318.5,2318.5,2200.0,2205.45,7818
2018-10-22,2219.95,2229.75,2100.05,2133.45,5462
2018-10-23,2174.0,2218.0,2122.7,2187.95,3706
2018-10-24,2187.9,2315.0,2185.0,2293.95,5396
2018-10-25,2249.85,2278.0,2225.0,2237.9,10624
2018-10-26,2229.85,2295.0,2205.0,2271.95,2729
2018-10-29,2272.0,2333.0,2272.0,2315.65,794
2018-10-30,2315.7,2353.0,2289.9,2322.1,2624
2018-10-31,2367.0,2367.0,2241.9,2308.6,3060
2018-11-01,2333.2,2387.95,2323.0,2382.55,1319
2018-11-02,2424.0,2491.0,2340.65,2471.05,2860
2018-11-05,2519.95,2519.95,2430.0,2448.75,474
2018-11-06,2464.3,2497.6,2451.05,2461.25,1529
2018-11-07,2499.95,2507.0,2475.2,2493.4,1107
2018-11-09,2473.7,2495.55,2450.05,2465.95,415
2018-11-12,2502.5,2502.55,2439.05,2446.25,824
2018-11-13,2499.95,2507.95,2378.65,2450.6,2390
2018-11-14,2538.0,2538.0,2421.05,2444.35,702
2018-11-15,2427.95,2450.05,2402.0,2437.05,792
2018-11-16,2476.5,2534.7,2456.0,2532.55,3444
2018-11-19,2547.0,2589.7,2514.25,2580.6,3129
2018-11-20,2531.0,2589.55,2531.0,2550.25,2048
2018-11-21,2584.95,2585.0,2536.0,2558.95,496
2018-11-22,2556.15,2590.0,2550.0,2571.75,2146
2018-11-26,2565.9,2615.0,2565.9,2608.15,2407
2018-11-27,2595.0,2620.0,2581.3,2599.75,1308
2018-11-28,2623.9,2640.05,2598.05,2611.95,996
2018-11-29,2611.05,2775.0,2611.0,2751.5,4542
2018-11-30,2787.0,2787.0,2679.0,2778.5,2327
2018-12-03,2778.6,2797.0,2719.9,2761.4,3492
2018-12-04,2773.9,2834.9,2746.5,2822.0,13682
2018-12-05,2800.0,2929.9,2771.0,2920.55,15332
2018-12-06,2920.55,2980.0,2899.85,2965.15,23602
2018-12-07,2965.15,2997.0,2909.1,2956.05,2150
2018-12-10,2833.05,2920.0,2833.05,2901.1,2685
2018-12-11,2870.0,2930.0,2869.05,2915.5,1924
2018-12-12,2983.0,3025.0,2922.6,3015.55,3694
2018-12-13,3018.95,3175.05,3018.1,3152.6,10527
2018-12-14,3120.0,3193.95,3034.95,3071.45,6472
2018-12-17,3099.95,3100.0,3041.0,3070.65,1496
2018-12-18,3093.0,3093.0,3018.6,3023.95,1809
2018-12-19,3099.0,3099.0,3016.85,3064.7,2286
2018-12-20,3064.7,3085.0,3005.0,3066.95,1744
2018-12-21,3068.95,3108.1,3025.3,3080.4,3727
2018-12-24,3020.2,3100.0,3020.2,3092.25,1993
2018-12-26,3092.25,3100.0,3029.0,3072.55,8117
2018-12-27,3128.95,3148.0,3043.05,3129.15,13767
2018-12-28,3173.95,3173.95,3075.0,3085.2,6158
2019-01-01,3174.95,3247.0,3157.35,3237.6,4137
2019-01-02,3232.0,3240.0,3191.3,3208.45,7489
2019-01-03,3210.0,3225.05,3182.0,3183.8,3930
2019-01-04,3165.0,3175.05,3133.6,3146.4,1423
2019-01-07,3150.0,3180.0,3135.0,3165.1,3667
2019-01-08,3190.0,3190.0,3102.0,3131.05,800
2019-01-09,3122.4,3165.0,3012.3,3074.2,3030
2019-01-10,3225.0,3450.0,3225.0,3311.45,54881
2019-01-11,3311.5,3499.0,3302.0,3478.6,29320
2019-01-14,3510.0,3649.0,3486.0,3566.6,52975
2019-01-15,3619.0,3619.0,3435.45,3466.4,11043
2019-01-16,3463.7,3600.0,3463.4,3545.95,16947
2019-01-17,3597.9,3597.95,3450.05,3470.0,3500
2019-01-18,3495.0,3495.0,3350.0,3371.85,10602
2019-01-21,3320.25,3396.95,3275.15,3317.25,9201
2019-01-22,3330.5,3342.0,3250.3,3291.7,3159
2019-01-23,3261.0,3298.0,3175.85,3195.85,4715
2019-01-24,3164.05,3219.95,3050.0,3192.2,7296
2019-01-25,3145.0,3335.0,3145.0,3245.45,6141
2019-01-28,3258.4,3283.3,3018.0,3091.6,12632
2019-01-29,3032.0,3144.0,3032.0,3130.75,4817
2019-01-30,3130.75,3265.95,3130.75,3251.2,7709
2019-01-31,3260.05,3282.45,3208.05,3225.7,1556
2019-02-01,3253.2,3297.0,3202.35,3250.7,1760
2019-02-04,3211.3,3273.9,3207.0,3247.95,3811
2019-02-05,3248.05,3290.0,3230.0,3240.85,1634
2019-02-06,3283.6,3283.65,3165.0,3248.55,2360
2019-02-07,3251.6,3300.0,3244.05,3279.8,2787
2019-02-08,3240.05,3320.0,3212.1,3298.65,4503
2019-02-11,3298.5,3298.5,3182.75,3201.85,2022
2019-02-12,3214.8,3230.0,3105.05,3120.35,4748
2019-02-13,3177.2,3229.9,3115.0,3174.65,3893
2019-02-14,3160.05,3199.9,3115.0,3156.3,1350
2019-02-15,3156.3,3156.3,3088.0,3112.3,3331
2019-02-18,3112.35,3125.0,3063.3,3079.95,1509
2019-02-19,3090.05,3113.35,3070.1,3088.5,1507
2019-02-20,3072.1,3111.05,3050.05,3076.95,2243
2019-02-21,3080.9,3140.95,3077.0,3112.25,1366
2019-02-22,3115.6,3120.5,3077.95,3094.2,1568
2019-02-25,3154.95,3266.0,3095.2,3150.45,3248
2019-02-26,3088.2,3150.4,3087.4,3138.3,4370
2019-02-27,3150.0,3164.85,3090.0,3094.0,1210
2019-02-28,3075.55,3098.95,3012.35,3088.9,4110
2019-03-01,3111.1,3140.0,3105.05,3125.9,342
2019-03-05,3067.9,3212.05,3067.9,3181.75,1771
2019-03-06,3240.0,3287.0,3196.75,3261.0,3494
2019-03-07,3262.05,3295.0,3262.05,3278.35,2300
2019-03-08,3265.6,3293.0,3250.0,3278.35,2205
2019-03-11,3336.35,3340.7,3298.75,3325.2,1909
2019-03-12,3322.65,3390.0,3315.0,3379.35,3136
2019-03-13,3341.0,3400.0,3329.35,3377.95,1988
2019-03-14,3400.0,3410.0,3311.25,3321.25,2307
2019-03-15,3321.35,3380.95,3310.0,3323.95,1164
2019-03-18,3376.15,3390.0,3326.85,3372.05,2135
2019-03-19,3398.85,3400.0,3326.0,3389.45,2249
2019-03-20,3393.2,3419.0,3365.0,3399.75,1961
2019-03-22,3390.5,3465.0,3361.85,3374.8,3370
2019-03-25,3347.7,3399.0,3333.0,3353.2,1666
2019-03-26,3332.05,3375.0,3332.0,3354.05,2507
2019-03-27,3384.1,3454.0,3368.8,3431.95,5947
2019-03-28,3444.95,3520.0,3435.0,3504.8,2824
2019-03-29,3564.95,3569.0,3454.7,3548.35,4555
2019-04-01,3585.5,3595.0,3534.25,3561.15,4966
2019-04-02,3576.7,3722.0,3564.0,3654.8,6848
2019-04-03,3665.0,3825.0,3665.0,3693.9,11496
2019-04-04,3722.1,3722.1,3633.05,3668.35,5706
2019-04-05,3700.0,3750.0,3685.0,3706.6,2402
2019-04-08,3705.0,3730.0,3599.0,3623.05,1543
2019-04-09,3572.65,3615.0,3570.25,3597.7,3872
2019-04-10,3627.7,3649.75,3599.35,3611.7,2403
2019-04-11,3600.0,3678.8,3583.0,3674.55,1156
2019-04-12,3674.55,3730.0,3607.1,3694.45,3674
2019-04-15,3694.45,3786.95,3693.0,3764.35,4620
2019-04-16,3787.0,3797.0,3745.0,3754.5,3254
2019-04-18,3704.0,3874.8,3704.0,3864.1,8664
2019-04-22,3890.0,3890.0,3812.0,3817.45,3731
2019-04-23,3755.2,3959.9,3755.2,3907.2,14300
2019-04-24,3937.0,3937.0,3886.1,3910.15,3346
2019-04-25,3919.0,3948.1,3831.0,3849.3,4807
2019-04-26,3812.75,3847.45,3795.1,3827.65,2786
2019-04-30,3874.1,3887.95,3620.0,3666.85,7064
2019-05-02,3735.0,3787.0,3612.5,3739.75,2583
2019-05-03,3669.0,3850.0,3669.0,3825.6,5413
2019-05-06,3823.85,3887.0,3802.05,3825.15,3151
2019-05-07,3869.9,3870.0,3751.0,3771.2,3381
2019-05-08,3740.2,3761.0,3640.0,3692.25,4234
2019-05-09,3632.0,3770.0,3632.0,3696.7,3388
2019-05-10,3675.0,3717.95,3671.55,3690.4,1072
2019-05-13,3668.3,3769.0,3635.75,3657.6,5345
2019-05-14,3679.95,3790.0,3640.0,3784.35,4607
2019-05-15,3849.8,3890.0,3780.0,3792.45,10386
2019-05-16,3813.95,3868.0,3805.5,3861.95,3947
2019-05-17,3875.0,4046.95,3875.0,3970.25,20572
2019-05-20,4049.0,4137.9,4002.1,4082.55,10866
2019-05-21,4050.15,4125.0,4031.0,4064.9,9506
2019-05-22,4121.0,4121.0,4046.2,4078.35,8290
2019-05-23,4129.95,4141.4,4050.0,4090.45,11226
2019-05-24,4060.0,4143.8,4060.0,4107.2,4510
2019-05-27,4130.0,4130.0,4040.0,4109.75,4497
2019-05-28,4123.0,4350.0,4123.0,4243.4,57646
2019-05-29,4250.0,4278.1,4160.0,4175.3,3657
2019-05-30,4181.0,4275.0,4181.0,4260.65,4221
2019-05-31,4299.95,4349.0,4250.0,4296.75,6450
2019-06-03,4343.7,4374.0,4300.0,4362.7,8401
2019-06-04,4350.0,4384.95,4330.05,4341.8,1910
2019-06-06,4399.0,4399.0,4210.0,4224.05,4209
2019-06-07,4250.55,4349.0,4225.0,4332.0,1616
2019-06-10,4355.0,4400.0,4332.5,4369.1,4770
2019-06-11,4388.0,4580.05,4350.2,4567.0,20445
2019-06-12,4600.0,4679.0,4455.0,4579.3,9593
2019-06-13,4580.0,4698.95,4560.0,4582.6,8546
2019-06-14,4580.05,4650.0,4573.0,4634.15,4351
2019-06-17,4654.1,4786.0,4630.05,4689.35,13334
2019-06-18,4705.0,4749.0,4430.0,4447.25,14886
2019-06-19,4441.9,4565.9,4390.0,4421.85,8357
2019-06-20,4377.0,4614.95,4376.65,4589.3,5763
2019-06-21,4609.45,4750.0,4601.65,4674.6,9871
2019-06-24,4698.1,4700.0,4605.1,4656.6,3741
2019-06-25,4665.0,4698.0,4611.0,4684.65,5504
2019-06-26,4698.95,4698.95,4599.95,4636.35,3020
2019-06-27,4650.0,4690.0,4625.25,4647.5,3801
2019-06-28,4699.0,4699.0,4549.7,4605.85,6173
2019-07-01,4605.05,4660.0,4593.65,4629.65,4142
2019-07-02,4650.0,4650.0,4580.0,4631.0,3120
2019-07-03,4634.05,4662.85,4600.0,4614.45,1155
2019-07-04,4574.95,4640.0,4566.1,4605.6,2490
2019-07-05,4630.0,4630.0,4500.0,4526.8,7192
2019-07-08,4500.0,4526.8,4153.3,4238.85,8685
2019-07-09,4230.0,4437.0,4175.0,4359.7,9616
2019-07-10,4370.0,4400.0,4221.0,4251.4,2358
2019-07-11,4255.05,4255.05,4130.0,4211.0,5696
2019-07-12,4213.0,4213.05,4140.0,4159.55,3430
2019-07-15,4159.55,4179.0,4010.0,4150.45,6344
2019-07-16,4108.9,4240.0,4107.85,4218.75,2537
2019-07-17,4280.0,4280.0,4179.0,4205.7,2268
2019-07-18,4225.0,4228.05,4150.0,4183.6,1354
2019-07-19,4224.95,4225.0,4000.0,4021.6,3356
2019-07-22,4021.6,4098.05,3841.0,3899.1,6861
2019-07-23,3910.0,4034.95,3865.0,4025.85,3539
2019-07-24,4035.0,4035.0,3920.0,3983.15,3325
2019-07-25,4039.95,4040.0,3756.0,3810.75,13588
2019-07-26,3798.0,4240.05,3617.3,4156.55,26683
2019-07-29,4200.0,4219.95,4025.25,4081.05,5661
2019-07-30,4169.95,4169.95,3955.25,3971.85,6706
2019-07-31,3900.15,4062.4,3900.15,4012.05,7770
2019-08-01,3947.05,4020.0,3851.0,3873.65,1960
2019-08-02,3860.05,3860.05,3700.0,3764.75,5698
2019-08-05,3769.9,3769.9,3645.0,3718.0,3339
2019-08-06,3731.0,3853.9,3706.1,3757.1,4337
2019-08-07,3838.95,3838.95,3739.8,3795.3,2886
2019-08-08,3820.0,3865.0,3758.15,3841.0,1549
2019-08-09,3841.0,3999.95,3840.05,3979.2,3515
2019-08-13,3906.0,3999.0,3680.0,3712.1,10942
2019-08-14,3769.95,3788.95,3680.0,3708.05,4646
2019-08-16,3799.0,3892.0,3690.85,3860.95,4466
2019-08-19,3860.95,4020.0,3860.95,3987.9,5582
2019-08-20,3987.0,4010.0,3911.0,3995.3,3490
2019-08-21,4000.0,4089.45,3966.05,4031.0,3231
2019-08-22,4088.95,4088.95,3850.0,3879.65,2781
2019-08-23,3806.2,3899.0,3730.0,3838.35,3275
2019-08-26,3944.0,3950.75,3795.0,3920.45,11689
2019-08-27,3969.9,4015.05,3930.0,3969.95,1754
2019-08-28,3947.65,4010.95,3912.0,3958.9,2169
2019-08-29,3972.55,3972.65,3840.0,3865.35,4152
2019-08-30,3870.1,3870.1,3790.0,3825.85,6185
2019-09-03,3825.85,3859.95,3757.0,3798.75,2942
2019-09-04,3849.0,3849.0,3760.0,3795.15,3423
2019-09-05,3846.9,3960.0,3784.55,3909.35,14923
2019-09-06,3915.0,4005.0,3843.4,3981.4,16725
2019-09-09,4004.0,4026.0,3942.05,4006.05,3624
2019-09-11,4000.05,4199.0,3975.8,4168.6,6123
2019-09-12,4234.0,4286.65,4175.0,4199.35,4654
2019-09-13,4245.0,4245.0,4165.0,4201.9,1802
2019-09-16,4244.9,4244.9,4105.0,4120.85,2557
2019-09-17,4184.85,4188.5,3951.0,3974.15,3796
2019-09-18,3974.2,4105.0,3961.75,4040.75,2483
2019-09-19,4057.2,4090.05,3945.0,3961.0,1650
2019-09-20,4015.5,4250.0,3954.95,4137.4,24009
2019-09-23,4289.0,4444.0,4165.5,4415.25,25859
2019-09-24,4415.25,4470.0,4308.2,4366.9,5898
2019-09-25,4370.0,4399.0,4320.8,4341.4,3234
2019-09-26,4369.95,4470.0,4351.0,4428.15,6036
2019-09-27,4448.0,4498.0,4415.0,4446.45,18006
2019-09-30,4446.5,4525.0,4446.5,4503.0,12049
2019-10-01,4544.8,4609.0,4356.65,4454.2,8222
2019-10-03,4429.75,4554.95,4400.0,4428.6,16106
2019-10-04,4396.15,4530.0,4374.0,4392.85,5302
2019-10-07,4393.95,4590.0,4310.85,4479.55,8453
2019-10-09,4439.0,4530.0,4439.0,4518.0,6283
2019-10-10,4545.0,4545.0,4435.0,4487.75,3387
2019-10-11,4451.25,4545.0,4415.4,4520.25,4774
2019-10-14,4524.95,4568.0,4462.0,4475.75,10280
2019-10-15,4475.8,4520.0,4470.3,4505.2,6476
2019-10-16,4451.35,4550.0,4450.1,4536.7,8397
2019-10-17,4549.95,4665.0,4517.85,4596.9,20616
2019-10-18,4598.0,4685.0,4580.05,4641.6,12166
2019-10-22,4720.0,4746.0,4550.0,4569.1,8569
2019-10-23,4572.0,4620.0,4470.15,4555.1,10359
2019-10-24,4551.05,4629.9,4540.0,4567.25,4313
2019-10-25,4514.7,4629.0,4505.5,4547.35,4213
2019-10-27,4549.5,4619.0,4549.5,4599.15,2139
2019-10-29,4600.0,4615.0,4512.05,4600.2,4290
2019-10-30,4565.85,4615.0,4565.0,4575.4,3306
2019-10-31,4531.1,4625.0,4531.1,4612.0,3967
2019-11-01,4586.35,4620.0,4536.05,4575.9,9294
2019-11-04,4597.4,4723.85,4580.0,4610.6,9610
2019-11-05,4612.9,4725.0,4606.1,4706.15,6573
2019-11-06,4706.55,4877.0,4620.3,4810.55,8054
2019-11-07,4840.0,4923.0,4821.0,4870.4,6649
2019-11-08,4872.0,4950.0,4833.6,4913.95,5346
2019-11-11,4930.0,4949.0,4770.0,4794.8,18449
2019-11-13,4802.0,4840.0,4730.0,4802.2,5928
2019-11-14,4821.55,4855.05,4748.0,4821.45,5320
2019-11-15,4844.95,4855.0,4812.8,4822.65,3491
2019-11-18,4850.0,4859.0,4803.0,4844.7,1879
2019-11-19,4810.55,4874.9,4772.3,4834.6,3706
2019-11-20,4849.95,4860.0,4790.0,4811.05,2430
2019-11-21,4848.3,4850.0,4753.0,4771.7,3341
2019-11-22,4755.0,4814.7,4692.65,4731.9,2261
2019-11-25,4801.15,4801.2,4718.05,4783.15,4861
2019-11-26,4775.05,4820.9,4725.2,4783.85,3486
2019-11-27,4790.05,4820.0,4759.95,4804.4,3073
2019-11-28,4825.9,4838.0,4752.0,4777.6,1396
2019-11-29,4789.5,4899.5,4727.55,4742.7,2677
2019-12-02,4742.7,4751.95,4625.0,4646.9,4983
2019-12-03,4650.0,4678.0,4601.1,4617.35,1714
2019-12-04,4610.1,4689.9,4512.4,4553.0,6728
2019-12-05,4533.3,4555.15,4356.2,4394.35,12363
2019-12-06,4420.0,4545.0,4401.0,4468.2,3647
2019-12-09,4468.35,4545.0,4350.2,4479.55,15405
2019-12-10,4480.0,4514.9,4401.1,4426.35,963
2019-12-11,4426.3,4464.0,4395.0,4404.2,3432
2019-12-12,4400.05,4480.0,4381.15,4458.35,4652
2019-12-13,4430.85,4571.35,4409.0,4512.4,4048
2019-12-16,4530.0,4553.75,4363.25,4408.85,3339
2019-12-17,4408.6,4449.0,4371.15,4434.05,6049
2019-12-18,4428.55,4524.6,4395.05,4489.3,3052
2019-12-19,4534.55,4545.0,4470.0,4486.3,2944
2019-12-20,4472.1,4472.1,4350.0,4374.5,4712
2019-12-23,4394.95,4495.0,4365.2,4480.15,2837
2019-12-24,4485.9,4485.95,4400.3,4432.45,3607
2019-12-26,4471.0,4500.0,4410.0,4427.7,7559
2019-12-27,4440.0,4473.0,4408.85,4446.55,1886
2019-12-30,4446.55,4520.0,4411.0,4426.1,6144
