date,open,high,low,close,volume
2009-03-05,4.84,4.99,4.72,4.74,20320
2009-03-06,5.03,5.03,4.57,4.85,9681
2009-03-09,5.0,5.24,4.47,4.72,51742
2009-03-12,5.09,5.09,4.61,4.73,30639
2009-03-13,4.78,5.45,4.59,5.21,161616
2009-03-16,5.09,6.05,5.01,5.29,222420
2009-03-17,5.09,5.51,4.93,5.01,593367
2009-03-18,5.09,5.91,4.95,5.74,881040
2009-03-19,5.41,5.68,5.41,5.59,39234
2009-03-20,5.71,6.12,5.37,5.59,174031
2009-03-23,5.27,5.86,5.27,5.71,32119
2009-03-24,5.79,5.83,5.46,5.77,49866
2009-03-25,5.66,5.67,5.11,5.27,306574
2009-03-26,5.18,6.27,5.18,5.53,1162330
2009-03-27,5.71,5.88,5.37,5.51,166651
2009-03-30,5.27,5.96,5.27,5.68,255565
2009-03-31,5.53,6.03,5.48,5.94,371287
2009-04-01,5.45,5.83,5.45,5.71,31665
2009-04-02,5.55,5.94,5.55,5.86,327615
2009-04-06,5.9,6.08,5.79,5.97,117048
2009-04-08,5.83,6.37,5.62,6.2,308644
2009-04-09,5.89,6.14,5.89,6.05,73923
2009-04-13,5.57,7.27,5.57,7.02,760762
2009-04-15,6.52,7.81,6.52,6.91,2488537
2009-04-16,6.94,7.2,6.63,7.05,405690
2009-04-17,7.37,7.55,6.77,6.99,167896
2009-04-20,7.07,7.29,6.85,7.08,371521
2009-04-21,6.79,7.15,6.71,6.85,5766121
2009-04-22,7.29,7.55,6.69,6.83,1274038
2009-04-23,6.76,7.05,6.71,6.78,140788
2009-04-24,6.81,7.01,6.67,6.77,109141
2009-04-27,6.81,6.85,6.59,6.65,175915
2009-04-28,6.46,6.63,6.37,6.54,63271
2009-04-29,6.32,6.67,6.18,6.54,182919
2009-05-04,6.89,7.29,6.85,7.2,1233397
2009-05-05,7.19,7.19,6.86,7.09,168037
2009-05-06,6.94,7.18,6.57,6.74,184438
2009-05-07,6.93,6.93,6.5,6.62,122172
2009-05-08,6.5,6.71,6.34,6.54,67750
2009-05-11,6.45,6.67,6.32,6.36,31834
2009-05-12,6.28,6.66,6.25,6.54,55743
2009-05-13,6.39,6.57,6.39,6.46,23757
2009-05-14,5.9,6.45,5.9,6.31,108138
2009-05-15,6.3,6.45,6.23,6.25,63474
2009-05-18,7.29,7.29,7.29,7.29,96
2009-05-19,7.46,7.46,6.28,7.02,2030043
2009-05-20,6.85,7.27,6.76,6.92,312649
2009-05-21,6.77,6.94,6.41,6.83,507367
2009-05-22,6.81,6.89,6.58,6.72,90244
2009-05-25,6.77,6.85,6.64,6.69,460000
2009-05-26,6.92,7.2,6.25,6.35,667443
2009-05-27,6.58,6.89,6.58,6.61,520185
2009-05-28,6.87,6.87,6.58,6.71,89323
2009-05-29,6.63,6.93,6.63,6.85,184831
2009-06-01,7.02,7.19,6.71,7.07,472578
2009-06-02,7.11,7.37,6.85,6.85,176986
2009-06-03,7.1,7.1,6.71,6.75,194785
2009-06-04,6.79,6.79,6.67,6.7,103183
2009-06-05,6.77,6.89,6.58,6.61,173958
2009-06-08,6.54,6.85,6.25,6.36,102499
2009-06-09,6.32,6.5,6.22,6.38,90106
2009-06-10,6.58,6.67,6.07,6.18,1027074
2009-06-11,6.44,6.44,6.15,6.25,54264
2009-06-12,6.32,6.32,6.01,6.09,60690
2009-06-15,6.15,6.15,5.98,5.99,33564
2009-06-16,5.97,6.32,5.88,6.18,60163
2009-06-17,6.19,6.19,5.81,5.86,65949
2009-06-18,5.97,6.06,5.49,5.56,107124
2009-06-19,5.62,6.3,5.62,6.05,110670
2009-06-22,6.23,6.23,5.93,6.06,23743
2009-06-23,5.93,6.28,5.75,6.15,86997
2009-06-24,6.36,6.36,5.99,6.11,237637
2009-06-25,6.31,6.31,5.88,5.91,56427
2009-06-26,5.93,6.1,5.75,5.88,298783
2009-06-29,5.83,7.01,5.8,6.57,6146038
2009-06-30,6.9,6.9,6.59,6.62,4375033
2009-07-01,6.67,6.89,6.43,6.83,1013695
2009-07-02,6.9,6.99,6.7,6.87,868876
2009-07-03,6.85,6.87,6.65,6.77,564753
2009-07-06,6.45,6.82,6.19,6.3,642475
2009-07-07,6.23,6.71,5.97,6.43,479886
2009-07-08,6.49,6.58,6.06,6.45,345075
2009-07-09,6.49,6.58,6.27,6.55,255760
2009-07-10,6.34,6.62,6.26,6.43,202987
2009-07-13,6.28,6.57,5.98,6.33,452487
2009-07-14,6.41,6.5,6.25,6.31,119166
2009-07-15,6.41,6.58,6.23,6.51,286588
2009-07-16,6.67,7.46,6.41,6.54,248380
2009-07-17,6.37,6.98,6.37,6.89,393906
2009-07-20,6.59,7.01,6.58,6.9,480394
2009-07-21,6.87,6.87,6.54,6.79,133998
2009-07-22,6.78,6.94,6.71,6.91,480292
2009-07-23,6.84,6.97,6.69,6.74,503314
2009-07-24,6.85,7.2,6.71,6.82,13162420
2009-07-27,6.85,6.98,6.71,6.82,1415490
2009-07-28,6.94,6.98,6.67,6.89,694051
2009-07-29,6.94,7.01,6.49,6.76,718342
2009-07-30,6.61,7.02,6.61,6.84,789765
2009-07-31,6.93,6.94,6.73,6.81,338277
2009-08-03,6.87,6.94,6.58,6.93,1478373
2009-08-04,6.95,7.81,6.87,7.44,7067638
2009-08-05,7.55,7.98,7.33,7.51,3985993
2009-08-06,7.5,7.51,6.93,6.95,1527559
2009-08-07,6.77,7.15,6.73,6.81,978028
2009-08-10,7.01,7.01,6.5,6.6,432543
2009-08-11,6.6,6.81,6.53,6.62,350772
2009-08-12,6.54,6.65,6.27,6.39,331989
2009-08-13,6.58,7.29,6.52,7.14,2100111
2009-08-14,7.19,7.42,6.94,7.03,891507
2009-08-17,6.94,7.19,6.85,6.87,718431
2009-08-18,6.78,7.09,6.78,6.9,335779
2009-08-19,7.09,7.09,6.61,6.66,482370
2009-08-20,6.81,6.85,6.61,6.67,154852
2009-08-21,6.71,7.45,6.59,7.33,2440803
2009-08-24,7.46,7.64,7.1,7.21,2194840
2009-08-25,7.2,7.54,7.2,7.38,762760
2009-08-26,7.46,8.86,7.37,8.23,19182039
2009-08-27,8.39,8.55,7.82,7.95,8203458
2009-08-28,7.98,7.98,7.64,7.8,2756440
2009-08-31,7.71,7.81,7.4,7.53,1290169
2009-09-01,7.62,7.99,7.48,7.61,4623501
2009-09-02,7.42,7.67,7.22,7.38,1350658
2009-09-03,7.45,7.98,7.29,7.75,2161789
2009-09-04,7.9,8.33,7.77,8.18,6556782
2009-09-07,8.34,8.45,8.03,8.07,4026241
2009-09-08,8.22,8.22,7.74,7.8,1421215
2009-09-09,7.88,8.22,7.73,7.94,1087165
2009-09-10,8.1,8.17,7.77,7.88,1375059
2009-09-11,8.17,8.38,7.92,8.21,5202483
2009-09-14,8.08,8.47,7.99,8.25,2760909
2009-09-15,8.33,8.39,8.17,8.29,1419211
2009-09-16,8.39,8.39,8.15,8.17,734397
2009-09-17,8.18,8.9,7.94,8.5,3604044
2009-09-18,9.0,10.03,8.58,9.18,11968543
2009-09-22,8.89,9.51,8.89,9.41,2956899
2009-09-23,9.43,10.07,9.05,9.69,20720796
2009-09-24,9.65,10.18,9.42,9.93,4691509
2009-09-25,9.79,11.49,9.79,10.61,25314510
2009-09-29,10.75,10.87,9.91,10.07,6139065
2009-09-30,10.31,10.65,9.87,9.97,3832404
2009-10-01,10.05,10.44,9.89,10.14,3037380
2009-10-05,10.01,10.43,9.35,9.69,3379254
2009-10-06,9.75,9.97,9.33,9.57,1600732
2009-10-07,9.75,10.17,9.56,9.72,5113087
2009-10-08,9.95,10.09,9.7,9.82,1905445
2009-10-09,9.92,10.17,9.75,9.79,2171188
2009-10-12,9.57,10.07,9.57,9.69,983694
2009-10-14,9.92,9.97,9.26,9.39,3002659
2009-10-15,9.63,9.63,9.42,9.51,787431
2009-10-16,9.53,9.75,9.45,9.53,794766
2009-10-17,9.58,9.75,9.58,9.69,333865
2009-10-20,9.75,9.92,9.66,9.74,844773
2009-10-21,9.66,10.25,9.66,9.88,4854259
2009-10-22,9.87,10.07,9.59,9.69,1527103
2009-10-23,9.75,9.97,9.57,9.63,1664443
2009-10-26,9.83,10.34,9.45,9.85,9382899
2009-10-27,9.65,10.17,9.65,9.9,4612062
2009-10-28,9.95,10.09,9.72,9.75,1260624
2009-10-29,9.67,9.75,9.48,9.55,703378
2009-10-30,9.79,9.97,9.66,9.83,959394
2009-11-03,9.83,10.09,9.14,9.31,976152
2009-11-04,9.31,9.58,8.97,9.38,1390407
2009-11-05,9.31,9.48,9.15,9.41,472710
2009-11-06,9.72,9.83,9.33,9.55,633180
2009-11-09,9.64,9.82,9.43,9.51,301173
2009-11-10,9.22,10.09,9.22,9.98,1791520
2009-11-11,10.05,10.25,10.01,10.18,1324594
2009-11-12,10.36,11.04,10.36,10.46,5265177
2009-11-13,10.58,12.03,10.49,11.57,12019227
2009-11-16,11.86,12.6,11.68,12.15,9332794
2009-11-17,12.26,12.31,11.5,11.7,4062949
2009-11-18,11.5,12.06,11.5,11.93,1659705
2009-11-19,11.99,12.37,11.72,11.82,1787583
2009-11-20,11.67,12.19,11.67,11.85,1346142
2009-11-23,11.67,11.94,11.51,11.59,563884
2009-11-24,11.55,12.59,11.53,12.13,5332726
2009-11-25,11.91,11.91,11.16,11.26,2392851
2009-11-26,11.28,11.59,11.06,11.12,1355347
2009-11-27,11.06,11.23,10.59,11.03,813687
2009-11-30,11.06,11.59,11.06,11.13,430063
2009-12-01,11.27,11.46,11.15,11.25,770253
2009-12-02,11.11,11.48,11.11,11.21,475540
2009-12-03,11.21,11.31,10.99,11.21,1108974
2009-12-04,11.06,11.26,10.87,11.07,771495
2009-12-07,10.89,11.33,10.89,11.03,1289422
2009-12-08,10.84,11.33,10.84,11.25,1026088
2009-12-09,11.11,11.83,11.11,11.56,1721098
2009-12-10,11.33,11.82,11.33,11.55,956134
2009-12-11,11.42,11.75,11.24,11.31,516652
2009-12-14,11.15,11.83,10.93,11.06,3185508
2009-12-15,11.02,11.24,10.81,10.97,1059784
2009-12-16,10.81,11.47,10.81,11.24,1794984
2009-12-17,11.24,11.59,10.93,11.04,1920216
2009-12-18,11.02,11.41,10.98,11.07,1702176
2009-12-21,11.21,11.53,11.09,11.21,1370563
2009-12-22,11.21,11.57,11.13,11.45,991531
2009-12-23,11.24,11.56,11.24,11.43,477408
2009-12-24,11.46,11.67,11.41,11.51,441978
2009-12-29,11.17,11.85,11.17,11.78,539341
2009-12-30,11.67,11.83,11.46,11.51,366555
2009-12-31,11.33,11.72,11.33,11.59,535177
2010-01-04,11.61,13.34,11.59,12.5,10034688
2010-01-05,12.75,13.08,12.31,12.71,4470019
2010-01-06,12.81,12.81,12.38,12.45,875512
2010-01-07,12.13,13.17,12.13,12.7,3528208
2010-01-08,12.41,13.08,12.4,12.5,1124868
2010-01-11,12.82,12.95,12.73,12.78,1515337
2010-01-12,12.82,12.99,12.47,12.55,567348
2010-01-13,12.55,12.81,12.51,12.63,791587
2010-01-14,12.51,13.43,12.51,13.03,2503542
2010-01-15,13.1,13.5,12.75,13.27,1560772
2010-01-18,13.03,13.65,12.82,12.93,1258440
2010-01-19,12.83,13.07,12.54,12.6,913683
2010-01-20,12.51,12.8,12.42,12.65,461458
2010-01-21,12.73,12.74,11.99,12.41,1080807
2010-01-22,11.97,12.73,11.92,12.52,813000
2010-01-25,11.88,13.08,11.88,12.62,783658
2010-01-27,12.5,12.63,11.7,11.95,1032225
2010-01-28,12.03,12.47,11.07,12.21,3991714
2010-01-29,12.29,12.79,11.42,12.51,2496571
2010-02-01,12.38,12.49,11.91,12.09,1925656
2010-02-02,12.65,12.65,12.13,12.34,1901719
2010-02-03,12.38,12.42,12.0,12.09,898968
2010-02-04,11.67,12.25,11.61,11.7,642597
2010-02-05,11.45,11.83,11.26,11.42,1190188
2010-02-06,11.44,11.67,11.33,11.55,145753
2010-02-08,11.27,11.79,11.21,11.32,1377966
2010-02-09,11.25,11.71,11.03,11.37,2757169
2010-02-10,11.16,12.19,11.16,11.5,5935764
2010-02-11,11.5,11.75,11.25,11.31,378172
2010-02-15,11.08,11.53,11.08,11.19,432210
2010-02-16,11.09,11.3,10.89,10.97,934882
2010-02-17,11.31,11.31,10.97,11.14,579873
2010-02-18,11.15,11.31,10.89,11.17,455200
2010-02-19,10.75,11.13,10.75,10.98,218446
2010-02-22,10.78,11.23,10.78,10.97,604302
2010-02-23,10.87,11.05,10.52,10.82,2222925
2010-02-24,10.36,11.41,10.36,11.21,1558713
2010-02-25,10.73,11.33,10.67,10.81,1993879
2010-02-26,10.57,11.41,10.57,11.19,18992931
2010-03-02,10.71,11.82,10.71,11.57,14286378
2010-03-03,11.56,11.8,11.38,11.44,3094149
2010-03-04,11.47,11.67,11.41,11.61,3267136
2010-03-05,11.41,12.11,11.41,11.92,4417329
2010-03-08,11.42,12.19,11.42,12.06,4874277
2010-03-09,11.67,12.37,11.67,12.27,1161483
2010-03-10,12.03,12.45,12.03,12.15,542580
2010-03-11,11.59,12.33,11.59,12.13,1559058
2010-03-12,11.94,12.73,11.91,12.45,2193865
2010-03-15,12.21,13.06,12.13,12.68,1952170
2010-03-16,12.51,12.97,12.3,12.63,1412845
2010-03-17,12.47,12.67,12.39,12.49,593436
2010-03-18,11.85,12.65,11.85,12.17,784083
2010-03-19,11.85,12.33,11.85,11.95,2910493
2010-03-22,11.67,11.97,11.49,11.55,915303
2010-03-23,11.42,11.9,11.42,11.57,1122825
2010-03-25,11.45,12.11,11.17,11.37,1303656
2010-03-26,11.11,11.59,11.11,11.41,1065529
2010-03-29,10.99,11.54,10.99,11.27,4068327
2010-03-30,11.28,11.37,11.07,11.17,4525683
2010-03-31,11.33,11.33,10.75,10.89,23713125
2010-04-01,10.91,11.32,10.71,11.05,29810106
2010-04-05,11.33,11.45,11.17,11.29,6437316
2010-04-06,11.37,12.07,11.24,11.77,25337037
2010-04-07,11.85,12.45,11.67,12.36,8295901
2010-04-08,12.49,13.17,12.26,12.85,10283046
2010-04-09,12.9,13.34,12.9,13.26,5165769
2010-04-12,13.37,13.74,13.09,13.52,4118671
2010-04-13,13.39,13.56,13.26,13.35,1372386
2010-04-15,13.47,13.69,13.26,13.35,1520076
2010-04-16,13.34,13.34,13.01,13.09,632701
2010-04-19,13.16,13.16,12.57,12.72,1713408
2010-04-20,12.76,12.82,12.31,12.44,2597266
2010-04-21,12.7,13.08,12.13,12.36,5332089
2010-04-22,12.63,12.65,12.13,12.31,2028079
2010-04-23,12.31,12.51,12.19,12.21,1279459
2010-04-26,12.51,12.51,12.11,12.19,1284609
2010-04-27,12.21,12.47,12.08,12.21,1495243
2010-04-28,11.94,12.47,11.91,12.09,3458406
2010-04-29,11.95,12.43,11.95,12.18,4562557
2010-04-30,12.35,12.5,12.13,12.42,2968854
2010-05-03,12.21,12.37,12.09,12.17,2621392
2010-05-04,12.23,12.25,12.03,12.06,3613971
2010-05-05,11.87,12.21,11.77,12.09,6298656
2010-05-06,12.04,12.13,11.85,11.94,1009437
2010-05-07,11.99,11.99,11.34,11.48,1953952
2010-05-10,11.55,11.94,11.55,11.79,6118426
2010-05-11,11.79,11.94,11.67,11.75,4536142
2010-05-12,11.93,11.93,11.63,11.69,1367290
2010-05-13,11.63,11.77,11.24,11.51,7972102
2010-05-14,11.59,11.77,11.06,11.24,17776573
2010-05-17,11.33,11.35,10.89,11.09,11504532
2010-05-18,11.15,12.26,11.08,12.01,26685096
2010-05-19,11.98,12.26,11.41,11.8,13288242
2010-05-20,11.55,12.82,11.55,11.81,5257369
2010-05-21,10.8,11.72,10.8,11.58,5315304
2010-05-24,11.29,11.77,10.43,11.48,5649550
2010-05-25,11.19,11.59,10.87,11.07,1948363
2010-05-26,11.15,11.31,10.71,10.98,2703315
2010-05-27,10.9,11.77,10.89,11.61,9036046
2010-05-28,11.46,12.25,11.46,12.13,2807332
2010-05-31,12.21,12.38,11.88,12.33,882456
2010-06-01,12.11,12.29,11.8,12.11,675448
2010-06-02,11.88,12.62,11.88,12.43,4711921
2010-06-03,12.51,12.63,12.31,12.38,9236613
2010-06-04,12.45,12.5,12.21,12.33,16283019
2010-06-07,12.09,12.33,11.85,12.19,1913214
2010-06-08,11.91,12.37,11.91,12.27,9582415
2010-06-09,12.01,12.49,12.01,12.45,7354335
2010-06-10,12.27,12.54,12.23,12.4,1562115
2010-06-11,12.25,12.49,12.11,12.44,1186887
2010-06-14,12.14,13.21,12.14,12.51,4233232
2010-06-15,12.29,12.68,12.29,12.57,1003246
2010-06-16,12.62,12.99,12.42,12.74,4701261
2010-06-17,12.6,12.99,12.55,12.92,996181
2010-06-18,12.99,12.99,12.73,12.73,731946
2010-06-21,12.9,13.03,12.54,12.59,1094230
2010-06-22,12.61,12.66,12.38,12.51,887896
2010-06-23,12.3,12.73,12.3,12.45,1066935
2010-06-24,12.47,12.9,12.47,12.81,749049
2010-06-25,12.58,12.9,12.47,12.7,553858
2010-06-28,12.69,12.73,12.47,12.63,404341
2010-06-29,12.51,12.98,12.51,12.79,1073152
2010-06-30,12.57,12.82,12.57,12.77,319710
2010-07-01,12.58,12.99,12.58,12.92,1779382
2010-07-02,12.83,12.99,12.75,12.92,6004573
2010-07-05,12.33,13.34,12.33,13.22,1720779
2010-07-06,13.34,13.6,13.27,13.46,1482486
2010-07-07,13.06,13.52,12.71,12.87,4278414
2010-07-08,12.83,13.23,12.74,13.05,9354138
2010-07-09,13.17,13.21,13.03,13.15,1332768
2010-07-12,13.11,13.21,12.95,13.0,1218498
2010-07-13,13.07,13.18,12.92,13.16,646233
2010-07-14,13.25,13.25,12.99,13.14,615945
2010-07-15,13.23,13.25,13.03,13.21,719908
2010-07-16,13.21,13.55,13.18,13.45,1608135
2010-07-19,13.51,13.52,12.62,13.29,1041742
2010-07-20,13.34,14.38,13.09,13.66,21771174
2010-07-21,13.61,14.65,13.61,14.55,10844497
2010-07-22,14.63,14.83,14.44,14.55,4747249
2010-07-23,14.66,14.74,14.41,14.65,2366956
2010-07-26,14.75,14.99,14.57,14.76,3359661
2010-07-27,14.9,14.9,14.25,14.68,2359338
2010-07-28,14.39,15.13,14.33,14.67,3634702
2010-07-29,14.75,14.99,14.45,14.85,1082842
2010-07-30,14.79,14.95,14.49,14.76,897625
2010-08-02,14.71,14.85,14.59,14.73,395274
2010-08-03,14.68,14.83,14.49,14.67,700387
2010-08-04,14.75,15.1,14.58,14.92,871797
2010-08-05,15.02,15.41,15.02,15.26,2280241
2010-08-06,15.27,15.61,15.15,15.39,1846041
2010-08-09,15.37,15.98,15.23,15.75,2010840
2010-08-10,15.71,16.17,14.42,14.79,28207182
2010-08-11,14.93,15.71,14.85,15.53,13550605
2010-08-12,15.45,15.62,15.12,15.46,4042531
2010-08-13,15.63,16.2,15.5,15.85,5519212
2010-08-16,16.01,16.13,15.76,16.02,4582981
2010-08-17,16.15,16.15,15.58,15.66,3474870
2010-08-18,15.78,16.42,15.78,16.25,3049755
2010-08-19,16.26,16.26,15.65,15.78,1005022
2010-08-20,15.66,16.5,15.54,16.2,3025689
2010-08-23,16.07,16.23,15.74,15.83,745315
2010-08-24,15.96,16.15,15.53,15.64,1018504
2010-08-25,15.67,15.8,15.21,15.54,935200
2010-08-26,15.54,16.15,15.5,16.01,3505380
2010-08-27,16.19,16.33,15.82,16.05,1810582
2010-08-30,16.07,16.24,15.78,16.06,3154912
2010-08-31,15.45,15.87,15.45,15.65,3800854
2010-09-01,15.55,16.23,15.55,16.09,626104
2010-09-02,15.71,16.62,15.71,16.55,4879126
2010-09-03,16.57,17.01,16.42,16.87,2180257
2010-09-06,16.77,17.47,16.77,17.19,1621528
2010-09-07,17.29,17.62,16.97,17.15,3032601
2010-09-08,17.17,17.17,16.25,16.37,1266000
2010-09-09,16.81,17.56,16.0,16.24,3608463
2010-09-13,16.24,16.63,16.07,16.15,1262157
2010-09-14,16.41,16.42,15.5,15.67,1564387
2010-09-15,15.8,16.14,15.45,15.59,968451
2010-09-16,15.54,15.69,15.26,15.28,1192902
2010-09-17,15.31,16.24,15.27,15.94,6258040
2010-09-20,16.08,16.26,15.47,15.65,2063545
2010-09-21,15.93,15.93,15.55,15.63,2208115
2010-09-22,15.93,16.02,15.45,15.77,1631005
2010-09-23,15.65,15.95,15.46,15.77,396003
2010-09-24,15.81,16.01,15.4,15.9,1740427
2010-09-27,16.12,16.33,15.42,15.51,1209372
2010-09-28,15.58,16.22,15.55,15.71,2243229
2010-09-29,15.78,16.07,15.74,15.83,584841
2010-09-30,15.83,16.07,15.63,15.95,798411
2010-10-01,15.98,16.4,15.83,16.23,592152
2010-10-04,16.07,16.55,15.89,15.98,565039
2010-10-05,15.89,16.97,15.89,16.68,2904519
2010-10-06,16.86,17.24,16.81,17.11,9394971
2010-10-07,17.11,17.51,16.9,17.06,3952338
2010-10-08,16.95,17.27,16.5,16.65,371014
2010-10-11,16.84,17.1,16.62,16.99,1604958
2010-10-12,17.0,17.15,16.5,16.97,466332
2010-10-13,17.12,17.12,16.61,16.77,410883
2010-10-14,16.97,16.97,16.35,16.45,432250
2010-10-15,16.42,16.79,16.42,16.65,7023187
2010-10-18,16.71,16.95,16.17,16.67,976768
2010-10-19,16.75,16.77,16.09,16.34,510330
2010-10-20,16.17,16.55,16.15,16.42,236773
2010-10-21,16.42,17.21,16.33,16.85,1820971
2010-10-22,16.85,17.03,16.61,16.79,253240
2010-10-25,16.86,17.07,16.69,16.95,269430
2010-10-26,16.9,17.1,16.34,16.69,8847147
2010-10-27,16.5,16.81,16.26,16.42,401244
2010-10-28,16.53,16.63,16.33,16.41,102670
2010-10-29,16.31,17.73,15.59,16.09,17031130
2010-11-01,16.37,16.77,16.11,16.27,2963841
2010-11-02,16.37,16.42,16.07,16.2,1956840
2010-11-03,16.37,16.44,15.94,16.0,341490
2010-11-04,16.11,16.74,15.99,16.65,836983
2010-11-05,16.85,16.85,16.42,16.57,140515
2010-11-08,16.63,16.63,16.17,16.35,435052
2010-11-09,16.35,16.61,16.17,16.52,1215334
2010-11-10,16.49,16.95,16.24,16.38,331881
2010-11-11,16.36,16.76,16.25,16.57,1507453
2010-11-12,16.46,17.09,16.34,16.49,1949853
2010-11-15,16.57,16.57,15.98,16.37,439881
2010-11-16,16.26,16.75,15.71,16.27,8583540
2010-11-18,16.37,16.5,15.8,16.23,1639707
2010-11-19,15.98,16.3,15.86,15.97,591694
2010-11-22,15.98,16.29,15.98,16.12,365547
2010-11-23,15.97,16.27,15.85,16.14,625638
2010-11-24,16.09,16.15,15.85,16.07,4453809
2010-11-25,15.91,16.15,15.8,15.88,188511
2010-11-26,15.71,16.49,14.76,16.31,6871767
2010-11-29,16.15,16.15,15.63,16.0,624817
2010-11-30,15.81,16.86,15.81,16.57,2224654
2010-12-01,16.26,16.95,16.26,16.91,403201
2010-12-02,16.98,17.21,16.53,16.76,526389
2010-12-03,16.59,17.03,16.24,16.36,452913
2010-12-06,16.24,17.03,16.24,16.69,499956
2010-12-07,16.68,16.98,16.33,16.42,787066
2010-12-08,16.24,16.85,16.24,16.54,873478
2010-12-09,16.33,16.67,15.89,16.02,8788327
2010-12-10,15.8,16.59,15.79,16.49,5220006
2010-12-13,16.54,16.81,16.15,16.41,1070580
2010-12-14,16.54,16.54,16.25,16.39,274227
2010-12-15,16.37,16.37,15.83,16.02,496342
2010-12-16,15.91,16.31,15.85,16.21,973461
2010-12-20,15.67,16.42,15.67,16.2,857415
2010-12-21,16.33,16.41,16.01,16.33,399178
2010-12-22,16.07,16.59,16.07,16.42,352927
2010-12-23,16.59,17.03,15.97,16.1,313318
2010-12-24,15.89,16.22,15.78,15.89,972469
2010-12-27,15.94,16.27,15.94,16.25,721684
2010-12-28,15.98,16.31,15.89,16.06,3693601
2010-12-29,15.89,16.24,15.89,16.07,1419528
2010-12-30,15.89,16.42,15.89,16.39,511072
2011-01-03,16.11,16.59,16.11,16.53,402612
2011-01-04,16.33,17.15,16.15,16.89,975160
2011-01-05,16.89,17.2,16.5,16.57,661407
2011-01-06,16.17,16.86,16.17,16.39,235590
2011-01-07,16.07,16.42,15.99,16.1,8546190
2011-01-10,15.8,16.37,15.76,16.06,1129903
2011-01-11,15.81,16.15,15.63,15.8,796893
2011-01-12,15.81,16.15,15.71,15.83,1085464
2011-01-13,15.67,16.24,15.63,16.09,645216
2011-01-14,15.8,15.99,15.54,15.72,743245
2011-01-17,15.65,15.75,15.39,15.47,365250
2011-01-18,15.19,15.69,14.93,15.05,402289
2011-01-19,14.71,15.35,14.71,15.23,1672174
2011-01-20,14.71,15.27,14.71,15.01,108124
2011-01-21,14.93,15.27,14.87,14.93,337258
2011-01-24,14.79,15.23,14.79,15.05,183844
2011-01-25,14.85,15.95,14.85,15.59,1155040
2011-01-27,15.54,16.12,15.54,15.82,1463875
2011-01-28,15.82,17.67,15.37,16.05,3105361
2011-01-31,16.07,16.59,15.58,15.79,2525137
2011-02-01,15.58,15.7,15.01,15.33,1974547
2011-02-02,15.45,15.93,15.13,15.74,724951
2011-02-03,15.29,16.68,15.19,16.3,6348106
2011-02-04,16.57,16.68,16.07,16.39,1096734
2011-02-07,16.15,16.33,15.99,16.07,358243
2011-02-08,16.29,16.29,15.37,15.51,368085
2011-02-09,15.35,15.45,14.68,14.75,591283
2011-02-10,14.65,15.35,14.27,14.68,1106926
2011-02-11,14.49,15.97,14.49,15.7,640720
2011-02-14,15.8,16.33,15.75,16.23,333654
2011-02-15,16.07,16.67,15.85,16.57,13479261
2011-02-16,16.5,16.59,16.25,16.42,3412227
2011-02-17,16.51,16.77,16.34,16.42,599380
2011-02-18,16.63,16.63,16.02,16.23,305745
2011-02-21,16.58,17.19,15.98,17.01,1910328
2011-02-22,16.97,17.01,16.24,16.33,3599742
2011-02-23,15.93,16.86,15.93,16.79,16053769
2011-02-24,16.9,17.47,16.59,16.95,1458226
2011-02-25,16.95,17.12,15.94,16.6,1388107
2011-02-28,16.67,17.47,16.42,17.37,1393534
2011-03-01,17.42,18.15,17.13,17.55,2049355
2011-03-03,17.38,18.31,17.35,18.13,6856275
2011-03-04,18.26,18.31,17.61,17.71,840567
2011-03-07,17.25,17.56,17.12,17.32,770082
2011-03-08,17.38,17.69,17.12,17.55,3809845
2011-03-09,17.81,17.82,17.24,17.51,481965
2011-03-10,17.61,17.61,17.13,17.37,439365
2011-03-11,17.17,17.74,16.99,17.09,349053
2011-03-14,17.12,17.37,16.87,17.05,675393
2011-03-15,16.87,17.11,16.59,16.99,1052448
2011-03-16,16.86,17.48,16.86,17.33,1049824
2011-03-17,17.45,17.46,16.9,17.03,590722
2011-03-18,17.29,19.98,17.13,18.21,5504316
2011-03-21,18.67,18.87,18.17,18.48,3057294
2011-03-22,18.35,18.97,18.22,18.73,1058785
2011-03-23,18.43,18.83,18.13,18.3,977680
2011-03-24,18.39,18.61,18.09,18.19,581500
2011-03-25,18.26,18.67,17.68,17.91,1920733
2011-03-28,17.82,18.87,17.82,18.51,2154225
2011-03-29,18.45,18.87,18.27,18.43,701602
2011-03-30,18.43,18.87,18.43,18.66,401289
2011-03-31,18.66,19.17,18.66,18.86,2120097
2011-04-01,18.88,18.95,18.68,18.8,179445
2011-04-04,18.87,19.05,18.74,18.79,513826
2011-04-05,18.95,19.14,18.81,18.95,602367
2011-04-06,18.98,19.31,18.87,18.94,827206
2011-04-07,19.03,19.75,19.03,19.39,2852125
2011-04-08,19.34,19.49,18.89,19.02,2056948
2011-04-11,19.13,19.29,18.81,18.91,992698
2011-04-13,18.78,19.14,18.73,18.75,1371462
2011-04-15,18.79,18.99,18.55,18.67,548440
2011-04-18,18.78,19.03,18.12,18.38,444651
2011-04-19,18.25,18.82,18.25,18.57,792727
2011-04-20,18.76,19.13,18.53,18.69,378736
2011-04-21,18.85,18.94,18.53,18.81,879135
2011-04-25,18.86,19.74,18.12,19.06,3822420
2011-04-26,19.19,19.45,18.87,19.17,885778
2011-04-27,19.3,21.39,19.07,20.15,8711593
2011-04-28,20.35,20.45,19.69,19.87,2049172
2011-04-29,19.91,20.37,19.73,20.21,2289729
2011-05-02,20.02,20.63,19.5,19.62,8125590
2011-05-03,19.55,19.75,18.89,19.05,6139821
2011-05-04,18.95,19.58,18.45,19.03,739572
2011-05-05,19.13,19.2,18.75,18.98,190425
2011-05-06,19.12,19.46,18.79,19.29,302173
2011-05-09,19.4,19.43,18.63,18.82,545113
2011-05-10,18.58,19.13,18.58,18.78,207475
2011-05-11,19.11,19.12,18.26,18.57,358278
2011-05-12,18.48,18.97,18.26,18.42,217924
2011-05-13,18.28,18.77,18.17,18.42,350467
2011-05-16,18.31,18.43,18.01,18.1,432705
2011-05-17,18.31,18.7,18.01,18.39,524698
2011-05-18,18.59,19.21,18.43,18.53,300216
2011-05-19,18.53,18.97,18.53,18.65,296935
2011-05-20,18.78,19.74,18.62,18.91,1924885
2011-05-23,19.07,19.57,18.62,19.27,661021
2011-05-24,19.39,19.81,18.98,19.57,413556
2011-05-25,19.48,20.31,18.61,19.83,7581144
2011-05-26,19.85,20.15,19.5,19.83,6819202
2011-05-27,19.79,19.99,19.53,19.66,4897608
2011-05-30,19.58,20.13,19.58,20.01,395830
2011-05-31,19.77,20.23,19.77,20.01,404124
2011-06-01,20.09,21.33,19.87,20.61,5033746
2011-06-02,20.19,20.81,20.19,20.35,11577907
2011-06-03,20.22,20.69,19.86,20.23,6014068
2011-06-06,20.18,20.56,19.97,20.09,108348
2011-06-07,20.09,20.09,19.91,20.0,267708
2011-06-08,20.06,21.69,19.97,21.05,4599109
2011-06-09,21.38,21.5,20.47,20.54,2410489
2011-06-10,20.79,20.79,20.08,20.45,1038799
2011-06-13,20.5,20.61,20.02,20.33,828996
2011-06-14,20.59,20.94,20.31,20.58,12345738
2011-06-15,20.95,21.51,19.85,20.05,2737173
2011-06-16,20.19,20.19,19.16,19.58,3144363
2011-06-17,19.53,20.06,19.23,19.31,840841
2011-06-20,19.39,19.39,18.35,18.47,624531
2011-06-21,18.61,18.61,18.18,18.33,688197
2011-06-22,18.61,18.61,18.13,18.34,1780491
2011-06-23,18.05,18.59,18.05,18.41,606306
2011-06-24,18.6,19.29,18.43,19.17,1341880
2011-06-27,18.81,19.31,18.79,19.02,1326216
2011-06-28,18.97,19.75,18.97,19.71,2115700
2011-06-29,19.93,20.17,19.23,19.45,2995233
2011-06-30,19.56,20.01,19.18,19.79,530593
2011-07-01,20.0,20.0,19.34,19.54,2544969
2011-07-04,19.54,19.75,19.23,19.43,1558875
2011-07-05,19.58,19.74,19.4,19.65,1013725
2011-07-06,19.71,20.09,19.55,19.77,1311249
2011-07-07,19.83,19.89,19.58,19.74,452091
2011-07-08,19.92,20.52,19.41,19.78,1052070
2011-07-11,20.37,21.51,19.85,21.18,3312457
2011-07-12,21.18,21.23,20.63,21.01,1634847
2011-07-13,21.69,22.47,19.53,20.27,24507232
2011-07-14,20.63,21.15,20.38,21.01,11604954
2011-07-15,21.15,21.33,20.68,20.83,3278206
2011-07-18,20.89,21.07,20.63,21.07,4860034
2011-07-19,21.19,21.64,20.81,21.11,6290044
2011-07-20,21.45,21.51,21.11,21.13,1360834
2011-07-21,21.07,21.29,20.63,21.16,13746553
2011-07-22,21.5,21.5,20.73,20.87,661551
2011-07-25,20.62,20.97,20.59,20.63,869974
2011-07-26,20.45,21.06,20.45,20.73,882849
2011-07-27,20.68,21.06,20.63,20.7,2119386
2011-07-28,20.72,21.05,20.63,20.97,1504707
2011-07-29,20.98,21.05,19.81,20.11,19987590
2011-08-01,20.63,20.83,20.25,20.46,2565354
2011-08-02,20.61,21.05,20.31,20.47,1639159
2011-08-03,20.38,20.63,19.79,20.02,763399
2011-08-04,20.11,20.34,19.98,20.1,842637
2011-08-05,19.85,19.85,17.47,19.29,1589568
2011-08-08,19.05,19.58,18.17,19.03,515386
2011-08-09,18.41,18.9,17.65,18.65,9785733
2011-08-10,18.79,20.09,18.45,19.43,1798311
2011-08-11,19.58,20.19,19.41,20.06,890616
2011-08-12,20.06,20.53,19.67,19.9,1298575
2011-08-16,19.93,20.44,19.67,19.85,4496244
2011-08-17,19.85,20.01,18.89,19.29,1195513
2011-08-18,19.31,19.45,18.44,18.66,1406305
2011-08-19,18.35,18.7,17.53,17.67,1732287
2011-08-22,17.65,18.0,17.29,17.44,4321941
2011-08-23,16.85,18.18,16.85,17.87,1373559
2011-08-24,17.62,18.21,17.38,17.62,3648255
2011-08-25,17.57,17.73,16.71,17.1,744262
2011-08-26,16.86,17.1,16.34,16.61,1353207
2011-08-29,16.77,17.07,16.59,16.81,1039038
2011-08-30,16.97,16.97,16.2,16.43,13514844
2011-09-02,16.68,16.77,15.85,16.54,6487968
2011-09-05,16.42,17.42,16.42,17.13,4733670
2011-09-06,16.79,18.35,16.78,18.05,1587462
2011-09-07,18.23,19.03,18.17,18.54,5451922
2011-09-08,18.85,18.85,17.56,17.78,1648131
2011-09-09,17.65,17.95,17.25,17.74,406722
2011-09-12,17.65,17.81,17.27,17.66,447697
2011-09-13,17.81,17.96,16.99,17.24,2806746
2011-09-14,17.31,17.7,17.13,17.19,814357
2011-09-15,17.32,17.69,17.21,17.38,1176748
2011-09-16,17.38,17.65,16.17,16.34,3748204
2011-09-19,16.18,17.01,16.18,16.67,505653
2011-09-20,16.33,16.86,16.33,16.63,2482720
2011-09-21,16.66,16.76,14.29,16.54,1902916
2011-09-22,16.3,16.66,16.24,16.51,1236202
2011-09-23,16.24,16.45,15.74,16.21,2250741
2011-09-26,16.17,16.53,15.8,16.06,701206
2011-09-27,15.9,16.5,15.86,16.04,910159
2011-09-28,16.11,16.24,15.64,15.81,406299
2011-09-29,15.95,16.49,14.61,15.37,3620188
2011-09-30,15.63,15.71,14.93,15.51,2196406
2011-10-03,15.19,15.8,14.93,15.11,844872
2011-10-04,15.05,15.35,14.49,14.59,988068
2011-10-05,14.66,15.05,14.62,14.71,1937563
2011-10-07,14.83,15.15,14.13,14.49,3909567
2011-10-10,14.61,15.63,14.33,15.37,2594878
2011-10-11,15.51,16.09,15.15,15.23,1198680
2011-10-12,14.97,15.97,14.97,15.5,599086
2011-10-13,15.61,16.07,15.23,15.82,2386594
2011-10-14,15.83,16.05,15.63,15.9,182179
2011-10-17,15.9,15.95,15.41,15.61,361446
2011-10-18,15.51,15.71,15.38,15.58,140194
2011-10-19,15.38,16.42,15.38,16.13,619854
2011-10-20,15.71,16.29,15.71,16.0,755002
2011-10-21,16.68,16.68,15.42,15.64,1176519
2011-10-24,15.78,16.12,15.64,15.85,592104
2011-10-25,15.88,15.98,15.55,15.92,132040
2011-10-26,16.18,16.18,15.89,16.07,56640
2011-10-28,16.2,16.42,15.89,16.24,1392411
2011-10-31,15.99,16.59,15.99,16.42,790219
2011-11-01,16.31,17.3,16.31,17.02,6237375
2011-11-02,16.68,17.35,16.59,17.17,456132
2011-11-03,17.24,17.51,16.86,16.95,508816
2011-11-04,16.99,17.45,16.45,16.63,257974
2011-11-08,16.59,16.59,15.45,15.5,2803231
2011-11-09,15.74,15.74,14.93,14.97,1316535
2011-11-11,14.83,15.35,14.42,14.51,653410
2011-11-14,14.69,14.9,14.07,14.39,386323
2011-11-15,14.34,14.57,13.89,14.05,2454108
2011-11-16,13.74,14.12,12.82,13.34,24435462
2011-11-17,13.43,13.69,13.17,13.33,1108293
2011-11-18,13.17,13.51,12.75,13.21,1153009
2011-11-21,13.07,13.51,12.9,13.2,320856
2011-11-22,13.02,13.65,10.93,13.37,2132650
2011-11-23,13.08,13.41,12.77,13.13,602107
2011-11-24,13.11,13.47,12.66,13.11,1237390
2011-11-25,12.99,13.57,12.82,13.13,3941313
2011-11-28,13.33,14.31,13.27,13.63,1695765
2011-11-29,13.63,13.83,13.17,13.72,265857
2011-11-30,13.61,13.61,13.26,13.35,2013411
2011-12-01,13.52,13.78,13.02,13.37,396924
2011-12-02,13.52,13.65,13.34,13.46,190635
2011-12-05,13.69,14.12,13.39,13.6,562291
2011-12-07,13.65,13.87,13.43,13.52,4238268
2011-12-08,13.39,13.77,13.11,13.67,1461148
2011-12-09,13.34,13.57,13.29,13.34,96684
2011-12-12,13.18,13.52,13.02,13.11,1416765
2011-12-13,12.99,13.41,12.82,13.25,4109995
2011-12-14,13.06,13.47,12.73,13.18,2401491
2011-12-15,13.01,13.51,12.69,12.94,1764406
2011-12-16,13.13,13.13,12.5,12.78,480867
2011-12-19,12.78,12.79,12.17,12.31,697879
2011-12-20,12.11,12.3,11.91,12.05,162933
2011-12-21,12.12,12.63,12.11,12.19,612664
2011-12-22,12.21,12.47,11.94,12.25,923754
2011-12-23,12.33,12.33,11.62,12.25,572218
2011-12-26,12.11,12.28,12.03,12.15,277813
2011-12-27,12.28,12.35,11.87,11.94,284421
2011-12-28,12.11,12.11,11.77,11.91,95226
2011-12-29,11.9,12.11,11.33,11.83,632712
2011-12-30,12.03,12.22,11.59,11.96,476998
2012-01-02,12.19,12.19,11.61,11.95,261483
2012-01-03,12.28,12.29,11.85,11.94,527887
2012-01-04,11.99,12.31,11.85,12.17,1047664
2012-01-05,11.9,12.19,11.9,12.09,214462
2012-01-06,12.03,12.17,11.85,12.05,334540
2012-01-07,11.94,12.11,11.89,12.02,3646
2012-01-09,12.28,12.28,11.51,11.82,1699981
2012-01-10,11.81,12.29,11.77,12.05,1282264
2012-01-11,12.11,12.11,11.94,12.02,1001404
2012-01-12,12.03,12.7,12.03,12.55,918858
2012-01-13,12.73,14.22,12.73,13.68,1604604
2012-01-16,13.43,13.53,12.47,13.06,2325349
2012-01-17,12.99,13.35,12.99,13.27,2797612
2012-01-18,13.3,13.31,12.81,13.01,899134
2012-01-19,13.26,13.57,13.04,13.15,1418070
2012-01-20,12.95,13.34,12.95,13.07,261228
2012-01-23,13.17,13.5,13.0,13.29,1194244
2012-01-24,13.34,13.34,12.9,13.09,3178036
2012-01-25,13.1,13.66,13.1,13.61,2979790
2012-01-27,13.61,13.96,13.61,13.81,1357995
2012-01-30,13.69,14.12,13.61,14.01,693253
2012-01-31,14.01,14.52,13.78,14.34,368814
2012-02-01,14.35,14.74,13.97,14.09,22689370
2012-02-02,14.13,14.48,13.91,14.02,1671991
2012-02-03,14.05,14.36,13.57,13.69,2670006
2012-02-06,13.87,14.31,13.69,14.17,8961051
2012-02-07,14.21,14.44,13.92,14.03,3932713
2012-02-08,13.89,14.3,13.89,13.97,5832439
2012-02-09,14.17,14.26,13.83,14.09,5494413
2012-02-10,14.22,15.98,14.13,15.6,9101842
2012-02-13,15.78,18.15,15.16,15.32,16199719
2012-02-14,15.45,15.71,15.1,15.67,1398972
2012-02-15,15.89,15.89,15.54,15.71,989214
2012-02-16,15.58,15.76,15.11,15.27,4045134
2012-02-17,15.27,15.63,15.06,15.45,7060111
2012-02-21,15.54,16.67,15.41,16.06,6828153
2012-02-22,16.15,16.59,15.93,16.19,4390174
2012-02-23,15.37,16.15,15.37,15.8,954372
2012-02-24,16.15,16.33,15.11,15.55,1273159
2012-02-27,15.81,15.81,15.14,15.39,851928
2012-02-28,16.2,16.31,15.18,16.14,2684545
2012-02-29,16.32,17.02,16.07,16.76,1767603
2012-03-01,16.86,16.99,16.11,16.79,1262994
2012-03-02,16.95,17.03,16.33,16.87,2254435
2012-03-03,16.68,16.85,16.41,16.66,18133
2012-03-05,16.68,16.76,15.99,16.35,1247988
2012-03-06,16.53,16.65,15.66,15.83,1141908
2012-03-07,16.15,16.27,15.68,15.79,633714
2012-03-09,15.8,16.17,15.79,15.97,2428273
2012-03-12,16.24,16.53,15.8,16.06,3649327
2012-03-13,16.21,16.33,15.63,15.98,352515
2012-03-14,15.98,16.23,15.82,16.11,2991697
2012-03-15,15.9,16.37,15.83,16.23,1191733
2012-03-16,16.07,16.27,15.99,16.14,820329
2012-03-19,16.07,16.22,15.89,16.11,322131
2012-03-20,16.03,16.15,15.76,15.98,2442760
2012-03-21,16.03,16.19,15.76,15.91,1232965
2012-03-22,15.85,16.07,15.74,15.81,657195
2012-03-23,15.8,16.09,15.5,15.8,9826417
2012-03-26,15.8,15.95,15.34,15.53,631335
2012-03-27,15.55,15.95,15.02,15.62,605752
2012-03-28,15.46,15.93,15.33,15.46,560449
2012-03-29,15.27,15.83,15.11,15.65,261438
2012-03-30,15.8,16.59,15.5,16.36,690337
2012-04-02,16.54,16.97,16.33,16.81,474258
2012-04-03,16.81,16.95,16.57,16.7,282126
2012-04-04,16.68,16.95,16.43,16.77,506548
2012-04-09,16.89,17.06,16.33,16.37,240937
2012-04-10,16.29,16.46,16.21,16.24,220978
2012-04-11,16.41,16.41,16.17,16.33,92464
2012-04-12,16.5,16.58,16.11,16.15,1403673
2012-04-13,16.39,16.39,16.15,16.19,1460694
2012-04-16,16.43,16.43,15.93,16.07,6023757
2012-04-17,16.07,16.53,15.94,16.29,1075987
2012-04-18,16.33,17.82,16.33,16.62,2229924
2012-04-19,16.63,16.93,15.93,16.12,4669228
2012-04-20,16.07,16.24,15.71,15.8,1076115
2012-04-23,16.15,16.15,15.54,15.73,1674199
2012-04-24,15.71,15.71,15.41,15.63,6682582
2012-04-25,15.69,16.2,15.5,16.09,1762360
2012-04-26,16.14,16.23,15.83,15.97,920427
2012-04-27,16.13,16.13,15.54,15.8,2579610
2012-04-28,15.8,15.97,15.67,15.85,21871
2012-04-30,15.91,15.91,15.46,15.71,586389
2012-05-02,15.67,16.06,15.39,15.56,1211527
2012-05-03,15.39,15.41,14.97,15.07,2690814
2012-05-04,14.95,15.0,14.75,14.89,3732888
2012-05-07,14.37,15.08,13.88,14.93,3908395
2012-05-08,14.92,15.1,14.69,14.9,1551859
2012-05-09,14.76,14.93,14.49,14.66,279817
2012-05-10,14.93,14.93,14.57,14.89,619954
2012-05-11,14.91,14.93,14.5,14.9,663546
2012-05-14,14.75,15.32,14.49,15.03,629749
2012-05-15,14.77,15.1,14.7,14.92,675237
2012-05-16,14.75,15.19,14.41,14.49,870933
2012-05-17,14.91,14.91,14.36,14.64,632503
2012-05-18,14.41,14.66,14.18,14.48,400363
2012-05-21,14.41,14.7,14.22,14.61,228268
2012-05-22,14.64,14.66,14.52,14.65,596325
2012-05-23,14.49,14.66,14.05,14.49,371044
2012-05-24,14.45,14.66,14.23,14.51,210229
2012-05-25,14.79,14.79,14.34,14.49,160080
2012-05-28,14.49,14.75,14.09,14.34,3709882
2012-05-29,14.49,14.61,14.23,14.31,398266
2012-05-30,14.47,14.47,14.11,14.17,118992
2012-05-31,14.39,14.47,13.79,14.46,1297320
2012-06-01,14.49,14.49,13.72,14.07,1468270
2012-06-04,13.87,14.04,13.65,13.86,130291
2012-06-05,14.36,14.36,13.81,14.02,104959
2012-06-06,13.87,14.57,13.87,14.44,1000141
2012-06-07,14.57,14.57,14.31,14.46,120679
2012-06-08,14.45,14.49,14.23,14.48,783466
2012-06-11,14.71,14.71,14.22,14.34,734896
2012-06-12,14.23,14.63,14.07,14.35,436714
2012-06-13,14.32,14.55,14.09,14.22,398055
2012-06-14,14.25,14.3,13.74,13.87,282153
2012-06-15,13.91,14.13,13.8,13.86,726834
2012-06-18,14.04,14.35,13.97,14.09,434323
2012-06-19,14.18,14.21,13.91,13.97,250414
2012-06-20,13.7,14.04,13.7,13.78,2640513
2012-06-21,13.78,14.39,13.7,14.24,1098375
2012-06-22,14.57,14.83,14.06,14.47,6392878
2012-06-25,14.45,14.57,14.18,14.39,4801926
2012-06-26,14.39,14.54,14.23,14.49,1253820
2012-06-27,14.75,14.75,14.36,14.43,5616007
2012-06-28,14.49,14.73,14.39,14.57,663532
2012-06-29,14.49,14.93,14.19,14.35,8035467
2012-07-02,14.49,14.68,14.29,14.41,552646
2012-07-03,14.49,14.49,14.33,14.49,1685013
2012-07-04,14.41,14.49,14.33,14.42,1640710
2012-07-05,14.39,14.49,14.37,14.48,531654
2012-07-06,14.47,15.27,14.39,14.54,4589827
2012-07-09,14.57,14.57,14.39,14.41,472710
2012-07-10,14.62,14.67,14.42,14.49,2415450
2012-07-11,14.57,15.1,14.53,14.95,1526347
2012-07-12,15.11,15.32,14.62,14.85,1198234
2012-07-13,15.26,15.26,14.62,14.74,580011
2012-07-16,14.79,15.01,14.68,14.85,269247
2012-07-17,14.93,14.98,14.49,14.57,308215
2012-07-18,14.7,14.95,14.5,14.92,272100
2012-07-19,15.0,15.03,14.79,14.91,707424
2012-07-20,14.93,15.1,14.83,14.91,1190203
2012-07-23,14.59,15.01,14.58,14.66,344436
2012-07-24,14.76,14.93,14.54,14.61,2487574
2012-07-25,14.91,14.91,14.46,14.55,321904
2012-07-26,14.85,14.85,14.22,14.27,178680
2012-07-27,14.39,14.69,14.1,14.39,377422
2012-07-30,14.15,14.39,14.01,14.3,219754
2012-07-31,14.15,14.32,13.9,14.09,289051
2012-08-01,14.06,14.35,13.93,14.01,181794
2012-08-02,14.13,14.14,13.89,13.97,179902
2012-08-03,13.91,14.0,13.63,13.77,373573
2012-08-06,13.74,14.21,13.74,14.13,381540
2012-08-07,14.2,14.38,14.01,14.29,4367379
2012-08-08,14.42,14.83,14.22,14.26,732027
2012-08-09,14.31,15.41,14.22,14.83,23095864
2012-08-10,15.01,15.31,14.53,15.08,5604937
2012-08-13,14.97,15.14,14.66,14.9,1094716
2012-08-14,14.68,14.93,14.59,14.77,6705667
2012-08-16,14.79,15.14,14.74,15.09,2252814
2012-08-17,15.1,15.63,15.02,15.61,5241301
2012-08-21,15.65,16.68,15.46,16.15,6047440
2012-08-22,16.15,16.42,15.98,16.18,1061454
2012-08-23,16.22,16.24,16.01,16.1,876625
2012-08-24,16.03,16.77,15.93,16.15,4282675
2012-08-27,16.24,16.73,16.24,16.58,1781949
2012-08-28,16.59,16.68,16.25,16.36,1038354
2012-08-29,16.42,16.5,16.02,16.27,2476596
2012-08-30,16.2,16.67,16.09,16.57,8527164
2012-08-31,16.47,16.65,15.9,16.02,998184
2012-09-03,16.12,16.77,15.89,16.75,4102468
2012-09-04,16.87,16.99,16.63,16.78,3251301
2012-09-05,16.67,17.04,16.67,16.89,3682869
2012-09-06,16.85,17.82,16.85,17.35,10903110
2012-09-07,17.53,17.78,17.43,17.53,1936956
2012-09-08,17.62,17.64,17.47,17.57,178486
2012-09-10,17.65,17.7,17.22,17.42,673504
2012-09-11,16.67,17.45,16.67,17.03,3210429
2012-09-12,17.15,17.38,16.8,17.17,524761
2012-09-13,16.7,17.64,16.67,17.58,2490855
2012-09-14,17.69,17.95,17.35,17.64,6024187
2012-09-17,17.71,18.25,17.43,18.1,4445463
2012-09-18,18.32,19.58,18.26,19.3,10317358
2012-09-20,19.11,19.49,18.61,19.08,5754849
2012-09-21,19.08,19.63,19.06,19.31,7442484
2012-09-24,19.38,19.75,18.87,18.97,7267584
2012-09-25,19.01,19.62,18.87,19.47,5660841
2012-09-26,19.37,19.65,19.1,19.33,1958097
2012-09-27,19.43,19.47,19.08,19.15,6329208
2012-09-28,19.29,19.85,19.19,19.63,3460173
2012-10-01,19.65,20.54,19.65,20.17,4286541
2012-10-03,22.06,23.67,19.55,20.65,5043480
2012-10-04,21.14,21.47,20.65,21.19,2553019
2012-10-05,21.19,21.82,20.95,21.19,2967112
2012-10-08,21.28,21.91,21.07,21.61,2791330
2012-10-09,21.21,22.01,20.82,20.95,4185294
2012-10-10,21.05,21.39,19.55,19.66,7268091
2012-10-11,19.62,19.87,19.19,19.42,4197840
2012-10-12,19.58,19.89,19.37,19.72,2553414
2012-10-15,19.81,20.87,19.17,20.41,4411816
2012-10-16,20.15,21.03,20.15,20.47,3035985
2012-10-17,20.47,20.84,20.05,20.13,954858
2012-10-18,19.79,20.35,19.68,19.77,4001920
2012-10-19,19.77,20.35,19.63,19.75,1794832
2012-10-22,19.75,20.93,19.75,20.27,2491621
2012-10-23,19.79,20.79,19.69,20.57,6517972
2012-10-25,20.74,20.74,20.07,20.4,886191
2012-10-26,19.78,20.93,19.78,20.65,2088660
2012-10-29,20.65,20.87,20.55,20.71,1725829
2012-10-30,20.79,20.79,19.97,20.12,730797
2012-10-31,20.21,20.79,20.01,20.5,467899
2012-11-01,20.01,20.62,20.01,20.35,889395
2012-11-02,20.41,21.18,20.41,20.98,1965054
2012-11-05,20.84,21.18,20.05,20.17,1879972
2012-11-06,20.25,21.47,20.17,20.54,17115694
2012-11-07,20.94,22.21,20.61,20.95,5531727
2012-11-08,20.75,21.43,20.54,21.26,3267429
2012-11-09,21.26,21.59,21.01,21.34,1859344
2012-11-12,21.15,21.83,21.15,21.74,2711316
2012-11-13,21.83,22.09,21.75,21.85,393918
2012-11-15,21.7,22.11,21.07,21.22,1620813
2012-11-16,21.19,21.86,21.19,21.53,2946349
2012-11-19,21.37,21.85,21.33,21.4,3204714
2012-11-20,21.47,21.66,21.03,21.09,1634158
2012-11-21,21.18,21.45,20.95,21.03,702649
2012-11-22,21.07,22.23,20.43,21.74,3722214
2012-11-23,21.75,22.32,21.48,22.07,2334544
2012-11-26,22.23,23.03,22.23,22.83,5313196
2012-11-27,22.91,23.7,22.43,22.93,6880150
2012-11-29,23.02,23.67,22.82,23.15,2873193
2012-11-30,23.17,23.5,22.8,22.95,3374677
2012-12-03,23.05,23.05,22.71,22.9,1484962
2012-12-04,22.85,22.99,22.43,22.65,2144950
2012-12-05,22.87,23.87,22.53,23.62,18367449
2012-12-06,23.79,24.48,23.52,23.95,6710874
2012-12-07,24.14,26.82,24.09,25.62,13389504
2012-12-10,25.68,25.81,25.04,25.62,2863168
2012-12-11,25.75,25.93,25.15,25.46,2491432
2012-12-12,25.45,25.94,24.89,25.71,10342081
2012-12-13,25.32,26.99,25.05,25.45,4669125
2012-12-14,25.53,26.6,25.22,26.53,3645447
2012-12-17,26.41,26.98,26.09,26.33,8612440
2012-12-18,26.47,26.63,26.09,26.42,8296905
2012-12-19,26.52,26.86,26.33,26.54,3632272
2012-12-20,26.47,27.37,26.34,26.97,3570429
2012-12-21,26.95,27.38,26.07,26.29,5970432
2012-12-24,26.49,26.53,25.85,25.98,508377
2012-12-26,25.86,26.47,25.86,26.19,1518204
2012-12-27,26.33,26.41,25.73,25.93,1289158
2012-12-28,25.93,26.28,25.35,25.9,2376402
2013-01-01,26.3,26.47,25.85,26.13,718675
2013-01-02,25.85,26.46,25.85,26.14,583464
2013-01-03,26.05,26.77,26.05,26.34,5931361
2013-01-04,26.16,26.47,26.16,26.33,876745
2013-01-07,26.21,26.47,26.07,26.28,3044203
2013-01-08,26.33,26.73,25.81,25.94,7079127
2013-01-09,26.05,26.41,25.95,26.21,3441138
2013-01-10,26.08,26.59,26.08,26.43,8011117
2013-01-11,26.41,26.69,25.58,26.1,2058801
2013-01-14,26.07,26.07,25.67,25.73,516336
2013-01-15,25.81,26.07,25.48,25.7,817791
2013-01-16,25.78,26.45,25.54,25.66,1655529
2013-01-17,25.68,26.03,25.59,25.7,2258061
2013-01-18,25.75,25.94,25.62,25.82,8516868
2013-01-21,25.91,26.67,25.82,26.35,8522682
2013-01-22,26.41,26.6,26.33,26.49,4414642
2013-01-23,26.37,26.7,26.33,26.34,1498858
2013-01-24,26.35,26.42,25.87,26.11,3310633
2013-01-25,26.17,26.3,25.85,26.03,1155408
2013-01-28,25.95,26.46,25.81,25.94,1050249
2013-01-29,25.69,26.34,25.69,26.23,1159813
2013-01-30,26.33,26.89,25.85,26.34,3682392
2013-01-31,26.38,26.53,25.87,26.01,1413289
2013-02-01,26.04,26.37,26.04,26.31,607611
2013-02-04,26.34,26.47,25.83,25.87,1556587
2013-02-05,25.73,25.87,24.89,25.17,2103256
2013-02-06,25.16,25.52,24.91,25.06,3044014
2013-02-07,25.07,25.61,25.03,25.15,3457527
2013-02-08,25.16,25.27,24.97,25.14,1034454
2013-02-11,25.19,25.21,24.86,25.01,706888
2013-02-12,25.06,25.52,23.45,25.09,17599539
2013-02-13,26.33,26.99,25.34,26.67,17102800
2013-02-14,26.81,27.58,26.13,26.47,5216605
2013-02-15,26.35,27.05,25.48,26.33,4965648
2013-02-18,26.21,26.85,25.9,26.35,3445912
2013-02-19,26.27,26.67,26.17,26.33,2443204
2013-02-20,26.45,26.67,26.28,26.47,3340339
2013-02-21,26.42,27.07,25.75,26.0,7235902
2013-02-22,26.0,26.31,25.09,25.55,5610070
2013-02-25,25.72,25.81,25.22,25.35,744829
2013-02-26,25.25,25.54,23.54,25.12,4428907
2013-02-27,25.12,26.19,25.12,25.85,3251179
2013-02-28,26.04,26.33,25.73,25.93,4472337
2013-03-01,22.39,26.31,22.39,25.55,759639
2013-03-04,25.53,25.8,25.29,25.55,1270576
2013-03-05,25.67,25.87,25.42,25.79,385611
2013-03-06,25.72,26.03,25.55,25.69,1022851
2013-03-07,25.57,25.75,25.46,25.55,2211999
2013-03-08,25.77,25.93,25.18,25.43,2268529
2013-03-11,25.45,25.81,25.42,25.63,5098750
2013-03-12,25.67,26.53,25.32,26.37,4797295
2013-03-13,26.34,28.07,25.94,26.99,14891029
2013-03-14,27.07,27.91,26.55,26.99,11458848
2013-03-15,27.03,27.13,26.64,26.87,8943585
2013-03-18,26.73,27.26,26.23,27.1,6629637
2013-03-19,27.21,27.63,26.87,27.21,9849873
2013-03-20,27.07,27.3,26.94,27.07,6922072
2013-03-21,26.87,27.83,26.69,27.61,3392161
2013-03-22,27.72,27.75,26.51,27.09,8906122
2013-03-25,27.11,27.31,25.77,26.17,4887777
2013-03-26,25.27,26.33,25.27,25.85,2083564
2013-03-28,25.02,25.94,24.81,25.57,4465411
2013-04-01,25.29,25.75,24.1,24.44,2442625
2013-04-02,23.78,24.81,23.78,24.23,2078137
2013-04-03,24.36,24.49,23.71,24.01,2474301
2013-04-04,23.83,23.83,22.95,23.29,2150098
2013-04-05,23.57,24.47,23.18,24.33,1117450
2013-04-08,24.49,25.14,24.3,25.03,1652308
2013-04-09,25.02,25.27,23.48,23.71,1744864
2013-04-10,24.03,24.35,23.44,23.99,4893130
2013-04-11,24.23,24.86,23.9,24.41,5617756
2013-04-12,24.36,24.63,23.46,23.67,1089169
2013-04-15,23.7,23.83,22.98,23.11,986691
2013-04-16,23.03,24.15,22.89,23.58,6337380
2013-04-17,23.69,24.93,23.58,24.49,1474194
2013-04-18,24.59,24.74,23.59,24.07,3259585
2013-04-22,23.97,25.66,23.7,25.21,3660270
2013-04-23,25.02,25.21,24.05,24.15,1953802
2013-04-25,24.36,24.59,23.71,23.85,9005083
2013-04-26,24.22,24.31,23.86,24.13,730339
2013-04-29,24.07,25.05,24.07,25.0,4071516
2013-04-30,24.89,25.81,24.82,25.65,2847427
2013-05-02,25.68,26.17,25.34,25.9,2046840
2013-05-03,25.68,26.07,24.91,25.07,1282483
2013-05-06,25.39,26.31,25.33,26.11,1891513
2013-05-07,25.94,26.47,25.75,26.28,2489550
2013-05-08,26.43,26.81,26.2,26.62,5700855
2013-05-09,26.73,26.85,26.5,26.67,809758
2013-05-10,26.79,28.01,26.55,27.78,2336752
2013-05-11,27.53,27.53,26.75,27.01,109290
2013-05-13,27.07,28.58,23.08,26.1,5218399
2013-05-14,26.55,27.91,26.21,27.39,3165429
2013-05-15,27.59,28.45,26.99,27.98,5860960
2013-05-16,28.09,29.23,27.33,27.97,7251589
2013-05-17,28.15,28.71,26.68,26.94,8084721
2013-05-20,26.99,28.6,26.66,28.37,7340851
2013-05-21,28.67,29.59,28.58,28.69,9521898
2013-05-22,28.31,28.97,28.09,28.72,3408490
2013-05-23,28.54,28.92,27.71,28.17,2169457
2013-05-24,28.36,28.7,27.33,27.73,3788817
2013-05-27,27.53,28.9,27.53,28.39,3258772
2013-05-28,28.5,28.79,27.91,28.39,1874593
2013-05-29,28.51,29.59,28.21,28.52,3304122
2013-05-30,28.54,29.3,28.38,28.59,2324770
2013-05-31,28.51,28.55,26.93,28.27,2117037
2013-06-03,28.18,28.31,27.13,27.39,1134921
2013-06-04,27.39,28.25,27.13,27.35,1051422
2013-06-05,27.26,27.54,26.87,27.38,1007452
2013-06-06,27.19,27.45,27.13,27.25,2998042
2013-06-07,27.18,27.83,27.15,27.51,2776674
2013-06-10,27.51,28.28,27.51,27.76,729001
2013-06-11,27.76,27.82,26.47,26.68,1333101
2013-06-12,26.79,27.37,26.41,26.99,1414411
2013-06-13,26.63,26.67,25.79,25.97,716385
2013-06-14,26.26,26.65,25.7,25.93,1335093
2013-06-17,25.81,26.87,25.68,26.75,1217643
2013-06-18,26.5,27.37,26.5,26.9,610126
2013-06-19,26.89,27.28,26.89,27.02,606579
2013-06-20,26.73,27.65,26.61,26.95,2372817
2013-06-21,26.23,26.87,26.23,26.45,563613
2013-06-24,25.94,26.51,25.94,26.34,1357473
2013-06-25,26.35,26.41,25.43,25.65,3857473
2013-06-26,25.75,26.99,25.67,26.34,1745835
2013-06-27,26.82,26.9,25.81,26.0,3452365
2013-06-28,26.6,26.6,25.82,26.11,2216980
2013-07-01,26.14,26.31,25.69,25.83,5331259
2013-07-02,25.82,26.33,25.68,25.75,1243542
2013-07-03,25.68,26.21,25.43,26.08,1360861
2013-07-04,26.07,27.91,26.07,27.53,1761873
2013-07-05,27.67,28.71,26.97,27.13,1871407
2013-07-08,26.87,27.59,26.73,27.42,368499
2013-07-09,27.2,27.55,26.81,27.19,14050675
2013-07-10,26.81,27.51,26.81,27.4,1845438
2013-07-11,27.47,28.1,27.21,27.65,2623357
2013-07-12,27.61,27.79,27.29,27.53,1416612
2013-07-15,27.4,28.83,27.37,28.65,2202130
2013-07-16,28.31,28.57,27.79,28.17,2506485
2013-07-17,27.79,28.76,27.79,28.54,3415105
2013-07-18,28.45,28.84,27.97,28.7,798622
2013-07-19,28.84,29.35,28.18,29.23,3376014
2013-07-22,28.79,30.12,28.79,29.31,1231558
2013-07-23,29.51,30.29,28.35,28.67,851122
2013-07-24,28.92,29.34,27.39,27.67,2232564
2013-07-25,27.65,28.01,26.99,27.25,565815
2013-07-26,27.45,27.58,26.85,27.01,313270
2013-07-29,27.1,27.34,26.53,26.87,633808
2013-07-30,27.1,27.1,26.07,26.21,440884
2013-07-31,25.83,28.18,24.39,27.07,9368211
2013-08-01,27.61,28.03,26.5,26.99,5934853
2013-08-02,26.99,27.65,26.87,27.5,1798008
2013-08-05,27.26,27.81,27.13,27.53,17230512
2013-08-06,27.45,28.45,27.27,27.75,3571603
2013-08-07,27.88,27.91,26.9,27.32,7802638
2013-08-08,27.53,28.68,27.25,28.46,1641921
2013-08-12,28.71,29.79,28.71,29.67,4006605
2013-08-13,29.99,30.55,29.67,30.05,1838998
2013-08-14,30.29,31.82,30.29,31.02,3610738
2013-08-16,30.58,30.63,29.89,30.25,5338045
2013-08-19,30.26,30.39,29.37,30.18,940795
2013-08-20,29.51,30.02,28.01,28.26,1632657
2013-08-21,28.18,28.25,26.81,27.19,1428769
2013-08-22,26.39,27.31,26.01,26.33,11161702
2013-08-23,26.67,27.91,26.67,27.1,3222466
2013-08-26,27.25,27.64,27.25,27.33,1533117
2013-08-27,27.27,27.37,26.07,26.26,1158456
2013-08-28,26.04,26.19,24.4,24.87,1266154
2013-08-29,25.03,26.66,25.03,25.9,1826727
2013-08-30,26.29,26.34,25.48,25.58,2446282
2013-09-02,26.06,26.34,25.68,25.83,2890779
2013-09-03,26.21,26.21,25.19,25.52,3160339
2013-09-04,25.29,26.23,25.29,25.39,550821
2013-09-05,25.56,26.49,25.56,26.34,1459792
2013-09-06,25.94,26.94,25.94,26.23,1247272
2013-09-10,25.94,27.09,25.94,26.84,1656574
2013-09-11,26.84,28.02,26.77,27.65,11175895
2013-09-12,27.79,28.68,27.79,28.42,1757116
2013-09-13,28.18,28.57,27.97,28.25,3056376
2013-09-16,27.97,29.53,27.87,28.32,5060874
2013-09-17,28.13,29.18,28.13,28.93,6177940
2013-09-18,28.77,29.59,28.54,29.43,876247
2013-09-19,29.57,29.96,28.84,29.07,1590882
2013-09-20,28.85,30.02,28.45,29.05,1269574
2013-09-23,28.84,30.78,28.84,30.14,1692982
2013-09-24,30.3,30.66,29.51,29.71,2358541
2013-09-25,29.65,30.29,29.02,30.14,3064381
2013-09-26,30.02,30.51,29.58,29.86,3055282
2013-09-27,29.67,30.38,29.67,30.2,1915917
2013-09-30,30.09,30.78,29.13,30.28,978180
2013-10-01,29.91,30.42,29.91,30.17,210135
2013-10-03,30.02,30.54,29.63,29.87,1029958
2013-10-04,29.89,32.13,29.89,31.6,4825698
2013-10-07,31.61,32.09,30.95,31.7,2076000
2013-10-08,32.0,33.05,31.61,32.51,2423746
2013-10-09,32.53,33.97,32.33,32.63,3763978
2013-10-10,32.66,32.99,31.74,32.59,1303108
2013-10-11,32.6,33.45,32.41,32.82,570993
2013-10-14,32.89,35.1,32.86,34.15,3155491
2013-10-15,34.5,35.25,33.47,33.65,4017655
2013-10-17,33.37,34.16,33.19,33.34,1346770
2013-10-18,32.99,34.04,32.55,32.9,1752612
2013-10-21,33.57,34.5,32.93,34.11,5737264
2013-10-22,34.43,34.97,33.32,33.63,2862393
2013-10-23,33.98,34.79,33.81,34.57,3332355
2013-10-24,34.23,35.35,34.23,34.65,2760967
2013-10-25,34.26,34.77,33.73,33.85,877341
2013-10-28,33.85,34.38,33.71,33.82,540163
2013-10-29,33.95,34.33,33.86,34.23,1954317
2013-10-30,34.42,34.77,33.66,33.91,807175
2013-10-31,34.03,35.81,34.03,35.53,3259698
2013-11-01,35.82,36.58,34.51,34.89,6877225
2013-11-03,35.29,35.53,34.31,34.89,764589
2013-11-05,34.9,36.41,34.9,36.05,4602484
2013-11-06,36.27,38.06,36.21,37.49,12432327
2013-11-07,37.59,38.05,36.68,36.99,1940113
2013-11-08,36.74,36.94,36.15,36.29,1030492
2013-11-11,36.21,37.01,36.09,36.37,962998
2013-11-12,36.19,36.54,34.79,34.97,1092408
2013-11-13,34.77,35.02,33.87,34.11,2366308
2013-11-14,33.81,34.23,33.81,34.01,2186791
2013-11-18,34.7,34.89,34.12,34.61,6287335
2013-11-19,34.89,35.15,34.47,34.73,4656022
2013-11-20,34.63,34.86,34.37,34.62,1567797
2013-11-21,34.37,35.1,33.47,33.82,8177680
2013-11-22,34.03,34.23,32.89,33.64,2215087
2013-11-25,33.83,34.8,32.83,34.41,6484173
2013-11-26,34.25,35.93,33.85,35.69,4141288
2013-11-27,35.69,39.29,35.69,38.07,10599864
2013-11-28,38.41,39.22,37.2,37.63,8133625
2013-11-29,37.4,37.9,36.69,37.28,3821028
2013-12-02,37.28,38.3,37.19,37.41,1170574
2013-12-03,37.27,37.93,36.79,36.99,4439563
2013-12-04,37.46,37.46,36.31,36.61,3104598
2013-12-05,37.2,37.37,36.62,36.99,11871768
2013-12-06,36.87,37.26,36.87,36.99,2208507
2013-12-09,37.32,37.45,36.74,37.05,2844649
2013-12-10,36.89,37.23,35.46,35.8,2477602
2013-12-11,35.55,37.48,35.51,36.7,2234710
2013-12-12,37.02,37.93,37.01,37.53,3260503
2013-12-13,37.53,38.51,37.4,37.54,5401009
2013-12-16,37.66,38.58,37.57,37.95,1787340
2013-12-17,38.25,38.52,37.55,37.75,1021525
2013-12-18,37.55,38.82,37.55,38.3,2470219
2013-12-19,38.35,38.71,37.9,38.42,5746042
2013-12-20,24.97,26.87,24.97,26.39,7272276
2013-12-23,26.57,26.93,25.05,25.24,2793396
2013-12-24,25.38,25.51,24.63,25.11,5706930
2013-12-26,25.25,25.68,24.86,25.05,1207936
2013-12-27,24.89,25.34,24.43,24.54,2490703
2013-12-30,24.73,24.73,24.14,24.27,2121393
2013-12-31,24.3,24.44,23.65,24.03,4821256
2014-01-01,24.28,25.4,24.1,25.22,3543933
2014-01-02,25.38,25.67,25.05,25.38,3552279
2014-01-03,25.22,26.19,25.15,25.94,4599160
2014-01-06,25.95,26.85,25.68,26.33,3008917
2014-01-07,26.33,26.59,25.27,25.42,3073768
2014-01-08,25.3,26.27,25.3,26.09,5910823
2014-01-09,26.14,28.76,25.94,27.91,12216786
2014-01-10,27.58,27.58,26.39,26.67,6761550
2014-01-13,26.62,26.67,25.82,26.07,4189659
2014-01-14,26.29,26.41,25.87,26.08,1391542
2014-01-15,26.34,27.22,26.25,26.38,5615143
2014-01-16,26.41,26.97,25.98,26.23,7040544
2014-01-17,26.14,26.46,25.95,26.09,6011668
2014-01-20,25.81,26.99,25.81,26.46,3030375
2014-01-21,26.47,26.75,26.22,26.45,2115147
2014-01-22,26.21,26.6,26.14,26.33,6839371
2014-01-23,26.15,26.34,25.19,25.67,6229855
2014-01-24,25.67,25.95,25.29,25.41,1469361
2014-01-27,25.27,25.41,24.29,24.67,2108541
2014-01-28,24.51,25.91,24.27,24.59,4365408
2014-01-29,24.63,24.74,23.7,23.81,5442805
2014-01-30,23.82,24.22,23.47,23.74,10441542
2014-01-31,23.83,27.21,23.83,26.87,32676354
2014-02-03,26.97,27.38,25.81,26.03,11934291
2014-02-04,25.81,26.85,25.19,25.57,9115116
2014-02-05,25.83,28.09,25.83,26.55,22509519
2014-02-06,26.79,27.53,26.67,27.03,7581804
2014-02-07,27.35,27.5,27.05,27.2,4964160
2014-02-10,27.39,27.91,27.29,27.46,2382711
2014-02-11,27.51,29.03,27.51,28.7,11699602
2014-02-12,28.95,30.53,28.85,30.15,17480478
2014-02-13,30.3,30.3,29.15,29.69,7167306
2014-02-14,29.77,30.39,29.26,29.61,3690910
2014-02-17,30.27,30.27,28.97,29.29,3133150
2014-02-18,29.54,29.54,28.46,28.63,4215351
2014-02-19,28.71,29.71,28.6,29.39,5551386
2014-02-20,29.39,29.95,28.63,28.98,7675035
2014-02-21,28.97,29.57,28.84,29.1,2571598
2014-02-24,29.1,29.42,28.65,28.79,2784885
2014-02-25,28.97,29.61,28.86,29.08,5730294
2014-02-26,29.23,29.94,29.23,29.43,4699027
2014-02-28,29.63,30.93,29.5,30.52,15560488
2014-03-03,30.87,32.79,30.78,31.55,16454931
2014-03-04,31.74,32.1,30.03,30.23,10603612
2014-03-05,30.55,31.58,30.5,31.13,6411255
2014-03-06,31.19,31.78,30.71,31.11,10798273
2014-03-07,31.33,31.34,30.29,30.61,7939509
2014-03-10,30.29,30.65,29.69,29.87,5993326
2014-03-11,30.02,30.49,29.63,30.13,4045737
2014-03-12,29.93,30.15,29.66,29.87,3870052
2014-03-13,29.69,30.41,29.59,29.69,4615714
2014-03-14,29.59,30.12,29.38,29.89,4887448
2014-03-18,30.25,30.25,29.79,29.89,7437916
2014-03-19,30.11,31.66,28.6,29.3,25062018
2014-03-20,29.59,30.53,28.73,28.95,14618863
2014-03-21,29.23,29.92,29.11,29.79,8557260
2014-03-22,29.89,30.34,29.27,30.07,566179
2014-03-24,30.17,30.47,30.09,30.25,4873021
2014-03-25,30.25,30.95,30.15,30.27,11164636
2014-03-26,30.62,32.12,30.35,31.14,20365500
2014-03-27,31.33,32.92,31.25,32.52,14625870
2014-03-28,33.32,33.83,32.57,32.92,7242604
2014-03-31,32.93,34.11,32.43,33.65,11134159
2014-04-01,33.93,34.15,33.05,33.61,8351184
2014-04-02,34.5,36.33,34.31,34.89,25216572
2014-04-03,35.22,35.46,33.85,34.11,10225734
2014-04-04,34.37,34.47,33.43,33.56,8860834
2014-04-07,33.75,34.9,33.32,34.41,12980557
2014-04-09,35.16,35.27,33.99,34.19,13329118
2014-04-10,34.47,34.77,33.66,33.9,9323439
2014-04-11,33.91,34.99,33.85,34.21,7235785
2014-04-15,34.07,34.34,33.07,33.47,5777308
2014-04-16,33.27,33.69,32.33,32.51,12354702
2014-04-17,32.89,33.43,32.44,32.81,5512773
2014-04-21,33.0,33.49,32.67,33.1,10745341
2014-04-22,32.93,33.3,32.92,33.02,6187026
2014-04-23,33.26,34.9,33.15,34.72,15876244
2014-04-25,34.99,35.38,34.5,34.79,10336642
2014-04-28,34.65,36.13,34.26,34.99,9460581
2014-04-29,35.27,35.32,34.23,34.31,4880962
2014-04-30,34.12,34.62,32.81,33.42,10192213
2014-05-02,33.67,35.29,33.67,34.76,20672317
2014-05-05,35.42,35.54,34.41,34.67,6627300
2014-05-06,34.77,35.47,33.71,34.27,8901606
2014-05-07,34.21,34.59,33.85,34.13,14477983
2014-05-08,34.47,35.22,34.22,34.61,6926698
2014-05-09,34.87,35.35,34.27,35.01,10385884
2014-05-12,35.22,36.34,35.1,35.63,11867928
2014-05-13,36.03,37.16,35.82,36.33,11376916
2014-05-14,36.79,37.61,36.73,36.81,7416910
2014-05-15,36.62,36.62,34.49,35.1,36530340
2014-05-16,35.89,36.21,33.78,34.58,14530327
2014-05-19,35.08,35.75,33.85,34.23,12158202
2014-05-20,34.69,36.21,34.63,35.87,13305435
2014-05-21,36.19,38.1,36.13,37.78,17788966
2014-05-22,38.44,40.4,35.91,36.93,51073290
2014-05-23,37.77,38.17,36.09,36.37,27376578
2014-05-26,37.13,38.19,36.58,37.3,13899468
2014-05-27,37.53,38.97,36.93,38.65,16568362
2014-05-28,38.93,39.51,38.35,39.18,13021413
2014-05-29,39.23,39.61,38.52,38.74,9687988
2014-05-30,39.11,39.57,38.58,39.45,7120401
2014-06-02,39.69,40.17,38.86,39.79,5250718
2014-06-03,40.15,41.61,39.83,41.34,11006385
2014-06-04,41.54,42.41,40.57,41.99,9144741
2014-06-05,42.13,42.31,40.82,41.06,8012625
2014-06-06,41.25,41.9,40.19,40.67,9388591
2014-06-09,40.82,41.53,40.36,40.42,6689590
2014-06-10,40.63,40.82,38.85,39.77,6753021
2014-06-11,40.03,40.65,39.25,39.44,4571641
2014-06-12,39.57,40.79,39.07,40.65,9218005
2014-06-13,40.36,42.27,40.35,41.94,14251636
2014-06-16,41.65,43.1,41.26,41.46,9328285
2014-06-17,41.09,42.23,41.09,41.71,4327621
2014-06-18,41.96,42.59,40.95,41.94,5255466
2014-06-19,42.41,42.93,42.04,42.55,5782006
2014-06-20,42.97,42.97,40.85,41.07,6386223
2014-06-23,41.55,41.91,41.22,41.45,4634268
2014-06-24,41.83,41.87,41.09,41.22,6681184
2014-06-25,41.47,41.57,40.6,40.78,8394348
2014-06-26,41.07,41.94,40.97,41.75,6816718
2014-06-27,42.01,42.57,41.58,42.0,8913727
2014-06-30,42.14,42.86,42.01,42.7,6765445
2014-07-01,42.9,46.31,42.62,45.22,21888543
2014-07-02,45.65,46.07,44.85,45.51,13411023
2014-07-03,45.67,47.9,45.63,46.89,15827515
2014-07-04,47.21,49.38,46.62,48.6,11248642
2014-07-07,48.86,48.91,47.67,47.92,11427292
2014-07-08,48.2,48.2,46.18,46.51,26141727
2014-07-09,46.62,48.2,45.17,46.33,12461790
2014-07-10,46.68,48.26,46.35,47.44,15556282
2014-07-11,47.74,50.42,46.02,46.42,8802718
2014-07-14,46.54,47.41,45.5,46.35,9799026
2014-07-15,46.53,47.52,45.46,46.92,7678486
2014-07-16,46.78,49.12,46.78,48.75,13313364
2014-07-17,49.21,49.78,48.61,49.21,10036023
2014-07-18,48.85,50.0,47.91,49.61,6142102
2014-07-21,49.77,50.1,48.46,48.56,8894640
2014-07-22,48.93,49.05,48.2,48.44,5596899
2014-07-23,48.59,48.71,46.62,46.89,7209223
2014-07-24,46.71,47.14,46.13,46.37,7494414
2014-07-25,46.48,46.61,44.79,45.9,11098401
2014-07-28,44.95,48.69,44.77,47.03,19886959
2014-07-30,47.41,47.73,46.89,47.39,18883033
2014-07-31,47.29,48.66,46.94,48.06,11620614
2014-08-01,47.6,47.6,46.22,46.43,14043106
2014-08-04,46.74,47.01,45.58,45.82,8961963
2014-08-05,46.21,47.51,46.18,47.31,6546819
2014-08-06,47.41,48.43,47.01,47.72,7983309
2014-08-07,46.95,48.2,46.95,48.05,5196448
2014-08-08,47.49,48.54,47.03,48.18,10478589
2014-08-11,49.25,49.25,48.53,48.75,5373084
2014-08-12,49.11,51.51,45.83,46.49,55835484
2014-08-13,46.35,46.35,45.33,46.03,19994365
2014-08-14,46.09,47.13,45.99,46.67,8790073
2014-08-18,46.88,46.88,46.09,46.27,6762057
2014-08-19,46.35,47.38,46.35,47.11,13919374
2014-08-20,47.37,47.7,46.57,47.31,10444843
2014-08-21,47.8,48.0,47.03,47.32,6668016
2014-08-22,47.4,47.66,47.08,47.25,3274611
2014-08-25,47.05,47.54,46.49,46.61,4716591
2014-08-26,46.74,47.21,46.15,47.03,5873932
2014-08-27,47.19,50.27,47.19,49.22,27288579
2014-08-28,49.48,49.91,48.33,48.98,6616617
2014-09-01,49.42,50.55,49.42,50.31,7614952
2014-09-02,50.54,52.15,50.52,51.91,10479760
2014-09-03,52.41,52.77,51.62,51.75,9358035
2014-09-04,51.88,52.54,51.49,52.26,6538809
2014-09-05,52.47,52.94,50.85,51.0,9500736
2014-09-08,51.35,51.58,49.91,50.75,10148308
2014-09-09,51.63,52.62,51.42,51.71,11638428
2014-09-10,51.81,54.65,51.35,52.89,29629938
2014-09-11,53.24,58.57,52.09,57.81,62848644
2014-09-12,58.0,58.99,56.49,57.5,40066734
2014-09-15,57.03,58.71,56.65,57.83,25848216
2014-09-16,57.81,58.02,53.85,54.61,22649533
2014-09-17,55.03,55.83,51.53,55.18,26002320
2014-09-18,55.13,57.02,54.65,55.67,18203712
2014-09-19,56.21,57.27,54.25,54.61,43767192
2014-09-22,54.38,54.78,53.33,53.86,17583834
2014-09-23,53.74,54.75,52.67,53.05,15175596
2014-09-24,52.54,53.97,50.87,53.61,25964292
2014-09-25,53.99,54.61,52.29,52.98,19041118
2014-09-26,53.07,53.79,51.71,53.3,21622993
2014-09-29,53.54,54.13,52.82,53.03,11662192
2014-09-30,52.74,53.29,51.39,52.1,16190107
2014-10-01,52.28,53.01,52.03,52.23,8535511
2014-10-07,52.21,52.39,50.95,51.39,17954637
2014-10-08,50.97,51.73,49.67,50.71,17387625
2014-10-09,51.62,51.62,49.95,50.57,21000306
2014-10-10,50.22,50.31,48.33,48.51,14725011
2014-10-13,48.73,50.89,46.65,50.67,26892600
2014-10-14,50.75,50.94,49.45,49.65,10002943
2014-10-16,49.51,49.8,47.29,47.74,15026131
2014-10-17,47.82,50.01,46.35,49.21,16174569
2014-10-20,49.95,51.29,49.38,51.02,16660824
2014-10-21,51.3,52.19,50.83,51.81,12814882
2014-10-22,52.28,53.28,52.15,52.53,11377051
2014-10-23,52.9,52.97,52.55,52.75,1138699
2014-10-27,53.16,53.86,52.43,53.58,13529251
2014-10-28,53.59,55.37,53.45,54.55,16178002
2014-10-29,54.78,55.1,54.19,54.65,8704699
2014-10-30,54.75,56.48,54.13,56.0,30351990
2014-10-31,56.48,56.48,54.99,55.37,15211236
2014-11-03,55.67,56.99,55.19,56.18,9413742
2014-11-05,56.77,56.77,55.31,56.13,9279066
2014-11-07,56.61,58.0,56.17,56.39,29062242
2014-11-10,56.73,57.73,53.07,54.03,46541292
2014-11-11,54.11,55.91,53.91,54.94,22067286
2014-11-12,55.4,56.95,55.23,56.45,23042566
2014-11-13,56.73,57.29,55.18,56.09,18800475
2014-11-14,56.36,57.07,55.7,55.92,7997538
2014-11-17,55.67,56.91,55.34,56.4,7363285
2014-11-18,56.65,59.09,56.65,58.09,28713003
2014-11-19,58.28,59.26,57.29,58.15,27080634
2014-11-20,58.14,58.73,55.9,57.49,17235114
2014-11-21,57.34,58.27,56.63,57.88,10004725
2014-11-24,58.11,58.27,56.92,57.82,14190262
2014-11-25,58.09,59.35,55.86,57.18,173695176
2014-11-26,57.01,57.01,55.77,56.23,15761683
2014-11-27,56.63,56.63,55.33,55.92,15122346
2014-11-28,55.83,57.67,55.77,56.38,27839358
2014-12-01,56.63,56.92,55.07,55.47,12577845
2014-12-02,55.18,56.03,54.65,55.22,9588223
2014-12-03,55.31,57.29,55.07,56.97,22045042
2014-12-04,57.29,57.45,55.87,56.09,14590167
2014-12-05,56.09,56.55,55.38,55.73,9989659
2014-12-08,55.49,56.26,55.03,55.89,5696835
2014-12-09,55.33,56.49,54.14,54.83,6545239
2014-12-10,54.53,55.97,52.81,55.74,13641807
2014-12-11,55.31,55.78,53.99,54.53,8947932
2014-12-12,54.66,55.55,54.07,54.61,5219886
2014-12-15,54.06,54.78,53.03,53.19,7020556
2014-12-16,54.81,55.29,53.61,54.34,16962253
2014-12-17,54.13,54.48,51.89,53.74,13883970
2014-12-18,54.85,57.81,54.25,57.15,16673041
2014-12-19,57.99,59.91,56.47,57.01,22421935
2014-12-22,57.24,58.45,56.63,57.91,8693841
2014-12-23,58.35,58.41,56.47,56.74,5881210
2014-12-24,56.67,57.63,55.97,56.44,30308796
2014-12-26,56.57,56.87,56.17,56.51,2666743
2014-12-29,57.15,59.45,56.82,59.1,13717212
2014-12-30,59.26,59.64,58.21,58.64,8338681
2015-01-01,60.35,61.1,59.61,59.97,6489420
2015-01-02,59.79,60.95,59.71,60.2,6179352
2015-01-05,60.49,60.58,58.93,59.16,8846155
2015-01-06,59.13,59.13,56.41,57.29,11261089
2015-01-07,57.2,58.46,56.71,58.07,7217677
2015-01-08,58.6,59.14,57.15,58.33,10669101
2015-01-09,58.99,59.83,56.79,57.65,12436984
2015-01-12,57.96,58.1,56.92,57.35,4449331
2015-01-13,57.55,59.1,57.45,58.77,7264263
2015-01-14,59.25,59.51,57.88,58.35,6388917
2015-01-15,58.81,59.13,58.22,58.66,4122606
2015-01-16,58.49,60.1,57.95,59.46,8497011
2015-01-19,59.65,60.77,59.6,59.97,6054760
2015-01-20,59.8,60.3,59.11,59.33,5132539
2015-01-21,59.39,61.43,58.87,61.13,11982331
2015-01-22,61.63,63.42,61.63,62.78,18326487
2015-01-23,63.4,64.23,62.1,62.5,9109842
2015-01-27,62.6,63.21,61.77,62.79,7208233
2015-01-28,62.19,62.93,60.84,61.36,7590855
2015-01-29,61.37,61.47,58.95,59.67,16370566
2015-01-30,60.22,61.22,58.37,59.41,8598903
2015-02-02,59.49,59.83,58.39,58.85,6283680
2015-02-03,59.15,60.42,58.47,58.94,8100366
2015-02-04,59.35,59.63,57.35,57.54,10383891
2015-02-05,57.94,58.71,56.81,57.43,5957148
2015-02-06,57.68,57.87,56.1,56.38,6840493
2015-02-09,56.63,58.6,56.62,57.64,8672106
2015-02-10,57.15,61.73,57.15,60.63,28958190
2015-02-11,61.66,61.74,59.53,60.95,11985276
2015-02-12,61.17,62.35,60.77,61.5,12245590
2015-02-13,61.63,62.02,60.85,61.74,7332069
2015-02-16,62.02,62.35,60.59,60.81,8562777
2015-02-18,60.88,61.87,60.12,60.54,5464149
2015-02-19,60.8,63.61,60.58,63.39,12620013
2015-02-20,63.83,64.13,62.3,62.81,7363887
2015-02-23,63.07,63.11,61.3,61.57,4204632
2015-02-24,61.81,61.81,59.59,60.06,6552712
2015-02-25,60.29,60.71,58.74,59.79,10566978
2015-02-26,60.17,60.17,57.75,59.42,10046917
2015-02-27,59.65,60.98,58.72,60.35,12544342
2015-02-28,60.8,60.8,57.94,59.53,6465279
2015-03-02,61.23,62.15,60.47,61.9,9809620
2015-03-03,62.15,62.15,61.1,61.66,6021226
2015-03-04,62.02,62.79,60.44,60.89,9465492
2015-03-05,61.1,64.14,60.59,63.57,14263453
2015-03-09,63.61,65.56,62.49,62.91,13605432
2015-03-10,63.21,63.87,62.7,63.09,6966447
2015-03-11,63.08,65.15,62.22,64.13,10422132
2015-03-12,64.26,65.3,63.48,64.86,8697183
2015-03-13,65.16,67.08,64.01,65.43,18928972
2015-03-16,65.45,65.7,62.7,63.85,16447033
2015-03-17,64.5,65.08,64.0,64.67,19255219
2015-03-18,64.92,66.1,64.13,64.39,7046515
2015-03-19,65.05,66.1,64.92,65.72,10658617
2015-03-20,65.85,66.49,64.14,64.5,7698849
2015-03-23,64.17,65.11,63.61,63.9,4815217
2015-03-24,63.93,64.38,62.77,63.27,3942312
2015-03-25,63.27,63.37,62.29,62.81,4619703
2015-03-26,62.81,63.11,61.13,61.54,7119415
2015-03-27,62.26,63.13,61.1,62.27,4913625
2015-03-30,62.55,66.11,62.3,65.73,9994773
2015-03-31,66.37,68.47,66.17,67.81,14922600
2015-04-01,68.28,68.44,66.51,66.9,9216798
2015-04-06,67.05,68.15,66.52,67.61,9847110
2015-04-07,67.82,68.01,66.42,66.92,5767108
2015-04-08,67.42,67.42,66.27,66.67,8219550
2015-04-09,66.9,68.7,66.49,67.25,11082247
2015-04-10,67.29,67.69,66.66,67.0,4218805
2015-04-13,67.28,67.67,66.57,67.01,6929146
2015-04-15,67.03,68.98,66.66,67.43,19109797
2015-04-16,67.55,68.17,65.19,66.57,8480836
2015-04-17,66.87,69.51,66.66,68.23,16992883
2015-04-20,68.86,70.41,68.36,68.8,20029609
2015-04-21,69.03,69.49,65.67,66.06,19296370
2015-04-22,66.47,66.71,62.96,64.36,13251412
2015-04-23,64.66,65.25,62.8,63.05,9061459
2015-04-24,63.14,63.14,60.85,61.51,10250430
2015-04-27,62.13,62.17,59.09,59.9,13587973
2015-04-28,59.91,61.48,57.25,61.03,26145195
2015-04-29,64.53,65.56,62.02,63.09,20614165
2015-04-30,63.21,67.15,62.29,66.39,22071360
2015-05-04,67.03,67.54,65.5,66.13,6586518
2015-05-05,66.47,67.42,65.71,66.39,6282057
2015-05-06,66.23,67.95,63.43,64.51,10207609
2015-05-07,63.85,64.61,60.45,61.95,15570988
2015-05-08,63.22,64.46,62.09,63.96,11781534
2015-05-11,64.65,67.71,64.53,67.4,10919523
2015-05-12,67.55,68.05,63.45,64.19,30404466
2015-05-13,65.11,66.89,64.82,65.99,18868546
2015-05-14,65.65,65.82,64.75,65.27,9996001
2015-05-15,65.47,66.5,64.81,65.22,7249165
2015-05-18,66.11,66.83,65.38,65.79,9993669
2015-05-19,65.38,65.65,63.21,63.53,13412103
2015-05-20,63.78,63.8,61.89,62.49,19131667
2015-05-21,62.93,62.93,61.23,61.91,16980186
2015-05-22,62.29,63.85,62.03,63.05,9423408
2015-05-25,63.07,63.77,62.42,62.82,4998754
2015-05-26,62.73,62.95,61.41,61.93,9343189
2015-05-27,61.51,62.55,61.38,62.39,6992448
2015-05-28,62.52,63.11,61.63,62.39,8162952
2015-05-29,62.68,64.43,62.62,64.13,13776874
2015-06-01,64.05,64.31,62.19,62.47,7036372
2015-06-02,62.67,62.85,61.55,61.75,5866570
2015-06-03,61.77,62.68,60.34,61.95,8262366
2015-06-04,62.58,63.46,61.16,61.7,7009228
2015-06-05,61.61,62.07,60.31,61.14,7896198
2015-06-08,61.73,61.73,59.53,59.87,7998198
2015-06-09,59.4,60.75,59.33,60.47,7326987
2015-06-10,60.77,64.51,60.58,64.23,25132579
2015-06-11,64.69,65.01,62.29,62.73,14317260
2015-06-12,62.66,63.53,62.06,62.21,5536029
2015-06-15,62.53,64.03,62.43,63.29,5585446
2015-06-16,63.27,64.26,62.29,63.87,5606830
2015-06-17,64.49,64.73,63.61,63.79,7408180
2015-06-18,64.09,65.17,63.97,64.53,7735602
2015-06-19,64.81,65.78,64.35,65.04,9887158
2015-06-22,65.2,66.2,64.99,65.72,6530736
2015-06-23,65.81,66.13,65.1,65.83,3957289
2015-06-24,66.19,67.81,65.74,67.39,18885859
2015-06-25,67.33,68.84,67.1,67.99,23630869
2015-06-26,67.82,68.85,67.05,67.72,11080905
2015-06-29,62.81,67.53,62.81,66.97,18307285
2015-06-30,66.39,68.73,66.39,68.31,11437356
2015-07-01,68.31,69.35,67.62,69.07,10801978
2015-07-02,69.47,70.04,69.01,69.59,8816556
2015-07-03,69.79,69.9,68.72,69.47,4858302
2015-07-06,66.19,69.25,66.15,68.85,10394845
2015-07-07,68.87,69.53,67.26,67.76,6679689
2015-07-08,67.16,67.29,66.03,66.41,10118874
2015-07-09,66.12,67.37,65.98,66.19,5532153
2015-07-10,66.5,66.89,65.85,66.38,6307413
2015-07-13,66.04,69.78,66.04,69.59,10481401
2015-07-14,69.79,69.81,68.28,68.95,5174472
2015-07-15,68.62,68.97,67.85,68.39,7630944
2015-07-16,69.01,69.53,68.47,68.88,6138727
2015-07-17,69.4,71.06,68.94,69.63,8976576
2015-07-20,70.27,71.21,69.31,70.65,7056993
2015-07-21,70.71,70.95,69.3,69.7,4781211
2015-07-22,69.73,70.57,68.25,68.9,7121743
2015-07-23,70.32,71.11,67.16,69.05,5332038
2015-07-24,69.53,69.53,66.97,67.25,3822879
2015-07-27,67.55,67.93,64.82,65.13,6074191
2015-07-28,65.75,66.89,65.03,65.64,5610844
2015-07-29,66.26,67.55,65.68,66.98,8072076
2015-07-30,67.53,68.04,66.27,66.54,8544436
2015-07-31,67.53,68.98,66.77,68.63,7929748
2015-08-03,69.09,70.31,67.69,69.03,4314175
2015-08-04,69.62,74.45,69.38,73.89,25647342
2015-08-05,74.95,77.81,74.37,77.27,19782613
2015-08-06,77.99,78.22,71.96,73.23,42391746
2015-08-07,73.33,73.49,67.59,68.89,45286218
2015-08-10,69.09,69.85,67.18,67.63,15286011
2015-08-11,68.29,69.01,66.47,68.72,14957692
2015-08-12,68.39,68.85,66.39,66.95,11677011
2015-08-13,67.65,68.29,66.17,66.63,10444312
2015-08-14,67.31,68.25,66.67,67.8,13610694
2015-08-17,68.2,68.27,66.79,67.43,11742006
2015-08-18,67.75,68.53,67.24,67.42,6394890
2015-08-19,67.67,67.71,66.57,66.73,6774586
2015-08-20,66.77,67.25,64.26,64.73,9117505
2015-08-21,64.17,64.17,58.26,63.43,23547391
2015-08-24,60.25,62.42,57.48,58.39,27485754
2015-08-25,59.09,60.31,53.73,58.66,24855501
2015-08-26,58.73,61.02,56.06,57.3,17626723
2015-08-27,59.26,63.01,58.41,62.2,19382500
2015-08-28,63.02,63.7,61.56,62.45,9051258
2015-08-31,62.17,62.2,59.55,59.95,15210655
2015-09-01,59.61,59.61,56.22,57.3,20930280
2015-09-02,58.22,59.46,56.92,58.01,16297899
2015-09-03,58.6,60.49,58.6,59.74,11293480
2015-09-04,58.98,58.98,56.89,57.98,15963474
2015-09-07,58.17,58.87,54.32,54.69,16277001
2015-09-08,54.71,56.85,53.42,55.57,16590435
2015-09-09,56.83,56.89,55.51,56.33,11265846
2015-09-10,55.51,55.61,54.36,54.55,10934929
2015-09-11,54.89,55.85,54.62,55.08,9584502
2015-09-14,55.49,55.75,54.81,55.24,6681598
2015-09-15,55.27,56.26,54.32,55.73,8302057
2015-09-16,56.1,56.27,54.25,54.57,8795314
2015-09-18,55.06,57.52,54.93,56.11,13033599
2015-09-21,55.31,56.09,51.05,51.8,42568815
2015-09-22,51.26,51.26,47.2,47.79,101925300
2015-09-23,45.43,49.11,45.09,48.67,101416080
2015-09-24,49.22,51.0,49.19,49.57,66822126
2015-09-28,50.37,50.41,46.42,47.13,40195470
2015-09-29,45.42,47.8,45.11,46.11,30346716
2015-09-30,46.81,47.27,45.33,45.5,32294175
2015-10-01,46.18,46.49,44.39,44.65,21905593
2015-10-05,45.06,47.57,42.87,47.03,62086650
2015-10-06,47.53,48.2,45.73,46.1,36895716
2015-10-07,46.42,47.92,46.3,47.3,20400420
2015-10-08,46.78,48.39,46.51,47.07,22559374
2015-10-09,47.31,48.2,46.53,47.61,16486896
2015-10-12,48.22,50.87,48.06,50.17,42809568
2015-10-13,50.65,50.75,49.19,49.77,19163568
2015-10-14,49.78,49.78,48.07,48.38,13465839
2015-10-15,48.71,50.27,48.06,49.75,18273036
2015-10-16,49.11,50.1,48.79,49.75,22732239
2015-10-19,49.75,49.8,48.79,49.15,9609024
2015-10-20,49.34,51.71,49.17,50.65,42460422
2015-10-21,50.91,50.91,49.38,49.75,16106313
2015-10-23,50.13,50.55,46.97,47.71,29297040
2015-10-26,48.0,48.67,46.62,48.41,21783576
2015-10-27,48.37,48.55,47.71,48.18,8101209
2015-10-28,47.78,48.69,46.87,47.88,14608351
2015-10-29,47.85,49.87,47.62,49.62,28058349
2015-10-30,49.68,50.22,48.22,48.58,14178504
2015-11-02,48.75,49.39,47.82,48.41,9547990
2015-11-03,48.62,49.65,48.15,48.54,16205700
2015-11-04,49.19,49.19,47.46,48.01,16876698
2015-11-05,47.71,48.77,47.33,47.88,8560095
2015-11-06,48.39,53.64,47.65,52.58,62898102
2015-11-09,51.78,56.82,50.89,56.14,55124400
2015-11-10,55.89,55.89,52.0,52.41,29280012
2015-11-11,53.23,53.68,52.81,53.05,3813312
2015-11-13,52.75,54.44,51.93,53.99,26594706
2015-11-16,53.91,54.91,53.63,54.15,19637602
2015-11-17,54.4,55.96,54.34,55.09,34024410
2015-11-18,55.29,56.1,55.15,55.73,21344887
2015-11-19,56.26,56.98,55.77,56.57,28513461
2015-11-20,56.67,56.67,55.31,56.1,19108551
2015-11-23,56.69,57.29,55.96,56.38,26443386
2015-11-24,56.37,60.05,56.1,57.87,33877254
2015-11-26,58.07,59.06,56.77,58.54,21340375
2015-11-27,58.87,58.87,57.23,57.77,8637216
2015-11-30,58.05,58.37,56.8,57.15,11591479
2015-12-01,57.51,57.87,56.94,57.77,8405380
2015-12-02,57.29,57.93,55.8,56.01,23270977
2015-12-03,56.1,56.69,55.55,55.87,35120052
2015-12-04,55.61,56.2,53.63,55.35,45049551
2015-12-07,55.8,55.98,54.33,55.38,21683026
2015-12-08,55.31,56.26,54.43,54.79,8544328
2015-12-09,54.78,56.18,54.48,54.83,16475707
2015-12-10,55.31,56.1,54.83,55.43,11468913
2015-12-11,55.61,55.79,52.97,53.75,18291585
2015-12-14,53.33,55.77,50.98,54.46,18891295
2015-12-15,54.91,55.35,53.83,55.15,6933198
2015-12-16,55.39,56.3,54.97,55.28,9414340
2015-12-17,56.1,57.13,55.38,56.93,9160041
2015-12-18,56.92,57.85,56.27,56.6,13982680
2015-12-21,56.69,57.23,56.23,56.5,5738014
2015-12-22,56.73,57.48,56.5,56.68,3766137
2015-12-23,56.89,58.25,56.6,57.78,6172620
2015-12-24,58.27,58.55,57.64,57.8,4636009
2015-12-28,57.93,58.17,56.95,57.27,5113999
2015-12-29,57.78,59.34,57.49,58.61,8667285
2015-12-30,58.87,58.9,57.83,58.01,4393591
2015-12-31,58.07,58.31,57.15,57.91,11733235
2016-01-01,57.87,58.85,57.43,58.67,3220522
2016-01-04,58.27,60.09,56.14,56.49,10979938
2016-01-05,56.09,58.03,55.02,57.19,10282498
2016-01-06,57.09,57.83,55.31,55.53,7249024
2016-01-07,54.95,55.19,52.37,52.87,16538109
2016-01-08,53.77,54.34,53.13,53.5,13123195
2016-01-11,52.89,54.25,51.57,53.25,7769179
2016-01-12,53.53,54.05,51.51,52.5,8412582
2016-01-13,52.74,54.97,51.99,53.78,15490591
2016-01-14,52.21,52.94,50.58,51.73,19144830
2016-01-15,51.14,51.24,48.92,49.68,21860800
2016-01-18,48.9,49.67,46.83,47.8,20915601
2016-01-19,48.39,50.09,47.46,49.21,21855765
2016-01-20,48.76,50.25,47.96,49.9,13369956
2016-01-21,50.2,51.15,47.69,48.95,15667233
2016-01-22,49.58,51.42,49.22,50.7,7059153
2016-01-25,50.97,52.31,50.52,51.16,8769966
2016-01-27,51.55,52.15,50.57,51.7,7075263
2016-01-28,51.73,52.03,50.39,50.82,10444803
2016-01-29,50.77,53.06,50.58,52.57,6922675
2016-02-01,52.95,55.01,52.74,53.13,7048218
2016-02-02,52.65,53.27,50.63,50.89,9716659
2016-02-03,50.29,50.85,48.51,48.92,14497444
2016-02-04,49.91,52.31,49.54,51.9,16167858
2016-02-05,52.3,53.37,51.38,53.13,6852520
2016-02-08,53.13,54.4,52.25,53.64,8257303
2016-02-09,53.63,54.7,46.58,47.74,84009570
2016-02-10,47.35,48.35,45.19,45.91,38950890
2016-02-11,45.61,46.42,42.63,43.63,19972362
2016-02-12,44.03,45.53,41.79,44.57,29218308
2016-02-15,45.03,48.12,44.95,47.51,11788095
2016-02-16,48.39,48.47,44.35,44.82,13943442
2016-02-17,45.0,45.0,41.66,44.0,33463716
2016-02-18,45.43,45.58,43.17,44.13,17854953
2016-02-19,43.46,44.84,43.15,44.37,11657419
2016-02-22,44.49,44.72,43.18,43.46,13616317
2016-02-23,43.55,43.63,40.95,41.98,29332560
2016-02-24,41.19,42.67,41.11,41.91,13741842
2016-02-25,41.87,42.25,40.67,41.64,15338296
2016-02-26,42.03,43.79,41.91,43.58,14740450
2016-02-29,43.79,45.35,43.35,44.74,16996726
2016-03-01,45.13,47.94,44.8,46.05,15400938
2016-03-02,47.03,48.69,46.62,48.33,13754796
2016-03-03,48.63,49.56,48.15,49.37,9236202
2016-03-04,49.17,49.17,46.78,47.35,9046581
2016-03-08,46.93,49.48,46.82,48.69,24417109
2016-03-09,48.59,48.81,47.16,47.98,8832234
2016-03-10,48.38,48.38,46.89,47.31,9529813
2016-03-11,47.22,48.83,47.08,48.45,8126245
2016-03-14,49.19,49.68,48.5,49.34,16656357
2016-03-15,49.3,49.5,48.2,48.45,11503825
2016-03-16,48.12,48.45,47.06,47.61,6150952
2016-03-17,48.39,49.33,48.3,48.61,7821421
2016-03-18,48.79,49.7,48.49,49.39,13586658
2016-03-21,49.78,50.87,49.62,50.18,9205167
2016-03-22,50.15,50.15,49.0,49.56,6029148
2016-03-23,49.93,50.67,49.82,50.25,6281652
2016-03-28,50.53,50.53,47.88,48.08,6327609
2016-03-29,48.2,50.01,47.53,48.69,9220488
2016-03-30,49.19,51.05,49.15,50.61,12231345
2016-03-31,50.69,53.29,50.51,52.63,27087672
2016-04-01,52.29,52.29,51.05,51.74,11372779
2016-04-04,51.85,52.66,51.01,51.51,12400818
2016-04-05,51.3,51.63,49.37,49.64,7972152
2016-04-06,49.68,49.95,48.04,49.0,9253510
2016-04-07,49.38,49.78,47.85,48.13,7414359
2016-04-08,48.15,48.66,47.61,48.19,5459596
2016-04-11,48.39,50.67,47.81,49.98,9092514
2016-04-12,50.51,50.87,49.48,49.57,7491052
2016-04-13,50.17,51.21,50.01,50.94,6587227
2016-04-18,50.81,52.14,50.23,51.69,7281478
2016-04-20,51.77,53.69,51.55,53.07,13938967
2016-04-21,53.72,54.6,52.99,53.95,15250674
2016-04-22,53.93,55.07,53.56,54.1,10468119
2016-04-25,53.33,53.33,51.12,51.74,12819804
2016-04-26,51.16,52.74,50.39,52.04,8094507
2016-04-27,52.04,52.35,51.7,51.95,3738598
2016-04-28,52.15,52.89,50.87,51.02,13663965
2016-04-29,50.81,51.79,49.54,49.85,7986813
2016-05-02,49.75,51.69,49.19,51.43,7175602
2016-05-03,51.91,52.39,50.59,51.15,6738526
2016-05-04,50.77,51.29,49.75,50.17,3589617
2016-05-05,50.05,50.85,49.72,50.13,3293349
2016-05-06,50.13,50.97,49.82,50.73,3130260
2016-05-09,50.83,51.41,50.29,50.54,2911822
2016-05-10,50.57,50.87,49.66,49.99,4212880
2016-05-11,49.58,50.73,49.13,50.51,4678534
2016-05-12,50.57,52.94,50.57,52.78,11358802
2016-05-13,52.54,52.68,51.03,52.02,5738023
2016-05-16,52.15,53.29,51.92,52.92,5923672
2016-05-17,53.29,60.18,51.75,57.37,112110336
2016-05-18,57.07,57.07,54.22,54.54,28857942
2016-05-19,54.58,55.49,53.22,53.56,14106961
2016-05-20,53.93,53.97,52.59,52.91,14319808
2016-05-23,53.13,53.35,51.75,52.15,10103788
2016-05-24,52.29,53.02,50.4,50.66,17195662
2016-05-25,50.73,52.75,50.73,52.49,28361037
2016-05-26,52.65,54.62,51.93,54.05,30646950
2016-05-27,54.54,55.37,54.29,55.16,14954919
2016-05-30,54.93,56.65,54.52,56.15,12965934
2016-05-31,56.18,56.61,54.67,56.25,13663864
2016-06-01,56.3,59.22,55.87,57.83,31201554
2016-06-02,57.58,58.07,56.93,57.45,9360294
2016-06-03,57.29,57.48,54.23,54.5,27359574
2016-06-06,53.71,55.7,53.67,55.4,13454535
2016-06-07,55.31,56.89,55.23,56.71,11691055
2016-06-08,56.71,58.02,56.41,57.37,10632063
2016-06-09,57.48,57.72,56.37,57.21,7109845
2016-06-10,57.29,58.07,56.33,57.03,12589953
2016-06-13,56.25,56.88,55.61,56.55,6781047
2016-06-14,56.63,57.58,56.0,57.34,12030729
2016-06-15,58.27,58.91,57.72,58.05,11813973
2016-06-16,57.42,58.01,56.53,57.81,7225984
2016-06-17,58.07,58.27,57.11,57.42,7534563
2016-06-20,56.89,59.15,56.5,58.34,13114825
2016-06-21,58.93,60.86,58.75,59.53,21351529
2016-06-22,59.83,60.7,58.91,59.81,22324744
2016-06-23,59.38,60.1,58.44,59.65,13953103
2016-06-24,53.73,55.7,52.25,54.42,75556152
2016-06-27,53.73,54.71,53.43,53.91,22211020
2016-06-28,53.91,55.25,53.63,54.93,20750736
2016-06-29,55.11,55.58,54.51,54.7,10664008
2016-06-30,55.49,57.93,55.11,57.3,33798612
2016-07-01,57.7,58.26,56.49,56.76,7370043
2016-07-04,57.0,58.07,57.0,57.31,8186397
2016-07-05,57.39,57.73,55.9,56.33,7181160
2016-07-07,56.49,56.49,54.66,54.78,22288030
2016-07-08,54.71,55.51,54.13,55.2,11912046
2016-07-11,55.51,56.39,54.52,55.29,28747761
2016-07-12,55.51,58.07,55.23,57.89,31106046
2016-07-13,58.07,58.63,56.99,58.33,16164543
2016-07-14,58.17,58.97,57.95,58.61,5728411
2016-07-15,58.89,60.94,57.83,59.71,23054736
2016-07-18,60.0,60.42,58.32,58.63,14507751
2016-07-19,58.67,60.14,58.67,59.65,16473835
2016-07-20,60.03,61.6,59.85,61.03,21050443
2016-07-21,61.65,62.55,60.68,61.01,17257368
2016-07-22,61.21,63.09,61.02,62.14,15971043
2016-07-25,62.28,63.61,62.25,63.07,9008601
2016-07-26,63.18,63.77,62.09,62.48,11947206
2016-07-27,62.57,64.08,62.57,63.65,11240148
2016-07-28,63.65,65.15,63.05,64.81,20283778
2016-07-29,65.03,65.77,64.49,65.46,11652225
2016-08-01,65.58,68.13,65.22,67.3,16729876
2016-08-02,67.55,70.85,67.47,68.39,27674784
2016-08-03,68.54,68.89,64.65,65.07,15925263
2016-08-04,66.65,69.61,66.05,68.82,29516268
2016-08-05,69.89,69.91,68.33,69.33,22742515
2016-08-08,69.8,69.8,68.71,69.21,11659407
2016-08-09,69.46,70.01,68.31,69.63,19755849
2016-08-10,70.1,70.1,62.25,65.11,72033750
2016-08-11,64.35,64.55,61.25,62.55,30614502
2016-08-12,62.6,63.92,61.3,63.09,14616768
2016-08-16,63.11,63.92,62.73,63.47,9833131
2016-08-17,63.78,66.35,63.46,66.07,13277230
2016-08-18,66.57,67.43,65.78,66.14,14307297
2016-08-19,66.19,66.69,65.03,65.45,8927040
2016-08-22,65.48,66.34,63.71,64.55,11430973
2016-08-23,63.73,65.09,63.55,64.51,7479433
2016-08-24,64.73,64.77,63.65,64.21,6467185
2016-08-25,64.59,64.74,62.87,64.0,10948872
2016-08-26,64.42,65.38,63.41,63.61,12953946
2016-08-29,63.57,64.45,63.26,64.22,6637393
2016-08-30,64.39,64.85,63.69,64.35,6367492
2016-08-31,64.43,65.17,63.46,63.71,8497428
2016-09-01,64.06,64.49,62.93,63.26,4767478
2016-09-02,63.65,64.05,63.07,63.34,5621653
2016-09-06,63.61,64.3,63.42,63.96,7512730
2016-09-07,64.39,66.67,63.61,66.44,18195364
2016-09-08,67.34,67.55,64.35,64.78,24193095
2016-09-09,64.2,66.99,64.02,65.15,24684112
2016-09-12,64.37,64.37,60.89,61.72,25572960
2016-09-14,62.26,63.24,61.83,62.42,14818620
2016-09-15,62.59,62.7,61.43,61.64,5453976
2016-09-16,62.18,64.06,61.95,62.95,10904181
2016-09-19,63.35,64.07,62.91,63.19,5980353
2016-09-20,63.41,64.15,62.55,63.77,8270677
2016-09-21,64.0,64.3,63.31,63.65,8993796
2016-09-22,64.22,64.73,63.46,63.95,7165203
2016-09-23,64.2,64.59,62.82,63.05,6504708
2016-09-26,62.97,63.11,62.05,62.37,4996114
2016-09-27,62.52,63.16,61.81,62.03,7371394
2016-09-28,62.81,62.87,62.09,62.46,9302712
2016-09-29,62.57,62.87,56.35,60.54,40750320
2016-09-30,60.45,63.11,60.35,62.81,17075451
2016-10-03,63.21,66.02,63.21,65.06,48337266
2016-10-04,64.79,65.19,64.1,64.87,11063440
2016-10-05,65.91,66.25,64.89,65.85,15654003
2016-10-06,66.35,66.77,64.82,65.6,10406458
2016-10-07,65.78,65.83,64.79,65.01,5735715
2016-10-10,65.19,65.87,65.11,65.47,5867310
2016-10-13,65.58,65.58,62.42,63.55,11549874
2016-10-14,63.51,65.6,63.22,65.27,9782391
2016-10-17,64.86,65.55,63.2,63.51,7044895
2016-10-18,63.9,65.62,63.62,65.46,14102809
2016-10-19,65.58,66.55,64.72,65.69,10041774
2016-10-20,66.11,66.11,64.9,65.23,5169111
2016-10-21,65.3,66.21,64.33,66.01,9069783
2016-10-24,66.17,66.45,65.25,65.67,5410680
2016-10-25,65.48,66.07,64.57,65.21,5222274
2016-10-26,64.99,65.77,63.53,65.13,10915341
2016-10-27,65.33,65.33,63.87,64.78,10031790
2016-10-28,64.79,65.97,64.79,65.42,6056839
2016-10-30,65.58,66.07,65.21,65.53,338196
2016-11-01,65.19,65.45,64.41,64.94,7083187
2016-11-02,64.15,64.55,62.89,63.77,5338801
2016-11-03,63.51,64.29,61.43,62.03,5015341
2016-11-04,62.01,62.01,59.2,59.63,13298473
2016-11-07,60.42,63.37,60.25,62.35,12430365
2016-11-08,62.52,63.1,60.6,61.6,6093187
2016-11-09,60.05,61.87,55.51,60.91,17742153
2016-11-10,62.4,66.27,61.06,64.43,38858598
2016-11-11,63.21,63.57,59.27,59.55,16339381
2016-11-15,59.55,60.3,54.98,56.47,17386822
2016-11-16,58.27,60.09,55.61,58.17,21179050
2016-11-17,58.29,59.01,56.93,58.6,11787114
2016-11-18,58.81,59.4,57.17,57.37,8001858
2016-11-21,57.4,57.95,55.05,55.35,11292792
2016-11-22,55.92,57.27,55.31,56.31,17713500
2016-11-23,57.09,58.97,56.3,58.61,11590939
2016-11-24,58.25,59.26,57.34,58.5,9528801
2016-11-25,58.27,59.94,58.17,59.69,9271720
2016-11-28,59.63,60.35,58.7,59.59,8593588
2016-11-29,59.59,61.3,59.29,59.93,12326068
2016-11-30,60.33,61.59,60.15,61.19,12076615
2016-12-01,62.05,62.2,61.03,61.49,8800468
2016-12-02,61.1,61.98,60.12,60.47,12648880
2016-12-05,60.21,62.29,60.15,61.87,13754604
2016-12-06,61.47,62.65,61.23,61.48,6423922
2016-12-07,61.81,62.55,61.43,61.85,5558457
2016-12-08,62.22,65.5,62.22,65.19,14543884
2016-12-09,65.09,65.15,62.95,63.53,21399769
2016-12-12,63.74,64.39,62.85,63.46,5215620
2016-12-13,63.32,65.33,63.3,64.41,12153679
2016-12-14,64.58,64.84,63.01,63.2,8366574
2016-12-15,62.41,64.08,62.33,63.45,7559638
2016-12-16,63.53,64.68,63.42,63.85,21283003
2016-12-19,64.05,64.43,63.01,63.28,6316827
2016-12-20,62.93,63.78,62.81,63.0,6809653
2016-12-21,63.15,64.18,62.62,63.7,7342390
2016-12-22,63.79,64.08,62.81,63.03,8271811
2016-12-23,63.01,63.11,60.66,61.06,9024828
2016-12-26,60.83,61.23,59.73,60.67,6502609
2016-12-27,61.23,61.59,60.15,61.29,5204841
2016-12-28,61.59,62.55,61.53,62.17,7953465
2016-12-29,61.77,65.17,61.75,64.59,14398804
2016-12-30,64.98,65.13,64.1,64.49,7187443
2017-01-02,64.57,65.89,64.15,64.76,6955930
2017-01-03,64.65,65.19,63.53,63.89,5361009
2017-01-04,63.99,64.3,63.01,63.39,9733456
2017-01-05,63.7,65.03,63.7,64.9,10925254
2017-01-06,65.19,66.67,65.19,65.51,14320410
2017-01-09,66.31,66.31,64.89,65.03,6798850
2017-01-10,65.06,65.69,64.14,64.8,10875387
2017-01-11,64.88,65.5,64.31,65.22,17051280
2017-01-12,65.38,65.87,64.62,65.13,5773744
2017-01-13,65.75,65.75,64.2,64.53,5592220
2017-01-16,64.49,65.33,64.12,64.93,5011399
2017-01-17,65.02,65.82,64.14,64.47,45186642
2017-01-18,64.39,65.48,64.29,65.35,6813082
2017-01-19,65.38,65.61,64.02,64.33,11532598
2017-01-20,63.9,66.87,63.41,64.47,39071211
2017-01-23,64.99,64.99,63.41,63.93,14975808
2017-01-24,64.02,65.51,63.93,65.35,9786967
2017-01-25,65.51,66.05,65.06,65.48,14204757
2017-01-27,65.54,68.25,65.23,68.02,20290380
2017-01-30,67.93,68.92,67.26,67.86,14150235
2017-01-31,67.47,67.94,65.23,65.55,10341880
2017-02-01,65.78,66.73,64.27,66.49,10416603
2017-02-02,66.57,67.87,65.71,66.15,15925677
2017-02-03,66.15,67.4,65.89,67.19,13703469
2017-02-06,67.94,67.94,66.4,67.02,8299200
2017-02-07,67.55,67.55,65.99,66.78,13221255
2017-02-08,66.93,68.47,66.87,67.87,13158370
2017-02-09,68.14,69.13,67.51,68.91,10243735
2017-02-10,69.33,70.99,69.19,70.3,18413845
2017-02-13,70.87,70.87,67.2,69.33,37849914
2017-02-14,69.63,70.38,68.72,69.77,12565686
2017-02-15,69.55,70.44,67.59,67.83,12030459
2017-02-16,67.37,68.76,66.94,68.55,11428422
2017-02-17,68.92,69.39,68.07,69.1,7656427
2017-02-20,69.49,69.71,68.9,69.34,5134674
2017-02-21,69.52,69.82,68.22,69.25,5602447
2017-02-22,69.45,70.09,68.89,69.58,9942832
2017-02-23,69.66,69.97,68.39,69.0,17530237
2017-02-27,69.23,69.23,67.99,68.27,6422722
2017-02-28,68.54,69.39,68.31,69.18,5643766
2017-03-01,69.52,71.77,69.09,71.46,21456577
2017-03-02,72.27,73.06,69.35,69.72,20210442
2017-03-03,69.39,70.02,68.35,69.85,12586309
2017-03-06,69.86,70.91,69.86,70.57,6075901
2017-03-07,70.32,71.16,69.64,69.86,4882723
2017-03-08,69.9,70.52,69.18,70.09,4175695
2017-03-09,70.71,71.61,69.95,70.61,12183852
2017-03-10,70.91,71.09,69.75,70.18,5130879
2017-03-14,71.11,71.99,70.67,71.69,6805897
2017-03-15,71.29,72.29,71.27,71.94,5363092
2017-03-16,71.95,73.03,71.95,72.57,3861771
2017-03-17,72.71,72.95,71.71,72.49,7018644
2017-03-20,72.79,73.78,72.72,73.23,8055595
2017-03-21,73.15,73.39,72.15,73.11,5666815
2017-03-22,72.71,72.71,70.82,71.26,9072136
2017-03-23,71.46,72.49,69.95,71.96,9876567
2017-03-24,71.87,72.79,71.21,72.26,5849476
2017-03-27,73.07,73.07,72.03,72.31,6331497
2017-03-28,71.92,74.07,71.92,73.45,7301719
2017-03-29,74.07,75.65,74.05,74.97,17238076
2017-03-30,75.11,75.53,74.42,74.79,10302198
2017-03-31,74.79,75.01,73.15,73.46,8584482
2017-04-03,73.29,74.53,73.29,74.17,3267420
2017-04-05,74.27,75.69,73.51,75.47,9645631
2017-04-06,75.55,76.05,74.87,75.89,7822083
2017-04-07,75.42,75.77,74.19,74.67,4424817
2017-04-10,74.71,75.47,74.59,75.2,3654673
2017-04-11,74.87,75.65,74.71,75.13,2979534
2017-04-12,75.33,75.85,73.53,73.99,7265824
2017-04-13,73.87,74.93,73.7,74.35,3207219
2017-04-17,74.47,74.59,73.39,73.66,3916110
2017-04-18,73.68,75.91,73.11,73.39,8614452
2017-04-19,73.59,74.89,73.11,74.17,22355646
2017-04-20,74.29,75.22,73.83,74.38,4000827
2017-04-21,74.55,75.81,73.64,74.97,5980467
2017-04-24,75.46,76.49,75.16,75.75,3518269
2017-04-25,76.07,76.23,75.12,75.69,5637219
2017-04-26,75.79,76.8,75.29,76.25,9439770
2017-04-27,76.55,77.13,75.67,76.8,5792947
2017-04-28,76.66,79.79,76.23,79.26,14470653
2017-05-02,79.26,79.94,77.68,79.42,8444982
2017-05-03,79.65,81.05,78.82,80.18,8457738
2017-05-04,79.8,80.92,79.53,79.75,4253811
2017-05-05,79.43,79.86,77.53,78.01,6260956
2017-05-08,78.21,81.15,78.2,80.67,8675110
2017-05-09,80.59,80.77,78.85,79.99,6941184
2017-05-10,79.98,81.27,79.86,80.83,6925713
2017-05-11,81.03,81.11,79.12,79.47,8504908
2017-05-12,80.38,82.2,79.01,81.78,11024008
2017-05-15,82.17,82.67,81.4,82.41,6038398
2017-05-16,82.73,83.13,81.98,82.73,5257015
2017-05-17,81.93,82.52,81.58,82.03,3826987
2017-05-18,81.01,82.15,79.95,80.73,7305157
2017-05-19,81.37,84.76,79.29,83.67,30744057
2017-05-22,84.84,87.21,84.84,85.57,24193972
2017-05-23,85.57,85.83,83.0,83.43,10911642
2017-05-24,84.03,84.73,82.66,83.16,11013159
2017-05-25,83.55,85.93,82.85,85.22,10882239
2017-05-26,85.91,89.25,85.54,88.37,11564278
2017-05-29,88.37,89.07,86.59,88.51,6113518
2017-05-30,89.86,89.86,87.92,88.37,6703489
2017-05-31,88.27,89.83,87.43,89.0,13583865
2017-06-01,88.93,89.74,88.38,88.54,7370224
2017-06-02,88.65,90.45,88.53,89.74,7891293
2017-06-05,89.75,90.47,89.6,89.82,3113893
2017-06-06,89.87,91.59,89.43,90.41,12327715
2017-06-07,90.39,91.46,89.91,91.08,5392104
2017-06-08,91.71,91.71,90.77,90.93,2930979
2017-06-09,90.17,91.42,89.47,90.93,7990630
2017-06-12,91.06,95.29,91.06,94.71,17933556
2017-06-13,94.71,95.1,93.83,94.3,6600792
2017-06-14,94.73,95.99,94.05,94.44,9370630
2017-06-15,94.02,95.1,93.75,94.13,6180396
2017-06-16,94.22,94.75,93.29,93.59,7637074
2017-06-19,94.81,97.15,94.13,96.81,9625543
2017-06-20,97.19,97.34,94.47,94.78,15856858
2017-06-21,94.61,95.21,93.33,93.49,11536395
2017-06-22,93.61,94.62,92.57,92.98,5312719
2017-06-23,93.13,93.81,91.05,91.31,7727415
2017-06-27,92.13,93.13,90.35,92.85,12355815
2017-06-28,93.07,93.29,90.9,91.78,13476202
2017-06-29,91.65,92.31,89.99,90.31,29796744
2017-06-30,89.97,91.41,88.18,91.26,16194273
2017-07-03,91.97,91.97,90.39,90.83,8952879
2017-07-04,91.13,91.34,89.9,90.55,10188447
2017-07-05,90.22,91.17,89.5,90.5,7312492
2017-07-06,91.2,93.38,90.89,93.07,8887776
2017-07-07,93.83,93.83,92.0,92.13,6709386
2017-07-10,89.72,93.48,89.72,92.59,1610233
2017-07-11,93.63,93.97,92.15,92.93,6590568
2017-07-12,93.32,93.33,92.05,93.15,2563585
2017-07-13,93.72,95.55,93.21,95.32,7738561
2017-07-14,95.69,95.69,93.48,93.9,3912532
2017-07-17,94.22,95.15,93.91,94.3,3752319
2017-07-18,94.05,95.21,93.43,93.93,8188500
2017-07-19,93.78,96.89,93.25,96.61,11146258
2017-07-20,96.89,97.32,94.85,95.29,7986097
2017-07-21,95.83,97.45,94.25,95.93,6613477
2017-07-24,96.3,96.97,95.6,96.28,5939943
2017-07-25,96.28,97.03,95.21,95.77,7654254
2017-07-26,96.3,96.45,95.1,95.41,5057215
2017-07-27,95.7,96.74,93.82,94.9,14483158
2017-07-28,94.25,96.52,94.25,96.27,4124481
2017-07-31,96.06,96.87,95.67,96.3,7137876
2017-08-01,96.47,98.07,96.47,97.63,8887254
2017-08-02,98.07,99.55,97.78,98.71,6921028
2017-08-03,98.34,99.78,97.78,98.09,7359945
2017-08-04,97.51,102.58,97.51,99.79,3786981
2017-08-07,101.11,101.55,99.6,100.61,4993558
2017-08-08,101.15,101.81,98.81,99.75,5722023
2017-08-09,99.83,99.85,96.59,97.5,4601422
2017-08-10,97.19,98.01,89.83,94.06,40723320
2017-08-11,91.02,96.45,90.43,95.78,15275665
2017-08-14,96.37,97.77,95.41,95.87,5037991
2017-08-16,97.48,100.35,97.19,98.3,10648902
2017-08-17,98.67,99.35,95.27,95.93,8325141
2017-08-18,95.67,97.07,93.7,96.45,10822453
2017-08-21,96.89,97.07,94.5,94.93,8367996
2017-08-22,95.21,95.91,90.17,92.05,14441788
2017-08-23,92.45,93.57,92.06,93.11,8887402
2017-08-24,93.83,94.0,91.69,92.0,8868052
2017-08-28,92.41,92.89,91.55,92.37,7109089
2017-08-29,92.35,92.37,89.51,90.01,11267448
2017-08-30,90.97,92.33,90.55,91.63,11747068
2017-08-31,91.88,92.33,90.52,91.29,19614907
2017-09-01,91.83,95.03,91.15,94.52,14140900
2017-09-04,94.28,94.53,91.69,92.67,9165336
2017-09-05,93.33,94.12,92.49,93.48,5944641
2017-09-06,93.45,97.15,92.34,96.65,15687966
2017-09-07,98.07,98.97,97.21,98.67,12873958
2017-09-08,99.19,99.19,96.87,97.39,7076202
2017-09-11,97.39,99.77,97.38,98.67,5812624
2017-09-12,99.26,100.65,98.12,99.99,7471996
2017-09-13,99.99,100.65,98.21,98.67,5259090
2017-09-14,99.03,99.42,97.63,97.85,5343955
2017-09-15,98.07,98.9,96.93,98.57,6862971
2017-09-18,98.86,99.94,98.52,98.9,4904169
2017-09-19,99.27,101.55,98.68,101.05,7235044
2017-09-20,101.59,103.53,101.26,102.19,12477412
2017-09-21,101.93,101.93,100.0,100.77,7894789
2017-09-22,100.62,101.83,98.95,99.63,11099080
2017-09-25,99.85,101.33,98.18,99.03,11183821
2017-09-26,99.33,102.31,98.71,100.62,10455550
2017-09-27,101.57,101.57,97.95,98.55,7193179
2017-09-28,99.39,101.63,97.87,100.55,11293941
2017-09-29,100.21,103.11,99.25,99.67,6366576
2017-10-03,100.74,102.7,100.21,100.71,9665502
2017-10-04,101.03,102.06,99.08,99.41,6521325
2017-10-05,98.97,100.89,98.9,99.81,5172265
2017-10-06,99.51,101.69,99.51,101.21,5212459
2017-10-09,101.45,102.19,100.45,100.7,4100613
2017-10-10,101.11,103.41,101.03,102.83,5713977
2017-10-11,103.61,107.08,103.41,104.31,13713652
2017-10-12,104.8,106.61,104.59,106.03,8518015
2017-10-13,106.37,106.81,104.4,105.33,4835499
2017-10-16,106.34,106.97,104.13,105.17,7543743
2017-10-17,104.89,106.49,103.54,105.33,6827358
2017-10-18,105.19,105.93,104.53,105.3,3577137
2017-10-19,105.78,105.78,104.39,105.17,757879
2017-10-23,105.47,106.53,104.97,106.21,9850951
2017-10-24,106.59,107.91,105.63,105.91,6615574
2017-10-25,106.81,106.95,104.8,106.3,4129045
2017-10-26,106.55,106.95,104.92,105.25,6370525
2017-10-27,105.63,106.34,105.19,105.94,4928992
2017-10-30,106.57,108.83,106.13,108.12,6508600
2017-10-31,107.85,108.59,106.52,108.21,10119778
2017-11-01,109.03,110.0,108.58,109.55,6427306
2017-11-02,109.61,109.65,107.14,107.67,3424771
2017-11-03,107.55,108.98,107.23,107.85,2405782
2017-11-06,107.55,109.43,107.55,108.63,3938979
2017-11-07,109.15,110.71,108.15,108.93,5787586
2017-11-08,109.19,110.5,105.63,107.08,5415823
2017-11-09,108.01,108.03,104.98,107.1,6702244
2017-11-10,107.26,109.37,103.95,105.32,12388272
2017-11-13,104.1,106.63,103.43,104.53,5421894
2017-11-14,104.0,106.0,104.0,105.33,3205342
2017-11-15,105.78,105.93,103.26,103.57,2882905
2017-11-16,104.45,107.2,102.58,106.5,4448415
2017-11-17,107.55,108.15,105.63,106.55,4691995
2017-11-20,106.67,107.15,105.38,105.93,3250128
2017-11-21,104.59,106.7,103.9,104.49,6069669
2017-11-22,105.19,105.19,101.63,102.09,16310734
2017-11-23,102.09,102.22,100.87,101.55,16944945
2017-11-24,102.62,102.99,101.7,102.57,20382010
2017-11-27,103.7,108.0,102.81,107.13,18710326
2017-11-28,107.53,108.45,105.87,107.03,7088718
2017-11-29,107.75,108.58,107.26,107.83,7036513
2017-11-30,107.67,109.14,105.95,108.21,12589773
2017-12-01,109.19,109.19,105.42,106.03,5766198
2017-12-04,106.63,108.0,104.34,107.53,5579310
2017-12-05,107.53,107.79,105.91,107.23,4236397
2017-12-06,106.97,107.66,105.51,105.78,4467139
2017-12-07,105.51,109.63,105.33,108.95,7859424
2017-12-08,109.95,111.7,108.71,110.31,36106365
2017-12-11,110.97,113.03,110.58,112.17,9293835
2017-12-12,113.97,114.37,110.99,111.43,10002792
2017-12-13,111.43,112.31,108.47,109.15,9312357
2017-12-14,109.33,110.67,108.23,110.33,5850556
2017-12-15,111.7,112.15,110.58,111.38,7469445
2017-12-18,111.11,113.95,108.75,112.33,8453851
2017-12-19,112.79,117.03,112.77,116.28,22230682
2017-12-20,116.98,117.21,113.95,114.34,26008644
2017-12-21,114.39,114.74,109.93,111.01,23431485
2017-12-22,112.0,112.45,110.52,111.66,9052495
2017-12-26,112.3,112.3,110.83,111.2,4210255
2017-12-27,111.26,112.45,108.46,109.17,9228165
2017-12-28,109.17,111.15,107.82,110.03,19628178
2017-12-29,112.59,112.79,111.35,112.37,13157040
2018-01-01,113.11,113.69,111.79,112.33,6192573
2018-01-02,112.62,113.07,110.67,112.23,4726825
2018-01-03,112.59,112.59,110.67,110.79,4399944
2018-01-04,111.11,111.5,109.93,111.21,5361447
2018-01-05,111.79,113.78,111.59,112.89,12121984
2018-01-08,113.47,114.27,112.98,113.7,5845294
2018-01-09,114.07,114.28,112.28,113.54,4892883
2018-01-10,114.37,114.75,111.65,112.19,6124542
2018-01-11,112.89,114.63,112.0,114.28,5894124
2018-01-12,114.81,115.57,112.95,114.34,5759110
2018-01-15,115.41,115.41,112.59,113.51,5159508
2018-01-16,113.78,114.47,111.41,111.94,4879059
2018-01-17,112.0,114.1,109.87,113.81,4221978
2018-01-18,114.09,115.11,111.53,112.23,6551088
2018-01-19,112.09,114.06,110.98,113.27,3693904
2018-01-22,113.78,114.25,112.83,113.9,3944689
2018-01-23,113.9,115.2,113.19,114.4,10302087
2018-01-24,113.78,114.97,113.19,113.91,4501555
2018-01-25,114.06,114.35,109.03,109.67,15815845
2018-01-29,110.67,110.8,108.31,109.61,12349294
2018-01-30,108.55,109.54,106.79,107.35,9856029
2018-01-31,107.26,108.9,106.79,108.39,6698937
2018-02-01,109.26,109.39,106.01,107.48,9559279
2018-02-02,106.37,107.42,103.45,104.31,12678933
2018-02-05,102.8,106.25,100.74,105.07,10612441
2018-02-06,101.03,106.07,99.73,105.48,13960644
2018-02-07,106.93,107.2,103.6,105.19,9639534
2018-02-08,105.55,109.48,105.05,107.85,9019663
2018-02-09,106.06,107.41,105.48,106.65,6110616
2018-02-12,107.63,110.19,106.67,107.99,7080652
2018-02-14,106.9,107.23,104.74,105.85,16369239
2018-02-15,106.07,106.07,100.77,101.1,19600962
2018-02-16,101.9,101.93,94.55,96.81,45117084
2018-02-19,96.89,98.9,94.99,97.01,11668497
2018-02-20,97.1,97.77,95.73,96.53,7918027
2018-02-21,97.17,97.19,92.71,93.07,21059841
2018-02-22,92.5,94.43,90.57,92.05,49970826
2018-02-23,93.27,94.89,91.63,94.49,27329376
2018-02-26,95.33,98.01,95.17,97.17,15640027
2018-02-27,97.78,99.55,96.33,96.95,15550701
2018-02-28,96.3,98.27,94.97,97.78,11395725
2018-03-01,98.07,99.23,94.27,94.79,11072751
2018-03-05,94.8,95.02,91.55,91.82,22126759
2018-03-06,92.59,93.3,90.67,91.02,10255296
2018-03-07,90.97,92.15,89.33,91.61,14457265
2018-03-08,92.53,94.19,91.3,93.7,15288415
2018-03-09,94.22,94.92,93.08,93.97,8521723
2018-03-12,95.39,95.39,93.63,94.58,6222192
2018-03-13,93.41,95.7,93.37,94.46,10290450
2018-03-14,94.19,95.45,93.54,94.86,5446083
2018-03-15,94.67,94.86,92.68,93.05,7360626
2018-03-16,91.9,92.59,90.61,91.1,15951070
2018-03-19,92.05,92.05,89.19,90.86,9084652
2018-03-20,90.52,92.45,89.78,90.34,8136282
2018-03-21,90.99,92.15,90.73,91.51,7473583
2018-03-22,92.15,92.98,91.41,92.13,11947416
2018-03-23,89.81,91.81,89.19,90.71,12234463
2018-03-26,90.97,94.28,90.71,93.57,9785653
2018-03-27,93.69,94.73,92.74,93.39,7207437
2018-03-28,93.32,94.99,91.67,92.13,19987669
2018-04-02,93.57,97.01,92.81,95.82,8719786
2018-04-03,99.55,101.93,97.83,98.47,36482622
2018-04-04,99.47,100.43,98.52,98.73,14535532
2018-04-05,101.9,101.9,99.72,100.4,10744989
2018-04-06,100.7,102.74,99.7,101.9,8681947
2018-04-09,101.95,103.21,101.95,102.59,5306104
2018-04-10,103.39,104.65,99.93,100.8,9395670
2018-04-11,101.67,102.73,99.77,101.51,5399004
2018-04-12,101.42,102.22,100.3,101.61,4489462
2018-04-13,101.48,101.78,99.73,100.18,7693806
2018-04-16,99.26,102.27,99.03,102.03,4715047
2018-04-17,102.81,102.81,100.25,101.72,5844592
2018-04-18,101.93,102.35,100.87,101.37,4095397
2018-04-19,101.38,103.39,101.29,103.08,4731274
2018-04-20,102.09,104.53,101.54,104.03,5334136
2018-04-23,104.52,105.2,104.0,104.27,6970165
2018-04-24,104.3,106.52,104.09,105.54,13710493
2018-04-25,105.47,105.7,104.06,104.73,6445366
2018-04-26,105.25,105.7,104.37,104.86,6949977
2018-04-27,104.95,105.77,104.17,104.87,11368785
2018-04-30,105.25,105.72,104.17,104.5,4834110
2018-05-02,104.77,105.42,103.77,104.05,6639364
2018-05-03,104.06,104.71,101.94,102.53,4427592
2018-05-04,104.21,104.21,98.67,99.11,7328923
2018-05-07,99.85,102.62,98.8,102.28,5218095
2018-05-08,102.21,102.21,100.17,100.4,4394685
2018-05-09,99.87,100.58,99.38,99.61,3700951
2018-05-10,99.7,100.71,98.65,99.54,5009245
2018-05-11,99.69,101.55,97.51,100.45,5526141
2018-05-14,101.01,101.83,99.61,100.28,4680048
2018-05-15,100.28,101.37,98.07,98.8,4403586
2018-05-16,98.4,100.81,97.72,98.62,6643455
2018-05-17,98.67,99.23,97.51,97.91,3862168
2018-05-18,98.05,98.23,95.43,96.37,5768254
2018-05-21,96.71,97.27,95.01,95.93,5747547
2018-05-22,95.85,99.55,94.99,99.11,6936621
2018-05-23,98.67,101.02,93.03,94.65,35151897
2018-05-24,93.63,96.86,87.41,89.37,41593908
2018-05-25,89.48,92.74,88.0,92.46,18187323
2018-05-28,92.52,94.81,92.52,94.49,6470355
2018-05-29,94.9,94.9,92.61,94.28,5842848
2018-05-30,93.03,94.28,92.15,92.52,5587530
2018-05-31,93.02,93.42,90.43,91.9,13386648
2018-06-01,92.13,92.47,90.52,90.9,12354103
2018-06-04,91.41,92.05,90.37,90.83,7245912
2018-06-05,90.58,92.89,90.53,91.15,8086569
2018-06-06,91.91,92.89,91.15,92.18,7499190
2018-06-07,92.39,93.72,92.18,92.77,7446961
2018-06-08,92.86,92.86,91.02,91.87,7368789
2018-06-11,92.43,92.73,91.51,91.87,7962739
2018-06-12,92.22,93.3,91.53,92.35,7615137
2018-06-13,93.02,93.9,91.26,91.67,8554195
2018-06-14,91.59,93.19,91.11,92.95,5745756
2018-06-15,93.01,93.01,91.05,91.25,6140863
2018-06-18,91.26,92.28,88.3,89.57,10134438
2018-06-19,88.89,92.15,88.03,91.63,13920019
2018-06-20,92.52,92.73,90.1,91.07,12926179
2018-06-21,91.7,92.74,90.52,90.86,7245163
2018-06-22,91.08,91.15,88.59,90.0,12103203
2018-06-25,90.01,90.01,84.77,85.25,21418752
2018-06-26,84.47,84.74,82.83,83.43,18342771
2018-06-27,83.88,85.21,81.51,82.06,13830874
2018-06-28,82.5,83.78,81.26,83.41,15060669
2018-06-29,83.87,84.63,82.98,84.35,9493324
2018-07-02,84.74,85.87,84.19,85.01,8790582
2018-07-03,84.45,87.11,83.87,86.68,12702214
2018-07-04,86.47,87.9,85.99,87.55,8739370
2018-07-05,87.85,87.85,85.26,87.08,8010955
2018-07-06,87.41,90.99,86.97,88.3,11763667
2018-07-09,88.95,90.27,88.33,89.65,6216423
2018-07-10,90.15,91.17,89.2,90.86,9135484
2018-07-11,90.62,90.62,86.22,86.67,12838165
2018-07-12,86.81,88.52,84.77,85.9,11675620
2018-07-13,85.48,87.41,85.19,85.39,6941235
2018-07-16,86.03,86.06,83.26,84.07,5708833
2018-07-17,84.74,84.74,83.1,84.46,7623285
2018-07-18,84.59,85.26,82.95,84.1,6476416
2018-07-19,84.39,84.59,83.27,83.59,5878761
2018-07-20,83.88,88.86,83.29,88.43,10919572
2018-07-23,88.59,89.03,85.21,86.9,10048489
2018-07-24,86.63,88.89,85.78,88.28,8756607
2018-07-25,88.57,91.17,87.47,88.65,16036566
2018-07-26,89.21,92.52,89.21,91.57,16474182
2018-07-27,92.65,95.05,91.9,94.43,11490127
2018-07-30,95.25,96.45,92.47,96.27,11675788
2018-07-31,95.7,96.89,93.72,95.43,9756222
2018-08-01,95.41,96.89,92.5,93.21,8403271
2018-08-02,93.21,93.33,89.33,90.09,14971008
2018-08-03,90.15,92.05,90.15,91.2,5250868
2018-08-06,90.77,93.48,90.41,93.1,8840397
2018-08-07,93.9,93.9,89.66,90.25,49169058
2018-08-08,90.06,91.82,88.15,90.49,19013623
2018-08-09,90.7,91.54,89.57,90.1,7164559
2018-08-10,90.1,90.17,87.85,89.29,9354835
2018-08-13,88.35,89.13,86.12,86.39,12585844
2018-08-14,86.39,88.59,86.31,88.28,14608567
2018-08-16,88.28,90.55,87.35,89.51,7492413
2018-08-17,90.23,92.86,89.69,92.41,10772332
2018-08-20,92.41,94.13,92.22,93.53,10552953
2018-08-21,94.07,94.3,91.72,92.37,6633174
2018-08-23,91.65,91.85,88.77,89.45,13050865
2018-08-24,88.89,89.97,88.31,88.93,10037017
2018-08-27,89.83,91.7,89.48,90.17,6869823
2018-08-28,89.78,92.23,89.78,91.6,10675816
2018-08-29,91.77,92.71,91.25,91.95,6591565
2018-08-30,91.93,92.57,91.32,91.81,7471402
2018-08-31,92.03,92.67,89.19,90.1,10864122
2018-09-03,91.26,91.37,89.85,90.27,4344262
2018-09-04,90.37,90.41,85.63,85.97,18920085
2018-09-05,85.91,87.17,85.01,86.83,8179761
2018-09-06,87.7,87.7,84.85,86.13,7109664
2018-09-07,86.71,91.26,85.95,89.82,20821938
2018-09-10,90.4,90.67,87.43,87.78,12572058
2018-09-11,88.28,88.49,86.12,86.27,8833722
2018-09-12,86.52,87.23,83.81,86.1,8510262
2018-09-14,87.11,87.9,85.33,85.45,7560493
2018-09-17,85.03,86.34,83.85,85.26,9043590
2018-09-18,85.26,85.55,84.18,84.93,9718941
2018-09-19,85.17,86.81,85.1,86.39,8099184
2018-09-21,87.41,87.41,81.27,81.63,21930724
2018-09-24,81.48,81.78,74.1,75.33,43232982
2018-09-25,76.15,78.81,75.07,78.21,27512172
2018-09-26,78.81,79.2,72.34,76.41,39838227
2018-09-27,77.03,77.63,74.59,76.85,24221059
2018-09-28,77.63,77.81,73.26,76.09,18188709
2018-10-01,75.85,76.03,70.86,73.72,19245468
2018-10-03,74.53,75.32,71.33,71.95,15384148
2018-10-04,71.26,73.11,70.22,71.72,12457554
2018-10-05,71.85,73.03,70.22,71.32,6567049
2018-10-08,71.41,71.41,65.48,69.82,19529823
2018-10-09,70.21,72.46,67.55,69.73,17828553
2018-10-10,70.62,71.35,66.49,68.77,31731336
2018-10-11,66.63,69.29,65.19,67.72,13808005
2018-10-12,68.83,71.11,68.45,70.73,9613365
2018-10-15,71.43,74.83,69.33,74.33,10379631
2018-10-16,74.33,77.59,72.59,73.63,18436695
2018-10-17,74.31,75.33,72.3,74.15,13532380
2018-10-19,73.65,76.65,71.48,75.87,21213120
2018-10-22,76.74,77.53,74.99,76.46,12835942
2018-10-23,76.15,78.52,72.95,73.72,16137255
2018-10-24,74.18,75.7,71.41,72.55,13392439
2018-10-25,72.0,72.0,67.42,68.71,25063981
2018-10-26,69.03,69.26,66.49,66.95,22423704
2018-10-29,68.13,68.13,65.21,67.7,14696083
2018-10-30,70.18,77.45,68.89,71.87,31276206
2018-10-31,72.45,72.85,69.18,72.55,16851363
2018-11-01,72.67,73.31,70.31,70.78,9721272
2018-11-02,71.55,79.33,71.53,76.67,36739692
2018-11-05,76.93,78.4,75.6,77.13,9830800
2018-11-06,77.78,78.89,74.71,75.98,11088511
2018-11-07,76.85,77.55,75.71,76.22,1489965
2018-11-09,76.98,77.11,75.15,75.85,16454208
2018-11-12,76.31,77.07,72.53,72.91,16545133
2018-11-13,71.91,74.45,71.27,73.91,7858465
2018-11-14,74.22,77.33,67.11,68.07,52626078
2018-11-15,68.45,69.49,62.58,63.78,38152428
2018-11-16,62.67,68.13,62.45,66.31,44367846
2018-11-19,66.71,68.8,65.58,67.95,19470579
2018-11-20,67.55,68.89,66.67,67.89,13473672
2018-11-21,68.0,68.22,66.8,67.13,6116365
2018-11-22,67.45,69.98,67.25,69.47,18306021
2018-11-26,69.62,70.53,67.35,69.69,12057888
2018-11-27,69.45,72.0,69.25,71.82,12046624
2018-11-28,72.0,73.15,70.0,70.78,11483836
2018-11-29,71.91,71.91,68.58,68.87,18734950
2018-11-30,69.31,69.78,67.91,69.2,19089843
2018-12-03,69.42,74.13,68.53,73.47,24137745
2018-12-04,73.11,74.95,73.0,74.29,17913570
2018-12-05,73.33,73.33,69.53,70.02,16873212
2018-12-06,69.22,71.73,67.93,69.93,14796546
2018-12-07,69.65,71.09,68.29,68.8,12755104
2018-12-10,67.15,67.71,66.22,66.51,9287214
2018-12-11,66.42,67.31,65.35,66.42,8652399
2018-12-12,67.78,70.82,67.13,69.58,19354893
2018-12-13,69.98,72.22,69.8,71.87,11511642
2018-12-14,74.05,79.6,72.58,73.95,80208792
2018-12-17,74.22,75.65,72.71,74.53,16960488
2018-12-18,73.38,77.33,73.35,76.73,14936695
2018-12-19,77.2,78.05,76.18,76.47,9383302
2018-12-20,76.0,77.22,74.98,75.78,7207680
2018-12-21,76.45,77.78,74.71,75.05,16553184
2018-12-24,75.51,75.55,71.51,71.8,14015359
2018-12-26,71.02,73.69,70.6,72.73,11409780
2018-12-27,73.18,73.65,71.75,72.2,14833506
2018-12-28,72.71,73.11,72.05,72.31,5983980
2019-01-01,74.55,74.55,73.0,73.53,3796561
2019-01-02,73.33,73.75,72.35,72.78,5550202
2019-01-03,72.45,73.73,71.33,71.67,8252143
2019-01-04,71.78,73.49,70.05,70.51,13969879
2019-01-07,71.22,71.6,69.38,69.82,8736112
2019-01-08,69.78,70.89,68.93,70.33,6493917
2019-01-09,70.62,72.18,70.29,71.98,12835807
2019-01-10,72.02,72.4,71.33,71.98,7703436
2019-01-11,72.0,72.65,70.89,71.65,8835963
2019-01-14,71.65,72.13,70.45,71.89,3391737
2019-01-15,71.95,71.95,70.05,71.42,7802706
2019-01-16,71.4,73.02,71.2,72.13,5531313
2019-01-17,72.58,73.0,70.47,70.93,7068894
2019-01-18,71.15,71.49,69.13,70.02,9161466
2019-01-21,70.67,73.69,70.11,72.4,15932221
2019-01-22,72.38,72.58,70.93,72.25,6464571
2019-01-23,72.13,72.13,69.71,70.02,7252759
2019-01-24,69.8,70.02,67.85,68.47,13017247
2019-01-25,68.51,69.45,66.49,67.02,7727325
2019-01-28,67.02,67.4,63.25,64.58,15348246
2019-01-29,64.42,65.09,61.33,63.22,23729428
2019-01-30,63.55,63.89,62.11,62.8,9747934
2019-01-31,63.11,63.65,62.27,62.49,9264571
2019-02-01,62.67,65.55,61.11,61.91,16879857
2019-02-04,62.18,63.11,60.33,61.47,11879620
2019-02-05,61.47,62.33,59.85,60.67,9669003
2019-02-06,60.89,61.58,60.25,61.15,5978458
2019-02-07,61.25,63.87,61.15,63.07,18966112
2019-02-08,62.85,62.87,59.47,60.13,24704173
2019-02-11,59.11,62.62,58.0,58.98,39429366
2019-02-12,58.29,59.65,56.51,57.22,27081612
2019-02-13,57.85,59.55,57.33,59.09,10786105
2019-02-14,59.35,60.45,58.69,60.25,8380032
2019-02-15,60.25,60.35,57.15,58.11,14650786
2019-02-18,58.11,58.2,57.42,57.65,5324023
2019-02-19,57.78,60.09,57.65,58.45,12945018
2019-02-20,58.8,60.55,58.67,59.75,12803664
2019-02-21,60.0,60.53,59.58,60.33,6135415
2019-02-22,60.47,64.67,60.22,63.78,35007231
2019-02-25,63.78,71.51,63.78,70.75,100747944
2019-02-26,70.05,72.15,67.93,69.98,40426668
2019-02-27,70.67,71.29,67.95,69.0,20162071
2019-02-28,69.33,73.07,69.33,72.27,35156862
2019-03-01,73.33,73.95,70.98,71.33,37447584
2019-03-05,72.2,73.33,70.89,73.09,19852156
2019-03-06,73.25,75.2,73.07,74.8,15571302
2019-03-07,74.67,74.67,71.6,73.51,12514281
2019-03-08,73.45,73.45,71.29,72.55,11508771
2019-03-11,72.8,76.89,72.67,76.45,31940484
2019-03-12,76.87,78.05,73.62,74.69,19579537
2019-03-13,74.22,75.18,72.51,73.58,9143862
2019-03-14,73.38,74.33,72.2,72.53,9985345
2019-03-15,72.85,74.29,72.38,73.42,11725278
2019-03-18,73.78,74.22,71.62,72.11,7572043
2019-03-19,72.18,72.53,71.55,71.8,6128620
2019-03-20,71.69,71.69,69.4,69.8,8704906
2019-03-22,69.69,70.73,65.07,65.33,29189337
2019-03-25,64.69,65.07,63.49,64.11,15021340
2019-03-26,64.45,66.13,64.0,64.42,15833244
2019-03-27,64.95,65.65,62.18,63.31,17835148
2019-03-28,63.58,65.02,63.33,64.78,11544717
2019-03-29,64.45,66.78,64.22,66.53,19920405
2019-04-01,67.51,69.33,67.13,68.29,18936091
2019-04-02,68.45,69.15,67.89,68.8,7974250
2019-04-03,68.89,69.65,66.42,66.67,10469013
2019-04-04,66.89,67.47,66.27,66.78,8264967
2019-04-05,67.42,68.27,66.85,67.22,9384928
2019-04-08,67.33,68.22,66.09,66.71,6381165
2019-04-09,66.89,67.42,65.53,67.15,6744940
2019-04-10,67.11,67.2,65.4,65.85,10070241
2019-04-11,66.05,67.11,65.91,66.51,6706465
2019-04-12,67.11,67.25,65.62,66.29,8698902
2019-04-15,66.71,68.93,66.45,68.65,14377690
2019-04-16,69.2,71.45,68.89,70.31,24902610
2019-04-18,71.0,72.4,69.42,69.85,17487078
2019-04-22,69.89,69.89,66.69,67.82,9191881
2019-04-23,68.45,68.65,66.13,66.71,10574512
2019-04-24,67.25,67.42,65.07,66.15,11619259
2019-04-25,66.31,66.89,65.25,65.85,8811028
2019-04-26,65.85,66.33,63.93,64.22,12280938
2019-04-30,64.22,65.78,62.85,65.11,11910598
2019-05-02,64.62,64.62,61.87,62.35,20743783
2019-05-03,62.22,63.11,61.78,62.93,15674614
2019-05-06,61.87,61.87,59.07,59.38,28387128
2019-05-07,59.38,60.29,58.35,58.51,17298208
2019-05-08,58.05,58.89,57.62,58.0,13815034
2019-05-09,57.33,58.27,56.98,57.35,14391615
2019-05-10,58.05,58.4,56.45,56.75,16973421
2019-05-13,56.45,56.78,54.05,54.31,13671415
2019-05-14,53.33,55.0,53.18,54.15,14133463
2019-05-15,54.29,54.82,51.47,52.42,17902024
2019-05-16,53.2,54.4,51.45,52.65,28597857
2019-05-17,52.89,52.89,50.73,52.07,23397802
2019-05-20,54.22,56.89,53.27,56.47,23193973
2019-05-21,56.67,56.75,53.38,53.55,23760570
2019-05-22,53.98,54.09,52.13,52.78,16185553
2019-05-23,54.22,54.49,50.55,50.82,33967518
2019-05-24,51.58,53.98,51.02,52.55,29787000
2019-05-27,52.45,54.13,51.42,51.62,52930320
2019-05-28,51.87,54.07,51.45,52.95,74931480
2019-05-29,53.29,53.87,52.47,53.25,45174858
2019-05-30,53.35,53.42,51.87,52.4,48504180
2019-05-31,52.8,53.13,50.47,51.27,32146086
2019-06-03,51.25,51.91,49.62,50.55,38710329
2019-06-04,50.67,52.42,50.22,51.05,31430253
2019-06-06,51.33,51.71,50.53,50.71,19886488
2019-06-07,50.71,51.58,49.93,50.91,20441719
2019-06-10,51.45,53.33,51.27,52.91,30090030
2019-06-11,53.31,53.65,52.13,52.58,15469188
2019-06-12,52.91,54.62,52.8,54.38,36210192
2019-06-13,54.38,55.95,54.18,55.47,37598349
2019-06-14,55.47,55.73,54.53,54.78,19464225
2019-06-17,54.78,55.85,54.05,54.67,18237027
2019-06-18,55.09,56.29,54.8,55.29,19717122
2019-06-19,55.69,56.51,54.91,55.69,20058604
2019-06-20,55.67,57.02,55.0,56.82,19919748
2019-06-21,57.05,57.05,55.4,56.22,23790814
2019-06-24,56.31,56.45,53.42,53.85,25862631
2019-06-25,52.89,53.47,51.42,53.09,31893000
2019-06-26,52.89,53.58,52.18,52.8,26796228
2019-06-27,53.05,54.15,52.53,53.98,46126977
2019-06-28,54.0,55.11,53.58,54.2,12410454
2019-07-01,54.65,56.18,54.49,56.0,20170905
2019-07-02,56.38,56.42,55.71,56.15,18247147
2019-07-03,56.45,56.55,55.25,56.29,10230414
2019-07-04,56.45,56.6,55.4,56.38,7111708
2019-07-05,56.49,56.58,54.25,54.62,12578784
2019-07-08,53.78,53.91,51.78,52.49,16869144
2019-07-09,52.62,53.05,52.27,52.53,9149097
2019-07-10,52.69,52.95,52.02,52.51,7058224
2019-07-11,52.62,53.78,52.55,53.42,6592296
2019-07-12,53.78,53.98,52.49,52.69,8084005
2019-07-15,52.71,53.58,52.18,52.67,7118209
2019-07-16,52.67,52.98,51.85,52.09,12556522
2019-07-17,52.15,52.87,51.87,52.65,6004261
2019-07-18,52.58,52.58,51.18,51.78,10778322
2019-07-19,51.78,52.05,48.89,49.11,13009470
2019-07-22,48.98,50.29,47.15,49.6,19907841
2019-07-23,49.89,50.58,49.07,50.25,13314117
2019-07-24,50.15,50.55,48.75,49.02,10771174
2019-07-25,49.38,50.11,48.67,49.67,8948140
2019-07-26,49.78,51.18,49.02,50.22,10036339
2019-07-29,50.35,50.53,47.2,47.98,12977755
2019-07-30,48.0,48.05,45.89,46.05,13245126
2019-07-31,46.05,48.11,45.78,47.45,7890438
2019-08-01,47.11,47.47,46.4,46.85,8642013
2019-08-02,46.22,46.33,45.07,45.78,35829864
2019-08-05,45.78,45.78,43.87,44.35,29293932
2019-08-06,44.05,45.8,44.05,45.53,13125576
2019-08-07,45.13,45.73,43.02,43.31,11869734
2019-08-08,43.07,44.0,40.55,43.71,33452022
2019-08-09,44.45,49.33,44.22,47.71,74071530
2019-08-13,47.11,47.55,42.75,43.25,55544832
2019-08-14,43.87,45.29,43.47,43.95,29721870
2019-08-16,43.55,44.42,42.89,43.58,14340868
2019-08-19,44.22,44.29,43.05,43.4,13814659
2019-08-20,43.47,44.69,43.27,43.6,12887454
2019-08-21,43.67,44.27,42.35,43.07,15003561
2019-08-22,43.07,43.31,42.18,43.0,32914500
2019-08-23,42.67,43.89,40.49,43.47,31789374
2019-08-26,46.0,46.0,41.58,43.47,25754466
2019-08-27,43.55,45.85,43.47,45.22,26362416
2019-08-28,45.33,46.33,43.0,43.38,22888531
2019-08-29,42.95,43.89,42.2,43.09,10381233
2019-08-30,43.53,43.75,42.75,43.55,9437212
2019-09-03,42.69,42.98,41.91,42.2,8626033
2019-09-04,42.22,42.73,41.33,42.22,16143553
2019-09-05,42.62,43.55,42.38,43.4,9436416
2019-09-06,43.85,44.85,43.25,43.95,21711903
2019-09-09,43.93,44.45,43.42,44.11,16428606
2019-09-11,44.31,46.67,44.18,45.95,36545070
2019-09-12,46.2,47.27,45.51,45.82,20186718
2019-09-13,46.2,48.0,45.89,47.8,33429999
2019-09-16,47.53,47.95,46.73,47.58,11926069
2019-09-17,47.75,48.71,46.73,47.2,37411581
2019-09-18,47.49,47.65,44.82,45.95,19697848
2019-09-19,46.0,46.85,45.55,46.31,17536780
2019-09-20,46.65,52.67,45.95,50.51,53166024
2019-09-23,51.27,52.09,49.69,51.51,33404952
2019-09-24,52.0,52.55,50.69,51.35,20624322
2019-09-25,50.8,51.02,47.6,48.22,36187959
2019-09-26,48.25,49.33,48.02,48.42,18776482
2019-09-27,48.38,49.27,47.49,47.73,16398199
2019-09-30,47.33,47.89,45.85,46.65,18979417
2019-10-01,46.89,47.11,44.89,46.25,13204072
2019-10-03,46.38,46.49,43.93,44.18,21127638
2019-10-04,44.4,44.93,43.11,43.31,11300637
2019-10-07,43.55,44.0,42.45,43.6,9902019
2019-10-09,43.55,43.73,42.58,43.18,17296467
2019-10-10,43.18,43.49,42.0,42.73,18898498
2019-10-11,43.0,43.27,42.27,42.65,15460629
2019-10-14,43.07,44.67,42.78,44.0,25329885
2019-10-15,44.22,45.67,43.51,45.27,23546566
2019-10-16,45.47,45.73,44.0,44.2,15648450
2019-10-17,44.22,49.78,44.11,48.6,53046282
2019-10-18,49.33,49.47,47.38,47.8,34338096
2019-10-22,47.02,47.05,45.78,46.09,23368290
2019-10-23,45.51,48.22,45.27,47.82,23386713
2019-10-24,48.51,49.69,47.93,49.55,29630940
2019-10-25,49.65,50.45,48.62,49.33,16748376
2019-10-27,50.8,51.09,49.51,50.09,3582276
2019-10-29,50.49,56.13,50.22,54.49,65260728
2019-10-30,54.62,55.31,53.0,54.33,21456370
2019-10-31,54.67,56.35,53.89,54.65,35923770
2019-11-01,54.89,55.55,53.95,54.35,17026008
2019-11-04,54.4,56.75,54.33,55.82,19699212
2019-11-05,54.69,57.69,54.51,56.22,32757090
2019-11-06,55.8,58.89,55.47,58.58,45117900
2019-11-07,58.38,59.93,57.6,59.65,26533548
2019-11-08,59.05,60.15,57.15,57.45,27340842
2019-11-11,57.02,60.22,56.45,59.65,48383694
2019-11-13,59.65,60.65,59.0,59.75,29950632
2019-11-14,59.51,61.25,59.2,60.6,17454309
2019-11-15,61.18,61.6,59.49,59.75,19391884
2019-11-18,60.11,60.95,58.93,59.69,21481194
2019-11-19,59.78,60.09,59.29,59.62,20471412
2019-11-20,59.45,59.98,58.58,58.8,13142073
2019-11-21,58.75,58.75,53.95,54.35,36121518
2019-11-22,55.11,57.45,55.11,56.55,27907995
2019-11-25,56.87,58.51,56.67,58.13,17083059
2019-11-26,58.22,60.62,58.13,59.49,38108256
2019-11-27,61.78,61.78,58.78,59.38,42548508
2019-11-28,59.51,60.05,58.8,59.71,10486257
2019-11-29,59.18,60.33,56.95,57.58,39695976
2019-12-02,56.87,59.4,56.22,59.13,18521076
2019-12-03,58.09,58.85,57.75,58.35,14649949
2019-12-04,57.11,59.53,55.82,59.07,16989972
2019-12-05,58.67,59.11,57.65,58.53,8621785
2019-12-06,58.47,59.55,58.35,59.05,14795985
2019-12-09,58.98,60.45,58.67,59.73,21402295
2019-12-10,59.55,59.75,58.11,58.53,9836898
2019-12-11,58.49,59.53,57.89,59.05,7768729
2019-12-12,59.47,61.11,58.62,60.2,17303740
2019-12-13,60.53,63.73,60.53,62.62,54763632
2019-12-16,63.09,63.33,61.55,62.89,17187963
2019-12-17,62.69,63.35,62.47,63.13,12893779
2019-12-18,63.11,65.91,62.25,65.33,25488354
2019-12-19,65.09,66.13,63.87,65.75,18287457
2019-12-20,65.69,65.98,64.67,65.02,15834765
2019-12-23,64.6,66.07,64.45,65.75,15692695
2019-12-24,65.78,65.87,64.93,65.11,8266548
2019-12-26,65.09,66.18,64.78,65.2,8567296
2019-12-27,65.22,66.22,65.0,65.69,6913099
2019-12-30,66.0,67.11,65.53,66.29,11677836
