date,open,high,low,close,volume
2009-03-05,1619.0,1620.05,1535.0,1541.75,1470
2009-03-06,1525.0,1549.95,1470.0,1535.8,978
2009-03-09,1550.0,1550.0,1525.0,1535.95,744
2009-03-12,1525.0,1549.95,1525.0,1529.7,474
2009-03-13,1549.0,1550.0,1500.0,1536.45,1172
2009-03-16,1561.95,1565.0,1533.0,1552.75,603
2009-03-17,1574.95,1624.9,1555.0,1595.85,1146
2009-03-18,1600.0,1645.85,1579.85,1616.9,1159
2009-03-19,1600.7,1695.0,1600.7,1632.75,1072
2009-03-20,1630.0,1631.5,1595.3,1603.85,284
2009-03-23,1620.0,1712.0,1607.5,1678.75,1177
2009-03-24,1700.0,1738.5,1626.0,1641.8,2528
2009-03-25,1650.0,1665.0,1615.0,1637.85,933
2009-03-26,1655.0,1685.0,1650.0,1678.75,707
2009-03-27,1693.0,1708.0,1658.0,1685.0,1495
2009-03-30,1695.0,1695.0,1650.5,1661.2,478
2009-03-31,1698.0,1789.0,1650.0,1738.75,1736
2009-04-01,1795.95,1850.0,1701.0,1820.75,2584
2009-04-02,1850.0,1950.0,1850.0,1926.0,2642
2009-04-06,1930.05,2050.0,1910.0,1990.95,2610
2009-04-08,1940.0,2089.0,1900.0,2051.0,2818
2009-04-09,2092.0,2092.0,2035.0,2046.85,1805
2009-04-13,2097.95,2350.0,2071.0,2240.85,10757
2009-04-15,2240.0,2285.0,2200.0,2222.15,3235
2009-04-16,2280.0,2280.0,2050.0,2093.45,2659
2009-04-17,1990.0,2196.0,1990.0,2057.5,16280
2009-04-20,2134.75,2250.0,2030.0,2167.6,4359
2009-04-21,2120.0,2350.0,2120.0,2264.2,5606
2009-04-22,2285.0,2360.0,2211.15,2244.4,5049
2009-04-23,2202.0,2250.0,2160.0,2229.4,2891
2009-04-24,2285.9,2303.0,2210.0,2252.05,1875
2009-04-27,2256.0,2315.0,2177.05,2241.95,3063
2009-04-28,2220.0,2298.95,2180.0,2195.3,1182
2009-04-29,2200.0,2315.0,2152.6,2234.0,4061
2009-05-04,2216.2,2357.75,2216.2,2301.25,4541
2009-05-05,2256.15,2320.0,2256.15,2279.75,1755
2009-05-06,2255.0,2379.7,2210.0,2263.0,4871
2009-05-07,2290.0,2379.8,2290.0,2350.45,2401
2009-05-08,2301.1,2379.8,2301.1,2326.25,1514
2009-05-11,2306.0,2366.95,2263.1,2275.5,1021
2009-05-12,2276.1,2290.0,2205.25,2276.8,1719
2009-05-13,2310.0,2350.0,2281.65,2298.3,3049
2009-05-14,2216.0,2395.0,2216.0,2359.6,2216
2009-05-15,2360.0,2425.0,2345.05,2357.05,1640
2009-05-18,2589.95,2589.95,2589.95,2589.95,1
2009-05-19,2600.0,2750.0,2411.0,2488.15,5775
2009-05-20,2360.0,2550.0,2360.0,2536.55,1941
2009-05-21,2545.2,2790.0,2532.05,2701.3,5655
2009-05-22,2600.0,2850.0,2600.0,2738.35,3455
2009-05-25,2850.0,3497.0,2850.0,3280.75,24814
2009-05-26,3380.0,3500.0,3050.0,3105.8,17111
2009-05-27,3340.0,3340.0,3154.0,3182.95,4647
2009-05-28,3199.0,3245.0,3120.0,3139.55,3411
2009-05-29,3200.0,3240.0,3100.0,3161.9,4067
2009-06-01,3240.0,3410.0,3140.0,3370.2,7446
2009-06-02,3385.0,3445.0,3175.5,3225.5,6626
2009-06-03,3300.0,3499.0,3225.0,3412.75,8510
2009-06-04,3400.0,3475.0,3381.05,3432.3,4149
2009-06-05,3390.0,3471.0,3350.0,3381.2,2076
2009-06-08,3550.0,3675.0,3410.0,3465.7,9592
2009-06-09,3450.0,3574.0,3400.0,3513.05,5749
2009-06-10,3535.0,3660.0,3455.0,3484.4,6287
2009-06-11,3598.5,3598.5,3441.05,3495.9,5177
2009-06-12,3480.05,3547.95,3380.0,3408.35,3499
2009-06-15,3441.15,3460.0,3301.0,3307.55,1432
2009-06-16,3251.0,3460.5,3250.0,3409.85,6339
2009-06-17,3601.0,3900.0,3400.0,3453.75,36864
2009-06-18,3375.0,3647.95,3261.0,3369.95,8349
2009-06-19,3496.0,3550.0,3325.0,3386.05,7442
2009-06-22,3395.0,3449.0,3300.0,3319.35,2883
2009-06-23,3250.0,3282.0,3205.0,3230.0,2555
2009-06-24,3270.0,3600.0,3225.0,3402.5,5394
2009-06-25,3500.0,3699.9,3277.0,3306.65,3059
2009-06-26,3305.0,3400.0,3300.0,3364.15,2342
2009-06-29,3351.0,3394.7,3325.0,3349.1,1308
2009-06-30,3355.0,3407.7,3309.5,3387.9,3144
2009-07-01,3417.9,3744.9,3312.0,3648.7,8698
2009-07-02,3801.0,4374.0,3588.0,3678.65,42126
2009-07-03,3569.45,3677.0,3569.45,3601.05,5561
2009-07-06,3640.0,3669.0,3330.15,3379.8,5480
2009-07-07,3433.0,3433.0,3311.0,3346.0,2721
2009-07-08,3233.0,3317.0,3209.7,3236.7,2560
2009-07-09,3220.0,3350.0,3215.0,3299.25,3156
2009-07-10,3380.0,3450.0,3230.0,3275.35,5138
2009-07-13,3200.0,3247.0,3100.05,3121.2,2028
2009-07-14,3199.95,3249.95,3150.05,3198.7,2763
2009-07-15,3225.0,3325.0,3216.35,3270.45,5477
2009-07-16,3384.0,3384.0,3220.0,3245.45,3180
2009-07-17,3300.0,3490.0,3241.05,3395.8,6585
2009-07-20,3444.0,3444.0,3364.0,3379.3,3900
2009-07-21,3350.0,3439.0,3323.5,3381.6,2438
2009-07-22,3425.0,3487.0,3378.05,3395.4,4173
2009-07-23,3405.0,3585.0,3400.0,3520.15,7781
2009-07-24,3638.0,3857.0,3547.0,3819.8,19734
2009-07-27,3850.0,4583.8,3700.05,4461.6,74573
2009-07-28,4500.0,4950.0,4480.0,4648.6,42655
2009-07-29,4595.0,4650.0,4351.0,4558.35,19534
2009-07-30,4725.0,4958.0,4693.0,4721.85,17940
2009-07-31,4840.0,4889.95,4610.0,4640.8,8379
2009-08-03,4450.0,4790.0,4450.0,4624.6,4408
2009-08-04,4640.0,4895.0,4580.05,4662.9,12469
2009-08-05,4760.0,4760.0,4617.0,4649.65,3795
2009-08-06,4633.05,4855.0,4615.0,4628.7,11140
2009-08-07,4595.0,4641.0,4412.0,4455.95,5736
2009-08-10,4500.0,4649.4,4300.0,4323.35,5346
2009-08-11,4300.0,4370.0,4126.0,4264.95,5290
2009-08-12,4200.0,4315.0,4180.0,4224.4,5462
2009-08-13,4329.0,4370.0,4260.0,4312.6,4486
2009-08-14,4343.0,4346.0,4230.0,4256.05,2828
2009-08-17,4250.0,4345.0,4205.0,4234.1,5625
2009-08-18,4260.0,4294.0,4201.9,4223.8,3020
2009-08-19,4230.0,4265.0,4165.1,4180.2,2872
2009-08-20,4210.0,4450.0,4181.0,4302.85,8567
2009-08-21,4300.0,4369.0,4210.0,4286.2,4404
2009-08-24,4350.0,4460.6,4290.0,4342.55,6543
2009-08-25,4240.0,4360.0,4240.0,4307.5,2022
2009-08-26,4358.0,4358.0,4285.0,4312.2,2660
2009-08-27,4307.7,4349.0,4279.5,4292.2,2798
2009-08-28,4275.0,4340.0,4230.0,4265.75,4433
2009-08-31,4220.05,4395.0,4220.05,4287.8,5262
2009-09-01,4292.0,4319.0,4141.0,4191.15,3777
2009-09-02,4230.0,4275.0,4151.55,4240.85,3144
2009-09-03,4250.0,4280.0,4130.0,4150.8,4514
2009-09-04,4210.0,4480.0,4155.0,4380.95,20315
2009-09-07,4450.0,4480.0,4282.0,4312.85,11438
2009-09-08,4370.0,4480.0,4331.1,4450.25,12981
2009-09-09,4500.0,5170.0,4425.0,4948.2,54156
2009-09-10,5225.65,5415.0,5082.0,5147.4,46673
2009-09-11,5200.0,5360.0,4900.05,5279.05,27153
2009-09-14,5256.0,5525.0,5125.0,5347.2,24543
2009-09-15,5380.0,5489.7,5321.0,5360.45,11840
2009-09-16,5400.0,5420.0,5250.05,5283.8,5390
2009-09-17,5349.0,5375.0,5202.05,5217.0,7427
2009-09-18,5200.05,5278.0,5186.0,5202.75,4732
2009-09-22,5260.0,5329.8,5180.0,5196.9,4723
2009-09-23,5255.0,5289.0,5160.0,5178.45,3674
2009-09-24,5102.0,5740.0,4901.0,5669.35,61278
2009-09-25,5690.0,5820.0,5475.0,5525.0,29981
2009-09-29,5565.0,5918.0,5540.0,5640.55,39206
2009-09-30,5679.95,5825.0,5650.1,5746.45,19828
2009-10-01,5700.0,5750.0,5610.0,5635.25,9594
2009-10-05,5600.0,5670.0,5400.0,5442.55,8809
2009-10-06,5529.0,5793.3,5420.5,5443.95,10435
2009-10-07,5500.0,5729.0,5450.0,5484.65,20647
2009-10-08,5594.0,5635.0,5460.0,5481.95,7345
2009-10-09,5520.0,5620.0,5425.0,5476.75,10724
2009-10-12,5539.0,6030.2,5514.05,5933.45,47132
2009-10-14,6144.4,6270.0,6033.05,6089.05,59036
2009-10-15,6152.0,6170.0,5941.1,6011.4,24682
2009-10-16,6000.0,6140.0,5999.0,6020.65,10658
2009-10-17,6000.0,6125.0,6000.0,6083.25,4003
2009-10-20,6129.0,6370.0,6015.0,6302.5,41445
2009-10-21,6320.0,6349.0,6077.0,6106.2,16594
2009-10-22,6134.4,6169.9,5893.0,5925.1,12700
2009-10-23,6049.7,6149.0,5711.0,5856.75,11409
2009-10-26,5919.0,5935.0,5731.0,5752.4,9160
2009-10-27,5810.0,5810.0,5500.0,5511.75,10183
2009-10-28,5520.0,5550.0,5351.0,5425.15,10307
2009-10-29,5300.0,5470.0,5300.0,5368.8,8215
2009-10-30,5467.25,5513.8,5205.35,5289.85,7428
2009-11-03,5250.0,5700.0,5122.1,5534.3,23310
2009-11-04,5599.0,5799.0,5440.0,5583.9,21838
2009-11-05,5564.3,5650.0,5530.0,5578.1,19413
2009-11-06,5561.1,6100.0,5561.1,5983.85,42397
2009-11-09,6114.4,6168.0,5861.0,5995.6,25716
2009-11-10,6023.0,6178.0,5851.0,5916.1,14493
2009-11-11,5916.05,6128.4,5902.0,6015.0,14148
2009-11-12,6015.05,6112.2,5900.3,5929.35,10390
2009-11-13,5901.0,6219.0,5901.0,6134.4,26553
2009-11-16,6199.0,6200.0,6025.0,6050.2,13317
2009-11-17,6093.8,6145.0,5960.0,5998.85,9111
2009-11-18,6020.0,6094.95,5999.0,6010.6,6886
2009-11-19,6030.0,6075.0,5900.0,5907.15,5656
2009-11-20,5920.45,5980.0,5834.1,5915.95,7786
2009-11-23,5934.4,6336.0,5934.4,6168.15,45683
2009-11-24,6274.4,6335.0,6161.0,6188.3,32457
2009-11-25,6244.4,6244.4,6035.0,6055.1,12159
2009-11-26,6090.0,6145.0,6000.0,6015.95,10733
2009-11-27,5950.0,5950.0,5760.0,5878.85,12501
2009-11-30,5959.0,6015.0,5925.1,5960.1,7013
2009-12-01,6025.0,6125.0,5990.0,6076.75,14826
2009-12-02,6160.0,6169.0,6032.2,6060.9,8973
2009-12-03,6095.0,6099.8,5990.0,6009.95,3965
2009-12-04,6000.0,6085.0,5961.1,6029.35,7310
2009-12-07,6074.8,6074.8,5870.0,5883.15,6711
2009-12-08,5866.35,5963.3,5805.0,5849.35,6682
2009-12-09,5850.0,6050.0,5830.0,5899.2,11094
2009-12-10,5974.4,5974.4,5880.0,5906.9,5267
2009-12-11,5940.0,5966.35,5815.0,5862.05,5904
2009-12-14,5874.4,6020.0,5840.0,5891.9,9442
2009-12-15,5905.0,5944.0,5825.0,5848.8,5514
2009-12-16,5890.0,5910.0,5810.2,5842.5,5772
2009-12-17,5840.0,6425.0,5812.0,6363.25,71925
2009-12-18,6371.1,6720.0,6242.0,6626.7,117464
2009-12-21,6701.0,6890.0,6105.0,6168.15,158414
2009-12-22,6188.0,6300.0,5970.05,6133.95,98870
2009-12-23,6150.0,6282.0,6075.0,6200.15,41683
2009-12-24,6248.0,6295.0,6100.35,6173.7,28866
2009-12-29,6174.8,6200.0,6001.0,6030.8,20044
2009-12-30,6024.0,6169.0,6010.0,6068.65,19390
2009-12-31,6098.8,6170.0,6013.3,6045.95,9819
2010-01-04,6081.0,6215.0,6032.0,6142.95,18735
2010-01-05,6200.0,6269.0,6150.0,6160.6,17947
2010-01-06,6180.0,6198.0,6055.0,6090.4,10735
2010-01-07,6249.9,6371.0,6151.0,6216.2,42206
2010-01-08,6243.3,6294.4,6150.0,6166.85,11155
2010-01-11,6199.0,6252.0,6150.0,6158.6,9387
2010-01-12,6194.4,6194.4,6060.0,6084.35,7286
2010-01-13,6085.0,6145.0,6048.0,6107.1,7550
2010-01-14,6167.8,6485.0,6131.15,6440.8,59564
2010-01-15,6498.7,6549.5,6380.0,6406.1,28721
2010-01-18,6449.4,6498.95,6325.0,6370.45,14071
2010-01-19,6382.0,6460.0,6275.0,6294.15,10455
2010-01-20,6351.0,6352.85,6150.0,6185.0,7790
2010-01-21,6185.0,6240.0,6090.0,6102.25,6884
2010-01-22,6110.0,6149.0,6010.0,6050.15,10727
2010-01-25,6089.75,6120.0,6021.0,6042.35,4312
2010-01-27,6059.9,6117.8,5555.0,5662.2,16183
2010-01-28,5757.0,5919.0,5685.05,5762.75,20888
2010-01-29,5705.0,5839.0,5700.9,5802.95,12640
2010-02-01,5794.4,6124.0,5770.0,6057.25,15389
2010-02-02,6130.0,6225.0,5930.0,5965.15,14177
2010-02-03,6039.4,6082.0,5933.1,5962.9,9081
2010-02-04,5999.0,6068.0,5789.0,5813.3,6897
2010-02-05,5700.0,5780.0,5650.5,5720.25,7849
2010-02-06,5770.0,5791.0,5740.5,5764.4,1310
2010-02-08,5758.0,5850.0,5701.0,5819.15,6318
2010-02-09,5820.0,6074.0,5795.0,6025.55,17233
2010-02-10,6070.0,6080.0,5852.75,5901.9,7965
2010-02-11,5950.0,5993.3,5851.0,5876.85,4374
2010-02-15,5965.0,5966.95,5810.0,5841.8,3584
2010-02-16,5880.0,5900.0,5770.0,5784.45,6171
2010-02-17,5847.9,5900.0,5810.05,5829.6,5082
2010-02-18,5829.0,5860.0,5770.0,5785.15,3454
2010-02-19,5750.0,5789.95,5710.1,5744.3,3497
2010-02-22,5799.0,5839.0,5715.15,5745.7,7669
2010-02-23,5730.0,5774.8,5675.0,5696.2,4301
2010-02-24,5680.0,5680.0,5600.0,5614.55,3962
2010-02-25,5630.05,5657.0,5600.0,5614.35,2910
2010-02-26,5620.0,5765.0,5580.0,5659.6,6567
2010-03-02,5739.95,5865.0,5703.0,5817.9,7724
2010-03-03,5850.0,5925.0,5830.0,5855.8,4800
2010-03-04,5800.0,6350.0,5800.0,6287.35,46654
2010-03-05,6300.2,6329.0,6100.0,6121.2,17971
2010-03-08,5297.0,6276.0,5297.0,6237.15,17520
2010-03-09,6120.0,6418.7,6120.0,6301.5,25306
2010-03-10,6276.0,6390.0,6251.0,6293.9,11051
2010-03-11,6351.0,6351.0,6275.0,6318.85,9858
2010-03-12,6338.0,6435.0,6290.1,6358.8,15994
2010-03-15,6394.4,6394.4,6230.0,6266.9,7642
2010-03-16,6280.0,6539.85,6251.15,6501.85,37466
2010-03-17,6535.0,6549.0,6338.3,6369.4,14127
2010-03-18,6370.0,7244.85,6312.05,7094.9,140611
2010-03-19,7045.0,7125.45,6825.0,7041.6,98915
2010-03-22,6950.0,7298.0,6915.0,7184.85,70534
2010-03-23,7200.0,7318.0,7110.0,7159.3,29857
2010-03-25,7159.3,7229.0,7036.1,7087.0,18178
2010-03-26,7101.0,7160.0,6910.0,6964.65,11594
2010-03-29,7015.0,7050.0,6805.0,6881.55,10207
2010-03-30,6948.0,6974.0,6780.0,6800.3,9641
2010-03-31,6845.0,6862.0,6760.0,6784.35,7766
2010-04-01,6845.0,6968.0,6804.0,6899.5,15001
2010-04-05,6959.4,7099.0,6887.0,6961.8,19822
2010-04-06,6951.0,7019.4,6870.0,6893.0,6628
2010-04-07,6939.0,7249.0,6900.55,7209.75,61369
2010-04-08,7189.8,7273.3,7032.0,7068.25,22865
2010-04-09,7100.0,7199.0,7060.0,7086.5,10563
2010-04-12,7134.9,7148.0,7011.1,7045.4,5539
2010-04-13,7074.4,7360.0,7050.05,7193.95,28951
2010-04-15,7220.0,7274.4,7078.0,7096.25,13081
2010-04-16,7070.0,7173.0,6985.0,7028.4,11228
2010-04-19,6990.0,7060.0,6892.0,6999.4,16621
2010-04-20,7000.0,7166.8,7000.0,7066.7,13562
2010-04-21,7088.0,7179.0,7050.0,7069.3,9420
2010-04-22,7058.0,7149.8,7020.0,7054.7,7302
2010-04-23,7079.4,7116.85,7000.05,7022.85,5220
2010-04-26,7089.4,7230.9,7030.0,7119.35,21598
2010-04-27,7135.0,7274.0,7126.2,7194.95,18797
2010-04-28,7144.4,7185.0,7050.0,7064.15,8570
2010-04-29,7153.3,7264.0,7035.55,7067.7,36876
2010-04-30,7148.9,7175.0,7065.0,7086.75,10062
2010-05-03,7049.4,7123.0,6961.0,6979.95,5694
2010-05-04,7060.0,7060.0,6845.0,6864.8,8742
2010-05-05,6750.15,6925.0,6725.0,6868.75,9120
2010-05-06,6918.0,6990.05,6860.0,6928.2,7930
2010-05-07,6899.9,6920.0,6723.0,6762.4,6642
2010-05-10,6800.05,7001.0,6800.05,6992.55,6193
2010-05-11,6911.15,7049.0,6790.0,7006.35,6165
2010-05-12,7000.0,7138.0,6995.0,7003.35,7026
2010-05-13,7066.1,7188.0,7050.0,7127.3,7630
2010-05-14,7095.0,7575.0,7095.0,7436.95,45854
2010-05-17,7394.3,7398.0,7200.0,7326.3,12510
2010-05-18,7310.0,7612.0,7288.0,7402.35,25913
2010-05-19,7350.0,7558.0,7261.0,7317.05,14534
2010-05-20,7386.95,7490.0,7307.55,7325.8,7889
2010-05-21,7300.0,7300.0,7160.0,7206.95,6825
2010-05-24,7242.0,7352.8,7234.25,7290.15,5994
2010-05-25,7260.0,7350.0,7220.0,7311.9,8411
2010-05-26,7330.0,7474.0,7280.1,7321.5,5099
2010-05-27,7340.15,7417.5,7320.0,7343.45,3619
2010-05-28,7399.0,7431.0,7313.0,7378.45,6308
2010-05-31,7450.0,7470.0,7276.0,7327.25,4348
2010-06-01,7327.5,7410.0,7190.0,7221.75,6065
2010-06-02,7265.0,7300.0,7202.0,7233.15,2273
2010-06-03,7347.0,7347.0,7270.1,7291.25,2837
2010-06-04,7320.0,7345.0,7251.1,7280.9,2979
2010-06-07,7100.0,7342.0,7100.0,7201.4,5401
2010-06-08,7210.0,7424.0,7100.0,7306.3,10943
2010-06-09,7233.0,7411.0,7233.0,7286.9,4879
2010-06-10,7344.0,7410.0,7276.0,7296.6,23324
2010-06-11,7370.0,7374.0,7240.0,7263.25,2971
2010-06-14,7349.0,7375.0,7285.0,7339.8,4772
2010-06-15,7310.0,7940.0,7300.0,7630.05,47743
2010-06-16,7649.0,7744.0,7435.5,7471.2,12371
2010-06-17,7526.0,7625.0,7430.0,7518.95,6927
2010-06-18,7578.0,7609.0,7385.0,7419.8,7270
2010-06-21,7499.0,7775.0,7430.0,7580.8,24927
2010-06-22,7456.1,7769.0,7393.3,7632.85,21324
2010-06-23,7625.0,7830.0,7561.15,7749.45,23291
2010-06-24,7740.0,7949.0,7740.0,7856.3,21131
2010-06-25,7829.0,7990.0,7661.0,7710.25,14902
2010-06-28,7720.0,7839.5,7666.0,7733.35,7204
2010-06-29,7774.4,7968.0,7705.0,7768.7,27430
2010-06-30,7676.0,7820.0,7668.0,7748.0,7986
2010-07-01,7735.0,7815.0,7601.0,7699.95,4693
2010-07-02,7780.9,7930.0,7671.0,7867.0,17282
2010-07-05,7820.0,8040.0,7796.0,7838.0,9978
2010-07-06,7870.0,7909.0,7822.1,7840.6,4920
2010-07-07,7811.0,7910.0,7750.0,7771.0,7755
2010-07-08,7838.4,7960.5,7800.0,7827.35,24862
2010-07-09,7864.4,7898.0,7760.0,7793.5,6939
2010-07-12,7835.0,7880.0,7775.0,7798.3,3492
2010-07-13,7825.0,7949.0,7800.0,7839.35,12055
2010-07-14,7898.0,7907.7,7700.0,7746.6,5351
2010-07-15,7755.0,7840.0,7750.1,7758.9,5322
2010-07-16,7790.0,7799.8,7712.35,7733.3,2828
2010-07-19,7760.0,7769.7,7670.05,7709.55,3072
2010-07-20,7720.0,7820.0,7681.25,7705.25,5048
2010-07-21,7760.0,7777.0,7690.05,7713.25,3864
2010-07-22,7702.0,7860.0,7690.0,7738.0,6303
2010-07-23,7776.0,7797.0,7690.0,7710.1,3765
2010-07-26,7767.0,7767.0,7630.0,7652.45,2809
2010-07-27,7652.0,7798.0,7585.0,7690.6,7887
2010-07-28,7749.0,7787.3,7480.0,7505.65,16021
2010-07-29,7405.0,7475.0,7300.0,7315.95,6644
2010-07-30,7350.0,7441.0,7310.1,7329.55,4521
2010-08-02,7313.35,7412.0,7286.0,7346.9,4998
2010-08-03,7376.7,7408.0,7285.0,7298.4,3754
2010-08-04,7320.0,7360.0,7300.2,7308.6,2382
2010-08-05,7333.0,7769.0,7300.1,7511.45,16590
2010-08-06,7510.0,7650.0,7401.05,7427.55,9210
2010-08-09,7464.4,7600.0,7430.0,7466.15,6709
2010-08-10,7520.0,7540.0,7340.0,7380.15,5005
2010-08-11,7351.0,7444.95,7305.2,7316.4,2329
2010-08-12,7347.9,7478.0,7301.1,7364.8,4855
2010-08-13,7366.0,7440.0,7334.0,7353.1,2352
2010-08-16,7396.0,7410.0,7311.2,7324.5,1867
2010-08-17,7321.0,7609.2,7300.0,7463.0,12419
2010-08-18,7524.0,7695.0,7500.25,7617.25,17214
2010-08-19,7640.0,7690.0,7531.0,7574.55,4256
2010-08-20,7579.0,7840.0,7520.0,7733.7,27962
2010-08-23,7775.0,8300.0,7725.0,8162.5,77143
2010-08-24,8163.0,8220.0,7890.0,7941.0,17619
2010-08-25,7940.0,7976.0,7725.0,7745.7,6637
2010-08-26,7765.0,8068.0,7765.0,7810.6,14740
2010-08-27,7849.0,7945.0,7605.0,7682.85,7440
2010-08-30,7750.0,7845.0,7625.0,7648.55,6625
2010-08-31,7664.3,7731.0,7535.0,7593.95,4687
2010-09-01,7658.0,7740.0,7608.0,7649.85,6279
2010-09-02,7725.0,8150.0,7650.0,8065.3,40404
2010-09-03,8140.0,8865.0,7967.0,8661.25,106501
2010-09-06,8670.0,9250.0,8670.0,9073.0,91356
2010-09-07,9050.0,9218.0,8900.0,9012.5,53758
2010-09-08,9005.0,9420.0,8951.05,9221.4,59509
2010-09-09,9280.0,9370.0,9142.0,9172.5,15791
2010-09-13,9250.0,9439.8,9178.0,9212.3,19997
2010-09-14,9249.4,9324.0,9080.0,9100.35,13959
2010-09-15,9177.7,9280.0,9050.0,9075.65,14289
2010-09-16,9176.7,9176.7,8990.0,9013.55,10593
2010-09-17,9123.95,9170.0,8936.0,8971.9,9464
2010-09-20,9047.0,9140.0,9001.1,9016.8,7280
2010-09-21,9089.7,9108.0,8820.0,8888.2,9045
2010-09-22,8860.0,8967.95,8701.5,8764.55,7342
2010-09-23,8835.0,8931.0,8670.0,8695.45,10924
2010-09-24,8730.0,9020.0,8710.05,8958.3,24505
2010-09-27,8985.0,9050.0,8752.2,8866.55,13786
2010-09-28,8939.0,9115.0,8701.0,8874.25,18059
2010-09-29,8968.95,8969.0,8770.0,8779.2,6513
2010-09-30,8840.0,8840.0,8690.0,8759.45,5262
2010-10-01,8819.95,9120.0,8792.1,9070.4,17894
2010-10-04,9110.1,9164.0,8925.0,8998.7,9247
2010-10-05,9000.0,9065.0,8950.0,8961.95,5348
2010-10-06,9040.0,9060.0,8933.0,8952.1,2765
2010-10-07,8961.0,9080.0,8820.0,8853.85,10681
2010-10-08,8907.7,8907.7,8750.0,8786.7,3449
2010-10-11,8825.0,8886.0,8752.0,8779.9,3053
2010-10-12,8799.95,9560.0,8775.0,9321.45,105006
2010-10-13,9315.0,9739.0,9290.0,9322.05,63497
2010-10-14,9389.0,9522.0,9230.5,9285.25,17316
2010-10-15,9330.0,9450.0,9240.0,9304.65,15086
2010-10-18,9305.0,9340.0,9190.2,9223.5,6868
2010-10-19,9293.0,9555.0,9250.0,9373.2,17922
2010-10-20,9399.9,9600.25,9265.1,9295.55,9435
2010-10-21,9330.0,9430.0,9207.0,9274.5,8992
2010-10-22,9246.0,9342.0,9161.0,9189.55,5529
2010-10-25,9319.0,9338.0,9156.0,9186.7,5534
2010-10-26,9250.0,9285.0,9130.1,9155.95,6077
2010-10-27,9176.0,9620.0,9165.0,9540.5,40468
2010-10-28,9500.0,9824.0,9350.05,9547.85,34852
2010-10-29,9575.0,9575.0,9230.0,9304.55,24224
2010-11-01,9399.9,9470.0,9300.0,9334.3,8228
2010-11-02,9330.0,9388.75,9230.0,9241.4,6964
2010-11-03,9300.0,9754.0,9240.0,9522.45,48413
2010-11-04,9540.0,9666.0,9495.1,9516.7,9617
2010-11-05,9623.0,9700.0,9511.0,9544.25,1666
2010-11-08,9600.0,9600.0,9350.0,9379.2,5621
2010-11-09,9460.0,9520.0,9320.0,9358.75,6988
2010-11-10,9390.0,9599.0,9359.7,9484.0,23848
2010-11-11,9439.0,9559.9,9345.0,9362.8,6526
2010-11-12,9344.6,9420.0,8901.05,8952.95,12585
2010-11-15,8980.0,9049.9,8760.0,8799.05,11254
2010-11-16,9001.0,9057.95,8656.0,8674.65,14996
2010-11-18,8505.05,8848.0,8411.0,8599.2,7781
2010-11-19,8635.0,8699.95,8313.0,8382.5,7726
2010-11-22,9344.0,9344.0,8342.05,8425.95,6805
2010-11-23,8400.0,8599.7,8210.0,8359.9,10732
2010-11-24,8400.0,8535.0,8320.05,8359.75,9794
2010-11-25,8370.0,8493.5,7780.05,7961.15,15812
2010-11-26,8100.0,8100.0,7700.0,7819.1,17239
2010-11-29,8000.0,8000.0,7626.1,7757.65,11395
2010-11-30,7650.0,7970.0,7650.0,7853.5,11766
2010-12-01,7900.0,8100.0,7775.0,8028.85,11565
2010-12-02,8050.0,8255.0,8050.0,8154.35,14211
2010-12-03,8189.0,8199.8,7860.0,7964.3,9385
2010-12-06,8045.0,8215.25,7953.0,7975.55,5279
2010-12-07,7981.0,8025.2,7850.1,7867.15,7214
2010-12-08,7839.95,7839.95,7651.0,7671.15,5887
2010-12-09,7726.7,7726.7,7201.1,7229.75,10407
2010-12-10,7231.1,7469.7,7041.05,7398.9,9279
2010-12-13,7499.0,7532.1,7359.0,7450.6,5302
2010-12-14,7469.0,7575.0,7442.0,7501.9,5450
2010-12-15,7501.1,7559.95,7225.6,7309.8,7732
2010-12-16,7347.4,7349.95,7150.0,7246.0,6991
2010-12-20,7255.0,7349.9,7222.05,7275.1,3528
2010-12-21,7350.0,7380.0,7265.0,7297.6,4078
2010-12-22,7218.0,7350.0,7210.1,7217.15,4485
2010-12-23,7295.0,7295.0,7161.0,7179.15,3881
2010-12-24,7259.9,7510.35,7259.9,7337.35,30518
2010-12-27,7390.0,7395.0,7267.0,7285.4,7057
2010-12-28,7330.0,7330.0,7200.0,7203.45,6617
2010-12-29,7160.0,7285.0,7151.3,7178.65,6486
2010-12-30,7249.0,7261.0,7170.0,7181.95,5301
2011-01-03,7252.0,7450.0,7252.0,7356.4,21367
2011-01-04,7420.0,7525.0,7351.1,7406.8,15605
2011-01-05,7400.05,7462.0,7288.0,7326.85,6827
2011-01-06,7332.0,7384.5,7155.0,7179.95,7488
2011-01-07,7270.0,7270.0,7025.0,7059.65,7208
2011-01-10,7100.0,7100.0,6636.2,6670.5,11355
2011-01-11,6700.0,6888.0,6549.0,6596.85,12869
2011-01-12,6690.0,6800.0,6550.0,6684.3,9223
2011-01-13,6665.05,6919.9,6620.0,6675.7,11491
2011-01-14,6675.0,6772.0,6542.0,6579.0,6431
2011-01-17,6600.0,6675.0,6400.0,6451.55,8979
2011-01-18,6547.0,6562.7,6460.0,6514.3,4683
2011-01-19,6580.0,6580.0,6460.0,6491.0,3411
2011-01-20,6450.15,6600.0,6425.0,6574.15,6250
2011-01-21,6599.0,6675.0,6551.0,6616.95,3953
2011-01-24,6649.0,6742.0,6567.05,6635.15,8387
2011-01-25,6665.0,6725.0,6555.0,6588.2,4216
2011-01-27,6641.9,6700.0,6600.0,6651.0,6826
2011-01-28,6650.0,6655.0,6138.9,6158.7,13225
2011-01-31,5935.2,6149.95,5860.05,6059.2,11115
2011-02-01,6100.0,6100.0,5866.0,5898.95,10465
2011-02-02,6000.0,6118.0,5880.0,5912.65,5968
2011-02-03,5984.0,6138.0,5904.0,6100.8,8242
2011-02-04,6101.0,6175.1,5900.0,5920.6,9005
2011-02-07,6000.0,6000.0,5920.05,5975.7,4076
2011-02-08,6025.0,6099.0,5736.7,5867.05,5135
2011-02-09,5850.0,5870.0,5501.0,5544.15,9426
2011-02-10,5555.0,5710.0,5325.0,5572.1,23926
2011-02-11,5575.0,6125.0,5575.0,6058.05,20606
2011-02-14,6110.0,6279.95,6090.0,6199.0,12802
2011-02-15,6200.0,6280.0,6125.0,6195.05,10973
2011-02-16,6205.0,6240.0,6115.0,6149.15,6203
2011-02-17,6140.0,6199.0,6075.0,6087.35,10554
2011-02-18,6137.8,6139.0,5875.1,5907.85,7943
2011-02-21,5816.0,5979.0,5816.0,5905.95,4840
2011-02-22,5821.0,5919.05,5750.0,5809.9,4647
2011-02-23,5869.95,5870.0,5766.0,5790.35,4743
2011-02-24,5840.0,5840.0,5530.2,5571.85,8844
2011-02-25,5603.0,5689.0,5540.0,5560.0,5807
2011-02-28,5518.0,5769.0,5518.0,5663.5,8726
2011-03-01,5734.0,6048.9,5665.1,5982.3,14469
2011-03-03,5950.0,6050.0,5860.0,5980.95,11094
2011-03-04,6070.0,6098.0,5910.55,5973.9,7172
2011-03-07,5959.85,5959.85,5750.0,5844.3,5874
2011-03-08,5890.0,6100.0,5805.0,6026.2,11414
2011-03-09,6052.0,6180.0,6052.0,6132.5,14110
2011-03-10,6075.0,6200.0,6025.0,6171.45,8974
2011-03-11,6090.0,6265.0,6060.0,6096.95,11692
2011-03-14,6090.0,6549.0,6090.0,6506.25,33953
2011-03-15,6450.0,6809.9,6280.0,6640.85,63002
2011-03-16,6722.0,6865.0,6690.0,6723.05,22254
2011-03-17,6670.95,6780.0,6625.15,6659.6,13107
2011-03-18,6743.3,6743.3,6551.1,6611.35,10475
2011-03-21,6647.95,6647.95,6435.1,6461.85,7253
2011-03-22,6490.05,6628.9,6490.05,6520.85,8552
2011-03-23,6549.95,6580.0,6495.05,6521.55,6989
2011-03-24,6521.05,6689.95,6521.05,6553.9,8340
2011-03-25,6555.05,6640.0,6555.05,6603.65,6729
2011-03-28,6642.0,6660.0,6420.0,6446.95,10301
2011-03-29,6451.05,6500.0,6290.0,6314.7,7215
2011-03-30,6345.05,6429.9,6315.0,6328.65,6459
2011-03-31,6395.0,6419.8,6210.0,6271.1,11663
2011-04-01,6374.95,6521.0,6310.1,6495.1,15641
2011-04-04,6415.0,6620.0,6415.0,6565.2,8817
2011-04-05,6600.05,6609.95,6500.0,6545.35,5961
2011-04-06,6567.45,6675.0,6500.0,6539.3,13700
2011-04-07,6545.05,6775.05,6510.0,6635.1,31604
2011-04-08,6629.95,6714.0,6501.0,6512.75,13650
2011-04-11,6501.05,6594.0,6489.75,6507.2,6305
2011-04-13,6500.15,6592.0,6475.0,6572.2,6669
2011-04-15,6600.0,6600.0,6500.0,6517.05,5754
2011-04-18,6530.15,6790.0,6530.0,6570.65,15564
2011-04-19,6581.15,6675.0,6580.0,6621.85,5594
2011-04-20,6596.0,6831.25,6596.0,6775.05,17420
2011-04-21,6792.0,7504.95,6775.85,7449.65,157893
2011-04-25,7480.0,7480.0,7270.2,7322.1,45600
2011-04-26,7309.9,7359.4,7201.0,7277.4,19821
2011-04-27,7230.0,7319.9,7170.2,7195.2,9696
2011-04-28,7150.65,7318.0,7150.65,7196.1,15743
2011-04-29,7248.0,7274.6,7100.1,7123.3,7649
2011-05-02,7125.0,7185.0,7001.0,7033.15,7943
2011-05-03,7023.95,7065.0,6868.0,6883.15,9300
2011-05-04,6851.05,6947.7,6832.5,6906.95,8492
2011-05-05,6907.15,7175.0,6836.0,6934.2,28373
2011-05-06,6960.0,7120.0,6960.0,6993.0,15780
2011-05-09,7000.0,7149.0,7000.0,7032.85,9631
2011-05-10,7012.0,7105.0,6900.0,7029.4,10705
2011-05-11,7037.15,7148.0,7010.0,7056.6,12797
2011-05-12,7059.95,7099.0,6962.4,6986.95,4732
2011-05-13,6987.05,7200.0,6900.0,7071.0,9412
2011-05-16,6980.0,7090.0,6980.0,7042.15,2869
2011-05-17,7075.0,7090.0,6910.7,6942.5,5589
2011-05-18,6980.0,7080.0,6905.0,6979.2,10378
2011-05-19,7012.0,7025.0,6910.0,6925.2,4915
2011-05-20,6931.05,6994.5,6931.05,6951.3,2870
2011-05-23,6935.0,7009.9,6820.0,6850.05,6182
2011-05-24,6838.0,6930.0,6755.0,6787.7,7796
2011-05-25,6800.0,6865.0,6711.0,6731.35,5863
2011-05-26,6780.0,6800.0,6502.5,6545.3,16601
2011-05-27,6749.0,6749.0,6560.25,6664.5,5757
2011-05-30,6708.9,6749.8,6611.0,6662.95,3075
2011-05-31,6690.0,6822.95,6680.0,6787.25,6611
2011-06-01,6780.0,6944.0,6780.0,6885.7,11017
2011-06-02,6815.0,6885.0,6760.0,6784.85,6725
2011-06-03,6839.8,6852.0,6741.2,6754.95,3882
2011-06-06,6787.0,6841.0,6601.5,6749.75,5218
2011-06-07,6732.0,6919.0,6732.0,6887.85,6058
2011-06-08,6886.0,6975.0,6857.25,6879.2,9858
2011-06-09,6919.95,6924.0,6825.0,6859.2,3268
2011-06-10,6860.0,6899.95,6785.0,6805.0,5005
2011-06-13,6800.0,6820.0,6700.0,6748.1,4569
2011-06-14,6748.05,6915.0,6741.1,6846.95,5239
2011-06-15,6820.0,6872.0,6733.25,6773.4,5036
2011-06-16,6712.05,6910.0,6712.05,6816.95,11982
2011-06-17,6825.0,6898.0,6716.0,6742.4,4104
2011-06-20,6777.75,6790.0,6515.0,6597.3,4986
2011-06-21,6670.0,6699.0,6525.0,6572.75,4746
2011-06-22,6593.05,6659.0,6225.1,6310.35,36463
2011-06-23,6320.0,6470.0,6220.05,6430.45,19967
2011-06-24,6500.0,6666.0,6470.0,6551.55,14198
2011-06-27,6535.0,6635.0,6510.0,6575.7,4677
2011-06-28,6650.0,6915.0,6614.0,6845.1,27807
2011-06-29,6910.0,6919.0,6710.8,6770.15,11048
2011-06-30,6775.05,6873.75,6660.0,6697.5,14375
2011-07-01,6720.0,6945.35,6710.0,6886.85,13510
2011-07-04,6850.0,7023.7,6801.0,6971.05,14179
2011-07-05,6954.0,7050.0,6920.9,6943.55,16138
2011-07-06,6988.0,7032.9,6920.25,6946.35,7134
2011-07-07,6950.0,7161.0,6950.0,7100.85,16263
2011-07-08,7121.0,7324.9,7101.95,7240.05,28841
2011-07-11,7232.0,7432.0,7232.0,7380.0,20662
2011-07-12,7355.0,7515.0,7320.0,7461.9,26994
2011-07-13,7525.0,7536.5,7430.0,7500.8,17659
2011-07-14,7388.0,7532.0,7311.0,7506.6,11534
2011-07-15,7492.0,7855.0,7455.0,7758.0,38496
2011-07-18,7730.0,7860.0,7690.0,7716.95,15324
2011-07-19,7729.0,7950.0,7631.5,7785.85,31558
2011-07-20,7800.0,7898.0,7702.4,7738.6,18884
2011-07-21,7750.0,7809.85,7402.25,7430.8,23121
2011-07-22,7460.0,7573.0,7430.0,7545.75,13535
2011-07-25,7555.0,7681.0,7535.1,7605.95,9690
2011-07-26,7592.0,7654.85,7440.0,7454.3,7974
2011-07-27,7430.0,7454.0,7320.05,7359.25,6752
2011-07-28,7311.0,7463.5,7052.25,7101.95,34861
2011-07-29,7110.05,7250.0,7011.0,7208.85,15691
2011-08-01,7240.1,7385.0,7088.05,7138.35,20119
2011-08-02,7150.0,7172.1,7032.0,7068.2,7122
2011-08-03,7021.0,7099.0,6952.0,7034.1,8534
2011-08-04,7100.0,7308.95,7060.05,7195.7,19157
2011-08-05,6998.0,7215.45,6891.35,7179.75,13810
2011-08-08,7009.0,7238.85,6950.1,7182.95,13762
2011-08-09,7008.7,7382.0,7008.7,7292.05,14771
2011-08-10,7385.0,7450.05,7317.25,7378.65,20124
2011-08-11,7351.05,7367.0,7211.0,7304.0,12812
2011-08-12,7305.0,7348.95,7100.65,7141.2,8209
2011-08-16,7146.05,7233.0,6781.0,6828.0,13140
2011-08-17,6828.0,6950.0,6650.0,6742.75,8552
2011-08-18,6844.0,6844.0,6501.0,6543.25,6911
2011-08-19,6399.9,6500.0,6270.0,6396.7,9917
2011-08-22,6400.05,6650.0,6316.0,6577.0,7961
2011-08-23,6600.0,6673.0,6500.0,6578.5,8561
2011-08-24,6585.05,6678.6,6501.55,6573.35,5515
2011-08-25,6575.0,6620.0,6310.0,6366.3,21451
2011-08-26,6366.05,6480.0,6190.0,6228.8,4941
2011-08-29,6310.0,6475.0,6230.1,6411.45,9895
2011-08-30,6479.9,6638.4,6425.65,6619.15,15304
2011-09-02,6630.0,6899.0,6590.15,6846.3,16175
2011-09-05,6844.0,6992.5,6767.0,6957.4,8320
2011-09-06,6925.0,7274.0,6815.1,7240.55,18043
2011-09-07,7300.0,7370.0,7200.0,7249.35,13833
2011-09-08,7250.0,7315.0,7172.0,7246.5,8179
2011-09-09,7319.0,7319.0,7053.15,7095.9,7405
2011-09-12,7050.0,7080.3,6808.8,6883.5,7511
2011-09-13,6929.95,7090.0,6850.05,6865.05,11947
2011-09-14,6900.0,6960.0,6855.0,6875.95,7317
2011-09-15,6949.85,7065.0,6915.0,7030.2,13869
2011-09-16,7089.0,7149.0,7030.05,7072.75,8387
2011-09-19,7000.0,7130.0,6962.15,7080.7,8805
2011-09-20,7105.0,7150.0,7051.1,7082.95,5775
2011-09-21,7115.7,7145.55,7005.0,7032.9,5245
2011-09-22,6929.0,6990.0,6683.0,6737.2,12352
2011-09-23,6730.0,6750.0,6580.0,6662.45,6416
2011-09-26,6709.95,6725.0,6505.0,6563.9,5262
2011-09-27,6680.0,6740.0,6620.0,6714.4,5224
2011-09-28,6726.05,6787.0,6600.0,6641.8,4974
2011-09-29,6550.0,6684.95,6500.0,6650.8,12395
2011-09-30,6621.0,6695.0,6550.2,6617.7,4000
2011-10-03,6597.95,6700.0,6481.15,6537.7,2665
2011-10-04,6600.0,6644.0,6450.0,6472.75,5473
2011-10-05,6510.0,6575.0,6410.0,6445.6,2519
2011-10-07,6625.0,6640.0,6500.05,6563.9,2831
2011-10-10,6595.55,6639.9,6552.0,6587.45,2520
2011-10-11,6666.0,6787.0,6573.15,6605.35,6285
2011-10-12,6645.0,6885.0,6616.05,6727.15,4268
2011-10-13,6727.0,6821.05,6710.0,6747.55,6028
2011-10-14,6790.0,6790.0,6725.0,6749.25,2284
2011-10-17,6795.0,6830.0,6721.15,6748.8,3267
2011-10-18,6725.0,6739.95,6485.0,6570.2,7554
2011-10-19,6620.0,6624.0,6577.05,6605.5,5275
2011-10-20,6570.0,6650.0,6510.0,6563.75,5001
2011-10-21,6600.0,6617.85,6490.0,6524.55,3707
2011-10-24,6551.05,6598.95,6448.0,6468.45,5105
2011-10-25,6569.0,6630.0,6390.0,6572.05,6627
2011-10-26,6639.95,6640.0,6581.0,6618.4,1176
2011-10-28,6655.0,6950.0,6655.0,6760.75,6554
2011-10-31,6800.0,6921.0,6725.0,6823.1,14947
2011-11-01,6819.95,6873.0,6680.35,6714.75,3103
2011-11-02,6685.0,6811.45,6625.5,6738.25,2610
2011-11-03,6679.6,6769.95,6632.0,6670.45,2865
2011-11-04,6750.0,6790.0,6711.25,6728.05,2283
2011-11-08,6750.0,6850.0,6686.15,6805.6,8310
2011-11-09,6790.05,6864.95,6715.0,6799.65,7668
2011-11-11,6810.0,6845.0,6720.0,6744.95,4350
2011-11-14,6770.05,6856.35,6690.0,6744.0,2807
2011-11-15,6797.9,6797.9,6651.6,6751.95,4743
2011-11-16,6743.9,6774.9,6562.2,6574.6,4082
2011-11-17,6579.75,6599.05,6400.0,6428.15,3037
2011-11-18,6425.0,6425.0,6325.0,6383.95,2421
2011-11-21,6372.0,6475.0,6341.5,6457.8,4620
2011-11-22,6475.05,6525.0,6378.0,6480.4,2904
2011-11-23,6451.15,6478.0,6330.0,6411.5,3601
2011-11-24,6432.0,6524.9,6375.0,6424.2,8347
2011-11-25,6424.0,6769.0,6400.0,6729.5,10201
2011-11-28,6755.0,6949.9,6730.1,6878.15,6260
2011-11-29,6900.0,7145.0,6760.0,6932.05,35478
2011-11-30,6899.95,6999.0,6811.1,6961.65,12493
2011-12-01,7025.0,7199.0,7001.05,7057.2,11789
2011-12-02,7091.0,7450.0,7065.0,7392.15,26288
2011-12-05,7449.9,7650.0,7385.0,7608.8,22510
2011-12-07,7610.0,7734.95,7456.05,7559.75,17846
2011-12-08,7572.0,7598.95,7306.0,7328.1,10264
2011-12-09,7289.0,7325.0,7165.1,7234.4,7392
2011-12-12,7450.0,7450.0,6935.0,6992.15,8268
2011-12-13,6989.95,7019.9,6872.0,6970.95,7289
2011-12-14,7000.0,7140.0,6931.05,6971.2,6485
2011-12-15,6985.05,7100.0,6975.0,7042.8,5576
2011-12-16,7099.0,7198.95,6961.0,7007.05,7661
2011-12-19,6938.05,7050.0,6938.05,7015.75,5364
2011-12-20,7040.0,7070.0,6910.0,6960.95,5136
2011-12-21,6979.05,7075.95,6775.0,6859.0,7182
2011-12-22,7080.0,7080.0,6820.05,6961.35,4536
2011-12-23,7048.95,7064.95,6815.0,6964.35,5633
2011-12-26,7075.0,7151.0,6911.25,6959.0,1666
2011-12-27,7020.0,7020.0,6751.0,6806.15,3034
2011-12-28,6847.9,6860.0,6590.05,6613.2,6095
2011-12-29,6614.0,6975.0,6530.0,6920.25,12546
2011-12-30,6900.0,7104.0,6811.3,6979.2,14736
2012-01-02,6980.0,7040.0,6871.1,6943.05,4210
2012-01-03,6950.0,7130.0,6950.0,7069.05,12459
2012-01-04,7090.0,7100.0,6981.0,7011.5,3368
2012-01-05,7021.0,7087.55,6915.0,6956.85,15716
2012-01-06,6930.0,6999.0,6891.0,6957.75,2814
2012-01-07,6965.0,7000.0,6930.0,6965.35,266
2012-01-09,7001.05,7005.0,6920.0,6974.0,1586
2012-01-10,7009.05,7285.0,7009.0,7241.65,25448
2012-01-11,7272.7,7355.0,7151.1,7210.6,13437
2012-01-12,7215.0,7346.0,7159.65,7297.7,17888
2012-01-13,7315.05,7375.0,7235.5,7261.0,7293
2012-01-16,7240.0,7298.45,7164.0,7224.45,10306
2012-01-17,7276.85,7420.0,7230.0,7282.4,8583
2012-01-18,7295.0,7360.0,7141.1,7159.7,4065
2012-01-19,7290.0,7290.0,7170.0,7191.8,10383
2012-01-20,7201.0,7272.65,7100.4,7113.65,3882
2012-01-23,7215.0,7250.0,7105.05,7179.15,3678
2012-01-24,7190.0,7245.0,7180.0,7204.4,3259
2012-01-25,7231.05,7460.0,7182.15,7412.85,10871
2012-01-27,7447.0,7489.95,7338.0,7391.9,4568
2012-01-30,7350.0,7793.05,7280.0,7657.45,21584
2012-01-31,7657.0,7940.0,7657.0,7904.8,19422
2012-02-01,7910.0,8350.0,7880.0,8280.2,20715
2012-02-02,8309.0,8470.0,8161.0,8364.55,19320
2012-02-03,8350.0,8360.0,8129.0,8182.05,10683
2012-02-06,8248.9,8516.0,8248.9,8349.45,15276
2012-02-07,8449.0,8449.0,8252.5,8283.75,6655
2012-02-08,8295.0,8547.95,8270.1,8481.2,13440
2012-02-09,8495.0,8775.0,8357.3,8614.1,37606
2012-02-10,8614.15,9350.0,8614.1,9281.25,51178
2012-02-13,9250.0,9690.0,9250.0,9408.5,46307
2012-02-14,9395.0,9643.0,9350.0,9433.2,23056
2012-02-15,9539.95,9975.0,9441.0,9836.7,35401
2012-02-16,9838.05,10014.8,9626.0,9691.15,23394
2012-02-17,9808.85,9890.0,9630.0,9772.6,21614
2012-02-21,9800.0,10155.0,9670.0,10045.9,28699
2012-02-22,10046.95,10115.0,9292.0,9411.2,29264
2012-02-23,9494.0,9648.0,9222.0,9585.65,33259
2012-02-24,9678.1,9680.0,9310.0,9430.85,12790
2012-02-27,9450.0,9473.0,9216.0,9299.6,20231
2012-02-28,9350.05,9764.6,9350.05,9687.5,15950
2012-02-29,9710.0,10000.0,9710.0,9859.15,34386
2012-03-01,9850.0,9918.0,9671.5,9757.55,9250
2012-03-02,9782.15,10175.0,9720.1,9924.9,33568
2012-03-03,9949.2,9992.2,9751.0,9816.45,1245
2012-03-05,9800.0,9820.0,9543.5,9632.75,9291
2012-03-06,9635.0,9774.8,9522.3,9583.1,7997
2012-03-07,9512.35,9730.0,9460.0,9569.8,7908
2012-03-09,9800.0,9928.2,9600.35,9818.25,10740
2012-03-12,9949.0,10075.0,9810.5,10033.1,16328
2012-03-13,9999.0,10299.9,9999.0,10231.5,19173
2012-03-14,10291.9,10344.7,10040.0,10088.55,9726
2012-03-15,9999.0,10155.0,9931.05,10016.55,10303
2012-03-16,10147.0,10147.0,9782.05,9839.7,6841
2012-03-19,9870.0,9940.0,9621.0,9704.4,7315
2012-03-20,9610.05,9839.0,9610.05,9699.4,6511
2012-03-21,9695.0,10700.0,9641.0,10577.95,29985
2012-03-22,10620.0,10932.0,9995.0,10070.05,43364
2012-03-23,9998.95,10355.5,9800.0,9895.85,34547
2012-03-26,9894.7,10030.0,9601.0,9681.3,16613
2012-03-27,9780.0,9990.0,9700.0,9865.2,18657
2012-03-28,9860.0,9975.0,9800.0,9902.3,9445
2012-03-29,9800.0,9921.0,9575.0,9673.7,37317
2012-03-30,9790.0,9990.0,9700.0,9932.65,12820
2012-04-02,9956.05,10568.95,9900.0,10498.35,36123
2012-04-03,10550.0,10600.0,10307.0,10343.0,13049
2012-04-04,10350.0,10750.0,10262.1,10658.2,32881
2012-04-09,10601.0,11084.0,10400.0,10953.55,46662
2012-04-10,11000.0,11009.95,10682.0,10764.2,16660
2012-04-11,10675.05,11070.0,10611.05,10708.8,25451
2012-04-12,10699.0,10998.95,10671.0,10721.5,15088
2012-04-13,10825.05,10999.95,10589.3,10660.1,25549
2012-04-16,10661.0,10860.0,10600.0,10756.9,10528
2012-04-17,10790.0,11145.0,10732.5,10982.45,30844
2012-04-18,11050.0,11294.0,10951.15,11208.6,33014
2012-04-19,11220.0,11422.0,11171.45,11379.85,22220
2012-04-20,11313.0,11500.0,11300.0,11385.35,20805
2012-04-23,11210.3,11538.0,11180.0,11226.05,16275
2012-04-24,11278.4,11475.5,10957.05,11201.5,9868
2012-04-25,11191.6,11485.0,11050.0,11442.9,17626
2012-04-26,11480.8,11578.8,11175.0,11231.25,48524
2012-04-27,11279.2,11449.0,11210.1,11280.65,16547
2012-04-28,11299.0,11338.0,11212.1,11238.0,1343
2012-04-30,11341.9,11520.0,11280.0,11477.1,17781
2012-05-02,11519.9,11550.0,11241.0,11264.8,18930
2012-05-03,11275.0,11345.0,11180.0,11228.3,12837
2012-05-04,11206.0,11260.0,10250.0,10351.9,31541
2012-05-07,10109.2,10664.0,9872.2,10591.75,17273
2012-05-08,10600.05,10725.0,10250.0,10352.85,15458
2012-05-09,10240.0,10600.0,10200.0,10367.55,12925
2012-05-10,10443.95,10700.0,10401.0,10593.6,23943
2012-05-11,10590.0,10593.0,10125.0,10230.25,13240
2012-05-14,10389.2,10499.8,10011.0,10053.5,9162
2012-05-15,10085.0,10350.0,10055.0,10326.95,7006
2012-05-16,10251.1,10538.0,9980.75,10463.15,9494
2012-05-17,10458.6,10568.8,10250.0,10308.15,9498
2012-05-18,10207.6,10440.0,10050.0,10360.05,5138
2012-05-21,10385.1,10619.2,10385.1,10540.65,6452
2012-05-22,10681.95,10690.0,10225.1,10281.15,8360
2012-05-23,10259.2,10350.0,10185.0,10280.4,5301
2012-05-24,10350.0,10600.0,10210.0,10548.55,10512
2012-05-25,10550.05,10874.0,10390.4,10834.0,14751
2012-05-28,10973.0,10973.0,10801.05,10905.45,7935
2012-05-29,10950.0,11150.25,10801.1,11044.95,12199
2012-05-30,11001.0,11001.0,10740.0,10790.15,7577
2012-05-31,10790.15,10966.95,10586.45,10915.4,8141
2012-06-01,10700.05,10901.0,10555.05,10604.3,7469
2012-06-04,10549.95,10680.0,10380.0,10659.1,10154
2012-06-05,10808.6,10810.2,10477.9,10567.5,7631
2012-06-06,10690.0,10852.9,10630.0,10738.2,15258
2012-06-07,10850.0,10877.0,10720.0,10792.05,5285
2012-06-08,10777.0,10777.0,10600.85,10716.15,9244
2012-06-11,10820.0,10908.35,10380.1,10487.9,10549
2012-06-12,10465.9,10748.6,10450.0,10656.85,12418
2012-06-13,10661.05,10709.5,10505.05,10534.65,5891
2012-06-14,10547.75,10600.0,10340.0,10380.05,7217
2012-06-15,10400.0,10545.0,10400.0,10452.05,7060
2012-06-18,10539.95,10590.0,10186.3,10223.45,7553
2012-06-19,10250.05,10293.8,9997.95,10106.1,7488
2012-06-20,10200.0,10225.0,10051.15,10178.75,8392
2012-06-21,10190.0,10308.75,10050.0,10262.2,6817
2012-06-22,10299.65,10320.05,10120.2,10167.4,7889
2012-06-25,10192.15,10219.95,9982.0,10034.55,9213
2012-06-26,10064.4,10100.35,9936.0,9985.45,6439
2012-06-27,10052.0,10140.0,10000.0,10116.6,5540
2012-06-28,10151.0,10204.9,9826.65,9861.35,9572
2012-06-29,9990.0,10094.35,9892.95,10032.65,16313
2012-07-02,10066.05,10286.1,10020.0,10142.05,10334
2012-07-03,10204.75,10240.0,10075.0,10145.6,6082
2012-07-04,10149.0,10350.0,10140.05,10239.9,10157
2012-07-05,10231.45,10645.0,10140.5,10612.75,20720
2012-07-06,10612.0,10710.0,10480.0,10501.25,11641
2012-07-09,10469.95,10549.95,10420.1,10463.25,6748
2012-07-10,10498.95,10609.0,10485.1,10535.55,6741
2012-07-11,10530.8,10600.0,10460.0,10476.9,4555
2012-07-12,10421.0,10480.0,10220.0,10273.1,6812
2012-07-13,10300.0,10340.0,10080.05,10112.15,5593
2012-07-16,10204.7,10249.0,10112.0,10190.95,5065
2012-07-17,10199.4,10250.0,10035.1,10078.1,2908
2012-07-18,10139.95,10265.0,10080.0,10225.7,3253
2012-07-19,10300.0,10310.0,10072.0,10115.85,6419
2012-07-20,10061.05,10180.0,10001.0,10053.75,4462
2012-07-23,10039.9,10040.0,9901.0,9934.1,4128
2012-07-24,9999.95,10049.8,9903.05,9941.65,7009
2012-07-25,9935.1,10325.0,9900.9,10161.4,45950
2012-07-26,10258.15,10296.55,9860.15,9923.25,18802
2012-07-27,10125.0,10125.0,9580.0,9664.8,11090
2012-07-30,9672.9,9809.0,9613.7,9757.65,9368
2012-07-31,9828.0,9830.0,9553.8,9592.25,13056
2012-08-01,9601.6,9777.0,9521.3,9736.9,7871
2012-08-02,9734.95,9843.95,9715.0,9806.75,5969
2012-08-03,9808.0,10439.95,9711.1,10358.2,24033
2012-08-06,10490.0,10721.0,10263.15,10659.85,20608
2012-08-07,10660.05,10697.9,10460.0,10502.5,9935
2012-08-08,10500.0,10940.0,10280.05,10709.6,39269
2012-08-09,10711.0,10869.95,10616.0,10683.1,18093
2012-08-10,10685.0,10790.0,10534.05,10653.0,10992
2012-08-13,10684.95,10750.55,10610.5,10661.1,6433
2012-08-14,10681.0,10820.95,10549.95,10717.35,12545
2012-08-16,10715.05,11015.0,10635.0,10850.3,35262
2012-08-17,10938.85,11010.0,10770.05,10829.75,21128
2012-08-21,10830.0,11138.0,10740.1,11073.95,26687
2012-08-22,11080.0,11214.0,10972.1,11016.5,15376
2012-08-23,11040.0,11109.2,10777.0,10837.35,15970
2012-08-24,10837.35,10871.4,10681.0,10713.45,7265
2012-08-27,10723.0,10900.0,10602.0,10643.2,13986
2012-08-28,10650.0,10719.0,10151.6,10399.3,12678
2012-08-29,10426.0,10444.8,9866.0,9974.45,19048
2012-08-30,9975.0,10099.0,9875.0,10026.6,12569
2012-08-31,10030.0,10180.6,9982.0,10048.65,7230
2012-09-03,10080.5,10236.0,10059.95,10086.3,4821
2012-09-04,10124.95,10138.9,10020.0,10086.45,3977
2012-09-05,10092.0,10196.0,10015.0,10041.1,6816
2012-09-06,10050.0,10200.1,10000.0,10091.05,11056
2012-09-07,10399.0,10399.0,10131.15,10206.55,6173
2012-09-08,10200.0,10315.45,10200.0,10257.55,1164
2012-09-10,10277.0,10349.7,10180.0,10202.15,3829
2012-09-11,10194.85,10219.95,10110.0,10138.55,4210
2012-09-12,10178.0,10455.0,10168.0,10402.05,17985
2012-09-13,10469.95,10583.95,10182.0,10249.2,17177
2012-09-14,10675.0,10675.0,10181.35,10230.9,15772
2012-09-17,10323.0,10495.0,10180.1,10309.95,14424
2012-09-18,10358.0,10500.0,10271.05,10349.95,7061
2012-09-20,10299.0,10384.25,10165.1,10185.75,6595
2012-09-21,10210.2,10345.0,10101.05,10162.5,8360
2012-09-24,10214.65,10290.0,10080.1,10121.5,6749
2012-09-25,10145.05,10251.25,10060.1,10212.8,6382
2012-09-26,10220.05,10330.0,10195.0,10204.4,5460
2012-09-27,10280.0,10410.0,10100.0,10273.8,17286
2012-09-28,10331.0,10420.1,10220.0,10272.75,11685
2012-10-01,10299.95,10355.0,10220.0,10238.95,8326
2012-10-03,10389.95,10690.0,10260.05,10608.15,29077
2012-10-04,10590.85,10674.0,10451.05,10477.9,13905
2012-10-05,10505.05,10575.0,10212.0,10327.5,7645
2012-10-08,10300.0,10350.0,10213.35,10251.45,6445
2012-10-09,10298.9,10388.0,10250.0,10303.5,8211
2012-10-10,10309.9,10445.5,10252.0,10277.45,7169
2012-10-11,10270.05,10398.9,10270.05,10342.45,4777
2012-10-12,10272.0,10482.0,10200.0,10225.6,5722
2012-10-15,10250.0,10310.35,10205.0,10232.7,3119
2012-10-16,10304.4,10304.4,10151.0,10177.1,4983
2012-10-17,10298.7,10450.1,10125.1,10162.15,6258
2012-10-18,10200.0,10268.95,10094.95,10194.2,6228
2012-10-19,10199.8,10250.0,10149.95,10161.1,2816
2012-10-22,9710.0,10265.0,9710.0,10206.45,4059
2012-10-23,10206.45,10378.0,10172.3,10256.35,5634
2012-10-25,10297.95,10333.0,10095.05,10135.5,7447
2012-10-26,10149.0,10164.0,10015.0,10043.0,4087
2012-10-29,10025.0,10125.05,9900.0,9966.9,12444
2012-10-30,9998.95,10300.6,9865.0,10174.3,30187
2012-10-31,10235.0,10278.0,10080.0,10163.9,18518
2012-11-01,10169.55,10330.0,10163.85,10293.0,7421
2012-11-02,10305.55,10420.0,10232.95,10249.55,11439
2012-11-05,10228.6,10343.95,10170.0,10274.1,5424
2012-11-06,10274.05,10400.0,10259.0,10307.35,5785
2012-11-07,10349.7,10397.95,10260.0,10282.55,6092
2012-11-08,10250.0,10294.95,10166.0,10196.15,5667
2012-11-09,10200.05,10257.45,10080.95,10103.0,6104
2012-11-12,10029.05,10172.0,10029.0,10136.6,3884
2012-11-13,10349.95,10349.95,10160.0,10205.8,1422
2012-11-15,10200.5,10229.0,10100.0,10155.15,4143
2012-11-16,10117.55,10280.15,10004.1,10068.9,6549
2012-11-19,10100.45,10159.0,10005.1,10037.65,2471
2012-11-20,10094.9,10129.9,9770.05,9889.3,7885
2012-11-21,9950.0,10040.0,9921.15,10001.4,5310
2012-11-22,10050.0,10135.0,9990.0,10070.35,6516
2012-11-23,10110.35,10110.35,9990.0,10009.75,2580
2012-11-26,10065.0,10101.5,9990.0,10000.35,6196
2012-11-27,10098.75,10130.0,10025.0,10046.15,17490
2012-11-29,10123.85,10700.0,10050.0,10517.0,36055
2012-11-30,10526.15,10999.4,10451.0,10943.7,31404
2012-12-03,10901.0,11138.0,10860.5,10902.9,12182
2012-12-04,10907.0,11250.0,10801.0,11180.0,16748
2012-12-05,11205.0,11824.95,11185.0,11641.6,47880
2012-12-06,11731.75,11819.9,11570.0,11767.15,19921
2012-12-07,11909.0,11948.0,11700.0,11786.5,20324
2012-12-10,11861.9,12184.2,11810.25,12140.35,24899
2012-12-11,12180.0,12323.0,11984.95,12241.4,16679
2012-12-12,12300.0,12480.0,12250.05,12319.65,23038
2012-12-13,12339.95,12370.0,12000.15,12086.75,13982
2012-12-14,12124.95,12209.25,12005.3,12142.35,10045
2012-12-17,12155.8,12300.0,12114.0,12229.05,8556
2012-12-18,12278.0,12500.8,12056.1,12367.35,14293
2012-12-19,12472.0,12589.0,12202.2,12491.9,14373
2012-12-20,12492.0,12630.0,12400.0,12535.55,14748
2012-12-21,12499.55,12590.0,12412.05,12452.25,6371
2012-12-24,12504.0,12648.0,12440.0,12598.5,8998
2012-12-26,12601.05,12750.0,12580.0,12723.7,7548
2012-12-27,12749.95,12818.0,12490.0,12507.15,16265
2012-12-28,12508.0,12760.0,12508.0,12694.75,6582
2013-01-01,12927.0,13380.0,12879.85,13243.25,20619
2013-01-02,13312.4,13435.0,13256.0,13316.2,12217
2013-01-03,13351.0,13365.95,13124.15,13279.1,10213
2013-01-04,13240.0,13418.4,13221.3,13361.1,7307
2013-01-07,13375.0,13439.95,13265.0,13288.8,7509
2013-01-08,13301.0,13420.0,13200.0,13346.2,10356
2013-01-09,13400.0,13849.95,13380.0,13786.45,33042
2013-01-10,13787.8,13874.0,13612.6,13647.3,13819
2013-01-11,13903.9,13903.9,13460.0,13473.4,7241
2013-01-14,13488.0,13585.7,13225.0,13509.05,10982
2013-01-15,13529.85,13622.8,13465.0,13557.85,10540
2013-01-16,13475.0,13704.85,13360.0,13404.25,9331
2013-01-17,13372.0,13474.2,13252.2,13283.35,7257
2013-01-18,13399.0,13450.5,13242.9,13336.4,5817
2013-01-21,13394.25,13509.95,13351.0,13450.0,5446
2013-01-22,13460.0,13570.0,13350.0,13419.8,4692
2013-01-23,13250.05,13474.05,13072.15,13234.05,5692
2013-01-24,13244.0,13332.85,13025.0,13064.05,7752
2013-01-25,13075.0,13351.0,12930.25,13286.1,5805
2013-01-28,13372.0,13419.95,13230.0,13260.45,2870
2013-01-29,13191.55,13388.8,13025.05,13060.5,4938
2013-01-30,13094.65,13248.8,13008.95,13098.75,5011
2013-01-31,13133.95,13216.85,13035.0,13138.85,4026
2013-02-01,13198.0,13315.0,13140.0,13220.7,4732
2013-02-04,13228.75,13390.0,13200.0,13233.75,5085
2013-02-05,13234.05,13250.0,13060.0,13146.7,4714
2013-02-06,13372.85,13372.85,13187.1,13245.6,4631
2013-02-07,13298.85,13448.95,13050.0,13169.75,10910
2013-02-08,13250.0,13530.0,13220.2,13408.9,16332
2013-02-11,13489.95,13489.95,13260.05,13313.1,5103
2013-02-12,13251.05,13400.95,13115.55,13206.3,6593
2013-02-13,13279.75,13296.95,12865.0,12907.75,8151
2013-02-14,12900.0,12902.85,12246.95,12313.7,12818
2013-02-15,12353.45,12551.7,12015.0,12486.8,14508
2013-02-18,12590.05,12590.05,12382.0,12463.35,4319
2013-02-19,12695.9,12695.9,12412.3,12620.45,5316
2013-02-20,12644.05,12750.0,12555.45,12689.5,4809
2013-02-21,12621.0,12698.5,12301.5,12353.6,5010
2013-02-22,12365.0,12505.0,12160.0,12388.85,12339
2013-02-25,12400.0,12415.2,12250.0,12294.9,5098
2013-02-26,12297.2,12300.05,12126.65,12220.45,4374
2013-02-27,12338.95,12550.6,12060.0,12200.8,7171
2013-02-28,12260.9,12314.55,11261.1,11427.75,26188
2013-03-01,11379.0,11694.65,11111.65,11572.7,6928
2013-03-04,11669.0,11779.95,11418.0,11593.0,10373
2013-03-05,11684.3,11970.0,11625.0,11902.85,6343
2013-03-06,11970.0,12256.0,11925.1,12181.3,7783
2013-03-07,12170.0,12641.95,12133.25,12597.2,10505
2013-03-08,12756.45,13020.0,12550.3,12977.25,15067
2013-03-11,13124.25,13124.25,12851.0,12909.65,10582
2013-03-12,12555.0,12973.75,12480.9,12785.8,8673
2013-03-13,12888.0,12888.0,12580.0,12657.55,5187
2013-03-14,12501.5,12975.0,12390.0,12923.9,11171
2013-03-15,12917.0,13000.0,12685.05,12711.9,6699
2013-03-18,12650.0,12680.0,12500.05,12602.05,3817
2013-03-19,12724.8,12839.95,12138.3,12394.6,9481
2013-03-20,12302.0,12468.0,11901.0,11966.5,9425
2013-03-21,11976.0,12067.9,11602.05,11674.0,11199
2013-03-22,11799.45,11799.45,11510.0,11610.05,5198
2013-03-25,11750.05,11810.05,11625.0,11676.15,6320
2013-03-26,11742.0,11780.95,11263.0,11617.95,7790
2013-03-28,11776.8,12238.0,11581.5,11971.8,11383
2013-04-01,12140.0,12140.0,11900.0,12073.8,4792
2013-04-02,12180.0,12234.0,11972.0,12190.85,5004
2013-04-03,12050.0,12567.2,11810.05,11985.4,6627
2013-04-04,11935.0,12028.0,11750.0,11772.8,5789
2013-04-05,11800.95,11970.0,11777.0,11886.6,3660
2013-04-08,11801.0,11980.0,11780.25,11827.8,2377
2013-04-09,11855.0,12116.35,11485.0,11547.35,8057
2013-04-10,11512.0,11799.95,11432.4,11694.95,6489
2013-04-11,11890.0,12567.2,11560.1,11675.85,5808
2013-04-12,11680.0,11800.0,11450.0,11713.3,3298
2013-04-15,11813.0,11979.65,11650.0,11865.65,4344
2013-04-16,11876.45,12394.0,11876.45,12349.75,17019
2013-04-17,12549.0,12549.0,12201.0,12303.6,11372
2013-04-18,12304.0,12970.0,12270.0,12901.45,32151
2013-04-22,12930.0,13270.3,12801.0,13224.55,15037
2013-04-23,13224.0,13920.05,13050.0,13827.7,30925
2013-04-25,13815.05,14139.2,13568.35,13672.65,44291
2013-04-26,13700.0,13890.0,13450.0,13592.7,11391
2013-04-29,13627.0,13816.55,13600.0,13663.45,11217
2013-04-30,13820.0,13825.85,13118.0,13379.35,12477
2013-05-02,13450.0,13640.0,13305.0,13395.3,12963
2013-05-03,13550.0,13660.0,13280.0,13567.5,15379
2013-05-06,13588.35,14226.9,13405.05,14118.8,24313
2013-05-07,14170.0,14330.0,14042.1,14183.95,18227
2013-05-08,14210.0,14705.0,14016.0,14616.7,29703
2013-05-09,14600.0,14895.0,14512.3,14739.95,19463
2013-05-10,14752.0,15008.7,14720.05,14837.5,14646
2013-05-11,14852.0,14890.0,14732.8,14832.1,1157
2013-05-13,14899.8,14900.0,14575.5,14652.85,8509
2013-05-14,14610.1,14928.75,14610.1,14850.15,13029
2013-05-15,14800.0,15250.0,14800.0,15152.4,17167
2013-05-16,15030.05,15329.95,15030.05,15178.65,10937
2013-05-17,15204.0,15204.0,14921.0,14992.4,9062
2013-05-20,15030.0,15220.0,14975.0,15001.35,7887
2013-05-21,14986.0,15250.0,14986.0,15182.7,12352
2013-05-22,15190.0,15499.0,15190.0,15373.4,12226
2013-05-23,15345.0,15375.0,14810.0,14916.4,11765
2013-05-24,15140.0,15380.0,14823.7,15267.75,10207
2013-05-27,15297.0,15450.0,15218.8,15397.25,7563
2013-05-28,15350.0,15450.0,15235.1,15382.15,5521
2013-05-29,15448.0,15448.0,14916.0,15141.05,9254
2013-05-30,15142.0,15240.0,14900.0,15005.45,11287
2013-05-31,14960.0,15180.0,14871.1,14895.1,6501
2013-06-03,14805.4,15138.0,14805.4,15032.8,6048
2013-06-04,14979.9,15422.0,14920.25,15169.35,11208
2013-06-05,15050.0,15350.0,15050.0,15274.7,8228
2013-06-06,15150.0,15310.0,15108.0,15200.6,4986
2013-06-07,15200.0,15359.9,14928.0,14992.35,8512
2013-06-10,15200.0,15210.0,14721.0,14752.35,9016
2013-06-11,14700.0,14719.8,14355.0,14460.2,8600
2013-06-12,14400.0,14775.45,14400.0,14677.7,5765
2013-06-13,14470.0,14569.0,14257.1,14331.35,7936
2013-06-14,14325.0,14568.95,14213.0,14311.9,7422
2013-06-17,14399.0,14400.0,14145.35,14298.1,5908
2013-06-18,14060.0,14394.75,14060.0,14164.75,6162
2013-06-19,14230.0,14275.0,14020.0,14109.15,8130
2013-06-20,14050.0,14050.0,13620.0,13769.25,8605
2013-06-21,13700.0,13769.9,12700.05,12933.15,19777
2013-06-24,13000.0,13308.05,12180.0,12305.9,17951
2013-06-25,12598.0,12908.0,12251.0,12652.55,18072
2013-06-26,12759.9,12825.0,12280.8,12355.3,6413
2013-06-27,12470.0,12709.95,12456.55,12524.1,10913
2013-06-28,12700.0,13019.95,12605.05,12926.15,10404
2013-07-01,12875.0,12980.0,12760.0,12918.45,8718
2013-07-02,12950.0,13084.0,12760.0,12804.7,7963
2013-07-03,12750.0,12750.05,12253.1,12305.7,12296
2013-07-04,12475.0,12553.0,12280.05,12431.9,9049
2013-07-05,12510.0,12661.5,12070.0,12269.95,14767
2013-07-08,12225.0,12299.95,12050.0,12207.9,6574
2013-07-09,12498.0,12528.7,12260.0,12475.95,8145
2013-07-10,12450.0,12675.0,12435.0,12501.15,7639
2013-07-11,12412.0,12744.6,12412.0,12661.4,6834
2013-07-12,12701.0,12790.0,12523.8,12605.2,4420
2013-07-15,12650.0,12908.9,12462.2,12837.85,8679
2013-07-16,12709.0,12799.0,12511.0,12576.85,5238
2013-07-17,12715.0,12735.0,12455.6,12594.5,11901
2013-07-18,12725.0,13650.0,12600.1,13588.35,28775
2013-07-19,13650.0,14278.8,13611.0,13819.6,38653
2013-07-22,13690.0,14450.0,13690.0,14397.25,28065
2013-07-23,14411.0,14813.95,14300.0,14386.5,23879
2013-07-24,14299.0,14620.0,13682.0,13811.35,20715
2013-07-25,13780.0,14723.7,13640.1,13850.15,71698
2013-07-26,14149.0,14187.0,13702.1,13793.4,23941
2013-07-29,13793.4,13933.2,13600.0,13637.2,10653
2013-07-30,13725.0,13754.7,13110.05,13181.3,12290
2013-07-31,13197.0,13325.0,12770.3,13217.45,15135
2013-08-01,13495.0,13495.0,12725.0,12855.8,13259
2013-08-02,12947.0,13069.0,12631.0,12735.25,11869
2013-08-05,12795.0,12975.0,12601.0,12744.55,10062
2013-08-06,12745.0,12745.0,12311.0,12504.05,10813
2013-08-07,12403.0,12946.2,12403.0,12846.45,8913
2013-08-08,12722.0,13134.7,12722.0,12984.85,6727
2013-08-12,13220.0,13500.0,13002.05,13450.05,12389
2013-08-13,13470.0,14211.0,13373.1,14134.75,23485
2013-08-14,14200.0,14332.95,14035.0,14173.95,10459
2013-08-16,14199.0,14264.4,13310.05,13409.85,12492
2013-08-19,13400.0,13400.0,12800.05,13114.85,8885
2013-08-20,13000.0,13516.0,12820.0,13475.2,13769
2013-08-21,13625.0,13817.85,12860.05,12953.75,12172
2013-08-22,12824.0,13292.0,12716.4,13044.8,12661
2013-08-23,12951.0,13319.0,12950.0,13202.25,8894
2013-08-26,13205.0,13375.75,13124.0,13237.2,7335
2013-08-27,13250.0,13250.0,12851.05,12901.65,4267
2013-08-28,12801.0,12988.8,12550.0,12925.1,7384
2013-08-29,13000.0,13239.3,12905.15,13127.95,11233
2013-08-30,13070.0,13230.0,12780.6,12893.95,9495
2013-09-02,12940.0,13668.0,12940.0,13582.55,17007
2013-09-03,13690.0,13780.05,13000.0,13033.25,14466
2013-09-04,13188.0,13536.15,13050.0,13421.55,10306
2013-09-05,13637.0,13715.0,13020.4,13101.45,17924
2013-09-06,13200.0,13280.0,12950.0,12985.85,12822
2013-09-10,13100.0,13300.0,13051.0,13076.3,12922
2013-09-11,13176.3,13176.3,12740.0,12788.8,17882
2013-09-12,12900.0,13130.65,12711.05,12893.1,13541
2013-09-13,12924.0,13039.9,12760.0,12823.8,7066
2013-09-16,13154.0,13154.0,12725.05,12821.8,6917
2013-09-17,12872.0,12925.45,12735.0,12824.4,5343
2013-09-18,12921.0,12981.9,12820.0,12859.15,3457
2013-09-19,13099.0,13278.0,12902.35,13169.35,13448
2013-09-20,13180.0,13369.65,12670.0,12990.6,14535
2013-09-23,12950.0,12960.3,12826.0,12851.05,4005
2013-09-24,12839.15,13060.0,12801.0,12842.7,5981
2013-09-25,12845.0,12980.0,12800.0,12833.1,7020
2013-09-26,12783.0,12949.9,12720.0,12792.05,7877
2013-09-27,12855.0,13722.0,12830.0,13472.55,42694
2013-09-30,13311.05,13580.0,13301.0,13385.05,10736
2013-10-01,13385.05,13950.0,13290.0,13855.65,24791
2013-10-03,13944.3,14666.0,13930.0,14549.25,33072
2013-10-04,14455.0,14671.0,14235.7,14389.05,25383
2013-10-07,14400.1,14899.0,14300.0,14824.05,22347
2013-10-08,14999.0,15135.65,14700.5,14991.4,22885
2013-10-09,14890.0,14998.0,14717.05,14867.45,10139
2013-10-10,14850.0,14949.0,14630.0,14671.55,8993
2013-10-11,14800.0,15300.0,14760.1,15184.35,21395
2013-10-14,15100.0,15450.0,15050.1,15335.75,14462
2013-10-15,15400.0,15437.95,15030.4,15086.9,8313
2013-10-17,15149.0,15300.0,15057.6,15114.8,5976
2013-10-18,15149.0,15339.95,15024.25,15265.55,6255
2013-10-21,15201.0,15385.65,15150.0,15297.8,6679
2013-10-22,15120.0,15824.8,15100.0,15721.9,18214
2013-10-23,15702.0,15849.0,15479.95,15638.9,8284
2013-10-24,15674.3,15950.0,15526.0,15643.65,11473
2013-10-25,15487.0,15690.0,15376.15,15472.65,6306
2013-10-28,15305.0,15649.95,15300.0,15353.5,3430
2013-10-29,15400.0,15653.9,15301.1,15541.1,6719
2013-10-30,15594.0,15787.0,15510.0,15645.45,6114
2013-10-31,15600.0,15800.0,15589.95,15751.1,11279
2013-11-01,15779.0,16144.0,15640.7,16020.4,11597
2013-11-03,16100.0,16199.0,16010.0,16094.7,1989
2013-11-05,15962.0,16744.7,15852.0,16646.25,20876
2013-11-06,16663.05,16840.0,16422.0,16466.6,11521
2013-11-07,16599.0,16599.0,16151.0,16182.85,5133
2013-11-08,16200.0,16540.0,16134.05,16404.0,4997
2013-11-11,16211.7,16770.0,16211.7,16591.45,10840
2013-11-12,16501.0,16700.0,16340.0,16417.3,11747
2013-11-13,16300.0,16699.0,16300.0,16507.2,8924
2013-11-14,16598.95,16690.5,16500.0,16523.4,3241
2013-11-18,16730.0,17020.0,16525.15,16977.9,10136
2013-11-19,16950.0,17210.0,16900.05,16982.65,13077
2013-11-20,17050.0,17179.65,16791.85,16861.9,8068
2013-11-21,17077.0,17078.0,16810.6,16836.3,6485
2013-11-22,17034.0,17085.0,16723.0,16851.2,5579
2013-11-25,17040.0,17199.0,16960.0,17155.35,5655
2013-11-26,17055.0,17759.0,17030.0,17668.4,17379
2013-11-27,17700.1,17930.0,17594.25,17696.8,13062
2013-11-28,17725.0,18025.0,17480.0,17552.15,21944
2013-11-29,17499.0,17500.0,17070.0,17348.9,28894
2013-12-02,17487.0,17487.0,17211.0,17364.5,9107
2013-12-03,17312.0,17438.0,17118.0,17265.05,8181
2013-12-04,17308.0,17548.85,17150.0,17406.8,14145
2013-12-05,17520.0,17625.0,17351.0,17494.95,10441
2013-12-06,17500.0,17885.0,17422.0,17830.2,11593
2013-12-09,17898.9,17994.95,17680.05,17735.1,8333
2013-12-10,17689.85,18585.0,17555.2,18513.5,24207
2013-12-11,18410.0,19210.0,18101.9,19115.95,30552
2013-12-12,19012.0,19770.0,19012.0,19567.35,43211
2013-12-13,19450.0,19874.0,19020.0,19124.2,47209
2013-12-16,19100.0,19840.0,19100.0,19786.85,26995
2013-12-17,19813.0,20199.0,19620.0,19744.6,26880
2013-12-18,19820.0,20075.0,19760.1,19898.05,17134
2013-12-19,19979.0,20106.75,19710.0,19795.35,10036
2013-12-20,19750.0,20225.0,19675.25,19831.25,32238
2013-12-23,19735.0,19880.0,19511.0,19627.1,14093
2013-12-24,19760.0,19849.8,19541.3,19603.9,12728
2013-12-26,19623.65,19779.75,19000.05,19072.95,23870
2013-12-27,19149.0,19449.35,19120.0,19408.6,15268
2013-12-30,19590.0,19629.95,19180.0,19260.6,15356
2013-12-31,19347.0,19439.95,19170.1,19364.4,8550
2014-01-01,19399.0,19499.9,19216.0,19276.95,6371
2014-01-02,19366.0,19444.0,18956.3,19019.85,10813
2014-01-03,19001.0,19249.0,18905.1,19162.65,11415
2014-01-06,19174.0,19439.95,19046.1,19287.95,13030
2014-01-07,19349.0,19450.0,19056.05,19120.35,7225
2014-01-08,19170.0,19300.0,19000.0,19075.95,6721
2014-01-09,19150.0,19249.95,19023.3,19153.1,6314
2014-01-10,19105.0,19299.9,19002.0,19101.5,6476
2014-01-13,19170.0,19289.95,18925.5,19124.75,7724
2014-01-14,19170.0,19420.0,19103.05,19264.25,8600
2014-01-15,19519.0,19519.0,19210.0,19271.85,2863
2014-01-16,19271.85,19920.0,19151.0,19824.8,18815
2014-01-17,19899.0,20155.0,19421.0,19522.75,17950
2014-01-20,19551.0,19733.55,19422.0,19610.8,8857
2014-01-21,19612.0,19769.95,19560.0,19624.7,5115
2014-01-22,19624.7,20049.0,19570.0,19953.0,9540
2014-01-23,20050.0,20149.0,19370.0,19408.85,12486
2014-01-24,19549.0,19550.0,19211.2,19249.75,6638
2014-01-27,19175.0,19244.95,18740.0,18804.7,7680
2014-01-28,18785.75,19148.65,18645.0,19034.35,5420
2014-01-29,19000.0,19150.0,18855.3,18948.65,3995
2014-01-30,18900.0,19247.5,18670.0,19030.1,4941
2014-01-31,19287.0,19530.0,19112.3,19433.95,8039
2014-02-03,19450.0,19850.0,19350.0,19676.75,11770
2014-02-04,19470.0,20020.0,19305.0,19895.15,10185
2014-02-05,19906.0,20125.0,19730.0,19925.45,12958
2014-02-06,19835.0,20060.0,18985.0,19378.35,33650
2014-02-07,19050.0,19250.0,18686.4,18807.8,18591
2014-02-10,18944.0,19159.95,18740.0,18832.65,10721
2014-02-11,19085.0,19210.0,18911.05,19161.95,8957
2014-02-12,19250.0,19250.0,18900.2,19182.45,4156
2014-02-13,19050.0,19224.0,18830.55,18890.3,5702
2014-02-14,18900.0,19098.95,18703.0,18897.6,4215
2014-02-17,18850.0,19089.5,18771.15,18890.7,3417
2014-02-18,18710.0,18999.95,18701.8,18850.15,3788
2014-02-19,18732.0,19200.0,18732.0,19113.25,4301
2014-02-20,18913.0,19194.0,18802.0,18834.3,6359
2014-02-21,18840.0,19120.5,18840.0,18918.0,7264
2014-02-24,18914.0,19172.35,18910.0,19002.55,3717
2014-02-25,19002.0,19175.0,18991.7,19085.75,4038
2014-02-26,19091.25,19220.0,19000.0,19026.55,7390
2014-02-28,19045.7,19198.0,19020.0,19086.75,3463
2014-03-03,19010.0,19200.0,19000.2,19098.75,4444
2014-03-04,19190.0,19699.9,19075.0,19633.35,12180
2014-03-05,19699.9,19749.95,19421.0,19478.55,6462
2014-03-06,19499.0,20550.05,19448.0,20367.6,19966
2014-03-07,20460.0,20625.0,20240.0,20412.35,12453
2014-03-10,20400.0,20780.0,20150.05,20663.0,9041
2014-03-11,20679.95,20975.0,20560.05,20785.9,14300
2014-03-12,20605.0,20950.0,20605.0,20844.4,15839
2014-03-13,20850.0,20980.0,20595.0,20671.05,7729
2014-03-14,20700.0,21100.0,20530.0,20943.45,6703
2014-03-18,21095.0,21650.3,20760.5,21591.85,17091
2014-03-19,21670.0,21790.0,21450.05,21583.15,9292
2014-03-20,21585.0,21604.9,21270.6,21453.8,4633
2014-03-21,21351.0,22450.0,21351.0,22300.9,30470
2014-03-22,22355.0,22570.0,22301.0,22496.25,3429
2014-03-24,22518.9,22588.95,22065.0,22167.05,11344
2014-03-25,22294.0,22450.0,22000.0,22205.7,22250
2014-03-26,22239.9,22320.0,21770.0,21863.7,13012
2014-03-27,21701.0,22156.0,20773.35,21118.35,21138
2014-03-28,21350.0,21674.0,21151.0,21459.15,9983
2014-03-31,21685.0,21988.8,21459.15,21788.75,7958
2014-04-01,21810.7,21974.9,21610.0,21669.35,5416
2014-04-02,21910.0,22344.0,21651.25,22276.35,16004
2014-04-03,22399.0,22399.2,21931.0,22216.95,10453
2014-04-04,22222.0,22477.8,22010.0,22379.9,10538
2014-04-07,22326.75,22488.0,22251.0,22290.7,6469
2014-04-09,22305.0,22525.0,22180.0,22388.25,4261
2014-04-10,22599.0,22749.0,21969.95,22146.75,12285
2014-04-11,22200.0,22998.9,22140.0,22837.35,11515
2014-04-15,22850.0,23500.0,22800.05,23464.2,16263
2014-04-16,23400.0,23690.0,23350.0,23454.95,9293
2014-04-17,23450.25,23835.0,23450.25,23750.05,12911
2014-04-21,23773.9,23899.0,23350.0,23568.25,9145
2014-04-22,23600.0,25925.05,21380.0,22228.6,71887
2014-04-23,22088.0,22483.95,21511.0,21697.4,46676
2014-04-25,21500.0,22000.0,20251.0,20428.5,48382
2014-04-28,20399.0,20924.95,19816.1,20656.35,40884
2014-04-29,20735.0,20999.0,20525.0,20721.55,10505
2014-04-30,20678.0,20890.0,20375.0,20528.55,7578
2014-05-02,20575.0,20790.05,20502.5,20714.0,6697
2014-05-05,20677.0,20930.0,20607.0,20641.05,3462
2014-05-06,20642.0,20905.0,20642.0,20812.65,5216
2014-05-07,20605.0,20925.0,20604.5,20761.25,7792
2014-05-08,20632.0,21392.0,20632.0,21287.95,8068
2014-05-09,21290.1,21498.0,21052.0,21417.2,10443
2014-05-12,21450.0,21747.0,21410.05,21602.25,6906
2014-05-13,21675.0,21784.95,21200.0,21404.8,6127
2014-05-14,21409.0,22046.95,21259.0,21902.3,9202
2014-05-15,21902.15,22029.95,21510.0,21584.75,6651
2014-05-16,21950.0,22670.0,21715.0,22222.8,9590
2014-05-19,22161.0,23000.0,22161.0,22820.2,4635
2014-05-20,22905.0,23002.2,22567.3,22775.9,5187
2014-05-21,22769.0,22975.0,22401.0,22445.3,7873
2014-05-22,22542.95,23045.0,22542.0,22833.45,5556
2014-05-23,22850.0,23278.6,22850.0,23143.5,5095
2014-05-26,23200.0,23390.0,22750.05,23076.45,9200
2014-05-27,23098.0,23100.0,22550.0,22731.7,5540
2014-05-28,23020.0,23020.0,22551.0,22880.95,10582
2014-05-29,22800.0,23098.8,22800.0,22936.1,2554
2014-05-30,22710.0,22920.0,22653.05,22733.3,3759
2014-06-02,22506.0,23130.0,22506.0,23009.15,5101
2014-06-03,22985.0,23300.0,22950.0,23198.45,3628
2014-06-04,23189.4,23300.05,23055.1,23142.4,2060
2014-06-05,23012.0,23921.65,23012.0,23848.4,7363
2014-06-06,23900.05,24548.0,23900.05,24340.2,9635
2014-06-09,24150.0,24635.0,24122.0,24585.9,4142
2014-06-10,24560.0,24634.65,24192.95,24242.75,6130
2014-06-11,24265.05,24599.0,23655.0,23785.3,7476
2014-06-12,23784.0,24085.0,23705.6,23866.95,2877
2014-06-13,23800.0,24079.15,23200.0,23279.05,5082
2014-06-16,23250.0,23410.0,22448.95,22804.6,6487
2014-06-17,22801.7,23550.0,22801.7,23469.3,5179
2014-06-18,23400.0,23888.0,23400.0,23483.9,5118
2014-06-19,23332.0,23749.95,23200.0,23312.15,2692
2014-06-20,23263.0,23500.0,23110.05,23180.5,1916
2014-06-23,23300.0,23697.95,23250.0,23610.9,4893
2014-06-24,23601.0,24048.0,23601.0,23798.05,5502
2014-06-25,23521.0,23950.0,23406.0,23490.6,5333
2014-06-26,23580.0,23687.0,22986.95,23159.1,10634
2014-06-27,23340.0,23550.0,23110.5,23176.3,5171
2014-06-30,23199.6,23670.0,23199.6,23611.6,3791
2014-07-01,23699.8,23775.0,23500.0,23649.75,2941
2014-07-02,23750.0,24034.5,23658.85,23866.05,8725
2014-07-03,23875.0,24049.0,23550.0,23732.4,3469
2014-07-04,23970.0,23970.0,23572.6,23742.45,3614
2014-07-07,23750.0,23859.95,23540.0,23620.85,2195
2014-07-08,23750.0,23750.0,22766.0,22957.75,4275
2014-07-09,23001.0,23250.0,22651.05,22833.6,4559
2014-07-10,22801.25,23132.8,22050.0,22445.05,10259
2014-07-11,22500.0,22660.0,21360.05,21617.1,7696
2014-07-14,21617.1,21899.0,21001.0,21513.9,4221
2014-07-15,21655.0,21988.0,21610.0,21906.75,3130
2014-07-16,22460.0,22924.15,21625.0,22821.3,10086
2014-07-17,22700.0,23350.1,22700.0,23288.55,7536
2014-07-18,23099.0,23474.95,22880.0,23311.65,6292
2014-07-21,23335.1,23549.0,23130.05,23211.85,3476
2014-07-22,23399.0,23399.0,22905.0,22992.05,4349
2014-07-23,22999.0,24768.65,22450.0,24332.3,59158
2014-07-24,24499.0,24680.65,23701.2,23858.1,19603
2014-07-25,24089.0,24089.0,23336.6,23719.7,5951
2014-07-28,23725.0,23990.0,23500.0,23594.45,3640
2014-07-30,23551.0,23749.0,23312.0,23584.65,3682
2014-07-31,23600.0,23675.0,23255.75,23337.2,4987
2014-08-01,23265.0,23950.0,22999.95,23324.15,9108
2014-08-04,23280.1,23750.0,23280.1,23694.55,4992
2014-08-05,23626.0,23899.0,23500.0,23788.4,3552
2014-08-06,23555.2,23868.95,23430.0,23524.25,6894
2014-08-07,23484.25,23685.0,23350.05,23585.05,4190
2014-08-08,23504.0,23749.85,23360.0,23434.35,2867
2014-08-11,23795.0,23797.95,23238.0,23360.2,4763
2014-08-12,23336.0,23599.0,23336.0,23399.85,3665
2014-08-13,23360.0,23567.8,23275.0,23329.65,3867
2014-08-14,23300.0,23470.0,23260.0,23364.95,1704
2014-08-18,23300.0,24150.0,23275.05,24097.95,5525
2014-08-19,24050.0,24444.0,23815.15,24315.55,5648
2014-08-20,24299.0,24299.0,24020.05,24163.8,3215
2014-08-21,24165.0,24345.0,24025.0,24214.85,3649
2014-08-22,24250.0,24400.0,24199.25,24325.15,2579
2014-08-25,24325.15,24379.95,24065.0,24112.9,2870
2014-08-26,24005.05,24211.95,23900.0,24047.3,3073
2014-08-27,24112.9,24320.0,24002.05,24255.4,2907
2014-08-28,24013.0,24270.0,23953.15,24030.95,2561
2014-09-01,24114.45,25299.0,24080.0,25264.15,14553
2014-09-02,25201.0,25850.0,25201.0,25607.15,10606
2014-09-03,25600.0,25797.85,25151.05,25605.5,12641
2014-09-04,25578.0,27104.4,25325.05,26721.15,21789
2014-09-05,26730.0,27561.0,26525.0,27159.7,18623
2014-09-08,27170.0,31099.0,27159.7,29580.7,70854
2014-09-09,29735.0,30299.9,29625.0,29907.6,32100
2014-09-10,29897.0,31513.85,29701.0,31058.8,47833
2014-09-11,31200.0,31700.0,31010.0,31260.4,33972
2014-09-12,31001.0,31774.9,31001.0,31184.9,20476
2014-09-15,31133.0,31849.85,31010.05,31426.75,18237
2014-09-16,31570.0,32098.7,30150.0,30292.0,32147
2014-09-17,30695.0,31440.0,30013.0,31307.0,31288
2014-09-18,31101.0,31739.75,31005.0,31523.7,18562
2014-09-19,31570.0,32120.05,31450.0,31748.5,16044
2014-09-22,31599.0,31950.0,31337.0,31601.25,11229
2014-09-23,31660.0,31850.0,30900.0,30977.15,14425
2014-09-24,31012.0,31470.05,30701.0,31340.6,11627
2014-09-25,31261.0,31608.0,30850.0,30963.3,12503
2014-09-26,31050.0,31400.0,29848.0,30745.7,18567
2014-09-29,30800.0,31190.0,30708.25,31036.05,8361
2014-09-30,30950.0,32880.0,30868.55,32681.95,37941
2014-10-01,32650.25,32900.05,31550.0,31674.25,18459
2014-10-07,31798.0,32285.0,31499.65,31853.3,15962
2014-10-08,31830.0,32282.0,31656.0,32090.35,10932
2014-10-09,32220.0,32397.85,31935.05,31977.45,6864
2014-10-10,31950.0,32348.0,31586.0,31675.85,9986
2014-10-13,31540.0,31859.95,31533.2,31662.9,6397
2014-10-14,31899.0,32000.0,31011.1,31217.45,9998
2014-10-16,31209.0,31575.0,30132.75,30482.9,12136
2014-10-17,30301.0,30900.0,30113.0,30323.2,6907
2014-10-20,30933.0,30933.0,30135.0,30240.05,5422
2014-10-21,30266.05,30960.0,30222.0,30634.15,12106
2014-10-22,30840.0,30900.0,30633.95,30747.8,4148
2014-10-23,30988.0,30988.0,30800.1,30887.75,1270
2014-10-27,30949.0,31000.0,30610.0,30742.5,5710
2014-10-28,30712.0,31239.9,30674.0,31067.25,6874
2014-10-29,31151.1,31258.0,30922.2,31071.45,5193
2014-10-30,31100.0,31298.0,30775.0,30897.2,26326
2014-10-31,30999.0,31774.0,30952.0,31315.65,8708
2014-11-03,31450.0,32029.95,31320.05,31828.25,9882
2014-11-05,31555.0,32720.0,31555.0,32428.8,13324
2014-11-07,32590.0,32667.0,32101.0,32336.3,5103
2014-11-10,32299.0,32741.0,32203.2,32380.85,6451
2014-11-11,32450.0,32700.0,32245.0,32634.55,6156
2014-11-12,32675.0,33390.0,32145.35,32286.1,31378
2014-11-13,32499.9,32500.0,32050.5,32244.75,5315
2014-11-14,32260.0,32606.4,32215.65,32355.25,7441
2014-11-17,32679.8,32770.0,32210.0,32621.2,6337
2014-11-18,32663.0,33400.0,32440.0,32618.0,6945
2014-11-19,32798.85,33049.8,31666.0,32095.8,11759
2014-11-20,32271.55,32300.0,31700.05,32044.9,5399
2014-11-21,31950.0,32050.0,31600.0,31676.05,7480
2014-11-24,31700.1,32222.05,31700.1,31921.7,6207
2014-11-25,31990.0,32178.9,31520.0,31714.25,7214
2014-11-26,31860.0,33379.95,31725.0,32989.7,47448
2014-11-27,33400.0,33675.0,32880.0,33151.2,24604
2014-11-28,33298.0,33980.0,33200.05,33543.7,15032
2014-12-01,33601.1,33849.95,33470.0,33532.75,7839
2014-12-02,33699.0,34400.0,33450.0,34281.45,17395
2014-12-03,34330.0,37697.0,34225.1,37496.0,60690
2014-12-04,37780.0,39499.0,37250.2,37615.25,73538
2014-12-05,37900.0,38623.05,37719.05,38051.9,21190
2014-12-08,38150.0,38640.0,37400.0,37831.65,19849
2014-12-09,37879.9,38180.0,36418.0,37073.25,23160
2014-12-10,37070.0,37568.0,36798.25,37224.2,13632
2014-12-11,37453.0,38024.95,36535.05,37674.8,21434
2014-12-12,37900.0,38176.0,37399.95,37747.4,12657
2014-12-15,37400.0,38062.7,37369.9,37880.15,11312
2014-12-16,37514.0,37899.0,37025.0,37210.95,12109
2014-12-17,37000.1,37300.0,34565.1,35561.25,27540
2014-12-18,35940.0,37351.0,35653.45,37146.2,21610
2014-12-19,37599.0,38314.0,36700.0,37871.15,18894
2014-12-22,38005.0,38196.95,37223.95,37472.65,12180
2014-12-23,37540.0,37698.0,36820.2,36935.65,11739
2014-12-24,36999.0,37250.0,35786.0,36186.45,27999
2014-12-26,36499.0,37271.35,36210.0,36442.95,7358
2014-12-29,36719.9,38490.0,36501.0,38414.45,30912
2014-12-30,38411.0,38650.0,37800.0,37923.8,16378
2015-01-01,37950.0,38320.0,37848.35,37981.35,9595
2015-01-02,38150.0,38400.0,37981.0,38192.25,11099
2015-01-05,38299.0,39390.0,38000.0,38477.3,38178
2015-01-06,38350.0,38350.0,37350.0,37460.0,15734
2015-01-07,37499.0,37724.95,37011.0,37381.05,10795
2015-01-08,37790.0,38200.0,37712.55,38076.5,13462
2015-01-09,38400.0,38489.5,37500.0,37707.25,11069
2015-01-12,37799.0,38300.0,37611.0,38094.45,11590
2015-01-13,38150.0,38400.0,38002.35,38170.1,9242
2015-01-14,38180.0,38388.0,37925.85,38235.35,8681
2015-01-15,38460.35,38798.0,38011.15,38321.4,11451
2015-01-16,38400.0,39874.05,38140.0,39161.75,24081
2015-01-19,38925.0,39950.0,38925.0,39496.1,17565
2015-01-20,39700.0,39980.0,39400.1,39513.2,15524
2015-01-21,39540.0,39679.95,38800.05,38902.65,8900
2015-01-22,38999.0,39485.55,38959.0,39146.55,10228
2015-01-23,39550.0,39599.0,38420.0,38728.15,10573
2015-01-27,39005.0,40250.0,38801.45,39944.6,20521
2015-01-28,40049.0,40307.0,39501.5,39729.55,9457
2015-01-29,39900.0,40100.0,39599.0,39901.5,8400
2015-01-30,40000.0,40290.0,39651.0,40036.9,7726
2015-02-02,40000.0,40480.0,39900.05,40218.25,7555
2015-02-03,40397.0,41150.0,40253.55,40623.4,16966
2015-02-04,40674.0,40850.0,39700.0,40056.3,8193
2015-02-05,40150.0,40268.0,39650.0,39729.1,4235
2015-02-06,39850.0,39974.0,38500.0,38837.4,7886
2015-02-09,38849.9,38849.9,37111.0,37290.1,9430
2015-02-10,37496.0,38299.0,35520.0,36648.95,17124
2015-02-11,37199.0,38048.0,37000.0,37877.25,15305
2015-02-12,38290.0,41664.95,38000.0,40755.25,59601
2015-02-13,41540.0,41782.0,40250.1,40585.5,26119
2015-02-16,40750.0,41470.0,40566.0,40994.65,15540
2015-02-18,41199.0,41700.0,40670.35,41445.95,10466
2015-02-19,41687.0,41687.0,40330.0,41119.0,9764
2015-02-20,41349.0,41349.0,40638.65,40945.75,7555
2015-02-23,40949.0,41158.0,40420.0,40550.75,5923
2015-02-24,40640.0,41180.0,40488.9,40874.7,6536
2015-02-25,40800.0,41130.1,40710.65,40912.3,7821
2015-02-26,40950.0,40998.0,39551.2,39833.8,18102
2015-02-27,40048.0,41450.0,40000.0,41200.75,13165
2015-02-28,41400.0,41440.0,40011.25,41200.35,8888
2015-03-02,41305.0,42474.9,40787.05,42286.2,17509
2015-03-03,42300.0,42365.85,41750.6,41975.2,10024
2015-03-04,41474.9,42149.0,41160.0,41323.9,9595
2015-03-05,41448.0,41940.0,41204.35,41634.2,7062
2015-03-09,41500.0,41500.0,40912.35,41065.35,4418
2015-03-10,41423.95,41547.7,41149.05,41262.25,7050
2015-03-11,41350.0,41924.0,41201.8,41451.75,6071
2015-03-12,41550.0,41850.0,41429.0,41651.25,6049
2015-03-13,41784.0,41840.0,40100.0,40241.45,10038
2015-03-16,40300.0,40499.35,39698.1,40160.95,10671
2015-03-17,40299.0,40700.0,40003.0,40459.7,5397
2015-03-18,40695.0,40763.95,40313.0,40555.1,4375
2015-03-19,41178.6,41178.6,40150.0,40298.3,6393
2015-03-20,40400.0,40594.75,39697.05,39891.05,5935
2015-03-23,40000.0,40196.15,38065.05,38471.9,10310
2015-03-24,38510.0,38999.0,37586.9,37714.0,9230
2015-03-25,38010.0,38010.0,37350.0,37610.95,12640
2015-03-26,37400.0,37549.0,37003.3,37150.5,10750
2015-03-27,38000.0,38000.0,36908.3,37661.9,7681
2015-03-30,37965.0,39134.9,37850.0,38829.6,8712
2015-03-31,38999.0,39450.0,38551.5,38750.65,9714
2015-04-01,38850.0,39660.4,38405.3,39557.0,7711
2015-04-06,39986.0,40080.0,39516.1,39891.35,4780
2015-04-07,39850.0,40753.7,39547.3,40612.2,9166
2015-04-08,40924.0,41093.0,40550.0,40865.15,7299
2015-04-09,40940.0,41109.9,40500.05,40831.25,6553
2015-04-10,40900.0,41450.0,40450.15,41326.9,8441
2015-04-13,41499.0,41990.0,41300.0,41856.1,8456
2015-04-15,41950.0,41979.95,41405.05,41561.05,4894
2015-04-16,41501.0,41740.0,41009.65,41559.55,5894
2015-04-17,41684.25,41884.6,40700.05,41014.45,6622
2015-04-20,41390.0,41390.0,39753.05,39911.55,8571
2015-04-21,40000.0,40332.95,38925.1,39068.4,10453
2015-04-22,39389.0,39499.0,38201.5,38739.9,13941
2015-04-23,38980.0,40609.0,38950.5,40014.25,49516
2015-04-24,40255.0,40388.0,38701.05,38944.55,20820
2015-04-27,38900.0,39199.9,37000.0,37148.25,13346
2015-04-28,37185.55,38049.95,36675.05,37315.15,18750
2015-04-29,37350.0,37625.0,36880.0,37025.6,9515
2015-04-30,36924.0,37089.0,36402.15,36664.15,16100
2015-05-04,37000.0,37950.0,36801.0,37813.3,11178
2015-05-05,37813.0,38098.9,37640.45,37881.8,4729
2015-05-06,37690.0,37850.0,36160.9,36345.7,10909
2015-05-07,36299.85,36300.05,34702.0,35003.1,18142
2015-05-08,35288.0,36150.0,35286.95,35902.45,7340
2015-05-11,36102.0,36873.45,36011.15,36715.5,8453
2015-05-12,36705.0,36848.95,35205.55,35402.65,7855
2015-05-13,35550.0,36330.0,35261.0,36140.55,11067
2015-05-14,36589.0,36589.0,35400.0,36452.25,8303
2015-05-15,36687.0,36800.0,36300.0,36513.55,5527
2015-05-18,36450.0,37350.0,36450.0,37187.25,10926
2015-05-19,37100.0,37277.55,36001.1,36219.7,11900
2015-05-20,36351.0,36534.95,35656.0,35922.0,10331
2015-05-21,36090.0,36270.0,35645.0,35762.85,6130
2015-05-22,35991.0,36001.0,35580.05,35675.5,5129
2015-05-25,35675.0,36100.0,35500.0,35572.25,6353
2015-05-26,35800.0,35980.0,35501.0,35559.1,4581
2015-05-27,35590.0,35946.95,35118.35,35740.95,7335
2015-05-28,35750.0,36000.0,35280.0,35381.7,6443
2015-05-29,35310.0,36002.0,35310.0,35874.3,7513
2015-06-01,36200.0,36380.0,35860.5,36029.3,5403
2015-06-02,36150.0,36199.0,34343.0,34613.3,9303
2015-06-03,34799.0,34989.0,33879.95,34748.9,8633
2015-06-04,34899.0,34999.9,34000.0,34706.75,7349
2015-06-05,34500.0,34785.95,34200.0,34353.4,3942
2015-06-08,34353.4,34399.0,33761.0,33832.35,4927
2015-06-09,33715.0,34059.0,32502.0,32765.3,10185
2015-06-10,33000.0,33475.15,32900.0,33285.15,9217
2015-06-11,33535.0,33750.0,31680.0,31856.4,14726
2015-06-12,31995.0,32149.9,31360.0,31878.05,8506
2015-06-15,31910.1,32490.3,31502.05,32219.15,7449
2015-06-16,32200.0,32490.0,31901.0,32401.25,5565
2015-06-17,32446.55,33534.95,32446.55,33032.55,14035
2015-06-18,33150.0,33350.0,32810.0,33006.35,4861
2015-06-19,33000.05,33673.4,33000.05,33225.35,5975
2015-06-22,33300.0,33950.0,32900.0,33811.5,9398
2015-06-23,33850.0,34440.0,33814.0,34227.45,12198
2015-06-24,34227.0,34549.0,33565.15,33807.5,5743
2015-06-25,33600.5,34030.0,33500.0,33760.35,9508
2015-06-26,33780.0,33970.0,33500.0,33742.65,6292
2015-06-29,33300.0,33500.0,32600.95,33229.45,7182
2015-06-30,33000.0,34400.05,32920.25,34230.85,8837
2015-07-01,34199.0,35170.0,34031.15,34756.35,13239
2015-07-02,34850.0,35235.0,34693.85,34807.9,9762
2015-07-03,35000.0,35198.0,34660.05,34860.8,5847
2015-07-06,34000.0,34939.95,33787.45,34837.6,6105
2015-07-07,35000.0,35500.65,34837.0,35102.2,10000
2015-07-08,35100.0,35350.0,34699.95,34928.05,7929
2015-07-09,34999.0,35500.0,34999.0,35166.3,6615
2015-07-10,35299.0,35600.0,35080.95,35199.85,4546
2015-07-13,35400.0,35790.0,34851.3,35714.5,10799
2015-07-14,35948.85,35948.85,35350.0,35486.1,5496
2015-07-15,35600.0,35888.0,35520.0,35646.8,6461
2015-07-16,35900.0,36268.0,35600.0,36101.3,7772
2015-07-17,36199.0,36399.0,36110.0,36217.7,8249
2015-07-20,36370.0,36750.0,36206.1,36598.5,6498
2015-07-21,36580.0,36845.0,36011.25,36154.85,8268
2015-07-22,36299.85,36546.95,36200.0,36358.45,6335
2015-07-23,36524.95,38299.95,36524.95,38094.25,19862
2015-07-24,38155.3,39199.95,38155.3,38531.55,22726
2015-07-27,38700.0,40100.0,38001.0,38986.1,66489
2015-07-28,39387.0,39570.9,38911.05,39286.1,14637
2015-07-29,39445.0,39800.0,39301.0,39504.85,10506
2015-07-30,39777.0,39809.95,39256.0,39402.7,7533
2015-07-31,39550.0,41179.95,39240.0,40839.25,16848
2015-08-03,41399.95,42750.0,40910.0,42554.7,29745
2015-08-04,42699.0,46079.95,42500.0,45699.9,51033
2015-08-05,45699.9,46399.0,44952.0,45384.65,31505
2015-08-06,45384.0,45444.0,44590.0,44764.75,13216
2015-08-07,44801.0,45499.0,44621.05,44922.4,18023
2015-08-10,44901.0,45325.6,44250.0,44510.75,9673
2015-08-11,44420.0,44600.0,41250.0,42540.95,23911
2015-08-12,42000.0,42290.0,41301.0,41518.95,17464
2015-08-13,41690.0,42640.4,41591.95,41854.25,13040
2015-08-14,42088.0,42920.0,42030.0,42567.65,13375
2015-08-17,42600.0,43189.05,42200.0,42597.45,9371
2015-08-18,42942.9,44398.0,42671.1,44138.1,13425
2015-08-19,44266.0,44500.0,43651.1,44053.8,13203
2015-08-20,44074.0,44671.55,43210.0,43446.25,12185
2015-08-21,43200.0,43603.05,41800.0,43388.6,13184
2015-08-24,42700.0,42700.0,38000.2,38788.95,24954
2015-08-25,39880.0,40250.0,36679.05,39882.8,30120
2015-08-26,39900.0,40549.7,38822.6,40069.75,24497
2015-08-27,40500.0,41500.0,40500.0,40907.85,17189
2015-08-28,41550.0,41749.9,40699.0,41007.6,16890
2015-08-31,41007.6,41449.0,39888.0,40392.2,7629
2015-09-01,40199.0,40237.75,39020.2,39684.5,18614
2015-09-02,39858.0,40544.3,39656.05,40263.35,12230
2015-09-03,40325.0,40769.95,40150.0,40258.75,9436
2015-09-04,40050.0,40051.0,38450.0,38678.1,17021
2015-09-07,38680.0,38927.6,37768.0,38005.2,7879
2015-09-08,38000.0,39547.5,37689.3,39328.6,11752
2015-09-09,39560.0,40178.35,39220.0,39526.65,7510
2015-09-10,38731.0,40800.0,38501.05,40614.0,16595
2015-09-11,40800.0,41546.65,40001.05,40536.2,9765
2015-09-14,40540.45,41000.0,40152.4,40815.6,6425
2015-09-15,40650.0,41199.0,39849.9,40008.3,10425
2015-09-16,40261.0,40520.0,39500.0,39873.45,12667
2015-09-18,40187.0,40500.0,40017.6,40166.5,9294
2015-09-21,40299.0,41580.0,39810.0,41418.75,16371
2015-09-22,41420.0,41799.0,40866.0,41442.55,21202
2015-09-23,40759.0,41228.4,40520.1,40935.45,6388
2015-09-24,40999.9,41544.0,40872.8,41262.2,7713
2015-09-28,41600.0,41990.0,41009.45,41242.95,6615
2015-09-29,40700.0,42068.0,40700.0,41574.05,7602
2015-09-30,41998.0,42185.0,41651.0,41935.95,6592
2015-10-01,42000.0,42225.0,41400.15,41629.85,5417
2015-10-05,41724.9,43562.0,41618.0,42877.75,14409
2015-10-06,43100.05,43500.0,42455.6,42549.65,10762
2015-10-07,42550.0,42969.95,42400.0,42587.8,5104
2015-10-08,42650.0,42830.0,41580.05,41895.9,9062
2015-10-09,41930.05,42590.0,41220.0,41373.8,9340
2015-10-12,41410.0,41575.0,40797.9,41104.65,9874
2015-10-13,41397.6,41464.0,40949.95,41180.5,5714
2015-10-14,41279.95,41480.0,41050.0,41254.75,4728
2015-10-15,41300.0,42147.0,41300.0,41848.9,5489
2015-10-16,41951.0,42330.0,41720.2,41825.1,5778
2015-10-19,42060.0,42060.0,41666.1,41914.8,4304
2015-10-20,42070.0,42587.95,41900.0,42172.9,5936
2015-10-21,42026.6,42379.0,42026.6,42225.85,4672
2015-10-23,42302.0,42898.0,42302.0,42631.1,5706
2015-10-26,42700.0,42887.7,42063.0,42237.2,6702
2015-10-27,42070.0,42240.05,41500.0,41578.4,8802
2015-10-28,41300.0,41990.0,41105.1,41248.05,5291
2015-10-29,41370.0,42244.95,40501.0,40659.85,54271
2015-10-30,40675.0,41047.5,39510.0,39751.4,13081
2015-11-02,39888.0,39888.0,39111.0,39358.8,7442
2015-11-03,39744.0,40200.0,39510.0,39731.6,5738
2015-11-04,40050.0,40050.0,38900.5,39019.85,8203
2015-11-05,39174.0,39174.0,38340.0,38556.4,6625
2015-11-06,38355.0,38888.0,38200.0,38512.35,13957
2015-11-09,38000.0,39339.95,37734.7,38966.7,5265
2015-11-10,39000.0,39197.95,38020.0,38102.85,4756
2015-11-11,38400.0,38698.0,38100.0,38222.65,1019
2015-11-13,38000.0,38500.0,37777.1,38377.95,5892
2015-11-16,38416.5,38599.95,37800.0,38017.75,6267
2015-11-17,38240.0,39949.0,38134.45,39530.05,11203
2015-11-18,39539.0,39881.45,38800.05,38932.1,7357
2015-11-19,39147.0,39599.0,39100.0,39333.05,4342
2015-11-20,39349.85,39549.0,39000.0,39381.9,3635
2015-11-23,39101.0,39690.0,39073.4,39174.4,2475
2015-11-24,39100.0,39459.75,38852.0,38953.6,3021
2015-11-26,39200.0,39299.9,38491.25,38664.7,26495
2015-11-27,38860.5,39740.0,38860.5,39430.75,7565
2015-11-30,39333.0,39642.75,38810.0,38866.1,5873
2015-12-01,39090.0,39479.45,38600.0,39237.4,4465
2015-12-02,39338.0,39800.05,39113.05,39281.8,3409
2015-12-03,39100.0,39319.65,39000.0,39151.3,2946
2015-12-04,39149.0,39775.0,38919.15,39630.8,6412
2015-12-07,39602.5,39725.0,39105.0,39171.15,3059
2015-12-08,39052.15,39687.0,39052.15,39215.05,2503
2015-12-09,39205.0,39342.35,38832.0,39045.6,4418
2015-12-10,39045.0,39575.0,39014.0,39443.0,2852
2015-12-11,39302.0,39985.0,39154.5,39414.4,5430
2015-12-14,39100.0,39400.0,38178.05,38602.65,6606
2015-12-15,38941.95,38999.9,38600.0,38790.6,2466
2015-12-16,38880.0,39226.1,38613.4,38732.6,3405
2015-12-17,38840.0,39299.0,38702.25,39143.95,3322
2015-12-18,39140.0,39399.9,38960.3,39162.95,4519
2015-12-21,38987.0,39328.45,38987.0,39213.0,1704
2015-12-22,39213.0,39705.4,39101.0,39175.3,3321
2015-12-23,39200.0,39599.9,39200.0,39287.85,1729
2015-12-24,39107.0,39650.0,39107.0,39539.6,2232
2015-12-28,39585.0,39986.0,39585.0,39659.75,3026
2015-12-29,39700.0,39961.25,39656.05,39784.9,2639
2015-12-30,39799.95,39932.0,39681.25,39792.35,2992
2015-12-31,39941.0,40058.75,39403.05,39877.5,4678
2016-01-01,40092.35,41424.65,39877.1,40552.15,6316
2016-01-04,40400.0,40748.0,40248.65,40505.85,2921
2016-01-05,40600.0,40688.0,40321.8,40593.25,1951
2016-01-06,40643.0,41200.05,40297.6,40419.2,4594
2016-01-07,40249.0,40249.0,39001.0,39066.25,4983
2016-01-08,39155.0,39470.85,38510.05,38638.55,4941
2016-01-11,38580.0,39154.5,38066.0,38978.65,2933
2016-01-12,39041.0,39233.55,38700.0,38875.95,2333
2016-01-13,39007.0,39181.75,37850.5,38443.75,4089
2016-01-14,38349.0,38531.05,37890.2,38179.1,1903
2016-01-15,38300.0,38480.0,37500.0,37688.05,2835
2016-01-18,37311.0,37950.0,36000.0,36193.2,4059
2016-01-19,36225.0,36800.0,35540.0,36362.0,3452
2016-01-20,36180.0,36180.0,34620.0,35040.25,7301
2016-01-21,35670.0,35679.95,34500.05,34909.1,4251
2016-01-22,35150.65,36450.0,35150.65,36236.3,4704
2016-01-25,36600.0,38198.95,35516.35,36125.05,28052
2016-01-27,36270.0,36300.0,35650.0,35761.05,6205
2016-01-28,36080.0,36080.0,35402.0,35732.95,10884
2016-01-29,35700.0,35990.5,35300.0,35626.25,7688
2016-02-01,35700.0,36100.0,34015.3,34313.05,7872
2016-02-02,34100.0,35095.0,34000.1,34618.75,7620
2016-02-03,34300.0,34479.4,34002.0,34201.25,5986
2016-02-04,34540.0,34798.9,33475.05,33725.4,6707
2016-02-05,33750.25,34350.0,33456.1,34180.35,4040
2016-02-08,34180.35,34750.0,33785.05,34140.15,4057
2016-02-09,33900.0,34100.0,33600.0,33656.1,2474
2016-02-10,34000.0,34500.7,33200.0,33825.35,12515
2016-02-11,33501.1,34100.0,31802.05,32304.9,9773
2016-02-12,33199.95,33199.95,31183.2,31811.85,7938
2016-02-15,32299.0,33499.4,32299.0,33317.65,5158
2016-02-16,33843.0,33843.05,33066.0,33227.55,5308
2016-02-17,33499.0,33597.45,32601.0,33342.3,5692
2016-02-18,33600.0,33788.7,33120.2,33435.05,3963
2016-02-19,33100.0,33810.0,33010.0,33602.0,2935
2016-02-22,33600.0,34087.45,33425.4,33729.9,2621
2016-02-23,33729.0,34070.0,33464.6,33589.0,3566
2016-02-24,33400.05,33790.0,32515.05,32764.4,5353
2016-02-25,33074.85,33074.85,31834.3,31977.7,4969
2016-02-26,32444.0,32574.5,32100.0,32371.5,2198
2016-02-29,32597.0,32787.45,31800.0,32547.05,5158
2016-03-01,33200.0,34171.2,32214.0,33854.9,4387
2016-03-02,34200.0,35199.9,33899.95,34063.85,8744
2016-03-03,34600.0,34600.0,33912.0,34066.05,4991
2016-03-04,34290.0,34420.0,33624.0,34226.7,3728
2016-03-08,34500.0,34575.0,34000.0,34455.85,4297
2016-03-09,34640.0,34640.0,34090.95,34405.4,3377
2016-03-10,34600.05,34600.1,34210.0,34415.65,3388
2016-03-11,34567.0,34798.95,33949.95,34499.8,4655
2016-03-14,34600.0,34760.0,34334.2,34601.75,2592
2016-03-15,34600.0,34607.6,33910.0,34356.45,6398
2016-03-16,34300.0,34360.0,33351.1,33454.35,7147
2016-03-17,33990.0,34100.05,33500.0,33936.75,4815
2016-03-18,33900.0,34799.0,33900.0,34716.9,7987
2016-03-21,34799.0,35030.05,34501.25,34747.35,4300
2016-03-22,34654.0,35298.95,34450.0,34810.1,6170
2016-03-23,34810.0,35543.95,34600.0,35340.45,8465
2016-03-28,35350.2,36425.0,35230.1,36159.8,8607
2016-03-29,36149.85,37110.05,35750.0,36915.5,8080
2016-03-30,36990.0,38200.1,36720.05,37912.0,9671
2016-03-31,38044.0,39000.0,37859.95,38296.75,14028
2016-04-01,38249.95,38249.95,37110.1,37255.05,5483
2016-04-04,37700.0,37700.0,36730.0,36844.65,4163
2016-04-05,36800.0,37209.15,35502.0,35742.15,7376
2016-04-06,35799.9,36600.0,35799.9,36174.65,5803
2016-04-07,36300.0,36532.0,35600.0,35791.05,3568
2016-04-08,35707.45,36089.9,35313.8,35468.25,5444
2016-04-11,35500.1,35990.0,35136.9,35800.7,4798
2016-04-12,35870.0,36649.95,35870.0,36269.75,9784
2016-04-13,36974.0,37000.0,36301.0,36595.8,11221
2016-04-18,36300.0,36928.0,36141.0,36740.0,4193
2016-04-20,36850.0,37198.0,36700.0,36816.25,4642
2016-04-21,36940.0,37018.95,35800.0,36012.8,5223
2016-04-22,36000.0,36099.0,35414.05,35541.95,5823
2016-04-25,35500.0,35809.2,35150.0,35404.9,6137
2016-04-26,35500.0,35944.0,35400.0,35721.05,3045
2016-04-27,35721.0,35846.95,34630.0,34786.25,8962
2016-04-28,34990.0,35135.0,34000.05,34113.1,11105
2016-04-29,34350.0,34350.0,33555.45,33787.75,10273
2016-05-02,33755.0,34750.0,33750.0,34187.0,8833
2016-05-03,34500.0,34944.35,33201.0,33434.9,31798
2016-05-04,33450.0,34095.6,33300.0,33715.05,9253
2016-05-05,33929.9,33972.15,33650.0,33835.9,3695
2016-05-06,33880.0,33880.0,33400.0,33742.05,3867
2016-05-09,33701.2,33989.95,33600.1,33687.1,5052
2016-05-10,33787.0,33844.0,33215.0,33333.4,7771
2016-05-11,33290.0,33296.55,32669.0,32848.15,8083
2016-05-12,32805.0,33390.0,32600.05,33297.4,9344
2016-05-13,33297.0,33500.0,32850.0,32907.05,3899
2016-05-16,33000.0,33156.1,32610.0,33031.0,5103
2016-05-17,33033.3,33229.95,32739.35,32810.2,3289
2016-05-18,32820.0,33100.0,32655.0,32874.4,5231
2016-05-19,32800.0,32930.7,32400.0,32579.2,4674
2016-05-20,32579.2,32699.0,31928.0,32005.8,5332
2016-05-23,32205.0,32354.95,31720.0,31783.8,5300
2016-05-24,31790.0,31850.0,31002.0,31164.45,10561
2016-05-25,31400.0,32070.0,31200.0,31965.4,6196
2016-05-26,32000.0,32888.0,31913.55,32553.05,8835
2016-05-27,32700.0,33725.0,32652.05,33542.2,7921
2016-05-30,33719.0,33840.0,33222.1,33447.9,2884
2016-05-31,33575.85,33999.9,33301.1,33774.45,5849
2016-06-01,33700.0,33879.0,33200.0,33341.95,2861
2016-06-02,33305.0,33593.0,33101.0,33425.6,3930
2016-06-03,33679.9,33679.9,33290.0,33427.65,3984
2016-06-06,33500.0,33551.5,33150.0,33262.4,1426
2016-06-07,33400.0,33456.7,32790.0,33013.5,3400
2016-06-08,33319.9,33319.9,32523.0,32612.25,5160
2016-06-09,32700.0,32799.95,32500.0,32546.45,2255
2016-06-10,32550.0,32640.0,32085.0,32197.05,4481
2016-06-13,32000.0,32192.95,31901.65,31982.65,3867
2016-06-14,32000.0,32300.0,31890.0,31923.2,3641
2016-06-15,31985.0,32200.0,31550.55,31663.65,5612
2016-06-16,31750.0,31825.0,31517.0,31595.2,5178
2016-06-17,31750.0,31848.0,31251.05,31332.25,5243
2016-06-20,31330.0,32350.0,31021.0,32246.95,9127
2016-06-21,32378.0,32424.0,31702.0,31844.9,3800
2016-06-22,31874.75,32150.95,31500.0,31718.75,4146
2016-06-23,31740.0,31844.9,31500.0,31676.9,4284
2016-06-24,31499.0,31500.0,30101.0,31317.25,5841
2016-06-27,31340.0,31977.95,31144.2,31870.95,2856
2016-06-28,32200.0,33150.0,31900.0,32941.9,8766
2016-06-29,33298.0,33673.55,32900.0,33519.2,15103
2016-06-30,33740.0,33740.0,32850.95,33077.65,15793
2016-07-01,33077.65,33900.0,33050.0,33656.65,7303
2016-07-04,33699.0,35229.0,33699.0,35146.6,15055
2016-07-05,35000.1,35199.9,34501.0,34746.2,10171
2016-07-07,34944.9,35400.0,34826.4,35231.25,7606
2016-07-08,35231.0,35470.0,35000.0,35391.1,6312
2016-07-11,35502.7,35840.05,35190.9,35292.75,4305
2016-07-12,35350.0,35680.0,35174.0,35238.25,5404
2016-07-13,35370.0,35499.95,34300.0,34490.05,7764
2016-07-14,34510.0,34990.0,34092.5,34567.3,5128
2016-07-15,34650.0,34828.0,34140.0,34221.85,3995
2016-07-18,34350.0,34700.0,34154.25,34599.15,8115
2016-07-19,34599.0,34940.0,34352.05,34829.5,3656
2016-07-20,35000.0,35374.8,34810.05,35317.55,3785
2016-07-21,35317.55,35425.0,34111.0,34389.3,5538
2016-07-22,34689.8,34689.8,34052.05,34153.6,5259
2016-07-25,34425.0,35084.1,34220.05,34668.05,6166
2016-07-26,34898.9,34923.9,33628.0,33862.5,4821
2016-07-27,33990.0,34400.0,33738.95,34026.1,4308
2016-07-28,34250.0,34422.25,33900.0,34053.9,3769
2016-07-29,34088.1,34088.1,33700.0,33844.15,4274
2016-08-01,33960.0,34449.0,33650.0,33799.15,9334
2016-08-02,33751.0,34189.25,33750.95,33922.45,9366
2016-08-03,34001.0,34935.0,33760.0,34605.85,10148
2016-08-04,34935.0,35560.0,34550.05,35315.4,8309
2016-08-05,35325.5,37490.0,35325.5,37068.2,28926
2016-08-08,37340.0,37540.0,36921.45,37092.45,8740
2016-08-09,37092.45,37250.0,36001.0,36902.45,8284
2016-08-10,37000.0,37099.95,36001.05,36716.85,9823
2016-08-11,36410.0,37300.0,36000.0,36660.75,14507
2016-08-12,36210.0,36871.85,35999.7,36129.25,7954
2016-08-16,36000.0,36490.5,36000.0,36126.3,4491
2016-08-17,36015.0,36907.5,36015.0,36525.05,5045
2016-08-18,36526.75,36827.95,36306.0,36553.95,6253
2016-08-19,36553.0,36800.0,36012.0,36110.1,5577
2016-08-22,36299.0,36299.9,35299.95,35485.6,6810
2016-08-23,35485.6,35849.95,35323.3,35744.25,8437
2016-08-24,35770.0,36490.0,35700.0,36300.3,10758
2016-08-25,36303.0,36800.0,36200.0,36458.85,10211
2016-08-26,36500.0,36863.35,36212.0,36339.7,8695
2016-08-29,36400.0,37590.1,36400.0,37471.65,15241
2016-08-30,37390.0,38087.95,37288.25,37591.45,13204
2016-08-31,37988.95,37988.95,37310.6,37431.8,6960
2016-09-01,37750.0,37850.0,37099.5,37231.85,5262
2016-09-02,37390.0,39000.0,37235.0,38852.55,21168
2016-09-06,39000.0,39732.5,38903.0,39535.8,14428
2016-09-07,39889.9,40337.0,39550.0,39893.6,16406
2016-09-08,39880.0,40380.0,39627.1,40035.8,9369
2016-09-09,40000.0,40549.85,39826.8,40201.5,13878
2016-09-12,39950.0,39950.0,38695.75,39100.2,16133
2016-09-14,39110.0,41000.0,39100.0,40722.85,17913
2016-09-15,40825.0,41874.7,40825.0,41124.0,18371
2016-09-16,41350.0,41719.95,40200.0,40507.8,18045
2016-09-19,40555.0,43270.0,40520.05,43101.65,35959
2016-09-20,43350.0,43921.0,42900.0,43620.5,33084
2016-09-21,43450.0,44300.0,43406.9,43806.65,21206
2016-09-22,44449.0,44499.0,43835.5,44375.85,15927
2016-09-23,44800.0,46471.75,44114.0,45841.3,38540
2016-09-26,45799.95,46349.0,45458.0,45715.45,18111
2016-09-27,45759.0,46917.85,45759.0,46562.4,16890
2016-09-28,46899.8,50190.0,46710.0,49753.35,64713
2016-09-29,50300.0,51515.45,47860.3,48605.6,76122
2016-09-30,48750.0,51150.0,48750.0,50872.55,33197
2016-10-03,51810.0,52444.0,51251.45,51894.9,25479
2016-10-04,52200.0,52499.0,50906.1,51226.85,19591
2016-10-05,51677.0,53899.0,51200.0,53693.8,42292
2016-10-06,54000.0,54650.0,53305.7,53892.8,34564
2016-10-07,54530.0,54530.0,53065.0,53471.9,18743
2016-10-10,53550.0,54087.15,52710.15,53034.0,12551
2016-10-13,53089.9,53740.0,52600.2,53371.3,24543
2016-10-14,53310.0,53550.0,52201.0,52449.0,14336
2016-10-17,52549.8,52600.0,49749.05,49873.05,19866
2016-10-18,50290.0,51777.0,48751.0,51627.6,39429
2016-10-19,51625.0,51777.0,50380.0,50518.4,23916
2016-10-20,50650.0,51502.05,49530.0,49770.05,22521
2016-10-21,50187.9,51100.0,49728.55,50438.25,22623
2016-10-24,50603.0,50929.0,49801.0,49949.85,8325
2016-10-25,50059.0,50300.0,49710.0,50100.05,9424
2016-10-26,50080.0,50771.0,49236.85,49638.55,15490
2016-10-27,49800.0,50094.5,46199.95,46403.6,37965
2016-10-28,46402.0,48190.0,46402.0,47955.55,24430
2016-10-30,48338.0,48597.9,47610.15,47958.95,3712
2016-11-01,48288.0,50443.0,48001.05,50095.45,30014
2016-11-02,49500.0,50239.55,48857.1,49569.1,22450
2016-11-03,49300.0,50777.0,49132.9,50264.3,19387
2016-11-04,50449.0,50899.0,49551.0,50179.7,22877
2016-11-07,50800.0,51000.0,50350.0,50851.95,11676
2016-11-08,51000.0,52400.0,50359.5,52046.7,18329
2016-11-09,48200.0,52824.0,47000.0,52166.55,27056
2016-11-10,52600.0,53940.0,52600.0,53515.45,13832
2016-11-11,53149.1,53357.9,52010.4,52576.9,15517
2016-11-15,52540.0,53050.0,49768.2,50108.3,24843
2016-11-16,51004.9,51700.0,50360.0,50548.45,13312
2016-11-17,50712.0,51250.0,49501.2,49876.9,11124
2016-11-18,49800.0,50078.5,48889.8,49080.5,14112
2016-11-21,49109.0,49500.0,46501.0,46672.35,13855
2016-11-22,46860.0,47467.75,46451.0,46947.2,16524
2016-11-23,47490.0,48189.6,46560.0,47513.75,14321
2016-11-24,47474.0,47877.0,46832.05,47214.75,9048
2016-11-25,47544.0,47775.2,47112.0,47270.5,7607
2016-11-28,47399.0,48460.0,47250.0,47574.05,8314
2016-11-29,47720.0,49498.0,47720.0,49118.95,13814
2016-11-30,50000.0,50595.2,49500.0,49900.1,35735
2016-12-01,50799.95,50799.95,48684.5,48883.3,15416
2016-12-02,48790.0,49340.0,48280.0,48841.6,11376
2016-12-05,48401.1,50722.3,48401.1,50469.3,16302
2016-12-06,50639.0,51074.55,49861.05,50304.7,13166
2016-12-07,50399.0,50705.3,49810.0,50147.8,8158
2016-12-08,50401.0,51669.0,50401.0,51416.55,10465
2016-12-09,51656.0,53448.0,51286.4,53033.5,17815
2016-12-12,52701.0,52996.8,52001.0,52235.0,8233
2016-12-13,52549.0,53350.0,52320.0,52424.2,11944
2016-12-14,52216.0,52999.0,52216.0,52759.7,7681
2016-12-15,53000.0,53270.0,52400.0,52613.4,14182
2016-12-16,52920.0,52996.9,51980.3,52154.7,13605
2016-12-19,52387.0,52387.0,51431.0,51561.55,4267
2016-12-20,51434.0,51923.95,49680.0,49825.3,12476
2016-12-21,50188.0,50188.0,48800.0,48855.15,11398
2016-12-22,48797.7,49249.0,48055.2,48234.65,9556
2016-12-23,48370.0,49685.0,47968.15,48996.5,10845
2016-12-26,48998.8,49005.05,48000.0,48319.45,6624
2016-12-27,48556.8,48840.0,47512.3,48692.95,10685
2016-12-28,48998.95,49089.95,48356.45,48485.95,5321
2016-12-29,48350.0,48980.0,48350.0,48893.8,9163
2016-12-30,49100.0,49300.0,48500.0,48905.65,7871
2017-01-02,49000.0,49304.95,48799.75,49084.4,8367
2017-01-03,49388.9,50500.0,49101.25,50391.45,9526
2017-01-04,50679.8,50769.75,50181.6,50386.1,7045
2017-01-05,50698.65,51990.0,50550.05,51710.65,8444
2017-01-06,52000.0,52686.5,51125.0,51579.2,14670
2017-01-09,51579.2,51797.0,50825.7,51349.15,5351
2017-01-10,51649.9,53666.0,49808.7,53025.05,14460
2017-01-11,53699.0,55554.45,53400.05,55400.0,35021
2017-01-12,55530.1,55945.0,54625.05,55011.6,18119
2017-01-13,55098.85,55298.95,52890.0,53359.6,22090
2017-01-16,53299.0,53857.55,52559.85,53092.05,13559
2017-01-17,53050.0,54380.6,53050.0,53678.8,15203
2017-01-18,53800.0,54100.0,52802.0,53006.9,9948
2017-01-19,53000.0,53046.05,51814.5,51992.2,13607
2017-01-20,51890.0,52549.95,51400.0,51668.9,9801
2017-01-23,51668.0,52840.0,51668.0,52351.7,23689
2017-01-24,52679.35,52879.95,52210.05,52466.4,7489
2017-01-25,52699.0,53180.0,52000.0,53066.7,8561
2017-01-27,53080.0,53633.0,53080.0,53339.2,6477
2017-01-30,53440.0,53440.0,51801.15,51929.9,12036
2017-01-31,51998.0,52140.0,51000.0,51659.5,12635
2017-02-01,51401.0,52840.0,51401.0,52585.1,11729
2017-02-02,52600.0,52740.0,51351.0,51590.9,10660
2017-02-03,51681.8,52654.15,50050.15,51059.45,39215
2017-02-06,51684.8,51684.8,50097.3,50240.05,17664
2017-02-07,50690.0,51040.0,49759.65,50434.75,21900
2017-02-08,50666.0,51799.95,50350.0,51604.45,13393
2017-02-09,51750.0,51985.0,51250.0,51685.7,7391
2017-02-10,51850.0,51879.3,51310.0,51472.35,4384
2017-02-13,51551.15,51680.3,50660.05,50827.25,5749
2017-02-14,51020.0,51630.55,50010.0,50195.2,5866
2017-02-15,50200.05,50582.0,49935.6,49997.15,8012
2017-02-16,50180.0,50858.0,49600.0,50538.05,16212
2017-02-17,50780.0,50900.0,50001.05,50102.2,10380
2017-02-20,50100.0,50595.0,49950.0,50414.75,4347
2017-02-21,50451.0,50679.35,50100.0,50195.4,4084
2017-02-22,50399.95,50600.0,49577.0,49767.85,13002
2017-02-23,49900.0,51700.0,49714.75,51499.05,22055
2017-02-27,51650.0,52029.95,50700.0,51437.15,13966
2017-02-28,51437.25,52529.9,51370.05,51835.05,14966
2017-03-01,51999.0,53150.0,51999.0,52819.4,13943
2017-03-02,53185.0,53362.5,51845.0,51951.6,8861
2017-03-03,52300.0,52630.0,51713.45,52072.85,12544
2017-03-06,52398.0,52500.0,51951.05,52375.55,7600
2017-03-07,52282.0,52565.85,51953.2,52167.9,6731
2017-03-08,52260.0,52372.1,51086.7,51527.8,9537
2017-03-09,51500.0,52366.65,51205.0,52031.35,12197
2017-03-10,52366.0,52450.0,51950.0,52220.3,9186
2017-03-14,52750.0,53427.95,52100.0,52983.9,18744
2017-03-15,53381.25,57984.0,53291.25,56836.6,82609
2017-03-16,57300.0,57448.95,56200.0,56425.55,15441
2017-03-17,56400.0,56700.0,54967.65,55427.85,43538
2017-03-20,56305.0,57090.65,55801.0,56019.35,23491
2017-03-21,56500.0,58300.0,55854.3,58045.15,28250
2017-03-22,57600.0,58450.0,57500.0,57849.2,20754
2017-03-23,58000.0,59684.35,57601.0,59507.1,36778
2017-03-24,59499.9,59650.0,59001.0,59308.8,19247
2017-03-27,59499.0,60145.0,59125.2,59888.5,20169
2017-03-28,59855.45,60300.0,57947.4,58315.35,19851
2017-03-29,58499.95,59790.8,57801.0,59578.45,24086
2017-03-30,59125.0,60200.0,59125.0,59823.65,19147
2017-03-31,59550.0,61220.0,59550.0,60954.45,24685
2017-04-03,60935.0,61386.7,60240.0,60993.55,14263
2017-04-05,60993.55,61271.75,60372.0,60685.45,12463
2017-04-06,60552.0,61399.0,60211.0,61104.85,18995
2017-04-07,60655.0,61780.0,60601.1,61036.15,14389
2017-04-10,61195.7,61382.95,60620.0,60767.45,7631
2017-04-11,61179.0,62200.0,60901.0,62063.4,17051
2017-04-12,62010.0,62199.95,60062.4,60527.1,20550
2017-04-13,60530.85,61200.0,60300.0,60566.55,10623
2017-04-17,60720.0,62158.0,60311.4,61948.55,21463
2017-04-18,61950.0,63099.0,61600.05,62596.1,23539
2017-04-19,62350.0,63300.0,62150.05,63089.25,12089
2017-04-20,63005.0,63610.0,62751.1,63500.8,12427
2017-04-21,63325.0,63698.0,63016.85,63283.7,9607
2017-04-24,63120.0,64200.0,63110.0,63995.35,12079
2017-04-25,64200.0,66755.55,63880.0,66566.25,28579
2017-04-26,66500.0,69848.75,66486.95,68850.55,43642
2017-04-27,69200.0,70500.0,68000.0,68495.6,50104
2017-04-28,68858.5,69000.0,67706.0,67909.2,17996
2017-05-02,68050.0,68899.8,67600.05,68372.55,17924
2017-05-03,68563.1,69750.0,68455.2,68639.9,17264
2017-05-04,68944.0,69173.5,66501.0,67022.55,28669
2017-05-05,66861.0,68399.0,66500.05,68135.95,20751
2017-05-08,68499.9,68720.0,67450.0,67634.1,12208
2017-05-09,68200.0,68200.0,66587.4,66683.05,16105
2017-05-10,66800.1,66999.0,65822.2,65936.7,17167
2017-05-11,66000.0,67371.8,65902.1,66055.95,15027
2017-05-12,66105.0,66488.0,65300.0,65455.15,9995
2017-05-15,65620.0,66081.0,65200.8,65823.4,10189
2017-05-16,65990.0,66360.0,65500.0,66093.35,14100
2017-05-17,66200.0,68270.0,65700.0,68054.7,28781
2017-05-18,67750.0,69188.0,66640.1,66960.4,21701
2017-05-19,67290.0,67699.9,64164.85,65876.65,15118
2017-05-22,66100.5,66799.0,64100.0,64254.05,13002
2017-05-23,64480.0,64700.0,63000.0,63976.15,19116
2017-05-24,63900.0,63958.4,62400.0,62519.7,11106
2017-05-25,62660.0,64200.0,62000.0,63820.0,20131
2017-05-26,64199.85,65689.95,63922.2,65401.8,15831
2017-05-29,65699.0,66370.05,64750.0,64937.95,10018
2017-05-30,64938.0,65600.0,64561.25,65398.1,7921
2017-05-31,65351.35,65881.95,65009.0,65559.1,6625
2017-06-01,65619.5,68599.0,65619.5,68217.3,27596
2017-06-02,68450.0,68993.85,67500.0,67715.95,15738
2017-06-05,67910.0,68597.95,67900.0,68334.25,7478
2017-06-06,68500.0,69240.0,67300.0,68820.5,15435
2017-06-07,68830.3,69347.25,68499.0,68985.95,10469
2017-06-08,69000.1,71995.0,68700.0,71129.65,39075
2017-06-09,71404.0,73200.0,71251.1,72901.25,33946
2017-06-12,72901.25,74016.25,72245.0,73331.6,24677
2017-06-13,73401.0,74147.5,71555.0,72369.3,23590
2017-06-14,71980.0,71980.0,70880.05,71102.15,19049
2017-06-15,71235.0,73184.9,71198.9,72847.45,19573
2017-06-16,73148.0,73401.0,71707.5,71978.1,15153
2017-06-19,72499.9,72870.0,71560.2,71760.2,9973
2017-06-20,71980.0,72800.0,71315.3,71656.2,11042
2017-06-21,71850.0,72297.9,71324.55,71709.1,7666
2017-06-22,72198.9,72495.0,70650.1,70975.9,10644
2017-06-23,71500.0,71500.0,69596.0,69935.8,12316
2017-06-27,69955.0,70400.0,68270.0,68585.55,10377
2017-06-28,68585.55,69399.0,67801.5,68915.8,10368
2017-06-29,69270.0,69846.75,68500.0,68638.95,15509
2017-06-30,68400.0,68750.0,67850.1,68325.9,10072
2017-07-03,68458.5,71250.0,68201.0,70859.5,16735
2017-07-04,71260.0,71500.0,70029.7,70350.3,11002
2017-07-05,70401.0,71120.35,70259.9,70607.4,8300
2017-07-06,70984.0,71450.0,70005.0,70270.65,12201
2017-07-07,70801.7,70801.7,69575.0,69809.3,10221
2017-07-10,69900.0,70450.0,69403.0,69600.25,1539
2017-07-11,69600.0,70079.85,68863.5,69120.05,9263
2017-07-12,69201.0,70295.0,68800.0,69976.6,10291
2017-07-13,70300.0,70399.95,69526.0,69662.05,6505
2017-07-14,69999.0,70000.0,69150.0,69516.25,5398
2017-07-17,69662.0,70274.0,69100.0,70072.7,8434
2017-07-18,69400.0,70367.7,69400.0,69930.45,7118
2017-07-19,69930.45,70769.95,69710.0,70221.5,16349
2017-07-20,70550.0,70550.0,69027.0,69159.05,7182
2017-07-21,69375.0,69721.0,68700.0,68878.45,11184
2017-07-24,69000.0,69340.0,68750.0,68908.9,6308
2017-07-25,69377.0,70663.65,69050.05,70334.3,16387
2017-07-26,70388.0,70555.55,69808.25,69989.85,8637
2017-07-27,70200.0,70300.0,68510.0,68706.5,8582
2017-07-28,68660.0,69700.0,68501.0,69119.7,8239
2017-07-31,69120.7,69974.8,69000.0,69198.75,8841
2017-08-01,69567.05,69688.25,69001.0,69393.1,7528
2017-08-02,69276.1,70999.8,69276.1,70810.4,17215
2017-08-03,70600.0,70909.95,68902.25,69150.4,14610
2017-08-04,68483.1,68500.0,65293.3,66361.15,47845
2017-08-07,67100.0,68182.3,66505.8,67821.2,23514
2017-08-08,67900.0,68500.0,66601.0,66722.25,11981
2017-08-09,67000.0,67000.0,65501.0,65946.95,10520
2017-08-10,65799.0,66365.7,63400.0,64100.7,14500
2017-08-11,63250.0,65098.95,62382.05,63922.0,16985
2017-08-14,64400.0,64899.6,63601.1,63770.65,11840
2017-08-16,64525.0,65987.0,63300.0,65783.0,15564
2017-08-17,66054.0,66395.0,64280.0,64484.5,11287
2017-08-18,64470.0,64470.0,63501.0,63684.15,12643
2017-08-21,63798.2,64770.0,63002.0,63419.8,8783
2017-08-22,63050.1,63999.95,62432.05,62555.7,14404
2017-08-23,62999.0,63494.9,62570.0,62805.85,12476
2017-08-24,63248.0,63349.5,62611.0,63049.7,7876
2017-08-28,63350.0,63400.0,62657.15,62811.1,7912
2017-08-29,62949.9,63200.0,62400.0,62907.95,12683
2017-08-30,63200.0,63299.95,62655.6,62944.75,5035
2017-08-31,63179.9,64235.2,62850.0,64089.6,11820
2017-09-01,64090.0,65499.0,64090.0,65293.85,9059
2017-09-04,65290.0,65368.45,63950.0,64240.15,8632
2017-09-05,64474.3,64999.0,64200.0,64573.35,6756
2017-09-06,64260.0,65330.0,63709.2,64990.0,13562
2017-09-07,65269.9,65350.0,64102.0,64429.75,5016
2017-09-08,64505.0,64799.9,63671.0,63816.85,7529
2017-09-11,64010.0,64799.0,64010.0,64449.6,8300
2017-09-12,64899.9,65545.6,64650.1,65270.8,10388
2017-09-13,65500.0,65650.0,64100.0,64334.3,8725
2017-09-14,64430.0,64599.8,63690.0,63840.35,6532
2017-09-15,63999.95,64750.0,63535.75,64544.3,12616
2017-09-18,64698.0,65300.0,64648.15,64916.05,20041
2017-09-19,64648.0,65248.0,64003.05,64087.1,9349
2017-09-20,65101.0,65650.0,63933.15,64092.1,15543
2017-09-21,64438.0,64447.8,63152.55,63294.7,8728
2017-09-22,64000.0,64000.0,62650.0,62938.15,17031
2017-09-25,63100.0,63376.6,61251.0,62721.85,15442
2017-09-26,62800.0,63000.0,62210.05,62754.1,11340
2017-09-27,62720.0,62999.0,61501.0,61746.6,6870
2017-09-28,61790.0,62200.0,61000.0,61866.4,15835
2017-09-29,62051.0,63940.0,62051.0,63005.3,25187
2017-10-03,63480.0,64000.0,63160.6,63404.4,14576
2017-10-04,63749.0,63786.5,62750.0,63029.8,9071
2017-10-05,63298.0,63666.0,62883.8,63141.5,13683
2017-10-06,63349.95,64620.0,63207.85,64422.7,10353
2017-10-09,64550.0,65010.1,64195.4,64835.5,6744
2017-10-10,65011.0,65300.0,64510.1,64705.2,4704
2017-10-11,64949.9,64970.0,63269.65,63437.4,8383
2017-10-12,64200.0,64200.0,63460.0,63885.55,5284
2017-10-13,63800.15,64000.0,63500.0,63670.25,5189
2017-10-16,63602.0,64049.0,63101.0,63636.4,7701
2017-10-17,63700.0,64190.0,63328.05,63777.05,4423
2017-10-18,63516.35,64000.0,63516.35,63670.35,3556
2017-10-19,63670.35,63898.7,63207.0,63522.5,922
2017-10-23,63250.0,63600.0,62409.8,63490.6,12588
2017-10-24,63450.0,63574.0,62981.1,63064.45,7750
2017-10-25,63315.0,63498.95,62910.5,63089.15,4021
2017-10-26,63200.0,63500.0,62811.9,63156.15,5887
2017-10-27,63300.0,64999.0,63210.7,64771.1,10783
2017-10-30,65000.0,67343.9,65000.0,66779.15,15489
2017-10-31,66775.0,67221.95,65715.05,66422.45,7407
2017-11-01,66789.9,66999.0,65851.95,66002.5,6273
2017-11-02,66011.2,66719.85,65590.05,65726.85,4284
2017-11-03,65726.85,66739.7,65726.85,66483.4,5375
2017-11-06,66500.0,67800.0,65911.0,67399.4,9355
2017-11-07,67650.0,67810.0,65521.5,65712.6,8918
2017-11-08,65900.0,66341.65,65000.0,65162.45,5123
2017-11-09,65398.75,65800.0,64836.0,64994.15,4127
2017-11-10,64995.0,67748.95,63614.05,67359.05,39944
2017-11-13,66812.2,69000.0,66800.0,68320.9,20028
2017-11-14,68624.9,68624.9,67428.05,67643.45,5488
2017-11-15,68300.0,69655.2,67687.5,68392.3,18813
2017-11-16,68500.0,69955.95,68500.0,69730.8,12710
2017-11-17,70000.0,70500.0,69195.6,69437.35,10991
2017-11-20,69437.35,69869.85,68476.05,68718.95,4128
2017-11-21,68908.0,70160.0,68750.05,69830.5,12159
2017-11-22,70000.0,70189.0,69268.35,69692.85,4610
2017-11-23,69799.1,70200.0,69001.0,69189.6,9563
2017-11-24,69499.0,69859.05,69261.0,69405.45,5505
2017-11-27,69474.45,70450.0,69405.0,70215.15,10178
2017-11-28,70130.0,70325.0,69480.0,69597.35,2739
2017-11-29,69540.0,69948.95,69200.0,69275.15,8735
2017-11-30,69299.0,69359.95,68200.1,68583.5,7987
2017-12-01,68601.0,69099.95,65724.25,66169.15,11678
2017-12-04,66400.0,66841.9,65805.0,66333.1,5838
2017-12-05,66336.6,67000.0,65705.0,66842.75,9024
2017-12-06,66122.0,67222.15,66122.0,66871.05,5830
2017-12-07,66990.0,67284.8,66647.7,67063.25,5214
2017-12-08,67251.0,68337.9,66845.05,68226.15,7178
2017-12-11,68500.0,69000.0,67678.0,67863.45,4898
2017-12-12,68240.0,68240.0,66280.0,66407.4,6244
2017-12-13,66774.0,67095.0,65890.0,66072.6,6460
2017-12-14,66480.0,66670.0,65323.9,65952.8,5784
2017-12-15,66500.0,68124.95,66335.65,67703.6,9214
2017-12-18,67400.0,69350.0,65810.0,69184.6,14066
2017-12-19,68940.0,69649.0,68650.2,69389.7,7912
2017-12-20,69389.7,69900.0,68751.0,68913.8,5124
2017-12-21,69000.0,71050.0,68551.0,70860.55,12046
2017-12-22,70927.0,73089.0,70898.75,72817.8,29133
2017-12-26,72600.0,74500.0,72160.05,74062.0,17525
2017-12-27,74280.0,74394.0,72693.1,73080.05,14788
2017-12-28,73490.0,73899.0,72492.2,73497.95,10193
2017-12-29,73499.0,73950.0,72101.1,72357.05,10899
2018-01-01,72572.0,73200.0,71900.0,72402.85,7348
2018-01-02,72305.0,72899.7,71059.1,71246.1,7345
2018-01-03,71680.0,71899.9,71000.0,71173.35,9083
2018-01-04,71499.0,71644.85,70851.2,71219.85,4477
2018-01-05,71390.0,73000.0,71300.0,72905.9,9189
2018-01-08,72900.0,73570.0,72286.95,72610.5,6757
2018-01-09,72965.0,73270.0,72020.0,73025.05,5587
2018-01-10,73040.0,73112.35,72100.0,72481.5,9006
2018-01-11,72700.0,72700.0,71950.05,72311.95,4998
2018-01-12,72310.0,73100.0,71814.1,71970.95,11548
2018-01-15,71970.95,72499.95,71350.0,71534.0,6503
2018-01-16,71401.0,71900.5,69889.6,70284.55,7410
2018-01-17,70480.0,70751.65,69731.65,70420.8,4005
2018-01-18,70800.0,70848.95,68601.45,68804.45,7680
2018-01-19,69100.0,69399.9,68500.0,69156.0,7715
2018-01-22,69156.0,69878.3,68875.0,69677.3,3327
2018-01-23,69600.0,70456.0,69531.8,69930.7,6857
2018-01-24,69700.0,70171.45,68700.0,68894.5,6431
2018-01-25,69050.0,69439.95,67055.55,67543.65,7157
2018-01-29,67165.0,68447.6,66750.0,66906.75,7203
2018-01-30,67300.0,68446.0,67010.0,68261.55,6008
2018-01-31,68395.0,68798.75,67215.75,68113.35,8102
2018-02-01,68115.0,72750.0,67200.0,71776.65,29028
2018-02-02,71400.0,71654.85,68050.0,69259.4,19860
2018-02-05,68016.25,69350.0,67658.5,68615.1,12193
2018-02-06,64000.0,68950.0,64000.0,68528.45,21197
2018-02-07,68899.95,69499.95,68250.05,68827.45,9654
2018-02-08,69001.0,70763.55,68800.0,70171.05,12304
2018-02-09,69100.1,70377.0,68752.25,70013.8,4799
2018-02-12,70011.0,71840.0,70011.0,71640.9,7298
2018-02-14,71720.0,72606.1,71650.0,72329.2,10260
2018-02-15,72329.0,72780.6,71740.8,72156.25,7756
2018-02-16,72357.0,72517.0,70601.6,71162.55,5347
2018-02-19,71555.0,71698.0,70200.0,70624.0,3821
2018-02-20,70635.1,71100.0,70430.0,70825.5,3989
2018-02-21,70855.0,71999.0,70702.95,71787.05,5414
2018-02-22,71500.0,71500.0,69599.0,70107.8,4823
2018-02-23,70139.95,72800.0,70139.95,72473.4,7984
2018-02-26,72550.0,72980.5,72400.0,72690.8,4426
2018-02-27,72670.0,73149.0,71660.9,72665.8,9668
2018-02-28,72599.95,73840.0,72000.0,73391.6,11901
2018-03-01,73391.6,74100.0,72520.0,72683.65,5016
2018-03-05,72683.0,73566.6,72000.0,72324.65,8937
2018-03-06,73000.0,73000.0,71310.0,71475.85,5388
2018-03-07,71440.0,71899.1,70020.65,70249.2,6459
2018-03-08,70500.0,70811.65,69800.0,70204.4,7016
2018-03-09,70759.0,71379.5,70111.15,70781.65,5005
2018-03-12,70950.0,71332.95,70799.95,71094.2,3757
2018-03-13,70815.0,72100.0,70815.0,71717.3,4148
2018-03-14,71160.0,71845.2,71000.0,71281.65,4663
2018-03-15,71225.0,71945.85,71086.4,71737.95,3803
2018-03-16,71670.0,71670.0,70000.0,70211.65,4914
2018-03-19,70500.0,70895.6,69699.9,70074.85,3928
2018-03-20,69950.0,70111.7,69455.65,69593.05,2849
2018-03-21,69999.95,70200.0,69725.0,69966.45,4761
2018-03-22,70000.0,70220.0,69257.5,69489.3,3754
2018-03-23,68170.0,69486.0,68170.0,69236.9,4854
2018-03-26,69237.0,70399.0,68800.0,69961.75,7329
2018-03-27,70201.5,72887.95,70201.5,72656.05,9594
2018-03-28,72001.25,73649.95,71610.45,72513.25,14061
2018-04-02,72700.0,73333.0,72542.35,73122.45,3468
2018-04-03,72975.0,75799.0,72800.0,75502.4,21139
2018-04-04,75350.0,76034.0,73745.95,74734.2,11549
2018-04-05,75501.0,77199.0,75500.1,77012.55,16500
2018-04-06,76901.0,77270.0,76218.25,77137.25,7307
2018-04-09,77137.0,77400.0,76700.0,77243.9,6579
2018-04-10,77243.9,77300.0,76501.0,76831.1,3552
2018-04-11,77000.0,77000.0,76135.15,76467.6,3136
2018-04-12,76499.0,78363.3,76150.0,77613.7,11854
2018-04-13,77800.0,78540.0,77600.0,78091.35,10905
2018-04-16,77506.0,78590.0,77506.0,78370.5,4416
2018-04-17,78299.0,80102.0,78180.85,79771.65,11498
2018-04-18,79999.0,80100.0,78950.0,79069.85,5399
2018-04-19,79499.0,79899.0,79090.0,79320.0,5829
2018-04-20,79390.0,79479.85,78000.0,78110.1,6038
2018-04-23,78300.0,78742.7,77600.0,77961.45,4238
2018-04-24,77600.0,79060.0,77600.0,77948.4,3784
2018-04-25,78110.0,78300.0,76900.0,77496.4,4176
2018-04-26,77551.0,77598.0,76225.05,76509.15,8038
2018-04-27,77179.0,80570.0,76901.1,80413.25,19559
2018-04-30,80416.0,81425.95,79720.0,79933.45,7899
2018-05-02,79900.0,81400.0,79430.9,79610.8,7999
2018-05-03,79729.0,80133.35,76700.0,77028.15,33135
2018-05-04,77880.0,77898.95,75595.85,75721.5,8851
2018-05-07,76000.0,76695.9,75610.2,76115.05,5681
2018-05-08,76406.9,76406.9,75600.0,75746.75,4047
2018-05-09,75525.0,76599.0,75210.0,76019.8,12724
2018-05-10,76540.0,76540.0,74750.0,74881.45,8010
2018-05-11,75300.0,75400.0,74300.0,74675.5,20861
2018-05-14,74750.0,75152.7,74515.45,74737.35,3327
2018-05-15,74850.0,75599.0,74341.65,74604.95,4574
2018-05-16,74500.0,75098.85,73978.05,74873.4,7566
2018-05-17,74803.4,75276.95,74400.0,74559.95,4063
2018-05-18,74555.0,75509.0,73925.1,74206.2,5414
2018-05-21,74399.95,74449.2,72863.55,73102.1,4517
2018-05-22,73200.0,74299.95,72701.0,73873.45,3535
2018-05-23,73755.15,74500.0,73588.8,74140.5,4850
2018-05-24,74140.5,74511.3,73156.15,73600.7,3405
2018-05-25,73750.0,74555.0,73652.05,73866.4,4540
2018-05-28,74100.0,76497.45,74100.0,76062.35,5926
2018-05-29,76001.0,77429.0,75250.0,76392.25,5286
2018-05-30,76321.0,77423.0,75455.35,77087.6,4958
2018-05-31,77190.0,77688.0,75339.0,75734.05,4232
2018-06-01,75811.0,76774.9,74400.1,74848.9,4375
2018-06-04,75400.0,75490.0,74111.05,74480.6,3391
2018-06-05,74700.0,75000.0,73105.0,73815.65,5761
2018-06-06,74064.0,74691.0,73410.2,74282.5,4004
2018-06-07,74450.0,75880.0,74449.95,75427.45,4555
2018-06-08,75399.9,76503.05,74500.0,75929.0,4143
2018-06-11,76249.0,76751.55,75900.2,76407.6,3015
2018-06-12,76860.0,76860.0,75353.05,75580.7,3000
2018-06-13,75900.0,76232.45,74952.05,75048.05,2476
2018-06-14,75077.0,75664.95,74784.05,75349.6,3518
2018-06-15,75250.0,75899.0,75200.0,75351.15,3971
2018-06-18,75480.0,76250.0,74200.0,74359.8,3810
2018-06-19,74599.0,75200.0,73999.0,74849.8,3367
2018-06-20,75249.8,75349.8,74000.0,74877.65,11625
2018-06-21,74990.0,75500.0,74566.05,74771.65,3478
2018-06-22,75049.0,76080.4,74588.8,75703.4,3092
2018-06-25,76100.0,76100.0,75000.0,75186.7,2664
2018-06-26,74880.0,75548.0,74705.0,74972.75,4297
2018-06-27,75545.0,75545.0,73540.0,74037.55,4778
2018-06-28,74373.95,74800.0,72605.0,72933.05,13071
2018-06-29,73297.7,75397.25,73297.7,74974.45,6906
2018-07-02,75270.0,75834.95,74600.0,75197.8,3945
2018-07-03,75300.0,75850.0,74900.0,75459.2,2537
2018-07-04,75499.0,76350.0,75050.0,75896.95,2761
2018-07-05,76074.65,76350.0,75301.15,75477.4,2341
2018-07-06,75350.0,76198.95,74838.85,75097.15,4502
2018-07-09,75499.9,75900.0,75097.0,75505.0,3521
2018-07-10,75551.0,76429.35,75240.05,75943.9,5016
2018-07-11,76000.0,76549.0,75525.05,76153.8,3293
2018-07-12,76500.0,78178.35,76405.0,77611.2,13063
2018-07-13,77611.2,77999.0,76560.0,77059.75,3963
2018-07-16,77060.0,77060.0,74118.5,74332.0,7317
2018-07-17,74599.95,75372.65,74327.0,74608.95,5825
2018-07-18,75248.0,75490.0,73666.0,73852.35,4812
2018-07-19,74404.85,74920.0,73938.95,74475.3,3949
2018-07-20,74225.3,77683.5,74100.0,76812.45,9474
2018-07-23,76999.0,78000.0,75712.0,77782.5,4861
2018-07-24,77848.0,78267.2,77057.55,77627.9,7761
2018-07-25,77115.0,78900.0,77115.0,78208.75,5727
2018-07-26,78500.0,78899.0,78310.95,78644.75,4472
2018-07-27,78999.0,81013.55,78600.05,80860.45,11401
2018-07-30,80998.0,81190.95,79201.0,79931.4,7295
2018-07-31,80740.0,80740.0,79277.85,79490.35,4446
2018-08-01,79987.0,80396.8,79200.0,79578.85,4888
2018-08-02,79580.0,79580.0,78005.0,78372.95,5254
2018-08-03,78622.95,79150.0,78379.85,78477.15,3557
2018-08-06,78485.0,78935.85,76501.0,76892.3,5089
2018-08-07,76880.0,77583.35,76701.0,77200.2,4539
2018-08-08,77099.75,77589.85,76311.1,76650.1,6784
2018-08-09,77077.0,77450.2,75411.05,75995.1,27709
2018-08-10,76000.0,76299.7,74100.0,74233.95,13065
2018-08-13,74489.9,74489.9,73150.0,73253.95,15760
2018-08-14,73503.95,74300.0,73400.0,73819.8,12251
2018-08-16,73850.0,74199.9,73100.0,73164.7,7142
2018-08-17,73200.0,73900.0,73141.0,73747.75,7752
2018-08-20,73999.0,75089.7,73500.0,74761.9,15186
2018-08-21,75111.0,75250.0,74256.7,74498.95,11543
2018-08-23,74500.0,74800.0,74100.0,74573.5,4828
2018-08-24,74500.0,75052.65,73800.0,74075.9,2937
2018-08-27,74300.0,74500.0,74000.0,74171.9,2216
2018-08-28,74649.0,74649.0,73202.85,73316.9,4230
2018-08-29,73640.0,73640.0,73200.0,73286.4,3222
2018-08-30,73753.9,74153.95,73001.0,73218.8,5919
2018-08-31,73250.0,74300.0,73000.0,74026.75,4913
2018-09-03,73777.0,74169.95,73000.0,73038.9,3917
2018-09-04,73300.0,73600.0,70850.0,71028.9,8961
2018-09-05,71299.0,71299.0,70001.0,70352.3,7748
2018-09-06,70799.9,70984.3,70100.0,70830.55,4867
2018-09-07,70881.0,72000.0,70632.05,71251.95,4849
2018-09-10,71501.0,71550.05,70450.0,70506.5,4334
2018-09-11,70506.5,71099.95,69600.0,69769.55,3404
2018-09-12,69860.0,69958.95,68201.1,69143.35,8913
2018-09-14,69500.0,70712.9,69500.0,70244.3,6967
2018-09-17,70200.0,70200.0,69650.1,69782.3,2670
2018-09-18,69782.3,70119.0,68500.85,68731.35,4569
2018-09-19,69095.0,69249.95,67390.0,67783.4,11985
2018-09-21,68195.0,68500.0,62500.0,66744.4,10416
2018-09-24,67000.0,67000.05,64450.0,64568.0,7655
2018-09-25,64677.0,67100.0,63125.0,65780.65,17921
2018-09-26,66988.0,66988.0,65800.0,66318.55,4318
2018-09-27,67015.0,68200.0,63950.05,64202.85,12368
2018-09-28,64500.0,65737.4,62300.0,63598.55,11536
2018-10-01,64100.0,64100.0,62150.0,63025.65,12283
2018-10-03,63077.0,63654.0,62555.05,63138.8,10722
2018-10-04,62699.95,62699.95,61400.0,61603.8,13688
2018-10-05,61400.0,61400.0,60501.0,61022.2,9200
2018-10-08,60711.0,61751.0,59601.0,61120.9,12830
2018-10-09,61899.0,62700.0,60660.0,61997.3,4980
2018-10-10,61521.0,64300.0,61521.0,63979.6,6132
2018-10-11,62990.0,64269.65,61709.05,63427.5,6805
2018-10-12,63620.0,64959.95,63620.0,63978.35,11121
2018-10-15,63625.2,64579.85,62000.0,62600.6,12243
2018-10-16,62991.85,63980.0,62862.15,63212.95,6090
2018-10-17,63750.0,64263.75,61900.0,62101.85,6380
2018-10-19,61965.0,62690.0,60900.0,61967.85,7567
2018-10-22,62749.95,62749.95,61999.0,62206.95,4196
2018-10-23,61600.0,62177.0,61301.0,61723.65,5082
2018-10-24,62440.0,62700.0,61805.15,62350.0,3986
2018-10-25,62000.0,62480.0,60800.0,61362.5,7477
2018-10-26,61300.0,63421.5,60666.0,63056.15,10200
2018-10-29,63200.0,64350.0,62525.0,63932.25,5004
2018-10-30,63402.2,64900.0,63402.2,64309.15,6896
2018-10-31,64342.0,64900.0,63684.0,64498.55,4183
2018-11-01,64498.55,65350.0,64498.05,64742.05,4418
2018-11-02,65050.0,66676.55,65012.4,66480.8,6742
2018-11-05,66700.0,66800.0,65910.0,66153.8,3810
2018-11-06,66200.0,66607.4,64900.0,65160.7,4248
2018-11-07,65670.0,65933.15,65177.0,65564.95,1058
2018-11-09,65050.1,66502.0,64513.15,66345.1,10673
2018-11-12,66345.0,66985.05,65060.5,65203.15,4542
2018-11-13,65203.15,66190.0,64802.05,65822.15,4985
2018-11-14,66100.0,66740.0,65240.0,65545.95,8200
2018-11-15,65999.0,66333.0,65200.0,65784.85,7974
2018-11-16,65900.0,66800.0,65588.45,65754.95,5438
2018-11-19,65770.0,66400.0,65501.0,66190.3,3936
2018-11-20,66200.0,66330.0,65713.2,66024.45,3325
2018-11-21,66251.0,67568.0,66110.0,67324.2,8262
2018-11-22,67400.0,68169.95,67202.0,67607.4,6407
2018-11-26,68000.0,68710.0,67607.45,68198.75,10287
2018-11-27,67866.2,68680.0,67400.05,68575.25,6030
2018-11-28,68501.0,69340.0,68360.75,68792.25,6588
2018-11-29,69002.0,69150.0,68011.0,68289.9,7575
2018-11-30,68400.0,68678.55,67150.9,67332.05,5175
2018-12-03,67500.0,67949.0,66608.0,66692.85,5041
2018-12-04,66800.0,67137.7,65931.95,66128.75,2992
2018-12-05,66000.0,66196.65,65136.0,65284.0,3690
2018-12-06,65299.0,65312.05,64445.05,64764.8,2960
2018-12-07,65269.0,65700.0,64864.05,65574.85,3550
2018-12-10,64100.05,64895.45,64100.05,64364.6,3289
2018-12-11,63666.0,66500.0,63666.0,66171.7,7236
2018-12-12,66272.0,68490.0,66222.0,68146.55,6981
2018-12-13,68280.0,68899.0,67102.7,67463.55,5719
2018-12-14,67299.0,67500.0,66050.0,66335.05,5721
2018-12-17,66415.0,67200.0,66222.0,66375.15,3561
2018-12-18,66477.0,67998.95,66100.05,67561.5,4752
2018-12-19,68000.0,69500.0,67749.4,69326.95,10484
2018-12-20,68750.0,69900.0,68750.0,69049.7,10183
2018-12-21,69049.7,69561.0,66700.0,67003.85,9352
2018-12-24,67003.95,67347.0,65897.0,66117.65,5788
2018-12-26,66200.0,67503.0,65105.25,67319.65,9920
2018-12-27,67398.9,67699.0,66526.0,66686.35,8775
2018-12-28,67279.0,67475.0,66980.0,67036.95,4257
2019-01-01,67299.0,67299.0,66500.35,66801.2,4193
2019-01-02,66500.0,67100.0,66150.7,66635.5,7531
2019-01-03,66750.0,67400.0,66458.7,66818.25,4603
2019-01-04,66999.7,67349.9,66201.05,66603.15,4278
2019-01-07,67100.0,67345.9,66666.15,66978.55,6823
2019-01-08,66700.0,66976.0,66226.0,66439.9,2284
2019-01-09,66501.0,66999.0,65820.45,66070.35,4369
2019-01-10,66249.0,67094.95,65909.0,66700.7,4018
2019-01-11,66898.9,67000.0,66300.0,66937.25,2580
2019-01-14,66600.0,66996.95,65955.9,66653.05,5052
2019-01-15,66650.0,66989.95,66077.0,66195.6,3863
2019-01-16,66220.0,66485.7,65900.0,65991.2,3514
2019-01-17,66291.0,66291.0,65600.0,65802.8,3530
2019-01-18,66005.0,66098.2,65650.0,65739.8,1613
2019-01-21,65739.8,66298.95,65501.0,66126.1,8009
2019-01-22,65900.0,66166.85,65100.0,65259.6,4697
2019-01-23,65378.0,66289.95,65300.0,66072.05,3086
2019-01-24,66000.0,66188.4,64500.0,64902.75,4134
2019-01-25,65300.0,65533.3,63700.0,63920.95,3105
2019-01-28,63875.0,63875.0,62450.0,62559.95,4488
2019-01-29,62830.0,62830.0,61500.0,61868.15,8712
2019-01-30,62384.0,62384.0,61150.0,61329.4,6589
2019-01-31,61500.0,61767.6,60540.15,61289.2,7598
2019-02-01,61489.2,62699.9,61012.1,61275.7,7551
2019-02-04,61944.0,61944.0,59800.0,59906.55,7858
2019-02-05,60299.0,60400.0,59500.0,60004.3,6603
2019-02-06,60300.0,60300.0,59550.0,59936.0,5305
2019-02-07,60035.0,60800.0,58960.05,59410.55,22636
2019-02-08,59188.95,59188.95,56300.0,56451.35,24277
2019-02-11,56450.0,56900.0,54725.0,55345.6,14323
2019-02-12,55750.0,56178.0,54900.0,55355.4,10994
2019-02-13,55799.0,55892.7,55200.0,55596.8,9834
2019-02-14,55600.0,56600.0,55315.0,56302.2,8943
2019-02-15,56302.0,56408.3,55000.0,55136.85,12188
2019-02-18,55248.0,55499.0,54254.2,54460.15,5980
2019-02-19,54480.15,55403.95,53858.35,54227.9,10536
2019-02-20,54529.9,54970.0,54125.0,54793.2,6031
2019-02-21,54829.0,55250.0,54505.0,54710.65,3891
2019-02-22,54720.0,55150.0,54553.5,54960.8,4411
2019-02-25,55468.0,55468.0,54855.0,55340.15,4311
2019-02-26,55140.15,56387.1,54400.0,55952.9,5776
2019-02-27,56400.0,57266.0,56152.9,56862.75,11007
2019-02-28,57390.0,57400.0,56572.0,56839.55,12341
2019-03-01,56907.0,57400.0,56907.0,57129.1,4094
2019-03-05,57397.0,58000.0,57218.5,57663.25,8410
2019-03-06,58040.0,58790.0,57555.0,58566.4,7261
2019-03-07,58570.0,58594.85,57645.1,57839.75,4062
2019-03-08,58000.0,58000.0,56830.0,57026.6,6779
2019-03-11,57040.0,57980.15,57040.0,57708.3,5144
2019-03-12,58100.0,58253.65,56801.0,57171.0,13277
2019-03-13,57800.0,58000.0,57200.0,57414.6,8933
2019-03-14,57990.0,57990.0,57001.0,57161.45,10389
2019-03-15,57200.0,58000.0,56911.0,57609.5,8692
2019-03-18,57998.0,57998.0,57244.0,57433.75,5722
2019-03-19,57688.95,57688.95,57020.0,57444.25,2978
2019-03-20,57400.0,57400.0,56800.0,56976.6,4821
2019-03-22,57000.0,57299.0,56175.55,56547.75,5278
2019-03-25,56310.0,56320.0,55895.15,56006.25,3193
2019-03-26,56399.0,56399.0,56050.0,56180.15,5182
2019-03-27,56350.0,56885.0,56200.0,56585.15,7145
2019-03-28,56740.0,56849.9,56100.05,56296.95,5142
2019-03-29,56300.1,58175.0,56300.1,57987.15,10554
2019-04-01,58150.0,60689.95,58000.0,60163.85,15675
2019-04-02,60250.0,61684.0,60200.0,60390.1,13292
2019-04-03,60480.0,60830.0,59600.0,60040.2,7111
2019-04-04,60262.0,60498.9,59750.05,60003.15,6488
2019-04-05,60003.15,60400.0,59901.35,60259.2,4012
2019-04-08,60554.0,60554.0,58573.05,58921.3,4676
2019-04-09,59199.0,59350.0,57500.0,57641.2,8355
2019-04-10,57800.0,58450.0,57300.0,57491.75,7299
2019-04-11,57600.0,57991.0,57304.05,57468.9,3874
2019-04-12,57500.0,58599.0,57500.0,58515.75,4869
2019-04-15,59000.0,59044.75,58028.2,58147.9,4502
2019-04-16,58269.0,58540.0,57950.1,58056.1,3320
2019-04-18,58203.0,58400.1,57526.1,57812.2,4303
2019-04-22,57650.0,57747.1,56384.4,56595.15,3745
2019-04-23,57085.0,57085.0,56400.0,56564.45,3363
2019-04-24,56600.0,56800.0,55555.0,55642.4,5419
2019-04-25,56049.0,56192.95,55300.0,55420.9,5110
2019-04-26,55750.0,55839.75,54250.0,54410.05,11658
2019-04-30,54410.05,54589.75,52500.0,52905.0,9371
2019-05-02,52605.0,53690.0,51586.3,52424.85,26249
2019-05-03,52500.0,53400.0,52500.0,53110.9,12837
2019-05-06,53110.9,53990.0,52706.0,53817.85,11787
2019-05-07,54000.0,54650.0,52666.3,52944.65,5985
2019-05-08,53049.0,54500.0,53000.0,54117.75,12180
2019-05-09,54400.0,54679.95,54000.0,54431.2,7410
2019-05-10,54600.0,54798.95,53751.6,53947.35,5090
2019-05-13,53997.0,53997.9,52927.9,53071.75,2913
2019-05-14,53140.0,53499.0,52850.0,53289.85,3264
2019-05-15,53590.0,53799.0,53200.05,53559.3,7314
2019-05-16,53849.0,53970.0,53100.0,53692.4,5128
2019-05-17,53749.9,54750.0,53401.65,54369.7,5326
2019-05-20,54889.7,55149.95,54232.0,54761.3,9203
2019-05-21,55000.0,55150.0,54415.0,54772.1,5597
2019-05-22,54999.0,55250.0,54500.05,55123.85,4630
2019-05-23,55523.0,56098.2,54500.0,54818.3,9450
2019-05-24,55200.0,57464.8,55000.0,57009.3,8395
2019-05-27,57300.0,57928.05,56677.5,56862.65,6040
2019-05-28,57148.95,57250.0,56255.05,56416.7,4862
2019-05-29,56600.0,56890.0,55701.0,55916.7,4761
2019-05-30,56250.0,56250.0,55025.0,55185.25,4519
2019-05-31,55299.1,55676.7,54525.0,55265.1,6656
2019-06-03,55403.25,56431.95,55390.0,56002.45,6624
2019-06-04,56026.0,57600.0,56025.0,57382.45,11498
2019-06-06,57599.95,57741.05,55510.6,55805.8,7419
2019-06-07,55950.0,56441.3,55112.0,55597.5,6447
2019-06-10,55949.0,56000.0,55100.0,55594.55,4118
2019-06-11,55800.0,56299.9,55501.0,56197.05,3948
2019-06-12,56270.0,56270.0,55417.3,55709.5,4485
2019-06-13,55999.0,55999.0,54251.0,54770.95,6714
2019-06-14,54651.0,55144.0,54383.8,54704.75,3387
2019-06-17,54950.0,55300.0,54148.85,54724.7,5755
2019-06-18,54555.0,54950.0,54123.8,54619.8,4368
2019-06-19,54700.0,54931.8,54326.0,54495.8,6317
2019-06-20,54599.95,55000.0,54114.9,54921.7,2777
2019-06-21,54850.0,55199.9,54450.0,54922.4,3125
2019-06-24,54600.0,55089.95,54555.25,54660.7,5044
2019-06-25,55050.0,56338.65,54498.95,55552.9,13088
2019-06-26,55300.0,56350.0,55249.0,56094.75,5529
2019-06-27,56092.0,56900.0,56092.0,56501.95,7335
2019-06-28,56799.0,56800.0,56346.85,56609.6,6063
2019-07-01,56840.0,57147.95,56513.0,56758.85,3293
2019-07-02,56758.85,56974.2,56182.0,56667.6,3549
2019-07-03,56700.0,57075.35,56615.25,56806.65,4265
2019-07-04,56810.0,57000.0,56301.15,56539.45,3757
2019-07-05,56540.0,56714.1,55750.0,56003.15,3876
2019-07-08,55712.0,55712.0,54402.85,54776.25,6867
2019-07-09,54893.0,54900.0,53980.0,54571.2,6050
2019-07-10,54572.0,55400.0,54555.55,55196.9,5225
2019-07-11,55001.0,56528.45,54696.0,56163.9,4222
2019-07-12,56148.0,56291.8,55680.0,56074.7,3806
2019-07-15,55810.0,56321.55,55810.0,56132.4,4232
2019-07-16,55851.0,56745.0,55851.0,56510.9,3608
2019-07-17,56510.0,56510.0,55817.5,56004.7,4807
2019-07-18,56005.0,56252.75,55406.05,55538.4,3075
2019-07-19,55740.0,55900.0,53175.85,53502.85,8765
2019-07-22,53782.85,54365.85,53254.05,54144.1,3720
2019-07-23,54349.0,54435.4,53600.0,53941.8,3685
2019-07-24,54000.0,54639.95,53725.0,54028.6,5309
2019-07-25,54025.0,54483.6,53800.0,54112.9,4636
2019-07-26,54000.0,54981.75,54000.0,54338.5,2683
2019-07-29,54340.0,54660.0,53510.0,53785.3,7924
2019-07-30,53990.0,54289.75,53673.0,53778.5,4885
2019-07-31,53801.0,53801.0,52636.55,53548.75,5426
2019-08-01,53450.0,53878.35,53100.0,53355.6,5918
2019-08-02,53050.0,54284.55,52411.15,53869.55,5861
2019-08-05,53250.0,53650.0,52951.0,53352.9,3159
2019-08-06,53200.0,54094.95,53200.0,53871.15,2796
2019-08-07,54000.0,54450.0,53700.0,53998.5,4650
2019-08-08,54015.0,54900.0,54005.0,54699.55,2761
2019-08-09,54850.0,57431.6,54550.0,57034.45,21845
2019-08-13,56601.3,57390.9,56011.1,56736.75,7241
2019-08-14,56621.0,57871.5,56350.0,57293.0,8058
2019-08-16,57300.0,58300.0,56501.35,56823.6,5761
2019-08-19,57010.0,57745.0,57010.0,57589.8,4045
2019-08-20,57502.0,57857.0,57228.95,57548.9,3228
2019-08-21,57501.0,57857.0,57200.0,57737.0,3921
2019-08-22,57502.0,57700.0,56979.0,57572.45,5127
2019-08-23,57600.0,58400.0,56521.05,57859.5,5842
2019-08-26,58450.0,59000.0,57304.05,58782.4,5060
2019-08-27,58780.0,59499.0,58650.55,58871.5,4168
2019-08-28,58871.0,59200.0,57580.6,57924.5,3434
2019-08-29,57950.0,57988.0,57188.05,57545.65,2946
2019-08-30,57660.0,58950.0,57660.0,58590.05,4921
2019-09-03,58598.3,58649.85,57519.85,57801.55,3399
2019-09-04,57801.55,58188.9,57495.05,57691.2,3013
2019-09-05,57880.0,58260.0,57583.6,57722.45,2103
2019-09-06,58080.0,58980.0,57900.1,58754.3,2892
2019-09-09,58802.0,59200.0,58333.0,58869.1,2887
2019-09-11,58950.0,60280.0,58875.05,60101.95,6205
2019-09-12,60256.0,61109.95,60000.0,60658.9,7908
2019-09-13,60754.0,60996.7,59760.05,60119.95,7070
2019-09-16,59799.0,59980.0,59300.05,59461.5,2897
2019-09-17,59650.0,59993.65,57550.0,57852.4,5455
2019-09-18,58699.0,58699.0,58000.0,58364.55,4374
2019-09-19,58213.0,58400.0,57890.95,58069.15,2409
2019-09-20,58380.0,65850.0,58069.15,64642.9,25477
2019-09-23,64900.0,67467.0,64900.0,66180.25,16170
2019-09-24,66749.0,67227.55,65691.3,65879.55,8452
2019-09-25,65522.0,65990.0,64200.0,64499.5,6021
2019-09-26,64499.5,65420.0,62150.0,62859.6,20476
2019-09-27,62859.6,63875.85,62286.75,62674.55,7538
2019-09-30,62959.0,63449.9,62470.0,63291.55,4885
2019-10-01,63299.0,63949.0,60768.95,61863.4,9209
2019-10-03,61863.4,62065.0,61200.0,61471.05,5960
2019-10-04,61980.0,61980.0,60515.9,60938.35,4320
2019-10-07,60989.0,61559.0,60600.0,61165.1,3561
2019-10-09,61250.5,61500.9,60283.55,61186.1,6263
2019-10-10,61200.0,61389.0,60736.85,61174.0,3047
2019-10-11,61250.0,61887.55,61050.0,61722.7,4974
2019-10-14,61723.0,62717.55,61641.35,61996.65,4294
2019-10-15,62150.0,63297.9,61772.0,63027.5,4999
2019-10-16,63030.0,63615.95,62629.45,62896.9,3660
2019-10-17,62896.0,65711.6,62656.0,64901.9,7039
2019-10-18,64900.0,65086.95,63800.0,64019.75,4473
2019-10-22,64394.95,64749.9,64030.05,64211.3,3206
2019-10-23,64288.0,64542.95,63866.45,64321.3,5771
2019-10-24,64650.0,64700.0,63055.0,63480.2,8461
2019-10-25,63830.0,63980.0,63025.35,63285.6,5263
2019-10-27,63749.0,63749.0,63011.85,63324.35,535
2019-10-29,63579.0,65600.0,63334.15,65171.15,10839
2019-10-30,65250.0,65450.0,64103.45,64893.3,5400
2019-10-31,65200.0,66300.0,65105.1,65673.75,7189
2019-11-01,65990.0,66495.6,64684.4,64965.8,7154
2019-11-04,65301.0,65709.95,64200.0,64440.35,5008
2019-11-05,64738.0,65200.85,63231.4,63855.75,5484
2019-11-06,63880.0,64163.15,63365.05,63637.75,3245
2019-11-07,63755.0,63921.9,63310.05,63522.6,2116
2019-11-08,63681.4,65490.0,62855.7,64454.45,15991
2019-11-11,64001.0,64100.0,62950.0,63085.2,7175
2019-11-13,63380.0,63380.0,62400.0,62959.15,4688
2019-11-14,63068.8,63700.0,62785.3,63621.5,3395
2019-11-15,63749.05,64460.25,63312.3,63950.5,3201
2019-11-18,64110.4,64699.0,63850.0,64393.55,3043
2019-11-19,64440.0,64440.55,63420.0,63539.35,2672
2019-11-20,63849.0,64111.95,62750.2,63058.45,2999
2019-11-21,63100.0,63430.2,62446.2,62546.5,3752
2019-11-22,62546.0,63100.0,62500.05,62651.35,3155
2019-11-25,62652.0,63954.0,62652.0,63860.15,5750
2019-11-26,63865.0,64465.75,62933.75,63092.35,4604
2019-11-27,63100.0,63496.0,62851.0,63004.0,4315
2019-11-28,63200.0,64298.9,62812.0,63982.6,4581
2019-11-29,63855.05,64116.2,63200.1,63397.05,2797
2019-12-02,63397.05,63597.5,62550.0,62723.05,4456
2019-12-03,62879.05,63044.2,61931.45,62061.7,4973
2019-12-04,62061.7,62555.1,61550.0,62092.1,4926
2019-12-05,62380.0,62597.85,61575.05,61760.25,7439
2019-12-06,62187.9,62750.0,61253.4,61533.2,6126
2019-12-09,61366.0,63097.15,61252.0,62490.4,3917
2019-12-10,62400.0,62458.95,61525.05,62070.1,3345
2019-12-11,62300.0,62348.95,61603.3,62050.2,2791
2019-12-12,62100.0,62950.0,62061.9,62692.1,2718
2019-12-13,62800.0,64100.0,62800.0,63926.35,4829
2019-12-16,63600.0,64850.0,63600.0,64254.25,5929
2019-12-17,64254.0,64999.55,63879.0,64703.75,3451
2019-12-18,64603.15,64929.95,64000.0,64126.9,8346
2019-12-19,64250.0,64376.5,63728.05,64080.05,3274
2019-12-20,64080.05,64387.95,63457.9,63765.2,4087
2019-12-23,63600.0,63900.0,63387.6,63680.9,3576
2019-12-24,63616.0,63900.0,63449.9,63611.75,2205
2019-12-26,63612.0,63750.0,62796.45,63141.75,3506
2019-12-27,63299.6,66599.8,63202.1,65639.45,8889
2019-12-30,65999.0,66990.0,65500.0,66252.4,9010
