date,open,high,low,close,volume
2009-03-05,9.3,9.3,8.96,9.1,65050
2009-03-06,9.0,9.13,8.76,8.81,24765
2009-03-09,8.7,8.98,8.4,8.43,13070
2009-03-12,8.52,8.58,8.23,8.31,71535
2009-03-13,8.36,8.69,8.32,8.64,466640
2009-03-16,8.61,9.06,8.5,8.72,123115
2009-03-17,8.9,9.2,8.64,8.68,88015
2009-03-18,8.8,9.14,8.8,8.95,81720
2009-03-19,8.62,9.26,8.62,9.09,54875
2009-03-20,8.84,9.09,8.74,8.84,35200
2009-03-23,8.96,10.55,8.96,9.03,65060
2009-03-24,9.2,9.4,8.85,8.98,292385
2009-03-25,8.94,9.2,8.91,9.16,289375
2009-03-26,9.2,9.35,8.94,9.0,386510
2009-03-27,8.9,9.57,8.9,9.2,92460
2009-03-30,9.05,9.36,8.8,9.18,120485
2009-03-31,9.79,9.79,9.11,9.47,56850
2009-04-01,9.4,9.8,9.4,9.7,56060
2009-04-02,10.36,10.36,9.8,9.91,64785
2009-04-06,9.02,10.25,9.02,10.07,82595
2009-04-08,10.0,10.5,9.7,10.27,82080
2009-04-09,10.45,12.1,10.41,11.8,436390
2009-04-13,12.8,13.58,12.62,13.11,474185
2009-04-15,13.0,15.14,12.72,14.59,638660
2009-04-16,15.2,16.0,13.6,13.98,945590
2009-04-17,14.6,14.96,13.46,13.72,260615
2009-04-20,13.79,14.2,13.1,13.29,118050
2009-04-21,13.0,13.2,12.4,13.02,222190
2009-04-22,12.06,13.4,12.06,12.9,107140
2009-04-23,13.38,13.38,12.33,12.6,81200
2009-04-24,12.98,13.34,12.8,13.14,64425
2009-04-27,13.2,13.41,12.46,12.53,88935
2009-04-28,12.75,12.75,11.34,11.45,147795
2009-04-29,11.82,12.6,11.8,12.6,229160
2009-05-04,13.38,13.86,13.35,13.52,402570
2009-05-05,13.6,13.98,13.36,13.45,107830
2009-05-06,13.5,13.56,13.11,13.2,87640
2009-05-07,13.56,13.8,12.91,13.68,119800
2009-05-08,13.45,13.92,12.61,13.4,130285
2009-05-11,13.4,13.67,12.7,12.93,116140
2009-05-12,13.02,13.79,12.7,13.57,78750
2009-05-13,13.76,13.76,13.07,13.21,65750
2009-05-14,13.25,13.4,12.77,13.29,82605
2009-05-15,13.7,14.07,13.3,13.93,204840
2009-05-19,15.33,15.33,13.22,14.84,309680
2009-05-20,14.41,15.76,14.41,15.34,219135
2009-05-21,15.4,16.4,15.32,15.57,206260
2009-05-22,15.6,15.88,15.24,15.59,104785
2009-05-25,15.98,17.15,14.23,17.14,458365
2009-05-26,17.7,17.7,15.6,15.93,223870
2009-05-27,15.86,17.53,15.45,17.39,302110
2009-05-28,17.0,19.13,15.71,17.61,541055
2009-05-29,17.4,17.98,17.0,17.14,241280
2009-06-01,17.21,17.64,16.86,17.4,167185
2009-06-02,17.6,18.56,17.35,18.12,334975
2009-06-03,18.01,18.18,17.7,17.95,147290
2009-06-04,17.71,18.05,17.4,17.9,86180
2009-06-05,18.0,18.36,16.98,17.3,125165
2009-06-08,17.0,17.4,16.01,16.98,234835
2009-06-09,16.8,16.8,16.31,16.62,194715
2009-06-10,16.6,17.37,16.51,16.84,138275
2009-06-11,16.66,16.78,16.52,16.74,99490
2009-06-12,17.4,18.37,17.16,17.38,584450
2009-06-15,17.6,18.16,16.9,17.1,238705
2009-06-16,16.8,17.28,16.72,17.12,73540
2009-06-17,17.13,17.18,16.4,16.47,139480
2009-06-18,16.2,16.6,15.4,15.88,71210
2009-06-19,15.75,16.58,15.6,15.89,55915
2009-06-22,16.4,16.4,15.5,15.62,75050
2009-06-23,15.32,16.0,15.14,15.65,26835
2009-06-24,15.6,16.4,15.6,16.28,73655
2009-06-25,16.38,17.84,16.2,17.52,484795
2009-06-26,17.82,18.19,16.8,16.98,524125
2009-06-29,16.8,17.5,16.8,17.17,120345
2009-06-30,17.16,17.16,16.36,16.41,60495
2009-07-01,16.56,16.94,15.62,15.96,98125
2009-07-02,16.2,16.8,15.71,16.41,96360
2009-07-03,16.0,16.4,15.83,16.0,102225
2009-07-06,16.26,16.4,15.08,15.37,141670
2009-07-07,15.62,16.2,15.2,15.94,100570
2009-07-08,15.27,15.96,15.08,15.7,93105
2009-07-09,15.4,15.8,15.2,15.32,59565
2009-07-10,15.28,15.67,15.25,15.49,73815
2009-07-13,14.93,15.7,14.93,15.44,100275
2009-07-14,15.28,15.83,15.28,15.58,63005
2009-07-15,15.61,16.08,15.61,15.86,128615
2009-07-16,16.18,16.8,16.0,16.36,138025
2009-07-17,16.08,16.76,16.08,16.41,87445
2009-07-20,13.14,16.2,13.14,15.98,2173125
2009-07-21,16.0,16.19,15.41,15.53,178280
2009-07-22,16.0,16.1,15.2,15.28,143805
2009-07-23,14.81,16.0,14.8,15.63,113775
2009-07-24,15.63,15.93,15.44,15.56,189530
2009-07-27,15.6,15.99,15.47,15.85,94960
2009-07-28,16.0,16.02,15.65,15.72,116065
2009-07-29,15.8,16.4,15.66,16.08,211430
2009-07-30,16.35,16.94,16.03,16.32,263135
2009-07-31,16.4,16.48,15.47,15.63,186240
2009-08-03,15.87,15.89,15.47,15.8,81150
2009-08-04,15.88,16.01,15.49,15.55,65120
2009-08-05,15.6,16.04,15.45,15.94,126535
2009-08-06,15.9,16.74,15.62,15.82,206530
2009-08-07,15.65,16.05,15.45,15.53,81670
2009-08-10,15.8,17.07,15.46,16.01,635575
2009-08-11,17.0,19.22,16.56,18.95,8461260
2009-08-12,18.89,22.74,18.83,22.65,24272104
2009-08-13,23.6,24.92,23.1,23.8,14986600
2009-08-14,23.94,24.0,21.42,21.49,5116955
2009-08-17,20.4,22.27,19.67,20.32,5837245
2009-08-18,20.34,21.48,20.05,20.36,2197885
2009-08-19,20.42,20.92,19.24,19.57,1237760
2009-08-20,19.95,20.16,18.54,18.71,951540
2009-08-21,18.51,19.4,18.12,19.13,1881965
2009-08-24,19.25,20.17,19.0,19.47,830175
2009-08-25,19.64,20.19,19.54,19.65,1501435
2009-08-26,19.88,20.2,19.68,19.84,894115
2009-08-27,19.85,20.2,19.44,19.52,575525
2009-08-28,19.76,21.48,19.4,21.48,3199390
2009-08-31,21.94,22.5,20.91,21.09,2379360
2009-09-01,21.38,21.5,19.98,20.31,903595
2009-09-02,20.0,21.28,19.84,20.34,1221365
2009-09-03,20.79,20.79,19.79,19.96,469435
2009-09-04,20.4,20.4,19.83,19.98,312700
2009-09-07,20.2,21.21,20.05,20.57,1323385
2009-09-08,20.92,20.95,20.0,20.09,454955
2009-09-09,20.26,20.53,19.81,19.9,272260
2009-09-10,20.32,20.32,19.42,19.6,305905
2009-09-11,19.9,20.88,19.44,20.06,1370485
2009-09-14,20.0,21.12,19.84,20.66,1837130
2009-09-15,21.2,24.8,21.2,24.77,22856570
2009-09-16,25.2,26.48,24.44,24.74,15364245
2009-09-17,25.14,25.38,23.51,23.75,2972475
2009-09-18,24.0,25.48,22.83,25.1,8311365
2009-09-22,25.48,29.06,25.19,27.77,23107550
2009-09-23,27.78,28.74,26.27,27.44,12616250
2009-09-24,27.0,27.68,26.37,27.09,4222985
2009-09-25,26.88,27.7,26.51,27.04,2944375
2009-09-29,27.39,28.58,27.23,27.81,4096810
2009-09-30,27.95,27.95,26.98,27.11,1919800
2009-10-01,27.48,27.48,26.22,26.35,1317935
2009-10-05,27.8,27.8,25.6,26.01,2237275
2009-10-06,26.22,26.28,25.0,25.41,1430970
2009-10-07,25.78,26.54,25.38,25.63,2135910
2009-10-08,25.97,26.24,25.11,25.3,1233265
2009-10-09,25.5,25.56,24.05,24.28,894110
2009-10-12,24.21,25.38,24.01,25.01,2008335
2009-10-14,25.31,25.55,24.83,24.96,877295
2009-10-15,25.1,25.36,24.8,24.94,654465
2009-10-16,25.06,27.25,24.88,26.35,3288060
2009-10-17,26.57,26.74,26.0,26.52,652235
2009-10-20,26.21,26.21,22.63,24.2,8100075
2009-10-21,24.0,24.79,23.61,23.81,1253600
2009-10-22,23.8,24.36,22.82,23.09,788190
2009-10-23,23.75,23.8,22.3,22.61,770770
2009-10-26,22.02,26.0,22.02,24.75,8485525
2009-10-27,25.1,25.97,22.23,22.8,16787036
2009-10-28,23.0,23.47,22.2,22.92,3998485
2009-10-29,22.28,23.68,22.28,22.89,2257920
2009-10-30,23.4,23.95,21.86,22.27,2108080
2009-11-03,22.14,22.4,19.81,20.2,1274145
2009-11-04,20.6,21.0,20.13,20.56,992825
2009-11-05,20.62,21.48,20.4,21.05,1210515
2009-11-06,21.36,22.14,21.24,21.41,1571625
2009-11-09,21.69,22.19,21.32,21.85,1708430
2009-11-10,22.08,22.36,21.5,21.62,1040890
2009-11-11,21.76,22.3,21.34,21.88,1119615
2009-11-12,21.8,22.54,21.62,21.84,871095
2009-11-13,21.72,22.39,21.63,21.91,746750
2009-11-16,21.92,22.5,21.92,22.07,831530
2009-11-17,22.04,22.14,21.36,21.69,415680
2009-11-18,21.61,22.5,21.61,22.13,1269505
2009-11-19,22.15,22.99,21.85,21.97,940830
2009-11-20,21.84,22.98,21.6,22.86,1130775
2009-11-23,23.0,24.06,22.86,23.37,2190155
2009-11-24,23.48,23.78,22.88,23.0,741955
2009-11-25,23.1,23.59,22.52,22.7,616665
2009-11-26,22.6,22.8,21.87,22.11,395400
2009-11-27,21.0,21.8,21.0,21.53,687475
2009-11-30,22.0,22.37,21.71,21.84,537140
2009-12-01,21.71,22.38,21.71,22.21,474675
2009-12-02,22.38,23.0,22.3,22.41,499660
2009-12-03,22.76,23.4,22.42,22.93,1140225
2009-12-04,22.91,24.3,22.7,23.49,2400045
2009-12-07,23.8,24.37,23.4,23.57,1412915
2009-12-08,23.7,23.94,23.32,23.44,408095
2009-12-09,23.33,23.74,23.16,23.3,300175
2009-12-10,23.4,23.59,22.94,23.09,481280
2009-12-11,23.4,23.66,22.82,23.06,432360
2009-12-14,22.83,23.46,22.71,22.86,606310
2009-12-15,22.85,23.2,22.33,22.45,258945
2009-12-16,22.47,22.88,22.28,22.53,421470
2009-12-17,22.64,24.35,22.64,23.99,1680225
2009-12-18,24.28,24.97,23.25,23.51,2273710
2009-12-21,23.74,24.08,22.84,23.03,578555
2009-12-22,22.62,23.54,22.62,23.25,325590
2009-12-23,23.5,24.0,23.4,23.8,568330
2009-12-24,23.8,23.9,22.96,23.14,388025
2009-12-29,23.48,23.7,23.02,23.15,257035
2009-12-30,23.04,23.88,22.91,23.54,664860
2009-12-31,23.7,24.75,23.5,24.39,1143325
2010-01-04,24.39,25.6,24.39,25.15,2184720
2010-01-05,25.39,26.08,25.04,25.69,1906265
2010-01-06,25.8,25.8,24.63,24.92,1110360
2010-01-07,25.4,25.4,24.43,24.62,546295
2010-01-08,24.72,25.48,24.6,24.72,699170
2010-01-11,25.74,26.78,25.6,25.79,2775290
2010-01-12,26.36,26.36,25.0,25.12,1052575
2010-01-13,25.18,25.55,24.7,25.28,583925
2010-01-14,25.34,26.46,25.25,26.07,1620355
2010-01-15,26.2,26.47,25.22,25.41,566020
2010-01-18,25.3,26.05,24.85,25.49,526125
2010-01-19,25.74,25.74,24.82,24.93,540120
2010-01-20,25.06,27.4,25.02,26.38,5719680
2010-01-21,26.38,26.38,24.66,24.93,1211870
2010-01-22,24.56,24.98,23.2,24.38,925075
2010-01-25,24.03,25.1,24.03,24.5,904565
2010-01-27,24.08,24.54,22.63,22.87,678525
2010-01-28,23.18,23.92,22.82,22.92,590900
2010-01-29,22.58,22.8,21.9,22.44,484075
2010-02-01,22.41,23.34,22.15,23.07,464770
2010-02-02,23.2,23.7,22.83,23.01,341280
2010-02-03,23.38,23.53,23.14,23.43,260285
2010-02-04,23.41,23.92,23.16,23.23,411975
2010-02-05,22.26,22.8,22.03,22.28,441695
2010-02-06,22.5,22.53,22.35,22.44,61640
2010-02-08,22.5,22.8,22.12,22.3,190835
2010-02-09,22.3,22.96,22.28,22.35,255250
2010-02-10,22.42,25.0,22.42,24.51,3346370
2010-02-11,25.03,25.53,24.85,25.05,2599715
2010-02-15,25.1,25.85,23.03,24.84,836435
2010-02-16,24.79,25.6,24.79,25.45,585680
2010-02-17,25.96,26.34,25.13,25.32,961790
2010-02-18,25.58,25.58,25.02,25.12,188035
2010-02-19,25.08,25.3,24.52,25.0,171885
2010-02-22,25.58,25.58,24.14,24.41,563070
2010-02-23,24.54,24.54,23.6,23.88,257860
2010-02-24,23.88,24.98,23.6,24.79,662440
2010-02-25,25.0,25.0,24.25,24.57,118945
2010-02-26,24.88,25.16,24.4,24.68,280075
2010-03-02,24.22,25.12,24.22,24.61,232475
2010-03-03,24.42,25.17,24.42,25.08,231905
2010-03-04,25.0,25.26,24.65,24.81,152750
2010-03-05,24.9,25.19,24.48,24.75,145995
2010-03-08,25.12,25.18,24.52,24.64,112715
2010-03-09,24.03,25.05,24.03,24.94,159175
2010-03-10,25.4,25.67,24.84,25.08,305140
2010-03-11,24.48,25.27,24.48,24.91,93400
2010-03-12,24.25,25.1,24.25,24.85,185555
2010-03-15,24.71,25.5,24.56,24.93,313830
2010-03-16,25.08,25.34,24.8,25.01,244250
2010-03-17,25.0,25.92,24.97,25.62,783340
2010-03-18,25.62,26.14,25.62,25.82,483570
2010-03-19,25.7,26.88,25.7,26.01,1274115
2010-03-22,26.12,26.66,25.8,26.16,380075
2010-03-23,26.4,26.8,26.2,26.36,432300
2010-03-25,27.0,31.14,26.6,28.49,25417080
2010-03-26,28.73,29.16,26.9,27.03,6198735
2010-03-29,27.11,27.98,26.45,26.98,3207185
2010-03-30,27.0,27.5,26.35,26.46,802250
2010-03-31,26.35,27.38,26.35,26.66,1146290
2010-04-01,26.86,27.72,26.65,27.37,761490
2010-04-05,27.8,28.7,27.45,28.31,2999255
2010-04-06,28.3,28.6,27.76,27.92,708165
2010-04-07,28.22,28.96,27.94,28.16,1419245
2010-04-08,28.44,28.9,27.99,28.04,872010
2010-04-09,28.54,31.36,28.1,30.47,8015505
2010-04-12,31.28,31.28,29.51,29.72,1337880
2010-04-13,29.8,33.2,29.43,32.81,15987295
2010-04-15,33.4,34.33,32.5,32.98,6106385
2010-04-16,33.06,34.48,31.75,33.95,3034645
2010-04-19,32.74,33.5,32.4,32.94,1505750
2010-04-20,33.2,34.45,32.71,33.99,2444240
2010-04-21,34.32,35.4,34.2,34.61,1696000
2010-04-22,34.53,35.18,34.23,34.88,1177070
2010-04-23,34.64,36.32,34.64,35.65,2763975
2010-04-26,36.0,36.68,34.6,34.97,972925
2010-04-27,34.97,35.18,34.16,34.67,563565
2010-04-28,34.0,36.0,33.71,35.42,2045470
2010-04-29,35.6,35.97,34.8,34.91,558005
2010-04-30,35.2,35.2,33.61,33.89,604670
2010-05-03,34.2,35.15,33.44,34.25,1238465
2010-05-04,34.4,34.76,32.62,33.12,530430
2010-05-05,31.87,34.48,31.0,34.1,855120
2010-05-06,33.76,34.38,33.05,33.2,579695
2010-05-07,32.95,33.4,32.4,32.81,429535
2010-05-10,33.22,34.1,33.21,33.39,487040
2010-05-11,33.62,33.62,32.01,32.43,298245
2010-05-12,32.9,33.69,32.52,32.76,260915
2010-05-13,33.33,33.38,32.61,32.65,114590
2010-05-14,33.4,33.4,31.66,32.11,167130
2010-05-17,31.7,32.58,31.22,31.98,192885
2010-05-18,31.6,33.2,31.6,32.86,327580
2010-05-19,32.36,32.9,30.88,31.95,436740
2010-05-20,31.6,32.58,31.03,32.11,202175
2010-05-21,31.16,31.9,31.16,31.63,134965
2010-05-24,32.0,32.8,32.0,32.23,182150
2010-05-25,31.42,31.89,30.51,30.94,187330
2010-05-26,31.2,31.96,31.07,31.68,111090
2010-05-27,31.4,32.0,31.4,31.72,88720
2010-05-28,32.0,34.4,32.0,33.9,879515
2010-05-31,34.2,34.4,33.4,33.9,199335
2010-06-01,33.65,34.69,32.82,33.28,580290
2010-06-02,33.2,34.0,33.2,33.74,169640
2010-06-03,33.7,34.88,33.6,33.8,431130
2010-06-04,33.5,34.18,33.4,33.51,119985
2010-06-07,32.62,33.6,32.62,32.86,136240
2010-06-08,33.31,33.5,31.87,32.2,116585
2010-06-09,31.4,32.98,31.4,32.04,149665
2010-06-10,32.1,32.78,32.04,32.36,75775
2010-06-11,32.6,33.01,32.39,32.47,145550
2010-06-14,32.97,33.43,32.2,32.81,117495
2010-06-15,32.57,33.12,32.56,32.77,144550
2010-06-16,32.9,34.56,32.61,33.47,509470
2010-06-17,33.12,34.38,33.1,33.67,149195
2010-06-18,34.13,34.13,32.7,33.02,137220
2010-06-21,33.24,33.7,33.12,33.31,95030
2010-06-22,33.94,35.34,32.82,34.39,1073655
2010-06-23,34.6,37.26,34.06,36.19,1948390
2010-06-24,36.68,37.44,36.4,36.92,822640
2010-06-25,37.24,39.38,37.0,38.08,4200050
2010-06-28,38.42,39.6,37.8,39.27,1665680
2010-06-29,39.6,41.3,38.64,40.74,3800810
2010-06-30,40.4,40.78,39.2,40.14,924350
2010-07-01,39.76,39.9,38.8,39.05,413885
2010-07-02,39.6,41.54,38.7,40.46,2125515
2010-07-05,41.0,42.38,40.8,41.63,1486800
2010-07-06,41.94,42.55,41.4,42.12,776165
2010-07-07,42.12,42.5,41.05,41.41,479035
2010-07-08,41.64,42.4,41.64,41.97,562165
2010-07-09,42.19,42.3,41.2,41.27,293520
2010-07-12,41.4,41.78,40.4,40.71,217355
2010-07-13,40.51,40.94,39.81,40.17,220540
2010-07-14,40.17,41.2,40.02,40.26,292730
2010-07-15,40.02,40.58,39.11,39.39,139500
2010-07-16,39.55,40.52,39.16,39.31,179500
2010-07-19,39.2,39.8,39.02,39.49,79755
2010-07-20,39.99,41.0,39.6,39.76,334085
2010-07-21,39.82,40.59,39.56,39.66,127145
2010-07-22,39.9,40.14,39.07,39.78,172030
2010-07-23,40.0,40.3,39.51,39.71,157900
2010-07-26,39.4,41.0,39.4,39.9,702210
2010-07-27,40.2,40.2,39.44,39.69,146920
2010-07-28,39.42,40.18,39.1,39.41,154950
2010-07-29,39.21,39.88,39.21,39.43,66905
2010-07-30,39.6,39.78,37.4,39.07,184485
2010-08-02,39.78,39.96,38.6,38.79,132365
2010-08-03,39.22,39.4,38.73,38.82,218295
2010-08-04,38.82,38.94,36.73,37.61,375885
2010-08-05,37.8,40.49,37.7,39.91,719875
2010-08-06,39.96,40.2,39.2,39.95,184045
2010-08-09,40.0,40.4,39.51,40.13,185735
2010-08-10,39.74,40.31,38.61,38.8,199000
2010-08-11,39.16,39.34,38.22,38.46,77150
2010-08-12,38.02,38.5,37.6,37.8,132340
2010-08-13,37.8,38.96,37.8,38.63,193540
2010-08-16,39.19,40.16,38.82,38.98,278245
2010-08-17,39.4,39.4,38.22,38.49,50960
2010-08-18,38.54,38.54,37.8,37.96,143390
2010-08-19,38.56,44.34,38.22,41.9,6103120
2010-08-20,42.08,47.67,41.06,44.38,10910220
2010-08-23,44.5,46.6,43.84,45.31,3480875
2010-08-24,45.4,47.12,44.5,46.0,4160730
2010-08-25,46.81,48.8,46.3,46.88,5310660
2010-08-26,47.24,48.14,46.18,46.82,2062495
2010-08-27,46.86,55.39,46.19,52.13,23252616
2010-08-30,52.6,55.67,51.72,52.81,15434065
2010-08-31,51.0,52.85,49.21,50.26,3038060
2010-09-01,54.0,54.14,50.5,53.69,4807620
2010-09-02,54.2,54.41,52.24,52.82,2252980
2010-09-03,53.13,58.34,52.4,56.38,6438765
2010-09-06,57.67,61.56,56.5,60.13,10247580
2010-09-07,59.6,61.8,59.2,59.96,6078360
2010-09-08,59.93,60.58,58.24,58.72,1721370
2010-09-09,59.32,59.52,57.8,58.11,972245
2010-09-13,58.6,60.78,58.0,58.83,1598245
2010-09-14,59.23,61.04,57.4,58.91,3176435
2010-09-15,58.91,60.3,58.52,58.83,1125930
2010-09-16,58.4,58.99,57.0,57.33,883500
2010-09-17,57.4,59.4,57.22,58.98,1354315
2010-09-20,58.8,59.66,58.04,58.52,714200
2010-09-21,58.62,59.2,57.22,57.77,724255
2010-09-22,58.28,58.78,56.6,57.26,620395
2010-09-23,57.54,59.92,56.8,57.94,2657425
2010-09-24,58.0,59.0,57.52,58.01,942340
2010-09-27,58.22,58.6,57.04,57.41,383590
2010-09-28,57.77,57.78,57.06,57.44,559245
2010-09-29,57.68,58.8,56.36,56.7,442110
2010-09-30,57.0,60.2,56.5,58.25,3982060
2010-10-01,58.8,59.56,57.29,57.73,1604725
2010-10-04,58.48,58.6,57.4,57.64,609825
2010-10-05,57.98,58.66,56.6,56.99,1415100
2010-10-06,57.3,57.93,54.6,55.72,1401345
2010-10-07,55.52,56.4,54.05,54.56,1705005
2010-10-08,54.6,55.76,53.02,53.87,509340
2010-10-11,56.7,59.6,54.08,54.5,320800
2010-10-12,54.67,54.8,53.42,54.6,283765
2010-10-13,54.72,56.4,54.42,56.07,874505
2010-10-14,56.6,56.7,55.56,56.03,342015
2010-10-15,56.81,57.52,55.64,56.02,502415
2010-10-18,56.64,56.8,54.1,56.59,234485
2010-10-19,56.3,56.8,55.04,55.83,486690
2010-10-20,53.25,55.58,53.25,55.1,241635
2010-10-21,55.5,57.0,55.4,56.43,365580
2010-10-22,56.99,56.99,55.8,56.22,143030
2010-10-25,56.02,56.97,55.4,56.34,198975
2010-10-26,55.8,56.78,55.26,55.82,162085
2010-10-27,55.4,59.56,55.2,57.79,3429280
2010-10-28,59.34,59.34,55.62,56.04,1789090
2010-10-29,56.08,56.16,53.28,53.97,565570
2010-11-01,54.78,55.0,54.01,54.39,284665
2010-11-02,54.4,56.76,53.5,55.37,932250
2010-11-03,55.8,56.0,54.6,55.33,346435
2010-11-04,55.6,56.0,54.6,55.85,429945
2010-11-05,56.0,56.0,55.44,55.91,155690
2010-11-08,56.0,58.94,55.0,57.84,1479335
2010-11-09,58.2,62.8,57.9,62.34,6400410
2010-11-10,62.95,68.99,62.0,67.64,8406095
2010-11-11,68.18,68.8,64.6,66.52,2442270
2010-11-12,67.1,67.18,62.0,62.57,968375
2010-11-15,62.8,67.08,61.2,64.41,2454425
2010-11-16,64.6,65.9,63.13,64.03,1023750
2010-11-18,64.2,65.6,60.8,61.7,565340
2010-11-19,62.0,66.38,61.21,63.0,2057530
2010-11-22,63.66,65.6,63.25,63.98,489565
2010-11-23,64.2,64.26,58.53,62.48,514955
2010-11-24,62.52,67.7,62.4,64.81,3169215
2010-11-25,65.0,68.4,63.73,65.44,3006015
2010-11-26,65.96,66.58,55.0,63.61,1467265
2010-11-29,64.58,65.2,62.0,63.99,637585
2010-11-30,63.6,64.6,62.7,63.32,390460
2010-12-01,63.85,67.98,63.85,67.13,922165
2010-12-02,67.93,71.4,67.13,69.61,2938160
2010-12-03,70.18,70.18,65.5,67.03,651790
2010-12-06,67.4,69.2,65.0,65.47,416005
2010-12-07,65.0,66.88,62.44,65.97,881080
2010-12-08,65.61,67.8,64.24,64.87,995625
2010-12-09,65.36,65.36,57.6,58.41,864230
2010-12-10,58.0,62.98,57.2,62.26,764310
2010-12-13,63.37,65.59,62.6,64.01,768495
2010-12-14,64.74,65.8,63.64,64.74,395155
2010-12-15,65.0,65.0,61.1,63.49,399620
2010-12-16,63.69,64.8,63.0,63.89,332895
2010-12-20,63.96,64.8,62.0,63.34,337290
2010-12-21,63.45,64.34,62.4,62.95,186735
2010-12-22,63.2,64.35,61.52,62.03,374550
2010-12-23,62.58,62.58,61.11,61.42,253875
2010-12-24,61.6,62.2,60.22,60.85,165125
2010-12-27,61.0,62.34,60.6,60.95,112915
2010-12-28,61.22,64.35,61.11,62.82,1204385
2010-12-29,63.12,63.45,61.6,62.45,247110
2010-12-30,62.0,62.98,61.46,61.77,172245
2011-01-03,62.2,63.6,62.02,62.49,165355
2011-01-04,63.18,64.36,62.4,63.85,286865
2011-01-05,66.6,69.8,63.0,63.64,1069665
2011-01-06,63.8,64.0,61.6,62.03,271895
2011-01-07,62.38,63.0,60.0,60.38,286980
2011-01-10,60.59,61.8,58.26,58.83,284915
2011-01-11,60.4,60.4,57.24,57.78,193460
2011-01-12,58.0,60.09,57.02,59.58,223840
2011-01-13,59.2,61.4,57.8,58.26,232585
2011-01-14,58.24,59.23,57.2,57.5,172720
2011-01-17,58.56,58.56,56.27,56.86,207020
2011-01-18,57.0,59.2,56.91,58.47,246040
2011-01-19,58.07,58.99,57.26,57.48,113970
2011-01-20,56.64,61.98,56.42,61.12,1780335
2011-01-21,60.81,61.98,59.61,60.09,770515
2011-01-24,60.4,62.4,59.22,60.54,930390
2011-01-25,60.6,61.15,59.22,59.5,188165
2011-01-27,59.49,62.0,58.86,59.43,1167360
2011-01-28,59.6,60.4,56.4,57.11,402065
2011-01-31,56.6,57.1,55.0,55.92,281130
2011-02-01,55.92,57.69,55.3,55.59,175230
2011-02-02,56.2,56.79,54.4,54.76,190625
2011-02-03,55.57,56.4,53.8,55.08,219790
2011-02-04,55.0,56.12,54.0,54.29,141175
2011-02-07,54.4,55.8,53.6,53.93,90495
2011-02-08,54.0,54.0,50.47,51.07,125425
2011-02-09,50.62,51.0,43.6,45.68,368670
2011-02-10,45.2,50.1,44.6,47.81,457645
2011-02-11,47.57,54.48,47.57,53.38,581700
2011-02-14,53.6,55.78,53.11,54.04,586935
2011-02-15,54.2,55.6,53.08,54.22,603690
2011-02-16,54.52,55.2,54.0,54.18,143535
2011-02-17,54.01,54.79,53.02,54.44,72760
2011-02-18,53.85,55.16,51.03,51.76,140685
2011-02-21,50.22,52.3,50.21,51.26,109660
2011-02-22,53.1,53.1,50.2,50.53,123450
2011-02-23,51.0,52.6,50.29,50.48,120390
2011-02-24,50.0,50.8,49.02,50.18,107525
2011-02-25,51.0,51.0,47.01,47.54,206085
2011-02-28,48.69,49.8,46.02,46.59,166225
2011-03-01,47.25,50.8,46.71,50.08,459050
2011-03-03,49.0,51.4,49.0,49.69,179345
2011-03-04,50.8,51.16,49.6,49.88,252075
2011-03-07,50.0,50.5,48.5,49.25,103620
2011-03-08,49.4,52.5,49.06,50.79,381025
2011-03-09,51.43,51.6,50.0,50.52,87610
2011-03-10,50.24,53.6,50.21,51.23,292275
2011-03-11,51.02,52.6,50.27,50.57,182055
2011-03-14,50.4,51.99,50.22,50.35,131210
2011-03-15,49.41,49.6,47.05,48.66,119155
2011-03-16,48.72,51.12,47.44,49.9,318185
2011-03-17,49.61,50.99,49.41,50.02,177140
2011-03-18,50.42,50.8,49.8,50.22,114265
2011-03-21,50.2,50.58,48.24,50.41,62180
2011-03-22,50.61,52.19,50.44,51.1,189235
2011-03-23,50.81,51.98,50.81,51.14,206060
2011-03-24,51.18,52.0,51.18,51.21,71225
2011-03-25,52.02,54.4,51.66,53.07,325840
2011-03-28,53.0,55.85,52.97,55.25,385170
2011-03-29,55.41,59.4,55.0,55.71,828325
2011-03-30,56.0,56.99,55.26,55.7,133815
2011-03-31,56.4,56.67,55.0,55.04,117810
2011-04-01,55.26,56.0,55.0,55.34,75965
2011-04-04,55.98,57.78,55.61,56.38,142025
2011-04-05,56.96,56.96,55.3,55.74,85055
2011-04-06,55.8,57.0,55.41,56.18,203060
2011-04-07,55.61,56.8,55.2,55.51,175135
2011-04-08,55.06,55.92,53.11,55.01,110980
2011-04-11,55.0,59.1,55.0,57.14,2317240
2011-04-13,56.56,57.5,55.62,55.85,329550
2011-04-15,56.0,57.0,55.46,55.83,176145
2011-04-18,56.0,56.6,55.0,55.06,124030
2011-04-19,55.01,56.43,55.0,56.05,224075
2011-04-20,56.58,56.8,55.28,55.59,154095
2011-04-21,56.07,56.4,55.4,55.55,78100
2011-04-25,55.7,56.37,55.0,55.25,95545
2011-04-26,55.98,56.4,55.2,55.38,129780
2011-04-27,55.95,57.34,55.21,55.49,381895
2011-04-28,56.2,56.48,55.0,55.09,169455
2011-04-29,55.4,55.6,54.98,55.04,385990
2011-05-02,55.6,55.78,55.0,55.01,82105
2011-05-03,55.0,55.6,55.0,55.06,105335
2011-05-04,55.1,55.37,55.0,55.04,164050
2011-05-05,55.19,55.71,54.97,55.0,91115
2011-05-06,55.4,55.4,55.0,55.0,58710
2011-05-09,55.2,55.6,55.0,55.01,57545
2011-05-10,55.32,56.38,55.12,55.36,81260
2011-05-11,55.79,56.28,55.02,55.14,42525
2011-05-12,56.0,56.0,54.91,54.99,85845
2011-05-13,55.0,55.6,55.0,55.01,49415
2011-05-16,55.21,56.98,55.0,55.28,359900
2011-05-17,55.4,56.45,55.22,55.81,119710
2011-05-18,55.96,55.97,55.59,55.61,62825
2011-05-19,55.66,56.2,55.59,55.61,65385
2011-05-20,55.9,56.56,55.27,55.63,67540
2011-05-23,55.73,56.2,55.2,55.89,121820
2011-05-24,55.61,55.98,55.6,55.61,61030
2011-05-25,55.98,55.98,55.39,55.65,119990
2011-05-26,55.82,55.96,55.44,55.66,29925
2011-05-27,55.99,58.2,55.64,56.23,62330
2011-05-30,56.53,58.56,55.45,57.2,375950
2011-05-31,57.97,57.97,55.6,55.94,345615
2011-06-01,55.8,56.3,55.59,55.6,123970
2011-06-02,55.2,57.9,54.72,56.13,698255
2011-06-03,56.2,56.82,55.6,55.62,68215
2011-06-06,56.58,57.2,55.72,56.56,176275
2011-06-07,56.98,57.0,56.09,56.4,66610
2011-06-08,55.81,56.92,55.69,55.83,50280
2011-06-09,56.07,56.36,55.68,55.76,24100
2011-06-10,55.75,56.92,55.6,55.62,101255
2011-06-13,55.63,56.88,54.79,55.66,130770
2011-06-14,55.65,56.35,55.13,55.54,208735
2011-06-15,56.0,56.24,54.07,54.77,114425
2011-06-16,54.08,54.8,54.0,54.29,37305
2011-06-17,55.1,59.42,53.03,53.26,67955
2011-06-20,53.75,53.75,51.0,51.96,86875
2011-06-21,52.0,53.04,51.81,52.68,54005
2011-06-22,52.2,52.77,52.02,52.51,25035
2011-06-23,52.2,54.74,52.0,53.88,202860
2011-06-24,53.8,55.39,53.42,54.82,54890
2011-06-27,55.19,55.19,53.8,54.0,178100
2011-06-28,54.01,54.49,53.43,53.59,78435
2011-06-29,54.34,54.36,53.13,53.35,41605
2011-06-30,53.41,53.93,52.82,53.12,17935
2011-07-01,53.4,53.81,50.46,53.26,57860
2011-07-04,53.6,53.91,52.84,52.95,19215
2011-07-05,53.2,56.02,51.4,53.79,236005
2011-07-06,54.21,54.6,54.0,54.23,33135
2011-07-07,54.59,55.2,53.83,54.61,56440
2011-07-08,54.26,54.84,53.82,54.59,62985
2011-07-11,54.6,55.01,54.4,54.6,67170
2011-07-12,54.2,57.08,54.0,55.0,363245
2011-07-13,55.6,56.65,55.4,56.26,85805
2011-07-14,55.99,57.0,55.81,56.02,66515
2011-07-15,56.7,56.8,55.7,56.03,28485
2011-07-18,56.0,57.2,55.7,57.04,105600
2011-07-19,57.31,57.31,56.0,56.71,56620
2011-07-20,56.51,57.18,55.84,56.65,135555
2011-07-21,53.0,57.2,53.0,56.81,40365
2011-07-22,56.6,57.0,56.04,56.23,22340
2011-07-25,56.33,56.8,56.09,56.33,22415
2011-07-26,56.71,57.13,55.82,56.0,52120
2011-07-27,56.4,56.67,55.6,55.97,25180
2011-07-28,55.71,56.51,55.59,55.96,106125
2011-07-29,55.91,56.38,55.8,56.01,51800
2011-08-01,56.02,56.4,54.81,55.06,21475
2011-08-02,55.08,55.4,54.4,54.91,11510
2011-08-03,54.63,55.24,53.82,54.65,83080
2011-08-04,54.2,55.2,54.2,54.62,54645
2011-08-05,53.0,54.98,52.05,54.06,701865
2011-08-08,52.2,54.54,50.99,54.12,98925
2011-08-09,53.5,54.0,51.6,53.11,170555
2011-08-10,53.2,54.4,53.02,53.28,21105
2011-08-11,52.8,53.95,52.31,52.51,22060
2011-08-12,53.74,53.96,52.0,52.23,42725
2011-08-16,52.41,53.3,51.22,51.73,36030
2011-08-17,51.9,52.56,50.81,52.02,76475
2011-08-18,52.2,52.34,51.08,51.56,44645
2011-08-19,50.03,52.6,50.03,51.82,75455
2011-08-22,52.49,52.49,50.81,51.93,38595
2011-08-23,51.8,52.38,51.6,51.94,15095
2011-08-24,52.0,52.58,51.56,51.8,16220
2011-08-25,51.8,52.18,51.6,51.88,17050
2011-08-26,51.6,51.86,48.58,48.97,104870
2011-08-29,50.85,51.11,49.4,50.1,7875
2011-08-30,50.41,51.8,50.0,51.11,202505
2011-09-02,51.4,51.51,50.4,50.94,119090
2011-09-05,49.7,51.18,49.7,50.13,12800
2011-09-06,50.05,50.36,49.7,49.89,18550
2011-09-07,49.79,50.54,49.79,50.08,30955
2011-09-08,51.15,51.15,49.81,49.94,18095
2011-09-09,50.0,50.37,49.05,49.37,21565
2011-09-12,49.0,49.7,46.8,49.2,56340
2011-09-13,49.59,49.59,48.52,48.89,11780
2011-09-14,49.0,49.14,48.4,48.55,11125
2011-09-15,48.8,49.0,46.03,47.43,96120
2011-09-16,48.18,48.71,47.42,48.06,25385
2011-09-19,48.1,48.98,48.0,48.81,14755
2011-09-20,50.2,51.4,48.2,48.6,264940
2011-09-21,48.1,48.9,47.6,47.89,45500
2011-09-22,47.21,47.65,46.6,46.85,41685
2011-09-23,46.51,46.8,44.03,46.55,45980
2011-09-26,47.2,47.2,45.2,46.4,235035
2011-09-27,46.51,47.18,45.8,46.41,49780
2011-09-28,46.24,46.86,45.21,46.54,66480
2011-09-29,46.4,46.6,46.03,46.35,30205
2011-09-30,46.4,46.69,46.25,46.45,18810
2011-10-03,45.99,46.48,45.26,45.96,28950
2011-10-04,45.24,46.5,45.23,46.15,25810
2011-10-05,46.01,46.4,45.63,46.15,30625
2011-10-07,46.4,46.6,46.2,46.21,11660
2011-10-10,46.4,47.19,46.4,46.43,9860
2011-10-11,46.39,47.35,46.2,46.35,28010
2011-10-12,45.8,46.79,45.8,46.58,11320
2011-10-13,46.23,46.8,45.11,45.5,14720
2011-10-14,45.02,46.0,44.6,44.95,22840
2011-10-17,45.2,46.0,44.15,44.44,26405
2011-10-18,44.2,50.96,42.42,46.64,5259530
2011-10-19,47.0,48.2,45.33,45.61,486410
2011-10-20,45.98,45.98,43.67,44.92,147565
2011-10-21,44.84,45.79,44.23,44.56,54760
2011-10-24,44.56,46.0,42.63,43.77,83925
2011-10-25,43.8,44.75,43.22,43.5,50770
2011-10-26,44.42,44.6,43.8,44.35,17845
2011-10-28,44.7,45.6,44.03,44.41,68150
2011-10-31,44.4,48.08,44.04,47.18,270640
2011-11-01,46.4,47.4,46.2,46.36,38230
2011-11-02,46.36,47.13,45.58,46.79,34835
2011-11-03,46.61,48.8,44.72,48.04,110235
2011-11-04,48.98,50.8,48.81,49.48,310965
2011-11-08,49.8,49.81,47.67,49.31,61295
2011-11-09,49.17,49.83,47.8,48.23,100375
2011-11-11,48.76,48.76,46.6,46.78,102770
2011-11-14,47.24,47.24,43.95,44.61,147225
2011-11-15,45.18,45.18,43.8,44.05,112495
2011-11-16,44.4,44.4,43.4,43.83,43040
2011-11-17,43.43,44.19,43.04,43.44,21730
2011-11-18,43.02,43.1,41.4,42.62,45105
2011-11-21,43.0,43.0,41.64,41.99,67820
2011-11-22,43.49,43.49,41.03,42.29,94095
2011-11-23,42.3,42.3,41.62,42.02,34000
2011-11-24,41.66,42.45,41.61,42.2,44570
2011-11-25,42.45,43.2,38.99,40.05,2074880
2011-11-28,40.21,42.18,40.21,41.66,71615
2011-11-29,41.49,42.54,41.0,41.58,96225
2011-11-30,41.0,43.8,41.0,42.99,174230
2011-12-01,43.2,44.9,42.56,44.21,94200
2011-12-02,44.0,47.39,43.41,45.64,67505
2011-12-05,45.99,49.8,45.99,48.56,1507590
2011-12-07,49.96,56.6,49.62,55.46,10506050
2011-12-08,54.0,55.88,50.0,51.62,3596565
2011-12-09,50.02,52.8,49.0,49.59,919365
2011-12-12,50.01,51.34,49.26,50.29,603360
2011-12-13,49.8,50.75,48.2,49.14,636930
2011-12-14,49.46,50.38,47.62,47.86,266190
2011-12-15,47.57,48.3,46.5,47.25,172360
2011-12-16,47.53,48.38,45.6,46.0,107960
2011-12-19,45.0,46.2,44.39,45.45,133220
2011-12-20,45.75,45.8,44.2,45.18,78460
2011-12-21,45.47,47.54,45.33,46.36,131030
2011-12-22,46.15,46.54,45.03,46.07,50335
2011-12-23,46.23,47.9,46.2,46.72,86940
2011-12-26,47.6,48.54,46.2,47.73,126055
2011-12-27,47.45,48.01,46.23,46.68,29725
2011-12-28,47.15,47.16,46.01,46.1,16400
2011-12-29,46.36,47.29,45.0,46.32,79410
2011-12-30,46.67,47.6,46.09,46.44,93420
2012-01-02,46.36,47.09,46.36,46.59,29285
2012-01-03,47.14,48.64,46.7,47.89,87485
2012-01-04,48.0,48.77,47.0,47.34,41605
2012-01-05,47.19,48.17,46.66,46.98,26215
2012-01-06,47.0,47.4,46.3,47.17,14775
2012-01-07,47.4,47.4,46.52,46.95,2730
2012-01-09,46.61,48.58,46.4,47.54,77240
2012-01-10,47.69,49.97,47.2,48.65,166365
2012-01-11,49.0,52.38,48.26,50.85,342150
2012-01-12,51.2,51.39,50.0,50.57,72065
2012-01-13,50.8,51.28,50.3,50.52,51120
2012-01-16,50.39,51.4,49.44,50.81,46110
2012-01-17,51.0,53.59,50.42,52.89,246135
2012-01-18,54.34,55.23,52.67,53.02,299650
2012-01-19,52.42,54.39,52.04,53.37,90475
2012-01-20,53.03,55.24,52.92,54.43,225825
2012-01-23,54.4,55.4,53.6,54.8,109745
2012-01-24,54.6,55.0,53.67,54.36,92330
2012-01-25,53.21,54.4,52.47,53.12,69130
2012-01-27,52.43,54.68,52.43,54.49,131365
2012-01-30,54.78,54.8,54.0,54.53,128745
2012-01-31,54.1,58.2,53.61,55.89,638920
2012-02-01,55.62,56.2,54.6,54.99,130485
2012-02-02,55.06,55.89,54.65,55.34,72505
2012-02-03,55.0,55.31,54.43,54.74,180830
2012-02-06,54.98,56.2,54.82,55.2,383270
2012-02-07,56.4,56.98,54.43,54.79,417615
2012-02-08,54.6,55.65,54.22,55.12,53175
2012-02-09,55.4,55.6,54.25,54.74,98095
2012-02-10,55.5,57.4,54.9,55.59,692585
2012-02-13,54.8,55.35,54.11,54.69,77915
2012-02-14,54.04,56.2,54.04,55.64,84405
2012-02-15,55.6,56.8,55.42,56.09,147260
2012-02-16,56.14,56.4,55.78,56.03,65570
2012-02-17,55.04,56.8,47.33,56.08,1196275
2012-02-21,56.01,56.22,55.1,55.72,51270
2012-02-22,55.6,56.18,54.9,55.2,67430
2012-02-23,54.7,55.55,54.4,54.49,47190
2012-02-24,54.4,55.39,53.7,54.95,21820
2012-02-27,55.0,55.38,53.4,53.88,58305
2012-02-28,53.43,55.72,53.42,55.3,58295
2012-02-29,56.17,56.4,55.51,56.06,77680
2012-03-01,55.4,56.65,55.0,55.35,55260
2012-03-02,55.2,55.92,54.5,54.86,24455
2012-03-03,54.62,55.57,54.6,55.12,2495
2012-03-05,54.03,57.6,54.03,56.67,415465
2012-03-06,56.8,57.4,55.04,56.85,103405
2012-03-07,56.0,57.39,55.63,56.59,83205
2012-03-09,53.12,61.4,52.01,59.23,499265
2012-03-12,59.79,65.7,59.44,62.74,3055075
2012-03-13,63.98,65.56,63.4,64.02,1521420
2012-03-14,64.48,65.14,60.61,62.18,462555
2012-03-15,62.38,72.36,60.0,70.23,8476830
2012-03-16,70.24,72.1,67.65,68.44,2896785
2012-03-19,68.1,72.0,67.22,68.14,1468745
2012-03-20,68.4,69.75,65.84,67.94,790040
2012-03-21,68.4,70.2,67.4,67.97,343415
2012-03-22,67.07,68.54,64.51,65.55,276965
2012-03-23,65.6,68.35,64.8,67.33,501375
2012-03-26,68.02,70.57,67.36,68.02,1030350
2012-03-27,68.54,69.32,67.6,68.18,218320
2012-03-28,68.2,68.9,67.2,67.98,193835
2012-03-29,67.4,69.26,66.02,68.38,139075
2012-03-30,68.99,71.78,68.46,70.78,752415
2012-04-02,71.38,74.76,69.99,73.19,1015490
2012-04-03,73.8,74.88,72.28,72.92,298655
2012-04-04,72.6,74.44,72.0,72.86,380055
2012-04-09,72.79,73.8,72.0,72.17,187030
2012-04-10,72.41,72.79,71.11,71.38,154425
2012-04-11,71.22,73.98,70.61,71.43,356655
2012-04-12,71.98,74.96,71.0,72.44,754410
2012-04-13,73.1,75.68,72.8,74.19,668810
2012-04-16,74.8,78.0,74.64,75.36,301950
2012-04-17,74.8,75.2,72.84,73.42,307055
2012-04-18,73.99,75.6,73.99,74.44,402095
2012-04-19,77.98,79.8,73.8,74.13,197955
2012-04-20,74.59,75.96,73.2,73.74,238285
2012-04-23,73.23,75.99,73.23,75.26,839115
2012-04-24,75.6,75.6,74.37,75.14,327515
2012-04-25,75.2,79.78,74.81,78.16,516275
2012-04-26,78.0,80.4,77.6,79.07,477880
2012-04-27,79.6,86.9,79.34,84.84,3561310
2012-04-28,85.0,85.59,84.02,85.02,184665
2012-04-30,85.53,87.37,85.21,85.62,789745
2012-05-02,85.99,86.48,82.28,82.8,307480
2012-05-03,83.0,85.5,82.72,83.45,271245
2012-05-04,82.6,82.79,78.05,78.9,430570
2012-05-07,77.8,84.8,75.25,79.72,936025
2012-05-08,79.99,83.0,74.4,75.3,657245
2012-05-09,75.18,77.4,72.4,72.99,311300
2012-05-10,73.6,76.94,73.36,75.84,646645
2012-05-11,76.0,77.47,74.83,75.05,249920
2012-05-14,74.79,76.6,73.6,75.22,235610
2012-05-15,74.61,75.68,74.0,74.45,89540
2012-05-16,73.61,74.6,72.46,72.96,119970
2012-05-17,72.34,75.8,72.31,72.8,140895
2012-05-18,72.0,72.79,71.1,71.81,120640
2012-05-21,72.54,73.9,71.63,72.28,83380
2012-05-22,73.1,73.8,71.04,71.59,83850
2012-05-23,71.03,77.58,71.03,75.95,560220
2012-05-24,76.98,78.98,76.7,77.85,541125
2012-05-25,77.79,87.14,77.05,82.6,2636660
2012-05-28,83.18,85.0,81.45,82.14,825175
2012-05-29,82.6,83.34,79.8,80.68,560520
2012-05-30,80.03,83.88,77.66,79.78,1791125
2012-05-31,79.49,80.97,76.75,77.97,467410
2012-06-01,78.2,79.39,73.3,74.13,253260
2012-06-04,73.2,74.94,71.0,72.89,319815
2012-06-05,73.1,76.0,73.1,74.2,459080
2012-06-06,74.94,76.7,74.6,75.3,289795
2012-06-07,75.6,77.4,75.19,75.61,358495
2012-06-08,75.61,77.0,75.08,75.45,197850
2012-06-11,75.99,76.99,74.84,75.17,147225
2012-06-12,74.4,76.26,74.4,75.17,159590
2012-06-13,75.39,76.1,74.42,74.82,128240
2012-06-14,75.19,75.58,73.11,73.53,112775
2012-06-15,74.16,75.1,73.21,73.75,136230
2012-06-18,74.23,74.7,72.4,72.55,103260
2012-06-19,72.88,75.54,72.3,74.63,385015
2012-06-20,75.2,77.18,75.2,75.79,558355
2012-06-21,75.8,76.15,74.42,75.07,164825
2012-06-22,74.02,75.75,74.01,74.79,98525
2012-06-25,74.82,74.82,67.02,70.14,3081740
2012-06-26,70.14,71.4,69.03,69.55,434065
2012-06-27,70.08,70.8,68.68,68.86,263305
2012-06-28,69.39,69.47,67.13,67.42,145605
2012-06-29,68.4,69.8,67.0,67.46,586475
2012-07-02,67.98,68.28,66.0,66.22,326100
2012-07-03,66.6,68.87,66.11,68.03,595255
2012-07-04,68.2,68.9,67.6,68.07,252650
2012-07-05,68.2,70.8,68.07,69.4,720260
2012-07-06,69.04,69.79,68.2,68.56,134860
2012-07-09,69.0,71.88,68.93,70.12,912935
2012-07-10,70.76,71.6,69.18,70.0,506885
2012-07-11,70.11,70.74,69.01,69.4,133840
2012-07-12,69.0,69.39,67.82,68.09,136940
2012-07-13,69.6,70.68,69.1,70.07,399955
2012-07-16,70.8,71.4,69.65,69.99,93725
2012-07-17,70.0,71.0,69.6,70.01,141995
2012-07-18,70.37,70.37,69.64,69.99,50510
2012-07-19,70.11,72.99,70.04,71.05,450525
2012-07-20,71.69,72.2,70.5,70.7,175965
2012-07-23,69.99,71.81,69.99,71.57,144315
2012-07-24,71.6,74.4,71.11,73.17,503560
2012-07-25,73.17,74.05,71.32,71.91,162155
2012-07-26,71.56,72.8,70.76,71.11,80715
2012-07-27,71.8,72.54,68.42,69.27,78080
2012-07-30,69.51,70.92,69.0,69.64,60150
2012-07-31,69.64,71.0,69.03,69.49,104790
2012-08-01,70.0,70.59,68.4,68.79,212920
2012-08-02,69.02,69.76,68.69,68.82,55615
2012-08-03,68.98,71.78,68.38,70.39,330370
2012-08-06,70.71,71.69,70.39,71.1,94090
2012-08-07,72.0,72.7,70.82,71.26,106695
2012-08-08,71.4,73.36,71.4,71.98,132445
2012-08-09,72.0,75.98,71.0,71.55,500795
2012-08-10,71.7,72.92,70.85,71.28,94655
2012-08-13,71.78,73.58,70.1,70.93,267315
2012-08-14,71.45,72.94,70.27,72.17,213185
2012-08-16,72.78,73.2,71.2,72.02,157060
2012-08-17,72.0,72.94,71.4,71.77,87565
2012-08-21,71.61,73.18,71.02,71.26,134295
2012-08-22,71.53,72.2,69.49,70.11,109370
2012-08-23,70.28,70.73,68.27,68.67,256320
2012-08-24,68.8,70.2,68.4,69.37,95755
2012-08-27,69.78,70.5,69.17,70.07,85970
2012-08-28,69.7,71.11,69.31,70.54,94575
2012-08-29,69.92,70.96,69.36,69.99,67880
2012-08-30,69.61,70.35,68.84,69.46,79180
2012-08-31,69.6,71.96,69.6,70.32,218540
2012-09-03,71.58,71.63,69.27,69.94,177020
2012-09-04,69.72,70.8,69.42,69.55,61070
2012-09-05,69.62,69.86,68.66,68.92,49680
2012-09-06,68.53,69.89,68.53,69.01,52645
2012-09-07,69.94,70.38,68.8,69.89,126075
2012-09-08,70.3,70.58,69.28,69.8,21045
2012-09-10,70.21,75.36,69.5,74.74,1446705
2012-09-11,75.0,76.97,74.24,74.66,1024370
2012-09-12,75.0,75.67,74.04,74.45,164195
2012-09-13,74.22,76.18,73.86,75.6,234110
2012-09-14,75.6,76.72,74.05,75.61,190940
2012-09-17,77.0,77.61,71.01,74.04,451290
2012-09-18,75.6,77.0,74.51,76.29,593335
2012-09-20,73.66,75.88,73.66,75.1,68495
2012-09-21,75.22,75.98,70.53,75.37,54510
2012-09-24,75.59,76.2,73.7,74.02,42900
2012-09-25,74.08,75.01,73.2,74.26,61685
2012-09-26,74.25,75.39,73.37,73.88,80825
2012-09-27,73.96,75.78,73.96,74.9,73990
2012-09-28,71.91,76.6,71.91,73.34,368040
2012-10-01,73.42,74.89,72.6,74.02,134510
2012-10-03,74.24,78.0,73.82,76.99,355870
2012-10-04,82.98,82.98,76.8,77.27,248315
2012-10-05,76.8,77.8,75.02,75.79,116130
2012-10-08,75.92,77.35,74.61,76.03,80140
2012-10-09,76.02,77.69,76.02,76.71,122985
2012-10-10,76.7,80.94,75.9,79.18,570810
2012-10-11,78.59,79.38,77.22,77.92,202000
2012-10-12,77.07,78.6,76.22,77.0,151070
2012-10-15,76.8,77.97,76.8,77.53,82970
2012-10-16,78.29,78.3,76.04,76.86,65940
2012-10-17,77.21,77.39,75.8,76.08,28510
2012-10-18,75.69,76.58,75.69,76.03,47725
2012-10-19,75.99,77.6,75.1,76.12,68365
2012-10-22,75.4,76.46,75.4,76.04,24060
2012-10-23,75.89,76.9,75.39,75.62,22575
2012-10-25,75.42,76.9,75.0,75.11,295485
2012-10-26,75.38,75.9,75.05,75.21,25690
2012-10-29,74.2,76.98,74.11,74.89,27830
2012-10-30,75.03,75.39,73.44,73.86,36595
2012-10-31,73.86,75.8,73.67,75.1,55800
2012-11-01,75.0,75.34,74.05,74.19,57760
2012-11-02,73.6,75.46,73.6,74.29,43160
2012-11-05,74.23,75.22,73.92,74.84,34745
2012-11-06,74.8,76.9,74.8,76.58,670615
2012-11-07,76.64,77.59,76.38,76.83,70955
2012-11-08,76.75,77.4,76.28,76.59,263560
2012-11-09,77.4,79.19,77.04,78.5,933375
2012-11-12,79.0,81.76,79.0,80.71,259395
2012-11-13,80.9,80.9,79.8,80.07,21555
2012-11-15,79.6,81.4,79.4,80.84,111575
2012-11-16,80.99,83.6,80.99,81.31,209755
2012-11-19,81.6,82.48,80.6,80.69,47885
2012-11-20,81.79,81.8,80.22,80.71,58265
2012-11-21,80.82,81.14,78.8,80.4,45105
2012-11-22,81.0,83.88,79.6,82.91,188680
2012-11-23,83.8,85.48,83.72,84.45,330160
2012-11-26,85.0,88.88,84.82,86.37,707055
2012-11-27,87.32,87.9,83.07,83.56,244605
2012-11-29,84.53,93.58,84.53,87.91,2008940
2012-11-30,87.91,89.2,87.0,88.25,479305
2012-12-03,88.89,89.11,87.0,87.65,222525
2012-12-04,88.53,95.0,87.25,87.99,345905
2012-12-05,88.54,88.75,86.6,87.06,155920
2012-12-06,87.79,88.2,87.0,87.69,197300
2012-12-07,88.0,91.48,87.2,90.21,439445
2012-12-10,92.25,97.0,90.8,94.63,1404580
2012-12-11,95.0,95.6,93.0,93.61,768995
2012-12-12,94.39,95.0,93.1,94.0,279910
2012-12-13,94.9,95.19,93.24,93.66,317735
2012-12-14,93.6,94.16,92.2,93.11,130475
2012-12-17,92.19,95.2,92.19,94.31,220560
2012-12-18,94.05,94.7,93.2,93.8,78985
2012-12-19,94.4,100.58,94.4,98.09,1732930
2012-12-20,98.74,101.36,96.0,96.34,626900
2012-12-21,96.72,96.79,91.6,93.0,320900
2012-12-24,93.01,94.18,90.31,91.52,133050
2012-12-26,92.0,94.79,91.27,91.56,196815
2012-12-27,91.56,92.79,90.81,91.15,143630
2012-12-28,91.62,92.0,89.83,90.2,201475
2013-01-01,93.96,94.03,92.32,92.63,105480
2013-01-02,93.95,93.96,91.6,91.89,98170
2013-01-03,92.55,92.98,91.89,92.26,84925
2013-01-04,91.84,94.36,91.4,92.5,223830
2013-01-07,93.45,93.9,92.0,92.23,84630
2013-01-08,91.7,92.39,90.68,90.95,100375
2013-01-09,91.98,92.14,89.26,89.95,119085
2013-01-10,90.98,92.88,89.45,91.78,440255
2013-01-11,92.72,92.74,89.82,90.12,66680
2013-01-14,91.03,91.79,89.44,90.8,83440
2013-01-15,91.2,92.0,90.02,90.95,69870
2013-01-16,91.17,91.59,90.07,90.24,127400
2013-01-17,90.54,91.75,90.4,90.64,101965
2013-01-18,93.6,93.6,90.6,92.17,123065
2013-01-21,91.21,93.21,91.21,92.1,63315
2013-01-22,91.73,93.0,90.23,92.05,89460
2013-01-23,91.01,100.6,91.01,94.17,2877790
2013-01-24,94.63,94.94,91.01,91.49,424985
2013-01-25,91.54,94.79,90.41,92.66,194855
2013-01-28,92.12,94.28,92.06,92.52,235730
2013-01-29,92.08,96.9,92.08,92.9,738320
2013-01-30,93.4,93.73,91.13,91.51,394010
2013-01-31,92.48,93.58,91.86,92.39,127770
2013-02-01,92.99,93.4,91.41,91.82,102355
2013-02-04,92.32,93.4,91.52,92.06,113065
2013-02-05,90.54,92.69,90.54,91.97,109390
2013-02-06,92.42,93.48,91.6,92.02,81780
2013-02-07,92.7,94.4,90.26,90.79,89065
2013-02-08,91.42,92.2,90.0,91.07,89660
2013-02-11,91.35,91.85,90.4,90.97,40890
2013-02-12,90.07,91.69,90.05,90.86,58295
2013-02-13,91.6,93.2,90.6,91.32,606170
2013-02-14,91.33,91.33,86.2,86.88,199875
2013-02-15,86.52,86.78,80.61,83.93,418150
2013-02-18,84.36,88.39,83.08,87.06,231580
2013-02-19,87.6,89.6,87.25,88.24,123605
2013-02-20,88.4,89.2,87.6,87.85,48475
2013-02-21,87.7,88.59,86.44,87.0,83070
2013-02-22,86.39,88.78,85.3,87.41,99145
2013-02-25,87.6,88.2,84.04,85.27,53170
2013-02-26,85.25,85.39,82.31,83.41,82405
2013-02-27,83.61,85.6,82.4,84.75,73965
2013-02-28,85.11,85.79,81.92,82.95,77495
2013-03-01,84.01,85.2,81.12,84.55,111355
2013-03-04,88.2,88.2,83.6,85.25,63260
2013-03-05,89.74,94.98,88.6,89.86,620820
2013-03-06,90.2,90.42,87.7,88.14,111385
2013-03-07,87.55,89.38,87.11,88.17,237295
2013-03-08,104.96,104.96,85.55,86.89,128755
2013-03-11,87.76,87.96,82.25,85.08,441540
2013-03-12,85.03,88.39,84.14,86.36,105550
2013-03-13,86.37,87.16,84.54,86.0,674425
2013-03-14,86.64,89.8,85.71,86.77,350460
2013-03-15,87.34,88.6,85.81,86.12,82770
2013-03-18,86.34,87.69,83.63,84.51,164340
2013-03-19,84.67,85.56,83.4,84.49,726070
2013-03-20,85.96,89.2,85.44,86.59,940095
2013-03-21,87.32,87.65,84.61,85.14,63645
2013-03-22,85.1,85.6,83.02,84.03,55930
2013-03-25,85.09,86.2,83.8,85.38,122225
2013-03-26,84.61,85.92,84.61,85.02,29825
2013-03-28,85.63,86.2,84.42,85.8,75690
2013-04-01,87.96,95.0,87.0,90.4,968325
2013-04-02,89.4,91.62,89.07,90.95,621565
2013-04-03,90.95,95.57,90.0,90.54,1224605
2013-04-04,90.0,92.8,88.53,88.93,202395
2013-04-05,88.97,91.4,87.6,88.61,260910
2013-04-08,89.39,90.4,88.0,88.32,84495
2013-04-09,87.61,90.88,87.61,88.93,167145
2013-04-10,88.93,89.8,87.46,87.86,89940
2013-04-11,87.8,89.8,87.8,88.38,63785
2013-04-12,87.4,90.0,87.4,87.86,107110
2013-04-15,87.06,88.95,87.06,87.63,892360
2013-04-16,87.67,88.8,87.32,87.87,82170
2013-04-17,87.86,88.74,87.2,87.34,84310
2013-04-18,87.61,88.19,87.2,87.32,43640
2013-04-22,87.4,88.58,87.4,88.07,77010
2013-04-23,88.07,88.37,87.66,87.98,50150
2013-04-25,87.21,89.8,87.21,88.65,123670
2013-04-26,88.2,90.61,88.2,89.02,180255
2013-04-29,89.02,91.55,87.71,88.62,243315
2013-04-30,89.11,90.4,88.04,88.51,69175
2013-05-02,87.61,89.14,87.61,88.29,39230
2013-05-03,88.8,89.93,87.8,88.17,200540
2013-05-06,88.25,89.2,87.83,88.18,63620
2013-05-07,88.0,88.94,87.61,88.02,60480
2013-05-08,88.77,89.2,87.21,87.63,174095
2013-05-09,87.83,88.55,86.41,86.7,617480
2013-05-10,87.07,87.38,85.79,86.35,66675
2013-05-11,88.9,88.9,86.0,86.49,6870
2013-05-13,86.4,89.55,85.02,85.46,270415
2013-05-14,86.0,87.0,85.4,85.94,78700
2013-05-15,85.8,88.0,85.61,85.91,116165
2013-05-16,86.26,89.4,86.16,87.08,314720
2013-05-17,87.68,88.5,85.99,86.33,248490
2013-05-20,86.2,87.6,86.2,86.46,109855
2013-05-21,86.6,87.51,86.2,86.7,477790
2013-05-22,86.69,87.6,85.8,87.06,86350
2013-05-23,86.81,87.6,86.6,86.93,99015
2013-05-24,88.6,88.6,86.0,87.01,82605
2013-05-27,87.0,88.38,87.0,87.61,108460
2013-05-28,87.8,90.0,87.41,88.73,245045
2013-05-29,88.04,91.96,88.04,90.99,475310
2013-05-30,91.19,93.47,90.2,90.55,506945
2013-05-31,90.0,90.0,86.61,88.38,418655
2013-06-03,88.03,89.03,87.68,88.37,540380
2013-06-04,88.79,88.79,87.05,87.28,68725
2013-06-05,86.34,86.76,85.6,86.09,76545
2013-06-06,86.01,87.2,85.0,85.31,51125
2013-06-07,85.96,86.34,85.2,86.06,45225
2013-06-10,85.66,87.74,85.66,86.04,38755
2013-06-11,85.22,87.4,85.22,86.23,139785
2013-06-12,86.6,86.77,85.41,85.98,46320
2013-06-13,85.32,86.38,85.32,86.0,167460
2013-06-14,86.0,87.16,85.8,86.01,52400
2013-06-17,84.41,89.7,84.41,89.18,1831005
2013-06-18,89.81,92.0,88.0,88.66,408875
2013-06-19,88.2,88.59,87.0,87.22,365445
2013-06-20,87.22,88.72,86.0,88.11,418815
2013-06-21,88.32,88.58,87.66,88.05,92540
2013-06-24,87.03,89.03,87.03,88.04,85745
2013-06-25,88.51,89.22,88.0,88.03,98440
2013-06-26,88.42,89.0,88.0,88.02,38425
2013-06-27,89.55,89.55,88.04,88.38,31195
2013-06-28,88.61,89.6,88.49,89.01,82545
2013-07-01,89.03,90.6,89.03,89.58,92045
2013-07-02,90.61,92.99,89.8,90.93,673975
2013-07-03,91.21,92.4,90.42,91.28,264550
2013-07-04,91.2,92.11,89.99,91.23,84875
2013-07-05,91.6,92.6,91.41,92.13,116975
2013-07-08,92.2,92.7,91.21,92.0,68675
2013-07-09,92.06,93.08,92.02,92.33,83255
2013-07-10,91.95,92.8,91.95,92.14,41170
2013-07-11,92.52,96.44,92.1,95.5,628940
2013-07-12,95.99,99.72,95.6,98.04,848115
2013-07-15,99.0,106.78,98.6,105.96,1378420
2013-07-16,104.6,110.0,103.4,106.67,1097755
2013-07-17,107.03,111.2,105.34,106.49,807845
2013-07-18,106.14,108.4,104.25,104.87,185055
2013-07-19,105.2,107.78,103.25,103.53,199240
2013-07-22,103.99,104.4,101.2,101.69,130300
2013-07-23,101.22,106.4,101.2,104.08,283195
2013-07-24,104.2,104.76,100.02,100.4,161015
2013-07-25,100.0,101.2,99.0,99.91,212060
2013-07-26,98.6,101.2,98.0,98.26,127030
2013-07-29,107.8,117.91,105.33,117.91,1690520
2013-07-30,126.6,126.8,109.27,111.6,2220720
2013-07-31,113.4,123.6,107.5,121.42,1490825
2013-08-01,123.6,125.01,116.6,119.6,553845
2013-08-02,118.03,121.8,114.81,117.14,265860
2013-08-05,119.98,120.8,116.01,119.6,209355
2013-08-06,120.0,122.8,119.0,120.21,300625
2013-08-07,121.59,122.0,116.0,119.37,311965
2013-08-08,119.37,120.6,115.04,115.73,472940
2013-08-12,118.0,118.0,115.02,116.43,78670
2013-08-13,115.8,123.23,115.8,122.26,984500
2013-08-14,123.76,127.0,122.26,124.17,838660
2013-08-16,124.17,130.0,123.0,124.43,817805
2013-08-19,124.0,126.94,121.04,125.22,500380
2013-08-20,123.94,124.59,122.0,122.39,210775
2013-08-21,122.44,124.2,117.0,117.33,156520
2013-08-22,116.4,119.8,114.68,118.7,332990
2013-08-23,120.97,120.97,116.41,118.02,40335
2013-08-26,119.18,122.32,116.65,117.04,141265
2013-08-27,116.79,119.0,110.22,111.06,202340
2013-08-28,111.0,116.17,109.01,114.1,676185
2013-08-29,115.98,117.8,115.1,117.16,199230
2013-08-30,117.2,119.8,115.61,116.7,66020
2013-09-02,117.76,121.0,117.11,119.4,207775
2013-09-03,120.0,120.8,116.64,117.4,102110
2013-09-04,118.84,119.38,116.71,117.78,108300
2013-09-05,119.35,119.74,117.42,118.58,52160
2013-09-06,118.5,119.0,117.0,117.65,45870
2013-09-10,117.65,120.6,117.02,118.67,113940
2013-09-11,119.6,124.0,119.21,121.77,579390
2013-09-12,120.62,122.8,119.0,119.84,113140
2013-09-13,119.04,120.59,116.6,117.37,89550
2013-09-16,117.5,120.29,116.4,119.45,83575
2013-09-17,118.2,120.77,117.43,118.99,65455
2013-09-18,119.0,125.8,119.0,124.18,793055
2013-09-19,124.7,125.61,121.4,121.95,142315
2013-09-20,120.8,124.95,120.8,123.46,1016395
2013-09-23,123.5,124.0,121.8,122.76,243840
2013-09-24,123.0,123.6,121.62,122.32,157770
2013-09-25,120.48,124.8,120.48,123.02,117100
2013-09-26,122.4,124.99,122.4,122.76,988440
2013-09-27,123.61,123.9,122.4,123.01,31160
2013-09-30,123.2,124.78,122.0,122.67,68690
2013-10-01,124.0,128.0,123.12,124.71,539350
2013-10-03,124.8,127.51,124.0,124.8,117425
2013-10-04,124.8,126.0,123.42,123.8,89160
2013-10-07,123.85,124.6,122.42,122.83,83740
2013-10-08,123.6,125.5,123.22,123.78,176530
2013-10-09,123.0,125.0,122.81,123.06,97445
2013-10-10,123.61,136.7,123.61,134.3,2979775
2013-10-11,136.0,143.99,135.6,139.19,2124500
2013-10-14,139.65,140.8,136.1,136.88,186560
2013-10-15,137.04,139.8,136.04,136.97,129520
2013-10-17,132.01,141.79,132.01,138.76,257835
2013-10-18,139.1,145.4,137.47,142.12,498295
2013-10-21,143.0,145.6,138.24,139.6,764920
2013-10-22,139.46,140.47,136.62,137.58,153760
2013-10-23,136.4,138.0,132.8,133.35,204960
2013-10-24,132.3,135.36,131.4,132.52,163200
2013-10-25,130.22,133.58,130.22,132.18,288370
2013-10-28,132.24,133.9,130.2,130.85,311080
2013-10-29,130.01,131.2,130.0,130.17,127980
2013-10-30,130.22,139.0,130.04,135.59,701960
2013-10-31,136.0,137.79,134.64,134.89,109070
2013-11-01,135.57,135.97,132.02,134.12,61270
2013-11-03,136.8,138.8,135.31,138.13,80900
2013-11-05,137.2,141.9,137.2,139.46,168165
2013-11-06,139.6,144.4,139.07,141.38,284780
2013-11-07,142.0,143.6,137.0,139.11,165020
2013-11-08,139.98,144.0,137.91,141.91,186920
2013-11-11,141.82,143.58,141.0,141.47,123015
2013-11-12,141.39,154.66,140.03,148.92,1317855
2013-11-13,149.44,154.0,149.3,152.28,431820
2013-11-14,151.4,165.2,151.4,158.44,2264540
2013-11-18,158.88,164.84,155.27,159.42,1041190
2013-11-19,160.0,161.98,154.0,155.93,429725
2013-11-20,155.8,159.0,154.45,154.88,371960
2013-11-21,155.9,157.6,152.6,153.45,189840
2013-11-22,154.0,157.78,153.6,155.77,326375
2013-11-25,154.05,156.98,154.02,154.79,139415
2013-11-26,155.79,160.94,154.41,155.74,599340
2013-11-27,156.79,156.94,155.0,155.43,112410
2013-11-28,155.6,157.2,154.2,155.54,338600
2013-11-29,156.0,157.4,155.08,155.48,607060
2013-12-02,155.71,160.6,155.71,157.52,239340
2013-12-03,156.2,158.0,155.64,156.53,76630
2013-12-04,156.2,159.6,155.4,157.16,684640
2013-12-05,156.6,158.6,152.63,153.64,125160
2013-12-06,154.8,154.87,151.4,152.3,76810
2013-12-09,152.45,158.46,150.2,152.89,345275
2013-12-10,153.02,155.59,153.02,154.97,117780
2013-12-11,155.83,156.48,154.23,154.83,89190
2013-12-12,153.2,154.99,152.2,152.7,43205
2013-12-13,151.4,152.99,150.42,150.9,467840
2013-12-16,149.0,152.38,149.0,150.58,829690
2013-12-17,150.2,159.8,150.2,158.13,456230
2013-12-18,158.8,162.6,157.99,161.02,438415
2013-12-19,162.14,163.4,158.0,161.07,430895
2013-12-20,161.59,168.0,161.12,163.48,538045
2013-12-23,161.6,165.0,160.53,161.35,201000
2013-12-24,161.54,165.2,160.4,161.09,187620
2013-12-26,161.19,162.99,160.01,160.34,101250
2013-12-27,161.54,166.4,160.1,163.08,416075
2013-12-30,162.51,164.48,162.0,162.45,110190
2013-12-31,162.0,163.8,160.6,161.72,100710
2014-01-01,160.4,165.96,160.4,162.07,201355
2014-01-02,163.1,163.8,160.0,160.35,90195
2014-01-03,160.22,161.7,156.31,159.94,163630
2014-01-06,159.8,164.4,159.8,161.18,138845
2014-01-07,160.42,162.33,160.2,160.8,50815
2014-01-08,161.1,162.28,159.84,160.44,109595
2014-01-09,159.25,161.36,157.47,158.26,252150
2014-01-10,159.0,159.6,157.2,157.8,52710
2014-01-13,161.07,161.76,157.62,158.15,590850
2014-01-14,158.78,159.96,157.01,157.77,54270
2014-01-15,157.0,159.3,155.8,156.49,274820
2014-01-16,156.4,157.26,152.64,154.85,159995
2014-01-17,155.0,156.0,154.0,154.85,119405
2014-01-20,155.65,155.98,153.39,154.02,284745
2014-01-21,155.01,157.4,154.69,157.02,282285
2014-01-22,159.8,163.96,157.22,159.71,409735
2014-01-23,160.01,161.79,159.62,160.24,67665
2014-01-24,160.0,160.93,157.11,158.89,71570
2014-01-27,157.6,157.6,153.44,154.77,119245
2014-01-28,157.0,159.39,156.0,157.18,87175
2014-01-29,155.2,162.88,151.21,154.94,1423750
2014-01-30,153.88,154.8,143.89,146.2,236130
2014-01-31,146.0,150.64,146.0,148.61,177315
2014-02-03,148.61,150.08,143.14,144.93,55565
2014-02-04,144.93,146.9,139.21,144.9,163900
2014-02-05,143.4,149.98,143.4,148.78,221545
2014-02-06,151.78,151.78,146.13,147.04,78300
2014-02-07,150.6,150.8,147.4,149.11,88585
2014-02-10,150.2,155.2,150.2,153.83,258705
2014-02-11,154.93,157.6,150.91,152.91,248995
2014-02-12,153.6,154.09,152.26,153.55,97490
2014-02-13,154.8,155.8,146.2,148.27,195090
2014-02-14,151.8,153.57,145.2,145.85,266350
2014-02-17,147.48,157.0,144.4,154.05,786990
2014-02-18,154.34,158.18,154.34,156.68,416040
2014-02-19,155.4,157.76,155.2,156.43,208815
2014-02-20,157.08,157.69,154.1,154.76,132535
2014-02-21,154.99,167.98,154.42,160.71,2423660
2014-02-24,158.68,164.4,158.68,159.92,478070
2014-02-25,160.9,163.57,158.43,159.05,307450
2014-02-26,159.8,167.0,159.8,166.18,1083625
2014-02-28,165.2,170.32,165.2,168.58,518045
2014-03-03,169.94,175.6,169.94,171.63,565915
2014-03-04,172.93,173.76,169.23,171.46,177165
2014-03-05,171.85,174.0,168.42,172.42,269795
2014-03-06,172.8,175.38,171.2,173.87,167600
2014-03-07,174.9,174.9,168.6,169.51,155420
2014-03-10,168.33,172.8,166.31,171.14,146355
2014-03-11,171.0,171.75,166.35,167.26,54685
2014-03-12,167.66,169.51,164.22,168.5,57615
2014-03-13,168.5,169.5,167.0,167.61,41610
2014-03-14,168.11,168.11,164.6,164.81,41830
2014-03-18,168.0,170.2,165.01,165.96,145205
2014-03-19,168.4,173.6,167.0,167.4,259775
2014-03-20,166.1,168.7,164.2,164.74,108920
2014-03-21,164.0,164.96,159.26,161.18,187245
2014-03-22,162.73,164.0,161.39,163.4,20905
2014-03-24,164.0,165.1,161.4,161.97,78485
2014-03-25,162.0,163.68,161.4,162.72,254405
2014-03-26,164.88,164.88,157.2,158.83,201715
2014-03-27,158.4,160.99,156.03,157.85,136445
2014-03-28,155.8,161.0,154.11,158.86,395800
2014-03-31,161.2,162.8,158.68,159.71,193190
2014-04-01,156.2,156.2,130.0,137.0,7385495
2014-04-02,140.0,149.8,139.8,142.87,2591605
2014-04-03,146.96,146.96,142.03,142.88,635470
2014-04-04,148.8,159.0,148.8,149.55,2777235
2014-04-07,149.6,151.14,147.12,148.46,331010
2014-04-09,149.54,149.54,144.62,144.93,432480
2014-04-10,145.94,147.8,143.48,143.73,250390
2014-04-11,144.0,144.2,140.6,142.72,429560
2014-04-15,142.8,145.0,141.0,142.05,245600
2014-04-16,142.41,143.2,140.18,141.34,193385
2014-04-17,142.38,145.09,141.81,142.93,219815
2014-04-21,153.2,161.56,151.6,153.71,2346040
2014-04-22,154.4,156.94,152.0,154.24,818940
2014-04-23,156.45,173.37,156.45,167.29,3905115
2014-04-25,166.36,168.8,163.0,163.74,448255
2014-04-28,164.34,172.0,164.33,168.16,1167915
2014-04-29,168.21,170.82,166.2,166.99,215650
2014-04-30,167.0,168.06,152.6,160.4,474635
2014-05-02,161.0,165.8,156.23,161.4,426190
2014-05-05,158.9,163.6,158.9,160.42,210615
2014-05-06,161.0,161.52,158.6,158.76,91830
2014-05-07,157.6,163.8,157.6,159.88,318300
2014-05-08,160.63,162.22,158.0,158.47,258000
2014-05-09,157.19,159.98,157.01,157.37,98090
2014-05-12,156.0,159.8,155.01,156.08,94935
2014-05-13,155.4,158.38,153.01,153.91,164320
2014-05-14,154.02,156.0,151.41,152.06,328080
2014-05-15,155.59,158.96,152.44,153.52,212275
2014-05-16,157.0,157.0,150.0,151.59,144555
2014-05-19,151.35,153.34,141.4,142.65,463540
2014-05-20,141.26,146.8,141.26,145.69,724860
2014-05-21,143.44,151.96,143.44,150.6,301820
2014-05-22,151.0,151.8,148.6,149.24,254330
2014-05-23,151.46,153.98,147.78,152.71,246415
2014-05-26,152.7,155.96,147.38,149.04,145430
2014-05-27,151.05,155.6,147.4,153.02,213350
2014-05-28,151.6,155.8,151.21,153.04,252020
2014-05-29,152.2,153.96,148.92,149.89,148160
2014-05-30,153.8,157.54,145.02,151.1,810565
2014-06-02,151.99,152.68,149.6,151.87,123475
2014-06-03,152.25,153.01,149.03,150.47,178765
2014-06-04,149.0,151.4,148.4,148.74,86520
2014-06-05,148.21,153.0,146.34,152.03,299380
2014-06-06,152.0,159.8,152.0,157.86,393450
2014-06-09,156.28,158.8,153.4,154.18,157880
2014-06-10,154.2,159.4,153.0,157.6,234930
2014-06-11,159.4,164.25,156.61,161.31,474385
2014-06-12,164.0,172.0,161.4,170.83,769490
2014-06-13,172.78,190.0,172.78,178.2,952825
2014-06-16,178.8,181.68,177.61,180.51,340250
2014-06-17,180.6,192.8,176.05,189.77,920845
2014-06-18,189.8,197.4,188.01,192.29,554885
2014-06-19,193.0,209.34,193.0,206.39,1129600
2014-06-20,209.4,242.0,209.0,226.14,6376710
2014-06-23,228.38,241.0,217.2,224.44,3053735
2014-06-24,226.68,230.0,218.1,222.72,770290
2014-06-25,223.0,226.6,202.26,205.22,1287120
2014-06-26,206.0,209.58,198.2,199.44,866230
2014-06-27,201.8,204.0,193.02,195.63,523765
2014-06-30,193.0,203.8,188.31,200.95,170980
2014-07-01,201.2,205.0,198.0,199.37,112180
2014-07-02,202.0,202.0,194.25,200.34,122785
2014-07-03,200.0,202.0,198.0,201.55,91460
2014-07-04,201.4,201.79,197.0,198.25,76890
2014-07-07,195.0,208.16,195.0,208.16,144755
2014-07-08,212.0,218.56,208.2,218.2,391245
2014-07-09,217.8,217.8,208.4,212.84,121155
2014-07-10,208.2,218.4,208.02,215.64,292870
2014-07-11,215.0,224.0,211.0,217.65,219375
2014-07-14,218.4,219.6,206.77,206.77,107105
2014-07-15,207.0,217.1,196.6,215.45,108175
2014-07-16,226.22,226.22,222.8,225.61,366000
2014-07-17,220.0,224.0,215.8,221.57,39460
2014-07-18,221.6,225.0,213.01,218.77,49480
2014-07-21,220.0,222.0,218.8,220.04,102990
2014-07-22,220.8,225.0,219.0,223.0,50260
2014-07-23,224.4,230.2,224.23,229.84,210525
2014-07-24,231.4,231.4,219.2,220.72,82750
2014-07-25,222.2,224.0,216.2,219.16,27840
2014-07-28,220.0,224.4,214.0,219.94,13215
2014-07-30,220.0,225.0,211.8,223.24,18490
2014-07-31,218.02,221.0,214.6,215.82,54945
2014-08-01,223.0,224.0,212.08,215.73,54005
2014-08-04,215.0,223.99,214.4,215.01,62485
2014-08-05,218.99,220.0,215.1,216.86,28405
2014-08-06,220.1,222.0,210.0,211.51,85690
2014-08-07,211.5,214.0,210.04,210.78,30145
2014-08-08,208.2,213.66,200.26,201.89,96450
2014-08-11,200.1,211.98,200.1,208.12,45830
2014-08-12,210.0,210.0,204.98,206.94,53780
2014-08-13,217.28,217.28,212.26,217.28,293005
2014-08-14,228.0,228.14,220.0,223.41,222365
2014-08-18,223.6,226.0,221.02,222.47,45890
2014-08-19,226.0,226.02,221.6,223.79,93415
2014-08-20,224.6,225.8,220.0,221.31,70295
2014-08-21,223.39,232.37,222.2,231.91,225960
2014-08-22,232.36,243.5,229.6,242.83,375470
2014-08-25,243.6,249.2,232.42,240.33,170325
2014-08-26,242.71,244.2,233.1,236.46,78580
2014-08-27,236.0,241.6,235.0,240.04,98815
2014-08-28,243.6,250.2,238.0,240.85,146055
2014-09-01,248.4,252.89,247.33,252.89,247365
2014-09-02,263.19,265.53,258.71,265.53,181885
2014-09-03,276.0,278.6,263.83,270.7,252650
2014-09-04,270.0,281.35,262.44,274.25,266260
2014-09-05,274.0,287.96,270.01,287.96,419950
2014-09-08,294.8,302.35,290.89,302.03,532115
2014-09-09,303.94,307.6,294.0,297.52,166165
2014-09-10,296.0,301.0,296.0,298.78,84505
2014-09-11,303.0,303.0,292.02,294.91,87215
2014-09-12,298.8,301.0,296.0,299.05,125315
2014-09-15,299.88,314.0,297.75,309.6,509605
2014-09-16,310.0,318.0,305.0,309.67,436315
2014-09-17,314.0,316.0,303.71,304.85,135845
2014-09-18,297.04,309.0,294.0,298.19,622695
2014-09-19,301.0,307.98,299.01,304.9,658205
2014-09-22,304.0,310.0,302.1,305.72,138120
2014-09-23,303.23,306.0,298.9,299.87,123270
2014-09-24,296.88,299.2,286.3,290.46,148775
2014-09-25,287.56,301.04,283.1,285.53,67125
2014-09-26,282.0,285.0,271.49,277.41,156060
2014-09-29,290.6,291.28,281.01,284.14,164820
2014-09-30,288.14,295.0,285.66,290.75,118815
2014-10-01,290.0,305.28,287.41,303.74,196820
2014-10-07,304.0,314.79,295.15,305.79,125905
2014-10-08,304.0,304.0,283.0,284.77,144130
2014-10-09,286.06,292.98,281.0,282.4,110065
2014-10-10,280.0,282.07,273.06,275.43,216915
2014-10-13,275.0,281.55,275.0,278.71,76650
2014-10-14,279.0,284.6,278.78,282.29,49100
2014-10-16,279.46,279.46,264.0,266.87,169920
2014-10-17,270.0,272.0,253.1,254.11,184700
2014-10-20,257.0,262.81,248.05,252.96,434685
2014-10-21,252.0,270.0,252.0,264.17,530375
2014-10-22,266.45,290.58,266.45,286.29,605435
2014-10-23,290.0,291.8,286.33,289.2,73890
2014-10-27,284.4,285.97,268.0,275.91,238200
2014-10-28,276.0,283.0,272.56,275.09,135310
2014-10-29,277.0,279.98,275.99,279.12,393380
2014-10-30,279.0,293.6,278.0,287.7,223925
2014-10-31,289.75,291.0,287.4,288.37,124225
2014-11-03,290.0,293.1,287.7,289.25,174700
2014-11-05,287.02,291.74,280.04,281.1,111770
2014-11-07,283.0,284.43,275.0,277.33,134455
2014-11-10,278.8,279.4,272.0,274.02,103945
2014-11-11,276.97,289.0,272.0,279.53,217290
2014-11-12,282.79,291.0,281.05,289.17,201250
2014-11-13,288.4,293.98,279.6,280.98,127315
2014-11-14,280.4,282.98,273.8,277.04,95310
2014-11-17,277.04,281.29,276.6,276.9,41060
2014-11-18,280.0,282.82,275.12,276.5,45255
2014-11-19,275.2,285.6,275.2,278.21,277375
2014-11-20,282.0,282.0,272.0,275.92,81565
2014-11-21,276.67,276.67,268.0,270.36,185320
2014-11-24,267.66,277.94,262.6,265.72,148735
2014-11-25,266.2,270.4,263.04,268.25,389975
2014-11-26,266.0,268.79,260.65,263.38,285875
2014-11-27,263.38,284.8,261.23,278.61,441670
2014-11-28,279.8,279.8,271.02,272.62,115460
2014-12-01,272.62,274.0,264.0,266.86,85965
2014-12-02,266.2,284.8,266.2,282.67,286910
2014-12-03,282.67,307.76,282.66,299.52,673015
2014-12-04,305.0,314.06,300.2,301.13,580840
2014-12-05,303.4,303.79,294.21,295.25,80990
2014-12-08,291.0,299.59,291.0,294.77,53095
2014-12-09,296.4,296.4,282.0,283.13,97385
2014-12-10,280.0,294.21,272.0,291.52,97130
2014-12-11,285.02,290.6,285.02,286.59,48295
2014-12-12,288.0,302.0,286.0,295.06,275025
2014-12-15,299.6,305.0,286.1,288.79,267360
2014-12-16,290.2,290.99,264.25,266.94,219140
2014-12-17,266.8,272.8,260.24,265.07,216215
2014-12-18,267.05,276.99,267.05,275.94,82215
2014-12-19,277.6,286.0,263.17,268.54,335220
2014-12-22,273.74,278.95,269.99,272.91,135835
2014-12-23,274.6,278.0,272.2,274.07,55855
2014-12-24,274.1,278.0,273.2,274.6,56475
2014-12-26,274.8,277.98,269.2,272.04,43750
2014-12-29,271.93,278.0,271.93,274.11,60955
2014-12-30,274.67,294.9,274.67,290.39,362640
2015-01-01,306.0,310.98,302.05,303.93,177505
2015-01-02,303.93,311.1,303.79,305.86,284480
2015-01-05,304.0,306.79,298.0,299.54,125515
2015-01-06,299.94,301.2,282.0,285.67,145780
2015-01-07,286.02,297.8,279.6,280.97,185060
2015-01-08,294.6,294.6,284.44,286.06,83895
2015-01-09,288.0,290.0,281.04,282.33,111450
2015-01-12,282.33,286.98,282.33,284.76,45945
2015-01-13,288.0,293.6,285.0,286.9,122750
2015-01-14,286.0,288.02,283.0,285.02,43580
2015-01-15,292.58,303.39,290.0,293.78,555715
2015-01-16,297.18,309.54,294.23,306.04,643615
2015-01-19,307.6,317.8,305.0,308.85,866285
2015-01-20,308.81,309.8,302.21,303.43,117065
2015-01-21,291.24,293.0,280.4,286.15,1202495
2015-01-22,285.8,289.8,281.0,282.18,236825
2015-01-23,284.07,286.48,270.01,272.45,1316625
2015-01-27,273.4,278.97,268.4,273.76,188405
2015-01-28,273.0,274.8,270.3,272.02,109160
2015-01-29,272.04,278.98,270.4,273.11,237225
2015-01-30,276.0,279.0,274.0,276.22,81440
2015-02-02,275.98,277.99,271.05,273.05,98395
2015-02-03,274.0,282.79,274.0,276.5,184560
2015-02-04,275.6,278.2,270.0,272.56,242365
2015-02-05,273.4,276.6,272.0,273.3,53970
2015-02-06,273.87,278.8,272.0,273.73,74155
2015-02-09,272.82,277.44,270.0,273.13,128380
2015-02-10,269.02,293.74,269.01,287.3,403295
2015-02-11,290.9,293.9,283.0,287.05,439745
2015-02-12,277.8,282.8,272.05,280.48,322460
2015-02-13,281.4,284.0,279.99,280.5,75005
2015-02-16,280.0,284.0,280.0,280.85,63185
2015-02-18,288.0,288.0,280.0,280.53,71145
2015-02-19,280.83,282.61,275.16,278.39,59840
2015-02-20,279.4,280.98,276.0,277.53,179320
2015-02-23,278.4,282.01,274.0,276.52,81690
2015-02-24,275.6,279.61,272.8,273.2,354055
2015-02-25,273.82,277.0,270.05,271.87,73310
2015-02-26,272.79,274.01,266.0,266.76,260040
2015-02-27,267.6,278.97,267.6,270.9,874545
2015-02-28,274.4,277.64,270.59,274.78,89690
2015-03-02,274.78,288.52,274.78,285.64,539845
2015-03-03,288.79,313.98,288.78,310.4,1674370
2015-03-04,312.0,313.78,296.22,298.94,448720
2015-03-05,300.0,306.4,295.99,301.81,181140
2015-03-09,304.2,316.2,304.2,310.47,563160
2015-03-10,320.0,336.0,320.0,329.22,1200670
2015-03-11,333.18,362.97,330.8,358.01,2231370
2015-03-12,362.2,427.6,359.0,411.16,6196970
2015-03-13,417.8,452.98,417.0,443.59,4421155
2015-03-16,451.08,457.8,413.0,422.11,2239425
2015-03-17,424.4,429.98,414.66,427.62,1179710
2015-03-18,430.02,447.2,419.0,433.23,1320365
2015-03-19,437.6,442.01,430.07,433.24,428250
2015-03-20,432.6,432.6,389.92,389.92,923045
2015-03-23,399.8,409.8,359.0,398.59,1505150
2015-03-24,408.0,435.48,400.44,425.11,1329170
2015-03-25,426.6,437.0,415.2,429.38,1040200
2015-03-26,425.97,433.0,416.24,420.32,433125
2015-03-27,422.0,430.94,416.4,422.53,417315
2015-03-30,427.4,431.75,415.2,417.32,339685
2015-03-31,418.4,427.94,412.0,421.79,435345
2015-04-01,422.4,463.96,422.4,463.96,1610775
2015-04-06,474.0,492.94,467.89,485.63,1785015
2015-04-07,484.8,541.97,480.55,518.16,2977415
2015-04-08,520.0,540.0,502.04,523.95,1930005
2015-04-09,526.6,528.8,507.32,513.44,725170
2015-04-10,512.0,519.0,494.47,496.84,570875
2015-04-13,499.92,500.2,476.44,479.54,674275
2015-04-15,481.98,492.0,466.0,470.42,481690
2015-04-16,471.93,480.93,463.6,474.83,530040
2015-04-17,481.6,499.8,460.24,467.97,1716430
2015-04-20,476.8,478.0,441.0,448.85,940290
2015-04-21,452.0,452.65,429.0,431.11,569625
2015-04-22,448.0,453.76,407.59,412.9,1995410
2015-04-23,411.6,433.0,398.02,402.7,1470635
2015-04-24,405.0,418.0,384.92,387.73,980120
2015-04-27,393.38,393.4,366.2,370.13,604090
2015-04-28,373.0,424.0,365.33,412.94,2203260
2015-04-29,414.8,429.36,408.24,420.75,987815
2015-04-30,420.8,436.78,414.2,427.59,666435
2015-05-04,428.0,444.33,425.96,436.97,398265
2015-05-05,439.4,447.0,432.0,435.22,403240
2015-05-06,435.6,439.52,396.0,398.33,580295
2015-05-07,398.0,422.48,385.02,402.02,814685
2015-05-08,409.8,422.8,409.6,414.61,430945
2015-05-11,417.47,426.0,416.46,419.7,232480
2015-05-12,421.8,428.8,405.0,415.43,607635
2015-05-13,419.4,426.8,411.52,417.54,242665
2015-05-14,418.4,427.0,413.06,425.35,315655
2015-05-15,430.6,468.42,427.11,462.94,1463455
2015-05-18,465.96,505.81,463.99,489.66,1218750
2015-05-19,491.51,501.0,478.0,483.3,509875
2015-05-20,485.8,489.68,472.0,474.88,539360
2015-05-21,476.8,477.76,452.64,459.0,450050
2015-05-22,461.34,477.0,453.0,456.34,837855
2015-05-25,476.07,477.6,464.25,467.14,998310
2015-05-26,466.42,471.82,454.02,457.08,407285
2015-05-27,451.02,455.16,441.0,451.61,318220
2015-05-28,456.8,459.6,440.62,442.46,244920
2015-05-29,446.7,449.4,430.02,442.66,290575
2015-06-01,446.0,454.8,441.03,444.04,291185
2015-06-02,445.0,448.85,428.0,430.03,257120
2015-06-03,437.8,444.89,404.4,414.85,607125
2015-06-04,417.0,433.4,409.0,422.32,560595
2015-06-05,422.0,429.88,416.52,421.52,203315
2015-06-08,426.8,428.0,415.0,417.3,197175
2015-06-09,415.8,424.6,413.02,419.31,198055
2015-06-10,421.4,430.4,415.4,420.37,352200
2015-06-11,423.88,426.99,407.21,410.02,337430
2015-06-12,410.02,411.12,390.0,404.19,246210
2015-06-15,404.0,409.7,401.0,403.91,117380
2015-06-16,404.0,406.0,397.27,400.65,147765
2015-06-17,405.2,416.0,400.79,403.41,359160
2015-06-18,406.4,419.8,406.4,415.35,399435
2015-06-19,419.16,448.0,419.01,438.01,1347935
2015-06-22,443.39,450.58,440.4,442.11,430645
2015-06-23,442.0,444.84,430.2,433.21,242820
2015-06-24,435.8,446.95,431.41,435.35,704295
2015-06-25,440.39,445.67,438.2,441.81,409805
2015-06-26,441.72,449.99,436.08,441.18,339655
2015-06-29,437.6,451.4,426.0,447.06,821255
2015-06-30,450.79,458.79,446.41,456.69,634835
2015-07-01,460.1,472.65,459.0,470.69,621530
2015-07-02,474.7,474.98,465.0,467.55,253540
2015-07-03,468.6,469.1,460.0,461.1,197820
2015-07-06,456.16,467.56,451.0,461.02,272715
2015-07-07,462.02,469.4,455.0,457.43,248965
2015-07-08,457.2,458.95,445.18,448.23,283180
2015-07-09,449.0,453.6,446.4,447.72,166980
2015-07-10,451.8,456.99,444.94,447.2,167780
2015-07-13,452.8,456.0,448.93,451.35,258685
2015-07-14,454.0,456.8,448.6,454.59,212570
2015-07-15,454.98,465.0,453.18,458.93,368625
2015-07-16,461.54,478.88,459.2,476.79,617430
2015-07-17,479.8,490.8,479.3,486.81,628440
2015-07-20,488.0,493.0,476.4,487.83,401405
2015-07-21,489.0,491.2,465.21,467.34,321110
2015-07-22,467.96,472.0,459.95,467.49,299815
2015-07-23,466.4,471.0,461.04,461.89,149680
2015-07-24,462.76,466.01,456.0,460.06,104635
2015-07-27,459.99,467.2,450.02,454.09,350095
2015-07-28,458.0,465.0,455.0,456.74,138810
2015-07-29,461.07,461.78,453.26,457.07,99785
2015-07-30,462.54,466.2,460.22,462.84,163060
2015-07-31,462.8,467.0,460.2,462.59,168115
2015-08-03,463.96,471.36,460.2,462.95,157050
2015-08-04,463.98,469.74,461.01,464.09,170555
2015-08-05,467.76,467.76,463.4,464.35,130470
2015-08-06,466.56,503.25,464.2,483.39,1035180
2015-08-07,482.0,488.41,466.99,478.96,531275
2015-08-10,478.84,501.94,478.8,497.82,1145195
2015-08-11,502.0,502.8,490.0,494.23,374230
2015-08-12,492.96,503.96,480.0,483.04,671310
2015-08-13,469.4,476.0,452.8,455.98,595135
2015-08-14,462.8,471.99,460.0,463.69,312295
2015-08-17,465.98,465.98,444.4,448.15,955745
2015-08-18,451.6,469.6,446.6,448.45,453410
2015-08-19,452.4,487.0,451.06,482.15,1360890
2015-08-20,479.34,484.8,465.22,466.98,485230
2015-08-21,463.56,466.01,449.03,464.09,309755
2015-08-24,451.0,454.79,372.0,405.36,501020
2015-08-25,416.6,432.1,392.49,428.78,545440
2015-08-26,432.94,432.94,412.38,429.35,258795
2015-08-27,433.62,461.9,433.62,457.41,272795
2015-08-28,466.0,468.0,449.19,454.72,523415
2015-08-31,450.0,459.0,445.0,450.26,158425
2015-09-01,450.0,463.06,444.63,450.21,260460
2015-09-02,451.2,456.7,448.2,450.21,134185
2015-09-03,453.0,462.9,450.0,452.09,110835
2015-09-04,452.6,452.99,443.2,450.93,199290
2015-09-07,460.0,460.0,430.0,434.43,418630
2015-09-08,433.0,439.6,413.33,436.07,227525
2015-09-09,444.2,447.64,436.47,440.65,153990
2015-09-10,426.4,443.29,424.0,436.76,158330
2015-09-11,439.99,449.59,438.83,442.69,242480
2015-09-14,444.4,449.95,440.2,445.14,102530
2015-09-15,449.8,449.8,442.06,444.2,90840
2015-09-16,450.44,454.97,446.2,451.56,250995
2015-09-18,454.0,459.76,450.25,451.42,108285
2015-09-21,443.02,456.8,443.02,451.12,101215
2015-09-22,454.0,466.6,445.51,448.68,274465
2015-09-23,449.6,454.99,442.3,451.81,111085
2015-09-24,456.0,464.4,454.5,457.43,184615
2015-09-28,459.98,489.95,458.2,480.84,797480
2015-09-29,476.0,479.74,466.24,477.45,291135
2015-09-30,480.02,504.4,480.0,494.3,640050
2015-10-01,500.0,500.92,478.74,488.24,320150
2015-10-05,494.0,500.96,492.0,498.49,211350
2015-10-06,499.0,505.6,494.2,499.39,248495
2015-10-07,500.0,500.0,494.21,495.98,108930
2015-10-08,499.8,499.8,451.34,488.77,248330
2015-10-09,490.8,499.8,488.47,496.28,144370
2015-10-12,499.6,501.14,493.0,499.8,177245
2015-10-13,504.0,504.0,490.02,501.94,480125
2015-10-14,502.0,538.95,502.0,517.68,1042945
2015-10-15,521.61,522.42,514.4,517.71,234410
2015-10-16,520.0,520.21,515.37,519.53,146670
2015-10-19,524.8,528.0,513.0,520.66,184135
2015-10-20,522.0,530.0,518.94,522.09,168555
2015-10-21,527.2,527.2,519.0,522.52,110460
2015-10-23,525.0,525.0,505.2,513.54,265025
2015-10-26,524.0,524.0,511.83,513.39,80025
2015-10-27,514.2,517.96,511.36,513.27,88290
2015-10-28,513.4,520.8,511.4,513.37,327510
2015-10-29,518.98,518.99,512.04,513.39,119860
2015-10-30,513.39,517.19,505.0,512.1,191020
2015-11-02,512.1,512.1,502.06,507.82,454395
2015-11-03,506.2,512.86,505.02,505.82,85440
2015-11-04,506.98,513.75,503.21,507.66,207990
2015-11-05,507.61,513.88,502.0,504.94,98915
2015-11-06,506.0,509.74,488.0,495.22,226270
2015-11-09,490.8,496.79,480.2,492.41,86750
2015-11-10,492.0,496.0,486.41,491.88,98070
2015-11-11,495.8,497.0,492.0,493.85,18085
2015-11-13,500.0,509.54,405.37,491.67,284480
2015-11-16,490.0,495.0,476.21,491.16,119625
2015-11-17,492.4,505.5,492.19,493.81,95060
2015-11-18,496.0,503.73,492.21,499.21,67340
2015-11-19,501.8,514.0,499.0,511.13,113615
2015-11-20,511.4,520.0,511.4,516.31,88625
2015-11-23,520.2,525.57,517.01,518.15,145875
2015-11-24,521.8,521.8,513.41,515.72,123355
2015-11-26,505.15,596.85,505.15,543.85,1087976
2015-11-27,553.0,554.3,540.25,546.9,166619
2015-11-30,540.0,559.0,525.0,528.85,164262
2015-12-01,531.9,536.8,516.2,526.3,204313
2015-12-02,526.0,533.35,508.0,515.4,240001
2015-12-03,516.0,527.0,510.7,515.1,169539
2015-12-04,514.0,515.0,497.0,499.8,179605
2015-12-07,502.55,510.0,495.55,498.8,213334
2015-12-08,503.7,517.9,490.0,507.5,342181
2015-12-09,509.8,521.35,508.0,511.4,361192
2015-12-10,515.0,539.0,510.0,527.75,476747
2015-12-11,530.0,543.2,524.8,532.6,432875
2015-12-14,538.0,552.85,535.0,546.75,863035
2015-12-15,548.85,553.3,542.0,547.2,503558
2015-12-16,551.5,553.5,506.65,541.4,305654
2015-12-17,545.0,572.5,541.4,557.4,713756
2015-12-18,558.0,569.8,540.65,546.0,707510
2015-12-21,551.4,568.0,548.0,560.8,273302
2015-12-22,563.95,567.7,563.0,564.75,238295
2015-12-23,573.0,579.0,567.3,575.9,454935
2015-12-24,577.9,580.0,561.0,571.3,214403
2015-12-28,572.95,573.0,563.0,566.2,116134
2015-12-29,573.0,573.0,562.0,566.0,172202
2015-12-30,569.0,569.0,561.1,563.8,116617
2015-12-31,564.0,586.4,550.1,579.3,301942
2016-01-01,581.0,587.5,572.55,576.4,114217
2016-01-04,574.0,579.55,561.0,563.3,92589
2016-01-05,569.0,623.7,565.3,596.15,866451
2016-01-06,600.9,619.7,596.2,614.75,558034
2016-01-07,605.0,605.0,585.0,588.0,321912
2016-01-08,593.8,614.9,591.1,601.6,331043
2016-01-11,594.9,599.0,583.0,587.4,187651
2016-01-12,589.05,601.0,589.0,590.65,135569
2016-01-13,595.7,600.0,531.55,579.55,398791
2016-01-14,569.0,569.0,541.4,546.8,319215
2016-01-15,556.4,560.0,527.05,531.35,210036
2016-01-18,535.5,550.0,456.05,500.75,361994
2016-01-19,508.7,516.0,500.1,510.8,200308
2016-01-20,503.7,515.0,492.3,507.35,147123
2016-01-21,518.7,544.8,514.2,519.25,575488
2016-01-22,526.0,538.0,522.0,528.05,142170
2016-01-25,536.5,547.85,530.0,544.05,103116
2016-01-27,549.0,552.7,540.1,544.8,121852
2016-01-28,549.8,549.8,530.5,533.3,93706
2016-01-29,534.35,538.05,515.0,529.05,244524
2016-02-01,543.0,543.0,520.25,523.45,95846
2016-02-02,524.3,526.8,513.2,516.25,71763
2016-02-03,505.0,511.75,496.0,501.05,101482
2016-02-04,519.9,519.9,488.0,489.9,149885
2016-02-05,499.0,503.0,474.25,497.45,181801
2016-02-08,503.0,504.0,483.6,488.1,88572
2016-02-09,480.0,480.0,458.15,462.45,298068
2016-02-10,459.9,459.9,423.0,440.9,269242
2016-02-11,436.0,466.05,435.0,444.95,639116
2016-02-12,451.5,462.0,420.15,450.65,340364
2016-02-15,464.0,468.0,453.0,461.55,148731
2016-02-16,463.0,465.5,449.55,454.75,115705
2016-02-17,459.0,463.85,446.95,461.7,111286
2016-02-18,464.2,470.5,456.0,461.75,97532
2016-02-19,465.15,470.0,455.0,465.3,79404
2016-02-22,465.3,486.0,463.95,477.55,528174
2016-02-23,481.7,483.5,463.55,467.25,100622
2016-02-24,469.8,469.8,451.1,455.1,66465
2016-02-25,455.5,455.5,441.0,444.1,115339
2016-02-26,449.05,455.85,417.0,421.3,277977
2016-02-29,424.9,427.0,398.0,415.95,290639
2016-03-01,420.0,429.0,413.0,426.3,211200
2016-03-02,429.0,445.0,429.0,437.6,284768
2016-03-03,443.0,483.0,440.95,477.2,701482
2016-03-04,481.4,495.9,466.75,483.5,390091
2016-03-08,490.5,509.0,485.3,489.9,388879
2016-03-09,489.85,505.0,483.6,493.9,332972
2016-03-10,496.6,498.6,481.0,486.9,233171
2016-03-11,488.9,503.9,486.1,499.3,458523
2016-03-14,503.7,511.95,498.0,505.2,405758
2016-03-15,507.95,508.0,480.6,489.65,613233
2016-03-16,490.8,490.8,471.0,477.9,281555
2016-03-17,483.7,483.7,464.15,466.15,221456
2016-03-18,469.0,486.8,443.55,472.4,1116649
2016-03-21,476.0,482.6,470.0,475.3,347010
2016-03-22,475.3,479.0,461.4,464.1,283199
2016-03-23,466.8,484.75,465.35,469.45,361831
2016-03-28,426.0,439.0,400.1,408.2,4598314
2016-03-29,404.0,413.2,390.0,393.1,1912874
2016-03-30,400.0,403.5,394.25,397.65,615623
2016-03-31,407.25,424.9,407.25,412.7,1744770
2016-04-01,413.9,420.0,410.0,418.15,388455
2016-04-04,419.8,428.75,417.1,425.5,445286
2016-04-05,427.95,431.1,420.0,424.9,375297
2016-04-06,428.9,441.75,424.0,439.5,411222
2016-04-07,442.0,453.0,437.95,439.95,538977
2016-04-08,443.9,445.1,437.0,438.85,225810
2016-04-11,443.5,444.0,437.4,440.35,111984
2016-04-12,441.0,448.4,440.45,442.65,126548
2016-04-13,447.7,450.05,443.55,445.45,162548
2016-04-18,445.45,452.9,440.2,446.1,159443
2016-04-20,448.0,453.0,445.0,450.1,133012
2016-04-21,454.9,472.4,450.5,470.4,539891
2016-04-22,470.0,477.0,467.0,472.6,212254
2016-04-25,475.9,481.5,473.2,479.2,206397
2016-04-26,481.6,492.5,479.5,489.0,298271
2016-04-27,491.0,499.0,489.3,495.2,255378
2016-04-28,499.5,501.05,492.5,495.85,195604
2016-04-29,497.0,499.65,481.25,489.7,380443
2016-05-02,489.7,490.05,473.45,478.8,156300
2016-05-03,478.0,478.05,463.0,464.75,122167
2016-05-04,460.0,464.25,452.3,455.2,111764
2016-05-05,457.55,469.8,456.0,466.5,130926
2016-05-06,467.0,468.45,452.1,454.9,94648
2016-05-09,459.0,467.9,455.0,460.2,233488
2016-05-10,462.55,465.0,448.65,450.6,145834
2016-05-11,446.95,459.9,438.0,455.15,178699
2016-05-12,458.95,463.85,454.0,456.15,92432
2016-05-13,456.0,460.0,450.05,452.35,69274
2016-05-16,456.7,460.65,450.0,451.6,76247
2016-05-17,456.3,456.85,449.35,450.85,55582
2016-05-18,449.75,458.75,447.55,456.3,78441
2016-05-19,457.0,458.9,451.5,455.65,67819
2016-05-20,454.95,462.0,451.0,453.25,67671
2016-05-23,453.25,458.65,453.25,456.2,53479
2016-05-24,455.95,457.4,442.8,446.35,96585
2016-05-25,451.0,456.5,445.5,451.5,103177
2016-05-26,455.0,471.0,452.0,464.05,399792
2016-05-27,480.0,483.0,461.2,465.05,662736
2016-05-30,465.0,488.4,465.0,484.6,404689
2016-05-31,486.9,489.3,476.0,482.4,378366
2016-06-01,484.4,487.9,476.5,479.5,520091
2016-06-02,476.0,484.0,471.85,476.75,697754
2016-06-03,480.05,523.95,480.05,518.35,1642330
2016-06-06,521.9,531.0,507.2,527.5,600960
2016-06-07,530.0,530.0,516.55,524.65,226885
2016-06-08,527.3,527.3,514.0,518.3,92488
2016-06-09,520.75,528.0,517.0,520.15,209850
2016-06-10,521.0,534.0,520.0,523.9,215877
2016-06-13,520.2,524.0,515.95,518.35,78489
2016-06-14,519.5,523.4,514.0,515.4,97468
2016-06-15,515.2,521.7,510.1,512.3,89471
2016-06-16,513.45,513.45,502.05,505.7,147013
2016-06-17,508.85,511.9,502.55,508.6,120255
2016-06-20,504.7,506.0,493.25,500.5,187742
2016-06-21,502.0,506.2,499.45,501.95,95763
2016-06-22,506.7,537.0,501.25,528.95,770180
2016-06-23,531.95,571.9,528.1,551.75,1924564
2016-06-24,530.0,594.95,511.0,574.5,1524082
2016-06-27,564.0,609.0,564.0,590.95,1043500
2016-06-28,591.85,601.0,570.5,573.65,438951
2016-06-29,577.8,588.7,570.05,577.05,348800
2016-06-30,581.7,586.45,570.55,579.95,431138
2016-07-01,583.7,584.0,568.0,568.75,231426
2016-07-04,570.0,598.95,568.75,594.2,865275
2016-07-05,598.2,600.0,581.2,587.25,499554
2016-07-07,591.95,599.8,586.05,590.8,284855
2016-07-08,592.0,595.0,583.0,584.3,185618
2016-07-11,591.0,609.95,590.95,605.25,793431
2016-07-12,612.35,614.0,590.4,593.5,263248
2016-07-13,597.65,598.2,576.4,581.6,271068
2016-07-14,579.9,584.05,575.5,580.0,120708
2016-07-15,585.9,585.9,575.0,581.8,231621
2016-07-18,589.0,593.65,581.15,584.6,155978
2016-07-19,589.65,589.65,581.0,585.1,102135
2016-07-20,585.0,598.0,582.0,594.95,238535
2016-07-21,598.5,598.75,585.4,586.3,148199
2016-07-22,589.8,600.0,585.0,597.65,213214
2016-07-25,603.0,608.0,593.25,601.65,232515
2016-07-26,599.8,605.8,586.05,591.0,106210
2016-07-27,596.9,622.0,591.1,613.5,669407
2016-07-28,619.55,633.8,615.1,626.65,656485
2016-07-29,630.0,641.5,621.0,632.15,443473
2016-08-01,636.0,636.05,583.7,611.3,425156
2016-08-02,616.0,616.0,600.0,602.7,157685
2016-08-03,605.3,613.4,602.0,608.1,183487
2016-08-04,642.65,650.0,623.7,630.2,906360
2016-08-05,634.55,635.0,622.75,628.55,148694
2016-08-08,633.0,640.0,624.1,637.7,171410
2016-08-09,640.95,644.75,620.05,626.85,271692
2016-08-10,641.0,648.0,626.1,633.65,502054
2016-08-11,635.6,642.9,630.7,639.4,269193
2016-08-12,638.8,646.5,630.3,632.85,193545
2016-08-16,634.95,654.0,632.3,640.5,389591
2016-08-17,646.4,648.0,640.8,645.65,131473
2016-08-18,646.1,650.0,642.0,642.8,81291
2016-08-19,643.9,647.9,639.1,642.25,79623
2016-08-22,644.95,658.5,638.1,654.7,254773
2016-08-23,658.0,660.0,646.0,658.15,191152
2016-08-24,657.95,663.05,651.5,654.6,146164
2016-08-25,668.9,702.65,662.9,682.9,1609563
2016-08-26,685.0,689.0,676.0,682.2,261980
2016-08-29,680.0,683.75,675.1,677.55,95123
2016-08-30,678.05,690.0,677.0,685.5,136873
2016-08-31,685.0,693.8,679.25,688.9,317721
2016-09-01,688.95,696.6,670.0,675.65,273626
2016-09-02,687.0,691.0,672.4,677.2,247694
2016-09-06,685.0,686.6,677.7,682.0,147455
2016-09-07,684.0,688.0,675.3,677.9,111157
2016-09-08,679.0,679.9,658.6,667.3,206875
2016-09-09,669.6,674.5,665.1,667.25,121442
2016-09-12,656.7,656.7,635.0,638.05,213751
2016-09-14,648.95,656.0,642.0,645.35,134600
2016-09-15,648.0,650.0,637.6,638.5,113896
2016-09-16,643.05,666.0,640.1,656.35,313274
2016-09-19,663.85,663.85,551.55,644.0,153906
2016-09-20,649.0,653.0,645.0,647.1,77647
2016-09-21,647.0,649.75,634.75,636.95,105477
2016-09-22,642.0,645.1,630.0,631.8,180232
2016-09-23,635.6,637.5,613.95,621.45,257998
2016-09-26,625.0,633.5,616.5,622.25,159382
2016-09-27,627.0,628.0,614.15,616.95,133191
2016-09-28,618.0,625.9,618.0,619.75,101027
2016-09-29,624.0,626.05,580.0,598.1,345998
2016-09-30,576.65,602.25,576.65,596.85,188871
2016-10-03,605.0,606.0,592.95,599.35,303143
2016-10-04,600.0,614.8,598.35,607.4,426465
2016-10-05,609.0,611.0,600.05,604.6,290913
2016-10-06,605.1,618.0,602.4,609.9,443169
2016-10-07,611.5,614.0,600.1,604.35,73454
2016-10-10,606.1,608.95,593.65,596.9,77802
2016-10-13,599.0,599.0,580.05,593.7,209977
2016-10-14,593.1,613.0,590.0,611.1,504739
2016-10-17,611.5,615.0,595.0,598.0,175774
2016-10-18,600.0,604.05,596.6,598.55,328004
2016-10-19,606.95,606.95,595.0,597.7,66345
2016-10-20,600.05,600.6,581.55,588.15,162938
2016-10-21,589.0,600.1,585.5,598.9,139628
2016-10-24,600.1,604.0,590.5,597.35,161135
2016-10-25,601.95,601.95,593.0,597.7,115349
2016-10-26,599.95,602.0,566.55,581.15,432120
2016-10-27,578.0,589.95,570.0,573.8,105829
2016-10-28,577.0,589.75,574.1,583.05,104568
2016-10-30,588.75,598.4,585.0,595.8,73971
2016-11-01,599.9,612.0,591.2,594.5,143946
2016-11-02,591.0,593.1,585.0,586.65,62719
2016-11-03,586.7,595.05,575.0,577.15,72562
2016-11-04,577.5,577.5,551.0,564.85,175011
2016-11-07,570.05,589.0,570.05,583.65,98407
2016-11-08,585.0,589.0,566.55,571.55,80997
2016-11-09,515.0,612.75,500.0,591.65,401161
2016-11-10,600.0,622.8,591.65,618.75,370776
2016-11-11,613.0,640.15,595.0,620.0,780807
2016-11-15,624.9,687.0,614.1,653.6,1111475
2016-11-16,662.4,674.65,624.0,636.35,587532
2016-11-17,640.1,666.4,631.55,657.9,641331
2016-11-18,661.8,661.8,633.0,639.95,170245
2016-11-21,641.0,644.0,573.0,582.55,466620
2016-11-22,586.0,599.0,558.5,590.75,368420
2016-11-23,594.7,595.5,582.8,588.7,229258
2016-11-24,582.8,601.0,582.8,590.5,404841
2016-11-25,599.9,604.0,593.0,598.8,192064
2016-11-28,593.0,624.0,592.95,614.95,324464
2016-11-29,626.0,628.45,601.0,603.05,374973
2016-11-30,608.0,614.8,596.0,603.8,264961
2016-12-01,604.0,620.0,599.0,601.3,188644
2016-12-02,598.95,601.0,583.1,588.25,146376
2016-12-05,593.8,595.0,584.0,588.55,61615
2016-12-06,590.0,600.25,588.65,596.6,116471
2016-12-07,602.75,602.8,592.0,593.8,119274
2016-12-08,596.35,602.0,591.2,599.35,141682
2016-12-09,604.7,604.9,595.0,599.3,83577
2016-12-12,600.05,614.0,583.0,600.1,559688
2016-12-13,602.7,605.0,595.25,597.75,153553
2016-12-14,599.0,600.95,585.15,588.95,248072
2016-12-15,587.0,596.0,582.1,589.55,87898
2016-12-16,591.9,599.9,585.0,594.95,103243
2016-12-19,595.0,599.0,588.1,592.5,58428
2016-12-20,588.65,594.9,585.0,589.1,83053
2016-12-21,588.0,599.7,584.75,595.5,186360
2016-12-22,593.1,600.0,592.0,595.1,241459
2016-12-23,593.9,594.0,581.1,583.25,311963
2016-12-26,581.9,592.0,555.05,578.4,186972
2016-12-27,583.8,588.8,570.05,585.25,130360
2016-12-28,586.7,610.75,581.2,606.55,217667
2016-12-29,611.0,611.0,595.1,598.75,134586
2016-12-30,596.05,596.95,575.35,579.65,310714
2017-01-02,584.0,590.0,582.05,584.6,127560
2017-01-03,586.0,589.8,581.35,583.3,101304
2017-01-04,585.0,598.45,584.05,593.95,156844
2017-01-05,598.9,601.0,587.7,597.35,234455
2017-01-06,599.8,631.8,595.0,624.95,1039316
2017-01-09,629.9,642.0,628.0,636.55,483980
2017-01-10,639.7,639.75,628.0,637.0,269266
2017-01-11,639.8,645.6,630.0,642.85,236836
2017-01-12,633.5,647.6,616.55,640.9,409032
2017-01-13,637.3,643.0,632.7,636.15,119865
2017-01-16,638.8,668.0,634.95,660.6,472990
2017-01-17,656.1,664.8,647.25,650.45,429776
2017-01-18,651.3,656.0,645.0,646.25,91810
2017-01-19,646.0,647.65,641.9,642.75,58144
2017-01-20,640.0,640.0,620.1,633.15,244493
2017-01-23,630.0,630.9,609.0,612.3,177668
2017-01-24,615.1,645.0,605.8,639.35,323079
2017-01-25,640.0,655.55,626.4,649.35,836264
2017-01-27,637.25,688.0,635.25,663.45,655185
2017-01-30,655.0,669.05,655.0,659.85,162243
2017-01-31,685.0,702.0,684.1,690.9,1144127
2017-02-01,689.0,689.0,667.0,671.55,219837
2017-02-02,672.0,705.0,672.0,691.65,315811
2017-02-03,691.65,734.7,691.0,719.5,852986
2017-02-06,721.05,770.0,721.0,749.25,1020442
2017-02-07,755.0,791.4,755.0,784.7,879951
2017-02-08,787.0,788.7,748.3,754.15,458437
2017-02-09,758.0,773.5,748.15,751.75,281140
2017-02-10,757.75,777.25,751.75,767.8,255758
2017-02-13,774.0,779.7,761.0,766.75,170714
2017-02-14,766.05,794.0,763.25,776.0,1266711
2017-02-15,780.0,792.0,752.3,758.2,513630
2017-02-16,758.25,774.85,754.4,767.05,437421
2017-02-17,768.0,775.0,760.0,764.0,215719
2017-02-20,768.0,784.6,752.65,780.95,350989
2017-02-21,784.95,787.1,776.1,781.55,127565
2017-02-22,784.0,785.0,767.0,775.3,128481
2017-02-23,770.95,817.0,768.0,810.25,1421217
2017-02-27,815.0,830.0,813.5,823.4,338829
2017-02-28,825.0,825.0,801.0,804.1,176696
2017-03-01,809.5,809.7,774.0,784.5,545070
2017-03-02,789.7,791.35,762.4,766.65,335788
2017-03-03,766.5,784.2,764.9,772.1,297469
2017-03-06,781.0,781.0,765.2,769.5,131178
2017-03-07,773.6,773.75,762.55,767.7,433161
2017-03-08,771.5,791.85,766.35,786.45,521738
2017-03-09,795.0,802.0,770.0,780.7,311490
2017-03-10,784.2,792.0,775.25,781.4,434455
2017-03-14,789.75,799.8,784.65,793.2,224761
2017-03-15,798.45,798.45,783.0,789.9,163202
2017-03-16,795.65,795.65,786.5,788.1,302390
2017-03-17,794.9,794.9,787.05,792.25,101368
2017-03-20,795.0,809.0,789.8,803.6,173082
2017-03-21,808.0,808.0,791.0,794.15,125067
2017-03-22,787.9,800.0,782.85,787.8,147717
2017-03-23,790.1,797.0,789.0,793.8,134807
2017-03-24,791.3,799.5,781.5,783.55,114162
2017-03-27,781.0,789.95,765.65,771.2,159574
2017-03-28,783.95,794.0,770.1,783.85,183652
2017-03-29,785.0,813.7,781.15,807.5,375889
2017-03-30,808.2,838.8,794.4,830.4,350250
2017-03-31,828.0,855.0,818.5,849.2,478379
2017-04-03,854.9,873.5,854.85,864.8,205185
2017-04-05,871.0,897.45,860.1,866.25,460141
2017-04-06,865.0,880.9,841.6,859.5,507425
2017-04-07,864.3,871.6,856.0,860.3,263431
2017-04-10,868.4,868.4,849.1,853.95,94493
2017-04-11,856.0,865.0,845.95,851.35,230962
2017-04-12,857.7,891.7,843.0,880.55,418497
2017-04-13,883.5,913.9,883.5,908.45,675596
2017-04-17,915.0,999.8,913.0,980.1,1297042
2017-04-18,993.4,1015.95,981.15,988.7,671816
2017-04-19,995.95,996.0,964.0,966.55,329935
2017-04-20,973.0,974.35,942.15,946.25,394307
2017-04-21,950.0,955.0,929.75,932.3,341774
2017-04-24,948.95,948.95,920.0,925.4,242053
2017-04-25,926.0,938.0,915.0,924.55,546916
2017-04-26,930.0,937.0,915.65,920.95,259425
2017-04-27,921.05,942.0,918.0,927.15,388482
2017-04-28,930.0,939.5,922.05,923.95,156718
2017-05-02,928.5,931.0,911.25,920.7,176904
2017-05-03,925.95,926.6,885.0,889.0,278295
2017-05-04,892.0,912.45,887.75,891.85,218771
2017-05-05,903.8,917.7,884.05,902.0,304839
2017-05-08,914.95,923.7,902.5,907.35,210712
2017-05-09,911.95,921.05,891.0,894.7,246568
2017-05-10,900.0,915.0,894.75,897.8,210182
2017-05-11,908.5,921.0,907.95,914.5,361747
2017-05-12,923.7,923.95,888.0,908.0,283029
2017-05-15,913.05,940.0,900.0,934.35,273608
2017-05-16,949.0,968.0,945.25,949.7,413357
2017-05-17,949.0,965.0,945.0,955.85,311802
2017-05-18,951.0,960.0,925.05,936.0,201255
2017-05-19,939.9,950.0,910.0,922.0,137263
2017-05-22,936.0,943.95,900.5,911.4,135858
2017-05-23,919.9,919.9,881.95,899.95,281117
2017-05-24,901.1,912.5,883.0,891.0,132163
2017-05-25,894.05,904.0,884.1,889.85,109683
2017-05-26,890.0,909.9,889.95,897.5,111771
2017-05-29,905.0,909.9,875.0,888.8,219480
2017-05-30,889.95,963.0,885.0,943.25,749549
2017-05-31,948.0,967.8,930.0,933.7,503129
2017-06-01,935.0,951.9,934.95,944.45,283881
2017-06-02,955.0,967.0,943.05,955.85,471780
2017-06-05,969.0,970.8,959.55,965.9,233933
2017-06-06,971.95,971.95,954.85,966.65,153434
2017-06-07,967.0,1009.8,966.7,996.3,639098
2017-06-08,998.1,1032.0,998.1,1022.2,489594
2017-06-09,1039.0,1090.0,1027.7,1077.45,856133
2017-06-12,1078.8,1079.0,1010.0,1021.85,613229
2017-06-13,1030.0,1039.0,996.0,1001.95,393149
2017-06-14,1005.0,1028.0,977.0,1003.65,455525
2017-06-15,999.9,1004.9,965.0,968.95,464800
2017-06-16,974.45,1000.0,972.6,989.35,761100
2017-06-19,990.0,994.0,975.25,978.45,139739
2017-06-20,984.0,987.25,966.25,969.95,184650
2017-06-21,968.8,988.0,966.4,973.45,302106
2017-06-22,977.95,987.9,965.0,970.25,245537
2017-06-23,973.95,983.85,970.0,972.35,239102
2017-06-27,990.45,997.55,961.5,968.05,378266
2017-06-28,974.85,974.85,936.0,941.7,290121
2017-06-29,945.0,958.8,936.0,937.55,166439
2017-06-30,937.75,1063.0,931.55,1001.7,823303
2017-07-03,1014.0,1038.35,1006.45,1017.8,333205
2017-07-04,1019.0,1028.0,985.0,989.0,222686
2017-07-05,991.0,997.0,976.05,984.0,180126
2017-07-06,985.0,1019.9,985.0,1002.7,418079
2017-07-07,1004.95,1017.0,994.1,1007.1,217885
2017-07-10,1012.0,1012.0,990.0,1000.15,33491
2017-07-11,996.1,1016.95,985.0,988.5,258036
2017-07-12,991.8,1000.05,985.0,995.2,109299
2017-07-13,998.25,1001.45,987.15,989.3,151184
2017-07-14,1000.8,1014.0,990.0,993.55,247777
2017-07-17,999.55,1006.0,985.0,987.95,88547
2017-07-18,985.0,990.0,975.0,976.95,116161
2017-07-19,987.9,1005.0,977.5,1000.3,226279
2017-07-20,1000.95,1028.05,1000.1,1004.65,363361
2017-07-21,1014.85,1015.0,981.1,993.6,199458
2017-07-24,999.75,999.75,985.0,990.95,143726
2017-07-25,986.1,1008.1,986.1,996.45,119617
2017-07-26,1006.4,1006.4,995.15,1001.4,115411
2017-07-27,1005.0,1011.25,985.0,990.9,117633
2017-07-28,990.6,994.45,975.0,977.8,99695
2017-07-31,984.95,987.55,971.0,972.85,89979
2017-08-01,979.95,985.0,960.1,968.2,124472
2017-08-02,971.9,973.75,955.05,963.0,60650
2017-08-03,964.0,973.0,961.4,968.65,76291
2017-08-04,968.95,968.95,935.15,949.5,212805
2017-08-07,950.0,984.95,932.6,960.9,607830
2017-08-08,967.7,969.0,915.1,923.65,254741
2017-08-09,919.9,919.9,817.7,829.45,946417
2017-08-10,816.0,816.0,671.1,695.75,5150800
2017-08-11,690.0,740.0,675.0,699.1,2197658
2017-08-14,712.95,745.0,707.0,738.45,1230324
2017-08-16,750.0,770.0,740.1,763.45,561935
2017-08-17,770.5,786.7,765.0,772.55,352444
2017-08-18,769.95,769.95,730.15,755.85,710884
2017-08-21,756.75,765.0,717.0,722.5,295997
2017-08-22,726.9,747.0,700.4,736.2,851543
2017-08-23,735.0,741.85,715.0,722.75,298003
2017-08-24,729.85,738.0,715.0,724.8,639559
2017-08-28,729.0,730.5,707.4,714.2,561146
2017-08-29,713.95,728.4,702.0,722.7,703679
2017-08-30,729.0,734.8,716.1,720.95,393719
2017-08-31,724.7,726.0,715.2,719.0,270088
2017-09-01,719.0,726.0,713.1,717.05,293629
2017-09-04,717.0,721.9,695.0,703.55,302349
2017-09-05,707.95,723.05,699.3,702.95,295451
2017-09-06,696.0,709.95,696.0,702.0,294136
2017-09-07,706.95,728.75,700.2,717.45,603580
2017-09-08,721.0,733.0,717.05,723.75,268879
2017-09-11,718.25,742.9,715.0,734.55,556154
2017-09-12,739.95,745.9,733.5,739.45,209532
2017-09-13,743.8,772.0,735.1,766.95,520298
2017-09-14,773.95,804.5,765.8,793.75,597594
2017-09-15,793.0,819.9,774.55,809.55,423876
2017-09-18,811.0,829.0,802.05,805.9,427525
2017-09-19,810.2,818.9,796.05,798.7,131811
2017-09-20,799.0,804.8,784.6,794.7,143972
2017-09-21,798.95,819.9,782.95,805.95,401432
2017-09-22,805.15,813.45,792.45,798.65,189746
2017-09-25,799.5,815.0,760.3,795.45,366184
2017-09-26,795.0,817.5,778.0,785.7,279307
2017-09-27,788.55,801.0,762.0,769.45,188522
2017-09-28,775.95,795.0,770.0,785.6,188654
2017-09-29,785.6,795.0,782.1,787.05,119626
2017-10-03,794.75,813.0,788.25,793.7,239610
2017-10-04,939.0,952.4,929.4,952.4,484112
2017-10-05,1048.0,1050.0,976.4,982.25,2814107
2017-10-06,984.0,1002.0,981.1,993.1,834188
2017-10-09,1000.0,1003.75,982.5,986.8,366222
2017-10-10,980.45,1007.7,980.1,991.1,297259
2017-10-11,991.9,1002.0,980.0,987.6,416032
2017-10-12,988.05,1000.0,988.05,992.85,180488
2017-10-13,993.0,997.8,985.0,989.65,147540
2017-10-16,989.95,999.0,983.0,989.7,154403
2017-10-17,995.95,995.95,983.0,986.7,89670
2017-10-18,994.0,994.0,967.1,990.6,209806
2017-10-19,994.0,994.0,983.05,987.0,29199
2017-10-23,980.2,994.0,964.85,987.95,159645
2017-10-24,986.0,992.9,975.35,979.9,409999
2017-10-25,986.95,986.95,971.15,977.0,116299
2017-10-26,970.5,981.0,970.5,979.45,81433
2017-10-27,980.0,987.95,960.0,964.05,178096
2017-10-30,965.5,984.9,965.0,966.15,100566
2017-10-31,969.0,986.0,965.0,968.15,168291
2017-11-01,969.0,979.8,959.6,970.95,192592
2017-11-02,976.85,1010.0,973.55,995.0,1181232
2017-11-03,995.0,996.95,942.0,956.75,720915
2017-11-06,960.0,979.0,950.0,958.75,299489
2017-11-07,969.9,969.9,921.55,929.85,256670
2017-11-08,943.0,953.0,925.0,931.6,212970
2017-11-09,932.0,939.55,908.5,913.45,167119
2017-11-10,910.1,919.8,902.0,916.8,218811
2017-11-13,918.0,944.8,914.4,933.5,251303
2017-11-14,927.0,949.8,926.1,929.2,239759
2017-11-15,925.0,936.05,898.05,904.55,169858
2017-11-16,907.0,917.85,891.05,894.7,142121
2017-11-17,902.0,918.85,898.65,900.55,118494
2017-11-20,904.95,915.55,893.5,900.65,87807
2017-11-21,902.0,910.9,895.25,905.75,227280
2017-11-22,909.9,913.45,902.0,907.1,90947
2017-11-23,907.5,914.0,905.0,908.5,92288
2017-11-24,909.0,937.0,906.0,924.25,196996
2017-11-27,923.0,947.0,921.0,932.15,161705
2017-11-28,933.2,945.0,923.8,926.15,121421
2017-11-29,925.5,932.9,912.0,917.25,135055
2017-11-30,928.7,945.0,917.3,940.6,270201
2017-12-01,940.6,976.0,938.0,955.9,375807
2017-12-04,966.2,971.0,943.9,947.35,102718
2017-12-05,954.5,956.7,937.0,946.15,85670
2017-12-06,952.9,952.9,931.6,936.75,45605
2017-12-07,930.0,947.95,925.0,930.0,138890
2017-12-08,935.0,939.9,928.45,931.4,163582
2017-12-11,936.0,969.0,932.1,959.65,202023
2017-12-12,974.0,975.0,955.0,960.75,246703
2017-12-13,964.85,970.0,952.0,961.85,128583
2017-12-14,970.0,1032.0,966.05,1024.2,1631686
2017-12-15,1035.0,1050.0,1014.05,1023.65,503062
2017-12-18,1015.0,1026.0,970.0,1009.45,273163
2017-12-19,1016.9,1020.05,979.0,983.0,251405
2017-12-20,982.3,1003.5,978.0,989.0,365662
2017-12-21,990.0,999.9,966.6,970.8,581919
2017-12-22,972.0,999.0,972.0,984.55,344930
2017-12-26,980.0,984.5,970.5,974.95,245804
2017-12-27,977.7,991.0,965.5,971.1,345752
2017-12-28,977.0,979.9,952.1,957.35,281227
2017-12-29,963.95,969.0,951.0,961.7,231564
2018-01-01,965.0,990.0,962.0,986.3,271703
2018-01-02,989.95,992.9,962.0,966.95,189278
2018-01-03,971.9,985.95,966.05,974.15,130867
2018-01-04,980.0,985.0,970.0,975.7,280518
2018-01-05,983.0,1000.0,976.15,998.8,409314
2018-01-08,998.8,1025.0,998.0,1005.0,410121
2018-01-09,1011.95,1014.75,977.7,984.85,288288
2018-01-10,984.0,1015.6,983.95,991.45,334226
2018-01-11,992.9,1025.0,992.0,1021.95,506342
2018-01-12,1025.0,1046.95,1025.0,1034.3,588451
2018-01-15,1042.05,1045.0,1028.0,1035.7,218856
2018-01-16,1042.7,1042.7,1009.0,1024.6,331002
2018-01-17,1031.9,1031.9,1001.05,1023.05,251629
2018-01-18,1016.05,1029.0,1000.0,1010.25,174920
2018-01-19,1004.0,1030.0,1004.0,1022.4,290092
2018-01-22,1031.0,1040.5,995.3,1013.45,426450
2018-01-23,1014.0,1033.8,1013.45,1019.5,328395
2018-01-24,1016.1,1019.0,982.6,997.0,442212
2018-01-25,993.0,999.75,989.0,998.5,175383
2018-01-29,999.0,1018.0,978.0,984.3,267312
2018-01-30,987.95,989.7,960.1,965.65,205701
2018-01-31,954.9,956.35,928.0,946.9,281124
2018-02-01,948.0,974.0,935.0,944.15,142812
2018-02-02,940.0,964.75,917.35,922.2,282076
2018-02-05,919.95,934.5,895.35,909.2,354551
2018-02-06,876.0,930.0,862.4,901.25,1004212
2018-02-07,917.85,917.85,815.0,828.6,1264430
2018-02-08,840.0,846.0,824.0,829.6,396188
2018-02-09,810.0,818.9,801.8,813.5,375203
2018-02-12,821.0,837.25,817.0,819.65,295019
2018-02-14,824.0,824.0,774.15,783.85,713301
2018-02-15,796.0,800.0,783.0,788.15,463632
2018-02-16,794.0,799.45,770.0,796.1,569061
2018-02-19,838.0,845.0,800.05,803.9,845395
2018-02-20,805.0,811.95,777.65,783.6,254352
2018-02-21,790.0,790.0,774.2,780.1,582511
2018-02-22,777.9,780.9,765.0,766.6,181009
2018-02-23,772.5,783.5,770.0,778.15,341187
2018-02-26,783.95,786.0,768.0,772.85,256663
2018-02-27,779.75,781.85,768.3,770.05,220135
2018-02-28,769.95,812.4,756.45,798.7,549387
2018-03-01,792.0,794.5,778.15,780.4,360818
2018-03-05,781.0,782.9,753.0,756.3,296062
2018-03-06,762.9,767.5,722.0,729.35,458009
2018-03-07,731.5,731.5,697.6,722.55,844035
2018-03-08,722.6,726.55,703.0,715.55,638239
2018-03-09,719.0,730.2,712.1,719.4,370543
2018-03-12,723.95,734.4,718.5,730.05,219426
2018-03-13,728.95,746.0,725.5,744.7,371696
2018-03-14,741.95,775.0,740.0,774.35,466538
2018-03-15,775.0,793.9,769.0,789.15,318339
2018-03-16,789.15,798.8,770.15,794.3,469443
2018-03-19,783.0,788.8,760.0,763.15,231511
2018-03-20,755.0,784.0,740.0,780.35,316538
2018-03-21,781.65,792.0,776.25,782.05,158222
2018-03-22,784.0,790.0,777.0,785.6,138831
2018-03-23,763.0,790.0,750.1,783.75,242479
2018-03-26,783.3,793.0,763.15,790.0,217858
2018-03-27,797.75,797.75,750.65,763.15,370757
2018-03-28,765.0,773.8,748.0,753.65,203834
2018-04-02,760.0,779.0,750.0,771.4,137440
2018-04-03,766.6,777.0,764.1,774.75,262232
2018-04-04,771.15,785.0,755.45,763.9,177170
2018-04-05,779.0,790.0,767.1,770.8,219219
2018-04-06,772.0,784.0,770.0,780.55,113170
2018-04-09,781.35,785.9,773.05,779.5,70721
2018-04-10,779.5,785.75,777.1,781.85,108542
2018-04-11,788.0,788.0,771.55,773.6,86164
2018-04-12,772.0,783.4,771.1,776.4,77463
2018-04-13,782.0,784.9,774.8,779.2,167203
2018-04-16,777.95,803.0,775.15,787.05,233766
2018-04-17,794.0,820.0,794.0,802.05,455563
2018-04-18,810.0,827.0,797.0,801.0,413944
2018-04-19,808.95,809.75,792.8,802.6,508051
2018-04-20,809.95,820.0,797.8,802.7,133107
2018-04-23,807.0,817.9,798.75,812.05,148072
2018-04-24,815.0,828.95,810.15,818.7,302422
2018-04-25,815.9,830.0,808.1,823.2,164991
2018-04-26,819.2,825.0,815.0,817.55,83510
2018-04-27,828.0,828.2,818.0,823.05,114360
2018-04-30,827.9,828.05,805.0,807.85,103415
2018-05-02,814.7,821.0,808.6,814.55,79510
2018-05-03,810.0,814.0,797.0,799.95,99235
2018-05-04,807.8,807.8,788.25,796.05,65457
2018-05-07,804.0,808.0,791.0,794.35,66647
2018-05-08,799.2,807.2,791.05,803.45,56453
2018-05-09,803.45,807.6,796.4,798.7,655102
2018-05-10,801.5,818.0,799.05,800.35,516173
2018-05-11,807.8,807.8,796.0,800.7,184810
2018-05-14,805.0,806.6,796.15,800.4,53469
2018-05-15,800.0,806.0,793.0,795.7,65273
2018-05-16,794.7,796.2,782.65,789.7,54875
2018-05-17,794.0,801.95,790.05,796.6,63064
2018-05-18,797.8,802.35,778.6,782.85,996968
2018-05-21,780.0,785.95,755.5,763.2,123758
2018-05-22,763.2,781.4,751.05,754.05,165954
2018-05-23,754.0,798.8,753.2,790.2,303465
2018-05-24,801.0,827.75,785.0,792.0,483405
2018-05-25,798.0,798.25,785.4,791.25,108870
2018-05-28,805.8,809.0,795.0,798.6,106456
2018-05-29,801.85,802.5,792.5,796.7,54547
2018-05-30,795.0,806.2,790.35,800.1,133610
2018-05-31,802.9,811.9,795.0,807.8,437323
2018-06-01,802.2,808.7,785.65,800.05,367274
2018-06-04,808.0,810.0,777.0,786.6,135618
2018-06-05,787.7,791.4,732.0,738.9,177518
2018-06-06,741.8,755.95,738.05,741.45,112991
2018-06-07,756.3,768.0,750.0,765.45,175471
2018-06-08,764.0,793.0,756.05,787.05,178476
2018-06-11,799.85,820.0,780.0,786.25,498248
2018-06-12,786.2,807.5,781.65,797.1,241466
2018-06-13,799.0,809.0,793.8,797.4,229991
2018-06-14,789.7,835.0,789.65,810.3,870535
2018-06-15,816.95,843.85,813.65,831.6,1053415
2018-06-18,835.8,841.0,821.15,830.05,300710
2018-06-19,831.45,839.0,822.35,830.4,231255
2018-06-20,827.0,841.6,816.55,821.8,139016
2018-06-21,822.0,826.9,805.0,806.95,113263
2018-06-22,806.0,824.0,793.55,818.9,184939
2018-06-25,822.0,833.95,809.0,813.5,151925
2018-06-26,810.0,813.4,801.0,806.0,462955
2018-06-27,802.05,809.95,772.6,801.25,206883
2018-06-28,791.15,808.4,782.0,788.45,145623
2018-06-29,792.3,812.0,787.25,805.7,138556
2018-07-02,811.5,828.9,787.0,792.75,196970
2018-07-03,788.95,808.0,788.95,796.55,99870
2018-07-04,799.7,813.4,796.0,803.85,162613
2018-07-05,805.2,808.0,795.8,800.75,92080
2018-07-06,792.5,803.9,786.35,800.0,147018
2018-07-09,800.3,806.95,796.1,803.75,110787
2018-07-10,806.8,819.0,802.55,814.55,168140
2018-07-11,810.4,816.0,803.15,805.35,82060
2018-07-12,806.0,814.3,799.0,804.1,97804
2018-07-13,800.0,806.0,789.0,798.55,109547
2018-07-16,798.55,804.8,784.1,789.15,192383
2018-07-17,791.0,793.9,782.1,789.2,131021
2018-07-18,789.2,792.7,774.0,779.25,160849
2018-07-19,783.9,786.0,758.0,760.95,79172
2018-07-20,761.8,777.0,761.8,767.2,92669
2018-07-23,766.0,781.0,766.0,778.25,133023
2018-07-24,781.3,786.4,778.2,782.95,112531
2018-07-25,780.1,784.9,775.0,776.3,30378
2018-07-26,776.15,781.7,776.15,780.0,122800
2018-07-27,780.25,792.8,771.0,785.4,129436
2018-07-30,794.0,794.0,783.7,787.0,84207
2018-07-31,784.0,787.0,778.9,781.45,144703
2018-08-01,784.0,798.1,778.0,793.55,100556
2018-08-02,793.0,793.0,781.9,786.55,125368
2018-08-03,787.75,812.4,786.1,801.35,281310
2018-08-06,814.9,822.0,806.0,818.25,157944
2018-08-07,821.9,824.0,810.0,813.7,167995
2018-08-08,815.0,823.85,777.7,813.05,281789
2018-08-09,815.0,815.0,780.0,783.15,281773
2018-08-10,783.5,785.05,773.5,775.95,121000
2018-08-13,774.9,778.1,760.3,765.4,94133
2018-08-14,770.0,770.0,749.0,752.55,208559
2018-08-16,753.8,756.0,748.0,751.9,195360
2018-08-17,756.5,769.9,749.0,754.4,341595
2018-08-20,763.0,765.55,755.0,757.75,206797
2018-08-21,759.95,765.65,756.0,759.75,285248
2018-08-23,763.0,770.35,750.0,754.85,367464
2018-08-24,755.95,764.0,748.1,762.3,142052
2018-08-27,765.0,769.7,760.05,764.3,147395
2018-08-28,767.85,774.0,764.65,767.3,117818
2018-08-29,762.7,773.8,762.7,766.8,113582
2018-08-30,770.0,777.7,767.3,772.95,117337
2018-08-31,776.8,783.75,773.55,779.7,446455
2018-09-03,788.7,809.8,785.0,791.3,493306
2018-09-04,794.35,795.7,760.0,772.25,276260
2018-09-05,772.5,792.0,770.05,785.35,222434
2018-09-06,776.0,796.9,776.0,791.65,196986
2018-09-07,791.65,819.0,776.3,800.3,378966
2018-09-10,805.1,817.0,800.5,807.9,242314
2018-09-11,812.85,844.0,806.0,829.75,1036113
2018-09-12,835.0,848.3,819.05,824.85,490169
2018-09-14,832.05,837.5,823.4,826.2,261372
2018-09-17,811.05,830.95,811.05,814.85,267276
2018-09-18,818.0,824.25,792.55,797.1,184566
2018-09-19,797.0,804.7,771.0,775.0,163294
2018-09-21,785.0,796.6,751.05,790.05,489238
2018-09-24,790.1,794.95,753.95,758.6,215085
2018-09-25,758.0,766.0,747.0,749.55,253712
2018-09-26,754.25,783.0,754.25,768.2,458261
2018-09-27,764.6,773.45,751.25,754.05,339647
2018-09-28,759.95,771.9,742.75,751.5,166942
2018-10-01,744.0,759.6,741.0,751.5,120107
2018-10-03,751.5,759.15,748.0,752.95,236025
2018-10-04,749.9,749.9,704.85,719.5,161651
2018-10-05,717.55,729.0,686.65,693.15,209406
2018-10-08,699.0,699.15,661.0,663.65,186364
2018-10-09,667.7,671.85,636.0,655.2,235224
2018-10-10,664.9,685.0,641.6,674.4,290486
2018-10-11,664.0,667.7,645.0,659.75,120090
2018-10-12,669.9,682.0,660.1,677.85,155969
2018-10-15,700.15,734.0,699.0,717.4,601185
2018-10-16,722.95,746.95,716.0,740.05,256923
2018-10-17,742.05,749.9,710.35,717.4,123832
2018-10-19,712.0,739.65,705.0,726.75,105219
2018-10-22,734.7,744.0,726.95,727.9,87042
2018-10-23,725.0,725.0,702.8,705.8,69448
2018-10-24,709.95,715.0,690.0,698.55,110598
2018-10-25,690.0,693.9,674.0,681.75,112674
2018-10-26,687.35,716.75,660.0,705.15,186619
2018-10-29,705.2,744.4,693.05,731.05,633194
2018-10-30,738.0,747.5,729.75,739.9,180627
2018-10-31,741.0,763.4,741.0,754.15,227294
2018-11-01,755.4,765.0,746.0,758.0,122911
2018-11-02,758.7,779.0,746.0,774.75,333817
2018-11-05,780.0,799.9,755.0,773.8,885968
2018-11-06,766.3,770.0,750.0,752.05,351683
2018-11-07,760.0,760.0,740.0,757.9,46179
2018-11-09,759.8,767.45,753.35,757.85,237698
2018-11-12,760.8,768.9,745.0,748.25,178155
2018-11-13,746.0,750.0,730.0,738.35,149692
2018-11-14,741.0,745.0,719.0,722.25,130918
2018-11-15,725.8,726.0,706.0,722.5,129456
2018-11-16,728.8,742.6,723.1,733.5,201013
2018-11-19,740.0,749.0,738.15,744.4,110344
2018-11-20,742.5,748.0,729.0,732.05,247216
2018-11-21,735.05,740.0,725.0,733.3,127715
2018-11-22,731.0,739.85,721.8,725.25,111985
2018-11-26,727.0,734.25,721.0,725.05,135268
2018-11-27,722.0,728.0,715.0,717.35,96193
2018-11-28,716.05,719.7,710.2,714.2,114895
2018-11-29,715.2,718.0,704.75,714.3,187201
2018-11-30,715.0,715.0,707.7,714.6,214312
2018-12-03,723.0,724.7,708.0,711.85,286010
2018-12-04,710.0,718.0,709.0,714.6,186560
2018-12-05,718.9,728.8,715.5,719.35,225752
2018-12-06,717.0,723.95,707.0,710.95,191268
2018-12-07,708.15,717.3,708.15,714.85,106420
2018-12-10,710.0,713.7,692.0,694.7,239523
2018-12-11,692.95,707.2,687.0,701.9,192606
2018-12-12,705.15,713.9,705.15,709.9,126060
2018-12-13,710.0,717.9,710.0,714.5,109593
2018-12-14,710.2,712.05,698.5,701.4,128759
2018-12-17,708.5,709.15,700.0,702.6,84454
2018-12-18,703.0,708.0,701.55,705.75,96968
2018-12-19,709.4,713.85,705.0,708.1,114101
2018-12-20,700.0,707.35,682.5,684.15,324838
2018-12-21,689.9,693.95,681.2,682.5,149001
2018-12-24,682.1,701.0,680.1,693.95,103610
2018-12-26,697.9,697.9,669.7,675.95,184124
2018-12-27,679.5,692.0,672.05,685.05,135886
2018-12-28,689.2,690.0,677.4,683.3,137702
2019-01-01,687.0,698.5,678.5,694.35,112551
2019-01-02,697.0,701.5,688.0,698.7,165072
2019-01-03,698.9,708.0,691.5,696.1,220510
2019-01-04,695.9,706.85,691.0,703.4,94715
2019-01-07,704.0,709.8,693.3,699.05,486342
2019-01-08,701.95,701.95,690.1,696.2,353502
2019-01-09,698.25,699.5,684.8,686.85,73594
2019-01-10,689.85,694.85,685.0,685.7,75318
2019-01-11,689.95,696.0,681.6,689.65,90058
2019-01-14,694.9,694.9,680.2,685.5,102838
2019-01-15,685.5,694.7,685.5,692.7,193766
2019-01-16,695.0,699.0,673.5,680.0,804818
2019-01-17,681.0,692.9,681.0,689.6,85930
2019-01-18,694.8,694.8,683.3,686.85,41694
2019-01-21,685.0,689.0,673.4,676.5,83491
2019-01-22,676.5,693.0,675.0,689.85,81525
2019-01-23,689.85,698.4,681.0,688.85,100863
2019-01-24,693.8,693.8,675.05,680.55,219246
2019-01-25,678.0,686.0,670.05,674.65,120708
2019-01-28,676.1,678.0,659.4,669.55,96658
2019-01-29,660.0,674.0,660.0,665.95,150269
2019-01-30,664.25,686.0,664.25,679.7,112219
2019-01-31,695.0,701.0,672.05,692.4,479903
2019-02-01,691.0,699.9,681.05,691.4,145415
2019-02-04,694.05,694.9,679.0,681.6,72544
2019-02-05,687.9,688.0,677.0,678.6,36180
2019-02-06,687.5,687.5,672.0,679.9,62058
2019-02-07,678.0,685.0,676.9,679.75,75300
2019-02-08,683.0,709.75,672.0,681.95,148361
2019-02-11,677.8,683.0,670.0,672.85,89306
2019-02-12,668.5,684.35,658.0,666.7,151057
2019-02-13,650.0,651.0,632.1,635.85,319898
2019-02-14,647.0,647.0,600.1,608.35,381071
2019-02-15,605.0,605.1,584.0,586.8,268550
2019-02-18,593.0,593.0,568.6,575.15,200962
2019-02-19,581.7,581.75,566.0,569.8,127545
2019-02-20,570.1,579.0,570.1,575.8,171271
2019-02-21,579.0,584.15,572.45,575.55,337998
2019-02-22,579.0,590.9,572.55,587.15,215267
2019-02-25,590.0,590.0,573.0,575.4,190419
2019-02-26,570.0,578.05,562.0,575.4,162623
2019-02-27,576.0,579.3,569.5,574.75,191612
2019-02-28,580.8,581.0,572.4,575.6,129110
2019-03-01,578.2,580.5,568.35,569.95,206053
2019-03-05,574.5,576.0,564.0,566.6,439590
2019-03-06,572.7,575.0,557.55,561.0,340728
2019-03-07,563.6,570.25,563.2,569.0,327036
2019-03-08,573.0,573.5,563.0,568.75,330186
2019-03-11,573.45,575.0,566.1,572.8,849922
2019-03-12,579.7,597.1,573.5,583.9,637452
2019-03-13,587.4,595.0,581.0,582.7,178489
2019-03-14,587.0,587.0,575.0,575.8,177656
2019-03-15,578.5,590.0,578.5,587.95,265760
2019-03-18,592.75,605.0,587.7,600.85,608318
2019-03-19,604.6,610.8,595.0,597.8,939673
2019-03-20,600.7,603.55,593.0,595.75,131640
2019-03-22,598.9,598.9,583.0,585.55,201496
2019-03-25,580.1,584.2,564.2,572.9,362716
2019-03-26,578.7,578.7,564.2,566.0,215943
2019-03-27,570.0,570.1,555.0,558.55,357098
2019-03-28,560.0,570.0,559.05,566.0,187959
2019-03-29,571.8,579.0,566.0,573.45,273614
2019-04-01,577.9,577.9,564.0,565.2,265237
2019-04-02,565.2,570.75,564.1,568.45,168513
2019-04-03,568.0,570.2,559.0,561.7,163461
2019-04-04,563.0,564.8,551.0,554.75,142843
2019-04-05,557.4,564.0,557.4,561.25,99021
2019-04-08,565.0,570.0,562.7,566.65,114692
2019-04-09,569.85,569.9,563.15,565.1,77665
2019-04-10,568.9,569.4,558.0,565.05,246932
2019-04-11,567.95,568.65,561.65,565.85,195521
2019-04-12,567.8,568.5,562.5,565.5,78990
2019-04-15,568.0,568.0,562.0,564.6,105312
2019-04-16,566.5,566.5,558.1,561.3,132868
2019-04-18,558.3,560.95,536.95,539.05,661937
2019-04-22,543.8,543.9,526.8,533.65,397498
2019-04-23,539.4,543.4,535.0,537.35,181089
2019-04-24,539.9,548.65,536.15,539.95,288275
2019-04-25,543.0,543.7,531.0,532.75,131032
2019-04-26,536.75,541.8,528.0,530.4,195400
2019-04-30,533.4,549.7,520.2,545.3,235533
2019-05-02,547.45,553.75,533.0,538.35,312792
2019-05-03,539.7,542.65,531.2,534.0,211492
2019-05-06,536.0,538.0,527.1,533.3,126752
2019-05-07,538.0,539.9,527.0,534.65,158251
2019-05-08,538.5,542.85,528.6,538.1,132018
2019-05-09,538.3,549.0,531.35,547.4,157331
2019-05-10,546.9,546.9,536.0,541.95,165707
2019-05-13,542.0,544.25,528.55,540.1,258711
2019-05-14,536.8,545.8,529.0,533.25,386097
2019-05-15,535.9,537.75,526.0,529.1,65269
2019-05-16,533.4,533.4,522.15,523.9,75301
2019-05-17,525.8,525.8,518.0,521.0,121447
2019-05-20,528.05,537.0,521.2,525.35,103486
2019-05-21,529.85,529.85,518.4,521.1,130308
2019-05-22,522.8,524.0,518.05,520.5,106038
2019-05-23,521.4,523.9,510.0,511.55,102088
2019-05-24,512.0,516.0,507.7,510.2,153699
2019-05-27,510.7,530.0,510.7,524.95,215853
2019-05-28,480.0,533.0,480.0,529.9,1464661
2019-05-29,530.75,537.5,522.0,526.2,255417
2019-05-30,524.45,525.2,510.65,516.7,333918
2019-05-31,520.9,535.0,514.9,531.3,224087
2019-06-03,531.2,538.0,527.0,535.4,106421
2019-06-04,531.25,549.4,523.0,542.5,254338
2019-06-06,547.0,555.0,530.1,540.2,461212
2019-06-07,535.8,546.5,533.0,544.15,148671
2019-06-10,545.0,548.0,538.4,547.3,155321
2019-06-11,545.0,545.55,538.05,543.0,130022
2019-06-12,542.65,548.3,535.0,545.6,93673
2019-06-13,545.0,545.0,534.1,538.6,83131
2019-06-14,542.0,542.0,527.75,532.95,161154
2019-06-17,537.0,537.05,515.0,518.95,78595
2019-06-18,518.95,524.95,511.05,516.7,127516
2019-06-19,517.0,519.9,507.0,509.4,87959
2019-06-20,513.5,536.0,501.6,533.1,332676
2019-06-21,534.95,543.0,527.0,538.9,731189
2019-06-24,538.9,548.45,528.0,546.1,553271
2019-06-25,542.0,545.8,532.65,534.6,91042
2019-06-26,530.8,543.95,528.2,536.5,782611
2019-06-27,534.0,540.15,529.0,532.15,38281
2019-06-28,531.55,541.05,531.55,534.9,64119
2019-07-01,528.0,539.0,528.0,536.2,50907
2019-07-02,537.2,541.55,533.0,539.55,32249
2019-07-03,540.95,540.95,534.05,536.4,49419
2019-07-04,537.9,539.35,530.05,532.7,65548
2019-07-05,532.0,537.9,520.2,530.85,1013064
2019-07-08,530.85,538.5,516.5,523.3,109863
2019-07-09,522.0,539.9,522.0,534.15,670597
2019-07-10,538.0,538.5,528.05,532.0,64856
2019-07-11,535.9,535.9,523.45,529.3,59643
2019-07-12,533.6,533.6,525.0,527.85,28469
2019-07-15,532.1,540.85,521.95,526.6,68279
2019-07-16,528.0,529.75,518.0,520.5,60846
2019-07-17,522.85,529.0,512.0,516.8,38313
2019-07-18,517.0,519.4,508.35,511.85,76328
2019-07-19,515.0,521.0,490.0,507.05,267017
2019-07-22,515.0,516.9,499.0,502.65,72705
2019-07-23,505.0,508.95,502.8,506.55,28476
2019-07-24,509.0,509.0,500.5,505.65,40475
2019-07-25,505.0,511.4,505.0,510.65,120072
2019-07-26,510.0,521.5,509.9,517.85,59478
2019-07-29,521.0,525.6,515.0,520.05,51901
2019-07-30,521.0,529.9,518.7,520.5,87044
2019-07-31,517.1,520.5,510.0,515.05,51764
2019-08-01,515.0,519.15,505.3,509.95,55499
2019-08-02,503.3,536.95,503.1,527.4,122418
2019-08-05,523.7,538.0,511.0,534.45,124418
2019-08-06,530.15,561.95,530.15,550.35,213790
2019-08-07,548.0,556.4,537.55,549.55,142829
2019-08-08,550.25,555.0,541.05,552.95,53617
2019-08-09,555.0,555.0,528.6,551.45,395224
2019-08-13,545.0,552.0,535.55,547.95,146460
2019-08-14,546.0,552.7,540.0,550.95,100988
2019-08-16,547.5,549.0,536.8,544.3,73658
2019-08-19,538.0,552.0,538.0,545.8,110536
2019-08-20,549.8,555.0,543.0,548.2,972888
2019-08-21,550.0,554.9,538.0,540.0,67292
2019-08-22,535.3,545.6,528.95,543.05,102834
2019-08-23,535.5,555.0,529.3,546.35,136240
2019-08-26,549.35,560.9,533.5,545.35,333953
2019-08-27,542.0,553.95,538.0,541.7,117702
2019-08-28,535.0,544.7,531.6,538.2,75731
2019-08-29,542.0,544.95,535.1,540.4,65234
2019-08-30,543.9,547.75,540.0,542.05,69666
2019-09-03,541.0,546.85,538.1,542.3,31096
2019-09-04,535.0,543.85,535.0,542.65,25605
2019-09-05,549.0,566.8,543.1,557.4,259137
2019-09-06,558.7,567.1,555.95,564.35,77518
2019-09-09,566.0,587.4,565.0,583.45,160474
2019-09-11,586.0,591.6,574.25,578.95,99368
2019-09-12,576.2,583.6,558.1,562.1,79378
2019-09-13,560.0,570.25,553.05,568.65,86558
2019-09-16,565.0,574.45,557.3,563.1,158150
2019-09-17,563.5,571.5,559.85,567.6,99246
2019-09-18,566.0,571.25,564.05,566.5,80619
2019-09-19,568.8,570.25,556.0,559.2,422928
2019-09-20,561.0,571.0,557.0,565.85,255921
2019-09-23,570.8,610.0,565.1,572.3,320594
2019-09-24,576.95,598.65,565.0,586.55,118183
2019-09-25,591.95,598.0,584.2,589.9,85473
2019-09-26,590.0,606.55,582.3,602.15,252144
2019-09-27,600.0,607.9,594.1,600.8,112885
2019-09-30,605.9,607.2,571.1,581.95,124379
2019-10-01,588.0,598.7,567.1,573.65,140299
2019-10-03,570.0,575.0,565.0,567.05,48372
2019-10-04,566.2,578.05,556.0,559.0,62897
2019-10-07,557.0,570.15,556.1,558.15,76712
2019-10-09,563.95,563.95,549.0,552.6,65130
2019-10-10,552.95,557.5,548.0,550.65,56644
2019-10-11,554.9,562.95,551.0,560.4,42354
2019-10-14,562.0,569.95,560.75,562.75,37090
2019-10-15,564.0,567.05,557.75,565.55,39612
2019-10-16,565.0,572.0,562.25,565.65,39999
2019-10-17,570.65,578.0,565.0,574.15,67908
2019-10-18,573.0,580.75,553.9,567.85,214179
2019-10-22,577.6,591.9,570.5,577.2,186152
2019-10-23,583.8,584.0,567.55,575.2,80341
2019-10-24,570.3,587.0,570.3,584.6,83190
2019-10-25,584.0,588.9,574.0,577.8,488078
2019-10-27,583.5,583.5,577.8,579.5,15147
2019-10-29,579.5,599.0,577.55,586.9,343204
2019-10-30,592.8,606.0,586.45,593.9,241581
2019-10-31,593.9,596.0,588.0,589.2,51962
2019-11-01,591.0,596.4,580.55,586.25,173413
2019-11-04,584.1,601.0,584.1,589.9,133548
2019-11-05,591.9,597.5,583.0,586.25,73045
2019-11-06,586.35,591.8,577.15,581.1,74763
2019-11-07,582.0,586.0,579.7,582.5,71666
2019-11-08,579.1,581.8,573.05,577.8,48779
2019-11-11,573.2,585.95,571.85,578.6,60664
2019-11-13,553.0,564.0,552.95,560.15,256480
2019-11-14,562.45,564.0,549.1,560.55,145869
2019-11-15,565.85,567.85,560.45,565.05,110950
2019-11-18,565.05,574.25,553.1,557.65,80677
2019-11-19,557.6,561.0,547.0,549.4,74177
2019-11-20,552.0,557.9,550.1,554.65,59346
2019-11-21,557.2,573.0,552.5,555.8,502286
2019-11-22,558.2,561.5,554.95,556.2,41954
2019-11-25,556.75,573.55,555.05,570.5,82896
2019-11-26,572.1,575.0,565.55,571.85,190811
2019-11-27,569.2,581.8,567.7,573.35,187801
2019-11-28,575.0,576.9,567.8,575.3,63521
2019-11-29,575.3,597.1,572.7,593.75,129325
2019-12-02,595.0,597.95,586.35,588.9,61159
2019-12-03,590.0,593.5,577.1,581.7,642056
2019-12-04,583.7,603.95,580.2,598.35,573135
2019-12-05,600.0,602.0,584.1,587.2,59546
2019-12-06,586.5,602.0,586.5,594.25,189244
2019-12-09,594.0,599.0,576.6,580.35,53556
2019-12-10,582.0,586.2,572.0,580.3,48021
2019-12-11,583.1,584.55,576.15,582.2,42333
2019-12-12,582.9,587.95,572.1,577.35,46051
2019-12-13,579.5,583.7,575.1,582.8,27613
2019-12-16,584.9,587.1,575.1,580.55,402405
2019-12-17,580.55,584.45,577.05,582.55,135607
2019-12-18,582.1,587.0,577.4,584.6,27409
2019-12-19,584.15,584.3,579.0,580.05,305582
2019-12-20,580.5,583.85,570.0,573.05,195142
2019-12-23,574.4,578.3,568.15,573.45,185853
2019-12-24,573.85,577.0,570.5,572.85,25303
2019-12-26,573.0,577.0,571.1,574.0,33844
2019-12-27,574.15,580.5,560.0,576.5,47030
2019-12-30,576.5,586.0,572.1,585.0,64712
