date,open,high,low,close,volume
2009-03-05,110.83,112.33,106.25,108.34,25542292
2009-03-06,107.0,112.8,106.67,112.23,9458021
2009-03-09,111.27,112.5,109.51,111.07,5310701
2009-03-12,113.33,114.89,112.0,113.75,9545213
2009-03-13,113.65,118.32,113.59,117.73,6449753
2009-03-16,117.17,119.67,115.85,119.27,6957695
2009-03-17,119.17,121.13,117.75,119.32,9021821
2009-03-18,119.57,123.01,119.5,120.64,9400037
2009-03-19,121.63,122.63,120.38,121.87,7769393
2009-03-20,121.53,126.75,120.94,125.83,11170505
2009-03-23,125.83,133.33,125.83,132.37,10342697
2009-03-24,124.57,134.95,124.57,129.87,14446271
2009-03-25,129.67,130.79,124.35,127.29,17949300
2009-03-26,127.59,135.83,126.77,134.6,26586256
2009-03-27,140.57,140.57,132.09,134.71,10201463
2009-03-30,134.97,134.97,128.2,130.41,8487359
2009-03-31,124.27,133.0,124.27,130.03,11644223
2009-04-01,130.0,134.99,125.2,134.05,12291941
2009-04-02,135.09,146.97,135.09,145.23,13250561
2009-04-06,145.92,152.4,145.85,147.8,12621155
2009-04-08,145.5,153.75,139.0,150.88,21660316
2009-04-09,153.0,153.0,145.89,147.42,14791415
2009-04-13,148.67,151.62,144.33,149.29,8012225
2009-04-15,147.5,150.5,146.01,149.21,14845859
2009-04-16,149.3,150.82,140.88,141.89,16400765
2009-04-17,142.92,147.7,141.29,144.05,15919715
2009-04-20,145.0,145.77,141.77,144.03,10592759
2009-04-21,143.33,147.92,140.21,143.86,8834213
2009-04-22,144.33,146.49,138.35,139.88,8139599
2009-04-23,144.38,144.59,139.53,142.49,7314485
2009-04-24,142.79,144.5,140.18,142.77,6997613
2009-04-27,135.49,144.12,135.49,141.33,12482465
2009-04-28,141.83,141.83,137.5,138.77,9555341
2009-04-29,140.0,145.0,138.92,144.13,16376063
2009-05-04,149.79,153.53,146.5,148.5,11329625
2009-05-05,150.0,150.0,144.45,147.83,10426709
2009-05-06,148.17,153.33,145.47,147.79,14874185
2009-05-07,149.83,150.82,146.73,148.55,9877073
2009-05-08,148.63,151.81,146.33,147.19,9109565
2009-05-11,145.85,150.63,145.42,146.62,8601431
2009-05-12,146.67,148.79,146.03,147.08,14524661
2009-05-13,147.51,148.33,139.43,142.45,15287447
2009-05-14,140.0,142.33,137.55,138.44,10778087
2009-05-15,139.17,142.16,133.73,135.53,25716532
2009-05-18,148.4,162.63,143.7,157.87,736403
2009-05-19,161.71,176.67,147.5,165.95,33132612
2009-05-20,160.0,174.82,159.17,165.75,18802504
2009-05-21,162.75,183.93,162.75,179.22,25747252
2009-05-22,187.83,187.83,170.23,174.35,23501568
2009-05-25,170.25,176.33,166.87,173.45,10069457
2009-05-26,173.33,176.45,167.27,169.15,12492875
2009-05-27,173.32,186.33,170.83,184.26,19488216
2009-05-28,176.29,191.27,176.29,188.22,25214224
2009-05-29,190.0,203.33,186.05,194.88,31131492
2009-06-01,195.18,200.67,194.17,196.11,10082465
2009-06-02,201.67,203.33,191.51,193.97,11878895
2009-06-03,195.82,195.83,192.09,194.71,7672757
2009-06-04,192.55,196.23,187.5,194.89,9766199
2009-06-05,197.4,198.97,193.33,196.97,8391569
2009-06-08,195.0,198.95,183.33,185.59,9192575
2009-06-09,183.51,189.95,178.33,188.69,10586555
2009-06-10,189.17,197.99,187.76,194.35,11427737
2009-06-11,193.83,196.47,185.33,186.76,7709849
2009-06-12,186.83,189.0,180.1,187.85,10271351
2009-06-15,180.55,194.78,180.55,187.57,12043679
2009-06-16,190.67,190.67,179.25,187.79,6246995
2009-06-17,187.67,188.28,174.55,176.87,10568021
2009-06-18,176.67,179.15,165.93,167.94,16708061
2009-06-19,169.01,170.83,161.77,168.23,20451424
2009-06-22,163.73,169.67,161.85,165.64,20050536
2009-06-23,160.67,173.63,160.67,171.11,24861972
2009-06-24,171.17,176.11,170.25,175.15,15287879
2009-06-25,167.94,176.6,167.18,169.95,33041220
2009-06-26,171.71,175.67,167.92,174.1,11765213
2009-06-29,175.0,181.82,173.17,177.65,8052113
2009-06-30,178.13,181.42,176.78,177.89,8311259
2009-07-01,177.53,181.2,174.1,175.27,7426169
2009-07-02,180.18,193.0,179.57,187.77,50191872
2009-07-03,184.21,190.15,181.81,189.36,20142144
2009-07-06,188.0,189.83,175.83,178.29,16139699
2009-07-07,173.78,179.6,171.67,174.91,12134363
2009-07-08,174.91,174.91,166.17,168.46,8704325
2009-07-09,169.33,169.33,165.03,166.39,7067639
2009-07-10,166.67,167.49,162.79,164.43,7623497
2009-07-13,160.5,167.62,160.5,165.21,6988043
2009-07-14,169.67,169.67,164.27,166.62,6858803
2009-07-15,165.92,173.46,165.92,173.23,8782361
2009-07-16,173.33,175.67,169.17,170.5,12752315
2009-07-17,171.33,174.9,168.9,173.85,12291623
2009-07-20,175.73,177.93,171.05,176.78,9854549
2009-07-21,175.85,177.49,172.5,174.17,10447379
2009-07-22,183.24,185.4,174.5,182.07,17090904
2009-07-23,182.5,186.27,180.83,182.17,11049587
2009-07-24,180.0,191.25,178.83,187.47,15149681
2009-07-27,190.0,193.0,178.68,182.69,11062019
2009-07-28,182.78,186.13,180.33,183.65,10534673
2009-07-29,182.51,189.67,180.79,183.07,16583759
2009-07-30,183.17,187.65,180.33,183.51,19148004
2009-07-31,186.68,196.28,185.33,194.01,16783560
2009-08-03,194.17,197.5,192.05,196.55,9008183
2009-08-04,196.5,198.23,187.09,190.3,8507141
2009-08-05,191.65,199.83,188.86,199.05,13761161
2009-08-06,199.21,201.5,190.69,192.15,10998029
2009-08-07,190.21,196.17,187.67,189.85,10500017
2009-08-10,190.85,195.0,190.09,193.47,10481231
2009-08-11,193.75,195.17,187.99,192.09,11959577
2009-08-12,192.53,192.53,184.68,187.87,10881713
2009-08-13,190.0,195.0,190.0,194.2,9547193
2009-08-14,192.11,205.0,192.11,203.42,27101112
2009-08-17,196.28,202.61,193.13,194.15,9426413
2009-08-18,194.17,199.82,193.74,197.03,8452757
2009-08-19,193.61,199.47,192.0,193.32,7585397
2009-08-20,196.67,199.95,195.0,196.59,6349103
2009-08-21,196.5,199.57,193.5,198.59,5877383
2009-08-24,202.07,202.93,194.77,199.31,8223509
2009-08-25,195.92,198.67,195.09,197.28,6305909
2009-08-26,197.83,197.83,194.83,195.68,8744789
2009-08-27,194.17,198.33,193.67,195.55,10470611
2009-08-28,196.49,197.91,194.65,196.45,7760501
2009-08-31,196.33,200.33,193.67,197.59,7391255
2009-09-01,195.93,199.42,192.67,193.82,7305647
2009-09-02,193.33,196.24,191.85,192.59,6059003
2009-09-03,193.33,194.47,189.17,190.05,5493185
2009-09-04,191.67,197.67,189.75,196.37,8013065
2009-09-07,192.14,199.5,192.14,198.07,5627417
2009-09-08,199.17,199.67,196.83,197.63,9733523
2009-09-09,198.0,199.47,193.45,196.68,7642289
2009-09-10,199.0,199.0,195.01,196.78,10591661
2009-09-11,195.83,197.97,194.68,196.13,4227419
2009-09-14,195.67,195.83,192.35,193.57,4436537
2009-09-15,194.33,195.5,189.37,190.91,9374087
2009-09-16,199.5,199.5,189.17,191.51,8892977
2009-09-17,191.67,195.32,191.67,193.18,7274057
2009-09-18,191.68,195.39,191.68,193.95,10963313
2009-09-22,192.17,195.83,190.93,192.53,9022325
2009-09-23,192.53,195.78,192.53,193.64,6396857
2009-09-24,194.33,194.96,189.18,191.67,21345172
2009-09-25,183.81,193.83,155.71,192.89,5919257
2009-09-29,193.63,199.33,192.57,198.28,7798565
2009-09-30,198.67,202.38,193.88,195.33,15531353
2009-10-01,195.91,198.11,194.7,197.03,9375197
2009-10-05,195.01,196.3,193.01,194.96,4344227
2009-10-06,193.45,198.32,193.45,197.47,6601079
2009-10-07,198.33,200.78,196.33,197.18,4545617
2009-10-08,197.5,204.07,196.73,200.38,10103621
2009-10-09,200.0,204.81,200.0,203.39,8953091
2009-10-12,203.83,209.0,202.93,207.75,9024365
2009-10-14,210.42,212.3,208.4,210.35,5584817
2009-10-15,212.64,212.95,207.77,209.61,2741255
2009-10-16,208.35,211.3,206.03,207.65,2960627
2009-10-17,208.33,209.17,205.0,206.79,701327
2009-10-20,207.0,208.61,201.38,201.79,6951953
2009-10-21,201.83,202.5,195.82,196.47,6259007
2009-10-22,196.67,198.23,194.26,195.31,6566627
2009-10-23,197.0,197.59,194.67,195.97,5984651
2009-10-26,197.49,197.49,193.5,194.45,6497303
2009-10-27,193.33,197.43,192.75,194.09,5820713
2009-10-28,193.92,195.35,188.0,188.97,5293139
2009-10-29,188.33,195.99,188.0,193.92,7411919
2009-10-30,194.13,195.77,187.72,188.63,7565567
2009-11-03,190.82,192.0,184.97,186.43,5010791
2009-11-04,189.5,190.43,184.2,188.9,3638801
2009-11-05,187.01,194.0,184.88,192.14,5323799
2009-11-06,192.14,194.67,190.33,193.05,4812215
2009-11-09,190.67,195.17,190.67,194.47,3180113
2009-11-10,195.33,197.33,187.61,188.95,11239841
2009-11-11,188.95,193.0,187.93,191.74,4596245
2009-11-12,192.83,193.65,190.43,191.33,6229979
2009-11-13,191.83,200.67,189.67,197.35,13084295
2009-11-16,199.64,201.97,196.38,199.93,7458641
2009-11-17,199.99,200.81,193.43,195.51,5213441
2009-11-18,196.67,198.11,194.33,196.64,5616095
2009-11-19,197.4,197.4,193.0,193.95,3944459
2009-11-20,192.17,195.83,192.17,194.79,4840307
2009-11-23,196.83,199.0,194.83,197.74,3197375
2009-11-24,198.33,199.05,194.0,195.55,3696251
2009-11-25,195.5,197.83,195.0,196.67,3796409
2009-11-26,197.0,197.49,194.39,195.69,8156645
2009-11-27,189.35,200.67,186.68,194.19,6146477
2009-11-30,195.39,201.1,195.39,199.96,6747053
2009-12-01,200.67,202.43,198.71,199.63,4433297
2009-12-02,201.17,201.49,196.33,197.49,6027365
2009-12-03,197.83,202.49,197.37,199.99,5418473
2009-12-04,198.33,199.5,195.01,196.51,4503707
2009-12-07,197.17,197.43,194.8,196.51,3642725
2009-12-08,196.17,197.57,195.03,196.63,4071797
2009-12-09,196.67,198.17,195.5,196.65,3079829
2009-12-10,196.33,199.67,195.33,199.24,3300215
2009-12-11,199.2,200.89,196.76,198.27,5447909
2009-12-14,198.67,202.83,198.33,200.51,3939695
2009-12-15,201.47,201.47,198.0,198.97,2588831
2009-12-16,198.97,199.51,196.85,198.17,2450213
2009-12-17,198.33,202.32,196.67,200.11,3492113
2009-12-18,201.0,201.0,196.68,197.55,1731023
2009-12-21,199.28,199.28,195.5,196.32,2443919
2009-12-22,195.91,195.91,192.13,193.51,3786335
2009-12-23,194.28,198.28,193.01,196.49,3519269
2009-12-24,197.17,200.24,196.49,199.57,4212101
2009-12-29,199.67,200.82,195.83,196.93,6547937
2009-12-30,198.14,198.14,195.33,195.73,2315993
2009-12-31,196.33,197.33,195.53,196.33,4365293
2010-01-04,196.17,198.83,196.0,197.91,1905761
2010-01-05,198.68,202.5,198.19,201.38,4657391
2010-01-06,202.01,204.5,201.2,203.92,4203689
2010-01-07,203.5,205.82,201.67,204.13,6394535
2010-01-08,204.17,206.43,201.67,202.61,5678651
2010-01-11,205.05,205.49,202.17,202.75,5078045
2010-01-12,200.92,202.85,197.83,198.49,3932951
2010-01-13,198.17,201.07,196.67,199.22,3194177
2010-01-14,200.32,207.79,199.5,205.29,8584283
2010-01-15,205.29,206.23,200.37,201.63,8546699
2010-01-18,201.45,203.83,200.19,202.09,3182249
2010-01-19,202.0,202.82,198.0,199.47,5830439
2010-01-20,200.32,202.47,193.0,193.53,8113313
2010-01-21,194.17,196.1,188.51,189.99,5594189
2010-01-22,188.23,188.23,183.33,185.75,10479761
2010-01-25,186.85,187.8,183.42,186.85,3368645
2010-01-27,185.73,186.3,183.8,184.82,3637745
2010-01-28,186.5,188.93,179.17,183.72,9457559
2010-01-29,183.51,186.67,181.67,182.73,4827713
2010-02-01,181.0,184.79,181.0,183.59,2698373
2010-02-02,185.0,186.65,182.0,184.18,4362107
2010-02-03,185.09,190.18,184.5,188.97,3031385
2010-02-04,189.99,192.5,187.55,189.93,12828695
2010-02-05,186.2,187.83,180.18,181.28,6177251
2010-02-06,172.79,182.92,172.79,182.05,392219
2010-02-08,180.82,187.43,179.01,186.36,4135307
2010-02-09,186.36,188.14,183.6,184.38,2701571
2010-02-10,185.17,186.5,180.79,181.17,5141855
2010-02-11,189.5,189.5,181.83,183.38,3333347
2010-02-15,183.5,184.28,179.69,181.39,2329151
2010-02-16,183.3,185.0,180.35,183.83,2439059
2010-02-17,185.67,186.5,182.53,183.28,3398441
2010-02-18,177.5,184.83,177.5,183.92,3234785
2010-02-19,182.49,185.83,181.29,184.97,3820997
2010-02-22,185.0,186.67,183.64,184.59,3981497
2010-02-23,183.83,184.5,182.0,183.59,3667073
2010-02-24,184.15,184.64,181.01,183.55,2067653
2010-02-25,183.55,185.92,181.68,184.97,2657375
2010-02-26,185.82,188.93,182.5,186.27,5019593
2010-03-02,186.68,189.77,183.77,184.85,5567303
2010-03-03,185.5,186.05,181.43,183.47,5705273
2010-03-04,182.0,184.83,181.67,182.51,6390647
2010-03-05,185.0,185.0,181.83,182.42,8786621
2010-03-08,184.17,184.57,183.09,183.42,6550691
2010-03-09,183.75,184.17,181.83,182.7,3563195
2010-03-10,181.83,183.14,180.5,181.43,7231277
2010-03-11,182.17,182.17,179.47,180.63,4789889
2010-03-12,180.88,182.03,180.18,180.78,6732839
2010-03-15,180.78,181.21,177.59,178.3,2579189
2010-03-16,179.5,181.15,177.89,178.51,5840633
2010-03-17,179.83,180.65,178.33,178.92,4512119
2010-03-18,179.57,179.57,175.0,175.7,7020341
2010-03-19,176.33,177.17,174.19,176.14,4986023
2010-03-22,175.67,178.2,174.43,176.53,4146251
2010-03-23,177.05,179.01,176.39,178.21,5168453
2010-03-25,178.17,178.33,175.09,176.11,6617801
2010-03-26,176.67,180.67,176.67,179.99,7182119
2010-03-29,180.68,183.15,179.35,182.18,2926799
2010-03-30,182.75,185.35,182.0,182.89,3564893
2010-03-31,183.01,185.17,181.37,183.11,6004679
2010-04-01,183.5,184.5,179.96,180.74,3007355
2010-04-05,182.17,185.0,180.59,182.82,2521853
2010-04-06,182.83,182.83,179.67,180.81,3079733
2010-04-07,182.32,182.67,179.68,180.49,2997647
2010-04-08,181.11,181.11,176.18,176.93,5050781
2010-04-09,176.83,178.75,176.75,177.3,2996087
2010-04-12,179.09,179.14,174.17,175.49,2432765
2010-04-13,175.05,176.67,172.95,173.39,4208105
2010-04-15,174.22,176.5,172.92,173.28,4682465
2010-04-16,173.5,173.65,171.43,171.9,2813411
2010-04-19,170.83,171.5,166.51,167.3,6449717
2010-04-20,169.0,170.0,166.77,167.09,5451659
2010-04-21,167.51,168.97,166.66,168.29,4207667
2010-04-22,167.67,171.37,166.0,169.18,6750659
2010-04-23,169.0,170.78,168.0,169.65,4125791
2010-04-26,167.51,171.46,167.0,169.63,2957921
2010-04-27,171.15,174.83,169.33,174.15,4901771
2010-04-28,173.33,174.67,171.01,173.35,3393617
2010-04-29,173.67,175.31,172.2,174.47,4176485
2010-04-30,175.0,176.87,172.33,175.8,12740573
2010-05-03,175.0,176.45,173.96,174.6,3243479
2010-05-04,174.71,176.25,173.27,173.97,2261567
2010-05-05,172.51,173.95,169.83,171.85,2686313
2010-05-06,171.67,174.92,170.18,173.81,4716899
2010-05-07,170.86,176.93,170.86,174.11,6830807
2010-05-10,175.67,175.77,172.67,175.15,3745859
2010-05-11,174.93,174.93,170.13,171.65,6134345
2010-05-12,172.47,172.65,170.47,171.32,4782965
2010-05-13,171.71,175.26,171.33,174.32,7500011
2010-05-14,174.32,175.92,173.33,174.09,5117969
2010-05-17,171.72,173.17,170.0,171.17,3254051
2010-05-18,172.82,176.15,170.01,175.22,2941517
2010-05-19,176.17,176.17,168.67,170.85,9495071
2010-05-20,177.45,190.33,177.45,186.45,31212816
2010-05-21,172.33,187.83,172.33,182.46,14380697
2010-05-24,184.17,188.33,179.21,180.33,4973867
2010-05-25,180.33,181.4,176.67,180.05,8610923
2010-05-26,182.5,185.0,176.67,178.33,22784380
2010-05-27,178.17,190.0,178.17,187.2,15848723
2010-05-28,189.0,190.82,186.83,188.68,6260429
2010-05-31,190.0,196.28,189.1,194.61,10406519
2010-06-01,195.0,196.89,190.0,190.95,3918935
2010-06-02,191.33,198.07,191.22,197.05,13053227
2010-06-03,198.0,202.5,198.0,201.85,7253075
2010-06-04,203.67,205.0,197.5,198.28,15500759
2010-06-07,196.67,201.3,194.43,196.53,8072345
2010-06-08,194.67,195.8,192.67,194.05,6225389
2010-06-09,195.67,201.33,194.72,198.39,9912221
2010-06-10,200.0,200.77,196.45,198.11,4463201
2010-06-11,200.0,200.67,195.55,196.67,10551029
2010-06-14,200.83,200.83,195.7,199.51,4780391
2010-06-15,199.77,200.67,193.4,194.4,7128749
2010-06-16,194.67,196.5,192.17,194.09,6838253
2010-06-17,193.83,198.32,193.5,197.68,3829253
2010-06-18,190.47,199.35,190.47,198.83,4833089
2010-06-21,200.0,202.27,198.33,200.71,6540287
2010-06-22,200.0,201.83,198.03,199.51,5033897
2010-06-23,198.32,200.95,198.28,199.05,3253841
2010-06-24,200.17,201.74,195.93,198.22,7286669
2010-06-25,198.67,215.17,197.72,210.57,23538084
2010-06-28,210.33,221.9,210.33,217.47,23743500
2010-06-29,216.67,219.17,213.33,217.67,11901845
2010-06-30,214.99,221.18,214.99,220.13,13854461
2010-07-01,220.13,224.49,216.11,217.05,13328381
2010-07-02,216.75,220.9,216.75,217.72,5945951
2010-07-05,216.22,218.32,213.72,214.23,3951623
2010-07-06,213.0,216.5,213.0,215.57,4904105
2010-07-07,216.45,216.45,210.83,210.96,5186915
2010-07-08,213.0,216.32,212.23,214.28,5412179
2010-07-09,214.28,217.33,213.57,215.65,6772955
2010-07-12,217.33,217.33,212.47,213.03,6248861
2010-07-13,214.05,215.17,211.79,212.86,5065211
2010-07-14,214.13,214.72,209.17,209.75,8188925
2010-07-15,210.5,211.81,205.35,206.15,8100377
2010-07-16,203.88,210.33,203.39,209.78,8592059
2010-07-19,209.15,210.82,207.68,209.85,3253019
2010-07-20,209.85,211.57,208.77,209.86,4290431
2010-07-21,210.83,212.64,209.03,212.01,4300061
2010-07-22,212.01,213.61,209.64,212.97,3270119
2010-07-23,213.01,213.8,209.25,209.99,3512861
2010-07-26,210.83,211.0,208.13,209.21,3239189
2010-07-27,210.01,212.07,209.76,210.49,2750627
2010-07-28,210.0,213.28,209.17,209.93,5236175
2010-07-29,207.57,211.01,203.33,207.76,15344015
2010-07-30,206.67,208.27,203.45,206.78,7286051
2010-08-02,206.67,214.0,206.67,212.97,4191713
2010-08-03,215.0,215.0,211.05,211.95,5408687
2010-08-04,212.5,213.0,209.63,210.51,4071341
2010-08-05,204.64,211.57,204.64,207.05,5340497
2010-08-06,204.07,207.8,201.33,205.14,5066003
2010-08-09,206.67,210.82,203.93,205.45,5460755
2010-08-10,206.6,206.97,203.75,205.88,4457453
2010-08-11,206.67,208.18,204.67,206.23,6289721
2010-08-12,205.83,212.43,204.83,211.07,7668095
2010-08-13,211.17,214.67,211.17,212.93,5054387
2010-08-16,212.5,213.77,210.18,211.74,2064041
2010-08-17,210.33,212.57,207.81,209.85,2001425
2010-08-18,210.09,217.18,207.61,214.01,8320985
2010-08-19,214.67,215.96,210.33,211.11,2795225
2010-08-20,210.5,213.33,208.59,209.85,2250119
2010-08-23,209.05,216.17,208.67,213.86,4469315
2010-08-24,214.33,215.28,210.83,212.1,5260751
2010-08-25,212.5,214.83,210.89,212.77,4110341
2010-08-26,213.0,216.4,212.55,214.97,7195541
2010-08-27,215.92,222.32,213.67,219.7,9813785
2010-08-30,221.83,226.65,220.85,224.03,11828837
2010-08-31,223.33,225.0,221.5,222.93,6250043
2010-09-01,224.93,225.78,222.05,223.15,4029263
2010-09-02,224.17,226.47,220.0,220.23,5363231
2010-09-03,222.17,223.95,220.67,223.17,4640759
2010-09-06,222.0,228.67,220.0,225.11,6508817
2010-09-07,226.23,227.46,223.83,225.61,7104701
2010-09-08,224.22,227.47,223.35,225.92,6399515
2010-09-09,224.17,226.5,222.09,225.99,4766207
2010-09-13,230.0,231.5,227.72,230.39,6572405
2010-09-14,230.83,235.61,227.74,232.72,8323001
2010-09-15,233.33,242.23,232.59,234.49,15575153
2010-09-16,235.0,238.67,232.33,233.29,5001773
2010-09-17,235.0,237.09,231.5,232.88,7716155
2010-09-20,234.17,236.82,233.35,234.03,6851879
2010-09-21,234.33,236.0,232.89,233.97,5398811
2010-09-22,235.0,236.47,232.5,233.78,5038277
2010-09-23,235.0,238.92,234.17,237.45,9012419
2010-09-24,238.67,241.28,235.7,239.51,6950909
2010-09-27,240.83,244.51,239.92,242.99,6416927
2010-09-28,240.53,245.43,240.53,243.01,6123839
2010-09-29,244.5,244.5,236.0,236.89,4641461
2010-09-30,237.51,237.82,230.39,234.01,10107281
2010-10-01,234.39,237.63,233.03,234.17,10126601
2010-10-04,234.83,240.73,231.67,232.39,7828397
2010-10-05,225.67,234.61,225.67,231.77,4812791
2010-10-06,234.78,234.78,230.38,230.88,6158261
2010-10-07,230.88,233.39,228.83,230.72,6203237
2010-10-08,231.67,232.5,225.79,227.07,4711793
2010-10-11,230.74,230.75,225.59,226.87,4175915
2010-10-12,228.57,228.6,224.35,226.65,4837331
2010-10-13,227.83,231.65,226.72,230.01,7617497
2010-10-14,230.47,231.27,225.01,225.85,3243053
2010-10-15,228.33,228.33,221.93,223.39,4364957
2010-10-18,223.39,228.95,220.09,227.39,6438485
2010-10-19,228.5,229.07,223.17,225.1,5381237
2010-10-20,224.67,227.61,223.33,225.07,1889987
2010-10-21,226.32,228.5,223.68,226.68,5013065
2010-10-22,227.82,228.07,223.03,223.97,2689535
2010-10-25,226.67,227.0,223.97,224.47,5148701
2010-10-26,225.82,225.82,220.0,220.7,5765183
2010-10-27,220.5,220.61,215.13,216.42,5111039
2010-10-28,218.0,221.42,215.33,217.31,13989653
2010-10-29,221.24,221.24,215.0,217.35,4452245
2010-11-01,220.67,222.17,218.33,219.89,2571857
2010-11-02,220.05,222.49,218.89,221.73,2180069
2010-11-03,223.0,224.47,221.35,221.74,4693919
2010-11-04,223.78,230.5,221.5,228.07,5213735
2010-11-05,230.0,231.67,228.5,229.91,1009889
2010-11-08,232.67,232.67,223.83,225.11,7205399
2010-11-09,226.15,227.77,221.72,222.91,5196575
2010-11-10,223.33,225.47,223.33,224.68,2055863
2010-11-11,225.0,225.65,218.5,219.61,5053793
2010-11-12,220.45,221.17,215.82,217.45,6405995
2010-11-15,217.45,221.32,215.09,219.07,2820923
2010-11-16,221.15,221.15,212.67,215.57,3510383
2010-11-18,220.8,220.8,208.67,213.71,5800601
2010-11-19,214.83,214.83,208.55,210.6,2874443
2010-11-22,210.01,217.5,207.51,216.13,4750709
2010-11-23,215.0,215.83,208.09,212.11,5386169
2010-11-24,213.33,213.75,205.83,207.91,3377417
2010-11-25,207.95,211.0,200.93,204.47,8742107
2010-11-26,205.83,208.24,198.67,206.82,5960675
2010-11-29,208.85,208.85,204.38,207.18,2647793
2010-11-30,207.33,208.28,204.39,207.55,4231427
2010-12-01,208.33,217.28,207.75,214.38,5444129
2010-12-02,222.67,225.78,217.55,218.99,11644163
2010-12-03,220.0,222.14,218.33,219.93,7572449
2010-12-06,222.47,222.67,219.67,220.09,3349337
2010-12-07,221.67,224.33,220.83,222.99,8844923
2010-12-08,224.17,227.31,223.33,224.22,11054447
2010-12-09,225.28,225.97,215.77,220.27,7655117
2010-12-10,221.5,221.59,219.22,220.33,5738213
2010-12-13,221.5,222.36,219.7,221.35,5770619
2010-12-14,222.64,223.59,221.03,221.99,3887495
2010-12-15,223.65,223.97,218.25,220.63,4209095
2010-12-16,222.33,223.0,217.33,221.65,11786375
2010-12-20,219.99,220.67,216.0,217.41,8097569
2010-12-21,217.99,218.32,216.0,216.83,3671033
2010-12-22,218.0,219.67,217.1,217.53,3879689
2010-12-23,218.65,218.67,215.36,216.71,3540875
2010-12-24,213.67,216.67,213.67,215.79,2734643
2010-12-27,216.32,217.5,215.85,216.59,2787533
2010-12-28,216.65,216.65,214.43,214.99,2639921
2010-12-29,216.47,217.67,215.05,217.22,3858491
2010-12-30,217.45,217.45,214.17,215.77,5010017
2011-01-03,217.33,217.33,215.03,215.47,3086237
2011-01-04,215.89,216.23,214.01,214.51,4576775
2011-01-05,214.82,214.82,209.67,211.03,5421077
2011-01-06,211.57,211.77,202.75,204.55,9529841
2011-01-07,204.19,205.67,200.0,200.97,5663579
2011-01-10,200.33,201.63,194.6,195.72,7110407
2011-01-11,196.17,201.59,195.01,197.47,6439049
2011-01-12,198.33,201.83,191.35,197.78,14537039
2011-01-13,197.5,201.47,195.03,200.25,6794285
2011-01-14,201.17,202.5,195.33,196.51,4032971
2011-01-17,195.85,197.83,193.05,195.01,4277549
2011-01-18,195.05,196.0,192.78,195.07,5204789
2011-01-19,195.18,197.38,192.5,193.14,4172201
2011-01-20,190.85,192.92,187.03,189.05,9200105
2011-01-21,188.67,189.83,183.78,184.26,8752775
2011-01-24,186.33,190.67,184.83,189.71,4333937
2011-01-25,190.35,191.63,185.0,188.41,5506871
2011-01-27,189.83,190.85,185.0,185.63,6659537
2011-01-28,187.49,190.82,186.03,188.82,6497327
2011-01-31,190.53,202.8,190.5,196.3,17166904
2011-02-01,198.5,199.74,195.29,196.13,8898527
2011-02-02,197.4,201.67,196.17,196.93,11149229
2011-02-03,197.17,199.89,195.51,199.23,8452229
2011-02-04,199.26,205.53,197.83,198.61,14437499
2011-02-07,200.0,203.0,198.33,199.09,12533963
2011-02-08,200.0,200.67,185.53,188.03,6873977
2011-02-09,189.03,191.6,181.33,182.87,4901861
2011-02-10,182.67,188.6,181.33,182.4,5458606
2011-02-11,181.4,186.0,176.67,184.7,4595267
2011-02-14,187.43,189.23,184.23,186.3,4115782
2011-02-15,186.4,190.6,183.33,188.37,3585197
2011-02-16,187.37,189.33,185.4,186.43,3972224
2011-02-17,187.83,187.83,184.2,185.23,2999698
2011-02-18,185.57,186.27,178.03,178.93,5878117
2011-02-21,179.6,184.93,176.03,184.03,6438176
2011-02-22,184.67,184.67,178.37,181.3,6039484
2011-02-23,181.77,183.33,180.07,181.03,4505488
2011-02-24,179.5,180.63,174.2,176.63,12898322
2011-02-25,177.97,179.13,173.4,174.73,3928433
2011-02-28,175.83,183.33,175.33,180.23,10273339
2011-03-01,182.0,183.67,179.47,182.67,4917809
2011-03-03,182.33,183.73,178.13,179.9,4893674
2011-03-04,179.33,180.73,178.0,179.23,4100438
2011-03-07,177.33,177.93,174.67,175.9,3115481
2011-03-08,175.7,181.97,175.7,181.5,5202175
2011-03-09,182.0,183.3,177.53,180.87,6751721
2011-03-10,180.67,185.6,178.07,184.03,4974466
2011-03-11,184.0,190.27,182.83,187.83,8258842
2011-03-14,188.77,190.67,186.43,187.13,4226474
2011-03-15,184.4,186.87,180.07,180.77,5363734
2011-03-16,182.53,184.53,180.33,181.2,4696912
2011-03-17,179.9,183.93,179.0,181.57,2309042
2011-03-18,183.77,183.93,178.73,180.1,2932277
2011-03-21,182.0,182.27,178.13,179.97,1839323
2011-03-22,180.73,182.23,178.17,181.0,2535307
2011-03-23,180.97,182.6,179.6,181.77,2107996
2011-03-24,182.5,182.77,181.33,181.97,3487645
2011-03-25,184.57,185.1,181.33,183.93,6411241
2011-03-28,183.67,187.67,182.7,186.13,7339996
2011-03-29,186.63,190.4,186.33,189.23,5875006
2011-03-30,190.0,193.3,187.03,188.27,5266102
2011-03-31,188.57,196.13,188.57,194.2,9499864
2011-04-01,195.0,197.1,193.33,195.37,4220573
2011-04-04,196.0,199.33,194.17,198.6,3014999
2011-04-05,199.8,202.3,195.47,197.67,4413614
2011-04-06,197.33,202.0,197.2,198.73,8120822
2011-04-07,199.93,200.67,193.53,194.4,7120736
2011-04-08,194.97,195.33,190.23,191.63,4940473
2011-04-11,192.6,192.67,186.07,188.6,4788319
2011-04-13,186.37,193.7,185.7,192.67,5266889
2011-04-15,192.37,192.67,187.8,190.7,4361027
2011-04-18,192.4,195.1,190.8,191.6,4304644
2011-04-19,190.7,194.33,188.8,193.03,3437048
2011-04-20,193.73,198.03,193.73,196.8,4385252
2011-04-21,197.3,203.8,197.3,202.8,5906080
2011-04-25,203.93,205.8,201.4,202.27,3177347
2011-04-26,202.67,203.5,198.1,202.57,3934586
2011-04-27,204.0,207.97,203.33,207.6,7441954
2011-04-28,210.0,212.87,208.1,211.83,13472038
2011-04-29,211.6,217.1,203.07,205.2,9647057
2011-05-02,206.0,207.93,201.1,202.27,5406626
2011-05-03,201.97,204.33,195.0,195.97,4491452
2011-05-04,196.93,208.67,194.7,206.43,9973849
2011-05-05,207.3,210.53,204.73,206.63,9541876
2011-05-06,208.0,209.97,202.47,203.5,8068265
2011-05-09,204.67,205.23,198.83,202.8,6130361
2011-05-10,203.6,208.2,202.47,202.87,5807153
2011-05-11,201.33,204.27,198.8,200.2,4694638
2011-05-12,199.7,203.23,198.43,201.3,3684310
2011-05-13,202.23,207.0,202.23,203.1,4778639
2011-05-16,204.53,205.6,197.1,197.97,11482777
2011-05-17,198.0,198.47,183.67,184.93,22836248
2011-05-18,186.47,188.2,181.8,182.67,9724798
2011-05-19,184.67,185.87,181.43,185.13,4509184
2011-05-20,186.67,189.5,178.33,182.63,15459457
2011-05-23,183.8,183.8,176.1,178.27,8455621
2011-05-24,179.13,179.57,175.37,177.1,6349114
2011-05-25,177.53,177.53,174.27,174.93,3169969
2011-05-26,176.17,184.23,174.87,182.97,13454909
2011-05-27,183.1,189.93,183.1,188.63,7671548
2011-05-30,189.97,190.9,183.47,185.03,4577291
2011-05-31,182.67,188.8,180.3,187.37,8772271
2011-06-01,188.67,189.53,185.47,187.73,2953699
2011-06-02,186.33,190.4,185.57,187.4,4074743
2011-06-03,187.5,189.27,185.73,186.67,2435162
2011-06-06,185.4,186.5,183.53,183.9,2154445
2011-06-07,183.33,185.0,182.0,184.23,4568362
2011-06-08,182.67,183.1,179.33,180.03,8586995
2011-06-09,180.0,180.63,176.4,176.8,6987826
2011-06-10,177.23,178.47,176.07,177.9,4565845
2011-06-13,177.33,180.3,176.13,179.3,4547260
2011-06-14,180.0,182.67,179.6,180.0,4987099
2011-06-15,180.63,180.8,177.13,178.9,3563633
2011-06-16,178.67,180.57,177.4,179.4,2627771
2011-06-17,178.0,178.5,175.33,177.2,2922289
2011-06-20,175.33,179.53,170.3,170.8,5156968
2011-06-21,172.53,174.43,165.37,170.7,9843881
2011-06-22,172.13,176.27,168.13,173.87,5804276
2011-06-23,173.33,179.4,172.17,176.43,5468870
2011-06-24,179.33,183.6,179.33,181.87,9431792
2011-06-27,192.33,198.33,188.97,189.47,28569900
2011-06-28,191.73,192.73,187.63,189.87,8229484
2011-06-29,191.47,192.1,184.47,186.23,7492193
2011-06-30,185.33,185.73,182.2,182.83,10160776
2011-07-01,193.93,193.93,183.33,184.23,11798135
2011-07-04,185.07,186.27,183.07,184.83,5513425
2011-07-05,185.33,186.93,183.33,184.33,5814307
2011-07-06,183.33,185.13,180.93,181.83,5576222
2011-07-07,182.23,184.3,181.8,183.3,6020825
2011-07-08,184.47,187.1,183.93,184.77,4215764
2011-07-11,184.67,188.0,183.47,187.33,4722703
2011-07-12,186.6,189.33,185.33,187.77,3991451
2011-07-13,188.37,192.53,188.37,191.3,8344694
2011-07-14,191.0,192.33,187.67,188.87,4133054
2011-07-15,187.67,189.8,184.97,185.93,2715806
2011-07-18,186.67,186.67,183.9,184.63,2526734
2011-07-19,185.73,185.73,183.53,184.43,2738167
2011-07-20,185.0,186.6,182.87,183.43,2011543
2011-07-21,183.6,185.87,183.2,184.67,2821685
2011-07-22,186.5,187.93,185.0,186.4,3529583
2011-07-25,186.0,188.17,184.77,186.6,5466029
2011-07-26,188.27,188.27,183.8,184.53,4196827
2011-07-27,186.7,187.0,183.33,184.2,2811827
2011-07-28,182.13,186.6,182.13,184.8,5818952
2011-07-29,184.0,184.0,178.93,179.5,7263629
2011-08-01,180.77,183.33,179.0,182.27,4697513
2011-08-02,182.53,185.0,181.07,184.3,5526290
2011-08-03,182.83,187.03,182.07,184.67,4537237
2011-08-04,185.6,186.57,181.37,182.13,2597492
2011-08-05,178.0,186.6,178.0,184.7,8423606
2011-08-08,180.07,190.5,179.4,188.73,9840002
2011-08-09,188.0,193.43,186.03,190.27,9296132
2011-08-10,192.93,192.93,185.03,186.33,4869503
2011-08-11,184.07,186.63,183.63,185.03,2319923
2011-08-12,186.67,189.8,184.57,186.13,6378680
2011-08-16,185.7,190.57,181.13,182.27,2287385
2011-08-17,182.0,188.1,182.0,184.77,3672017
2011-08-18,186.63,187.03,182.67,184.17,5046470
2011-08-19,182.23,187.27,181.3,184.0,7088447
2011-08-22,183.7,192.53,182.97,190.97,5935705
2011-08-23,191.33,192.0,185.2,185.67,4570301
2011-08-24,186.27,188.33,184.9,185.93,4186499
2011-08-25,187.67,191.77,186.43,188.2,9978679
2011-08-26,187.67,190.27,184.2,185.3,4341853
2011-08-29,186.67,188.13,182.4,183.3,5656912
2011-08-30,182.73,183.27,173.33,175.53,10830635
2011-09-02,181.33,182.3,173.73,175.93,7815434
2011-09-05,175.33,176.07,169.77,171.3,10391605
2011-09-06,170.17,174.67,170.0,173.97,14100800
2011-09-07,174.0,176.07,173.67,174.97,8604587
2011-09-08,175.27,175.6,172.4,174.1,6144647
2011-09-09,174.7,175.87,174.0,174.8,6416306
2011-09-12,172.83,177.3,172.67,174.07,8182091
2011-09-13,174.17,175.17,171.03,172.03,5936710
2011-09-14,172.6,174.37,170.83,173.87,7956025
2011-09-15,175.0,175.0,171.77,173.73,6970267
2011-09-16,180.0,187.03,180.0,183.13,20314476
2011-09-19,183.27,186.17,178.8,179.63,7946807
2011-09-20,179.9,179.9,173.17,174.33,17563544
2011-09-21,176.27,177.0,173.33,174.03,9434336
2011-09-22,172.8,175.17,171.4,171.87,7829693
2011-09-23,170.83,173.9,170.17,171.87,7303811
2011-09-26,172.0,172.6,168.83,169.83,5279827
2011-09-27,172.67,173.6,170.43,172.73,4711934
2011-09-28,174.47,175.5,172.73,175.03,8717387
2011-09-29,174.63,181.17,174.03,179.03,7264513
2011-09-30,178.47,178.6,174.37,177.4,6946057
2011-10-03,175.33,180.17,175.0,178.7,6750094
2011-10-04,178.63,179.8,174.7,176.03,5362316
2011-10-05,175.53,179.3,175.33,175.97,3037217
2011-10-07,179.27,180.9,173.17,176.3,6302101
2011-10-10,175.7,183.3,175.67,182.87,3719903
2011-10-11,180.73,182.6,178.13,178.83,4777622
2011-10-12,179.4,181.23,177.93,180.37,2783822
2011-10-13,182.0,183.27,176.07,176.53,4512491
2011-10-14,176.1,178.93,175.3,177.83,4292902
2011-10-17,178.47,181.0,177.87,179.63,2907058
2011-10-18,178.07,180.93,175.27,175.8,4357546
2011-10-19,176.43,179.87,175.4,178.77,3116782
2011-10-20,177.7,178.77,175.67,177.73,2939843
2011-10-21,178.3,178.63,175.73,176.93,2319718
2011-10-24,179.93,184.9,178.1,184.23,4961168
2011-10-25,185.27,185.6,182.53,184.6,9242170
2011-10-26,185.6,185.6,182.93,184.37,445217
2011-10-28,187.33,196.53,186.83,189.87,5957506
2011-10-31,190.0,190.07,184.17,185.1,3269258
2011-11-01,183.7,187.27,183.7,185.17,1883078
2011-11-02,184.63,188.5,184.03,185.9,2398772
2011-11-03,184.67,186.53,180.8,185.3,3250445
2011-11-04,187.87,189.03,183.73,184.53,6048179
2011-11-08,190.67,192.03,184.67,185.2,6170599
2011-11-09,186.53,186.53,180.37,180.77,3595072
2011-11-11,180.0,181.33,176.2,177.1,5486426
2011-11-14,177.67,179.37,173.33,174.13,3114604
2011-11-15,174.67,176.83,171.57,172.53,3469480
2011-11-16,172.0,176.57,171.13,175.3,3574468
2011-11-17,176.33,176.6,170.2,171.53,2699470
2011-11-18,170.47,176.97,167.57,173.2,4369078
2011-11-21,174.0,174.67,167.07,168.07,2441680
2011-11-22,168.7,171.27,166.43,167.9,3698254
2011-11-23,166.77,168.0,161.17,164.37,5790335
2011-11-24,164.17,172.0,162.7,170.0,6572179
2011-11-25,169.27,169.27,165.4,167.93,3995672
2011-11-28,168.73,175.0,168.27,174.47,1929722
2011-11-29,175.33,175.77,170.53,172.63,4400393
2011-11-30,170.03,179.87,170.03,177.83,3802981
2011-12-01,182.1,185.2,176.17,177.57,3726116
2011-12-02,177.57,179.8,174.27,178.73,6333308
2011-12-05,178.67,180.0,175.67,179.53,2532787
2011-12-07,179.17,182.67,178.13,182.2,2970329
2011-12-08,181.5,182.57,176.8,177.8,2320759
2011-12-09,174.93,177.4,173.5,174.27,2231759
2011-12-12,174.8,177.23,170.33,171.6,3607639
2011-12-13,170.87,172.2,168.37,170.27,3822892
2011-12-14,169.67,171.33,167.33,168.03,3553435
2011-12-15,166.67,169.17,165.33,167.4,7229764
2011-12-16,167.4,172.97,164.1,166.87,3192584
2011-12-19,166.87,166.87,163.17,164.73,3580655
2011-12-20,167.6,169.97,165.83,168.6,3812735
2011-12-21,170.67,175.03,169.1,174.13,2322899
2011-12-22,170.67,176.87,170.67,176.37,1895197
2011-12-23,178.0,178.0,173.17,174.67,1876217
2011-12-26,173.67,175.6,173.37,175.0,1216526
2011-12-27,175.07,176.0,173.47,175.1,1222835
2011-12-28,175.2,175.6,173.13,174.13,1055051
2011-12-29,174.27,175.23,170.8,171.9,4003433
2011-12-30,171.13,175.2,170.0,171.07,2755954
2012-01-02,171.67,175.23,170.97,172.23,1790126
2012-01-03,174.07,176.33,173.1,175.47,2231456
2012-01-04,176.0,178.4,174.07,177.8,3473708
2012-01-05,178.97,179.97,174.0,174.5,4615846
2012-01-06,170.93,172.27,169.1,170.43,3933239
2012-01-07,170.47,171.57,170.47,170.93,106418
2012-01-09,172.67,172.67,168.8,171.47,2710369
2012-01-10,175.33,175.33,172.1,174.13,4653023
2012-01-11,174.6,174.6,172.2,173.07,1858990
2012-01-12,174.27,174.67,171.0,171.87,2859686
2012-01-13,173.3,174.0,171.3,173.13,1984115
2012-01-16,173.33,173.97,170.5,170.83,2694250
2012-01-17,171.33,175.63,170.07,174.73,5307020
2012-01-18,175.67,179.8,174.07,178.83,4757965
2012-01-19,180.0,182.83,176.67,181.2,3625945
2012-01-20,181.07,185.27,179.6,183.97,4354358
2012-01-23,184.67,185.57,182.03,183.57,2255711
2012-01-24,183.57,185.17,181.23,182.8,2776474
2012-01-25,184.3,184.53,180.43,181.7,5481361
2012-01-27,185.33,186.73,169.47,185.53,4544762
2012-01-30,183.33,188.53,182.7,183.87,3695225
2012-01-31,185.33,187.57,183.1,184.03,4007272
2012-02-01,182.13,183.47,179.33,181.63,5360699
2012-02-02,182.47,186.33,182.47,184.1,8067527
2012-02-03,185.33,189.0,182.37,187.77,4541212
2012-02-06,188.0,189.97,185.7,188.87,7470982
2012-02-07,188.07,191.73,186.27,190.83,6976952
2012-02-08,190.6,190.67,185.87,188.8,9903754
2012-02-09,185.67,189.1,183.77,187.53,6999557
2012-02-10,188.0,192.33,186.07,187.83,5784490
2012-02-13,189.67,190.8,186.4,187.23,4227968
2012-02-14,186.0,187.0,183.67,184.07,5943190
2012-02-15,185.67,189.87,184.17,186.1,8879653
2012-02-16,186.33,189.13,184.7,187.53,3467699
2012-02-17,188.67,193.67,186.53,187.5,7068097
2012-02-21,188.67,196.33,188.67,194.57,9868660
2012-02-22,196.47,202.83,192.7,195.1,10356904
2012-02-23,196.93,197.87,191.5,193.57,13679716
2012-02-24,195.9,196.0,187.43,189.7,6790399
2012-02-27,189.7,191.97,184.87,187.37,6020468
2012-02-28,188.67,190.67,185.33,188.93,8681101
2012-02-29,197.33,198.97,194.47,195.47,13358159
2012-03-01,196.57,197.63,190.0,192.13,14292922
2012-03-02,189.67,190.27,184.13,187.6,9254029
2012-03-03,188.67,188.67,186.8,187.43,325948
2012-03-05,186.6,190.67,184.33,189.13,3603703
2012-03-06,189.73,192.67,187.33,188.4,4164817
2012-03-07,188.53,189.17,185.0,185.97,4510306
2012-03-09,188.67,189.47,186.57,188.6,10807700
2012-03-12,189.97,189.97,184.53,185.1,4181401
2012-03-13,186.33,192.4,185.77,191.7,4701794
2012-03-14,193.43,196.67,191.07,195.83,5296921
2012-03-15,195.67,195.73,189.8,191.03,3735044
2012-03-16,189.6,192.83,179.1,182.03,14344735
2012-03-19,180.0,183.57,178.03,181.77,5588512
2012-03-20,181.33,182.73,180.33,181.53,3659446
2012-03-21,181.53,182.63,179.33,181.03,4656892
2012-03-22,181.6,183.97,180.0,180.37,4109701
2012-03-23,181.33,181.6,177.07,178.27,3314036
2012-03-26,179.33,179.97,173.87,174.57,3494354
2012-03-27,175.47,178.33,172.67,177.0,4504240
2012-03-28,177.33,177.33,170.93,171.83,5274935
2012-03-29,171.33,176.53,169.33,173.6,10555807
2012-03-30,174.0,180.13,173.13,178.9,6058576
2012-04-02,179.27,181.2,176.67,179.9,3339433
2012-04-03,181.2,183.53,180.13,182.17,3705962
2012-04-04,182.87,183.97,181.57,182.87,2692073
2012-04-09,181.0,182.63,178.1,179.2,2381143
2012-04-10,179.7,180.17,174.9,176.43,2732762
2012-04-11,175.33,178.33,174.37,176.07,5059573
2012-04-12,177.7,177.8,173.87,174.07,5794960
2012-04-13,174.67,176.53,171.73,173.87,4120118
2012-04-16,173.47,174.67,172.2,172.73,1646176
2012-04-17,173.33,180.27,171.4,179.37,4822520
2012-04-18,179.5,182.27,179.4,180.87,2335000
2012-04-19,180.77,182.33,179.33,181.5,2013236
2012-04-20,181.3,183.63,176.3,178.0,2865481
2012-04-23,176.87,180.6,176.47,178.57,3069481
2012-04-24,177.5,179.97,176.37,178.9,2985908
2012-04-25,179.13,179.9,175.5,176.43,2160860
2012-04-26,177.87,177.87,174.9,176.1,2775769
2012-04-27,176.67,177.9,173.8,175.07,1441832
2012-04-28,176.63,176.63,175.33,176.13,55202
2012-04-30,175.07,180.67,175.07,180.03,2271094
2012-05-02,179.03,180.23,176.8,178.33,5296045
2012-05-03,176.8,178.1,175.17,176.8,2309152
2012-05-04,177.03,178.83,172.33,172.93,2926040
2012-05-07,171.87,175.17,170.83,173.73,4735961
2012-05-08,174.67,175.3,171.5,172.17,3643525
2012-05-09,171.0,172.47,169.0,170.7,4255534
2012-05-10,171.33,174.37,170.73,172.93,4436630
2012-05-11,171.3,171.93,168.0,169.37,2214802
2012-05-14,168.0,169.27,165.0,167.77,3508936
2012-05-15,166.0,168.53,165.0,166.13,2627302
2012-05-16,164.67,168.1,164.4,165.3,2910475
2012-05-17,165.1,166.93,161.67,164.03,4082329
2012-05-18,162.4,166.5,161.8,165.73,3729128
2012-05-21,164.2,166.97,163.8,164.37,2508547
2012-05-22,165.7,167.33,162.67,163.3,3288988
2012-05-23,163.33,163.93,160.07,162.3,2918630
2012-05-24,168.13,172.9,165.47,171.8,7995113
2012-05-25,169.5,173.2,168.2,171.37,2975522
2012-05-28,171.7,171.93,168.33,169.23,1300307
2012-05-29,169.93,171.73,169.23,170.93,2367385
2012-05-30,173.73,174.37,166.7,168.07,4065235
2012-05-31,166.77,169.7,165.5,168.8,5782892
2012-06-01,167.33,169.7,163.6,164.1,2703041
2012-06-04,164.53,169.87,162.83,169.37,3503626
2012-06-05,170.0,170.27,168.13,169.17,2225630
2012-06-06,169.33,175.33,169.33,173.53,4158421
2012-06-07,174.63,176.63,172.33,175.53,4262674
2012-06-08,174.2,174.57,170.03,172.33,5749853
2012-06-11,174.27,174.5,169.47,170.53,6389867
2012-06-12,170.67,175.33,169.57,174.3,4089724
2012-06-13,174.67,179.87,172.83,179.13,4906321
2012-06-14,179.33,179.77,176.1,178.57,2468807
2012-06-15,179.33,182.6,176.57,177.33,10850639
2012-06-18,178.4,179.0,174.4,175.47,3166177
2012-06-19,174.43,180.0,174.43,178.4,3794588
2012-06-20,179.5,182.9,178.7,181.7,4561331
2012-06-21,181.33,185.63,180.5,183.47,5356640
2012-06-22,181.83,186.73,181.07,186.33,3351490
2012-06-25,186.5,188.0,180.2,181.73,2616395
2012-06-26,181.1,186.67,181.1,184.87,3435773
2012-06-27,185.67,186.0,182.07,184.83,3733010
2012-06-28,184.17,186.2,183.67,185.27,2382910
2012-06-29,186.0,190.53,185.67,189.9,6152279
2012-07-02,189.97,193.33,186.27,190.87,2355032
2012-07-03,191.67,195.5,191.4,193.63,4687564
2012-07-04,193.7,194.0,187.6,189.73,5453662
2012-07-05,189.33,189.93,184.47,185.63,7983917
2012-07-06,186.67,186.67,182.43,185.77,6506714
2012-07-09,184.7,186.93,184.13,185.3,2614331
2012-07-10,186.0,188.0,183.8,186.33,4286917
2012-07-11,184.5,186.6,183.47,185.3,3025793
2012-07-12,183.67,188.93,183.67,188.33,5442229
2012-07-13,187.1,190.67,187.1,190.07,3576157
2012-07-16,189.4,192.2,188.37,191.37,2892851
2012-07-17,192.13,193.33,188.8,189.27,3456320
2012-07-18,190.67,192.5,189.37,190.27,4647662
2012-07-19,190.0,191.6,188.7,189.77,4340812
2012-07-20,189.87,190.17,186.53,187.9,2221777
2012-07-23,186.53,189.7,184.0,187.63,2401994
2012-07-24,189.3,191.8,187.27,189.57,3326159
2012-07-25,189.33,189.57,186.33,189.2,1782914
2012-07-26,190.37,190.37,182.47,184.3,3598487
2012-07-27,187.93,188.27,182.13,185.03,3386368
2012-07-30,185.33,186.67,182.83,184.53,3062431
2012-07-31,184.83,192.93,184.8,190.7,4127383
2012-08-01,191.73,191.87,186.2,186.8,3051278
2012-08-02,186.4,187.3,183.67,184.57,2898221
2012-08-03,184.0,187.67,183.67,187.1,2567273
2012-08-06,187.1,188.67,185.8,187.67,2847770
2012-08-07,186.83,189.6,186.67,188.63,4368755
2012-08-08,188.07,188.93,184.67,187.87,3154741
2012-08-09,188.0,189.13,185.8,186.5,1835668
2012-08-10,186.67,188.93,185.4,185.97,3693130
2012-08-13,189.97,193.77,186.2,187.03,7386940
2012-08-14,187.33,191.83,186.67,190.5,3885200
2012-08-16,191.17,191.77,188.47,189.53,3767728
2012-08-17,188.83,190.87,186.83,188.03,1854547
2012-08-21,187.4,192.07,187.4,191.37,1744493
2012-08-22,190.17,192.83,189.73,190.8,2342108
2012-08-23,190.0,191.27,186.97,187.8,2383513
2012-08-24,188.67,192.47,187.47,191.23,3207067
2012-08-27,190.73,193.13,190.07,191.63,1903850
2012-08-28,191.0,192.97,186.13,187.43,3751130
2012-08-29,186.73,187.57,181.93,183.63,3020323
2012-08-30,184.0,186.13,182.17,183.87,7728913
2012-08-31,184.73,186.0,180.13,183.93,6537506
2012-09-03,184.43,186.33,180.83,181.6,2459879
2012-09-04,181.33,182.6,179.17,181.1,2158199
2012-09-05,179.33,183.6,179.0,182.2,3372590
2012-09-06,181.17,185.3,180.93,183.07,4292332
2012-09-07,185.7,188.33,182.7,183.77,4208309
2012-09-08,183.33,184.97,183.33,184.23,91465
2012-09-10,184.67,186.27,184.33,185.57,3044462
2012-09-11,184.1,187.67,184.1,185.03,5004067
2012-09-12,184.47,187.73,184.47,186.77,2514356
2012-09-13,186.0,190.67,186.0,188.6,3670438
2012-09-14,194.83,196.0,186.7,188.0,9040157
2012-09-17,189.33,190.9,186.33,187.23,5910121
2012-09-18,186.73,188.87,186.17,187.17,7126631
2012-09-20,186.17,190.93,186.17,190.07,3706688
2012-09-21,190.7,198.0,189.03,196.33,12622559
2012-09-24,195.57,196.67,190.67,191.43,7173140
2012-09-25,192.07,193.13,188.13,189.2,7418621
2012-09-26,188.13,189.27,186.87,187.87,5126395
2012-09-27,188.4,189.07,182.9,183.47,11353870
2012-09-28,185.63,187.67,184.7,187.23,6105505
2012-10-01,186.67,187.17,184.0,185.3,3235648
2012-10-03,186.67,188.0,185.67,187.33,6397048
2012-10-04,188.67,191.47,188.4,189.47,3715249
2012-10-05,188.9,192.27,151.6,191.47,6982777
2012-10-08,192.67,192.67,187.0,188.07,3809555
2012-10-09,188.17,189.57,186.0,187.23,2937592
2012-10-10,186.0,186.27,183.4,183.77,3002410
2012-10-11,184.13,187.67,184.0,186.63,3442099
2012-10-12,186.17,187.93,184.03,184.77,3150341
2012-10-15,185.83,186.83,183.83,186.57,1523153
2012-10-16,187.6,189.93,185.0,186.17,2133757
2012-10-17,187.0,187.5,185.33,186.63,1823932
2012-10-18,186.67,187.8,185.47,185.87,2988935
2012-10-19,185.67,186.87,183.0,186.33,4932203
2012-10-22,184.73,186.7,184.73,185.6,1799552
2012-10-23,184.7,185.57,183.4,184.03,2040089
2012-10-25,185.77,187.07,183.73,184.43,5292406
2012-10-26,183.43,184.4,182.0,183.07,1343497
2012-10-29,182.67,184.6,182.3,182.63,1254857
2012-10-30,181.5,183.1,180.0,182.0,4266374
2012-10-31,181.1,181.97,177.0,179.0,7336297
2012-11-01,177.67,178.67,175.6,176.57,8134577
2012-11-02,178.87,178.87,176.33,177.17,6702133
2012-11-05,176.37,178.33,176.0,177.8,3195184
2012-11-06,178.0,179.7,176.53,178.27,4004515
2012-11-07,177.43,178.67,177.23,177.87,3732080
2012-11-08,176.0,178.23,176.0,176.83,3269299
2012-11-09,175.33,176.6,170.27,171.43,6739994
2012-11-12,170.7,172.33,169.43,170.33,2519185
2012-11-13,170.73,171.5,170.03,171.1,448139
2012-11-15,170.0,171.0,167.8,169.0,4830800
2012-11-16,168.07,172.93,168.07,171.93,6014198
2012-11-19,170.87,172.4,168.8,169.37,3759863
2012-11-20,169.43,170.63,167.2,167.97,3113815
2012-11-21,167.37,169.0,167.07,168.43,2301133
2012-11-22,168.2,169.0,167.07,167.4,2795170
2012-11-23,167.03,168.3,165.93,167.47,2070082
2012-11-26,169.2,169.2,166.4,166.67,2834975
2012-11-27,168.37,169.4,165.67,166.5,6580571
2012-11-29,167.03,169.67,166.67,169.2,8961091
2012-11-30,169.4,177.83,169.4,176.63,6604564
2012-12-03,176.67,177.0,174.23,174.77,3357211
2012-12-04,174.97,178.4,174.17,176.83,6459137
2012-12-05,177.4,179.33,176.37,178.47,2539426
2012-12-06,178.53,179.73,175.57,179.13,2067572
2012-12-07,178.67,179.57,176.03,178.53,2786071
2012-12-10,180.67,180.67,177.13,177.63,2110075
2012-12-11,178.33,178.67,174.13,175.8,3814499
2012-12-12,175.8,176.03,172.67,173.1,4510456
2012-12-13,173.67,174.2,171.6,173.1,4682776
2012-12-14,173.93,173.93,170.8,173.0,3715774
2012-12-17,171.47,175.97,171.47,171.87,4979420
2012-12-18,172.67,173.77,170.07,170.83,4984819
2012-12-19,173.13,176.93,172.17,176.43,7883174
2012-12-20,177.6,177.6,175.4,176.73,4762573
2012-12-21,176.6,176.6,173.33,174.1,7102177
2012-12-24,172.6,172.6,170.17,170.77,2247706
2012-12-26,172.0,173.2,170.37,171.73,5100052
2012-12-27,172.97,175.57,171.13,172.67,11673088
2012-12-28,173.37,178.0,173.37,177.2,7232951
2013-01-01,179.4,179.83,177.33,178.43,1273255
2013-01-02,179.0,183.73,178.87,183.07,4745687
2013-01-03,183.93,187.13,183.33,186.53,6323069
2013-01-04,186.33,192.17,185.73,189.87,11615389
2013-01-07,192.0,193.3,190.8,192.0,5731459
2013-01-08,191.43,194.47,189.0,193.4,5334008
2013-01-09,194.47,196.67,191.33,194.8,5295292
2013-01-10,196.67,202.0,196.67,201.5,14714938
2013-01-11,200.73,201.8,194.2,194.9,7226702
2013-01-14,194.37,204.83,193.23,203.5,8775499
2013-01-15,203.2,206.07,201.73,205.03,8116142
2013-01-16,204.0,206.6,201.73,202.53,5203342
2013-01-17,201.27,214.4,200.1,209.63,18682264
2013-01-18,213.03,236.67,212.67,225.13,35608696
2013-01-21,225.73,227.1,222.33,224.37,10597027
2013-01-22,223.0,226.8,221.83,224.93,7449497
2013-01-23,225.0,226.67,220.17,222.13,6934619
2013-01-24,229.67,235.67,221.03,224.23,17003912
2013-01-25,223.87,229.67,222.03,227.4,6570560
2013-01-28,228.13,229.1,221.8,223.3,7518872
2013-01-29,221.53,223.97,220.1,222.2,6089569
2013-01-30,223.33,226.3,220.43,225.67,7244561
2013-01-31,225.67,229.87,224.17,226.47,10061692
2013-02-01,225.7,228.33,219.63,221.47,7265518
2013-02-04,221.67,224.0,216.4,217.17,5835802
2013-02-05,216.6,218.8,215.73,217.13,4727842
2013-02-06,218.07,220.0,213.17,214.5,4024816
2013-02-07,213.53,215.87,211.77,213.23,2445647
2013-02-08,212.33,214.27,207.1,209.07,5349815
2013-02-11,209.33,209.33,204.67,205.6,3636709
2013-02-12,208.67,215.33,208.67,213.37,7503541
2013-02-13,213.4,217.53,213.33,215.67,7145210
2013-02-14,216.33,219.67,212.23,214.87,6058832
2013-02-15,213.17,217.13,212.07,215.17,4893422
2013-02-18,216.67,217.7,211.1,211.9,4732000
2013-02-19,212.67,221.33,210.67,219.8,4187428
2013-02-20,222.4,222.47,218.3,219.37,5831705
2013-02-21,218.67,219.5,213.0,214.73,5796040
2013-02-22,213.73,218.9,213.73,215.93,4370855
2013-02-25,215.27,216.3,210.13,211.93,4939102
2013-02-26,211.17,211.17,202.53,204.23,4364194
2013-02-27,205.4,211.97,200.17,210.17,6807173
2013-02-28,212.0,216.53,203.53,208.97,12032720
2013-03-01,208.6,212.97,204.0,209.93,6200785
2013-03-04,209.33,211.77,206.07,208.03,5542633
2013-03-05,208.3,212.67,206.5,211.07,6615425
2013-03-06,211.07,214.97,210.33,212.63,5749960
2013-03-07,211.0,214.67,209.7,213.53,4138907
2013-03-08,214.3,218.47,214.0,217.17,5992361
2013-03-11,217.87,220.0,215.53,216.63,5585456
2013-03-12,216.4,218.97,214.4,216.63,3865819
2013-03-13,214.5,216.03,210.5,211.2,4247683
2013-03-14,210.67,215.2,207.6,213.27,5512873
2013-03-15,214.67,217.17,212.07,212.77,4593181
2013-03-18,210.53,213.9,209.33,211.77,2937025
2013-03-19,210.83,212.6,200.0,206.57,7838371
2013-03-20,205.0,206.5,200.0,200.53,6270437
2013-03-21,201.03,203.0,196.0,198.7,5150029
2013-03-22,197.47,199.73,192.83,197.1,7219501
2013-03-25,201.67,207.3,200.53,202.63,7836986
2013-03-26,200.67,204.57,199.33,202.2,4286050
2013-03-28,202.27,209.33,200.87,207.6,6609544
2013-04-01,208.17,210.67,204.33,205.9,2230649
2013-04-02,204.73,212.33,204.33,211.47,3857278
2013-04-03,210.0,211.3,204.37,207.03,3372874
2013-04-04,206.67,209.87,203.53,205.1,4230934
2013-04-05,205.1,210.27,204.73,209.53,4302749
2013-04-08,210.0,212.27,207.6,208.57,3928151
2013-04-09,209.03,210.6,200.73,202.53,4350922
2013-04-10,202.93,203.33,197.1,201.93,6168242
2013-04-11,202.8,206.17,198.7,204.83,6457175
2013-04-12,203.33,206.93,202.63,205.87,2212934
2013-04-15,205.33,218.13,204.17,212.67,8500039
2013-04-16,213.67,221.9,213.33,221.27,7145605
2013-04-17,223.0,224.33,216.9,219.23,6483209
2013-04-18,217.37,224.27,216.73,222.9,4619810
2013-04-22,222.37,223.2,218.07,218.7,5141531
2013-04-23,221.23,221.23,213.7,217.63,4650721
2013-04-25,217.43,224.27,214.63,217.67,10452445
2013-04-26,217.27,220.47,215.27,216.1,3283457
2013-04-29,217.67,221.73,216.67,219.23,4057423
2013-04-30,219.33,219.8,210.87,217.8,5604577
2013-05-02,215.33,221.33,215.33,219.27,4491692
2013-05-03,218.0,220.53,215.0,215.83,2813606
2013-05-06,217.3,217.87,211.73,212.53,3397763
2013-05-07,214.63,214.67,212.33,213.3,3689246
2013-05-08,214.0,216.57,212.0,213.43,5236375
2013-05-09,213.4,215.67,212.87,214.37,2809546
2013-05-10,215.2,219.57,215.07,217.63,6119713
2013-05-11,219.8,219.8,218.13,219.1,281284
2013-05-13,219.4,220.0,213.43,213.9,3017266
2013-05-14,215.0,219.33,214.67,217.83,4032673
2013-05-15,218.63,224.4,218.0,223.37,7499611
2013-05-16,222.33,230.13,222.03,225.27,9114040
2013-05-17,225.97,228.33,225.1,227.17,5398696
2013-05-20,228.0,228.67,220.67,221.8,3948701
2013-05-21,223.33,225.33,217.33,217.83,5165011
2013-05-22,218.73,221.13,211.63,219.43,7879792
2013-05-23,217.03,222.53,217.03,218.77,7861276
2013-05-24,220.0,221.23,215.33,216.63,4442006
2013-05-27,217.53,219.1,213.67,217.97,4854214
2013-05-28,218.2,223.97,218.2,222.63,6193013
2013-05-29,224.33,224.67,221.6,223.3,5535038
2013-05-30,218.0,225.07,217.4,222.6,8016431
2013-05-31,220.73,222.97,216.27,218.6,6435490
2013-06-03,218.17,219.7,210.43,211.33,4447595
2013-06-04,212.0,215.27,210.33,212.13,4068079
2013-06-05,212.6,216.83,211.33,216.4,2240909
2013-06-06,216.0,216.73,213.53,215.93,3733231
2013-06-07,215.33,218.0,212.23,212.87,3237139
2013-06-10,214.63,216.23,211.87,214.03,2259281
2013-06-11,212.37,215.13,204.2,205.47,6212305
2013-06-12,205.47,208.67,204.77,206.13,3935146
2013-06-13,204.67,207.83,203.6,206.07,3903295
2013-06-14,207.8,210.1,205.5,207.5,5390380
2013-06-17,208.0,209.07,205.4,208.57,2341330
2013-06-18,208.03,208.53,204.03,205.17,2561842
2013-06-19,204.67,207.33,201.47,205.9,4459564
2013-06-20,203.67,204.0,198.4,199.63,5046344
2013-06-21,199.33,206.0,198.27,205.17,6561485
2013-06-24,204.67,205.6,197.4,199.2,5450647
2013-06-25,201.33,209.57,200.1,207.6,6400579
2013-06-26,209.67,210.0,204.03,205.63,5003165
2013-06-27,208.37,214.67,207.63,213.5,8777743
2013-06-28,230.0,235.37,215.57,220.73,32426844
2013-07-01,221.63,226.17,217.73,218.67,7180172
2013-07-02,218.87,221.6,214.1,214.6,6067718
2013-07-03,210.73,213.1,206.73,207.4,4606925
2013-07-04,207.47,210.0,203.37,206.07,4697212
2013-07-05,209.4,211.5,207.2,210.7,3267571
2013-07-08,210.0,210.57,201.57,202.57,5437603
2013-07-09,203.4,204.67,200.67,201.43,5228588
2013-07-10,200.53,202.83,196.33,197.43,5353513
2013-07-11,200.87,204.87,200.0,203.17,4641898
2013-07-12,205.8,205.9,195.23,197.7,8317910
2013-07-15,197.7,199.07,196.27,197.4,3200078
2013-07-16,195.93,202.47,195.33,199.83,6210578
2013-07-17,200.0,201.77,196.87,200.53,5967010
2013-07-18,201.03,211.23,201.03,209.77,7946761
2013-07-19,210.67,213.2,208.17,211.3,5671733
2013-07-22,209.67,211.23,204.07,204.9,3306269
2013-07-23,206.17,210.33,205.73,208.1,3292267
2013-07-24,206.83,211.0,204.17,205.6,3727103
2013-07-25,206.0,209.63,201.97,203.63,5676029
2013-07-26,207.33,207.33,201.23,202.4,2812409
2013-07-29,203.3,204.67,197.33,198.4,3360608
2013-07-30,199.87,200.5,186.07,187.13,5525137
2013-07-31,186.67,195.27,176.97,193.8,11224555
2013-08-01,195.37,197.83,183.4,185.9,7641034
2013-08-02,188.0,188.93,180.83,185.27,6141562
2013-08-05,184.83,187.67,181.8,184.27,3811126
2013-08-06,183.17,186.57,177.33,178.23,3710168
2013-08-07,179.53,182.57,178.73,181.83,7624058
2013-08-08,181.07,183.67,177.5,182.07,6221429
2013-08-12,183.87,187.2,181.33,185.4,6307069
2013-08-13,180.67,185.83,180.1,183.3,7323082
2013-08-14,183.67,194.6,182.7,192.57,10136252
2013-08-16,191.93,194.23,180.0,181.2,7270550
2013-08-19,180.07,181.7,167.67,174.63,5570686
2013-08-20,173.33,174.33,165.77,171.07,8385248
2013-08-21,173.33,176.43,166.67,167.13,8069332
2013-08-22,164.0,181.73,164.0,179.77,13443241
2013-08-23,180.17,186.53,176.13,184.47,9287705
2013-08-26,186.3,186.5,177.33,178.7,6519478
2013-08-27,176.83,177.33,171.33,172.87,6549137
2013-08-28,169.83,170.0,156.13,162.47,19302502
2013-08-29,166.0,167.3,162.73,165.8,10872665
2013-08-30,167.27,170.1,160.67,166.1,9591055
2013-09-02,169.93,169.93,165.07,167.57,3796381
2013-09-03,169.33,171.53,165.13,167.4,7790836
2013-09-04,166.83,174.4,163.8,171.57,5838248
2013-09-05,174.07,181.33,173.47,180.07,7173442
2013-09-06,181.17,194.47,179.47,192.2,8843755
2013-09-10,193.37,199.33,190.73,195.13,9793225
2013-09-11,195.3,195.47,188.77,192.87,5722174
2013-09-12,195.2,195.33,185.03,185.97,4587094
2013-09-13,183.93,189.73,183.07,188.47,4640854
2013-09-16,192.67,196.2,186.67,191.47,3781700
2013-09-17,191.3,192.33,183.9,186.47,5367991
2013-09-18,188.5,189.93,184.83,188.63,2755558
2013-09-19,193.33,201.67,191.27,199.47,6738154
2013-09-20,198.13,198.43,189.2,193.0,9888611
2013-09-23,191.5,192.53,183.2,183.77,4111156
2013-09-24,184.67,187.73,182.5,183.0,6857767
2013-09-25,184.0,187.27,181.33,186.3,7330811
2013-09-26,186.67,187.2,182.67,184.63,8012659
2013-09-27,186.27,187.27,181.9,182.93,5232851
2013-09-30,182.93,183.0,175.1,178.57,5936837
2013-10-01,180.0,180.07,173.97,174.87,7334261
2013-10-03,175.5,178.9,175.5,177.67,4466353
2013-10-04,177.33,179.97,174.9,176.47,5454890
2013-10-07,176.0,177.93,173.87,177.4,2733443
2013-10-08,178.0,179.9,177.33,179.2,3566788
2013-10-09,179.0,182.93,177.4,182.47,3509894
2013-10-10,182.47,183.73,180.67,182.47,3322922
2013-10-11,184.03,185.77,182.47,184.37,4150720
2013-10-14,182.37,185.23,182.37,183.67,2132558
2013-10-15,185.33,186.27,180.9,183.47,3451379
2013-10-17,184.67,189.33,184.17,187.4,5994730
2013-10-18,189.0,190.63,187.7,189.03,4757653
2013-10-21,189.33,190.97,187.87,190.17,3715660
2013-10-22,190.67,191.6,188.0,190.7,3187954
2013-10-23,190.67,191.33,186.27,188.17,3179579
2013-10-24,188.17,192.67,187.47,189.2,3710749
2013-10-25,187.37,190.93,187.37,189.3,3787132
2013-10-28,189.33,192.53,189.3,191.2,3019205
2013-10-29,192.0,194.47,190.0,193.73,3882574
2013-10-30,194.67,195.63,191.07,192.4,2414824
2013-10-31,193.33,200.53,188.4,195.8,10221877
2013-11-01,196.2,196.2,190.67,191.87,3407954
2013-11-03,192.67,194.53,192.1,193.03,495448
2013-11-05,191.7,192.37,188.67,189.23,4972034
2013-11-06,189.3,190.57,187.33,187.9,2818601
2013-11-07,188.63,191.83,187.5,189.13,3046559
2013-11-08,188.37,189.33,181.17,184.9,3551561
2013-11-11,184.0,184.67,179.53,180.13,3882311
2013-11-12,180.37,181.93,176.7,177.23,4685564
2013-11-13,177.33,179.97,175.67,179.23,4468277
2013-11-14,182.4,183.87,179.67,180.07,3209237
2013-11-18,182.0,186.67,182.0,186.03,3972637
2013-11-19,185.7,188.03,181.87,184.9,2838157
2013-11-20,186.27,188.3,182.47,184.47,6627632
2013-11-21,184.33,184.7,179.77,180.3,3187033
2013-11-22,180.67,186.47,180.67,185.47,4349519
2013-11-25,189.33,192.67,186.9,192.23,4000981
2013-11-26,192.2,192.67,189.7,191.43,3356240
2013-11-27,190.27,195.77,190.23,193.27,4553977
2013-11-28,193.27,197.1,192.73,194.63,5615381
2013-11-29,194.83,199.87,194.83,199.4,4428400
2013-12-02,194.6,197.93,191.8,196.6,8868980
2013-12-03,194.3,196.67,193.67,194.93,5402737
2013-12-04,194.37,195.13,190.67,191.27,4140013
2013-12-05,194.0,195.57,191.8,193.93,2882588
2013-12-06,193.93,199.33,193.4,196.03,4720327
2013-12-09,200.0,204.97,199.77,203.37,7243480
2013-12-10,201.9,202.0,196.93,198.7,7227811
2013-12-11,197.63,198.33,192.0,194.53,3939137
2013-12-12,193.33,195.17,188.5,188.87,4265002
2013-12-13,188.03,189.63,185.53,186.67,2167465
2013-12-16,187.87,188.33,183.37,184.43,2401300
2013-12-17,184.67,186.4,182.53,183.13,2072870
2013-12-18,184.0,188.4,182.0,187.5,2720293
2013-12-19,187.73,188.67,181.0,182.47,4061350
2013-12-20,184.8,191.0,184.07,189.87,5963963
2013-12-23,189.87,193.33,189.3,192.53,2515168
2013-12-24,193.33,194.33,189.7,190.5,2232475
2013-12-26,191.63,196.33,191.47,194.87,6470408
2013-12-27,194.93,195.3,193.37,194.7,2556571
2013-12-30,195.47,195.53,192.0,193.03,4264729
2013-12-31,194.27,194.87,191.73,192.6,4184543
2014-01-01,193.33,193.93,191.57,192.07,984392
2014-01-02,193.3,195.23,186.77,187.8,2977997
2014-01-03,188.67,190.5,183.4,183.87,5739326
2014-01-06,185.33,189.87,184.77,187.3,3474245
2014-01-07,187.33,188.6,183.37,184.17,3450485
2014-01-08,184.77,185.8,181.4,182.13,3326023
2014-01-09,182.67,187.63,180.67,186.87,3859130
2014-01-10,187.3,191.8,184.0,189.37,6543391
2014-01-13,193.33,195.93,192.33,195.27,5393956
2014-01-14,195.27,195.27,191.0,193.5,4029163
2014-01-15,194.67,196.53,192.0,194.53,3274846
2014-01-16,196.0,196.0,189.1,191.3,4287568
2014-01-17,189.37,194.33,189.03,191.67,6041318
2014-01-20,191.33,194.33,189.7,191.43,5956990
2014-01-21,191.7,192.67,189.63,191.33,4932865
2014-01-22,191.33,193.97,190.0,193.2,3596491
2014-01-23,192.7,193.0,189.17,190.07,4896041
2014-01-24,189.5,190.37,187.63,188.8,3413026
2014-01-27,184.07,187.6,183.83,184.67,4015430
2014-01-28,183.37,187.0,183.03,183.5,3089977
2014-01-29,183.83,185.87,182.67,184.67,3441988
2014-01-30,182.67,186.07,180.77,181.47,9096281
2014-01-31,182.17,184.23,180.07,183.7,4630931
2014-02-03,182.0,183.53,177.37,178.53,5791562
2014-02-04,177.03,179.47,176.1,178.67,4656092
2014-02-05,178.6,181.0,176.93,180.17,4204678
2014-02-06,180.6,182.0,177.33,178.6,3090260
2014-02-07,180.27,181.23,178.47,179.53,2612396
2014-02-10,179.33,182.8,179.33,181.5,3487868
2014-02-11,182.33,184.2,180.57,183.97,7517380
2014-02-12,184.73,189.2,184.0,188.73,4983083
2014-02-13,188.67,189.33,181.7,182.33,3188417
2014-02-14,183.33,184.9,180.73,184.27,3763402
2014-02-17,184.67,186.67,181.8,185.17,2211293
2014-02-18,184.73,185.97,180.67,184.53,3885427
2014-02-19,184.67,186.63,183.77,186.27,2483551
2014-02-20,184.73,186.0,183.7,184.13,1881968
2014-02-21,184.63,185.9,183.8,184.63,1780106
2014-02-24,184.07,189.33,184.07,188.13,2267129
2014-02-25,189.3,189.6,186.2,187.83,2520848
2014-02-26,187.33,190.47,185.23,188.97,9585442
2014-02-28,188.2,195.17,188.2,194.23,6271645
2014-03-03,193.03,196.0,191.33,193.73,3276278
2014-03-04,193.73,198.47,192.87,197.23,3145472
2014-03-05,198.0,202.03,198.0,200.33,5290739
2014-03-06,200.6,206.67,200.33,205.9,3676196
2014-03-07,205.93,212.13,203.67,210.73,5233306
2014-03-10,209.03,217.83,207.0,213.27,7879052
2014-03-11,211.67,216.63,211.03,215.4,8420449
2014-03-12,213.83,214.53,210.13,211.3,5924996
2014-03-13,211.33,218.0,210.93,216.1,7489342
2014-03-14,214.73,219.0,214.23,215.17,4721476
2014-03-18,215.33,221.33,214.37,216.63,10533424
2014-03-19,217.63,218.97,208.2,209.2,6549433
2014-03-20,209.33,211.67,206.0,210.53,7422490
2014-03-21,211.47,212.57,203.57,204.27,13362848
2014-03-22,204.97,205.63,203.63,205.27,363250
2014-03-24,206.93,214.67,206.93,214.07,10079612
2014-03-25,206.0,214.27,204.17,213.27,10734698
2014-03-26,213.67,218.53,213.33,216.87,5695685
2014-03-27,214.27,222.67,212.03,220.67,14993080
2014-03-28,221.33,222.6,218.3,219.6,3774826
2014-03-31,219.03,223.6,210.8,212.47,6561028
2014-04-01,214.0,217.87,213.7,215.87,3708562
2014-04-02,216.63,220.6,214.87,220.0,3885140
2014-04-03,221.27,221.33,214.87,217.5,3753628
2014-04-04,216.97,220.0,211.67,217.1,18229064
2014-04-07,217.63,219.93,216.03,217.07,5333111
2014-04-09,217.07,218.67,212.73,214.97,10705382
2014-04-10,215.3,215.63,210.27,214.63,11309750
2014-04-11,213.37,216.67,212.37,213.33,12173270
2014-04-15,213.33,214.17,210.67,212.9,9429671
2014-04-16,213.57,214.67,210.13,211.03,6708398
2014-04-17,211.0,215.63,209.03,214.9,7918709
2014-04-21,215.3,217.17,214.87,215.4,4246373
2014-04-22,215.47,220.87,214.7,217.57,7023374
2014-04-23,217.8,221.63,214.77,217.33,9030352
2014-04-25,219.23,219.33,213.4,213.97,5190371
2014-04-28,213.37,215.33,212.67,214.23,3444431
2014-04-29,214.8,215.67,212.5,213.53,2737183
2014-04-30,213.0,219.9,212.17,216.73,10052065
2014-05-02,217.97,221.5,215.1,219.53,5110097
2014-05-05,219.4,228.97,218.5,223.6,7234153
2014-05-06,224.03,227.63,223.6,224.8,5298778
2014-05-07,226.67,228.0,222.6,223.43,5042044
2014-05-08,224.0,226.6,222.0,222.67,5767283
2014-05-09,222.33,233.33,219.33,231.97,8914516
2014-05-12,231.43,240.9,231.43,239.07,8032885
2014-05-13,248.67,253.7,244.27,248.4,10452623
2014-05-14,249.33,251.97,243.17,245.4,7067423
2014-05-15,244.93,253.93,242.37,252.37,8127179
2014-05-16,261.33,277.57,248.4,256.1,20039530
2014-05-19,262.63,280.0,259.57,277.83,12196564
2014-05-20,278.93,280.0,264.17,266.73,10548424
2014-05-21,264.07,268.5,260.53,265.63,8455850
2014-05-22,266.67,268.87,261.33,261.87,6734162
2014-05-23,265.63,273.97,261.6,271.97,12213407
2014-05-26,274.67,283.33,263.47,270.2,8401282
2014-05-27,270.33,270.93,260.0,263.37,5129258
2014-05-28,263.67,263.77,254.5,256.17,5545652
2014-05-29,256.67,259.4,245.67,249.43,11462807
2014-05-30,250.13,259.33,245.33,252.1,8421587
2014-06-02,253.73,267.97,252.17,266.37,6657530
2014-06-03,267.63,282.23,266.07,277.83,10868428
2014-06-04,277.43,279.33,272.33,274.0,6148531
2014-06-05,272.7,285.67,268.23,279.43,17072940
2014-06-06,283.9,313.23,282.83,310.43,37784920
2014-06-09,313.33,314.57,298.67,302.1,18473592
2014-06-10,303.33,303.9,290.43,293.7,12297118
2014-06-11,294.67,297.8,283.43,284.87,12745079
2014-06-12,285.37,293.27,282.07,285.73,11657636
2014-06-13,287.03,288.77,270.73,281.77,12884002
2014-06-16,280.37,287.1,275.57,284.6,10625092
2014-06-17,285.0,298.53,283.67,296.73,12718877
2014-06-18,296.87,302.33,288.0,295.13,11425387
2014-06-19,290.17,292.2,272.17,280.5,25387198
2014-06-20,280.37,286.53,276.67,278.33,12596755
2014-06-23,280.93,295.07,279.5,291.73,12819608
2014-06-24,296.67,297.6,287.33,295.3,15324335
2014-06-25,296.67,298.83,289.67,291.23,12658546
2014-06-26,276.67,279.47,270.93,274.23,25686180
2014-06-27,277.63,278.97,271.67,274.13,9699929
2014-06-30,278.6,284.43,276.83,283.23,11039449
2014-07-01,286.0,286.67,280.87,282.07,9622063
2014-07-02,284.0,286.1,281.03,284.4,7481248
2014-07-03,285.93,286.4,278.13,278.77,7705696
2014-07-04,276.8,282.93,274.37,281.2,12160970
2014-07-07,283.8,283.8,275.97,277.03,7460150
2014-07-08,279.8,279.83,262.73,264.47,15089377
2014-07-09,266.2,272.43,260.37,269.97,10190839
2014-07-10,269.97,277.0,263.27,269.33,15043843
2014-07-11,268.7,269.83,261.33,264.1,9809555
2014-07-14,264.27,269.17,262.6,268.5,7419187
2014-07-15,269.83,276.13,269.33,275.1,8149550
2014-07-16,276.0,278.53,273.33,277.4,7964590
2014-07-17,274.73,277.33,270.07,275.5,9482180
2014-07-18,274.83,276.0,271.33,273.67,6602627
2014-07-21,272.67,275.33,270.4,271.13,2933737
2014-07-22,271.33,273.87,270.93,272.6,4598306
2014-07-23,273.33,274.6,269.43,270.2,5660788
2014-07-24,271.93,272.57,268.0,269.93,4114102
2014-07-25,270.0,271.53,266.13,267.4,4801529
2014-07-28,267.33,269.1,260.73,263.23,3835145
2014-07-30,263.67,267.77,263.33,265.97,7261676
2014-07-31,265.43,267.87,262.33,263.57,9600274
2014-08-01,262.77,263.97,256.33,257.57,6515213
2014-08-04,258.67,263.43,256.1,261.83,3487069
2014-08-05,262.73,271.23,262.73,270.17,8244941
2014-08-06,269.43,270.97,263.4,264.6,4674040
2014-08-07,262.67,269.33,262.67,266.7,4742947
2014-08-08,263.33,264.0,260.0,262.8,4733723
2014-08-11,263.83,264.93,261.53,262.47,3057232
2014-08-12,263.1,271.33,263.1,270.37,6757076
2014-08-13,274.0,275.6,266.67,268.0,8962454
2014-08-14,265.27,274.0,262.3,273.4,9458554
2014-08-18,274.67,289.47,273.4,287.53,12905989
2014-08-19,290.53,293.67,284.77,290.13,15688127
2014-08-20,290.13,290.53,281.33,282.67,8265482
2014-08-21,282.97,286.6,281.0,283.93,8002250
2014-08-22,285.33,289.63,283.67,284.7,7644317
2014-08-25,286.0,289.93,284.77,285.83,7537042
2014-08-26,286.67,287.73,274.67,278.67,9017681
2014-08-27,283.33,286.6,282.27,285.43,10929311
2014-08-28,286.0,292.67,282.67,290.0,12690827
2014-09-01,293.23,294.63,290.83,293.03,5520775
2014-09-02,292.67,296.83,289.47,296.37,6475477
2014-09-03,300.0,300.17,290.0,291.27,8238322
2014-09-04,291.33,293.2,287.4,291.67,3714917
2014-09-05,291.47,297.73,290.73,295.7,7008955
2014-09-08,298.67,304.33,298.2,303.43,9119498
2014-09-09,305.27,305.3,296.0,299.6,5288945
2014-09-10,296.73,300.53,295.03,296.93,3259466
2014-09-11,297.67,298.53,285.33,286.33,8591338
2014-09-12,287.43,289.93,283.47,285.77,3971069
2014-09-15,283.33,285.17,280.03,280.57,2794241
2014-09-16,281.27,282.0,271.47,272.5,9518068
2014-09-17,273.17,275.07,269.4,271.7,7635334
2014-09-18,272.53,277.47,269.5,275.93,6420260
2014-09-19,277.67,278.47,267.7,269.33,12608911
2014-09-22,269.3,280.13,268.5,279.4,5338720
2014-09-23,280.67,281.2,270.87,271.53,5380033
2014-09-24,271.27,277.13,268.13,275.8,6121733
2014-09-25,272.67,275.33,263.4,266.9,7378907
2014-09-26,265.67,275.63,265.67,274.7,5834845
2014-09-29,274.67,276.87,270.37,271.67,3521474
2014-09-30,269.13,277.6,269.13,272.37,4990255
2014-10-01,273.23,273.3,267.53,268.57,3954946
2014-10-07,266.33,270.3,262.2,264.5,6786440
2014-10-08,264.5,271.67,264.5,270.77,5644522
2014-10-09,271.33,276.23,271.33,274.3,4494475
2014-10-10,272.0,273.33,268.67,269.47,3894454
2014-10-13,268.53,272.33,265.23,271.17,3907357
2014-10-14,271.37,272.97,267.0,268.1,4934026
2014-10-16,265.4,272.33,263.33,264.73,9134776
2014-10-17,264.8,266.77,261.33,264.73,6550810
2014-10-20,286.0,286.0,276.67,279.33,22879904
2014-10-21,280.0,280.6,270.37,272.0,9797075
2014-10-22,274.3,274.67,264.37,266.3,11612369
2014-10-23,269.93,269.93,267.47,268.97,1016774
2014-10-27,270.1,270.67,262.4,263.1,4685408
2014-10-28,264.33,265.17,259.1,261.13,7865698
2014-10-29,263.73,264.23,260.9,261.87,6179237
2014-10-30,261.87,265.33,261.7,263.93,7728824
2014-10-31,266.1,271.1,265.1,270.1,8708932
2014-11-03,270.67,272.0,268.7,269.7,5799950
2014-11-05,270.83,271.73,266.73,269.07,7183192
2014-11-07,266.87,274.47,266.87,273.1,8287570
2014-11-10,274.6,275.0,262.4,262.8,9543430
2014-11-11,263.67,266.2,259.03,263.23,7751750
2014-11-12,263.63,265.63,261.7,262.43,4509725
2014-11-13,264.3,264.67,255.0,257.2,6014186
2014-11-14,257.37,263.13,256.73,262.17,7265804
2014-11-17,262.3,266.07,261.03,264.3,5573645
2014-11-18,265.13,265.47,260.0,260.43,4845523
2014-11-19,259.33,263.07,254.53,256.1,6800513
2014-11-20,256.0,260.0,254.67,257.17,4887421
2014-11-21,255.63,259.8,254.93,255.53,5210932
2014-11-24,255.33,257.87,252.23,253.93,4075121
2014-11-25,253.33,259.2,250.0,257.63,6929941
2014-11-26,255.47,260.37,254.7,257.27,5471630
2014-11-27,256.37,258.57,253.33,254.87,9604549
2014-11-28,253.5,259.33,251.3,252.93,7112150
2014-12-01,252.13,254.67,242.03,242.97,12037517
2014-12-02,243.5,246.67,239.23,240.33,7240519
2014-12-03,240.33,251.27,240.03,247.63,13800767
2014-12-04,250.33,252.27,246.07,247.2,6560122
2014-12-05,248.67,249.87,243.2,243.53,6627583
2014-12-08,242.97,247.97,242.33,245.53,5229220
2014-12-09,244.13,245.27,233.67,234.73,9107974
2014-12-10,232.83,241.23,232.83,240.73,6069868
2014-12-11,239.33,240.0,231.77,232.97,5716879
2014-12-12,233.67,234.5,224.03,224.73,8480648
2014-12-15,223.97,230.67,223.33,228.7,7292032
2014-12-16,225.27,225.73,219.4,223.7,7586122
2014-12-17,223.63,230.0,220.7,228.67,9591839
2014-12-18,233.37,234.0,228.63,229.97,7701517
2014-12-19,231.37,236.0,229.37,232.97,6072133
2014-12-22,233.33,238.87,233.33,238.37,4221223
2014-12-23,238.0,238.33,233.47,234.7,3041233
2014-12-24,235.3,236.0,227.9,229.33,12132430
2014-12-26,230.0,231.97,227.37,229.63,1946756
2014-12-29,230.3,234.33,230.3,231.27,2147110
2014-12-30,230.0,230.4,227.23,227.77,2561663
2015-01-01,226.83,229.83,226.73,229.37,1849322
2015-01-02,229.4,235.0,229.4,232.8,3736468
2015-01-05,231.33,238.67,230.67,235.43,6074618
2015-01-06,232.37,232.63,220.4,222.1,9024997
2015-01-07,222.0,227.7,218.73,225.37,8937670
2015-01-08,228.63,229.23,223.67,227.87,6578930
2015-01-09,231.4,237.93,224.27,234.0,13223764
2015-01-12,234.7,234.93,229.63,231.8,3157549
2015-01-13,232.0,232.4,225.53,226.63,7395020
2015-01-14,226.67,230.67,226.0,229.37,6704722
2015-01-15,232.67,235.33,228.43,231.0,10737986
2015-01-16,230.0,234.67,228.9,231.4,4284923
2015-01-19,232.73,235.33,230.53,231.67,3049690
2015-01-20,234.33,234.33,231.53,233.53,4842070
2015-01-21,233.43,233.67,229.4,230.7,8863148
2015-01-22,231.33,236.57,230.5,235.27,8061763
2015-01-23,236.67,237.33,231.7,232.53,6424399
2015-01-27,233.33,234.4,230.7,233.5,4689872
2015-01-28,233.33,237.67,232.37,235.93,7037476
2015-01-29,234.67,237.0,231.67,234.6,10551229
2015-01-30,234.6,236.97,232.03,234.23,6162442
2015-02-02,236.67,238.53,232.4,233.23,3717521
2015-02-03,235.07,240.67,234.67,239.63,7617916
2015-02-04,244.1,249.2,241.4,245.7,12396304
2015-02-05,245.4,245.67,236.03,237.77,3953791
2015-02-06,240.0,240.83,231.8,234.0,5834608
2015-02-09,232.73,238.57,232.73,237.57,4045850
2015-02-10,236.67,239.4,234.0,236.43,3438389
2015-02-11,236.67,237.6,229.33,229.97,3754928
2015-02-12,230.67,233.73,226.23,230.97,6518276
2015-02-13,226.37,229.27,225.5,226.37,9134797
2015-02-16,225.0,229.8,224.67,226.97,5713141
2015-02-18,227.57,229.27,221.33,221.73,7747543
2015-02-19,222.67,223.97,220.4,222.3,5393951
2015-02-20,222.93,223.93,220.0,220.47,4764178
2015-02-23,221.13,222.37,215.8,216.57,4667714
2015-02-24,217.4,217.87,208.43,210.03,11394412
2015-02-25,211.87,215.57,210.1,211.43,7747526
2015-02-26,213.33,214.8,210.37,212.9,8330060
2015-02-27,212.67,217.33,212.67,216.5,10424123
2015-02-28,219.8,221.63,214.57,216.63,6869006
2015-03-02,219.2,219.73,211.6,213.37,9150904
2015-03-03,213.37,217.33,211.33,213.67,9377275
2015-03-04,214.97,217.83,212.53,213.7,12393368
2015-03-05,214.03,214.3,211.6,213.3,5311246
2015-03-09,211.9,212.33,209.4,210.67,8394541
2015-03-10,212.0,212.63,205.43,209.6,10846846
2015-03-11,210.0,211.27,206.0,206.33,7587334
2015-03-12,207.33,209.3,205.93,208.13,5494894
2015-03-13,208.73,211.2,207.53,209.27,5558429
2015-03-16,209.23,209.73,207.4,208.0,3707102
2015-03-17,208.07,210.33,206.7,209.47,3799832
2015-03-18,210.0,210.3,205.33,206.13,4852030
2015-03-19,206.6,209.27,206.13,207.93,5367529
2015-03-20,208.13,208.67,205.6,207.57,4793801
2015-03-23,207.33,210.23,207.23,209.6,4589812
2015-03-24,207.07,210.0,206.0,208.93,3764554
2015-03-25,210.43,210.97,205.8,206.43,4139605
2015-03-26,207.33,207.6,199.2,201.07,11858041
2015-03-27,201.97,205.57,200.93,203.3,5891944
2015-03-30,203.33,211.6,202.57,210.13,6601768
2015-03-31,210.63,213.07,203.0,204.23,6853342
2015-04-01,204.67,206.17,203.67,204.3,3321565
2015-04-06,205.4,212.17,205.33,211.5,5556452
2015-04-07,213.33,213.67,210.0,212.67,3490814
2015-04-08,212.67,212.67,207.93,208.67,5976248
2015-04-09,209.67,210.53,205.67,206.77,5713268
2015-04-10,206.8,210.53,206.1,206.5,8693393
2015-04-13,209.0,209.0,206.73,207.9,2797114
2015-04-15,208.53,215.13,207.67,211.43,9083738
2015-04-16,212.4,219.17,212.33,218.43,9836785
2015-04-17,219.67,221.9,218.67,220.0,6401870
2015-04-20,219.9,221.93,210.8,214.53,4536202
2015-04-21,215.07,218.27,212.2,213.57,4822603
2015-04-22,214.03,215.9,206.37,208.2,7356646
2015-04-23,210.0,210.27,204.53,205.3,5199050
2015-04-24,206.67,212.6,205.1,211.23,7401440
2015-04-27,211.97,211.97,205.4,206.23,3309371
2015-04-28,206.0,209.07,202.7,205.03,5021299
2015-04-29,205.03,206.37,202.73,204.2,4445740
2015-04-30,204.57,205.87,202.07,202.67,9699340
2015-05-04,204.07,220.33,204.07,218.9,16873108
2015-05-05,220.67,228.8,219.0,228.1,24530452
2015-05-06,226.4,227.2,216.73,218.6,10301063
2015-05-07,220.0,220.87,211.0,213.37,5843113
2015-05-08,213.97,216.27,209.23,210.33,6429161
2015-05-11,211.27,213.87,210.03,212.67,5431555
2015-05-12,213.4,213.63,204.8,206.43,4464550
2015-05-13,208.1,211.8,205.67,207.4,5646844
2015-05-14,208.07,211.33,206.1,210.77,4257052
2015-05-15,210.6,213.13,208.33,212.6,3325147
2015-05-18,213.53,216.4,213.1,214.5,4586017
2015-05-19,212.9,214.2,210.37,211.73,4366931
2015-05-20,211.33,212.83,209.33,209.7,3059540
2015-05-21,210.93,212.63,209.6,212.2,3139372
2015-05-22,215.67,216.67,212.8,215.37,3893321
2015-05-25,216.0,220.5,215.47,219.7,5574002
2015-05-26,220.0,220.57,214.33,215.0,2979944
2015-05-27,216.0,222.23,213.77,221.33,3477920
2015-05-28,223.33,224.8,216.2,218.6,8512186
2015-05-29,212.0,221.2,208.8,219.9,13023641
2015-06-01,219.33,219.93,214.93,216.07,2889509
2015-06-02,219.17,219.17,212.2,213.53,4511450
2015-06-03,213.53,215.53,204.33,205.23,5149028
2015-06-04,206.53,206.53,200.17,200.9,7210408
2015-06-05,201.63,208.3,198.2,205.47,8311552
2015-06-08,206.67,206.67,203.4,204.27,3424894
2015-06-09,203.4,204.53,200.23,200.97,3158752
2015-06-10,201.33,205.33,201.33,203.57,4509799
2015-06-11,204.07,205.63,200.27,200.67,3997858
2015-06-12,200.67,201.97,199.67,200.27,2924444
2015-06-15,200.67,204.6,199.03,202.63,4211761
2015-06-16,202.63,203.53,200.0,202.97,3878482
2015-06-17,203.33,204.83,202.23,204.0,7374734
2015-06-18,204.27,210.13,203.5,208.57,6067754
2015-06-19,209.83,214.0,209.4,212.77,5823980
2015-06-22,213.33,213.33,209.33,212.27,4448203
2015-06-23,212.67,215.6,211.87,212.6,3509530
2015-06-24,213.3,215.33,210.77,211.93,3734515
2015-06-25,211.13,213.53,207.8,208.63,7207430
2015-06-26,208.67,210.33,207.07,208.8,1821206
2015-06-29,206.07,207.2,204.0,206.03,2261231
2015-06-30,205.47,207.57,205.0,206.4,3225893
2015-07-01,206.0,211.4,205.8,209.27,4331774
2015-07-02,209.33,210.07,206.3,206.67,3314204
2015-07-03,208.0,208.53,205.57,206.13,4952576
2015-07-06,203.7,206.0,202.8,205.5,3164747
2015-07-07,205.67,206.03,203.07,203.3,3602245
2015-07-08,202.0,205.17,201.2,201.97,3476699
2015-07-09,202.17,203.27,198.27,199.13,5336425
2015-07-10,201.2,201.2,194.27,195.93,10773607
2015-07-13,196.87,197.27,191.77,193.73,7725928
2015-07-14,193.33,195.27,191.8,193.13,4437269
2015-07-15,194.17,196.83,193.8,194.13,4577782
2015-07-16,194.33,196.5,193.4,194.4,3341660
2015-07-17,195.13,196.23,193.9,195.2,2702260
2015-07-20,195.33,196.07,193.67,194.57,1863025
2015-07-21,194.53,194.6,186.8,187.5,4128988
2015-07-22,187.67,191.97,187.67,189.9,3767242
2015-07-23,190.0,190.3,186.37,189.23,5707321
2015-07-24,189.0,190.6,187.77,188.57,3961646
2015-07-27,188.0,188.57,180.0,181.0,10950875
2015-07-28,181.4,181.67,175.63,179.9,8345236
2015-07-29,180.67,181.07,176.67,179.83,10220164
2015-07-30,181.93,182.93,180.07,180.6,5602352
2015-07-31,181.0,184.33,180.8,181.8,3895096
2015-08-03,181.93,185.0,178.7,182.43,4666619
2015-08-04,182.5,182.5,176.47,177.57,7648745
2015-08-05,179.33,181.33,178.6,180.0,3759064
2015-08-06,180.67,182.33,179.63,180.63,3982426
2015-08-07,180.0,189.3,179.7,188.57,14143717
2015-08-10,189.33,189.8,182.67,183.37,4017830
2015-08-11,184.43,184.43,179.37,180.03,2668081
2015-08-12,180.0,181.67,177.07,179.57,6082657
2015-08-13,180.67,182.67,177.1,179.83,6835678
2015-08-14,181.37,182.33,178.7,180.27,3797374
2015-08-17,180.07,180.1,174.3,176.0,7815284
2015-08-18,177.33,177.7,173.33,173.87,4157309
2015-08-19,173.33,175.2,171.4,173.73,5711534
2015-08-20,172.0,172.47,169.4,170.53,7178768
2015-08-21,169.37,171.6,167.4,170.63,6613181
2015-08-24,166.67,167.2,150.8,151.8,19008638
2015-08-25,153.83,156.97,149.5,153.77,10863164
2015-08-26,154.0,157.73,148.67,149.9,7245826
2015-08-27,154.67,155.6,150.7,153.53,11633059
2015-08-28,159.27,164.27,158.6,162.43,10958608
2015-08-31,165.13,165.6,158.47,159.53,9689885
2015-09-01,161.87,162.23,155.13,156.07,10033094
2015-09-02,156.1,157.0,149.57,150.13,9458158
2015-09-03,152.5,154.53,151.0,152.77,3640379
2015-09-04,155.1,155.1,147.5,150.37,7345292
2015-09-07,151.33,152.23,149.03,150.7,5324035
2015-09-08,151.97,153.67,149.4,153.27,6841087
2015-09-09,155.37,155.73,152.83,153.6,11075230
2015-09-10,152.33,153.23,149.13,151.27,6478406
2015-09-11,152.43,154.6,151.47,152.23,5834527
2015-09-14,153.27,153.6,150.67,153.1,3143677
2015-09-15,153.27,154.6,150.53,152.87,3661399
2015-09-16,155.2,155.2,152.17,153.67,4234243
2015-09-18,154.07,160.8,153.27,159.47,9682537
2015-09-21,157.2,159.9,156.67,159.3,2754551
2015-09-22,161.2,161.2,155.43,156.33,5576615
2015-09-23,153.4,158.63,153.17,157.7,3247757
2015-09-24,157.73,157.73,150.73,151.67,8968651
2015-09-28,152.17,152.3,149.4,150.07,4326611
2015-09-29,149.2,151.6,145.13,150.93,7599778
2015-09-30,152.33,153.87,148.07,152.9,7694695
2015-10-01,152.9,156.0,152.0,154.9,4161730
2015-10-05,156.0,160.8,152.67,160.33,5283104
2015-10-06,160.67,165.77,159.73,164.9,7663976
2015-10-07,167.33,173.9,167.33,171.83,9901196
2015-10-08,173.6,173.6,168.17,171.77,5335414
2015-10-09,174.0,176.67,173.47,175.77,8515355
2015-10-12,175.83,178.5,174.87,175.6,4243084
2015-10-13,173.03,174.17,168.17,169.27,4640855
2015-10-14,169.33,175.53,168.93,170.0,4440331
2015-10-15,171.4,174.0,169.4,173.43,3456407
2015-10-16,174.0,176.87,171.33,176.07,3212585
2015-10-19,176.07,176.23,170.67,171.9,2694019
2015-10-20,170.4,171.5,168.0,168.77,3579358
2015-10-21,168.0,171.93,167.67,168.97,2408054
2015-10-23,170.0,174.0,169.97,171.53,3416213
2015-10-26,171.33,173.87,169.6,170.97,3776110
2015-10-27,168.97,169.47,164.83,165.27,7387658
2015-10-28,163.73,168.33,162.23,167.87,8681942
2015-10-29,170.0,170.17,166.7,167.23,11317210
2015-10-30,166.6,167.0,162.73,164.63,5076523
2015-11-02,164.63,165.87,161.43,164.93,2028091
2015-11-03,164.8,167.67,163.53,167.13,2764397
2015-11-04,169.03,169.47,166.53,168.07,3672545
2015-11-05,166.67,169.2,166.43,167.1,4845283
2015-11-06,165.8,171.07,165.33,167.63,6014387
2015-11-09,164.13,167.33,163.37,166.2,4072976
2015-11-10,163.4,165.2,157.07,157.8,5841889
2015-11-11,159.27,159.6,157.67,158.0,364487
2015-11-13,155.37,155.67,152.0,152.6,6878204
2015-11-16,152.27,153.93,147.5,153.43,6538864
2015-11-17,154.0,155.5,151.13,154.9,9435518
2015-11-18,154.03,155.17,152.63,153.8,3862231
2015-11-19,155.17,155.8,152.83,155.33,2849843
2015-11-20,155.87,157.17,154.23,156.03,2601568
2015-11-23,156.67,157.27,154.0,154.47,2296133
2015-11-24,154.67,158.9,153.17,155.2,5179723
2015-11-26,155.4,157.93,154.53,156.57,8200903
2015-11-27,157.67,159.17,156.23,156.93,2854024
2015-11-30,156.0,157.27,153.47,156.1,5898439
2015-12-01,156.37,158.97,155.37,157.07,3545680
2015-12-02,158.07,158.67,155.53,157.2,3121283
2015-12-03,155.4,155.93,152.07,153.13,7426180
2015-12-04,151.83,154.07,150.7,151.47,5123203
2015-12-07,152.03,152.33,148.53,149.27,3621073
2015-12-08,148.0,148.17,142.7,143.83,8794702
2015-12-09,143.33,145.33,141.93,144.73,6323689
2015-12-10,145.27,147.27,143.2,146.53,6848702
2015-12-11,146.33,147.2,142.93,143.57,6528895
2015-12-14,141.67,143.07,140.83,142.27,4778762
2015-12-15,143.33,145.73,142.2,145.2,4919510
2015-12-16,146.47,151.73,144.9,151.1,8363692
2015-12-17,150.67,150.87,146.67,149.87,9229493
2015-12-18,148.67,149.87,147.47,148.83,7201576
2015-12-21,148.67,154.03,147.8,153.63,4999316
2015-12-22,153.63,155.0,152.2,153.7,4596821
2015-12-23,155.27,157.6,154.17,157.03,6021352
2015-12-24,158.67,159.87,155.53,155.9,4388542
2015-12-28,156.0,160.87,156.0,160.13,5296622
2015-12-29,160.0,161.23,158.3,159.83,3552853
2015-12-30,160.0,161.87,159.6,159.93,3927881
2015-12-31,159.67,162.53,156.77,161.17,6598664
2016-01-01,159.93,162.27,158.73,161.67,2771977
2016-01-04,160.67,163.2,157.1,158.7,3125131
2016-01-05,160.0,162.83,159.37,161.23,3646312
2016-01-06,161.33,161.53,156.43,158.37,3007210
2016-01-07,154.0,155.93,149.37,151.07,7609385
2016-01-08,152.0,154.53,150.43,153.43,6898318
2016-01-11,150.67,151.5,148.1,150.33,6413395
2016-01-12,149.33,149.53,146.67,147.57,5543672
2016-01-13,148.67,149.3,145.03,148.8,5384575
2016-01-14,147.3,150.33,144.4,148.83,6523576
2016-01-15,149.6,149.6,145.2,146.3,4512581
2016-01-18,144.67,145.33,140.83,142.93,5734034
2016-01-19,143.73,146.27,141.0,145.33,3797908
2016-01-20,142.73,143.4,139.47,142.2,6518908
2016-01-21,142.43,143.17,137.3,138.2,8879593
2016-01-22,141.3,144.67,139.87,144.17,7253737
2016-01-25,146.93,147.5,144.37,146.43,4864043
2016-01-27,146.47,147.83,144.67,145.6,6744064
2016-01-28,145.33,147.2,143.5,146.6,8761006
2016-01-29,147.53,151.9,147.33,150.83,12759739
2016-02-01,151.87,151.87,147.7,150.03,3822740
2016-02-02,148.13,149.6,143.6,144.37,6900479
2016-02-03,142.47,144.67,140.2,142.03,4843966
2016-02-04,145.27,147.0,144.17,146.67,6016540
2016-02-05,146.87,147.9,145.03,146.63,5710669
2016-02-08,146.67,146.8,141.1,142.7,2764109
2016-02-09,140.6,146.37,140.33,145.43,3651745
2016-02-10,142.57,144.0,140.53,142.33,4066759
2016-02-11,142.53,142.6,133.37,135.43,8787047
2016-02-12,133.33,133.33,125.17,128.83,10102654
2016-02-15,132.4,134.13,129.77,133.57,7157804
2016-02-16,135.77,137.4,132.07,133.3,10491013
2016-02-17,133.33,134.67,131.47,133.57,7290019
2016-02-18,135.77,140.4,135.33,139.4,7799662
2016-02-19,137.97,141.4,137.33,140.77,5419069
2016-02-22,141.33,143.4,140.47,142.93,3601841
2016-02-23,143.8,145.2,141.23,143.07,3593366
2016-02-24,141.87,141.87,138.8,139.6,2618155
2016-02-25,141.6,145.2,139.73,144.17,5778484
2016-02-26,144.93,145.7,142.73,144.03,4205824
2016-02-29,144.83,147.4,128.33,129.4,23809856
2016-03-01,129.27,129.27,125.7,127.67,23118146
2016-03-02,129.6,131.53,128.07,129.97,15524956
2016-03-03,131.0,133.9,129.17,131.47,16866744
2016-03-04,133.27,136.27,132.67,133.8,22523044
2016-03-08,135.17,137.57,134.0,134.57,12258796
2016-03-09,134.67,137.33,134.2,136.83,7688815
2016-03-10,139.3,139.3,136.23,137.13,13467872
2016-03-11,138.4,138.4,134.8,136.73,14262115
2016-03-14,138.33,139.33,137.17,138.83,7498646
2016-03-15,137.33,138.6,136.7,138.27,5504455
2016-03-16,138.2,139.17,136.6,137.67,5188654
2016-03-17,139.03,143.27,139.0,141.5,8394323
2016-03-18,142.5,143.33,141.67,143.07,6776230
2016-03-21,142.67,145.0,142.0,144.43,5801744
2016-03-22,144.43,146.1,143.33,144.07,6610556
2016-03-23,144.27,145.17,141.27,143.07,5978227
2016-03-28,144.33,145.8,141.6,142.63,7205974
2016-03-29,143.97,144.0,140.47,141.5,5003185
2016-03-30,142.0,146.0,141.53,145.27,5849822
2016-03-31,143.13,145.03,141.43,142.73,18261628
2016-04-01,143.0,143.3,138.73,139.2,10266194
2016-04-04,138.97,139.1,136.37,138.2,5494027
2016-04-05,137.33,139.0,136.03,137.0,4906771
2016-04-06,137.8,138.67,136.0,137.4,4317508
2016-04-07,139.37,139.67,137.8,138.5,5045077
2016-04-08,138.53,139.63,137.1,137.43,2418253
2016-04-11,139.07,139.5,136.8,138.4,5192644
2016-04-12,138.57,141.77,138.1,140.9,6343279
2016-04-13,143.33,143.6,141.87,142.23,6437621
2016-04-18,141.17,141.17,137.4,138.37,4950200
2016-04-20,139.27,140.47,138.7,139.9,4820408
2016-04-21,141.43,142.97,141.17,141.97,7037138
2016-04-22,143.93,144.9,141.77,144.07,4497202
2016-04-25,144.3,144.3,141.13,141.53,2813825
2016-04-26,141.47,143.73,140.63,142.87,4140094
2016-04-27,144.0,149.17,143.93,147.87,10536442
2016-04-28,148.2,150.27,143.5,144.57,11597840
2016-04-29,145.37,147.17,143.73,144.83,6088466
2016-05-02,145.33,147.27,144.0,145.17,4911860
2016-05-03,146.03,146.47,142.0,143.53,5806391
2016-05-04,143.2,143.53,140.0,140.43,4247746
2016-05-05,141.3,142.17,140.0,140.33,4590194
2016-05-06,140.37,140.43,138.07,138.97,3327823
2016-05-09,139.93,141.67,139.4,141.07,4008649
2016-05-10,141.3,141.3,137.53,138.6,3924151
2016-05-11,137.97,137.97,135.4,136.83,5481086
2016-05-12,138.73,138.97,136.5,137.53,7061336
2016-05-13,137.3,137.3,134.67,135.83,7262069
2016-05-16,136.27,136.6,133.33,135.07,10092505
2016-05-17,137.07,141.33,136.73,140.17,14657428
2016-05-18,140.2,143.53,139.73,142.83,8832224
2016-05-19,142.0,142.17,139.47,140.03,6740377
2016-05-20,141.2,143.1,140.3,142.07,4576982
2016-05-23,142.8,143.0,138.33,138.77,5845633
2016-05-24,139.0,139.13,136.37,137.77,4087501
2016-05-25,139.13,140.5,138.77,140.1,3108448
2016-05-26,140.67,147.43,140.47,144.03,13519850
2016-05-27,145.33,145.93,141.2,142.0,10044086
2016-05-30,142.67,143.8,142.0,142.3,4589129
2016-05-31,143.33,143.67,139.87,140.5,8791201
2016-06-01,140.93,142.2,140.07,140.43,4521806
2016-06-02,140.33,142.57,139.43,141.87,4079509
2016-06-03,142.53,143.0,140.73,141.23,4345934
2016-06-06,141.8,142.23,140.2,140.53,3665348
2016-06-07,141.33,142.63,141.17,141.97,5568472
2016-06-08,143.0,144.83,142.67,143.83,5491937
2016-06-09,144.7,148.2,144.67,147.1,10532686
2016-06-10,146.67,148.47,144.67,145.47,4451983
2016-06-13,144.0,144.27,141.67,142.17,2914852
2016-06-14,142.63,143.2,140.8,141.87,3050000
2016-06-15,142.2,143.0,141.7,142.47,2865533
2016-06-16,142.0,142.03,140.37,141.13,3296191
2016-06-17,141.77,141.83,140.13,140.5,4717604
2016-06-20,140.43,143.5,140.23,142.57,5253388
2016-06-21,143.87,145.47,143.33,145.03,4754095
2016-06-22,144.97,146.27,144.0,145.57,4300168
2016-06-23,145.33,146.37,142.8,145.67,4451146
2016-06-24,142.4,142.6,138.0,139.6,6098569
2016-06-27,138.67,141.57,138.47,140.1,3541858
2016-06-28,140.0,141.23,139.67,140.9,3242284
2016-06-29,141.83,143.43,141.4,143.17,3248849
2016-06-30,143.87,146.33,143.33,144.2,7536646
2016-07-01,144.6,153.2,144.3,150.0,8428420
2016-07-04,153.0,156.87,153.0,154.7,16861304
2016-07-05,153.73,157.6,152.37,153.83,6551590
2016-07-07,153.83,154.57,150.77,151.07,5971877
2016-07-08,150.0,150.2,148.17,148.87,3248257
2016-07-11,150.0,151.73,149.03,150.0,6210182
2016-07-12,150.07,152.97,150.07,151.93,4319642
2016-07-13,155.77,161.03,154.77,156.1,17397436
2016-07-14,156.27,156.5,152.73,153.7,9416404
2016-07-15,154.07,154.87,152.37,153.5,8673332
2016-07-18,152.67,152.67,144.73,145.73,11088224
2016-07-19,145.0,148.33,144.67,147.33,10601104
2016-07-20,147.33,149.6,146.5,149.27,9715894
2016-07-21,149.87,151.17,148.0,148.4,4614313
2016-07-22,148.6,149.1,147.2,148.3,4734196
2016-07-25,147.87,151.47,147.8,151.2,5161390
2016-07-26,151.27,153.07,148.73,149.57,6075611
2016-07-27,149.47,151.67,146.7,148.83,3982969
2016-07-28,148.83,150.2,147.07,147.57,12199316
2016-07-29,148.0,149.23,146.43,146.73,4943548
2016-08-01,148.2,148.97,145.33,145.87,4868153
2016-08-02,145.83,147.93,145.07,147.4,5714404
2016-08-03,148.0,148.6,145.33,145.83,6926821
2016-08-04,149.27,149.27,145.77,146.57,5368087
2016-08-05,147.33,151.13,146.87,150.63,4722490
2016-08-08,150.93,151.33,149.43,150.73,3995137
2016-08-09,152.53,153.23,151.4,152.67,11431886
2016-08-10,152.67,154.0,151.0,152.7,10287928
2016-08-11,152.5,154.6,151.5,154.27,9320215
2016-08-12,154.87,156.27,153.2,155.73,5870230
2016-08-16,156.67,157.57,154.87,156.8,5039549
2016-08-17,156.93,158.93,156.17,158.53,5430908
2016-08-18,158.87,161.43,158.33,160.9,5751254
2016-08-19,161.53,162.33,160.37,161.07,5606353
2016-08-22,161.07,162.6,158.87,159.57,3785410
2016-08-23,158.33,159.8,157.73,158.93,5012450
2016-08-24,159.87,162.0,159.5,160.67,3600733
2016-08-25,161.0,161.83,158.0,158.53,4189736
2016-08-26,158.73,159.23,157.33,158.93,2902111
2016-08-29,158.93,159.67,157.83,158.2,2465332
2016-08-30,159.03,161.67,158.13,161.13,4245724
2016-08-31,159.33,160.8,156.77,157.53,9766925
2016-09-01,158.0,159.43,156.73,157.73,4602482
2016-09-02,158.0,160.1,156.77,159.17,4273123
2016-09-06,159.83,161.13,158.67,159.03,3884561
2016-09-07,159.47,164.2,158.87,163.3,17504218
2016-09-08,166.67,169.93,162.73,164.2,15232855
2016-09-09,164.67,171.67,164.67,169.97,17437126
2016-09-12,166.67,168.57,165.47,167.33,7995680
2016-09-14,166.7,168.4,163.47,165.47,8058134
2016-09-15,166.7,166.87,163.4,165.67,3706279
2016-09-16,166.27,168.67,165.33,166.87,12910043
2016-09-19,167.17,170.33,166.87,169.43,6271972
2016-09-20,169.67,173.6,168.83,171.83,12886207
2016-09-21,171.33,173.0,169.13,170.23,6438340
2016-09-22,172.6,174.1,172.0,173.0,8053006
2016-09-23,172.7,175.57,172.3,173.7,7589789
2016-09-26,173.0,173.67,165.43,166.37,13915598
2016-09-27,166.6,167.87,164.23,165.03,10949966
2016-09-28,165.33,168.27,163.6,167.77,9666958
2016-09-29,170.67,172.0,165.5,166.77,14336461
2016-09-30,167.6,171.57,166.4,171.1,9438718
2016-10-03,171.33,174.63,168.27,173.5,6960220
2016-10-04,174.67,183.27,174.23,182.37,17825014
2016-10-05,182.67,183.5,177.1,177.77,9426820
2016-10-06,179.33,182.3,177.33,179.43,9511054
2016-10-07,180.27,182.47,177.8,178.23,11598677
2016-10-10,179.6,180.0,175.7,177.97,7032377
2016-10-13,178.93,183.27,176.83,181.83,14122951
2016-10-14,182.67,186.13,181.2,184.7,9532546
2016-10-17,184.7,186.67,183.7,185.63,7432577
2016-10-18,186.13,187.33,183.1,184.33,7430623
2016-10-19,184.67,186.93,184.27,185.7,7137428
2016-10-20,187.27,188.77,185.37,187.57,6078449
2016-10-21,187.33,187.37,184.03,186.53,3639472
2016-10-24,186.7,195.77,185.67,194.9,15753548
2016-10-25,195.33,195.8,191.73,192.5,11650040
2016-10-26,192.33,195.23,190.87,193.4,6344125
2016-10-27,194.67,198.27,189.4,193.87,24448256
2016-10-28,195.3,196.3,190.53,191.27,10070332
2016-10-30,192.7,193.33,192.0,192.8,1097660
2016-11-01,193.53,193.53,187.87,192.77,11064356
2016-11-02,190.0,190.53,183.83,184.83,14774770
2016-11-03,182.43,182.67,178.0,178.37,10778123
2016-11-04,178.53,181.3,176.67,179.67,7203463
2016-11-07,182.0,182.67,177.57,178.13,4419260
2016-11-08,178.93,181.13,176.9,180.4,5654563
2016-11-09,168.13,180.67,166.67,179.93,7471795
2016-11-10,182.0,186.3,180.8,184.0,5849239
2016-11-11,182.0,185.87,180.07,182.3,6617525
2016-11-15,180.17,190.97,179.67,183.73,12179968
2016-11-16,186.0,189.73,180.73,181.6,8986996
2016-11-17,180.83,185.33,180.13,182.17,5879165
2016-11-18,182.3,185.17,182.3,183.4,6513859
2016-11-21,183.73,185.47,181.77,184.03,7038115
2016-11-22,187.3,189.0,183.4,185.27,8852827
2016-11-23,186.0,187.63,184.0,186.6,6432656
2016-11-24,186.67,187.8,183.4,184.83,7236182
2016-11-25,184.5,186.57,183.6,184.97,4391635
2016-11-28,183.53,190.33,183.03,189.33,6170168
2016-11-29,189.5,191.87,187.53,189.87,6467512
2016-11-30,189.33,194.13,188.43,192.6,10633435
2016-12-01,196.67,199.07,194.0,194.77,12753523
2016-12-02,195.8,197.2,193.6,194.17,7668508
2016-12-05,192.8,197.77,192.8,196.93,5358344
2016-12-06,198.2,199.83,197.77,199.17,6281909
2016-12-07,199.93,200.3,197.47,198.07,6324725
2016-12-08,198.7,202.93,198.7,202.2,7229704
2016-12-09,202.77,205.2,202.73,204.53,5012332
2016-12-12,206.67,209.73,206.67,207.63,7390621
2016-12-13,209.3,209.3,205.83,208.0,11867765
2016-12-14,206.77,207.63,202.73,203.53,14303528
2016-12-15,202.8,208.6,201.35,206.45,10011138
2016-12-16,207.7,207.95,200.8,201.7,6046045
2016-12-19,203.1,203.4,200.1,201.4,6134651
2016-12-20,201.4,201.45,197.5,199.85,4487663
2016-12-21,200.6,202.35,199.65,201.5,4699901
2016-12-22,200.9,200.9,194.1,194.9,5073928
2016-12-23,196.95,197.25,192.5,192.95,5637468
2016-12-26,192.0,192.75,188.15,189.0,4468708
2016-12-27,190.0,190.9,187.7,190.3,4972743
2016-12-28,189.5,192.1,189.25,189.9,4245082
2016-12-29,190.0,193.75,189.95,191.6,13079156
2016-12-30,192.7,193.35,190.25,191.35,3664012
2017-01-02,191.8,193.0,191.35,192.25,2690448
2017-01-03,193.4,193.75,191.15,192.5,4764310
2017-01-04,193.5,196.75,192.1,194.8,7507779
2017-01-05,195.3,200.25,195.3,199.65,6831388
2017-01-06,200.0,206.95,200.0,202.55,8399536
2017-01-09,203.95,204.95,197.1,198.0,4783989
2017-01-10,198.9,203.0,197.7,198.45,6865373
2017-01-11,198.6,200.0,197.3,197.65,3657809
2017-01-12,198.5,201.7,198.5,199.55,7180398
2017-01-13,203.0,203.95,200.05,201.3,7173268
2017-01-16,201.0,201.8,198.05,198.35,4070898
2017-01-17,199.0,199.65,193.0,194.8,4631529
2017-01-18,195.5,198.4,193.75,198.0,9444964
2017-01-19,197.85,201.45,196.85,200.85,11378619
2017-01-20,200.85,202.0,195.45,197.3,7834336
2017-01-23,197.3,201.8,197.3,199.9,5350419
2017-01-24,201.15,202.2,199.35,201.6,3600754
2017-01-25,201.95,205.7,201.95,204.9,11413512
2017-01-27,206.0,208.0,203.15,204.5,5089894
2017-01-30,204.5,205.45,200.8,201.85,4594038
2017-01-31,210.0,211.8,201.0,202.55,39669868
2017-02-01,203.0,205.0,199.5,200.2,11271144
2017-02-02,201.0,204.5,200.4,200.85,8549969
2017-02-03,201.7,203.2,200.55,200.95,4940894
2017-02-06,202.8,202.85,198.75,199.0,5926274
2017-02-07,198.0,199.5,192.65,193.3,10805646
2017-02-08,194.0,196.0,192.55,194.4,7106853
2017-02-09,195.45,196.2,192.45,192.9,6092204
2017-02-10,194.0,195.45,193.1,193.65,6287846
2017-02-13,194.3,194.5,190.8,192.25,4083916
2017-02-14,193.0,196.2,191.85,195.7,7785934
2017-02-15,195.9,197.8,194.15,194.95,5793110
2017-02-16,196.05,196.3,193.75,194.1,3343438
2017-02-17,195.0,195.2,193.5,194.4,3230898
2017-02-20,194.7,196.2,192.25,195.3,8954741
2017-02-21,195.75,196.75,194.5,196.25,3280290
2017-02-22,198.0,198.5,195.1,195.6,5671343
2017-02-23,195.9,197.6,194.35,196.0,20504596
2017-02-27,197.0,198.0,193.8,194.7,7881156
2017-02-28,197.1,197.3,192.65,193.55,10367585
2017-03-01,196.7,196.7,193.4,193.85,11243767
2017-03-02,194.8,194.9,192.15,192.7,6978509
2017-03-03,192.35,193.5,191.6,193.05,4294857
2017-03-06,193.5,194.75,193.0,193.8,3847930
2017-03-07,194.0,196.95,193.5,196.4,7768654
2017-03-08,197.0,197.2,192.3,192.95,6553289
2017-03-09,191.5,191.7,189.1,189.65,6323875
2017-03-10,189.7,192.45,188.3,191.6,7822853
2017-03-14,194.6,194.6,191.5,191.9,8850096
2017-03-15,191.3,192.95,190.5,190.7,4219974
2017-03-16,193.0,193.6,191.25,191.8,6732778
2017-03-17,192.0,192.4,189.45,190.0,7462534
2017-03-20,190.05,191.7,189.7,190.85,5070076
2017-03-21,191.0,194.45,191.0,194.05,6715278
2017-03-22,192.5,193.9,191.0,192.5,4960436
2017-03-23,193.55,194.5,192.75,193.6,4208188
2017-03-24,193.35,193.4,191.35,191.9,9289757
2017-03-27,191.8,192.0,188.5,188.9,4780041
2017-03-28,189.7,190.0,186.3,186.9,9790503
2017-03-29,187.9,188.1,186.4,186.95,9676087
2017-03-30,187.05,188.25,183.0,183.9,14882692
2017-03-31,184.9,186.3,184.2,185.0,8217678
2017-04-03,185.2,186.35,184.8,185.8,4802523
2017-04-05,186.35,186.7,184.75,186.25,6772865
2017-04-06,186.0,188.1,185.2,187.55,7216198
2017-04-07,187.75,188.45,185.65,186.4,8049423
2017-04-10,187.3,187.75,186.2,186.45,3953031
2017-04-11,187.6,188.4,186.85,187.85,7982429
2017-04-12,188.05,188.7,185.75,186.7,4050669
2017-04-13,187.0,187.3,184.35,184.8,3338347
2017-04-17,185.4,185.4,182.5,183.1,3070001
2017-04-18,183.35,184.4,180.5,180.95,3358340
2017-04-19,181.0,181.95,179.2,179.85,4198156
2017-04-20,181.15,183.4,178.5,179.1,9102962
2017-04-21,180.1,182.05,179.7,180.25,4117134
2017-04-24,180.5,182.2,180.5,181.45,4311732
2017-04-25,182.4,182.45,180.45,181.5,5784684
2017-04-26,181.6,181.8,179.8,180.1,4850265
2017-04-27,180.7,180.8,178.3,179.1,7471812
2017-04-28,180.0,187.15,179.4,186.55,10789077
2017-05-02,188.0,193.9,187.65,192.4,17143828
2017-05-03,193.95,194.75,190.65,191.1,6245067
2017-05-04,192.0,192.45,188.4,188.9,4432281
2017-05-05,188.5,188.6,182.25,183.8,8117137
2017-05-08,184.6,188.2,184.0,185.95,5592129
2017-05-09,186.9,187.75,185.5,186.1,4713977
2017-05-10,186.95,188.45,185.6,187.95,4038348
2017-05-11,189.1,190.25,183.1,183.6,10796830
2017-05-12,184.75,186.4,184.0,184.85,6242350
2017-05-15,187.3,188.3,186.15,186.75,5766195
2017-05-16,187.45,187.5,184.6,185.15,6960470
2017-05-17,185.2,186.65,183.9,184.5,6074714
2017-05-18,184.4,184.4,180.5,180.9,4628258
2017-05-19,181.9,182.65,179.15,180.05,5853904
2017-05-22,181.05,181.6,176.6,177.15,5558525
2017-05-23,177.9,177.9,173.7,174.65,5162996
2017-05-24,174.3,176.25,172.9,173.7,6540417
2017-05-25,174.8,175.65,173.5,174.15,8230189
2017-05-26,174.7,177.5,174.3,175.75,6460263
2017-05-29,174.5,177.3,171.2,175.75,6629243
2017-05-30,175.1,179.35,173.1,178.65,6532975
2017-05-31,178.55,178.55,175.25,177.0,10715866
2017-06-01,176.9,176.9,172.6,174.0,8676208
2017-06-02,174.9,175.45,173.1,174.0,4039371
2017-06-05,174.35,178.5,174.1,175.75,5836542
2017-06-06,176.0,176.0,171.1,171.45,6437174
2017-06-07,171.5,174.0,171.5,172.05,7404338
2017-06-08,171.25,171.7,169.0,170.55,5798852
2017-06-09,171.05,171.25,167.8,169.2,6859186
2017-06-12,169.5,170.5,168.15,168.5,4382264
2017-06-13,169.1,169.75,167.85,169.1,5988071
2017-06-14,169.2,170.05,168.15,169.5,5698882
2017-06-15,170.05,170.9,166.8,167.15,8396153
2017-06-16,166.5,167.9,165.85,167.15,9457498
2017-06-19,167.5,167.8,164.6,166.05,5175569
2017-06-20,167.0,170.35,165.8,169.1,6212122
2017-06-21,168.2,168.45,164.35,164.8,8411843
2017-06-22,164.8,165.15,160.05,160.45,8856235
2017-06-23,161.2,161.35,157.3,158.1,4803636
2017-06-27,158.95,160.85,155.2,159.95,7105195
2017-06-28,161.05,161.45,157.5,158.1,7419236
2017-06-29,159.8,160.95,157.25,157.85,8800016
2017-06-30,157.8,158.8,156.3,157.3,5746101
2017-07-03,157.4,159.5,155.9,159.1,6622621
2017-07-04,159.5,161.75,159.0,159.9,5371351
2017-07-05,160.4,163.5,159.95,162.8,5605189
2017-07-06,162.8,163.4,160.1,161.7,7115526
2017-07-07,161.5,162.0,159.1,159.6,5247930
2017-07-10,165.0,165.0,159.0,162.4,1406791
2017-07-11,162.55,163.4,160.0,160.25,7988251
2017-07-12,161.05,165.9,161.05,162.85,12966188
2017-07-13,164.1,164.1,158.6,158.9,9072801
2017-07-14,159.5,160.05,157.65,158.35,7114944
2017-07-17,160.0,160.9,158.8,160.05,6649645
2017-07-18,160.5,162.0,159.4,161.7,5319994
2017-07-19,162.05,163.5,159.8,163.0,9814913
2017-07-20,162.2,167.85,162.1,165.85,16154989
2017-07-21,166.45,166.6,163.6,164.35,7090770
2017-07-24,165.0,165.0,161.7,163.25,10394896
2017-07-25,163.5,163.8,161.75,163.3,6521103
2017-07-26,164.25,164.6,163.4,164.0,9143178
2017-07-27,165.0,165.0,162.0,162.9,12361923
2017-07-28,161.6,165.5,160.25,164.75,10303502
2017-07-31,165.0,170.0,165.0,169.4,13899095
2017-08-01,170.25,170.3,166.8,167.4,6705176
2017-08-02,167.5,167.5,164.1,165.4,7743355
2017-08-03,165.0,166.75,163.15,165.7,6902925
2017-08-04,165.5,167.3,163.6,166.4,6316753
2017-08-07,166.0,167.05,165.1,165.9,3289743
2017-08-08,165.95,166.3,162.5,164.0,5981069
2017-08-09,163.8,166.2,162.5,165.7,5908883
2017-08-10,164.5,165.6,162.15,163.7,8412268
2017-08-11,161.55,162.0,158.5,159.65,5471462
2017-08-14,160.3,162.3,160.0,161.7,3892174
2017-08-16,161.7,161.75,159.5,160.95,6213088
2017-08-17,160.85,161.65,160.0,160.6,5184915
2017-08-18,160.1,161.65,159.5,160.9,5559512
2017-08-21,161.45,164.55,156.4,157.15,11137965
2017-08-22,158.0,160.4,157.5,159.45,5611720
2017-08-23,160.4,160.75,159.25,159.7,2344934
2017-08-24,160.4,160.4,159.05,159.45,3724532
2017-08-28,160.4,161.4,159.6,160.6,3680139
2017-08-29,160.0,160.0,157.0,157.25,7756416
2017-08-30,158.4,159.1,157.65,158.4,5219322
2017-08-31,160.6,160.65,156.05,156.95,16715886
2017-09-01,158.0,160.4,157.3,159.95,6511029
2017-09-04,160.4,162.3,159.1,161.8,4859269
2017-09-05,163.0,163.65,161.4,162.8,5823055
2017-09-06,162.4,163.8,161.9,162.3,3791076
2017-09-07,163.2,163.2,161.6,162.3,9101357
2017-09-08,162.4,163.3,159.35,161.85,10505052
2017-09-11,162.3,163.9,161.0,163.05,9449161
2017-09-12,163.1,163.5,161.5,162.3,10536298
2017-09-13,162.1,162.8,160.85,161.05,7006941
2017-09-14,161.5,162.5,158.25,159.35,15371676
2017-09-15,159.5,167.85,159.0,166.75,25453536
2017-09-18,167.05,167.95,164.8,165.2,8383548
2017-09-19,163.8,166.55,163.75,165.9,7052113
2017-09-20,167.0,170.9,164.5,167.7,12062311
2017-09-21,167.7,168.2,163.75,165.9,7198883
2017-09-22,165.3,165.3,163.3,164.45,10308999
2017-09-25,163.9,165.3,161.05,164.8,8935570
2017-09-26,166.1,172.5,166.1,171.4,19866212
2017-09-27,172.05,173.05,169.65,170.2,7437060
2017-09-28,169.25,173.35,166.75,171.55,14120709
2017-09-29,171.8,174.35,170.0,170.95,6418518
2017-10-03,174.0,174.05,170.0,170.65,5604933
2017-10-04,170.75,172.8,170.1,172.1,5087199
2017-10-05,172.7,172.7,170.8,171.2,3767993
2017-10-06,171.8,174.7,171.5,173.85,6144349
2017-10-09,173.4,173.45,170.4,170.7,2981922
2017-10-10,171.0,172.15,169.1,170.35,3112910
2017-10-11,171.4,172.15,168.0,169.15,4202871
2017-10-12,169.7,170.6,167.75,169.7,4877955
2017-10-13,169.15,170.35,168.3,169.65,5190805
2017-10-16,170.45,172.9,170.05,172.05,5054731
2017-10-17,171.15,172.0,170.0,171.2,6819547
2017-10-18,171.0,174.95,170.5,174.45,7869107
2017-10-19,175.0,175.5,171.3,172.05,1215089
2017-10-23,172.9,173.4,170.55,171.7,4126469
2017-10-24,171.5,177.25,171.05,176.0,10817861
2017-10-25,177.95,178.3,175.55,176.85,6103342
2017-10-26,176.45,180.0,175.9,177.35,15326252
2017-10-27,177.9,184.9,177.2,184.0,9866477
2017-10-30,188.0,191.35,186.0,186.6,16606395
2017-10-31,186.4,192.0,184.6,191.1,10698129
2017-11-01,192.0,193.2,190.1,191.0,5341109
2017-11-02,191.0,192.2,187.55,188.0,4024181
2017-11-03,187.15,192.4,186.0,191.85,7942915
2017-11-06,192.85,200.45,191.1,199.25,16363370
2017-11-07,202.5,205.5,192.9,193.8,20559836
2017-11-08,195.0,195.7,191.0,192.55,6275377
2017-11-09,193.95,195.0,185.85,189.6,7527346
2017-11-10,190.0,192.65,188.35,191.1,6035746
2017-11-13,189.95,190.3,183.55,184.2,6894203
2017-11-14,184.9,185.1,181.35,182.0,4663077
2017-11-15,180.6,181.4,175.8,177.55,7701984
2017-11-16,182.5,182.65,177.1,179.15,7245718
2017-11-17,182.4,183.5,177.2,177.6,6851616
2017-11-20,178.7,180.45,177.7,180.0,4004561
2017-11-21,180.9,182.0,178.2,180.9,5170506
2017-11-22,181.2,182.75,180.0,181.3,3217008
2017-11-23,181.9,182.75,180.5,181.7,3511238
2017-11-24,182.5,182.6,180.4,181.0,2358579
2017-11-27,182.35,184.45,181.55,184.05,6930971
2017-11-28,183.3,183.7,180.0,181.25,10710188
2017-11-29,181.0,184.25,181.0,182.45,5407391
2017-11-30,181.0,182.0,179.45,180.65,9645385
2017-12-01,182.0,183.1,179.0,179.65,3451636
2017-12-04,181.25,183.8,180.85,181.6,6347567
2017-12-05,180.1,180.7,177.3,178.4,4550575
2017-12-06,178.4,179.2,175.4,175.85,4194219
2017-12-07,175.55,177.35,175.35,177.05,4373514
2017-12-08,177.5,181.4,177.45,180.25,4832733
2017-12-11,181.95,181.95,177.7,178.9,2310668
2017-12-12,180.4,184.2,180.2,183.3,6983526
2017-12-13,183.7,187.0,183.1,183.9,11488267
2017-12-14,185.95,186.7,182.4,184.35,5885128
2017-12-15,185.15,186.1,182.3,183.0,7297568
2017-12-18,183.0,183.9,177.0,183.05,4785160
2017-12-19,183.05,186.0,183.0,185.2,4240135
2017-12-20,190.7,191.1,187.5,188.0,8877376
2017-12-21,188.9,189.6,187.1,188.0,3893100
2017-12-22,188.7,193.8,187.75,193.4,8914713
2017-12-26,194.85,197.15,192.7,193.7,11345494
2017-12-27,195.3,196.0,191.35,192.6,7260402
2017-12-28,193.15,194.4,192.05,193.0,12772109
2017-12-29,194.0,195.9,192.5,195.2,5899591
2018-01-01,195.2,195.7,192.0,192.35,5899565
2018-01-02,195.75,197.5,195.0,196.85,12878378
2018-01-03,197.4,197.4,193.0,193.45,8032715
2018-01-04,195.3,200.0,195.2,199.5,12740860
2018-01-05,200.95,200.95,196.3,198.45,6812787
2018-01-08,198.0,199.9,196.7,197.4,4858711
2018-01-09,198.5,199.0,196.5,197.0,4598757
2018-01-10,198.3,200.0,197.25,197.9,7673209
2018-01-11,198.0,199.7,197.0,197.9,5701402
2018-01-12,198.9,201.95,197.65,200.75,9291346
2018-01-15,199.5,200.35,196.0,196.6,4500523
2018-01-16,197.6,198.25,195.0,197.2,5778244
2018-01-17,196.3,198.65,194.1,195.7,6306388
2018-01-18,196.4,197.5,193.25,194.1,6247782
2018-01-19,194.15,196.15,192.0,193.7,5046015
2018-01-22,198.0,205.95,198.0,200.7,23165754
2018-01-23,202.0,208.7,200.4,207.35,15755015
2018-01-24,209.2,212.0,208.0,210.85,16132441
2018-01-25,212.4,212.85,207.1,208.5,10247173
2018-01-29,208.0,208.45,204.25,205.15,7620080
2018-01-30,203.85,208.0,203.5,204.8,7323876
2018-01-31,203.0,204.6,198.8,203.45,11990243
2018-02-01,204.05,207.05,194.0,194.9,10015459
2018-02-02,194.0,197.75,188.0,192.7,12239774
2018-02-05,192.4,192.45,188.0,188.75,7607002
2018-02-06,182.0,187.0,180.1,185.45,5935676
2018-02-07,188.05,191.5,187.0,190.0,8644010
2018-02-08,190.0,191.6,188.0,188.7,4540513
2018-02-09,187.4,190.2,184.6,187.35,7314145
2018-02-12,192.0,194.5,190.35,191.0,14960914
2018-02-14,191.0,192.0,184.3,185.75,4960527
2018-02-15,187.1,189.0,185.0,188.3,5046557
2018-02-16,187.6,189.3,186.5,186.9,4167034
2018-02-19,187.4,187.4,181.85,185.3,4265576
2018-02-20,185.8,188.5,184.8,187.0,5328584
2018-02-21,188.0,190.8,184.7,190.15,4651807
2018-02-22,187.5,188.4,185.25,186.1,8629189
2018-02-23,187.05,190.85,186.5,189.8,4880302
2018-02-26,190.35,191.95,189.5,190.35,2721955
2018-02-27,191.0,194.35,186.1,188.5,6611097
2018-02-28,187.7,190.2,186.3,188.3,6147245
2018-03-01,187.9,190.2,187.35,189.7,3450224
2018-03-05,189.0,189.4,184.2,185.55,5082390
2018-03-06,186.5,186.9,184.5,185.4,2906142
2018-03-07,185.0,185.25,178.8,181.5,4482279
2018-03-08,182.0,182.7,179.4,180.15,3288627
2018-03-09,180.3,182.95,179.5,179.9,2053847
2018-03-12,180.9,184.3,179.0,183.85,4161129
2018-03-13,182.4,184.2,181.55,183.6,2457755
2018-03-14,182.8,184.1,179.75,180.6,4846612
2018-03-15,181.1,181.4,178.75,180.3,5145739
2018-03-16,180.3,180.45,176.1,177.15,8194541
2018-03-19,177.7,178.4,176.15,176.85,5782668
2018-03-20,176.4,177.75,173.6,174.1,3020586
2018-03-21,175.7,177.3,173.65,175.55,4055822
2018-03-22,177.0,181.7,176.55,178.9,8348549
2018-03-23,176.2,179.55,176.15,177.4,6884971
2018-03-26,179.45,179.45,176.0,178.9,4169998
2018-03-27,180.55,181.1,177.25,179.6,3823981
2018-03-28,178.5,179.0,176.1,177.8,6229049
2018-04-02,179.1,180.9,178.4,179.95,2235832
2018-04-03,177.7,179.2,176.4,177.5,3552271
2018-04-04,178.5,178.5,174.7,175.4,3353172
2018-04-05,176.5,177.9,175.45,177.45,5375271
2018-04-06,179.35,179.35,176.4,176.95,3633964
2018-04-09,177.1,179.15,176.3,178.4,4046065
2018-04-10,179.4,180.6,178.2,180.2,5180326
2018-04-11,181.5,185.4,180.35,182.15,11607043
2018-04-12,183.15,184.0,181.0,181.75,4277125
2018-04-13,181.8,183.5,181.1,182.5,3050131
2018-04-16,182.2,182.35,179.8,181.5,2308502
2018-04-17,181.75,182.1,179.3,180.8,2721706
2018-04-18,181.05,182.95,181.0,182.1,3279393
2018-04-19,183.25,186.25,181.75,183.95,5004280
2018-04-20,185.0,185.0,181.1,182.35,1618027
2018-04-23,183.4,183.75,179.4,181.05,3930421
2018-04-24,182.1,183.05,181.5,182.65,4080212
2018-04-25,181.6,182.45,178.7,179.45,3629856
2018-04-26,179.45,181.8,177.3,180.8,6742459
2018-04-27,180.95,183.0,179.55,180.7,4687951
2018-04-30,178.5,181.95,178.3,180.55,3335191
2018-05-02,181.5,181.5,179.25,180.05,4157973
2018-05-03,179.95,182.35,179.7,181.1,2796713
2018-05-04,181.8,185.15,179.55,180.25,5325720
2018-05-07,181.25,184.5,180.8,183.9,4799480
2018-05-08,184.85,186.15,179.45,183.1,5730645
2018-05-09,184.4,185.75,182.2,182.85,3075560
2018-05-10,184.45,189.35,183.5,188.25,10328901
2018-05-11,188.55,189.0,186.3,187.5,4926216
2018-05-14,187.5,188.5,184.85,187.25,3255344
2018-05-15,189.0,192.0,184.2,189.0,5877427
2018-05-16,188.95,188.95,175.8,186.2,8348946
2018-05-17,185.95,189.4,184.95,188.6,4519306
2018-05-18,189.0,191.75,184.6,185.05,4488003
2018-05-21,186.45,188.65,185.2,185.75,3380355
2018-05-22,186.2,188.5,184.0,185.2,3796268
2018-05-23,183.9,185.35,174.3,175.4,5590802
2018-05-24,175.6,176.1,155.15,167.7,34819272
2018-05-25,166.0,176.2,162.85,175.45,12361678
2018-05-28,175.0,178.8,173.7,175.6,8087040
2018-05-29,176.2,177.4,173.25,175.55,11015160
2018-05-30,175.4,178.5,172.7,174.0,12554659
2018-05-31,177.7,180.35,175.05,177.9,23822372
2018-06-01,176.0,176.0,170.6,173.2,9847581
2018-06-04,175.4,175.4,170.4,171.1,5294603
2018-06-05,170.5,172.3,169.2,171.2,5918946
2018-06-06,171.25,172.25,169.8,170.3,3331408
2018-06-07,170.1,173.75,170.1,172.65,5086661
2018-06-08,174.0,174.9,172.1,173.7,4323567
2018-06-11,174.05,174.3,172.5,173.3,3192749
2018-06-12,172.85,175.6,170.8,171.4,4564556
2018-06-13,170.8,172.0,168.6,170.0,5321172
2018-06-14,169.5,170.8,167.0,168.5,4188442
2018-06-15,166.4,168.3,164.55,165.45,7589493
2018-06-18,164.9,167.4,163.25,164.6,4390244
2018-06-19,165.4,166.8,163.5,164.8,4413184
2018-06-20,165.0,165.0,162.15,162.75,5768211
2018-06-21,163.7,163.7,158.25,159.7,12638114
2018-06-22,160.65,160.65,158.65,159.55,5371207
2018-06-25,160.35,160.7,156.1,156.65,5899032
2018-06-26,156.4,158.9,156.05,158.3,5960446
2018-06-27,158.35,158.85,154.45,156.25,7034207
2018-06-28,156.3,158.6,151.8,153.5,17670404
2018-06-29,155.15,159.35,154.15,158.4,7079407
2018-07-02,157.85,158.0,153.5,155.5,9196529
2018-07-03,155.05,161.6,154.7,157.7,12087830
2018-07-04,157.8,158.0,155.05,156.0,5194030
2018-07-05,156.0,157.6,154.2,156.4,6807718
2018-07-06,156.9,157.35,155.25,155.45,3633191
2018-07-09,156.0,158.4,155.2,157.4,4379183
2018-07-10,158.5,159.8,157.35,157.95,5276248
2018-07-11,158.0,158.75,156.5,158.1,6653936
2018-07-12,159.6,160.2,154.75,158.95,8165181
2018-07-13,159.05,159.05,153.6,154.1,3523600
2018-07-16,155.7,156.15,153.05,153.8,3680440
2018-07-17,153.25,156.85,152.45,156.15,3952416
2018-07-18,156.9,164.8,156.85,160.3,16571981
2018-07-19,162.7,165.2,160.8,161.75,8472466
2018-07-20,161.75,162.0,156.6,157.95,5475594
2018-07-23,158.05,158.75,154.8,156.55,4553137
2018-07-24,157.2,158.2,155.85,157.2,3943002
2018-07-25,157.75,160.75,157.25,159.05,4063454
2018-07-26,159.2,164.0,158.2,162.55,8778489
2018-07-27,162.5,162.8,160.15,161.3,3542015
2018-07-30,161.45,166.45,161.15,164.1,9599714
2018-07-31,165.8,166.75,163.0,165.7,6815180
2018-08-01,165.25,168.75,165.15,167.2,4618179
2018-08-02,169.4,170.8,165.25,166.4,7825776
2018-08-03,170.4,171.0,166.2,166.8,12172870
2018-08-06,167.1,169.7,166.8,169.25,5159560
2018-08-07,170.0,170.0,166.55,167.55,4300164
2018-08-08,167.6,172.9,167.6,172.5,7991348
2018-08-09,172.55,172.9,168.35,168.9,4437178
2018-08-10,169.4,170.9,168.15,169.25,4341382
2018-08-13,168.9,168.9,165.5,166.05,3731211
2018-08-14,166.35,167.0,164.85,166.25,3791016
2018-08-16,165.9,166.6,163.85,164.45,4184404
2018-08-17,164.5,165.0,162.5,163.05,4754545
2018-08-20,164.0,169.9,164.0,168.7,9674107
2018-08-21,169.8,171.25,166.8,170.2,5181397
2018-08-23,171.0,172.5,168.9,171.9,6635245
2018-08-24,171.0,176.5,170.8,174.75,9867693
2018-08-27,175.45,176.9,175.0,176.05,3612496
2018-08-28,176.2,178.5,173.25,174.6,5439278
2018-08-29,175.0,178.7,174.1,177.0,6288920
2018-08-30,176.9,181.9,176.15,177.45,11296260
2018-08-31,178.75,181.25,177.75,180.05,8916222
2018-09-03,180.75,180.75,176.65,177.3,3168480
2018-09-04,177.75,178.15,173.6,174.35,2874936
2018-09-05,174.15,175.0,170.75,173.7,3735722
2018-09-06,174.0,176.15,170.6,174.5,6809374
2018-09-07,175.0,175.0,171.1,171.9,5309239
2018-09-10,170.5,171.3,168.1,168.65,5569685
2018-09-11,168.7,170.0,167.4,167.8,8750333
2018-09-12,166.2,170.8,166.2,168.5,5610743
2018-09-14,169.5,173.3,168.4,172.55,4720460
2018-09-17,171.1,173.55,170.65,171.7,4012086
2018-09-18,172.35,174.6,171.75,173.9,6426239
2018-09-19,173.25,178.7,173.25,177.0,10038603
2018-09-21,177.3,181.55,176.7,180.4,9298030
2018-09-24,181.0,185.4,179.3,180.6,13799885
2018-09-25,181.95,184.65,179.4,182.3,8363857
2018-09-26,184.8,184.8,178.95,180.6,6680285
2018-09-27,181.1,181.75,175.05,175.8,7853039
2018-09-28,177.0,181.0,172.35,177.2,8598293
2018-10-01,179.3,181.1,174.65,179.0,4582462
2018-10-03,177.9,183.5,177.9,181.45,8893914
2018-10-04,180.5,182.55,163.35,172.4,7866152
2018-10-05,160.05,160.05,145.6,147.05,35255036
2018-10-08,149.0,150.85,144.7,149.8,11709162
2018-10-09,150.5,151.9,145.45,146.65,6818577
2018-10-10,146.1,151.45,146.1,148.6,10873198
2018-10-11,146.1,159.6,146.1,152.95,15633772
2018-10-12,154.7,158.35,154.05,157.4,6089606
2018-10-15,158.95,160.9,156.65,160.15,4679911
2018-10-16,161.95,167.2,161.1,165.6,8912396
2018-10-17,166.6,167.3,160.55,162.1,5347724
2018-10-19,162.5,163.75,157.0,160.45,7258192
2018-10-22,161.0,161.8,155.25,155.95,5476435
2018-10-23,155.35,157.4,150.9,155.4,8239765
2018-10-24,157.95,159.7,153.6,157.75,8342857
2018-10-25,157.0,162.8,153.05,155.35,32100452
2018-10-26,156.0,156.8,149.65,151.8,9427229
2018-10-29,152.5,155.75,150.6,154.9,5954637
2018-10-30,155.0,155.0,152.1,152.95,4156028
2018-10-31,154.0,155.0,151.4,153.25,7562821
2018-11-01,155.5,155.8,153.35,154.25,5220182
2018-11-02,155.5,158.45,155.1,157.35,7789972
2018-11-05,165.0,165.0,154.2,154.95,15261029
2018-11-06,155.95,158.2,153.8,156.05,7749980
2018-11-07,157.55,157.85,156.6,157.0,491522
2018-11-09,158.0,158.0,155.15,156.4,6478458
2018-11-12,156.95,158.4,155.35,156.05,4686739
2018-11-13,156.05,158.0,155.7,156.5,5499454
2018-11-14,157.7,163.9,157.25,161.0,15008061
2018-11-15,161.4,162.0,158.1,158.85,3468318
2018-11-16,158.0,158.0,152.8,156.35,7515249
2018-11-19,156.0,156.5,153.1,154.55,4614296
2018-11-20,154.55,155.8,152.65,153.1,5480470
2018-11-21,155.0,155.5,151.3,151.75,4573137
2018-11-22,152.5,154.3,151.65,152.25,4477092
2018-11-26,153.0,153.6,145.1,146.6,8093330
2018-11-27,147.4,147.85,144.25,146.1,9231112
2018-11-28,146.8,148.2,142.05,142.8,14201939
2018-11-29,143.9,143.9,137.65,140.6,28991042
2018-11-30,141.6,143.7,138.5,140.3,23675556
2018-12-03,140.95,143.0,140.2,142.5,8371191
2018-12-04,142.6,147.95,142.4,146.15,9753442
2018-12-05,145.95,148.1,142.4,143.7,9774733
2018-12-06,142.6,142.6,138.5,140.15,5771659
2018-12-07,140.2,141.45,138.05,139.4,10571838
2018-12-10,138.5,141.25,135.15,137.1,33096556
2018-12-11,136.0,138.95,134.75,138.1,14884397
2018-12-12,139.5,142.5,138.85,141.7,14020937
2018-12-13,143.0,144.2,141.5,143.3,11251819
2018-12-14,143.0,150.4,140.6,146.85,23355616
2018-12-17,148.0,149.9,146.1,148.25,12767531
2018-12-18,147.9,148.95,146.3,147.6,10474177
2018-12-19,147.5,148.8,147.3,148.25,7008346
2018-12-20,147.95,150.75,147.4,148.6,21204076
2018-12-21,149.0,149.3,147.6,148.5,17768000
2018-12-24,148.5,149.7,147.3,147.9,8200455
2018-12-26,148.1,149.45,145.75,146.6,9247671
2018-12-27,147.35,151.4,146.0,149.7,44356764
2018-12-28,148.2,151.5,148.0,150.5,10732729
2019-01-01,150.0,150.1,148.0,148.5,4496586
2019-01-02,148.0,148.35,145.75,147.05,17436694
2019-01-03,145.0,145.65,141.6,142.4,26599484
2019-01-04,142.05,146.2,142.05,145.7,7395898
2019-01-07,147.55,148.4,145.75,147.85,12700566
2019-01-08,149.1,149.1,146.3,147.45,6163846
2019-01-09,147.9,148.2,144.85,145.3,4951441
2019-01-10,145.9,147.0,143.0,143.25,7131028
2019-01-11,144.0,145.5,143.65,144.65,7665486
2019-01-14,145.0,145.2,142.5,143.45,6028078
2019-01-15,144.7,145.5,144.05,145.15,3680774
2019-01-16,145.2,147.25,145.2,146.35,3667241
2019-01-17,146.5,147.45,144.45,145.0,5142302
2019-01-18,145.1,147.7,145.1,146.75,4904282
2019-01-21,147.0,147.2,144.1,144.7,4087312
2019-01-22,145.5,146.0,144.05,144.35,4113351
2019-01-23,144.7,145.55,143.0,143.3,4946218
2019-01-24,143.4,143.95,141.05,141.7,3820645
2019-01-25,142.1,144.45,141.65,142.0,3871762
2019-01-28,142.5,142.95,139.65,141.65,2910523
2019-01-29,142.3,143.7,140.1,141.05,7282910
2019-01-30,141.45,141.5,138.5,139.7,8511453
2019-01-31,140.2,142.8,139.25,141.25,28107358
2019-02-01,141.0,143.3,139.8,141.8,5260578
2019-02-04,142.5,147.45,142.45,146.25,9532350
2019-02-05,146.0,148.2,142.3,142.95,5413425
2019-02-06,143.4,147.75,142.5,146.7,5075180
2019-02-07,146.9,148.3,145.5,147.9,6080631
2019-02-08,146.3,148.3,143.15,144.15,4510762
2019-02-11,143.25,143.65,137.1,138.2,6424512
2019-02-12,138.5,140.95,136.55,137.45,6816203
2019-02-13,138.75,139.5,133.1,133.4,8709694
2019-02-14,133.5,134.2,127.6,132.15,25346334
2019-02-15,138.0,140.9,133.4,135.0,37975664
2019-02-18,136.8,138.9,135.8,137.1,10614715
2019-02-19,137.2,140.35,137.2,139.15,9077045
2019-02-20,141.6,145.35,140.0,144.05,14236359
2019-02-21,145.0,148.6,144.2,146.95,13876243
2019-02-22,148.6,150.5,147.1,148.6,18273812
2019-02-25,149.0,149.35,145.7,147.75,20216076
2019-02-26,147.5,149.2,146.0,147.5,12458860
2019-02-27,148.75,149.75,146.5,148.0,11868751
2019-02-28,144.4,150.75,143.1,148.65,48854712
2019-03-01,149.9,150.2,147.85,149.1,9764801
2019-03-05,148.75,155.65,147.85,155.0,11194669
2019-03-06,155.1,157.0,152.8,154.8,15648948
2019-03-07,154.8,155.5,151.5,152.05,30210636
2019-03-08,152.1,152.6,147.0,150.4,17986042
2019-03-11,151.55,154.3,151.1,153.0,15880368
2019-03-12,154.0,155.6,151.1,151.85,10818012
2019-03-13,151.25,151.25,145.7,149.75,21001040
2019-03-14,150.0,152.5,149.5,151.05,6328309
2019-03-15,151.9,157.45,151.2,156.0,15483879
2019-03-18,155.0,157.3,153.6,154.65,7575127
2019-03-19,155.95,163.2,154.8,157.0,18289780
2019-03-20,156.65,157.05,150.6,151.85,28675956
2019-03-22,152.95,153.45,148.45,152.35,26751004
2019-03-25,152.0,160.55,150.7,158.65,22638400
2019-03-26,159.0,163.05,158.7,160.05,16694599
2019-03-27,160.15,161.4,157.5,160.1,10063152
2019-03-28,160.0,160.25,155.2,155.9,25492224
2019-03-29,157.0,162.3,155.5,159.75,28968720
2019-04-01,160.5,160.95,155.8,157.25,20605152
2019-04-02,159.2,159.7,156.4,157.5,10435568
2019-04-03,158.55,159.1,154.6,155.45,8283863
2019-04-04,155.25,156.35,153.3,155.25,10752094
2019-04-05,156.0,157.15,153.95,156.55,6797106
2019-04-08,157.8,160.25,156.55,158.1,13120469
2019-04-09,158.6,158.9,157.05,157.55,8487177
2019-04-10,156.95,159.95,156.8,158.0,9363447
2019-04-11,158.0,159.4,155.9,158.6,5279154
2019-04-12,159.0,159.65,157.25,157.6,5631030
2019-04-15,158.3,158.3,156.1,156.45,3902646
2019-04-16,156.5,161.0,155.85,160.45,8394765
2019-04-18,160.85,162.2,159.05,160.6,9606055
2019-04-22,160.7,161.5,156.9,157.9,5543020
2019-04-23,158.0,165.0,157.6,163.75,10137024
2019-04-24,165.7,170.45,165.7,168.65,33596280
2019-04-25,168.35,170.0,166.55,168.85,134264336
2019-04-26,169.5,169.95,167.9,168.4,8708111
2019-04-30,168.0,171.15,166.15,169.2,9844317
2019-05-02,169.3,172.0,168.4,168.9,22056708
2019-05-03,168.85,171.9,168.7,170.25,12720120
2019-05-06,170.0,171.7,168.15,170.15,18962836
2019-05-07,170.4,172.5,168.6,171.7,9042790
2019-05-08,171.4,171.4,167.75,168.9,8603091
2019-05-09,167.4,170.1,167.4,169.4,6869953
2019-05-10,168.4,169.4,165.7,166.3,6195094
2019-05-13,167.2,167.9,163.0,164.1,7792358
2019-05-14,162.0,165.4,160.85,164.15,7268915
2019-05-15,164.6,165.2,161.8,162.75,5412275
2019-05-16,163.4,166.9,162.0,165.95,5197438
2019-05-17,166.5,168.0,162.1,167.35,5532072
2019-05-20,170.0,176.6,169.1,176.0,7103649
2019-05-21,175.1,176.5,173.8,174.75,7135887
2019-05-22,174.85,178.0,174.15,177.0,10347293
2019-05-23,178.5,178.9,173.0,174.15,9247879
2019-05-24,174.0,175.9,168.8,174.4,9263195
2019-05-27,174.0,175.2,172.55,173.65,7461458
2019-05-28,173.15,176.4,171.6,175.3,16628505
2019-05-29,173.9,174.65,170.35,171.55,7205487
2019-05-30,172.0,172.0,167.55,169.45,21945960
2019-05-31,168.0,173.95,166.55,171.95,17113728
2019-06-03,173.0,173.2,167.5,172.15,17756360
2019-06-04,172.9,173.5,170.05,170.6,8578302
2019-06-06,170.5,172.1,168.85,169.4,14152285
2019-06-07,169.6,170.1,166.55,167.5,5052519
2019-06-10,168.1,169.0,163.2,164.65,10866149
2019-06-11,164.85,170.35,164.85,169.25,11282418
2019-06-12,168.05,171.45,166.0,170.85,9478876
2019-06-13,168.8,170.2,167.0,168.95,6678516
2019-06-14,168.95,171.0,168.45,169.3,7153585
2019-06-17,169.5,169.95,162.95,164.4,4603627
2019-06-18,164.0,166.95,163.25,166.15,5808715
2019-06-19,166.8,169.1,164.6,167.35,4625698
2019-06-20,166.3,172.75,166.3,172.0,5793816
2019-06-21,171.75,173.45,169.8,170.95,11402911
2019-06-24,171.15,171.85,164.85,165.2,6585159
2019-06-25,165.5,168.45,165.5,166.2,6697367
2019-06-26,166.1,169.15,166.1,167.55,5978575
2019-06-27,167.55,171.8,167.25,170.6,36738164
2019-06-28,170.3,171.3,166.65,167.75,5325984
2019-07-01,168.2,170.4,159.25,161.0,15160240
2019-07-02,163.0,166.25,161.5,165.65,10975678
2019-07-03,165.8,167.95,163.5,166.3,8253849
2019-07-04,166.4,168.9,166.1,167.1,8827834
2019-07-05,167.1,168.05,160.0,161.5,14509056
2019-07-08,161.45,161.5,151.05,152.4,10273814
2019-07-09,152.4,155.45,150.65,153.4,15033604
2019-07-10,153.05,154.4,149.65,151.65,5310646
2019-07-11,153.0,154.1,152.0,153.1,6576542
2019-07-12,153.0,153.35,148.0,149.7,13015538
2019-07-15,150.0,151.7,148.8,150.7,8465078
2019-07-16,151.0,154.4,150.7,152.25,12865346
2019-07-17,152.4,153.65,149.0,149.9,8046201
2019-07-18,149.95,150.8,143.05,143.4,15971004
2019-07-19,144.5,145.8,140.4,143.9,25660024
2019-07-22,144.0,147.4,140.65,146.65,12077069
2019-07-23,146.5,147.75,144.15,144.6,5519598
2019-07-24,145.4,145.85,142.9,143.6,9202665
2019-07-25,144.3,144.8,141.4,143.85,28004780
2019-07-26,144.4,144.4,141.4,141.9,10055490
2019-07-29,142.0,142.4,138.35,140.35,19155260
2019-07-30,141.4,141.8,138.1,138.75,11943745
2019-07-31,137.7,139.7,136.25,138.85,9857785
2019-08-01,138.5,139.75,135.1,136.9,9105690
2019-08-02,136.0,136.35,132.75,134.35,9912972
2019-08-05,132.8,132.9,130.1,131.3,9551686
2019-08-06,130.85,132.5,129.35,131.45,11765339
2019-08-07,131.45,131.85,128.4,130.5,13083927
2019-08-08,130.5,132.7,127.9,130.85,10164125
2019-08-09,131.65,132.4,129.65,130.95,8847432
2019-08-13,130.95,133.5,125.5,127.75,12944927
2019-08-14,129.0,129.8,125.75,126.85,14449993
2019-08-16,127.7,129.1,126.4,127.9,12017531
2019-08-19,128.0,128.5,126.05,126.3,5695238
2019-08-20,126.6,126.85,124.35,125.05,6214250
2019-08-21,125.0,125.55,119.65,121.2,9765538
2019-08-22,121.2,121.5,116.2,116.95,8867462
2019-08-23,116.35,123.45,115.75,122.25,10008179
2019-08-26,124.0,125.05,119.6,123.75,11056410
2019-08-27,124.1,126.4,123.15,125.6,18829260
2019-08-28,125.05,125.95,120.4,121.2,11763326
2019-08-29,120.0,124.25,119.5,123.25,30777972
2019-08-30,123.5,125.75,119.5,121.2,9910931
2019-09-03,120.5,120.5,116.5,117.15,8243808
2019-09-04,117.5,119.4,115.55,119.0,8873226
2019-09-05,119.45,129.9,119.45,125.15,32226348
2019-09-06,126.4,128.55,124.5,127.95,15759526
2019-09-09,127.3,129.95,126.0,129.4,9454697
2019-09-11,129.2,130.9,125.15,125.75,11398745
2019-09-12,126.25,128.35,125.25,125.9,8659474
2019-09-13,126.25,129.3,125.35,128.85,13251256
2019-09-16,130.95,133.25,128.5,130.7,18224040
2019-09-17,130.75,132.0,129.05,129.7,11879210
2019-09-18,129.7,129.95,125.95,127.0,12238136
2019-09-19,127.0,127.25,123.65,124.3,8680319
2019-09-20,124.4,134.95,121.6,133.6,30270008
2019-09-23,137.45,140.85,134.95,136.3,17685956
2019-09-24,136.25,139.8,132.8,133.5,16012272
2019-09-25,132.0,133.65,130.7,131.45,5824582
2019-09-26,131.8,138.05,131.2,137.05,19764328
2019-09-27,135.9,136.1,130.45,131.5,11359611
2019-09-30,131.1,132.9,128.55,131.8,11625597
2019-10-01,131.5,133.35,126.75,128.2,10259184
2019-10-03,128.2,129.85,125.4,128.1,7082143
2019-10-04,129.95,132.75,127.3,129.55,20137432
2019-10-07,129.55,129.75,125.4,126.55,9194007
2019-10-09,126.45,127.15,123.95,125.85,15309757
2019-10-10,125.85,127.1,125.1,125.5,6169256
2019-10-11,126.3,129.9,126.1,129.0,11840486
2019-10-14,129.45,136.45,129.0,135.25,19460416
2019-10-15,137.0,139.15,135.35,138.65,17145940
2019-10-16,140.0,143.2,138.3,141.65,15149481
2019-10-17,141.1,141.9,139.15,141.4,9372042
2019-10-18,140.1,144.5,139.9,143.5,17597232
2019-10-22,143.5,146.15,142.2,144.25,11582273
2019-10-23,144.25,144.95,141.25,141.9,7500868
2019-10-24,141.9,142.2,139.05,140.7,6919238
2019-10-25,141.6,141.6,138.1,139.55,6636201
2019-10-27,140.35,140.85,139.0,139.85,698557
2019-10-29,140.55,143.85,138.2,142.15,8236221
2019-10-30,144.0,144.0,139.8,140.55,7064774
2019-10-31,140.6,142.2,139.65,141.7,22281968
2019-11-01,140.55,144.75,140.1,144.15,8049866
2019-11-04,144.15,149.65,144.15,147.4,11733406
2019-11-05,148.2,148.75,145.0,146.35,7883507
2019-11-06,146.35,148.0,143.85,144.65,6207456
2019-11-07,144.95,145.05,140.4,142.05,7332352
2019-11-08,141.95,143.5,137.6,138.3,8252930
2019-11-11,138.4,139.75,136.65,139.1,7032172
2019-11-13,139.1,140.4,137.5,138.2,7969923
2019-11-14,138.2,139.25,135.65,136.2,8178628
2019-11-15,137.3,138.8,135.15,135.55,8390855
2019-11-18,135.45,136.1,133.2,133.9,6851414
2019-11-19,135.0,135.1,132.8,133.25,5821375
2019-11-20,132.85,135.25,132.25,133.7,7657346
2019-11-21,133.7,134.5,130.6,131.15,7946555
2019-11-22,131.0,134.65,130.8,133.85,6323556
2019-11-25,133.85,134.55,130.5,130.95,11930938
2019-11-26,131.85,133.4,129.25,130.25,16115025
2019-11-27,130.4,133.05,129.55,132.65,5343104
2019-11-28,132.4,133.55,131.1,133.15,6663638
2019-11-29,133.05,133.45,130.5,131.75,9434148
2019-12-02,131.05,131.45,127.55,128.1,15010167
2019-12-03,128.1,128.4,126.0,127.65,7809967
2019-12-04,126.9,130.65,126.85,130.05,5821599
2019-12-05,129.3,130.4,128.45,128.9,4185400
2019-12-06,129.5,129.5,126.3,126.55,5097809
2019-12-09,126.9,127.8,125.6,126.3,3841176
2019-12-10,126.4,128.3,124.9,125.2,6125011
2019-12-11,126.1,128.5,125.0,128.0,6878932
2019-12-12,128.1,128.3,125.35,125.9,9804404
2019-12-13,126.45,127.45,126.0,126.5,6663052
2019-12-16,126.5,126.95,125.0,125.6,6241723
2019-12-17,125.15,126.0,124.3,125.3,8062616
2019-12-18,125.6,125.65,124.15,125.1,6687482
2019-12-19,125.1,126.85,124.2,125.7,6223102
2019-12-20,126.0,126.8,124.85,125.15,8515990
2019-12-23,124.9,126.3,124.05,124.65,10466423
2019-12-24,124.9,126.6,124.7,126.0,9979742
2019-12-26,126.0,129.55,124.5,128.0,23164168
2019-12-27,129.5,129.9,127.2,128.4,8435235
2019-12-30,128.4,129.25,127.1,127.95,4023932
