date,open,high,low,close,volume
2009-03-05,2.81,2.95,2.81,2.89,31510
2009-03-06,2.42,2.98,2.42,2.93,73710
2009-03-09,3.27,3.27,2.8,2.82,115960
2009-03-12,2.7,3.29,2.7,2.8,72950
2009-03-13,2.95,2.95,2.77,2.82,90220
2009-03-16,2.74,2.95,2.74,2.88,99650
2009-03-17,2.99,3.0,2.89,2.94,69200
2009-03-18,2.96,3.09,2.92,3.01,109070
2009-03-19,2.96,3.1,2.95,2.95,73480
2009-03-20,2.9,3.44,2.85,3.36,2014470
2009-03-23,3.39,3.6,3.31,3.36,345980
2009-03-24,3.36,3.45,3.25,3.29,204560
2009-03-25,3.04,3.25,3.04,3.23,141180
2009-03-26,3.24,3.32,3.15,3.25,326130
2009-03-27,3.11,3.43,3.1,3.38,5493980
2009-03-30,3.35,3.49,3.17,3.22,158800
2009-03-31,3.2,3.38,3.2,3.32,52560
2009-04-01,3.38,3.75,3.22,3.61,267210
2009-04-02,3.7,4.09,3.7,4.01,626720
2009-04-06,4.2,4.39,4.1,4.3,1050670
2009-04-08,4.22,4.44,4.11,4.39,686480
2009-04-09,4.56,4.6,4.2,4.34,443540
2009-04-13,4.41,4.7,4.12,4.52,886980
2009-04-15,4.58,4.67,4.41,4.55,1616460
2009-04-16,4.7,4.8,4.36,4.41,1082630
2009-04-17,4.6,4.89,4.45,4.51,425590
2009-04-20,4.65,4.78,4.47,4.64,359780
2009-04-21,4.3,4.76,4.23,4.72,483420
2009-04-22,4.72,5.14,4.6,4.65,998800
2009-04-23,4.65,4.88,4.49,4.68,398840
2009-04-24,4.67,4.75,4.55,4.63,166630
2009-04-27,4.6,4.78,4.4,4.42,256890
2009-04-28,4.54,4.7,4.15,4.28,350790
2009-04-29,4.13,4.69,3.95,4.61,1480770
2009-05-04,5.0,5.38,4.85,4.99,1734380
2009-05-05,5.0,5.0,4.72,4.86,382340
2009-05-06,4.87,5.3,4.72,4.78,926970
2009-05-07,4.97,4.97,4.75,4.89,837210
2009-05-08,4.85,5.85,4.8,5.47,3411250
2009-05-11,5.44,6.05,5.44,5.64,1803570
2009-05-12,5.9,5.99,5.7,5.86,1648770
2009-05-13,5.85,6.09,5.62,5.95,912740
2009-05-14,5.53,6.34,5.41,6.1,1237940
2009-05-15,6.03,6.35,5.91,6.01,463970
2009-05-19,6.6,7.22,6.1,7.22,1295130
2009-05-20,7.38,8.66,7.22,8.66,2075520
2009-05-21,8.9,9.53,8.06,8.7,1946120
2009-05-22,8.4,8.6,7.91,8.48,838330
2009-05-25,8.7,9.12,8.48,8.59,2017420
2009-05-26,8.58,8.94,7.8,7.86,659180
2009-05-27,8.24,8.45,8.05,8.16,457620
2009-05-28,8.25,8.4,8.0,8.08,909290
2009-05-29,7.82,8.15,7.68,7.82,1011740
2009-06-01,7.95,8.21,7.92,8.21,84110
2009-06-02,8.24,8.49,7.8,8.07,180890
2009-06-03,7.7,8.25,7.7,8.0,383690
2009-06-04,7.72,8.2,7.72,8.08,1334150
2009-06-05,8.12,8.14,7.7,8.1,2456380
2009-06-08,8.13,8.5,7.76,7.84,1718720
2009-06-09,7.85,8.0,7.5,7.89,1023600
2009-06-10,7.99,8.18,7.62,7.93,400480
2009-06-11,7.9,8.0,7.55,7.72,215100
2009-06-12,7.8,8.05,7.4,7.48,220280
2009-06-15,7.6,7.6,7.13,7.19,119980
2009-06-16,7.25,7.29,6.95,7.22,260080
2009-06-17,7.27,7.49,7.1,7.1,69600
2009-06-18,7.1,7.17,6.74,6.8,84700
2009-06-19,6.91,7.09,6.51,6.87,107310
2009-06-22,6.8,7.1,6.6,6.66,23080
2009-06-23,6.4,6.59,6.36,6.42,35030
2009-06-24,6.45,6.65,6.33,6.62,145890
2009-06-25,6.89,6.89,6.29,6.49,357150
2009-06-26,6.77,6.8,6.22,6.3,111610
2009-06-29,6.2,6.45,6.05,6.1,190940
2009-06-30,6.25,6.29,5.9,6.01,514130
2009-07-01,6.01,6.18,5.95,6.15,57080
2009-07-02,6.02,6.36,5.95,6.25,50290
2009-07-03,6.0,6.34,6.0,6.29,43150
2009-07-06,6.41,6.59,6.0,6.05,115100
2009-07-07,6.25,6.25,5.74,6.0,26680
2009-07-08,5.81,6.05,5.7,5.93,90930
2009-07-09,5.7,6.0,5.65,5.91,59700
2009-07-10,5.85,6.2,5.84,6.2,150620
2009-07-13,6.11,6.12,5.89,5.9,122950
2009-07-14,5.89,6.2,5.86,6.2,47850
2009-07-15,6.4,6.51,6.26,6.51,46130
2009-07-16,6.79,6.83,6.79,6.83,33650
2009-07-17,6.9,7.18,6.8,7.16,155780
2009-07-20,7.22,7.51,7.05,7.43,213180
2009-07-21,7.5,7.65,7.22,7.38,43500
2009-07-22,7.22,7.6,7.22,7.56,79160
2009-07-23,7.51,7.94,7.51,7.94,231660
2009-07-24,8.25,8.34,8.0,8.34,207750
2009-07-27,8.5,8.76,8.5,8.76,183900
2009-07-28,9.2,9.2,9.2,9.2,152240
2009-07-29,9.66,9.66,8.99,9.39,655370
2009-07-30,9.39,9.85,9.1,9.85,1536830
2009-07-31,10.34,10.35,10.32,10.35,133770
2009-08-03,10.8,10.87,10.4,10.87,293960
2009-08-04,11.25,11.25,10.4,10.64,500330
2009-08-05,10.9,10.99,10.23,10.57,255390
2009-08-06,10.8,11.1,10.35,10.9,220650
2009-08-07,10.41,11.44,10.41,11.44,249540
2009-08-10,11.44,12.0,11.4,11.58,273910
2009-08-11,11.01,11.8,11.01,11.44,288580
2009-08-12,10.87,11.85,10.87,11.82,319030
2009-08-13,12.19,12.41,12.02,12.41,196320
2009-08-14,12.0,13.04,12.0,13.04,74090
2009-08-17,13.05,13.69,13.05,13.32,428270
2009-08-18,13.4,13.9,12.66,13.01,297780
2009-08-19,12.43,13.65,12.43,13.26,471040
2009-08-20,13.34,13.91,13.1,13.43,289300
2009-08-21,14.1,14.1,13.9,14.1,374480
2009-08-24,14.0,14.81,14.0,14.81,429180
2009-08-25,14.81,15.55,14.7,14.96,552780
2009-08-26,14.4,15.4,14.22,14.98,870830
2009-08-27,14.9,15.35,14.5,14.68,1211280
2009-08-28,14.7,15.3,14.3,14.46,324940
2009-08-31,14.2,15.0,14.0,14.12,651930
2009-09-01,14.8,14.8,13.9,14.15,803380
2009-09-02,13.76,14.2,13.45,14.1,741000
2009-09-03,13.68,14.45,13.68,14.22,590210
2009-09-04,14.0,14.49,14.0,14.35,550550
2009-09-07,14.2,14.6,14.1,14.2,628500
2009-09-08,13.5,14.4,13.5,14.13,693860
2009-09-09,14.0,14.4,14.0,14.27,656050
2009-09-10,14.2,14.79,14.13,14.56,701480
2009-09-11,14.31,14.77,14.31,14.7,580750
2009-09-14,14.6,15.3,14.35,15.13,315270
2009-09-15,14.5,15.89,14.5,15.89,438140
2009-09-16,15.87,16.68,15.5,16.68,814730
2009-09-17,16.68,16.98,16.05,16.54,217130
2009-09-18,16.02,17.05,16.02,16.96,169820
2009-09-22,16.21,17.81,16.21,17.81,488300
2009-09-23,17.5,18.7,17.5,17.96,238070
2009-09-24,17.61,18.15,17.07,18.0,479830
2009-09-25,17.22,18.1,17.22,17.79,125040
2009-09-29,17.5,18.5,17.5,18.0,224770
2009-09-30,17.6,18.0,17.52,17.98,170930
2009-10-01,17.8,18.88,17.77,18.04,345960
2009-10-05,18.15,18.15,17.3,17.38,326750
2009-10-06,17.2,18.05,16.51,17.72,232640
2009-10-07,16.91,18.55,16.91,18.19,319430
2009-10-08,18.0,18.0,17.28,17.3,215620
2009-10-09,17.2,17.89,16.9,17.2,137190
2009-10-12,16.6,18.0,16.6,17.57,340040
2009-10-14,17.0,17.43,16.71,17.15,66180
2009-10-15,16.5,18.0,16.5,17.22,101070
2009-10-16,16.52,17.43,16.52,17.32,78370
2009-10-17,16.6,17.69,16.6,17.54,34200
2009-10-20,16.7,17.6,16.7,17.43,269500
2009-10-21,16.6,17.5,16.6,17.28,33710
2009-10-22,16.7,17.5,16.7,17.17,83990
2009-10-23,17.1,17.7,17.1,17.36,52160
2009-10-26,16.85,17.86,16.85,17.67,89720
2009-10-27,17.0,17.8,16.8,16.82,67620
2009-10-28,15.98,17.66,15.98,17.36,243280
2009-10-29,16.77,17.44,16.7,16.83,1703840
2009-10-30,16.0,17.4,15.99,16.05,1211480
2009-11-03,15.3,15.7,15.25,15.25,70830
2009-11-04,14.5,15.6,14.49,14.49,82430
2009-11-05,14.4,15.22,13.8,15.22,209380
2009-11-06,15.19,15.98,14.52,15.98,42750
2009-11-09,15.42,16.2,15.42,15.6,24940
2009-11-10,14.9,16.2,14.9,15.92,40950
2009-11-11,15.5,16.48,15.5,15.95,44320
2009-11-12,15.7,16.3,15.7,16.1,53800
2009-11-13,15.7,16.44,15.7,16.1,29920
2009-11-16,16.2,16.49,16.08,16.2,75440
2009-11-17,15.7,16.23,15.52,16.03,15340
2009-11-18,16.03,16.03,15.64,15.82,17910
2009-11-19,15.8,15.81,15.6,15.74,19470
2009-11-20,15.7,15.7,15.1,15.59,54950
2009-11-23,15.61,16.36,15.4,16.36,141750
2009-11-24,17.18,17.18,16.5,17.18,416260
2009-11-25,17.99,17.99,16.53,16.71,210370
2009-11-26,16.54,17.0,16.3,16.54,43900
2009-11-27,16.3,16.7,15.72,16.53,281700
2009-11-30,15.73,16.38,15.73,16.11,71330
2009-12-01,15.51,16.1,15.51,16.07,67330
2009-12-02,16.07,16.07,15.9,15.9,64390
2009-12-03,15.4,16.7,15.4,16.58,207010
2009-12-04,16.55,16.55,15.97,16.2,65710
2009-12-07,15.6,16.03,15.58,15.63,56000
2009-12-08,15.48,15.67,15.48,15.64,72880
2009-12-09,15.65,16.3,15.6,15.83,166390
2009-12-10,15.52,16.0,15.52,15.74,338110
2009-12-11,15.2,16.07,15.2,15.72,44100
2009-12-14,15.0,16.06,15.0,15.39,42890
2009-12-15,15.01,16.0,14.62,14.66,186950
2009-12-16,14.68,15.07,13.95,13.99,661050
2009-12-17,14.01,14.69,13.4,14.56,609730
2009-12-18,14.6,15.07,14.0,14.51,410640
2009-12-21,14.8,14.98,14.5,14.71,33740
2009-12-22,14.4,15.27,14.4,15.2,125550
2009-12-23,14.59,15.7,14.59,15.1,80470
2009-12-24,15.2,15.35,15.05,15.27,37890
2009-12-29,14.59,15.95,14.59,15.7,237460
2009-12-30,15.15,16.3,15.15,16.02,152610
2009-12-31,16.1,16.38,15.81,15.97,229040
2010-01-04,16.0,16.5,16.0,16.13,41710
2010-01-05,15.53,16.94,15.53,16.85,757020
2010-01-06,16.9,17.55,16.18,17.12,1545090
2010-01-07,16.5,17.39,16.5,16.77,517200
2010-01-08,16.61,16.92,16.27,16.38,134260
2010-01-11,16.58,16.59,16.0,16.12,668570
2010-01-12,15.8,16.4,15.8,15.98,459880
2010-01-13,15.21,16.44,15.21,16.2,320480
2010-01-14,16.0,16.5,16.0,16.23,395370
2010-01-15,16.2,17.85,16.2,17.82,3576550
2010-01-18,18.08,19.37,17.3,18.3,5378490
2010-01-19,17.32,18.99,17.32,18.27,621350
2010-01-20,17.72,18.99,17.72,18.01,313420
2010-01-21,17.32,18.75,17.32,17.87,1410020
2010-01-22,17.12,18.98,16.25,18.55,1618100
2010-01-25,18.6,19.3,18.6,18.82,1595210
2010-01-27,17.94,18.83,17.51,17.64,396840
2010-01-28,16.8,18.48,16.8,17.43,220140
2010-01-29,16.36,18.55,16.36,18.42,364640
2010-02-01,18.06,19.94,18.06,19.33,1395380
2010-02-02,19.52,20.0,18.62,18.84,1290340
2010-02-03,18.02,19.3,18.02,18.82,588850
2010-02-04,18.12,19.67,18.12,18.66,1400180
2010-02-05,18.02,18.41,17.6,17.82,569960
2010-02-06,17.21,18.0,17.21,17.91,27850
2010-02-08,17.81,18.6,17.81,18.03,220440
2010-02-09,17.81,18.5,17.81,17.99,190100
2010-02-10,17.51,18.44,17.51,18.09,184710
2010-02-11,17.56,18.84,16.5,18.65,587560
2010-02-15,18.31,19.08,17.92,18.86,343540
2010-02-16,18.51,19.5,18.51,19.03,349330
2010-02-17,18.43,19.33,18.43,19.0,527100
2010-02-18,18.63,19.48,18.63,18.75,81070
2010-02-19,18.23,19.68,18.23,18.8,1537520
2010-02-22,18.23,19.46,18.23,18.79,443310
2010-02-23,18.36,18.97,18.3,18.37,188280
2010-02-24,18.2,18.45,17.7,17.96,97650
2010-02-25,17.5,18.23,17.5,17.91,45680
2010-02-26,17.61,19.1,17.1,18.45,379430
2010-03-02,18.2,19.58,18.2,19.25,691560
2010-03-03,18.56,19.67,18.56,18.95,200540
2010-03-04,18.61,20.69,18.61,20.25,1348630
2010-03-05,20.35,20.7,19.2,19.71,871490
2010-03-08,19.8,20.5,19.64,20.32,743450
2010-03-09,19.82,20.84,19.81,20.04,1072170
2010-03-10,19.7,20.3,19.55,19.73,232770
2010-03-11,19.56,20.1,19.5,19.58,186650
2010-03-12,21.2,21.57,19.3,19.53,5574280
2010-03-15,19.05,19.83,19.05,19.35,710940
2010-03-16,19.02,19.75,19.02,19.41,419680
2010-03-17,19.22,19.67,19.02,19.11,216130
2010-03-18,19.3,19.5,18.91,19.31,292080
2010-03-19,19.03,20.24,19.03,19.49,941520
2010-03-22,19.0,19.8,18.8,19.31,254140
2010-03-23,19.35,19.65,19.1,19.14,235740
2010-03-25,18.8,19.59,18.62,18.87,258990
2010-03-26,18.5,19.44,18.5,18.98,406980
2010-03-29,18.0,19.3,18.0,18.8,255050
2010-03-30,18.2,19.2,18.2,18.59,284760
2010-03-31,18.41,19.82,18.41,19.7,1315600
2010-04-01,19.69,19.8,19.21,19.67,315910
2010-04-05,19.3,19.9,19.3,19.75,250230
2010-04-06,19.94,20.24,19.65,20.06,2062050
2010-04-07,20.3,20.3,19.45,19.73,551460
2010-04-08,19.66,19.99,19.22,19.47,466370
2010-04-09,19.1,19.97,19.1,19.84,222800
2010-04-12,19.4,20.09,19.4,19.91,270810
2010-04-13,20.1,20.4,19.81,20.27,2252440
2010-04-15,20.48,20.5,19.9,19.91,385230
2010-04-16,20.5,20.5,19.8,19.83,361910
2010-04-19,19.8,20.7,19.5,20.02,813030
2010-04-20,19.8,20.6,19.8,20.31,545360
2010-04-21,20.5,21.68,20.45,21.1,3105100
2010-04-22,20.9,21.44,20.5,20.73,1310790
2010-04-23,20.6,20.99,20.43,20.63,923090
2010-04-26,20.6,21.19,20.35,20.5,999830
2010-04-27,20.21,21.69,20.21,21.44,2777650
2010-04-28,20.55,22.19,20.35,20.64,7138200
2010-04-29,20.7,21.95,20.7,21.81,2632990
2010-04-30,21.81,22.4,21.73,22.17,2638710
2010-05-03,21.5,22.2,21.5,22.0,669860
2010-05-04,21.01,22.88,21.01,21.64,1435450
2010-05-05,20.25,21.7,20.25,20.81,1287590
2010-05-06,20.3,21.38,20.3,20.7,396280
2010-05-07,19.52,20.62,19.52,20.0,1458050
2010-05-10,20.0,20.78,20.0,20.71,270600
2010-05-11,20.17,20.87,20.17,20.55,200570
2010-05-12,20.02,20.74,20.01,20.13,236990
2010-05-13,19.9,20.48,19.9,20.09,186640
2010-05-14,20.09,20.2,19.44,19.65,225360
2010-05-17,19.22,20.08,19.22,19.86,133180
2010-05-18,19.2,20.3,19.2,19.58,175560
2010-05-19,19.02,19.85,19.02,19.07,173890
2010-05-20,18.02,19.7,18.02,18.58,152350
2010-05-21,17.82,18.8,17.82,18.07,265390
2010-05-24,17.52,18.65,17.52,18.33,114810
2010-05-25,18.01,18.4,17.2,17.59,207170
2010-05-26,17.5,18.49,17.5,18.14,174850
2010-05-27,17.57,19.35,17.57,18.27,675220
2010-05-28,18.3,18.8,18.28,18.38,117240
2010-05-31,17.62,18.6,17.62,18.5,51470
2010-06-01,18.31,18.59,17.8,18.02,74280
2010-06-02,17.83,18.6,17.83,18.33,77060
2010-06-03,18.2,18.7,18.08,18.48,109300
2010-06-04,18.5,21.07,18.5,19.44,9727800
2010-06-07,18.1,19.28,18.1,18.66,760420
2010-06-08,18.2,19.28,18.2,18.45,407040
2010-06-09,18.5,18.99,18.19,18.32,188080
2010-06-10,14.69,19.18,14.69,18.79,326030
2010-06-11,19.0,19.3,18.51,18.66,441890
2010-06-14,18.6,19.39,18.6,18.89,309200
2010-06-15,18.2,19.1,18.2,18.83,141370
2010-06-16,18.9,19.09,18.5,18.75,192030
2010-06-17,18.2,19.37,18.2,18.64,313830
2010-06-18,18.7,19.0,18.41,18.77,114530
2010-06-21,18.03,19.1,18.03,18.9,148510
2010-06-22,18.9,18.99,18.51,18.64,210960
2010-06-23,18.01,19.9,18.01,19.2,1646480
2010-06-24,18.81,19.38,18.81,19.09,231830
2010-06-25,18.56,19.19,18.56,18.76,311400
2010-06-28,18.1,18.99,18.1,18.75,221280
2010-06-29,18.7,18.98,18.57,18.61,135020
2010-06-30,18.21,18.7,18.21,18.42,491310
2010-07-01,18.13,18.55,18.13,18.47,326980
2010-07-02,18.3,18.89,18.3,18.59,217380
2010-07-05,18.94,19.47,18.94,19.1,786870
2010-07-06,18.67,20.98,18.67,20.72,12989890
2010-07-07,20.85,21.4,20.24,20.39,8119650
2010-07-08,20.45,20.9,20.45,20.6,1712970
2010-07-09,20.4,20.74,20.1,20.27,1634410
2010-07-12,19.81,20.5,19.81,20.2,749540
2010-07-13,19.9,20.3,19.9,19.94,506770
2010-07-14,19.81,21.5,19.61,20.68,6354980
2010-07-15,20.5,21.08,20.22,20.47,2034160
2010-07-16,19.59,21.0,19.59,20.6,1472940
2010-07-19,20.5,20.92,20.3,20.43,685720
2010-07-20,20.5,21.44,20.5,21.02,3687830
2010-07-21,20.76,21.63,20.76,21.13,2166960
2010-07-22,21.2,21.4,21.02,21.16,668560
2010-07-23,21.2,21.45,20.22,20.44,3378040
2010-07-26,19.61,20.58,19.61,19.89,1076580
2010-07-27,19.91,20.28,19.72,19.84,802040
2010-07-28,19.86,20.1,19.52,19.57,759720
2010-07-29,19.58,19.66,19.25,19.43,357440
2010-07-30,19.45,19.6,19.01,19.27,617420
2010-08-02,19.3,19.6,19.28,19.52,459770
2010-08-03,19.1,19.69,19.1,19.55,258910
2010-08-04,19.36,19.69,19.36,19.51,308860
2010-08-05,19.41,19.6,19.03,19.3,797480
2010-08-06,19.11,19.79,19.11,19.44,549740
2010-08-09,19.68,20.55,19.2,19.95,3063260
2010-08-10,19.63,20.42,19.6,19.7,933540
2010-08-11,19.5,19.95,19.5,19.62,379100
2010-08-12,19.42,19.59,19.03,19.27,888020
2010-08-13,19.14,19.7,19.14,19.35,317410
2010-08-16,19.4,19.95,19.33,19.5,600050
2010-08-17,19.01,19.66,19.01,19.34,252070
2010-08-18,19.0,20.0,19.0,19.79,1555880
2010-08-19,19.95,20.5,19.9,19.97,1830810
2010-08-20,19.3,20.1,19.3,19.84,772790
2010-08-23,19.41,20.5,19.41,20.41,2106650
2010-08-24,20.8,21.5,20.66,21.05,5020600
2010-08-25,21.0,21.38,20.28,20.42,1361340
2010-08-26,20.59,21.05,20.11,20.63,742330
2010-08-27,20.42,20.9,20.07,20.13,638000
2010-08-30,20.4,20.69,20.01,20.12,504430
2010-08-31,20.2,20.5,19.73,20.2,752250
2010-09-01,20.36,20.48,20.1,20.25,335770
2010-09-02,20.31,21.49,20.31,21.07,3527930
2010-09-03,21.14,21.59,20.9,21.33,2673830
2010-09-06,21.49,23.27,21.35,22.83,10215300
2010-09-07,23.24,24.27,22.9,23.01,7067230
2010-09-08,23.5,23.95,23.12,23.81,3042640
2010-09-09,23.61,24.14,23.32,23.38,1107120
2010-09-13,23.6,23.7,23.1,23.19,616800
2010-09-14,22.44,23.3,22.17,22.81,811340
2010-09-15,22.1,23.2,22.1,22.98,757500
2010-09-16,22.2,23.1,22.2,22.85,534200
2010-09-17,22.91,23.39,22.9,23.01,401870
2010-09-20,22.8,23.1,22.8,23.0,1332130
2010-09-21,22.0,23.18,21.8,21.9,658100
2010-09-22,21.01,22.0,21.01,21.5,784950
2010-09-23,21.25,22.06,21.06,21.16,631170
2010-09-24,21.15,22.1,21.15,21.82,1039480
2010-09-27,20.11,22.1,20.11,21.43,440820
2010-09-28,20.6,21.69,20.6,21.14,553360
2010-09-29,21.0,21.64,21.0,21.11,366300
2010-09-30,21.06,22.16,20.9,21.91,1167950
2010-10-01,22.06,22.2,21.5,21.63,402070
2010-10-04,21.7,22.09,21.31,21.42,489050
2010-10-05,21.69,22.19,21.69,21.97,1002340
2010-10-06,21.1,22.35,21.1,21.76,296540
2010-10-07,21.6,22.65,21.6,22.12,1492130
2010-10-08,21.81,22.97,21.65,21.78,329330
2010-10-11,21.92,22.44,21.92,22.19,451510
2010-10-12,22.84,22.84,22.0,22.08,707100
2010-10-13,22.03,22.42,22.03,22.21,356110
2010-10-14,21.83,22.35,21.83,22.1,779090
2010-10-15,21.9,22.39,21.6,21.71,218290
2010-10-18,21.7,22.43,21.65,21.74,192710
2010-10-19,21.75,22.38,21.5,21.63,332240
2010-10-20,21.26,21.89,21.26,21.71,138520
2010-10-21,21.56,22.2,21.5,21.72,237810
2010-10-22,21.5,22.12,21.5,21.78,132040
2010-10-25,21.56,21.98,21.56,21.85,175590
2010-10-26,21.71,22.07,21.45,21.56,379670
2010-10-27,21.31,21.95,20.52,20.99,955440
2010-10-28,21.1,21.1,20.0,20.18,1381510
2010-10-29,20.05,20.5,19.5,20.0,892080
2010-11-01,19.7,20.59,19.5,19.65,266980
2010-11-02,19.78,20.09,19.35,19.92,457250
2010-11-03,19.52,20.58,19.52,20.18,259440
2010-11-04,20.18,20.6,20.18,20.41,214080
2010-11-05,20.7,21.97,20.5,20.65,116890
2010-11-08,20.41,20.59,20.28,20.4,153680
2010-11-09,20.4,20.99,20.4,20.68,246640
2010-11-10,20.59,20.95,20.41,20.66,136970
2010-11-11,20.66,20.8,19.85,19.98,261440
2010-11-12,19.61,20.38,19.61,19.76,163690
2010-11-15,19.7,19.99,19.07,19.24,335070
2010-11-16,19.01,19.45,18.9,19.05,240240
2010-11-18,19.0,19.36,17.8,18.66,356690
2010-11-19,18.5,19.56,18.33,19.23,286370
2010-11-22,19.05,19.56,19.05,19.29,148040
2010-11-23,19.11,19.56,18.58,18.8,92250
2010-11-24,18.31,19.39,18.31,18.5,149100
2010-11-25,18.31,18.7,17.38,17.57,398750
2010-11-26,17.6,17.86,16.5,17.5,338230
2010-11-29,17.5,17.99,17.0,17.49,339520
2010-11-30,17.12,17.68,17.12,17.46,382620
2010-12-01,17.77,19.47,17.56,17.75,967020
2010-12-02,17.75,18.5,17.75,18.24,300310
2010-12-03,16.8,18.45,16.8,17.99,235970
2010-12-06,18.49,18.76,17.79,17.95,135610
2010-12-07,18.1,18.29,17.24,17.59,655500
2010-12-08,17.5,17.87,17.1,17.29,104900
2010-12-09,17.03,17.5,16.5,16.97,215920
2010-12-10,16.0,17.18,16.0,16.99,173550
2010-12-13,16.61,17.18,16.5,16.76,1258830
2010-12-14,16.6,16.94,16.6,16.7,274790
2010-12-15,16.72,17.0,16.25,16.55,621250
2010-12-16,16.21,16.85,16.21,16.72,80920
2010-12-20,16.1,16.8,16.1,16.55,60030
2010-12-21,16.31,16.8,16.31,16.55,119390
2010-12-22,16.45,16.82,16.45,16.67,99670
2010-12-23,16.3,16.8,16.3,16.72,47530
2010-12-24,16.52,16.92,16.31,16.83,54690
2010-12-27,16.53,17.1,16.53,17.06,47690
2010-12-28,16.8,17.19,16.69,16.93,82040
2010-12-29,17.1,17.1,16.5,16.61,187150
2010-12-30,16.53,16.95,16.36,16.9,62020
2011-01-03,17.05,17.5,17.05,17.29,108570
2011-01-04,17.0,17.7,16.83,16.91,157880
2011-01-05,16.63,17.09,16.28,16.33,255330
2011-01-06,16.4,16.56,15.78,15.87,346950
2011-01-07,15.64,16.19,15.64,15.94,95670
2011-01-10,15.85,16.39,15.56,15.65,119480
2011-01-11,15.01,16.44,15.01,15.49,65210
2011-01-12,15.11,15.8,15.11,15.36,92780
2011-01-13,15.16,15.7,15.16,15.3,68380
2011-01-14,15.02,15.55,14.7,14.82,161630
2011-01-17,14.82,14.82,14.27,14.35,99170
2011-01-18,13.94,14.4,13.8,14.02,202870
2011-01-19,13.7,14.2,13.7,13.93,183940
2011-01-20,14.2,14.2,13.7,13.76,168140
2011-01-21,13.62,14.0,13.62,13.85,93720
2011-01-24,14.09,14.09,13.8,14.01,524830
2011-01-25,13.81,14.44,13.81,14.32,119380
2011-01-27,14.01,14.48,14.0,14.1,382270
2011-01-28,13.57,14.2,13.57,14.01,204560
2011-01-31,13.01,13.7,13.0,13.37,221000
2011-02-01,13.81,16.0,13.38,13.52,8797310
2011-02-02,13.6,13.84,12.9,13.27,2273430
2011-02-03,13.01,13.27,12.56,12.77,910900
2011-02-04,12.8,13.1,12.8,12.9,1122850
2011-02-07,12.77,13.15,12.65,12.77,340240
2011-02-08,12.62,12.93,12.02,12.17,295970
2011-02-09,12.0,12.2,11.32,11.41,854750
2011-02-10,11.45,12.19,11.45,11.83,3117150
2011-02-11,12.18,13.8,11.7,12.88,1435540
2011-02-14,13.0,13.39,12.9,13.16,1420100
2011-02-15,13.2,15.14,13.11,14.87,3600790
2011-02-16,14.9,14.9,14.15,14.26,515960
2011-02-17,13.81,14.19,13.75,13.88,958820
2011-02-18,13.8,14.19,13.18,13.19,940010
2011-02-21,13.01,13.8,13.0,13.3,106780
2011-02-22,13.02,14.59,13.02,13.56,4119830
2011-02-23,13.22,13.89,13.22,13.68,815490
2011-02-24,13.5,13.77,13.35,13.45,826710
2011-02-25,13.45,13.56,13.35,13.44,482990
2011-02-28,13.02,13.8,13.02,13.54,147330
2011-03-01,14.0,14.28,13.85,13.9,261890
2011-03-03,13.89,13.98,13.4,13.48,286740
2011-03-04,13.55,13.8,13.5,13.6,141280
2011-03-07,13.3,14.0,13.3,13.56,552200
2011-03-08,13.55,14.15,13.55,13.9,244200
2011-03-09,13.7,14.03,13.56,13.69,1161410
2011-03-10,13.32,13.7,13.32,13.64,1040370
2011-03-11,13.64,13.94,13.6,13.84,198000
2011-03-14,13.75,14.0,13.61,13.93,149370
2011-03-15,12.94,13.85,12.94,13.6,1412630
2011-03-16,13.62,13.89,13.45,13.53,108610
2011-03-17,13.35,13.7,13.32,13.56,972260
2011-03-18,13.32,13.88,13.32,13.6,181470
2011-03-21,13.2,13.69,13.15,13.27,2209940
2011-03-22,13.4,13.77,13.2,13.28,950110
2011-03-23,13.2,13.56,13.2,13.47,117850
2011-03-24,13.4,13.73,13.34,13.43,219720
2011-03-25,13.41,13.78,13.4,13.5,215580
2011-03-28,13.36,13.7,13.36,13.47,194630
2011-03-29,13.22,13.54,13.2,13.3,589050
2011-03-30,13.02,13.99,13.02,13.64,242900
2011-03-31,13.81,14.8,13.73,14.64,1347170
2011-04-01,14.85,15.39,14.85,14.99,968840
2011-04-04,15.08,15.19,14.74,14.84,338550
2011-04-05,14.9,14.9,14.65,14.8,198280
2011-04-06,14.88,15.4,14.8,15.07,338510
2011-04-07,15.11,15.84,15.1,15.72,1087180
2011-04-08,15.31,15.98,15.13,15.21,209340
2011-04-11,14.57,15.5,14.57,14.91,153750
2011-04-13,14.58,15.09,14.58,14.93,143960
2011-04-15,14.61,15.43,14.61,15.13,154640
2011-04-18,14.75,15.58,14.75,15.08,115420
2011-04-19,14.9,15.4,14.9,15.02,68570
2011-04-20,14.76,15.4,14.76,15.31,198850
2011-04-21,15.02,16.27,14.9,15.32,203720
2011-04-25,14.95,15.66,14.95,15.33,232670
2011-04-26,15.3,15.4,15.13,15.19,107070
2011-04-27,15.15,15.58,15.0,15.02,291090
2011-04-28,15.21,15.21,14.82,14.89,316650
2011-04-29,14.8,15.19,14.6,14.71,164300
2011-05-02,15.1,15.1,14.56,14.67,77650
2011-05-03,14.57,15.35,14.16,14.3,322630
2011-05-04,13.81,14.96,13.81,14.15,264530
2011-05-05,14.15,14.4,14.0,14.03,264460
2011-05-06,14.05,14.48,13.85,14.19,274890
2011-05-09,14.79,14.79,14.4,14.45,1023820
2011-05-10,14.5,14.73,13.72,13.85,340990
2011-05-11,14.25,14.82,14.07,14.11,622270
2011-05-12,14.3,14.34,13.9,13.98,585130
2011-05-13,13.73,14.15,13.73,13.9,282310
2011-05-16,13.63,14.47,13.63,13.73,159260
2011-05-17,13.55,13.97,13.55,13.63,96440
2011-05-18,13.58,13.8,13.51,13.62,70450
2011-05-19,13.32,13.87,13.32,13.73,103090
2011-05-20,13.52,13.89,13.52,13.72,36160
2011-05-23,13.6,14.01,13.5,13.6,54180
2011-05-24,13.27,13.85,13.27,13.55,44630
2011-05-25,13.32,13.7,13.32,13.53,114900
2011-05-26,13.33,13.69,13.3,13.39,87110
2011-05-27,13.3,13.65,13.3,13.49,79790
2011-05-30,13.4,14.0,13.4,13.76,165630
2011-05-31,13.98,14.7,13.76,14.4,394710
2011-06-01,14.5,14.98,14.31,14.39,315400
2011-06-02,13.95,14.65,13.95,14.44,119570
2011-06-03,14.01,14.56,14.01,14.4,260970
2011-06-06,13.94,14.47,13.94,14.4,145170
2011-06-07,14.11,14.65,14.11,14.56,171240
2011-06-08,14.49,14.52,14.35,14.35,26290
2011-06-09,14.02,14.84,14.02,14.38,49620
2011-06-10,14.02,14.59,13.94,14.05,184110
2011-06-13,13.95,14.19,13.95,14.14,65120
2011-06-14,14.02,14.32,14.02,14.23,80910
2011-06-15,14.02,14.35,14.02,14.08,128900
2011-06-16,13.93,14.61,13.82,14.19,61880
2011-06-17,13.93,14.2,13.9,13.98,99960
2011-06-20,13.82,14.32,13.28,13.44,170880
2011-06-21,13.6,13.94,13.4,13.4,87260
2011-06-22,13.23,13.98,12.85,12.99,103030
2011-06-23,12.79,13.35,12.61,12.88,97990
2011-06-24,12.57,13.69,12.57,13.08,244020
2011-06-27,13.1,13.8,13.1,13.65,444500
2011-06-28,13.32,13.95,13.32,13.79,173900
2011-06-29,13.59,14.1,13.59,14.02,131840
2011-06-30,13.63,14.28,13.63,13.92,263320
2011-07-01,13.63,14.07,13.63,13.83,143370
2011-07-04,13.52,14.18,13.52,14.05,142150
2011-07-05,13.66,14.35,13.66,14.18,222280
2011-07-06,14.0,14.39,14.0,14.3,116970
2011-07-07,14.33,14.45,14.31,14.35,169560
2011-07-08,14.1,14.4,14.1,14.2,159480
2011-07-11,14.5,14.57,14.0,14.27,80910
2011-07-12,14.0,14.31,14.0,14.11,156600
2011-07-13,13.91,14.36,13.91,14.24,155690
2011-07-14,13.93,14.54,13.93,14.49,305800
2011-07-15,14.74,14.9,14.5,14.56,735290
2011-07-18,14.29,14.31,14.09,14.23,258400
2011-07-19,13.9,14.48,13.9,14.31,374010
2011-07-20,14.16,14.38,14.16,14.31,133970
2011-07-21,14.16,14.4,14.16,14.35,208220
2011-07-22,14.16,14.97,14.16,14.4,175630
2011-07-25,14.21,14.99,14.2,14.45,1766590
2011-07-26,14.31,14.6,14.08,14.39,271390
2011-07-27,14.02,14.52,14.02,14.4,435340
2011-07-28,14.21,14.5,14.06,14.26,254570
2011-07-29,14.02,14.7,14.02,14.5,1029250
2011-08-01,14.7,15.0,14.15,14.19,749340
2011-08-02,13.82,14.6,13.81,14.1,676670
2011-08-03,13.82,14.37,13.81,14.31,272160
2011-08-04,14.01,14.47,14.01,14.19,147150
2011-08-05,13.81,14.1,13.65,13.86,285140
2011-08-08,13.5,13.7,13.2,13.57,238180
2011-08-09,12.51,13.57,12.51,13.2,146910
2011-08-10,13.27,13.78,13.21,13.53,326300
2011-08-11,13.22,13.6,13.22,13.49,115830
2011-08-12,13.43,13.85,13.43,13.72,212440
2011-08-16,13.7,13.84,13.6,13.64,139500
2011-08-17,13.51,13.89,13.41,13.48,275630
2011-08-18,13.33,13.64,13.01,13.13,153070
2011-08-19,12.8,13.06,12.6,12.97,201440
2011-08-22,12.61,13.36,12.61,13.24,126340
2011-08-23,12.8,13.45,12.8,13.13,226880
2011-08-24,12.9,13.55,12.9,13.5,127490
2011-08-25,13.45,13.68,13.26,13.48,44580
2011-08-26,13.13,13.5,13.13,13.27,127530
2011-08-29,12.77,13.7,12.77,13.64,87820
2011-08-30,13.4,15.07,13.4,14.69,1430680
2011-09-02,15.05,15.05,14.13,14.48,410180
2011-09-05,12.01,14.55,12.01,14.5,803380
2011-09-06,12.1,14.52,12.1,14.43,569910
2011-09-07,14.02,15.1,14.02,14.96,934840
2011-09-08,15.03,15.48,14.8,15.25,653030
2011-09-09,15.0,15.6,15.0,15.31,696810
2011-09-12,14.8,15.2,14.39,14.44,1137760
2011-09-13,14.02,14.8,14.02,14.65,590340
2011-09-14,14.13,14.7,14.13,14.39,821180
2011-09-15,14.02,14.8,14.02,14.14,606550
2011-09-16,13.63,14.49,13.63,14.2,68620
2011-09-19,13.8,14.68,13.8,14.59,1805660
2011-09-20,13.87,15.6,13.87,15.38,1982910
2011-09-21,14.86,15.9,14.86,15.6,1651010
2011-09-22,15.0,15.5,14.3,14.48,417730
2011-09-23,14.02,14.78,14.01,14.51,129860
2011-09-26,14.02,14.48,14.02,14.35,121710
2011-09-27,14.3,15.4,14.3,14.42,291920
2011-09-28,14.02,14.75,14.02,14.27,71410
2011-09-29,14.02,14.3,14.01,14.11,127970
2011-09-30,14.02,14.31,13.98,14.03,57600
2011-10-03,13.63,13.99,13.61,13.81,46600
2011-10-04,13.52,14.2,13.52,13.76,49000
2011-10-05,13.31,14.05,13.24,13.29,135960
2011-10-07,13.41,14.1,13.41,13.72,134210
2011-10-10,14.27,14.51,13.9,14.03,641400
2011-10-11,14.01,14.49,13.88,14.09,396890
2011-10-12,13.91,14.25,13.91,14.19,502740
2011-10-13,13.23,14.4,13.23,14.14,160040
2011-10-14,13.92,14.31,13.92,14.11,153620
2011-10-17,14.1,14.44,14.1,14.35,112970
2011-10-18,14.2,14.35,13.95,14.31,103020
2011-10-19,13.95,14.52,13.95,14.49,78500
2011-10-20,14.02,14.45,14.02,14.15,110300
2011-10-21,13.95,14.3,13.95,14.13,71530
2011-10-24,14.3,14.32,13.98,14.05,99370
2011-10-25,13.81,14.1,13.81,13.95,108700
2011-10-26,13.95,14.35,13.95,14.15,22280
2011-10-28,14.02,14.5,13.9,14.02,100780
2011-10-31,14.48,14.5,14.06,14.22,431480
2011-11-01,13.98,14.4,13.9,13.97,170300
2011-11-02,13.81,14.06,13.65,13.8,156220
2011-11-03,13.61,14.17,13.61,13.9,56230
2011-11-04,13.81,14.1,13.75,13.78,118220
2011-11-08,13.63,14.4,13.58,13.7,122940
2011-11-09,13.61,13.93,13.6,13.76,88910
2011-11-11,13.62,13.79,12.86,12.98,370230
2011-11-14,13.29,13.39,12.73,12.8,176060
2011-11-15,12.51,12.81,11.9,12.02,233940
2011-11-16,11.71,12.4,11.6,11.69,130780
2011-11-17,11.21,11.8,11.21,11.59,117590
2011-11-18,11.23,11.5,11.0,11.3,199930
2011-11-21,11.02,11.3,10.9,10.97,211850
2011-11-22,10.61,11.19,10.61,10.95,134900
2011-11-23,10.71,10.98,10.38,10.57,198240
2011-11-24,10.41,11.5,10.41,10.97,135560
2011-11-25,10.52,11.35,10.52,10.99,86030
2011-11-28,10.74,11.38,10.74,10.85,255490
2011-11-29,10.63,10.98,10.5,10.52,134450
2011-11-30,10.35,10.68,10.35,10.6,1080770
2011-12-01,10.51,10.83,10.45,10.53,133520
2011-12-02,10.41,10.7,10.41,10.61,135040
2011-12-05,10.51,10.65,10.51,10.56,58000
2011-12-07,10.43,10.85,10.43,10.47,147100
2011-12-08,10.38,10.95,10.18,10.53,467670
2011-12-09,9.81,10.55,9.81,10.51,50970
2011-12-12,10.41,10.5,10.19,10.2,70270
2011-12-13,9.9,10.19,9.9,10.0,128590
2011-12-14,10.01,10.1,9.76,9.81,135260
2011-12-15,9.7,9.99,9.0,9.15,311710
2011-12-16,8.87,9.38,8.46,8.51,437370
2011-12-19,8.21,8.87,7.74,8.0,319020
2011-12-20,7.82,8.19,7.74,7.8,121210
2011-12-21,7.78,8.28,7.78,7.86,340730
2011-12-22,7.61,8.45,7.61,8.26,226290
2011-12-23,8.25,8.5,8.25,8.36,748760
2011-12-26,8.35,8.55,8.35,8.4,189830
2011-12-27,8.6,9.0,8.4,8.8,190490
2011-12-28,8.82,8.89,8.25,8.39,232190
2011-12-29,8.3,8.6,8.06,8.45,1468470
2011-12-30,8.35,8.8,8.35,8.72,89230
2012-01-02,8.6,8.79,8.51,8.64,62780
2012-01-03,8.69,9.05,8.65,8.96,78190
2012-01-04,9.05,9.05,8.81,8.92,61240
2012-01-05,8.99,9.19,8.91,9.06,49460
2012-01-06,9.27,9.27,8.91,9.08,74070
2012-01-07,9.26,9.35,9.19,9.25,19540
2012-01-09,9.2,9.8,9.1,9.65,140990
2012-01-10,9.7,9.95,9.65,9.81,324330
2012-01-11,9.77,10.1,9.4,9.55,331800
2012-01-12,9.47,9.63,9.46,9.58,196680
2012-01-13,9.6,10.07,9.6,9.77,546030
2012-01-16,9.96,9.96,9.56,9.6,164580
2012-01-17,9.5,9.85,9.5,9.62,369250
2012-01-18,9.77,9.77,9.47,9.51,82600
2012-01-19,9.68,9.7,9.41,9.52,89150
2012-01-20,9.4,9.69,9.05,9.19,451920
2012-01-23,9.2,9.5,9.2,9.32,105790
2012-01-24,9.25,9.45,9.25,9.35,149920
2012-01-25,9.35,9.43,9.16,9.27,339990
2012-01-27,9.23,9.3,9.01,9.13,1795370
2012-01-30,9.2,9.5,9.19,9.27,372340
2012-01-31,9.3,9.32,8.94,9.11,345400
2012-02-01,9.19,9.22,8.98,9.01,451040
2012-02-02,9.25,9.25,9.01,9.02,560590
2012-02-03,9.08,9.59,9.02,9.55,2053360
2012-02-06,9.78,10.16,9.66,9.8,1498480
2012-02-07,9.9,9.94,9.45,9.53,518140
2012-02-08,9.4,9.82,9.22,9.6,1027990
2012-02-09,9.57,10.4,9.57,10.28,1370970
2012-02-10,10.45,10.95,10.32,10.39,1789490
2012-02-13,10.5,10.6,10.15,10.43,611460
2012-02-14,10.35,10.89,10.3,10.59,695880
2012-02-15,10.8,11.49,10.7,11.2,1469570
2012-02-16,11.4,11.82,11.2,11.45,799800
2012-02-17,11.4,12.01,11.4,11.77,1941290
2012-02-21,11.98,12.15,11.6,11.85,542330
2012-02-22,11.91,11.99,11.12,11.23,282530
2012-02-23,11.15,11.37,10.51,10.96,366140
2012-02-24,10.9,11.26,10.8,10.82,206580
2012-02-27,10.84,10.9,10.15,10.24,224000
2012-02-28,10.38,10.79,10.38,10.72,163260
2012-02-29,10.7,11.1,10.63,10.76,190070
2012-03-01,10.76,10.84,10.5,10.59,160050
2012-03-02,10.78,10.78,10.41,10.48,179240
2012-03-03,10.69,10.69,10.4,10.41,17930
2012-03-05,10.51,11.1,10.3,10.76,615030
2012-03-06,10.76,10.9,10.35,10.41,250940
2012-03-07,10.07,10.61,10.07,10.39,135870
2012-03-09,10.6,10.6,10.23,10.47,192030
2012-03-12,10.6,10.69,10.47,10.55,157840
2012-03-13,10.78,10.81,10.57,10.63,132470
2012-03-14,10.23,10.8,10.2,10.48,83310
2012-03-15,10.6,10.6,10.1,10.22,161330
2012-03-16,10.7,10.7,10.01,10.15,159910
2012-03-19,10.15,10.35,10.11,10.23,125100
2012-03-20,10.33,10.33,10.01,10.11,67730
2012-03-21,10.29,10.35,10.02,10.25,104040
2012-03-22,10.14,10.5,10.14,10.32,230000
2012-03-23,10.38,10.38,10.24,10.31,134970
2012-03-26,10.11,10.55,10.01,10.09,149590
2012-03-27,10.37,10.37,9.98,10.27,165730
2012-03-28,10.35,10.54,9.97,10.44,337780
2012-03-29,10.3,10.99,10.15,10.8,647200
2012-03-30,10.95,11.24,10.5,11.19,2772140
2012-04-02,11.2,11.37,10.74,10.81,276690
2012-04-03,10.98,10.98,10.77,10.82,167120
2012-04-04,10.98,11.29,10.75,11.1,393220
2012-04-09,10.73,11.6,10.73,11.12,1027790
2012-04-10,11.16,11.34,11.02,11.17,479040
2012-04-11,11.25,11.25,10.9,11.02,216730
2012-04-12,11.17,11.17,10.91,10.96,363440
2012-04-13,11.15,11.15,10.8,10.81,422060
2012-04-16,10.72,11.06,10.65,10.71,178540
2012-04-17,10.75,11.18,10.61,10.72,501850
2012-04-18,10.81,10.86,10.67,10.73,754930
2012-04-19,10.72,10.85,10.68,10.7,764620
2012-04-20,10.81,11.31,10.65,11.01,1621570
2012-04-23,11.1,11.6,10.9,11.17,830230
2012-04-24,11.4,11.4,11.0,11.03,189420
2012-04-25,11.17,11.17,10.7,10.89,426010
2012-04-26,11.14,11.14,10.76,10.8,124180
2012-04-27,10.97,10.97,10.61,10.69,184420
2012-04-28,10.7,10.95,10.7,10.85,25150
2012-04-30,11.08,11.15,10.62,10.88,1459920
2012-05-02,10.88,10.88,10.65,10.72,187470
2012-05-03,10.86,10.86,10.47,10.63,27980
2012-05-04,10.8,10.8,10.05,10.2,231130
2012-05-07,10.16,10.5,9.88,10.31,80030
2012-05-08,10.4,10.56,10.15,10.3,159230
2012-05-09,10.15,10.43,10.1,10.13,91600
2012-05-10,10.4,10.4,9.91,10.04,156420
2012-05-11,9.98,10.19,9.77,10.06,120140
2012-05-14,10.0,10.18,9.82,9.85,21150
2012-05-15,10.0,10.0,9.6,9.8,44880
2012-05-16,9.77,9.93,9.56,9.64,89960
2012-05-17,9.69,9.78,9.41,9.48,223740
2012-05-18,9.5,10.0,9.33,9.72,121690
2012-05-21,9.6,10.09,9.47,9.85,73880
2012-05-22,10.35,10.45,9.9,10.02,161930
2012-05-23,10.1,10.1,9.72,9.95,50950
2012-05-24,10.1,10.1,9.77,9.84,62710
2012-05-25,10.03,10.03,9.82,9.9,38860
2012-05-28,9.86,9.97,9.7,9.88,94260
2012-05-29,10.06,10.55,9.9,10.03,142800
2012-05-30,10.1,10.1,9.22,9.59,1021970
2012-05-31,9.3,10.7,9.3,10.32,1173700
2012-06-01,10.24,10.24,9.4,9.5,487240
2012-06-04,9.4,9.73,9.24,9.48,83030
2012-06-05,9.48,9.6,9.15,9.25,643660
2012-06-06,9.2,9.54,9.2,9.4,407190
2012-06-07,9.64,10.69,9.4,9.69,1176320
2012-06-08,9.7,9.84,9.51,9.77,178310
2012-06-11,9.81,9.96,9.8,9.86,246340
2012-06-12,9.86,9.94,9.72,9.87,156530
2012-06-13,9.8,10.0,9.75,9.9,58810
2012-06-14,9.8,9.93,9.61,9.64,87110
2012-06-15,9.6,9.81,9.5,9.73,195360
2012-06-18,9.7,9.95,9.45,9.7,175970
2012-06-19,9.6,9.85,9.55,9.6,220890
2012-06-20,9.59,9.8,9.45,9.52,107670
2012-06-21,9.8,9.9,9.29,9.68,118540
2012-06-22,9.68,9.7,9.43,9.64,74850
2012-06-25,9.5,9.81,9.5,9.59,120940
2012-06-26,9.5,9.78,9.5,9.65,62000
2012-06-27,9.51,9.7,9.51,9.66,71330
2012-06-28,9.6,9.84,9.6,9.72,162000
2012-06-29,9.81,10.15,9.81,10.05,845660
2012-07-02,10.0,10.18,9.93,9.98,240270
2012-07-03,10.01,10.2,9.77,9.81,422980
2012-07-04,9.85,10.3,9.85,9.99,287660
2012-07-05,10.15,10.15,9.96,10.01,1135050
2012-07-06,10.01,10.34,9.98,10.02,764550
2012-07-09,10.0,10.18,9.98,10.06,623110
2012-07-10,10.1,10.12,10.03,10.06,433140
2012-07-11,10.27,10.35,10.01,10.23,1825650
2012-07-12,10.56,11.13,10.5,10.57,10994970
2012-07-13,10.69,10.89,10.52,10.59,1856390
2012-07-16,10.45,10.49,9.98,10.13,1008190
2012-07-17,10.13,10.24,9.7,9.75,520170
2012-07-18,9.66,10.16,9.66,9.93,789180
2012-07-19,9.8,10.13,9.56,9.67,412830
2012-07-20,9.67,9.79,9.47,9.6,530190
2012-07-23,9.55,9.75,9.31,9.41,219990
2012-07-24,9.3,9.6,9.3,9.4,225980
2012-07-25,9.3,9.55,9.19,9.24,125970
2012-07-26,9.19,9.4,9.15,9.2,149140
2012-07-27,9.23,9.32,8.8,8.87,313630
2012-07-30,9.74,9.74,8.5,8.84,500900
2012-07-31,8.7,8.97,8.7,8.86,202900
2012-08-01,8.7,8.98,8.7,8.93,178530
2012-08-02,8.97,9.2,8.72,9.05,212410
2012-08-03,9.05,9.23,8.85,9.14,254380
2012-08-06,9.29,9.47,8.9,9.41,247170
2012-08-07,9.45,9.97,9.45,9.53,2072890
2012-08-08,9.63,9.72,9.4,9.44,252500
2012-08-09,9.35,9.7,9.2,9.27,341870
2012-08-10,9.49,9.49,8.97,9.02,266450
2012-08-13,9.03,9.25,8.97,9.16,192240
2012-08-14,9.11,9.44,9.1,9.14,308960
2012-08-16,9.17,9.3,9.03,9.23,210520
2012-08-17,9.89,9.89,9.26,9.3,505000
2012-08-21,9.3,9.55,9.2,9.4,303740
2012-08-22,9.35,9.44,8.96,9.03,425580
2012-08-23,9.03,9.03,8.85,8.91,401900
2012-08-24,9.0,9.3,8.9,8.95,1080000
2012-08-27,8.94,9.79,8.94,9.68,2341380
2012-08-28,10.0,10.48,9.18,9.29,9195330
2012-08-29,9.3,9.39,8.97,9.01,865100
2012-08-30,8.95,9.24,8.81,9.01,803320
2012-08-31,9.01,9.45,8.93,9.2,604630
2012-09-03,9.2,9.28,8.94,8.97,433610
2012-09-04,8.92,9.13,8.9,8.91,572830
2012-09-05,8.92,9.18,8.81,8.85,1326250
2012-09-06,8.85,9.05,8.78,8.81,409670
2012-09-07,8.9,9.18,8.84,8.88,605460
2012-09-08,8.94,9.05,8.86,8.9,62660
2012-09-10,8.86,8.99,8.86,8.91,327050
2012-09-11,8.85,9.04,8.85,8.88,228340
2012-09-12,8.9,9.19,8.9,9.01,630150
2012-09-13,9.11,9.35,9.02,9.06,1711700
2012-09-14,9.15,9.38,8.99,9.02,1196250
2012-09-17,9.23,9.23,9.03,9.11,513900
2012-09-18,9.06,9.24,9.06,9.12,563190
2012-09-20,9.09,9.31,8.96,9.13,918640
2012-09-21,9.15,9.22,9.1,9.16,505930
2012-09-24,9.3,9.53,9.15,9.29,776220
2012-09-25,9.3,9.39,9.26,9.34,274640
2012-09-26,9.49,9.84,9.4,9.7,2202600
2012-09-27,9.76,9.82,9.5,9.69,802000
2012-09-28,9.61,9.9,9.61,9.75,748880
2012-10-01,9.65,9.9,9.65,9.81,418520
2012-10-03,9.99,10.15,9.71,9.94,1358540
2012-10-04,10.02,10.6,9.95,10.38,6456870
2012-10-05,10.49,10.53,9.9,10.15,1132540
2012-10-08,10.2,10.75,10.06,10.44,2602460
2012-10-09,10.44,11.14,10.44,10.77,4006800
2012-10-10,10.85,10.95,10.5,10.59,1140510
2012-10-11,10.7,10.98,10.67,10.89,1645310
2012-10-12,10.9,11.34,10.81,11.18,2222010
2012-10-15,11.31,11.78,11.28,11.67,3142720
2012-10-16,11.89,11.89,11.2,11.26,1415140
2012-10-17,11.4,11.4,10.9,10.97,721790
2012-10-18,11.0,11.64,10.92,11.44,2012530
2012-10-19,11.5,11.55,11.1,11.16,552060
2012-10-22,11.16,11.4,10.9,11.09,628760
2012-10-23,11.01,11.4,11.0,11.05,504810
2012-10-25,11.05,11.31,10.9,10.99,763960
2012-10-26,11.05,11.05,10.2,10.43,1049070
2012-10-29,10.41,10.57,10.31,10.44,472100
2012-10-30,10.43,10.53,10.23,10.35,1823400
2012-10-31,10.49,10.68,10.4,10.54,1040930
2012-11-01,10.69,10.8,10.5,10.57,853930
2012-11-02,10.67,10.89,10.4,10.46,1503270
2012-11-05,10.4,10.4,9.51,9.91,2249360
2012-11-06,9.75,10.13,9.6,9.68,796270
2012-11-07,9.73,9.89,9.45,9.48,964610
2012-11-08,9.45,9.63,9.32,9.55,587010
2012-11-09,9.66,9.66,9.34,9.44,324280
2012-11-12,9.36,9.44,9.15,9.28,302670
2012-11-13,9.35,9.64,9.22,9.51,345120
2012-11-15,9.5,9.56,9.15,9.53,970650
2012-11-16,9.4,9.59,9.27,9.38,427060
2012-11-19,9.31,9.42,9.11,9.24,310480
2012-11-20,9.55,9.55,9.1,9.13,238740
2012-11-21,9.37,9.7,9.06,9.22,283810
2012-11-22,9.39,9.39,9.13,9.22,115190
2012-11-23,9.2,9.3,9.11,9.2,201930
2012-11-26,9.16,9.4,9.16,9.26,378320
2012-11-27,9.25,9.45,9.2,9.39,389610
2012-11-29,9.4,9.55,9.4,9.49,323960
2012-11-30,9.51,9.66,9.34,9.51,357580
2012-12-03,9.55,9.7,9.47,9.48,175400
2012-12-04,9.45,9.65,9.45,9.55,195080
2012-12-05,9.45,9.8,9.45,9.56,390790
2012-12-06,9.6,9.74,9.51,9.64,177250
2012-12-07,9.62,9.88,9.39,9.74,795930
2012-12-10,9.8,9.9,9.61,9.65,102670
2012-12-11,9.63,9.68,9.26,9.34,443530
2012-12-12,9.3,9.48,9.3,9.37,173860
2012-12-13,9.31,9.44,9.17,9.2,308020
2012-12-14,9.18,9.36,9.18,9.31,142160
2012-12-17,9.4,9.4,9.25,9.35,71580
2012-12-18,9.28,9.4,9.28,9.32,113820
2012-12-19,9.31,9.41,9.3,9.31,136660
2012-12-20,9.25,9.37,9.2,9.22,118470
2012-12-21,9.2,9.29,9.12,9.16,171900
2012-12-24,9.2,9.3,9.0,9.11,223610
2012-12-26,9.1,9.39,9.08,9.18,131820
2012-12-27,9.11,9.25,9.11,9.2,266120
2012-12-28,9.15,9.29,9.15,9.16,97710
2013-01-01,9.32,9.47,9.32,9.42,141520
2013-01-02,9.4,9.6,9.4,9.49,162600
2013-01-03,9.4,9.56,9.4,9.54,186040
2013-01-04,9.5,9.56,9.43,9.49,146680
2013-01-07,9.5,9.65,9.42,9.52,138950
2013-01-08,9.45,9.52,9.03,9.26,710330
2013-01-09,9.19,9.43,9.19,9.26,153170
2013-01-10,9.38,9.41,9.2,9.26,114190
2013-01-11,9.39,9.39,9.07,9.11,185050
2013-01-14,9.6,9.6,9.32,9.4,564820
2013-01-15,9.31,9.5,9.31,9.41,335000
2013-01-16,9.2,9.44,9.2,9.34,105600
2013-01-17,9.4,9.46,9.26,9.38,298050
2013-01-18,9.31,9.4,9.31,9.35,86120
2013-01-21,9.3,9.42,9.11,9.19,129100
2013-01-22,9.19,9.32,9.02,9.1,185810
2013-01-23,9.1,9.1,8.94,8.99,273350
2013-01-24,8.98,8.99,8.73,8.86,118390
2013-01-25,9.06,9.06,8.82,8.9,123780
2013-01-28,8.6,9.2,8.6,8.82,1200110
2013-01-29,8.73,8.84,8.73,8.79,80670
2013-01-30,9.0,9.0,8.7,8.88,647980
2013-01-31,8.8,8.94,8.75,8.77,54230
2013-02-01,8.75,8.87,8.74,8.79,40120
2013-02-04,8.71,8.99,8.61,8.65,83010
2013-02-05,8.62,8.79,8.51,8.6,759790
2013-02-06,8.4,8.8,8.31,8.57,449770
2013-02-07,8.55,8.6,8.4,8.44,164600
2013-02-08,8.44,8.45,8.27,8.31,222570
2013-02-11,8.3,8.55,8.21,8.3,125170
2013-02-12,8.44,8.44,8.21,8.32,128110
2013-02-13,8.36,8.55,8.26,8.29,130690
2013-02-14,8.28,8.34,8.0,8.02,125160
2013-02-15,8.15,8.15,7.74,7.8,204070
2013-02-18,7.85,7.93,7.7,7.89,200410
2013-02-19,7.9,8.14,7.82,8.09,203420
2013-02-20,8.1,8.29,8.0,8.1,100900
2013-02-21,8.0,8.05,7.84,7.89,109850
2013-02-22,7.88,8.1,7.78,7.86,82940
2013-02-25,7.86,7.94,7.8,7.8,34250
2013-02-26,7.9,7.9,7.57,7.61,94860
2013-02-27,7.66,7.75,7.41,7.61,425730
2013-02-28,7.61,7.61,7.3,7.36,137380
2013-03-01,7.5,7.7,7.2,7.3,72290
2013-03-04,7.45,7.45,6.99,7.01,107170
2013-03-05,7.18,7.2,6.87,6.97,614680
2013-03-06,7.07,7.1,6.86,7.07,615200
2013-03-07,7.05,7.2,7.0,7.17,110950
2013-03-08,7.1,7.35,7.1,7.22,127770
2013-03-11,7.22,7.39,7.2,7.27,128830
2013-03-12,7.25,7.49,7.15,7.3,188500
2013-03-13,7.32,7.32,7.16,7.21,52550
2013-03-14,7.2,7.24,6.78,6.84,300700
2013-03-15,7.04,7.04,6.51,6.69,498980
2013-03-18,6.6,6.84,6.53,6.79,385540
2013-03-19,6.83,7.11,6.64,6.76,128210
2013-03-20,6.7,6.89,6.61,6.66,149850
2013-03-21,6.61,6.86,6.5,6.64,151500
2013-03-22,6.5,6.87,6.4,6.7,164790
2013-03-25,6.72,6.8,6.32,6.41,288650
2013-03-26,6.5,6.59,6.4,6.41,70750
2013-03-28,6.41,6.55,6.36,6.47,177410
2013-04-01,6.4,7.08,6.4,6.92,157800
2013-04-02,6.82,7.1,6.65,6.89,260380
2013-04-03,6.99,7.05,6.7,6.77,249790
2013-04-04,7.0,7.0,6.61,6.64,69620
2013-04-05,6.51,6.82,6.51,6.64,87640
2013-04-08,6.76,6.89,6.6,6.72,1575570
2013-04-09,6.7,6.83,6.65,6.7,57370
2013-04-10,6.6,6.78,6.53,6.55,44920
2013-04-11,6.6,6.7,6.48,6.61,106120
2013-04-12,6.78,6.99,6.51,6.92,121980
2013-04-15,6.97,6.97,6.75,6.89,162180
2013-04-16,6.94,7.04,6.82,6.99,134230
2013-04-17,7.0,7.12,6.89,6.96,119990
2013-04-18,6.93,7.1,6.8,7.02,169190
2013-04-22,7.0,7.1,6.9,7.07,57710
2013-04-23,7.0,7.1,6.93,7.08,56580
2013-04-25,7.03,7.16,7.03,7.09,63910
2013-04-26,7.03,7.3,7.0,7.11,52960
2013-04-29,7.2,7.2,7.0,7.18,227180
2013-04-30,7.24,7.48,7.2,7.3,214390
2013-05-02,7.3,7.55,7.12,7.43,154600
2013-05-03,7.41,7.53,7.31,7.45,1616670
2013-05-06,7.57,7.57,7.3,7.32,197050
2013-05-07,7.33,7.6,7.25,7.3,104080
2013-05-08,7.28,7.3,7.11,7.16,92410
2013-05-09,7.2,7.26,7.05,7.13,92670
2013-05-10,7.1,7.16,7.0,7.05,41720
2013-05-11,7.03,7.11,6.94,7.01,11210
2013-05-13,7.01,7.2,6.92,6.97,43150
2013-05-14,6.74,7.07,6.74,6.97,53630
2013-05-15,6.97,7.2,6.93,7.09,102520
2013-05-16,6.95,7.72,6.95,7.39,564340
2013-05-17,7.39,7.43,7.07,7.26,185550
2013-05-20,7.59,7.59,7.34,7.38,94540
2013-05-21,7.36,7.43,7.29,7.35,53900
2013-05-22,7.3,7.4,7.05,7.11,82790
2013-05-23,7.1,7.2,6.8,6.91,138890
2013-05-24,6.5,6.59,6.2,6.52,566550
2013-05-27,6.32,7.53,6.32,7.07,889680
2013-05-28,7.1,7.1,6.9,7.0,168720
2013-05-29,6.97,7.05,6.57,6.68,206370
2013-05-30,6.67,7.09,6.64,6.87,192840
2013-05-31,6.82,6.83,6.6,6.64,51110
2013-06-03,6.89,7.2,6.8,7.05,390950
2013-06-04,7.1,7.4,6.98,7.13,223010
2013-06-05,7.08,7.24,7.01,7.01,278420
2013-06-06,6.97,6.99,6.81,6.93,58490
2013-06-07,6.9,6.95,6.66,6.72,99240
2013-06-10,6.6,6.88,6.59,6.64,91670
2013-06-11,6.6,6.66,6.27,6.41,119510
2013-06-12,6.41,6.45,6.2,6.25,108420
2013-06-13,6.2,6.29,6.07,6.17,70310
2013-06-14,6.1,6.49,6.1,6.3,43780
2013-06-17,6.45,6.45,6.09,6.14,119750
2013-06-18,6.26,6.28,6.09,6.11,171160
2013-06-19,6.1,6.22,6.09,6.13,52420
2013-06-20,6.07,6.09,5.97,6.01,116060
2013-06-21,6.01,6.34,6.01,6.07,197080
2013-06-24,5.93,6.05,5.93,5.99,65190
2013-06-25,6.05,6.06,5.82,5.86,49060
2013-06-26,5.8,6.0,5.74,5.78,70290
2013-06-27,5.7,5.77,5.35,5.49,168670
2013-06-28,5.42,5.69,5.39,5.62,845370
2013-07-01,5.6,5.8,5.53,5.68,1332320
2013-07-02,6.1,6.15,5.41,5.5,6846530
2013-07-03,5.45,5.45,5.24,5.26,744600
2013-07-04,5.24,5.32,5.02,5.2,732140
2013-07-05,5.26,5.36,5.2,5.26,413400
2013-07-08,5.26,5.26,5.07,5.2,381770
2013-07-09,5.21,5.27,5.13,5.2,411740
2013-07-10,5.16,5.29,5.16,5.22,233480
2013-07-11,5.2,5.28,5.15,5.21,351640
2013-07-12,5.2,5.24,5.17,5.2,185130
2013-07-15,5.06,5.19,5.04,5.15,222230
2013-07-16,5.1,5.18,5.05,5.11,402970
2013-07-17,5.07,5.12,4.9,4.97,288250
2013-07-18,4.97,5.05,4.94,4.99,328170
2013-07-19,4.99,5.05,4.65,4.8,271680
2013-07-22,4.78,4.8,4.57,4.73,217120
2013-07-23,4.8,4.82,4.65,4.66,115710
2013-07-24,4.66,4.66,4.47,4.52,202190
2013-07-25,4.64,4.64,4.3,4.38,424500
2013-07-26,4.38,4.38,3.93,3.98,455210
2013-07-29,3.98,3.98,3.63,3.67,823330
2013-07-30,3.65,3.7,3.57,3.62,857940
2013-07-31,3.59,3.59,3.19,3.22,1214240
2013-08-01,3.3,3.6,3.26,3.35,1681050
2013-08-02,3.4,3.4,3.2,3.26,171270
2013-08-05,3.34,3.58,3.16,3.3,2729790
2013-08-06,3.25,3.38,3.21,3.33,96090
2013-08-07,3.22,3.55,3.22,3.52,155060
2013-08-08,3.55,3.55,3.36,3.4,222510
2013-08-12,3.45,3.59,3.17,3.21,846560
2013-08-13,3.2,3.3,3.14,3.27,507150
2013-08-14,3.32,3.89,3.27,3.78,917320
2013-08-16,3.82,3.9,3.63,3.66,560400
2013-08-19,3.7,3.7,3.52,3.54,79850
2013-08-20,3.5,3.56,3.34,3.52,145630
2013-08-21,3.47,3.6,3.42,3.47,98960
2013-08-22,3.41,3.65,3.36,3.6,114080
2013-08-23,3.55,3.84,3.55,3.8,238400
2013-08-26,3.75,3.92,3.75,3.78,162020
2013-08-27,3.75,3.84,3.58,3.63,663490
2013-08-28,3.56,3.65,3.38,3.52,276420
2013-08-29,3.51,3.54,3.4,3.43,158950
2013-08-30,3.41,3.6,3.41,3.47,694790
2013-09-02,3.48,3.65,3.43,3.48,133590
2013-09-03,3.45,3.48,3.4,3.4,81030
2013-09-04,3.37,3.47,3.36,3.45,84230
2013-09-05,3.6,3.6,3.45,3.53,601110
2013-09-06,3.5,3.6,3.46,3.48,177040
2013-09-10,3.4,3.6,3.4,3.57,285950
2013-09-11,3.68,3.73,3.51,3.56,394100
2013-09-12,3.6,3.69,3.48,3.5,395950
2013-09-13,3.52,3.55,3.45,3.49,308800
2013-09-16,3.49,3.55,3.45,3.47,152470
2013-09-17,3.43,3.53,3.4,3.45,116760
2013-09-18,3.46,3.52,3.39,3.42,466450
2013-09-19,3.4,3.71,3.4,3.56,1143670
2013-09-20,3.52,3.55,3.43,3.48,164580
2013-09-23,3.47,3.5,3.41,3.48,115180
2013-09-24,3.48,3.58,3.38,3.45,84240
2013-09-25,3.43,3.55,3.4,3.52,307090
2013-09-26,3.55,3.62,3.51,3.57,107570
2013-09-27,3.5,4.14,3.5,3.85,1295900
2013-09-30,3.83,3.85,3.71,3.73,164320
2013-10-01,3.7,3.83,3.63,3.67,311700
2013-10-03,3.75,3.75,3.62,3.67,479830
2013-10-04,3.65,3.7,3.58,3.6,264880
2013-10-07,3.67,3.69,3.57,3.61,500090
2013-10-08,3.61,3.64,3.57,3.58,163810
2013-10-09,3.55,3.76,3.52,3.71,300370
2013-10-10,3.71,3.8,3.65,3.66,408780
2013-10-11,3.73,3.75,3.48,3.5,1021240
2013-10-14,3.59,3.59,3.47,3.48,935460
2013-10-15,3.53,3.96,3.48,3.83,1932200
2013-10-17,3.89,4.19,3.78,4.07,2043490
2013-10-18,4.1,4.58,4.1,4.36,1574610
2013-10-21,4.36,4.59,4.34,4.45,940960
2013-10-22,4.42,4.45,4.3,4.37,607500
2013-10-23,4.43,4.51,4.22,4.26,334830
2013-10-24,4.38,4.4,3.94,4.1,670150
2013-10-25,4.07,4.14,3.91,3.92,365680
2013-10-28,3.93,4.05,3.83,3.92,576100
2013-10-29,4.0,4.03,3.82,3.9,682550
2013-10-30,3.9,4.18,3.88,4.05,1934130
2013-10-31,4.03,4.41,3.96,4.35,2640940
2013-11-01,4.39,4.89,4.39,4.63,1678440
2013-11-03,4.7,5.13,4.65,4.95,965980
2013-11-05,5.1,5.34,4.9,5.18,1353570
2013-11-06,5.2,5.55,5.16,5.22,1232720
2013-11-07,5.22,5.49,5.11,5.24,2326270
2013-11-08,5.24,5.4,5.2,5.24,459910
2013-11-11,5.3,5.39,4.92,4.95,1120150
2013-11-12,5.03,5.03,4.61,4.68,662450
2013-11-13,4.6,4.8,4.56,4.7,645900
2013-11-14,4.78,4.83,4.65,4.68,287980
2013-11-18,4.6,4.84,4.6,4.76,374830
2013-11-19,4.65,4.95,4.65,4.92,277960
2013-11-20,4.92,5.68,4.87,5.29,1382630
2013-11-21,5.29,5.49,5.16,5.22,522550
2013-11-22,5.3,5.81,5.24,5.41,1712070
2013-11-25,5.5,5.55,5.31,5.43,687800
2013-11-26,5.36,5.46,5.25,5.36,470720
2013-11-27,5.35,5.53,5.16,5.41,565630
2013-11-28,5.45,5.58,5.32,5.39,619270
2013-11-29,5.49,5.54,5.36,5.43,420450
2013-12-02,5.34,5.5,5.11,5.15,1246680
2013-12-03,5.2,5.43,5.19,5.28,353480
2013-12-04,5.25,6.04,5.2,5.91,3888610
2013-12-05,5.95,5.98,5.31,5.48,2038140
2013-12-06,5.55,5.82,5.37,5.64,1097120
2013-12-09,5.7,5.75,5.45,5.53,426790
2013-12-10,5.45,5.68,5.43,5.47,490160
2013-12-11,5.5,5.65,5.41,5.45,474490
2013-12-12,5.41,5.59,5.31,5.35,242770
2013-12-13,5.3,5.45,5.23,5.27,215110
2013-12-16,5.27,5.41,5.24,5.25,232090
2013-12-17,5.35,5.38,4.95,5.03,275860
2013-12-18,5.03,5.49,5.03,5.17,850600
2013-12-19,5.27,5.3,5.12,5.15,256890
2013-12-20,5.2,5.44,5.1,5.32,672130
2013-12-23,5.35,5.54,5.3,5.41,828250
2013-12-24,5.5,5.59,5.41,5.49,478840
2013-12-26,5.5,5.56,5.31,5.39,455020
2013-12-27,5.39,6.13,5.39,5.82,4798920
2013-12-30,5.98,6.47,5.81,6.36,9706370
2013-12-31,6.48,6.59,6.09,6.16,6641100
2014-01-01,6.07,6.28,6.07,6.11,872380
2014-01-02,6.13,6.38,5.86,5.91,1473580
2014-01-03,6.03,6.1,5.86,5.99,697430
2014-01-06,5.95,6.16,5.89,6.0,554340
2014-01-07,5.95,6.2,5.88,6.14,1053900
2014-01-08,6.15,6.34,6.0,6.04,1220700
2014-01-09,6.04,6.17,5.96,5.97,531730
2014-01-10,5.9,6.04,5.88,5.89,889890
2014-01-13,5.89,6.05,5.86,5.88,315220
2014-01-14,5.85,6.09,5.85,6.0,527680
2014-01-15,5.95,5.99,5.76,5.8,556930
2014-01-16,5.9,5.94,5.67,5.78,314070
2014-01-17,5.71,5.95,5.63,5.68,309890
2014-01-20,5.75,5.82,5.64,5.72,185210
2014-01-21,5.63,5.77,5.63,5.65,236100
2014-01-22,5.72,5.8,5.66,5.73,193140
2014-01-23,5.72,5.78,5.57,5.6,150600
2014-01-24,5.59,5.59,5.34,5.37,217150
2014-01-27,5.33,5.5,5.21,5.26,236150
2014-01-28,5.2,5.39,5.2,5.32,136010
2014-01-29,5.34,5.5,5.33,5.43,204510
2014-01-30,5.35,5.35,5.13,5.23,502950
2014-01-31,5.22,5.35,5.13,5.26,148790
2014-02-03,5.21,5.55,5.21,5.38,274930
2014-02-04,5.33,5.4,5.15,5.34,167580
2014-02-05,5.3,5.42,5.25,5.28,111970
2014-02-06,5.33,5.33,5.15,5.18,274660
2014-02-07,5.18,5.28,5.16,5.18,132760
2014-02-10,5.24,5.3,5.11,5.16,140060
2014-02-11,5.1,5.3,5.1,5.2,294050
2014-02-12,5.16,5.2,4.82,4.86,682400
2014-02-13,4.9,4.93,4.7,4.72,142890
2014-02-14,4.7,4.88,4.7,4.8,260990
2014-02-17,4.8,4.8,4.61,4.63,138640
2014-02-18,4.8,4.8,4.63,4.76,485710
2014-02-19,4.76,4.95,4.72,4.8,313380
2014-02-20,4.7,5.0,4.7,4.89,1638100
2014-02-21,4.89,4.97,4.82,4.85,193800
2014-02-24,4.83,4.94,4.75,4.77,195270
2014-02-25,4.75,4.84,4.63,4.66,1509930
2014-02-26,4.69,4.78,4.66,4.72,103260
2014-02-28,4.72,4.75,4.6,4.64,125790
2014-03-03,4.69,4.71,4.6,4.61,146150
2014-03-04,4.6,4.67,4.5,4.64,165450
2014-03-05,4.61,4.8,4.61,4.67,136280
2014-03-06,4.74,5.6,4.72,5.41,6102270
2014-03-07,5.45,5.52,5.22,5.29,1100850
2014-03-10,5.24,5.5,5.13,5.24,412020
2014-03-11,5.24,5.4,5.07,5.18,706100
2014-03-12,5.11,5.3,5.11,5.18,405430
2014-03-13,5.2,5.25,5.11,5.13,206610
2014-03-14,4.95,5.2,4.82,4.99,418720
2014-03-18,5.01,5.12,4.95,4.98,343990
2014-03-19,5.0,5.19,4.91,5.11,938840
2014-03-20,5.03,5.27,4.89,5.12,265330
2014-03-21,5.05,5.19,5.03,5.03,247260
2014-03-22,5.02,5.11,5.02,5.09,16530
2014-03-24,5.05,5.19,5.05,5.09,192200
2014-03-25,5.09,5.14,5.03,5.07,1096350
2014-03-26,5.13,5.2,4.92,4.95,728520
2014-03-27,4.96,5.15,4.88,4.93,765350
2014-03-28,5.0,5.18,4.97,5.16,513690
2014-03-31,5.16,5.93,5.16,5.66,5010500
2014-04-01,5.74,5.76,5.59,5.65,828690
2014-04-02,5.78,5.85,5.64,5.72,629070
2014-04-03,5.68,5.76,5.59,5.61,499340
2014-04-04,5.55,5.7,5.55,5.64,377950
2014-04-07,5.69,6.29,5.69,6.19,3259680
2014-04-09,6.1,6.28,5.94,6.22,1828170
2014-04-10,6.31,6.63,6.28,6.41,3243020
2014-04-11,6.35,6.39,6.16,6.23,491380
2014-04-15,6.25,6.26,6.02,6.06,272460
2014-04-16,6.03,6.2,5.74,5.81,725530
2014-04-17,5.9,5.95,5.82,5.89,432670
2014-04-21,5.99,6.0,5.88,5.93,1096960
2014-04-22,6.03,6.39,5.96,6.24,2997690
2014-04-23,6.3,6.49,6.26,6.32,1139920
2014-04-25,6.3,6.74,6.1,6.6,2040860
2014-04-28,6.61,6.79,6.5,6.52,738480
2014-04-29,6.5,6.75,6.2,6.27,1232670
2014-04-30,6.28,6.39,6.04,6.07,1362460
2014-05-02,5.95,6.18,5.95,6.03,348380
2014-05-05,6.24,6.24,6.0,6.05,302500
2014-05-06,5.99,6.16,5.99,6.0,321690
2014-05-07,6.0,6.0,5.91,5.95,234180
2014-05-08,5.95,5.99,5.81,5.86,172710
2014-05-09,5.89,6.13,5.84,6.01,701250
2014-05-12,6.2,6.2,6.01,6.05,535640
2014-05-13,6.1,6.22,6.0,6.03,327770
2014-05-14,6.18,6.2,5.98,6.07,631580
2014-05-15,6.14,6.2,5.96,6.01,782010
2014-05-16,6.09,6.4,6.01,6.32,821950
2014-05-19,6.3,7.29,6.28,7.09,2774140
2014-05-20,7.09,7.45,6.95,7.11,1230520
2014-05-21,7.22,7.7,7.2,7.39,1390380
2014-05-22,7.45,7.68,7.3,7.41,1316990
2014-05-23,7.59,7.6,7.3,7.38,629480
2014-05-26,7.79,7.79,6.4,6.99,990100
2014-05-27,6.95,7.09,6.58,6.94,792690
2014-05-28,6.87,7.25,6.75,6.86,557830
2014-05-29,6.99,7.06,6.8,6.82,234520
2014-05-30,6.82,7.14,6.8,7.07,563450
2014-06-02,7.58,7.9,7.1,7.66,1959770
2014-06-03,7.82,7.9,7.61,7.73,1163440
2014-06-04,7.8,8.2,7.61,8.01,1832380
2014-06-05,8.01,8.65,8.0,8.36,2386100
2014-06-06,8.38,8.8,8.23,8.31,1885360
2014-06-09,8.4,8.66,8.35,8.45,1109390
2014-06-10,8.5,8.55,8.05,8.41,712830
2014-06-11,8.48,8.64,8.05,8.13,876460
2014-06-12,8.2,8.24,8.0,8.01,508480
2014-06-13,8.03,8.35,7.5,7.76,1714770
2014-06-16,7.98,8.3,7.41,7.72,1216630
2014-06-17,7.7,8.15,7.7,8.03,784190
2014-06-18,8.05,8.1,7.53,7.6,1234930
2014-06-19,7.7,7.91,7.57,7.82,391190
2014-06-20,7.8,7.99,7.4,7.52,804600
2014-06-23,7.64,7.64,7.22,7.38,319000
2014-06-24,7.49,7.89,7.4,7.59,927300
2014-06-25,7.67,7.99,7.61,7.91,737910
2014-06-26,8.0,8.0,7.77,7.82,300130
2014-06-27,7.87,8.13,7.75,8.02,888780
2014-06-30,8.0,8.7,7.9,8.48,3478540
2014-07-01,8.58,8.88,8.58,8.65,1926160
2014-07-02,8.74,8.91,8.43,8.81,1680480
2014-07-03,8.88,9.03,8.55,8.62,1733350
2014-07-04,8.7,9.2,8.56,9.05,3323680
2014-07-07,9.15,10.67,9.05,10.0,6792020
2014-07-08,9.9,10.19,8.71,9.01,3181020
2014-07-09,8.97,9.54,8.8,8.99,2418610
2014-07-10,8.99,9.55,8.41,9.05,1712430
2014-07-11,9.05,9.4,8.35,8.48,1077550
2014-07-14,8.5,8.67,8.41,8.51,416760
2014-07-15,8.59,8.79,8.55,8.63,328960
2014-07-16,8.64,9.18,8.64,8.98,955920
2014-07-17,8.98,9.28,8.81,9.1,755610
2014-07-18,9.05,9.21,8.85,8.93,464220
2014-07-21,9.08,9.19,8.96,9.02,714650
2014-07-22,9.03,9.38,8.96,9.1,795610
2014-07-23,9.03,9.24,8.84,8.87,556660
2014-07-24,8.99,10.47,8.81,10.2,14068020
2014-07-25,10.27,10.45,9.4,9.51,6422150
2014-07-28,9.5,10.0,9.28,9.78,3427650
2014-07-30,9.9,10.64,8.91,9.06,13773250
2014-07-31,8.98,9.17,8.63,8.84,3372970
2014-08-01,8.7,9.15,8.64,8.73,2160800
2014-08-04,8.76,9.13,8.76,8.94,1412660
2014-08-05,8.94,9.4,8.9,9.2,3273510
2014-08-06,9.15,9.24,9.0,9.01,2238690
2014-08-07,8.9,9.08,8.76,8.84,692660
2014-08-08,8.7,8.74,8.5,8.56,782580
2014-08-11,8.76,8.89,8.6,8.64,594390
2014-08-12,8.7,8.86,8.6,8.76,1053690
2014-08-13,8.7,8.8,8.12,8.24,1032250
2014-08-14,8.25,8.65,8.01,8.53,1253290
2014-08-18,8.37,8.87,8.37,8.7,725840
2014-08-19,8.6,8.94,8.6,8.7,783830
2014-08-20,8.8,8.94,8.63,8.73,1342320
2014-08-21,8.74,9.22,8.72,9.09,1933540
2014-08-22,9.24,9.75,9.23,9.61,4638250
2014-08-25,9.62,9.84,9.2,9.23,1764360
2014-08-26,9.3,9.33,8.81,8.99,566900
2014-08-27,8.98,9.19,8.9,8.94,416120
2014-08-28,8.75,9.09,8.73,8.78,532890
2014-09-01,8.8,9.15,8.7,9.01,1461250
2014-09-02,9.1,9.37,8.94,9.02,1191660
2014-09-03,9.03,9.34,9.03,9.08,817280
2014-09-04,9.15,9.21,8.91,9.11,795050
2014-09-05,9.1,9.7,9.1,9.55,2146370
2014-09-08,9.54,10.55,9.54,10.27,6408240
2014-09-09,10.6,11.25,10.51,10.65,7517580
2014-09-10,10.53,11.68,10.35,11.3,9594330
2014-09-11,11.38,13.56,11.3,13.56,17630490
2014-09-12,14.1,14.77,13.27,13.56,13265860
2014-09-15,13.3,14.27,13.13,13.49,4621930
2014-09-16,13.75,13.9,12.15,12.19,4192220
2014-09-17,12.31,13.13,11.66,12.9,4720060
2014-09-18,12.98,13.69,12.56,13.35,3683790
2014-09-19,13.44,13.61,12.5,12.79,2032290
2014-09-22,12.7,13.18,12.58,12.78,1153160
2014-09-23,12.7,12.94,11.51,11.56,16699650
2014-09-24,11.44,11.56,11.03,11.26,1598040
2014-09-25,11.3,11.48,10.53,10.66,1477040
2014-09-26,10.9,11.49,10.51,10.99,1771770
2014-09-29,11.15,11.67,11.01,11.24,856120
2014-09-30,11.24,11.86,11.0,11.11,1654950
2014-10-01,11.03,11.42,11.03,11.17,724140
2014-10-07,11.2,11.59,11.05,11.21,1209960
2014-10-08,11.1,11.48,11.1,11.33,500750
2014-10-09,11.48,11.93,11.4,11.72,1914140
2014-10-10,11.58,12.06,11.34,11.48,2819230
2014-10-13,11.45,11.9,11.45,11.82,1204250
2014-10-14,11.97,11.97,11.48,11.55,1543950
2014-10-16,11.38,11.93,11.36,11.4,1522350
2014-10-17,11.4,11.58,10.93,11.23,871340
2014-10-20,11.4,11.54,11.22,11.31,567040
2014-10-21,11.23,11.78,11.23,11.63,1351050
2014-10-22,11.71,11.95,11.42,11.69,1272550
2014-10-23,11.77,11.82,11.61,11.74,151100
2014-10-27,11.66,11.9,11.62,11.66,527010
2014-10-28,11.64,11.76,11.51,11.59,471490
2014-10-29,11.59,11.79,11.59,11.69,618880
2014-10-30,11.75,11.88,11.63,11.69,316170
2014-10-31,11.7,12.0,11.58,11.68,3444250
2014-11-03,11.67,11.88,11.4,11.69,759580
2014-11-05,11.7,11.95,11.42,11.6,1875450
2014-11-07,11.66,11.77,11.27,11.45,918990
2014-11-10,11.45,12.3,11.44,11.73,4115990
2014-11-11,11.76,11.93,11.56,11.85,2466770
2014-11-12,11.97,12.06,11.53,11.7,17914730
2014-11-13,11.87,11.97,11.53,11.62,4830870
2014-11-14,11.65,11.93,11.63,11.68,2375980
2014-11-17,11.63,14.02,11.55,14.02,14029410
2014-11-18,14.3,14.69,13.71,13.9,11603010
2014-11-19,14.15,15.85,14.15,14.85,28028420
2014-11-20,14.94,15.29,14.14,14.47,7876250
2014-11-21,14.58,15.06,14.2,14.32,5391620
2014-11-24,14.43,14.8,14.08,14.15,3120250
2014-11-25,14.05,14.23,13.02,13.38,3688630
2014-11-26,13.32,13.79,13.22,13.45,2269230
2014-11-27,13.45,14.93,13.31,14.36,8798060
2014-11-28,14.53,15.1,14.36,14.47,6387390
2014-12-01,14.7,15.6,14.6,15.08,9228570
2014-12-02,14.95,15.15,14.53,14.85,2561030
2014-12-03,14.91,15.49,14.91,15.25,5023030
2014-12-04,15.34,15.4,14.81,14.96,2037800
2014-12-05,14.96,15.77,14.8,15.01,4902690
2014-12-08,15.06,15.3,14.3,14.53,2491520
2014-12-09,14.4,14.82,14.01,14.16,1840860
2014-12-10,14.06,14.6,14.06,14.36,1395600
2014-12-11,14.4,14.59,13.9,14.19,1606480
2014-12-12,14.3,14.63,13.69,13.93,1805480
2014-12-15,13.85,14.18,13.6,13.84,1307950
2014-12-16,13.8,13.8,12.69,13.21,2050880
2014-12-17,13.1,13.44,12.3,12.95,2017890
2014-12-18,13.15,14.16,13.15,13.75,1939340
2014-12-19,13.82,14.35,13.65,13.73,1660020
2014-12-22,13.9,13.98,13.5,13.61,596390
2014-12-23,13.6,13.88,12.8,13.18,1671700
2014-12-24,13.26,13.4,12.95,13.06,654310
2014-12-26,13.1,15.57,13.03,15.38,20253680
2014-12-29,15.4,16.18,15.11,15.19,16300900
2014-12-30,15.29,15.63,14.91,15.1,4524590
2015-01-01,15.1,15.55,15.0,15.18,2602890
2015-01-02,15.2,15.9,15.16,15.31,5356420
2015-01-05,15.31,15.67,15.2,15.25,2317260
2015-01-06,15.16,15.16,14.24,14.32,1908080
2015-01-07,14.22,14.58,13.84,14.32,1593720
2015-01-08,14.45,15.46,14.45,15.07,5268150
2015-01-09,15.2,15.43,14.65,14.82,2360130
2015-01-12,14.88,15.35,14.82,15.09,1715920
2015-01-13,15.19,16.42,15.12,15.7,10478040
2015-01-14,15.7,16.21,15.65,15.8,3940840
2015-01-15,15.92,16.04,15.46,15.58,1711090
2015-01-16,15.63,15.9,15.43,15.68,1314060
2015-01-19,15.83,16.39,15.7,15.99,2839090
2015-01-20,16.19,16.34,15.86,15.95,1554270
2015-01-21,16.1,16.47,16.01,16.17,4013970
2015-01-22,16.33,17.09,16.18,16.46,10086790
2015-01-23,17.0,17.18,15.68,15.93,10465530
2015-01-27,15.9,15.95,15.1,15.26,2830550
2015-01-28,15.03,15.63,15.03,15.19,2005810
2015-01-29,15.1,15.54,14.75,14.89,1428730
2015-01-30,15.14,15.27,14.73,14.81,1335630
2015-02-02,14.81,15.14,14.7,14.75,1324640
2015-02-03,14.81,14.9,14.23,14.38,1258280
2015-02-04,14.5,14.57,13.72,13.86,2257830
2015-02-05,13.99,14.02,13.39,13.49,1529790
2015-02-06,14.19,14.19,12.85,13.16,1977830
2015-02-09,13.19,13.35,12.74,12.91,1009230
2015-02-10,12.9,13.3,12.5,12.77,1384600
2015-02-11,12.8,13.0,12.8,12.91,1059770
2015-02-12,13.0,13.97,12.95,13.68,4457430
2015-02-13,13.71,13.8,13.26,13.39,1518170
2015-02-16,13.41,13.48,12.97,13.09,1104620
2015-02-18,13.1,13.49,12.81,12.94,1489710
2015-02-19,13.0,13.12,12.67,12.84,990480
2015-02-20,12.85,13.16,12.12,12.75,1665230
2015-02-23,12.75,12.94,12.5,12.53,507760
2015-02-24,12.63,12.69,12.2,12.25,691680
2015-02-25,12.47,12.47,12.1,12.13,1077860
2015-02-26,12.16,12.28,11.83,11.88,932400
2015-02-27,11.95,12.36,11.95,12.15,2611930
2015-02-28,12.15,12.26,11.81,12.04,671160
2015-03-02,12.09,13.09,12.01,12.68,3479910
2015-03-03,12.75,13.45,12.57,13.27,4387790
2015-03-04,13.35,13.49,12.51,12.65,1877660
2015-03-05,12.65,13.05,12.02,12.49,2937860
2015-03-09,12.4,12.8,12.32,12.49,795590
2015-03-10,12.52,12.64,12.0,12.16,827550
2015-03-11,12.16,12.63,12.1,12.37,1125910
2015-03-12,12.49,12.55,12.1,12.19,976650
2015-03-13,12.2,12.5,12.1,12.14,592790
2015-03-16,12.27,12.3,11.75,11.86,637720
2015-03-17,11.95,12.22,11.81,11.9,997200
2015-03-18,12.01,12.06,11.7,11.76,627870
2015-03-19,11.82,12.32,11.7,11.84,1863210
2015-03-20,11.85,11.9,11.4,11.49,695370
2015-03-23,11.57,11.59,10.88,10.96,994420
2015-03-24,10.94,10.99,10.03,10.15,2033720
2015-03-25,10.15,11.44,9.52,11.13,9440430
2015-03-26,10.88,11.56,10.63,11.19,3868910
2015-03-27,11.2,11.5,11.1,11.34,1677030
2015-03-30,11.39,13.29,11.39,13.03,7103340
2015-03-31,13.16,13.34,12.61,13.16,3550790
2015-04-01,13.17,13.49,12.75,12.9,2997800
2015-04-06,12.99,13.52,12.63,13.15,1460760
2015-04-07,13.15,13.6,13.05,13.31,1951920
2015-04-08,13.41,14.18,13.25,13.91,5033130
2015-04-09,14.03,14.07,13.54,13.6,1321420
2015-04-10,13.6,14.02,13.52,13.76,932000
2015-04-13,13.78,14.01,13.7,13.83,751170
2015-04-15,13.6,14.18,13.5,13.6,946650
2015-04-16,13.7,14.0,13.21,13.56,1497830
2015-04-17,13.5,14.74,13.25,14.05,5466170
2015-04-20,14.15,14.57,13.75,13.91,2194490
2015-04-21,13.93,14.0,13.5,13.59,810440
2015-04-22,13.41,14.19,13.01,13.4,1915370
2015-04-23,13.55,13.85,13.25,13.31,830190
2015-04-24,13.3,13.38,12.52,12.65,1039250
2015-04-27,12.45,12.69,11.86,12.1,740310
2015-04-28,11.91,12.84,11.91,12.6,823220
2015-04-29,12.3,13.14,12.3,12.66,728840
2015-04-30,12.69,13.35,12.41,13.16,940480
2015-05-04,13.16,13.87,13.16,13.41,999760
2015-05-05,13.59,14.12,13.32,14.03,3212930
2015-05-06,14.1,14.26,11.71,12.14,12973480
2015-05-07,12.0,12.06,10.11,11.55,2923490
2015-05-08,11.88,12.05,11.59,11.61,1429640
2015-05-11,11.79,12.22,11.55,11.75,1330850
2015-05-12,11.78,11.87,11.11,11.23,850040
2015-05-13,11.32,11.45,10.9,11.05,963120
2015-05-14,11.06,11.79,10.84,11.52,2740540
2015-05-15,11.41,11.63,11.26,11.31,710350
2015-05-18,11.42,11.6,11.22,11.28,883330
2015-05-19,11.28,11.52,11.13,11.25,1310330
2015-05-20,11.32,11.5,10.81,11.23,925650
2015-05-21,11.23,11.44,11.14,11.2,1242480
2015-05-22,11.2,11.28,11.02,11.07,488130
2015-05-25,11.1,11.15,10.85,10.89,764650
2015-05-26,10.94,11.11,10.81,10.89,662680
2015-05-27,10.8,11.19,10.7,10.9,865170
2015-05-28,10.94,11.0,10.8,10.86,360830
2015-05-29,10.88,11.13,10.8,10.88,609550
2015-06-01,10.9,11.45,10.9,11.06,829700
2015-06-02,11.09,11.67,10.98,11.11,2421160
2015-06-03,11.14,11.2,10.36,10.69,786600
2015-06-04,10.7,10.99,10.55,10.77,458060
2015-06-05,10.78,11.09,10.64,10.85,445670
2015-06-08,10.85,10.97,10.22,10.43,390530
2015-06-09,10.41,10.8,10.41,10.61,431560
2015-06-10,10.64,11.05,10.6,10.87,740450
2015-06-11,10.98,10.98,10.32,10.47,569670
2015-06-12,10.47,10.66,10.31,10.4,280060
2015-06-15,10.49,10.68,10.43,10.52,342090
2015-06-16,10.5,10.7,10.25,10.59,1039820
2015-06-17,10.63,10.75,10.33,10.57,707760
2015-06-18,10.64,12.05,10.61,11.84,7327380
2015-06-19,11.89,11.89,11.32,11.44,784050
2015-06-22,11.5,11.79,11.35,11.45,647140
2015-06-23,11.45,11.79,11.32,11.49,537910
2015-06-24,11.65,11.79,11.15,11.27,772890
2015-06-25,11.21,11.44,11.01,11.31,390980
2015-06-26,11.28,11.39,11.03,11.1,340500
2015-06-29,10.94,11.29,10.8,11.13,463890
2015-06-30,11.02,11.65,11.0,11.56,735040
2015-07-01,11.4,11.89,11.4,11.69,545840
2015-07-02,11.62,11.84,11.32,11.45,536950
2015-07-03,11.46,11.8,11.46,11.52,312620
2015-07-06,11.41,13.19,11.31,12.62,6011580
2015-07-07,12.7,12.95,12.33,12.4,1384770
2015-07-08,12.41,12.56,12.03,12.16,913970
2015-07-09,12.02,12.55,12.02,12.27,563300
2015-07-10,12.3,13.19,12.3,12.74,2639050
2015-07-13,12.81,13.37,12.24,13.26,2840100
2015-07-14,13.31,14.06,13.22,13.71,4391580
2015-07-15,13.79,14.0,13.5,13.56,802020
2015-07-16,13.6,13.8,13.34,13.69,1170950
2015-07-17,13.61,14.42,13.61,14.02,2446440
2015-07-20,14.0,15.05,13.92,14.56,4977910
2015-07-21,14.6,15.19,14.2,14.29,3734630
2015-07-22,14.24,14.89,14.15,14.75,1354170
2015-07-23,14.8,15.0,14.32,14.88,1310890
2015-07-24,14.98,15.35,14.61,14.93,2469290
2015-07-27,14.89,15.28,14.75,14.81,1518980
2015-07-28,14.71,15.39,14.71,15.11,1804590
2015-07-29,15.25,15.55,14.74,14.89,1644500
2015-07-30,14.95,15.2,14.85,15.01,1062780
2015-07-31,15.01,15.14,13.01,13.3,10074250
2015-08-03,13.29,13.49,12.77,12.85,1773830
2015-08-04,12.77,13.02,12.6,12.93,1311000
2015-08-05,12.94,13.77,12.87,13.31,1921580
2015-08-06,13.38,13.88,13.18,13.63,1894460
2015-08-07,13.69,13.73,13.15,13.28,692910
2015-08-10,13.21,13.44,12.9,12.97,1103430
2015-08-11,12.98,13.1,12.5,12.56,1065070
2015-08-12,12.59,13.07,12.23,12.44,1099310
2015-08-13,12.35,12.67,12.01,12.14,907270
2015-08-14,12.24,12.37,11.93,12.06,800260
2015-08-17,12.1,12.44,11.82,12.3,864590
2015-08-18,12.39,12.62,12.3,12.52,678350
2015-08-19,12.54,12.76,12.35,12.56,1401110
2015-08-20,12.46,12.77,12.41,12.51,726730
2015-08-21,12.25,12.5,12.01,12.37,597670
2015-08-24,12.27,12.27,11.1,11.26,1308990
2015-08-25,11.31,11.78,10.6,11.37,656220
2015-08-26,11.49,11.78,11.2,11.3,427100
2015-08-27,11.49,11.75,11.31,11.55,533860
2015-08-28,11.69,12.05,11.51,11.61,591500
2015-08-31,11.61,11.61,11.31,11.41,407190
2015-09-01,11.38,11.88,11.25,11.4,503190
2015-09-02,11.4,11.64,11.1,11.53,392180
2015-09-03,11.58,12.29,11.45,11.94,1065140
2015-09-04,11.85,11.85,11.11,11.23,615170
2015-09-07,11.21,11.5,11.02,11.12,289830
2015-09-08,11.1,11.43,11.01,11.18,335670
2015-09-09,11.29,11.89,11.29,11.77,683450
2015-09-10,11.6,11.68,11.27,11.44,389790
2015-09-11,11.73,11.73,11.2,11.3,548090
2015-09-14,11.38,11.65,11.25,11.51,556730
2015-09-15,11.4,11.74,11.3,11.35,256340
2015-09-16,11.6,11.7,11.31,11.37,237840
2015-09-18,11.55,11.61,11.41,11.47,222980
2015-09-21,11.46,11.69,11.26,11.32,552320
2015-09-22,11.39,11.57,11.15,11.19,412310
2015-09-23,11.27,11.38,11.1,11.24,386320
2015-09-24,11.2,11.49,11.16,11.34,340360
2015-09-28,11.34,11.67,11.22,11.46,549060
2015-09-29,11.31,11.48,11.15,11.24,446550
2015-09-30,11.39,11.44,11.1,11.23,436780
2015-10-01,11.4,11.64,11.3,11.47,548440
2015-10-05,11.5,12.1,11.48,12.06,960120
2015-10-06,12.1,12.21,11.65,11.72,535440
2015-10-07,11.73,12.06,11.67,11.84,919190
2015-10-08,11.81,11.92,11.65,11.66,434560
2015-10-09,11.74,12.07,11.6,11.65,647570
2015-10-12,11.7,11.91,11.68,11.72,276490
2015-10-13,11.7,13.09,11.7,12.73,5118800
2015-10-14,12.77,13.19,12.51,12.72,1608370
2015-10-15,12.81,13.6,12.51,13.41,2870810
2015-10-16,13.57,14.04,13.16,13.94,2511950
2015-10-19,14.02,14.3,13.71,13.82,1773850
2015-10-20,13.82,14.6,13.63,13.81,2678400
2015-10-21,13.96,14.09,13.05,13.32,1382070
2015-10-23,13.43,14.0,13.23,13.88,1632680
2015-10-26,13.9,14.13,13.33,14.0,2069650
2015-10-27,14.23,14.27,13.6,13.7,5599750
2015-10-28,13.7,13.8,13.32,13.4,1419490
2015-10-29,13.48,13.7,13.09,13.15,1118230
2015-10-30,13.27,13.55,13.01,13.18,1168760
2015-11-02,13.19,13.6,12.6,12.78,2655320
2015-11-03,12.83,13.4,12.82,13.31,2347150
2015-11-04,13.3,13.49,13.11,13.29,1072910
2015-11-05,13.25,13.25,12.71,12.84,986090
2015-11-06,12.85,12.95,12.4,12.56,577060
2015-11-09,12.35,12.48,12.05,12.37,842650
2015-11-10,12.41,12.64,12.09,12.15,603040
2015-11-11,12.03,12.34,12.0,12.28,95190
2015-11-13,12.28,12.3,12.01,12.13,356830
2015-11-16,12.05,12.93,12.04,12.79,1400740
2015-11-17,12.95,12.95,12.39,12.45,672290
2015-11-18,12.44,12.52,12.2,12.23,465540
2015-11-19,12.9,13.27,12.7,13.1,4324700
2015-11-20,13.18,13.38,12.9,13.02,1345400
2015-11-23,13.0,13.25,12.83,12.88,475190
2015-11-24,12.8,13.59,12.8,13.49,1712710
2015-11-26,13.3,14.19,13.3,14.11,3107860
2015-11-27,14.4,14.4,13.62,13.7,4923950
2015-11-30,13.79,14.26,13.65,13.99,2461840
2015-12-01,14.1,14.2,13.57,13.66,1213540
2015-12-02,13.73,13.79,13.16,13.21,1102530
2015-12-03,13.0,13.24,12.85,12.9,738130
2015-12-04,12.87,13.29,12.8,12.98,783560
2015-12-07,13.2,14.08,12.9,13.5,7978250
2015-12-08,13.31,13.69,12.95,13.04,1752770
2015-12-09,13.01,13.37,12.32,12.41,1607310
2015-12-10,12.48,12.53,12.08,12.19,1363660
2015-12-11,12.3,12.67,11.98,12.02,1248480
2015-12-14,12.02,12.35,11.89,12.09,694150
2015-12-15,12.14,12.27,12.06,12.13,493280
2015-12-16,12.27,12.6,12.17,12.23,1112990
2015-12-17,12.28,12.68,12.25,12.55,2311240
2015-12-18,12.53,12.65,12.35,12.41,828380
2015-12-21,12.44,12.6,12.34,12.5,463400
2015-12-22,12.64,12.64,12.36,12.43,635850
2015-12-23,12.5,12.56,12.34,12.41,480720
2015-12-24,12.54,12.93,12.31,12.74,1404470
2015-12-28,12.8,13.38,12.68,13.05,3177800
2015-12-29,13.15,13.15,12.65,12.75,1157600
2015-12-30,12.8,12.88,12.66,12.72,515760
2015-12-31,12.73,13.1,12.63,12.93,675100
2016-01-01,12.99,13.4,12.81,13.02,1060430
2016-01-04,12.9,13.24,12.65,12.75,765350
2016-01-05,12.75,13.27,12.73,13.02,945720
2016-01-06,13.01,13.56,12.91,13.34,3360310
2016-01-07,13.18,13.18,12.55,12.63,921480
2016-01-08,12.89,13.14,12.7,12.74,1018190
2016-01-11,12.6,12.7,12.35,12.46,602480
2016-01-12,12.43,12.63,12.28,12.39,352430
2016-01-13,12.5,12.54,11.52,11.89,875670
2016-01-14,11.51,11.83,11.27,11.63,304540
2016-01-15,11.74,11.78,11.1,11.13,399430
2016-01-18,11.02,11.3,10.45,10.59,486570
2016-01-19,10.64,11.19,10.51,11.06,532450
2016-01-20,10.9,10.9,10.4,10.47,380120
2016-01-21,10.69,10.84,10.33,10.38,415570
2016-01-22,10.53,10.77,10.52,10.59,604890
2016-01-25,10.85,10.94,10.54,10.6,621710
2016-01-27,10.69,10.88,10.69,10.76,690440
2016-01-28,10.7,10.82,10.6,10.66,336220
2016-01-29,10.78,10.9,10.59,10.69,1309660
2016-02-01,10.91,11.01,10.69,10.87,1545420
2016-02-02,10.91,11.19,10.6,10.7,2071250
2016-02-03,10.65,10.65,10.27,10.35,578790
2016-02-04,10.44,10.59,10.01,10.11,431900
2016-02-05,10.03,10.37,9.86,9.94,831490
2016-02-08,10.01,10.4,10.01,10.19,369820
2016-02-09,10.19,10.19,9.84,9.92,289130
2016-02-10,9.94,10.0,9.57,9.66,390010
2016-02-11,9.51,9.85,9.0,9.04,699620
2016-02-12,9.1,9.1,8.06,8.41,776210
2016-02-15,8.58,9.02,8.58,8.99,510880
2016-02-16,9.06,9.18,8.63,8.68,466620
2016-02-17,8.66,8.92,8.48,8.59,428240
2016-02-18,8.77,8.84,8.52,8.66,220960
2016-02-19,8.88,8.88,8.42,8.68,169720
2016-02-22,8.68,9.2,8.65,8.91,405800
2016-02-23,8.99,8.99,8.46,8.53,277490
2016-02-24,8.6,8.68,8.35,8.43,206570
2016-02-25,8.42,8.56,8.41,8.48,164370
2016-02-26,8.74,8.74,8.43,8.47,241060
2016-02-29,8.5,8.5,8.0,8.27,712380
2016-03-01,8.3,8.5,8.1,8.45,368100
2016-03-02,8.52,8.93,8.51,8.66,475760
2016-03-03,8.78,9.73,8.69,9.67,4420220
2016-03-04,9.9,9.9,9.29,9.55,2725240
2016-03-08,9.7,9.7,9.06,9.24,1353030
2016-03-09,9.36,9.4,9.12,9.35,531320
2016-03-10,9.3,9.68,9.13,9.26,589050
2016-03-11,9.21,9.38,9.14,9.19,423890
2016-03-14,9.2,9.45,9.02,9.07,381920
2016-03-15,9.15,9.15,8.88,8.94,273780
2016-03-16,8.94,9.08,8.77,8.91,208840
2016-03-17,9.02,9.44,8.96,9.16,2653280
2016-03-18,9.19,9.25,9.05,9.11,596770
2016-03-21,9.32,9.5,9.26,9.4,1606020
2016-03-22,9.41,9.5,9.22,9.3,415620
2016-03-23,9.31,9.77,9.11,9.65,1300490
2016-03-28,9.66,9.97,9.35,9.43,926750
2016-03-29,9.38,9.56,9.31,9.35,691330
2016-03-30,9.41,9.6,9.41,9.53,323720
2016-03-31,9.48,9.6,9.36,9.55,249720
2016-04-01,9.58,9.87,9.5,9.74,846810
2016-04-04,9.74,9.89,9.62,9.72,583340
2016-04-05,9.68,9.73,9.51,9.54,315640
2016-04-06,9.69,10.59,9.57,10.48,3690980
2016-04-07,10.54,10.6,10.21,10.24,914540
2016-04-08,10.28,10.43,10.19,10.29,567030
2016-04-11,10.2,10.98,10.2,10.73,1942690
2016-04-12,10.78,11.58,10.51,11.34,8001120
2016-04-13,11.4,11.44,11.06,11.1,1708910
2016-04-18,11.1,11.69,10.9,11.17,3228570
2016-04-20,11.27,11.39,10.9,11.14,690680
2016-04-21,11.3,11.34,10.96,11.02,574730
2016-04-22,11.02,11.15,10.86,11.05,839520
2016-04-25,11.14,11.35,10.92,11.26,628510
2016-04-26,11.3,12.44,11.18,12.27,6922330
2016-04-27,12.24,12.59,12.06,12.23,1709540
2016-04-28,12.28,12.34,11.8,11.96,1123780
2016-04-29,11.86,12.28,11.81,11.96,709170
2016-05-02,11.9,12.25,11.79,12.03,807730
2016-05-03,12.09,12.73,12.03,12.19,2031650
2016-05-04,12.11,12.58,12.02,12.18,1266140
2016-05-05,12.11,12.35,11.98,12.06,412550
2016-05-06,12.08,12.26,11.88,12.03,743560
2016-05-09,12.14,12.48,11.95,12.02,1260070
2016-05-10,12.1,12.17,11.9,11.94,410080
2016-05-11,11.88,12.25,11.72,11.99,672780
2016-05-12,12.1,12.35,12.1,12.22,683350
2016-05-13,12.32,12.69,12.1,12.36,3948940
2016-05-16,12.5,13.0,12.02,12.23,3411060
2016-05-17,12.2,12.6,12.19,12.27,1537480
2016-05-18,12.19,12.47,12.1,12.21,696870
2016-05-19,12.24,12.48,11.95,12.0,910380
2016-05-20,12.02,12.23,11.78,11.86,636330
2016-05-23,11.94,12.28,11.81,11.85,1573070
2016-05-24,11.88,11.94,11.71,11.76,452850
2016-05-25,11.83,12.08,11.62,11.74,407650
2016-05-26,11.8,12.04,11.73,11.77,559980
2016-05-27,11.88,11.97,11.61,11.68,490880
2016-05-30,11.73,11.85,11.6,11.64,312010
2016-05-31,11.74,11.98,11.7,11.82,529930
2016-06-01,11.82,11.95,11.7,11.73,382580
2016-06-02,11.8,11.94,11.7,11.8,347560
2016-06-03,11.76,11.94,11.6,11.64,595130
2016-06-06,11.74,11.74,11.48,11.52,275510
2016-06-07,11.65,13.81,11.65,13.81,19174070
2016-06-08,13.9,14.18,13.2,13.28,6569490
2016-06-09,13.3,13.95,13.11,13.65,4964780
2016-06-10,13.73,13.95,13.27,13.36,2381550
2016-06-13,13.2,13.25,12.92,13.01,770510
2016-06-14,13.15,13.95,12.99,13.7,3979640
2016-06-15,13.84,14.94,13.7,14.38,8547920
2016-06-16,14.47,14.49,13.85,14.08,2350760
2016-06-17,14.19,14.57,13.89,14.07,1900420
2016-06-20,14.0,14.67,13.83,14.37,2190570
2016-06-21,14.43,15.42,14.39,15.29,7479580
2016-06-22,15.39,15.68,14.97,15.19,3629520
2016-06-23,15.1,15.23,14.55,14.66,1647550
2016-06-24,14.2,15.37,13.81,15.19,5185980
2016-06-27,15.1,16.7,15.0,15.95,8914870
2016-06-28,16.06,16.58,16.04,16.44,3530190
2016-06-29,16.57,16.87,16.15,16.36,4166230
2016-06-30,16.67,16.67,16.11,16.21,2942920
2016-07-01,16.42,16.6,16.02,16.08,2276280
2016-07-04,16.4,16.5,16.1,16.18,1804140
2016-07-05,16.29,16.54,15.96,16.15,2341160
2016-07-07,16.28,17.18,16.16,16.8,7365170
2016-07-08,16.82,16.94,16.42,16.58,2150340
2016-07-11,16.67,17.83,16.67,17.49,6719640
2016-07-12,17.5,17.89,17.37,17.69,4631310
2016-07-13,17.55,18.26,17.35,17.93,4990400
2016-07-14,17.9,19.0,17.85,18.67,7052650
2016-07-15,18.67,19.44,18.17,18.98,6119100
2016-07-18,19.13,19.4,18.63,18.75,2758380
2016-07-19,18.75,18.8,18.0,18.09,2149600
2016-07-20,18.09,18.89,18.09,18.63,2475610
2016-07-21,18.62,18.97,18.36,18.54,2163900
2016-07-22,18.54,19.1,18.45,18.93,2867660
2016-07-25,18.99,19.59,18.9,19.06,4039200
2016-07-26,19.3,19.48,18.57,18.75,2713570
2016-07-27,18.8,19.4,18.75,19.0,2533290
2016-07-28,19.09,19.18,18.7,18.83,1423470
2016-07-29,19.0,21.27,19.0,20.58,17188550
2016-08-01,20.73,21.8,20.5,20.65,8025220
2016-08-02,20.84,21.44,20.75,21.0,4320600
2016-08-03,21.07,21.17,19.81,20.26,2780410
2016-08-04,20.48,20.88,20.0,20.26,2152820
2016-08-05,20.1,20.8,20.1,20.51,1967180
2016-08-08,20.69,20.79,19.61,19.77,2093100
2016-08-09,19.6,20.59,19.6,20.01,2808990
2016-08-10,20.19,20.34,19.2,19.28,1637710
2016-08-11,19.4,20.0,18.53,19.82,3189630
2016-08-12,19.99,20.49,19.6,19.8,2252440
2016-08-16,19.84,20.47,19.71,20.16,2500930
2016-08-17,20.3,20.8,20.2,20.56,3884580
2016-08-18,21.34,21.56,20.8,20.94,7348680
2016-08-19,21.09,21.28,20.17,20.5,5236980
2016-08-22,20.6,20.69,20.01,20.16,1769300
2016-08-23,20.3,21.48,20.16,20.73,4967550
2016-08-24,20.73,20.8,20.3,20.49,4384210
2016-08-25,20.59,23.45,20.59,22.36,26080150
2016-08-26,22.33,24.7,22.2,23.96,29944430
2016-08-29,24.09,25.19,23.81,24.33,8761750
2016-08-30,24.45,24.99,23.8,24.6,6862240
2016-08-31,24.82,25.19,24.27,24.81,4105520
2016-09-01,24.9,26.97,24.9,26.45,16471070
2016-09-02,26.51,27.3,25.21,25.35,9544660
2016-09-06,25.48,26.33,24.86,25.51,6315940
2016-09-07,25.65,25.69,24.9,24.99,2149500
2016-09-08,25.1,25.59,24.99,25.08,2701710
2016-09-09,25.0,25.83,24.72,24.83,2443390
2016-09-12,24.6,25.13,23.91,24.1,4440510
2016-09-14,24.44,25.7,24.2,25.51,4505590
2016-09-15,25.72,26.0,25.2,25.46,2162520
2016-09-16,25.6,25.9,24.5,24.76,2537580
2016-09-19,24.83,26.48,24.83,26.26,5667060
2016-09-20,26.25,26.96,26.06,26.39,4272320
2016-09-21,26.42,27.47,26.42,26.94,5229760
2016-09-22,27.3,27.48,26.31,26.64,2366740
2016-09-23,26.79,26.85,25.9,26.09,1987940
2016-09-26,26.18,26.7,25.5,25.84,1686090
2016-09-27,26.08,27.8,25.75,27.21,9644610
2016-09-28,27.4,27.47,26.83,26.97,2302050
2016-09-29,27.18,27.23,23.2,24.09,4120870
2016-09-30,24.5,25.34,24.3,25.11,2354680
2016-10-03,25.45,26.3,25.3,25.92,1834950
2016-10-04,26.15,26.27,25.61,25.78,1309740
2016-10-05,25.99,27.44,25.83,26.92,6254270
2016-10-06,27.6,28.18,27.31,27.55,8466680
2016-10-07,27.6,27.6,26.59,26.69,1860020
2016-10-10,26.97,27.7,26.61,27.01,2741740
2016-10-13,27.09,27.09,25.22,25.63,1988110
2016-10-14,25.88,26.26,25.52,25.69,1261360
2016-10-17,25.89,25.95,25.16,25.27,1114920
2016-10-18,25.47,25.8,25.25,25.34,1480120
2016-10-19,25.4,26.35,25.27,25.97,4364020
2016-10-20,26.0,26.26,25.6,25.71,1012240
2016-10-21,25.89,26.48,25.6,26.08,1801470
2016-10-24,26.15,26.36,25.57,25.75,2309270
2016-10-25,25.7,25.94,25.48,25.73,579380
2016-10-26,25.73,26.6,25.5,26.01,2097800
2016-10-27,26.0,26.58,25.6,25.79,1169960
2016-10-28,25.64,28.97,25.64,27.69,11394230
2016-10-30,27.8,27.98,27.65,27.84,969770
2016-11-01,27.75,27.8,26.81,26.94,1774660
2016-11-02,26.5,27.78,26.24,26.75,2970010
2016-11-03,26.6,27.5,25.9,26.17,1919780
2016-11-04,26.01,26.69,25.08,25.33,1891700
2016-11-07,25.9,26.68,25.52,25.82,1273430
2016-11-08,25.94,26.2,25.52,25.71,2491500
2016-11-09,23.61,25.58,21.5,25.26,3769680
2016-11-10,25.59,26.9,23.33,23.59,10906730
2016-11-11,23.84,24.5,22.81,22.99,4044300
2016-11-15,22.7,22.7,20.3,20.64,3621310
2016-11-16,21.1,21.47,20.56,20.84,2855780
2016-11-17,21.15,22.6,20.98,22.17,4138890
2016-11-18,22.15,23.09,21.63,22.41,2791230
2016-11-21,22.2,22.5,20.2,20.63,2602380
2016-11-22,20.8,21.4,20.29,20.8,1621330
2016-11-23,21.02,22.4,21.0,22.22,2887060
2016-11-24,22.18,22.51,21.5,21.86,1647550
2016-11-25,21.93,22.6,21.92,22.26,1286710
2016-11-28,22.24,23.38,21.87,22.74,2238800
2016-11-29,22.51,23.36,22.45,22.59,1292640
2016-11-30,23.15,23.15,22.7,22.97,835680
2016-12-01,23.14,23.19,22.57,22.65,778780
2016-12-02,22.19,22.59,21.65,22.15,1031090
2016-12-05,22.2,22.59,21.68,21.8,1778350
2016-12-06,22.2,22.2,21.67,21.85,785940
2016-12-07,22.39,22.39,21.61,21.75,548520
2016-12-08,21.81,23.39,21.81,22.88,4455230
2016-12-09,23.0,23.05,22.4,22.6,743920
2016-12-12,22.47,22.8,22.25,22.66,890850
2016-12-13,22.79,23.9,22.55,23.39,2498230
2016-12-14,23.5,23.5,22.51,22.67,747470
2016-12-15,22.59,23.3,21.95,22.12,1106560
2016-12-16,22.1,22.48,22.02,22.27,599200
2016-12-19,22.1,22.9,22.1,22.5,658290
2016-12-20,22.9,22.98,22.2,22.65,834740
2016-12-21,23.0,23.7,22.88,23.12,5485960
2016-12-22,23.07,23.18,22.11,22.28,877290
2016-12-23,22.38,22.74,22.13,22.32,587700
2016-12-26,22.2,22.36,21.5,21.6,734250
2016-12-27,21.8,22.09,21.6,21.92,551660
2016-12-28,22.1,22.69,21.9,22.06,688550
2016-12-29,22.19,22.41,22.07,22.17,339780
2016-12-30,22.27,22.68,22.15,22.24,585900
2017-01-02,22.32,22.59,22.3,22.48,317490
2017-01-03,22.59,22.78,22.48,22.65,423000
2017-01-04,22.7,23.67,22.67,22.98,1845700
2017-01-05,23.13,23.32,22.74,22.84,645080
2017-01-06,22.97,23.45,22.71,22.8,672740
2017-01-09,22.95,24.36,22.7,24.16,5829620
2017-01-10,24.35,24.6,23.6,23.78,3062160
2017-01-11,23.83,24.78,23.83,24.36,3227310
2017-01-12,24.64,24.86,24.18,24.3,1864030
2017-01-13,24.4,24.4,23.81,23.94,771190
2017-01-16,24.0,24.39,23.81,24.03,787550
2017-01-17,24.0,25.18,23.94,24.88,3738300
2017-01-18,24.9,26.11,24.9,25.34,10542470
2017-01-19,25.64,25.78,25.1,25.45,2168360
2017-01-20,25.6,27.17,25.59,26.2,6974170
2017-01-23,26.25,27.39,26.25,27.08,3344840
2017-01-24,27.27,27.37,26.65,26.96,2079340
2017-01-25,27.13,27.35,26.56,27.02,2037330
2017-01-27,27.17,27.42,26.59,26.76,1746890
2017-01-30,26.79,26.89,26.2,26.28,913530
2017-01-31,26.36,26.64,25.5,25.86,1451600
2017-02-01,25.6,26.47,25.36,25.89,1850100
2017-02-02,25.7,26.72,25.7,26.28,1895320
2017-02-03,26.4,27.79,26.2,27.5,3855930
2017-02-06,27.8,28.6,27.25,27.5,3974510
2017-02-07,27.59,28.39,27.46,28.11,1988670
2017-02-08,28.25,28.49,27.9,28.3,2152530
2017-02-09,28.25,28.49,27.5,27.66,1430900
2017-02-10,27.8,28.4,27.78,28.22,1908200
2017-02-13,28.4,28.45,27.53,27.73,1000650
2017-02-14,27.8,28.27,26.92,27.06,1198770
2017-02-15,26.84,27.8,26.82,27.53,1710430
2017-02-16,27.52,30.65,27.48,30.03,12976290
2017-02-17,30.15,31.0,29.17,29.75,7156660
2017-02-20,29.87,30.38,29.5,29.66,1459560
2017-02-21,29.84,30.3,29.2,29.34,1790370
2017-02-22,29.4,29.86,28.83,28.95,1435450
2017-02-23,29.47,29.55,28.51,28.58,1521010
2017-02-27,28.7,29.9,28.67,29.63,1804320
2017-02-28,29.72,31.08,29.72,30.25,3952090
2017-03-01,30.39,30.6,29.15,29.24,2823010
2017-03-02,29.44,29.99,28.55,28.76,2995440
2017-03-03,28.7,29.39,28.5,28.81,1706720
2017-03-06,29.0,29.77,28.94,29.43,3669380
2017-03-07,29.41,29.65,29.1,29.27,1279030
2017-03-08,29.38,29.93,28.95,29.51,2628400
2017-03-09,29.19,29.46,28.41,28.53,2593600
2017-03-10,28.67,29.19,28.01,28.1,1719270
2017-03-14,28.84,29.27,28.63,29.17,1981760
2017-03-15,29.2,29.75,29.2,29.31,1312640
2017-03-16,29.4,30.46,29.14,30.12,3258510
2017-03-17,30.34,31.5,29.23,30.58,4298950
2017-03-20,30.5,31.15,30.25,30.49,2048760
2017-03-21,30.73,30.73,30.07,30.51,868050
2017-03-22,30.3,31.75,30.12,31.27,3799770
2017-03-23,31.45,32.4,31.31,31.78,4245460
2017-03-24,31.9,32.25,31.45,31.67,1370350
2017-03-27,31.9,31.9,31.43,31.58,769500
2017-03-28,31.9,32.67,31.54,32.0,2786490
2017-03-29,32.19,32.63,31.7,31.86,1540450
2017-03-30,32.08,32.94,32.0,32.3,1715280
2017-03-31,32.58,33.45,32.45,32.99,3075330
2017-04-03,33.25,35.85,32.99,35.14,6161570
2017-04-05,35.29,37.4,35.28,36.13,4600450
2017-04-06,36.29,36.98,35.81,36.22,2275810
2017-04-07,35.97,36.24,35.2,35.49,1916820
2017-04-10,35.24,36.85,35.24,36.29,1845290
2017-04-11,36.5,38.93,36.5,38.6,5712050
2017-04-12,39.1,40.37,38.1,38.37,7828020
2017-04-13,38.38,39.0,37.87,38.12,1708610
2017-04-17,38.48,38.88,37.71,38.47,1688100
2017-04-18,38.84,39.62,37.86,38.01,2329710
2017-04-19,38.2,39.1,37.81,38.62,1924310
2017-04-20,38.79,40.47,38.75,40.09,3875390
2017-04-21,40.5,41.43,40.33,40.82,2977250
2017-04-24,41.0,41.69,40.97,41.16,1860010
2017-04-25,41.48,41.55,40.65,41.01,1008920
2017-04-26,41.35,41.49,39.97,40.15,1455860
2017-04-27,40.13,41.59,40.13,40.95,1338300
2017-04-28,41.19,42.7,40.69,42.42,3436730
2017-05-02,42.7,45.3,42.68,44.81,4582290
2017-05-03,45.23,46.1,45.01,45.74,3799680
2017-05-04,46.0,46.5,44.92,45.15,1910860
2017-05-05,45.2,45.57,42.56,43.17,2651240
2017-05-08,43.32,44.83,43.32,43.92,1654690
2017-05-09,44.23,45.79,44.1,45.15,3152420
2017-05-10,45.45,45.9,44.9,45.24,1165610
2017-05-11,45.25,45.48,44.4,44.54,1258410
2017-05-12,44.7,44.8,43.6,44.06,1160790
2017-05-15,44.46,45.24,43.92,44.43,1388100
2017-05-16,44.6,44.67,41.91,42.29,2666530
2017-05-17,42.35,42.35,40.77,40.99,2308640
2017-05-18,40.5,42.79,40.31,40.72,2446150
2017-05-19,41.13,41.85,40.2,40.74,1218380
2017-05-22,41.05,41.78,39.28,39.48,1034370
2017-05-23,39.48,40.94,38.03,39.06,2506310
2017-05-24,39.36,40.1,37.5,37.82,1953640
2017-05-25,38.03,39.99,38.01,39.69,1784720
2017-05-26,42.4,43.51,41.2,42.66,6656250
2017-05-29,42.76,43.24,42.06,42.19,1540540
2017-05-30,41.7,43.89,40.61,43.55,3080610
2017-05-31,43.93,44.58,43.3,43.83,1963650
2017-06-01,43.9,44.3,43.37,43.81,1279300
2017-06-02,44.1,44.75,43.6,44.25,1828120
2017-06-05,44.25,45.33,44.11,44.69,5805610
2017-06-06,44.36,45.2,44.36,44.81,1653610
2017-06-07,44.81,46.18,44.81,45.6,1905480
2017-06-08,46.05,48.24,45.99,47.76,5085880
2017-06-09,48.29,48.55,47.05,47.33,2303870
2017-06-12,47.0,47.19,45.9,46.13,1185170
2017-06-13,46.38,48.28,46.34,47.83,2148330
2017-06-14,48.19,52.6,47.9,51.95,9090710
2017-06-15,52.7,54.99,52.5,53.85,10135090
2017-06-16,54.27,54.8,53.85,54.51,4022980
2017-06-19,54.84,63.74,54.69,62.79,32150950
2017-06-20,62.45,66.29,61.4,62.76,36070992
2017-06-21,62.0,63.82,61.63,62.26,11915190
2017-06-22,62.6,64.29,61.88,62.47,6722900
2017-06-23,62.8,62.99,58.8,59.09,6011800
2017-06-27,59.4,59.48,56.72,57.27,3796980
2017-06-28,56.99,61.58,55.61,60.62,10758630
2017-06-29,61.51,63.34,61.42,62.42,9757440
2017-06-30,62.0,62.16,60.6,61.06,3214220
2017-07-03,61.19,63.67,60.25,62.62,6279830
2017-07-04,62.7,63.12,61.38,61.68,2891880
2017-07-05,61.79,65.4,61.51,63.85,11615120
2017-07-06,64.21,65.3,63.13,63.38,4216970
2017-07-07,63.38,63.48,61.8,62.13,2981410
2017-07-10,62.15,64.18,61.5,63.24,1812690
2017-07-11,63.6,64.68,62.5,62.99,4614140
2017-07-12,63.38,64.2,61.71,63.07,7385610
2017-07-13,63.26,63.95,62.32,62.72,5148690
2017-07-14,62.9,62.9,60.72,60.94,2772460
2017-07-17,60.9,61.39,59.4,59.59,2226350
2017-07-18,59.1,59.49,57.6,57.88,1407350
2017-07-19,58.0,59.49,58.0,58.81,1841980
2017-07-20,58.74,59.99,58.64,59.53,1849960
2017-07-21,59.78,61.7,59.6,60.66,2785340
2017-07-24,60.97,61.06,59.5,59.63,1645240
2017-07-25,59.63,61.38,59.2,59.6,1837780
2017-07-26,59.96,60.27,59.01,59.21,793070
2017-07-27,59.5,59.5,57.2,58.23,910580
2017-07-28,58.0,58.73,57.08,58.33,1581040
2017-07-31,57.8,59.48,57.8,58.33,1883100
2017-08-01,58.59,59.6,58.4,58.68,1718150
2017-08-02,58.53,59.21,58.53,58.74,1292110
2017-08-03,59.5,64.9,59.2,63.42,17687590
2017-08-04,63.94,66.29,62.8,64.74,9607600
2017-08-07,65.07,67.31,63.5,66.3,6770340
2017-08-08,66.31,66.75,63.5,63.97,3607420
2017-08-09,63.95,65.55,62.5,63.44,3305060
2017-08-10,63.43,65.94,54.5,58.29,15675110
2017-08-11,57.83,61.77,57.46,61.17,5477140
2017-08-14,62.2,63.3,62.0,62.62,2056070
2017-08-16,63.1,64.0,62.6,62.96,2211490
2017-08-17,63.2,64.5,62.8,63.62,2461380
2017-08-18,63.2,63.79,61.51,61.88,1949560
2017-08-21,61.9,63.18,60.62,61.08,2011650
2017-08-22,61.5,62.68,60.4,60.72,1775270
2017-08-23,61.1,62.3,61.02,62.01,2499790
2017-08-24,62.3,63.7,62.12,63.04,2246920
2017-08-28,63.64,65.5,63.41,65.03,3860180
2017-08-29,65.19,65.19,62.5,63.85,2255850
2017-08-30,64.5,68.37,63.5,67.5,10142630
2017-08-31,68.5,73.2,68.5,70.82,17575110
2017-09-01,71.05,71.99,69.0,70.57,6362370
2017-09-04,70.5,71.99,69.29,71.21,4823800
2017-09-05,71.9,79.06,71.1,78.36,20006170
2017-09-06,78.03,81.84,77.1,79.8,18515810
2017-09-07,80.2,80.52,78.01,79.15,6464900
2017-09-08,79.7,81.88,79.0,80.09,6541640
2017-09-11,80.8,82.09,79.32,79.87,4269890
2017-09-12,80.4,81.1,79.54,80.07,1889360
2017-09-13,80.34,81.9,79.82,80.44,3047200
2017-09-14,81.0,83.2,80.25,82.54,5888580
2017-09-15,82.0,82.49,80.3,80.9,3717250
2017-09-18,81.51,84.8,81.03,83.58,7515230
2017-09-19,84.25,85.32,82.61,83.88,4006750
2017-09-20,84.3,85.25,82.0,82.54,2379480
2017-09-21,82.99,83.74,79.65,81.4,2934290
2017-09-22,81.0,84.0,79.3,79.92,5094570
2017-09-25,80.29,80.86,72.5,76.39,5185210
2017-09-26,76.39,81.19,75.9,80.53,5372380
2017-09-27,81.47,82.43,75.9,77.5,3669120
2017-09-28,78.4,80.5,77.0,80.09,3354130
2017-09-29,80.78,81.99,79.75,80.54,2526540
2017-10-03,81.88,90.5,81.01,89.64,19698560
2017-10-04,91.5,93.67,90.3,90.96,14731420
2017-10-05,91.0,92.8,90.55,90.98,5732670
2017-10-06,91.25,95.89,90.57,92.54,12130350
2017-10-09,93.14,95.99,91.32,92.04,8243970
2017-10-10,92.58,94.18,91.5,92.0,5226630
2017-10-11,92.95,93.6,89.48,90.63,6974990
2017-10-12,91.39,92.1,90.51,91.03,2351770
2017-10-13,91.8,93.6,90.6,91.23,5330410
2017-10-16,92.06,93.0,91.5,91.82,2210050
2017-10-17,92.6,92.74,90.43,90.89,2130710
2017-10-18,91.58,92.44,91.0,91.38,2288780
2017-10-19,92.0,92.0,90.75,91.15,619010
2017-10-23,91.97,93.9,90.81,92.27,3193720
2017-10-24,93.19,96.14,88.5,90.97,16004520
2017-10-25,92.51,93.37,90.2,90.97,3221140
2017-10-26,91.13,92.95,90.55,92.53,2994610
2017-10-27,92.6,92.9,90.7,90.96,1779140
2017-10-30,91.39,92.3,90.89,91.76,2821960
2017-10-31,91.7,94.4,91.22,92.43,5952050
2017-11-01,92.94,94.2,91.68,92.18,2434890
2017-11-02,92.6,93.2,91.23,91.78,2118230
2017-11-03,92.44,93.0,91.5,91.68,1991060
2017-11-06,91.5,101.55,91.2,100.5,22121880
2017-11-07,102.9,109.79,102.4,105.36,21939090
2017-11-08,106.67,108.07,96.8,100.99,8365550
2017-11-09,103.21,103.88,98.5,100.63,4103930
2017-11-10,100.0,103.79,98.0,99.6,6283280
2017-11-13,100.2,102.8,99.3,100.33,4171660
2017-11-14,101.0,102.2,100.1,100.63,3208190
2017-11-15,98.9,98.9,90.0,92.51,7128090
2017-11-16,92.6,93.07,87.25,90.67,9210040
2017-11-17,91.5,99.69,91.47,98.15,7595870
2017-11-20,98.46,99.9,94.0,95.07,3906820
2017-11-21,95.5,97.5,94.0,96.58,3612180
2017-11-22,96.5,99.5,94.11,97.81,7723830
2017-11-23,98.29,99.47,96.25,97.31,3546810
2017-11-24,97.3,98.36,96.0,96.54,2057730
2017-11-27,96.6,99.0,96.25,96.75,2164950
2017-11-28,97.0,97.89,96.21,97.13,1863660
2017-11-29,97.6,98.0,94.5,95.46,1966460
2017-11-30,94.77,95.99,93.36,94.36,1594770
2017-12-01,95.0,95.95,93.3,93.74,1165920
2017-12-04,95.1,95.1,92.5,92.97,1031590
2017-12-05,93.21,94.06,91.29,92.75,1895700
2017-12-06,92.58,94.4,91.65,92.46,1765480
2017-12-07,92.11,93.8,92.11,93.13,1055150
2017-12-08,93.5,96.98,93.27,94.27,2847440
2017-12-11,95.09,95.68,92.9,93.29,1290510
2017-12-12,93.3,96.85,93.29,95.63,2621690
2017-12-13,95.39,96.3,94.63,95.04,1270730
2017-12-14,95.5,95.79,93.0,93.86,887080
2017-12-15,94.8,96.5,94.0,94.33,1055880
2017-12-18,94.68,94.8,90.8,92.88,1287420
2017-12-19,93.65,94.89,93.0,93.99,1090480
2017-12-20,93.0,94.69,93.0,93.78,1172950
2017-12-21,93.6,94.99,93.6,94.14,947970
2017-12-22,94.01,96.65,94.0,96.08,2287930
2017-12-26,96.49,99.1,96.08,98.2,3204730
2017-12-27,98.97,100.6,95.8,97.19,2644420
2017-12-28,97.6,98.47,96.5,97.78,970620
2017-12-29,98.5,99.8,97.16,97.53,1744970
2018-01-01,98.0,98.8,95.81,96.61,1478910
2018-01-02,98.0,103.48,96.25,101.54,7821570
2018-01-03,102.79,121.8,102.12,117.32,31904220
2018-01-04,124.0,132.5,117.19,119.24,45411200
2018-01-05,120.17,129.4,115.8,127.35,22223760
2018-01-08,130.0,152.82,130.0,152.07,52856232
2018-01-09,154.5,159.4,142.8,145.13,43562220
2018-01-10,145.3,147.18,138.46,142.46,15428150
2018-01-11,142.5,150.0,141.0,145.88,14823240
2018-01-12,146.51,149.4,144.1,145.65,9648050
2018-01-15,146.5,147.0,142.5,143.13,4207240
2018-01-16,142.83,143.4,133.0,134.07,9252090
2018-01-17,134.07,137.39,124.9,131.32,14425600
2018-01-18,132.7,135.3,125.46,126.91,6475560
2018-01-19,127.23,132.88,124.0,130.15,11055790
2018-01-22,129.3,132.12,127.5,128.79,6934680
2018-01-23,127.7,130.8,127.0,127.43,4363550
2018-01-24,127.0,127.0,119.65,120.54,5739380
2018-01-25,122.0,130.7,121.9,127.4,11275130
2018-01-29,130.0,132.8,127.0,129.1,6378020
2018-01-30,129.28,129.35,126.0,127.05,4457410
2018-01-31,127.2,129.5,117.71,120.68,8236300
2018-02-01,122.27,123.9,113.51,115.97,6717280
2018-02-02,111.0,113.5,104.38,104.54,6470750
2018-02-05,96.14,102.4,94.2,100.04,7001420
2018-02-06,95.04,97.74,95.04,95.14,3670410
2018-02-07,98.77,99.9,98.43,99.9,2646160
2018-02-08,103.2,104.89,102.88,104.89,483030
2018-02-09,102.5,110.14,101.1,110.14,2784420
2018-02-12,115.64,115.64,115.64,115.64,113670
2018-02-14,121.42,121.42,121.42,121.42,524940
2018-02-15,125.7,126.4,116.66,119.57,6205430
2018-02-16,121.0,123.0,117.15,119.11,3105280
2018-02-19,118.5,120.89,115.25,119.39,3902740
2018-02-20,119.0,121.85,118.53,120.39,3888530
2018-02-21,121.0,121.4,118.21,119.15,2295660
2018-02-22,118.5,119.9,117.08,118.29,2029450
2018-02-23,118.49,123.0,118.49,119.01,3272630
2018-02-26,119.8,120.3,116.2,116.53,1824250
2018-02-27,117.97,122.0,117.0,120.82,5289150
2018-02-28,119.95,122.65,118.8,119.97,3017530
2018-03-01,120.8,121.29,116.9,117.54,1693510
2018-03-05,117.39,117.39,111.67,111.82,2075200
2018-03-06,113.48,114.3,108.5,109.43,2636520
2018-03-07,108.0,108.0,104.1,105.89,2608130
2018-03-08,106.5,108.5,101.73,103.02,1906640
2018-03-09,104.0,107.2,101.5,102.86,2155600
2018-03-12,104.5,108.0,102.51,106.67,2197350
2018-03-13,107.1,111.1,105.5,108.43,4522130
2018-03-14,107.1,109.1,106.75,107.58,1967050
2018-03-15,107.99,110.78,107.1,108.08,3718810
2018-03-16,108.3,110.4,106.41,106.99,2598840
2018-03-19,107.8,110.12,104.4,105.46,2454120
2018-03-20,104.98,106.14,100.9,102.62,2802180
2018-03-21,103.94,105.5,103.24,103.97,1608280
2018-03-22,104.5,104.94,101.1,101.54,1571800
2018-03-23,99.0,100.58,97.61,99.24,2087320
2018-03-26,99.8,104.2,98.25,104.2,2750100
2018-03-27,106.5,109.41,106.25,109.41,3258260
2018-03-28,110.28,112.5,106.59,108.56,4135170
2018-04-02,109.51,113.99,109.51,113.99,1594910
2018-04-03,116.0,119.68,115.5,119.68,3943430
2018-04-04,122.49,123.7,113.7,113.7,6308110
2018-04-05,117.48,117.58,109.7,114.92,4565940
2018-04-06,114.95,117.3,113.13,113.95,1834980
2018-04-09,115.9,116.4,113.1,113.66,1629440
2018-04-10,114.5,115.6,112.82,113.39,1184640
2018-04-11,113.99,114.8,110.0,110.61,2287240
2018-04-12,111.4,112.28,108.0,108.29,3051290
2018-04-13,108.49,113.69,107.7,113.69,3976740
2018-04-16,113.7,118.29,113.15,116.76,3428980
2018-04-17,117.51,118.4,114.54,115.17,1489590
2018-04-18,115.19,116.0,111.7,112.85,1340380
2018-04-19,114.45,118.47,113.95,118.47,240934
2018-04-20,124.38,124.38,122.5,124.38,1155940
2018-04-23,127.32,130.57,125.05,130.57,2122898
2018-04-24,133.5,137.1,125.0,126.43,6311094
2018-04-25,126.5,129.38,120.28,120.78,2038698
2018-04-26,120.95,125.0,120.95,122.4,1561244
2018-04-27,123.5,128.5,123.05,128.5,2103400
2018-04-30,131.5,134.73,128.07,130.4,4167494
2018-05-02,130.45,132.68,126.07,127.57,1750108
2018-05-03,127.0,129.0,124.5,126.18,895216
2018-05-04,125.88,131.5,124.0,126.72,3912576
2018-05-07,127.5,129.55,122.0,122.57,1862340
2018-05-08,122.6,124.03,116.45,116.45,2622452
2018-05-09,116.45,122.25,112.0,122.25,4622870
2018-05-10,122.25,124.7,119.13,120.0,2136240
2018-05-11,122.4,122.43,115.65,116.7,1420600
2018-05-14,117.93,119.95,115.0,115.55,1388670
2018-05-15,115.95,119.15,114.55,117.22,958244
2018-05-16,117.22,119.22,114.05,116.47,1448180
2018-05-17,117.57,122.28,116.65,121.22,4155682
2018-05-18,121.5,121.93,115.7,116.07,1163594
2018-05-21,116.2,117.25,112.5,116.07,1202206
2018-05-22,117.0,119.7,116.05,118.72,859028
2018-05-23,119.05,121.22,115.1,116.03,776232
2018-05-24,118.0,118.03,110.22,114.0,807058
2018-05-25,115.22,115.22,112.25,113.05,1288858
2018-05-28,113.85,116.47,113.82,115.88,649190
2018-05-29,116.68,121.65,115.28,120.45,3679414
2018-05-30,118.3,121.3,115.0,116.13,1723952
2018-05-31,117.5,118.7,114.63,117.32,1828996
2018-06-01,117.45,117.45,114.63,115.03,945812
2018-06-04,115.5,117.35,109.28,109.28,957448
2018-06-05,103.82,104.9,103.82,103.82,344594
2018-06-06,98.65,109.0,98.65,109.0,4226532
2018-06-07,115.03,125.7,114.1,120.38,12664172
2018-06-08,120.45,123.3,116.4,119.0,4333740
2018-06-11,119.5,121.18,115.85,116.63,1518836
2018-06-12,116.68,118.5,114.25,114.72,1235438
2018-06-13,115.5,117.82,113.0,113.45,1673400
2018-06-14,113.88,116.45,113.15,115.55,1351846
2018-06-15,116.2,116.22,112.0,113.28,1179078
2018-06-18,113.95,114.95,111.0,113.05,1134644
2018-06-19,111.97,114.4,110.5,111.22,1230124
2018-06-20,111.25,115.0,111.25,114.18,1612578
2018-06-21,114.85,114.97,111.75,112.35,602352
2018-06-22,112.5,112.95,110.57,111.47,694838
2018-06-25,111.75,116.47,110.55,113.18,2096774
2018-06-26,112.65,114.78,110.7,111.18,1316292
2018-06-27,111.68,112.22,97.05,106.15,2561736
2018-06-28,106.07,106.5,100.7,101.9,1539514
2018-06-29,103.95,110.35,103.95,109.28,2771134
2018-07-02,109.28,111.75,106.55,109.47,1927758
2018-07-03,110.38,110.4,107.05,108.68,1968572
2018-07-04,108.5,111.0,107.5,109.2,2129954
2018-07-05,109.2,110.38,107.25,107.55,946996
2018-07-06,107.5,108.7,106.05,106.72,829238
2018-07-09,108.15,109.57,106.35,107.88,1080876
2018-07-10,108.5,114.63,108.05,111.85,3482766
2018-07-11,111.7,114.95,109.1,112.9,3379562
2018-07-12,114.5,116.5,112.15,113.35,2436740
2018-07-13,113.5,113.63,110.22,110.65,1041412
2018-07-16,110.0,110.65,104.28,105.15,1459692
2018-07-17,104.75,107.35,103.0,106.28,1047980
2018-07-18,106.95,107.68,102.35,102.9,1112818
2018-07-19,103.45,104.72,99.0,100.97,1310486
2018-07-20,101.5,102.9,98.65,99.9,1021932
2018-07-23,100.03,104.4,100.03,103.18,1074948
2018-07-24,104.43,114.95,103.35,113.53,3974402
2018-07-25,115.7,118.5,112.5,115.0,3182240
2018-07-26,114.75,114.75,110.0,110.95,1441616
2018-07-27,111.7,119.75,110.7,117.4,7621688
2018-07-30,118.5,126.3,118.3,122.88,6284922
2018-07-31,123.7,129.73,119.0,127.55,5227168
2018-08-01,127.75,130.5,125.5,126.88,2802616
2018-08-02,127.4,128.0,121.78,122.95,1795452
2018-08-03,123.5,138.5,123.5,132.13,12006856
2018-08-06,133.25,138.95,132.5,134.27,3828380
2018-08-07,135.4,135.68,127.05,129.27,3045346
2018-08-08,129.5,139.93,129.15,137.0,8435740
2018-08-09,137.9,143.48,136.07,139.63,5433786
2018-08-10,140.0,140.68,133.5,134.25,3467044
2018-08-13,133.7,134.57,128.85,130.27,2492472
2018-08-14,130.4,133.9,130.38,131.95,1875796
2018-08-16,131.88,131.9,125.05,126.1,2658478
2018-08-17,127.35,131.1,126.75,129.0,1979672
2018-08-20,129.7,130.15,126.5,128.55,1669292
2018-08-21,129.4,131.7,127.07,129.52,1937614
2018-08-23,130.15,130.18,123.22,124.6,2584204
2018-08-24,124.5,124.5,119.6,120.28,2032948
2018-08-27,120.9,126.5,117.5,123.63,3920496
2018-08-28,124.5,126.2,121.8,123.47,1487774
2018-08-29,123.5,125.85,121.1,121.55,1465440
2018-08-30,121.97,122.5,120.38,120.75,917300
2018-08-31,120.8,123.25,118.82,120.9,1568662
2018-09-03,121.05,122.45,118.07,118.8,1463990
2018-09-04,119.3,121.75,118.8,119.32,1807040
2018-09-05,119.0,120.9,117.5,119.78,1374676
2018-09-06,120.95,124.75,119.5,123.07,2282070
2018-09-07,123.0,123.4,120.0,121.22,1042128
2018-09-10,120.0,121.13,117.75,117.97,1091828
2018-09-11,117.5,118.47,112.0,112.65,1917296
2018-09-12,113.7,113.7,108.15,111.03,1372296
2018-09-14,112.45,115.47,112.05,114.95,1335632
2018-09-17,114.0,118.47,112.05,116.45,1882816
2018-09-18,117.28,117.82,113.7,114.15,808506
2018-09-19,114.5,115.03,111.32,113.35,808604
2018-09-21,114.07,114.97,100.5,111.75,2360534
2018-09-24,110.5,112.38,108.0,108.85,1017044
2018-09-25,107.5,107.68,103.9,106.88,1313558
2018-09-26,107.25,110.4,106.5,109.57,1048916
2018-09-27,109.82,109.82,104.5,104.8,1203646
2018-09-28,106.75,107.18,98.45,102.5,1580698
2018-10-01,102.5,102.53,92.53,94.93,2438098
2018-10-03,95.93,97.47,92.75,94.57,1633388
2018-10-04,93.0,93.4,90.53,91.43,1261754
2018-10-05,92.0,93.43,88.03,88.8,1376652
2018-10-08,87.53,87.9,78.72,84.4,2774088
2018-10-09,85.5,98.78,85.0,95.75,3576180
2018-10-10,97.0,110.47,96.5,101.75,11845630
2018-10-11,94.5,108.65,92.75,103.1,8700990
2018-10-12,106.72,108.7,103.5,107.38,3337844
2018-10-15,108.05,111.47,107.5,108.43,1788294
2018-10-16,109.5,114.82,108.0,112.05,4505792
2018-10-17,114.22,114.25,107.85,109.18,1986028
2018-10-19,107.5,111.47,106.65,110.1,1568290
2018-10-22,111.7,111.7,104.22,104.63,1376230
2018-10-23,103.9,104.5,99.05,100.97,1171444
2018-10-24,102.03,107.5,102.03,106.13,1789410
2018-10-25,104.65,107.25,104.5,106.3,1408172
2018-10-26,107.5,110.5,104.45,105.8,1282332
2018-10-29,107.0,111.45,106.72,110.22,1737532
2018-10-30,111.85,114.05,108.5,111.8,1904380
2018-10-31,115.5,118.5,112.18,113.28,4267516
2018-11-01,114.15,117.5,113.2,114.35,2123766
2018-11-02,115.85,117.0,114.55,115.53,1573620
2018-11-05,115.55,115.8,112.5,112.8,784650
2018-11-06,113.4,113.7,111.25,111.6,617420
2018-11-07,112.25,113.0,111.03,112.4,193902
2018-11-09,112.4,112.5,108.03,108.93,1310034
2018-11-12,110.15,112.9,109.75,110.3,1490636
2018-11-13,110.07,110.5,107.53,108.18,883920
2018-11-14,109.1,109.28,104.43,106.25,966604
2018-11-15,107.5,108.93,106.55,107.43,935012
2018-11-16,108.35,108.5,106.03,106.78,671890
2018-11-19,107.0,107.5,104.53,105.7,538314
2018-11-20,104.97,106.57,102.65,103.2,751796
2018-11-21,103.22,114.3,102.0,112.38,4980598
2018-11-22,113.03,114.5,107.5,108.63,2064040
2018-11-26,109.0,109.15,105.1,107.95,1176534
2018-11-27,107.95,109.53,106.03,107.63,949962
2018-11-28,107.5,108.28,105.65,106.28,506034
2018-11-29,107.0,109.47,105.25,105.8,1035874
2018-11-30,106.47,108.35,105.75,106.95,680976
2018-12-03,107.5,108.03,106.0,106.25,518934
2018-12-04,106.5,108.57,105.55,106.25,796500
2018-12-05,105.9,106.2,104.0,104.18,687444
2018-12-06,104.0,104.0,102.0,102.32,478474
2018-12-07,103.0,105.75,102.4,102.78,539218
2018-12-10,98.63,101.5,96.25,96.82,1130710
2018-12-11,95.0,101.2,95.0,99.57,966826
2018-12-12,100.68,106.2,100.57,104.63,1699962
2018-12-13,105.95,107.1,100.78,101.43,1320814
2018-12-14,100.8,107.0,100.8,102.3,2152322
2018-12-17,102.72,104.2,102.05,103.55,821882
2018-12-18,103.47,106.7,102.43,102.93,2470120
2018-12-19,103.5,105.85,103.3,104.0,1202936
2018-12-20,103.55,104.28,102.53,102.95,690080
2018-12-21,103.5,103.7,101.18,101.4,779280
2018-12-24,101.93,102.85,99.63,100.2,790804
2018-12-26,99.5,101.25,98.15,100.28,868838
2018-12-27,101.18,102.38,100.0,100.3,531760
2018-12-28,100.5,101.38,99.5,99.72,726042
2019-01-01,103.8,104.45,102.3,103.7,1100532
2019-01-02,103.5,105.0,102.78,103.6,953392
2019-01-03,103.6,104.38,102.5,102.7,491532
2019-01-04,103.2,104.0,101.15,101.93,621408
2019-01-07,102.8,103.25,100.53,101.35,528558
2019-01-08,101.6,102.85,101.35,102.15,544822
2019-01-09,102.7,103.45,101.78,102.63,509838
2019-01-10,103.5,104.25,102.55,103.4,659956
2019-01-11,103.88,103.88,102.5,103.1,381458
2019-01-14,104.5,107.35,102.55,103.2,2675714
2019-01-15,103.2,103.85,101.2,101.65,1260382
2019-01-16,102.03,107.25,102.0,103.97,8952618
2019-01-17,104.95,106.35,103.4,103.82,2203390
2019-01-18,102.5,104.45,91.0,91.82,9762670
2019-01-21,93.5,93.7,83.05,83.65,7303480
2019-01-22,84.38,90.35,83.93,89.18,7343220
2019-01-23,90.5,91.47,89.07,89.72,3037950
2019-01-24,90.22,90.22,86.13,87.7,2592420
2019-01-25,88.5,88.5,83.5,84.28,2916980
2019-01-28,84.4,84.4,79.0,79.57,2434038
2019-01-29,78.5,80.45,76.05,78.1,2285000
2019-01-30,79.5,84.43,78.88,83.13,3793368
2019-01-31,83.78,89.8,83.78,87.55,4978356
2019-02-01,89.05,90.3,84.0,85.3,3214738
2019-02-04,84.0,84.7,81.78,82.85,1051776
2019-02-05,82.5,83.25,80.6,80.95,874246
2019-02-06,81.4,82.97,79.0,80.85,1664346
2019-02-07,80.8,82.15,80.32,81.65,785522
2019-02-08,82.0,82.2,79.65,80.18,729086
2019-02-11,80.0,80.4,76.57,77.5,832098
2019-02-12,77.47,77.5,75.05,76.47,1413012
2019-02-13,76.22,77.2,71.3,71.93,1950652
2019-02-14,71.0,77.0,67.57,71.13,3329000
2019-02-15,71.22,74.0,70.72,72.43,1403444
2019-02-18,72.45,72.9,69.5,70.25,815264
2019-02-19,69.95,71.3,69.5,70.03,875280
2019-02-20,70.5,76.0,70.5,74.6,2049848
2019-02-21,76.0,76.63,73.13,74.07,2321788
2019-02-22,74.0,75.45,73.65,74.4,1096688
2019-02-25,74.55,77.4,74.55,76.55,1960792
2019-02-26,74.72,75.9,73.05,75.25,2520912
2019-02-27,75.57,79.28,75.5,77.45,2019168
2019-02-28,78.5,79.22,77.5,77.72,1208266
2019-03-01,78.5,82.93,78.28,82.07,2042394
2019-03-05,84.0,92.2,83.05,90.78,6744836
2019-03-06,91.45,91.78,87.6,88.3,2019914
2019-03-07,89.0,91.97,87.7,89.07,2550352
2019-03-08,88.95,88.95,86.18,86.88,1303908
2019-03-11,87.63,89.75,87.5,88.38,1066802
2019-03-12,89.3,91.45,89.03,89.68,2399552
2019-03-13,91.25,91.72,89.25,89.68,1603276
2019-03-14,89.68,90.95,88.82,89.22,1164884
2019-03-15,89.47,89.95,85.45,86.38,1130434
2019-03-18,87.0,88.0,85.5,87.5,1013230
2019-03-19,87.25,88.45,86.53,87.32,1000534
2019-03-20,87.03,88.95,86.18,87.82,1240690
2019-03-22,87.7,87.8,86.0,86.47,657506
2019-03-25,85.1,85.72,84.03,85.03,1074036
2019-03-26,85.03,86.5,84.55,84.85,742178
2019-03-27,84.53,87.97,84.13,86.6,1627990
2019-03-28,86.5,90.75,86.3,88.78,3129664
2019-03-29,89.45,90.88,86.93,88.22,1562844
2019-04-01,88.63,90.0,88.43,89.32,1224952
2019-04-02,89.5,89.75,87.82,88.3,628194
2019-04-03,88.5,89.55,85.5,86.22,960274
2019-04-04,86.28,86.43,84.1,84.88,661010
2019-04-05,85.7,87.3,84.5,86.15,1330774
2019-04-08,86.07,86.57,83.78,84.68,709306
2019-04-09,84.97,84.97,83.5,83.9,480130
2019-04-10,83.85,87.72,83.38,86.03,1869976
2019-04-11,86.07,86.28,84.55,85.18,925468
2019-04-12,84.97,86.4,84.13,85.32,1314444
2019-04-15,85.5,87.9,85.3,86.55,1634590
2019-04-16,86.9,87.68,84.78,84.93,1000970
2019-04-18,85.18,85.53,83.05,83.3,695042
2019-04-22,83.0,83.45,80.5,80.95,894640
2019-04-23,81.0,82.28,80.13,81.3,571392
2019-04-24,81.18,81.95,80.35,80.95,527158
2019-04-25,80.55,82.25,80.5,80.75,781358
2019-04-26,81.0,81.7,79.45,79.65,683422
2019-04-30,79.25,79.65,76.5,78.28,703594
2019-05-02,78.3,79.6,75.75,77.1,968474
2019-05-03,77.0,78.07,75.35,75.9,725384
2019-05-06,75.0,76.1,74.07,75.05,850304
2019-05-07,75.55,76.5,72.15,72.7,826174
2019-05-08,72.5,72.97,70.0,70.18,1079338
2019-05-09,70.4,71.2,68.78,69.32,794414
2019-05-10,69.7,71.0,69.25,69.55,526574
2019-05-13,69.5,70.18,67.05,67.43,786060
2019-05-14,66.0,66.65,65.0,65.5,852488
2019-05-15,65.53,66.88,63.05,63.8,779406
2019-05-16,63.8,63.97,61.0,61.53,898488
2019-05-17,62.5,68.25,61.53,67.03,3600772
2019-05-20,69.0,72.5,68.75,71.65,2005766
2019-05-21,71.95,72.0,66.5,66.82,2049556
2019-05-22,67.0,67.95,66.05,67.28,898264
2019-05-23,69.95,70.38,67.0,67.75,1034266
2019-05-24,68.18,72.1,67.88,71.5,2092436
2019-05-27,72.0,74.5,71.55,72.97,1648860
2019-05-28,73.35,76.35,72.13,75.5,2786100
2019-05-29,76.03,80.3,75.53,78.18,6326178
2019-05-30,78.18,78.53,75.03,75.4,1355034
2019-05-31,75.38,76.1,73.0,73.82,976566
2019-06-03,73.1,74.45,71.5,72.65,874208
2019-06-04,71.55,77.0,71.5,74.7,2373416
2019-06-06,74.7,74.75,71.53,71.82,835142
2019-06-07,71.8,72.22,69.25,70.32,800244
2019-06-10,70.38,71.28,67.5,68.0,793480
2019-06-11,68.5,68.8,66.18,67.65,1170394
2019-06-12,67.78,68.38,66.85,67.03,668604
2019-06-13,66.7,67.3,65.1,65.53,648656
2019-06-14,65.53,66.7,64.0,64.65,745102
2019-06-17,64.5,65.07,63.0,63.17,498410
2019-06-18,63.15,63.45,60.63,61.0,712260
2019-06-19,61.35,62.5,54.33,57.03,1889640
2019-06-20,57.5,59.65,55.15,59.05,1562342
2019-06-21,59.05,61.0,58.17,58.78,1317526
2019-06-24,58.75,59.4,57.25,57.65,607692
2019-06-25,57.0,59.15,56.63,57.9,861796
2019-06-26,57.9,59.0,57.28,58.33,711432
2019-06-27,58.6,60.9,57.97,59.03,2427508
2019-06-28,59.5,59.83,57.9,58.13,662578
2019-07-01,58.55,60.9,58.55,59.67,1558678
2019-07-02,60.1,60.1,58.25,58.7,644274
2019-07-03,58.7,59.5,58.15,58.6,794026
2019-07-04,58.6,59.4,57.9,58.25,483194
2019-07-05,58.47,58.78,56.9,57.15,543986
2019-07-08,56.35,56.35,54.25,54.55,1372668
2019-07-09,54.85,55.65,53.88,54.35,726366
2019-07-10,54.67,56.25,54.2,54.75,732778
2019-07-11,55.2,55.7,53.75,54.03,642854
2019-07-12,54.47,58.35,54.03,56.85,2623160
2019-07-15,57.0,58.38,56.78,57.83,853950
2019-07-16,58.5,58.58,56.4,56.78,968308
2019-07-17,57.22,58.45,57.0,58.15,874862
2019-07-18,58.5,59.47,56.47,58.17,1030388
2019-07-19,58.7,59.45,55.55,57.53,2243100
2019-07-22,56.3,56.33,52.9,54.47,1381734
2019-07-23,54.5,57.0,53.78,55.63,822920
2019-07-24,55.78,58.22,55.75,56.53,902192
2019-07-25,56.55,57.85,56.1,57.65,842468
2019-07-26,57.5,67.45,57.1,66.55,7036338
2019-07-29,66.15,68.97,64.05,64.55,4896008
2019-07-30,64.22,65.4,58.0,58.22,1960312
2019-07-31,57.53,60.63,57.1,60.25,1511478
2019-08-01,59.7,62.38,58.5,60.65,1474278
2019-08-02,59.92,60.35,58.33,58.85,1284382
2019-08-05,58.05,58.25,55.4,55.95,805172
2019-08-06,56.0,58.2,55.63,56.88,837334
2019-08-07,56.88,58.75,56.75,57.08,853420
2019-08-08,57.72,59.5,57.5,58.42,707536
2019-08-09,59.2,59.8,58.47,58.95,548046
2019-08-13,58.25,60.25,58.1,59.83,784246
2019-08-14,61.0,63.45,59.83,61.65,1421658
2019-08-16,60.8,61.5,59.85,60.5,632464
2019-08-19,60.03,64.88,59.55,62.63,1794990
2019-08-20,62.0,63.55,61.5,62.63,826206
2019-08-21,62.5,62.55,58.53,59.65,794186
2019-08-22,57.92,60.13,56.13,56.58,1371298
2019-08-23,55.5,57.4,55.13,56.67,1097052
2019-08-26,57.83,58.4,56.13,57.13,805930
2019-08-27,57.63,59.65,57.08,58.88,1203994
2019-08-28,58.95,59.33,56.5,57.0,646870
2019-08-29,57.3,57.9,55.25,55.88,593370
2019-08-30,56.22,56.95,54.72,55.9,847954
2019-09-03,55.83,56.2,54.08,54.4,534938
2019-09-04,54.38,55.6,54.0,55.05,452674
2019-09-05,55.4,56.83,54.28,54.8,835972
2019-09-06,54.9,55.8,54.53,55.1,596280
2019-09-09,55.03,58.9,54.9,57.55,3496052
2019-09-11,58.15,61.88,58.13,59.35,4093582
2019-09-12,59.5,61.72,59.35,59.7,3818764
2019-09-13,60.17,61.17,59.05,59.67,1354752
2019-09-16,59.0,69.7,58.63,68.32,23842716
2019-09-17,66.2,68.93,61.92,62.78,8901016
2019-09-18,63.3,64.25,60.63,62.83,5702074
2019-09-19,62.75,64.0,61.0,61.83,3457628
2019-09-20,62.03,66.65,61.38,65.95,5035528
2019-09-23,66.85,67.2,64.0,64.93,2047194
2019-09-24,65.28,68.25,64.6,65.75,4395440
2019-09-25,65.85,66.35,63.1,64.2,1533594
2019-09-26,64.47,65.38,63.13,63.9,1035648
2019-09-27,64.45,64.5,61.28,61.72,1296628
2019-09-30,61.97,61.97,58.75,59.38,972426
2019-10-01,59.65,61.0,57.0,57.58,1098618
2019-10-03,56.55,58.2,56.38,57.25,905298
2019-10-04,57.8,58.7,56.55,56.8,818066
2019-10-07,57.0,57.28,55.15,55.45,626304
2019-10-09,55.53,56.5,54.03,55.72,1205292
2019-10-10,55.5,57.97,55.28,56.72,1070072
2019-10-11,57.05,57.72,55.58,56.15,558626
2019-10-14,56.0,57.5,56.0,56.22,564940
2019-10-15,56.3,57.38,56.3,56.92,560988
2019-10-16,57.25,58.35,56.92,57.42,602222
2019-10-17,57.72,60.55,57.05,59.22,1673494
2019-10-18,59.2,61.63,58.75,61.1,1807892
2019-10-22,61.3,65.43,60.3,62.6,4384966
2019-10-23,62.92,63.05,61.05,61.45,815586
2019-10-24,61.88,62.42,59.9,60.3,793610
2019-10-25,60.45,60.7,59.5,59.75,640716
2019-10-27,60.17,60.38,58.8,59.53,250218
2019-10-29,59.9,62.9,58.72,60.95,2005014
2019-10-30,61.33,63.2,59.03,61.97,3857328
2019-10-31,63.0,64.82,62.2,63.13,2008810
2019-11-01,63.1,63.83,62.1,62.65,1434296
2019-11-04,62.5,65.5,62.1,63.45,3914354
2019-11-05,63.95,64.25,60.15,60.47,2198876
2019-11-06,60.5,62.25,60.5,61.15,1188810
2019-11-07,61.47,64.0,61.17,63.42,2440748
2019-11-08,63.28,64.5,61.78,62.15,2177500
2019-11-11,60.25,62.13,60.25,61.13,933444
2019-11-13,61.25,63.38,61.17,62.3,2144602
2019-11-14,62.47,62.7,60.8,61.53,1179886
2019-11-15,61.7,63.15,61.03,62.55,1605938
2019-11-18,63.2,65.3,63.05,63.6,4420840
2019-11-19,63.92,64.15,62.25,62.65,889522
2019-11-20,63.13,63.13,61.7,62.03,815582
2019-11-21,62.28,62.4,61.25,61.4,683084
2019-11-22,61.7,63.6,61.47,62.13,2336824
2019-11-25,62.2,62.72,61.63,62.0,997308
2019-11-26,63.0,63.45,61.53,61.97,1296558
2019-11-27,62.25,64.25,61.5,63.53,3788866
2019-11-28,63.5,64.0,62.28,62.7,1373742
2019-11-29,62.72,64.3,62.0,62.75,1962380
2019-12-02,62.75,63.6,61.75,61.9,637958
2019-12-03,62.0,62.13,60.38,60.58,722058
2019-12-04,60.1,60.65,59.05,59.8,1116896
2019-12-05,59.8,60.5,59.03,59.28,1186306
2019-12-06,59.45,59.8,58.0,58.22,706652
2019-12-09,58.47,58.5,55.0,55.85,1016542
2019-12-10,56.3,56.7,54.6,54.9,668584
2019-12-11,55.1,56.33,54.88,56.05,816544
2019-12-12,56.72,57.35,55.08,56.15,1693826
2019-12-13,56.42,57.1,56.1,56.53,1028410
2019-12-16,56.85,57.22,55.3,55.97,940650
2019-12-17,56.6,56.78,55.28,55.53,969608
2019-12-18,55.83,56.42,55.6,56.0,855320
2019-12-19,56.0,57.97,56.0,56.78,1867318
2019-12-20,56.72,57.97,56.1,56.55,1281874
2019-12-23,56.5,57.25,56.28,56.88,673424
2019-12-24,56.92,57.42,56.4,56.7,737330
2019-12-26,56.83,57.35,56.5,56.95,640718
2019-12-27,57.15,57.25,56.5,56.7,888590
2019-12-30,56.75,59.9,56.75,59.58,2718762
