date,open,high,low,close,volume
2009-03-05,10.19,10.7,10.19,10.45,577540
2009-03-06,10.1,10.7,9.8,10.02,244470
2009-03-09,9.56,10.3,9.56,9.8,78680
2009-03-12,10.09,10.35,9.93,10.01,129680
2009-03-13,9.8,10.24,9.8,9.98,43950
2009-03-16,9.98,10.41,9.75,9.85,366070
2009-03-17,9.85,10.06,9.5,9.61,48810
2009-03-18,9.57,9.96,9.5,9.73,186680
2009-03-19,9.95,10.22,9.85,10.13,325130
2009-03-20,10.14,10.3,9.9,10.02,130870
2009-03-23,10.15,10.6,10.03,10.2,289700
2009-03-24,10.46,10.74,10.3,10.5,126920
2009-03-25,10.4,10.69,10.3,10.47,67420
2009-03-26,10.4,11.05,10.23,10.66,280740
2009-03-27,10.66,11.18,10.42,11.04,122400
2009-03-30,10.82,11.26,10.3,10.48,38620
2009-03-31,10.18,11.09,10.18,10.95,58930
2009-04-01,11.0,11.18,10.8,10.85,41990
2009-04-02,11.1,11.68,11.0,11.52,112450
2009-04-06,11.8,12.51,11.73,12.02,236680
2009-04-08,11.74,12.0,11.2,11.98,49890
2009-04-09,12.28,13.99,12.1,12.65,217720
2009-04-13,13.1,14.85,12.78,13.38,628360
2009-04-15,13.95,13.95,12.8,13.24,174700
2009-04-16,14.0,14.4,13.5,14.01,510780
2009-04-17,14.7,15.0,14.2,14.34,377580
2009-04-20,14.31,15.0,14.2,14.44,110500
2009-04-21,13.6,14.5,13.6,14.17,50080
2009-04-22,14.4,14.4,13.32,13.68,82860
2009-04-23,13.5,14.0,12.9,13.1,79630
2009-04-24,13.65,13.65,13.02,13.18,27170
2009-04-27,13.0,14.86,13.0,14.1,572530
2009-04-28,14.2,14.4,12.7,13.59,144830
2009-04-29,13.6,14.48,13.11,13.44,635030
2009-05-04,13.51,14.1,13.51,13.99,188010
2009-05-05,14.19,14.19,14.0,14.02,78360
2009-05-06,14.0,14.4,13.63,13.82,142410
2009-05-07,14.0,14.3,13.7,14.0,40540
2009-05-08,13.9,14.25,13.41,13.81,80540
2009-05-11,16.5,16.5,13.54,14.01,80270
2009-05-12,13.9,14.4,13.72,13.78,28010
2009-05-13,13.8,14.1,13.51,13.6,54670
2009-05-14,13.0,13.69,13.0,13.38,24100
2009-05-15,13.78,14.1,13.52,14.0,154870
2009-05-19,15.0,15.4,13.81,15.01,492260
2009-05-20,14.8,16.8,14.8,16.52,1174020
2009-05-21,16.5,17.2,15.81,16.45,3288790
2009-05-22,17.0,19.75,16.9,19.75,2066990
2009-05-25,20.75,21.73,20.2,21.73,1039960
2009-05-26,22.9,23.9,20.26,22.11,2159500
2009-05-27,23.1,24.2,22.4,23.69,923820
2009-05-28,23.96,24.2,22.31,23.1,334970
2009-05-29,23.35,23.5,22.5,23.08,437060
2009-06-01,24.0,25.4,23.99,25.4,733290
2009-06-02,26.4,27.69,25.6,26.9,383700
2009-06-03,27.8,27.8,24.5,25.63,395100
2009-06-04,25.6,25.6,24.3,24.44,257340
2009-06-05,24.01,25.5,24.01,24.92,209710
2009-06-08,24.99,25.0,23.6,23.94,107590
2009-06-09,24.06,25.0,23.1,24.16,646360
2009-06-10,24.59,25.76,24.42,25.28,766960
2009-06-11,25.95,26.9,25.59,26.56,674080
2009-06-12,26.66,27.27,25.7,27.08,398620
2009-06-15,27.34,27.39,25.2,27.18,287040
2009-06-16,26.6,27.7,26.2,27.36,361950
2009-06-17,27.2,27.2,24.72,25.45,60310
2009-06-18,25.0,25.9,22.91,22.91,61690
2009-06-19,23.48,23.87,22.7,23.25,93160
2009-06-22,23.4,23.7,21.06,23.42,88920
2009-06-23,23.3,23.3,21.62,22.11,117160
2009-06-24,22.01,22.9,21.5,22.56,97080
2009-06-25,23.0,23.98,22.52,23.77,82610
2009-06-26,22.5,24.0,22.06,23.76,89250
2009-06-29,24.0,24.49,23.55,23.85,15860
2009-06-30,24.5,24.5,23.81,24.17,167020
2009-07-01,24.0,24.27,23.7,23.88,139630
2009-07-02,23.8,23.95,22.71,22.91,39540
2009-07-03,23.35,23.38,22.52,22.84,15800
2009-07-06,24.6,24.69,22.0,22.23,33250
2009-07-07,22.1,22.5,21.0,21.88,115830
2009-07-08,21.5,22.15,21.06,21.2,15190
2009-07-09,21.06,23.1,18.88,21.12,313040
2009-07-10,21.5,21.9,20.61,20.85,73230
2009-07-13,20.9,21.1,20.13,20.82,154480
2009-07-14,21.0,21.1,20.31,20.61,51160
2009-07-15,21.5,21.5,20.6,20.78,146240
2009-07-16,20.88,22.5,20.6,21.5,220330
2009-07-17,23.0,23.19,21.51,21.81,126440
2009-07-20,19.5,22.8,19.5,22.13,728110
2009-07-21,21.82,23.82,21.82,22.47,577490
2009-07-22,22.9,23.3,21.01,21.57,192680
2009-07-23,22.29,22.6,21.75,22.01,184120
2009-07-24,22.44,23.09,21.5,21.93,2576880
2009-07-27,22.21,22.21,21.01,21.47,305580
2009-07-28,21.79,22.0,21.1,21.47,151590
2009-07-29,21.3,21.48,20.5,21.0,98860
2009-07-30,21.03,21.31,20.71,21.04,73490
2009-07-31,21.59,21.8,21.01,21.09,107900
2009-08-03,21.1,21.5,21.1,21.28,129050
2009-08-04,21.25,21.49,20.85,20.96,123920
2009-08-05,20.9,21.3,20.9,21.05,56490
2009-08-06,20.82,21.7,20.82,21.31,182190
2009-08-07,21.05,21.78,20.5,21.27,301220
2009-08-10,21.8,21.8,21.26,21.35,137480
2009-08-11,21.5,22.0,21.4,21.7,198360
2009-08-12,21.5,22.9,21.08,22.31,8706520
2009-08-13,22.6,24.1,22.6,23.72,1810760
2009-08-14,23.84,23.88,22.86,23.03,361270
2009-08-17,23.08,24.43,22.34,22.67,1713800
2009-08-18,23.3,23.95,22.7,23.12,801880
2009-08-19,23.49,23.68,22.23,22.7,241760
2009-08-20,23.23,23.23,22.0,22.52,4150520
2009-08-21,22.75,22.98,22.03,22.74,101090
2009-08-24,23.02,23.38,23.0,23.0,158870
2009-08-25,22.98,23.4,22.75,23.09,150570
2009-08-26,23.23,24.2,23.05,23.33,290110
2009-08-27,23.33,23.75,23.07,23.3,116590
2009-08-28,23.22,23.5,22.0,22.65,128540
2009-08-31,22.8,23.33,22.28,22.92,406410
2009-09-01,23.0,23.85,22.91,23.27,304940
2009-09-02,23.0,27.4,23.0,25.74,35603128
2009-09-03,26.34,26.78,25.52,25.68,10525530
2009-09-04,25.89,26.1,24.53,24.9,1539980
2009-09-07,25.2,26.15,25.0,25.4,1151040
2009-09-08,25.68,26.19,23.07,25.5,1419870
2009-09-09,25.5,26.0,24.5,25.4,474480
2009-09-10,25.6,26.2,24.31,24.67,343430
2009-09-11,25.1,25.8,24.63,24.94,654270
2009-09-14,24.9,25.4,23.95,24.19,551370
2009-09-15,24.9,24.99,24.3,24.51,136840
2009-09-16,24.2,24.79,24.16,24.33,120770
2009-09-17,24.35,26.25,24.1,25.06,1249380
2009-09-18,24.48,25.6,24.48,25.05,318880
2009-09-22,25.4,25.54,25.0,25.17,523780
2009-09-23,25.3,25.8,24.24,25.52,501550
2009-09-24,25.1,26.57,25.02,25.77,776920
2009-09-25,25.7,28.24,25.42,27.11,1490210
2009-09-29,27.2,27.5,26.0,26.31,691460
2009-09-30,26.5,27.0,26.0,26.35,161190
2009-10-01,23.5,26.59,23.5,25.45,270010
2009-10-05,25.49,26.7,24.6,24.91,211720
2009-10-06,25.3,25.3,24.05,24.51,212200
2009-10-07,24.63,25.3,24.63,24.95,911460
2009-10-08,23.77,25.5,21.84,24.94,142340
2009-10-09,24.9,25.35,24.2,24.53,82230
2009-10-12,24.99,25.8,24.41,25.3,594830
2009-10-14,25.41,25.41,24.8,24.96,222040
2009-10-15,25.39,25.39,24.52,24.78,191110
2009-10-16,24.74,25.6,24.74,25.0,637540
2009-10-17,26.0,26.2,25.11,25.84,227330
2009-10-20,25.9,27.34,25.9,26.5,1392530
2009-10-21,26.97,27.8,26.74,26.97,2459590
2009-10-22,27.13,27.5,26.5,26.75,770910
2009-10-23,27.01,29.43,27.0,28.17,5207830
2009-10-26,28.3,28.3,26.5,26.75,978210
2009-10-27,26.16,26.89,25.5,26.38,536670
2009-10-28,26.0,27.85,25.7,27.13,748130
2009-10-29,26.8,29.67,26.25,27.56,1477280
2009-10-30,28.2,29.0,27.0,27.91,760930
2009-11-03,27.9,27.9,25.6,25.65,414690
2009-11-04,26.3,26.51,25.55,26.24,253740
2009-11-05,25.75,27.83,25.75,27.56,501340
2009-11-06,27.9,28.2,27.0,27.06,241750
2009-11-09,26.8,27.4,26.3,27.24,136630
2009-11-10,27.8,28.75,27.21,27.88,964220
2009-11-11,27.8,28.4,27.8,27.98,168810
2009-11-12,28.0,28.8,27.56,27.96,407850
2009-11-13,28.0,29.35,28.0,28.4,981180
2009-11-16,29.0,30.2,28.61,29.08,1137040
2009-11-17,29.4,31.07,29.31,30.52,2807540
2009-11-18,30.52,32.47,30.52,31.59,3301600
2009-11-19,31.89,32.25,29.77,30.26,1753000
2009-11-20,24.88,32.35,24.88,31.54,2350350
2009-11-23,31.8,31.8,30.51,30.68,519590
2009-11-24,30.9,31.45,30.5,30.92,584500
2009-11-25,30.92,32.0,30.92,31.67,1014500
2009-11-26,31.9,32.0,30.2,30.57,2796550
2009-11-27,30.24,30.24,28.7,29.21,743920
2009-11-30,29.5,30.7,29.5,29.69,339750
2009-12-01,29.92,31.2,29.52,30.61,2478690
2009-12-02,30.9,31.33,29.51,29.68,456600
2009-12-03,30.1,30.44,29.06,29.41,188260
2009-12-04,29.26,30.4,29.26,29.55,240430
2009-12-07,29.84,30.64,28.62,29.0,319390
2009-12-08,29.28,29.69,29.24,29.56,128100
2009-12-09,29.4,32.94,29.2,31.43,5333460
2009-12-10,31.46,33.38,30.26,31.6,7542560
2009-12-11,32.19,32.6,30.7,30.89,1316570
2009-12-14,30.9,31.4,30.0,30.3,536640
2009-12-15,30.8,31.29,29.3,29.69,1881180
2009-12-16,29.5,30.69,29.48,29.88,694750
2009-12-17,29.9,31.15,29.65,30.06,2239440
2009-12-18,29.9,30.89,29.4,29.65,627430
2009-12-21,29.7,30.6,29.5,29.72,378330
2009-12-22,30.0,30.28,29.65,29.72,260550
2009-12-23,30.1,30.2,29.65,29.81,224140
2009-12-24,30.15,30.79,29.7,29.95,466150
2009-12-29,30.11,30.29,29.65,29.72,180260
2009-12-30,29.81,31.65,29.52,30.82,2422000
2009-12-31,30.82,31.5,30.31,31.26,863610
2010-01-04,31.3,31.85,30.8,31.2,759030
2010-01-05,31.5,31.65,31.0,31.34,312710
2010-01-06,31.66,31.75,30.6,30.68,342690
2010-01-07,30.6,31.18,30.41,30.72,289910
2010-01-08,30.88,31.45,30.5,30.67,312650
2010-01-11,31.28,31.4,30.65,30.73,258390
2010-01-12,31.09,32.3,30.66,31.02,1340720
2010-01-13,31.15,31.45,30.71,30.85,301520
2010-01-14,31.0,31.45,30.82,30.93,288170
2010-01-15,31.0,31.17,30.7,30.87,186970
2010-01-18,30.71,31.85,30.71,30.94,1441710
2010-01-19,31.01,31.19,30.14,30.25,260090
2010-01-20,30.37,36.31,30.35,33.81,32363550
2010-01-21,32.8,34.62,31.81,32.69,13811460
2010-01-22,32.1,32.4,30.52,31.88,3665020
2010-01-25,31.69,32.17,30.17,30.6,1097950
2010-01-27,30.3,31.0,29.0,29.77,1194070
2010-01-28,30.44,31.16,29.14,29.66,1038740
2010-01-29,29.11,30.6,27.16,30.17,691790
2010-02-01,29.9,31.3,29.8,30.25,515190
2010-02-02,30.62,32.2,30.06,30.32,1297900
2010-02-03,30.99,31.48,30.31,30.52,233660
2010-02-04,30.4,31.2,29.7,29.83,330330
2010-02-05,29.0,29.44,27.26,29.02,487370
2010-02-06,29.45,30.4,29.02,29.96,140720
2010-02-08,30.03,30.8,29.4,29.6,290530
2010-02-09,30.0,31.28,29.1,30.86,1118290
2010-02-10,31.5,31.5,30.11,30.19,361590
2010-02-11,30.4,30.88,29.9,30.0,309500
2010-02-15,30.5,30.97,29.83,30.06,321590
2010-02-16,30.3,30.69,29.51,29.85,177850
2010-02-17,30.4,30.89,30.17,30.38,431730
2010-02-18,30.7,30.7,29.52,29.68,175320
2010-02-19,29.8,30.2,29.23,29.59,250390
2010-02-22,30.11,30.19,29.28,29.57,156040
2010-02-23,29.41,30.72,29.05,29.88,750810
2010-02-24,29.6,30.3,29.42,29.67,121430
2010-02-25,29.8,29.9,29.5,29.68,93240
2010-02-26,29.8,29.95,28.25,29.63,190820
2010-03-02,30.18,30.49,29.6,30.05,129860
2010-03-03,30.11,30.85,30.1,30.51,279090
2010-03-04,30.3,30.69,30.1,30.37,67740
2010-03-05,30.52,31.8,30.52,31.56,734770
2010-03-08,31.6,32.52,31.56,32.25,671150
2010-03-09,31.73,33.26,31.57,32.59,464290
2010-03-10,33.2,33.5,32.5,33.04,338760
2010-03-11,33.1,33.49,32.92,33.2,211820
2010-03-12,33.28,33.28,32.21,32.33,126770
2010-03-15,32.5,32.8,32.23,32.53,113850
2010-03-16,33.17,33.39,32.5,32.53,81390
2010-03-17,32.65,32.94,32.5,32.52,80230
2010-03-18,32.6,34.0,32.6,33.85,554500
2010-03-19,33.8,34.5,33.8,34.35,226790
2010-03-22,33.21,36.0,33.21,34.37,2041190
2010-03-23,34.31,35.9,32.9,35.26,543150
2010-03-25,34.75,35.5,34.75,35.15,171450
2010-03-26,35.2,37.68,35.1,36.42,1286620
2010-03-29,36.94,37.4,35.56,35.81,271930
2010-03-30,36.28,37.7,36.0,36.46,1074550
2010-03-31,36.5,37.8,36.35,37.18,877330
2010-04-01,37.5,38.6,36.93,38.39,554330
2010-04-05,38.49,38.69,37.03,38.06,294490
2010-04-06,38.49,38.49,37.03,37.4,120510
2010-04-07,37.2,39.08,37.2,38.33,753290
2010-04-08,38.39,39.24,37.13,37.85,450100
2010-04-09,38.34,38.4,37.24,37.42,85550
2010-04-12,37.7,37.92,37.3,37.7,99730
2010-04-13,37.3,37.87,37.1,37.35,44050
2010-04-15,35.48,37.6,35.48,36.88,192020
2010-04-16,36.99,37.4,36.41,36.6,76100
2010-04-19,36.3,41.39,36.0,36.42,372820
2010-04-20,38.0,38.78,37.19,37.31,725700
2010-04-21,37.9,38.0,37.03,37.25,97350
2010-04-22,37.25,37.49,36.6,36.73,158710
2010-04-23,37.11,37.8,36.51,37.09,181940
2010-04-26,37.5,37.6,36.9,37.18,74460
2010-04-27,37.3,37.94,36.91,37.6,130520
2010-04-28,36.6,38.0,36.6,37.66,91050
2010-04-29,37.6,38.3,37.6,38.16,51610
2010-04-30,38.0,38.79,38.0,38.17,110610
2010-05-03,38.01,38.47,38.01,38.13,84880
2010-05-04,38.11,38.19,37.31,37.93,129250
2010-05-05,36.7,37.5,36.6,37.31,112210
2010-05-06,37.21,37.5,36.7,37.24,41190
2010-05-07,37.0,38.1,36.63,37.56,166300
2010-05-10,37.6,38.0,37.6,37.9,58070
2010-05-11,38.0,38.54,37.68,38.04,153160
2010-05-12,37.74,38.5,37.53,38.27,72130
2010-05-13,38.5,39.0,38.3,38.67,95630
2010-05-14,38.7,39.0,38.31,38.73,24950
2010-05-17,38.69,39.1,38.15,38.99,91380
2010-05-18,38.8,39.42,38.5,38.54,41400
2010-05-19,38.01,38.99,37.6,38.58,114920
2010-05-20,38.99,39.0,38.19,38.29,93370
2010-05-21,38.0,38.7,37.15,38.17,152180
2010-05-24,38.7,39.5,37.63,37.99,165190
2010-05-25,37.5,39.9,37.31,39.11,334020
2010-05-26,39.26,40.32,38.2,38.99,2055390
2010-05-27,39.7,39.7,38.5,38.65,33240
2010-05-28,39.28,39.28,37.6,37.78,41840
2010-05-31,38.2,38.5,37.72,38.08,26020
2010-06-01,38.01,39.0,37.33,37.95,104210
2010-06-02,37.73,39.49,37.73,39.37,805930
2010-06-03,39.55,44.78,39.55,41.94,4583490
2010-06-04,41.98,42.77,40.1,40.49,773630
2010-06-07,39.79,39.8,38.85,39.11,250770
2010-06-08,39.26,39.3,38.22,38.43,194170
2010-06-09,38.85,41.5,38.17,38.31,767720
2010-06-10,38.44,38.69,37.63,38.0,227540
2010-06-11,38.5,38.9,38.1,38.25,112510
2010-06-14,38.75,41.5,38.31,38.69,116630
2010-06-15,38.67,39.6,38.59,39.4,1075740
2010-06-16,39.6,40.22,39.02,39.22,74740
2010-06-17,39.59,39.72,38.3,38.94,1126410
2010-06-18,39.53,39.53,38.1,38.48,195640
2010-06-21,38.71,39.4,38.24,39.03,87040
2010-06-22,38.72,39.1,38.2,38.61,941700
2010-06-23,38.41,38.98,38.2,38.58,44240
2010-06-24,38.34,38.89,38.22,38.34,38580
2010-06-25,38.17,38.76,38.0,38.53,57210
2010-06-28,38.33,38.89,38.26,38.51,86880
2010-06-29,38.71,38.89,37.81,38.18,165630
2010-06-30,37.8,38.8,37.51,37.67,618730
2010-07-01,38.26,38.26,35.53,36.06,14602760
2010-07-02,36.27,37.28,36.27,36.65,2060130
2010-07-05,36.7,36.96,36.02,36.26,212200
2010-07-06,36.4,37.69,36.24,36.81,762530
2010-07-07,37.22,37.69,36.72,37.1,1294930
2010-07-08,37.44,37.68,36.6,36.92,307810
2010-07-09,37.67,37.67,36.6,37.03,294770
2010-07-12,36.9,37.15,36.75,36.9,219460
2010-07-13,37.53,38.57,37.1,37.94,1709990
2010-07-14,38.33,38.4,37.4,37.94,687590
2010-07-15,38.08,38.08,37.1,37.25,104240
2010-07-16,37.3,37.99,36.8,37.51,291600
2010-07-19,37.85,38.0,37.5,37.51,1004620
2010-07-20,37.8,37.9,37.03,37.38,206270
2010-07-21,36.83,38.0,36.83,37.53,1244140
2010-07-22,37.2,38.6,37.01,38.08,1974010
2010-07-23,38.47,39.5,37.9,38.09,1465240
2010-07-26,38.59,38.59,37.1,37.51,358380
2010-07-27,37.42,37.83,37.3,37.43,128950
2010-07-28,38.0,38.9,37.6,38.17,395720
2010-07-29,37.83,38.8,37.83,38.44,431160
2010-07-30,38.1,39.85,38.1,39.13,5596000
2010-08-02,39.4,40.49,39.06,39.94,1010840
2010-08-03,40.1,40.4,39.6,39.85,834860
2010-08-04,39.71,41.4,39.49,41.25,1083290
2010-08-05,41.5,41.59,40.45,40.61,248500
2010-08-06,40.9,41.89,40.21,40.78,358770
2010-08-09,41.34,42.4,40.85,42.12,666780
2010-08-10,42.0,43.2,42.0,42.28,1117010
2010-08-11,42.5,43.6,42.0,42.96,6259570
2010-08-12,43.56,43.83,41.31,41.59,2217590
2010-08-13,41.97,42.84,41.64,42.24,567000
2010-08-16,42.7,43.6,42.25,42.75,1785880
2010-08-17,43.5,43.9,41.9,42.28,4360270
2010-08-18,42.47,42.69,42.0,42.36,292490
2010-08-19,42.7,42.7,41.84,42.15,732510
2010-08-20,42.88,43.13,40.78,41.15,663136
2010-08-23,41.15,42.95,40.55,41.83,322966
2010-08-24,42.38,43.2,41.75,42.97,541660
2010-08-25,43.45,43.5,41.1,41.97,306784
2010-08-26,42.75,42.75,41.75,42.0,1866570
2010-08-27,42.4,42.65,41.5,41.67,408760
2010-08-30,42.47,42.5,41.5,41.9,137960
2010-08-31,42.5,42.83,41.4,42.0,884482
2010-09-01,42.0,42.65,41.25,41.5,202848
2010-09-02,41.25,41.92,41.13,41.3,263674
2010-09-03,41.38,42.47,40.25,41.03,394348
2010-09-06,41.3,42.25,41.05,41.38,735656
2010-09-07,41.6,42.2,41.0,42.0,638814
2010-09-08,41.78,43.72,41.78,43.47,908240
2010-09-09,44.0,45.25,42.63,44.13,849866
2010-09-13,44.3,45.75,43.25,44.95,445522
2010-09-14,45.42,45.5,44.25,45.08,237238
2010-09-15,45.0,45.7,44.58,45.35,348446
2010-09-16,45.7,49.2,44.83,46.97,2186768
2010-09-17,47.4,47.8,46.15,46.97,1504126
2010-09-20,47.0,47.0,45.0,45.13,941484
2010-09-21,45.5,45.5,42.1,42.67,880098
2010-09-22,42.97,44.05,41.5,42.17,2063324
2010-09-23,43.25,44.0,41.3,41.7,1447968
2010-09-24,42.03,42.25,41.15,42.0,1047928
2010-09-27,42.13,42.7,40.78,41.03,310092
2010-09-28,41.0,42.5,41.0,41.47,435580
2010-09-29,41.58,43.0,41.15,42.6,522912
2010-09-30,43.47,47.4,42.78,45.28,3113510
2010-10-01,46.0,46.2,43.5,44.22,1325888
2010-10-04,44.0,46.75,42.67,44.85,538970
2010-10-05,44.5,45.05,43.75,44.08,386130
2010-10-06,45.0,45.0,43.33,43.5,250674
2010-10-07,43.75,44.25,42.65,43.17,2543370
2010-10-08,43.03,43.58,42.55,42.58,194140
2010-10-11,42.8,44.45,42.05,42.5,969572
2010-10-12,42.28,43.75,42.28,43.05,156370
2010-10-13,43.0,43.95,40.17,42.53,222532
2010-10-14,40.6,44.7,40.6,42.22,2015170
2010-10-15,42.2,43.45,41.65,42.08,889522
2010-10-18,42.08,42.95,41.53,41.65,323696
2010-10-19,42.45,42.5,41.75,42.0,2832986
2010-10-20,41.75,42.7,41.75,41.9,94966
2010-10-21,42.38,43.8,42.05,42.2,645342
2010-10-22,42.5,42.5,39.1,40.85,345124
2010-10-25,42.5,42.95,41.0,41.28,403266
2010-10-26,41.7,41.7,40.78,41.05,114912
2010-10-27,41.0,41.4,39.55,39.88,428606
2010-10-28,40.65,40.65,39.53,39.7,500194
2010-10-29,39.95,40.5,39.63,40.0,400862
2010-11-01,40.0,42.0,39.97,41.35,1551692
2010-11-02,40.95,42.65,40.95,41.53,491784
2010-11-03,41.05,42.4,41.05,42.0,175970
2010-11-04,42.95,43.13,42.28,42.5,923560
2010-11-05,43.0,43.9,42.4,42.95,85238
2010-11-08,43.0,43.35,41.03,42.72,778170
2010-11-09,42.97,43.22,42.08,42.78,136396
2010-11-10,43.0,43.25,41.88,42.05,375982
2010-11-11,42.5,42.75,41.25,41.9,460260
2010-11-12,41.5,42.22,41.2,42.0,101284
2010-11-15,41.65,43.7,41.6,43.3,611568
2010-11-16,43.65,45.58,41.67,42.15,817112
2010-11-18,42.7,43.25,41.13,42.72,298722
2010-11-19,42.95,43.2,41.4,41.72,163524
2010-11-22,41.95,42.72,41.5,42.0,65630
2010-11-23,41.5,42.15,41.28,41.58,169958
2010-11-24,41.25,42.0,40.78,41.78,1066294
2010-11-25,42.2,42.42,40.05,40.95,270356
2010-11-26,41.0,41.0,36.55,39.8,1725054
2010-11-29,39.5,41.25,39.0,41.05,112224
2010-11-30,41.5,42.28,40.15,41.47,973092
2010-12-01,41.8,43.65,41.58,42.15,171126
2010-12-02,42.55,42.75,41.65,42.05,1259508
2010-12-03,42.08,42.72,40.33,41.95,203678
2010-12-06,41.53,42.67,41.17,41.83,338144
2010-12-07,41.6,42.25,41.5,42.0,2755488
2010-12-08,41.63,41.9,40.28,40.67,72396
2010-12-09,40.5,40.7,39.3,39.92,252130
2010-12-10,40.0,40.75,39.0,40.5,190074
2010-12-13,40.75,40.75,38.25,39.1,280490
2010-12-14,39.83,42.0,39.3,41.22,375840
2010-12-15,40.75,41.17,40.03,40.9,55792
2010-12-16,40.75,41.7,40.5,41.05,693394
2010-12-20,41.03,41.2,40.13,40.22,26226
2010-12-21,41.22,41.5,39.0,39.42,3017768
2010-12-22,40.2,41.0,39.55,40.78,1287194
2010-12-23,40.25,40.7,39.6,40.3,41966
2010-12-24,40.3,40.35,39.6,40.03,33358
2010-12-27,41.8,42.42,40.8,41.1,141634
2010-12-28,41.5,41.78,40.53,41.08,115368
2010-12-29,41.47,41.47,40.5,40.65,200912
2010-12-30,40.75,41.17,40.3,40.5,164872
2011-01-03,41.75,41.75,39.63,39.75,5371642
2011-01-04,40.45,40.7,39.25,39.45,663338
2011-01-05,39.97,39.97,38.9,39.0,103882
2011-01-06,39.25,39.47,37.0,37.5,3147016
2011-01-07,37.63,37.97,36.25,36.53,148036
2011-01-10,37.0,37.0,35.8,36.72,581788
2011-01-11,37.0,37.5,36.5,36.97,98816
2011-01-12,36.8,38.5,36.8,37.47,827846
2011-01-13,37.5,37.78,37.03,37.28,117714
2011-01-14,36.8,37.35,36.3,36.6,75042
2011-01-17,36.25,36.9,35.53,36.25,54836
2011-01-18,36.42,37.0,35.05,36.65,130116
2011-01-19,36.55,36.75,35.78,36.5,48082
2011-01-20,36.0,36.92,35.53,36.38,380750
2011-01-21,36.28,36.5,35.85,36.03,197106
2011-01-24,35.6,36.22,35.25,35.45,48380
2011-01-25,35.5,36.0,33.9,34.1,106676
2011-01-27,34.3,34.7,33.17,33.88,1433490
2011-01-28,34.2,36.35,33.75,35.47,206980
2011-01-31,34.65,37.22,34.0,36.3,127818
2011-02-01,36.0,36.33,35.33,35.5,2897144
2011-02-02,35.6,36.63,35.13,35.5,55404
2011-02-03,35.28,36.13,35.28,35.97,27124
2011-02-04,35.55,37.45,35.5,35.75,88662
2011-02-07,35.85,36.75,35.1,35.6,345686
2011-02-08,35.1,36.25,35.1,35.78,127726
2011-02-09,35.8,36.5,35.53,35.83,147064
2011-02-10,35.83,36.17,35.33,35.6,2536976
2011-02-11,35.97,35.97,35.33,35.55,45754
2011-02-14,35.55,40.4,35.45,38.83,1165690
2011-02-15,38.5,39.5,36.9,38.4,1885910
2011-02-16,38.85,38.85,37.08,38.42,178908
2011-02-17,38.0,38.67,37.25,37.92,149522
2011-02-18,38.2,39.95,37.78,38.7,292844
2011-02-21,37.9,38.15,36.75,37.3,48526
2011-02-22,37.25,37.75,36.05,37.47,42276
2011-02-23,36.6,38.9,36.6,38.0,302768
2011-02-24,37.5,37.97,35.9,36.42,137138
2011-02-25,36.55,37.13,36.13,36.83,80310
2011-02-28,36.75,39.28,36.05,37.75,268672
2011-03-01,38.0,39.1,37.5,38.92,796714
2011-03-03,38.5,38.5,37.6,38.0,44386
2011-03-04,38.0,39.0,37.6,38.08,101014
2011-03-07,38.05,38.95,38.0,38.6,62452
2011-03-08,38.25,38.95,38.08,38.7,42752
2011-03-09,38.28,38.9,37.75,38.05,68906
2011-03-10,38.75,38.75,37.83,38.13,15936
2011-03-11,38.45,38.7,37.75,38.38,51894
2011-03-14,38.08,38.65,37.6,37.95,106678
2011-03-15,38.05,38.42,36.67,37.38,56610
2011-03-16,38.0,38.25,37.17,37.58,44546
2011-03-17,37.97,38.4,37.25,37.38,872310
2011-03-18,37.85,37.85,36.0,36.22,42106
2011-03-21,37.17,37.25,36.05,36.97,54728
2011-03-22,37.45,37.45,36.53,36.9,37454
2011-03-23,37.0,37.08,36.58,36.8,289082
2011-03-24,37.1,37.13,36.7,36.85,16294
2011-03-25,37.22,38.25,37.08,37.75,259260
2011-03-28,37.03,38.9,36.85,38.22,406006
2011-03-29,38.83,39.25,37.95,38.42,230302
2011-03-30,38.4,39.4,38.4,38.7,42244
2011-03-31,39.25,40.75,37.67,40.03,393406
2011-04-01,40.0,41.95,39.92,41.0,1061468
2011-04-04,41.65,41.88,40.0,40.22,328954
2011-04-05,40.5,40.88,40.0,40.28,155778
2011-04-06,40.58,40.58,40.0,40.05,197718
2011-04-07,40.0,41.2,39.25,39.8,409980
2011-04-08,40.0,40.7,39.0,39.38,1342410
2011-04-11,38.6,39.67,38.2,38.88,235258
2011-04-13,38.75,39.95,38.5,39.8,88902
2011-04-15,40.25,42.7,39.55,42.25,649228
2011-04-18,43.0,43.25,40.0,40.67,827102
2011-04-19,40.5,41.17,39.88,40.33,1398334
2011-04-20,40.7,41.1,40.08,40.67,84180
2011-04-21,40.75,42.25,40.1,40.75,196388
2011-04-25,40.9,43.25,40.1,42.65,1007896
2011-04-26,43.45,44.95,42.6,43.22,2464346
2011-04-27,43.2,43.22,42.03,42.55,420266
2011-04-28,42.5,43.0,42.0,42.22,104876
2011-04-29,42.85,44.4,42.2,44.13,380232
2011-05-02,44.08,44.75,43.25,43.5,200632
2011-05-03,44.03,44.25,42.03,42.38,317298
2011-05-04,42.9,44.17,41.17,43.63,1560852
2011-05-05,44.47,44.47,40.47,41.22,598188
2011-05-06,41.25,42.47,40.75,42.15,114620
2011-05-09,42.5,42.75,41.5,42.28,746750
2011-05-10,41.5,42.2,41.0,42.03,70214
2011-05-11,42.0,44.25,41.65,42.55,429236
2011-05-12,42.08,42.28,41.5,41.72,52394
2011-05-13,41.53,42.5,41.53,42.4,983858
2011-05-16,42.8,42.8,41.25,41.65,22700
2011-05-17,42.3,43.15,41.4,42.03,210064
2011-05-18,41.97,42.9,41.55,42.45,505440
2011-05-19,43.0,43.0,41.13,41.97,147850
2011-05-20,41.75,42.75,41.05,42.4,504674
2011-05-23,42.0,43.75,41.1,41.97,405372
2011-05-24,42.4,43.25,42.13,42.47,2297706
2011-05-25,42.0,42.25,40.38,41.22,919400
2011-05-26,41.9,42.22,40.88,41.65,485106
2011-05-27,41.5,42.0,40.75,41.42,1141178
2011-05-30,41.5,42.45,41.05,42.3,719966
2011-05-31,42.5,42.95,40.78,42.35,2530910
2011-06-01,42.0,42.4,40.55,40.85,704392
2011-06-02,40.5,42.0,40.25,40.5,129588
2011-06-03,40.5,41.3,39.75,40.92,132756
2011-06-06,41.0,41.17,40.15,40.45,66650
2011-06-07,40.75,40.75,40.25,40.55,191842
2011-06-08,40.75,41.4,40.38,40.65,3027878
2011-06-09,41.0,42.2,40.33,41.75,2413332
2011-06-10,42.45,43.95,41.55,41.65,316134
2011-06-13,41.75,42.15,41.05,41.9,79192
2011-06-14,42.8,43.0,41.75,42.78,322718
2011-06-15,42.75,44.5,42.75,43.6,3955670
2011-06-16,43.75,43.75,42.65,42.97,1170646
2011-06-17,43.63,43.63,42.55,42.63,41634
2011-06-20,43.3,44.7,41.25,42.1,727408
2011-06-21,42.0,44.13,41.55,42.15,314332
2011-06-22,42.85,43.65,41.9,43.28,128454
2011-06-23,44.0,46.03,42.22,43.6,2944548
2011-06-24,44.0,44.65,42.13,42.53,1311142
2011-06-27,42.55,42.97,41.25,42.08,1247002
2011-06-28,42.58,43.65,42.13,43.03,1162738
2011-06-29,43.05,43.38,42.5,42.5,252574
2011-06-30,42.95,43.8,42.65,43.3,437274
2011-07-01,44.05,45.15,43.55,44.47,3639086
2011-07-04,45.05,46.65,42.8,44.47,10376010
2011-07-05,44.72,44.75,43.3,43.63,11995248
2011-07-06,43.95,44.13,43.25,43.9,1059734
2011-07-07,44.0,44.4,43.58,44.03,2082634
2011-07-08,44.0,44.95,43.7,44.4,1169800
2011-07-11,44.0,44.8,43.75,44.3,286882
2011-07-12,43.88,44.72,43.25,43.55,348828
2011-07-13,43.55,44.85,43.5,44.55,437086
2011-07-14,44.17,45.0,43.55,44.47,370800
2011-07-15,44.58,45.72,44.15,45.13,594682
2011-07-18,45.22,48.3,44.7,46.55,6244902
2011-07-19,47.2,47.7,46.55,47.3,2103490
2011-07-20,47.7,48.9,47.3,48.58,1800728
2011-07-21,48.97,49.42,48.0,48.72,3514916
2011-07-22,50.1,50.7,48.5,48.88,1426460
2011-07-25,48.75,49.25,47.15,47.97,366010
2011-07-26,48.03,48.45,47.53,48.15,233580
2011-07-27,48.45,49.65,47.53,48.95,400264
2011-07-28,48.88,50.25,48.38,49.97,495506
2011-07-29,49.65,51.08,48.05,48.72,1272554
2011-08-01,49.25,49.8,48.88,49.5,332534
2011-08-02,49.5,49.63,48.03,48.47,262638
2011-08-03,48.0,49.25,47.0,48.58,124520
2011-08-04,48.78,49.78,48.35,49.47,581818
2011-08-05,47.5,50.0,45.03,48.78,2689022
2011-08-08,48.5,49.17,47.08,47.38,235226
2011-08-09,46.15,47.75,45.58,47.35,1250250
2011-08-10,48.9,48.9,46.0,46.8,536442
2011-08-11,46.5,47.25,46.13,47.1,81582
2011-08-12,47.5,48.25,46.58,47.72,130234
2011-08-16,49.0,49.3,47.25,48.05,1571256
2011-08-17,47.9,48.0,45.28,46.3,222018
2011-08-18,46.05,47.42,45.63,46.78,516908
2011-08-19,46.05,47.42,45.78,47.03,144378
2011-08-22,47.25,47.25,46.75,47.0,113122
2011-08-23,47.5,47.5,46.58,47.1,479294
2011-08-24,47.25,47.5,46.78,47.2,543202
2011-08-25,47.25,47.25,46.05,47.08,371756
2011-08-26,47.25,47.25,43.67,44.55,133298
2011-08-29,46.8,46.83,45.5,46.5,81742
2011-08-30,46.9,48.15,46.9,47.92,322284
2011-09-02,48.05,49.75,47.28,49.45,225706
2011-09-05,49.25,49.97,48.2,48.45,377160
2011-09-06,48.8,49.85,48.55,48.88,110290
2011-09-07,49.5,49.75,47.15,47.47,336440
2011-09-08,47.55,48.45,47.25,47.97,77010
2011-09-09,47.6,49.03,47.58,48.13,54906
2011-09-12,47.9,49.0,46.75,47.78,152642
2011-09-13,48.22,48.45,46.25,46.75,89474
2011-09-14,47.0,47.4,46.15,46.5,36126
2011-09-15,47.2,47.25,46.15,46.92,39800
2011-09-16,47.45,47.45,45.33,45.92,74294
2011-09-19,46.28,47.2,45.03,46.5,683210
2011-09-20,46.0,46.9,45.65,46.47,201912
2011-09-21,46.5,48.38,46.28,46.88,356696
2011-09-22,47.0,48.1,46.0,46.4,369770
2011-09-23,46.47,47.5,45.15,46.78,550368
2011-09-26,47.25,47.8,45.15,45.88,142220
2011-09-27,46.13,46.92,45.88,46.05,97792
2011-09-28,46.38,46.9,45.15,45.5,416382
2011-09-29,46.03,46.75,45.03,45.1,148530
2011-09-30,45.5,46.38,45.1,46.0,193000
2011-10-03,45.13,45.97,45.03,45.33,176820
2011-10-04,46.75,49.4,44.13,45.05,69142
2011-10-05,45.08,45.7,44.58,45.3,123504
2011-10-07,45.7,45.95,45.03,45.28,165144
2011-10-10,45.05,46.17,44.78,45.83,277238
2011-10-11,46.5,47.35,46.08,46.65,223794
2011-10-12,46.5,46.75,46.03,46.47,220286
2011-10-13,46.28,46.9,45.5,45.97,384702
2011-10-14,45.5,46.1,45.33,45.53,48332
2011-10-17,46.0,46.75,45.0,45.2,317264
2011-10-18,45.3,45.63,44.25,45.05,125910
2011-10-19,45.1,45.75,44.38,45.15,356446
2011-10-20,45.15,46.6,45.15,45.78,174028
2011-10-21,45.5,46.47,45.15,45.78,70592
2011-10-24,45.63,47.4,45.05,46.53,198774
2011-10-25,46.55,47.17,45.72,45.88,2430134
2011-10-26,46.45,46.75,46.15,46.47,323506
2011-10-28,47.0,47.25,45.8,46.5,1133826
2011-10-31,47.5,48.0,46.75,47.53,561726
2011-11-01,47.8,48.5,47.1,48.03,363662
2011-11-02,47.53,48.1,47.4,47.55,47272
2011-11-03,47.5,47.92,45.33,47.25,120948
2011-11-04,47.4,47.9,47.0,47.72,291346
2011-11-08,48.0,48.2,47.53,48.08,63338
2011-11-09,48.55,48.7,47.83,48.5,115100
2011-11-11,48.8,48.8,47.05,47.2,55726
2011-11-14,47.5,47.9,45.33,46.03,404086
2011-11-15,45.75,45.85,42.65,43.72,1058784
2011-11-16,43.97,44.22,43.0,43.5,490138
2011-11-17,43.05,44.8,43.05,43.72,63716
2011-11-18,43.65,44.0,42.75,43.0,175268
2011-11-21,42.53,42.8,41.4,41.72,575494
2011-11-22,42.1,42.1,39.6,40.0,1519766
2011-11-23,40.5,40.5,35.83,38.72,551162
2011-11-24,39.5,40.25,37.88,39.95,90412
2011-11-25,39.95,40.5,39.08,40.08,55896
2011-11-28,41.0,41.35,37.67,38.65,108974
2011-11-29,39.0,39.47,38.3,38.85,538770
2011-11-30,38.75,39.0,38.0,38.95,71142
2011-12-01,40.0,40.5,38.78,39.47,2372694
2011-12-02,39.0,40.5,37.67,39.65,84534
2011-12-05,39.5,40.45,39.5,40.0,137412
2011-12-07,40.9,42.6,39.88,41.65,423944
2011-12-08,41.25,41.65,40.55,40.78,417050
2011-12-09,41.0,41.35,39.5,41.13,18290
2011-12-12,41.6,41.6,38.1,39.1,71898
2011-12-13,38.75,38.75,37.35,37.97,321742
2011-12-14,38.45,39.0,37.03,38.0,1099354
2011-12-15,38.5,40.0,37.15,37.65,1333308
2011-12-16,38.15,38.6,35.88,37.33,128232
2011-12-19,37.0,40.22,35.8,38.75,847164
2011-12-20,39.55,40.4,32.8,35.9,2430452
2011-12-21,36.4,38.47,35.5,36.1,66816
2011-12-22,35.95,35.95,34.55,35.25,438062
2011-12-23,35.6,36.0,34.75,35.03,352282
2011-12-26,35.5,36.95,35.03,35.72,1820010
2011-12-27,36.25,38.42,35.4,37.33,5585126
2011-12-28,37.6,38.95,36.28,38.63,4109920
2011-12-29,38.63,40.05,37.47,39.9,2321468
2011-12-30,39.5,41.08,39.5,40.83,282716
2012-01-02,41.0,41.85,40.53,41.35,323950
2012-01-03,41.25,42.0,39.25,39.78,323210
2012-01-04,39.5,39.5,37.63,38.65,772990
2012-01-05,39.35,39.72,38.75,39.08,70976
2012-01-06,38.78,39.67,38.03,39.22,42144
2012-01-07,39.8,39.8,38.78,39.05,5538
2012-01-09,41.5,41.5,39.1,39.47,52404
2012-01-10,39.5,40.38,39.5,40.03,48372
2012-01-11,40.08,40.53,39.0,39.2,80224
2012-01-12,40.5,40.5,38.63,38.95,29736
2012-01-13,39.65,40.5,38.95,40.2,43288
2012-01-16,40.1,40.45,39.35,39.55,25016
2012-01-17,40.25,41.53,39.75,40.17,278446
2012-01-18,40.8,40.8,39.03,40.45,74722
2012-01-19,41.0,41.0,39.63,39.9,66298
2012-01-20,41.0,41.0,39.5,40.45,801682
2012-01-23,40.8,40.95,39.0,39.55,83662
2012-01-24,39.55,40.8,39.1,39.95,1661514
2012-01-25,40.65,40.65,39.83,40.17,436300
2012-01-27,40.65,42.45,39.25,39.8,2204130
2012-01-30,40.05,40.25,39.5,39.97,1075752
2012-01-31,40.1,40.25,38.8,39.2,930116
2012-02-01,39.0,40.5,38.3,39.97,163776
2012-02-02,40.0,40.5,39.2,39.95,493774
2012-02-03,40.15,40.15,39.05,39.28,2649556
2012-02-06,39.72,40.0,39.13,39.33,693004
2012-02-07,39.67,41.22,38.9,40.03,1576476
2012-02-08,40.75,42.72,40.28,42.38,984674
2012-02-09,42.5,43.83,42.5,43.38,545588
2012-02-10,43.7,43.75,41.9,42.75,235800
2012-02-13,42.75,43.05,41.6,42.1,120820
2012-02-14,42.45,43.9,41.0,43.4,196664
2012-02-15,43.0,46.0,42.38,44.92,464068
2012-02-16,45.45,45.45,43.55,44.2,104894
2012-02-17,44.0,46.0,44.0,45.4,232336
2012-02-21,46.08,47.0,45.05,46.47,638924
2012-02-22,46.75,46.75,45.13,45.88,355970
2012-02-23,45.5,46.3,42.72,44.03,306986
2012-02-24,43.92,45.0,43.1,44.83,63874
2012-02-27,44.5,44.5,43.05,44.08,31032
2012-02-28,44.45,45.2,44.25,44.67,2093334
2012-02-29,45.0,45.0,42.25,43.55,198492
2012-03-01,43.95,44.17,42.5,43.45,692358
2012-03-02,43.28,44.45,43.25,43.92,233304
2012-03-03,43.5,43.88,42.78,43.28,6716
2012-03-05,43.03,43.45,41.88,43.0,1269864
2012-03-06,42.6,44.47,42.6,43.05,51772
2012-03-07,43.45,44.4,42.08,43.65,3705154
2012-03-09,44.0,45.95,43.03,45.45,513568
2012-03-12,45.45,45.5,43.25,44.5,747308
2012-03-13,45.38,45.38,44.13,44.65,58890
2012-03-14,45.13,46.0,44.4,45.6,291916
2012-03-15,45.6,46.0,44.65,45.88,197676
2012-03-16,45.35,45.75,44.7,45.08,109984
2012-03-19,45.75,45.8,45.0,45.3,96540
2012-03-20,45.03,45.75,44.75,45.22,489786
2012-03-21,45.5,46.4,45.05,46.1,175792
2012-03-22,45.6,46.38,44.8,46.05,107664
2012-03-23,46.0,46.3,44.75,45.1,978648
2012-03-26,45.0,45.0,43.5,44.88,91684
2012-03-27,45.0,45.0,43.5,43.7,45110
2012-03-28,43.97,43.97,42.05,43.2,168360
2012-03-29,43.0,43.97,42.55,43.28,55738
2012-03-30,43.95,45.0,43.08,44.13,5091426
2012-04-02,44.88,45.3,43.25,43.47,18702
2012-04-03,43.92,44.33,43.4,43.97,48046
2012-04-04,43.5,44.5,42.8,44.2,160514
2012-04-09,44.42,45.45,43.8,44.53,100670
2012-04-10,43.5,45.75,43.5,44.63,253010
2012-04-11,44.0,46.78,43.95,44.72,3521286
2012-04-12,45.38,45.75,44.15,44.95,118044
2012-04-13,45.0,45.38,43.75,44.55,425578
2012-04-16,44.25,45.0,44.03,44.9,71224
2012-04-17,44.88,45.83,44.6,45.58,136030
2012-04-18,45.25,46.45,44.65,45.47,169122
2012-04-19,45.25,45.97,44.13,44.65,685860
2012-04-20,44.75,46.0,44.47,45.95,120674
2012-04-23,46.0,47.0,45.3,45.7,56010
2012-04-24,45.5,46.0,45.0,45.25,49100
2012-04-25,46.0,46.13,43.0,44.42,113506
2012-04-26,44.5,45.4,44.03,44.63,307502
2012-04-27,45.0,45.38,43.1,44.85,103294
2012-04-28,45.95,45.95,44.6,45.13,818
2012-04-30,45.0,45.4,43.7,43.88,359292
2012-05-02,44.4,44.9,43.5,44.22,140422
2012-05-03,44.5,44.65,43.65,44.3,25252
2012-05-04,44.05,45.05,43.58,44.3,41944
2012-05-07,43.5,44.1,43.08,43.88,43496
2012-05-08,43.63,44.5,43.08,44.13,3056242
2012-05-09,44.3,44.7,43.08,43.25,2296052
2012-05-10,43.9,43.9,40.63,41.28,142958
2012-05-11,41.83,42.72,41.0,41.97,87432
2012-05-14,41.8,43.7,40.83,42.22,164844
2012-05-15,42.15,43.75,42.0,43.67,194022
2012-05-16,43.13,44.0,42.75,43.72,808378
2012-05-17,43.5,44.2,42.33,42.6,827304
2012-05-18,42.0,43.7,41.63,42.9,36440
2012-05-21,42.53,42.9,41.3,41.72,56696
2012-05-22,42.0,42.0,40.8,41.05,30632
2012-05-23,41.45,41.45,39.0,39.38,86074
2012-05-24,39.5,40.5,39.0,39.6,2800968
2012-05-25,39.95,41.5,39.05,40.17,99526
2012-05-28,42.0,46.85,40.95,41.4,213458
2012-05-29,41.5,41.5,39.78,40.03,131820
2012-05-30,40.0,41.05,38.92,40.5,172470
2012-05-31,40.0,42.0,39.1,41.1,445752
2012-06-01,41.45,41.45,39.03,39.28,139182
2012-06-04,38.9,39.0,38.2,38.5,2986052
2012-06-05,38.55,40.88,38.25,40.53,631294
2012-06-06,40.25,40.9,39.6,39.92,79838
2012-06-07,39.5,40.9,39.5,40.0,89074
2012-06-08,40.4,40.6,38.83,39.85,404304
2012-06-11,40.0,40.4,39.15,39.47,110708
2012-06-12,39.47,41.42,38.7,39.17,593722
2012-06-13,39.3,39.47,38.42,38.97,265798
2012-06-14,39.0,39.22,38.78,38.95,194796
2012-06-15,39.35,39.45,38.63,38.65,201084
2012-06-18,39.42,39.42,37.5,38.0,153494
2012-06-19,37.83,38.75,37.8,38.4,66768
2012-06-20,38.92,40.13,38.0,38.88,4324472
2012-06-21,39.25,39.95,38.78,39.2,184372
2012-06-22,38.92,39.35,38.5,39.13,38486
2012-06-25,39.92,39.92,39.0,39.15,71324
2012-06-26,39.63,39.63,38.17,38.42,70444
2012-06-27,39.13,39.22,38.1,38.63,84874
2012-06-28,38.75,38.92,37.95,38.0,2441324
2012-06-29,38.1,38.88,37.97,38.42,1426498
2012-07-02,38.75,39.35,38.33,38.53,687666
2012-07-03,38.7,38.85,38.0,38.05,529760
2012-07-04,38.1,38.55,37.92,38.38,1382432
2012-07-05,38.5,39.0,38.08,38.47,377194
2012-07-06,38.5,38.75,38.0,38.25,176932
2012-07-09,38.15,38.45,37.63,37.83,150192
2012-07-10,37.78,38.1,37.5,37.65,48222
2012-07-11,37.95,37.95,37.6,37.78,706920
2012-07-12,37.7,38.2,37.35,37.47,149264
2012-07-13,37.45,37.75,37.45,37.53,141864
2012-07-16,37.78,37.9,37.08,37.55,192488
2012-07-17,37.65,37.92,36.13,36.5,486734
2012-07-18,36.5,37.72,36.08,37.45,403200
2012-07-19,37.6,38.05,36.45,36.53,471892
2012-07-20,36.45,36.9,36.08,36.28,2203130
2012-07-23,36.38,36.7,35.65,36.0,102392
2012-07-24,36.6,36.6,35.28,35.5,152270
2012-07-25,35.8,35.8,34.5,34.78,319476
2012-07-26,35.08,35.2,34.28,34.4,54002
2012-07-27,34.5,34.88,34.0,34.2,46618
2012-07-30,34.9,35.3,32.67,33.35,231784
2012-07-31,33.4,34.85,33.03,34.05,482216
2012-08-01,34.1,35.0,33.75,34.53,635684
2012-08-02,35.0,35.72,34.53,34.67,2035646
2012-08-03,34.55,35.25,34.0,34.75,93358
2012-08-06,34.75,35.45,34.75,35.13,859284
2012-08-07,35.75,35.92,34.45,34.65,107458
2012-08-08,34.7,35.0,33.72,33.97,1901176
2012-08-09,33.8,34.92,33.05,33.2,113606
2012-08-10,33.5,34.65,32.5,34.33,257516
2012-08-13,34.0,34.4,33.4,33.78,44314
2012-08-14,33.53,34.72,33.4,33.65,297684
2012-08-16,33.5,34.78,33.5,34.45,154814
2012-08-17,34.92,35.2,33.55,34.55,225340
2012-08-21,34.75,36.75,34.25,35.72,458414
2012-08-22,36.42,37.0,36.28,36.7,285466
2012-08-23,36.3,37.35,36.17,36.72,126808
2012-08-24,36.4,37.0,36.17,36.72,86552
2012-08-27,36.5,37.6,36.13,37.45,169280
2012-08-28,37.25,38.25,37.17,37.58,183536
2012-08-29,37.58,37.9,37.13,37.5,1051672
2012-08-30,37.33,37.9,37.13,37.5,496056
2012-08-31,37.5,38.38,37.5,37.55,109334
2012-09-03,38.25,38.25,36.55,36.88,79620
2012-09-04,36.55,37.42,35.95,36.22,23580
2012-09-05,35.95,36.9,35.78,36.0,171472
2012-09-06,35.75,36.35,35.05,35.22,44690
2012-09-07,35.97,36.85,35.2,35.8,380356
2012-09-08,36.38,36.38,35.58,36.1,2510
2012-09-10,35.6,36.67,35.58,36.38,495474
2012-09-11,36.08,36.6,35.6,35.9,22358
2012-09-12,35.58,36.47,35.0,35.4,45976
2012-09-13,35.03,38.0,35.03,36.58,801228
2012-09-14,37.47,38.6,36.75,37.55,1029254
2012-09-17,38.15,39.63,37.5,39.45,380946
2012-09-18,39.5,39.58,38.17,38.92,532652
2012-09-20,38.8,38.8,37.55,37.9,1535140
2012-09-21,38.45,39.0,34.33,36.28,1502688
2012-09-24,36.72,36.72,34.58,34.97,1141874
2012-09-25,35.0,37.38,35.0,36.3,887986
2012-09-26,35.03,40.35,34.03,37.25,1416300
2012-09-27,37.88,38.95,36.75,36.97,376164
2012-09-28,37.47,39.75,36.5,39.1,2573986
2012-10-01,39.5,40.5,37.28,39.17,2297528
2012-10-03,39.9,39.9,38.05,38.35,442674
2012-10-04,38.95,39.47,38.03,38.3,1273720
2012-10-05,38.5,38.75,37.65,38.05,327954
2012-10-08,38.6,39.15,37.6,38.28,1182830
2012-10-09,38.5,38.72,37.63,37.83,218020
2012-10-10,37.53,38.67,35.83,37.42,3584770
2012-10-11,37.25,39.17,36.28,38.22,629132
2012-10-12,40.4,40.4,38.0,38.47,1717896
2012-10-15,38.03,39.35,37.78,38.95,176218
2012-10-16,39.05,39.42,37.75,37.92,113680
2012-10-17,38.22,38.38,37.17,37.5,322500
2012-10-18,37.75,38.75,37.05,38.55,493448
2012-10-19,38.25,39.0,38.1,38.92,210096
2012-10-22,38.95,39.85,38.8,39.15,426778
2012-10-23,39.33,39.42,38.15,38.45,84120
2012-10-25,38.9,41.47,38.28,40.6,741142
2012-10-26,41.45,41.85,38.55,40.9,719060
2012-10-29,41.0,41.35,39.58,40.0,652638
2012-10-30,40.5,40.53,39.5,40.28,269540
2012-10-31,40.75,40.75,40.13,40.53,126894
2012-11-01,40.5,41.2,39.55,40.58,1625112
2012-11-02,40.53,41.75,40.03,41.35,1503740
2012-11-05,41.35,42.3,40.83,42.03,242058
2012-11-06,42.08,43.0,41.55,42.03,401714
2012-11-07,42.05,42.85,41.17,41.88,928074
2012-11-08,41.53,42.95,41.15,42.65,125426
2012-11-09,42.35,43.4,41.05,41.53,121726
2012-11-12,41.92,41.92,40.2,40.53,60912
2012-11-13,40.97,41.4,40.6,41.05,44548
2012-11-15,40.75,41.83,40.25,41.17,81250
2012-11-16,40.88,41.35,40.5,40.9,114742
2012-11-19,41.25,42.0,38.85,40.38,1038174
2012-11-20,40.38,41.15,39.53,40.2,159990
2012-11-21,40.5,40.9,38.7,39.47,793150
2012-11-22,39.75,41.25,39.75,40.17,168144
2012-11-23,40.42,40.75,39.83,40.3,120208
2012-11-26,40.3,40.75,39.75,40.3,113194
2012-11-27,40.5,41.5,36.05,40.13,5689190
2012-11-29,40.5,40.6,38.22,38.92,317452
2012-11-30,39.15,41.9,39.05,41.3,901998
2012-12-03,41.25,42.25,40.25,40.58,132312
2012-12-04,40.58,41.13,39.78,40.0,247980
2012-12-05,40.45,41.5,40.38,41.25,182492
2012-12-06,41.5,42.15,41.0,41.95,902076
2012-12-07,41.92,43.08,41.58,42.72,608030
2012-12-10,42.7,43.83,42.63,43.58,379618
2012-12-11,43.9,44.38,42.17,44.25,280828
2012-12-12,44.45,44.5,44.0,44.35,257520
2012-12-13,44.5,45.45,44.25,44.4,584516
2012-12-14,44.28,45.38,44.28,44.6,207058
2012-12-17,44.6,45.88,44.5,45.3,399274
2012-12-18,45.42,46.4,44.1,44.78,2836306
2012-12-19,44.95,46.38,44.95,45.67,454956
2012-12-20,45.97,45.97,44.75,45.17,126478
2012-12-21,45.28,45.28,44.45,44.92,142022
2012-12-24,44.65,45.5,43.67,43.85,61134
2012-12-26,43.7,44.45,43.5,43.78,70366
2012-12-27,43.53,44.0,43.0,43.13,102198
2012-12-28,43.42,44.25,43.13,44.05,542578
2013-01-01,43.83,44.0,43.1,43.4,95058
2013-01-02,43.5,44.0,43.3,43.47,454734
2013-01-03,43.5,45.7,43.03,43.38,887530
2013-01-04,43.47,43.6,42.5,43.28,953564
2013-01-07,43.25,43.58,42.78,43.25,693480
2013-01-08,43.0,43.75,42.45,42.97,1421044
2013-01-09,42.75,44.0,42.63,43.47,205726
2013-01-10,43.85,44.0,43.0,43.5,3497318
2013-01-11,43.22,43.65,42.13,42.45,227064
2013-01-14,42.13,43.45,41.58,43.05,98868
2013-01-15,43.47,43.5,42.55,43.0,713646
2013-01-16,43.45,43.45,42.53,42.85,92178
2013-01-17,42.85,43.22,41.63,42.17,131166
2013-01-18,42.45,42.92,42.38,42.53,67786
2013-01-21,43.0,43.2,42.6,42.92,138632
2013-01-22,43.0,43.33,41.75,42.15,78262
2013-01-23,41.85,42.95,41.3,41.65,67056
2013-01-24,41.55,41.8,40.05,40.63,50110
2013-01-25,40.5,42.45,40.13,42.0,458916
2013-01-28,42.0,44.5,41.5,43.6,1831990
2013-01-29,44.1,44.42,43.55,43.92,248362
2013-01-30,44.45,44.72,43.55,44.42,98654
2013-01-31,44.5,46.0,44.13,45.03,1149806
2013-02-01,44.5,44.97,43.28,43.53,500370
2013-02-04,44.5,45.0,42.92,43.38,136082
2013-02-05,43.4,45.03,42.15,42.45,2314988
2013-02-06,43.4,44.2,36.33,42.97,465908
2013-02-07,43.0,43.0,42.3,42.4,100108
2013-02-08,42.4,43.08,41.08,42.22,178442
2013-02-11,42.5,43.22,42.0,42.53,48592
2013-02-12,42.53,43.25,42.4,42.83,281020
2013-02-13,42.97,43.0,41.9,42.53,48090
2013-02-14,42.67,43.0,41.95,42.45,3868866
2013-02-15,42.5,42.88,42.05,42.5,200200
2013-02-18,42.33,42.75,42.25,42.47,114718
2013-02-19,42.0,42.65,41.75,42.55,37556
2013-02-20,42.33,43.72,42.33,43.38,40298
2013-02-21,43.0,43.6,42.53,42.88,79244
2013-02-22,42.5,42.75,42.25,42.5,264510
2013-02-25,42.25,42.67,42.08,42.45,44114
2013-02-26,42.0,42.88,41.4,42.45,412396
2013-02-27,43.0,50.92,39.5,41.6,318406
2013-02-28,42.5,43.1,42.03,42.5,421138
2013-03-01,42.15,42.85,41.75,42.47,155846
2013-03-04,41.47,42.65,37.63,42.28,36824
2013-03-05,42.28,42.97,42.0,42.4,1864792
2013-03-06,42.75,42.97,41.8,42.47,98700
2013-03-07,42.75,42.95,41.78,42.47,91604
2013-03-08,42.5,42.6,42.0,42.45,82622
2013-03-11,42.13,42.63,42.1,42.35,6280
2013-03-12,42.25,42.63,42.1,42.47,20276
2013-03-13,42.0,42.5,41.33,42.1,141846
2013-03-14,41.53,42.63,41.53,42.22,103138
2013-03-15,41.78,42.7,41.03,42.28,210090
2013-03-18,41.5,42.25,41.4,41.95,1021282
2013-03-19,41.03,42.5,39.25,41.7,583044
2013-03-20,41.75,42.65,40.08,41.53,234862
2013-03-21,41.13,42.2,39.0,40.13,568036
2013-03-22,40.13,41.25,39.0,39.67,2619176
2013-03-25,40.2,40.75,39.28,40.6,192194
2013-03-26,40.25,40.25,39.0,39.4,22636
2013-03-28,39.4,41.5,37.67,40.45,324642
2013-04-01,40.0,41.25,39.78,40.5,23938
2013-04-02,40.42,41.22,40.0,40.33,41042
2013-04-03,39.88,41.0,38.95,39.25,461176
2013-04-04,39.25,39.4,35.25,36.75,959812
2013-04-05,36.95,38.0,35.8,37.55,399100
2013-04-08,36.25,38.47,36.25,37.5,291240
2013-04-09,37.0,38.8,37.0,37.5,2050576
2013-04-10,38.15,38.38,36.5,37.22,178318
2013-04-11,37.8,37.92,36.5,37.2,45318
2013-04-12,36.83,38.0,36.55,37.9,311818
2013-04-15,37.9,38.4,37.1,37.38,125032
2013-04-16,36.15,38.0,36.15,37.9,1209176
2013-04-17,38.58,38.58,35.55,36.47,58976
2013-04-18,36.35,38.72,36.35,38.35,84752
2013-04-22,38.55,39.95,38.0,39.45,74262
2013-04-23,39.63,40.83,37.78,39.08,49310
2013-04-25,38.83,40.45,38.65,40.03,38218
2013-04-26,39.75,41.25,39.28,40.1,44162
2013-04-29,40.35,40.7,39.5,39.83,10392
2013-04-30,39.75,40.33,38.2,39.47,91354
2013-05-02,39.97,41.2,38.65,40.47,46556
2013-05-03,40.47,41.25,39.15,40.88,58568
2013-05-06,40.65,42.1,40.1,41.88,70032
2013-05-07,41.5,41.5,40.05,40.78,174800
2013-05-08,40.75,40.75,39.58,40.4,269998
2013-05-09,40.85,40.85,39.35,40.47,149296
2013-05-10,40.22,40.5,39.38,39.5,110272
2013-05-13,39.58,40.0,39.35,39.47,131470
2013-05-14,40.0,40.0,38.53,38.75,37748
2013-05-15,39.72,39.88,38.58,39.08,32004
2013-05-16,39.5,39.9,38.53,38.75,43336
2013-05-17,38.75,41.67,38.13,40.15,247694
2013-05-20,40.58,41.0,40.08,40.5,1076620
2013-05-21,40.5,42.75,39.63,41.15,186430
2013-05-22,41.2,42.97,39.3,42.1,672422
2013-05-23,42.67,42.67,39.13,41.08,224034
2013-05-24,41.3,41.75,39.28,40.15,195396
2013-05-27,40.15,40.15,37.03,37.65,121474
2013-05-28,37.95,39.35,37.5,38.92,185328
2013-05-29,39.92,39.92,38.25,39.03,220196
2013-05-30,38.65,39.2,38.3,38.58,114248
2013-05-31,38.35,38.38,37.5,37.65,487274
2013-06-03,37.53,38.25,37.47,38.0,145002
2013-06-04,38.0,38.4,37.47,37.53,770506
2013-06-05,37.47,38.63,37.47,38.35,124264
2013-06-06,38.1,38.88,38.1,38.38,399584
2013-06-07,39.03,40.45,38.75,39.45,1314582
2013-06-10,40.0,40.0,38.67,38.97,340110
2013-06-11,38.85,39.25,37.85,38.17,883032
2013-06-12,37.78,39.15,37.5,37.78,226118
2013-06-13,37.5,38.0,37.28,37.5,2225600
2013-06-14,37.5,38.72,37.5,38.35,386556
2013-06-17,38.5,38.5,37.3,37.9,654758
2013-06-18,37.75,38.33,37.03,37.42,156372
2013-06-19,37.0,37.5,36.53,37.45,160646
2013-06-20,37.03,37.5,36.0,36.33,83242
2013-06-21,36.72,37.4,35.78,36.72,125666
2013-06-24,36.35,36.67,35.13,35.9,658164
2013-06-25,35.8,36.5,34.63,35.9,219544
2013-06-26,35.9,36.0,34.78,35.03,687516
2013-06-27,35.78,36.2,34.63,35.6,936058
2013-06-28,35.28,37.5,35.1,36.05,1462794
2013-07-01,35.88,35.88,35.33,35.5,173764
2013-07-02,35.38,35.7,34.75,35.47,359774
2013-07-03,35.25,36.97,34.25,35.05,112272
2013-07-04,35.38,35.4,34.85,35.05,17596
2013-07-05,35.0,36.42,34.8,35.7,79416
2013-07-08,35.75,35.75,34.75,34.88,79360
2013-07-09,35.0,35.4,33.88,34.2,83308
2013-07-10,34.38,34.4,33.33,33.7,681142
2013-07-11,33.42,33.8,32.78,33.17,75432
2013-07-12,32.55,33.5,32.55,32.88,490426
2013-07-15,33.35,33.42,32.0,32.17,115182
2013-07-16,31.6,32.25,31.55,32.0,1401862
2013-07-17,31.6,32.72,29.45,31.48,2074562
2013-07-18,31.0,32.0,30.1,31.4,68994
2013-07-19,31.25,31.25,29.95,30.45,120646
2013-07-22,30.5,30.65,29.0,29.02,65308
2013-07-23,28.98,30.58,28.48,29.17,63882
2013-07-24,29.0,29.02,25.88,27.77,201590
2013-07-25,27.45,28.95,26.13,28.1,1290050
2013-07-26,28.0,28.95,28.0,28.55,334122
2013-07-29,29.4,29.4,27.42,27.65,1095128
2013-07-30,27.73,28.77,27.73,28.58,323062
2013-07-31,28.58,28.75,27.6,28.08,1077964
2013-08-01,28.7,28.73,27.75,27.85,8040
2013-08-02,29.27,30.83,27.5,29.8,195772
2013-08-05,30.0,30.75,27.67,28.77,116614
2013-08-06,28.77,28.77,27.5,27.67,1276502
2013-08-07,27.5,28.73,26.58,27.33,40040
2013-08-08,27.0,27.5,26.0,26.4,54166
2013-08-12,27.0,27.75,26.23,27.05,1114840
2013-08-13,27.92,28.23,26.58,27.92,64340
2013-08-14,29.45,29.45,27.2,27.92,42626
2013-08-16,29.3,29.3,26.58,27.1,21536
2013-08-19,27.75,28.0,26.0,26.15,307020
2013-08-20,26.0,26.42,25.88,26.0,817016
2013-08-21,26.0,27.55,25.2,26.85,186378
2013-08-22,26.52,28.2,26.52,28.05,86834
2013-08-23,27.88,33.3,27.63,28.48,493476
2013-08-26,28.5,29.73,28.5,29.23,744818
2013-08-27,29.3,29.5,28.75,28.8,33236
2013-08-28,28.5,28.77,27.95,28.25,1385776
2013-08-29,28.05,29.88,28.05,29.23,102602
2013-08-30,29.6,30.0,28.65,29.8,225110
2013-09-02,29.55,30.2,28.83,29.27,204248
2013-09-03,29.13,29.38,29.02,29.08,8728
2013-09-04,29.45,30.0,29.02,29.73,267782
2013-09-05,29.95,30.0,28.45,29.08,90122
2013-09-06,29.23,29.83,28.6,29.0,65408
2013-09-10,28.88,29.35,28.7,29.0,20360
2013-09-11,29.5,29.5,27.15,28.02,87588
2013-09-12,28.58,28.63,27.25,27.42,154074
2013-09-13,27.58,28.63,27.5,28.08,464332
2013-09-16,31.1,31.1,27.75,28.0,180252
2013-09-17,27.5,29.63,27.33,28.5,430554
2013-09-18,29.55,29.55,27.58,27.98,201996
2013-09-19,28.08,29.23,28.08,28.33,2034932
2013-09-20,28.63,29.5,26.52,28.88,634820
2013-09-23,29.48,29.5,28.33,28.98,158744
2013-09-24,28.52,28.98,28.05,28.2,56334
2013-09-25,28.27,28.73,26.6,27.15,213814
2013-09-26,27.0,27.5,25.88,26.02,552998
2013-09-27,26.0,26.25,23.73,23.9,885420
2013-09-30,24.9,28.23,24.05,27.38,734318
2013-10-01,27.38,28.7,27.38,27.9,330728
2013-10-03,27.95,28.45,26.75,27.0,241812
2013-10-04,27.0,27.0,26.0,26.27,424882
2013-10-07,26.13,26.35,25.45,25.65,58442
2013-10-08,26.4,26.4,25.05,25.4,71042
2013-10-09,25.95,25.95,24.9,25.05,81618
2013-10-10,25.05,26.0,25.05,25.38,199974
2013-10-11,25.98,25.98,24.9,25.02,100634
2013-10-14,25.75,26.85,25.5,25.58,237094
2013-10-15,25.75,26.23,25.25,25.45,1308444
2013-10-17,25.73,26.25,25.2,25.4,857862
2013-10-18,25.27,28.0,25.27,26.65,3106158
2013-10-21,26.5,30.0,26.5,29.83,1170556
2013-10-22,30.1,35.35,30.0,33.72,1945126
2013-10-23,33.75,35.42,30.67,31.88,900784
2013-10-24,32.0,33.75,31.5,31.92,577544
2013-10-25,32.7,32.95,30.08,30.33,288828
2013-10-28,30.33,31.13,29.5,29.75,336548
2013-10-29,29.75,32.47,29.5,31.42,248828
2013-10-30,31.75,32.0,30.58,31.4,494750
2013-10-31,31.98,31.98,30.5,30.73,273156
2013-11-01,30.5,31.73,30.3,30.8,82940
2013-11-03,31.75,31.75,31.13,31.58,27110
2013-11-05,32.3,33.38,31.13,31.45,1033952
2013-11-06,31.6,32.03,31.25,31.5,331082
2013-11-07,31.5,32.45,31.0,31.42,347652
2013-11-08,32.0,32.9,30.75,30.92,2811620
2013-11-11,30.85,31.23,30.2,30.48,179172
2013-11-12,30.25,30.7,29.63,30.1,161506
2013-11-13,30.02,30.75,29.8,30.48,55890
2013-11-14,30.92,31.23,30.58,31.05,53874
2013-11-18,32.38,32.38,30.58,31.6,107722
2013-11-19,30.83,32.17,30.83,31.95,197066
2013-11-20,32.08,33.6,31.5,32.2,3122942
2013-11-21,32.5,32.95,31.55,32.45,1926434
2013-11-22,33.0,33.0,32.3,32.55,1524540
2013-11-25,31.9,34.8,31.9,34.05,957624
2013-11-26,35.0,35.95,33.55,34.17,901860
2013-11-27,34.13,34.5,32.2,32.95,658470
2013-11-28,32.75,34.0,32.53,32.92,895890
2013-11-29,33.0,34.5,32.58,32.88,1176460
2013-12-02,33.03,33.75,32.95,33.47,580702
2013-12-03,33.85,34.92,33.28,34.5,378040
2013-12-04,34.25,37.0,34.25,35.97,1321640
2013-12-05,36.1,36.7,35.85,36.28,380578
2013-12-06,36.28,41.85,36.1,38.38,1206820
2013-12-09,39.0,40.45,36.7,37.45,2266178
2013-12-10,37.75,38.35,37.35,37.85,169886
2013-12-11,37.75,38.13,37.08,37.5,719454
2013-12-12,37.35,37.7,36.3,37.28,528338
2013-12-13,38.0,39.0,37.1,38.38,643086
2013-12-16,38.5,40.33,38.5,39.97,658542
2013-12-17,40.33,41.5,39.1,39.47,773448
2013-12-18,39.75,39.75,37.78,38.1,495836
2013-12-19,38.25,38.38,36.3,36.88,205542
2013-12-20,37.45,37.85,34.28,35.35,235492
2013-12-23,35.35,37.9,35.3,37.08,218456
2013-12-24,37.17,37.75,36.55,36.95,48596
2013-12-26,37.8,38.28,35.8,36.55,87674
2013-12-27,36.9,38.05,36.05,37.3,397780
2013-12-30,38.17,38.17,35.9,37.33,69542
2013-12-31,37.28,38.2,37.0,37.47,67096
2014-01-01,37.5,39.13,36.65,37.58,1046294
2014-01-02,37.75,38.15,36.0,36.58,106974
2014-01-03,36.92,37.42,36.5,37.13,45018
2014-01-06,37.25,37.25,34.92,35.28,337408
2014-01-07,35.3,35.97,34.25,34.53,177774
2014-01-08,34.88,35.45,34.5,35.0,75932
2014-01-09,35.1,35.25,34.3,34.8,46132
2014-01-10,34.67,35.1,34.03,34.6,72174
2014-01-13,34.55,34.95,33.8,34.0,47006
2014-01-14,34.97,34.97,32.35,32.5,188488
2014-01-15,32.7,33.4,32.53,32.85,53626
2014-01-16,33.17,33.17,32.5,32.55,86992
2014-01-17,32.4,32.72,31.7,31.88,143204
2014-01-20,33.0,33.0,31.6,31.9,88982
2014-01-21,32.0,36.17,31.77,33.6,1469320
2014-01-22,33.97,35.5,33.53,33.67,969720
2014-01-23,33.5,33.95,32.75,33.53,1150200
2014-01-24,33.05,33.9,33.05,33.42,82340
2014-01-27,33.17,35.0,32.5,33.65,570362
2014-01-28,34.2,34.63,32.4,32.88,100604
2014-01-29,33.5,33.5,32.2,32.5,199870
2014-01-30,32.5,33.0,32.08,32.38,151264
2014-01-31,32.05,32.83,32.05,32.65,31384
2014-02-03,33.03,34.75,32.53,34.38,256440
2014-02-04,33.35,35.5,32.5,34.17,398088
2014-02-05,34.38,34.95,33.0,34.22,1056364
2014-02-06,34.22,35.25,33.25,33.38,380214
2014-02-07,33.9,34.15,33.03,33.75,182266
2014-02-10,34.47,34.47,33.65,34.0,81110
2014-02-11,34.42,35.0,33.8,34.83,181488
2014-02-12,35.72,36.0,34.9,35.25,405350
2014-02-13,35.1,35.25,34.58,34.75,881692
2014-02-14,34.63,35.38,33.2,33.92,2673538
2014-02-17,33.6,34.83,32.92,33.13,113004
2014-02-18,33.13,33.75,32.97,33.15,172958
2014-02-19,33.45,33.55,32.7,32.83,297444
2014-02-20,33.2,33.72,32.63,33.3,258752
2014-02-21,33.65,34.5,33.03,33.95,140900
2014-02-24,33.08,34.63,33.08,33.97,73380
2014-02-25,34.25,34.88,33.75,34.05,89848
2014-02-26,34.6,34.88,33.85,34.38,204150
2014-02-28,34.5,35.0,34.28,34.75,486588
2014-03-03,34.5,34.85,33.65,34.5,1180964
2014-03-04,34.6,34.88,33.88,34.05,2282648
2014-03-05,33.67,34.85,33.67,34.8,140246
2014-03-06,34.65,35.0,34.03,34.45,931010
2014-03-07,34.9,34.97,32.53,34.83,1120884
2014-03-10,34.65,34.85,33.9,34.47,435664
2014-03-11,35.03,35.03,34.2,34.47,2008762
2014-03-12,34.5,34.55,34.2,34.45,1143384
2014-03-13,34.5,35.0,33.28,33.47,301410
2014-03-14,33.45,33.97,33.13,33.6,68158
2014-03-18,33.95,34.6,33.78,34.13,1297460
2014-03-19,34.03,34.45,34.0,34.35,69512
2014-03-20,34.45,34.9,33.97,34.13,143004
2014-03-21,34.38,36.65,33.65,34.28,8224356
2014-03-22,34.38,34.58,33.97,34.1,25032
2014-03-24,34.08,36.45,34.08,36.05,4248202
2014-03-25,35.97,37.15,35.5,35.92,1524670
2014-03-26,36.33,36.88,35.25,35.5,728722
2014-03-27,35.05,36.2,34.92,35.6,1536244
2014-03-28,35.05,37.85,35.05,36.5,1016402
2014-03-31,36.5,39.67,36.5,39.4,3263070
2014-04-01,39.7,39.7,38.1,39.13,472060
2014-04-02,38.5,39.9,38.5,39.5,680080
2014-04-03,39.25,39.5,38.65,39.28,354192
2014-04-04,39.0,40.85,38.72,39.42,616730
2014-04-07,40.22,41.7,39.35,41.0,769704
2014-04-09,40.03,42.25,40.03,41.95,1536754
2014-04-10,42.0,42.25,39.63,39.95,170464
2014-04-11,40.25,41.2,39.63,40.5,182914
2014-04-15,39.4,41.0,39.4,40.22,153870
2014-04-16,40.22,40.25,37.7,38.38,297526
2014-04-17,38.85,39.9,37.85,39.78,194782
2014-04-21,40.22,40.75,39.45,39.7,63392
2014-04-22,39.5,40.63,39.33,40.03,86062
2014-04-23,40.45,41.5,40.03,40.53,246596
2014-04-25,40.5,42.45,40.38,41.35,307908
2014-04-28,41.5,47.15,40.65,43.05,2656400
2014-04-29,46.22,48.75,43.3,43.67,3054668
2014-04-30,43.92,44.75,41.95,44.08,1057632
2014-05-02,43.5,44.72,42.15,42.47,128604
2014-05-05,42.9,42.9,41.03,41.2,125786
2014-05-06,41.03,41.83,40.05,41.2,152498
2014-05-07,42.13,42.13,40.63,41.45,103758
2014-05-08,41.88,42.92,41.6,42.55,246094
2014-05-09,42.0,43.25,41.5,42.5,3976306
2014-05-12,42.0,44.2,41.8,42.47,367344
2014-05-13,42.17,43.85,42.17,43.0,4123466
2014-05-14,42.6,43.95,42.6,43.47,142256
2014-05-15,43.25,43.83,42.88,43.0,209932
2014-05-16,43.5,44.4,42.85,43.28,186616
2014-05-19,42.85,44.38,42.85,43.6,2502620
2014-05-20,44.33,48.0,43.6,46.53,1186238
2014-05-21,47.0,48.45,46.0,46.45,769364
2014-05-22,46.97,49.9,46.05,48.72,1243320
2014-05-23,48.2,50.9,48.2,50.03,734706
2014-05-26,50.25,50.95,42.85,45.92,405824
2014-05-27,45.85,47.33,45.08,46.72,144964
2014-05-28,47.0,49.33,46.45,48.8,4176488
2014-05-29,49.2,51.85,48.55,49.15,1429614
2014-05-30,49.5,53.9,48.5,52.58,3388222
2014-06-02,52.97,54.4,51.58,52.38,711764
2014-06-03,52.38,54.0,52.0,52.45,2391002
2014-06-04,52.85,52.85,51.5,51.9,301932
2014-06-05,52.0,52.25,50.78,51.35,2644480
2014-06-06,51.47,53.0,50.22,51.8,606446
2014-06-09,51.78,53.25,51.28,51.85,438570
2014-06-10,52.95,53.0,51.05,52.0,830602
2014-06-11,52.0,52.5,49.85,50.78,469180
2014-06-12,50.0,51.95,49.95,50.33,568508
2014-06-13,50.33,51.97,46.0,47.5,180176
2014-06-16,46.35,49.17,45.58,48.28,396818
2014-06-17,48.7,50.0,48.53,49.75,356146
2014-06-18,50.0,50.75,47.75,48.25,130966
2014-06-19,49.0,49.0,46.78,47.38,214084
2014-06-20,47.92,49.5,46.53,48.5,4873856
2014-06-23,48.0,51.75,48.0,50.25,848190
2014-06-24,50.0,52.7,49.03,50.1,873166
2014-06-25,50.5,52.05,50.1,51.8,334202
2014-06-26,52.08,52.4,50.9,51.9,245246
2014-06-27,52.05,53.0,50.58,50.85,276900
2014-06-30,51.47,53.0,51.0,52.13,1121204
2014-07-01,52.13,53.95,51.25,51.55,1815734
2014-07-02,51.97,52.45,51.2,51.42,245282
2014-07-03,51.72,51.85,50.5,50.75,210870
2014-07-04,50.75,52.1,50.25,51.72,299416
2014-07-07,52.17,52.2,50.35,51.6,238108
2014-07-08,51.1,52.0,49.55,50.42,914758
2014-07-09,50.38,50.8,49.17,49.35,577626
2014-07-10,48.9,49.5,47.5,48.4,783242
2014-07-11,47.9,50.0,47.9,48.88,250376
2014-07-14,48.5,49.88,47.97,48.97,910552
2014-07-15,49.25,49.72,48.0,48.35,910994
2014-07-16,49.78,49.85,47.63,48.45,637362
2014-07-17,48.72,50.5,48.45,49.0,1019700
2014-07-18,49.0,50.5,48.78,49.03,600036
2014-07-21,49.3,50.0,49.3,49.5,220640
2014-07-22,49.15,49.75,49.0,49.25,86850
2014-07-23,48.85,49.6,48.3,48.53,135658
2014-07-24,49.35,49.75,48.33,49.22,187450
2014-07-25,49.45,49.45,47.78,49.25,3145624
2014-07-28,50.22,50.9,48.33,48.58,1002230
2014-07-30,48.85,49.5,48.03,48.38,319630
2014-07-31,48.63,49.75,48.63,49.42,813028
2014-08-01,47.8,49.25,46.83,47.45,454128
2014-08-04,47.28,48.42,47.28,47.83,390466
2014-08-05,48.15,48.15,47.28,47.53,90270
2014-08-06,47.95,49.5,47.65,48.42,624928
2014-08-07,48.83,49.25,47.8,48.7,662724
2014-08-08,48.15,48.42,47.03,47.35,241116
2014-08-11,48.13,48.25,47.28,47.42,197700
2014-08-12,48.2,48.25,46.92,47.47,240372
2014-08-13,47.5,47.75,43.65,47.35,1090102
2014-08-14,47.7,48.88,46.35,47.55,1174588
2014-08-18,47.08,49.75,47.08,49.47,653228
2014-08-19,49.47,51.47,49.03,50.33,434186
2014-08-20,50.33,52.95,50.13,51.53,2402478
2014-08-21,51.05,52.22,50.65,51.08,130604
2014-08-22,50.78,51.7,50.5,50.78,128046
2014-08-25,51.78,52.0,51.15,51.63,275548
2014-08-26,51.35,51.83,50.22,50.78,145634
2014-08-27,50.4,51.65,50.28,51.15,136408
2014-08-28,51.38,54.13,50.5,52.5,4194444
2014-09-01,53.2,54.25,51.5,51.8,377640
2014-09-02,52.5,53.45,51.6,51.88,467768
2014-09-03,52.03,59.9,48.5,52.95,29152516
2014-09-04,53.0,53.72,51.55,52.83,1876516
2014-09-05,52.7,53.13,51.28,51.5,1489010
2014-09-08,52.0,53.1,51.25,52.9,1527058
2014-09-09,54.47,55.97,51.75,52.17,2144552
2014-09-10,52.35,53.0,50.9,52.4,481884
2014-09-11,52.03,53.35,52.03,53.03,1835412
2014-09-12,53.25,53.25,51.83,52.53,1141334
2014-09-15,52.75,53.8,52.15,52.97,2658864
2014-09-16,53.15,54.03,48.75,49.65,2394188
2014-09-17,50.42,50.7,47.05,47.35,1045086
2014-09-18,47.5,50.63,47.13,49.88,1529174
2014-09-19,50.3,54.58,49.3,52.4,12752132
2014-09-22,50.33,51.4,49.53,49.88,1550214
2014-09-23,50.0,50.45,47.7,48.2,1019002
2014-09-24,48.25,49.65,47.63,48.25,398070
2014-09-25,48.38,49.35,46.53,47.35,650594
2014-09-26,46.95,48.0,45.15,46.72,470524
2014-09-29,46.5,47.67,46.13,46.47,459552
2014-09-30,46.15,47.22,46.15,46.5,256390
2014-10-01,46.3,48.0,46.25,47.6,389092
2014-10-07,48.75,51.95,48.5,48.83,1490446
2014-10-08,48.5,48.5,46.58,47.17,627280
2014-10-09,47.53,48.22,47.0,47.22,344790
2014-10-10,46.95,46.95,46.3,46.55,441864
2014-10-13,46.75,47.7,46.5,46.9,264074
2014-10-14,46.8,48.85,46.03,47.53,589326
2014-10-16,47.88,48.75,45.75,47.05,518804
2014-10-17,46.6,47.75,46.05,47.28,382482
2014-10-20,47.92,48.0,46.58,46.85,325376
2014-10-21,46.58,47.5,46.2,46.47,354100
2014-10-22,46.7,47.45,46.6,47.05,304650
2014-10-23,47.7,47.85,47.3,47.53,51942
2014-10-27,48.2,48.2,46.53,46.67,281474
2014-10-28,46.35,47.0,46.08,46.2,195136
2014-10-29,46.25,46.83,46.08,46.35,426648
2014-10-30,46.17,49.2,46.17,48.8,1094812
2014-10-31,49.38,52.28,48.75,51.72,2552116
2014-11-03,52.0,52.17,49.53,49.9,1288416
2014-11-05,49.2,51.08,48.15,48.35,568748
2014-11-07,49.5,52.0,49.25,50.83,3400720
2014-11-10,50.95,52.45,49.83,51.72,7703228
2014-11-11,53.88,54.95,51.3,51.75,3530278
2014-11-12,52.17,52.97,51.13,51.53,2132840
2014-11-13,51.5,51.85,49.95,50.9,660562
2014-11-14,50.9,52.25,50.9,51.35,1680942
2014-11-17,51.67,52.13,50.6,51.95,1356132
2014-11-18,52.17,57.5,51.03,55.03,13922296
2014-11-19,55.4,58.22,54.33,54.92,8610872
2014-11-20,55.2,58.15,53.7,57.42,6694244
2014-11-21,57.88,59.45,57.0,57.95,8419192
2014-11-24,58.4,60.25,57.95,58.6,5886336
2014-11-25,58.85,58.92,53.78,56.72,3867848
2014-11-26,56.65,58.38,56.0,57.83,2299280
2014-11-27,58.0,58.4,56.83,57.08,1080184
2014-11-28,57.4,60.45,56.15,59.95,8909558
2014-12-01,60.35,66.2,59.1,63.13,21672882
2014-12-02,63.1,66.43,62.55,65.05,9680626
2014-12-03,65.0,67.63,64.1,66.15,7967374
2014-12-04,66.47,66.85,64.13,65.43,3972622
2014-12-05,65.75,73.88,65.5,68.93,19890996
2014-12-08,69.05,72.35,68.9,69.53,6214910
2014-12-09,69.18,70.32,65.78,66.28,3285582
2014-12-10,66.4,70.0,65.07,68.97,5471206
2014-12-11,68.5,68.5,66.28,67.22,2356906
2014-12-12,67.5,68.13,65.8,66.43,2744218
2014-12-15,66.0,67.47,64.25,64.75,1581646
2014-12-16,64.28,64.75,60.5,61.65,2995234
2014-12-17,61.1,62.47,58.0,60.85,2493762
2014-12-18,62.58,68.85,62.0,66.85,7491756
2014-12-19,67.7,70.0,66.22,66.53,4662034
2014-12-22,66.95,68.38,65.2,66.45,1967634
2014-12-23,66.75,68.45,65.88,66.88,2229204
2014-12-24,67.5,67.6,65.78,66.3,891674
2014-12-26,66.7,67.0,65.6,66.28,835084
2014-12-29,66.63,68.85,66.18,68.3,2897688
2014-12-30,68.38,68.68,67.15,67.88,1652100
2015-01-01,68.45,69.4,67.97,68.5,1291972
2015-01-02,68.05,71.38,68.05,69.05,2963740
2015-01-05,69.0,69.85,66.65,67.35,1847530
2015-01-06,66.57,66.57,63.55,64.18,1451452
2015-01-07,64.28,65.7,62.58,64.38,1879336
2015-01-08,65.2,67.22,65.0,66.07,1705494
2015-01-09,67.0,67.2,65.55,66.28,1508672
2015-01-12,66.22,70.2,65.4,67.93,3269044
2015-01-13,68.0,69.2,66.0,66.8,1730632
2015-01-14,66.93,68.0,66.0,66.82,1326242
2015-01-15,67.4,68.72,66.55,67.47,1822122
2015-01-16,67.45,67.55,66.13,66.88,2088758
2015-01-19,66.72,70.43,66.32,69.97,4855246
2015-01-20,70.45,71.4,68.05,69.15,4468736
2015-01-21,69.22,70.9,67.13,67.93,4252148
2015-01-22,68.25,69.07,66.38,67.0,1472208
2015-01-23,67.65,67.88,64.75,66.0,2257536
2015-01-27,66.35,68.0,65.5,65.88,1477098
2015-01-28,65.95,67.38,53.3,61.8,31351824
2015-01-29,62.7,63.8,61.97,62.33,4760062
2015-01-30,62.45,64.0,60.45,60.88,3917156
2015-02-02,61.5,62.47,59.97,60.3,4610240
2015-02-03,60.95,61.35,59.3,59.97,3337632
2015-02-04,60.4,62.5,58.25,62.08,3350084
2015-02-05,62.75,63.75,60.97,61.53,2170046
2015-02-06,61.8,61.8,59.55,60.38,1962304
2015-02-09,60.22,61.42,59.15,60.75,1403832
2015-02-10,60.5,60.95,58.7,59.72,4171474
2015-02-11,60.3,61.08,59.58,60.25,2005516
2015-02-12,60.5,62.9,60.1,61.85,1686632
2015-02-13,61.97,62.85,60.05,60.38,950502
2015-02-16,60.5,60.9,59.4,60.17,634938
2015-02-18,60.9,62.5,60.63,62.13,1580398
2015-02-19,62.38,66.03,60.72,65.22,5042730
2015-02-20,65.72,65.72,63.0,63.33,1954926
2015-02-23,63.7,63.92,60.58,60.9,872412
2015-02-24,60.6,61.2,59.35,60.05,1203152
2015-02-25,60.3,60.45,58.28,58.63,1013548
2015-02-26,59.13,59.63,57.53,59.25,712104
2015-02-27,59.7,62.45,58.72,61.33,1343248
2015-02-28,62.3,62.3,59.4,61.47,813462
2015-03-02,61.85,64.0,61.05,63.67,1852332
2015-03-03,64.15,65.75,62.67,65.22,1571402
2015-03-04,65.0,66.0,62.5,63.17,1575814
2015-03-05,63.5,64.72,62.78,64.05,594400
2015-03-09,63.92,63.92,61.17,61.75,504424
2015-03-10,62.22,62.67,60.05,61.0,769102
2015-03-11,61.38,61.5,59.5,59.85,869578
2015-03-12,60.97,62.45,59.15,62.05,2052714
2015-03-13,62.6,63.65,60.78,63.22,742990
2015-03-16,63.0,68.88,62.78,65.63,4668330
2015-03-17,66.05,69.9,65.75,68.1,4404472
2015-03-18,67.0,70.25,65.9,66.53,3820016
2015-03-19,66.6,67.2,63.05,63.3,1106016
2015-03-20,63.47,67.0,63.47,66.0,7578764
2015-03-23,66.0,66.0,62.5,64.72,1062750
2015-03-24,64.28,65.95,62.83,63.6,608816
2015-03-25,63.0,64.45,60.5,61.13,1115040
2015-03-26,61.13,64.3,61.0,63.78,943998
2015-03-27,64.55,65.5,62.0,62.8,1020874
2015-03-30,63.5,64.95,63.0,64.18,449416
2015-03-31,64.3,66.15,64.3,65.63,790970
2015-04-01,65.55,66.85,64.9,65.75,480470
2015-04-06,66.0,66.0,64.05,65.0,286508
2015-04-07,65.15,66.5,64.4,65.07,1213370
2015-04-08,65.47,65.8,64.18,65.07,570794
2015-04-09,65.5,66.45,64.6,65.05,509908
2015-04-10,65.05,65.3,64.05,64.3,333606
2015-04-13,64.3,65.4,63.72,64.25,284854
2015-04-15,64.5,65.0,63.03,63.65,305662
2015-04-16,64.03,65.43,62.85,64.65,439362
2015-04-17,64.15,64.97,62.85,64.18,431872
2015-04-20,64.38,64.38,62.28,63.42,323886
2015-04-21,63.85,63.85,59.7,60.58,967936
2015-04-22,61.0,61.5,59.8,60.58,512014
2015-04-23,61.13,61.75,60.3,60.95,137192
2015-04-24,61.95,64.4,60.25,61.85,3892702
2015-04-27,61.35,62.4,58.38,59.72,607360
2015-04-28,60.0,60.0,57.25,58.47,868772
2015-04-29,58.88,61.85,58.67,61.08,378988
2015-04-30,61.63,61.63,59.05,59.67,263874
2015-05-04,61.0,62.25,59.75,61.28,308012
2015-05-05,61.58,61.88,60.13,60.67,183906
2015-05-06,60.4,60.45,56.78,57.35,474916
2015-05-07,57.4,58.5,55.55,56.25,356996
2015-05-08,56.7,58.45,55.95,56.28,846062
2015-05-11,57.0,58.0,56.5,56.9,165332
2015-05-12,57.0,57.9,55.65,57.15,479440
2015-05-13,57.5,58.0,55.8,56.58,4156134
2015-05-14,56.5,57.5,56.13,57.0,624644
2015-05-15,56.53,59.85,56.53,59.28,541028
2015-05-18,59.75,61.63,58.85,61.08,372668
2015-05-19,61.7,61.7,59.5,60.05,120522
2015-05-20,60.72,61.58,60.0,60.35,302520
2015-05-21,60.53,62.45,60.28,62.3,408670
2015-05-22,62.88,63.0,61.35,61.78,181172
2015-05-25,61.83,63.63,61.8,62.45,240882
2015-05-26,63.38,64.5,62.2,64.32,562316
2015-05-27,63.95,65.0,63.2,63.83,545016
2015-05-28,63.65,64.0,58.42,61.45,2515236
2015-05-29,61.75,62.0,60.3,61.08,842988
2015-06-01,60.75,61.35,59.05,59.13,418146
2015-06-02,59.72,60.63,57.78,58.55,1528908
2015-06-03,58.97,60.5,53.97,57.72,807804
2015-06-04,58.0,58.0,54.1,54.5,542704
2015-06-05,54.5,55.85,54.1,55.25,1244760
2015-06-08,55.0,55.6,53.55,54.75,198448
2015-06-09,55.0,55.88,53.08,55.33,148672
2015-06-10,56.0,56.0,53.58,53.8,859844
2015-06-11,53.95,54.45,52.75,53.6,277070
2015-06-12,53.5,53.5,52.05,52.42,266084
2015-06-15,52.72,53.2,50.95,51.17,570942
2015-06-16,51.0,52.45,50.7,51.65,473180
2015-06-17,51.7,52.85,51.4,51.67,670798
2015-06-18,52.0,52.33,49.63,50.22,912638
2015-06-19,50.5,50.78,45.13,46.85,1966928
2015-06-22,48.25,50.72,47.15,49.8,972276
2015-06-23,49.97,51.13,48.5,50.08,610102
2015-06-24,50.1,50.75,49.08,49.92,824566
2015-06-25,50.38,51.4,49.55,49.8,416172
2015-06-26,50.2,50.2,49.0,49.15,357812
2015-06-29,48.5,50.0,47.83,48.65,342420
2015-06-30,49.0,49.17,48.03,48.28,507458
2015-07-01,48.45,52.65,48.1,51.05,5457460
2015-07-02,51.5,52.72,50.33,50.5,4015680
2015-07-03,50.8,52.0,49.8,50.6,529766
2015-07-06,50.03,51.45,49.35,50.35,669686
2015-07-07,50.7,51.45,50.0,50.95,638772
2015-07-08,50.95,52.38,50.6,52.05,2256566
2015-07-09,52.4,53.78,51.0,51.45,647578
2015-07-10,51.88,52.2,49.78,50.13,466948
2015-07-13,50.6,50.6,49.3,50.35,412484
2015-07-14,50.75,51.83,50.35,50.58,322440
2015-07-15,50.9,51.5,50.35,50.67,222876
2015-07-16,50.7,52.63,50.6,51.38,2033338
2015-07-17,51.67,52.1,51.15,51.42,248022
2015-07-20,51.72,51.75,50.0,50.33,431070
2015-07-21,50.63,51.9,50.0,50.28,580812
2015-07-22,51.5,54.2,50.7,53.08,2507890
2015-07-23,52.8,56.25,52.5,55.47,3243116
2015-07-24,54.92,55.85,54.05,54.33,928314
2015-07-27,54.33,56.95,52.3,54.45,1231410
2015-07-28,54.15,55.9,54.15,55.0,2009636
2015-07-29,55.4,57.97,55.15,57.63,1343260
2015-07-30,57.8,59.15,57.0,58.78,1011012
2015-07-31,59.0,59.35,58.13,58.95,532720
2015-08-03,59.2,59.8,58.1,58.95,849386
2015-08-04,56.97,59.35,55.0,58.5,1994446
2015-08-05,59.2,61.7,58.55,60.75,3498258
2015-08-06,61.15,62.5,60.65,61.0,1300200
2015-08-07,61.08,61.5,59.53,60.05,699620
2015-08-10,60.7,61.25,60.25,60.75,1617338
2015-08-11,61.0,64.97,58.25,59.17,3433012
2015-08-12,58.97,61.75,58.7,59.1,937662
2015-08-13,59.75,60.55,56.5,58.72,829620
2015-08-14,59.0,59.5,58.4,59.15,260998
2015-08-17,59.33,61.1,59.0,60.65,843882
2015-08-18,60.8,63.45,60.35,60.9,450596
2015-08-19,60.8,61.25,60.0,60.83,328552
2015-08-20,60.38,61.67,58.75,59.03,935860
2015-08-21,58.0,59.5,57.0,59.2,366728
2015-08-24,56.5,57.78,55.55,56.6,825214
2015-08-25,59.7,59.7,52.75,55.5,1342638
2015-08-26,55.0,56.9,53.55,54.5,2426774
2015-08-27,55.0,56.5,54.5,55.28,1573642
2015-08-28,56.0,56.3,54.53,55.5,1116366
2015-08-31,55.33,55.33,53.05,54.22,349488
2015-09-01,53.85,53.85,52.5,52.85,1166114
2015-09-02,52.6,53.05,50.55,51.53,916936
2015-09-03,51.05,54.22,51.05,53.33,301216
2015-09-04,53.25,53.75,51.63,52.42,334426
2015-09-07,52.5,53.0,51.6,52.58,152862
2015-09-08,52.17,52.6,51.53,52.03,185308
2015-09-09,53.0,53.42,52.33,52.95,313342
2015-09-10,52.45,54.0,51.63,53.42,451916
2015-09-11,53.63,54.45,53.13,53.95,455950
2015-09-14,53.95,53.95,48.38,51.9,397906
2015-09-15,52.5,52.5,51.05,52.03,439508
2015-09-16,52.85,53.85,52.2,53.53,294928
2015-09-18,53.72,54.72,52.13,53.25,4470406
2015-09-21,53.28,55.95,53.25,55.67,428306
2015-09-22,55.97,57.65,55.0,55.4,329526
2015-09-23,55.4,56.0,54.4,55.67,306394
2015-09-24,56.0,57.0,54.9,55.53,178316
2015-09-28,56.0,57.38,55.5,56.13,338734
2015-09-29,56.9,58.1,55.15,55.75,600984
2015-09-30,55.05,56.38,54.6,55.08,280052
2015-10-01,57.0,57.6,56.28,57.0,835330
2015-10-05,57.95,58.1,56.75,57.5,390986
2015-10-06,57.83,58.47,57.3,57.5,335832
2015-10-07,57.53,63.25,57.2,59.08,2322736
2015-10-08,59.7,59.7,58.03,58.45,645716
2015-10-09,58.9,61.75,58.28,59.97,2742358
2015-10-12,60.1,60.88,59.3,60.1,602956
2015-10-13,60.92,61.42,59.75,61.0,849866
2015-10-14,61.1,62.88,61.1,62.15,350052
2015-10-15,61.78,63.95,61.58,62.6,946246
2015-10-16,62.9,64.25,62.5,63.15,499952
2015-10-19,64.0,64.0,60.9,61.2,985904
2015-10-20,61.7,63.13,61.05,62.53,930396
2015-10-21,63.0,63.67,62.65,63.47,340846
2015-10-23,63.0,63.88,61.95,62.6,154428
2015-10-26,62.38,62.97,61.5,62.0,190504
2015-10-27,62.03,62.35,61.0,61.85,373600
2015-10-28,62.75,63.0,62.13,62.47,421796
2015-10-29,62.55,63.2,60.67,61.42,238896
2015-10-30,61.55,62.0,58.53,59.53,486224
2015-11-02,58.55,59.4,57.08,57.45,343282
2015-11-03,58.0,58.25,56.75,56.97,205796
2015-11-04,57.95,60.45,56.8,59.85,1006666
2015-11-05,59.33,60.92,57.58,58.88,1254048
2015-11-06,58.6,59.2,57.0,57.5,148924
2015-11-09,57.2,58.4,55.0,55.85,343222
2015-11-10,55.83,56.95,55.65,56.2,611120
2015-11-11,57.0,57.38,56.5,56.97,22502
2015-11-13,56.05,57.97,55.5,56.08,363448
2015-11-16,57.0,57.55,56.2,57.13,150244
2015-11-17,57.5,58.97,56.58,58.75,456868
2015-11-18,59.0,59.22,58.0,58.55,223644
2015-11-19,60.25,61.5,59.15,60.03,781498
2015-11-20,59.33,59.97,58.03,59.17,279942
2015-11-23,59.0,60.47,59.0,59.47,187248
2015-11-24,59.0,60.5,58.78,60.22,170370
2015-11-26,60.0,60.03,57.95,58.4,237526
2015-11-27,58.5,59.95,56.88,57.33,539336
2015-11-30,57.8,59.38,56.4,58.22,267078
2015-12-01,58.7,60.25,58.03,59.4,204838
2015-12-02,59.83,60.5,58.75,59.97,228246
2015-12-03,59.53,61.4,59.33,60.5,572050
2015-12-04,60.0,60.9,58.75,60.28,299760
2015-12-07,60.9,64.78,60.0,62.22,1187164
2015-12-08,62.25,63.7,61.05,61.65,323434
2015-12-09,61.5,62.0,59.5,61.35,212908
2015-12-10,61.5,62.0,60.05,61.75,165278
2015-12-11,61.05,62.9,61.03,62.15,212460
2015-12-14,61.0,62.0,61.0,61.53,430748
2015-12-15,62.2,63.0,61.05,62.17,291754
2015-12-16,61.75,62.25,61.53,62.0,170834
2015-12-17,62.0,64.0,61.55,62.6,277300
2015-12-18,62.0,62.7,61.35,61.5,405530
2015-12-21,61.25,62.1,60.25,60.78,477742
2015-12-22,60.25,61.65,59.4,59.97,276608
2015-12-23,60.0,60.42,59.5,60.0,135130
2015-12-24,60.65,60.95,59.58,60.0,92146
2015-12-28,59.08,60.63,59.08,60.35,130946
2015-12-29,59.5,60.28,57.15,58.05,787288
2015-12-30,58.1,58.97,57.4,57.83,396648
2015-12-31,57.6,58.0,57.38,57.6,166974
2016-01-01,57.95,59.0,57.83,58.47,55004
2016-01-04,59.0,59.2,57.25,57.35,139044
2016-01-05,57.58,58.97,57.28,57.5,119366
2016-01-06,57.85,58.75,57.5,58.5,335436
2016-01-07,58.25,58.75,55.6,57.78,236308
2016-01-08,58.5,58.85,56.55,57.03,3010782
2016-01-11,57.45,57.85,55.65,56.97,217000
2016-01-12,57.47,57.8,55.5,55.92,149840
2016-01-13,55.8,57.45,50.0,53.72,1950586
2016-01-14,53.4,57.67,53.0,57.03,1485442
2016-01-15,57.5,58.45,54.53,55.53,732110
2016-01-18,55.0,55.95,52.0,52.92,594936
2016-01-19,52.5,54.4,52.1,53.83,1623164
2016-01-20,52.0,52.22,49.0,51.03,371556
2016-01-21,51.13,52.5,50.55,51.75,601582
2016-01-22,52.8,53.22,51.83,52.25,98240
2016-01-25,53.72,54.03,52.5,52.9,139442
2016-01-27,52.55,53.4,50.35,50.78,275776
2016-01-28,51.03,51.22,50.0,50.33,109144
2016-01-29,50.38,52.0,50.1,51.78,378966
2016-02-01,51.85,52.8,51.7,52.58,102126
2016-02-02,53.25,54.13,50.88,51.7,1499684
2016-02-03,51.0,53.67,50.55,51.58,746358
2016-02-04,52.47,52.47,50.45,50.75,97056
2016-02-05,51.22,52.45,50.65,51.1,5424500
2016-02-08,51.0,52.35,50.97,51.1,114982
2016-02-09,50.5,51.45,50.5,51.3,68772
2016-02-10,50.5,51.4,50.0,51.05,187020
2016-02-11,50.25,51.4,50.25,51.0,387942
2016-02-12,51.5,51.92,49.5,50.97,139374
2016-02-15,50.03,52.75,50.03,51.42,198910
2016-02-16,52.9,52.9,51.0,51.03,55738
2016-02-17,51.03,52.0,50.5,51.38,121278
2016-02-18,51.5,52.85,50.9,51.03,142534
2016-02-19,50.53,51.47,50.25,50.42,65616
2016-02-22,50.42,50.78,50.0,50.35,55308
2016-02-23,50.25,52.4,49.6,50.13,4653808
2016-02-24,50.1,50.85,49.55,50.03,1021748
2016-02-25,49.63,50.65,48.75,49.95,2767990
2016-02-26,49.5,51.15,49.5,50.3,139430
2016-02-29,50.6,51.88,49.95,51.35,250584
2016-03-01,51.38,54.0,51.38,53.33,281752
2016-03-02,53.75,54.63,52.5,52.95,1965150
2016-03-03,53.28,53.85,52.75,53.1,272514
2016-03-04,53.22,53.4,52.58,52.83,55464
2016-03-08,52.75,53.72,52.4,52.97,254202
2016-03-09,52.5,54.9,52.33,54.15,250406
2016-03-10,54.03,55.0,53.65,54.67,157154
2016-03-11,54.6,54.92,53.7,54.58,194534
2016-03-14,54.05,56.0,54.05,55.7,413664
2016-03-15,55.03,55.63,53.95,54.47,741918
2016-03-16,54.2,54.97,53.83,54.7,185106
2016-03-17,54.97,55.45,54.75,55.08,89120
2016-03-18,54.75,57.85,54.28,56.92,291686
2016-03-21,57.25,58.22,57.25,57.78,228014
2016-03-22,57.95,58.5,57.0,57.55,116508
2016-03-23,57.95,58.45,57.0,57.22,696878
2016-03-28,57.5,57.5,55.25,56.22,379192
2016-03-29,56.22,57.95,55.53,56.63,124142
2016-03-30,58.0,58.5,55.35,56.88,265114
2016-03-31,57.15,57.75,56.6,57.33,70446
2016-04-01,56.95,57.5,56.33,56.5,334928
2016-04-04,56.95,57.5,56.1,56.75,136140
2016-04-05,56.75,56.75,55.28,55.6,116176
2016-04-06,55.4,56.8,55.28,55.53,108790
2016-04-07,55.6,56.7,55.6,56.3,255062
2016-04-08,58.05,58.1,56.3,57.5,1329926
2016-04-11,57.95,57.95,56.8,56.95,841422
2016-04-12,56.72,57.35,56.0,56.38,344736
2016-04-13,56.53,56.9,55.65,56.28,203962
2016-04-18,57.3,57.5,56.33,56.8,382604
2016-04-20,56.35,58.0,56.13,57.78,343896
2016-04-21,57.47,57.5,56.7,57.0,192578
2016-04-22,57.7,57.75,57.03,57.45,121818
2016-04-25,56.67,59.5,56.67,57.33,320900
2016-04-26,57.5,57.83,56.58,57.2,114226
2016-04-27,56.65,57.13,56.2,56.38,425742
2016-04-28,56.0,56.7,55.55,55.97,163450
2016-04-29,56.0,56.3,53.65,54.3,425142
2016-05-02,54.5,54.5,52.9,53.75,587208
2016-05-03,53.55,54.88,53.15,53.42,128102
2016-05-04,53.47,53.5,52.0,52.42,567920
2016-05-05,52.65,53.38,49.65,50.0,312462
2016-05-06,50.2,51.22,50.0,50.28,331024
2016-05-09,50.72,51.42,50.2,51.1,94278
2016-05-10,50.33,53.58,50.33,53.1,203846
2016-05-11,52.0,54.85,52.0,52.9,141454
2016-05-12,53.0,53.75,52.53,53.13,646876
2016-05-13,52.92,54.25,52.9,53.58,108912
2016-05-16,54.47,54.47,52.6,53.17,89184
2016-05-17,53.95,58.4,53.7,55.35,2939122
2016-05-18,55.45,55.45,54.15,55.05,203990
2016-05-19,56.0,57.9,55.45,56.1,451954
2016-05-20,57.2,57.2,55.15,55.63,120236
2016-05-23,56.35,56.35,54.33,54.45,152654
2016-05-24,53.55,63.4,52.25,60.42,4205304
2016-05-25,60.5,61.5,57.8,59.65,5445736
2016-05-26,58.05,60.0,57.17,58.58,492998
2016-05-27,58.03,59.4,56.67,57.2,205232
2016-05-30,57.2,59.7,56.72,57.65,360020
2016-05-31,58.0,58.75,56.0,57.1,728152
2016-06-01,57.25,58.0,56.6,56.83,868678
2016-06-02,58.5,58.5,55.8,56.4,456058
2016-06-03,57.45,57.55,55.35,55.75,317910
2016-06-06,55.25,56.25,49.05,52.28,13183414
2016-06-07,50.8,53.15,49.25,51.6,1782070
2016-06-08,52.05,52.75,51.6,51.88,583088
2016-06-09,52.25,52.4,51.53,51.8,219414
2016-06-10,52.0,52.35,51.5,51.65,211218
2016-06-13,51.5,52.5,51.0,52.05,308282
2016-06-14,52.47,52.47,51.63,52.17,216798
2016-06-15,52.42,52.9,51.25,51.58,1379664
2016-06-16,51.65,51.95,51.2,51.7,159434
2016-06-17,51.78,52.83,50.92,52.38,831338
2016-06-20,52.0,52.53,51.05,51.3,532524
2016-06-21,51.45,52.25,51.1,51.97,1201974
2016-06-22,51.97,52.47,51.08,51.47,255560
2016-06-23,51.28,51.6,51.05,51.15,128806
2016-06-24,50.0,50.92,49.08,50.42,290318
2016-06-27,50.42,51.42,50.35,50.85,105914
2016-06-28,52.0,52.47,51.2,51.42,329150
2016-06-29,51.55,51.88,51.35,51.45,85796
2016-06-30,51.53,52.25,51.53,51.8,248894
2016-07-01,51.75,52.22,51.55,51.85,109338
2016-07-04,52.05,52.25,51.85,51.92,561058
2016-07-05,52.15,52.7,51.55,51.9,1773488
2016-07-07,51.55,52.47,51.55,51.8,263942
2016-07-08,51.63,52.2,51.63,51.9,200894
2016-07-11,52.1,52.47,51.85,52.0,765450
2016-07-12,52.38,52.38,52.0,52.3,242194
2016-07-13,52.3,52.47,51.75,51.92,495748
2016-07-14,52.22,52.5,51.75,51.88,380108
2016-07-15,52.1,52.35,51.08,51.3,226758
2016-07-18,51.83,52.0,51.25,51.4,242856
2016-07-19,51.4,51.5,50.0,50.47,271734
2016-07-20,50.47,51.38,49.85,50.58,700022
2016-07-21,50.92,51.03,50.15,50.33,234728
2016-07-22,50.47,50.88,49.6,49.72,340530
2016-07-25,49.95,50.67,49.88,50.0,530252
2016-07-26,50.38,51.45,50.03,51.08,303046
2016-07-27,51.4,51.4,50.3,51.08,211618
2016-07-28,51.25,53.25,47.53,51.42,3941316
2016-07-29,51.25,52.25,50.5,51.5,493680
2016-08-01,51.92,52.0,51.08,51.5,254836
2016-08-02,51.83,52.9,51.6,52.45,407450
2016-08-03,52.25,52.25,50.8,51.45,191142
2016-08-04,52.17,52.55,51.1,52.0,208002
2016-08-05,52.08,52.58,51.5,52.1,155962
2016-08-08,52.35,52.6,51.05,51.38,149758
2016-08-09,51.38,51.92,51.2,51.4,726042
2016-08-10,52.17,52.33,51.55,51.92,298340
2016-08-11,51.9,53.9,51.9,53.47,722028
2016-08-12,54.85,54.85,53.0,53.17,554960
2016-08-16,53.03,53.33,51.78,51.9,413288
2016-08-17,51.75,52.47,51.75,52.35,379364
2016-08-18,52.5,52.95,52.28,52.65,227012
2016-08-19,52.95,53.3,52.6,53.0,139560
2016-08-22,53.25,53.5,52.88,53.3,119266
2016-08-23,53.22,53.3,52.85,53.0,75576
2016-08-24,53.45,54.4,52.83,53.05,479330
2016-08-25,54.22,54.22,53.25,53.97,325788
2016-08-26,54.42,54.55,53.25,53.8,188566
2016-08-29,53.83,53.88,53.0,53.4,135878
2016-08-30,53.95,54.05,52.88,53.1,200906
2016-08-31,53.42,53.5,53.03,53.2,103336
2016-09-01,53.85,53.85,50.88,52.5,161404
2016-09-02,52.53,54.4,52.53,53.78,147678
2016-09-06,54.8,60.5,54.03,57.65,2193728
2016-09-07,59.1,61.4,58.75,59.25,1953426
2016-09-08,60.0,60.5,58.5,58.92,1096536
2016-09-09,58.92,58.92,55.83,56.45,593182
2016-09-12,56.25,58.0,55.7,56.6,1137636
2016-09-14,56.13,57.42,56.13,56.97,258932
2016-09-15,57.95,59.5,56.42,56.97,1914830
2016-09-16,59.47,59.85,55.0,55.63,3715776
2016-09-19,56.0,56.05,55.0,55.2,316110
2016-09-20,55.5,55.5,54.0,54.15,313564
2016-09-21,54.4,54.5,53.75,53.95,300056
2016-09-22,54.85,54.95,53.83,54.03,403756
2016-09-23,54.47,54.47,53.25,53.45,298922
2016-09-26,53.38,53.72,52.6,52.92,242150
2016-09-27,53.4,53.4,51.75,52.0,234758
2016-09-28,52.5,52.95,52.0,52.42,221224
2016-09-29,52.85,52.85,50.17,51.2,340856
2016-09-30,51.2,52.47,50.5,51.7,173850
2016-10-03,52.0,54.0,52.0,53.47,373150
2016-10-04,53.88,54.58,52.97,54.03,179218
2016-10-05,54.5,59.7,54.03,55.63,3601532
2016-10-06,55.75,56.1,52.78,53.42,1340388
2016-10-07,54.75,55.38,53.25,54.13,4043260
2016-10-10,54.8,54.8,52.63,52.9,631614
2016-10-13,52.9,53.13,51.78,52.35,1060098
2016-10-14,52.3,52.95,51.7,51.85,438716
2016-10-17,52.0,52.38,51.45,51.67,351178
2016-10-18,52.17,53.25,51.4,51.75,920656
2016-10-19,52.17,54.13,51.75,53.25,474932
2016-10-20,53.7,53.92,52.88,53.4,249020
2016-10-21,53.78,54.5,52.75,53.67,240206
2016-10-24,53.8,54.45,53.13,53.97,169984
2016-10-25,53.95,54.4,53.05,53.4,159322
2016-10-26,53.8,53.8,52.33,52.6,145428
2016-10-27,52.85,53.75,51.9,53.0,1154056
2016-10-28,53.03,53.75,51.9,52.53,385886
2016-10-30,52.55,53.3,52.25,52.67,36340
2016-11-01,52.67,52.78,51.53,52.03,641668
2016-11-02,52.03,52.05,50.5,51.17,149786
2016-11-03,51.75,52.0,49.63,50.17,6246300
2016-11-04,50.5,50.88,47.9,48.78,412202
2016-11-07,49.53,50.4,49.28,50.1,237392
2016-11-08,50.75,51.0,49.53,49.95,240544
2016-11-09,47.3,50.35,41.03,49.8,671336
2016-11-10,50.0,50.58,48.9,49.08,469548
2016-11-11,49.0,49.17,47.5,47.78,346604
2016-11-15,47.65,47.97,45.5,47.03,323704
2016-11-16,46.5,48.5,46.45,47.9,413972
2016-11-17,47.75,48.7,46.53,47.53,240986
2016-11-18,48.25,48.5,46.65,47.85,174496
2016-11-21,48.03,48.1,43.47,45.53,2500100
2016-11-22,46.08,46.55,43.38,46.38,1325256
2016-11-23,47.0,47.95,44.1,45.97,1382760
2016-11-24,46.42,47.6,45.1,46.2,161228
2016-11-25,47.15,47.15,46.03,46.45,83096
2016-11-28,47.45,47.5,46.63,46.97,85540
2016-11-29,47.42,47.85,45.65,46.38,152492
2016-11-30,46.97,49.72,46.5,48.95,693850
2016-12-01,49.5,49.5,47.55,47.72,115378
2016-12-02,47.5,48.13,47.03,47.33,125408
2016-12-05,48.4,48.47,46.38,46.55,86120
2016-12-06,47.3,47.3,45.15,45.8,166858
2016-12-07,46.67,46.72,45.4,45.5,175164
2016-12-08,45.95,46.38,45.3,45.72,468650
2016-12-09,45.97,46.45,45.2,46.17,223610
2016-12-12,46.72,47.2,45.78,46.13,822194
2016-12-13,46.88,46.88,46.28,46.55,571438
2016-12-14,46.65,46.88,46.25,46.5,129492
2016-12-15,45.53,46.75,45.53,46.5,113360
2016-12-16,46.5,52.2,46.47,48.47,4060062
2016-12-19,48.47,49.3,47.4,47.7,592536
2016-12-20,47.8,49.45,47.25,48.4,594368
2016-12-21,48.22,48.9,47.5,47.8,161634
2016-12-22,47.8,48.45,47.47,48.2,298084
2016-12-23,48.03,48.9,47.5,48.38,328548
2016-12-26,47.63,48.8,47.03,48.6,220630
2016-12-27,48.28,48.5,47.53,48.03,229794
2016-12-28,48.5,48.5,47.3,47.5,408050
2016-12-29,47.65,48.72,47.13,47.97,448680
2016-12-30,48.03,48.42,46.8,47.42,776018
2017-01-02,47.13,47.75,47.05,47.25,80252
2017-01-03,47.05,48.15,47.05,47.6,177508
2017-01-04,47.5,49.5,47.5,48.72,438342
2017-01-05,48.97,49.17,48.38,48.75,99300
2017-01-06,49.17,49.2,47.5,47.97,211594
2017-01-09,47.78,49.97,47.78,49.35,2538950
2017-01-10,49.0,50.5,49.0,50.2,2032578
2017-01-11,50.2,51.25,49.72,50.5,308830
2017-01-12,51.2,51.72,49.42,51.28,256486
2017-01-13,51.28,51.85,50.05,50.88,130710
2017-01-16,50.8,51.25,50.08,50.6,123706
2017-01-17,50.83,51.25,50.35,51.0,176114
2017-01-18,51.0,51.55,50.5,51.0,241188
2017-01-19,51.28,52.03,50.63,51.08,1289596
2017-01-20,51.4,51.75,50.83,51.53,198108
2017-01-23,51.4,51.67,51.0,51.2,86180
2017-01-24,51.17,51.55,51.15,51.45,150858
2017-01-25,52.13,52.13,51.0,51.2,88160
2017-01-27,51.72,51.72,51.25,51.45,109968
2017-01-30,51.92,51.92,51.0,51.05,81904
2017-01-31,51.1,51.4,50.95,51.17,93260
2017-02-01,51.0,51.95,50.95,51.3,140820
2017-02-02,51.5,53.75,51.3,52.45,5721396
2017-02-03,53.25,54.53,52.38,52.85,1137586
2017-02-06,52.97,54.63,52.95,53.42,3285852
2017-02-07,53.6,53.9,50.63,50.75,974804
2017-02-08,51.15,51.95,51.1,51.88,271486
2017-02-09,52.2,52.5,51.13,51.38,309030
2017-02-10,51.6,52.4,51.6,52.15,167292
2017-02-13,52.17,53.05,52.03,52.9,377964
2017-02-14,52.5,53.2,52.28,52.95,243600
2017-02-15,52.75,54.25,52.5,54.03,506248
2017-02-16,54.25,54.5,53.6,54.0,3322872
2017-02-17,54.35,54.5,54.0,54.33,199206
2017-02-20,54.5,54.5,54.0,54.28,88414
2017-02-21,54.03,55.38,54.0,54.58,2216244
2017-02-22,54.6,54.9,53.08,53.67,2378858
2017-02-23,53.85,54.4,53.25,53.8,106516
2017-02-27,54.5,54.7,52.5,53.38,1187660
2017-02-28,53.38,53.7,52.78,53.3,149454
2017-03-01,53.65,54.25,52.6,52.88,124256
2017-03-02,53.2,53.38,51.5,51.83,235792
2017-03-03,51.65,52.25,51.45,51.72,89256
2017-03-06,51.05,52.85,51.05,52.53,177720
2017-03-07,52.97,53.95,51.75,53.9,232010
2017-03-08,54.0,54.25,53.0,53.53,149794
2017-03-09,53.5,54.7,53.4,54.0,287210
2017-03-10,54.47,54.75,54.0,54.47,190916
2017-03-14,54.75,55.0,53.65,54.03,155364
2017-03-15,53.9,54.42,53.67,54.05,762834
2017-03-16,54.47,55.0,53.6,54.0,482736
2017-03-17,54.05,55.0,54.03,54.63,713212
2017-03-20,54.8,55.5,52.8,53.03,1037548
2017-03-21,52.83,54.1,52.75,53.97,264922
2017-03-22,53.95,54.35,52.85,53.67,643484
2017-03-23,53.67,54.0,52.75,52.97,160736
2017-03-24,53.03,54.13,53.03,53.7,292846
2017-03-27,53.53,54.63,53.17,54.15,373392
2017-03-28,54.42,54.47,53.75,53.97,264720
2017-03-29,53.67,54.25,53.6,54.0,385596
2017-03-30,54.0,54.67,53.8,54.2,344614
2017-03-31,54.42,55.28,53.7,55.03,203132
2017-04-03,55.33,56.88,55.03,55.53,318026
2017-04-05,55.65,56.5,55.65,56.33,352682
2017-04-06,55.75,56.5,55.5,56.2,502322
2017-04-07,55.97,57.25,55.03,56.9,244322
2017-04-10,57.25,58.22,56.25,57.22,459620
2017-04-11,58.0,58.72,57.5,58.0,2711334
2017-04-12,58.65,58.65,57.25,57.92,301496
2017-04-13,58.0,58.47,57.5,57.85,108182
2017-04-17,57.85,58.5,56.65,57.5,242526
2017-04-18,57.5,58.45,57.0,57.17,243602
2017-04-19,57.75,63.47,56.85,60.2,2241402
2017-04-20,60.65,62.4,60.25,61.8,1713616
2017-04-21,62.3,63.9,62.0,62.97,1349364
2017-04-24,63.1,63.92,62.45,63.45,765012
2017-04-25,63.65,64.5,63.13,63.47,339918
2017-04-26,63.65,64.0,61.15,61.72,275992
2017-04-27,61.65,64.9,61.65,63.33,598636
2017-04-28,63.67,63.95,61.78,62.4,213106
2017-05-02,63.0,64.2,62.5,63.63,342012
2017-05-03,63.55,63.97,62.25,63.58,247378
2017-05-04,63.4,68.93,63.2,66.75,1663072
2017-05-05,66.75,67.07,63.5,64.28,292578
2017-05-08,64.9,65.7,62.38,63.47,223074
2017-05-09,63.63,65.1,63.03,64.03,222532
2017-05-10,64.65,65.0,63.42,64.2,576928
2017-05-11,64.47,65.0,63.42,64.5,485522
2017-05-12,64.5,65.18,63.45,64.32,1779576
2017-05-15,65.25,65.25,63.7,64.78,257960
2017-05-16,65.03,65.4,62.8,64.28,812876
2017-05-17,64.15,65.0,63.75,64.43,201936
2017-05-18,63.97,64.65,62.85,64.1,261762
2017-05-19,64.43,64.7,63.55,63.95,137834
2017-05-22,65.0,65.0,63.38,63.72,121560
2017-05-23,63.65,64.28,62.03,62.78,285774
2017-05-24,62.15,63.1,60.65,61.28,287746
2017-05-25,61.1,63.25,60.97,62.4,895116
2017-05-26,62.38,63.75,62.0,63.25,216720
2017-05-29,63.25,64.07,62.33,63.03,288882
2017-05-30,63.5,63.5,61.9,62.65,173774
2017-05-31,62.65,66.65,62.5,65.55,1175340
2017-06-01,65.97,67.53,64.1,67.05,352352
2017-06-02,67.15,78.47,65.05,73.38,2686280
2017-06-05,74.0,77.63,73.6,74.3,1406342
2017-06-06,74.5,74.65,69.13,70.28,859776
2017-06-07,71.1,71.97,69.25,70.3,437122
2017-06-08,70.25,70.25,68.3,69.43,193650
2017-06-09,70.15,71.5,67.82,69.97,589246
2017-06-12,69.75,70.0,68.07,68.75,241398
2017-06-13,68.75,70.15,67.6,68.8,462444
2017-06-14,69.18,69.95,67.65,69.28,251416
2017-06-15,69.15,69.65,68.15,68.5,150312
2017-06-16,69.15,69.5,66.6,67.35,1003294
2017-06-19,67.35,67.65,65.28,65.95,239966
2017-06-20,65.95,66.38,64.22,64.63,209406
2017-06-21,64.85,66.15,64.0,65.35,190414
2017-06-22,65.63,67.43,64.68,66.68,653098
2017-06-23,67.15,67.25,63.53,64.95,438686
2017-06-27,65.15,65.38,62.78,63.85,155930
2017-06-28,64.35,66.25,63.78,64.35,150996
2017-06-29,64.65,65.25,63.15,63.63,505780
2017-06-30,63.65,66.82,62.3,65.47,783730
2017-07-03,65.2,66.95,64.63,65.57,200178
2017-07-04,65.63,65.63,63.5,64.05,180716
2017-07-05,64.28,64.5,62.78,63.53,4615140
2017-07-06,64.7,69.4,63.55,67.97,18037322
2017-07-07,68.93,69.95,66.9,68.65,5941462
2017-07-10,69.0,70.0,67.57,67.78,397464
2017-07-11,67.82,68.22,66.25,66.75,1150288
2017-07-12,67.05,69.85,67.05,68.95,2604210
2017-07-13,68.53,72.57,68.53,71.97,6545154
2017-07-14,73.07,74.4,70.78,73.0,4357368
2017-07-17,73.25,73.85,71.55,71.97,955616
2017-07-18,71.85,73.18,71.15,72.5,1932268
2017-07-19,72.78,75.63,72.55,75.07,1895728
2017-07-20,74.65,75.72,73.45,74.22,1203676
2017-07-21,74.65,76.18,72.7,74.88,1780228
2017-07-24,74.88,75.32,72.38,72.88,847128
2017-07-25,73.5,73.5,71.03,71.32,2616832
2017-07-26,72.13,74.95,71.65,74.07,1884126
2017-07-27,74.82,74.82,72.03,73.13,1128472
2017-07-28,72.15,74.75,69.25,74.22,1255990
2017-07-31,73.65,75.5,72.6,74.53,603818
2017-08-01,74.5,74.97,73.32,74.2,504586
2017-08-02,74.32,74.75,73.05,73.4,456282
2017-08-03,73.05,73.68,71.0,72.78,577596
2017-08-04,72.78,73.5,71.0,72.4,370984
2017-08-07,72.5,72.9,71.03,71.28,412894
2017-08-08,71.63,73.0,69.18,71.47,812174
2017-08-09,71.15,72.03,70.03,71.35,366376
2017-08-10,71.0,71.1,69.3,70.28,911388
2017-08-11,69.55,72.45,68.0,71.7,1036244
2017-08-14,72.15,74.95,71.65,74.53,945848
2017-08-16,73.68,75.0,72.15,73.6,646782
2017-08-17,75.2,75.2,73.6,74.5,1064874
2017-08-18,74.15,75.0,73.6,74.28,290200
2017-08-21,74.28,74.97,74.03,74.35,407014
2017-08-22,74.05,77.0,72.65,74.45,2260938
2017-08-23,74.97,74.97,72.95,73.4,899276
2017-08-24,72.82,74.5,72.82,73.95,552984
2017-08-28,74.1,74.38,72.88,73.6,361186
2017-08-29,73.4,73.97,71.3,73.05,439164
2017-08-30,73.28,74.5,73.25,74.0,604222
2017-08-31,74.15,74.75,73.72,74.1,991232
2017-09-01,74.5,76.85,73.93,75.13,1018880
2017-09-04,74.9,74.9,72.65,74.1,178850
2017-09-05,74.15,75.07,73.6,74.43,610114
2017-09-06,74.43,77.47,73.78,75.07,1512498
2017-09-07,75.65,82.45,75.65,79.85,2539170
2017-09-08,80.57,82.45,78.25,79.95,931290
2017-09-11,80.0,81.38,78.32,79.53,548188
2017-09-12,81.65,82.9,80.38,80.88,1467726
2017-09-13,81.63,81.97,78.65,80.2,945740
2017-09-14,80.15,82.47,79.57,80.93,867120
2017-09-15,80.5,84.07,78.93,81.55,2291946
2017-09-18,81.65,82.57,80.0,80.43,480940
2017-09-19,80.9,80.9,77.95,79.38,955752
2017-09-20,79.65,79.95,74.85,75.75,1150152
2017-09-21,75.1,77.45,74.78,75.85,725814
2017-09-22,76.15,77.4,75.03,75.72,745928
2017-09-25,76.65,76.65,71.15,74.15,790370
2017-09-26,73.75,76.25,71.35,75.75,830858
2017-09-27,76.03,76.75,73.5,74.55,2334548
2017-09-28,74.25,74.82,73.15,73.7,335098
2017-09-29,74.15,79.0,73.93,78.07,671374
2017-10-03,78.4,78.65,77.28,78.13,510124
2017-10-04,77.93,78.38,76.82,77.4,273870
2017-10-05,76.65,78.65,76.1,76.7,548700
2017-10-06,76.4,78.35,76.4,77.95,152898
2017-10-09,77.0,81.15,76.15,77.25,1504674
2017-10-10,76.65,78.0,76.53,77.13,154122
2017-10-11,77.15,78.65,76.4,78.47,801604
2017-10-12,79.63,79.63,77.53,78.13,430662
2017-10-13,78.5,79.18,77.65,78.22,438162
2017-10-16,78.65,78.88,77.65,78.5,1298846
2017-10-17,78.97,79.0,77.9,78.88,330484
2017-10-18,78.15,79.38,77.7,78.6,226336
2017-10-19,78.6,79.3,76.15,77.22,50094
2017-10-23,76.5,78.55,76.32,77.82,385952
2017-10-24,77.5,79.45,76.0,77.32,278958
2017-10-25,77.35,78.72,76.68,78.03,550192
2017-10-26,78.47,79.95,77.53,78.7,553534
2017-10-27,79.63,79.75,78.0,78.5,480498
2017-10-30,79.0,80.0,78.05,79.75,1090302
2017-10-31,80.47,82.4,78.07,78.85,2226640
2017-11-01,79.15,83.15,79.15,81.57,1913912
2017-11-02,81.65,86.25,80.9,84.88,1418580
2017-11-03,86.22,87.75,83.9,86.63,1316478
2017-11-06,86.5,90.47,86.47,89.2,696682
2017-11-07,89.85,91.47,88.25,90.2,1081274
2017-11-08,90.2,94.8,89.18,92.63,1382050
2017-11-09,93.28,93.5,90.2,92.07,314716
2017-11-10,92.0,104.95,91.2,102.53,2045296
2017-11-13,102.5,102.5,95.5,96.15,1666256
2017-11-14,97.0,98.7,91.93,92.8,863156
2017-11-15,91.75,97.72,90.5,94.97,1315102
2017-11-16,95.9,99.7,94.43,95.25,1000262
2017-11-17,95.95,96.47,92.68,94.63,267428
2017-11-20,95.0,95.38,92.6,93.9,304126
2017-11-21,94.28,95.0,92.35,93.4,497092
2017-11-22,93.8,95.93,92.53,94.78,451440
2017-11-23,96.0,96.0,93.75,94.2,451412
2017-11-24,95.5,95.5,91.32,92.6,249438
2017-11-27,93.43,95.0,90.28,91.53,384170
2017-11-28,92.4,95.9,91.45,94.82,496754
2017-11-29,96.7,98.95,95.0,95.93,774720
2017-11-30,96.97,97.07,94.53,95.03,668210
2017-12-01,96.45,98.13,94.0,94.82,366774
2017-12-04,95.03,96.07,92.15,93.88,193924
2017-12-05,93.5,95.5,92.0,92.38,432034
2017-12-06,92.35,93.88,91.5,92.13,288742
2017-12-07,92.32,92.85,91.35,91.88,178032
2017-12-08,92.7,92.85,90.5,91.13,287290
2017-12-11,92.5,95.65,91.03,91.72,490758
2017-12-12,92.38,93.47,91.0,92.38,916950
2017-12-13,92.88,93.45,90.57,91.13,271546
2017-12-14,92.45,92.68,90.93,92.43,1317684
2017-12-15,93.25,93.25,90.5,91.72,1222284
2017-12-18,92.0,92.75,89.93,91.85,198608
2017-12-19,92.4,93.0,91.25,91.55,570584
2017-12-20,92.2,92.9,91.18,91.4,399688
2017-12-21,91.5,92.22,90.85,91.25,506140
2017-12-22,91.25,91.9,90.57,91.03,169552
2017-12-26,91.65,91.65,90.05,90.6,147556
2017-12-27,91.45,91.45,90.0,90.43,136712
2017-12-28,90.5,92.0,90.0,90.53,496602
2017-12-29,91.0,91.38,87.0,87.3,253270
2018-01-01,88.0,91.0,87.85,89.72,179912
2018-01-02,89.95,93.65,87.85,92.75,1335482
2018-01-03,92.78,93.32,91.63,92.13,1922472
2018-01-04,92.93,92.97,91.3,91.5,1442740
2018-01-05,92.35,93.0,91.32,91.5,451450
2018-01-08,91.05,92.32,91.05,91.47,597032
2018-01-09,91.9,92.9,90.9,91.5,1149748
2018-01-10,91.07,93.0,90.25,90.75,1656782
2018-01-11,90.8,93.95,90.38,92.5,3316350
2018-01-12,93.0,97.0,92.6,95.97,1538194
2018-01-15,96.88,96.88,94.18,94.93,403140
2018-01-16,94.28,97.82,94.18,94.97,1169000
2018-01-17,94.07,95.38,92.72,94.43,696824
2018-01-18,95.82,96.45,93.78,94.8,1608474
2018-01-19,94.8,95.0,92.2,94.78,311174
2018-01-22,95.0,95.1,93.1,94.0,356958
2018-01-23,93.53,94.45,92.25,93.3,168136
2018-01-24,92.75,94.88,92.22,92.97,351086
2018-01-25,94.03,94.13,91.5,91.97,247222
2018-01-29,91.38,92.75,91.25,91.95,316462
2018-01-30,91.15,92.65,91.15,92.0,378732
2018-01-31,91.93,92.85,87.6,89.25,316738
2018-02-01,89.85,91.75,85.85,86.72,578220
2018-02-02,85.5,86.2,76.38,77.78,1160818
2018-02-05,77.5,77.75,73.13,74.72,1425062
2018-02-06,72.0,74.2,69.25,73.43,2377900
2018-02-07,74.28,74.5,69.32,69.95,927942
2018-02-08,70.9,72.95,70.47,71.95,412164
2018-02-09,71.5,72.05,69.05,70.95,299786
2018-02-12,70.88,77.75,70.88,76.1,880826
2018-02-14,76.5,77.5,75.53,76.35,797524
2018-02-15,77.1,77.55,75.18,75.53,880068
2018-02-16,75.13,76.25,73.18,73.72,287246
2018-02-19,75.22,79.93,70.4,74.8,1738466
2018-02-20,74.8,75.4,72.65,73.68,287214
2018-02-21,74.2,74.57,73.05,73.63,542480
2018-02-22,73.63,75.1,72.68,74.97,1063710
2018-02-23,76.07,76.07,73.6,74.03,138026
2018-02-26,74.7,74.9,73.25,73.82,507904
2018-02-27,74.0,74.32,72.4,72.53,254110
2018-02-28,71.5,73.13,69.5,72.03,1026124
2018-03-01,72.47,72.47,70.0,70.65,4979266
2018-03-05,70.5,71.4,69.32,69.85,1867526
2018-03-06,70.72,71.47,69.57,69.93,616760
2018-03-07,68.53,69.93,64.35,65.7,657116
2018-03-08,66.28,69.8,66.28,69.13,810254
2018-03-09,69.97,71.0,67.75,68.32,534468
2018-03-12,68.9,72.0,68.38,70.97,1046460
2018-03-13,71.0,71.5,70.68,71.45,403276
2018-03-14,72.0,72.75,71.07,72.25,397166
2018-03-15,72.25,74.95,71.18,72.2,347626
2018-03-16,72.47,72.47,66.72,68.78,767972
2018-03-19,68.5,69.72,66.0,66.68,413802
2018-03-20,66.4,68.78,66.05,68.45,269800
2018-03-21,69.47,69.78,66.43,68.05,348408
2018-03-22,68.13,69.7,66.63,68.15,270130
2018-03-23,67.5,69.25,66.75,68.6,338842
2018-03-26,69.0,70.85,67.5,70.13,379600
2018-03-27,71.0,72.78,69.8,72.32,223160
2018-03-28,72.15,73.97,71.28,73.4,311616
2018-04-02,73.75,76.35,73.28,75.8,223380
2018-04-03,74.9,77.4,73.05,76.55,236036
2018-04-04,77.45,79.4,75.8,76.88,424806
2018-04-05,78.0,78.0,76.72,77.1,140252
2018-04-06,77.0,78.5,75.55,77.63,156660
2018-04-09,78.5,79.22,76.45,78.03,199456
2018-04-10,78.0,78.22,76.18,76.9,193540
2018-04-11,76.78,78.15,75.53,77.32,118670
2018-04-12,76.75,78.93,76.72,78.28,85232
2018-04-13,78.28,78.75,76.28,77.43,69578
2018-04-16,77.0,77.0,74.82,75.28,105532
2018-04-17,75.28,75.95,73.35,73.9,98852
2018-04-18,73.93,74.6,72.07,73.1,198560
2018-04-19,73.1,75.13,72.25,74.88,139884
2018-04-20,74.75,74.75,73.0,73.3,106618
2018-04-23,73.5,77.0,73.25,75.97,139528
2018-04-24,75.72,77.15,73.72,74.1,128766
2018-04-25,73.5,74.1,70.5,70.9,404994
2018-04-26,71.0,71.82,69.63,71.45,126544
2018-04-27,70.8,73.2,70.18,70.35,107336
2018-04-30,70.35,71.15,69.0,69.2,110530
2018-05-02,70.95,71.6,68.05,68.75,238820
2018-05-03,68.8,69.38,67.05,68.03,213154
2018-05-04,68.63,68.63,65.7,66.25,279876
2018-05-07,66.05,67.9,65.65,67.32,570980
2018-05-08,67.32,68.47,66.5,67.15,158550
2018-05-09,67.03,67.5,65.8,66.15,129432
2018-05-10,66.75,68.5,64.55,65.7,412236
2018-05-11,65.97,66.63,65.45,65.78,133754
2018-05-14,67.0,69.95,65.88,68.57,445502
2018-05-15,68.25,68.6,66.55,67.25,65234
2018-05-16,67.0,67.0,65.13,65.7,1060938
2018-05-17,65.7,67.43,65.5,65.82,182386
2018-05-18,65.97,66.63,64.0,64.63,379908
2018-05-21,64.5,64.85,60.5,61.38,208884
2018-05-22,61.0,63.6,58.03,61.78,491736
2018-05-23,61.5,62.45,60.03,60.85,97310
2018-05-24,61.2,61.8,60.5,61.03,40470
2018-05-25,62.2,62.2,60.8,61.2,31992
2018-05-28,61.25,62.0,61.2,61.75,154382
2018-05-29,62.72,63.5,61.5,61.97,617034
2018-05-30,62.0,62.5,59.25,59.97,255768
2018-05-31,60.25,61.65,58.75,59.55,275522
2018-06-01,60.0,61.03,58.35,58.55,132790
2018-06-04,58.6,61.2,57.75,58.5,887494
2018-06-05,58.47,58.78,56.72,57.25,63410
2018-06-06,57.0,58.75,56.9,57.9,137564
2018-06-07,60.25,60.7,57.78,58.25,438834
2018-06-08,58.72,59.47,58.4,58.65,246134
2018-06-11,59.2,59.8,58.72,58.92,312678
2018-06-12,59.95,60.0,58.65,58.88,212374
2018-06-13,59.25,69.5,58.9,63.08,5550648
2018-06-14,62.75,63.9,61.53,62.08,654510
2018-06-15,62.53,66.5,61.22,61.97,4309632
2018-06-18,62.4,62.4,60.05,60.35,308968
2018-06-19,60.5,63.72,58.83,61.15,846148
2018-06-20,61.33,63.25,60.55,62.72,417760
2018-06-21,61.83,62.65,61.03,61.5,158546
2018-06-22,61.78,61.97,59.75,60.15,340346
2018-06-25,60.88,60.88,59.4,60.03,250386
2018-06-26,60.72,60.72,57.67,58.6,486940
2018-06-27,58.2,58.88,57.0,58.38,1205234
2018-06-28,58.38,59.47,55.53,56.33,124816
2018-06-29,57.9,57.9,51.15,54.72,1495200
2018-07-02,55.5,56.95,54.72,55.47,231626
2018-07-03,55.47,56.95,55.47,56.3,117938
2018-07-04,56.47,58.8,56.33,58.13,835696
2018-07-05,58.13,60.95,57.92,59.8,235804
2018-07-06,59.13,60.08,59.1,59.25,187754
2018-07-09,59.25,60.5,58.28,59.0,118116
2018-07-10,59.47,59.83,58.3,58.67,55040
2018-07-11,58.6,58.72,56.83,57.28,313962
2018-07-12,57.53,57.75,56.7,57.0,253120
2018-07-13,56.8,58.03,56.72,56.95,121716
2018-07-16,56.95,57.08,55.83,56.33,511904
2018-07-17,56.08,56.55,55.3,55.58,2519812
2018-07-18,55.75,56.42,54.3,54.9,268056
2018-07-19,55.5,55.55,53.67,54.63,238144
2018-07-20,54.22,58.05,53.53,56.47,195748
2018-07-23,56.03,56.55,54.15,54.67,305896
2018-07-24,54.75,58.5,54.5,57.53,463370
2018-07-25,56.75,58.78,56.0,56.35,132918
2018-07-26,56.95,58.0,55.38,57.22,184536
2018-07-27,57.65,61.0,57.42,60.78,619238
2018-07-30,60.5,62.78,60.5,62.22,216006
2018-07-31,62.5,64.32,53.3,54.0,8256084
2018-08-01,54.5,55.72,53.83,54.58,1435722
2018-08-02,54.85,54.85,52.25,52.65,676680
2018-08-03,52.4,53.4,51.35,52.1,581828
2018-08-06,52.6,54.0,52.25,53.28,476642
2018-08-07,53.65,53.65,52.0,52.33,348758
2018-08-08,52.33,53.45,51.17,52.08,338518
2018-08-09,52.25,52.47,51.3,51.67,223748
2018-08-10,52.0,52.25,50.78,50.9,327642
2018-08-13,50.63,51.3,47.53,47.9,1130912
2018-08-14,48.5,48.5,44.6,44.97,1476026
2018-08-16,46.38,47.05,45.25,46.58,1121142
2018-08-17,46.72,50.1,46.72,47.8,4630722
2018-08-20,48.03,48.03,45.88,46.4,2110934
2018-08-21,46.45,46.53,44.33,44.97,1696574
2018-08-23,45.33,45.55,44.75,45.28,443210
2018-08-24,46.22,46.85,45.35,45.78,671896
2018-08-27,46.22,46.65,45.45,46.13,373050
2018-08-28,47.25,52.15,46.28,50.45,4104258
2018-08-29,50.65,53.4,50.53,51.7,1575672
2018-08-30,52.05,52.9,50.65,52.03,751256
2018-08-31,52.17,53.9,51.6,52.53,1140652
2018-09-03,53.15,53.95,51.15,52.58,509300
2018-09-04,52.33,52.42,51.0,51.63,431192
2018-09-05,51.47,51.47,49.72,50.5,1120916
2018-09-06,51.47,53.33,50.1,52.75,539122
2018-09-07,53.22,55.0,52.97,54.63,903128
2018-09-10,55.0,55.9,51.53,52.13,935460
2018-09-11,52.85,57.75,52.85,55.5,6132946
2018-09-12,56.47,57.05,54.5,55.08,3289026
2018-09-14,55.92,56.9,55.05,55.9,1791244
2018-09-17,56.5,57.0,53.0,53.35,6842162
2018-09-18,53.25,53.85,50.75,52.2,1785216
2018-09-19,52.45,53.05,51.5,51.72,1063824
2018-09-21,52.55,52.88,47.75,48.35,3215062
2018-09-24,49.75,50.65,48.97,50.13,1559404
2018-09-25,50.45,50.7,49.6,50.0,2575084
2018-09-26,50.25,50.5,49.55,49.95,2392536
2018-09-27,48.5,49.15,47.25,48.35,2244944
2018-09-28,49.0,49.0,45.53,46.95,1276922
2018-10-01,45.75,46.72,43.5,45.97,741542
2018-10-03,45.25,46.75,45.25,45.78,358998
2018-10-04,44.75,46.95,44.75,45.75,680958
2018-10-05,45.95,46.35,44.55,44.92,429006
2018-10-08,44.55,45.9,43.5,44.5,634898
2018-10-09,44.08,44.67,43.42,44.05,284170
2018-10-10,44.17,44.92,44.17,44.53,182578
2018-10-11,43.55,44.6,41.25,44.13,263266
2018-10-12,44.05,45.2,44.0,44.15,229086
2018-10-15,44.65,45.05,44.0,44.28,315950
2018-10-16,44.08,44.97,43.5,43.7,335052
2018-10-17,44.2,44.9,42.92,43.22,384860
2018-10-19,42.5,43.47,42.5,43.08,791800
2018-10-22,43.3,43.5,41.5,41.8,313498
2018-10-23,41.25,42.2,41.1,41.38,3777214
2018-10-24,41.45,42.0,39.67,40.15,2165216
2018-10-25,39.17,41.97,39.17,41.05,265368
2018-10-26,41.95,41.95,40.5,41.5,320848
2018-10-29,41.5,44.6,40.33,40.95,531764
2018-10-30,41.28,42.95,40.95,41.53,1351540
2018-10-31,42.0,42.45,41.22,41.45,744342
2018-11-01,41.53,42.25,41.5,42.05,3395716
2018-11-02,42.4,44.2,42.13,43.05,554000
2018-11-05,43.5,43.5,42.67,43.22,161644
2018-11-06,44.13,44.2,43.47,43.75,434254
2018-11-07,44.0,44.45,43.88,44.22,38604
2018-11-09,44.5,46.53,44.13,46.22,1176898
2018-11-12,46.42,46.42,44.4,45.03,232974
2018-11-13,44.63,47.0,44.33,46.55,639980
2018-11-14,47.35,48.38,45.78,46.17,1165684
2018-11-15,46.8,46.88,45.7,46.22,1436322
2018-11-16,46.95,47.35,46.28,46.47,2361972
2018-11-19,46.1,46.8,45.83,46.17,1449576
2018-11-20,46.15,46.5,45.47,45.67,351080
2018-11-21,45.58,45.6,43.58,43.97,650404
2018-11-22,44.25,45.5,44.1,44.7,318070
2018-11-26,45.0,45.7,43.25,45.25,155320
2018-11-27,45.22,45.75,43.8,45.08,88678
2018-11-28,45.5,45.6,43.03,43.78,383902
2018-11-29,44.45,44.95,43.28,43.97,189980
2018-11-30,44.47,46.0,44.03,45.6,370312
2018-12-03,45.6,45.6,43.0,43.83,1015088
2018-12-04,44.0,45.25,43.28,43.55,631722
2018-12-05,43.03,43.4,42.1,42.2,294172
2018-12-06,42.0,43.0,41.35,42.13,512820
2018-12-07,42.15,43.05,42.15,42.83,207426
2018-12-10,42.25,43.75,42.25,43.63,661018
2018-12-11,43.4,44.67,42.6,43.55,1494370
2018-12-12,43.88,43.88,42.92,43.13,3044108
2018-12-13,43.47,43.55,43.13,43.38,105362
2018-12-14,43.25,43.5,43.05,43.13,76318
2018-12-17,43.28,44.15,42.9,43.33,149592
2018-12-18,43.33,43.72,43.08,43.13,112652
2018-12-19,43.0,43.95,43.0,43.35,430716
2018-12-20,43.5,44.38,43.05,43.78,716052
2018-12-21,43.9,44.1,42.72,43.75,1063642
2018-12-24,44.0,44.25,43.2,43.35,176660
2018-12-26,43.25,43.9,43.1,43.4,173096
2018-12-27,43.92,44.0,43.45,43.67,157462
2018-12-28,43.5,44.1,43.47,44.0,190008
2019-01-01,44.05,44.47,43.88,44.28,47228
2019-01-02,44.5,44.5,43.5,43.6,81728
2019-01-03,43.0,44.17,43.0,44.08,3026348
2019-01-04,44.0,44.15,43.28,43.47,143452
2019-01-07,43.3,43.97,42.08,43.05,215860
2019-01-08,43.25,43.3,42.95,43.17,898450
2019-01-09,43.3,43.72,42.55,42.88,180624
2019-01-10,42.85,43.28,41.13,41.53,283268
2019-01-11,41.22,42.97,41.22,41.75,177316
2019-01-14,42.0,42.08,41.5,41.7,139542
2019-01-15,41.72,42.15,41.65,41.9,104422
2019-01-16,42.0,42.0,40.15,40.45,339978
2019-01-17,40.97,41.38,40.05,40.38,454478
2019-01-18,40.75,40.88,39.75,40.0,418788
2019-01-21,41.22,41.22,39.5,40.03,223806
2019-01-22,40.0,40.13,37.97,39.42,838876
2019-01-23,39.53,39.67,38.53,38.9,135554
2019-01-24,39.15,39.17,36.72,36.88,2414496
2019-01-25,37.15,37.3,34.2,34.63,668596
2019-01-28,34.78,37.65,34.75,36.65,4421396
2019-01-29,36.53,36.83,35.72,36.63,305724
2019-01-30,36.25,36.8,36.0,36.75,1501010
2019-01-31,36.85,38.0,36.1,36.7,2921780
2019-02-01,37.95,37.95,35.83,36.3,557146
2019-02-04,35.42,35.92,34.33,34.58,310038
2019-02-05,34.7,34.7,33.7,34.08,267882
2019-02-06,33.83,34.75,33.45,33.78,479682
2019-02-07,33.88,34.63,32.5,32.83,322028
2019-02-08,32.83,34.05,32.0,33.88,914970
2019-02-11,34.7,34.83,32.85,33.05,279578
2019-02-12,33.08,38.5,32.13,36.13,9733424
2019-02-13,36.0,37.0,35.08,36.2,1038800
2019-02-14,36.15,37.58,35.88,37.25,3262926
2019-02-15,37.25,41.7,37.08,40.8,5212444
2019-02-18,40.55,43.42,39.08,41.2,2511054
2019-02-19,41.17,42.2,40.75,41.03,381124
2019-02-20,41.58,42.0,41.2,41.63,359540
2019-02-21,41.5,41.65,40.97,41.2,203690
2019-02-22,41.1,42.3,41.0,41.2,327150
2019-02-25,41.38,42.0,40.78,41.5,325776
2019-02-26,40.83,41.95,40.42,41.65,219698
2019-02-27,41.65,41.92,41.2,41.6,111998
2019-02-28,41.6,45.9,41.6,42.33,2109962
2019-03-01,42.53,45.0,42.53,44.72,905586
2019-03-05,44.72,46.8,44.55,45.42,2211536
2019-03-06,45.53,45.88,44.45,45.08,893036
2019-03-07,44.75,46.92,44.75,46.5,536742
2019-03-08,46.5,47.67,45.5,47.22,862898
2019-03-11,46.9,47.88,46.45,47.58,437750
2019-03-12,47.58,50.25,47.58,49.78,977984
2019-03-13,49.75,50.5,47.6,47.85,419958
2019-03-14,48.1,51.22,48.0,49.9,2201330
2019-03-15,50.2,50.75,49.28,50.2,1621166
2019-03-18,52.08,52.53,48.58,48.85,1196790
2019-03-19,50.25,50.25,48.5,48.75,599116
2019-03-20,48.53,49.88,47.78,48.6,563878
2019-03-22,49.5,50.0,48.3,48.5,443868
2019-03-25,47.47,49.15,47.4,48.55,505298
2019-03-26,49.0,49.0,48.05,48.38,364274
2019-03-27,49.0,49.05,47.75,48.58,267566
2019-03-28,48.97,48.97,47.42,47.97,289716
2019-03-29,47.97,51.75,47.63,51.28,1240964
2019-04-01,51.2,51.65,50.55,50.97,1222588
2019-04-02,50.5,52.0,49.55,49.95,879742
2019-04-03,50.0,50.53,48.25,48.75,367532
2019-04-04,48.65,50.88,48.05,49.28,638120
2019-04-05,49.53,49.67,47.95,48.88,254984
2019-04-08,49.25,50.5,48.78,49.2,417546
2019-04-09,49.53,50.38,48.9,49.38,486248
2019-04-10,49.15,49.15,47.75,48.2,1541268
2019-04-11,48.5,48.78,48.28,48.45,72136
2019-04-12,48.25,48.8,48.1,48.4,209952
2019-04-15,48.25,48.7,48.08,48.25,60296
2019-04-16,48.22,50.25,48.08,49.45,387922
2019-04-18,49.83,49.83,47.97,48.92,141944
2019-04-22,48.92,49.42,47.47,48.3,185702
2019-04-23,47.7,49.28,47.7,48.58,105958
2019-04-24,48.85,49.28,48.25,49.05,186528
2019-04-25,49.13,49.17,48.17,48.4,67698
2019-04-26,48.47,48.67,48.0,48.1,50896
2019-04-30,48.08,52.5,47.25,50.88,384728
2019-05-02,50.88,51.5,48.5,48.78,1898824
2019-05-03,48.5,49.47,47.35,47.75,153324
2019-05-06,47.5,48.13,47.38,47.78,110382
2019-05-07,47.53,48.28,46.6,46.72,148586
2019-05-08,47.0,47.0,43.25,43.65,623330
2019-05-09,44.0,46.5,43.5,46.2,209000
2019-05-10,46.5,46.78,44.7,45.22,101836
2019-05-13,44.75,46.5,44.75,45.9,162174
2019-05-14,45.88,47.58,45.0,46.4,217866
2019-05-15,46.42,46.42,44.17,44.6,396554
2019-05-16,45.47,45.53,44.95,45.05,54040
2019-05-17,45.03,46.08,45.0,45.88,49058
2019-05-20,47.5,47.5,45.85,46.17,116044
2019-05-21,46.45,47.0,45.03,46.63,71814
2019-05-22,47.0,47.0,46.0,46.42,67518
2019-05-23,48.2,50.5,47.08,47.95,1358256
2019-05-24,48.95,48.95,48.1,48.78,1154846
2019-05-27,49.45,50.85,49.0,49.33,2662686
2019-05-28,49.95,50.33,46.88,47.5,464896
2019-05-29,47.5,48.45,47.3,47.65,142238
2019-05-30,47.95,50.0,47.83,48.75,2172352
2019-05-31,48.5,50.5,48.5,50.08,993992
2019-06-03,50.5,52.42,49.75,51.3,635816
2019-06-04,51.0,52.58,50.63,51.8,634572
2019-06-06,51.45,51.97,50.63,50.95,285780
2019-06-07,51.2,51.38,49.5,50.38,241346
2019-06-10,50.4,52.2,50.4,50.8,373972
2019-06-11,51.05,51.7,49.92,50.88,494418
2019-06-12,50.9,51.13,50.28,50.5,391232
2019-06-13,50.75,51.6,50.33,51.42,364620
2019-06-14,51.65,53.0,50.9,52.45,790240
2019-06-17,52.7,54.0,52.5,52.97,706964
2019-06-18,52.5,55.0,52.3,54.63,1058520
2019-06-19,55.45,56.47,53.33,55.65,1012438
2019-06-20,54.55,55.9,53.35,55.58,275274
2019-06-21,55.0,56.5,53.5,55.75,880726
2019-06-24,56.13,57.75,55.0,55.7,504086
2019-06-25,55.5,56.45,54.47,55.6,249178
2019-06-26,55.25,55.85,54.15,54.83,1167634
2019-06-27,54.58,55.5,54.33,55.1,299980
2019-06-28,54.85,55.13,54.1,54.47,344666
2019-07-01,54.95,55.35,54.4,55.15,440422
2019-07-02,55.45,55.45,53.05,53.6,1070756
2019-07-03,53.35,55.13,53.35,54.8,323654
2019-07-04,54.65,54.83,53.1,53.47,91314
2019-07-05,53.55,53.85,51.15,51.4,118440
2019-07-08,50.5,52.97,50.0,50.63,929942
2019-07-09,50.05,51.97,49.6,50.42,647710
2019-07-10,50.75,50.75,46.15,47.38,689192
2019-07-11,47.5,51.05,47.5,50.4,569998
2019-07-12,49.9,51.2,49.65,50.67,827416
2019-07-15,50.75,50.78,48.95,50.0,359468
2019-07-16,49.75,50.25,49.13,50.03,1096818
2019-07-17,51.25,51.33,49.65,50.1,966280
2019-07-18,50.5,51.0,49.92,50.05,165844
2019-07-19,50.1,51.0,50.05,50.9,204046
2019-07-22,49.0,51.2,48.85,50.3,184214
2019-07-23,50.88,54.0,49.63,52.88,296602
2019-07-24,52.6,56.65,51.6,55.6,858938
2019-07-25,55.55,55.55,53.2,53.85,210924
2019-07-26,53.95,54.6,53.85,54.03,196340
2019-07-29,54.55,54.6,51.22,51.67,285832
2019-07-30,51.35,53.95,51.35,52.38,184060
2019-07-31,51.9,54.5,51.75,53.85,223680
2019-08-01,54.0,55.0,52.5,53.05,259248
2019-08-02,52.3,54.0,51.3,52.5,146392
2019-08-05,52.35,52.35,47.53,48.17,194810
2019-08-06,47.03,49.8,47.03,48.97,181092
2019-08-07,48.4,50.17,47.0,47.67,178580
2019-08-08,47.65,49.25,46.75,48.78,154222
2019-08-09,48.0,49.47,44.25,46.2,789122
2019-08-13,46.22,48.33,44.65,47.65,479388
2019-08-14,46.65,49.75,45.65,49.53,315456
2019-08-16,49.53,52.2,48.13,51.38,539824
2019-08-19,51.1,53.1,51.1,52.47,238314
2019-08-20,52.45,53.0,51.75,52.58,577240
2019-08-21,52.58,52.95,50.95,51.75,243680
2019-08-22,50.17,52.9,50.17,52.53,291392
2019-08-23,51.5,52.4,50.5,51.78,228990
2019-08-26,52.08,57.5,52.08,56.67,6833340
2019-08-27,56.67,57.6,50.58,51.42,480682
2019-08-28,51.25,56.25,51.25,55.2,9423262
2019-08-29,53.0,55.22,51.9,54.95,3451674
2019-08-30,54.95,57.5,53.0,54.25,1164932
2019-09-03,53.0,54.13,52.42,53.45,129776
2019-09-04,52.38,56.92,52.38,54.33,388844
2019-09-05,54.45,55.75,54.05,54.78,248278
2019-09-06,54.3,55.4,54.08,54.95,151732
2019-09-09,54.3,55.7,54.25,55.0,160798
2019-09-11,55.0,55.7,54.6,54.92,207186
2019-09-12,54.63,55.0,54.55,54.97,132956
2019-09-13,54.65,56.03,54.5,54.97,326668
2019-09-16,52.92,55.97,52.92,54.92,375908
2019-09-17,54.95,55.15,50.38,51.6,221092
2019-09-18,52.65,52.65,50.55,52.3,102820
2019-09-19,52.03,53.28,50.4,52.22,1298412
2019-09-20,51.55,58.0,50.28,57.65,1642128
2019-09-23,57.75,64.0,55.15,55.97,763760
2019-09-24,57.85,57.85,55.78,56.5,299934
2019-09-25,57.33,57.33,54.3,54.97,177906
2019-09-26,56.5,56.5,53.03,54.1,224446
2019-09-27,55.0,55.95,54.53,54.92,357430
2019-09-30,55.7,59.5,53.92,58.72,830834
2019-10-01,59.42,59.58,54.0,56.9,758108
2019-10-03,57.67,58.0,54.0,54.22,599738
2019-10-04,54.9,55.4,53.6,54.85,277574
2019-10-07,55.72,55.72,53.63,54.5,194448
2019-10-09,54.75,56.47,54.15,55.15,333176
2019-10-10,55.15,55.25,53.63,54.2,96346
2019-10-11,54.05,55.08,53.28,53.6,222706
2019-10-14,53.97,54.95,52.67,53.35,191854
2019-10-15,53.97,54.88,53.28,54.47,153062
2019-10-16,54.25,54.58,53.3,53.92,163626
2019-10-17,54.38,54.47,53.4,53.9,584674
2019-10-18,54.42,56.83,54.1,55.1,615660
2019-10-22,55.0,61.33,49.28,60.4,990250
2019-10-23,60.25,62.47,58.47,59.97,522230
2019-10-24,59.33,61.45,56.0,56.85,334344
2019-10-25,57.25,60.9,56.38,57.8,479198
2019-10-27,58.2,58.2,56.5,57.22,67028
2019-10-29,57.42,60.1,55.85,58.38,252046
2019-10-30,58.95,60.0,57.78,58.2,162512
2019-10-31,59.72,59.72,58.55,59.42,139378
2019-11-01,59.6,59.6,58.15,58.42,148124
2019-11-04,58.83,60.08,57.63,58.6,334894
2019-11-05,58.95,60.5,57.03,57.83,703782
2019-11-06,61.1,61.5,55.6,57.08,882920
2019-11-07,57.42,57.53,56.38,56.78,103628
2019-11-08,57.7,57.7,55.25,57.13,266080
2019-11-11,56.9,58.72,56.6,58.05,141982
2019-11-13,56.75,58.45,55.22,57.08,352320
2019-11-14,57.6,58.42,56.53,57.42,240146
2019-11-15,58.0,58.0,55.7,57.5,346056
2019-11-18,57.55,58.45,56.03,56.4,163324
2019-11-19,56.95,57.75,56.35,56.9,904644
2019-11-20,57.5,57.5,56.08,57.0,770430
2019-11-21,58.0,58.0,55.83,56.1,304232
2019-11-22,56.7,56.97,55.78,56.53,100976
2019-11-25,56.15,67.2,56.15,65.28,3974012
2019-11-26,65.0,65.0,56.05,57.25,2166224
2019-11-27,57.17,58.6,55.85,56.67,880856
2019-11-28,56.05,57.35,56.05,56.45,312428
2019-11-29,56.67,58.22,56.15,57.17,571382
2019-12-02,58.08,58.65,56.5,57.22,380944
2019-12-03,56.28,56.88,54.25,54.88,348170
2019-12-04,55.35,55.85,53.75,55.38,340890
2019-12-05,56.15,56.22,54.7,55.53,273236
2019-12-06,56.0,56.0,54.6,54.9,154342
2019-12-09,55.08,55.2,53.53,54.42,127098
2019-12-10,54.25,55.33,54.13,54.63,124528
2019-12-11,54.92,54.97,54.0,54.3,129496
2019-12-12,54.65,57.9,54.3,57.3,848022
2019-12-13,58.8,59.25,57.55,58.08,1991846
2019-12-16,58.0,58.25,55.1,55.95,325960
2019-12-17,56.67,59.0,56.03,58.47,568240
2019-12-18,57.53,59.5,57.53,58.65,237712
2019-12-19,58.5,58.5,56.7,57.2,191740
2019-12-20,58.33,58.38,56.03,57.92,507290
2019-12-23,57.92,58.97,57.35,57.63,113470
2019-12-24,58.5,58.5,56.88,57.25,274162
2019-12-26,57.5,59.85,57.0,58.28,358238
2019-12-27,58.75,59.53,57.65,58.5,269728
2019-12-30,58.0,59.2,57.28,58.72,207918
