date,open,high,low,close,volume
2009-03-09,5.39,5.4,5.39,5.39,1325
2009-03-12,5.93,5.93,4.89,4.89,4595
2009-03-13,4.51,5.1,4.51,4.7,191405
2009-03-16,4.4,5.05,4.23,4.99,212395
2009-03-17,5.25,5.26,5.0,5.0,12295
2009-03-18,5.33,5.5,4.5,4.5,323425
2009-03-19,4.6,4.94,4.1,4.45,552170
2009-03-20,4.86,4.9,4.8,4.9,51715
2009-03-23,5.29,5.39,5.02,5.39,62185
2009-03-24,5.39,5.92,5.28,5.28,45045
2009-03-25,4.8,5.38,4.8,4.97,63970
2009-03-26,4.7,5.4,4.7,5.29,8725
2009-03-27,5.0,5.4,4.81,5.33,10065
2009-03-30,5.03,5.4,5.03,5.34,7130
2009-03-31,5.74,5.74,5.0,5.4,4985
2009-04-01,5.7,5.7,5.41,5.46,11545
2009-04-02,5.5,6.0,5.5,5.72,23110
2009-04-06,6.26,6.26,5.8,5.8,700
2009-04-08,6.0,6.38,5.8,6.38,10440
2009-04-09,6.06,7.0,6.06,6.95,32355
2009-04-13,6.9,7.3,6.86,7.13,16930
2009-04-15,7.2,7.49,7.2,7.49,6500
2009-04-16,7.41,7.86,7.12,7.12,25055
2009-04-17,7.48,7.48,7.0,7.48,14590
2009-04-20,7.69,7.69,7.2,7.22,4685
2009-04-21,7.4,7.48,7.4,7.48,1250
2009-04-22,7.82,7.82,7.12,7.2,1915
2009-04-23,7.2,7.39,7.0,7.37,7000
2009-04-24,7.02,7.4,7.02,7.21,13050
2009-04-27,7.05,7.57,7.05,7.24,900
2009-04-28,7.18,7.4,6.88,6.89,11760
2009-04-29,7.0,7.24,6.89,7.24,723105
2009-05-04,7.6,7.6,7.42,7.6,3955
2009-05-05,7.62,7.86,7.62,7.86,1685
2009-05-06,7.47,7.8,7.47,7.61,8445
2009-05-07,7.4,7.99,7.4,7.99,14015
2009-05-08,8.3,8.39,8.21,8.39,7750
2009-05-11,8.2,8.2,8.0,8.0,1050
2009-05-12,7.6,7.95,7.6,7.95,6705
2009-05-13,8.21,8.22,7.82,8.16,2000
2009-05-14,8.0,8.0,7.84,7.9,4620
2009-05-15,8.3,8.3,7.92,8.06,11290
2009-05-19,8.4,8.47,8.4,8.46,26130
2009-05-20,8.42,8.89,8.42,8.89,7910
2009-05-21,9.34,9.34,9.34,9.34,1875
2009-05-22,9.81,9.81,9.81,9.81,220
2009-05-25,10.3,10.3,10.3,10.3,500
2009-05-26,10.82,10.82,10.82,10.82,10985
2009-05-27,11.37,11.37,11.37,11.37,1855
2009-05-28,11.94,11.94,11.79,11.94,56920
2009-05-29,12.54,12.54,12.38,12.54,76405
2009-06-01,13.17,13.17,13.17,13.17,52580
2009-06-02,13.83,13.83,13.83,13.83,2935
2009-06-03,14.53,14.53,14.53,14.53,50760
2009-06-04,15.26,15.26,15.26,15.26,3800
2009-06-05,16.03,16.03,15.9,16.03,170835
2009-06-08,16.84,16.84,15.23,15.42,180160
2009-06-09,15.42,16.2,15.38,15.92,65215
2009-06-10,16.4,16.72,16.3,16.54,61450
2009-06-11,16.54,17.37,15.96,16.24,60520
2009-06-12,17.04,17.04,15.43,15.43,18630
2009-06-15,14.66,15.2,14.66,15.0,51120
2009-06-16,14.27,15.75,14.27,15.75,50155
2009-06-17,16.5,16.54,14.97,14.99,20405
2009-06-18,14.41,15.2,14.24,14.24,7760
2009-06-19,14.24,14.38,13.8,14.26,7075
2009-06-22,14.96,14.98,14.27,14.98,6415
2009-06-23,15.0,15.2,15.0,15.0,29025
2009-06-24,15.22,15.75,15.2,15.75,3345
2009-06-25,16.44,16.54,16.02,16.54,51925
2009-06-26,16.2,17.0,16.2,16.2,1515
2009-06-29,16.0,16.8,16.0,16.43,18410
2009-06-30,15.61,16.38,15.61,16.21,26630
2009-07-01,15.6,16.4,15.6,16.2,102375
2009-07-02,16.0,16.19,15.8,16.19,1805
2009-07-03,16.0,16.0,15.57,15.62,4390
2009-07-06,15.01,15.02,15.0,15.0,15
2009-07-07,15.0,15.8,15.0,15.6,79500
2009-07-08,15.4,15.99,14.05,14.34,3855
2009-07-09,14.4,14.97,12.93,14.8,2900
2009-07-10,14.8,14.8,14.2,14.31,3960
2009-07-13,14.6,15.36,13.01,14.6,2785
2009-07-14,14.6,14.77,13.21,13.5,1310
2009-07-15,13.74,13.74,12.15,12.2,83370
2009-07-16,13.2,13.39,12.0,12.29,42415
2009-07-17,12.32,12.99,12.22,12.75,7425
2009-07-20,12.8,12.8,11.8,11.89,21000
2009-07-21,12.3,13.08,11.8,13.08,139570
2009-07-22,14.0,14.39,14.0,14.39,27590
2009-07-23,15.83,15.83,14.4,14.84,20510
2009-07-24,15.0,16.33,15.0,16.33,17340
2009-07-27,17.14,17.15,15.61,17.15,287800
2009-07-28,17.99,17.99,16.36,16.72,11340
2009-07-29,16.1,16.69,16.1,16.42,6635
2009-07-30,15.65,16.02,15.6,15.67,17865
2009-07-31,15.6,16.39,15.45,15.8,5405
2009-08-03,16.0,16.0,15.47,15.84,9830
2009-08-04,16.0,16.64,16.0,16.61,14435
2009-08-05,16.51,16.51,16.22,16.22,1320
2009-08-06,16.0,16.0,15.6,15.6,2400
2009-08-07,15.5,15.97,15.3,15.5,3270
2009-08-10,15.0,15.6,14.73,14.73,10875
2009-08-11,14.03,15.09,14.02,14.58,880
2009-08-12,14.3,14.3,14.29,14.29,500
2009-08-13,14.8,15.01,14.62,15.01,8175
2009-08-14,15.7,15.7,14.6,14.79,7815
2009-08-17,15.0,15.4,14.68,15.39,13010
2009-08-18,15.04,15.6,15.02,15.02,1125
2009-08-19,15.0,15.78,14.82,14.97,9340
2009-08-20,15.58,15.58,14.84,14.95,3000
2009-08-21,14.68,15.56,14.22,14.93,900
2009-08-24,14.85,15.59,14.85,15.32,4000
2009-08-25,14.94,15.38,14.71,14.84,7875
2009-08-26,15.57,15.59,15.21,15.59,10000
2009-08-27,15.8,16.37,15.2,16.24,17710
2009-08-28,16.04,16.52,15.71,16.35,17400
2009-08-31,16.24,16.8,15.9,16.4,8270
2009-09-01,16.8,16.94,16.11,16.21,7055
2009-09-02,16.5,16.5,15.66,16.0,6500
2009-09-03,16.0,16.18,16.0,16.0,255
2009-09-04,15.26,16.15,15.2,15.84,12145
2009-09-07,16.2,16.8,15.6,16.6,47495
2009-09-08,17.15,18.26,17.15,18.24,130185
2009-09-09,18.7,18.8,17.6,18.8,19125
2009-09-10,18.58,18.6,17.9,17.96,39805
2009-09-11,18.98,18.98,17.62,17.92,7560
2009-09-14,16.9,18.0,16.9,18.0,1050
2009-09-15,17.24,18.0,17.24,18.0,235
2009-09-16,18.0,18.0,18.0,18.0,1000
2009-09-17,18.0,18.2,17.2,17.6,11490
2009-09-18,15.84,18.7,15.84,18.53,7355
2009-09-22,17.8,18.02,17.8,18.0,1035
2009-09-23,17.21,18.0,17.21,18.0,755
2009-09-24,19.8,19.8,16.91,17.32,16305
2009-09-25,17.21,18.4,17.21,18.34,3105
2009-09-29,17.3,18.6,17.3,17.69,1500
2009-09-30,18.0,18.8,17.61,18.75,3525
2009-10-01,17.6,18.6,17.4,17.58,24870
2009-10-05,16.66,17.5,16.66,17.0,2255
2009-10-06,16.24,16.8,15.7,16.04,7595
2009-10-07,17.0,17.65,16.0,16.55,15065
2009-10-08,16.02,16.42,16.02,16.35,56190
2009-10-09,16.01,16.4,15.42,16.17,34200
2009-10-12,16.56,16.56,15.0,15.37,15360
2009-10-14,15.2,16.91,15.08,15.22,138475
2009-10-15,15.78,15.78,14.62,14.79,92670
2009-10-16,13.31,16.27,13.31,16.27,101145
2009-10-17,16.8,17.9,16.8,17.88,46600
2009-10-20,18.2,19.0,17.7,18.17,82820
2009-10-21,17.6,19.99,17.6,19.46,155270
2009-10-22,19.2,19.2,18.49,18.49,30050
2009-10-23,18.26,18.58,17.85,18.02,10880
2009-10-26,17.8,18.19,17.14,17.85,3395
2009-10-27,17.6,18.13,17.0,17.61,2985
2009-10-28,17.0,18.2,16.73,17.2,6340
2009-10-29,16.43,16.8,16.4,16.8,2840
2009-10-30,16.8,17.6,16.0,16.23,7855
2009-11-03,15.8,17.05,15.8,17.05,202890
2009-11-04,17.8,17.91,17.8,17.91,59095
2009-11-05,18.02,18.81,18.02,18.81,39280
2009-11-06,19.72,19.75,19.72,19.75,16945
2009-11-09,21.6,21.6,19.8,20.33,19550
2009-11-10,20.8,21.3,20.22,20.52,86105
2009-11-11,21.4,21.55,19.8,20.77,46635
2009-11-12,20.38,20.38,20.0,20.1,2435
2009-11-13,19.6,20.67,19.34,20.48,5595
2009-11-16,20.48,20.76,19.47,19.68,3915
2009-11-17,19.98,19.98,18.9,19.7,3010
2009-11-18,20.39,20.6,18.94,19.44,4010
2009-11-19,19.21,20.2,19.14,19.93,11310
2009-11-20,19.0,19.0,19.0,19.0,1000
2009-11-23,19.0,19.0,18.21,18.24,1055
2009-11-24,18.02,19.16,17.4,19.16,4765
2009-11-25,20.12,20.12,20.12,20.12,24305
2009-11-26,21.13,21.13,21.0,21.13,11570
2009-11-27,21.6,21.6,20.1,20.78,11520
2009-11-30,20.8,21.6,19.75,20.02,10410
2009-12-01,21.0,21.0,20.4,20.8,2675
2009-12-02,20.6,20.6,19.8,19.85,3825
2009-12-03,20.6,20.62,20.4,20.55,2100
2009-12-04,19.85,20.0,19.56,19.59,12500
2009-12-07,20.4,20.5,19.6,19.6,305
2009-12-08,18.8,20.57,18.8,20.2,235
2009-12-09,19.62,20.39,19.62,20.39,60
2009-12-10,19.4,20.96,19.4,20.2,935
2009-12-11,21.19,21.19,19.21,20.6,390
2009-12-14,21.6,21.6,19.9,20.0,13800
2009-12-15,20.0,20.0,20.0,20.0,1995
2009-12-16,21.0,21.0,19.58,19.59,1255
2009-12-17,20.2,20.2,19.4,19.4,355
2009-12-18,19.38,19.4,19.38,19.4,2000
2009-12-21,18.44,20.0,18.44,20.0,1025
2009-12-24,19.0,20.3,19.0,20.3,1025
2009-12-29,19.6,20.3,19.6,19.8,6820
2009-12-30,19.4,19.4,19.02,19.02,1400
2009-12-31,19.98,19.98,19.07,19.94,4795
2010-01-04,19.0,20.3,19.0,19.4,13745
2010-01-05,19.0,20.37,18.43,20.37,26190
2010-01-06,19.36,21.39,19.36,21.23,36040
2010-01-07,21.1,22.3,21.1,22.25,64885
2010-01-08,23.2,23.35,22.2,22.8,569800
2010-01-11,23.6,23.6,22.4,22.6,557685
2010-01-12,22.0,23.0,22.0,22.6,405250
2010-01-13,22.2,22.6,22.0,22.52,5915
2010-01-14,22.1,22.1,21.4,22.0,49085
2010-01-15,22.0,22.1,21.1,21.1,14895
2010-01-18,21.4,22.16,21.4,22.16,575225
2010-01-19,23.27,23.27,22.6,23.16,268135
2010-01-20,23.0,24.3,22.8,24.03,44985
2010-01-21,23.8,25.24,23.8,24.96,34415
2010-01-22,26.21,26.21,24.1,26.1,72805
2010-01-25,26.02,27.41,26.02,27.41,2562405
2010-01-27,28.75,28.78,26.79,27.33,158515
2010-01-28,27.6,27.6,26.42,26.95,5270
2010-01-29,26.9,27.2,25.61,25.88,59770
2010-02-01,25.7,26.56,25.02,25.71,15260
2010-02-02,25.8,25.8,25.0,25.08,11835
2010-02-03,25.1,25.4,25.0,25.0,3235
2010-02-04,25.25,25.25,25.25,25.25,500
2010-02-05,24.5,24.8,24.0,24.8,3805
2010-02-06,23.7,26.04,23.7,26.04,255
2010-02-08,24.74,24.74,24.74,24.74,2750
2010-02-09,23.51,24.4,23.51,24.4,5250
2010-02-10,25.39,25.39,24.2,24.51,505
2010-02-11,24.99,24.99,23.6,24.1,7755
2010-02-15,25.19,25.31,24.0,24.04,1520
2010-02-16,24.4,24.4,23.8,23.8,1885
2010-02-17,23.6,24.8,23.6,24.0,1510
2010-02-18,24.01,24.8,24.01,24.05,2680
2010-02-19,24.4,24.4,23.6,23.6,12000
2010-02-22,23.6,23.6,23.6,23.6,125
2010-02-23,22.42,22.42,22.42,22.42,250
2010-02-26,22.32,22.4,22.32,22.4,255
2010-03-02,22.2,23.52,22.2,23.38,17595
2010-03-03,24.4,24.55,24.4,24.55,1125
2010-03-04,24.69,25.0,24.6,25.0,5095
2010-03-05,25.96,25.96,25.96,25.96,5000
2010-03-08,25.98,25.98,25.01,25.01,17875
2010-03-09,24.8,26.26,24.8,26.26,12400
2010-03-10,25.5,25.5,25.5,25.5,75
2010-03-11,24.8,24.81,24.24,24.24,7565
2010-03-12,25.29,25.29,23.21,23.25,2075
2010-03-15,22.9,23.6,22.09,22.09,13225
2010-03-16,22.1,22.6,22.1,22.1,30085
2010-03-17,22.0,22.2,22.0,22.2,995
2010-03-18,21.2,21.2,21.09,21.2,1800
2010-03-19,20.15,22.26,20.14,22.26,2000
2010-03-22,21.2,22.0,21.2,22.0,1060
2010-03-23,21.8,23.1,21.8,21.91,22595
2010-03-25,23.0,23.01,22.5,23.0,9275
2010-03-26,22.72,24.15,22.72,23.2,5725
2010-03-29,23.5,24.36,23.5,23.95,30325
2010-03-30,24.0,24.04,22.84,23.2,26295
2010-04-01,23.2,23.2,22.62,22.62,675
2010-04-05,23.1,23.1,23.1,23.1,125
2010-04-06,23.16,24.26,23.16,24.18,6750
2010-04-07,25.0,25.39,25.0,25.39,8195
2010-04-08,26.5,26.66,26.5,26.66,21410
2010-04-09,26.7,28.0,26.7,28.0,67910
2010-04-12,28.0,29.4,28.0,29.4,18620
2010-04-13,29.8,30.87,29.1,30.87,45130
2010-04-15,32.4,32.42,31.0,31.8,72645
2010-04-16,31.02,32.2,31.0,32.2,9325
2010-04-19,31.0,31.0,31.0,31.0,1000
2010-04-22,29.45,29.45,29.45,29.45,2050
2010-04-23,28.06,30.0,28.0,28.0,1430
2010-04-26,27.0,28.0,27.0,27.5,11400
2010-04-27,27.99,28.0,26.82,26.82,1050
2010-04-28,28.17,28.17,28.17,28.17,250
2010-04-29,27.4,28.0,27.4,27.64,1200
2010-04-30,28.0,29.03,28.0,28.39,7370
2010-05-03,29.0,29.58,29.0,29.0,2255
2010-05-04,30.4,30.4,28.4,28.59,11650
2010-05-05,27.6,28.2,27.6,28.2,10625
2010-05-06,27.0,29.61,27.0,29.61,25985
2010-05-07,28.2,29.0,28.13,29.0,6005
2010-05-10,27.6,29.49,27.55,29.4,3345
2010-05-11,29.4,29.8,29.4,29.8,12000
2010-05-12,29.4,29.4,29.4,29.4,10000
2010-05-14,29.6,29.6,27.93,27.93,4000
2010-05-17,27.4,27.4,27.4,27.4,10525
2010-05-18,28.3,28.3,28.3,28.3,11250
2010-05-20,27.6,27.6,27.6,27.6,11000
2010-05-21,26.4,27.6,26.4,26.4,6255
2010-05-24,25.4,25.4,25.12,25.4,3375
2010-05-25,25.0,25.0,24.2,25.0,1675
2010-05-26,24.01,26.0,24.0,26.0,19760
2010-05-28,27.2,27.2,25.23,25.23,135
2010-05-31,26.4,26.4,26.4,26.4,250
2010-06-01,25.28,25.28,25.21,25.21,1250
2010-06-02,24.03,24.03,23.95,24.0,11630
2010-06-03,24.2,24.2,24.2,24.2,8500
2010-06-04,23.2,24.2,23.2,23.8,14080
2010-06-08,24.0,24.2,23.6,23.6,5755
2010-06-09,24.78,24.78,23.2,23.2,375
2010-06-10,24.3,24.3,24.17,24.18,800
2010-06-11,25.0,25.0,25.0,25.0,450
2010-06-14,24.62,24.62,24.62,24.62,575
2010-06-15,24.82,24.82,24.0,24.2,14100
2010-06-16,24.2,25.0,24.2,24.2,405
2010-06-17,23.6,23.6,23.52,23.6,375
2010-06-21,24.2,24.2,24.2,24.2,2500
2010-06-22,23.04,25.4,23.04,24.78,3400
2010-06-23,25.0,25.2,24.05,25.12,15850
2010-06-24,24.03,24.03,24.03,24.03,250
2010-06-25,24.0,25.18,23.97,23.97,6255
2010-06-28,23.04,24.2,23.01,24.2,11750
2010-06-29,24.98,24.98,24.98,24.98,25
2010-06-30,23.82,24.8,23.73,24.0,16600
2010-07-01,23.2,24.59,23.2,23.34,1805
2010-07-02,23.68,23.69,22.45,23.06,10630
2010-07-05,24.0,24.22,24.0,24.22,750
2010-07-06,23.67,24.99,23.67,24.84,6115
2010-07-07,23.67,24.8,23.67,23.8,825
2010-07-08,23.6,25.48,23.6,24.92,24800
2010-07-09,25.1,25.1,24.4,24.82,5435
2010-07-12,24.15,24.88,24.01,24.12,3880
2010-07-13,24.75,24.75,24.1,24.75,6260
2010-07-14,24.6,24.78,24.01,24.16,6005
2010-07-15,24.2,24.2,24.0,24.0,13780
2010-07-16,24.58,24.7,24.15,24.16,5500
2010-07-19,24.69,25.13,24.4,25.0,7385
2010-07-20,25.18,25.2,24.62,25.15,3510
2010-07-21,25.0,25.52,25.0,25.38,4400
2010-07-22,25.24,26.6,25.2,25.83,16245
2010-07-23,26.4,27.1,25.68,25.88,6280
2010-07-26,25.7,25.7,24.8,25.0,17020
2010-07-27,25.4,25.79,24.7,25.79,20
2010-07-28,25.4,25.57,24.31,25.52,5025
2010-07-29,24.22,25.1,24.22,24.41,2140
2010-07-30,24.42,25.2,24.25,24.99,17010
2010-08-02,25.59,25.59,24.23,24.58,4530
2010-08-03,24.24,24.8,22.2,24.8,18515
2010-08-04,25.18,25.18,24.42,24.5,310
2010-08-05,25.18,25.4,24.4,25.25,4345
2010-08-06,25.49,27.78,24.5,27.78,165815
2010-08-09,29.4,30.55,27.03,28.15,51835
2010-08-10,28.38,28.39,27.22,27.94,20445
2010-08-11,28.28,28.39,27.0,28.0,11515
2010-08-12,27.8,30.8,27.78,30.79,69560
2010-08-13,32.8,32.8,29.41,32.01,72470
2010-08-16,34.8,34.8,29.67,31.49,24675
2010-08-17,32.18,32.18,30.55,31.6,850
2010-08-18,31.78,34.76,29.5,34.72,981820
2010-08-19,36.79,36.79,33.28,33.45,64425
2010-08-20,33.8,34.0,32.2,32.94,53640
2010-08-23,34.0,34.0,31.46,31.74,80350
2010-08-24,31.2,32.2,31.0,31.15,42245
2010-08-25,30.62,30.8,29.82,30.0,45990
2010-08-26,31.6,31.6,29.64,29.69,31550
2010-08-27,31.7,31.7,28.75,29.24,30785
2010-08-30,29.6,30.6,28.8,28.95,11615
2010-08-31,29.3,29.3,28.03,28.76,27820
2010-09-01,29.2,31.58,29.2,30.83,34700
2010-09-02,31.8,31.8,29.12,29.35,20000
2010-09-03,31.6,31.6,29.12,29.42,6420
2010-09-06,30.65,30.65,28.85,30.14,144255
2010-09-07,30.7,30.85,30.02,30.49,12765
2010-09-08,34.99,34.99,29.7,30.52,130900
2010-09-09,30.1,31.08,29.2,30.07,22855
2010-09-13,30.0,30.4,28.98,29.23,86760
2010-09-14,29.6,29.8,28.82,29.42,8250
2010-09-15,29.57,29.57,28.63,29.37,12080
2010-09-16,29.0,30.0,29.0,29.14,50295
2010-09-17,28.7,30.98,28.53,30.14,10190
2010-09-20,31.2,32.5,30.7,32.1,45980
2010-09-21,32.99,32.99,31.25,31.96,51365
2010-09-22,33.0,33.0,31.5,32.45,23185
2010-09-23,32.0,33.0,32.0,32.5,15700
2010-09-24,32.5,36.98,32.4,34.55,815110
2010-09-27,35.58,36.7,34.4,35.4,154795
2010-09-28,35.8,35.8,33.8,34.42,16060
2010-09-29,35.49,35.49,32.0,32.58,53390
2010-09-30,32.1,32.98,31.4,32.59,26670
2010-10-01,34.38,34.38,32.27,32.87,15665
2010-10-04,32.62,33.3,32.2,32.8,14260
2010-10-05,32.2,33.3,32.02,32.47,18505
2010-10-06,33.19,33.3,32.1,32.25,51725
2010-10-07,32.0,32.99,31.1,31.63,19970
2010-10-08,31.27,32.54,31.24,32.0,21950
2010-10-11,31.6,32.8,31.5,32.64,9835
2010-10-12,31.0,33.4,31.0,31.54,14875
2010-10-13,31.2,32.49,31.0,31.06,20020
2010-10-14,31.0,31.6,29.6,29.99,16475
2010-10-15,29.5,30.6,29.4,30.08,33605
2010-10-18,28.6,29.6,28.6,29.39,9380
2010-10-19,28.9,30.98,28.71,29.75,19355
2010-10-20,29.4,31.12,29.2,29.46,7245
2010-10-21,31.0,31.0,29.2,29.5,13835
2010-10-22,29.6,29.6,28.4,28.98,8075
2010-10-25,28.21,30.0,28.21,29.37,6525
2010-10-26,29.99,32.98,28.9,31.53,303875
2010-10-27,31.99,32.9,30.8,31.35,87915
2010-10-28,32.0,32.0,31.1,31.37,10005
2010-10-29,30.42,31.99,30.42,31.19,74685
2010-11-01,30.8,32.57,30.6,32.05,159535
2010-11-02,32.05,33.08,31.8,32.04,108070
2010-11-03,31.8,32.79,31.8,32.41,50690
2010-11-04,32.4,32.6,31.4,31.8,10005
2010-11-05,31.0,33.25,30.4,32.91,65760
2010-11-08,32.01,32.01,31.05,31.25,12315
2010-11-09,32.17,32.17,30.86,31.08,15910
2010-11-10,30.83,32.0,30.6,30.85,12135
2010-11-11,30.85,31.7,30.01,30.43,3555
2010-11-12,30.03,30.4,29.04,29.17,7810
2010-11-15,29.6,31.2,28.82,29.26,6695
2010-11-16,30.4,30.57,28.0,29.01,19780
2010-11-18,27.87,29.02,27.87,28.76,8445
2010-11-19,28.42,29.56,25.45,26.72,15570
2010-11-22,26.8,28.49,26.65,27.74,11385
2010-11-23,26.72,28.0,26.72,27.4,11695
2010-11-24,27.8,28.6,26.8,27.6,10965
2010-11-25,27.3,27.7,26.61,27.0,1790
2010-11-26,26.6,27.6,24.09,25.12,17450
2010-11-29,25.02,25.4,23.23,24.44,8445
2010-11-30,25.0,25.9,23.11,25.17,6055
2010-12-01,25.2,26.66,25.07,25.43,3095
2010-12-02,25.8,26.4,25.8,26.3,60
2010-12-03,27.0,27.0,24.11,24.35,11970
2010-12-06,25.0,26.06,25.0,25.59,13290
2010-12-07,23.56,24.56,23.0,23.6,92945
2010-12-08,24.74,24.74,22.48,22.75,28600
2010-12-09,22.43,22.43,21.41,21.96,11755
2010-12-10,19.0,23.6,19.0,23.0,8060
2010-12-13,22.8,22.8,21.81,22.4,6090
2010-12-14,22.0,25.5,21.34,25.0,44010
2010-12-15,25.7,26.68,25.5,25.92,38660
2010-12-16,25.6,25.6,24.81,25.0,40
2010-12-20,25.0,27.96,25.0,27.01,75430
2010-12-21,27.38,27.6,25.2,26.2,110045
2010-12-22,26.6,26.6,23.32,23.59,86995
2010-12-23,24.05,24.3,22.4,22.66,29515
2010-12-24,23.59,23.6,22.71,22.83,19345
2010-12-27,22.71,23.0,21.92,22.76,3000
2010-12-28,22.96,23.53,21.52,22.0,277145
2010-12-29,22.4,23.4,22.1,23.16,33835
2010-12-30,22.8,23.03,21.8,22.57,60795
2011-01-03,23.79,24.2,23.21,23.89,41835
2011-01-04,24.4,26.38,24.4,24.79,79025
2011-01-05,24.0,25.0,23.43,24.1,16955
2011-01-06,27.1,27.1,23.82,23.95,32885
2011-01-07,24.12,24.12,23.21,23.47,23185
2011-01-10,23.3,23.3,22.2,22.6,30040
2011-01-11,22.2,23.4,21.81,23.16,179925
2011-01-12,23.31,23.31,22.02,22.58,28200
2011-01-13,22.82,23.2,22.37,22.38,3100
2011-01-14,22.8,26.16,22.54,24.4,624595
2011-01-17,23.25,24.6,23.25,24.07,37270
2011-01-18,24.0,24.2,23.02,23.23,10145
2011-01-19,25.2,25.2,23.05,23.37,7855
2011-01-20,23.96,23.96,22.8,23.31,7520
2011-01-21,22.7,24.26,22.61,22.76,6645
2011-01-24,24.48,24.48,21.42,22.7,3435
2011-01-25,23.94,23.94,22.16,23.07,940
2011-01-27,24.18,24.18,22.52,22.6,6255
2011-01-28,20.4,24.18,20.4,21.79,22180
2011-01-31,24.0,24.0,20.44,23.07,52520
2011-02-01,24.0,24.0,21.03,21.13,8000
2011-02-02,22.0,22.8,21.14,21.86,3760
2011-02-03,22.2,22.79,21.74,22.48,3020
2011-02-04,22.2,22.4,21.3,21.62,2590
2011-02-07,21.7,22.06,21.2,21.44,125825
2011-02-08,21.8,22.0,20.46,21.36,164210
2011-02-09,21.98,23.0,19.8,20.39,157335
2011-02-10,20.2,21.4,19.91,20.79,133465
2011-02-11,20.4,21.4,20.05,21.37,129105
2011-02-14,20.25,22.79,20.25,21.55,135035
2011-02-15,21.01,22.38,20.82,21.45,162135
2011-02-16,21.41,22.56,21.41,21.78,196380
2011-02-17,22.5,22.5,21.4,21.77,206695
2011-02-18,22.0,22.2,21.2,21.4,127895
2011-02-21,21.39,21.75,20.6,21.19,9645
2011-02-22,20.8,21.2,20.41,21.1,380
2011-02-23,22.0,22.0,20.2,20.63,2690
2011-02-24,22.19,22.19,20.1,20.97,125
2011-02-25,20.0,20.6,20.0,20.21,20
2011-02-28,20.1,20.5,19.8,19.8,1610
2011-03-01,20.2,20.8,20.01,20.52,3570
2011-03-03,20.2,21.0,20.2,20.6,9480
2011-03-04,20.7,21.99,20.7,21.21,1705
2011-03-07,20.8,20.8,19.81,20.12,2410
2011-03-08,20.6,20.6,20.02,20.26,790
2011-03-09,19.83,20.8,19.83,20.8,20
2011-03-10,22.2,22.2,20.2,20.63,20495
2011-03-11,21.0,21.0,20.02,20.2,2070
2011-03-14,20.6,20.98,20.4,20.4,780
2011-03-15,18.41,21.0,18.41,20.19,1890
2011-03-16,20.6,21.4,17.8,21.26,60970
2011-03-17,20.6,21.2,20.06,20.2,1130
2011-03-18,20.98,20.99,20.98,20.98,500
2011-03-21,20.4,20.8,20.4,20.8,20250
2011-03-22,20.03,20.96,20.03,20.2,13870
2011-03-23,19.8,20.98,19.66,20.54,11730
2011-03-24,19.65,20.24,19.65,20.21,760
2011-03-25,19.94,20.8,19.94,20.77,5555
2011-03-28,20.25,20.5,20.1,20.27,469320
2011-03-29,20.27,20.4,18.05,19.91,12985
2011-03-30,19.82,20.19,19.41,19.46,7925
2011-03-31,19.9,20.49,19.9,19.9,1085
2011-04-01,20.4,20.79,20.2,20.65,2540
2011-04-04,19.81,21.18,19.81,20.65,3630
2011-04-05,21.17,21.35,20.8,21.19,13965
2011-04-06,21.01,21.7,21.0,21.4,6070
2011-04-07,20.91,21.8,20.91,21.48,1015
2011-04-08,21.6,22.9,21.05,21.1,11600
2011-04-11,21.4,21.4,21.2,21.2,1010
2011-04-13,21.05,22.19,21.02,21.23,13705
2011-04-15,21.21,21.21,21.2,21.2,2000
2011-04-18,21.22,21.39,20.99,21.15,2750
2011-04-19,21.6,21.78,20.81,21.14,895
2011-04-20,21.6,22.19,20.9,21.25,5695
2011-04-21,21.2,23.75,21.2,21.98,9960
2011-04-25,21.4,22.06,21.4,21.83,1505
2011-04-26,21.4,21.4,20.84,21.4,5540
2011-04-27,21.6,23.0,21.6,22.44,9125
2011-04-28,22.0,22.04,21.4,21.54,12780
2011-04-29,22.0,22.77,21.69,22.23,81950
2011-05-02,22.5,23.2,22.3,22.83,15250
2011-05-03,22.97,22.97,22.2,22.49,10045
2011-05-04,22.78,22.78,22.0,22.0,5505
2011-05-05,21.6,22.0,21.6,21.8,3005
2011-05-06,22.2,22.77,22.0,22.05,6925
2011-05-09,21.7,22.8,21.6,22.52,12600
2011-05-10,22.2,22.3,22.01,22.3,4980
2011-05-11,22.2,23.0,22.2,22.6,5540
2011-05-13,25.38,25.38,23.03,23.3,35675
2011-05-16,22.6,23.2,22.41,22.68,675
2011-05-17,22.51,22.51,21.62,22.1,2620
2011-05-18,21.8,21.8,21.43,21.43,1940
2011-05-19,21.45,22.3,21.4,21.4,685
2011-05-20,21.4,22.17,21.4,22.17,325
2011-05-23,21.58,21.8,21.04,21.49,75
2011-05-24,20.82,21.39,20.59,20.7,13280
2011-05-25,20.4,20.6,20.4,20.5,5000
2011-05-26,20.0,20.98,19.6,20.97,50
2011-05-27,21.27,21.3,21.19,21.27,25
2011-05-30,20.63,21.4,20.28,20.8,2100
2011-05-31,21.2,21.39,20.51,20.52,2590
2011-06-01,20.52,20.52,20.46,20.46,375
2011-06-02,20.8,21.18,20.07,20.16,160
2011-06-03,20.43,20.43,20.42,20.42,250
2011-06-06,20.8,21.8,20.23,20.41,3825
2011-06-07,20.8,21.2,20.46,20.47,1725
2011-06-08,20.8,21.2,20.62,21.2,50
2011-06-09,20.8,20.8,20.6,20.65,1485
2011-06-10,21.0,21.59,20.65,21.2,33415
2011-06-13,20.81,21.0,20.8,21.0,630
2011-06-14,21.16,23.52,21.0,21.39,4750
2011-06-15,21.3,21.99,20.62,20.94,1660
2011-06-16,22.6,22.6,20.43,21.0,3095
2011-06-17,21.78,21.78,20.8,20.83,585
2011-06-20,20.61,21.01,19.61,21.0,15580
2011-06-21,19.6,22.4,19.6,21.0,13130
2011-06-22,21.4,21.79,21.4,21.41,340
2011-06-23,20.8,21.1,20.21,21.0,705
2011-06-24,21.4,21.6,21.0,21.0,50
2011-06-27,21.2,21.6,20.24,20.24,1140
2011-06-28,20.6,23.0,20.6,22.03,4785
2011-06-29,22.0,22.39,22.0,22.0,2995
2011-06-30,22.0,23.0,22.0,22.4,4030
2011-07-01,23.2,23.2,22.04,22.26,9330
2011-07-04,22.21,22.21,21.91,22.09,2675
2011-07-05,22.2,23.6,22.2,23.6,41810
2011-07-06,23.8,23.8,23.01,23.03,685
2011-07-07,23.96,24.4,23.96,24.0,6015
2011-07-08,24.0,24.01,23.99,24.0,1800
2011-07-11,23.22,24.4,23.2,24.0,7115
2011-07-12,23.0,24.2,23.0,24.2,1010
2011-07-13,24.2,25.0,23.98,24.8,35420
2011-07-14,24.8,25.18,24.41,25.07,2910
2011-07-15,24.6,25.18,23.98,24.0,1930
2011-07-18,24.0,24.0,23.61,23.61,250
2011-07-19,23.8,23.82,23.8,23.8,540
2011-07-20,23.6,23.6,23.22,23.22,510
2011-07-21,23.23,23.8,23.23,23.7,750
2011-07-22,24.92,27.18,24.0,24.34,21960
2011-07-25,24.11,24.11,23.12,23.2,3280
2011-07-26,22.22,23.98,22.0,22.96,9950
2011-07-27,22.43,22.64,22.43,22.63,1350
2011-07-28,22.0,23.57,22.0,22.21,6145
2011-07-29,22.21,22.41,22.21,22.4,2885
2011-08-01,22.1,22.99,22.02,22.31,3350
2011-08-02,22.9,22.9,22.05,22.61,6315
2011-08-03,22.0,22.4,21.23,22.31,7025
2011-08-04,21.8,21.9,21.11,21.3,5675
2011-08-05,21.5,21.65,20.4,21.58,2765
2011-08-08,21.0,22.98,19.8,20.85,7065
2011-08-09,20.4,21.19,20.0,20.0,4160
2011-08-10,20.4,20.59,20.2,20.22,3610
2011-08-12,20.62,20.8,20.01,20.02,2210
2011-08-16,20.6,21.0,20.22,20.59,4055
2011-08-17,19.9,21.0,19.9,20.03,1535
2011-08-18,20.2,20.78,20.2,20.55,560
2011-08-19,19.7,21.8,18.4,20.79,124060
2011-08-22,20.0,21.0,19.08,20.08,2110
2011-08-23,20.02,20.76,20.02,20.46,20740
2011-08-25,20.2,20.2,19.6,20.02,2640
2011-08-26,20.02,20.02,20.02,20.02,3750
2011-08-29,19.66,20.9,19.66,20.05,1305
2011-08-30,20.1,21.04,20.07,20.15,1190
2011-09-02,20.4,20.4,20.4,20.4,490
2011-09-05,19.85,20.99,19.85,20.98,1590
2011-09-06,20.01,20.05,20.01,20.05,100
2011-09-07,21.59,21.6,20.36,20.4,6550
2011-09-08,20.88,20.98,20.6,20.94,157290
2011-09-09,21.4,23.19,21.25,21.53,37670
2011-09-12,22.58,22.58,20.45,20.63,820
2011-09-13,20.55,21.74,20.54,21.19,2270
2011-09-14,20.63,21.6,20.2,20.36,3130
2011-09-15,22.0,22.0,20.55,20.6,1305
2011-09-16,21.58,21.58,21.58,21.58,10
2011-09-19,21.3,22.08,20.2,20.6,11115
2011-09-20,20.34,21.0,20.34,20.79,270
2011-09-21,20.45,20.72,20.21,20.26,5635
2011-09-22,20.25,20.25,20.2,20.2,1180
2011-09-23,20.0,21.38,19.8,20.76,3700
2011-09-26,21.0,21.0,20.21,20.23,80185
2011-09-27,20.94,20.94,20.4,20.45,1490
2011-09-28,21.1,21.1,20.31,20.4,1055
2011-09-30,22.1,22.1,20.2,20.2,210
2011-10-03,21.37,21.37,19.2,19.4,2660
2011-10-04,21.18,21.18,19.62,20.33,37595
2011-10-07,21.14,21.2,19.9,21.14,40110
2011-10-10,20.8,20.8,20.8,20.8,10
2011-10-11,20.51,20.6,20.2,20.23,2265
2011-10-12,21.1,21.39,20.35,21.02,3385
2011-10-13,21.39,21.39,20.24,20.8,385
2011-10-14,22.7,22.7,20.6,20.6,625
2011-10-17,20.5,20.5,20.43,20.43,1005
2011-10-18,20.2,20.2,20.2,20.2,660
2011-10-19,22.0,22.0,20.45,20.5,1550
2011-10-20,21.15,21.15,20.26,20.45,750
2011-10-21,21.37,21.38,20.24,20.24,1295
2011-10-24,20.32,21.06,20.32,20.4,3030
2011-10-25,20.24,20.82,19.61,20.0,1145
2011-10-26,22.4,22.4,20.6,21.0,10075
2011-10-28,20.44,22.36,20.41,20.53,4185
2011-10-31,20.21,20.37,20.21,20.35,1505
2011-11-01,20.4,20.4,20.4,20.4,205
2011-11-02,20.8,20.8,20.6,20.6,255
2011-11-03,20.48,20.6,20.48,20.6,87625
2011-11-04,21.0,21.0,20.6,20.61,2045
2011-11-08,20.44,20.6,20.44,20.6,85
2011-11-09,20.41,20.78,20.41,20.72,855
2011-11-11,20.51,20.8,20.4,20.41,255
2011-11-14,21.14,21.98,20.44,21.29,32780
2011-11-15,21.05,21.05,20.24,20.51,8340
2011-11-16,20.2,20.2,19.62,20.11,3940
2011-11-17,20.2,20.78,20.1,20.1,1555
2011-11-18,20.11,20.2,20.0,20.2,7315
2011-11-21,20.0,20.8,19.71,20.04,1285
2011-11-22,20.21,20.9,19.6,19.95,36055
2011-11-23,21.19,21.2,19.82,19.82,5820
2011-11-24,19.64,20.2,19.01,19.22,1210
2011-11-25,19.42,20.37,19.42,20.2,515
2011-11-28,19.81,20.59,19.2,19.64,6055
2011-11-29,19.61,19.62,19.22,19.28,6520
2011-11-30,19.94,20.6,19.94,20.12,94465
2011-12-01,20.03,20.2,19.8,19.98,61220
2011-12-02,19.83,19.83,19.24,19.67,3745
2011-12-05,19.61,19.93,19.3,19.4,460
2011-12-07,20.99,20.99,19.66,20.0,78455
2011-12-08,20.0,20.0,20.0,20.0,15
2011-12-09,19.4,19.8,19.4,19.4,25
2011-12-12,19.22,19.8,19.1,19.64,735
2011-12-14,19.4,19.4,19.0,19.0,30
2011-12-15,18.6,19.9,18.0,18.28,54985
2011-12-16,19.0,19.0,18.0,18.39,50660
2011-12-19,18.01,18.39,17.26,17.49,10310
2011-12-20,18.19,18.19,16.6,17.49,12930
2011-12-21,17.0,17.28,14.79,16.2,12005
2011-12-22,16.03,17.19,16.03,17.19,755
2011-12-23,16.85,17.38,16.84,17.37,1525
2011-12-26,16.81,17.8,16.5,17.76,20370
2011-12-27,17.21,17.76,17.2,17.2,320
2011-12-28,16.6,17.58,16.53,16.6,30040
2011-12-29,16.2,17.64,15.84,17.14,90725
2011-12-30,17.58,17.58,16.6,16.62,235
2012-01-02,16.53,17.53,16.02,16.04,3260
2012-01-03,16.17,16.4,16.0,16.27,15905
2012-01-04,16.98,16.98,16.02,16.03,255
2012-01-05,17.78,17.78,16.02,16.05,90500
2012-01-06,16.4,17.0,16.4,16.8,2515
2012-01-07,17.88,17.88,17.8,17.8,120
2012-01-09,17.6,17.6,16.6,16.6,1030
2012-01-10,16.45,17.0,16.45,16.93,5825
2012-01-11,17.0,17.0,16.8,16.8,5650
2012-01-12,17.58,17.58,16.62,16.65,1000
2012-01-13,18.8,18.8,17.0,18.15,15805
2012-01-16,17.8,18.18,17.05,17.2,3180
2012-01-17,17.96,18.2,17.96,18.2,610
2012-01-18,18.13,18.6,18.0,18.6,1520
2012-01-19,18.6,18.6,17.41,18.01,1025
2012-01-20,18.0,18.0,18.0,18.0,5
2012-01-23,18.7,18.7,17.69,17.7,850
2012-01-24,17.4,18.38,17.1,17.84,230
2012-01-25,18.4,18.6,17.65,18.01,12095
2012-01-27,18.85,18.85,17.45,17.8,3065
2012-01-30,18.54,18.54,17.6,17.6,285
2012-01-31,17.46,18.29,17.42,17.78,25
2012-02-01,18.58,18.58,17.62,17.67,2195
2012-02-02,17.42,18.4,16.4,18.1,35920
2012-02-03,17.8,18.57,17.61,18.43,3340
2012-02-06,18.2,18.8,18.0,18.41,4165
2012-02-07,18.21,19.0,18.0,18.8,29765
2012-02-08,18.98,19.6,18.9,19.6,63745
2012-02-09,19.8,20.2,19.41,19.65,5555
2012-02-10,19.4,21.55,18.8,19.62,100280
2012-02-13,21.2,21.4,19.9,20.41,16410
2012-02-14,20.4,21.89,20.4,21.1,30615
2012-02-15,21.8,22.5,21.49,22.3,40125
2012-02-16,22.4,25.6,22.4,24.02,120915
2012-02-17,24.0,24.76,24.0,24.11,11900
2012-02-21,25.0,25.1,24.1,24.92,146615
2012-02-22,24.6,25.0,22.33,23.7,13990
2012-02-23,23.4,24.2,22.2,24.19,135280
2012-02-24,24.2,24.4,24.2,24.2,12675
2012-02-27,24.0,24.0,21.46,21.63,28815
2012-02-28,22.2,22.2,22.2,22.2,20
2012-02-29,22.45,23.3,22.4,22.8,23985
2012-03-01,22.79,23.2,21.6,22.49,101345
2012-03-02,23.65,23.65,22.01,22.8,2800
2012-03-05,22.4,23.0,21.81,22.94,3800
2012-03-06,22.6,26.19,22.43,24.39,302100
2012-03-07,24.2,25.39,24.0,24.85,8385
2012-03-09,25.8,28.57,24.41,27.77,273580
2012-03-12,28.0,28.36,26.35,26.73,34015
2012-03-13,27.78,27.78,26.17,26.61,8330
2012-03-14,26.22,27.67,25.53,27.09,17600
2012-03-15,27.0,27.38,25.62,25.91,3455
2012-03-16,26.1,26.6,25.62,25.96,2435
2012-03-19,25.91,26.2,25.62,25.62,95
2012-03-20,27.0,27.0,25.62,26.04,16710
2012-03-21,26.6,27.4,26.04,26.91,19325
2012-03-22,26.0,28.0,26.0,27.0,52645
2012-03-23,27.19,27.76,26.23,27.61,2100
2012-03-26,26.0,29.78,25.63,29.46,544205
2012-03-27,29.6,29.6,26.23,26.39,19450
2012-03-28,27.2,27.59,25.3,27.0,9300
2012-03-29,28.0,28.0,26.02,26.36,905
2012-03-30,26.4,27.52,26.4,26.43,4075
2012-04-02,28.7,29.37,26.28,28.86,64895
2012-04-03,29.18,29.2,26.46,27.57,10190
2012-04-04,28.39,28.39,27.09,27.09,715
2012-04-10,29.3,29.3,26.41,26.41,970
2012-04-11,25.76,28.6,25.76,26.6,505
2012-04-12,27.98,27.98,27.0,27.01,3460
2012-04-13,27.96,27.96,26.8,26.82,325
2012-04-16,27.8,27.8,25.99,27.01,167115
2012-04-17,27.54,28.2,27.52,28.02,34090
2012-04-18,28.6,29.6,28.4,28.43,90965
2012-04-19,28.0,28.0,27.49,27.51,135
2012-04-20,28.52,28.6,26.43,27.05,257210
2012-04-23,27.0,27.0,26.05,26.4,26970
2012-04-25,26.41,26.41,26.2,26.2,2005
2012-04-26,26.2,26.5,25.26,26.5,105
2012-04-27,25.0,26.4,25.0,26.39,210
2012-04-30,26.4,26.4,25.02,26.2,8775
2012-05-02,26.4,28.2,26.03,27.53,76740
2012-05-03,27.0,27.0,26.27,26.4,1030
2012-05-04,26.1,26.16,25.39,25.6,9330
2012-05-08,26.34,26.34,25.4,25.4,380
2012-05-10,26.19,26.19,25.38,25.42,730
2012-05-11,25.98,26.8,25.41,26.38,12560
2012-05-14,26.02,26.4,25.2,26.0,219800
2012-05-15,26.4,26.4,25.8,25.8,188005
2012-05-16,25.6,25.6,25.59,25.59,10
2012-05-17,25.4,26.2,25.22,25.22,3140
2012-05-18,24.4,25.94,24.03,24.73,2940
2012-05-21,26.31,26.31,23.97,24.48,3785
2012-05-22,26.0,26.0,25.4,25.4,37675
2012-05-23,24.7,25.78,23.97,24.45,9220
2012-05-24,24.22,25.27,23.53,24.18,3015
2012-05-25,24.0,25.58,23.2,23.96,4280
2012-05-28,24.21,24.21,23.62,23.69,1010
2012-05-29,23.6,26.2,22.56,25.52,18465
2012-05-30,25.34,25.76,24.4,24.81,40370
2012-05-31,25.76,25.76,25.0,25.0,26010
2012-06-01,25.8,25.8,23.98,24.08,8025
2012-06-04,23.8,25.14,23.27,23.6,6435
2012-06-05,23.78,24.0,23.08,23.8,7780
2012-06-06,24.78,24.78,23.02,23.2,4335
2012-06-07,23.9,23.9,23.9,23.9,5
2012-06-08,23.94,23.94,22.73,23.33,5725
2012-06-11,24.34,25.36,24.0,24.98,22095
2012-06-12,24.04,24.7,24.02,24.02,2285
2012-06-13,25.34,25.34,24.1,24.63,15
2012-06-14,25.18,25.18,24.04,24.98,1570
2012-06-15,24.14,24.6,24.1,24.28,220
2012-06-18,25.38,25.38,22.66,23.14,90515
2012-06-19,23.4,23.76,22.57,23.05,26690
2012-06-20,23.6,23.99,22.27,22.51,157355
2012-06-21,22.8,24.0,22.27,23.69,40075
2012-06-22,23.0,23.0,22.7,22.7,81330
2012-06-25,22.81,24.16,22.41,22.44,6425
2012-06-26,23.65,24.94,22.33,24.2,16505
2012-06-27,24.74,24.74,24.0,24.0,3495
2012-06-28,24.01,24.65,24.0,24.1,5290
2012-06-29,24.8,25.57,24.8,24.8,7755
2012-07-02,25.8,25.8,25.0,25.4,4010
2012-07-05,25.2,25.8,24.7,25.78,155
2012-07-06,25.0,25.44,24.0,25.08,130
2012-07-09,26.3,26.3,25.78,25.8,160
2012-07-10,25.2,25.4,25.0,25.4,515
2012-07-11,25.8,25.8,24.41,24.8,40
2012-07-12,25.45,25.5,23.97,24.37,2080
2012-07-13,24.03,25.28,23.9,25.27,1750
2012-07-16,25.98,25.98,24.22,24.32,2255
2012-07-17,24.2,24.6,23.82,24.03,1250
2012-07-18,24.98,24.98,24.0,24.1,20
2012-07-19,23.61,23.98,23.51,23.98,695
2012-07-20,25.34,25.34,24.2,24.2,2505
2012-07-23,25.18,25.18,22.4,23.0,33765
2012-07-24,24.21,24.34,22.5,22.8,1815
2012-07-25,22.8,23.88,22.04,23.28,8510
2012-07-26,22.27,22.56,21.2,21.89,9310
2012-07-27,21.0,23.39,21.0,22.0,5825
2012-07-31,21.38,21.38,20.21,20.88,10710
2012-08-01,21.8,24.66,21.8,24.36,113835
2012-08-02,25.0,25.0,23.13,23.35,3230
2012-08-03,23.2,23.79,23.01,23.2,4130
2012-08-06,23.85,24.0,22.41,23.8,8040
2012-08-07,22.8,25.2,22.73,23.83,22365
2012-08-08,23.8,24.0,23.8,23.8,1645
2012-08-09,23.33,23.8,22.65,22.66,1210
2012-08-10,23.74,24.56,23.74,24.0,27530
2012-08-13,24.0,24.0,24.0,24.0,55
2012-08-14,24.0,26.32,24.0,25.87,51540
2012-08-16,24.56,24.98,24.44,24.44,370
2012-08-17,24.2,24.2,24.01,24.01,1295
2012-08-21,24.03,24.2,24.0,24.0,72870
2012-08-22,24.38,25.8,23.01,23.74,247595
2012-08-23,23.27,23.27,23.02,23.05,2130
2012-08-24,22.01,24.1,21.85,23.07,7155
2012-08-27,23.6,23.6,23.13,23.13,1265
2012-08-28,22.82,24.16,22.82,23.99,3025
2012-08-29,25.34,25.34,23.2,24.7,63315
2012-08-30,24.2,24.2,23.04,23.45,67325
2012-08-31,23.0,23.5,21.6,23.0,4900
2012-09-03,22.73,24.41,22.67,24.27,3000
2012-09-06,24.0,24.58,23.01,23.97,1895
2012-09-07,23.21,23.9,23.21,23.84,4095
2012-09-08,24.07,25.28,24.0,24.04,7735
2012-09-10,23.76,24.6,23.76,24.6,485
2012-09-11,24.85,24.85,24.02,24.43,15
2012-09-12,24.6,24.6,23.4,24.21,3860
2012-09-13,25.34,25.34,24.0,24.01,1050
2012-09-14,25.3,25.3,23.7,24.56,4255
2012-09-17,24.38,24.38,23.6,23.67,245
2012-09-18,24.88,24.88,23.6,24.13,4375
2012-09-20,23.78,24.2,23.42,23.52,167205
2012-09-21,25.18,25.18,23.46,23.81,715
2012-09-24,23.0,24.59,21.06,24.58,4740
2012-09-25,23.63,24.8,23.6,24.36,6650
2012-09-26,24.98,24.98,23.65,24.0,1795
2012-09-27,24.5,24.5,23.64,24.5,40
2012-09-28,24.9,25.0,23.86,24.39,1800
2012-10-01,24.94,24.94,23.75,23.76,1285
2012-10-03,23.8,24.4,23.8,23.84,45300
2012-10-04,23.8,24.4,23.8,23.82,625
2012-10-05,23.75,24.3,23.41,23.87,1550
2012-10-08,23.83,23.89,23.23,23.7,2555
2012-10-09,23.62,23.62,23.62,23.62,520
2012-10-10,23.6,23.6,23.6,23.6,25
2012-10-11,23.2,24.4,22.92,24.35,2055
2012-10-12,23.6,24.39,23.0,24.18,6550
2012-10-15,23.6,23.6,23.05,23.11,235
2012-10-16,23.6,23.6,23.5,23.5,380
2012-10-17,23.15,23.21,23.15,23.2,195
2012-10-18,23.21,23.21,23.2,23.2,6030
2012-10-19,23.04,23.4,23.01,23.4,1005
2012-10-22,24.53,24.57,22.1,23.25,12665
2012-10-23,23.0,24.0,23.0,23.81,5170
2012-10-25,24.9,24.9,23.24,23.6,60
2012-10-26,23.79,23.8,23.79,23.8,10
2012-10-29,23.8,24.4,22.73,22.95,4010
2012-10-30,23.1,23.7,22.55,23.2,100
2012-10-31,23.0,23.0,22.5,22.5,6090
2012-11-01,22.41,24.4,22.4,23.74,10360
2012-11-02,23.7,23.98,23.0,23.98,20
2012-11-05,23.7,24.8,22.83,24.54,22920
2012-11-06,24.4,25.4,23.99,24.96,46460
2012-11-07,24.6,25.2,24.0,24.66,2110
2012-11-08,24.38,25.98,24.38,25.23,4770
2012-11-09,24.6,24.6,24.0,24.58,1420
2012-11-12,24.2,24.2,23.96,23.96,20
2012-11-13,24.6,24.79,24.0,24.4,107515
2012-11-15,24.2,24.2,23.73,23.8,355
2012-11-16,23.6,24.8,23.22,24.8,340
2012-11-19,24.2,24.2,23.44,23.49,1035
2012-11-20,23.6,23.6,22.99,23.15,10735
2012-11-21,22.96,23.75,22.4,23.75,70
2012-11-22,23.2,23.6,22.81,22.98,6060
2012-11-23,22.98,22.98,22.08,22.42,3200
2012-11-26,23.05,24.37,20.73,23.37,197350
2012-11-27,23.0,25.0,23.0,24.51,282440
2012-11-29,24.52,25.19,24.24,24.94,3840
2012-11-30,24.6,24.98,23.64,24.74,4480
2012-12-03,25.98,25.98,24.22,24.22,550
2012-12-04,24.03,24.59,23.8,24.47,1970
2012-12-05,24.58,24.6,24.58,24.6,100
2012-12-06,24.02,25.96,24.02,24.94,2780
2012-12-07,25.4,25.4,24.2,24.31,2565
2012-12-10,24.4,24.54,23.54,23.62,75405
2012-12-11,23.8,24.4,23.8,23.82,76005
2012-12-12,24.47,24.47,23.1,23.14,80415
2012-12-13,23.4,23.8,23.11,23.14,76900
2012-12-14,24.11,24.11,22.44,22.72,79605
2012-12-17,23.2,23.6,23.0,23.12,740
2012-12-18,23.2,23.5,22.91,22.92,56525
2012-12-19,24.54,24.54,22.03,22.78,71565
2012-12-20,24.2,24.2,22.26,22.77,62340
2012-12-21,23.2,23.2,22.03,22.26,495
2012-12-24,22.65,23.2,22.4,22.52,5865
2012-12-26,22.67,23.96,22.02,22.23,13600
2012-12-27,23.0,23.98,22.23,22.52,1850
2012-12-28,21.8,23.84,21.8,21.97,21395
2013-01-01,23.39,23.39,21.7,22.0,6500
2013-01-02,22.99,22.99,21.99,22.0,1405
2013-01-03,22.39,22.39,21.1,21.41,2705
2013-01-04,21.7,22.4,21.61,21.72,5815
2013-01-07,22.19,22.19,21.44,21.8,13585
2013-01-08,22.17,22.2,22.17,22.19,60
2013-01-09,22.38,22.62,21.24,22.1,8000
2013-01-10,22.73,22.73,21.6,22.19,4440
2013-01-11,21.82,22.39,21.2,21.49,4035
2013-01-14,21.97,21.97,21.42,21.45,1255
2013-01-15,21.67,21.79,20.92,21.47,4855
2013-01-16,21.0,21.56,20.83,21.19,2660
2013-01-17,21.32,21.75,20.84,20.9,12110
2013-01-18,22.3,22.3,20.8,21.03,32595
2013-01-21,21.57,21.58,21.2,21.2,2190
2013-01-22,20.74,21.57,20.74,21.04,3635
2013-01-23,21.37,21.4,20.7,20.72,2265
2013-01-24,21.29,21.3,20.01,20.83,2225
2013-01-25,21.6,21.6,19.35,20.03,4565
2013-01-28,20.59,20.59,19.8,19.95,1205
2013-01-29,20.0,20.4,19.25,19.99,6650
2013-01-30,19.6,20.0,19.08,19.6,29000
2013-01-31,19.97,20.88,19.0,20.4,23415
2013-02-01,21.4,21.4,19.8,20.93,3880
2013-02-04,20.93,20.93,20.12,20.12,525
2013-02-05,21.6,21.6,19.82,20.54,8615
2013-02-06,19.96,21.6,19.95,20.6,18105
2013-02-07,21.38,21.38,20.3,20.48,975
2013-02-08,21.6,23.18,19.93,21.62,1780
2013-02-11,21.1,21.1,19.45,19.76,10625
2013-02-12,20.39,21.0,19.32,20.24,1625
2013-02-13,20.35,20.35,19.0,19.89,6795
2013-02-14,20.14,20.14,19.0,19.89,29250
2013-02-15,19.01,19.59,19.0,19.0,1375
2013-02-18,18.4,19.65,18.04,19.64,3070
2013-02-19,19.6,20.4,19.08,20.0,128125
2013-02-20,19.63,20.4,19.63,19.98,50035
2013-02-21,19.41,20.1,19.41,19.41,55
2013-02-22,20.2,20.2,18.88,18.88,37570
2013-02-25,19.0,19.96,18.08,18.76,4735
2013-02-26,18.98,18.98,18.2,18.4,1025
2013-02-27,19.2,19.39,16.7,18.0,25005
2013-02-28,19.16,19.16,17.27,17.59,825
2013-03-01,18.7,18.7,17.6,17.6,260
2013-03-04,18.61,18.61,15.7,15.95,27910
2013-03-05,17.23,17.23,14.82,14.96,10565
2013-03-06,16.68,17.4,14.01,16.47,14805
2013-03-07,16.01,17.78,15.79,17.0,2455
2013-03-08,16.02,18.14,16.02,18.09,4570
2013-03-11,18.01,18.4,17.35,17.94,2790
2013-03-12,19.2,19.2,16.63,16.78,5250
2013-03-13,16.2,17.99,15.01,16.52,1770
2013-03-14,16.05,17.0,15.1,15.61,8225
2013-03-15,15.79,16.27,15.12,15.97,8855
2013-03-18,16.07,16.08,14.44,15.56,3565
2013-03-19,16.18,16.4,14.81,15.81,19330
2013-03-20,15.62,16.0,15.54,15.54,1860
2013-03-21,15.54,15.68,14.9,15.09,275
2013-03-22,15.0,15.94,14.07,14.19,17480
2013-03-25,14.63,14.71,13.57,14.38,10480
2013-03-26,13.99,14.6,13.68,14.38,2265
2013-03-28,14.75,14.75,13.75,13.83,7015
2013-04-01,14.78,14.78,14.02,14.12,1615
2013-04-02,14.03,14.59,14.0,14.08,9195
2013-04-03,14.2,14.64,13.87,14.03,14210
2013-04-04,13.4,13.99,13.01,13.47,13645
2013-04-05,14.14,14.14,12.84,13.16,18560
2013-04-08,14.37,14.87,12.84,14.26,140290
2013-04-09,14.5,14.78,14.13,14.39,12900
2013-04-10,14.56,14.98,14.56,14.81,465
2013-04-11,14.2,14.8,14.15,14.17,1450
2013-04-12,13.93,14.8,13.93,14.8,1300
2013-04-15,15.18,15.18,14.16,14.16,2705
2013-04-16,13.41,14.95,13.41,14.72,2090
2013-04-17,15.07,15.15,14.2,14.23,540
2013-04-18,14.04,14.92,14.04,14.41,6045
2013-04-22,14.01,16.8,14.0,16.62,204610
2013-04-23,16.42,17.49,16.42,17.36,23205
2013-04-25,17.99,18.73,17.99,18.28,10765
2013-04-26,18.6,19.53,17.67,19.38,12025
2013-04-29,19.4,20.2,18.01,20.02,23970
2013-04-30,23.2,23.2,19.48,20.0,14060
2013-05-02,20.98,22.2,19.58,21.67,167110
2013-05-03,20.83,22.19,20.3,21.99,14545
2013-05-06,21.4,23.54,20.52,23.07,21335
2013-05-07,23.0,24.36,22.0,23.2,74530
2013-05-08,22.68,23.55,22.06,22.61,8195
2013-05-09,22.08,22.79,21.66,22.04,8785
2013-05-10,22.0,22.26,21.41,21.63,4210
2013-05-11,21.21,22.56,21.21,21.62,8620
2013-05-13,22.57,22.57,20.13,21.2,15325
2013-05-14,22.39,22.39,20.4,20.83,12025
2013-05-15,21.38,21.4,20.8,21.0,17525
2013-05-16,20.42,21.28,20.42,21.02,40755
2013-05-17,22.37,22.37,20.4,20.67,8575
2013-05-20,19.9,20.92,19.9,20.4,3150
2013-05-21,20.02,21.8,19.9,21.18,100225
2013-05-22,20.8,20.8,19.41,19.81,15165
2013-05-23,19.43,19.88,19.4,19.6,8520
2013-05-24,19.12,19.6,18.54,19.58,3785
2013-05-27,19.12,19.55,18.2,18.67,4825
2013-05-28,18.2,18.59,17.91,18.02,131590
2013-05-29,17.8,18.89,16.44,16.86,8520
2013-05-30,16.6,17.4,16.42,16.5,1225
2013-05-31,17.28,17.28,16.25,16.3,1600
2013-06-03,16.3,16.98,16.26,16.8,910
2013-06-04,16.6,16.6,16.22,16.47,1810
2013-06-05,16.48,16.48,15.5,15.6,18455
2013-06-06,15.82,15.82,15.12,15.13,4355
2013-06-07,15.5,15.5,14.82,14.82,12680
2013-06-10,15.12,15.12,14.82,14.98,6195
2013-06-11,15.15,15.15,15.0,15.0,1805
2013-06-12,15.0,15.0,14.8,14.82,9925
2013-06-13,15.0,15.0,15.0,15.0,1000
2013-06-14,15.0,15.52,15.0,15.0,8365
2013-06-17,15.0,15.0,14.78,15.0,6860
2013-06-18,14.7,15.0,14.7,15.0,1575
2013-06-19,15.0,15.0,14.4,14.79,50780
2013-06-20,14.6,15.0,14.4,14.4,9165
2013-06-21,14.68,14.68,13.38,13.4,13255
2013-06-24,13.08,13.2,13.05,13.2,665
2013-06-25,13.0,13.33,11.6,12.4,26690
2013-06-26,12.71,14.8,12.71,13.76,5815
2013-06-27,14.95,14.95,13.46,13.94,10550
2013-06-28,14.99,15.54,13.61,13.75,2390
2013-07-01,14.67,14.67,13.6,14.62,70
2013-07-02,14.0,14.0,13.3,13.7,6850
2013-07-03,13.5,13.97,13.25,13.3,55
2013-07-04,13.62,13.98,13.62,13.98,265
2013-07-05,13.4,13.98,13.4,13.89,765
2013-07-08,13.5,14.0,13.5,14.0,1220
2013-07-09,13.6,13.99,13.6,13.99,1100
2013-07-10,13.61,14.0,13.61,13.99,1130
2013-07-11,14.4,14.4,13.7,13.7,1210
2013-07-12,13.54,13.8,13.2,13.25,8020
2013-07-15,13.79,13.79,12.97,13.37,275
2013-07-16,13.39,13.4,13.22,13.36,1100
2013-07-17,14.36,14.36,12.81,12.82,35
2013-07-18,14.39,14.39,13.02,13.37,235
2013-07-19,14.3,14.3,12.6,12.96,2885
2013-07-22,14.09,14.09,13.02,13.43,3560
2013-07-23,13.08,13.89,13.08,13.89,775
2013-07-24,13.4,13.4,13.1,13.21,10055
2013-07-25,13.32,14.39,13.03,13.29,1885
2013-07-26,14.37,14.37,13.04,13.48,5510
2013-07-29,13.79,13.79,13.03,13.03,75
2013-07-30,12.6,12.85,12.4,12.85,45
2013-07-31,12.8,14.09,12.62,12.8,2500
2013-08-01,12.8,12.98,12.4,12.9,3495
2013-08-02,13.79,13.79,12.64,12.64,2510
2013-08-05,13.96,13.96,12.8,13.01,560
2013-08-06,12.81,13.58,12.8,13.02,3075
2013-08-07,13.02,13.6,13.02,13.58,3370
2013-08-08,13.2,14.36,13.01,13.78,65
2013-08-12,14.19,14.19,13.39,13.5,2580
2013-08-13,13.35,13.96,13.0,13.09,3260
2013-08-14,13.99,13.99,12.83,13.52,1755
2013-08-16,13.2,13.93,12.02,12.22,6540
2013-08-19,13.19,13.19,11.74,11.91,3565
2013-08-20,11.81,13.13,9.71,11.01,31600
2013-08-21,12.45,12.46,11.61,12.01,600
2013-08-22,12.95,12.95,11.52,12.39,625
2013-08-23,12.77,13.89,12.77,13.79,9390
2013-08-26,13.4,13.6,13.01,13.05,26735
2013-08-28,13.97,13.97,12.41,12.84,1470
2013-08-29,13.59,13.59,12.85,12.85,26340
2013-08-30,12.52,13.57,12.51,12.8,1610
2013-09-02,12.55,12.55,12.46,12.5,1475
2013-09-03,12.44,12.44,11.82,11.83,5040
2013-09-04,11.63,12.88,11.62,12.21,42230
2013-09-05,12.4,12.49,11.81,12.14,55635
2013-09-06,11.8,12.79,11.6,11.62,3940
2013-09-10,12.97,13.35,12.29,12.99,11050
2013-09-11,12.6,13.0,12.2,12.97,18740
2013-09-12,13.19,13.19,12.42,12.81,2425
2013-09-13,12.51,12.6,12.4,12.52,6420
2013-09-17,14.47,14.96,12.48,13.28,3710
2013-09-18,13.28,13.28,12.61,13.0,4940
2013-09-19,13.59,13.6,12.8,12.8,1960
2013-09-20,12.6,13.19,12.6,13.0,3275
2013-09-23,12.74,13.1,12.41,12.72,390
2013-09-24,12.8,12.85,12.43,12.6,730
2013-09-25,13.19,13.19,11.73,12.17,6755
2013-09-26,12.04,12.04,11.8,11.95,3565
2013-09-27,12.0,12.28,11.91,12.21,530
2013-09-30,12.0,12.0,11.82,11.85,2425
2013-10-01,11.8,13.55,11.8,12.34,3800
2013-10-03,12.16,12.97,12.16,12.97,550
2013-10-04,12.6,12.6,12.19,12.52,75
2013-10-07,11.8,12.94,11.8,12.4,2570
2013-10-08,12.4,14.78,12.4,13.32,49530
2013-10-09,13.59,14.0,13.11,13.88,4550
2013-10-10,13.6,14.33,12.67,14.0,3600
2013-10-11,14.0,14.59,13.21,13.8,2830
2013-10-18,14.4,14.56,14.4,14.56,2000
2013-10-21,14.3,15.2,14.3,14.7,3750
2013-10-22,14.8,15.2,14.4,15.2,5000
2013-10-23,14.59,15.0,14.59,15.0,2545
2013-10-24,14.1,15.0,14.1,15.0,4500
2013-10-25,15.2,15.2,15.2,15.2,70
2013-10-29,13.61,13.61,13.61,13.61,500
2013-10-30,13.62,13.62,12.4,12.4,1055
2013-10-31,14.2,14.2,13.98,13.98,2510
2013-11-01,14.2,14.98,14.2,14.98,9000
2013-11-03,14.96,14.96,14.96,14.96,2500
2013-11-06,15.9,16.0,15.9,16.0,3025
2013-11-07,14.8,18.76,14.8,18.0,1720
2013-11-08,18.0,18.0,18.0,18.0,25
2013-11-11,16.4,16.8,16.0,16.0,2500
2013-11-12,16.0,16.0,16.0,16.0,1375
2013-11-13,15.21,17.0,14.6,17.0,1075
2013-11-14,17.0,17.0,17.0,17.0,25
2013-11-18,15.3,18.8,15.01,18.8,7900
2013-11-19,15.04,15.2,15.04,15.17,7300
2013-11-20,15.59,15.59,14.0,14.0,220
2013-11-21,15.0,15.0,15.0,15.0,10
2013-11-22,14.12,14.2,14.12,14.2,1360
2013-11-26,12.6,13.2,12.6,13.2,510
2013-11-29,13.8,13.8,13.8,13.8,300
2013-12-03,14.49,14.49,14.49,14.49,271595
2013-12-06,15.0,15.21,15.0,15.21,490000
2013-12-09,14.62,15.03,14.62,15.03,3025
2013-12-10,15.78,15.78,15.78,15.78,500
2013-12-12,15.63,15.63,15.63,15.63,500
2013-12-13,15.63,15.63,15.63,15.63,200
2013-12-16,16.41,16.41,16.41,16.41,2500
2013-12-17,16.41,17.0,16.41,17.0,1005
2013-12-18,17.85,17.85,17.85,17.85,97500
2013-12-19,18.74,18.74,18.74,18.74,10
2013-12-20,17.81,17.85,17.81,17.85,10000
2013-12-23,17.0,17.0,16.96,16.96,172990
2013-12-24,17.2,17.2,16.12,16.12,75840
2013-12-27,16.0,16.0,16.0,16.0,225
2013-12-30,16.8,16.8,16.8,16.8,500
2013-12-31,17.24,17.34,17.24,17.34,325000
2014-01-01,16.82,17.0,16.82,17.0,269995
2014-01-02,16.2,17.0,16.2,17.0,275
2014-01-03,16.97,17.4,16.97,17.4,42500
2014-01-06,17.4,18.27,17.4,18.27,19685
2014-01-07,19.18,19.18,19.18,19.18,705200
2014-01-08,19.18,19.22,18.4,18.8,288795
2014-01-10,19.1,19.1,19.1,19.1,5000
2014-01-13,19.3,20.05,19.3,20.05,8040
2014-01-14,20.0,20.8,19.11,20.0,765
2014-01-15,19.1,20.0,19.1,19.2,6000
2014-01-17,18.8,20.1,18.8,20.1,37980
2014-01-20,20.96,20.96,20.96,20.96,500
2014-01-23,20.4,22.0,20.4,21.9,22280
2014-01-24,21.6,21.6,21.6,21.6,100
2014-01-28,20.58,20.58,20.58,20.58,1250
2014-01-29,19.61,19.61,19.61,19.61,1000
2014-01-30,18.65,18.65,18.65,18.65,500
2014-01-31,19.0,19.0,19.0,19.0,495
2014-02-04,19.6,19.6,19.6,19.6,500
2014-02-05,19.02,19.6,19.02,19.6,1300
2014-02-06,19.25,20.58,19.25,20.58,1700
2014-02-07,21.6,21.6,20.4,20.96,1045
2014-02-10,21.0,21.2,20.6,20.84,31150
2014-02-11,21.49,21.79,20.82,21.16,15270
2014-02-12,21.02,21.02,20.8,20.8,1250
2014-02-13,20.61,21.84,20.61,21.84,34900
2014-02-14,22.79,22.93,21.12,21.12,51000
2014-02-17,21.5,21.98,21.25,21.8,15550
2014-02-18,20.85,21.99,20.85,21.99,1150
2014-02-19,21.42,21.8,21.4,21.4,3245
2014-02-20,21.22,21.22,21.0,21.0,8015
2014-02-21,20.78,21.99,20.78,21.0,575
2014-02-24,21.4,22.05,21.4,22.0,13395
2014-02-25,22.2,22.2,22.2,22.2,750
2014-02-26,22.4,22.79,22.4,22.61,5125
2014-02-28,21.81,21.81,21.8,21.8,500
2014-03-03,21.13,22.8,21.13,22.8,5050
2014-03-04,22.8,23.0,21.86,22.23,50490
2014-03-06,22.8,22.8,22.04,22.04,3025
2014-03-10,22.0,22.0,21.45,21.45,1550
2014-03-11,21.4,22.48,21.4,22.48,14980
2014-03-12,22.6,22.6,22.4,22.4,2275
2014-03-13,23.14,23.14,22.0,22.0,10210
2014-03-14,22.0,22.0,22.0,22.0,250
2014-03-18,22.4,22.6,22.4,22.59,16500
2014-03-20,22.6,22.97,22.6,22.97,3050
2014-03-21,23.2,24.11,22.42,22.42,33350
2014-03-24,22.0,23.27,21.6,22.02,346240
2014-03-25,22.79,22.79,22.0,22.0,17745
2014-03-26,22.0,22.0,21.02,21.23,2500
2014-03-28,22.0,22.0,22.0,22.0,20
2014-03-31,22.76,23.1,22.34,22.34,135890
2014-04-01,22.8,23.2,22.0,22.12,706700
2014-04-02,22.01,22.01,21.6,22.0,135190
2014-04-03,22.96,22.96,21.8,21.8,1210
2014-04-04,21.8,21.8,20.82,21.07,697000
2014-04-07,21.06,22.12,21.0,22.12,450105
2014-04-09,22.8,23.22,22.8,23.22,603480
2014-04-10,24.38,24.38,23.8,24.38,231915
2014-04-11,25.37,25.59,25.37,25.59,10975
2014-04-15,24.32,26.86,24.32,26.86,31835
2014-04-16,28.19,28.19,26.8,26.8,40985
2014-04-17,27.8,28.14,26.61,27.79,18420
2014-04-21,28.2,29.17,28.0,28.0,59290
2014-04-22,28.0,28.98,27.05,28.98,38175
2014-04-23,28.8,28.8,27.64,28.4,19255
2014-04-25,28.0,28.0,27.0,27.98,11005
2014-04-28,28.0,28.0,27.2,27.2,25500
2014-04-29,27.6,27.6,26.99,27.09,30115
2014-04-30,26.2,26.3,25.8,25.8,26935
2014-05-02,25.6,25.99,24.6,24.6,9675
2014-05-05,25.59,25.59,23.4,23.49,5105
2014-05-06,24.2,24.38,22.32,23.0,12350
2014-05-07,22.6,24.15,22.6,23.25,8165
2014-05-08,22.4,24.4,22.4,23.6,606705
2014-05-09,23.0,24.0,22.45,22.7,13785
2014-05-12,23.8,23.83,23.8,23.83,6725
2014-05-13,22.71,24.01,22.71,24.0,5605
2014-05-14,24.0,24.8,24.0,24.8,9595
2014-05-15,24.4,24.42,24.2,24.2,2000
2014-05-16,23.0,24.11,23.0,24.08,3210
2014-05-19,24.9,25.28,24.9,25.28,25135
2014-05-20,26.54,26.54,26.21,26.54,201645
2014-05-21,27.78,27.86,27.78,27.86,273555
2014-05-22,29.18,29.25,27.2,29.25,50360
2014-05-23,30.0,30.71,30.0,30.56,81655
2014-05-26,32.0,32.08,32.0,32.08,49470
2014-05-27,31.0,33.17,30.98,30.98,4500
2014-05-28,31.57,31.57,30.0,30.0,15010
2014-05-29,31.2,31.49,28.5,28.51,4280
2014-05-30,29.89,29.92,29.0,29.82,11455
2014-06-02,30.4,30.4,30.2,30.2,10
2014-06-03,30.2,30.2,29.0,30.18,2605
2014-06-04,29.18,30.02,28.7,30.02,6835
2014-06-05,30.6,30.6,29.12,29.8,5045
2014-06-06,29.2,29.8,28.5,29.65,8510
2014-06-09,28.21,31.13,28.21,31.13,108970
2014-06-10,31.6,32.65,30.01,32.65,26580
2014-06-11,34.28,34.28,34.28,34.28,86180
2014-06-12,35.99,35.99,32.61,35.99,43715
2014-06-13,37.6,37.68,34.43,35.8,20965
2014-06-16,34.04,37.59,34.01,37.11,15500
2014-06-17,37.8,37.8,35.4,36.8,5795
2014-06-18,36.8,37.19,35.02,35.82,11280
2014-06-19,35.0,35.1,35.0,35.1,14555
2014-06-20,34.02,34.99,34.02,34.07,13860
2014-06-23,35.48,35.48,33.0,33.0,1505
2014-06-24,33.1,34.4,32.04,32.6,2605
2014-06-25,33.6,33.6,32.0,33.2,2760
2014-06-26,32.4,33.98,32.4,33.98,1300
2014-06-27,34.8,34.8,34.8,34.8,5
2014-06-30,36.0,36.54,34.0,36.3,50580
2014-07-01,38.0,38.11,37.6,38.11,531525
2014-07-02,40.01,40.01,39.0,40.01,355115
2014-07-03,41.9,42.0,39.98,41.09,125185
2014-07-04,41.4,42.95,39.04,41.44,169820
2014-07-07,39.94,42.9,39.8,42.45,82750
2014-07-08,42.45,42.45,40.33,40.33,166870
2014-07-09,40.2,40.2,38.42,40.0,14055
2014-07-10,38.3,40.4,38.11,40.4,24290
2014-07-11,38.4,39.01,38.38,38.38,22305
2014-07-14,38.2,39.94,38.2,38.8,21000
2014-07-15,38.74,40.6,38.74,39.21,6340
2014-07-16,41.1,41.1,39.65,40.48,27730
2014-07-17,39.01,41.8,39.01,41.72,96480
2014-07-18,40.9,42.0,40.9,41.84,39560
2014-07-21,40.41,41.94,40.2,41.62,55
2014-07-22,40.01,43.7,40.01,42.89,63085
2014-07-23,42.0,42.21,41.0,42.2,3260
2014-07-24,40.24,44.31,40.24,43.74,71260
2014-07-25,42.4,45.88,42.2,45.61,54440
2014-07-28,46.0,46.32,45.0,46.0,96520
2014-07-30,44.45,45.57,43.7,44.97,14325
2014-07-31,45.0,46.0,42.9,46.0,120710
2014-08-01,43.8,45.0,43.8,45.0,6375
2014-08-04,43.1,46.0,43.1,45.99,2700
2014-08-05,46.0,48.28,46.0,47.11,107930
2014-08-06,45.4,47.2,45.4,47.2,25955
2014-08-07,45.6,47.23,45.6,46.06,3935
2014-08-08,47.2,47.2,45.32,47.0,1435
2014-08-11,46.8,48.0,46.01,47.67,12150
2014-08-12,48.0,48.1,45.89,46.17,17915
2014-08-13,48.4,48.4,45.82,45.92,14885
2014-08-14,45.9,46.98,45.9,46.26,4455
2014-08-18,48.0,48.0,46.64,47.8,2200
2014-08-19,47.0,47.2,47.0,47.0,3935
2014-08-20,47.0,49.35,47.0,48.74,72535
2014-08-21,48.0,51.17,48.0,51.07,16985
2014-08-22,53.4,53.4,49.0,51.4,18315
2014-08-25,49.6,49.6,49.4,49.45,665
2014-08-26,47.3,49.6,47.3,48.7,7015
2014-08-27,49.61,49.61,48.0,49.6,3825
2014-08-28,48.4,49.6,48.4,48.98,12255
2014-09-01,50.0,51.42,46.6,51.42,3152035
2014-09-02,49.3,52.18,49.0,51.29,2221760
2014-09-03,52.0,52.0,49.21,49.97,1894400
2014-09-04,49.41,50.98,49.4,49.44,540450
2014-09-05,50.56,50.56,49.0,49.35,45115
2014-09-08,50.4,51.4,46.89,50.97,2224005
2014-09-09,51.2,51.2,49.2,49.95,62200
2014-09-10,49.95,50.4,49.2,49.54,102270
2014-09-11,50.0,51.0,49.4,50.58,518565
2014-09-12,50.6,50.6,49.21,49.89,45840
2014-09-15,49.9,50.0,49.06,49.74,944640
2014-09-16,50.0,50.3,47.26,47.26,55055
2014-09-17,47.0,49.62,45.26,49.23,91530
2014-09-18,50.4,50.4,48.02,48.94,44570
2014-09-19,49.6,50.0,47.9,48.41,92310
2014-09-22,49.62,49.9,48.8,49.49,27130
2014-09-23,48.48,50.0,48.2,48.79,733365
2014-09-24,48.0,48.8,47.4,47.72,8520
2014-09-25,47.2,47.9,45.34,45.48,22130
2014-09-26,46.99,47.75,45.42,47.2,21820
2014-09-29,48.68,48.68,47.8,47.8,36705
2014-09-30,47.0,47.99,46.6,47.24,9610
2014-10-01,47.6,48.0,46.0,46.8,29090
2014-10-07,46.8,47.6,44.7,46.59,23370
2014-10-08,47.0,47.0,45.2,46.0,8935
2014-10-09,46.0,46.8,46.0,46.49,30865
2014-10-10,44.4,46.2,44.4,46.2,40435
2014-10-13,44.8,46.4,44.21,46.4,16600
2014-10-14,44.46,46.8,44.46,46.07,29705
2014-10-16,46.14,46.14,44.0,44.13,116275
2014-10-17,44.0,44.8,42.42,44.08,13215
2014-10-20,45.0,45.6,43.0,45.21,5620
2014-10-21,45.39,46.2,45.38,46.0,46505
2014-10-22,46.0,47.0,46.0,46.58,15260
2014-10-23,46.8,48.6,46.8,47.29,30375
2014-10-27,48.95,48.98,46.4,47.91,66455
2014-10-28,49.0,49.0,47.02,47.47,58650
2014-10-29,48.0,48.99,47.02,48.46,15570
2014-10-30,48.6,50.0,48.6,49.84,119460
2014-10-31,48.24,52.33,48.24,52.33,133490
2014-11-03,54.94,54.94,54.04,54.8,380645
2014-11-05,54.98,56.0,52.4,55.62,563010
2014-11-07,56.0,56.2,54.42,55.88,178075
2014-11-10,55.88,56.6,54.67,56.14,131345
2014-11-11,55.6,57.2,54.82,56.85,853840
2014-11-12,56.98,57.18,56.05,56.6,42005
2014-11-13,56.8,57.19,55.42,56.64,170400
2014-11-14,56.8,59.47,56.4,59.38,357480
2014-11-17,60.0,62.34,60.0,62.34,669930
2014-11-18,62.81,63.4,59.23,61.86,154130
2014-11-19,61.94,62.6,58.77,61.12,292640
2014-11-20,60.22,62.0,58.4,60.11,55415
2014-11-21,61.0,61.4,58.2,59.3,146565
2014-11-24,57.6,60.0,57.6,59.19,185025
2014-11-25,59.68,60.02,56.4,59.96,227565
2014-11-26,59.8,60.0,58.76,59.08,220330
2014-11-27,59.59,59.6,58.6,59.15,289725
2014-11-28,59.6,61.34,59.6,60.77,74635
2014-12-01,61.2,61.59,59.08,59.35,423540
2014-12-02,59.16,60.98,58.56,59.02,162355
2014-12-03,59.2,61.8,59.2,60.62,101910
2014-12-04,61.1,63.65,61.0,63.62,725265
2014-12-05,65.36,70.4,63.15,66.79,1962665
2014-12-08,66.2,66.61,64.2,65.26,352575
2014-12-09,65.0,66.4,61.0,63.87,325945
2014-12-10,63.8,66.4,63.0,65.03,307780
2014-12-11,65.57,65.8,63.61,65.56,137995
2014-12-12,65.0,65.78,62.0,62.6,127125
2014-12-15,62.6,62.6,60.62,61.63,127865
2014-12-16,61.21,61.96,57.96,60.17,119640
2014-12-17,59.8,61.56,57.76,59.86,120110
2014-12-18,60.4,62.53,60.4,62.15,115875
2014-12-19,62.51,63.6,62.0,62.25,120385
2014-12-22,62.8,62.81,61.4,62.23,178380
2014-12-23,62.15,62.96,61.0,61.72,105725
2014-12-24,61.8,62.91,60.82,62.03,27035
2014-12-26,61.6,65.03,61.6,64.46,152715
2014-12-29,65.9,65.9,63.8,64.31,76895
2014-12-30,64.8,66.02,63.24,64.51,44375
2015-01-01,67.34,69.6,66.5,68.07,292950
2015-01-02,67.22,70.0,67.22,69.29,392060
2015-01-05,69.8,72.2,69.61,71.18,674320
2015-01-06,70.61,70.79,67.01,68.31,148640
2015-01-07,68.0,69.0,66.34,67.42,209860
2015-01-08,69.37,71.4,68.9,70.12,229040
2015-01-09,69.4,77.0,69.4,75.02,736925
2015-01-12,75.58,79.2,75.2,77.68,3279020
2015-01-13,79.86,81.6,77.79,79.67,1580345
2015-01-14,80.01,80.98,75.62,78.05,281435
2015-01-15,81.0,81.0,77.6,78.03,168575
2015-01-16,78.4,79.6,78.4,78.9,136300
2015-01-19,79.37,82.8,79.37,82.08,692865
2015-01-20,82.66,83.2,79.6,80.98,507370
2015-01-21,80.58,83.0,80.58,82.7,234305
2015-01-22,82.8,86.2,82.61,85.2,380085
2015-01-23,85.99,87.6,83.44,85.14,348145
2015-01-27,86.0,92.96,86.0,91.09,656270
2015-01-28,91.09,92.0,88.4,90.07,277415
2015-01-29,90.0,92.6,89.21,90.57,275550
2015-01-30,90.58,91.52,89.0,90.33,399055
2015-02-02,92.6,95.0,87.72,89.99,789670
2015-02-03,91.32,91.32,82.76,85.33,327950
2015-02-04,87.56,89.2,85.0,86.01,178000
2015-02-05,88.0,88.0,83.1,84.18,98525
2015-02-06,85.87,85.87,80.2,81.58,128290
2015-02-09,82.6,85.39,78.6,79.86,242460
2015-02-10,78.43,82.19,78.03,81.99,546835
2015-02-11,82.89,84.0,81.09,82.01,462825
2015-02-12,81.82,83.4,81.25,82.81,382210
2015-02-13,82.99,83.2,80.97,82.07,315520
2015-02-16,82.96,84.66,82.4,83.59,108550
2015-02-18,83.57,89.39,81.85,87.2,539590
2015-02-19,87.9,89.6,85.99,89.07,285240
2015-02-20,89.01,94.2,88.36,90.07,1535895
2015-02-23,89.4,94.0,89.4,90.8,145640
2015-02-24,90.88,91.0,87.32,88.51,112870
2015-02-25,89.0,90.2,88.6,89.73,155145
2015-02-26,88.52,89.4,86.0,87.49,124975
2015-02-27,88.07,89.6,87.12,89.08,129825
2015-02-28,88.07,91.0,84.6,90.3,322910
2015-03-02,88.71,89.6,86.02,89.04,97195
2015-03-03,88.02,90.96,87.53,90.03,123120
2015-03-04,90.0,90.48,87.62,88.7,143750
2015-03-05,87.72,89.8,87.0,89.17,207715
2015-03-09,87.83,88.6,84.0,88.14,126945
2015-03-10,87.33,89.51,85.6,87.96,46325
2015-03-11,88.19,88.21,86.4,87.52,100765
2015-03-12,88.0,89.0,86.71,87.88,148170
2015-03-13,89.39,89.6,82.92,84.45,104355
2015-03-16,84.0,86.8,83.97,84.23,139245
2015-03-17,86.2,86.2,82.32,83.64,168710
2015-03-18,83.78,84.2,80.0,83.59,113205
2015-03-19,84.19,85.18,83.07,83.6,64245
2015-03-20,83.41,83.41,80.2,81.06,67505
2015-03-23,81.0,81.56,78.0,80.53,72230
2015-03-24,80.4,82.2,79.28,80.58,58780
2015-03-25,81.25,83.04,79.42,82.43,117705
2015-03-26,80.93,82.0,79.61,81.02,65500
2015-03-27,80.61,83.2,79.4,79.74,42675
2015-03-30,82.7,85.4,81.1,83.99,388490
2015-03-31,84.6,86.0,82.4,85.61,88665
2015-04-01,85.0,88.26,85.0,87.75,138320
2015-04-06,88.57,90.87,88.01,89.7,184405
2015-04-07,89.2,97.6,89.0,95.43,771945
2015-04-08,96.6,100.36,96.6,99.1,1366585
2015-04-09,100.2,104.2,99.0,101.92,742395
2015-04-10,105.4,105.8,101.8,105.1,1137340
2015-04-13,106.8,116.4,106.8,114.58,1658295
2015-04-15,115.4,115.4,108.72,110.36,578325
2015-04-16,112.02,112.02,105.6,108.41,309115
2015-04-17,109.48,109.49,102.82,105.04,699125
2015-04-20,105.6,106.0,100.02,101.8,149020
2015-04-21,101.76,106.6,101.0,103.69,112010
2015-04-22,104.72,105.8,102.05,102.83,108830
2015-04-23,104.8,108.2,103.68,107.36,199655
2015-04-24,106.96,107.54,101.0,103.36,363915
2015-04-27,105.0,105.0,97.51,100.64,298240
2015-04-28,98.81,103.77,98.8,102.77,148315
2015-04-29,101.22,102.8,99.48,101.5,74925
2015-04-30,102.25,102.36,100.2,101.14,55075
2015-05-04,110.8,110.8,104.04,105.29,75255
2015-05-05,106.5,109.35,104.92,108.9,243970
2015-05-06,109.5,110.0,103.4,105.68,235775
2015-05-07,103.22,108.8,102.96,104.09,208610
2015-05-08,104.08,106.98,104.08,106.03,132980
2015-05-11,107.98,118.4,107.98,113.56,620370
2015-05-12,114.8,115.7,106.56,108.7,384940
2015-05-13,109.82,118.8,109.68,116.56,865665
2015-05-14,117.0,120.22,115.66,115.92,279645
2015-05-15,116.95,119.4,116.0,119.08,394975
2015-05-18,125.0,126.7,115.05,116.24,1411015
2015-05-19,117.34,120.0,114.32,115.67,277865
2015-05-20,118.38,118.4,114.62,115.68,233665
2015-05-21,115.93,116.6,112.9,114.64,137170
2015-05-22,115.03,116.4,111.77,114.06,142895
2015-05-25,112.99,114.24,108.0,111.3,129335
2015-05-26,111.02,113.6,110.28,111.66,76580
2015-05-27,112.01,112.4,106.43,108.13,196185
2015-05-28,111.08,111.2,105.2,110.31,302070
2015-05-29,110.64,113.48,109.99,111.99,103795
2015-06-01,113.91,114.2,111.36,112.93,44020
2015-06-02,112.66,114.6,110.81,113.37,325800
2015-06-03,113.98,113.98,103.27,107.43,217725
2015-06-04,107.8,109.2,105.0,106.41,140525
2015-06-05,104.1,107.0,103.6,106.24,277615
2015-06-08,107.0,107.0,102.0,102.83,70950
2015-06-09,102.12,104.0,100.4,103.33,176370
2015-06-10,103.56,106.0,103.55,105.29,56715
2015-06-11,106.0,106.0,101.4,101.57,108895
2015-06-12,100.68,102.57,100.39,101.12,102695
2015-06-15,106.0,106.0,101.31,102.57,58265
2015-06-16,102.18,102.2,100.42,101.06,37660
2015-06-17,102.01,106.8,100.98,105.73,211030
2015-06-18,107.78,108.0,106.02,106.45,143770
2015-06-19,107.4,108.43,106.2,108.19,96765
2015-06-22,109.96,110.8,107.22,110.49,140510
2015-06-23,110.41,119.4,110.28,118.39,718070
2015-06-24,118.97,137.64,118.97,127.35,4719575
2015-06-25,128.39,135.0,128.39,132.54,1663935
2015-06-26,131.56,132.0,127.32,129.04,369275
2015-06-29,125.99,129.0,120.02,128.47,471935
2015-06-30,129.5,135.5,129.12,130.1,721165
2015-07-01,130.94,133.4,129.4,130.0,318010
2015-07-02,130.95,134.0,128.02,132.22,518125
2015-07-03,132.2,144.0,131.99,140.35,2064265
2015-07-06,137.58,149.32,136.2,144.87,1082350
2015-07-07,145.8,145.8,138.79,140.48,376935
2015-07-08,140.6,145.21,138.42,143.72,636625
2015-07-09,143.7,145.98,141.04,142.36,340120
2015-07-10,143.0,144.79,141.0,142.56,196780
2015-07-13,144.16,145.38,141.62,142.67,730415
2015-07-14,142.93,145.51,142.24,142.47,303470
2015-07-15,143.99,145.1,142.5,143.59,611090
2015-07-16,144.39,152.04,143.6,149.5,1275400
2015-07-17,150.74,150.8,148.42,149.45,542400
2015-07-20,150.69,150.69,146.42,148.46,295750
2015-07-21,147.32,150.0,141.2,142.97,276615
2015-07-22,142.6,149.04,142.0,143.25,459190
2015-07-23,144.8,148.5,142.5,146.08,381945
2015-07-24,146.08,146.88,142.66,143.28,145305
2015-07-27,144.0,144.0,137.39,138.84,483530
2015-07-28,141.0,142.0,134.66,135.64,274800
2015-07-29,137.99,139.06,135.2,136.45,336770
2015-07-30,138.32,138.74,135.02,135.92,244635
2015-07-31,136.8,145.0,135.0,143.37,514025
2015-08-03,146.4,153.44,146.32,151.41,1257315
2015-08-04,151.4,156.2,147.5,152.41,935640
2015-08-05,153.2,155.14,148.48,150.37,895145
2015-08-06,150.39,152.98,146.4,148.15,285480
2015-08-07,149.76,153.99,136.6,140.49,1023240
2015-08-10,146.0,146.83,138.9,141.06,1344945
2015-08-11,142.8,143.56,139.67,140.18,374640
2015-08-12,140.0,141.19,136.0,137.76,245785
2015-08-13,138.4,141.2,130.2,132.76,336275
2015-08-14,133.01,146.0,132.86,144.18,697405
2015-08-17,142.2,144.0,137.99,143.47,323200
2015-08-18,144.59,144.6,140.6,141.19,320090
2015-08-19,142.53,142.54,137.44,137.93,194905
2015-08-20,137.9,141.79,135.6,137.04,368105
2015-08-21,135.99,135.99,131.01,134.81,211560
2015-08-24,132.0,132.0,124.02,124.39,802690
2015-08-25,127.0,129.92,112.0,125.04,637910
2015-08-26,125.4,125.4,118.0,120.35,716530
2015-08-27,123.01,127.16,120.2,125.18,650990
2015-08-28,127.67,136.8,126.66,131.18,464620
2015-08-31,132.69,133.0,127.6,128.48,167785
2015-09-01,127.88,127.88,122.0,124.02,309865
2015-09-02,125.91,127.02,122.8,123.68,129155
2015-09-03,126.0,131.01,124.0,129.0,191525
2015-09-04,127.31,127.31,121.82,124.45,185480
2015-09-07,124.0,125.94,120.4,124.28,190110
2015-09-08,125.01,125.01,105.0,118.6,1542070
2015-09-09,121.01,124.94,120.0,123.72,234255
2015-09-10,121.58,125.2,116.0,121.71,724105
2015-09-11,124.0,124.6,120.54,121.56,110210
2015-09-14,121.48,125.98,121.48,125.38,113085
2015-09-15,125.2,125.2,120.0,123.63,88445
2015-09-16,124.74,125.2,123.59,123.89,91515
2015-09-18,125.6,127.59,125.59,126.29,97675
2015-09-21,124.01,126.63,123.0,125.05,65155
2015-09-22,124.04,129.92,124.0,124.84,112075
2015-09-23,123.8,124.92,120.98,121.76,126250
2015-09-24,121.8,125.69,120.44,122.99,88390
2015-09-28,123.22,125.01,119.21,121.97,137970
2015-09-29,121.4,121.4,117.6,118.58,121960
2015-09-30,118.21,121.41,118.21,120.2,65750
2015-10-01,121.4,124.0,120.4,121.87,123720
2015-10-05,122.0,125.8,120.22,124.24,224255
2015-10-06,125.44,126.8,123.48,125.86,78170
2015-10-07,124.6,125.72,121.3,122.02,463065
2015-10-08,122.66,133.0,121.0,128.85,386200
2015-10-09,131.6,132.76,126.01,127.38,190755
2015-10-12,125.01,130.0,124.0,127.26,77330
2015-10-13,126.99,127.12,125.61,126.6,74390
2015-10-14,126.8,127.19,125.0,126.69,86510
2015-10-15,125.57,128.0,124.7,125.08,145095
2015-10-16,126.11,127.0,122.3,123.12,828890
2015-10-19,126.28,126.58,122.6,125.74,362350
2015-10-20,123.22,130.0,123.22,129.01,236360
2015-10-21,128.79,129.6,127.0,127.38,58360
2015-10-23,128.0,129.4,124.0,125.26,134190
2015-10-26,126.04,126.88,124.0,124.57,63085
2015-10-27,125.59,125.67,122.0,122.26,66910
2015-10-28,122.0,123.21,116.12,118.64,330885
2015-10-29,119.15,120.0,114.0,115.32,336605
2015-10-30,116.0,118.8,114.4,114.75,175060
2015-11-02,116.01,117.6,114.2,116.08,70065
2015-11-03,117.38,117.8,115.99,116.69,79470
2015-11-04,116.76,117.6,115.2,115.79,74915
2015-11-05,115.83,115.83,110.8,113.37,91385
2015-11-06,113.0,116.04,109.2,112.35,197550
2015-11-09,109.6,111.32,107.0,107.76,220905
2015-11-10,107.12,113.0,105.0,109.47,619460
2015-11-11,109.16,111.6,108.26,110.55,255275
2015-11-13,109.43,117.0,107.4,113.62,438690
2015-11-16,113.96,113.96,106.0,106.96,348930
2015-11-17,108.3,108.97,105.05,106.08,135225
2015-11-18,106.26,106.56,100.42,102.87,198915
2015-11-19,103.0,107.51,102.24,105.64,450860
2015-11-20,105.59,108.0,104.4,104.82,169825
2015-11-23,105.87,109.0,105.0,106.16,352810
2015-11-24,106.13,108.95,103.11,103.46,174070
2015-11-26,103.99,106.86,102.2,103.14,823690
2015-11-27,106.99,116.38,105.06,112.24,820580
2015-11-30,110.0,114.33,108.01,110.93,425425
2015-12-01,110.04,114.36,110.04,110.86,266730
2015-12-02,110.5,112.32,108.21,110.88,268685
2015-12-03,110.0,111.2,108.03,108.49,162165
2015-12-04,107.01,110.8,107.0,108.18,118145
2015-12-07,109.18,110.0,105.59,106.24,189905
2015-12-08,106.0,108.01,105.08,106.31,114120
2015-12-09,107.78,110.2,101.51,102.59,166440
2015-12-10,103.99,105.36,102.3,104.03,180955
2015-12-11,103.8,104.68,102.0,102.85,128830
2015-12-14,102.11,104.7,102.0,103.34,118025
2015-12-15,103.1,107.56,103.1,106.77,410650
2015-12-16,106.41,106.79,104.4,105.1,75720
2015-12-17,105.96,107.97,104.32,107.27,187535
2015-12-18,106.15,108.19,105.6,107.47,761605
2015-12-21,106.4,110.74,106.4,108.89,438970
2015-12-22,112.43,113.0,109.05,111.6,321175
2015-12-23,113.0,113.0,107.33,108.16,127785
2015-12-24,108.48,108.48,105.21,105.82,205640
2015-12-28,105.22,105.8,105.0,105.46,124295
2015-12-29,105.8,110.0,105.25,106.46,235455
2015-12-30,105.42,108.4,105.42,107.58,110455
2015-12-31,107.4,108.4,104.4,105.26,136710
2016-01-01,106.95,107.2,103.8,104.36,212610
2016-01-04,105.81,106.36,102.0,102.27,176235
2016-01-05,103.21,103.54,98.42,101.1,456645
2016-01-06,101.1,102.65,98.21,99.16,139995
2016-01-07,98.01,98.01,95.0,96.1,344135
2016-01-08,98.0,98.02,94.6,95.7,305415
2016-01-11,94.44,95.0,91.8,92.41,501050
2016-01-12,93.8,93.8,87.0,87.5,382235
2016-01-13,88.99,90.01,82.0,87.69,616145
2016-01-14,85.41,88.0,83.0,85.89,218085
2016-01-15,86.09,86.41,81.02,82.89,172590
2016-01-18,79.01,86.0,78.8,82.57,479455
2016-01-19,84.04,88.0,82.4,87.48,140880
2016-01-20,86.0,86.01,82.7,84.28,107750
2016-01-21,86.2,87.41,81.61,81.94,88880
2016-01-22,82.21,84.99,80.65,83.94,192445
2016-01-25,86.89,86.9,82.93,83.8,199660
2016-01-27,86.0,86.56,83.2,85.57,96895
2016-01-28,84.85,87.96,84.43,87.53,121345
2016-01-29,88.0,88.0,84.4,84.99,388725
2016-02-01,87.04,87.3,84.91,85.72,73590
2016-02-02,86.4,86.4,82.46,84.28,184320
2016-02-03,83.4,83.4,81.02,82.48,80845
2016-02-04,82.01,83.15,78.9,79.51,89990
2016-02-05,80.2,83.16,79.3,81.59,151640
2016-02-08,81.94,83.99,81.35,82.42,62140
2016-02-09,81.24,81.65,79.8,80.02,66685
2016-02-10,80.0,80.5,73.88,75.44,355325
2016-02-11,75.82,75.98,64.62,67.47,256885
2016-02-12,67.0,75.2,63.4,73.26,200645
2016-02-15,66.6,74.0,62.4,69.23,1429305
2016-02-16,69.96,72.33,66.8,68.63,464585
2016-02-17,68.1,71.33,68.1,69.68,106090
2016-02-18,69.5,71.32,65.02,66.36,324115
2016-02-19,67.2,68.0,66.68,67.01,242630
2016-02-22,65.8,67.8,65.8,66.43,53895
2016-02-23,66.02,66.17,63.79,64.37,36520
2016-02-24,64.37,64.37,61.0,61.19,104010
2016-02-25,60.0,60.0,58.2,58.35,412645
2016-02-26,59.0,60.44,57.0,57.96,129995
2016-02-29,57.0,58.04,53.38,56.97,189435
2016-03-01,55.83,63.79,55.83,63.07,569010
2016-03-02,64.48,65.6,63.2,64.42,120805
2016-03-03,63.8,65.94,62.81,64.94,71145
2016-03-04,63.6,66.98,63.6,66.71,53075
2016-03-08,68.0,71.2,65.06,65.96,236460
2016-03-09,66.09,68.0,64.8,67.6,49280
2016-03-10,70.2,71.58,66.0,66.35,716375
2016-03-11,67.31,68.6,66.56,67.98,230500
2016-03-14,68.12,70.8,68.12,68.79,449165
2016-03-15,68.94,69.66,67.22,67.84,164305
2016-03-16,69.59,69.59,66.12,66.97,410515
2016-03-17,68.99,68.99,67.04,67.47,142105
2016-03-18,67.4,68.44,66.28,67.03,174515
2016-03-21,67.2,69.79,67.0,68.53,136335
2016-03-22,68.53,72.0,68.5,69.0,801730
2016-03-23,69.4,69.59,67.21,67.78,109480
2016-03-28,67.8,68.8,66.4,67.95,177120
2016-03-29,67.2,68.2,67.2,67.95,212130
2016-03-30,68.59,71.57,67.7,69.08,184635
2016-03-31,69.38,70.88,68.01,68.82,210810
2016-04-01,69.02,71.4,68.72,70.14,316275
2016-04-04,70.4,73.6,70.23,73.35,1619415
2016-04-05,72.74,77.38,72.01,75.9,1409715
2016-04-06,76.56,80.87,74.94,79.74,835980
2016-04-07,80.0,81.74,79.35,79.62,478065
2016-04-08,79.0,81.3,77.2,77.71,178340
2016-04-11,77.66,83.9,77.66,81.38,559715
2016-04-12,81.2,82.59,81.0,81.77,149535
2016-04-13,81.21,82.4,79.01,80.01,214585
2016-04-18,76.2,81.84,76.2,81.42,104555
2016-04-20,82.19,83.9,81.48,82.14,208235
2016-04-21,81.82,82.79,80.02,81.85,139410
2016-04-22,82.0,82.4,80.7,81.55,76330
2016-04-25,83.0,83.2,81.79,82.73,75310
2016-04-26,82.36,83.3,80.86,81.13,78765
2016-04-27,81.12,82.4,80.8,81.67,136165
2016-04-28,82.2,82.45,79.0,79.52,102030
2016-04-29,78.2,82.2,78.2,81.18,128055
2016-05-02,81.0,82.4,80.79,82.29,86130
2016-05-03,79.82,85.0,79.82,83.47,217520
2016-05-04,83.0,83.9,80.31,80.76,94090
2016-05-05,80.01,82.8,79.82,81.42,40370
2016-05-06,81.5,82.14,79.0,79.97,31565
2016-05-09,80.8,81.7,80.28,80.86,61320
2016-05-10,80.6,81.57,79.0,79.35,43865
2016-05-11,79.2,79.56,77.0,77.93,168620
2016-05-12,79.97,79.97,76.64,76.96,107985
2016-05-13,78.6,78.6,74.8,75.23,59920
2016-05-16,75.0,75.4,72.6,72.97,58905
2016-05-17,73.0,77.54,73.0,74.96,189580
2016-05-18,74.0,75.0,73.0,74.28,280085
2016-05-19,75.0,85.0,71.4,71.91,224900
2016-05-20,71.4,74.0,70.24,73.24,70980
2016-05-23,71.33,76.5,70.49,75.06,1038125
2016-05-24,74.02,75.39,71.2,74.22,81755
2016-05-25,75.01,76.2,71.4,72.3,188035
2016-05-26,73.96,77.78,73.61,76.56,176155
2016-05-27,77.0,78.4,76.4,77.89,106305
2016-05-30,79.48,79.48,76.0,76.56,54215
2016-05-31,77.2,77.4,75.0,76.9,78460
2016-06-01,76.4,77.4,75.4,75.91,133220
2016-06-02,76.79,77.0,74.53,74.98,110030
2016-06-03,76.6,78.13,75.4,77.43,230270
2016-06-06,78.0,79.11,76.4,77.85,130650
2016-06-07,77.98,79.0,76.6,78.24,322335
2016-06-08,77.22,84.4,77.22,83.9,396110
2016-06-09,84.0,85.38,82.0,83.23,230700
2016-06-10,83.3,85.0,83.01,83.85,227070
2016-06-13,83.0,89.4,82.04,88.5,389365
2016-06-14,89.39,91.08,86.9,87.69,272105
2016-06-15,88.8,88.8,86.74,87.02,129440
2016-06-16,87.02,87.48,85.0,85.89,63165
2016-06-17,86.0,87.79,85.01,85.95,210260
2016-06-20,86.0,87.29,85.02,85.53,60065
2016-06-21,85.6,86.16,83.2,84.36,100635
2016-06-22,82.51,84.4,82.5,82.64,24565
2016-06-23,83.19,83.4,81.2,82.35,49340
2016-06-24,81.0,82.0,75.36,80.29,234645
2016-06-27,81.2,84.43,79.4,82.67,89915
2016-06-28,82.67,83.6,81.4,81.75,35480
2016-06-29,82.0,87.4,82.0,85.32,296315
2016-06-30,86.01,88.98,86.01,88.16,303670
2016-07-01,88.31,90.0,87.7,89.55,360830
2016-07-04,89.0,92.4,89.0,90.29,478890
2016-07-05,90.6,91.14,86.02,89.34,48135
2016-07-07,88.12,89.6,85.22,86.07,439200
2016-07-08,86.8,87.0,81.6,82.36,112770
2016-07-11,84.95,84.95,82.56,84.31,60950
2016-07-12,84.8,87.6,83.43,85.88,130090
2016-07-13,86.0,87.4,85.2,86.87,201185
2016-07-14,87.0,88.0,86.0,86.69,83155
2016-07-15,87.79,88.55,85.95,87.75,86480
2016-07-18,89.59,89.59,84.46,85.07,60275
2016-07-19,86.71,86.71,83.01,84.77,54750
2016-07-20,86.6,86.6,84.13,85.2,22760
2016-07-21,84.71,85.1,77.54,83.82,49525
2016-07-22,87.2,87.2,83.24,83.98,58295
2016-07-25,86.11,86.11,82.12,83.22,60965
2016-07-26,83.4,84.4,82.51,82.77,69535
2016-07-27,83.63,83.64,81.8,82.21,25895
2016-07-28,85.49,85.49,82.0,82.54,72240
2016-07-29,84.98,84.98,82.0,82.3,67490
2016-08-01,83.99,84.4,81.13,82.91,110990
2016-08-02,84.0,84.0,80.72,81.77,45345
2016-08-03,81.77,81.77,79.0,79.58,127155
2016-08-04,81.46,81.46,77.76,79.32,78300
2016-08-05,79.8,85.56,78.2,83.26,235980
2016-08-08,83.81,84.0,82.52,83.04,22530
2016-08-09,82.8,84.48,82.8,83.62,99315
2016-08-10,83.02,84.2,83.02,83.7,176875
2016-08-11,83.16,84.6,82.91,84.14,66215
2016-08-12,84.0,85.0,83.62,83.93,140750
2016-08-16,80.2,81.3,75.1,80.36,1134150
2016-08-17,80.4,84.11,78.11,81.8,354550
2016-08-18,83.91,85.6,81.2,84.04,263140
2016-08-19,84.97,84.98,82.33,82.67,64970
2016-08-22,82.6,83.8,82.2,82.8,16980
2016-08-23,81.2,84.39,81.2,83.05,40080
2016-08-24,82.2,83.2,82.17,82.93,59070
2016-08-25,82.21,86.4,81.99,83.04,384165
2016-08-26,84.0,84.4,82.0,82.26,190540
2016-08-29,82.05,82.78,80.0,81.78,36735
2016-08-30,82.74,82.87,80.32,81.38,146565
2016-08-31,81.4,82.86,80.8,81.9,132155
2016-09-01,83.1,83.1,78.74,80.04,178740
2016-09-02,81.0,81.11,80.01,80.79,476015
2016-09-06,81.0,81.83,79.34,79.93,101650
2016-09-07,80.98,81.0,76.4,78.29,249280
2016-09-08,78.4,78.79,76.4,77.62,1016210
2016-09-09,77.8,78.31,75.81,76.82,139235
2016-09-12,75.99,76.0,73.0,74.19,160525
2016-09-14,77.0,77.0,74.01,75.46,43495
2016-09-15,75.02,76.0,74.2,75.12,40810
2016-09-16,77.6,77.6,75.6,76.23,187235
2016-09-19,77.99,77.99,74.68,76.41,40035
2016-09-20,77.58,77.6,74.52,75.92,151415
2016-09-21,76.99,76.99,74.8,75.53,98260
2016-09-22,75.21,76.4,75.0,75.15,33625
2016-09-23,76.8,76.8,73.67,74.06,97470
2016-09-26,75.0,75.0,72.2,72.68,142005
2016-09-27,73.96,73.96,70.0,70.85,348590
2016-09-28,69.67,71.8,67.25,67.97,430340
2016-09-29,69.0,71.38,67.3,68.44,299765
2016-09-30,67.42,69.26,67.42,68.96,200990
2016-10-03,69.72,71.7,67.8,69.04,349085
2016-10-04,68.81,72.4,68.8,71.62,185405
2016-10-05,72.46,74.4,71.22,72.41,79965
2016-10-06,72.8,73.57,70.05,70.55,627905
2016-10-07,71.0,73.5,71.0,72.96,243760
2016-10-10,75.8,75.8,70.88,71.67,86840
2016-10-13,70.24,72.2,67.86,68.38,109130
2016-10-14,69.4,69.4,67.5,67.75,83720
2016-10-17,68.5,68.81,65.02,66.51,287990
2016-10-18,66.9,68.96,66.11,66.97,69450
2016-10-19,67.31,67.98,63.8,64.48,149005
2016-10-20,65.0,65.0,62.24,63.2,150480
2016-10-21,63.8,63.8,62.2,62.98,99925
2016-10-24,63.6,65.72,62.0,62.41,171280
2016-10-25,64.0,65.7,62.02,64.77,242315
2016-10-26,66.0,68.98,64.4,65.85,314795
2016-10-27,65.6,65.99,64.4,65.31,38210
2016-10-28,65.0,67.2,65.0,66.94,68425
2016-10-30,66.8,69.0,61.11,68.8,48050
2016-11-01,69.8,69.8,66.51,68.16,155190
2016-11-02,67.8,68.01,64.51,65.65,127160
2016-11-03,64.82,67.17,64.7,66.27,69165
2016-11-04,66.21,66.8,65.22,66.39,153085
2016-11-07,65.7,67.8,65.7,67.11,30920
2016-11-08,67.18,67.6,65.9,66.2,59915
2016-11-09,63.0,64.6,56.0,63.17,149670
2016-11-10,66.95,70.66,66.95,67.82,278145
2016-11-11,67.4,68.0,63.6,64.9,163390
2016-11-15,61.96,63.2,57.9,60.17,481105
2016-11-16,62.0,62.98,58.09,59.42,178635
2016-11-17,61.68,61.68,56.02,57.42,85785
2016-11-18,59.16,59.16,56.0,56.89,89725
2016-11-21,56.22,57.94,51.59,54.9,779290
2016-11-22,53.7,56.03,51.0,55.03,157550
2016-11-23,56.95,64.0,56.79,62.54,284435
2016-11-24,62.0,63.0,59.8,60.37,80360
2016-11-25,61.8,62.0,59.2,60.15,65115
2016-11-28,60.58,62.8,59.26,61.57,38845
2016-11-29,61.8,62.8,60.22,61.54,69470
2016-11-30,62.34,64.34,61.81,63.25,88550
2016-12-01,65.4,65.4,62.43,63.59,53085
2016-12-02,63.0,63.99,60.84,61.4,42735
2016-12-05,61.98,62.11,60.4,60.93,13515
2016-12-06,63.19,63.19,60.11,60.52,60535
2016-12-07,61.96,61.96,59.59,59.89,64530
2016-12-08,61.79,62.06,59.1,60.07,101595
2016-12-09,61.0,62.18,60.01,61.89,69125
2016-12-12,60.67,60.78,59.6,59.73,74300
2016-12-13,61.4,62.08,59.82,60.68,84760
2016-12-14,61.81,61.81,59.11,59.54,18080
2016-12-15,61.08,61.5,59.24,59.63,82360
2016-12-16,60.88,60.88,59.22,59.48,10570
2016-12-19,60.39,62.6,59.8,60.29,60585
2016-12-20,61.2,61.2,59.78,60.06,38900
2016-12-21,60.06,60.49,58.72,59.82,318760
2016-12-22,61.2,61.2,57.11,57.8,94210
2016-12-23,59.28,61.2,57.34,59.51,79470
2016-12-26,60.8,60.99,59.61,59.95,27070
2016-12-27,60.0,60.0,57.61,59.8,45650
2016-12-28,60.4,60.4,58.05,58.4,45150
2016-12-29,59.18,59.4,57.82,58.0,50105
2016-12-30,58.98,60.73,51.9,56.63,312360
2017-01-02,58.27,60.6,58.27,59.99,114445
2017-01-03,60.0,62.94,60.0,62.0,129495
2017-01-04,62.8,68.25,61.7,67.56,497080
2017-01-05,67.4,69.8,66.4,68.17,294030
2017-01-06,68.17,69.8,67.05,68.52,114335
2017-01-09,68.01,69.0,66.0,66.71,87945
2017-01-10,66.4,69.6,66.4,68.98,127880
2017-01-11,68.49,71.48,67.71,71.09,94930
2017-01-12,71.8,72.6,68.71,69.33,270830
2017-01-13,69.53,71.94,68.1,71.57,66595
2017-01-16,71.6,71.8,69.54,70.0,60625
2017-01-17,70.05,70.68,69.3,69.93,105995
2017-01-18,70.23,75.94,69.8,73.83,257540
2017-01-19,73.83,86.88,73.83,79.15,1332870
2017-01-20,78.8,79.0,75.32,76.04,148710
2017-01-23,77.8,79.02,75.61,76.55,102685
2017-01-24,77.28,78.0,73.8,75.07,183180
2017-01-25,75.83,79.21,75.3,76.99,681790
2017-01-27,76.88,78.78,75.6,76.8,443165
2017-01-30,77.2,78.2,76.21,77.45,51400
2017-01-31,77.4,78.09,76.0,76.8,229365
2017-02-01,76.11,78.0,76.11,77.65,53560
2017-02-02,77.26,80.02,76.6,77.36,143110
2017-02-03,77.48,78.52,76.4,76.94,101510
2017-02-06,77.6,80.28,76.8,77.47,285995
2017-02-07,78.3,78.64,76.2,77.62,53565
2017-02-08,77.98,82.0,77.12,80.72,138610
2017-02-09,81.29,83.78,80.63,81.67,479375
2017-02-10,81.39,87.0,80.69,85.49,658260
2017-02-13,84.4,86.88,82.66,84.69,371540
2017-02-14,84.8,84.98,82.91,84.61,129375
2017-02-15,84.8,85.55,78.22,82.05,173430
2017-02-16,82.6,82.6,78.82,79.25,160055
2017-02-17,81.19,83.79,80.21,81.94,105825
2017-02-20,82.2,82.2,77.8,80.3,115305
2017-02-21,80.2,85.0,79.84,83.01,346395
2017-02-22,83.99,84.39,81.02,82.3,92610
2017-02-23,82.5,83.6,80.24,80.78,71615
2017-02-27,81.52,81.52,79.51,79.73,66355
2017-02-28,80.53,81.19,79.12,79.87,84150
2017-03-01,80.38,80.8,78.22,78.7,101090
2017-03-02,79.64,80.8,75.28,76.21,192150
2017-03-03,77.77,78.98,75.39,78.76,139165
2017-03-06,79.3,81.35,78.79,80.59,202790
2017-03-07,80.22,81.0,78.6,79.31,121415
2017-03-08,80.6,80.6,77.51,78.8,71075
2017-03-09,79.78,83.8,78.74,81.8,268975
2017-03-10,83.2,83.2,80.56,81.9,65470
2017-03-14,82.32,85.98,80.41,80.94,210945
2017-03-15,81.59,81.83,79.5,80.1,264480
2017-03-16,80.0,83.4,80.0,81.59,275260
2017-03-17,82.02,86.54,81.99,84.68,829410
2017-03-20,84.99,94.6,83.97,92.48,1859010
2017-03-21,93.48,96.0,89.1,91.08,478220
2017-03-22,90.42,94.96,88.6,92.75,673800
2017-03-23,91.9,96.76,91.9,95.78,379025
2017-03-24,96.59,99.4,95.17,96.71,816210
2017-03-27,97.58,97.58,94.04,96.06,262070
2017-03-28,95.99,98.46,93.99,94.36,173615
2017-03-29,95.18,95.56,88.01,91.97,352390
2017-03-30,93.35,96.0,93.02,93.51,110930
2017-03-31,94.01,97.0,92.91,95.93,119935
2017-04-03,96.92,101.15,96.02,100.39,598225
2017-04-05,99.2,105.86,99.2,104.45,497085
2017-04-06,104.88,109.99,101.03,103.65,202660
2017-04-07,103.65,105.72,101.36,103.1,152805
2017-04-10,102.38,103.98,100.74,101.56,113605
2017-04-11,101.8,103.1,100.4,101.29,77275
2017-04-12,101.68,101.99,95.23,97.51,269250
2017-04-13,97.51,98.5,96.31,97.38,59025
2017-04-17,96.7,102.0,96.4,99.04,187365
2017-04-18,100.26,100.52,96.3,96.65,70880
2017-04-19,97.0,98.98,95.61,97.11,81855
2017-04-20,96.8,98.62,96.2,96.52,41170
2017-04-21,96.91,99.88,96.8,99.48,153480
2017-04-24,98.84,99.88,98.0,98.75,144635
2017-04-25,100.0,100.69,97.22,98.48,120330
2017-04-26,98.79,99.18,96.51,97.93,170490
2017-04-27,97.52,98.8,96.6,98.14,46830
2017-04-28,97.72,101.08,96.61,99.24,95250
2017-05-02,98.12,101.0,97.31,99.88,74650
2017-05-03,100.8,100.87,98.04,99.01,80420
2017-05-04,100.2,100.78,98.24,98.8,87020
2017-05-05,98.41,99.88,96.11,98.22,133135
2017-05-08,97.43,100.1,96.21,96.91,70110
2017-05-09,96.74,98.21,96.0,96.27,41895
2017-05-10,96.85,97.62,95.65,96.51,69870
2017-05-11,97.0,98.01,96.4,97.05,43380
2017-05-12,97.01,97.56,93.59,94.87,101460
2017-05-15,95.0,95.96,94.0,95.1,119530
2017-05-16,96.99,96.99,93.08,94.61,306710
2017-05-17,95.05,98.99,92.92,97.47,128960
2017-05-18,96.63,97.29,93.75,94.77,85265
2017-05-19,95.21,97.6,92.52,96.24,239995
2017-05-22,98.0,98.0,92.72,93.13,139055
2017-05-23,93.8,93.8,87.0,91.62,269080
2017-05-24,91.03,91.69,86.11,89.32,129490
2017-05-25,89.7,89.78,87.23,89.02,112995
2017-05-26,89.01,94.0,88.0,91.77,199255
2017-05-29,90.81,93.09,89.81,91.93,128165
2017-05-30,90.62,94.58,89.0,92.03,100255
2017-05-31,92.8,94.16,90.2,93.43,48565
2017-06-01,93.6,93.6,90.61,91.86,1210010
2017-06-02,92.6,93.0,90.18,91.03,64040
2017-06-05,91.0,91.8,88.41,89.21,37780
2017-06-06,90.0,90.0,87.6,88.66,163610
2017-06-07,88.49,92.15,88.2,91.69,59035
2017-06-08,90.53,92.0,89.21,90.48,263610
2017-06-09,89.84,91.6,89.2,89.65,33845
2017-06-12,88.09,91.98,87.88,89.54,119350
2017-06-13,88.79,94.8,88.79,91.14,182300
2017-06-14,91.99,98.8,91.6,97.01,434575
2017-06-15,98.4,98.89,96.2,96.61,90825
2017-06-16,97.59,98.54,94.84,95.34,52825
2017-06-19,96.96,97.55,95.12,96.74,57470
2017-06-20,97.4,101.8,95.2,98.89,508320
2017-06-21,98.89,100.88,98.01,99.69,215895
2017-06-22,99.72,104.8,99.0,103.78,492650
2017-06-23,104.8,105.2,101.0,102.22,303590
2017-06-27,102.2,103.4,100.0,102.64,176230
2017-06-28,100.82,104.64,100.4,103.5,367735
2017-06-29,103.42,104.58,102.79,103.82,90130
2017-06-30,102.96,105.0,102.96,104.13,53995
2017-07-03,104.21,105.0,102.02,104.37,118525
2017-07-04,105.7,105.7,103.02,103.29,50135
2017-07-05,103.22,107.86,102.68,107.11,309610
2017-07-06,107.86,109.4,105.14,105.91,291060
2017-07-07,104.8,107.69,103.4,104.69,61590
2017-07-10,104.0,106.4,98.8,102.76,15575
2017-07-11,103.0,105.8,101.72,104.08,149940
2017-07-12,105.7,105.88,102.42,105.24,108095
2017-07-13,105.25,108.99,103.31,108.02,295170
2017-07-14,109.2,109.4,103.74,104.7,286060
2017-07-17,104.69,109.58,104.69,108.08,605420
2017-07-18,106.99,108.66,105.5,107.01,366170
2017-07-19,107.59,108.8,106.25,107.01,750260
2017-07-20,105.32,107.15,104.0,104.93,73765
2017-07-21,104.92,105.8,103.64,105.14,125470
2017-07-24,106.71,106.71,104.33,106.02,54850
2017-07-25,104.81,105.4,104.44,105.0,99110
2017-07-26,104.59,107.96,104.15,105.02,103315
2017-07-27,106.18,106.69,105.21,105.84,125760
2017-07-28,104.85,105.99,103.6,104.31,34450
2017-07-31,103.92,107.36,103.92,105.34,35105
2017-08-01,106.59,115.6,105.71,112.74,753155
2017-08-02,112.55,116.6,111.12,114.7,401315
2017-08-03,115.4,116.2,111.4,111.87,226655
2017-08-04,111.41,112.4,111.19,112.09,89625
2017-08-07,112.0,112.1,109.62,111.0,48815
2017-08-08,110.12,112.8,108.2,110.63,82615
2017-08-09,112.79,114.97,109.77,112.84,277435
2017-08-10,112.8,112.8,102.5,105.36,265810
2017-08-11,102.31,107.28,101.2,105.17,167500
2017-08-14,106.0,109.87,106.0,107.62,73595
2017-08-16,107.62,113.4,106.72,112.61,221685
2017-08-17,113.79,113.9,107.35,108.14,98465
2017-08-18,108.3,108.8,106.51,108.38,46585
2017-08-21,109.61,109.89,107.0,108.39,25130
2017-08-22,108.6,110.0,106.62,107.71,42095
2017-08-23,106.2,110.8,106.2,109.93,40810
2017-08-24,109.9,113.8,109.63,112.75,102025
2017-08-28,113.22,113.22,110.41,111.07,64310
2017-08-29,111.6,111.8,110.08,110.9,559140
2017-08-30,112.0,112.47,110.2,110.82,143970
2017-08-31,111.61,112.19,110.41,111.61,120855
2017-09-01,110.41,110.66,108.06,109.61,39210
2017-09-04,111.03,111.6,104.01,108.13,279865
2017-09-05,108.43,111.79,108.0,110.73,168460
2017-09-06,110.58,112.59,109.0,111.73,278285
2017-09-07,113.0,116.88,112.05,114.13,257655
2017-09-08,114.77,116.09,111.66,112.84,246490
2017-09-11,116.18,116.18,111.02,112.28,94700
2017-09-12,112.27,114.0,110.0,112.21,94585
2017-09-13,112.4,113.8,111.05,111.79,186970
2017-09-14,111.99,112.98,108.78,111.95,908320
2017-09-15,111.82,112.99,109.58,110.64,94035
2017-09-18,111.98,111.98,107.46,108.23,253465
2017-09-19,110.0,110.0,106.8,108.78,57865
2017-09-20,109.86,110.38,107.61,109.14,100565
2017-09-21,108.6,110.4,105.04,107.13,208810
2017-09-22,109.59,111.98,106.59,109.29,192860
2017-09-25,109.02,112.88,108.2,111.72,253270
2017-09-26,111.72,112.8,108.3,109.9,67260
2017-09-27,110.4,111.88,108.5,111.14,98745
2017-09-28,110.72,115.0,109.7,113.96,251915
2017-09-29,114.99,123.5,114.21,119.76,374935
2017-10-03,121.6,128.0,121.6,124.16,243160
2017-10-04,125.6,127.2,125.2,126.48,248785
2017-10-05,127.6,133.4,125.4,128.68,418610
2017-10-06,129.02,130.56,126.1,128.34,112130
2017-10-09,128.4,128.85,126.3,126.89,63925
2017-10-10,129.0,136.74,126.8,132.88,616625
2017-10-11,132.8,142.1,131.13,135.92,1302895
2017-10-12,134.2,138.02,132.51,135.69,198760
2017-10-13,135.02,142.8,135.02,137.23,465705
2017-10-16,140.59,140.6,135.0,136.37,418985
2017-10-17,135.0,137.73,135.0,135.91,54390
2017-10-18,135.79,139.76,135.73,138.34,104255
2017-10-19,138.4,141.0,136.03,137.53,71390
2017-10-23,137.56,139.8,137.56,138.49,147755
2017-10-24,136.89,139.37,133.02,133.6,128305
2017-10-25,134.25,137.6,133.76,135.99,87100
2017-10-26,135.99,137.5,133.0,136.0,847655
2017-10-27,134.22,142.9,134.22,141.83,282295
2017-10-30,163.2,163.2,148.84,150.41,2291910
2017-10-31,150.2,158.0,150.18,152.13,612765
2017-11-01,153.97,155.4,147.01,148.97,205585
2017-11-02,147.3,151.0,146.03,146.8,122925
2017-11-03,150.0,156.51,150.0,152.69,437280
2017-11-06,152.69,154.62,149.81,151.45,154020
2017-11-07,154.8,154.8,146.11,148.94,130350
2017-11-08,153.6,153.6,148.2,148.95,108720
2017-11-09,149.78,151.2,147.0,149.05,85440
2017-11-10,150.4,150.98,147.02,150.18,131920
2017-11-13,153.19,153.28,146.8,148.56,87890
2017-11-14,149.01,150.29,146.4,149.52,74730
2017-11-15,150.0,150.0,143.0,144.56,50200
2017-11-16,144.83,147.22,141.59,146.34,87260
2017-11-17,149.6,149.6,146.56,147.11,58230
2017-11-20,147.28,149.8,144.41,145.55,371365
2017-11-21,145.99,146.41,141.84,142.93,82360
2017-11-22,141.83,145.91,140.99,145.15,72305
2017-11-23,144.0,155.2,143.99,153.06,322860
2017-11-24,154.2,158.44,151.03,153.36,302455
2017-11-27,154.01,156.39,151.81,153.14,65985
2017-11-28,151.32,156.81,150.23,154.93,87015
2017-11-29,155.93,156.89,153.45,155.7,52540
2017-11-30,153.93,153.99,150.4,151.08,52125
2017-12-01,152.68,155.4,148.4,149.21,68615
2017-12-04,149.48,152.2,145.26,149.81,633335
2017-12-05,150.98,152.8,148.24,150.08,226985
2017-12-06,151.88,154.2,150.02,151.38,66880
2017-12-07,151.99,151.99,149.69,150.7,67010
2017-12-08,151.0,164.68,151.0,160.52,1064770
2017-12-11,161.4,162.13,156.36,157.74,191545
2017-12-12,158.99,159.8,153.13,155.15,116725
2017-12-13,154.6,156.98,153.16,154.07,228445
2017-12-14,153.6,155.59,152.41,154.52,191120
2017-12-15,156.8,157.48,152.52,154.28,66450
2017-12-18,154.4,160.61,147.4,157.96,157395
2017-12-19,161.0,176.92,152.4,167.08,338650
2017-12-20,167.0,172.0,166.98,168.45,325210
2017-12-21,170.0,170.0,166.04,167.88,68145
2017-12-22,172.0,172.0,165.49,168.66,346325
2017-12-26,169.94,169.94,163.0,164.76,261735
2017-12-27,164.8,170.86,164.8,166.24,99770
2017-12-28,168.75,169.0,166.0,167.82,159230
2017-12-29,169.78,173.79,166.02,172.06,170360
2018-01-01,176.8,176.8,167.58,171.33,161610
2018-01-02,171.8,175.2,166.02,173.23,150495
2018-01-03,173.23,173.77,171.04,171.91,89875
2018-01-04,173.6,173.6,170.73,171.97,49540
2018-01-05,176.23,178.18,171.0,172.87,314250
2018-01-08,174.4,175.6,171.73,173.56,87380
2018-01-09,174.6,174.98,171.91,172.73,89275
2018-01-10,172.8,173.02,170.45,171.74,142345
2018-01-11,174.28,174.28,168.81,169.94,39675
2018-01-12,171.56,172.6,166.11,168.38,69720
2018-01-15,169.7,171.02,166.8,167.67,76905
2018-01-16,169.68,169.68,161.28,166.42,184475
2018-01-17,168.0,168.0,162.0,165.05,39970
2018-01-18,166.7,167.7,156.02,160.23,63335
2018-01-19,160.22,166.98,160.22,165.04,74945
2018-01-22,165.8,169.2,162.8,168.01,60140
2018-01-23,168.8,175.0,164.22,170.13,600865
2018-01-24,169.87,174.92,167.2,170.15,174905
2018-01-25,170.01,171.82,168.49,169.95,385895
2018-01-29,172.2,172.8,160.02,165.41,2238045
2018-01-30,161.6,161.6,157.6,159.09,534615
2018-01-31,158.8,161.0,152.41,155.78,279145
2018-02-01,158.0,162.8,151.4,158.08,360725
2018-02-02,158.0,161.6,153.2,154.47,455480
2018-02-05,154.4,155.8,146.02,152.94,173605
2018-02-06,148.0,154.59,144.0,150.42,388125
2018-02-07,154.72,154.79,150.53,153.14,274080
2018-02-08,155.96,160.8,153.38,159.18,90625
2018-02-09,157.6,164.8,153.98,159.53,188550
2018-02-12,160.79,162.8,157.21,160.12,469260
2018-02-14,159.02,164.97,159.02,162.79,156840
2018-02-15,160.0,163.4,157.22,158.54,73385
2018-02-16,158.4,161.6,152.58,154.17,163895
2018-02-19,156.61,156.62,148.4,152.88,124260
2018-02-20,152.98,155.99,152.8,154.95,81695
2018-02-21,156.0,156.86,149.41,150.2,105635
2018-02-22,150.2,151.48,145.11,146.09,192495
2018-02-23,146.09,149.94,142.82,149.03,410150
2018-02-26,151.03,151.03,147.8,148.96,160595
2018-02-27,149.99,150.22,148.06,148.75,27710
2018-02-28,148.0,151.98,144.0,150.4,1059545
2018-03-01,151.6,151.7,148.06,149.09,60635
2018-03-05,150.48,150.74,146.42,147.39,54350
2018-03-06,148.4,151.39,144.28,145.0,114825
2018-03-07,143.04,145.64,141.26,142.72,70910
2018-03-08,144.0,146.98,141.85,146.17,121260
2018-03-09,147.79,151.55,144.91,150.24,191600
2018-03-12,151.81,153.56,148.1,150.23,221655
2018-03-13,153.39,153.39,149.04,150.29,657755
2018-03-14,150.4,152.8,148.81,151.62,504190
2018-03-15,151.57,151.98,148.81,150.01,170695
2018-03-16,149.0,151.0,148.8,150.38,54950
2018-03-19,151.68,151.7,146.23,147.69,679985
2018-03-20,146.21,148.0,144.64,146.99,116775
2018-03-21,147.52,153.6,147.25,150.92,129470
2018-03-22,149.07,151.49,140.8,142.66,106040
2018-03-23,140.0,143.8,132.48,141.42,469225
2018-03-26,144.0,147.93,137.04,146.47,335420
2018-03-27,148.4,152.0,143.32,144.5,274985
2018-03-28,143.41,145.77,139.17,140.53,102175
2018-04-02,143.4,156.0,143.39,153.64,175165
2018-04-03,153.6,157.4,150.8,155.76,313235
2018-04-04,159.0,165.0,158.12,162.6,434540
2018-04-05,166.6,169.97,164.81,166.38,339845
2018-04-06,168.0,169.0,163.21,167.39,129550
2018-04-09,168.44,169.0,163.84,166.96,138005
2018-04-10,164.8,167.4,161.0,166.96,194050
2018-04-11,166.2,167.62,164.75,166.47,141490
2018-04-12,167.98,169.0,163.9,166.3,89980
2018-04-13,167.98,168.6,165.0,165.48,173010
2018-04-16,166.3,167.21,165.39,165.75,184635
2018-04-17,167.0,167.0,162.65,164.75,41105
2018-04-18,165.96,166.0,161.9,163.77,90535
2018-04-19,164.4,169.6,164.31,166.24,337620
2018-04-20,167.0,167.2,166.03,166.69,54270
2018-04-23,165.0,167.79,165.0,166.65,64950
2018-04-24,167.98,167.98,161.31,164.87,57145
2018-04-25,165.98,165.98,160.41,162.07,46380
2018-04-26,162.0,164.88,162.0,164.08,76270
2018-04-27,164.62,168.98,164.62,167.58,48955
2018-04-30,168.4,168.75,165.67,167.26,76435
2018-05-02,167.6,167.6,163.4,165.08,167735
2018-05-03,164.8,164.8,162.4,163.36,77060
2018-05-04,162.0,163.99,155.6,157.24,104900
2018-05-07,158.97,158.97,155.08,155.92,89310
2018-05-08,158.79,162.0,154.4,160.13,58275
2018-05-09,161.0,163.6,160.75,162.8,104645
2018-05-10,164.79,164.8,156.0,156.46,49090
2018-05-11,157.72,161.97,156.31,160.18,112580
2018-05-14,159.8,161.98,156.76,159.41,31190
2018-05-15,161.58,161.58,155.0,156.85,67655
2018-05-16,158.04,159.54,154.9,155.48,45960
2018-05-17,156.88,159.6,154.0,158.16,38450
2018-05-18,158.15,159.6,152.95,153.99,144690
2018-05-21,154.06,156.0,139.01,142.87,174390
2018-05-22,144.42,146.0,141.14,143.45,594165
2018-05-23,143.88,149.0,143.45,146.94,176900
2018-05-24,147.38,148.28,144.85,147.9,459470
2018-05-25,147.75,154.8,147.75,153.82,559700
2018-05-28,156.46,158.4,146.6,154.08,369720
2018-05-29,155.0,156.01,153.73,154.9,363990
2018-05-30,154.0,156.0,153.99,154.57,348020
2018-05-31,154.81,155.99,153.4,155.75,59445
2018-06-01,155.99,158.0,154.0,154.15,85585
2018-06-04,154.0,155.38,148.97,152.88,145960
2018-06-05,152.0,152.47,146.11,149.89,542770
2018-06-06,150.4,153.9,147.6,148.47,341730
2018-06-07,148.6,150.8,147.48,148.75,277870
2018-06-08,148.74,149.55,147.02,147.68,47920
2018-06-11,147.58,149.49,142.2,148.4,319375
2018-06-12,147.9,152.43,147.0,151.93,69695
2018-06-13,151.98,151.98,148.1,148.76,563620
2018-06-14,149.11,155.0,148.5,152.04,159835
2018-06-15,152.0,156.0,148.02,152.87,87700
2018-06-18,154.2,154.2,147.41,148.43,50690
2018-06-19,148.95,151.77,147.31,148.16,120175
2018-06-20,148.8,148.98,144.2,145.48,147315
2018-06-21,146.6,147.4,144.8,145.29,408500
2018-06-22,145.0,146.2,144.21,145.54,206970
2018-06-25,145.5,146.78,144.8,145.72,158120
2018-06-26,145.69,145.69,141.0,142.41,19635
2018-06-27,140.21,142.63,131.24,133.34,250630
2018-06-28,134.13,134.13,126.46,128.06,186140
2018-06-29,128.8,136.63,127.67,133.98,93265
2018-07-02,133.98,133.98,129.54,130.56,48590
2018-07-03,130.56,132.0,128.41,129.79,135610
2018-07-04,129.79,130.02,128.07,128.49,32005
2018-07-05,129.03,132.0,122.01,122.89,137620
2018-07-06,123.83,125.48,122.2,124.18,106385
2018-07-09,124.18,133.94,121.95,132.62,278625
2018-07-10,135.8,135.8,131.6,133.98,86885
2018-07-11,133.03,136.8,131.01,136.04,145110
2018-07-12,137.97,138.48,132.01,133.09,100610
2018-07-13,134.0,135.59,131.11,131.42,57160
2018-07-16,131.48,131.48,123.1,123.87,59385
2018-07-17,123.2,129.71,119.1,127.5,88875
2018-07-18,127.12,128.98,121.62,123.41,103040
2018-07-19,124.49,125.99,122.03,124.04,114410
2018-07-20,123.38,124.4,117.63,118.61,187185
2018-07-23,119.92,124.58,118.1,119.56,368995
2018-07-24,120.11,123.54,119.28,121.5,849835
2018-07-25,123.8,130.64,123.12,128.59,401520
2018-07-26,126.2,129.8,125.2,126.9,142095
2018-07-27,128.0,132.33,127.77,130.32,194155
2018-07-30,132.0,136.8,128.5,131.18,381050
2018-07-31,129.4,131.79,128.83,130.16,67395
2018-08-01,130.41,131.22,127.26,130.14,48510
2018-08-02,130.14,131.8,127.0,130.68,69550
2018-08-03,131.15,134.0,129.65,133.08,144970
2018-08-06,135.0,139.8,133.52,135.04,81300
2018-08-07,136.96,136.96,133.0,134.81,53440
2018-08-08,134.81,136.01,133.12,134.02,81460
2018-08-09,134.11,136.0,132.6,132.82,44130
2018-08-10,132.75,132.76,129.0,130.53,35720
2018-08-13,129.22,129.22,124.1,124.94,77585
2018-08-14,126.54,127.96,124.0,125.85,25940
2018-08-16,125.59,129.89,124.33,125.04,91580
2018-08-17,125.75,126.72,123.3,124.93,94010
2018-08-20,124.41,126.27,121.84,122.74,76690
2018-08-21,122.8,126.76,121.92,124.04,80565
2018-08-23,125.06,125.84,121.42,122.06,84835
2018-08-24,122.99,124.78,120.88,123.1,932675
2018-08-27,124.0,126.16,121.43,122.12,49865
2018-08-28,122.8,123.8,122.0,122.41,184735
2018-08-29,122.79,123.3,117.81,119.41,469370
2018-08-30,120.57,122.6,117.08,119.2,138735
2018-08-31,119.2,124.61,119.2,123.49,206420
2018-09-03,125.4,131.0,121.6,128.01,259780
2018-09-04,129.48,129.48,124.54,125.61,37235
2018-09-05,124.75,125.92,121.93,124.91,74190
2018-09-06,124.91,131.0,122.07,123.09,70910
2018-09-07,122.98,129.32,122.0,126.32,117035
2018-09-10,125.61,127.8,124.0,124.72,458385
2018-09-11,124.6,125.51,124.01,124.15,57440
2018-09-12,124.01,128.0,123.63,127.7,71740
2018-09-14,127.6,135.0,127.6,132.55,181545
2018-09-17,132.38,143.8,129.45,139.01,1196085
2018-09-18,139.1,141.76,132.0,134.07,185805
2018-09-19,135.4,139.6,132.26,135.53,135565
2018-09-21,139.0,139.0,130.26,135.23,622225
2018-09-24,138.8,138.8,128.21,128.3,60590
2018-09-25,133.96,133.96,121.0,123.69,196485
2018-09-26,125.18,126.6,124.0,124.8,77840
2018-09-27,124.03,127.4,124.0,124.04,50490
2018-09-28,124.35,125.75,115.0,120.15,292985
2018-10-01,118.81,121.94,115.4,120.74,212615
2018-10-03,121.0,124.63,119.16,120.0,121210
2018-10-04,117.96,120.2,115.06,115.94,56420
2018-10-05,115.6,118.15,108.0,110.15,135030
2018-10-08,110.02,114.37,105.96,110.3,150955
2018-10-09,110.44,111.71,105.0,111.08,76670
2018-10-10,110.84,118.4,109.64,116.06,48445
2018-10-11,111.43,117.8,106.08,115.29,59280
2018-10-12,114.53,118.8,113.66,116.21,50570
2018-10-15,117.98,122.74,113.01,119.29,86015
2018-10-16,119.29,122.0,119.2,120.48,43700
2018-10-17,121.32,123.0,116.01,116.5,24755
2018-10-19,116.4,116.4,110.65,112.17,99915
2018-10-22,116.0,116.0,106.41,111.16,89190
2018-10-23,110.0,111.97,107.1,108.12,42125
2018-10-24,107.84,111.89,107.84,109.98,70360
2018-10-25,108.5,111.57,108.0,108.74,27175
2018-10-26,110.34,111.6,107.21,107.61,21330
2018-10-29,109.23,111.0,105.96,110.26,49740
2018-10-30,111.15,113.8,106.73,108.1,100490
2018-10-31,109.66,110.96,106.11,106.84,39150
2018-11-01,107.81,113.86,107.8,112.93,77510
2018-11-02,114.97,118.94,114.02,117.01,117175
2018-11-05,119.4,128.0,116.12,117.01,409165
2018-11-06,117.2,118.57,116.0,117.2,33285
2018-11-07,117.2,119.8,116.04,118.01,9130
2018-11-09,119.57,119.57,117.03,118.86,34465
2018-11-12,118.86,122.0,117.43,119.26,57990
2018-11-13,118.24,120.42,117.44,120.29,23435
2018-11-14,120.4,120.4,116.11,116.89,38940
2018-11-15,115.43,117.32,114.59,115.22,17315
2018-11-16,115.0,117.38,112.21,113.84,70975
2018-11-19,114.97,117.79,114.0,116.28,21825
2018-11-20,117.97,117.97,113.14,113.6,23050
2018-11-21,115.6,115.76,110.12,113.67,38550
2018-11-22,114.97,117.3,111.18,112.44,37975
2018-11-26,113.2,113.36,111.03,112.15,66825
2018-11-27,111.01,112.98,110.31,111.24,63155
2018-11-28,111.51,112.0,108.25,109.13,38770
2018-11-29,110.88,110.88,109.24,109.64,31745
2018-11-30,109.94,115.0,103.0,109.8,8777710
2018-12-03,112.94,113.4,110.26,111.67,294555
2018-12-04,112.01,113.0,108.91,109.25,225730
2018-12-05,108.78,108.78,103.79,105.2,378045
2018-12-06,102.8,107.59,102.8,105.78,98615
2018-12-07,105.4,107.4,103.9,105.64,591490
2018-12-10,105.59,105.59,102.15,103.01,82320
2018-12-11,102.3,104.97,101.21,102.75,522205
2018-12-12,103.21,109.76,103.21,108.11,292290
2018-12-13,108.1,109.6,107.26,108.24,38105
2018-12-14,109.39,109.4,105.91,106.53,55640
2018-12-17,107.01,109.8,106.71,108.68,76560
2018-12-18,108.68,109.07,105.43,106.08,35885
2018-12-19,107.3,107.4,105.2,105.57,83370
2018-12-20,105.65,106.46,104.05,104.64,184275
2018-12-21,105.19,105.19,103.35,103.49,45415
2018-12-24,103.26,105.0,102.51,103.06,35545
2018-12-26,103.96,103.96,101.76,102.63,76775
2018-12-27,103.79,104.59,102.4,102.47,150790
2018-12-28,103.59,103.59,100.93,101.88,104050
2019-01-01,106.16,107.52,105.6,106.17,26955
2019-01-02,106.16,106.98,104.65,105.45,28920
2019-01-03,104.8,106.29,104.6,105.72,19895
2019-01-04,105.8,105.8,104.2,104.85,14710
2019-01-07,104.85,106.39,103.6,104.38,58085
2019-01-08,104.8,105.2,102.99,103.63,101765
2019-01-09,103.99,104.0,103.0,103.31,50300
2019-01-10,103.21,104.01,103.1,103.2,53595
2019-01-11,103.21,103.7,102.8,102.98,37660
2019-01-14,103.05,104.49,102.8,103.17,78860
2019-01-15,103.0,105.7,102.24,103.46,55510
2019-01-16,103.0,104.0,102.9,102.99,46600
2019-01-17,102.66,104.2,101.51,102.19,27240
2019-01-18,102.01,103.4,91.2,98.32,416920
2019-01-21,99.0,100.11,97.9,98.01,38645
2019-01-22,98.0,98.79,96.47,98.01,146530
2019-01-23,98.0,98.4,96.99,98.0,49415
2019-01-24,97.91,98.4,93.82,97.75,470930
2019-01-25,97.0,102.17,96.59,100.23,311380
2019-01-28,100.23,102.0,94.66,100.32,87355
2019-01-29,99.95,101.0,99.02,99.64,34985
2019-01-30,99.64,101.35,96.3,97.84,300125
2019-01-31,97.84,99.04,96.92,97.23,193215
2019-02-01,97.21,102.8,96.6,99.12,70855
2019-02-04,101.0,101.08,96.83,97.16,152690
2019-02-05,97.17,97.8,96.97,97.06,285820
2019-02-06,97.01,97.96,94.31,97.09,370985
2019-02-07,97.09,98.0,95.84,97.0,46060
2019-02-08,97.43,97.63,94.1,94.84,804555
2019-02-11,94.93,95.69,92.08,92.37,265070
2019-02-12,92.09,96.68,91.61,92.45,43330
2019-02-13,94.31,94.31,87.22,89.3,94240
2019-02-14,88.61,89.26,86.4,86.92,25025
2019-02-15,85.48,86.2,83.02,83.81,56430
2019-02-18,83.65,86.39,82.86,84.94,79910
2019-02-19,85.2,87.2,84.93,86.84,104445
2019-02-20,86.84,89.66,85.21,88.88,64365
2019-02-21,88.6,91.8,88.6,90.27,44525
2019-02-22,91.01,94.6,90.71,94.22,19295
2019-02-25,95.11,97.0,94.57,96.5,143165
2019-02-26,96.5,99.0,93.25,95.79,214815
2019-02-27,96.08,97.49,94.0,94.67,76645
2019-02-28,95.36,96.2,94.99,95.83,94345
2019-03-01,96.47,98.75,95.24,98.05,42230
2019-03-05,99.9,105.39,97.57,103.99,184990
2019-03-06,103.91,106.0,100.88,104.96,75640
2019-03-07,104.48,107.45,104.4,105.11,1539850
2019-03-08,106.0,106.01,102.13,103.63,197910
2019-03-11,104.62,106.98,104.1,106.2,218315
2019-03-12,106.0,107.61,104.24,105.59,126070
2019-03-13,105.58,110.0,105.58,108.87,133255
2019-03-14,109.52,109.59,106.9,107.28,25395
2019-03-15,107.49,109.2,106.4,107.97,293330
2019-03-18,109.01,109.6,106.21,106.92,70090
2019-03-19,109.19,109.19,106.23,106.5,855725
2019-03-20,106.59,106.7,102.4,103.42,906600
2019-03-22,104.4,104.51,102.81,103.82,1094120
2019-03-25,100.54,105.2,100.54,103.62,64245
2019-03-26,103.83,104.8,103.09,103.69,41705
2019-03-27,104.11,107.98,103.57,106.95,106925
2019-03-28,106.6,107.8,105.83,107.07,31435
2019-03-29,107.16,107.61,103.98,104.96,45500
2019-04-01,106.27,106.8,105.0,105.11,30040
2019-04-02,103.62,105.77,103.62,104.26,49895
2019-04-03,102.8,106.0,102.8,105.43,31755
2019-04-04,104.72,106.0,104.0,105.93,99380
2019-04-05,105.93,105.93,102.19,103.87,68555
2019-04-08,103.61,106.0,103.61,104.6,36100
2019-04-09,104.76,104.9,102.03,102.97,19170
2019-04-10,103.7,104.98,102.68,103.51,29095
2019-04-11,103.39,105.35,103.27,104.01,12845
2019-04-12,104.01,105.21,102.63,103.95,18510
2019-04-15,103.52,105.78,102.91,105.36,23690
2019-04-16,104.62,105.4,104.24,105.21,9050
2019-04-18,104.05,107.11,103.48,104.25,22190
2019-04-22,104.25,104.25,102.6,102.72,24830
2019-04-23,103.01,104.0,102.62,102.73,106145
2019-04-24,102.01,103.36,101.3,101.94,23725
2019-04-25,102.09,103.41,101.26,102.09,41515
2019-04-26,102.0,103.4,101.99,102.36,22825
2019-04-30,102.25,104.75,100.59,101.21,32680
2019-05-02,101.68,101.68,99.81,100.12,36650
2019-05-03,100.5,103.54,99.4,100.04,121435
2019-05-06,100.61,101.4,92.64,93.96,149040
2019-05-07,94.38,94.98,93.37,94.28,44045
2019-05-08,95.94,96.58,93.17,96.19,199330
2019-05-09,96.56,96.56,95.0,95.84,13450
2019-05-10,95.84,98.0,94.2,96.07,36480
2019-05-13,96.07,96.68,94.6,96.03,43285
2019-05-14,97.26,97.26,93.52,94.59,369510
2019-05-15,93.6,95.53,91.04,92.43,33745
2019-05-16,91.0,94.91,91.0,91.15,11070
2019-05-17,91.15,94.06,89.86,91.1,15730
2019-05-20,97.6,97.6,91.97,93.37,23290
2019-05-21,92.0,94.5,91.11,92.38,37960
2019-05-22,92.06,96.0,92.06,95.52,38785
2019-05-23,94.03,98.23,94.02,95.22,14545
2019-05-24,95.2,99.8,95.2,99.4,23005
2019-05-27,98.36,98.36,94.11,95.92,120110
2019-05-28,95.92,99.76,95.8,98.18,92295
2019-05-29,98.8,103.72,98.02,100.36,241530
2019-05-30,99.01,101.8,98.03,100.33,45505
2019-05-31,101.79,101.79,98.61,99.98,19955
2019-06-03,98.51,101.8,98.03,101.37,60995
2019-06-04,101.0,101.0,97.32,99.4,338995
2019-06-06,98.68,98.68,93.92,96.84,58065
2019-06-07,96.84,97.6,93.35,96.85,27610
2019-06-10,97.8,97.8,91.01,91.63,30440
2019-06-11,91.63,95.79,91.0,91.42,20810
2019-06-12,91.9,92.8,90.02,90.52,16450
2019-06-13,90.06,91.46,88.41,89.31,12690
2019-06-14,89.31,91.01,89.0,89.29,4450
2019-06-17,89.29,92.0,86.0,86.35,70210
2019-06-18,90.0,93.99,83.0,85.51,18570
2019-06-19,85.57,86.26,83.31,84.27,18725
2019-06-20,83.73,85.2,81.4,84.32,24145
2019-06-21,84.32,86.01,82.1,83.64,9995
2019-06-24,83.64,85.69,82.8,83.35,19835
2019-06-25,83.35,83.99,81.6,82.36,17640
2019-06-26,82.36,87.0,81.4,86.34,27105
2019-06-27,86.34,89.8,84.3,89.29,37750
2019-06-28,89.29,92.96,85.46,88.59,72410
2019-07-01,87.61,90.0,86.48,87.11,33895
2019-07-02,87.61,90.6,86.89,89.82,26340
2019-07-03,90.2,97.72,90.2,95.68,88800
2019-07-04,95.0,97.23,94.02,94.88,27895
2019-07-05,94.8,96.8,92.22,94.21,47160
2019-07-08,93.77,93.77,88.42,90.41,21695
2019-07-09,88.74,94.19,88.74,91.9,14570
2019-07-10,92.51,92.51,90.02,90.12,22750
2019-07-11,89.0,93.11,89.0,91.86,69115
2019-07-12,90.12,92.8,90.12,92.18,71405
2019-07-15,90.34,96.4,90.34,95.5,179055
2019-07-16,96.19,96.4,94.62,95.28,108010
2019-07-17,95.28,97.96,93.6,97.67,486425
2019-07-18,97.97,98.66,95.0,97.23,396795
2019-07-19,96.56,96.82,94.01,96.03,99330
2019-07-22,95.01,95.99,90.24,93.2,23370
2019-07-23,92.05,94.43,92.05,93.97,21425
2019-07-24,94.0,94.0,90.88,93.0,91905
2019-07-25,91.4,93.8,91.4,93.42,22600
2019-07-26,92.52,93.8,92.4,93.59,44220
2019-07-29,93.05,96.39,91.45,96.11,33460
2019-07-30,96.31,98.0,94.14,95.17,98285
2019-07-31,94.99,94.99,89.59,91.06,71795
2019-08-01,90.2,93.0,88.63,91.05,127765
2019-08-02,90.2,91.84,89.01,91.12,37455
2019-08-05,90.2,90.8,86.4,87.32,836945
2019-08-06,84.08,88.94,84.08,85.97,879640
2019-08-07,84.95,85.99,84.6,85.03,312180
2019-08-08,85.0,89.6,84.08,87.89,12610
2019-08-09,87.89,89.6,85.0,87.18,15440
2019-08-13,85.14,89.55,84.26,88.69,378730
2019-08-14,87.36,87.79,84.02,84.24,192245
2019-08-16,84.6,84.6,80.42,81.46,130655
2019-08-19,81.01,82.98,77.12,77.77,88585
2019-08-20,76.4,78.19,75.6,75.84,18600
2019-08-21,74.21,75.19,68.21,69.06,110505
2019-08-22,68.4,69.75,68.23,68.73,87720
2019-08-23,67.4,68.83,65.91,66.54,95420
2019-08-26,70.4,70.4,60.0,61.98,385695
2019-08-27,62.0,62.71,60.73,61.45,363050
2019-08-28,61.0,64.05,61.0,63.41,31965
2019-08-29,63.4,63.4,60.32,60.53,40630
2019-08-30,60.24,62.39,60.24,61.39,208500
2019-09-03,60.8,60.82,57.07,57.61,960700
2019-09-04,58.6,58.6,54.62,54.8,108895
2019-09-05,55.55,60.0,55.03,58.87,1095465
2019-09-06,58.8,60.0,58.4,58.91,747470
2019-09-09,59.0,60.2,58.41,60.08,922110
2019-09-11,59.95,62.4,59.85,61.69,78520
2019-09-12,62.2,63.98,60.62,61.28,66660
2019-09-13,60.88,61.91,59.05,59.55,544560
2019-09-16,59.04,60.6,57.85,58.23,33395
2019-09-17,58.22,58.96,55.63,56.55,201730
2019-09-18,56.45,59.2,54.6,56.16,923055
2019-09-19,56.21,58.0,54.86,55.93,81465
2019-09-20,55.34,59.0,55.1,56.19,246635
2019-09-23,56.0,61.8,55.6,60.72,251395
2019-09-24,62.2,63.38,60.81,61.95,112775
2019-09-25,64.0,64.0,58.66,59.77,41110
2019-09-26,61.6,61.6,58.03,59.73,66605
2019-09-27,58.55,62.0,58.0,60.7,175860
2019-09-30,60.25,63.94,58.48,62.44,119160
2019-10-01,61.61,63.6,58.65,59.36,23680
2019-10-03,60.0,60.0,57.02,57.29,39510
2019-10-04,57.3,58.83,56.27,56.73,13550
2019-10-07,56.2,58.59,54.1,55.29,34190
2019-10-09,56.0,56.71,53.71,54.27,64250
2019-10-10,53.8,54.79,52.44,53.95,107610
2019-10-11,53.81,56.32,53.5,53.93,126095
2019-10-14,55.19,55.19,53.4,53.73,19365
2019-10-15,53.42,56.78,50.97,55.1,97445
2019-10-16,54.6,55.88,52.61,54.6,135285
2019-10-17,53.03,54.6,52.42,53.29,93630
2019-10-18,54.0,54.79,52.8,53.24,102585
2019-10-22,54.8,54.8,53.25,54.33,125645
2019-10-23,54.3,61.78,53.6,57.89,1988575
2019-10-24,58.39,59.4,56.06,56.8,248815
2019-10-25,57.8,57.8,53.9,54.13,157045
2019-10-27,54.94,56.4,54.49,55.42,34875
2019-10-29,56.6,56.98,54.25,55.32,114590
2019-10-30,56.0,59.74,55.05,57.35,339460
2019-10-31,56.81,59.19,56.81,58.58,317495
2019-11-01,59.05,60.36,57.52,58.85,638495
2019-11-04,59.76,61.2,58.02,60.43,911965
2019-11-05,61.2,63.26,58.0,58.69,1084090
2019-11-06,59.0,60.4,58.2,59.42,161185
2019-11-07,60.0,60.4,59.04,59.56,183395
2019-11-08,60.58,60.58,57.6,57.93,968225
2019-11-11,56.61,57.94,55.02,57.64,207025
2019-11-13,57.64,58.0,56.22,57.01,104000
2019-11-14,56.94,58.4,56.0,57.07,217355
2019-11-15,57.46,58.0,56.52,57.04,65160
2019-11-18,56.83,58.8,56.48,57.72,130230
2019-11-19,58.88,58.88,58.0,58.17,68305
2019-11-20,58.52,61.66,58.52,61.0,353340
2019-11-21,61.4,61.98,58.82,59.06,72865
2019-11-22,59.2,60.4,59.0,59.96,85315
2019-11-25,60.12,70.9,60.12,66.91,1461005
2019-11-26,67.88,70.0,65.4,67.92,656170
2019-11-27,68.6,69.98,66.11,68.06,204910
2019-11-28,67.96,69.19,66.2,68.59,133755
2019-11-29,68.59,73.82,67.8,72.27,623020
2019-12-02,71.06,74.6,71.06,73.5,205615
2019-12-03,73.89,74.98,71.0,71.53,67280
2019-12-04,70.8,72.35,68.44,70.08,111435
2019-12-05,71.76,71.76,68.4,69.08,21700
2019-12-06,68.44,69.14,64.23,65.7,70680
2019-12-09,66.68,66.68,63.77,65.55,23930
2019-12-10,64.8,66.0,63.22,64.27,23245
2019-12-11,64.78,64.78,61.2,62.31,45765
2019-12-12,63.13,67.53,62.4,66.95,128040
2019-12-13,66.0,67.8,65.2,66.03,60570
2019-12-16,64.26,65.2,63.81,64.15,41235
2019-12-17,64.6,66.4,64.48,65.77,16345
2019-12-18,65.27,69.6,65.23,68.44,1175310
2019-12-19,68.6,69.06,65.98,66.9,80485
2019-12-20,66.59,67.75,62.59,66.9,112665
2019-12-23,68.2,68.98,65.18,66.45,183790
2019-12-24,66.4,67.2,65.65,66.28,56655
2019-12-26,67.96,67.96,66.32,66.83,128000
2019-12-27,66.86,70.41,66.86,68.92,492610
2019-12-30,69.96,74.4,69.2,72.49,189720
