date,open,high,low,close,volume
2009-03-05,73.0,74.0,71.15,71.8,38800
2009-03-06,70.0,76.0,70.0,71.55,118995
2009-03-09,70.0,72.0,68.6,71.5,62475
2009-03-12,71.75,72.45,71.4,72.1,48448
2009-03-13,72.65,73.1,72.25,72.9,53355
2009-03-16,73.0,76.7,72.6,75.4,222928
2009-03-17,76.0,77.0,72.7,73.6,402267
2009-03-18,74.5,75.5,73.3,73.7,222620
2009-03-19,74.6,75.9,73.35,75.1,402044
2009-03-20,74.75,76.9,74.0,74.95,418124
2009-03-23,76.0,76.5,75.1,75.95,241431
2009-03-24,77.9,77.9,73.6,74.15,399240
2009-03-25,74.8,75.85,73.85,75.05,505758
2009-03-26,75.9,75.9,74.3,75.0,638972
2009-03-27,75.9,79.45,75.6,78.0,397818
2009-03-30,76.15,80.2,76.15,76.75,369426
2009-03-31,77.4,79.2,75.15,76.9,431344
2009-04-01,77.7,80.0,76.55,78.55,430920
2009-04-02,80.0,82.8,79.65,80.55,1287930
2009-04-06,82.0,83.9,80.15,82.45,1699409
2009-04-08,81.3,87.65,81.1,85.25,3767813
2009-04-09,87.0,92.0,85.5,88.65,2909789
2009-04-13,89.7,93.95,87.35,91.15,1959769
2009-04-15,90.5,98.5,89.3,97.35,2000830
2009-04-16,98.5,99.4,87.2,89.45,1066765
2009-04-17,90.5,92.8,88.0,89.3,622668
2009-04-20,89.9,91.4,84.8,86.0,779114
2009-04-21,85.0,88.8,83.7,85.15,961785
2009-04-22,85.2,87.9,84.35,85.45,364526
2009-04-23,87.0,87.0,84.0,85.35,765838
2009-04-24,85.85,89.45,83.95,87.85,683713
2009-04-27,90.75,91.45,85.6,86.4,420951
2009-04-28,87.7,87.7,80.35,81.05,775315
2009-04-29,81.5,83.7,81.05,82.05,1145873
2009-05-04,84.5,86.9,83.25,85.9,626696
2009-05-05,87.6,92.0,86.1,90.4,1592510
2009-05-06,91.3,94.8,87.65,89.15,1168988
2009-05-07,92.05,93.25,90.1,91.7,820734
2009-05-08,94.75,97.9,91.5,94.35,2307242
2009-05-11,96.0,97.0,88.55,91.05,924559
2009-05-12,91.0,94.0,91.0,92.95,753147
2009-05-13,92.05,96.7,91.0,92.15,1547927
2009-05-14,91.0,96.3,89.0,95.1,2920574
2009-05-15,97.0,100.45,93.55,95.0,3140858
2009-05-18,105.0,113.35,105.0,110.5,20177
2009-05-19,101.0,120.9,95.1,110.55,4691325
2009-05-20,111.0,123.8,110.0,122.0,2855801
2009-05-21,121.0,126.85,113.1,115.5,2553330
2009-05-22,117.0,132.3,115.5,129.7,4346034
2009-05-25,133.8,133.8,126.25,130.75,2001637
2009-05-26,132.75,133.35,123.1,124.2,1342650
2009-05-27,126.8,132.4,126.0,130.3,1616479
2009-05-28,131.2,136.6,130.9,132.75,2404314
2009-05-29,134.0,141.9,133.9,136.8,2213434
2009-06-01,140.3,148.5,138.2,147.2,2370336
2009-06-02,150.0,150.0,140.2,145.75,1536115
2009-06-03,147.75,153.75,143.75,151.0,3480804
2009-06-04,147.1,150.9,133.7,149.5,1932836
2009-06-05,152.0,152.0,143.5,144.65,974450
2009-06-08,142.0,145.4,127.8,130.25,1214533
2009-06-09,125.25,133.7,123.1,131.5,1628293
2009-06-10,134.7,137.6,128.35,129.65,1151004
2009-06-11,131.2,135.3,127.15,131.15,1168832
2009-06-12,132.5,134.0,126.35,127.9,758500
2009-06-15,127.2,134.4,125.7,127.25,1309348
2009-06-16,126.8,132.25,124.0,130.95,885387
2009-06-17,131.8,133.6,122.8,124.35,804131
2009-06-18,123.4,125.0,116.25,118.65,845100
2009-06-19,121.45,122.8,117.95,119.55,870750
2009-06-22,121.85,122.8,117.65,118.35,583195
2009-06-23,117.0,120.8,114.7,119.15,534991
2009-06-24,120.0,124.55,118.8,123.25,678747
2009-06-25,124.3,126.45,118.2,120.25,1439874
2009-06-26,122.75,123.0,117.8,120.95,1291070
2009-06-29,123.0,127.95,121.45,126.2,1422722
2009-06-30,130.0,130.0,122.0,124.35,1247644
2009-07-01,126.15,135.4,124.5,133.8,3350120
2009-07-02,134.6,135.9,130.05,131.95,1475965
2009-07-03,130.6,133.4,129.6,131.95,757784
2009-07-06,133.1,134.4,121.95,122.9,1506294
2009-07-07,123.0,124.9,117.55,121.1,612358
2009-07-08,119.0,122.85,114.55,118.35,1041292
2009-07-09,118.5,120.7,115.5,118.25,599261
2009-07-10,118.25,122.3,113.5,115.85,689648
2009-07-13,115.85,115.85,111.7,114.9,563359
2009-07-14,115.8,119.4,115.25,117.4,353453
2009-07-15,119.25,125.2,119.0,124.5,760406
2009-07-16,129.4,129.4,122.9,124.1,915563
2009-07-17,127.0,128.9,125.2,126.55,555365
2009-07-20,128.9,129.55,125.25,127.55,497233
2009-07-21,127.5,127.5,124.0,125.95,341419
2009-07-22,124.15,128.95,123.55,124.4,492564
2009-07-23,125.8,127.3,124.35,126.35,315087
2009-07-24,127.5,132.3,126.3,130.4,1105647
2009-07-27,132.0,132.45,128.0,128.75,396257
2009-07-28,129.45,132.7,129.0,130.4,857128
2009-07-29,130.5,136.3,127.3,130.35,2289614
2009-07-30,128.1,132.35,127.65,130.6,806981
2009-07-31,132.0,135.75,131.15,134.35,1011937
2009-08-03,136.0,139.8,136.0,137.7,1427863
2009-08-04,138.9,140.5,133.2,136.0,1063463
2009-08-05,137.0,138.7,134.05,136.95,505522
2009-08-06,135.55,140.0,132.15,133.25,996731
2009-08-07,133.6,133.6,125.75,127.35,494242
2009-08-10,127.6,130.35,124.25,125.6,555755
2009-08-11,126.0,126.4,123.35,124.9,590517
2009-08-12,123.0,125.25,121.3,124.65,391443
2009-08-13,126.5,129.25,126.1,128.15,1058420
2009-08-14,129.1,130.5,127.4,129.05,643111
2009-08-17,127.9,128.8,126.3,127.5,587009
2009-08-18,127.0,130.15,126.05,128.65,603115
2009-08-19,129.0,131.6,126.25,127.5,485670
2009-08-20,129.8,131.5,129.0,129.15,693363
2009-08-21,129.0,130.9,127.85,130.0,657082
2009-08-24,131.6,131.95,130.6,131.25,349327
2009-08-25,131.15,133.7,130.55,132.7,426661
2009-08-26,134.7,136.5,133.45,135.7,1134488
2009-08-27,137.1,141.7,135.7,140.45,1918696
2009-08-28,141.25,143.0,138.2,139.75,923151
2009-08-31,139.0,142.4,139.0,140.15,696879
2009-09-01,140.5,141.35,137.0,137.9,538691
2009-09-02,137.0,141.0,135.75,138.25,603005
2009-09-03,139.8,140.0,138.0,138.4,458817
2009-09-04,139.45,142.3,139.0,140.75,614867
2009-09-07,141.65,142.55,141.0,141.75,394111
2009-09-08,142.5,143.6,141.0,142.0,635646
2009-09-09,143.5,144.9,141.55,142.35,635993
2009-09-10,142.8,144.5,142.2,143.05,442225
2009-09-11,143.9,144.25,142.0,142.85,385467
2009-09-14,141.5,146.75,141.5,145.35,474015
2009-09-15,147.9,148.7,145.0,147.5,813647
2009-09-16,148.5,150.4,147.75,149.15,695975
2009-09-17,150.7,151.3,148.5,150.05,918528
2009-09-18,145.1,145.1,141.3,142.9,916197
2009-09-22,141.5,143.0,141.1,142.0,327495
2009-09-23,142.0,142.0,139.3,140.5,347901
2009-09-24,138.2,138.85,136.2,137.05,642991
2009-09-25,137.0,139.9,135.55,138.35,366758
2009-09-29,139.9,141.9,138.0,140.5,477944
2009-09-30,141.0,142.5,140.0,141.4,397040
2009-10-01,141.5,141.5,139.35,140.15,193410
2009-10-05,138.75,142.0,137.55,139.55,692786
2009-10-06,141.0,143.9,137.0,142.1,549257
2009-10-07,143.5,147.2,141.2,142.15,1172710
2009-10-08,143.65,147.9,142.4,145.35,1298503
2009-10-09,144.0,146.7,138.8,139.55,522399
2009-10-12,140.25,141.7,139.05,141.05,311254
2009-10-14,141.95,142.7,140.5,141.8,420200
2009-10-15,143.0,143.0,140.5,141.65,471084
2009-10-16,140.0,143.5,129.8,140.9,822050
2009-10-17,142.0,142.3,141.0,141.3,47617
2009-10-20,142.0,144.5,140.55,142.9,322399
2009-10-21,144.75,146.0,142.0,142.95,539314
2009-10-22,142.95,146.95,142.0,142.7,873972
2009-10-23,144.15,146.2,142.05,142.6,349855
2009-10-26,136.9,143.25,136.9,140.0,211988
2009-10-27,138.9,141.45,134.6,137.0,647862
2009-10-28,138.8,138.8,132.7,136.1,328808
2009-10-29,130.3,137.1,127.15,133.05,1139364
2009-10-30,133.0,133.0,126.4,130.05,1114629
2009-11-03,121.3,127.25,120.15,125.45,346359
2009-11-04,126.55,130.8,123.6,130.25,251194
2009-11-05,128.6,133.8,128.6,133.05,210147
2009-11-06,134.8,137.45,133.5,136.7,200106
2009-11-09,135.0,137.95,135.0,136.75,434843
2009-11-10,138.15,138.85,136.05,138.05,273610
2009-11-11,139.0,153.7,137.0,149.55,2468941
2009-11-12,149.0,151.75,142.25,143.0,1313421
2009-11-13,144.9,150.5,143.05,145.9,1607169
2009-11-16,146.3,149.0,146.3,146.8,412623
2009-11-17,148.85,150.9,140.4,145.6,721513
2009-11-18,146.6,152.3,145.6,150.15,1510473
2009-11-19,151.9,155.0,145.7,146.75,1614597
2009-11-20,147.0,150.0,144.1,149.35,588045
2009-11-23,149.0,150.5,146.5,148.0,400726
2009-11-24,147.1,148.4,145.5,146.5,259970
2009-11-25,147.9,148.95,145.05,145.75,305236
2009-11-26,145.0,145.8,142.4,144.35,630701
2009-11-27,142.0,142.7,139.2,142.0,349322
2009-11-30,143.0,145.5,141.0,142.95,210793
2009-12-01,141.0,147.85,141.0,147.1,250195
2009-12-02,148.0,148.2,145.5,146.6,323089
2009-12-03,147.0,149.55,145.15,147.15,249910
2009-12-04,148.1,151.7,147.0,147.3,810496
2009-12-07,147.85,148.7,145.0,145.45,127122
2009-12-08,145.1,147.95,144.1,146.7,300629
2009-12-09,146.7,147.45,145.0,145.3,114449
2009-12-10,145.65,147.65,144.4,146.6,416714
2009-12-11,147.5,148.5,144.8,145.85,214715
2009-12-14,147.7,147.7,143.65,145.05,271765
2009-12-15,144.0,146.9,141.05,143.1,179042
2009-12-16,142.8,143.5,139.95,142.0,135451
2009-12-17,142.8,144.4,141.2,143.55,134968
2009-12-18,142.0,146.0,141.55,143.85,308305
2009-12-21,142.05,143.95,139.55,141.05,126778
2009-12-22,141.6,143.9,140.55,143.05,151740
2009-12-23,143.75,146.45,142.75,144.85,138905
2009-12-24,145.75,147.2,144.1,145.35,204961
2009-12-29,145.95,146.4,144.85,145.15,56607
2009-12-30,150.0,153.0,145.75,146.55,687913
2009-12-31,149.5,149.5,145.5,147.8,388456
2010-01-04,148.8,149.9,146.35,148.35,172183
2010-01-05,150.0,161.3,149.5,159.45,2749404
2010-01-06,151.1,164.8,151.1,161.3,1557369
2010-01-07,162.9,163.8,159.6,161.4,576488
2010-01-08,162.9,164.5,161.0,161.8,492605
2010-01-11,163.0,170.75,161.65,169.1,1410585
2010-01-12,168.7,170.8,161.6,162.15,1029854
2010-01-13,159.1,165.8,159.1,164.25,615016
2010-01-14,164.25,166.9,163.05,164.2,277867
2010-01-15,164.25,173.8,164.1,172.7,1674205
2010-01-18,171.25,179.0,169.1,175.05,1673224
2010-01-19,177.0,181.75,170.5,172.4,1924782
2010-01-20,174.0,177.3,171.15,173.35,849237
2010-01-21,174.0,174.7,159.0,163.35,1007027
2010-01-22,155.5,165.45,153.65,163.8,1042424
2010-01-25,164.0,167.8,161.15,164.95,642795
2010-01-27,163.1,166.9,155.65,157.15,433294
2010-01-28,158.3,162.4,155.05,156.7,658810
2010-01-29,155.0,159.0,150.8,157.5,534743
2010-02-01,155.25,159.9,146.6,155.95,738809
2010-02-02,158.5,159.4,152.9,153.45,239068
2010-02-03,154.1,156.75,152.4,153.6,712556
2010-02-04,153.7,154.7,150.0,150.95,374456
2010-02-05,149.9,149.9,145.05,146.4,311456
2010-02-06,147.8,147.9,145.3,146.65,35185
2010-02-08,147.85,150.0,145.6,149.0,202305
2010-02-09,149.65,153.0,148.1,151.8,282205
2010-02-10,153.0,155.5,148.0,149.0,406321
2010-02-11,150.0,152.3,147.45,148.2,145907
2010-02-15,150.0,150.0,146.1,146.45,121101
2010-02-16,148.9,151.3,146.6,148.55,394729
2010-02-17,149.9,155.8,149.3,152.4,960346
2010-02-18,153.0,155.4,150.7,151.7,336974
2010-02-19,150.9,153.75,146.5,147.4,386872
2010-02-22,149.0,149.95,146.0,147.85,258578
2010-02-23,148.0,148.4,144.15,145.0,169075
2010-02-24,143.55,145.8,142.6,144.2,178366
2010-02-25,141.05,145.7,138.5,139.0,555633
2010-02-26,140.5,143.8,138.8,142.55,528802
2010-03-02,143.9,146.45,143.2,145.45,180457
2010-03-03,146.0,151.9,146.0,147.75,265165
2010-03-04,150.0,155.0,148.25,151.1,412201
2010-03-05,153.65,154.75,151.65,152.25,308582
2010-03-08,154.0,154.9,151.5,152.3,208945
2010-03-09,152.6,153.15,149.75,150.3,118012
2010-03-10,150.9,151.5,148.25,150.7,251404
2010-03-11,152.7,152.8,148.55,151.7,210055
2010-03-12,152.0,152.85,149.85,150.6,148591
2010-03-15,152.0,153.5,150.5,152.4,411585
2010-03-16,153.5,153.8,151.0,151.5,129378
2010-03-17,152.1,158.9,151.75,157.8,1072748
2010-03-18,159.1,162.5,157.55,158.25,944049
2010-03-19,158.25,161.9,157.1,158.5,360924
2010-03-22,155.0,163.3,153.15,156.75,820755
2010-03-23,158.3,159.0,153.55,155.1,256527
2010-03-25,155.5,155.5,150.9,151.75,463669
2010-03-26,153.8,154.45,152.25,153.75,292856
2010-03-29,154.0,158.45,152.5,156.7,360356
2010-03-30,159.0,160.75,153.0,157.25,435998
2010-03-31,164.0,164.0,154.8,155.75,159861
2010-04-01,161.5,161.5,155.2,157.8,338723
2010-04-05,160.0,160.0,157.2,158.05,85468
2010-04-06,159.0,163.9,157.65,162.5,476605
2010-04-07,164.0,166.9,162.05,162.65,695498
2010-04-08,160.7,164.65,156.65,158.1,235087
2010-04-09,157.0,162.5,157.0,160.1,200598
2010-04-12,160.0,163.0,157.6,159.6,333799
2010-04-13,160.0,160.5,156.15,157.4,277757
2010-04-15,157.4,159.75,156.65,157.05,247858
2010-04-16,157.2,159.35,155.5,157.6,355839
2010-04-19,157.0,161.5,156.5,158.0,674356
2010-04-20,159.05,161.45,158.65,160.35,254470
2010-04-21,160.5,162.5,159.55,160.6,249436
2010-04-22,161.7,161.7,158.55,159.15,107871
2010-04-23,160.0,160.9,157.6,159.35,123063
2010-04-26,160.0,161.45,158.35,160.3,184708
2010-04-27,161.2,164.15,159.0,163.15,512807
2010-04-28,161.0,163.9,160.0,162.7,572539
2010-04-29,161.25,165.5,161.25,163.55,588761
2010-04-30,164.25,166.15,163.7,165.0,310831
2010-05-03,163.9,165.8,163.1,164.9,219278
2010-05-04,163.2,165.95,158.2,159.1,122945
2010-05-05,159.1,162.4,153.4,161.7,262558
2010-05-06,160.05,164.9,159.25,164.15,212003
2010-05-07,164.15,164.8,160.0,162.5,349372
2010-05-10,164.25,168.4,164.25,166.8,501290
2010-05-11,167.9,170.7,165.0,166.2,517476
2010-05-12,166.8,168.0,164.3,166.65,239995
2010-05-13,168.6,172.95,166.55,171.3,706313
2010-05-14,174.0,174.8,164.05,164.85,399137
2010-05-17,164.0,167.4,160.15,166.05,222345
2010-05-18,165.0,166.8,163.75,165.05,180895
2010-05-19,162.1,164.75,156.0,157.95,99318
2010-05-20,159.0,159.75,155.15,157.45,157261
2010-05-21,152.2,156.7,150.35,155.5,180654
2010-05-24,156.55,160.8,156.1,158.2,199011
2010-05-25,156.1,159.45,153.0,154.15,200857
2010-05-26,155.5,158.45,154.5,157.25,111491
2010-05-27,158.0,159.9,155.15,158.15,219210
2010-05-28,160.5,167.0,160.05,163.0,548352
2010-05-31,162.95,164.9,155.6,160.45,512836
2010-06-01,161.95,162.2,158.1,159.05,207290
2010-06-02,160.0,162.8,158.3,161.5,140073
2010-06-03,162.7,164.95,162.0,162.95,147520
2010-06-04,161.0,163.5,160.6,162.15,41813
2010-06-07,157.75,161.9,156.3,160.75,119667
2010-06-08,161.0,162.6,159.1,161.05,84251
2010-06-09,159.85,162.5,159.65,160.1,37334
2010-06-10,159.65,167.2,159.65,165.3,231725
2010-06-11,167.0,170.0,165.1,167.35,520016
2010-06-14,169.0,169.05,164.5,165.25,204251
2010-06-15,166.75,167.0,163.3,164.9,126048
2010-06-16,164.4,166.9,163.75,164.2,101823
2010-06-17,163.85,166.5,163.3,165.1,113278
2010-06-18,164.5,165.8,163.5,164.15,76452
2010-06-21,165.7,167.4,164.5,165.1,238929
2010-06-22,167.0,167.0,164.45,165.05,229452
2010-06-23,165.0,165.95,163.9,164.35,92964
2010-06-24,165.5,166.0,160.6,161.55,262375
2010-06-25,162.0,162.8,159.25,161.1,88307
2010-06-28,162.5,164.15,160.55,163.5,103754
2010-06-29,164.4,164.4,160.5,160.85,74179
2010-06-30,160.5,161.6,157.1,157.8,362504
2010-07-01,157.8,158.6,155.65,157.45,81343
2010-07-02,157.75,158.6,156.5,156.7,54936
2010-07-05,156.2,158.9,156.2,157.65,32888
2010-07-06,157.15,159.6,157.15,159.0,58323
2010-07-07,158.4,160.85,158.1,158.75,61392
2010-07-08,159.05,160.9,158.6,158.95,66923
2010-07-09,159.0,163.0,158.6,160.5,226951
2010-07-12,159.0,162.25,159.0,160.55,127917
2010-07-13,159.15,161.7,159.15,160.95,121714
2010-07-14,162.8,162.8,158.8,159.4,157521
2010-07-15,159.9,159.9,156.45,157.1,251141
2010-07-16,157.1,157.9,155.2,155.8,182398
2010-07-19,154.95,158.45,153.25,157.5,213645
2010-07-20,157.5,158.2,155.55,156.4,118230
2010-07-21,156.95,157.75,155.5,156.4,161773
2010-07-22,156.2,160.5,155.1,158.95,132612
2010-07-23,161.0,162.0,157.25,158.3,233512
2010-07-26,159.2,159.45,155.15,155.95,177242
2010-07-27,156.0,158.4,155.35,158.1,157640
2010-07-28,158.95,159.8,156.55,157.15,70067
2010-07-29,157.0,162.4,155.65,160.8,233051
2010-07-30,162.0,165.45,160.05,161.65,939567
2010-08-02,163.4,164.9,162.1,163.0,158155
2010-08-03,163.4,165.0,156.55,163.0,307353
2010-08-04,163.05,163.85,162.15,162.3,48462
2010-08-05,162.5,172.0,161.5,171.3,1730022
2010-08-06,173.0,174.75,167.15,168.15,1310703
2010-08-09,170.0,172.0,168.55,169.5,657955
2010-08-10,169.3,172.5,166.65,167.45,572872
2010-08-11,168.0,169.45,165.15,165.55,176396
2010-08-12,166.95,167.95,164.05,164.7,310726
2010-08-13,165.15,167.0,164.05,164.75,196632
2010-08-16,164.1,166.0,161.4,162.25,82873
2010-08-17,162.9,163.85,161.1,161.9,110735
2010-08-18,162.1,166.65,161.05,166.05,308760
2010-08-19,166.8,167.2,164.2,165.15,146453
2010-08-20,163.4,165.8,160.9,164.55,102573
2010-08-23,163.0,166.5,163.0,164.85,87093
2010-08-24,166.0,166.0,162.2,163.0,131743
2010-08-25,162.1,165.7,161.5,162.1,124418
2010-08-26,163.9,164.5,160.1,160.6,259475
2010-08-27,162.0,163.9,160.25,160.55,172152
2010-08-30,161.7,163.0,160.6,161.45,83557
2010-08-31,160.2,161.7,160.0,160.95,85226
2010-09-01,161.9,163.4,161.1,162.0,177345
2010-09-02,163.8,166.4,163.25,164.5,339501
2010-09-03,163.0,167.2,163.0,165.2,128943
2010-09-06,165.5,167.45,165.35,166.1,295711
2010-09-07,166.5,169.5,165.15,167.45,345799
2010-09-08,166.5,170.6,165.55,168.0,328042
2010-09-09,171.0,173.9,168.5,168.9,438239
2010-09-13,170.9,172.0,166.9,167.3,457347
2010-09-14,167.5,169.85,167.0,167.8,241692
2010-09-15,169.2,169.85,167.1,168.35,225888
2010-09-16,169.2,169.4,166.7,167.15,196453
2010-09-17,169.2,170.75,166.05,169.25,641547
2010-09-20,167.85,167.85,163.5,164.3,228088
2010-09-21,165.75,165.75,162.1,163.4,226651
2010-09-22,161.8,163.9,161.0,162.8,173079
2010-09-23,163.0,164.9,161.0,162.55,173015
2010-09-24,163.0,163.5,162.0,162.8,88077
2010-09-27,163.0,164.6,162.65,163.0,227471
2010-09-28,163.5,165.6,161.1,165.1,557982
2010-09-29,166.5,167.0,162.65,163.75,507866
2010-09-30,164.9,164.9,161.1,161.9,286716
2010-10-01,162.7,165.35,162.3,164.0,299936
2010-10-04,166.0,168.5,165.0,167.15,665483
2010-10-05,168.0,169.65,166.35,168.0,646629
2010-10-06,172.0,202.7,171.15,192.05,15265570
2010-10-07,191.85,194.8,183.6,185.1,2969382
2010-10-08,192.0,192.0,182.05,183.8,1273852
2010-10-11,186.1,187.9,183.1,184.55,641738
2010-10-12,184.55,189.8,178.9,188.0,1223990
2010-10-13,190.0,190.85,186.35,187.4,645507
2010-10-14,189.0,192.3,183.6,185.05,798764
2010-10-15,185.0,185.25,178.8,180.25,274759
2010-10-18,179.75,180.65,175.25,178.95,285919
2010-10-19,178.1,184.6,177.35,180.1,506652
2010-10-20,180.25,183.9,177.45,179.05,386633
2010-10-21,179.5,181.9,179.1,180.25,339986
2010-10-22,181.25,182.45,178.0,179.3,398387
2010-10-25,180.0,183.5,179.15,181.7,870800
2010-10-26,182.15,183.85,180.0,180.55,361181
2010-10-27,180.2,184.25,180.1,182.0,509168
2010-10-28,182.9,183.0,173.3,175.1,958248
2010-10-29,176.0,178.65,171.6,173.1,300214
2010-11-01,175.1,178.7,175.0,176.35,374856
2010-11-02,177.0,184.4,174.5,183.5,870131
2010-11-03,185.1,185.6,181.4,182.35,690808
2010-11-04,183.9,186.95,180.7,185.7,683155
2010-11-05,187.0,187.6,184.05,184.95,100100
2010-11-08,185.75,186.5,180.1,180.95,239607
2010-11-09,180.55,182.7,177.1,179.85,313722
2010-11-10,179.25,184.3,178.35,181.85,642814
2010-11-11,182.7,183.3,177.05,178.05,213975
2010-11-12,178.9,179.75,172.0,173.15,242921
2010-11-15,176.8,177.45,169.25,171.2,348631
2010-11-16,171.95,173.0,164.05,164.8,460340
2010-11-18,165.55,169.0,159.9,167.0,518739
2010-11-19,158.1,168.85,153.1,154.7,708129
2010-11-22,155.0,158.4,152.8,156.5,427201
2010-11-23,155.8,157.8,152.55,153.85,443589
2010-11-24,155.0,158.0,145.2,146.85,882067
2010-11-25,148.8,149.45,142.55,146.9,2058924
2010-11-26,147.05,148.0,142.5,144.75,346003
2010-11-29,143.3,148.0,142.0,145.1,558537
2010-11-30,145.15,145.15,142.35,143.65,357088
2010-12-01,144.0,144.8,143.0,144.25,428781
2010-12-02,145.45,149.35,144.3,146.85,1430843
2010-12-03,146.95,148.0,143.5,143.85,686435
2010-12-06,144.85,147.1,144.25,144.5,531544
2010-12-07,145.0,145.5,143.15,143.65,292916
2010-12-08,143.65,144.35,141.5,141.75,227163
2010-12-09,142.0,142.3,138.5,139.35,281820
2010-12-10,139.0,141.2,138.1,139.15,216414
2010-12-13,139.3,140.5,138.0,139.25,143393
2010-12-14,139.9,141.55,138.3,139.35,606713
2010-12-15,138.0,139.0,132.25,132.6,6721308
2010-12-16,132.5,134.8,131.5,133.7,4660929
2010-12-20,134.25,134.25,131.0,131.15,781444
2010-12-21,132.4,133.4,131.0,131.9,694163
2010-12-22,132.5,133.85,132.05,132.75,1062714
2010-12-23,132.75,133.4,131.35,131.65,518912
2010-12-24,132.2,133.4,131.1,132.45,673417
2010-12-27,132.45,133.3,130.7,131.15,837253
2010-12-28,131.75,131.75,131.05,131.25,368444
2010-12-29,131.3,132.1,131.0,131.25,682458
2010-12-30,131.0,131.9,129.4,129.7,3872331
2011-01-03,131.5,132.85,131.05,132.25,948839
2011-01-04,133.0,136.3,132.7,135.7,3171510
2011-01-05,136.0,136.4,133.3,133.6,747109
2011-01-06,134.1,134.9,132.15,133.85,746182
2011-01-07,135.8,135.8,129.7,130.35,979530
2011-01-10,130.2,131.0,125.6,126.3,571196
2011-01-11,125.0,127.25,123.1,123.8,694844
2011-01-12,124.5,125.75,122.05,125.3,663083
2011-01-13,125.5,126.4,123.3,123.8,356576
2011-01-14,122.65,124.7,120.8,121.2,491112
2011-01-17,121.2,123.05,117.05,117.4,484553
2011-01-18,118.0,119.0,116.05,117.25,476032
2011-01-19,118.0,118.95,116.75,118.05,1030971
2011-01-20,118.25,121.7,117.4,120.05,1611706
2011-01-21,120.6,122.35,120.1,121.25,608898
2011-01-24,121.95,122.4,120.8,121.45,559967
2011-01-25,122.0,123.85,121.35,122.3,762929
2011-01-27,122.3,123.7,118.05,118.8,3104466
2011-01-28,118.7,120.7,116.0,117.6,612022
2011-01-31,117.0,117.0,113.85,114.25,512972
2011-02-01,114.0,115.4,111.6,112.35,381465
2011-02-02,113.0,116.4,112.5,114.05,534867
2011-02-03,114.5,117.05,113.15,116.55,534553
2011-02-04,117.2,117.6,114.05,114.6,389497
2011-02-07,115.0,116.55,113.8,114.2,441131
2011-02-08,115.6,116.5,113.0,113.4,688611
2011-02-09,112.9,114.25,109.05,109.55,570664
2011-02-10,110.0,111.9,108.1,110.6,551848
2011-02-11,109.6,110.4,107.1,109.95,431308
2011-02-14,110.55,112.85,110.1,112.6,525490
2011-02-15,112.85,114.5,112.1,112.85,440757
2011-02-16,112.05,113.6,112.05,112.45,233937
2011-02-17,112.6,114.9,111.2,114.0,457896
2011-02-18,114.0,116.3,107.0,108.55,1197166
2011-02-21,108.6,109.25,103.3,106.9,1193973
2011-02-22,106.5,107.4,104.35,104.85,622360
2011-02-23,104.85,106.95,104.2,104.6,636561
2011-02-24,105.0,105.2,99.0,99.65,1460605
2011-02-25,100.0,100.65,98.2,99.75,575812
2011-02-28,100.0,102.0,99.05,99.45,701227
2011-03-01,99.45,104.5,99.4,103.95,741883
2011-03-03,103.4,106.15,102.65,105.3,663619
2011-03-04,105.7,106.9,105.45,106.0,426923
2011-03-07,105.1,105.75,103.3,105.0,498688
2011-03-08,105.4,108.6,105.0,106.7,503096
2011-03-09,106.95,108.45,106.25,107.45,358010
2011-03-10,107.05,110.35,106.55,109.5,936366
2011-03-11,105.2,109.9,105.2,107.6,480936
2011-03-14,107.0,110.2,106.1,109.25,452129
2011-03-15,106.1,110.65,104.55,107.8,935415
2011-03-16,106.8,110.3,106.8,108.4,534110
2011-03-17,107.95,109.7,107.35,107.6,299657
2011-03-18,107.8,108.45,105.65,106.15,233882
2011-03-21,106.35,107.3,105.65,105.85,156735
2011-03-22,106.2,107.2,105.0,106.05,290772
2011-03-23,106.0,107.6,105.55,106.95,1824790
2011-03-24,107.0,107.95,106.35,106.8,260290
2011-03-25,107.9,108.7,106.1,107.65,347261
2011-03-28,107.5,108.65,106.75,108.25,467111
2011-03-29,109.9,110.4,107.0,108.55,933391
2011-03-30,109.85,110.0,107.65,109.55,571213
2011-03-31,109.8,110.0,104.0,107.45,1148797
2011-04-01,108.0,113.15,107.25,112.1,841843
2011-04-04,113.15,116.3,113.15,115.0,1059973
2011-04-05,115.25,116.0,113.4,115.55,712058
2011-04-06,114.65,116.7,113.2,116.0,451248
2011-04-07,115.5,118.75,115.5,117.75,800619
2011-04-08,118.15,118.85,114.65,114.95,519155
2011-04-11,114.0,115.5,113.45,113.85,261064
2011-04-13,113.8,115.75,113.15,115.35,315178
2011-04-15,115.45,115.7,114.15,114.8,222520
2011-04-18,115.9,116.9,113.0,113.55,483571
2011-04-19,113.4,115.0,113.2,113.8,185641
2011-04-20,114.6,115.45,114.4,114.75,256359
2011-04-21,113.0,116.45,112.35,115.35,294344
2011-04-25,115.3,116.0,114.55,114.9,106712
2011-04-26,114.6,115.0,114.0,114.3,115357
2011-04-27,114.7,115.45,113.8,114.25,127653
2011-04-28,113.6,115.85,111.2,111.6,578360
2011-04-29,111.6,112.9,110.1,111.3,192374
2011-05-02,112.0,112.4,109.4,109.95,184539
2011-05-03,109.95,110.5,107.55,107.9,155512
2011-05-04,107.5,107.9,104.85,105.8,719405
2011-05-05,106.0,106.9,105.1,105.4,142183
2011-05-06,106.0,106.7,105.4,106.35,110272
2011-05-09,106.5,107.0,105.6,106.45,108485
2011-05-10,105.1,106.95,105.1,105.45,225020
2011-05-11,106.65,108.4,105.6,107.35,353245
2011-05-12,107.2,107.7,105.5,106.05,85287
2011-05-13,105.6,109.7,105.6,108.6,186467
2011-05-16,109.0,109.0,106.35,106.7,122963
2011-05-17,106.25,107.7,105.05,105.25,123549
2011-05-18,105.65,105.85,104.1,104.8,138207
2011-05-19,105.0,105.3,103.75,104.05,138777
2011-05-20,104.1,105.2,103.3,104.4,133382
2011-05-23,105.5,105.5,103.5,103.85,110707
2011-05-24,103.2,104.5,103.2,104.35,79613
2011-05-25,102.2,104.4,101.3,101.8,211524
2011-05-26,102.5,102.5,100.2,100.7,637144
2011-05-27,98.75,103.55,98.75,103.35,146626
2011-05-30,103.0,104.9,101.9,102.75,277768
2011-05-31,103.0,105.35,99.3,104.35,790850
2011-06-01,105.0,107.5,104.35,105.2,325536
2011-06-02,104.0,106.95,103.25,106.25,289152
2011-06-03,106.5,108.5,105.5,105.85,485211
2011-06-06,113.1,113.1,104.4,105.25,200140
2011-06-07,105.1,106.4,104.6,105.85,112005
2011-06-08,108.9,108.9,105.1,105.7,131519
2011-06-09,105.5,106.0,104.7,105.45,150203
2011-06-10,104.3,106.0,104.3,105.1,110957
2011-06-13,105.1,105.1,103.85,104.7,153817
2011-06-14,105.0,107.05,104.5,106.4,836094
2011-06-15,106.4,106.75,104.3,104.85,225188
2011-06-16,104.4,105.0,103.6,104.0,99162
2011-06-17,103.2,104.75,103.1,103.45,148866
2011-06-20,103.95,103.95,97.15,99.75,293808
2011-06-21,100.4,100.9,98.65,99.55,191695
2011-06-22,99.45,100.2,98.5,98.85,156338
2011-06-23,99.0,99.25,97.5,99.0,114747
2011-06-24,98.55,101.2,98.2,100.85,151505
2011-06-27,99.3,103.8,98.55,103.05,193571
2011-06-28,103.05,103.95,101.75,102.55,94780
2011-06-29,102.95,103.6,102.5,102.8,95902
2011-06-30,103.45,103.5,101.75,102.4,563501
2011-07-01,102.4,104.8,102.4,103.85,132025
2011-07-04,104.05,106.95,103.4,106.75,325123
2011-07-05,106.75,107.05,105.15,105.35,113717
2011-07-06,105.9,106.4,104.7,105.45,89644
2011-07-07,105.5,107.2,105.15,106.35,157949
2011-07-08,106.0,108.5,105.05,106.25,342466
2011-07-11,106.0,107.3,105.0,105.45,187923
2011-07-12,105.35,105.35,102.7,103.6,168136
2011-07-13,104.0,105.15,103.8,104.55,107543
2011-07-14,104.5,105.9,104.05,104.7,117106
2011-07-15,105.5,106.2,104.6,105.0,157841
2011-07-18,105.9,106.05,104.5,104.65,80759
2011-07-19,105.0,105.7,104.5,105.05,69203
2011-07-20,104.75,105.75,103.8,104.15,87634
2011-07-21,104.8,104.85,103.15,103.55,73157
2011-07-22,103.2,105.2,102.1,104.6,120701
2011-07-25,105.25,105.7,104.25,105.3,110915
2011-07-26,106.0,106.2,104.4,104.7,97798
2011-07-27,104.4,107.9,103.55,105.45,295348
2011-07-28,106.0,106.0,103.05,103.65,453864
2011-07-29,104.0,104.3,101.0,101.5,284969
2011-08-01,101.55,103.35,101.0,102.5,161185
2011-08-02,102.85,102.85,100.1,100.6,186245
2011-08-03,100.5,101.0,99.2,100.55,195780
2011-08-04,100.1,101.7,99.1,99.6,153199
2011-08-05,97.0,97.5,93.1,95.35,351830
2011-08-08,95.0,95.0,92.0,92.75,823246
2011-08-09,92.75,92.75,88.0,91.45,282576
2011-08-10,92.9,93.95,92.65,93.35,186173
2011-08-11,92.65,93.7,92.2,92.95,207216
2011-08-12,93.05,94.4,92.2,92.95,265514
2011-08-16,92.8,93.05,86.25,86.75,563666
2011-08-17,87.0,87.9,82.6,83.15,469985
2011-08-18,83.6,83.6,80.45,80.8,353743
2011-08-19,80.0,81.4,78.0,80.65,303882
2011-08-22,81.05,86.1,79.65,84.95,374344
2011-08-23,85.1,85.9,83.25,83.9,255567
2011-08-24,84.3,84.8,82.0,82.55,246115
2011-08-25,82.95,83.45,82.0,82.65,145808
2011-08-26,82.05,83.2,79.55,80.15,206345
2011-08-29,81.95,84.25,81.3,83.4,275374
2011-08-30,83.9,87.3,83.55,85.85,325489
2011-09-02,85.85,88.5,84.6,88.0,206443
2011-09-05,88.0,88.9,86.15,87.75,250410
2011-09-06,87.5,87.9,84.65,86.15,296436
2011-09-07,87.0,88.25,86.65,87.3,543387
2011-09-08,87.8,88.9,87.5,88.65,412551
2011-09-09,88.05,91.65,87.6,88.35,939253
2011-09-12,87.05,89.4,86.05,87.3,412191
2011-09-13,87.1,88.9,86.65,87.05,281475
2011-09-14,85.8,85.8,84.2,85.0,264409
2011-09-15,85.3,86.2,84.8,85.85,145369
2011-09-16,85.85,87.25,85.05,86.9,265538
2011-09-19,87.0,87.65,85.75,86.35,100168
2011-09-20,86.2,86.9,86.0,86.5,66624
2011-09-21,86.5,87.9,86.05,87.3,192717
2011-09-22,86.7,86.7,84.0,84.5,212993
2011-09-23,82.2,84.35,82.2,83.45,199344
2011-09-26,83.9,83.9,81.65,82.5,119160
2011-09-27,83.45,85.1,82.7,84.5,101488
2011-09-28,84.75,85.5,82.55,82.9,60683
2011-09-29,80.1,85.25,80.1,83.1,529722
2011-09-30,84.0,84.05,81.45,83.05,86882
2011-10-03,81.45,81.45,74.6,75.15,1186877
2011-10-04,74.05,74.05,71.5,71.7,889479
2011-10-05,72.6,72.9,69.65,69.8,480054
2011-10-07,70.1,72.75,68.45,68.9,891990
2011-10-10,69.95,71.9,68.25,71.35,646021
2011-10-11,72.0,72.8,70.45,70.9,564097
2011-10-12,70.9,72.25,70.75,71.95,634775
2011-10-13,72.25,72.95,71.55,72.25,500135
2011-10-14,72.05,72.25,71.45,71.85,434534
2011-10-17,72.25,75.0,71.8,72.0,540946
2011-10-18,71.7,71.9,67.5,70.1,310792
2011-10-19,71.0,71.0,70.15,70.55,287878
2011-10-20,70.55,71.0,68.6,69.3,300439
2011-10-21,69.3,69.9,68.7,69.05,180713
2011-10-24,69.15,70.6,68.25,68.75,371756
2011-10-25,68.8,70.15,65.25,69.05,874260
2011-10-26,70.0,70.25,69.3,70.05,123579
2011-10-28,71.5,73.2,71.0,72.65,501674
2011-10-31,72.8,75.5,72.5,73.9,1172798
2011-11-01,74.25,74.4,71.55,71.9,292067
2011-11-02,71.2,72.45,71.2,72.0,293116
2011-11-03,72.6,72.6,70.75,71.45,265010
2011-11-04,71.5,73.3,71.5,72.5,433494
2011-11-08,73.0,73.0,71.8,72.4,153237
2011-11-09,72.7,72.9,70.9,71.2,190187
2011-11-11,71.0,71.5,69.2,69.8,2065569
2011-11-14,70.9,71.4,66.5,66.75,388429
2011-11-15,65.1,66.2,61.9,62.4,770437
2011-11-16,62.4,63.7,60.9,62.25,356526
2011-11-17,61.9,62.95,61.0,61.2,279063
2011-11-18,61.8,62.9,59.85,62.65,419447
2011-11-21,62.2,62.6,59.65,60.25,235500
2011-11-22,60.25,61.45,60.0,60.75,210852
2011-11-23,61.0,61.0,58.15,58.6,354729
2011-11-24,59.0,59.2,57.65,58.65,505066
2011-11-25,59.0,60.8,58.8,59.4,230195
2011-11-28,59.95,61.7,59.15,60.7,235084
2011-11-29,60.75,63.7,60.7,61.85,523816
2011-11-30,61.7,62.7,60.2,60.6,327280
2011-12-01,62.05,62.95,60.6,61.35,421607
2011-12-02,61.7,62.45,61.25,62.1,383804
2011-12-05,62.7,62.7,61.25,61.4,266894
2011-12-07,61.5,62.85,60.0,60.65,762482
2011-12-08,60.25,60.7,58.0,58.15,483772
2011-12-09,57.9,58.0,56.1,56.55,563885
2011-12-12,56.25,57.7,54.9,55.05,450666
2011-12-13,55.0,58.25,54.7,57.15,360278
2011-12-14,57.55,58.7,55.85,56.15,870794
2011-12-15,55.85,56.15,54.95,55.45,353307
2011-12-16,55.7,56.4,52.65,53.5,396793
2011-12-19,54.2,54.2,51.1,51.5,409318
2011-12-20,51.5,51.7,49.45,49.85,484697
2011-12-21,51.0,51.45,49.8,50.75,310826
2011-12-22,50.5,52.4,50.05,52.05,388389
2011-12-23,53.0,53.0,51.05,51.5,324608
2011-12-26,61.0,61.0,50.9,51.7,404477
2011-12-27,51.75,52.8,50.5,50.75,375607
2011-12-28,51.2,51.3,48.55,49.0,500653
2011-12-29,49.1,49.65,48.5,48.7,703761
2011-12-30,48.7,50.2,47.85,48.15,354325
2012-01-02,48.45,48.75,46.1,47.05,417898
2012-01-03,47.0,51.0,47.0,50.7,849091
2012-01-04,51.55,53.8,50.1,52.0,1006381
2012-01-05,51.9,53.35,51.4,52.6,681166
2012-01-06,52.05,52.5,50.6,51.65,600086
2012-01-07,51.9,54.65,51.2,53.85,328313
2012-01-09,54.05,55.8,53.5,54.2,1393263
2012-01-10,55.5,55.5,54.35,54.6,600776
2012-01-11,54.9,56.6,54.75,56.15,1090732
2012-01-12,56.8,57.2,55.0,55.7,827869
2012-01-13,56.65,59.5,55.95,58.45,1173370
2012-01-16,58.75,59.55,57.8,58.35,623333
2012-01-17,59.0,59.9,58.5,59.0,572122
2012-01-18,59.0,59.65,56.7,57.15,454543
2012-01-19,57.9,58.2,56.1,57.8,393312
2012-01-20,58.5,61.7,58.0,59.35,1460547
2012-01-23,59.9,60.65,58.75,59.05,433315
2012-01-24,59.5,59.95,58.65,59.6,376287
2012-01-25,59.1,66.6,59.1,65.65,3207533
2012-01-27,66.5,69.3,64.1,68.35,1762111
2012-01-30,68.7,68.7,63.0,63.8,792683
2012-01-31,64.1,65.9,62.8,65.6,814276
2012-02-01,66.0,68.25,65.05,67.45,745347
2012-02-02,67.55,68.7,66.0,66.5,678515
2012-02-03,66.95,70.4,66.15,69.4,1741506
2012-02-06,70.0,71.4,68.0,69.05,1276823
2012-02-07,68.1,70.4,66.5,67.55,663639
2012-02-08,67.9,70.6,67.75,69.6,840590
2012-02-09,69.9,72.6,69.0,71.35,1240154
2012-02-10,70.85,73.2,69.9,71.1,795090
2012-02-13,71.0,71.8,68.1,68.25,1435509
2012-02-14,68.5,70.75,68.0,69.25,1717932
2012-02-15,69.05,70.95,69.0,69.85,1105982
2012-02-16,69.85,79.2,69.5,77.75,5147164
2012-02-17,78.1,81.65,76.4,77.0,4420196
2012-02-21,77.1,78.35,75.3,76.35,1240137
2012-02-22,76.5,77.5,71.4,72.2,803036
2012-02-23,72.0,72.3,70.15,70.75,739562
2012-02-24,71.0,72.9,69.9,70.4,516276
2012-02-27,72.2,72.2,65.8,66.65,562322
2012-02-28,67.1,70.25,67.1,69.15,511903
2012-02-29,69.05,71.75,68.9,70.0,509436
2012-03-01,70.0,73.0,70.0,70.9,891729
2012-03-02,71.1,71.9,68.75,69.1,654518
2012-03-03,69.0,70.7,68.6,69.45,135258
2012-03-05,78.0,78.0,67.8,68.45,367492
2012-03-06,67.0,70.65,66.55,67.15,399020
2012-03-07,67.15,67.35,65.8,66.2,293604
2012-03-09,74.0,74.0,66.85,69.65,380908
2012-03-12,70.0,72.6,70.0,72.0,951419
2012-03-13,72.05,73.4,71.75,72.05,360128
2012-03-14,72.5,72.95,70.9,71.25,340826
2012-03-15,71.9,71.95,67.05,67.5,653258
2012-03-16,67.5,68.4,62.8,63.55,2126431
2012-03-19,64.6,64.9,61.8,62.55,746690
2012-03-20,62.55,65.25,62.5,64.55,418925
2012-03-21,64.65,65.9,64.0,65.25,428465
2012-03-22,65.3,66.45,62.05,62.5,681050
2012-03-23,62.15,63.45,61.0,62.45,719495
2012-03-26,62.75,63.0,60.4,60.7,463052
2012-03-27,61.5,61.7,60.0,60.75,469955
2012-03-28,60.75,61.3,59.5,60.0,416137
2012-03-29,59.4,59.9,58.8,59.35,1037541
2012-03-30,60.0,62.5,59.65,62.05,465402
2012-04-02,62.6,63.7,62.0,63.0,342634
2012-04-03,63.4,65.7,63.05,65.25,603499
2012-04-04,64.9,65.4,63.7,64.05,377526
2012-04-09,64.45,64.45,61.75,62.1,345879
2012-04-10,62.35,62.4,61.25,61.95,269526
2012-04-11,60.3,62.75,60.3,61.35,432142
2012-04-12,61.95,63.2,61.6,62.8,218413
2012-04-13,63.3,64.15,61.8,62.1,348765
2012-04-16,62.1,62.4,60.25,61.6,271380
2012-04-17,62.0,63.0,61.0,62.5,223032
2012-04-18,63.0,63.6,62.4,62.65,249389
2012-04-19,63.35,64.4,62.75,63.45,489261
2012-04-20,63.7,65.4,62.1,62.45,1030831
2012-04-23,62.65,63.4,59.6,59.85,411799
2012-04-24,60.4,60.85,59.1,60.0,291826
2012-04-25,60.5,61.9,59.25,59.55,442584
2012-04-26,60.5,60.75,59.45,59.85,941087
2012-04-27,60.1,61.25,59.05,59.4,269651
2012-04-28,59.65,61.75,59.5,61.2,219219
2012-04-30,61.1,62.25,60.7,61.65,321311
2012-05-02,62.0,62.7,61.35,61.6,262571
2012-05-03,61.0,62.65,59.6,60.0,205024
2012-05-04,59.9,60.25,58.4,58.75,456948
2012-05-07,58.0,60.85,56.7,60.2,326058
2012-05-08,60.55,60.85,58.0,58.55,250844
2012-05-09,57.5,58.9,57.35,57.65,624368
2012-05-10,57.7,58.9,57.5,57.75,600807
2012-05-11,57.5,58.3,54.55,55.35,542241
2012-05-14,54.9,56.4,53.55,54.35,190113
2012-05-15,53.95,55.9,53.5,55.5,177774
2012-05-16,55.0,55.25,53.1,53.5,390418
2012-05-17,53.85,55.35,53.85,54.6,295781
2012-05-18,52.5,54.75,52.5,54.45,150946
2012-05-21,54.6,56.1,54.45,55.45,159335
2012-05-22,55.8,56.6,54.5,54.75,134276
2012-05-23,54.65,54.65,53.25,53.55,180720
2012-05-24,53.5,54.45,53.3,54.15,173158
2012-05-25,54.25,55.4,53.55,54.85,173869
2012-05-28,54.75,56.0,54.75,55.45,247736
2012-05-29,55.8,56.7,55.35,55.6,371532
2012-05-30,54.55,54.55,46.55,52.15,558309
2012-05-31,49.35,52.7,49.35,51.25,893959
2012-06-01,51.25,51.4,50.5,50.85,239614
2012-06-04,50.7,50.85,49.2,50.3,519072
2012-06-05,50.6,51.0,49.65,49.8,271210
2012-06-06,50.35,52.4,49.85,51.85,735757
2012-06-07,52.15,52.95,51.05,52.4,347857
2012-06-08,51.9,53.4,51.3,52.55,388775
2012-06-11,53.0,53.45,52.15,52.5,277810
2012-06-12,52.4,52.95,51.5,52.7,110720
2012-06-13,52.8,53.25,52.1,52.25,181900
2012-06-14,52.7,54.45,52.25,53.05,597741
2012-06-15,53.15,53.8,53.05,53.35,137296
2012-06-18,53.6,53.9,52.1,52.2,196422
2012-06-19,52.05,52.6,51.25,52.1,129844
2012-06-20,52.1,52.9,51.75,52.65,92433
2012-06-21,52.5,53.85,52.2,53.75,180279
2012-06-22,53.6,55.7,52.8,54.05,283101
2012-06-25,53.8,55.0,53.8,54.35,218691
2012-06-26,54.5,54.5,53.55,53.65,131310
2012-06-27,54.0,54.5,53.75,53.85,93933
2012-06-28,53.6,55.25,53.5,54.85,663450
2012-06-29,55.8,57.6,55.25,57.0,775078
2012-07-02,57.2,57.6,56.45,56.7,193358
2012-07-03,57.3,60.1,57.15,59.75,1344853
2012-07-04,68.0,68.0,59.5,59.85,767025
2012-07-05,60.1,60.45,59.2,59.75,461940
2012-07-06,60.35,60.4,58.65,58.9,379898
2012-07-09,58.5,59.35,58.05,58.3,364981
2012-07-10,58.35,59.9,58.35,59.7,413084
2012-07-11,60.0,60.7,59.1,59.85,722840
2012-07-12,60.0,61.5,59.5,60.35,1066781
2012-07-13,60.6,60.9,59.5,59.7,440881
2012-07-16,60.0,60.15,58.1,58.4,274189
2012-07-17,58.6,59.15,57.05,57.3,210480
2012-07-18,57.15,57.8,56.5,56.85,283926
2012-07-19,57.15,58.35,56.9,57.5,208504
2012-07-20,57.3,57.9,56.8,57.3,205446
2012-07-23,56.55,56.95,54.6,55.25,274945
2012-07-24,55.0,55.75,54.6,55.25,235488
2012-07-25,55.45,55.45,54.05,54.5,145401
2012-07-26,54.2,54.4,50.85,51.55,831600
2012-07-27,52.25,53.45,51.0,51.3,349249
2012-07-30,52.0,53.3,51.7,53.1,180468
2012-07-31,53.45,55.5,52.45,54.8,463208
2012-08-01,54.8,55.95,53.7,55.7,393066
2012-08-02,55.8,56.3,55.25,55.65,198861
2012-08-03,55.15,55.35,54.5,54.75,140023
2012-08-06,55.1,56.35,54.9,55.7,277619
2012-08-07,56.0,56.7,55.7,55.85,280087
2012-08-08,56.2,57.7,55.6,56.15,733827
2012-08-09,56.2,56.4,54.6,54.75,287025
2012-08-10,54.5,55.1,53.45,53.75,208555
2012-08-13,53.0,54.2,52.45,53.85,453824
2012-08-14,54.35,54.9,53.85,54.2,197438
2012-08-16,54.25,56.15,54.05,54.95,337036
2012-08-17,55.0,57.4,55.0,55.8,825673
2012-08-21,56.25,56.9,55.65,56.2,229165
2012-08-22,56.2,56.2,54.05,54.3,303449
2012-08-23,54.15,54.85,53.7,53.9,177571
2012-08-24,53.8,54.2,53.25,53.4,102453
2012-08-27,53.5,54.0,51.85,52.4,187049
2012-08-28,52.35,52.35,51.45,51.75,195616
2012-08-29,51.75,52.0,50.6,50.9,178945
2012-08-30,50.8,52.65,50.0,51.3,690635
2012-08-31,51.35,51.75,50.75,51.05,114376
2012-09-03,51.85,51.85,50.4,50.6,117547
2012-09-04,50.6,50.8,49.65,49.95,175187
2012-09-05,49.65,50.45,48.0,49.65,216968
2012-09-06,49.5,50.35,49.3,50.0,127018
2012-09-07,51.0,51.35,50.6,50.9,178886
2012-09-08,50.5,51.45,50.5,51.0,30080
2012-09-10,51.35,53.35,51.0,52.6,484710
2012-09-11,53.0,53.4,52.1,52.6,351635
2012-09-12,52.95,53.4,52.15,52.45,287829
2012-09-13,52.45,52.5,51.1,51.35,179951
2012-09-14,51.95,54.2,51.5,53.4,826911
2012-09-17,54.0,54.75,52.6,53.05,407807
2012-09-18,53.3,55.3,53.0,54.7,696096
2012-09-20,54.0,55.0,53.1,53.8,366127
2012-09-21,54.6,56.55,54.6,55.15,2727073
2012-09-24,55.2,58.15,55.2,57.1,1623853
2012-09-25,57.95,57.95,55.65,56.35,440886
2012-09-26,56.35,57.65,55.4,56.5,688031
2012-09-27,56.05,57.5,55.1,55.3,1444946
2012-09-28,55.8,60.15,55.8,59.35,3004840
2012-10-01,60.95,60.95,58.45,59.3,1192570
2012-10-03,59.5,60.4,58.75,59.7,994573
2012-10-04,60.0,61.0,59.0,59.2,855609
2012-10-05,59.5,59.8,56.6,57.8,633465
2012-10-08,57.5,59.3,57.0,57.25,583867
2012-10-09,57.55,58.65,57.1,58.2,372578
2012-10-10,57.6,59.6,57.2,57.5,835455
2012-10-11,57.5,58.9,57.25,58.5,491323
2012-10-12,58.5,59.25,57.3,57.5,448750
2012-10-15,57.9,58.8,57.5,57.8,530114
2012-10-16,58.1,58.3,55.6,56.0,426723
2012-10-17,56.6,57.25,55.55,56.85,574684
2012-10-18,57.2,57.8,56.5,56.8,468148
2012-10-19,57.0,57.3,55.35,55.65,483064
2012-10-22,55.55,56.1,55.0,55.15,734384
2012-10-23,55.0,55.9,54.1,54.25,620575
2012-10-25,54.25,54.8,50.25,50.7,3693447
2012-10-26,50.8,51.85,50.7,51.45,514576
2012-10-29,51.85,51.85,50.5,50.95,312842
2012-10-30,51.25,51.45,50.0,50.15,275521
2012-10-31,50.9,51.1,50.3,50.65,164448
2012-11-01,50.85,51.4,50.45,50.95,224363
2012-11-02,51.4,52.0,51.3,51.45,280870
2012-11-05,51.7,52.2,51.0,51.35,280889
2012-11-06,51.15,51.7,50.95,51.1,148265
2012-11-07,51.2,52.0,51.05,51.25,232183
2012-11-08,51.0,52.0,50.15,51.8,235972
2012-11-09,53.6,55.5,53.25,53.85,1882827
2012-11-12,55.0,55.4,53.7,54.25,644731
2012-11-13,54.0,54.65,53.5,54.5,137841
2012-11-15,54.85,54.85,53.25,53.55,231178
2012-11-16,53.6,55.2,53.15,53.5,483852
2012-11-19,53.65,54.0,52.2,52.5,145490
2012-11-20,52.95,52.95,51.5,51.75,129175
2012-11-21,51.55,52.4,51.45,51.85,113599
2012-11-22,51.95,52.7,51.8,51.9,145493
2012-11-23,52.0,52.25,51.7,51.9,102620
2012-11-26,51.9,52.35,51.6,52.05,134260
2012-11-27,52.45,53.9,52.2,53.2,336159
2012-11-29,53.2,53.6,52.5,52.7,212562
2012-11-30,52.7,53.85,52.2,53.25,262347
2012-12-03,53.65,54.9,53.5,54.45,426429
2012-12-04,54.9,55.8,54.7,55.05,502079
2012-12-05,55.4,56.8,55.0,55.35,708236
2012-12-06,55.6,56.25,55.15,55.75,347974
2012-12-07,55.9,56.2,54.9,55.1,196741
2012-12-10,55.25,55.4,54.7,54.85,169816
2012-12-11,55.15,55.4,53.65,53.8,188541
2012-12-12,54.0,54.2,53.1,53.25,176088
2012-12-13,53.2,54.1,53.05,53.15,178752
2012-12-14,53.15,53.85,53.15,53.4,120073
2012-12-17,53.2,54.5,53.1,54.05,345554
2012-12-18,53.7,54.9,53.6,54.4,225623
2012-12-19,54.7,57.0,54.45,56.45,993943
2012-12-20,56.5,57.5,56.1,56.3,742554
2012-12-21,56.35,56.35,54.9,55.1,258437
2012-12-24,54.8,55.05,54.2,54.6,172240
2012-12-26,54.6,55.8,54.3,55.3,321660
2012-12-27,55.2,55.5,54.0,54.25,175128
2012-12-28,54.45,54.95,54.2,54.35,122209
2013-01-01,54.45,55.6,54.2,55.25,218958
2013-01-02,55.15,56.0,55.1,55.2,188477
2013-01-03,55.5,55.9,55.15,55.45,198370
2013-01-04,55.5,58.2,55.2,57.4,1001860
2013-01-07,57.3,58.7,57.05,57.5,483873
2013-01-08,57.25,60.85,56.6,59.2,1903137
2013-01-09,60.0,60.8,59.0,59.3,1907418
2013-01-10,60.0,60.15,58.25,58.6,509981
2013-01-11,59.8,59.8,56.1,56.25,410102
2013-01-14,56.7,56.9,55.55,56.35,332728
2013-01-15,56.8,57.4,56.2,56.45,227718
2013-01-16,56.85,57.25,55.4,55.65,187083
2013-01-17,55.65,57.0,55.4,55.65,249131
2013-01-18,56.0,57.0,55.9,56.25,264103
2013-01-21,56.1,56.9,56.0,56.3,148152
2013-01-22,56.5,56.75,55.3,55.5,129104
2013-01-23,55.1,55.8,53.6,54.2,148507
2013-01-24,54.45,54.6,52.35,52.7,224084
2013-01-25,53.0,54.0,52.35,53.3,201100
2013-01-28,53.8,53.95,53.15,53.55,83612
2013-01-29,53.3,54.25,53.0,53.2,116805
2013-01-30,53.2,53.8,52.5,52.9,111193
2013-01-31,53.0,54.5,52.8,53.75,159393
2013-02-01,53.5,55.1,53.45,53.7,180403
2013-02-04,53.7,54.8,53.05,53.4,153446
2013-02-05,53.45,53.5,52.7,53.1,104306
2013-02-06,53.4,54.8,53.0,53.1,93352
2013-02-07,53.2,53.45,52.55,52.7,118933
2013-02-08,52.65,53.9,52.65,53.35,173322
2013-02-11,53.5,54.25,52.8,53.75,140264
2013-02-12,54.05,54.25,53.15,53.6,151013
2013-02-13,53.7,54.2,53.1,53.25,84536
2013-02-14,53.25,53.7,50.65,50.85,333216
2013-02-15,49.75,50.65,47.95,48.4,487589
2013-02-18,48.4,49.7,48.4,48.85,236340
2013-02-19,50.0,50.0,48.8,49.5,117596
2013-02-20,49.9,49.9,49.25,49.55,137488
2013-02-21,49.3,49.45,48.1,48.3,143286
2013-02-22,48.3,48.9,48.1,48.2,97103
2013-02-25,48.3,48.8,47.4,47.65,131738
2013-02-26,47.65,48.0,47.0,47.1,140927
2013-02-27,47.2,47.7,46.9,47.2,140144
2013-02-28,47.7,49.9,46.65,46.85,308411
2013-03-01,47.5,48.0,46.8,47.05,143443
2013-03-04,47.05,47.5,45.65,46.05,136651
2013-03-05,47.5,47.5,45.9,46.1,140248
2013-03-06,46.6,47.55,46.4,47.05,130785
2013-03-07,46.8,49.9,46.8,49.25,452282
2013-03-08,50.0,50.15,48.1,48.75,368186
2013-03-11,48.75,49.15,47.85,48.0,220465
2013-03-12,48.0,48.25,46.75,46.9,139968
2013-03-13,46.55,47.3,46.0,46.7,91049
2013-03-14,46.75,47.1,46.4,47.0,88124
2013-03-15,47.05,47.3,45.0,45.3,294286
2013-03-18,45.25,45.45,45.0,45.1,110425
2013-03-19,45.45,46.5,44.7,44.85,203735
2013-03-20,44.7,45.0,43.7,43.85,260707
2013-03-21,44.3,44.35,41.35,41.85,276401
2013-03-22,41.8,41.8,40.0,40.65,254460
2013-03-25,41.3,41.5,39.5,39.95,194222
2013-03-26,40.2,40.65,39.4,40.4,146724
2013-03-28,40.5,40.6,39.65,40.25,187678
2013-04-01,40.4,43.2,40.4,42.7,149687
2013-04-02,43.0,44.35,43.0,44.1,207845
2013-04-03,44.15,45.3,43.9,44.1,190530
2013-04-04,43.95,44.05,41.8,42.05,173807
2013-04-05,41.95,43.6,41.65,42.15,166979
2013-04-08,42.5,43.1,42.3,42.5,67489
2013-04-09,44.9,44.9,42.0,42.15,95821
2013-04-10,42.2,42.45,41.5,42.15,61161
2013-04-11,42.5,43.3,42.5,43.1,97672
2013-04-12,43.0,43.3,42.5,42.65,45340
2013-04-15,42.7,43.05,42.45,42.65,71750
2013-04-16,42.9,43.8,42.5,43.0,178754
2013-04-17,43.05,43.75,42.75,43.0,82743
2013-04-18,43.3,43.4,42.5,42.7,81748
2013-04-22,43.45,43.5,42.65,43.35,77491
2013-04-23,43.45,43.55,42.85,43.05,65736
2013-04-25,44.0,44.6,43.2,43.65,133622
2013-04-26,43.9,44.2,42.25,42.45,98140
2013-04-29,42.45,42.9,41.9,42.25,103223
2013-04-30,42.65,43.4,42.25,42.85,93366
2013-05-02,42.1,44.15,42.1,42.7,183427
2013-05-03,43.0,43.4,42.4,42.55,92881
2013-05-06,42.05,42.75,42.0,42.3,142826
2013-05-07,42.5,43.4,42.5,42.7,176742
2013-05-08,42.7,44.0,42.4,42.75,316045
2013-05-09,42.8,43.0,41.5,41.65,205169
2013-05-10,41.35,42.25,41.35,41.45,148701
2013-05-11,41.9,42.2,41.5,42.0,59669
2013-05-13,42.1,42.1,40.5,40.65,102011
2013-05-14,40.35,40.95,40.35,40.55,60967
2013-05-15,40.85,41.4,40.25,40.6,124234
2013-05-16,40.6,41.75,40.6,41.1,134286
2013-05-17,41.5,41.6,40.6,40.8,89812
2013-05-20,40.8,41.4,39.8,39.95,189957
2013-05-21,39.85,40.3,39.4,39.55,176679
2013-05-22,39.1,41.6,39.1,39.7,359439
2013-05-23,40.9,40.9,38.4,38.8,168236
2013-05-24,38.65,39.7,38.6,38.85,104941
2013-05-27,38.8,39.45,38.6,38.9,59025
2013-05-28,38.85,40.0,38.85,39.15,85518
2013-05-29,39.9,39.9,38.5,38.6,77006
2013-05-30,38.25,38.8,37.95,38.05,78882
2013-05-31,38.05,38.25,36.3,36.7,175647
2013-06-03,36.75,37.0,35.25,35.55,185917
2013-06-04,35.5,36.2,35.0,35.25,96535
2013-06-05,35.0,35.5,35.0,35.3,60101
2013-06-06,35.5,35.65,34.85,35.2,86780
2013-06-07,35.85,38.0,35.85,37.0,382050
2013-06-10,37.45,37.75,36.05,36.2,80273
2013-06-11,36.2,36.6,34.4,34.65,165099
2013-06-12,34.35,35.35,34.35,34.9,107660
2013-06-13,35.0,35.0,34.25,34.3,67384
2013-06-14,34.35,35.2,33.95,34.3,98569
2013-06-17,34.25,34.9,32.0,34.0,93942
2013-06-18,34.25,34.45,33.7,33.9,71603
2013-06-19,34.05,34.7,33.75,34.3,109046
2013-06-20,34.3,34.7,33.25,33.95,93089
2013-06-21,34.0,39.45,33.9,39.0,818407
2013-06-24,39.0,42.7,35.9,36.75,526014
2013-06-25,36.95,36.95,35.1,35.7,145867
2013-06-26,36.25,36.25,33.5,33.8,118033
2013-06-27,34.3,34.95,33.05,33.6,137247
2013-06-28,34.2,34.55,33.65,34.35,152420
2013-07-01,34.7,36.0,34.7,35.75,197694
2013-07-02,35.35,36.5,35.35,35.65,174597
2013-07-03,35.1,35.35,33.7,33.85,83399
2013-07-04,33.85,35.3,33.5,34.4,205023
2013-07-05,34.7,34.95,33.35,33.55,190823
2013-07-08,33.4,34.25,32.45,33.25,163623
2013-07-09,33.8,34.4,32.9,33.0,188516
2013-07-10,33.05,33.75,33.05,33.3,85996
2013-07-11,33.3,34.35,33.1,33.55,141196
2013-07-12,33.3,33.95,33.1,33.4,115243
2013-07-15,33.5,34.15,33.25,33.85,110486
2013-07-16,33.4,35.45,33.3,33.9,337744
2013-07-17,33.35,34.3,33.25,33.55,126493
2013-07-18,33.8,33.95,33.1,33.25,81710
2013-07-19,33.25,34.8,33.15,33.35,151534
2013-07-22,33.1,34.0,33.0,33.2,86034
2013-07-23,33.9,33.9,33.1,33.35,71561
2013-07-24,33.2,33.6,32.45,32.6,86212
2013-07-25,32.15,33.6,32.15,32.45,62855
2013-07-26,32.45,32.9,32.0,32.25,81890
2013-07-29,32.0,32.3,31.1,31.5,95343
2013-07-30,31.5,31.5,29.0,30.15,137763
2013-07-31,30.9,30.9,29.2,29.45,109843
2013-08-01,29.4,30.9,29.1,29.25,91749
2013-08-02,29.1,29.65,28.0,28.15,176637
2013-08-05,28.25,28.6,27.55,27.75,110845
2013-08-06,28.2,28.2,26.05,26.95,131754
2013-08-07,27.2,28.95,26.75,28.3,263134
2013-08-08,28.05,30.3,28.05,29.65,192365
2013-08-12,29.5,31.5,28.5,30.0,262668
2013-08-13,30.0,31.0,30.0,30.65,80577
2013-08-14,30.8,31.3,30.25,30.6,101319
2013-08-16,30.5,30.8,29.5,29.8,156257
2013-08-19,30.05,30.15,28.4,29.7,65126
2013-08-20,29.7,30.4,28.8,29.6,61799
2013-08-21,30.95,31.0,29.0,29.05,64119
2013-08-22,28.25,29.85,28.25,29.55,67162
2013-08-23,29.5,31.4,29.4,30.45,98107
2013-08-26,30.4,33.9,30.4,32.75,470183
2013-08-27,32.8,33.8,32.5,33.25,599198
2013-08-28,32.55,32.9,31.05,31.75,157268
2013-08-29,31.05,32.2,31.05,31.55,96231
2013-08-30,31.05,31.6,30.25,30.65,114901
2013-09-02,31.0,32.3,30.5,31.7,117963
2013-09-03,31.7,32.5,30.0,30.15,116768
2013-09-04,31.0,31.0,30.0,30.4,111777
2013-09-05,30.9,31.9,30.7,31.0,102749
2013-09-06,31.25,34.7,31.0,33.35,646622
2013-09-10,34.4,40.0,34.4,35.15,590257
2013-09-11,35.45,36.4,35.05,35.6,253788
2013-09-12,35.95,36.75,35.55,35.7,224151
2013-09-13,36.2,37.7,34.5,34.7,400732
2013-09-16,36.5,36.5,32.6,33.3,203456
2013-09-17,33.5,33.65,32.25,32.45,169199
2013-09-18,33.0,34.45,30.1,33.95,365468
2013-09-19,35.65,35.65,34.1,34.35,319701
2013-09-20,34.35,34.7,32.95,33.35,130478
2013-09-23,33.5,34.7,33.1,33.5,105747
2013-09-24,33.6,37.0,33.5,35.3,892410
2013-09-25,36.2,37.65,35.3,36.7,938115
2013-09-26,37.25,42.1,36.5,40.75,5500224
2013-09-27,40.9,42.2,37.8,38.45,3667660
2013-09-30,37.75,38.7,36.5,37.5,1246182
2013-10-01,37.55,38.2,36.5,36.85,407672
2013-10-03,37.2,38.0,36.6,37.4,538766
2013-10-04,37.5,37.75,36.45,36.65,358039
2013-10-07,36.9,37.45,36.4,36.65,306685
2013-10-08,37.0,37.7,36.25,36.6,361503
2013-10-09,36.6,37.3,36.3,36.55,342549
2013-10-10,36.3,38.2,36.3,37.4,573629
2013-10-11,37.75,37.8,36.85,37.1,422990
2013-10-14,37.2,37.75,37.0,37.1,162095
2013-10-15,37.45,37.45,35.45,35.8,168819
2013-10-17,35.4,36.85,35.35,36.05,209115
2013-10-18,36.25,36.7,35.7,35.9,203430
2013-10-21,36.1,36.6,35.75,35.9,190422
2013-10-22,35.8,37.65,35.8,37.45,852465
2013-10-23,38.8,39.4,37.45,37.95,1678466
2013-10-24,38.1,38.2,36.5,36.8,443237
2013-10-25,36.5,36.75,35.55,35.7,392746
2013-10-28,36.1,36.5,34.9,35.05,205740
2013-10-29,35.0,35.35,34.05,34.3,496952
2013-10-30,34.45,35.85,34.45,34.75,452180
2013-10-31,35.0,35.55,34.3,34.55,243497
2013-11-01,34.5,36.5,34.5,36.0,392582
2013-11-03,35.2,36.8,35.2,36.45,131091
2013-11-05,36.45,37.9,35.75,36.95,414197
2013-11-06,37.0,37.95,36.7,36.8,378361
2013-11-07,37.0,37.5,35.85,36.05,333533
2013-11-08,36.1,37.4,35.3,37.1,690234
2013-11-11,37.6,38.1,36.65,36.95,1312177
2013-11-12,36.85,37.5,35.65,35.85,233955
2013-11-13,35.8,35.95,34.5,34.8,480426
2013-11-14,34.9,35.5,34.25,34.4,190346
2013-11-18,34.5,35.15,34.1,34.3,583196
2013-11-19,34.65,36.1,34.25,35.65,895001
2013-11-20,36.55,37.25,35.65,36.0,909389
2013-11-21,36.1,36.6,35.15,35.35,455849
2013-11-22,35.35,35.9,34.8,35.1,160553
2013-11-25,35.3,36.75,35.3,36.3,598268
2013-11-26,36.5,36.85,35.4,35.55,211188
2013-11-27,35.4,35.85,35.1,35.35,202202
2013-11-28,35.4,36.35,35.4,35.6,206586
2013-11-29,35.85,36.65,35.7,35.95,347371
2013-12-02,36.15,37.9,36.15,37.5,579349
2013-12-03,37.85,38.7,37.55,37.7,749772
2013-12-04,37.75,39.7,37.75,38.35,1913288
2013-12-05,38.8,39.35,38.0,38.15,297250
2013-12-06,38.05,39.4,38.05,38.7,841972
2013-12-09,39.35,43.9,38.7,42.95,4198852
2013-12-10,42.9,43.75,41.6,42.3,1951919
2013-12-11,42.45,44.3,41.45,42.95,2345201
2013-12-12,43.25,44.0,41.3,41.45,1478280
2013-12-13,41.8,42.3,39.55,39.75,875995
2013-12-16,40.0,40.8,39.4,39.55,402740
2013-12-17,39.95,40.75,39.0,39.6,420244
2013-12-18,39.6,40.3,39.55,39.7,305696
2013-12-19,39.75,40.1,38.8,38.9,282164
2013-12-20,39.1,40.3,39.0,39.8,342577
2013-12-23,40.05,42.85,39.75,42.45,1231861
2013-12-24,42.3,43.45,42.0,42.5,691778
2013-12-26,42.9,42.9,41.8,42.05,315825
2013-12-27,42.0,42.75,41.3,41.7,457818
2013-12-30,42.0,42.7,41.4,41.65,532918
2013-12-31,42.0,43.65,41.6,42.5,1788338
2014-01-01,42.9,44.35,42.65,43.55,1219727
2014-01-02,43.75,44.5,41.5,41.75,1062243
2014-01-03,41.7,42.2,41.0,41.6,334522
2014-01-06,41.55,43.25,41.35,42.75,561836
2014-01-07,43.0,44.0,42.4,42.6,658337
2014-01-08,42.95,43.15,41.6,41.85,364254
2014-01-09,41.85,42.3,41.0,41.1,293568
2014-01-10,41.15,41.8,40.4,40.55,229870
2014-01-13,40.4,40.8,39.4,39.5,402352
2014-01-14,39.3,40.6,39.3,40.0,323329
2014-01-15,40.0,41.2,39.85,40.3,304909
2014-01-16,40.3,41.25,39.8,40.3,395903
2014-01-17,40.3,40.5,38.6,38.7,208719
2014-01-20,38.2,39.25,38.2,39.05,155826
2014-01-21,39.0,39.6,38.8,39.1,131038
2014-01-22,39.1,41.15,39.1,40.2,1013116
2014-01-23,40.2,40.45,39.25,39.35,197676
2014-01-24,39.0,39.25,38.25,38.35,196974
2014-01-27,38.0,38.05,36.05,36.25,248539
2014-01-28,36.3,36.85,36.1,36.45,145309
2014-01-29,36.9,37.35,36.15,36.45,140895
2014-01-30,36.0,36.35,35.1,35.45,187570
2014-01-31,35.55,37.9,34.1,36.8,385525
2014-02-03,36.2,37.4,35.55,35.8,221506
2014-02-04,35.1,37.6,35.1,37.3,283510
2014-02-05,38.25,38.45,37.3,37.85,775693
2014-02-06,38.25,38.5,37.25,37.5,187139
2014-02-07,37.45,37.95,37.0,37.15,128876
2014-02-10,37.15,37.35,36.45,36.6,116848
2014-02-11,36.35,36.8,36.0,36.15,116436
2014-02-12,36.2,38.2,36.15,37.2,546312
2014-02-13,37.1,37.95,35.55,35.75,380752
2014-02-14,35.75,36.45,35.4,35.6,163605
2014-02-17,35.7,36.2,35.2,35.3,112378
2014-02-18,35.3,35.7,35.2,35.45,137328
2014-02-19,35.3,37.2,35.3,36.3,666329
2014-02-20,36.05,36.3,35.25,35.4,282654
2014-02-21,35.2,36.15,35.2,35.75,351011
2014-02-24,36.0,36.4,35.55,35.75,88397
2014-02-25,35.75,36.1,35.2,35.3,80801
2014-02-26,35.3,35.65,35.05,35.25,77404
2014-02-28,35.8,36.25,35.25,35.35,201316
2014-03-03,35.55,35.65,34.9,35.0,117501
2014-03-04,35.0,36.05,34.95,35.8,225810
2014-03-05,36.0,36.6,35.65,36.3,205924
2014-03-06,36.5,37.5,36.3,37.15,420901
2014-03-07,37.5,37.9,36.8,36.95,285736
2014-03-10,36.6,37.4,36.6,36.75,181376
2014-03-11,36.75,37.8,36.6,36.7,177477
2014-03-12,36.7,36.9,35.85,36.05,137544
2014-03-13,36.05,38.4,36.05,36.95,718857
2014-03-14,36.5,36.95,36.1,36.4,108574
2014-03-18,36.4,37.4,36.4,36.6,187914
2014-03-19,36.9,40.25,36.65,38.6,1415963
2014-03-20,38.15,38.85,36.8,36.95,801299
2014-03-21,36.95,44.2,36.9,42.2,3189449
2014-03-22,42.55,42.55,40.75,41.15,432631
2014-03-24,41.5,41.7,39.5,40.1,692225
2014-03-25,40.1,43.4,39.65,41.1,1335319
2014-03-26,41.25,41.9,39.85,40.2,445036
2014-03-27,40.1,41.6,40.1,40.6,361498
2014-03-28,40.95,42.4,40.8,41.35,467516
2014-03-31,41.55,42.2,40.9,41.5,797745
2014-04-01,41.55,43.1,41.55,42.05,582256
2014-04-02,42.15,42.8,41.55,41.75,424133
2014-04-03,41.75,43.4,41.7,41.95,915633
2014-04-04,42.5,44.6,42.05,43.05,1375531
2014-04-07,42.9,44.45,42.7,43.85,960618
2014-04-09,43.9,47.1,43.9,45.9,2410946
2014-04-10,46.2,46.35,44.6,44.85,646972
2014-04-11,44.7,47.3,44.3,45.7,1151457
2014-04-15,46.0,48.65,44.8,46.55,1601138
2014-04-16,46.7,47.75,43.65,43.95,723213
2014-04-17,44.05,45.2,43.2,43.4,702012
2014-04-21,43.5,44.6,43.45,43.7,481105
2014-04-22,43.8,44.95,43.7,43.85,647792
2014-04-23,43.95,45.4,43.75,44.0,454265
2014-04-25,44.0,44.4,42.5,42.6,402808
2014-04-28,42.85,42.95,42.3,42.45,293799
2014-04-29,42.45,44.15,42.3,43.05,723758
2014-04-30,43.45,44.9,42.15,42.7,969457
2014-05-02,42.85,43.35,42.0,42.1,226680
2014-05-05,42.0,42.45,40.45,40.55,382800
2014-05-06,40.55,41.3,39.85,40.1,318659
2014-05-07,40.15,40.8,39.35,39.5,353585
2014-05-08,39.6,39.9,38.85,39.1,349876
2014-05-09,39.0,41.0,38.9,40.65,731200
2014-05-12,40.7,41.9,40.7,41.0,443773
2014-05-13,42.5,43.8,42.05,42.55,888983
2014-05-14,42.85,44.9,42.7,43.55,2204726
2014-05-15,43.9,44.5,42.55,42.75,505801
2014-05-16,43.85,44.75,42.8,43.55,963104
2014-05-19,44.1,51.7,44.0,51.1,4666453
2014-05-20,51.95,57.5,51.0,54.0,3858468
2014-05-21,54.5,57.95,52.5,56.2,2556881
2014-05-22,56.8,59.7,56.0,57.9,2012640
2014-05-23,58.65,62.1,58.0,60.3,2362184
2014-05-26,61.25,62.9,54.0,56.65,2390728
2014-05-27,56.1,57.0,53.6,55.4,870712
2014-05-28,59.15,64.9,59.15,63.05,7683473
2014-05-29,63.55,64.4,61.5,61.95,2917700
2014-05-30,62.4,62.9,59.1,59.85,1239731
2014-06-02,60.35,62.35,59.5,61.85,1116657
2014-06-03,62.3,62.5,60.1,60.65,747655
2014-06-04,60.9,62.4,60.85,61.4,939432
2014-06-05,61.9,64.65,61.5,64.1,2305700
2014-06-06,64.8,67.25,63.25,66.85,3577141
2014-06-09,68.9,71.35,68.85,69.7,4303467
2014-06-10,69.95,70.25,66.25,69.15,1572247
2014-06-11,69.25,73.5,68.25,68.9,2615916
2014-06-12,69.3,69.9,67.45,68.1,873622
2014-06-13,68.6,69.2,61.8,62.5,1520314
2014-06-16,62.45,62.9,60.0,62.2,899851
2014-06-17,61.75,65.8,61.4,65.35,971645
2014-06-18,65.25,66.65,62.3,63.85,973522
2014-06-19,64.3,65.25,62.65,63.35,575409
2014-06-20,63.35,65.25,62.15,62.6,610492
2014-06-23,62.9,65.8,62.05,64.9,1575083
2014-06-24,65.0,66.6,63.55,65.1,1488795
2014-06-25,65.25,68.5,64.5,68.05,2311635
2014-06-26,69.65,71.45,68.0,69.4,6257797
2014-06-27,70.4,71.6,68.05,68.6,2665312
2014-06-30,68.85,69.7,68.1,69.15,1043311
2014-07-01,69.15,70.0,68.0,68.25,818662
2014-07-02,69.0,69.9,68.5,68.65,969065
2014-07-03,69.0,69.2,67.1,67.4,796745
2014-07-04,67.7,68.8,67.0,67.3,676659
2014-07-07,66.7,69.25,66.7,67.7,918441
2014-07-08,67.7,67.9,61.15,61.9,1097624
2014-07-09,62.4,63.35,60.1,61.65,1118270
2014-07-10,61.05,64.8,60.25,62.4,1300922
2014-07-11,62.1,63.5,57.5,58.0,746993
2014-07-14,57.4,59.45,56.3,57.9,486857
2014-07-15,58.5,60.25,58.4,59.6,476562
2014-07-16,59.95,61.15,59.25,60.1,657692
2014-07-17,60.2,62.4,60.1,61.7,951269
2014-07-18,61.1,63.85,60.25,63.1,1135610
2014-07-21,64.6,66.05,63.5,64.0,2671828
2014-07-22,64.2,64.7,63.1,63.3,669526
2014-07-23,63.45,63.8,61.1,62.3,505038
2014-07-24,62.3,62.75,61.2,61.55,442752
2014-07-25,61.15,61.65,58.6,59.65,562495
2014-07-28,59.45,60.1,58.35,58.7,321045
2014-07-30,58.4,58.7,57.25,57.85,404743
2014-07-31,57.65,59.35,57.3,58.0,445143
2014-08-01,57.5,58.0,56.2,56.35,319571
2014-08-04,56.25,57.25,56.25,56.65,329396
2014-08-05,57.0,57.95,56.45,57.6,447578
2014-08-06,57.3,58.65,56.8,57.2,455685
2014-08-07,56.8,57.45,56.15,56.3,255466
2014-08-08,55.35,56.0,53.5,53.7,474669
2014-08-11,54.4,57.15,54.15,55.7,482892
2014-08-12,55.8,57.2,55.65,56.2,390824
2014-08-13,57.3,58.4,54.25,54.65,1152053
2014-08-14,55.0,56.0,54.8,55.55,472464
2014-08-18,55.9,58.7,55.85,58.3,782146
2014-08-19,59.1,60.0,58.5,59.0,763933
2014-08-20,59.25,59.4,57.9,58.45,350774
2014-08-21,58.95,64.0,58.5,62.45,2444485
2014-08-22,62.95,62.95,60.35,60.55,725632
2014-08-25,60.7,62.55,59.5,62.2,1239468
2014-08-26,62.45,62.45,59.0,59.65,1318538
2014-08-27,60.2,61.65,59.25,60.3,787271
2014-08-28,60.4,61.5,59.65,60.15,640284
2014-09-01,60.35,62.15,60.2,61.2,652027
2014-09-02,61.8,63.4,61.2,62.3,1183517
2014-09-03,62.35,64.4,61.3,61.5,1506880
2014-09-04,61.65,61.9,59.75,60.25,551908
2014-09-05,60.95,61.9,60.3,60.8,598980
2014-09-08,61.15,62.25,60.95,61.25,756211
2014-09-09,61.25,62.0,60.5,61.05,659173
2014-09-10,61.0,69.4,60.9,66.55,10277511
2014-09-11,66.9,67.6,64.8,65.25,1802349
2014-09-12,65.35,65.9,63.5,63.75,1307526
2014-09-15,63.75,67.4,63.75,65.7,2569776
2014-09-16,66.25,67.35,61.0,61.4,1291170
2014-09-17,62.8,62.9,60.5,61.25,587330
2014-09-18,61.5,64.1,61.25,63.3,903786
2014-09-19,63.05,63.95,61.2,61.75,736934
2014-09-22,61.65,62.7,61.3,62.05,476311
2014-09-23,61.9,62.8,58.8,59.75,929533
2014-09-24,59.35,59.9,58.0,58.3,540411
2014-09-25,58.65,58.9,55.5,56.1,621924
2014-09-26,55.65,57.35,55.05,56.95,586458
2014-09-29,56.9,59.4,56.65,58.05,594912
2014-09-30,58.05,58.6,56.6,56.9,333503
2014-10-01,56.9,57.35,55.55,55.9,316821
2014-10-07,57.05,60.0,57.0,58.75,1534787
2014-10-08,58.45,58.45,56.7,57.5,446549
2014-10-09,57.65,59.05,57.65,58.6,350431
2014-10-10,57.85,59.1,56.65,57.55,348574
2014-10-13,56.9,57.85,56.0,57.05,437910
2014-10-14,57.0,58.8,57.0,57.5,792275
2014-10-16,57.7,57.95,55.25,55.55,414418
2014-10-17,56.75,56.75,55.35,55.9,308662
2014-10-20,54.6,56.8,54.6,55.4,523844
2014-10-21,55.55,57.8,55.55,56.4,424942
2014-10-22,57.4,57.75,56.75,56.95,317769
2014-10-23,56.85,57.7,56.85,57.35,118747
2014-10-27,58.1,58.45,57.0,57.2,221931
2014-10-28,57.45,58.3,56.65,56.85,276848
2014-10-29,57.85,58.5,57.05,57.95,601848
2014-10-30,58.3,60.6,57.8,59.1,1130151
2014-10-31,59.75,60.85,59.55,60.25,792070
2014-11-03,60.75,61.25,60.1,60.35,449778
2014-11-05,60.95,62.9,60.6,61.5,907479
2014-11-07,61.2,62.35,60.2,60.9,501691
2014-11-10,61.0,64.6,60.85,63.85,1528998
2014-11-11,64.05,65.2,63.2,63.6,1069449
2014-11-12,63.8,65.2,63.3,63.7,1063766
2014-11-13,64.05,64.45,61.1,61.7,498390
2014-11-14,63.9,66.6,62.6,65.55,2549847
2014-11-17,65.6,67.25,64.4,65.85,1659498
2014-11-18,65.85,66.35,64.25,64.55,928142
2014-11-19,64.55,66.4,62.85,63.35,965635
2014-11-20,63.75,65.65,61.3,63.8,1052814
2014-11-21,64.2,65.25,62.55,63.0,486829
2014-11-24,63.05,63.8,61.0,62.0,559367
2014-11-25,61.4,62.25,59.5,60.3,519861
2014-11-26,59.65,61.4,59.65,60.4,358721
2014-11-27,60.05,60.9,59.7,60.45,311304
2014-11-28,62.2,62.5,61.1,62.15,750987
2014-12-01,61.7,64.5,61.7,64.05,1075536
2014-12-02,66.5,67.6,65.0,65.2,2881245
2014-12-03,64.8,66.45,64.55,65.75,764790
2014-12-04,66.1,69.45,65.35,68.15,3401702
2014-12-05,68.65,69.75,66.1,66.85,1575731
2014-12-08,67.05,68.4,66.3,66.95,973922
2014-12-09,66.8,67.0,63.7,64.05,698624
2014-12-10,64.3,64.45,63.15,63.25,566007
2014-12-11,63.55,63.55,59.8,60.05,1291909
2014-12-12,60.45,60.6,57.65,57.9,781878
2014-12-15,57.4,61.35,57.0,60.8,1329492
2014-12-16,60.0,60.5,58.65,59.55,894618
2014-12-17,59.0,60.45,57.0,58.3,509345
2014-12-18,59.2,60.95,58.15,59.8,858185
2014-12-19,60.15,64.3,59.05,63.4,2035768
2014-12-22,63.85,64.3,61.75,62.5,560726
2014-12-23,62.0,62.5,59.3,59.6,629952
2014-12-24,59.6,61.1,59.35,60.25,492600
2014-12-26,59.75,61.1,58.45,58.6,665373
2014-12-29,59.0,59.65,58.05,58.15,761044
2014-12-30,58.4,59.3,58.05,58.85,507737
2015-01-01,58.6,60.8,58.55,60.25,791292
2015-01-02,60.5,61.25,59.6,59.8,588044
2015-01-05,59.85,60.85,59.65,60.0,381567
2015-01-06,59.1,59.9,57.85,58.1,484957
2015-01-07,58.0,58.65,57.0,57.75,376088
2015-01-08,58.7,60.1,58.2,58.9,626580
2015-01-09,60.7,60.7,57.55,57.8,646294
2015-01-12,58.0,58.85,57.5,58.65,330524
2015-01-13,58.4,59.95,58.2,58.8,516430
2015-01-14,58.6,61.0,58.55,59.6,1285179
2015-01-15,59.6,61.2,59.0,59.55,579504
2015-01-16,59.4,59.65,58.55,58.75,338923
2015-01-19,58.8,59.8,58.5,59.05,330189
2015-01-20,59.05,61.1,59.05,60.1,1106690
2015-01-21,60.4,60.65,58.0,58.3,550592
2015-01-22,58.65,59.05,57.5,58.15,380653
2015-01-23,58.8,58.8,57.3,57.5,409137
2015-01-27,57.65,58.6,56.45,56.75,479958
2015-01-28,56.5,57.15,55.9,56.15,375502
2015-01-29,56.3,57.75,55.9,56.95,574498
2015-01-30,57.0,57.35,55.9,56.25,330351
2015-02-02,56.5,56.9,55.7,56.45,283348
2015-02-03,56.6,56.6,55.55,55.95,253087
2015-02-04,56.2,57.8,55.55,57.1,430927
2015-02-05,57.45,57.75,55.5,55.85,438300
2015-02-06,55.95,56.0,54.3,54.55,284734
2015-02-09,54.95,55.6,48.3,49.0,1158898
2015-02-10,49.8,50.7,49.25,50.4,422801
2015-02-11,50.9,53.0,50.45,52.7,468490
2015-02-12,53.0,57.9,52.6,55.8,3184065
2015-02-13,56.0,56.1,53.2,53.65,564278
2015-02-16,53.65,54.25,53.0,53.35,414884
2015-02-18,53.65,56.15,53.55,55.65,734915
2015-02-19,55.95,58.0,55.6,56.85,1278804
2015-02-20,56.85,58.8,55.5,58.1,1121061
2015-02-23,58.15,59.0,56.55,56.95,1244300
2015-02-24,57.0,57.5,55.3,56.2,374648
2015-02-25,57.0,60.65,56.6,58.0,2504727
2015-02-26,58.4,59.2,57.0,57.25,885336
2015-02-27,57.55,59.65,57.4,59.15,802169
2015-02-28,59.9,60.7,56.35,56.95,1085763
2015-03-02,57.6,57.6,56.0,56.35,340263
2015-03-03,56.65,57.2,55.4,56.1,454539
2015-03-04,56.85,57.65,55.05,55.5,698410
2015-03-05,55.75,55.75,54.1,54.55,349231
2015-03-09,53.25,54.0,51.05,52.3,770664
2015-03-10,52.0,52.2,49.8,50.95,1088246
2015-03-11,50.9,52.2,50.6,51.15,575773
2015-03-12,51.4,51.7,50.85,51.45,340415
2015-03-13,51.8,51.8,50.15,50.45,418964
2015-03-16,50.5,50.8,50.0,50.15,236925
2015-03-17,50.5,51.0,49.6,50.4,357407
2015-03-18,50.5,50.7,49.75,50.3,513411
2015-03-19,50.5,50.9,49.25,49.75,318700
2015-03-20,49.5,49.6,48.15,48.35,263443
2015-03-23,48.45,48.7,46.3,47.05,304729
2015-03-24,47.05,47.75,45.85,46.1,362810
2015-03-25,46.1,46.25,44.4,45.0,584350
2015-03-26,45.0,45.55,44.25,45.05,457635
2015-03-27,45.8,46.2,43.65,44.9,511758
2015-03-30,45.3,46.85,45.3,46.6,346137
2015-03-31,47.0,47.5,46.1,46.45,338870
2015-04-01,46.8,48.5,46.25,48.05,449190
2015-04-06,48.1,49.7,48.1,49.25,306925
2015-04-07,49.15,50.4,48.85,49.9,448948
2015-04-08,49.75,50.95,49.75,50.5,539602
2015-04-09,50.8,51.95,50.7,51.1,321364
2015-04-10,51.3,51.8,51.0,51.2,249560
2015-04-13,51.5,52.95,51.25,52.0,318560
2015-04-15,52.35,52.65,50.4,50.9,427851
2015-04-16,51.35,51.35,49.3,50.25,279879
2015-04-17,51.0,51.0,49.25,49.8,269410
2015-04-20,49.8,50.35,48.1,48.95,300298
2015-04-21,48.4,49.45,48.25,48.55,137976
2015-04-22,49.0,49.95,48.0,48.45,195013
2015-04-23,49.0,49.9,48.35,49.0,187842
2015-04-24,48.8,49.0,47.65,48.0,197261
2015-04-27,48.15,48.45,46.05,46.75,339419
2015-04-28,47.2,47.5,45.2,46.55,301308
2015-04-29,46.5,47.5,45.65,46.35,308752
2015-04-30,45.65,47.9,45.65,47.0,221494
2015-05-04,47.15,48.4,47.1,48.1,213639
2015-05-05,47.7,49.3,47.65,48.35,246561
2015-05-06,47.95,48.35,44.6,46.6,274419
2015-05-07,46.75,46.8,44.5,45.1,270164
2015-05-08,46.0,46.45,45.5,46.15,200573
2015-05-11,47.0,47.65,46.25,46.6,241436
2015-05-12,46.6,47.15,45.5,45.8,106229
2015-05-13,46.7,46.7,44.75,46.05,306011
2015-05-14,46.8,46.8,45.1,46.25,289752
2015-05-15,46.35,51.3,45.9,50.15,1303238
2015-05-18,50.5,53.85,49.4,52.7,1030907
2015-05-19,53.2,55.8,52.05,53.5,1344328
2015-05-20,53.6,57.2,53.15,56.8,1870871
2015-05-21,57.0,59.5,55.6,56.8,7548391
2015-05-22,57.0,57.4,54.2,54.4,1427691
2015-05-25,54.4,54.4,52.5,52.75,431260
2015-05-26,53.0,53.0,50.4,51.8,576861
2015-05-27,51.4,52.8,50.9,52.25,553288
2015-05-28,52.3,52.55,50.5,51.25,648865
2015-05-29,51.05,52.6,51.05,52.05,519482
2015-06-01,51.9,52.35,51.15,51.5,315419
2015-06-02,51.65,52.35,50.8,51.3,353278
2015-06-03,51.9,51.9,45.3,48.6,725453
2015-06-04,48.35,48.85,47.1,48.25,314383
2015-06-05,48.0,49.4,47.55,48.55,426870
2015-06-08,48.1,48.5,46.7,47.05,230609
2015-06-09,47.0,47.8,46.2,46.95,367299
2015-06-10,46.65,47.6,46.6,47.25,471126
2015-06-11,47.8,48.05,46.45,46.7,363528
2015-06-12,46.6,47.25,46.1,46.55,339134
2015-06-15,46.55,47.45,46.0,46.9,333480
2015-06-16,46.6,47.2,46.35,46.9,294810
2015-06-17,46.85,47.75,46.85,47.3,254951
2015-06-18,47.45,49.0,47.3,48.5,524264
2015-06-19,48.95,49.0,48.05,48.2,244089
2015-06-22,48.2,49.45,47.8,48.75,624148
2015-06-23,49.25,50.25,48.35,49.45,517392
2015-06-24,49.85,51.7,49.2,50.4,962720
2015-06-25,50.4,53.65,50.25,51.85,1078656
2015-06-26,51.55,52.45,51.15,51.4,409097
2015-06-29,50.1,50.1,48.4,49.3,450132
2015-06-30,49.8,51.2,48.85,50.1,452481
2015-07-01,50.65,51.4,50.1,50.8,342573
2015-07-02,50.8,56.2,50.75,54.25,1714703
2015-07-03,54.4,55.45,53.25,54.0,584880
2015-07-06,53.0,54.75,52.0,54.25,389753
2015-07-07,54.75,55.8,54.1,54.5,565704
2015-07-08,54.25,54.35,52.25,52.9,513184
2015-07-09,52.6,54.55,52.5,53.0,307044
2015-07-10,53.6,54.4,52.8,53.0,242745
2015-07-13,55.3,55.5,53.9,54.6,552407
2015-07-14,55.05,56.6,54.45,55.75,1014278
2015-07-15,57.0,57.9,56.3,56.6,1087981
2015-07-16,56.9,58.95,56.6,57.9,867335
2015-07-17,58.3,58.8,56.85,57.85,621262
2015-07-20,58.0,60.9,57.9,60.3,1160930
2015-07-21,60.55,63.1,58.8,59.3,1679353
2015-07-22,59.05,62.0,59.0,61.55,836296
2015-07-23,61.1,62.45,60.1,60.55,560303
2015-07-24,61.0,62.1,60.5,60.95,567925
2015-07-27,60.75,60.8,58.4,58.8,448060
2015-07-28,59.45,60.9,58.4,59.55,567989
2015-07-29,59.8,63.0,59.55,62.35,901010
2015-07-30,62.5,64.65,61.65,63.95,928118
2015-07-31,64.05,66.1,64.05,64.65,901044
2015-08-03,64.9,66.65,64.85,66.05,841387
2015-08-04,66.4,70.4,66.35,69.7,2425235
2015-08-05,70.2,79.9,69.75,77.25,4685801
2015-08-06,77.25,77.75,73.75,74.85,1972317
2015-08-07,74.9,79.25,74.45,77.35,2147091
2015-08-10,78.0,79.3,74.2,75.0,1308574
2015-08-11,75.4,76.2,70.05,73.45,1371563
2015-08-12,73.3,75.8,71.2,71.9,1478736
2015-08-13,75.65,77.2,72.35,73.35,4119832
2015-08-14,73.4,78.2,69.85,77.3,2958390
2015-08-17,77.4,77.45,73.85,75.4,921575
2015-08-18,75.85,77.4,74.5,75.85,929139
2015-08-19,76.0,82.7,74.5,81.85,3798146
2015-08-20,82.25,84.8,77.65,78.5,3692166
2015-08-21,76.75,80.8,75.1,79.9,1779946
2015-08-24,74.0,76.15,65.1,66.7,1861651
2015-08-25,68.05,71.8,59.65,69.65,2378760
2015-08-26,69.6,71.9,67.2,68.55,932030
2015-08-27,71.0,72.0,69.4,70.55,643666
2015-08-28,72.3,72.9,68.6,69.05,1293812
2015-08-31,68.85,71.0,67.3,67.85,617026
2015-09-01,67.05,67.75,61.85,63.6,1180793
2015-09-02,64.9,66.0,64.3,65.0,1007865
2015-09-03,65.8,67.25,65.65,66.5,602564
2015-09-04,65.95,66.0,62.75,63.45,552806
2015-09-07,64.0,66.0,62.6,63.55,521975
2015-09-08,64.1,65.9,62.8,64.25,568212
2015-09-09,65.15,68.3,65.15,67.35,913094
2015-09-10,65.45,66.0,64.5,65.6,633682
2015-09-11,66.15,68.2,66.0,66.4,626834
2015-09-14,66.35,67.4,66.15,66.85,348217
2015-09-15,66.55,66.95,63.1,63.75,368010
2015-09-16,64.45,66.15,64.25,65.7,555494
2015-09-18,68.25,72.9,68.05,71.25,1854569
2015-09-21,71.8,79.3,71.3,78.35,3884349
2015-09-22,78.4,79.8,73.3,73.9,1336780
2015-09-23,73.0,79.0,71.6,77.75,2094289
2015-09-24,77.4,80.5,75.2,76.8,1792420
2015-09-28,76.55,78.8,75.0,75.65,507813
2015-09-29,73.85,75.5,72.0,73.7,959771
2015-09-30,74.15,76.7,74.1,75.5,703294
2015-10-01,77.0,77.45,74.85,75.15,643327
2015-10-05,75.75,77.4,75.75,76.6,457020
2015-10-06,77.25,77.85,75.35,76.3,598809
2015-10-07,76.6,81.6,75.3,79.5,2623704
2015-10-08,80.55,81.85,79.55,80.05,1692010
2015-10-09,80.6,80.95,76.65,77.65,917207
2015-10-12,78.4,79.2,76.15,77.2,699660
2015-10-13,77.35,79.6,76.5,79.2,1000167
2015-10-14,84.4,87.9,82.0,82.7,6605742
2015-10-15,83.35,83.85,81.25,81.75,1333603
2015-10-16,82.1,83.6,81.05,81.85,1040631
2015-10-19,84.2,87.7,82.3,83.1,1252250
2015-10-20,83.55,83.55,80.85,81.2,743382
2015-10-21,81.4,84.4,81.2,83.7,1521173
2015-10-23,84.5,84.7,82.05,82.75,798365
2015-10-26,83.25,83.5,77.35,80.1,1177958
2015-10-27,80.5,81.4,78.1,78.35,1251658
2015-10-28,78.6,79.2,77.2,77.85,832732
2015-10-29,78.25,79.95,77.85,79.2,743551
2015-10-30,79.35,80.0,77.5,79.1,779862
2015-11-02,79.25,82.65,79.0,82.15,1626849
2015-11-03,82.6,82.7,79.35,80.15,721848
2015-11-04,81.1,81.8,78.1,78.55,841008
2015-11-05,78.45,78.7,75.2,75.6,550009
2015-11-06,75.65,78.45,74.2,75.15,728966
2015-11-09,71.15,80.8,71.1,79.3,1611211
2015-11-10,78.7,79.5,76.55,76.95,632288
2015-11-11,78.0,79.15,78.0,78.6,188269
2015-11-13,77.95,83.9,77.6,81.3,3575507
2015-11-16,81.15,83.3,79.55,80.15,1723544
2015-11-17,80.55,81.9,79.5,79.85,1090531
2015-11-18,79.95,79.95,76.85,77.15,894270
2015-11-19,78.0,79.4,77.65,79.1,706063
2015-11-20,79.2,80.5,78.2,78.55,990033
2015-11-23,79.0,81.95,78.9,80.95,1430540
2015-11-24,81.0,82.15,80.3,81.0,729853
2015-11-26,81.2,84.3,80.25,82.85,2279188
2015-11-27,82.95,82.95,80.5,81.5,558784
2015-11-30,81.5,83.9,78.65,82.95,1440175
2015-12-01,83.0,85.8,82.25,85.4,1832419
2015-12-02,86.7,87.5,84.5,85.4,2733703
2015-12-03,84.7,85.0,82.65,82.9,696102
2015-12-04,81.9,84.7,81.15,82.9,1124972
2015-12-07,83.55,84.0,81.55,82.45,543261
2015-12-08,82.7,88.75,82.05,86.7,4168000
2015-12-09,87.3,87.5,82.9,83.3,1125984
2015-12-10,84.7,90.8,84.2,89.5,3145388
2015-12-11,89.55,91.8,87.75,89.65,2647738
2015-12-14,89.2,92.4,87.1,91.9,1432870
2015-12-15,91.9,96.1,91.7,95.5,2913360
2015-12-16,96.1,100.95,95.8,96.8,3734488
2015-12-17,96.6,97.8,93.8,95.1,1515400
2015-12-18,95.65,98.5,94.5,97.55,1642868
2015-12-21,97.95,101.0,97.5,99.75,1672002
2015-12-22,100.0,100.7,96.65,97.45,808158
2015-12-23,97.75,100.45,96.55,98.75,1125681
2015-12-24,99.1,99.65,96.55,96.9,691674
2015-12-28,97.15,97.8,95.6,96.05,534789
2015-12-29,96.25,98.0,93.55,93.95,856557
2015-12-30,94.35,96.8,94.1,95.65,796754
2015-12-31,96.2,96.2,92.3,93.35,537189
2016-01-01,93.1,95.5,93.1,94.4,475988
2016-01-04,93.55,95.2,91.0,91.85,738338
2016-01-05,92.6,94.8,92.1,93.75,622040
2016-01-06,94.0,96.4,93.65,94.2,783242
2016-01-07,93.0,93.0,90.2,90.8,446351
2016-01-08,91.3,93.2,90.55,90.95,464420
2016-01-11,89.75,98.2,89.1,96.15,1665475
2016-01-12,96.5,97.85,92.5,93.8,812494
2016-01-13,94.75,95.9,88.0,90.55,860702
2016-01-14,88.15,94.55,87.0,91.25,979087
2016-01-15,92.7,93.3,85.0,86.15,871936
2016-01-18,85.1,86.9,73.5,75.45,894044
2016-01-19,75.45,77.9,74.35,76.3,768613
2016-01-20,75.5,78.65,73.7,74.15,954368
2016-01-21,75.95,77.0,73.55,76.15,738471
2016-01-22,78.0,78.65,76.7,77.3,683388
2016-01-25,77.75,79.55,77.75,78.9,398664
2016-01-27,79.5,81.15,78.85,79.75,324165
2016-01-28,80.3,81.55,78.95,79.55,278499
2016-01-29,80.15,82.6,78.85,81.95,582777
2016-02-01,83.8,85.6,83.25,84.95,722728
2016-02-02,84.5,86.75,83.55,84.25,545580
2016-02-03,83.0,83.5,81.1,81.65,258950
2016-02-04,82.15,83.4,79.4,80.25,576234
2016-02-05,80.75,83.5,79.85,83.1,613741
2016-02-08,82.7,82.95,79.55,80.05,353067
2016-02-09,78.1,79.6,76.5,77.4,504508
2016-02-10,78.85,80.5,72.2,73.75,2258336
2016-02-11,72.7,72.75,63.1,64.05,1541758
2016-02-12,65.65,65.65,56.25,57.5,1583737
2016-02-15,58.2,62.3,57.75,60.8,1052817
2016-02-16,61.95,62.0,57.3,57.8,439565
2016-02-17,58.25,58.4,55.5,57.95,534485
2016-02-18,58.85,60.3,58.05,59.0,562325
2016-02-19,58.35,58.85,57.3,58.1,425224
2016-02-22,58.1,59.7,57.8,58.75,347944
2016-02-23,59.45,59.45,57.6,58.05,639321
2016-02-24,57.9,57.9,56.5,56.95,401174
2016-02-25,57.05,59.8,56.9,57.85,512535
2016-02-26,58.35,58.75,55.45,55.8,496345
2016-02-29,56.3,57.35,54.35,55.4,615395
2016-03-01,56.0,57.25,55.25,56.4,993666
2016-03-02,57.4,58.55,55.65,56.0,1194476
2016-03-03,56.5,58.4,56.5,57.85,1017498
2016-03-04,59.25,62.5,58.55,60.7,1688098
2016-03-08,60.9,66.25,60.9,64.5,1643880
2016-03-09,64.2,64.5,62.25,63.15,514582
2016-03-10,63.7,65.4,62.9,64.25,711107
2016-03-11,64.6,64.75,62.7,62.9,396610
2016-03-14,63.3,64.5,62.75,63.75,454385
2016-03-15,64.2,64.45,62.4,62.65,397309
2016-03-16,63.25,64.1,62.7,63.15,395067
2016-03-17,63.9,64.65,63.35,63.55,550698
2016-03-18,64.8,66.8,64.0,66.15,1928672
2016-03-21,66.95,67.85,65.8,66.4,941804
2016-03-22,66.5,66.6,65.0,65.65,321616
2016-03-23,65.8,67.25,64.85,66.1,458562
2016-03-28,66.2,66.3,63.15,63.6,292088
2016-03-29,63.65,65.95,62.4,65.3,482106
2016-03-30,66.75,67.2,65.55,65.85,533219
2016-03-31,66.0,67.1,64.8,64.95,454378
2016-04-01,64.7,66.95,64.6,66.45,483143
2016-04-04,66.9,67.35,66.05,66.85,393803
2016-04-05,67.0,67.95,65.15,65.6,596454
2016-04-06,66.45,66.9,65.0,66.6,292386
2016-04-07,67.6,69.0,67.1,67.45,798840
2016-04-08,67.45,69.95,66.95,69.1,609462
2016-04-11,69.15,69.95,68.15,69.4,475401
2016-04-12,69.5,71.3,68.65,70.85,796274
2016-04-13,72.0,72.4,71.05,71.55,647012
2016-04-18,73.0,74.2,72.85,73.4,872854
2016-04-20,73.7,74.85,72.8,72.9,598435
2016-04-21,73.95,75.35,71.5,71.95,942728
2016-04-22,72.35,73.15,71.0,72.0,470579
2016-04-25,72.7,73.4,70.65,71.8,512978
2016-04-26,71.75,73.55,71.2,72.75,493168
2016-04-27,72.7,73.8,71.55,72.3,414772
2016-04-28,72.4,73.4,70.9,71.25,481848
2016-04-29,71.75,72.25,69.7,69.95,436194
2016-05-02,70.0,72.25,69.0,71.55,681781
2016-05-03,72.5,75.45,72.5,73.25,1507113
2016-05-04,73.2,73.45,70.3,70.7,494344
2016-05-05,71.1,72.75,70.1,71.6,484110
2016-05-06,71.2,71.6,70.2,70.65,253516
2016-05-09,71.25,72.05,70.6,70.75,356849
2016-05-10,70.8,71.3,70.55,70.8,211022
2016-05-11,70.0,70.9,69.3,70.2,522010
2016-05-12,70.75,74.25,70.4,73.8,1004676
2016-05-13,73.5,76.6,73.2,73.85,1705094
2016-05-16,75.5,77.5,75.05,76.1,1400673
2016-05-17,76.55,77.0,74.7,75.0,334205
2016-05-18,74.45,77.6,73.6,76.2,533044
2016-05-19,76.2,77.15,73.8,74.2,517056
2016-05-20,74.75,75.4,69.0,69.35,1175523
2016-05-23,70.0,70.9,68.3,68.95,510249
2016-05-24,69.0,69.1,67.1,67.45,425730
2016-05-25,68.45,70.8,67.55,69.8,516702
2016-05-26,70.1,71.9,67.3,68.85,900131
2016-05-27,67.0,68.95,65.5,68.6,1103780
2016-05-30,68.5,70.25,68.15,69.45,444286
2016-05-31,68.6,69.75,67.55,69.0,362529
2016-06-01,69.0,69.7,68.1,68.3,251752
2016-06-02,68.3,68.35,66.8,67.1,351303
2016-06-03,67.8,69.0,67.65,67.9,524631
2016-06-06,67.85,69.35,66.75,67.15,361360
2016-06-07,67.9,68.6,67.05,67.3,454834
2016-06-08,67.6,69.3,67.05,68.15,674498
2016-06-09,68.6,70.5,67.85,68.9,851744
2016-06-10,68.6,69.8,67.6,67.9,478040
2016-06-13,67.35,68.2,66.25,66.65,395934
2016-06-14,65.5,68.75,65.5,67.35,630765
2016-06-15,67.95,68.25,66.95,67.7,436988
2016-06-16,67.75,68.4,66.85,67.35,296438
2016-06-17,67.85,68.4,66.2,66.45,457286
2016-06-20,66.1,67.2,65.8,66.6,385824
2016-06-21,66.45,67.35,65.7,65.85,309340
2016-06-22,66.0,66.55,65.8,66.05,286528
2016-06-23,66.15,66.4,65.0,65.15,265833
2016-06-24,64.0,64.0,61.7,62.7,414082
2016-06-27,62.7,67.4,62.5,66.3,700029
2016-06-28,66.35,67.4,66.05,66.55,495100
2016-06-29,66.7,68.25,66.7,67.45,536651
2016-06-30,67.5,68.35,66.65,66.85,431698
2016-07-01,67.1,68.2,67.1,67.55,434798
2016-07-04,67.9,68.95,67.65,68.45,635576
2016-07-05,68.85,74.8,68.25,73.6,4462023
2016-07-07,73.65,73.7,70.35,70.8,726192
2016-07-08,70.8,71.25,69.8,70.15,493961
2016-07-11,71.0,74.5,70.75,73.6,1343108
2016-07-12,73.7,73.9,71.6,72.15,483847
2016-07-13,72.6,72.6,70.75,71.0,282339
2016-07-14,71.1,73.65,71.05,72.25,407611
2016-07-15,72.8,72.8,70.1,70.4,348007
2016-07-18,71.0,72.95,69.85,70.15,270892
2016-07-19,70.5,71.0,69.0,69.55,187758
2016-07-20,69.95,71.95,69.7,71.1,551076
2016-07-21,70.8,71.7,70.05,70.15,288243
2016-07-22,70.85,72.9,70.15,71.9,370397
2016-07-25,72.25,73.65,71.9,72.4,300699
2016-07-26,72.9,73.7,71.2,71.45,363199
2016-07-27,72.35,73.0,71.5,71.8,390107
2016-07-28,72.95,75.9,72.5,74.05,1399363
2016-07-29,74.4,74.8,71.95,72.15,349935
2016-08-01,74.5,74.8,70.6,71.15,469342
2016-08-02,71.45,72.6,69.8,70.2,368666
2016-08-03,70.1,71.4,68.9,69.9,393113
2016-08-04,73.55,73.8,71.3,71.7,954493
2016-08-05,72.0,72.8,71.5,71.7,315618
2016-08-08,72.3,72.5,71.1,71.35,195764
2016-08-09,71.65,72.0,70.45,70.65,196324
2016-08-10,71.0,71.5,68.75,69.0,264689
2016-08-11,69.35,70.5,68.8,69.3,194586
2016-08-12,69.5,70.6,69.1,70.25,354763
2016-08-16,71.75,72.5,71.0,72.25,648413
2016-08-17,72.45,74.25,72.05,73.1,666864
2016-08-18,73.7,77.5,73.5,74.3,1959258
2016-08-19,71.0,71.9,67.55,70.9,2254613
2016-08-22,70.5,70.8,69.35,69.45,347734
2016-08-23,69.65,69.75,68.05,68.2,353884
2016-08-24,68.55,69.4,68.1,68.4,262458
2016-08-25,68.8,70.85,68.25,68.45,474656
2016-08-26,68.7,68.9,67.1,67.25,268825
2016-08-29,67.25,67.65,66.0,66.25,267352
2016-08-30,66.9,67.8,66.5,66.6,521440
2016-08-31,66.7,67.4,66.1,66.3,270826
2016-09-01,66.5,67.1,65.0,65.85,396086
2016-09-02,68.75,74.5,67.7,70.35,6913866
2016-09-06,70.55,71.9,69.85,70.3,1044396
2016-09-07,70.1,70.6,68.75,68.95,513599
2016-09-08,69.0,72.3,68.6,70.45,1199399
2016-09-09,70.3,70.9,69.1,69.25,492245
2016-09-12,68.7,68.7,67.5,67.65,422439
2016-09-14,67.8,69.8,67.6,68.55,392396
2016-09-15,69.3,70.45,68.3,69.8,896318
2016-09-16,71.2,72.8,69.6,71.65,1923812
2016-09-19,72.3,72.4,70.8,71.2,528814
2016-09-20,71.25,71.35,69.5,69.8,429080
2016-09-21,70.0,70.9,69.5,69.75,329390
2016-09-22,70.5,73.8,70.2,73.15,2632952
2016-09-23,73.2,73.5,71.1,71.4,758223
2016-09-26,71.5,72.2,70.1,70.5,371046
2016-09-27,71.0,71.3,69.5,69.65,460952
2016-09-28,69.85,70.65,69.75,70.0,388126
2016-09-29,70.7,70.7,64.6,65.25,943064
2016-09-30,65.25,68.4,64.7,67.9,564900
2016-10-03,70.4,70.8,69.4,69.8,900802
2016-10-04,70.2,70.4,68.8,69.25,287418
2016-10-05,69.5,70.1,68.8,69.55,760352
2016-10-06,70.1,71.75,69.0,70.05,897660
2016-10-07,70.5,70.55,69.25,69.45,349009
2016-10-10,70.0,70.3,69.15,69.6,572919
2016-10-13,69.0,69.35,66.6,67.25,456214
2016-10-14,67.45,68.9,67.15,67.4,424008
2016-10-17,67.9,68.3,66.75,66.9,343969
2016-10-18,67.4,68.25,67.1,67.7,400669
2016-10-19,68.1,68.95,67.7,68.2,508118
2016-10-20,68.9,69.25,68.4,68.7,498015
2016-10-21,69.0,69.0,67.2,67.95,369464
2016-10-24,68.45,71.2,68.25,69.6,1084289
2016-10-25,69.95,70.2,68.8,69.25,324498
2016-10-26,69.45,69.75,68.6,68.75,212033
2016-10-27,68.85,69.2,67.5,68.05,236572
2016-10-28,68.2,68.6,67.1,67.85,276767
2016-10-30,68.4,68.6,67.7,68.25,135014
2016-11-01,68.8,71.7,68.3,69.95,1250109
2016-11-02,69.5,69.5,68.0,68.15,479790
2016-11-03,68.35,69.2,66.55,66.95,424959
2016-11-04,67.8,67.8,65.1,66.25,458692
2016-11-07,67.4,68.75,66.15,68.3,457910
2016-11-08,69.3,69.4,67.2,67.5,679945
2016-11-09,60.0,64.8,56.75,64.55,532073
2016-11-10,66.5,67.95,65.8,66.5,414701
2016-11-11,65.15,66.3,64.1,64.35,346622
2016-11-15,64.6,65.4,62.15,62.5,279141
2016-11-16,63.15,64.0,62.15,63.2,352316
2016-11-17,60.0,61.0,57.55,58.15,1365738
2016-11-18,58.9,59.5,57.55,59.1,460930
2016-11-21,60.9,60.9,55.5,55.7,646269
2016-11-22,56.4,58.0,55.5,57.0,328265
2016-11-23,58.7,58.7,56.7,57.25,151227
2016-11-24,57.3,58.0,56.75,57.35,168016
2016-11-25,58.25,59.65,57.2,59.0,303247
2016-11-28,59.8,59.9,58.55,58.7,244611
2016-11-29,58.8,59.7,58.0,58.15,274200
2016-11-30,58.5,59.0,58.15,58.8,228347
2016-12-01,60.4,60.85,59.15,59.4,658503
2016-12-02,58.8,59.8,57.5,57.75,572911
2016-12-05,58.25,58.4,57.65,57.85,286078
2016-12-06,58.0,60.7,58.0,60.1,751281
2016-12-07,61.0,63.5,60.2,61.9,2418097
2016-12-08,62.65,62.9,61.3,61.9,557989
2016-12-09,62.0,62.6,60.8,61.05,456679
2016-12-12,61.0,62.65,61.0,61.85,551059
2016-12-13,63.5,63.8,61.8,62.2,818292
2016-12-14,61.9,62.25,60.5,60.65,323145
2016-12-15,61.9,63.9,61.7,62.0,1518890
2016-12-16,62.1,62.8,61.0,61.25,465742
2016-12-19,61.0,61.15,60.1,60.2,231381
2016-12-20,60.4,60.4,58.35,58.5,479941
2016-12-21,58.2,59.3,58.2,58.55,281228
2016-12-22,58.5,58.7,57.55,57.8,264848
2016-12-23,57.15,58.6,57.15,57.55,277210
2016-12-26,57.2,57.85,56.25,56.45,235995
2016-12-27,57.45,57.55,56.55,57.1,211626
2016-12-28,57.4,58.75,56.8,56.95,473423
2016-12-29,57.15,58.0,56.85,57.85,238671
2016-12-30,58.8,59.2,58.15,58.5,368603
2017-01-02,58.8,60.65,58.15,60.3,607259
2017-01-03,60.45,61.7,60.25,60.95,560029
2017-01-04,62.5,66.0,61.6,64.25,3100051
2017-01-05,65.0,66.8,64.55,65.6,1503384
2017-01-06,66.3,66.85,63.25,63.65,1338847
2017-01-09,64.0,65.75,63.15,65.0,635721
2017-01-10,65.65,65.9,64.55,65.3,475666
2017-01-11,65.8,66.9,65.3,65.75,627607
2017-01-12,65.7,67.7,65.15,66.35,1154756
2017-01-13,66.7,67.2,65.5,66.05,466937
2017-01-16,66.0,67.15,65.7,66.45,320077
2017-01-17,66.75,67.0,65.55,65.7,298582
2017-01-18,66.2,66.9,65.4,65.55,303352
2017-01-19,65.5,69.55,65.35,68.4,1758369
2017-01-20,69.6,70.6,66.65,67.1,1337854
2017-01-23,66.6,68.5,65.95,67.4,383543
2017-01-24,67.9,68.25,67.15,67.25,242148
2017-01-25,67.05,68.0,66.85,67.05,270046
2017-01-27,67.0,69.85,66.85,67.15,881886
2017-01-30,67.25,69.65,66.3,68.35,921881
2017-01-31,68.5,69.05,66.35,66.75,407073
2017-02-01,66.7,68.35,66.5,67.05,513609
2017-02-02,67.1,69.6,66.1,68.85,1539242
2017-02-03,69.0,69.35,67.45,67.65,364152
2017-02-06,67.55,68.7,67.15,67.65,351572
2017-02-07,68.0,69.7,67.15,69.0,644681
2017-02-08,70.2,70.9,69.35,69.7,1149488
2017-02-09,69.85,69.9,68.3,68.55,506617
2017-02-10,67.9,67.9,66.0,66.55,705660
2017-02-13,67.2,67.25,65.0,65.3,266950
2017-02-14,65.55,66.3,63.8,64.0,379577
2017-02-15,64.05,64.6,62.6,62.8,224315
2017-02-16,63.2,63.65,62.5,63.05,256076
2017-02-17,63.5,64.9,63.0,63.4,442021
2017-02-20,64.25,64.35,63.5,63.75,329446
2017-02-21,63.75,64.2,63.3,63.65,184796
2017-02-22,63.65,65.4,62.6,62.75,650469
2017-02-23,62.75,63.55,62.75,63.1,167841
2017-02-27,63.1,63.5,62.0,62.25,237768
2017-02-28,62.75,63.2,62.35,62.7,234061
2017-03-01,62.7,63.7,62.7,62.85,261075
2017-03-02,63.0,63.8,62.4,63.3,438529
2017-03-03,63.5,64.7,63.5,64.05,878660
2017-03-06,64.0,64.75,63.05,63.25,282222
2017-03-07,63.6,63.75,62.4,62.55,215776
2017-03-08,62.7,63.1,62.0,62.25,286477
2017-03-09,62.25,63.3,61.8,61.95,341516
2017-03-10,62.45,62.85,61.8,61.95,153135
2017-03-14,63.3,63.3,62.4,62.85,226856
2017-03-15,63.4,64.2,63.0,63.7,410870
2017-03-16,64.0,65.25,63.9,64.75,569082
2017-03-17,65.0,65.45,63.6,65.05,504083
2017-03-20,65.05,68.65,64.15,67.4,3929123
2017-03-21,68.0,69.4,66.6,67.7,2922402
2017-03-22,66.6,71.7,66.35,69.35,5376698
2017-03-23,69.85,70.4,68.25,68.6,774213
2017-03-24,69.0,69.6,67.0,67.25,522011
2017-03-27,67.25,68.45,66.6,67.4,475764
2017-03-28,67.8,71.35,67.8,69.65,2761891
2017-03-29,70.2,74.2,70.05,73.5,4832018
2017-03-30,74.0,75.75,72.4,72.95,1730971
2017-03-31,73.6,77.85,73.05,76.65,4324503
2017-04-03,77.2,78.35,75.7,76.65,1673932
2017-04-05,77.8,80.8,77.15,78.85,2408173
2017-04-06,78.6,79.05,74.55,76.75,1493533
2017-04-07,76.05,79.25,75.7,76.05,1374198
2017-04-10,75.7,78.4,75.25,76.8,1160659
2017-04-11,77.15,77.7,75.15,76.2,778967
2017-04-12,76.75,76.75,73.15,73.4,887630
2017-04-13,73.7,75.85,73.5,73.95,781744
2017-04-17,74.75,75.5,73.05,73.75,737340
2017-04-18,74.15,75.7,71.8,72.15,846573
2017-04-19,72.25,76.5,71.1,75.2,2500704
2017-04-20,75.95,78.3,74.6,77.35,1803811
2017-04-21,77.45,84.65,77.1,84.0,7545271
2017-04-24,84.0,84.6,79.45,79.85,2917544
2017-04-25,80.5,82.6,79.25,81.55,1956666
2017-04-26,82.0,84.1,78.6,80.5,2448033
2017-04-27,80.85,81.5,79.05,79.4,741166
2017-04-28,80.15,82.0,80.15,80.65,1214594
2017-05-02,81.0,81.2,78.6,80.0,612492
2017-05-03,80.4,80.4,78.1,78.35,523988
2017-05-04,78.5,78.7,76.2,77.1,928748
2017-05-05,77.4,80.9,76.25,79.9,1667091
2017-05-08,81.0,81.4,79.5,80.85,1070250
2017-05-09,80.85,81.0,79.05,79.55,426775
2017-05-10,79.65,81.85,79.4,79.8,789273
2017-05-11,80.1,80.65,78.25,78.8,518792
2017-05-12,79.0,85.85,77.8,83.0,4211759
2017-05-15,84.0,84.7,81.75,82.3,1820984
2017-05-16,82.5,84.35,81.25,82.35,1591969
2017-05-17,82.15,82.15,80.55,81.55,775729
2017-05-18,80.75,80.75,78.05,78.4,738950
2017-05-19,78.7,79.9,75.0,75.25,873697
2017-05-22,76.0,76.5,73.8,74.1,596114
2017-05-23,74.55,74.6,70.75,71.95,698550
2017-05-24,71.95,72.75,67.7,68.25,748768
2017-05-25,68.85,70.0,67.9,69.65,572824
2017-05-26,70.05,73.6,69.95,72.35,836433
2017-05-29,71.2,72.2,69.5,69.8,502296
2017-05-30,69.1,70.9,68.3,70.25,417586
2017-05-31,69.8,75.2,69.8,74.25,1176914
2017-06-01,74.65,78.35,73.2,77.85,1854819
2017-06-02,80.05,80.55,76.55,77.2,2073499
2017-06-05,76.05,77.45,74.05,74.45,641686
2017-06-06,74.45,74.45,70.65,71.25,791206
2017-06-07,71.4,73.2,71.3,72.1,457157
2017-06-08,71.85,74.5,71.85,73.0,794130
2017-06-09,73.0,73.9,72.55,73.5,552350
2017-06-12,72.95,73.3,71.0,71.8,334510
2017-06-13,72.1,78.45,72.0,78.05,2893003
2017-06-14,79.95,80.3,77.6,79.4,2464504
2017-06-15,91.5,91.8,85.05,85.8,18153420
2017-06-16,85.8,85.8,82.55,83.0,1878244
2017-06-19,84.9,85.4,83.8,84.85,2416910
2017-06-20,84.8,85.0,81.7,82.15,912733
2017-06-21,82.2,84.4,81.0,83.0,1381662
2017-06-22,83.1,83.95,81.4,81.85,1065923
2017-06-23,82.35,82.7,80.1,80.35,871912
2017-06-27,80.5,80.7,77.55,78.0,867926
2017-06-28,78.4,79.2,77.15,77.5,620162
2017-06-29,78.75,84.25,78.15,83.05,2257378
2017-06-30,83.45,87.2,82.5,85.75,2853301
2017-07-03,86.0,86.35,82.5,83.0,927637
2017-07-04,83.0,83.75,82.0,82.65,669517
2017-07-05,83.0,83.6,81.0,81.7,852977
2017-07-06,82.05,85.4,81.85,83.7,1517662
2017-07-07,83.0,86.8,82.8,86.4,1648046
2017-07-10,91.0,91.0,84.0,85.6,483743
2017-07-11,86.2,86.8,84.0,84.25,659623
2017-07-12,84.2,86.6,84.2,84.7,793338
2017-07-13,84.9,85.85,83.35,83.65,601477
2017-07-14,83.9,85.3,83.1,84.5,739439
2017-07-17,84.2,84.5,81.1,83.35,903579
2017-07-18,83.45,84.0,80.1,80.85,784375
2017-07-19,81.6,83.45,81.0,83.05,650054
2017-07-20,83.4,83.5,82.0,82.25,372502
2017-07-21,82.65,83.2,81.6,82.4,352945
2017-07-24,82.4,83.2,81.0,81.3,310012
2017-07-25,81.6,81.95,79.8,80.15,388655
2017-07-26,80.6,85.5,80.6,83.85,1476237
2017-07-27,84.5,86.0,82.25,83.25,1092686
2017-07-28,82.75,83.3,81.5,82.25,383139
2017-07-31,83.0,84.5,82.5,82.8,623040
2017-08-01,83.25,83.4,81.6,82.3,290117
2017-08-02,82.5,85.35,81.75,84.65,1335623
2017-08-03,84.9,87.2,83.5,86.05,1659379
2017-08-04,84.85,89.65,84.65,89.1,2285287
2017-08-07,90.9,92.0,87.5,88.75,2840605
2017-08-08,89.5,90.45,86.0,88.35,1127761
2017-08-09,87.7,92.5,85.6,90.6,3370376
2017-08-10,90.1,93.0,87.0,88.0,2549677
2017-08-11,80.15,84.1,80.0,82.4,2338176
2017-08-14,84.1,84.4,82.6,83.1,435573
2017-08-16,83.95,85.35,82.7,84.4,639131
2017-08-17,85.4,88.8,84.55,87.6,902708
2017-08-18,87.45,91.8,86.6,90.75,1314466
2017-08-21,91.8,93.6,88.15,89.5,1449523
2017-08-22,89.95,92.5,89.5,90.0,1211567
2017-08-23,90.75,94.45,89.7,93.65,1882505
2017-08-24,94.4,96.2,93.35,94.7,2228479
2017-08-28,94.9,96.4,93.25,94.9,1188463
2017-08-29,94.5,98.25,94.25,95.2,2334769
2017-08-30,96.2,98.4,94.5,97.95,2008904
2017-08-31,97.95,102.6,96.7,99.95,3693375
2017-09-01,102.2,102.6,96.1,97.25,3198812
2017-09-04,97.0,98.0,95.0,97.0,1357759
2017-09-05,96.75,99.85,96.75,99.35,1380533
2017-09-06,98.5,99.55,97.1,97.7,1244152
2017-09-07,98.25,98.65,96.1,96.65,555799
2017-09-08,96.8,101.0,96.75,98.6,1729212
2017-09-11,99.8,100.5,96.9,97.25,909064
2017-09-12,97.5,99.2,95.5,95.9,863785
2017-09-13,95.9,96.9,93.9,94.45,772128
2017-09-14,94.6,95.15,91.75,92.1,836025
2017-09-15,91.9,94.9,91.2,92.5,1256744
2017-09-18,93.9,94.95,93.0,93.9,661484
2017-09-19,94.4,96.25,92.8,93.5,757801
2017-09-20,93.6,95.2,92.0,92.25,688569
2017-09-21,92.5,92.85,89.5,89.7,756517
2017-09-22,89.0,89.4,86.0,87.55,1303373
2017-09-25,87.3,100.4,84.35,97.95,5611435
2017-09-26,99.45,100.8,93.7,94.15,2290745
2017-09-27,94.65,99.35,91.6,92.3,2549887
2017-09-28,92.85,94.2,90.15,90.95,1076414
2017-09-29,92.5,94.25,89.1,89.6,1555998
2017-10-03,91.0,91.15,87.5,88.0,744397
2017-10-04,88.35,89.75,87.15,87.6,761953
2017-10-05,87.25,91.5,87.25,89.7,1056765
2017-10-06,91.4,93.75,90.35,90.9,1671334
2017-10-09,91.3,93.25,90.3,90.9,779180
2017-10-10,91.0,92.6,90.35,91.2,706496
2017-10-11,91.3,91.6,87.05,87.7,1056998
2017-10-12,88.15,90.3,87.75,89.55,762956
2017-10-13,89.85,90.45,88.7,89.0,432910
2017-10-16,89.45,89.8,87.7,88.0,454811
2017-10-17,88.45,90.45,88.1,88.95,727654
2017-10-18,88.9,92.7,88.35,90.9,1733299
2017-10-19,90.95,91.75,89.7,90.25,220476
2017-10-23,90.1,90.75,89.0,89.2,307719
2017-10-24,89.55,96.65,88.9,96.1,3133785
2017-10-25,98.8,99.95,92.1,92.9,3776424
2017-10-26,93.25,96.4,92.0,94.15,1171883
2017-10-27,94.45,97.6,93.5,95.9,1655649
2017-10-30,96.35,97.0,93.3,93.95,921998
2017-10-31,94.2,94.4,92.0,92.3,577431
2017-11-01,92.95,104.8,92.7,103.2,10952552
2017-11-02,103.0,113.4,101.2,107.95,13966510
2017-11-03,108.7,110.7,104.3,109.15,3560292
2017-11-06,103.85,108.15,100.25,103.55,4712655
2017-11-07,107.0,108.0,101.0,101.5,2900008
2017-11-08,102.05,102.15,95.6,96.6,1610085
2017-11-09,97.3,98.5,95.1,96.65,984695
2017-11-10,96.45,96.45,93.8,94.4,788175
2017-11-13,95.1,95.1,91.0,91.45,745209
2017-11-14,91.45,93.0,90.05,90.4,918418
2017-11-15,90.7,91.8,88.5,88.7,862336
2017-11-16,89.3,91.8,88.1,90.5,1200330
2017-11-17,91.7,92.75,88.8,89.15,688288
2017-11-20,90.25,94.0,89.2,92.5,1275499
2017-11-21,93.1,94.45,92.6,93.2,835843
2017-11-22,92.95,94.3,90.55,92.1,748260
2017-11-23,92.6,93.7,91.65,92.55,530887
2017-11-24,92.8,99.95,92.1,95.6,4998763
2017-11-27,95.0,95.4,93.25,94.25,754144
2017-11-28,94.7,97.2,94.0,95.3,1065871
2017-11-29,95.7,97.1,94.25,96.05,980958
2017-11-30,95.2,95.7,93.0,93.3,734663
2017-12-01,93.3,94.4,90.6,91.1,910320
2017-12-04,91.9,101.35,89.5,98.25,4878935
2017-12-05,97.85,97.85,94.0,94.45,1829556
2017-12-06,93.65,95.4,92.0,92.4,1026383
2017-12-07,92.45,97.5,92.4,96.55,2309528
2017-12-08,97.0,101.9,95.0,100.05,3798939
2017-12-11,99.0,99.0,94.5,95.05,3145246
2017-12-12,95.35,96.65,94.0,94.25,851037
2017-12-13,94.25,97.3,93.1,93.45,2180629
2017-12-14,94.15,95.4,92.2,93.85,1514395
2017-12-15,94.65,96.5,93.85,94.1,1190417
2017-12-18,93.9,95.9,90.5,93.0,957460
2017-12-19,93.7,96.0,93.5,95.3,914698
2017-12-20,95.25,97.2,94.35,95.05,1109531
2017-12-21,95.05,96.6,93.5,94.1,864186
2017-12-22,94.5,96.15,93.55,93.8,909389
2017-12-26,94.0,95.75,93.5,93.75,875189
2017-12-27,94.2,95.1,92.4,93.05,785879
2017-12-28,93.15,96.85,93.15,94.3,2204079
2017-12-29,96.0,96.5,94.35,94.6,846113
2018-01-01,94.8,96.4,93.7,94.2,1004745
2018-01-02,94.95,95.2,93.1,93.8,612211
2018-01-03,94.45,97.85,93.9,96.05,2372906
2018-01-04,98.0,98.7,96.0,96.5,1882384
2018-01-05,97.1,99.0,96.0,96.25,1719588
2018-01-08,96.55,97.6,95.5,95.7,1035000
2018-01-09,95.95,97.25,94.9,95.15,1194476
2018-01-10,95.6,99.8,94.7,97.55,3787252
2018-01-11,97.3,99.2,95.6,96.4,2300042
2018-01-12,97.0,98.15,94.3,95.6,1157134
2018-01-15,96.0,97.4,95.3,96.0,788207
2018-01-16,96.4,96.65,92.45,93.15,1227929
2018-01-17,93.15,93.6,91.85,92.95,666656
2018-01-18,93.5,95.5,90.0,90.55,1080166
2018-01-19,90.65,91.25,88.3,88.9,910244
2018-01-22,89.05,91.5,88.8,90.1,711377
2018-01-23,90.3,90.75,87.2,88.05,1558036
2018-01-24,88.6,88.6,82.45,83.1,1827095
2018-01-25,83.8,84.7,81.9,82.4,996901
2018-01-29,82.55,82.85,79.05,79.3,940902
2018-01-30,79.45,83.8,77.55,80.3,1344699
2018-01-31,80.0,82.3,79.1,81.05,896699
2018-02-01,81.85,81.85,79.1,79.7,908932
2018-02-02,78.05,78.95,74.25,74.65,952706
2018-02-05,74.0,74.15,65.8,72.0,1210977
2018-02-06,67.1,72.2,66.8,70.85,955604
2018-02-07,72.4,75.4,72.1,74.2,1141401
2018-02-08,74.35,77.0,73.4,76.25,900576
2018-02-09,74.55,78.1,73.55,77.4,935022
2018-02-12,78.1,86.8,78.1,85.45,3405670
2018-02-14,86.0,86.0,81.15,82.35,2020879
2018-02-15,83.05,83.65,80.3,80.7,892833
2018-02-16,81.5,82.55,79.1,80.1,693983
2018-02-19,80.45,80.5,77.75,78.8,463033
2018-02-20,78.8,79.55,75.75,76.9,512531
2018-02-21,76.85,77.5,74.35,74.65,621879
2018-02-22,74.45,74.9,72.35,72.8,685160
2018-02-23,73.35,75.4,72.7,73.1,853415
2018-02-26,73.5,75.4,73.5,73.9,829801
2018-02-27,74.4,74.65,72.85,73.1,566687
2018-02-28,72.8,73.7,71.1,71.65,685006
2018-03-01,71.75,73.35,71.0,71.15,559776
2018-03-05,71.05,71.55,68.65,69.2,583160
2018-03-06,70.45,70.75,67.5,67.85,648851
2018-03-07,67.95,68.4,64.9,65.6,802787
2018-03-08,66.7,66.7,63.15,64.15,870494
2018-03-09,65.0,65.75,63.25,63.5,730942
2018-03-12,64.4,64.9,62.4,63.4,694114
2018-03-13,63.1,65.3,63.05,64.3,776236
2018-03-14,64.3,64.9,63.6,64.4,476116
2018-03-15,65.0,70.0,64.65,68.6,2206099
2018-03-16,68.8,69.2,66.35,67.0,862033
2018-03-19,67.35,67.95,64.6,65.2,500688
2018-03-20,64.55,66.45,64.2,64.95,538723
2018-03-21,65.35,68.45,65.35,67.45,1097911
2018-03-22,68.2,69.7,67.05,67.8,1650921
2018-03-23,65.25,65.75,64.3,65.15,569537
2018-03-26,65.15,65.95,64.2,64.65,1306374
2018-03-27,65.35,66.45,65.0,65.55,570441
2018-03-28,65.4,65.4,64.0,64.15,504742
2018-04-02,64.8,65.85,64.4,65.0,547607
2018-04-03,65.0,68.4,64.7,67.7,880974
2018-04-04,68.0,69.3,65.55,66.3,766023
2018-04-05,67.7,68.7,67.2,68.15,341152
2018-04-06,68.6,72.0,68.6,70.25,1932639
2018-04-09,70.8,71.15,69.4,69.95,429806
2018-04-10,70.1,71.4,68.8,69.0,596710
2018-04-11,69.4,69.85,68.4,68.75,313213
2018-04-12,68.75,70.2,68.45,69.3,555798
2018-04-13,69.45,70.45,69.1,69.25,704754
2018-04-16,68.25,69.1,67.85,68.3,268854
2018-04-17,68.7,69.75,68.55,68.8,310512
2018-04-18,69.1,69.8,68.1,68.35,229504
2018-04-19,68.7,77.35,68.35,76.6,6057600
2018-04-20,75.75,75.75,73.35,74.0,1369368
2018-04-23,73.85,74.15,72.3,72.75,653312
2018-04-24,72.65,75.4,72.5,73.1,943164
2018-04-25,73.15,74.2,71.05,71.5,952191
2018-04-26,72.0,74.5,72.0,73.45,1159184
2018-04-27,73.65,76.1,73.1,74.1,954655
2018-04-30,74.5,75.2,73.2,74.55,643441
2018-05-02,74.55,75.4,71.55,71.95,684083
2018-05-03,72.35,72.35,70.35,71.05,477431
2018-05-04,71.05,71.7,70.2,70.75,433432
2018-05-07,71.0,71.15,68.65,69.0,499278
2018-05-08,69.35,71.2,68.2,68.5,695141
2018-05-09,68.55,69.3,67.75,68.0,568863
2018-05-10,68.3,68.8,66.75,66.95,387395
2018-05-11,67.15,71.9,66.2,68.3,1642850
2018-05-14,68.55,68.6,66.2,67.0,531094
2018-05-15,66.85,68.35,66.0,66.65,318185
2018-05-16,66.1,66.65,65.25,65.45,479363
2018-05-17,65.7,67.0,65.55,65.75,413993
2018-05-18,65.6,66.25,63.8,64.0,418894
2018-05-21,64.0,64.25,61.5,61.75,466203
2018-05-22,62.25,63.7,61.5,63.4,400453
2018-05-23,63.4,64.9,60.6,61.95,432627
2018-05-24,63.6,65.45,62.05,64.15,1825975
2018-05-25,63.9,65.15,63.0,64.0,496987
2018-05-28,64.2,65.9,64.2,65.25,467949
2018-05-29,65.25,67.1,64.7,65.25,641325
2018-05-30,64.7,65.7,64.25,64.95,387225
2018-05-31,65.3,66.15,63.6,64.4,469920
2018-06-01,64.8,65.0,63.0,63.2,289132
2018-06-04,63.6,63.75,61.1,61.45,269390
2018-06-05,61.1,61.45,59.0,59.35,350056
2018-06-06,59.7,61.35,59.3,61.0,487767
2018-06-07,61.3,63.4,61.3,62.5,428864
2018-06-08,62.4,63.9,62.3,63.1,639988
2018-06-11,63.2,64.55,63.2,63.55,471589
2018-06-12,63.9,69.35,63.1,67.8,2346935
2018-06-13,67.3,68.05,65.05,65.3,841222
2018-06-14,65.4,68.4,65.15,66.65,1169110
2018-06-15,66.5,67.85,64.85,65.9,1143590
2018-06-18,65.9,65.9,64.0,64.45,399590
2018-06-19,64.45,64.75,62.55,62.85,327760
2018-06-20,63.35,63.55,62.15,62.4,372355
2018-06-21,62.7,63.15,61.4,61.85,328546
2018-06-22,61.9,61.95,60.65,61.2,331871
2018-06-25,61.3,61.85,60.15,60.5,250696
2018-06-26,60.3,60.35,58.3,58.7,458170
2018-06-27,58.85,59.45,56.1,56.65,469703
2018-06-28,57.4,57.75,56.2,56.55,243376
2018-06-29,56.8,59.75,56.7,59.2,522351
2018-07-02,59.45,59.75,57.05,57.5,289181
2018-07-03,57.5,58.45,56.8,57.8,303693
2018-07-04,57.9,59.9,57.6,58.75,389511
2018-07-05,59.0,60.35,58.6,60.05,443507
2018-07-06,62.25,63.8,60.8,63.0,1811220
2018-07-09,64.3,64.3,61.15,61.9,726732
2018-07-10,62.4,63.85,61.8,62.8,449817
2018-07-11,62.25,64.4,61.85,63.25,626389
2018-07-12,63.45,66.0,62.8,65.4,1357457
2018-07-13,65.8,67.0,62.35,62.55,873516
2018-07-16,62.7,62.75,60.35,60.7,326192
2018-07-17,60.8,61.7,59.75,60.85,296995
2018-07-18,61.5,61.55,59.4,59.75,320102
2018-07-19,60.0,60.2,58.8,59.05,219987
2018-07-20,58.9,59.85,58.05,59.15,304777
2018-07-23,59.5,59.6,58.0,58.85,368642
2018-07-24,59.3,61.8,59.05,61.0,359108
2018-07-25,61.8,62.5,60.95,61.25,280322
2018-07-26,61.4,61.8,60.1,60.45,224432
2018-07-27,60.85,62.9,60.85,61.7,385001
2018-07-30,62.05,62.95,61.55,62.25,386080
2018-07-31,62.5,64.3,62.1,63.45,612198
2018-08-01,63.5,64.05,62.7,63.3,265787
2018-08-02,63.15,64.3,62.95,63.3,423029
2018-08-03,63.95,65.15,63.2,64.45,810043
2018-08-06,62.5,62.5,59.55,60.35,1282762
2018-08-07,60.8,61.0,59.65,59.9,391569
2018-08-08,60.4,60.4,59.15,59.5,276595
2018-08-09,59.9,60.45,59.0,59.25,555088
2018-08-10,59.4,60.65,59.15,59.4,333328
2018-08-13,59.35,59.35,58.0,58.1,282658
2018-08-14,58.2,58.75,58.05,58.45,256815
2018-08-16,58.1,61.2,57.35,57.7,809857
2018-08-17,58.1,58.8,57.45,57.7,331364
2018-08-20,58.1,58.75,57.85,58.5,380857
2018-08-21,58.75,58.75,57.95,58.15,260153
2018-08-23,58.4,58.75,57.25,57.45,298817
2018-08-24,57.6,58.15,56.85,56.95,401666
2018-08-27,57.15,57.55,56.75,56.9,317858
2018-08-28,57.3,57.35,53.75,54.35,882583
2018-08-29,54.6,55.4,53.85,54.85,502691
2018-08-30,55.0,55.8,54.2,54.35,471756
2018-08-31,54.5,54.85,53.7,54.35,661224
2018-09-03,54.7,55.3,53.75,53.95,740772
2018-09-04,54.0,55.25,53.7,53.9,510443
2018-09-05,54.05,54.25,52.0,53.2,556979
2018-09-06,53.5,53.95,52.3,53.7,377554
2018-09-07,54.0,54.25,53.15,53.5,242928
2018-09-10,54.9,54.9,52.8,53.2,1671781
2018-09-11,55.2,55.7,51.9,52.85,3731244
2018-09-12,52.1,52.3,49.6,50.8,1172179
2018-09-14,51.25,51.65,50.55,50.75,569601
2018-09-17,50.25,51.0,49.75,50.25,509946
2018-09-18,50.3,53.4,49.75,50.4,2391957
2018-09-19,50.6,50.75,49.35,49.65,559605
2018-09-21,50.2,50.25,46.0,47.7,1891883
2018-09-24,47.3,48.05,45.1,46.15,1448446
2018-09-25,46.8,47.45,44.5,46.25,1000343
2018-09-26,46.5,46.7,45.25,45.6,446139
2018-09-27,45.85,46.0,44.1,44.3,385765
2018-09-28,44.8,44.9,41.1,41.7,858261
2018-10-01,42.0,42.6,40.3,42.25,509115
2018-10-03,42.4,44.5,41.35,43.25,509927
2018-10-04,42.8,44.45,41.55,43.35,523450
2018-10-05,43.0,43.35,41.35,41.7,441503
2018-10-08,41.95,41.95,40.0,40.5,492673
2018-10-09,41.0,41.5,39.45,40.3,482929
2018-10-10,41.0,42.3,40.35,41.7,585680
2018-10-11,40.9,43.75,40.2,42.85,854889
2018-10-12,43.15,44.45,43.15,43.55,493183
2018-10-15,43.95,43.95,42.8,43.55,282545
2018-10-16,43.5,45.6,43.4,44.5,683245
2018-10-17,44.9,45.3,42.1,42.45,451526
2018-10-19,41.6,42.45,40.0,40.85,487310
2018-10-22,41.2,42.05,40.3,41.0,370834
2018-10-23,40.4,42.45,40.3,41.55,492607
2018-10-24,41.75,42.15,40.85,41.2,273646
2018-10-25,40.8,44.95,40.5,43.2,955409
2018-10-26,43.2,43.5,42.05,42.7,337170
2018-10-29,42.95,44.25,42.5,44.0,489105
2018-10-30,43.75,44.65,43.3,43.55,364382
2018-10-31,43.5,44.35,42.85,43.95,363237
2018-11-01,43.75,45.3,43.75,44.7,364953
2018-11-02,44.6,46.05,44.6,45.5,528659
2018-11-05,45.0,45.1,43.5,43.9,375560
2018-11-06,43.65,44.25,43.45,43.7,147708
2018-11-07,44.25,46.35,44.05,45.75,362622
2018-11-09,49.7,49.7,47.1,47.35,1853210
2018-11-12,47.6,47.6,45.05,45.3,397047
2018-11-13,45.1,48.1,44.85,47.55,767505
2018-11-14,47.8,47.95,45.75,46.0,421409
2018-11-15,46.0,46.2,45.1,45.3,220795
2018-11-16,45.3,46.25,44.85,45.3,294332
2018-11-19,45.65,45.65,44.65,44.95,176141
2018-11-20,44.8,45.5,44.15,44.35,502934
2018-11-21,44.6,44.65,43.35,44.2,605587
2018-11-22,44.35,44.65,43.85,44.05,270646
2018-11-26,44.1,44.5,43.35,43.85,243760
2018-11-27,44.7,45.4,44.1,44.55,515267
2018-11-28,44.75,44.9,43.4,43.65,311958
2018-11-29,44.0,44.1,43.1,43.4,323348
2018-11-30,43.4,44.0,42.05,42.2,880851
2018-12-03,42.65,42.8,42.0,42.5,341913
2018-12-04,42.45,42.85,42.2,42.5,209830
2018-12-05,42.1,42.6,41.95,42.05,185673
2018-12-06,42.0,42.1,41.3,41.5,196871
2018-12-07,41.6,41.8,41.2,41.45,184871
2018-12-10,41.1,42.2,40.3,41.85,334631
2018-12-11,41.2,43.4,41.2,43.05,604358
2018-12-12,43.0,44.0,42.7,43.35,303547
2018-12-13,43.05,43.55,42.05,42.25,498695
2018-12-14,42.35,42.75,41.9,42.45,296309
2018-12-17,42.5,44.85,42.5,43.65,550364
2018-12-18,43.75,45.35,43.2,44.15,686060
2018-12-19,44.45,44.5,43.7,44.0,367371
2018-12-20,43.95,44.9,43.85,44.15,500940
2018-12-21,44.2,48.3,44.2,47.1,4659039
2018-12-24,47.5,49.0,46.8,47.6,1300426
2018-12-26,47.3,47.7,46.3,47.0,338152
2018-12-27,47.45,47.9,46.5,46.8,367633
2018-12-28,49.4,49.5,47.35,47.7,1280111
2019-01-01,48.55,48.55,47.4,48.05,350156
2019-01-02,48.05,48.15,46.4,46.7,413100
2019-01-03,47.15,47.2,45.0,45.55,371251
2019-01-04,45.5,46.3,45.2,45.55,367956
2019-01-07,45.8,46.7,45.5,45.8,319056
2019-01-08,45.9,46.2,45.35,45.75,298379
2019-01-09,46.1,46.7,45.15,45.65,306862
2019-01-10,45.65,46.25,45.1,45.25,235131
2019-01-11,46.2,46.95,45.45,46.4,703250
2019-01-14,46.5,46.95,46.1,46.3,253866
2019-01-15,46.3,47.0,46.1,46.35,228718
2019-01-16,46.5,46.55,45.75,45.9,178457
2019-01-17,46.15,46.15,44.9,45.15,182854
2019-01-18,45.25,45.45,44.5,44.6,129667
2019-01-21,44.6,44.85,43.6,43.85,203353
2019-01-22,43.75,44.0,42.05,42.25,334418
2019-01-23,43.5,43.8,42.65,43.05,398529
2019-01-24,43.0,43.2,42.55,42.75,104633
2019-01-25,42.75,43.1,42.0,42.05,124020
2019-01-28,42.05,42.3,40.0,40.65,338264
2019-01-29,40.65,41.1,40.15,40.6,176789
2019-01-30,40.5,41.9,40.35,40.9,277345
2019-01-31,41.05,41.6,40.5,40.75,201727
2019-02-01,40.8,41.2,40.1,40.25,212811
2019-02-04,40.25,40.6,39.1,39.45,266751
2019-02-05,39.5,39.7,38.0,38.4,181096
2019-02-06,38.8,38.8,37.25,37.45,275711
2019-02-07,37.7,38.6,37.35,37.55,322112
2019-02-08,39.75,40.7,39.05,39.55,1001964
2019-02-11,39.7,39.7,37.8,37.9,228772
2019-02-12,38.0,38.3,35.0,35.85,553251
2019-02-13,35.5,36.1,35.15,35.35,293695
2019-02-14,35.5,35.5,34.85,35.15,368629
2019-02-15,35.1,35.95,34.8,34.95,312747
2019-02-18,35.25,35.25,34.55,35.0,1096457
2019-02-19,35.0,36.45,34.5,35.65,761624
2019-02-20,35.9,36.6,34.8,35.65,542690
2019-02-21,35.9,36.35,35.35,35.45,560859
2019-02-22,35.7,36.25,35.6,36.15,532997
2019-02-25,36.35,37.2,36.0,36.15,528579
2019-02-26,35.65,35.75,34.9,35.6,889548
2019-02-27,35.85,36.9,34.9,35.25,999295
2019-02-28,35.6,35.7,34.75,34.95,507171
2019-03-01,35.3,36.4,34.95,36.2,1212481
2019-03-05,36.45,38.2,36.15,37.6,1152969
2019-03-06,38.45,39.9,38.4,38.9,1516615
2019-03-07,39.2,41.95,38.5,39.7,1898873
2019-03-08,39.45,40.65,38.8,39.1,935024
2019-03-11,39.0,39.95,37.85,38.35,1208399
2019-03-12,38.85,39.65,37.9,38.4,1383603
2019-03-13,38.55,38.75,36.8,37.0,1392304
2019-03-14,37.2,37.7,36.8,37.4,957033
2019-03-15,37.6,38.0,36.65,36.85,1406106
2019-03-18,37.7,38.1,36.85,36.95,1435955
2019-03-19,37.15,38.35,36.85,37.55,1400468
2019-03-20,37.6,37.95,36.1,36.65,1135604
2019-03-22,36.85,37.2,35.8,35.9,1369262
2019-03-25,35.75,35.75,35.1,35.2,742830
2019-03-26,35.8,37.45,35.5,37.2,1497550
2019-03-27,37.5,37.9,36.95,37.15,746252
2019-03-28,37.5,37.9,37.2,37.55,459205
2019-03-29,37.95,38.6,37.7,37.8,570100
2019-04-01,38.1,38.65,38.0,38.25,540358
2019-04-02,38.45,38.45,37.85,38.05,322524
2019-04-03,38.3,38.7,37.5,37.65,532822
2019-04-04,37.55,37.7,35.9,36.0,1049942
2019-04-05,36.05,36.7,35.95,36.0,834053
2019-04-08,36.1,36.3,34.9,35.1,934412
2019-04-09,35.15,36.2,35.05,35.35,701402
2019-04-10,35.25,36.7,34.9,35.1,1476761
2019-04-11,35.3,35.65,34.9,35.0,1024522
2019-04-12,35.15,35.4,34.8,35.0,630420
2019-04-15,35.1,35.7,34.95,35.1,1059663
2019-04-16,35.15,35.45,34.7,34.85,1236186
2019-04-18,35.1,35.45,34.75,35.05,612373
2019-04-22,35.0,35.15,34.7,34.9,471182
2019-04-23,34.9,35.05,34.4,34.85,515901
2019-04-24,34.8,35.1,34.65,35.0,271833
2019-04-25,35.15,35.75,35.0,35.05,364187
2019-04-26,35.05,35.25,34.75,34.85,217480
2019-04-30,34.85,35.1,34.1,34.4,454278
2019-05-02,34.55,34.65,33.7,34.15,446256
2019-05-03,34.35,34.35,33.8,33.9,338976
2019-05-06,33.8,34.0,33.35,33.5,299497
2019-05-07,33.55,33.85,33.3,33.35,228839
2019-05-08,33.5,33.5,32.5,32.55,305319
2019-05-09,32.55,32.75,32.25,32.6,225062
2019-05-10,32.7,32.8,32.4,32.45,202128
2019-05-13,32.4,32.55,31.75,31.95,200923
2019-05-14,31.65,32.3,31.3,31.5,270787
2019-05-15,31.55,31.95,31.1,31.2,257332
2019-05-16,31.95,32.0,30.85,31.15,361012
2019-05-17,31.0,31.7,30.8,30.95,337316
2019-05-20,31.55,33.25,31.55,32.3,995425
2019-05-21,32.45,32.55,30.9,31.0,458515
2019-05-22,31.15,31.5,30.75,31.1,530121
2019-05-23,31.7,32.45,30.75,31.0,638537
2019-05-24,31.2,33.65,31.0,33.2,1280598
2019-05-27,33.45,35.65,33.2,34.9,1506084
2019-05-28,35.0,35.9,34.25,35.3,683825
2019-05-29,35.0,35.5,34.0,34.3,765695
2019-05-30,34.3,34.35,33.4,33.6,444569
2019-05-31,33.8,33.8,32.55,32.7,484520
2019-06-03,32.9,32.9,32.4,32.6,288246
2019-06-04,32.7,33.6,32.5,33.1,380446
2019-06-06,32.7,33.45,32.35,32.6,265302
2019-06-07,32.35,32.85,32.05,32.55,231438
2019-06-10,32.55,32.8,31.25,31.4,282419
2019-06-11,31.4,31.7,30.85,30.95,366268
2019-06-12,31.05,31.7,30.8,30.9,313202
2019-06-13,31.0,32.3,30.6,30.9,945503
2019-06-14,30.85,31.5,30.25,30.45,414676
2019-06-17,30.35,30.45,28.85,28.95,582171
2019-06-18,29.1,29.3,28.65,29.0,586591
2019-06-19,29.2,29.3,28.75,29.05,465474
2019-06-20,28.55,29.4,28.55,28.95,750799
2019-06-21,29.1,29.25,28.55,28.7,319476
2019-06-24,28.85,29.2,28.5,28.7,432929
2019-06-25,28.75,30.0,28.45,29.6,477269
2019-06-26,30.2,31.95,30.2,31.25,1530245
2019-06-27,31.5,32.15,31.1,31.3,461512
2019-06-28,31.65,31.65,31.0,31.3,261040
2019-07-01,31.55,31.75,31.1,31.35,197839
2019-07-02,31.25,31.5,30.6,31.0,229463
2019-07-03,31.0,31.85,30.6,31.4,273784
2019-07-04,32.2,32.65,31.85,32.25,699876
2019-07-05,32.35,34.9,32.1,32.3,2112171
2019-07-08,31.3,31.8,30.3,30.85,474347
2019-07-09,30.6,31.3,30.5,30.8,389508
2019-07-10,30.75,30.95,29.75,30.0,369719
2019-07-11,30.05,30.4,29.15,29.85,381146
2019-07-12,30.65,31.65,30.15,30.85,873207
2019-07-15,30.6,30.9,30.15,30.35,186862
2019-07-16,30.55,31.3,30.05,30.5,308825
2019-07-17,30.5,31.4,30.5,30.8,299850
2019-07-18,30.8,31.05,30.15,30.3,195835
2019-07-19,30.35,30.65,29.55,29.75,357929
2019-07-22,29.5,29.75,28.75,28.9,364076
2019-07-23,28.9,29.5,28.4,28.55,393467
2019-07-24,28.65,28.95,28.1,28.8,450293
2019-07-25,29.5,29.5,28.7,29.1,316670
2019-07-26,28.75,30.1,28.75,29.8,339599
2019-07-29,30.0,30.0,28.85,29.1,269066
2019-07-30,29.0,29.6,28.6,28.9,356421
2019-07-31,28.7,29.0,28.35,28.7,225198
2019-08-01,28.65,28.9,26.4,26.9,789796
2019-08-02,26.9,27.8,26.35,27.4,280759
2019-08-05,27.05,27.1,25.9,26.45,297093
2019-08-06,26.3,27.7,26.3,27.55,316747
2019-08-07,27.7,27.85,27.35,27.5,182677
2019-08-08,27.65,27.9,27.0,27.6,309062
2019-08-09,27.95,28.3,27.5,27.7,283030
2019-08-13,27.8,27.8,26.4,26.75,396509
2019-08-14,26.7,27.15,26.1,26.6,214704
2019-08-16,26.85,27.35,25.85,26.95,513260
2019-08-19,27.0,27.4,26.75,27.2,516735
2019-08-20,26.95,27.4,26.35,26.85,439395
2019-08-21,26.6,26.95,26.0,26.3,184533
2019-08-22,26.3,26.3,25.15,25.35,292919
2019-08-23,25.35,26.85,24.8,26.6,524379
2019-08-26,27.55,27.55,26.15,27.1,311823
2019-08-27,27.25,28.8,27.0,28.35,728876
2019-08-28,28.3,28.6,26.75,27.5,600926
2019-08-29,27.3,28.4,27.2,27.65,462377
2019-08-30,27.8,28.3,27.2,28.0,401751
2019-09-03,27.9,29.2,27.45,27.95,406859
2019-09-04,28.0,28.5,27.55,28.2,338822
2019-09-05,28.55,31.0,28.3,29.9,1640084
2019-09-06,29.65,31.4,29.4,31.2,953336
2019-09-09,32.95,34.2,31.9,32.95,2299800
2019-09-11,32.75,34.65,32.25,34.2,1652106
2019-09-12,34.45,35.0,33.7,34.3,918481
2019-09-13,34.65,36.5,33.3,35.8,5437311
2019-09-16,35.3,38.0,35.3,37.15,4504878
2019-09-17,37.0,37.1,34.7,34.95,1089109
2019-09-18,35.1,35.65,33.25,34.55,493559
2019-09-19,34.05,34.65,33.0,33.45,593885
2019-09-20,33.1,34.95,32.45,32.9,2294981
2019-09-23,36.95,36.95,34.5,36.1,3143673
2019-09-24,36.4,40.4,36.2,38.0,11463470
2019-09-25,38.35,41.4,36.7,39.1,11114757
2019-09-26,39.7,44.4,38.1,42.5,15057985
2019-09-27,43.5,44.65,41.75,42.25,6030588
2019-09-30,43.2,44.2,42.6,43.25,4704119
2019-10-01,46.95,48.9,44.0,44.9,14165143
2019-10-03,44.75,44.75,43.1,43.65,3616358
2019-10-04,43.95,44.2,41.8,42.15,2316332
2019-10-07,42.4,42.4,38.15,39.05,3005176
2019-10-09,39.15,43.0,38.15,42.2,5856817
2019-10-10,42.0,44.25,41.5,43.35,3740856
2019-10-11,43.5,44.4,42.55,42.85,1630343
2019-10-14,43.5,45.4,43.4,44.45,2770762
2019-10-15,44.75,45.4,44.4,44.65,1634947
2019-10-16,44.95,44.95,42.9,43.15,1548348
2019-10-17,43.3,43.7,42.5,42.9,1100641
2019-10-18,43.2,47.5,42.8,46.95,4649937
2019-10-22,49.8,55.4,49.55,53.2,17450472
2019-10-23,52.75,53.25,51.0,52.1,3100512
2019-10-24,56.0,56.0,52.45,52.95,6162856
2019-10-25,53.75,54.25,52.65,53.4,2539513
2019-10-27,54.15,54.2,53.5,53.85,558937
2019-10-29,53.8,59.95,51.65,59.1,9831127
2019-10-30,62.25,64.0,61.1,61.7,12890457
2019-10-31,61.5,62.55,57.15,57.75,4354872
2019-11-01,58.1,63.85,57.0,62.3,7404001
2019-11-04,63.25,63.25,59.65,60.65,5366530
2019-11-05,60.0,60.65,58.45,59.3,2754473
2019-11-06,58.55,60.5,58.0,58.3,2725319
2019-11-07,60.0,60.0,57.15,57.5,2122896
2019-11-08,57.25,59.45,55.6,57.6,5082562
2019-11-11,60.9,63.35,60.25,62.8,12025860
2019-11-13,61.8,62.15,58.55,59.45,4315709
2019-11-14,59.05,59.45,57.05,58.45,2367312
2019-11-15,58.45,58.9,57.2,58.0,1592548
2019-11-18,59.5,61.5,58.65,59.75,7901198
2019-11-19,60.1,63.35,59.2,62.55,6813172
2019-11-20,65.5,69.7,64.05,68.5,29021056
2019-11-21,69.5,69.5,63.5,64.05,13342261
2019-11-22,63.5,63.5,60.75,61.05,4315465
2019-11-25,61.0,63.95,59.9,62.05,5355126
2019-11-26,62.0,62.6,60.5,60.9,1959761
2019-11-27,61.05,61.4,60.1,60.45,1835055
2019-11-28,60.0,60.8,59.3,59.55,1843330
2019-11-29,61.0,61.85,59.8,60.5,3702090
2019-12-02,60.15,60.4,58.0,58.25,1511342
2019-12-03,59.3,59.5,58.2,58.5,1738036
2019-12-04,57.6,59.1,57.5,57.8,1390988
2019-12-05,57.75,58.95,57.2,58.05,1606726
2019-12-06,58.1,62.0,56.65,58.45,5764953
2019-12-09,57.9,59.7,57.2,59.0,3027302
2019-12-10,58.9,59.25,56.35,56.6,1990345
2019-12-11,56.5,57.45,56.25,57.0,1368296
2019-12-12,57.2,60.4,56.55,59.4,2594350
2019-12-13,60.0,65.95,60.0,63.9,14316762
2019-12-16,63.5,63.65,61.5,61.8,1856418
2019-12-17,61.85,65.15,61.5,63.85,4334777
2019-12-18,64.0,64.1,62.0,62.3,1267408
2019-12-19,62.1,63.7,61.75,62.75,1484754
2019-12-20,62.45,62.7,61.8,62.25,1156419
2019-12-23,62.3,65.9,61.7,64.15,5361781
2019-12-24,63.8,64.45,61.8,62.5,1980913
2019-12-26,62.4,63.35,61.65,61.85,1482524
2019-12-27,62.0,63.05,61.8,62.2,988441
2019-12-30,62.25,63.25,62.1,62.3,990510
