date,open,high,low,close,volume
2009-03-05,55.88,55.88,53.55,54.07,292190
2009-03-06,53.51,57.97,51.7,54.79,524420
2009-03-09,55.7,56.0,53.6,54.25,401690
2009-03-12,55.0,55.5,53.8,54.18,113190
2009-03-13,54.82,56.97,54.3,54.63,320790
2009-03-16,55.1,55.7,52.6,52.89,900450
2009-03-17,53.8,53.8,52.3,52.72,371630
2009-03-18,52.9,53.03,51.9,52.06,858900
2009-03-19,52.15,52.7,51.7,52.02,841410
2009-03-20,52.9,55.97,50.8,53.56,806800
2009-03-23,54.0,55.9,53.6,54.98,646860
2009-03-24,56.3,57.1,53.03,53.37,552540
2009-03-25,53.5,55.27,53.5,54.48,468460
2009-03-26,55.0,56.9,54.5,56.01,1127460
2009-03-27,56.8,58.0,56.25,56.57,542590
2009-03-30,55.5,58.98,55.32,57.98,1662560
2009-03-31,58.0,59.47,57.21,58.45,2203490
2009-04-01,59.35,59.35,57.5,58.39,1415360
2009-04-02,58.97,60.97,58.7,59.06,1010170
2009-04-06,59.5,61.15,58.61,59.02,677210
2009-04-08,57.21,59.9,57.21,59.13,1559290
2009-04-09,59.9,60.55,59.2,59.71,680060
2009-04-13,59.8,62.8,59.8,62.13,1564930
2009-04-15,61.9,65.3,61.5,64.84,1212390
2009-04-16,65.1,69.4,65.1,67.43,2206030
2009-04-17,67.4,68.99,67.4,67.94,744570
2009-04-20,68.33,70.38,67.7,68.97,2378650
2009-04-21,68.79,70.2,68.0,69.12,741570
2009-04-22,70.0,70.4,68.0,68.87,469920
2009-04-23,69.38,69.9,68.4,69.04,761770
2009-04-24,69.8,69.8,68.8,69.46,333540
2009-04-27,69.25,70.9,68.4,69.78,967070
2009-04-28,68.4,69.9,67.3,68.15,443830
2009-04-29,68.49,69.99,65.82,67.85,1061080
2009-05-04,69.5,70.9,68.52,69.57,694550
2009-05-05,68.3,71.1,68.0,69.3,1859650
2009-05-06,69.5,70.7,68.1,69.93,1887110
2009-05-07,70.4,72.4,69.25,70.76,1197500
2009-05-08,70.9,72.9,70.24,72.27,1529850
2009-05-11,71.1,73.1,68.24,71.1,763050
2009-05-12,70.0,71.5,69.0,69.95,1609370
2009-05-13,70.1,70.5,67.8,68.2,476780
2009-05-14,65.51,69.3,65.3,67.31,965210
2009-05-15,68.4,71.5,67.5,68.28,2074390
2009-05-18,73.0,73.1,71.0,72.82,2820
2009-05-19,73.9,74.9,62.0,68.99,1154330
2009-05-20,67.0,71.0,65.12,69.79,5783410
2009-05-21,70.5,71.5,68.0,69.68,2012720
2009-05-22,69.1,70.3,68.03,68.88,750780
2009-05-25,68.0,70.5,66.15,69.97,2548330
2009-05-26,70.2,72.0,69.0,69.43,3383620
2009-05-27,70.47,71.6,69.03,70.05,1495620
2009-05-28,70.46,70.49,68.41,68.74,1923060
2009-05-29,69.0,70.17,68.8,69.32,2803420
2009-06-01,70.4,70.78,69.0,69.2,1946390
2009-06-02,69.0,72.7,68.6,72.22,6922020
2009-06-03,72.9,79.8,72.9,78.79,8557960
2009-06-04,78.0,81.0,77.03,80.28,2562130
2009-06-05,81.78,81.99,77.5,79.39,1249470
2009-06-08,80.0,80.89,76.71,77.47,1315080
2009-06-09,75.13,82.7,72.22,81.37,1148470
2009-06-10,82.6,84.49,81.02,81.53,1752230
2009-06-11,82.5,83.8,77.6,78.58,2289420
2009-06-12,79.89,81.0,75.82,76.13,2094370
2009-06-15,77.6,78.7,74.18,76.28,1448420
2009-06-16,74.21,77.4,71.13,76.75,471680
2009-06-17,78.3,83.7,74.03,74.61,2592970
2009-06-18,74.72,76.4,72.5,72.86,1795320
2009-06-19,74.0,74.86,71.83,72.56,906580
2009-06-22,74.4,74.4,71.8,72.9,717670
2009-06-23,72.0,72.89,71.1,72.62,355810
2009-06-24,73.49,73.62,72.2,72.39,1119030
2009-06-25,73.15,74.0,69.52,70.39,2684710
2009-06-26,71.9,73.5,71.2,72.87,1171150
2009-06-29,72.8,75.0,72.12,73.99,1462490
2009-06-30,74.5,75.1,71.13,72.12,2208540
2009-07-01,73.0,74.97,71.95,73.46,1582280
2009-07-02,73.5,74.0,72.9,73.52,822960
2009-07-03,73.52,74.3,72.7,73.93,1882880
2009-07-06,74.9,74.94,70.0,70.78,584730
2009-07-07,71.8,73.33,70.53,71.6,2743470
2009-07-08,71.6,72.4,70.1,71.19,2075050
2009-07-09,70.71,72.97,70.71,72.62,649000
2009-07-10,72.0,73.68,72.0,72.81,890460
2009-07-13,71.99,72.49,71.01,71.79,241370
2009-07-14,72.9,73.9,72.33,72.87,740890
2009-07-15,73.7,74.79,72.89,74.4,357780
2009-07-16,74.9,76.85,74.9,75.39,2464930
2009-07-17,75.65,76.15,74.8,75.26,2089360
2009-07-20,76.7,76.7,74.3,75.57,779970
2009-07-21,76.0,76.69,74.8,75.77,1414300
2009-07-22,75.1,78.0,75.1,76.83,1758510
2009-07-23,78.0,78.8,77.49,78.53,506200
2009-07-24,78.89,79.6,77.61,78.49,872280
2009-07-27,78.07,81.27,78.07,80.65,1662870
2009-07-28,81.0,81.87,79.53,80.3,610210
2009-07-29,79.4,81.5,76.25,80.29,2354620
2009-07-30,80.19,82.69,78.52,82.25,1765990
2009-07-31,82.55,85.5,81.91,85.1,1308730
2009-08-03,85.5,91.4,84.8,90.92,1314460
2009-08-04,90.0,92.5,89.11,90.43,870490
2009-08-05,90.5,90.65,89.0,89.88,646970
2009-08-06,89.5,89.9,86.81,87.47,589550
2009-08-07,85.9,87.99,83.7,84.93,958650
2009-08-10,86.0,88.0,84.11,84.51,1124200
2009-08-11,85.0,86.99,84.64,86.37,470990
2009-08-12,86.4,89.9,85.61,89.55,756740
2009-08-13,88.96,91.98,88.96,90.93,2069320
2009-08-14,91.3,96.3,90.7,93.64,2346180
2009-08-17,92.8,94.47,88.53,89.37,594650
2009-08-18,89.2,90.5,87.65,89.36,1414280
2009-08-19,90.0,90.79,88.4,89.05,698130
2009-08-20,89.0,90.19,88.03,88.64,371220
2009-08-21,88.03,95.4,87.41,93.83,6447830
2009-08-24,94.0,98.77,92.4,97.39,6333020
2009-08-25,96.5,98.6,94.5,96.01,1406930
2009-08-26,97.5,99.3,95.71,97.29,2741260
2009-08-27,97.29,101.79,95.52,96.08,7902200
2009-08-28,96.0,97.09,94.13,94.74,1131080
2009-08-31,94.49,96.5,93.5,94.49,1600670
2009-09-01,95.06,96.87,92.03,93.15,3104630
2009-09-02,97.03,97.03,92.9,93.52,1656220
2009-09-03,94.2,96.5,94.0,94.64,4148890
2009-09-04,95.65,95.7,93.6,94.08,756950
2009-09-07,95.0,95.49,94.01,94.4,891410
2009-09-08,95.0,95.43,92.7,93.18,1358870
2009-09-09,93.18,95.3,92.35,94.6,3282780
2009-09-10,95.0,95.99,92.5,93.12,3753190
2009-09-11,94.0,94.4,91.01,91.89,1869540
2009-09-14,91.89,92.4,90.71,91.03,922480
2009-09-15,91.8,93.0,91.4,92.4,1403450
2009-09-16,92.5,92.94,91.75,92.07,1292090
2009-09-17,92.78,93.0,90.82,91.33,1245220
2009-09-18,91.95,92.59,90.92,91.52,2150350
2009-09-22,92.59,92.59,91.0,91.53,1639050
2009-09-23,90.6,92.5,90.6,91.18,4220800
2009-09-24,90.93,92.19,89.61,90.77,5239200
2009-09-25,90.7,92.1,90.7,91.14,1617430
2009-09-29,91.2,92.0,91.0,91.32,2088140
2009-09-30,91.98,91.98,89.5,89.7,6398440
2009-10-01,90.1,91.09,89.1,89.39,1386280
2009-10-05,91.0,91.0,87.5,87.72,3754420
2009-10-06,89.0,89.69,86.71,87.07,5175430
2009-10-07,89.0,89.0,86.51,86.92,838710
2009-10-08,87.6,89.2,87.0,88.35,1830240
2009-10-09,89.0,89.5,87.13,87.83,1452600
2009-10-12,88.1,88.39,86.64,87.45,857970
2009-10-14,88.5,88.5,87.51,87.78,3037930
2009-10-15,87.31,88.5,86.51,88.03,2998710
2009-10-16,88.49,89.39,87.78,87.97,1406970
2009-10-17,88.2,88.8,87.7,88.4,107870
2009-10-20,88.4,88.5,86.21,87.07,3435570
2009-10-21,86.7,87.8,85.5,86.03,1075370
2009-10-22,85.5,87.0,85.5,85.58,1341200
2009-10-23,86.2,87.28,85.81,86.75,1044090
2009-10-26,88.4,96.22,84.6,85.02,955060
2009-10-27,85.0,85.39,82.41,83.18,1542870
2009-10-28,83.0,84.7,82.1,84.13,2470720
2009-10-29,83.9,86.55,82.31,85.5,9040740
2009-10-30,94.28,94.28,85.02,85.67,2388140
2009-11-03,85.4,86.3,83.2,83.72,2250580
2009-11-04,85.0,86.0,83.84,84.69,2158720
2009-11-05,85.77,86.5,83.81,86.06,921880
2009-11-06,97.0,97.0,86.8,89.44,4696530
2009-11-09,90.0,94.0,89.5,90.26,5637510
2009-11-10,91.2,92.77,90.01,91.28,3156590
2009-11-11,92.0,92.9,91.52,92.49,2784120
2009-11-12,91.81,93.6,90.6,91.47,1256160
2009-11-13,93.0,93.0,90.5,90.77,612540
2009-11-16,91.3,91.68,89.0,89.43,611030
2009-11-17,89.8,89.8,87.23,87.87,997260
2009-11-18,87.8,89.2,87.5,88.0,971850
2009-11-19,95.0,95.0,85.51,85.87,961190
2009-11-20,94.0,94.0,85.21,86.95,563660
2009-11-23,88.0,88.39,86.5,87.82,493980
2009-11-24,88.0,91.2,87.8,90.53,2058040
2009-11-25,91.0,91.5,90.0,90.19,1357130
2009-11-26,90.19,91.0,89.1,89.97,1224560
2009-11-27,91.0,91.0,85.88,88.89,2379160
2009-11-30,89.9,90.9,89.3,90.18,755630
2009-12-01,90.6,91.22,90.0,90.48,563370
2009-12-02,91.2,91.2,89.31,89.52,301610
2009-12-03,90.39,90.5,88.53,88.92,484060
2009-12-04,89.21,92.85,88.2,92.11,2041100
2009-12-07,92.9,93.9,92.0,92.26,1494560
2009-12-08,92.5,95.99,92.01,95.6,2995630
2009-12-09,95.9,96.8,94.01,95.33,2867170
2009-12-10,97.0,97.0,94.53,95.72,863680
2009-12-11,96.5,96.5,93.76,94.5,986000
2009-12-14,94.01,94.79,92.63,93.41,610320
2009-12-15,93.5,94.74,92.22,92.53,772310
2009-12-16,99.9,99.9,92.0,93.52,686660
2009-12-17,93.61,93.97,92.41,92.93,361660
2009-12-18,92.4,93.3,91.9,92.45,411370
2009-12-21,92.68,93.89,91.9,92.79,759870
2009-12-22,91.49,94.0,91.49,92.97,441460
2009-12-23,93.7,95.4,92.6,94.77,1115070
2009-12-24,95.0,95.7,94.2,95.0,643830
2009-12-29,93.6,96.4,93.6,95.72,833360
2009-12-30,96.25,96.3,95.1,95.35,508250
2009-12-31,95.5,96.28,93.81,94.11,1560370
2010-01-04,94.5,95.5,93.92,94.93,952740
2010-01-05,95.5,105.24,95.1,102.28,7061550
2010-01-06,103.2,104.84,100.42,103.89,2960980
2010-01-07,104.99,106.8,103.3,104.25,3807800
2010-01-08,104.7,107.47,104.11,104.77,2940330
2010-01-11,105.5,107.3,104.7,105.36,1252350
2010-01-12,106.0,106.0,102.32,102.95,1036880
2010-01-13,103.5,105.0,101.13,104.29,1381270
2010-01-14,105.29,105.6,103.5,103.93,1508600
2010-01-15,104.3,104.68,103.53,103.86,337560
2010-01-18,103.56,104.4,102.7,103.1,313970
2010-01-19,104.0,104.8,100.4,101.46,683290
2010-01-20,102.0,102.5,99.17,100.17,661200
2010-01-21,100.6,101.9,97.31,98.33,1152590
2010-01-22,97.5,98.68,95.51,97.58,1692970
2010-01-25,97.2,98.25,96.0,96.38,1863110
2010-01-27,96.5,98.5,91.7,93.51,1375400
2010-01-28,93.53,95.1,90.01,91.25,2424720
2010-01-29,89.5,92.8,87.2,91.52,1788280
2010-02-01,93.0,94.25,90.0,93.99,1156990
2010-02-02,95.9,95.9,91.79,92.46,874360
2010-02-03,95.8,96.0,91.2,95.33,1486880
2010-02-04,93.92,97.5,93.63,93.9,837300
2010-02-05,92.5,94.98,90.18,92.9,1033380
2010-02-06,94.0,94.4,93.22,93.97,48500
2010-02-08,94.0,94.5,91.76,93.97,314200
2010-02-09,94.58,95.0,92.6,94.35,581940
2010-02-10,94.95,94.95,93.01,93.39,326990
2010-02-11,94.0,96.6,93.28,95.45,515920
2010-02-15,95.5,96.5,94.72,95.03,194930
2010-02-16,95.5,96.08,94.31,94.64,155220
2010-02-17,95.2,95.58,93.5,94.0,1385110
2010-02-18,94.1,95.0,93.9,94.08,251740
2010-02-19,93.87,94.04,92.5,92.69,138290
2010-02-22,93.6,93.9,93.0,93.04,262530
2010-02-23,93.0,93.48,91.71,93.02,175600
2010-02-24,91.63,94.5,91.63,93.56,269500
2010-02-25,93.0,94.0,91.14,92.3,1749010
2010-02-26,92.72,94.32,92.51,93.75,244480
2010-03-02,93.83,96.2,92.4,95.43,452030
2010-03-03,95.62,98.44,95.13,97.68,829880
2010-03-04,95.87,98.77,95.87,97.92,385760
2010-03-05,98.1,100.0,96.64,96.96,756240
2010-03-08,97.07,99.05,95.56,96.05,439680
2010-03-09,97.45,97.45,94.01,94.37,395530
2010-03-10,94.42,96.71,94.0,95.71,529800
2010-03-11,94.6,97.3,94.6,96.36,550340
2010-03-12,96.2,96.8,95.81,96.01,303440
2010-03-15,96.1,96.68,94.6,96.11,345370
2010-03-16,95.52,96.97,94.53,95.52,667470
2010-03-17,96.9,96.9,95.1,95.85,360970
2010-03-18,95.3,96.22,94.5,94.93,695260
2010-03-19,95.1,95.71,94.17,94.97,784660
2010-03-22,94.0,96.34,93.9,95.31,529240
2010-03-23,95.9,95.9,93.5,93.9,615840
2010-03-25,94.84,94.84,92.4,93.99,736820
2010-03-26,94.97,94.97,93.11,93.55,364640
2010-03-29,94.01,98.2,92.4,96.69,1021480
2010-03-30,96.1,100.69,95.13,98.85,1694470
2010-03-31,98.5,99.9,96.81,97.89,582450
2010-04-01,98.3,98.3,96.61,97.05,197520
2010-04-05,97.5,97.5,96.03,96.64,541610
2010-04-06,97.9,97.9,96.76,97.0,228230
2010-04-07,97.0,98.5,97.0,97.63,254820
2010-04-08,96.61,98.4,96.61,97.35,328630
2010-04-09,95.86,100.71,95.86,100.13,2377930
2010-04-12,101.3,104.45,100.5,102.02,2516040
2010-04-13,102.1,104.0,101.15,101.52,613100
2010-04-15,101.03,103.4,100.1,100.61,363340
2010-04-16,100.0,100.61,98.1,98.4,1732310
2010-04-19,98.4,104.5,96.4,99.21,348890
2010-04-20,100.0,100.42,98.82,99.53,200430
2010-04-21,100.0,101.88,99.21,101.04,388740
2010-04-22,100.01,102.9,100.0,102.15,885160
2010-04-23,102.15,104.2,101.7,103.79,775030
2010-04-26,104.4,105.9,103.7,104.89,682410
2010-04-27,105.4,105.4,103.22,103.68,328270
2010-04-28,103.5,104.0,100.22,100.8,506900
2010-04-29,102.03,103.1,100.1,102.36,500120
2010-04-30,102.0,106.99,101.65,105.31,739970
2010-05-03,107.4,107.58,104.0,104.43,919290
2010-05-04,104.7,105.49,101.23,101.75,250840
2010-05-05,99.13,103.9,98.86,103.19,388380
2010-05-06,103.0,104.55,101.12,103.03,400600
2010-05-07,101.5,103.4,100.54,102.54,365130
2010-05-10,103.5,104.0,102.22,103.5,246760
2010-05-11,104.45,104.89,102.5,103.0,1191930
2010-05-12,102.6,103.9,102.49,103.24,614240
2010-05-13,103.24,105.5,103.24,103.93,475470
2010-05-14,103.05,109.2,102.5,107.05,8759630
2010-05-17,106.0,111.63,105.53,110.59,3975260
2010-05-18,111.5,113.83,110.01,111.55,2555740
2010-05-19,110.9,113.6,109.36,110.11,2294580
2010-05-20,110.5,112.38,109.52,110.59,1093440
2010-05-21,109.0,110.29,106.5,109.82,938520
2010-05-24,112.4,112.4,106.13,107.01,903310
2010-05-25,106.5,106.96,104.1,105.68,1625250
2010-05-26,105.65,108.7,102.5,103.03,1931880
2010-05-27,103.7,104.5,99.32,100.77,3326920
2010-05-28,102.1,106.49,102.0,105.95,1668420
2010-05-31,107.1,109.49,106.0,108.39,1186130
2010-06-01,109.0,110.8,106.45,106.99,623470
2010-06-02,107.9,108.9,106.42,106.89,649490
2010-06-03,108.19,109.86,107.9,108.84,834710
2010-06-04,107.06,109.81,107.06,108.84,478640
2010-06-07,107.03,107.9,106.5,107.31,359750
2010-06-08,106.13,108.25,105.51,106.68,914820
2010-06-09,106.95,107.48,105.14,105.53,446470
2010-06-10,105.03,107.86,105.03,107.12,1403780
2010-06-11,108.9,111.2,107.21,110.37,865120
2010-06-14,110.97,113.2,110.5,111.17,1376680
2010-06-15,111.2,113.1,110.1,112.07,1002610
2010-06-16,111.13,112.62,110.16,112.17,619240
2010-06-17,112.8,115.88,112.1,114.44,3704140
2010-06-18,116.1,116.1,112.8,113.19,711210
2010-06-21,112.56,119.24,111.46,118.39,5272830
2010-06-22,120.0,120.47,117.26,117.98,2520520
2010-06-23,118.0,120.3,117.0,119.04,2295410
2010-06-24,118.6,119.99,116.82,117.63,2856190
2010-06-25,119.2,119.6,117.2,117.87,1193680
2010-06-28,118.0,121.2,118.0,119.97,1954460
2010-06-29,120.97,121.8,117.9,119.43,1592890
2010-06-30,120.0,123.8,113.5,121.55,2909074
2010-07-01,121.6,122.4,119.0,121.1,1201350
2010-07-02,122.2,122.2,120.05,120.8,554742
2010-07-05,120.8,121.9,120.0,120.4,405605
2010-07-06,120.7,121.35,119.5,120.35,577632
2010-07-07,120.35,122.0,119.9,120.55,685064
2010-07-08,121.5,122.3,120.25,120.6,580934
2010-07-09,121.0,122.65,120.2,121.2,924048
2010-07-12,122.0,122.0,119.0,119.8,824092
2010-07-13,120.0,120.45,119.0,119.85,423872
2010-07-14,120.1,120.7,116.25,117.0,942977
2010-07-15,118.0,118.35,115.1,115.65,853614
2010-07-16,115.5,121.0,115.3,120.5,1341126
2010-07-19,120.05,122.25,119.65,121.35,1071677
2010-07-20,125.0,125.0,121.1,121.9,1049306
2010-07-21,122.1,123.0,121.05,121.55,658666
2010-07-22,120.3,122.0,120.25,120.9,293312
2010-07-23,121.8,121.95,120.25,120.65,281312
2010-07-26,120.1,121.0,117.1,117.6,658440
2010-07-27,117.6,119.5,112.0,118.65,586100
2010-07-28,118.0,120.5,117.2,118.25,835593
2010-07-29,112.5,121.7,112.5,116.6,2359134
2010-07-30,116.5,118.0,114.6,116.05,2656191
2010-08-02,117.3,118.5,116.6,117.3,663593
2010-08-03,118.3,119.95,117.9,118.3,611234
2010-08-04,118.5,119.0,116.1,116.5,1012396
2010-08-05,117.0,117.0,113.8,114.05,777490
2010-08-06,114.1,114.9,111.75,112.1,547881
2010-08-09,112.0,113.85,112.0,112.85,415026
2010-08-10,112.9,114.3,111.55,112.3,327364
2010-08-11,113.75,115.5,112.0,113.9,1307966
2010-08-12,113.0,114.45,112.25,112.55,434265
2010-08-13,113.4,116.0,112.6,114.15,755675
2010-08-16,115.95,115.95,110.75,111.25,818831
2010-08-17,111.9,112.4,109.7,110.1,1079479
2010-08-18,110.15,111.2,108.1,108.85,959932
2010-08-19,110.0,114.35,108.5,113.05,1643818
2010-08-20,112.0,113.4,111.05,111.5,653286
2010-08-23,114.0,118.25,112.0,116.7,4033916
2010-08-24,118.45,119.8,116.05,116.45,3422797
2010-08-25,116.0,118.7,115.4,117.0,1606579
2010-08-26,118.2,119.35,116.6,118.15,2531255
2010-08-27,119.0,119.85,117.1,117.75,1375227
2010-08-30,118.8,119.7,116.7,117.6,463046
2010-08-31,117.0,121.0,116.1,120.5,2110321
2010-09-01,121.65,123.65,120.2,123.0,2274887
2010-09-02,124.2,124.55,122.0,122.4,716515
2010-09-03,122.5,124.0,121.85,122.15,731590
2010-09-06,123.25,124.65,122.8,123.15,626335
2010-09-07,124.0,128.5,122.1,127.7,2683457
2010-09-08,128.0,129.8,125.1,127.25,2539739
2010-09-09,127.7,129.5,126.7,127.8,1599954
2010-09-13,128.5,128.8,125.3,125.95,1180485
2010-09-14,126.15,128.2,123.5,123.9,1439867
2010-09-15,124.85,126.5,123.0,123.25,1111988
2010-09-16,124.0,125.0,121.5,122.15,1073175
2010-09-17,122.8,125.35,121.6,122.65,2098722
2010-09-20,122.5,124.95,122.0,124.55,1073215
2010-09-21,124.55,125.65,121.05,122.5,1128334
2010-09-22,123.0,123.5,119.8,120.8,1032364
2010-09-23,121.6,124.25,119.9,123.55,1845230
2010-09-24,123.45,127.5,122.85,125.1,2458845
2010-09-27,126.35,126.9,123.15,123.6,1209662
2010-09-28,124.6,125.75,122.05,122.85,799399
2010-09-29,123.3,124.75,121.2,121.5,984606
2010-09-30,122.3,122.7,119.15,120.2,1240038
2010-10-01,121.3,124.0,121.3,123.5,711861
2010-10-04,124.4,125.45,123.2,124.65,670447
2010-10-05,125.0,127.9,123.2,127.0,1542220
2010-10-06,128.0,129.9,127.1,129.3,1598194
2010-10-07,130.1,138.75,129.65,133.4,7163066
2010-10-08,134.75,135.95,131.1,132.6,1913647
2010-10-11,134.5,135.9,133.3,134.25,1052978
2010-10-12,134.5,135.75,130.0,131.0,1252217
2010-10-13,131.9,134.4,131.35,133.75,880932
2010-10-14,134.25,137.0,131.05,133.05,1826325
2010-10-15,134.85,134.85,128.4,129.85,1040782
2010-10-18,130.1,131.0,126.35,129.6,1236535
2010-10-19,131.5,132.85,128.15,129.75,916321
2010-10-20,129.25,130.75,128.5,129.35,749862
2010-10-21,129.8,131.1,128.7,130.4,1293596
2010-10-22,132.0,132.0,128.05,128.55,1375503
2010-10-25,129.95,130.5,128.25,128.45,494115
2010-10-26,129.2,129.6,126.7,127.35,756589
2010-10-27,128.2,129.5,125.55,127.25,1116487
2010-10-28,128.9,130.0,127.3,128.95,1734169
2010-10-29,127.65,128.0,120.5,124.65,2960093
2010-11-01,126.0,128.4,123.0,124.55,1621553
2010-11-02,125.5,126.2,124.55,125.15,573772
2010-11-03,126.0,126.7,124.0,124.55,602987
2010-11-04,124.7,125.8,123.1,124.3,722306
2010-11-05,129.45,129.45,125.2,125.6,232370
2010-11-08,126.0,126.9,124.5,125.15,1093519
2010-11-09,125.75,128.25,124.15,127.4,1186665
2010-11-10,129.0,132.75,127.0,131.9,2011117
2010-11-11,132.7,134.0,127.3,128.1,1363674
2010-11-12,127.5,129.85,124.2,124.85,1155144
2010-11-15,125.85,126.0,123.1,124.75,490031
2010-11-16,124.75,126.15,120.0,121.2,1118449
2010-11-18,121.8,123.5,115.3,119.6,1214961
2010-11-19,119.8,125.1,115.1,120.1,3005760
2010-11-22,120.6,120.6,117.0,119.9,829435
2010-11-23,116.1,119.7,114.1,117.2,1306073
2010-11-24,118.1,118.9,116.15,116.8,516440
2010-11-25,118.5,118.5,107.25,109.95,2586020
2010-11-26,112.4,113.5,103.5,112.45,2279992
2010-11-29,113.4,114.0,110.1,112.95,725219
2010-11-30,112.95,113.9,111.05,112.95,993783
2010-12-01,113.5,116.0,113.0,114.75,628391
2010-12-02,115.9,117.5,114.35,115.25,887683
2010-12-03,116.0,116.0,112.6,114.1,606153
2010-12-06,113.2,115.65,113.2,114.95,1036023
2010-12-07,115.6,115.75,113.6,115.25,566010
2010-12-08,115.0,115.4,113.7,114.85,1032008
2010-12-09,115.9,115.9,110.2,111.5,1285356
2010-12-10,111.5,112.9,107.35,110.95,1106252
2010-12-13,114.0,114.5,110.75,112.8,426795
2010-12-14,113.45,114.75,112.95,114.1,449080
2010-12-15,114.8,116.4,113.4,114.8,444045
2010-12-16,114.8,115.5,113.0,115.15,298756
2010-12-20,115.0,115.9,114.0,115.45,282973
2010-12-21,116.95,117.8,115.0,115.8,759131
2010-12-22,116.8,116.8,112.6,113.6,1629061
2010-12-23,114.0,114.9,111.7,112.4,601654
2010-12-24,112.8,114.0,111.75,112.5,648507
2010-12-27,113.0,113.95,109.35,109.75,923042
2010-12-28,110.8,111.0,108.15,109.55,859691
2010-12-29,110.45,110.8,109.0,109.4,789049
2010-12-30,110.5,110.9,106.6,107.25,2518794
2011-01-03,109.0,112.0,108.15,111.5,1381804
2011-01-04,111.9,114.2,111.6,113.1,1649997
2011-01-05,113.25,113.9,111.2,112.3,712670
2011-01-06,112.9,113.4,110.1,111.0,801491
2011-01-07,112.1,113.0,107.1,108.3,1343822
2011-01-10,108.7,108.7,103.6,104.25,1005103
2011-01-11,104.55,105.9,101.05,101.9,979117
2011-01-12,102.7,104.2,101.0,103.75,438502
2011-01-13,103.8,104.5,102.7,103.25,409758
2011-01-14,105.1,109.7,102.8,104.4,1914263
2011-01-17,105.3,108.25,102.65,104.9,2529271
2011-01-18,105.8,106.9,104.2,104.75,384406
2011-01-19,105.05,106.9,104.1,104.95,677140
2011-01-20,105.1,109.1,104.2,106.5,1009083
2011-01-21,106.0,107.45,105.15,105.65,522747
2011-01-24,104.6,106.75,104.6,106.25,259338
2011-01-25,107.0,107.4,106.05,106.2,631517
2011-01-27,106.2,108.2,105.2,106.35,1791689
2011-01-28,106.0,106.8,98.25,99.8,2063094
2011-01-31,99.15,100.6,95.3,99.45,922239
2011-02-01,101.0,102.0,97.8,98.3,1031266
2011-02-02,98.8,100.0,96.6,97.35,439822
2011-02-03,97.5,97.85,94.2,96.05,739877
2011-02-04,96.5,97.65,94.5,95.3,857280
2011-02-07,97.7,97.7,95.3,95.75,577722
2011-02-08,96.0,96.8,92.0,92.5,431156
2011-02-09,93.0,93.0,87.0,87.85,680652
2011-02-10,88.2,89.0,84.8,88.1,989327
2011-02-11,88.75,92.75,87.2,91.7,650078
2011-02-14,92.45,95.0,92.25,94.6,477647
2011-02-15,95.35,96.5,93.4,95.75,579786
2011-02-16,95.85,95.95,94.15,94.45,239997
2011-02-17,95.8,102.8,94.05,101.65,1893119
2011-02-18,101.5,102.5,93.65,94.5,920020
2011-02-21,95.4,96.95,94.05,96.15,355646
2011-02-22,96.0,99.35,94.4,96.4,422308
2011-02-23,96.7,97.5,94.85,95.3,306107
2011-02-24,95.6,96.0,86.9,87.4,1653543
2011-02-25,88.5,90.25,87.2,88.6,689138
2011-02-28,88.0,90.0,86.0,89.25,735597
2011-03-01,89.8,91.8,89.4,91.0,687513
2011-03-03,91.0,92.0,90.05,90.4,874532
2011-03-04,90.3,91.95,90.0,90.75,283108
2011-03-07,90.0,90.75,87.85,88.75,270846
2011-03-08,89.0,94.75,88.25,93.6,1931634
2011-03-09,94.75,98.2,94.05,96.35,3190205
2011-03-10,95.9,98.0,94.7,96.4,1109740
2011-03-11,96.1,105.8,95.15,101.3,9568830
2011-03-14,102.6,104.2,100.7,102.1,4331609
2011-03-15,99.7,102.5,95.6,98.5,4231545
2011-03-16,99.0,101.5,98.7,99.1,1567627
2011-03-17,98.0,100.2,96.55,97.3,1134598
2011-03-18,98.2,100.4,96.2,97.6,2030038
2011-03-21,98.7,99.9,97.5,98.25,1512956
2011-03-22,98.25,99.7,97.5,97.9,1111602
2011-03-23,98.05,98.9,97.2,97.65,603536
2011-03-24,98.0,99.9,98.0,99.25,1751455
2011-03-25,99.7,101.0,97.85,98.15,860340
2011-03-28,98.2,99.2,97.6,98.5,440245
2011-03-29,98.5,98.9,95.7,96.0,1868971
2011-03-30,97.5,98.0,96.6,97.05,1160681
2011-03-31,97.45,99.0,96.0,97.75,1341150
2011-04-01,97.75,101.4,97.65,100.65,1619264
2011-04-04,101.0,102.8,101.0,101.85,1054078
2011-04-05,106.8,106.8,103.2,105.4,2467731
2011-04-06,106.75,107.45,104.2,106.65,2449721
2011-04-07,107.35,109.5,106.7,108.9,1682298
2011-04-08,109.25,110.4,103.3,104.65,1920194
2011-04-11,104.65,105.0,100.5,102.5,644008
2011-04-13,101.75,103.9,101.1,103.3,966511
2011-04-15,103.5,104.65,102.05,103.25,547540
2011-04-18,103.5,104.85,100.0,100.4,920428
2011-04-19,100.5,102.5,100.05,101.45,702620
2011-04-20,102.0,102.95,101.15,101.8,1089914
2011-04-21,101.5,103.6,101.5,103.05,778698
2011-04-25,102.95,104.1,101.85,102.15,394687
2011-04-26,102.45,104.8,100.45,104.45,1680945
2011-04-27,105.5,105.7,103.15,103.95,806586
2011-04-28,104.8,104.8,102.15,102.6,740728
2011-04-29,102.7,103.65,99.5,100.75,406614
2011-05-02,101.0,101.9,99.5,100.0,373053
2011-05-03,100.05,100.7,98.6,99.45,658603
2011-05-04,99.8,99.8,96.4,97.9,329969
2011-05-05,97.9,98.7,95.35,96.35,530567
2011-05-06,97.9,98.55,96.6,97.55,391145
2011-05-09,98.15,99.05,96.6,97.7,319107
2011-05-10,98.0,101.45,97.25,99.8,636338
2011-05-11,100.55,101.4,100.05,100.75,544025
2011-05-12,100.8,103.3,97.2,97.95,976743
2011-05-13,98.0,100.3,97.1,99.15,234413
2011-05-16,99.15,99.85,97.0,97.25,210300
2011-05-17,97.25,98.25,96.0,96.35,207063
2011-05-18,97.5,98.3,95.85,96.4,223932
2011-05-19,96.95,97.3,95.8,96.2,193726
2011-05-20,96.2,97.9,96.15,97.3,391739
2011-05-23,97.5,97.5,95.05,95.45,169762
2011-05-24,96.15,96.7,91.5,92.15,1126516
2011-05-25,92.15,92.3,86.8,88.2,2432836
2011-05-26,88.5,89.8,85.05,85.75,1427562
2011-05-27,85.75,88.55,85.75,88.2,428191
2011-05-30,88.6,89.55,86.4,86.85,769973
2011-05-31,87.75,88.2,86.4,87.4,1649143
2011-06-01,88.0,92.2,87.45,91.6,2000205
2011-06-02,91.6,96.25,90.0,94.0,3317304
2011-06-03,94.0,97.0,93.2,93.6,1195286
2011-06-06,92.3,97.0,92.1,93.15,337230
2011-06-07,94.0,95.2,93.0,94.2,503353
2011-06-08,95.8,99.4,95.3,98.2,5219442
2011-06-09,98.8,99.0,96.2,96.65,1186411
2011-06-10,96.9,97.9,95.05,95.85,616793
2011-06-13,96.0,100.4,95.0,99.9,3147174
2011-06-14,100.85,101.45,99.35,100.05,1405134
2011-06-15,99.95,100.95,98.25,98.65,735010
2011-06-16,97.9,98.6,96.55,96.95,590293
2011-06-17,97.1,99.4,93.15,98.6,1385206
2011-06-20,98.7,98.8,90.55,93.4,1271268
2011-06-21,94.5,95.25,91.75,92.35,634845
2011-06-22,93.7,93.7,89.8,90.25,658517
2011-06-23,90.3,92.55,89.2,90.6,1564718
2011-06-24,91.5,93.0,91.3,91.8,975813
2011-06-27,91.05,94.0,91.0,92.05,1261290
2011-06-28,92.95,93.05,91.25,92.7,1310771
2011-06-29,93.7,94.85,92.7,93.05,1245523
2011-06-30,93.4,97.0,92.2,96.55,2423639
2011-07-01,98.0,99.25,95.75,97.75,2340652
2011-07-04,98.8,106.1,97.85,104.35,6965551
2011-07-05,105.7,107.65,102.3,103.0,3742291
2011-07-06,103.25,105.0,102.75,103.2,1532011
2011-07-07,103.95,105.9,102.9,105.0,1576231
2011-07-08,104.8,105.7,98.35,100.0,1037626
2011-07-11,100.1,102.5,99.5,101.45,893861
2011-07-12,105.0,108.0,98.25,100.4,1059512
2011-07-13,101.0,102.45,100.7,101.65,649474
2011-07-14,100.5,103.95,100.05,102.55,788661
2011-07-15,103.4,103.45,100.05,100.85,819412
2011-07-18,101.0,104.15,100.4,103.15,1182349
2011-07-19,103.15,104.0,102.4,102.8,574825
2011-07-20,103.0,103.8,100.65,100.95,568842
2011-07-21,100.95,102.25,98.25,99.25,756565
2011-07-22,100.25,103.15,100.05,102.8,1255645
2011-07-25,103.5,106.75,102.3,105.4,2274829
2011-07-26,105.9,108.7,104.5,104.95,2805411
2011-07-27,105.9,109.05,104.1,108.55,3412909
2011-07-28,107.1,108.8,102.1,108.0,1866076
2011-07-29,107.8,108.75,105.5,106.55,1415275
2011-08-01,108.2,109.0,106.45,107.0,618007
2011-08-02,105.6,106.95,103.65,104.6,491903
2011-08-03,103.7,108.3,102.6,107.65,1327004
2011-08-04,108.4,115.4,108.05,111.0,9505355
2011-08-05,108.1,108.45,102.05,106.35,3814732
2011-08-08,103.0,108.85,101.15,106.3,2168843
2011-08-09,102.5,108.0,101.0,102.75,3024432
2011-08-10,104.8,109.6,101.2,106.65,5475703
2011-08-11,105.95,106.45,101.9,102.95,3406154
2011-08-12,103.7,104.75,101.7,102.3,1822217
2011-08-16,103.75,104.0,97.3,98.45,1760296
2011-08-17,98.1,98.75,94.3,95.35,1847715
2011-08-18,96.0,96.0,87.65,88.6,2557677
2011-08-19,86.05,88.9,85.65,87.6,2292742
2011-08-22,88.8,91.7,87.8,90.6,1767264
2011-08-23,92.0,93.0,90.75,92.1,1293713
2011-08-24,92.8,93.7,90.5,91.2,1598937
2011-08-25,91.9,94.45,89.05,92.15,3394184
2011-08-26,93.25,93.5,88.7,89.35,1663279
2011-08-29,90.95,93.9,90.1,93.35,1514076
2011-08-30,95.0,95.5,92.85,93.55,1492329
2011-09-02,94.3,94.8,91.9,92.7,1072859
2011-09-05,92.25,93.7,91.15,91.6,1131363
2011-09-06,91.1,95.0,91.1,94.2,1814731
2011-09-07,95.0,95.9,94.05,94.4,1094307
2011-09-08,94.7,95.95,94.2,94.55,889411
2011-09-09,94.95,96.9,92.8,93.3,1774124
2011-09-12,92.0,92.5,90.25,91.05,759717
2011-09-13,91.9,94.0,89.95,91.15,1145348
2011-09-14,91.25,92.5,90.25,92.0,509414
2011-09-15,92.5,93.4,91.95,92.6,465889
2011-09-16,93.2,93.5,90.05,90.55,2248059
2011-09-19,90.1,91.9,90.1,90.65,507629
2011-09-20,90.7,92.7,90.7,92.15,564581
2011-09-21,91.6,93.2,91.6,92.8,1010991
2011-09-22,91.5,91.7,85.6,86.2,1597785
2011-09-23,84.75,88.0,83.1,87.05,1832341
2011-09-26,87.0,87.8,84.45,86.7,884536
2011-09-27,87.7,89.0,87.1,88.6,644053
2011-09-28,89.15,89.15,85.75,86.45,1016187
2011-09-29,86.7,87.4,85.25,85.7,2053322
2011-09-30,84.85,87.0,84.85,85.8,841081
2011-10-03,85.5,85.5,83.6,84.0,659545
2011-10-04,84.4,84.85,82.4,82.9,711092
2011-10-05,83.5,83.7,80.5,81.1,585464
2011-10-07,82.55,83.5,82.1,82.55,845994
2011-10-10,83.2,86.45,83.0,85.65,1401068
2011-10-11,86.15,88.8,86.1,86.65,1353794
2011-10-12,86.0,89.2,86.0,88.1,1418981
2011-10-13,88.3,89.3,86.5,86.75,1335870
2011-10-14,86.5,88.4,86.05,87.9,529855
2011-10-17,88.2,90.9,87.35,90.3,1388807
2011-10-18,90.0,90.0,86.75,87.55,813333
2011-10-19,88.7,89.1,85.6,87.55,910465
2011-10-20,86.95,87.45,85.0,85.25,1742297
2011-10-21,85.5,86.4,84.35,84.7,927470
2011-10-24,86.0,86.75,84.75,85.15,725045
2011-10-25,85.6,87.4,84.7,86.85,928512
2011-10-26,87.0,88.1,87.0,87.9,257402
2011-10-28,89.0,91.0,89.0,89.75,1990456
2011-10-31,91.3,93.1,91.3,92.6,2221268
2011-11-01,91.75,93.35,90.9,91.65,1053931
2011-11-02,91.0,92.6,90.55,91.15,843703
2011-11-03,91.1,91.8,89.8,90.7,779242
2011-11-04,91.6,92.05,90.7,90.95,628106
2011-11-08,91.1,91.65,90.5,90.75,331397
2011-11-09,91.4,91.4,88.6,89.15,532674
2011-11-11,89.35,89.5,87.05,88.3,846088
2011-11-14,89.2,89.45,86.9,87.7,745440
2011-11-15,87.2,87.7,85.4,85.75,780713
2011-11-16,85.9,86.05,83.25,83.7,867491
2011-11-17,84.0,85.45,81.2,82.5,1062728
2011-11-18,82.2,83.75,81.2,82.6,542006
2011-11-21,82.5,83.85,81.0,82.0,518836
2011-11-22,82.1,83.45,81.55,82.7,540870
2011-11-23,82.6,82.8,80.3,80.95,1088448
2011-11-24,81.1,83.4,80.0,82.4,1288429
2011-11-25,82.4,83.0,81.1,81.55,1090160
2011-11-28,82.25,84.3,82.25,83.75,657439
2011-11-29,84.0,86.35,82.9,84.1,1560875
2011-11-30,83.95,85.2,81.3,83.95,2480580
2011-12-01,85.55,88.7,84.6,88.25,1160486
2011-12-02,88.6,92.7,88.0,91.75,1563193
2011-12-05,91.7,92.8,90.0,90.55,415300
2011-12-07,91.0,91.55,89.7,90.85,473563
2011-12-08,90.85,91.15,88.3,89.75,640464
2011-12-09,88.75,90.25,87.75,89.7,357702
2011-12-12,90.15,90.6,87.0,87.55,294423
2011-12-13,86.35,89.55,86.0,88.8,397070
2011-12-14,88.4,90.6,86.5,87.5,414887
2011-12-15,86.5,90.35,85.85,89.8,865847
2011-12-16,89.8,91.15,85.0,86.4,1195277
2011-12-19,86.1,86.1,83.8,84.5,574963
2011-12-20,85.2,87.2,84.5,85.05,439611
2011-12-21,87.0,87.9,85.5,86.35,300885
2011-12-22,86.0,90.3,85.8,89.85,737871
2011-12-23,90.9,91.45,88.25,88.7,559644
2011-12-26,88.95,89.65,87.9,88.7,252790
2011-12-27,89.1,89.6,87.5,88.0,290800
2011-12-28,88.0,89.5,86.9,87.45,460774
2011-12-29,86.85,90.8,86.7,90.1,1168213
2011-12-30,91.0,91.65,89.6,90.1,687835
2012-01-02,90.95,91.9,89.1,90.95,694783
2012-01-03,91.8,94.8,91.6,94.55,1175311
2012-01-04,94.95,97.0,94.3,95.4,1653611
2012-01-05,95.0,95.4,92.5,93.1,847775
2012-01-06,92.5,94.7,91.35,93.5,733883
2012-01-07,94.0,94.15,93.05,93.35,39610
2012-01-09,94.0,94.95,92.5,93.1,649944
2012-01-10,93.25,94.8,92.75,93.95,808847
2012-01-11,94.65,95.4,92.45,92.9,651931
2012-01-12,92.95,94.6,92.5,92.9,569114
2012-01-13,93.9,96.5,92.85,94.15,2114712
2012-01-16,86.0,99.2,86.0,98.5,2862414
2012-01-17,99.95,100.8,96.45,97.2,3182287
2012-01-18,97.0,97.5,92.15,93.0,1422930
2012-01-19,94.75,96.1,93.35,93.9,1520629
2012-01-20,94.55,96.2,91.5,92.65,1488319
2012-01-23,93.0,93.9,91.15,92.05,1047711
2012-01-24,92.15,94.1,92.15,93.3,1178358
2012-01-25,93.5,96.2,91.8,95.25,4269611
2012-01-27,95.0,98.95,94.0,97.1,2904708
2012-01-30,98.0,100.2,96.55,97.9,3746496
2012-01-31,102.0,108.85,100.75,107.75,17917624
2012-02-01,116.0,116.0,108.0,109.15,10809985
2012-02-02,110.2,113.35,107.4,110.0,7218657
2012-02-03,110.0,120.5,108.15,119.75,9568283
2012-02-06,120.0,122.3,114.2,116.05,7170401
2012-02-07,116.2,117.5,112.0,113.4,6305206
2012-02-08,113.0,119.0,113.0,117.75,6717339
2012-02-09,117.5,126.4,117.0,123.05,11787258
2012-02-10,123.05,124.75,117.8,118.95,5100633
2012-02-13,119.7,123.45,116.1,121.45,4462353
2012-02-14,121.4,122.8,119.45,120.8,2141133
2012-02-15,121.5,122.6,119.35,121.0,2467621
2012-02-16,120.5,123.6,117.25,120.9,3063855
2012-02-17,121.45,122.85,118.2,119.2,1751459
2012-02-21,119.95,122.95,119.3,120.8,2567921
2012-02-22,121.9,122.1,114.5,117.2,3550314
2012-02-23,117.0,122.8,116.1,120.0,6664371
2012-02-24,121.0,121.9,118.5,119.95,2583514
2012-02-27,119.0,120.2,112.0,113.05,1524588
2012-02-28,113.75,122.25,113.75,120.7,3650262
2012-02-29,122.2,128.8,121.85,125.55,6964341
2012-03-01,125.95,126.45,120.5,123.35,2169528
2012-03-02,124.25,124.3,119.85,120.55,1933023
2012-03-03,120.7,121.5,117.9,120.4,249882
2012-03-05,120.05,120.05,115.0,116.0,1627562
2012-03-06,115.15,120.0,113.3,113.8,2354718
2012-03-07,113.8,117.75,112.15,116.1,2513257
2012-03-09,117.6,118.85,116.8,118.2,1294468
2012-03-12,119.0,120.0,116.25,116.8,1064909
2012-03-13,117.5,119.8,117.1,118.1,1985125
2012-03-14,119.15,123.3,118.6,120.4,3780295
2012-03-15,121.0,121.15,115.4,116.0,1913587
2012-03-16,116.3,116.65,112.25,112.95,3007235
2012-03-19,113.9,115.2,108.1,109.7,1932912
2012-03-20,109.0,113.9,108.95,113.1,1510160
2012-03-21,113.55,115.8,112.9,114.7,1762594
2012-03-22,124.0,124.0,108.5,110.95,3284714
2012-03-23,115.0,115.0,109.75,112.7,1621699
2012-03-26,113.45,113.5,108.75,109.15,1876141
2012-03-27,110.05,111.6,108.05,110.05,1430659
2012-03-28,110.95,111.95,109.25,109.85,1258009
2012-03-29,109.0,110.55,106.25,108.3,3130838
2012-03-30,108.55,112.9,108.5,112.35,1601856
2012-04-02,112.5,116.0,111.25,115.35,1384543
2012-04-03,116.4,120.25,116.4,118.95,3673526
2012-04-04,120.0,120.2,117.15,117.7,1432817
2012-04-09,116.9,118.75,116.1,116.95,1352343
2012-04-10,117.5,118.5,112.5,117.4,1505824
2012-04-11,115.5,121.0,115.5,118.25,3346924
2012-04-12,119.1,122.3,118.1,121.2,2189471
2012-04-13,121.4,122.45,116.15,116.8,2171860
2012-04-16,117.65,119.2,116.15,118.5,699597
2012-04-17,118.55,119.8,117.15,118.95,1065048
2012-04-18,119.25,120.9,117.7,119.15,2490749
2012-04-19,119.9,124.75,118.5,124.0,4841334
2012-04-20,126.0,126.0,120.25,121.7,3365943
2012-04-23,123.7,123.7,116.9,117.4,2467260
2012-04-24,117.55,119.35,116.35,118.5,1144299
2012-04-25,118.65,119.4,115.3,116.65,1043981
2012-04-26,117.05,117.65,114.6,115.45,2275505
2012-04-27,115.7,117.7,114.5,115.7,773334
2012-04-28,116.0,116.7,115.3,116.4,111115
2012-04-30,118.95,118.95,116.3,116.9,1021693
2012-05-02,117.1,120.7,116.5,119.35,2329678
2012-05-03,119.65,120.5,117.0,117.45,1334337
2012-05-04,117.8,118.7,113.4,114.4,1259029
2012-05-07,117.8,117.8,108.0,116.2,812441
2012-05-08,116.35,117.15,111.75,112.85,663646
2012-05-09,112.05,114.4,109.8,110.5,946118
2012-05-10,111.1,113.25,110.85,112.45,1189412
2012-05-11,112.05,112.25,106.35,108.45,1402452
2012-05-14,108.0,109.15,101.6,103.05,1653547
2012-05-15,103.0,106.35,100.45,104.85,1356022
2012-05-16,103.65,108.85,102.15,107.85,1790142
2012-05-17,108.95,110.2,106.1,107.35,2015162
2012-05-18,105.8,106.95,104.55,105.55,944570
2012-05-21,106.05,108.1,105.55,106.8,837940
2012-05-22,107.7,108.45,104.65,107.0,902856
2012-05-23,107.25,109.8,102.5,107.9,3216009
2012-05-24,108.5,111.2,106.65,109.6,1544381
2012-05-25,109.5,109.5,107.35,107.95,992439
2012-05-28,107.5,111.85,107.5,111.1,760535
2012-05-29,112.0,113.2,109.5,110.0,947315
2012-05-30,110.0,110.45,107.1,107.55,507762
2012-05-31,107.55,109.3,106.35,107.6,1024425
2012-06-01,108.1,109.3,104.75,105.65,1100400
2012-06-04,104.1,105.0,102.4,104.55,1164412
2012-06-05,105.05,107.7,104.55,105.35,1107816
2012-06-06,106.0,108.9,105.75,107.9,1115088
2012-06-07,108.8,109.95,108.05,109.15,1147297
2012-06-08,108.15,112.7,107.15,112.05,2116151
2012-06-11,113.7,114.25,110.1,110.85,1346356
2012-06-12,110.5,113.15,109.6,112.05,717576
2012-06-13,110.75,112.8,107.9,108.5,1270402
2012-06-14,108.5,109.75,105.5,105.85,946884
2012-06-15,107.35,108.0,105.6,107.65,833731
2012-06-18,108.55,109.2,104.35,105.65,1077600
2012-06-19,105.0,106.75,104.2,104.9,1195595
2012-06-20,105.05,107.4,104.7,106.25,1347318
2012-06-21,106.3,108.3,105.6,107.7,1490853
2012-06-22,107.15,109.05,106.75,108.2,1130700
2012-06-25,108.6,111.5,108.5,109.45,1688608
2012-06-26,110.0,115.9,109.15,115.15,3537169
2012-06-27,116.8,117.95,115.6,117.15,3777776
2012-06-28,117.6,118.8,115.1,115.75,1557877
2012-06-29,116.85,118.25,115.55,115.95,1202974
2012-07-02,117.0,119.5,115.15,117.95,1424923
2012-07-03,118.55,119.9,116.65,119.55,1277595
2012-07-04,120.05,120.8,118.0,118.8,1440238
2012-07-05,118.85,120.1,118.3,119.45,841326
2012-07-06,118.1,119.5,117.5,117.8,914595
2012-07-09,115.0,117.85,113.65,114.15,1421548
2012-07-10,110.0,116.2,110.0,115.7,1060814
2012-07-11,114.7,117.45,114.7,116.45,2031355
2012-07-12,111.3,117.4,111.3,115.4,1803322
2012-07-13,111.6,116.45,111.6,114.2,631539
2012-07-16,113.8,115.4,113.25,114.45,907506
2012-07-17,114.0,116.9,114.0,116.35,1559903
2012-07-18,116.0,120.0,114.6,119.05,1921543
2012-07-19,119.0,122.4,119.0,121.35,2092817
2012-07-20,122.05,122.55,118.2,118.75,1990761
2012-07-23,118.0,119.4,115.0,115.65,871954
2012-07-24,115.0,124.15,115.0,123.4,4358964
2012-07-25,123.0,125.0,119.0,120.8,2974617
2012-07-26,120.0,123.25,119.3,120.05,2495002
2012-07-27,120.0,123.95,119.8,120.65,2010264
2012-07-30,121.0,123.35,119.15,122.65,1301962
2012-07-31,120.0,128.0,120.0,127.0,3491456
2012-08-01,126.7,129.3,126.2,127.05,1645936
2012-08-02,125.95,130.9,125.95,130.05,3704533
2012-08-03,129.45,132.25,129.1,131.15,2754756
2012-08-06,132.05,132.55,129.4,129.95,1166050
2012-08-07,129.0,130.9,128.15,129.85,1648078
2012-08-08,129.0,132.45,128.7,130.1,1507756
2012-08-09,129.4,133.25,128.0,131.25,2732118
2012-08-10,130.9,134.15,130.5,132.85,2352342
2012-08-13,133.0,136.65,133.0,135.15,3514187
2012-08-14,136.0,136.3,133.0,133.9,1906984
2012-08-16,134.1,136.2,133.6,133.9,1703869
2012-08-17,133.95,137.8,133.7,134.7,2944589
2012-08-21,135.45,135.85,132.2,132.9,1498330
2012-08-22,132.55,135.15,131.3,131.8,1621306
2012-08-23,132.25,133.55,130.5,131.0,2030186
2012-08-24,132.0,132.0,127.7,128.85,1520284
2012-08-27,129.35,132.25,128.15,128.45,1596773
2012-08-28,129.95,129.95,126.6,127.9,2256686
2012-08-29,128.15,128.9,125.0,125.2,1428400
2012-08-30,124.05,130.85,124.0,130.3,2511083
2012-08-31,130.3,131.95,129.15,129.8,1238269
2012-09-03,131.35,132.9,129.95,130.4,1334353
2012-09-04,131.05,132.45,130.0,131.6,2015686
2012-09-05,131.6,134.9,131.0,133.65,2265877
2012-09-06,135.0,136.4,133.75,135.6,3011491
2012-09-07,137.9,138.1,136.1,136.6,1773324
2012-09-08,136.55,137.05,136.1,136.65,108287
2012-09-10,137.85,137.9,135.0,135.35,1367931
2012-09-11,132.0,136.95,132.0,134.8,1275189
2012-09-12,135.55,136.0,133.7,134.4,894277
2012-09-13,134.35,135.65,132.5,133.9,2158447
2012-09-14,133.8,135.75,132.1,133.65,1560857
2012-09-17,134.95,136.3,128.1,128.5,2437711
2012-09-18,128.0,131.25,127.7,129.75,2354285
2012-09-20,129.5,130.0,127.1,127.4,1220738
2012-09-21,127.9,131.9,127.85,131.05,1323240
2012-09-24,131.05,132.25,128.4,128.8,865801
2012-09-25,129.5,131.1,128.45,128.85,1457469
2012-09-26,130.0,133.35,129.0,130.55,1433480
2012-09-27,131.8,132.55,130.0,131.65,1001599
2012-09-28,133.0,144.2,132.1,142.85,8868992
2012-10-01,143.75,147.3,142.9,145.65,6368524
2012-10-03,148.9,156.5,146.25,155.4,9645143
2012-10-04,155.6,156.5,150.55,151.9,4789280
2012-10-05,153.7,154.25,147.05,150.2,3319802
2012-10-08,150.25,157.9,150.2,155.55,7208920
2012-10-09,155.55,157.9,151.8,153.4,2947656
2012-10-10,154.8,157.35,152.25,156.15,4721884
2012-10-11,156.2,161.2,156.0,160.05,8658347
2012-10-12,160.1,163.45,159.95,161.25,2721618
2012-10-15,161.9,161.9,158.5,160.0,3043585
2012-10-16,160.45,164.4,159.5,161.25,3516939
2012-10-17,162.5,165.0,160.55,162.45,2690095
2012-10-18,163.0,164.5,161.0,162.05,1917975
2012-10-19,162.8,163.8,156.8,157.95,2079479
2012-10-22,156.0,161.85,156.0,159.6,2532870
2012-10-23,160.1,161.0,156.6,156.95,1381693
2012-10-25,157.0,158.2,152.1,154.85,2856121
2012-10-26,155.9,156.85,151.0,151.4,1997116
2012-10-29,154.2,154.2,147.15,148.0,2533641
2012-10-30,150.0,153.15,147.95,150.7,2265966
2012-10-31,152.4,152.55,148.8,150.15,2088725
2012-11-01,151.9,161.25,151.35,159.8,9321042
2012-11-02,160.5,161.85,157.55,158.3,2650292
2012-11-05,158.7,160.9,157.7,158.65,2593949
2012-11-06,159.0,160.2,157.35,157.85,1224178
2012-11-07,158.95,162.4,158.2,159.55,4066517
2012-11-08,158.45,167.9,157.85,167.35,6884754
2012-11-09,168.6,171.5,166.5,168.9,3242540
2012-11-12,168.85,171.2,168.2,168.8,1731275
2012-11-13,170.0,172.4,168.5,171.45,1426984
2012-11-15,171.7,181.5,170.0,178.85,8682652
2012-11-16,180.0,181.4,172.5,173.4,4742850
2012-11-19,174.0,174.0,162.5,164.15,6071387
2012-11-20,165.0,166.4,156.05,159.0,4152208
2012-11-21,160.0,164.3,157.15,160.85,5161857
2012-11-22,161.0,163.6,158.2,159.95,2824334
2012-11-23,160.85,164.35,160.2,163.4,3658856
2012-11-26,164.7,166.6,162.25,163.4,3080275
2012-11-27,166.45,166.45,162.05,163.05,3126602
2012-11-29,163.5,165.95,162.05,162.6,3999480
2012-11-30,163.2,168.5,163.0,165.95,3996804
2012-12-03,166.8,169.75,165.4,168.55,3160525
2012-12-04,168.35,169.5,165.15,166.25,1869928
2012-12-05,166.45,168.25,165.1,165.6,2272058
2012-12-06,166.95,166.95,164.0,165.75,1949278
2012-12-07,168.4,172.2,165.85,169.85,6204240
2012-12-10,171.4,173.7,170.5,172.85,4194870
2012-12-11,173.0,174.25,166.55,169.8,2509708
2012-12-12,170.0,172.75,167.75,172.05,1988850
2012-12-13,173.5,174.25,167.55,168.05,2915524
2012-12-14,168.2,169.7,166.6,168.75,1145592
2012-12-17,168.9,169.55,165.3,165.65,1487624
2012-12-18,167.0,167.0,163.45,165.2,2129858
2012-12-19,166.35,167.5,164.35,165.15,1973831
2012-12-20,165.0,165.35,162.3,162.95,1960923
2012-12-21,163.0,165.45,160.25,160.85,2415570
2012-12-24,161.7,162.6,160.0,160.65,1922825
2012-12-26,161.75,162.5,159.75,160.15,1645334
2012-12-27,160.4,162.5,159.0,159.65,5550194
2012-12-28,160.25,162.45,159.75,160.45,3540354
2013-01-01,160.55,162.5,160.3,160.8,3237577
2013-01-02,161.5,167.3,161.3,166.65,7201391
2013-01-03,167.3,168.9,165.2,165.85,4841015
2013-01-04,166.0,166.4,163.2,164.15,1901621
2013-01-07,164.95,166.25,162.0,162.75,2340504
2013-01-08,163.35,165.15,162.45,163.75,3429376
2013-01-09,164.6,164.6,161.5,162.45,2427569
2013-01-10,162.75,163.7,160.4,161.0,1844488
2013-01-11,161.4,161.75,157.75,158.65,1919016
2013-01-14,159.05,159.9,155.65,159.45,2881113
2013-01-15,167.0,167.0,157.7,158.55,2480513
2013-01-16,158.6,160.05,155.7,156.5,2338646
2013-01-17,157.0,158.5,154.5,154.95,2079725
2013-01-18,155.0,156.85,152.4,153.0,1658186
2013-01-21,153.0,155.35,152.3,154.0,1572447
2013-01-22,154.4,156.1,150.6,151.85,2136770
2013-01-23,153.5,153.5,147.6,149.0,2379204
2013-01-24,149.4,150.3,143.6,145.5,2604987
2013-01-25,147.0,160.0,145.0,148.0,2744215
2013-01-28,148.7,150.9,145.1,147.65,1458221
2013-01-29,147.95,149.8,146.5,147.75,1843799
2013-01-30,148.0,149.4,143.15,143.9,2144014
2013-01-31,143.5,151.15,142.6,149.35,6700011
2013-02-01,151.45,152.0,145.35,146.8,3680233
2013-02-04,146.15,148.25,144.55,145.15,1415455
2013-02-05,145.0,145.0,139.5,141.5,2825282
2013-02-06,142.0,144.3,141.2,142.25,2986704
2013-02-07,142.25,148.0,142.0,144.85,3760231
2013-02-08,144.9,145.55,141.75,142.5,1408440
2013-02-11,143.0,143.75,140.5,140.8,1831532
2013-02-12,141.0,142.9,140.2,142.05,2145899
2013-02-13,142.5,144.8,141.05,141.55,1806217
2013-02-14,141.5,141.75,136.8,139.05,2418731
2013-02-15,138.3,142.25,137.75,141.05,2341701
2013-02-18,143.9,144.5,141.35,141.9,3031011
2013-02-19,142.0,146.8,142.0,146.35,2816601
2013-02-20,148.0,148.85,144.5,145.05,6359736
2013-02-21,143.75,143.8,137.4,138.0,4308771
2013-02-22,138.7,140.4,137.2,138.15,3963491
2013-02-25,139.4,139.4,132.2,133.4,3454472
2013-02-26,132.0,135.0,131.25,131.85,3431214
2013-02-27,132.9,134.1,130.3,132.2,2832343
2013-02-28,133.5,134.15,122.7,125.2,6711317
2013-03-01,126.7,129.4,126.0,127.95,3851148
2013-03-04,127.5,128.4,121.55,126.6,1957560
2013-03-05,127.4,132.4,127.0,132.05,3076756
2013-03-06,133.0,133.5,129.5,130.05,3317696
2013-03-07,130.0,132.65,130.0,131.65,2054577
2013-03-08,132.1,135.0,131.2,134.1,3047021
2013-03-11,134.4,135.35,132.1,132.75,1502207
2013-03-12,133.9,134.7,130.8,133.2,1986559
2013-03-13,132.5,134.65,131.5,133.5,2208924
2013-03-14,133.9,135.75,131.1,134.35,2600375
2013-03-15,134.35,136.6,132.45,133.4,2951545
2013-03-18,133.0,133.0,130.65,131.1,1395102
2013-03-19,131.1,132.2,127.0,130.15,3195668
2013-03-20,129.1,130.4,127.0,128.35,2640664
2013-03-21,128.55,128.6,123.45,124.6,2807473
2013-03-22,125.0,127.5,122.6,125.9,1442967
2013-03-25,127.3,129.25,122.8,123.55,3225051
2013-03-26,123.1,125.1,122.0,123.5,1828953
2013-03-28,124.1,129.0,122.0,127.85,2963777
2013-04-01,128.5,132.3,127.9,131.45,1832628
2013-04-02,131.0,134.7,130.9,134.2,1694920
2013-04-03,134.9,135.25,130.05,130.65,1515245
2013-04-04,129.0,130.5,126.8,127.4,1300935
2013-04-05,126.0,128.95,126.0,128.2,1052127
2013-04-08,127.1,134.3,127.05,132.8,2437204
2013-04-09,133.5,135.0,129.7,130.15,1762110
2013-04-10,130.85,131.8,128.5,131.0,1396238
2013-04-11,131.7,132.9,130.15,131.4,1396745
2013-04-12,130.15,132.9,130.0,131.75,1127803
2013-04-15,131.1,133.7,131.1,132.3,1391803
2013-04-16,131.5,135.2,131.5,133.65,2050330
2013-04-17,134.2,137.75,132.6,137.1,4670998
2013-04-18,137.8,139.3,136.5,138.75,2924016
2013-04-22,139.0,141.2,137.0,140.55,2041646
2013-04-23,141.3,141.3,136.65,138.35,998966
2013-04-25,138.35,139.45,135.5,136.05,2035505
2013-04-26,136.4,140.95,136.1,140.4,2279744
2013-04-29,141.0,144.7,140.9,144.25,3641202
2013-04-30,145.0,148.0,142.7,147.25,3713627
2013-05-02,146.8,149.85,145.9,149.0,3400457
2013-05-03,149.75,149.75,146.2,147.35,2503514
2013-05-06,147.6,149.8,146.0,147.55,1885775
2013-05-07,147.75,149.6,147.0,149.05,1337524
2013-05-08,149.0,151.8,149.0,151.0,1717318
2013-05-09,151.8,153.4,147.15,148.05,3362377
2013-05-10,148.05,149.2,145.1,146.15,1749193
2013-05-11,146.5,148.0,146.0,147.7,163605
2013-05-13,147.1,149.1,145.65,146.45,1966719
2013-05-14,146.0,146.5,139.6,141.0,2111690
2013-05-15,141.5,148.1,141.5,147.3,3704692
2013-05-16,146.5,148.35,142.75,143.25,1838806
2013-05-17,143.5,147.8,143.05,146.6,2294608
2013-05-20,145.95,147.85,143.25,144.05,1408332
2013-05-21,144.8,146.1,142.0,144.4,1245564
2013-05-22,144.7,146.3,141.85,142.65,1048831
2013-05-23,141.5,143.0,136.2,138.75,2023773
2013-05-24,139.15,142.0,137.25,141.3,830319
2013-05-27,141.65,144.0,141.15,143.7,1372887
2013-05-28,144.1,148.7,143.25,144.7,5651909
2013-05-29,145.45,145.75,140.85,143.0,3312025
2013-05-30,142.15,149.1,142.15,148.0,8696753
2013-05-31,149.45,149.75,144.7,145.9,3823348
2013-06-03,145.9,148.4,144.3,147.05,1446953
2013-06-04,147.8,152.2,147.1,149.9,3464825
2013-06-05,150.6,151.9,149.1,150.2,1965493
2013-06-06,149.7,150.85,147.4,149.6,1633085
2013-06-07,149.0,152.95,148.8,149.1,1955532
2013-06-10,150.05,151.3,145.0,146.0,2252773
2013-06-11,145.8,145.8,141.6,142.6,1193656
2013-06-12,142.75,144.95,135.25,141.6,4596668
2013-06-13,139.05,143.65,136.7,139.1,2083641
2013-06-14,140.4,143.5,138.75,139.95,2039325
2013-06-17,140.0,141.0,138.55,140.4,1301928
2013-06-18,141.9,143.95,141.0,142.9,1753310
2013-06-19,142.7,144.65,142.7,143.5,1036866
2013-06-20,141.25,142.95,139.3,140.8,1219143
2013-06-21,139.55,142.1,132.7,136.4,1769894
2013-06-24,135.8,135.95,130.3,133.35,2280723
2013-06-25,133.45,135.45,132.2,133.9,1516124
2013-06-26,135.6,135.6,131.8,133.45,1186410
2013-06-27,133.25,135.0,128.0,129.3,6997945
2013-06-28,132.5,135.0,131.5,134.4,1913234
2013-07-01,134.5,143.1,133.4,141.5,2581665
2013-07-02,141.5,142.8,139.05,140.1,1699358
2013-07-03,139.0,143.35,138.55,141.6,2268177
2013-07-04,142.85,144.5,141.5,143.5,2220317
2013-07-05,144.5,147.25,143.25,145.15,2429015
2013-07-08,144.0,147.95,142.8,147.45,1497219
2013-07-09,148.0,149.1,144.5,145.1,1688913
2013-07-10,145.8,149.8,145.55,149.1,2518478
2013-07-11,149.9,150.9,146.6,147.65,2026285
2013-07-12,148.0,149.45,145.55,147.6,1680043
2013-07-15,149.0,154.85,148.6,154.05,3099447
2013-07-16,152.5,155.0,151.25,153.75,2076273
2013-07-17,154.5,160.35,154.1,157.05,4769847
2013-07-18,157.6,158.3,153.4,154.95,2383891
2013-07-19,155.3,157.9,153.3,155.7,1816542
2013-07-22,155.0,158.5,153.4,154.6,1873632
2013-07-23,155.0,156.8,152.6,154.75,1633371
2013-07-24,154.0,156.5,151.15,153.55,1509224
2013-07-25,155.25,155.4,150.35,151.75,2094766
2013-07-26,153.1,157.75,151.45,156.7,3984763
2013-07-29,158.15,161.5,157.05,159.4,6209599
2013-07-30,160.45,163.6,155.3,158.85,7626988
2013-07-31,159.8,160.3,151.15,159.7,3344864
2013-08-01,161.0,164.2,144.2,147.05,7166956
2013-08-02,149.9,150.8,140.7,146.4,2949174
2013-08-05,149.8,149.8,142.1,142.8,1485475
2013-08-06,142.7,142.8,136.0,137.95,3028037
2013-08-07,138.0,143.45,136.2,141.9,1795135
2013-08-08,143.0,147.3,141.5,146.5,1669456
2013-08-12,147.8,149.0,144.3,145.5,1480481
2013-08-13,144.55,148.8,144.35,146.55,1470364
2013-08-14,146.9,149.4,145.0,147.65,1559833
2013-08-16,147.0,148.3,139.65,140.45,1628570
2013-08-19,142.8,143.3,136.65,141.65,2073385
2013-08-20,139.0,142.8,138.25,140.9,816055
2013-08-21,141.5,146.65,141.0,141.9,2395241
2013-08-22,141.8,146.55,141.0,146.25,1935560
2013-08-23,147.8,148.8,145.25,146.75,1072989
2013-08-26,147.0,147.5,143.1,144.05,1772634
2013-08-27,144.7,146.3,139.65,141.3,1910201
2013-08-28,141.5,141.5,130.95,136.05,4089680
2013-08-29,137.0,140.4,137.0,137.95,2463614
2013-08-30,138.1,140.65,136.7,139.0,1088398
2013-09-02,139.4,144.4,139.35,143.8,1184597
2013-09-03,144.1,145.2,140.7,141.55,1615075
2013-09-04,142.0,145.35,140.65,143.85,1006267
2013-09-05,145.8,148.0,143.6,147.2,1905598
2013-09-06,148.45,149.9,146.1,147.0,1464565
2013-09-10,149.0,149.2,145.6,146.65,1297746
2013-09-11,146.95,152.0,146.55,150.7,2053278
2013-09-12,152.2,153.2,148.2,150.75,1524759
2013-09-13,150.1,153.0,150.1,152.15,1277003
2013-09-16,153.8,153.85,147.8,150.05,1043593
2013-09-17,148.0,150.05,147.65,148.05,1036322
2013-09-18,148.5,149.0,146.75,147.65,622249
2013-09-19,151.0,151.85,148.95,150.55,1640655
2013-09-20,151.0,151.7,146.05,149.0,827487
2013-09-23,148.0,149.3,143.5,144.9,1352385
2013-09-24,143.25,146.45,142.5,143.15,1237964
2013-09-25,144.5,146.65,143.75,145.9,1636310
2013-09-26,145.9,147.4,143.25,145.95,1245218
2013-09-27,146.0,149.9,145.5,146.2,1936317
2013-09-30,146.0,146.05,143.15,143.85,785467
2013-10-01,144.1,150.55,144.0,149.8,1995226
2013-10-03,151.0,155.8,150.7,155.2,3537917
2013-10-04,155.3,156.1,152.2,153.0,1944288
2013-10-07,153.7,156.75,151.8,156.2,2133863
2013-10-08,157.0,157.8,155.2,155.8,1720413
2013-10-09,155.7,158.2,154.15,155.55,2049580
2013-10-10,156.0,160.8,155.85,160.15,3124853
2013-10-11,161.15,163.45,159.0,160.05,1880046
2013-10-14,160.85,161.45,157.7,159.45,1281419
2013-10-15,160.0,160.2,155.35,158.05,1145582
2013-10-17,159.1,162.9,158.25,162.0,2724697
2013-10-18,163.2,165.0,162.25,164.2,2540836
2013-10-21,164.5,165.35,159.0,159.6,3257249
2013-10-22,160.4,162.8,159.9,161.85,1598301
2013-10-23,162.1,162.6,157.0,158.75,1228667
2013-10-24,159.0,166.4,158.0,165.45,4943284
2013-10-25,166.2,168.4,163.05,163.85,4412267
2013-10-28,164.0,166.25,162.3,163.25,1058274
2013-10-29,163.3,164.2,160.25,162.4,2067392
2013-10-30,163.0,166.0,162.65,165.0,1918758
2013-10-31,165.0,167.1,163.1,164.0,3033400
2013-11-01,164.0,169.9,161.55,167.7,3726470
2013-11-03,168.0,170.0,167.25,169.5,512878
2013-11-05,168.5,169.8,165.9,167.6,1762917
2013-11-06,167.7,168.95,163.1,163.55,2080746
2013-11-07,164.4,167.9,159.05,160.35,2358582
2013-11-08,160.2,163.0,157.8,160.1,1175152
2013-11-11,160.4,161.25,155.1,156.55,1954941
2013-11-12,157.1,159.65,153.1,154.55,1842456
2013-11-13,155.0,155.0,141.1,144.3,11917625
2013-11-14,146.05,146.9,142.8,143.95,4246087
2013-11-18,142.5,148.35,142.5,147.7,5738832
2013-11-19,149.0,149.2,144.05,144.55,3835593
2013-11-20,146.25,147.8,144.75,145.35,2756146
2013-11-21,145.1,146.8,143.1,143.65,2997918
2013-11-22,144.35,145.2,141.1,141.8,2315264
2013-11-25,142.55,143.75,140.8,142.4,2305892
2013-11-26,142.0,146.8,141.6,145.5,2505101
2013-11-27,146.3,147.6,144.0,145.05,1855005
2013-11-28,145.0,148.35,145.0,147.65,3615167
2013-11-29,148.0,150.1,147.55,148.9,2020588
2013-12-02,149.2,150.9,149.0,149.3,2063513
2013-12-03,149.0,149.3,146.25,146.8,2227417
2013-12-04,146.5,148.4,145.1,145.55,1547460
2013-12-05,147.6,148.7,146.05,146.65,1565641
2013-12-06,146.8,147.75,145.8,146.2,1385102
2013-12-09,149.1,149.1,145.3,146.7,2508890
2013-12-10,146.75,149.0,146.7,147.45,1821331
2013-12-11,147.95,147.95,146.25,147.0,1285575
2013-12-12,146.8,148.45,146.2,146.75,1185509
2013-12-13,146.0,147.5,145.0,145.15,1102791
2013-12-16,145.25,145.5,142.2,143.45,1279705
2013-12-17,144.1,147.1,144.1,144.75,1678569
2013-12-18,145.3,148.75,145.25,148.2,1672571
2013-12-19,148.55,149.4,145.9,147.5,1833784
2013-12-20,147.2,153.85,146.6,153.1,5456617
2013-12-23,154.5,156.5,153.35,154.7,3101414
2013-12-24,155.4,157.65,153.65,157.25,2997231
2013-12-26,159.0,166.1,158.0,161.05,10232143
2013-12-27,160.8,162.85,156.35,158.05,3624182
2013-12-30,158.55,160.9,155.25,159.8,3188036
2013-12-31,159.5,161.5,158.15,160.45,2258565
2014-01-01,160.85,162.65,159.9,160.5,1958707
2014-01-02,160.5,161.75,153.75,154.95,2116255
2014-01-03,154.45,157.0,153.65,156.35,1816178
2014-01-06,156.95,158.6,155.1,156.8,1538685
2014-01-07,157.0,158.2,155.2,156.5,1244854
2014-01-08,157.1,159.3,156.0,157.1,2122772
2014-01-09,157.4,158.5,156.15,157.25,1740722
2014-01-10,158.05,159.95,154.75,155.95,2520546
2014-01-13,156.1,156.8,151.9,152.9,2340369
2014-01-14,153.05,154.5,150.3,152.05,2175698
2014-01-15,152.85,152.85,150.4,152.05,1117786
2014-01-16,152.25,152.9,148.5,149.05,2142240
2014-01-17,149.5,150.25,145.8,146.2,1884689
2014-01-20,146.25,149.3,146.25,148.3,2549468
2014-01-21,148.5,150.1,147.55,147.85,1992324
2014-01-22,148.35,152.2,148.1,149.85,4586839
2014-01-23,149.05,150.35,147.5,148.2,1191923
2014-01-24,147.25,147.85,143.65,144.25,2015494
2014-01-27,143.0,144.9,140.3,141.35,1798083
2014-01-28,140.9,143.0,138.4,138.95,2281455
2014-01-29,140.0,144.4,139.6,142.15,2441955
2014-01-30,141.8,144.75,139.7,140.45,4943283
2014-01-31,141.35,143.0,139.65,141.0,2555790
2014-02-03,140.85,142.95,140.0,140.7,2140205
2014-02-04,141.2,143.7,138.5,143.15,2866989
2014-02-05,143.15,144.85,142.55,143.05,1418289
2014-02-06,144.3,144.3,140.15,141.15,2905219
2014-02-07,142.45,144.5,141.8,143.35,2053488
2014-02-10,144.35,144.5,142.7,143.6,1411856
2014-02-11,144.2,145.85,143.05,144.85,1465761
2014-02-12,145.3,145.9,143.5,144.05,1486914
2014-02-13,144.0,144.85,141.15,141.75,1390278
2014-02-14,141.55,142.4,139.1,140.55,1060283
2014-02-17,140.55,141.35,137.7,138.9,1078151
2014-02-18,139.1,140.95,138.35,140.2,1294179
2014-02-19,140.35,141.75,139.6,140.35,882447
2014-02-20,139.35,141.95,139.15,141.1,784045
2014-02-21,141.25,143.0,141.2,142.0,1204144
2014-02-24,142.75,143.0,141.8,142.7,613301
2014-02-25,143.2,143.55,141.0,141.2,1034913
2014-02-26,141.7,141.9,139.1,139.8,1868445
2014-02-28,140.15,142.15,139.15,139.7,1852558
2014-03-03,139.95,141.0,135.25,135.95,2979960
2014-03-04,136.8,141.15,135.9,140.4,2995506
2014-03-05,141.45,142.25,139.45,140.9,2317544
2014-03-06,141.5,143.0,140.15,142.55,3010530
2014-03-07,143.5,144.35,141.3,143.3,2910251
2014-03-10,143.9,145.1,142.25,143.8,2127241
2014-03-11,143.8,146.0,143.0,145.15,2110986
2014-03-12,146.05,147.5,145.15,145.65,2109508
2014-03-13,146.0,146.9,141.9,142.55,1240884
2014-03-14,142.0,143.4,141.0,142.7,1237254
2014-03-18,142.7,144.8,142.55,143.15,926631
2014-03-19,143.2,143.8,141.1,141.3,1982788
2014-03-20,140.7,143.2,140.7,141.4,1578311
2014-03-21,143.0,146.0,142.45,143.4,2771806
2014-03-22,144.15,144.15,143.2,143.65,125170
2014-03-24,143.15,144.85,142.5,142.85,1239544
2014-03-25,142.55,144.0,142.4,142.9,1214418
2014-03-26,144.0,144.8,142.25,142.75,1763657
2014-03-27,143.0,143.75,141.3,141.8,3147980
2014-03-28,142.85,148.6,142.3,148.0,3912192
2014-03-31,150.0,152.7,148.1,150.05,4143774
2014-04-01,151.45,154.75,148.8,154.25,4863298
2014-04-02,155.0,155.65,152.1,153.5,2596842
2014-04-03,154.0,154.3,149.4,151.55,2346430
2014-04-04,152.0,153.8,150.15,152.2,1970278
2014-04-07,149.3,152.5,148.25,151.45,1476512
2014-04-09,152.75,155.95,152.5,154.4,3183552
2014-04-10,155.1,155.3,152.1,153.1,2017657
2014-04-11,152.2,154.0,151.75,152.75,1788771
2014-04-15,153.85,154.9,151.1,153.05,1464343
2014-04-16,153.25,153.95,150.0,150.5,1148162
2014-04-17,151.0,158.2,151.0,157.45,4644106
2014-04-21,158.25,160.0,155.55,156.15,2939902
2014-04-22,156.95,159.3,156.15,157.85,2243023
2014-04-23,157.85,159.4,155.05,156.1,3277200
2014-04-25,156.5,157.0,151.85,152.95,1867200
2014-04-28,153.0,154.55,151.75,152.85,1452937
2014-04-29,153.0,154.1,151.0,151.3,1294813
2014-04-30,152.45,153.5,146.5,149.45,2460179
2014-05-02,149.45,150.9,147.8,148.35,1207233
2014-05-05,148.6,148.6,146.4,146.7,1058888
2014-05-06,147.05,148.3,144.9,145.1,1231593
2014-05-07,145.05,146.4,144.15,144.6,979792
2014-05-08,145.05,145.55,142.1,142.45,1475651
2014-05-09,142.1,145.95,142.1,145.0,1219063
2014-05-12,145.8,146.7,144.15,144.55,1789879
2014-05-13,145.5,149.7,145.5,146.4,2352331
2014-05-14,147.0,148.5,145.4,147.3,1851834
2014-05-15,148.0,148.05,143.85,144.2,2208007
2014-05-16,146.35,147.5,143.25,144.75,3658879
2014-05-19,146.0,151.6,145.25,150.7,4970218
2014-05-20,152.95,154.85,151.05,153.45,3351574
2014-05-21,155.6,155.6,151.55,153.1,2539045
2014-05-22,154.5,157.4,153.4,155.55,3246095
2014-05-23,156.0,158.45,155.1,157.55,3014828
2014-05-26,158.5,163.0,152.75,156.45,5629757
2014-05-27,157.3,157.8,153.0,156.4,1748577
2014-05-28,157.0,158.2,154.75,156.25,1655825
2014-05-29,154.5,154.5,148.0,148.9,5050078
2014-05-30,150.0,151.0,145.35,149.1,4293795
2014-06-02,149.4,149.9,146.6,147.5,3308467
2014-06-03,148.0,151.85,147.75,150.3,3014557
2014-06-04,150.0,154.0,150.0,153.0,4764627
2014-06-05,154.3,154.8,151.15,154.05,2556595
2014-06-06,157.0,176.8,155.2,171.1,17064364
2014-06-09,173.85,175.45,170.1,171.2,8772925
2014-06-10,171.65,177.15,166.1,174.85,11693055
2014-06-11,175.8,176.1,165.05,169.35,7414725
2014-06-12,168.4,171.5,165.65,168.65,4131952
2014-06-13,170.0,173.95,161.15,163.7,6509643
2014-06-16,162.3,166.7,161.6,166.0,4149164
2014-06-17,166.0,167.95,163.7,167.05,2644231
2014-06-18,167.0,169.0,162.1,163.55,3059834
2014-06-19,164.6,165.35,161.3,162.9,2957708
2014-06-20,162.6,165.4,161.85,162.35,2474896
2014-06-23,166.0,171.2,164.8,167.95,8915917
2014-06-24,167.45,169.5,165.5,167.3,4394262
2014-06-25,166.3,170.75,166.3,169.5,4512185
2014-06-26,169.0,169.65,165.6,167.8,5084653
2014-06-27,168.0,172.95,168.0,171.1,5470675
2014-06-30,172.45,175.0,172.05,172.75,5884830
2014-07-01,173.35,176.6,171.5,174.8,5379012
2014-07-02,176.25,176.8,173.1,174.35,3796609
2014-07-03,175.0,175.0,168.35,169.2,5474004
2014-07-04,168.1,171.2,166.0,167.85,4246788
2014-07-07,168.1,169.6,166.65,167.05,2054919
2014-07-08,167.65,167.65,157.75,158.7,3349829
2014-07-09,158.0,159.6,152.75,154.95,3488714
2014-07-10,155.45,161.35,149.25,155.45,3284116
2014-07-11,154.8,156.3,149.15,149.8,3188567
2014-07-14,148.85,153.2,148.5,151.8,2443696
2014-07-15,152.35,154.0,151.5,153.75,1859780
2014-07-16,153.75,157.7,153.2,157.2,2539258
2014-07-17,157.25,161.0,156.25,160.35,2116223
2014-07-18,159.85,163.0,157.7,160.65,4974108
2014-07-21,161.5,162.45,158.75,159.2,1938059
2014-07-22,159.5,161.4,156.7,158.7,2700600
2014-07-23,159.5,159.7,155.7,156.8,3001729
2014-07-24,156.7,157.9,155.95,156.55,2894662
2014-07-25,156.2,157.4,152.55,153.5,3156927
2014-07-28,152.5,156.2,152.05,155.2,2789011
2014-07-30,155.95,155.95,152.45,152.9,2757448
2014-07-31,152.8,155.15,152.5,153.5,4155508
2014-08-01,152.0,156.85,151.75,154.3,2361557
2014-08-04,155.05,155.9,153.75,155.5,1677773
2014-08-05,154.1,155.6,152.5,154.9,1788911
2014-08-06,153.65,156.5,153.5,153.8,1890055
2014-08-07,153.6,155.1,152.65,154.15,1557133
2014-08-08,152.7,152.9,149.55,150.65,2393314
2014-08-11,150.7,153.0,150.7,151.9,1212104
2014-08-12,151.5,154.8,151.5,154.45,1282122
2014-08-13,153.1,154.3,150.3,151.15,1521138
2014-08-14,152.65,152.9,150.75,152.1,1220808
2014-08-18,152.2,155.35,151.55,154.4,1212265
2014-08-19,155.35,157.7,154.9,156.5,1835749
2014-08-20,156.55,159.5,156.25,158.5,3127760
2014-08-21,158.5,160.4,156.2,157.1,1803100
2014-08-22,158.5,158.5,155.0,155.45,1273200
2014-08-25,155.5,157.8,155.0,155.45,1498748
2014-08-26,154.4,155.5,151.35,152.95,954442
2014-08-27,153.35,154.85,152.5,153.1,1030109
2014-08-28,153.4,154.0,150.0,150.5,3046168
2014-09-01,151.1,154.35,151.1,153.9,1611331
2014-09-02,153.0,156.85,153.0,155.4,1903051
2014-09-03,156.8,156.8,153.55,154.25,1808768
2014-09-04,154.0,163.9,154.0,162.2,5685443
2014-09-05,163.8,164.5,160.05,162.25,4436559
2014-09-08,163.05,166.5,162.5,164.6,3403585
2014-09-09,165.1,166.25,162.6,165.2,2016606
2014-09-10,163.5,165.0,160.5,162.55,1964477
2014-09-11,162.85,169.85,161.0,167.4,6185414
2014-09-12,168.0,171.35,166.4,169.55,4325265
2014-09-15,169.0,170.85,166.35,167.2,2733612
2014-09-16,167.05,167.6,158.0,159.45,3786842
2014-09-17,160.7,162.7,156.9,161.6,2748845
2014-09-18,160.05,165.7,160.05,164.85,2243468
2014-09-19,165.7,172.9,164.1,168.6,6277667
2014-09-22,168.0,172.0,167.05,170.6,4342518
2014-09-23,170.2,171.8,163.65,164.45,3086572
2014-09-24,165.2,166.75,161.8,164.75,2219635
2014-09-25,165.4,165.65,159.1,160.3,2973253
2014-09-26,159.0,161.95,154.45,159.65,2924724
2014-09-29,160.0,161.9,158.3,159.0,2096263
2014-09-30,159.1,162.4,157.6,159.35,1917772
2014-10-01,160.0,162.0,158.4,158.85,1198264
2014-10-07,158.25,161.65,158.0,158.8,2284463
2014-10-08,158.0,161.0,157.75,160.25,1524087
2014-10-09,160.45,163.35,160.45,161.25,3216539
2014-10-10,160.65,163.9,158.7,160.25,3624666
2014-10-13,159.6,160.0,157.05,157.5,2022489
2014-10-14,158.4,159.3,156.0,156.4,1967222
2014-10-16,156.05,158.25,151.05,152.35,2254205
2014-10-17,152.75,153.9,150.8,153.35,3946921
2014-10-20,154.55,155.65,153.35,154.7,2073712
2014-10-21,154.1,156.35,153.4,155.55,2584790
2014-10-22,156.8,157.5,155.5,156.5,2010555
2014-10-23,157.6,159.0,157.1,158.35,526665
2014-10-27,159.25,159.25,155.95,156.3,1019575
2014-10-28,156.75,157.55,156.05,156.35,1153614
2014-10-29,157.0,158.25,156.6,157.3,1079352
2014-10-30,157.15,158.95,156.9,157.45,4589900
2014-10-31,158.9,161.2,158.05,160.1,4750346
2014-11-03,161.0,164.2,160.1,163.75,2713036
2014-11-05,164.8,165.0,160.45,161.65,2428509
2014-11-07,157.9,161.5,157.0,160.9,2600609
2014-11-10,161.05,162.6,157.25,157.75,1570697
2014-11-11,158.7,159.65,157.4,158.25,1662143
2014-11-12,158.85,158.85,155.3,155.85,1887415
2014-11-13,156.7,156.95,154.0,154.2,2038270
2014-11-14,154.95,156.15,153.65,155.25,2634731
2014-11-17,154.35,161.9,154.35,159.9,4643861
2014-11-18,160.5,161.35,158.6,159.4,1709932
2014-11-19,160.2,163.35,157.25,157.85,3713745
2014-11-20,157.1,158.1,154.6,156.95,1670273
2014-11-21,157.2,158.9,156.1,156.75,1541039
2014-11-24,157.0,158.3,155.75,156.95,1832296
2014-11-25,157.2,157.55,152.5,154.2,1704935
2014-11-26,154.05,155.8,153.25,155.3,1634296
2014-11-27,159.5,162.4,155.7,161.0,7062154
2014-11-28,162.25,163.9,159.65,161.3,3713876
2014-12-01,161.85,162.9,159.25,159.55,1893457
2014-12-02,159.7,164.25,157.2,163.35,3473392
2014-12-03,164.9,165.9,162.75,163.25,2826458
2014-12-04,163.7,164.2,161.4,163.4,1691661
2014-12-05,163.5,164.8,160.65,161.1,1451138
2014-12-08,160.95,161.45,157.7,158.3,1580445
2014-12-09,158.75,158.85,154.1,154.85,1339740
2014-12-10,154.0,157.4,154.0,156.0,1102295
2014-12-11,156.0,157.2,154.4,155.65,1006074
2014-12-12,155.2,157.0,152.5,152.95,1376256
2014-12-15,152.1,154.2,151.4,151.6,1510454
2014-12-16,150.7,152.2,143.3,144.25,2871674
2014-12-17,144.3,145.85,137.05,145.0,4975475
2014-12-18,146.45,149.0,146.35,147.5,1538715
2014-12-19,148.5,149.7,146.55,147.4,1456641
2014-12-22,147.55,148.25,145.6,147.5,1657451
2014-12-23,147.8,149.05,146.75,148.3,1396448
2014-12-24,148.95,149.9,146.1,146.9,6940283
2014-12-26,147.15,148.0,145.6,146.85,999836
2014-12-29,147.15,149.9,147.15,148.65,913003
2014-12-30,148.8,149.6,148.1,149.05,747441
2015-01-01,150.95,151.75,150.35,150.7,535692
2015-01-02,150.9,153.2,150.55,152.5,2043127
2015-01-05,151.65,154.5,151.65,152.95,1873161
2015-01-06,151.95,151.95,147.0,148.15,2390258
2015-01-07,147.2,149.2,146.0,148.45,2770541
2015-01-08,149.9,154.5,149.5,153.7,2292977
2015-01-09,154.5,157.7,153.3,155.6,4013444
2015-01-12,156.35,158.7,155.2,157.35,1647105
2015-01-13,157.55,157.9,154.2,155.25,1558189
2015-01-14,155.05,157.0,153.8,154.85,1383172
2015-01-15,156.6,157.6,154.05,155.65,1183917
2015-01-16,155.0,155.75,153.75,154.3,1299810
2015-01-19,154.3,157.8,154.3,156.55,1000172
2015-01-20,156.8,157.45,155.6,156.35,1211357
2015-01-21,157.4,159.4,156.65,158.0,2696995
2015-01-22,157.1,160.6,157.1,158.85,2326838
2015-01-23,159.15,162.15,156.9,161.15,2437301
2015-01-27,161.0,162.0,158.6,159.4,1634586
2015-01-28,158.8,159.9,157.65,158.75,1819031
2015-01-29,158.95,160.75,157.3,158.25,2823390
2015-01-30,158.95,162.4,154.05,158.7,4094370
2015-02-02,157.9,167.75,157.75,163.6,5423705
2015-02-03,164.0,164.5,159.2,160.45,1927234
2015-02-04,160.7,163.1,157.65,158.55,1567779
2015-02-05,159.25,159.8,153.5,154.75,2403931
2015-02-06,154.4,154.7,151.55,152.4,1392578
2015-02-09,151.5,152.9,148.7,149.55,1470539
2015-02-10,148.9,153.15,148.0,151.55,1719968
2015-02-11,151.2,154.7,151.2,154.35,1131718
2015-02-12,154.95,156.8,153.2,155.2,1727098
2015-02-13,155.65,158.95,154.85,157.4,1565871
2015-02-16,157.85,157.95,154.75,155.15,696970
2015-02-18,155.5,158.0,155.05,156.85,1122120
2015-02-19,157.4,158.5,154.45,157.0,1377032
2015-02-20,157.75,162.25,156.6,159.7,2886605
2015-02-23,160.95,161.5,155.3,155.95,1614558
2015-02-24,156.0,157.3,153.6,155.55,1404899
2015-02-25,155.55,156.25,153.1,153.5,1546220
2015-02-26,153.9,154.5,151.9,152.55,2960597
2015-02-27,153.4,156.55,153.15,156.05,1540677
2015-02-28,156.75,157.0,152.8,154.9,816168
2015-03-02,155.5,158.9,155.0,158.35,1211587
2015-03-03,158.5,164.9,157.15,163.55,4314580
2015-03-04,164.0,164.35,157.0,158.35,2204041
2015-03-05,157.9,161.4,156.1,159.3,1419036
2015-03-09,159.05,162.85,157.25,159.05,2281047
2015-03-10,159.65,161.0,155.8,157.25,1354766
2015-03-11,157.35,159.5,156.7,157.85,1773712
2015-03-12,158.5,161.4,157.85,160.0,2130596
2015-03-13,160.95,161.1,153.55,154.85,2248388
2015-03-16,154.95,155.65,152.85,154.75,1343251
2015-03-17,155.25,157.3,155.25,156.7,1416285
2015-03-18,156.9,158.25,155.4,155.85,1268390
2015-03-19,156.65,157.35,152.7,153.85,1776564
2015-03-20,153.75,153.75,149.0,149.95,1834524
2015-03-23,149.8,150.55,146.9,147.2,1229406
2015-03-24,147.35,148.95,146.2,147.95,1328198
2015-03-25,148.0,149.4,147.75,149.0,1566031
2015-03-26,148.05,149.55,146.5,147.3,2029247
2015-03-27,148.45,149.2,142.7,145.75,2099157
2015-03-30,147.1,150.25,146.55,149.75,818899
2015-03-31,150.25,151.2,148.3,148.8,1383972
2015-04-01,148.8,151.95,148.8,151.1,575050
2015-04-06,151.95,152.1,149.8,151.45,843471
2015-04-07,152.4,152.4,149.9,151.1,1810409
2015-04-08,151.8,153.7,150.8,151.6,1142129
2015-04-09,152.35,153.0,151.0,152.05,852909
2015-04-10,152.7,162.5,152.05,161.2,6349564
2015-04-13,161.65,162.75,158.6,161.5,3122578
2015-04-15,161.45,163.5,157.85,158.95,4215595
2015-04-16,158.9,160.25,156.05,159.3,1373494
2015-04-17,159.25,161.2,157.0,157.55,1223180
2015-04-20,157.3,157.75,151.2,153.25,1753170
2015-04-21,152.9,154.65,149.65,150.2,3096387
2015-04-22,150.9,151.75,145.85,149.65,2719219
2015-04-23,151.0,152.5,149.9,150.2,2312755
2015-04-24,150.65,150.65,146.2,147.25,1179218
2015-04-27,147.65,148.15,141.4,142.15,3007045
2015-04-28,141.6,144.15,141.0,141.95,3701269
2015-04-29,142.25,143.35,141.5,142.55,1836583
2015-04-30,142.25,143.15,140.4,142.1,2456804
2015-05-04,143.4,144.9,142.55,143.55,1103984
2015-05-05,143.85,145.9,143.5,144.55,1785800
2015-05-06,144.25,144.95,138.75,139.8,2281538
2015-05-07,139.0,140.45,136.6,137.75,2366296
2015-05-08,139.0,141.85,138.3,141.05,1572681
2015-05-11,141.4,143.9,140.55,143.35,2341680
2015-05-12,143.3,145.5,139.4,142.85,3019872
2015-05-13,143.15,145.9,143.05,144.55,2227212
2015-05-14,145.05,146.9,143.65,146.3,1373721
2015-05-15,146.85,148.5,145.45,147.4,2232739
2015-05-18,147.75,150.45,147.65,147.95,1497623
2015-05-19,147.8,149.25,146.8,147.55,1138811
2015-05-20,147.45,148.75,144.55,145.95,1648427
2015-05-21,146.15,147.5,145.05,146.65,702795
2015-05-22,147.0,149.15,146.55,147.95,1010894
2015-05-25,147.5,149.45,146.75,147.45,872187
2015-05-26,146.8,149.7,146.8,148.8,1118631
2015-05-27,147.4,150.0,147.4,148.7,909189
2015-05-28,149.4,150.3,143.0,144.9,5132085
2015-05-29,143.05,146.65,143.05,146.25,1343454
2015-06-01,145.3,146.4,144.8,145.15,569531
2015-06-02,145.0,145.75,140.0,140.8,2077218
2015-06-03,140.6,141.2,136.5,137.35,2271136
2015-06-04,137.65,138.6,136.0,137.75,2132044
2015-06-05,137.9,139.7,136.85,138.5,756591
2015-06-08,138.8,138.8,134.0,134.85,1937914
2015-06-09,135.0,138.9,134.0,137.55,877704
2015-06-10,137.6,138.7,136.0,136.6,799419
2015-06-11,137.0,137.75,133.6,134.4,1586596
2015-06-12,133.6,134.45,125.7,128.15,2641286
2015-06-15,127.85,130.9,127.1,129.1,1933262
2015-06-16,128.95,129.5,126.8,128.7,1341209
2015-06-17,129.3,134.15,128.85,132.35,2239733
2015-06-18,132.95,133.9,132.3,132.6,970883
2015-06-19,133.2,136.2,132.65,133.75,1278156
2015-06-22,133.75,136.45,133.7,135.0,1019044
2015-06-23,135.6,135.9,133.0,133.85,2115793
2015-06-24,133.35,135.25,132.5,133.2,1696146
2015-06-25,132.9,136.4,132.6,135.7,2736280
2015-06-26,133.2,135.0,132.3,133.85,928889
2015-06-29,132.0,132.0,128.2,129.55,1397938
2015-06-30,129.75,132.75,129.15,132.2,4332991
2015-07-01,132.5,136.1,131.3,135.55,2667661
2015-07-02,135.45,138.05,135.1,137.1,1826569
2015-07-03,137.5,138.6,135.25,136.1,1032972
2015-07-06,133.1,135.6,132.2,135.0,1260314
2015-07-07,135.6,141.65,135.1,138.2,3133999
2015-07-08,136.1,138.0,134.2,134.9,1608817
2015-07-09,134.9,135.7,133.2,133.95,1049069
2015-07-10,134.8,135.6,133.8,134.55,1590741
2015-07-13,134.9,137.8,134.25,136.8,1720786
2015-07-14,137.0,138.2,135.75,137.05,1974367
2015-07-15,137.5,139.5,136.6,138.15,1530200
2015-07-16,138.95,138.95,136.6,138.0,804974
2015-07-17,138.9,140.0,137.25,139.0,2108950
2015-07-20,138.2,142.55,138.2,141.75,2394358
2015-07-21,140.1,141.9,136.9,137.5,1965237
2015-07-22,137.0,140.0,134.5,139.5,1310150
2015-07-23,139.95,142.2,139.4,140.85,2009103
2015-07-24,140.85,142.3,140.1,140.8,1542474
2015-07-27,140.6,140.6,136.75,137.55,1245996
2015-07-28,137.8,138.5,136.15,137.45,1294926
2015-07-29,138.15,138.9,137.25,138.65,1150281
2015-07-30,137.7,137.7,135.5,137.15,1848759
2015-07-31,136.0,142.8,135.35,140.2,2328615
2015-08-03,141.4,143.85,140.25,140.85,1673236
2015-08-04,143.4,144.75,141.0,143.3,2117898
2015-08-05,144.2,144.65,141.8,142.15,1550830
2015-08-06,142.0,147.3,141.0,143.75,3835649
2015-08-07,142.95,145.0,141.6,141.95,992867
2015-08-10,142.0,142.65,138.25,138.95,1248444
2015-08-11,139.2,140.8,136.2,137.7,1269206
2015-08-12,137.7,137.7,132.1,133.05,1197225
2015-08-13,134.5,134.75,129.4,130.0,1074691
2015-08-14,131.2,133.7,129.75,132.1,1714304
2015-08-17,132.5,132.9,130.7,131.0,798673
2015-08-18,134.2,136.4,132.55,134.15,2189190
2015-08-19,134.5,134.8,131.5,133.8,1504926
2015-08-20,133.3,135.0,131.75,132.9,1354813
2015-08-21,131.5,132.2,127.0,130.4,1043785
2015-08-24,128.9,128.9,112.5,114.85,3763375
2015-08-25,116.1,119.4,108.55,117.55,5056575
2015-08-26,117.95,119.8,115.15,117.3,1404188
2015-08-27,119.25,119.45,115.9,116.35,6857158
2015-08-28,118.35,120.4,117.0,118.15,3490011
2015-08-31,117.8,120.15,116.85,119.6,2010188
2015-09-01,118.75,118.75,114.05,115.2,2716732
2015-09-02,116.1,119.35,115.5,118.85,1927201
2015-09-03,120.75,125.0,119.0,124.15,4688477
2015-09-04,124.55,124.55,116.75,120.2,2496844
2015-09-07,121.6,122.45,118.35,120.45,1349442
2015-09-08,121.4,122.1,117.0,120.95,1414288
2015-09-09,122.1,124.5,121.55,123.65,1569358
2015-09-10,122.0,124.6,120.0,123.75,1042265
2015-09-11,124.8,125.3,122.7,123.25,784377
2015-09-14,124.1,124.5,121.65,124.05,789201
2015-09-15,124.05,126.45,124.05,125.4,939558
2015-09-16,126.95,126.95,122.15,123.1,695624
2015-09-18,124.0,126.0,122.9,125.45,1284690
2015-09-21,123.05,126.2,123.05,125.5,623623
2015-09-22,126.2,127.0,122.9,123.9,1284630
2015-09-23,123.35,125.35,122.25,125.0,1055109
2015-09-24,124.8,125.95,123.65,124.2,1011551
2015-09-28,125.0,128.0,123.8,127.1,1253307
2015-09-29,126.5,127.6,123.1,126.6,1009942
2015-09-30,127.4,129.4,126.65,127.8,915110
2015-10-01,128.95,131.2,127.4,130.05,1218988
2015-10-05,131.45,132.45,130.1,131.85,746173
2015-10-06,132.5,132.55,129.6,130.55,1009128
2015-10-07,132.1,133.95,131.6,133.05,994870
2015-10-08,134.9,134.9,131.85,133.35,846622
2015-10-09,134.0,135.35,133.35,134.7,1317037
2015-10-12,135.0,136.0,133.9,134.55,566886
2015-10-13,134.55,134.7,131.7,132.3,1028678
2015-10-14,133.0,135.0,132.4,134.0,1428493
2015-10-15,134.2,135.0,133.2,134.7,591991
2015-10-16,135.0,135.2,132.6,134.0,357403
2015-10-19,133.6,135.1,133.25,134.7,405056
2015-10-20,134.7,141.9,134.65,139.4,2469431
2015-10-21,139.7,139.7,135.6,137.55,589717
2015-10-23,138.7,140.0,136.85,137.8,413539
2015-10-26,138.4,140.2,137.2,138.9,734224
2015-10-27,138.7,139.1,135.1,135.8,881996
2015-10-28,135.8,136.95,135.0,135.6,593469
2015-10-29,135.9,138.5,134.8,135.9,2084196
2015-10-30,137.0,137.25,131.0,133.45,774022
2015-11-02,134.0,135.0,130.95,132.65,621684
2015-11-03,133.3,134.15,130.8,131.75,519168
2015-11-04,132.0,133.5,131.4,131.75,557561
2015-11-05,131.75,132.6,127.5,128.0,892494
2015-11-06,126.8,128.25,124.75,125.85,858491
2015-11-09,124.9,129.45,123.0,128.8,1107840
2015-11-10,127.3,128.45,125.3,125.7,525833
2015-11-11,126.7,130.0,126.7,127.9,100180
2015-11-13,128.0,129.0,126.25,128.0,737584
2015-11-16,127.8,129.4,126.5,128.15,580961
2015-11-17,129.7,134.0,128.3,132.5,1152357
2015-11-18,133.65,133.65,128.1,128.75,922793
2015-11-19,129.6,131.4,129.25,130.9,488288
2015-11-20,131.05,136.0,131.05,133.8,1149754
2015-11-23,134.8,135.0,131.25,132.95,842444
2015-11-24,133.0,135.7,132.5,134.35,613392
2015-11-26,134.6,136.25,134.15,134.95,1904180
2015-11-27,134.9,138.4,134.9,136.95,1152280
2015-11-30,138.0,138.1,135.9,137.55,849968
2015-12-01,138.05,139.1,135.0,136.25,911482
2015-12-02,136.4,137.8,135.0,136.2,565383
2015-12-03,136.1,136.8,134.2,134.9,689892
2015-12-04,134.0,135.0,132.75,133.65,758581
2015-12-07,134.1,135.8,134.1,135.35,476940
2015-12-08,134.95,138.5,134.5,135.0,1271238
2015-12-09,135.15,136.3,130.4,132.15,1152536
2015-12-10,132.15,135.8,131.9,135.3,704236
2015-12-11,135.3,135.8,131.2,133.2,836942
2015-12-14,131.9,135.0,131.65,134.35,773849
2015-12-15,134.85,134.85,132.75,133.85,589790
2015-12-16,134.4,138.85,134.15,136.55,1191657
2015-12-17,137.6,142.8,136.3,142.2,1707401
2015-12-18,142.45,144.0,141.0,141.9,1147660
2015-12-21,141.55,144.3,141.3,142.9,1040800
2015-12-22,143.6,144.0,140.3,141.2,609093
2015-12-23,142.0,142.8,141.05,142.0,561726
2015-12-24,143.0,146.45,142.0,144.8,1428993
2015-12-28,144.9,145.25,143.45,144.05,780709
2015-12-29,144.4,144.4,141.2,141.9,1260484
2015-12-30,142.5,147.4,141.5,146.35,1746109
2015-12-31,147.0,148.0,144.2,146.2,1464755
2016-01-01,146.05,148.8,145.5,146.4,781067
2016-01-04,145.9,147.2,142.25,143.7,950484
2016-01-05,144.0,149.5,142.2,148.35,1502760
2016-01-06,147.1,149.8,144.5,145.25,834054
2016-01-07,144.1,144.7,139.0,140.05,1034747
2016-01-08,140.65,146.75,140.1,144.45,1284440
2016-01-11,143.2,144.0,140.95,141.9,1201860
2016-01-12,142.4,143.45,138.05,139.5,1353097
2016-01-13,141.75,141.95,130.3,135.6,1907971
2016-01-14,132.1,136.25,131.15,134.05,1431102
2016-01-15,135.0,135.4,127.5,128.5,1756768
2016-01-18,128.0,129.0,121.05,121.85,2065711
2016-01-19,122.95,127.0,121.55,126.4,1411260
2016-01-20,124.6,124.6,120.5,122.55,1278069
2016-01-21,123.05,124.55,119.5,121.75,1322358
2016-01-22,123.85,126.9,121.95,125.55,1084192
2016-01-25,125.85,127.0,123.4,124.3,682689
2016-01-27,124.95,125.95,123.3,124.45,655053
2016-01-28,124.95,125.4,122.6,123.15,1539708
2016-01-29,124.1,127.45,123.35,126.5,925581
2016-02-01,126.8,128.3,125.2,126.6,592819
2016-02-02,127.4,127.7,123.55,124.25,734748
2016-02-03,123.05,124.8,121.0,121.75,877186
2016-02-04,123.1,123.4,120.4,121.6,1120485
2016-02-05,121.9,123.95,121.45,122.5,797137
2016-02-08,123.05,126.1,122.5,123.9,1227619
2016-02-09,123.0,124.4,120.1,120.75,1109232
2016-02-10,120.5,121.0,116.45,118.35,1654991
2016-02-11,112.7,115.8,102.4,105.25,5524328
2016-02-12,103.25,106.4,100.0,104.3,2087141
2016-02-15,105.1,108.45,105.1,106.0,1091675
2016-02-16,107.7,108.9,102.2,102.65,1341261
2016-02-17,103.0,104.6,101.1,104.0,1268061
2016-02-18,105.4,106.5,102.5,104.55,1429030
2016-02-19,105.0,108.2,104.25,107.3,1340622
2016-02-22,107.3,109.85,107.0,109.1,1151733
2016-02-23,109.0,109.5,105.1,106.65,1037357
2016-02-24,106.2,108.3,105.0,106.7,758132
2016-02-25,107.8,108.05,102.5,106.2,9364686
2016-02-26,107.95,108.5,103.8,104.75,2381968
2016-02-29,105.0,107.1,101.6,103.55,1639500
2016-03-01,104.2,109.5,104.2,108.9,1481271
2016-03-02,110.0,112.75,109.45,109.9,1220668
2016-03-03,110.5,111.25,107.95,109.5,1260507
2016-03-04,110.0,113.9,109.15,113.25,1377634
2016-03-08,114.3,116.4,113.1,115.65,1677380
2016-03-09,115.65,117.5,114.55,116.85,1555016
2016-03-10,117.8,118.1,115.4,116.45,1177827
2016-03-11,116.55,117.6,115.05,115.85,1170769
2016-03-14,116.05,117.35,113.9,115.65,1609295
2016-03-15,116.0,116.4,115.0,115.45,1082982
2016-03-16,115.7,116.1,114.1,115.1,964165
2016-03-17,116.0,116.95,115.0,115.8,1396728
2016-03-18,116.5,119.65,115.95,118.9,2062464
2016-03-21,119.2,120.9,118.75,119.9,839802
2016-03-22,121.05,123.3,120.45,121.4,1469400
2016-03-23,121.6,122.15,118.65,119.45,1230385
2016-03-28,120.0,121.0,118.5,119.4,1382616
2016-03-29,119.1,120.4,118.4,119.3,3588313
2016-03-30,119.9,125.0,119.5,121.4,1922207
2016-03-31,122.0,122.3,120.3,121.25,1627181
2016-04-01,122.0,124.2,120.2,122.55,1532533
2016-04-04,122.85,123.45,120.75,121.2,831737
2016-04-05,121.0,121.15,118.0,118.25,1663091
2016-04-06,119.6,120.0,115.0,118.85,1327276
2016-04-07,118.1,120.4,118.1,118.7,1147382
2016-04-08,118.5,119.0,117.0,117.7,648096
2016-04-11,118.0,120.25,117.85,119.5,1050521
2016-04-12,119.5,120.1,118.05,118.35,788617
2016-04-13,119.05,121.35,118.95,120.65,928735
2016-04-18,120.85,121.0,119.1,120.0,765331
2016-04-20,120.2,123.2,119.55,121.85,1572869
2016-04-21,122.4,122.75,119.55,120.1,892645
2016-04-22,119.0,121.85,119.0,120.25,716365
2016-04-25,120.4,121.9,120.0,121.2,782130
2016-04-26,120.6,122.5,120.6,121.8,984070
2016-04-27,122.5,123.95,121.95,122.4,1949554
2016-04-28,122.5,123.5,120.0,120.3,2142054
2016-04-29,121.0,121.05,119.0,120.05,869948
2016-05-02,119.35,121.8,119.0,121.1,717595
2016-05-03,121.6,122.55,119.15,119.45,1356187
2016-05-04,119.8,119.8,116.3,116.95,894057
2016-05-05,117.0,117.8,115.3,116.35,745000
2016-05-06,116.55,119.5,115.8,118.1,654231
2016-05-09,118.9,120.4,117.45,118.75,1207381
2016-05-10,119.0,119.95,118.0,118.2,526190
2016-05-11,117.0,118.25,116.3,117.3,622661
2016-05-12,117.75,119.2,117.25,118.95,596225
2016-05-13,118.0,120.7,118.0,119.55,1103386
2016-05-16,119.55,121.0,118.45,120.65,688646
2016-05-17,121.0,121.4,119.6,120.35,1068540
2016-05-18,120.0,121.75,119.55,120.95,641976
2016-05-19,120.0,122.0,118.95,119.95,1085102
2016-05-20,119.9,121.15,119.5,120.05,466672
2016-05-23,120.5,124.1,119.7,120.4,1396870
2016-05-24,121.7,122.2,119.7,121.75,1438192
2016-05-25,120.0,121.0,119.15,119.5,1787665
2016-05-26,120.0,120.25,118.15,118.6,1383549
2016-05-27,118.1,119.4,116.85,117.3,676137
2016-05-30,118.0,119.65,117.3,117.95,692008
2016-05-31,117.8,119.1,117.55,117.75,658231
2016-06-01,118.2,119.45,117.85,118.05,581341
2016-06-02,118.5,119.8,117.65,119.25,549738
2016-06-03,120.95,122.1,119.7,120.2,1783456
2016-06-06,120.35,121.2,118.6,119.3,866406
2016-06-07,119.4,120.35,118.85,119.35,690551
2016-06-08,119.3,126.5,118.9,124.4,2390316
2016-06-09,127.3,127.45,124.6,124.95,2825223
2016-06-10,125.3,126.0,122.7,123.65,900666
2016-06-13,122.0,129.0,122.0,128.15,4305954
2016-06-14,129.4,129.5,126.0,126.5,2902578
2016-06-15,127.25,128.15,126.6,127.0,1662070
2016-06-16,126.9,128.55,123.8,126.1,1489092
2016-06-17,126.5,128.35,124.7,125.7,1717907
2016-06-20,124.55,127.15,124.55,126.15,732869
2016-06-21,126.3,126.8,125.1,125.45,447117
2016-06-22,125.6,128.65,124.7,127.25,2792498
2016-06-23,127.5,128.15,125.6,126.75,1408701
2016-06-24,120.5,124.85,117.1,124.25,3585896
2016-06-27,124.75,126.4,124.3,125.95,2162032
2016-06-28,127.5,128.6,126.75,127.85,2563561
2016-06-29,128.15,130.9,128.1,129.7,2735697
2016-06-30,130.5,131.95,129.45,131.2,2810587
2016-07-01,132.0,136.75,131.5,134.9,5379977
2016-07-04,135.6,135.8,133.8,134.1,1144671
2016-07-05,134.25,136.15,133.2,133.9,942568
2016-07-07,133.5,136.4,133.45,134.45,2125346
2016-07-08,134.45,134.6,131.45,132.6,1296935
2016-07-11,134.0,135.0,132.7,133.1,1689644
2016-07-12,133.45,135.15,132.5,132.9,1612081
2016-07-13,132.9,133.8,131.1,132.15,1306338
2016-07-14,132.9,133.3,131.6,132.6,1093389
2016-07-15,134.0,134.5,132.25,132.6,1587827
2016-07-18,133.0,133.45,129.15,129.95,2283784
2016-07-19,131.5,131.5,128.8,130.05,3903542
2016-07-20,130.35,134.8,130.35,133.85,1887075
2016-07-21,134.8,134.8,131.15,131.8,1884426
2016-07-22,131.9,132.9,131.2,131.5,2012357
2016-07-25,131.75,134.0,131.2,133.45,1656721
2016-07-26,133.45,134.55,130.55,131.15,1271947
2016-07-27,131.45,138.75,131.45,137.45,3576969
2016-07-28,138.0,142.25,136.55,140.15,3754038
2016-07-29,140.9,144.7,139.2,142.15,3056272
2016-08-01,143.0,144.85,138.25,141.0,1987955
2016-08-02,141.0,141.8,138.1,138.4,1175233
2016-08-03,138.4,140.05,135.1,135.75,1451654
2016-08-04,136.0,139.4,135.5,138.3,1515003
2016-08-05,138.5,140.65,138.5,139.1,1427614
2016-08-08,138.55,143.5,138.4,142.9,2430227
2016-08-09,143.9,147.0,139.15,143.25,8549636
2016-08-10,144.25,144.5,137.25,137.75,3289526
2016-08-11,137.5,139.25,135.75,137.3,1140212
2016-08-12,137.8,139.45,136.0,136.95,1024054
2016-08-16,136.9,139.1,136.1,138.05,1518494
2016-08-17,138.8,139.4,137.15,137.65,778141
2016-08-18,138.45,139.55,137.85,138.85,901208
2016-08-19,139.85,141.85,138.75,141.25,2298138
2016-08-22,142.0,142.05,138.0,138.4,1398679
2016-08-23,138.7,141.0,138.4,139.6,1282978
2016-08-24,140.4,142.45,139.8,140.25,2956023
2016-08-25,143.4,145.5,140.1,140.45,4868511
2016-08-26,141.0,141.7,138.9,139.9,1468343
2016-08-29,140.55,141.15,137.8,139.0,1604324
2016-08-30,139.65,140.75,138.75,140.2,1832319
2016-08-31,140.1,141.6,140.0,140.25,1401308
2016-09-01,140.25,143.35,140.0,141.1,2493654
2016-09-02,141.4,142.6,141.0,141.6,1681308
2016-09-06,141.9,143.25,141.25,141.75,1300643
2016-09-07,141.75,144.2,141.3,142.2,2381717
2016-09-08,142.25,143.5,141.8,142.2,1155009
2016-09-09,142.2,142.7,138.8,139.7,1199464
2016-09-12,137.9,138.4,134.95,135.3,2248691
2016-09-14,135.2,138.2,135.1,137.45,1045853
2016-09-15,137.35,138.5,136.3,137.0,1451283
2016-09-16,138.35,141.7,137.85,139.85,3029995
2016-09-19,139.85,141.3,138.95,139.9,1362666
2016-09-20,139.7,140.35,137.5,138.0,1787917
2016-09-21,138.0,140.35,137.6,138.05,1635459
2016-09-22,139.15,139.95,137.7,138.9,1204798
2016-09-23,138.9,144.0,138.1,142.4,3538509
2016-09-26,143.45,144.25,140.0,140.65,2769361
2016-09-27,140.9,146.4,140.55,144.55,3316650
2016-09-28,148.1,149.15,145.6,146.75,6464628
2016-09-29,147.9,148.0,134.35,137.0,4753568
2016-09-30,136.95,140.9,136.2,139.6,1471713
2016-10-03,140.95,143.15,139.8,142.35,1927658
2016-10-04,142.5,143.25,138.75,141.8,2678079
2016-10-05,141.95,154.4,140.45,153.3,9741635
2016-10-06,153.95,155.45,148.6,150.9,6256632
2016-10-07,152.3,154.5,150.6,151.25,4097231
2016-10-10,151.9,153.95,151.1,151.65,2063455
2016-10-13,151.45,153.0,145.1,147.85,3116651
2016-10-14,149.0,154.2,147.4,153.2,3968866
2016-10-17,153.0,154.25,149.2,150.25,3180180
2016-10-18,150.95,152.7,150.75,151.9,2736835
2016-10-19,152.0,157.7,150.85,154.6,6685790
2016-10-20,155.95,156.65,151.95,152.35,2780284
2016-10-21,152.45,154.2,151.15,152.5,1751366
2016-10-24,152.9,156.0,152.0,154.05,2715234
2016-10-25,149.05,151.75,148.4,150.0,3234883
2016-10-26,148.0,151.2,144.05,145.4,3586046
2016-10-27,139.5,141.2,135.65,137.75,8524741
2016-10-28,138.0,141.3,138.0,139.95,2281364
2016-10-30,140.65,141.0,139.0,139.4,428310
2016-11-01,139.4,140.75,138.3,138.6,1497745
2016-11-02,138.0,138.0,134.5,134.95,2026448
2016-11-03,134.1,136.25,130.8,131.35,2063211
2016-11-04,131.0,132.0,126.0,126.85,4614456
2016-11-07,127.7,130.4,127.25,128.0,1948286
2016-11-08,130.0,131.0,126.55,127.45,2758553
2016-11-09,118.0,122.9,114.95,121.9,5272740
2016-11-10,124.0,127.1,123.65,125.4,2170482
2016-11-11,123.0,125.35,117.25,118.65,3058329
2016-11-15,119.8,119.8,114.25,117.0,2405650
2016-11-16,123.1,125.3,120.4,121.3,4703414
2016-11-17,121.7,122.8,115.2,118.6,1306586
2016-11-18,118.9,121.0,118.3,120.1,2008909
2016-11-21,120.1,121.8,114.9,115.65,1976322
2016-11-22,117.8,118.8,116.05,117.3,3411500
2016-11-23,118.8,118.9,116.85,117.65,2170944
2016-11-24,117.65,117.65,114.5,115.1,2220419
2016-11-25,116.0,119.2,115.6,118.5,1474301
2016-11-28,118.55,121.8,117.5,120.95,1738935
2016-11-29,122.8,124.2,121.5,121.95,1993986
2016-11-30,122.95,124.4,122.5,123.85,1616908
2016-12-01,124.65,124.65,121.55,121.9,1205710
2016-12-02,121.5,123.4,120.3,121.55,1343432
2016-12-05,121.45,124.85,121.1,123.65,1401882
2016-12-06,123.8,125.25,122.8,123.4,1486818
2016-12-07,124.35,124.5,120.75,122.3,1217621
2016-12-08,123.0,125.1,123.0,123.85,1090370
2016-12-09,124.35,124.6,123.5,123.9,920060
2016-12-12,123.9,125.0,122.1,123.35,760874
2016-12-13,124.05,125.0,123.05,123.35,502421
2016-12-14,123.85,124.8,122.4,122.75,826188
2016-12-15,122.5,126.85,122.2,124.45,2212399
2016-12-16,125.0,125.0,122.95,124.3,804735
2016-12-19,124.8,126.1,124.0,124.3,923038
2016-12-20,124.8,125.0,120.75,121.25,646197
2016-12-21,120.75,122.95,120.75,121.6,677057
2016-12-22,122.4,122.4,119.0,119.4,839802
2016-12-23,119.5,119.8,118.0,118.85,749376
2016-12-26,118.8,118.85,116.3,117.0,425216
2016-12-27,117.0,121.05,116.45,120.55,728501
2016-12-28,119.2,122.0,119.2,119.6,866902
2016-12-29,119.6,122.15,119.6,121.1,1025503
2016-12-30,121.1,123.3,121.1,122.0,1017447
2017-01-02,122.8,124.2,121.35,123.55,1102178
2017-01-03,122.8,125.4,122.8,124.45,580430
2017-01-04,125.0,126.05,123.8,124.45,656213
2017-01-05,124.75,125.65,124.55,125.2,503565
2017-01-06,125.4,126.95,124.05,124.65,1255021
2017-01-09,124.75,125.5,123.95,124.75,414927
2017-01-10,125.5,125.5,123.8,124.45,533212
2017-01-11,125.0,127.9,124.55,127.55,839283
2017-01-12,128.3,128.4,124.05,125.15,1403598
2017-01-13,126.9,130.9,126.65,128.35,3617760
2017-01-16,128.2,128.4,127.0,127.65,538746
2017-01-17,128.6,129.4,126.55,127.6,851814
2017-01-18,128.0,130.45,127.7,128.65,1059940
2017-01-19,129.8,131.55,129.15,130.5,1308883
2017-01-20,130.25,131.35,126.0,126.4,961631
2017-01-23,127.6,128.4,126.6,127.9,746313
2017-01-24,128.8,128.95,126.85,128.45,996229
2017-01-25,129.25,129.25,127.45,128.35,909771
2017-01-27,128.35,129.95,128.35,129.2,759876
2017-01-30,129.1,131.8,128.1,130.45,1256759
2017-01-31,130.5,132.0,128.5,128.85,1614154
2017-02-01,129.05,130.65,127.35,130.1,1221969
2017-02-02,132.45,138.8,132.4,137.65,6652685
2017-02-03,138.2,143.9,137.1,141.85,3569132
2017-02-06,141.9,144.75,141.2,142.75,2127506
2017-02-07,142.1,145.8,140.1,141.65,2205918
2017-02-08,141.95,146.9,141.35,146.15,2162887
2017-02-09,146.0,147.15,143.05,143.9,1726818
2017-02-10,143.95,145.5,142.6,143.95,1367413
2017-02-13,144.9,146.85,141.25,141.95,2224197
2017-02-14,142.4,143.7,139.95,141.2,1395593
2017-02-15,140.9,142.85,138.0,138.75,1193620
2017-02-16,139.2,140.7,138.1,140.1,942382
2017-02-17,140.9,141.95,139.65,140.15,952450
2017-02-20,141.0,142.6,139.8,141.6,1517679
2017-02-21,142.15,143.2,141.0,141.6,1671915
2017-02-22,142.55,142.75,139.6,140.0,1296093
2017-02-23,140.05,140.9,138.7,139.25,1340126
2017-02-27,139.0,140.45,138.35,138.9,1129032
2017-02-28,139.15,139.85,136.75,138.05,1513693
2017-03-01,138.5,145.8,138.25,143.6,4919352
2017-03-02,145.45,145.75,140.05,141.1,1765255
2017-03-03,141.1,144.2,140.1,143.35,1672938
2017-03-06,143.95,145.2,142.1,143.25,2043052
2017-03-07,143.0,144.15,142.2,142.75,727617
2017-03-08,142.4,143.0,140.05,141.4,1103877
2017-03-09,140.6,142.35,140.2,140.8,1073015
2017-03-10,140.85,142.25,136.75,137.1,1671172
2017-03-14,140.2,140.4,138.6,139.5,838219
2017-03-15,139.6,142.1,139.3,140.9,1279451
2017-03-16,141.6,145.5,141.35,144.7,3987646
2017-03-17,145.7,145.7,142.25,144.8,1898811
2017-03-20,144.8,147.45,144.8,146.45,2675495
2017-03-21,147.0,148.45,145.1,145.9,2955856
2017-03-22,145.55,145.55,142.2,143.1,2306755
2017-03-23,143.9,152.5,143.2,151.6,6422298
2017-03-24,152.9,153.15,150.5,151.15,3485991
2017-03-27,151.0,151.9,148.0,148.6,2933289
2017-03-28,149.9,153.9,148.0,150.55,2740120
2017-03-29,151.7,153.0,149.5,150.6,2092924
2017-03-30,151.45,152.75,149.7,150.15,3022795
2017-03-31,151.45,152.1,150.1,150.55,1193137
2017-04-03,150.65,153.5,150.3,151.9,1788548
2017-04-05,152.8,154.8,151.0,152.65,2011288
2017-04-06,152.9,154.35,151.25,153.05,2295942
2017-04-07,152.8,154.45,150.0,150.6,1444642
2017-04-10,151.5,152.25,149.4,150.95,1857915
2017-04-11,151.5,153.75,151.05,153.4,2064221
2017-04-12,153.95,153.95,150.3,151.75,1907247
2017-04-13,152.0,153.0,149.8,150.5,1272204
2017-04-17,151.0,151.0,148.55,149.45,830703
2017-04-18,149.1,152.5,147.5,148.15,1563947
2017-04-19,147.9,150.8,147.5,150.2,1092317
2017-04-20,150.25,153.6,150.25,152.15,1540540
2017-04-21,153.5,153.9,149.7,151.3,1293698
2017-04-24,151.0,153.25,151.0,151.95,1079887
2017-04-25,152.4,153.15,151.0,151.7,945527
2017-04-26,152.45,156.6,151.6,153.75,4161713
2017-04-27,155.0,155.4,151.55,152.1,1388038
2017-04-28,153.4,154.7,152.0,153.1,1132516
2017-05-02,154.3,161.45,153.75,157.7,6827849
2017-05-03,158.85,158.85,155.55,156.2,1523044
2017-05-04,156.3,158.3,154.8,155.35,1653237
2017-05-05,156.5,156.5,151.1,152.3,1349536
2017-05-08,152.8,154.15,151.95,152.6,1239593
2017-05-09,153.2,155.15,152.55,154.05,939148
2017-05-10,154.9,156.35,153.9,154.85,1186929
2017-05-11,155.0,156.2,153.2,154.0,589464
2017-05-12,154.0,154.75,151.65,152.65,940916
2017-05-15,152.65,155.0,152.45,154.6,1012554
2017-05-16,154.6,155.45,153.0,154.45,1306020
2017-05-17,154.0,154.65,152.5,152.85,1161590
2017-05-18,152.0,152.6,147.0,147.5,1233917
2017-05-19,149.5,153.8,148.35,149.5,2744849
2017-05-22,149.8,151.15,147.2,147.8,1098727
2017-05-23,148.05,148.4,143.65,144.75,1355129
2017-05-24,145.2,146.1,140.2,141.7,1755862
2017-05-25,143.45,144.65,142.1,143.05,1842806
2017-05-26,144.0,147.25,143.5,146.9,1417686
2017-05-29,147.2,147.5,143.9,145.4,977041
2017-05-30,145.0,146.2,143.7,145.55,1513053
2017-05-31,148.55,151.0,147.55,149.4,3325237
2017-06-01,148.35,154.0,148.25,152.4,2952069
2017-06-02,153.1,158.35,152.15,154.85,3603942
2017-06-05,155.05,156.5,152.9,154.95,1647207
2017-06-06,155.0,155.65,152.2,153.0,1290705
2017-06-07,152.65,156.4,152.4,155.55,1943703
2017-06-08,155.1,156.9,153.4,154.6,1479812
2017-06-09,154.9,155.65,152.8,154.4,1319642
2017-06-12,153.5,154.5,151.75,152.1,1438107
2017-06-13,152.45,157.7,151.7,156.45,3463217
2017-06-14,156.95,160.45,155.05,158.45,4815053
2017-06-15,158.45,162.75,157.6,159.1,3647423
2017-06-16,159.95,161.8,157.7,158.2,1968954
2017-06-19,159.0,159.55,155.9,156.4,1362450
2017-06-20,156.75,158.65,155.55,156.85,1212404
2017-06-21,156.8,159.4,156.05,156.8,2770731
2017-06-22,157.0,158.6,154.0,154.75,2216575
2017-06-23,154.6,155.0,149.8,151.15,1980476
2017-06-27,151.15,151.95,145.75,147.35,1465569
2017-06-28,147.25,150.2,146.4,149.15,2135161
2017-06-29,149.95,151.7,147.9,148.5,2280933
2017-06-30,148.0,151.7,147.1,150.65,1854572
2017-07-03,152.5,155.65,150.75,151.6,8680232
2017-07-04,153.7,154.15,149.75,150.05,3080845
2017-07-05,151.5,157.1,150.0,156.15,5849123
2017-07-06,156.5,157.8,152.75,153.35,4873097
2017-07-07,153.15,158.9,153.1,157.75,6442241
2017-07-10,159.0,167.85,157.1,166.55,4761386
2017-07-11,167.05,172.8,167.05,169.5,12571250
2017-07-12,171.05,174.8,169.0,173.75,10623109
2017-07-13,175.35,176.7,171.2,175.4,5222043
2017-07-14,175.9,175.9,172.05,174.2,2831387
2017-07-17,174.25,179.3,172.6,177.0,4882663
2017-07-18,176.1,178.7,173.05,173.75,3264325
2017-07-19,173.8,177.4,173.7,175.15,4161102
2017-07-20,175.4,176.25,170.3,171.3,2791324
2017-07-21,171.9,173.85,169.7,172.2,4670938
2017-07-24,172.2,174.3,169.45,170.0,2636591
2017-07-25,170.5,172.25,169.2,171.15,2103806
2017-07-26,172.0,175.35,170.75,172.2,3803339
2017-07-27,173.85,173.85,167.7,168.4,2370296
2017-07-28,167.9,170.65,166.85,169.15,2290563
2017-07-31,169.5,172.4,168.35,169.55,1896521
2017-08-01,171.0,171.75,166.75,167.5,2140964
2017-08-02,168.0,168.55,164.2,165.1,2009220
2017-08-03,165.95,169.4,164.5,166.65,2895078
2017-08-04,164.7,167.6,163.85,166.45,2298689
2017-08-07,167.0,171.7,167.0,170.45,2548868
2017-08-08,171.8,171.8,165.6,166.0,2372930
2017-08-09,165.5,166.9,160.45,162.1,1267995
2017-08-10,161.85,163.5,153.2,156.0,2470478
2017-08-11,155.1,164.8,152.05,164.2,6027593
2017-08-14,166.0,180.3,165.1,178.75,9368807
2017-08-16,182.5,196.75,181.5,193.85,29191016
2017-08-17,194.0,197.4,189.8,190.6,10381703
2017-08-18,189.8,196.4,188.05,194.4,10030010
2017-08-21,196.65,203.0,194.4,196.15,15744338
2017-08-22,197.15,199.5,188.85,189.85,7466196
2017-08-23,191.5,197.45,189.15,196.55,7522673
2017-08-24,197.3,198.3,193.7,194.25,4587179
2017-08-28,195.0,196.3,192.05,193.3,3684762
2017-08-29,192.95,197.5,189.35,190.35,5679382
2017-08-30,193.0,198.15,192.35,197.05,7173447
2017-08-31,198.5,200.7,196.1,198.0,7760949
2017-09-01,198.25,200.65,196.3,197.6,3401210
2017-09-04,198.0,198.4,190.5,193.3,4372250
2017-09-05,194.3,197.4,193.3,196.7,3442385
2017-09-06,195.1,207.2,194.6,205.95,14490021
2017-09-07,207.95,209.3,204.8,205.75,5862028
2017-09-08,206.1,210.8,205.45,206.9,6430260
2017-09-11,209.2,211.05,207.3,209.25,3393087
2017-09-12,212.0,213.65,210.15,212.05,4884083
2017-09-13,214.65,214.95,206.2,207.3,4637092
2017-09-14,208.5,213.8,207.35,212.05,2980684
2017-09-15,211.0,213.7,208.85,210.55,2608124
2017-09-18,212.65,215.0,210.7,213.3,2491966
2017-09-19,213.0,220.2,212.85,216.2,9580786
2017-09-20,216.4,216.85,213.1,213.7,2906933
2017-09-21,214.0,214.8,207.3,212.2,2914695
2017-09-22,211.0,211.0,200.0,201.15,3851873
2017-09-25,201.45,202.0,192.3,196.65,4019965
2017-09-26,196.0,206.45,195.3,204.65,5546594
2017-09-27,206.5,207.0,196.65,198.6,3331256
2017-09-28,199.05,204.5,198.7,203.15,4602566
2017-09-29,204.5,209.9,203.4,205.8,3721338
2017-10-03,207.25,210.55,205.0,206.45,1985873
2017-10-04,207.3,207.7,203.15,204.95,1964885
2017-10-05,204.95,210.55,204.55,209.45,2228532
2017-10-06,210.0,212.25,208.65,209.6,2534607
2017-10-09,209.65,211.35,207.65,208.3,1653094
2017-10-10,209.5,211.15,207.7,208.45,2125747
2017-10-11,209.45,216.0,205.6,209.4,6891689
2017-10-12,211.0,212.9,208.0,212.0,3902627
2017-10-13,211.0,214.2,209.25,210.25,3171251
2017-10-16,210.3,211.85,207.1,209.6,2658347
2017-10-17,210.4,213.35,209.05,210.3,3269191
2017-10-18,211.45,211.45,205.6,206.8,4687271
2017-10-19,207.9,207.95,203.7,204.6,532661
2017-10-23,205.5,207.45,202.6,203.1,2952899
2017-10-24,204.0,210.25,203.55,209.65,3568231
2017-10-25,211.0,211.5,203.0,205.3,2640192
2017-10-26,204.95,210.85,203.4,209.8,4964383
2017-10-27,211.3,221.8,209.75,220.5,8891566
2017-10-30,225.0,230.25,222.5,226.8,13953152
2017-10-31,226.95,228.25,223.15,226.95,5175219
2017-11-01,226.95,231.4,226.35,227.8,3608627
2017-11-02,227.9,231.25,223.4,226.35,7866167
2017-11-03,227.0,227.9,224.35,225.3,1920643
2017-11-06,224.9,236.9,224.0,234.7,6994467
2017-11-07,235.0,235.5,221.3,225.0,5306883
2017-11-08,226.0,228.0,222.55,224.5,3299527
2017-11-09,225.8,241.6,225.3,240.45,11299727
2017-11-10,240.7,244.0,234.65,236.15,7726311
2017-11-13,236.3,239.8,232.85,234.4,2923051
2017-11-14,234.7,248.0,228.4,246.7,15847309
2017-11-15,237.9,253.35,237.9,250.9,17805320
2017-11-16,254.0,254.65,247.2,251.95,6292626
2017-11-17,252.25,260.8,250.8,259.9,6857865
2017-11-20,261.15,276.25,259.25,274.9,13458563
2017-11-21,275.9,280.75,271.15,273.15,12063135
2017-11-22,273.5,275.85,267.75,274.05,5015906
2017-11-23,273.15,276.95,270.5,274.8,3371088
2017-11-24,275.05,280.0,275.05,278.7,3855810
2017-11-27,277.5,278.4,274.3,277.45,2208868
2017-11-28,277.0,289.8,276.5,287.75,11258640
2017-11-29,287.3,290.65,278.3,280.2,6464166
2017-11-30,278.9,292.2,277.55,287.1,9944314
2017-12-01,288.45,293.6,282.6,283.55,7150041
2017-12-04,285.0,286.5,276.4,279.05,5784862
2017-12-05,279.4,283.75,278.15,279.95,4876970
2017-12-06,278.9,282.95,273.6,274.95,4358618
2017-12-07,276.0,284.85,275.65,284.0,3820082
2017-12-08,287.55,289.9,285.05,288.45,4297335
2017-12-11,290.0,299.55,285.9,298.35,8045275
2017-12-12,298.6,298.6,286.65,287.8,6874578
2017-12-13,290.0,292.5,282.2,284.45,6799578
2017-12-14,288.0,288.25,279.2,284.3,5575066
2017-12-15,289.0,289.95,286.15,286.85,3036814
2017-12-18,280.0,293.95,275.1,290.85,5912782
2017-12-19,292.0,301.45,291.7,300.65,8383608
2017-12-20,301.0,303.8,297.75,300.85,4692403
2017-12-21,302.25,303.0,298.15,300.15,2280137
2017-12-22,301.0,306.35,299.7,302.75,4703911
2017-12-26,303.7,307.7,300.55,305.95,3956481
2017-12-27,305.5,308.8,302.5,305.55,3315278
2017-12-28,306.5,309.3,303.55,306.6,4620000
2017-12-29,308.05,318.0,306.35,316.4,6874520
2018-01-01,317.75,317.8,311.8,312.9,1602814
2018-01-02,314.3,314.95,307.55,311.15,2014415
2018-01-03,311.9,315.15,310.15,311.2,2073353
2018-01-04,312.0,313.5,307.25,312.25,2703849
2018-01-05,312.3,315.85,310.35,312.95,1896601
2018-01-08,314.65,319.2,312.2,317.6,2171903
2018-01-09,317.6,319.65,314.0,315.3,2411068
2018-01-10,315.0,319.1,312.55,314.1,2517494
2018-01-11,314.0,316.7,311.8,313.3,3481728
2018-01-12,315.05,328.35,315.0,325.75,14484043
2018-01-15,327.7,328.75,321.65,323.0,4519030
2018-01-16,323.0,326.9,311.45,316.4,4683847
2018-01-17,313.85,317.0,307.55,313.55,3742677
2018-01-18,315.05,315.75,301.4,305.45,3408593
2018-01-19,306.0,310.0,300.95,308.35,3653286
2018-01-22,307.05,314.95,306.6,308.85,3278437
2018-01-23,310.7,310.7,304.05,307.2,4416130
2018-01-24,306.0,310.7,302.8,304.25,2154759
2018-01-25,304.0,311.25,301.65,304.25,3631793
2018-01-29,305.25,306.8,300.7,301.8,1806919
2018-01-30,300.95,307.3,299.45,304.0,2590100
2018-01-31,302.9,303.7,286.1,290.65,5397599
2018-02-01,290.25,294.9,278.6,288.35,4593306
2018-02-02,284.0,285.0,260.25,274.85,6697007
2018-02-05,265.1,276.9,255.15,273.1,6833906
2018-02-06,259.0,270.3,253.25,266.7,7044561
2018-02-07,270.0,284.4,270.0,280.15,8055761
2018-02-08,282.0,286.5,276.1,280.45,5863983
2018-02-09,271.1,279.8,271.1,278.25,3121544
2018-02-12,282.4,289.6,279.7,285.1,4583181
2018-02-14,287.95,289.0,280.9,281.95,2455660
2018-02-15,284.35,285.25,276.0,279.05,1807307
2018-02-16,280.25,282.75,274.2,275.6,1925414
2018-02-19,277.0,277.05,263.0,267.95,2620461
2018-02-20,268.7,274.2,261.65,262.85,5120799
2018-02-21,265.0,268.85,262.2,266.6,3638163
2018-02-22,265.95,269.9,261.1,262.15,5466484
2018-02-23,264.2,271.9,263.0,270.7,3895920
2018-02-26,273.55,274.8,271.55,273.5,3672359
2018-02-27,275.0,279.7,273.1,275.0,4778178
2018-02-28,273.0,277.0,272.0,275.5,2808234
2018-03-01,275.0,277.35,274.1,274.85,2322191
2018-03-05,274.8,276.95,270.55,275.65,4680138
2018-03-06,276.7,283.1,271.45,274.15,6601857
2018-03-07,272.0,274.45,265.15,268.9,4847214
2018-03-08,270.5,274.2,265.0,273.4,2246589
2018-03-09,275.9,275.9,266.6,268.35,1614381
2018-03-12,270.0,276.65,269.7,276.05,2583575
2018-03-13,278.05,281.3,273.2,278.2,3095190
2018-03-14,275.25,281.25,275.25,278.5,2056369
2018-03-15,278.0,284.4,277.25,279.6,2877987
2018-03-16,280.8,282.7,271.05,272.4,2762357
2018-03-19,272.6,273.0,258.35,260.6,3665423
2018-03-20,259.7,263.65,255.1,262.05,2855717
2018-03-21,265.3,266.3,262.15,263.2,1477158
2018-03-22,264.65,264.65,257.6,258.85,1681596
2018-03-23,251.05,258.9,250.0,257.9,2297852
2018-03-26,258.05,263.5,253.7,262.2,2440719
2018-03-27,264.0,265.75,260.75,263.8,3071911
2018-03-28,261.25,264.0,257.5,258.75,2283408
2018-04-02,259.35,278.4,259.35,276.95,6610831
2018-04-03,276.0,277.55,271.7,274.8,2613360
2018-04-04,276.7,279.05,269.55,270.25,3283985
2018-04-05,274.55,277.0,271.5,273.0,2658707
2018-04-06,274.8,275.65,271.0,272.7,1852060
2018-04-09,275.0,281.65,273.0,277.8,4623765
2018-04-10,280.2,280.7,274.1,275.5,2190930
2018-04-11,276.1,276.35,271.5,273.85,1996390
2018-04-12,273.9,277.8,271.65,273.85,2149205
2018-04-13,274.0,277.35,271.75,275.5,2196800
2018-04-16,274.0,280.2,272.55,279.65,3030999
2018-04-17,282.0,285.25,277.5,280.95,5799262
2018-04-18,282.3,287.45,279.25,284.1,4719061
2018-04-19,286.0,288.65,283.6,286.2,2434183
2018-04-20,285.95,288.8,283.65,286.3,2523492
2018-04-23,287.7,287.8,282.65,283.6,1687369
2018-04-24,283.0,288.0,281.8,283.15,2131466
2018-04-25,283.05,291.25,282.05,289.1,4804882
2018-04-26,292.5,293.65,288.75,291.2,4942803
2018-04-27,293.45,294.4,291.05,292.1,1858644
2018-04-30,293.9,298.5,292.05,297.55,3046154
2018-05-02,297.4,300.0,289.4,292.75,1857277
2018-05-03,292.75,292.75,283.1,286.65,2561225
2018-05-04,287.05,291.5,282.3,287.8,1399442
2018-05-07,288.8,295.5,287.0,294.2,1848551
2018-05-08,296.0,296.2,287.25,289.7,1720983
2018-05-09,289.6,294.35,288.6,292.0,1820409
2018-05-10,292.95,293.0,283.45,285.25,1446384
2018-05-11,284.4,290.5,284.4,287.5,1974327
2018-05-14,280.0,281.35,251.85,255.9,16822848
2018-05-15,256.45,259.5,240.75,242.65,9298329
2018-05-16,240.0,245.6,237.25,241.1,6328483
2018-05-17,243.5,249.3,242.5,247.5,7108750
2018-05-18,248.3,248.95,243.35,244.7,3297714
2018-05-21,244.1,248.35,240.55,243.55,3180360
2018-05-22,244.0,251.1,244.0,247.15,3175432
2018-05-23,246.5,252.35,245.55,250.2,4295785
2018-05-24,251.0,255.5,247.3,254.5,2921253
2018-05-25,252.2,259.4,252.2,257.85,2071496
2018-05-28,254.7,262.2,254.65,260.65,2649349
2018-05-29,257.4,262.7,257.0,257.5,2235734
2018-05-30,254.0,266.0,253.2,264.5,4154146
2018-05-31,267.0,272.0,260.7,269.2,3469905
2018-06-01,269.7,269.7,258.55,263.25,2622839
2018-06-04,265.0,265.4,253.5,255.25,1819147
2018-06-05,255.5,264.7,254.8,263.75,4208120
2018-06-06,262.75,266.7,260.35,265.75,2052017
2018-06-07,266.9,269.7,263.3,267.1,1527128
2018-06-08,263.7,269.35,263.55,266.95,1104173
2018-06-11,265.6,271.25,262.7,263.7,3538690
2018-06-12,262.75,268.4,262.75,267.6,1206633
2018-06-13,267.0,270.5,265.35,269.6,1232644
2018-06-14,269.8,278.75,268.2,277.8,3646744
2018-06-15,279.15,281.0,271.45,272.15,3133233
2018-06-18,271.55,276.85,269.15,275.35,1541522
2018-06-19,274.65,274.65,266.05,267.05,6224725
2018-06-20,263.7,264.75,257.0,260.85,3367252
2018-06-21,258.05,262.35,255.5,258.2,3020580
2018-06-22,257.9,263.55,256.45,262.1,2459832
2018-06-25,260.1,266.95,260.1,264.5,2103452
2018-06-26,264.8,269.7,263.3,267.35,2208389
2018-06-27,265.1,268.4,261.2,265.6,2234204
2018-06-28,263.0,268.25,261.45,263.95,4511203
2018-06-29,262.7,270.15,262.7,269.35,2077927
2018-07-02,271.0,273.1,263.25,264.45,3661633
2018-07-03,264.5,284.5,262.7,281.0,6676660
2018-07-04,281.0,281.0,275.35,277.3,3598212
2018-07-05,277.45,282.4,270.0,271.25,2338411
2018-07-06,269.8,273.25,265.7,266.3,2022333
2018-07-09,268.25,276.2,267.0,275.25,2267486
2018-07-10,275.9,277.8,272.55,274.75,1284523
2018-07-11,274.8,275.45,267.45,269.8,1407688
2018-07-12,270.4,272.45,264.35,265.2,2250217
2018-07-13,265.0,265.75,257.55,258.9,3357333
2018-07-16,257.9,257.9,242.1,243.25,3454849
2018-07-17,241.55,251.85,240.3,247.9,3158004
2018-07-18,248.4,249.6,232.7,238.65,3343525
2018-07-19,239.7,243.3,228.6,233.1,4223216
2018-07-20,231.25,240.95,231.25,238.6,3003282
2018-07-23,238.9,244.25,235.25,243.3,2351769
2018-07-24,244.0,249.2,241.9,246.3,2278457
2018-07-25,248.5,248.5,235.8,236.9,2310430
2018-07-26,235.9,242.95,234.5,239.1,3996921
2018-07-27,241.0,243.95,239.15,242.25,1581985
2018-07-30,243.7,247.0,240.9,242.2,1867720
2018-07-31,243.4,249.65,241.5,246.9,4422342
2018-08-01,248.7,254.95,234.35,235.65,13272609
2018-08-02,232.5,238.05,230.4,235.45,5700851
2018-08-03,236.0,239.0,232.0,234.65,3357945
2018-08-06,235.15,240.45,234.15,239.5,2560616
2018-08-07,241.0,241.55,235.3,237.6,1963538
2018-08-08,237.25,240.5,235.05,236.35,1807313
2018-08-09,236.65,239.85,235.3,237.3,1127248
2018-08-10,237.3,237.95,231.1,233.55,2035594
2018-08-13,233.0,236.45,232.25,234.55,1948583
2018-08-14,235.0,238.5,235.0,237.55,1885288
2018-08-16,236.05,242.0,235.95,239.35,2551480
2018-08-17,240.8,244.5,239.2,243.0,2838238
2018-08-20,244.0,247.0,243.0,245.15,1690225
2018-08-21,246.9,246.9,239.25,240.55,3272005
2018-08-23,240.3,240.6,233.1,235.45,1553953
2018-08-24,234.5,237.2,230.2,231.0,1838417
2018-08-27,231.8,239.35,231.05,237.05,1990020
2018-08-28,237.0,239.3,231.3,233.35,2374782
2018-08-29,233.85,237.7,232.7,234.55,1394661
2018-08-30,235.35,237.3,232.1,236.0,1921327
2018-08-31,237.0,239.75,232.95,234.3,3353833
2018-09-03,236.0,243.55,235.05,236.7,5242852
2018-09-04,238.2,238.2,222.6,223.7,3554859
2018-09-05,222.0,224.6,215.2,222.4,3023097
2018-09-06,224.0,225.0,218.2,221.05,1738824
2018-09-07,221.0,224.5,219.1,222.95,1232507
2018-09-10,222.5,235.15,220.65,222.0,7514106
2018-09-11,222.5,225.4,214.85,216.0,3508990
2018-09-12,216.35,223.7,212.65,222.65,4570939
2018-09-14,223.45,236.7,223.3,233.95,6377909
2018-09-17,233.15,238.0,230.25,236.6,3170894
2018-09-18,237.9,239.25,233.5,235.05,2614794
2018-09-19,235.95,237.2,233.45,234.9,1362058
2018-09-21,235.0,237.0,227.95,234.6,5395319
2018-09-24,233.55,239.2,230.75,233.3,3423509
2018-09-25,233.3,236.75,232.0,236.1,2349368
2018-09-26,240.0,240.0,232.5,234.25,2240909
2018-09-27,234.55,236.8,231.1,233.25,5082859
2018-09-28,234.05,235.95,230.2,233.75,3069914
2018-10-01,234.55,234.6,221.05,230.9,1534749
2018-10-03,230.0,237.5,225.75,227.6,1708590
2018-10-04,223.5,227.8,216.15,218.2,1728786
2018-10-05,217.0,218.6,205.9,209.2,3519515
2018-10-08,208.0,222.25,206.85,215.15,4642146
2018-10-09,215.5,219.15,209.6,216.5,1844462
2018-10-10,215.0,229.65,215.0,228.4,2919278
2018-10-11,215.0,229.7,215.0,224.6,1293881
2018-10-12,226.25,232.35,225.5,229.1,1165527
2018-10-15,229.7,237.0,226.8,234.9,1224339
2018-10-16,237.1,237.7,233.05,235.45,1723113
2018-10-17,237.7,240.8,229.45,231.1,2945914
2018-10-19,230.3,232.7,225.5,227.2,1527904
2018-10-22,229.45,231.6,222.0,223.25,3529711
2018-10-23,221.1,222.2,214.75,218.3,1416279
2018-10-24,220.1,221.25,217.05,219.8,2171956
2018-10-25,217.9,224.7,216.0,222.1,3288126
2018-10-26,223.0,223.0,215.75,217.6,1254856
2018-10-29,217.0,221.45,217.0,220.0,966687
2018-10-30,220.9,228.8,219.4,227.3,2230812
2018-10-31,218.2,220.9,205.0,217.85,9609975
2018-11-01,218.0,220.5,216.4,217.75,2117862
2018-11-02,220.0,223.5,216.9,217.65,1701852
2018-11-05,217.5,221.35,217.05,219.85,977010
2018-11-06,220.75,221.75,213.15,213.8,1114288
2018-11-07,215.0,216.55,214.8,215.2,180558
2018-11-09,215.0,215.6,208.55,209.5,3291284
2018-11-12,211.0,217.0,210.2,214.7,2554231
2018-11-13,214.0,221.2,211.8,219.95,1773622
2018-11-14,220.55,221.45,216.5,217.4,1316163
2018-11-15,217.95,222.5,216.7,221.45,1146455
2018-11-16,221.5,224.25,218.55,221.8,817962
2018-11-19,222.0,225.5,221.5,224.15,904579
2018-11-20,223.0,224.85,215.0,215.95,913551
2018-11-21,215.0,220.45,215.0,219.0,1168853
2018-11-22,219.0,219.7,214.8,215.9,967411
2018-11-26,217.45,218.9,213.0,217.65,1452206
2018-11-27,218.95,219.95,214.0,217.75,1863491
2018-11-28,217.4,221.45,215.2,216.0,977424
2018-11-29,217.0,220.65,213.9,218.75,2173966
2018-11-30,216.25,220.6,216.25,218.65,1044674
2018-12-03,218.5,219.2,214.3,214.75,1099033
2018-12-04,214.75,216.75,208.8,209.5,1908684
2018-12-05,209.0,212.5,205.4,211.7,3055629
2018-12-06,210.5,211.65,207.0,208.15,1270790
2018-12-07,208.55,209.5,203.3,206.55,1422582
2018-12-10,203.0,209.6,197.05,198.2,2514120
2018-12-11,195.0,203.8,195.0,202.85,1818568
2018-12-12,203.15,213.9,203.0,212.95,1755046
2018-12-13,213.35,215.7,210.25,212.4,1196911
2018-12-14,212.0,213.35,210.0,212.35,860565
2018-12-17,212.8,213.4,209.5,210.05,1303397
2018-12-18,209.8,213.5,208.95,210.1,1395195
2018-12-19,210.6,214.65,209.55,210.15,2459567
2018-12-20,209.5,213.1,208.6,210.2,1263237
2018-12-21,211.0,219.6,210.8,215.4,5654362
2018-12-24,215.55,224.0,215.4,219.05,5808490
2018-12-26,220.4,220.4,212.4,218.55,1598566
2018-12-27,221.8,224.9,215.2,220.05,9509683
2018-12-28,221.75,223.3,219.55,220.8,2263147
2019-01-01,219.95,221.05,218.05,219.1,716275
2019-01-02,219.0,220.35,213.6,214.6,1081778
2019-01-03,214.95,215.35,209.9,210.05,2096553
2019-01-04,210.6,214.9,210.0,213.8,1213181
2019-01-07,214.6,216.95,214.0,214.95,871903
2019-01-08,214.6,216.15,212.7,215.15,590293
2019-01-09,216.0,216.7,210.65,212.6,908322
2019-01-10,212.05,215.2,212.05,214.15,715378
2019-01-11,214.0,215.25,211.3,211.9,698106
2019-01-14,211.75,214.25,209.65,213.5,1036107
2019-01-15,213.1,215.25,212.6,214.3,649313
2019-01-16,214.4,219.2,213.85,216.45,1088457
2019-01-17,216.5,218.75,215.05,218.15,1267904
2019-01-18,218.4,218.5,213.7,216.25,771653
2019-01-21,216.2,216.95,210.0,210.5,1005521
2019-01-22,209.7,212.55,209.2,212.1,682384
2019-01-23,211.5,214.8,210.0,210.6,937183
2019-01-24,212.1,212.65,209.45,210.8,1059068
2019-01-25,211.0,212.05,206.05,207.05,1723705
2019-01-28,207.0,210.3,201.35,209.25,1629992
2019-01-29,210.0,210.4,202.2,204.85,1325502
2019-01-30,203.75,206.55,201.9,204.5,1407845
2019-01-31,205.8,206.0,200.8,203.8,2584783
2019-02-01,203.8,207.8,201.65,204.1,948332
2019-02-04,203.5,204.45,198.0,199.85,1115503
2019-02-05,198.5,200.05,179.3,185.95,8331711
2019-02-06,184.0,189.75,178.1,188.45,3459646
2019-02-07,188.3,192.45,186.65,191.1,1968302
2019-02-08,190.0,191.5,184.4,185.7,1280248
2019-02-11,185.9,186.0,177.05,179.75,3460117
2019-02-12,179.05,189.0,178.6,186.55,2805228
2019-02-13,187.0,187.7,182.85,185.0,1618836
2019-02-14,183.15,190.4,182.95,188.9,997833
2019-02-15,191.0,191.0,184.2,186.15,1624523
2019-02-18,186.15,186.5,181.5,182.75,1026852
2019-02-19,182.6,188.8,182.25,184.5,984628
2019-02-20,184.5,189.3,184.5,188.7,993170
2019-02-21,188.0,194.9,187.55,190.65,2511829
2019-02-22,190.0,192.05,188.05,189.25,1243941
2019-02-25,190.1,193.2,188.55,191.1,1373833
2019-02-26,189.75,192.25,185.35,191.65,1271388
2019-02-27,192.0,195.0,190.1,192.7,1816786
2019-02-28,192.4,195.0,191.55,193.7,1090108
2019-03-01,194.0,197.85,193.2,197.3,1292085
2019-03-05,197.6,199.9,196.6,197.55,1910560
2019-03-06,198.5,203.25,196.1,197.95,1716592
2019-03-07,198.8,199.9,196.15,196.6,933729
2019-03-08,196.0,197.6,192.6,193.2,1542933
2019-03-11,192.05,203.0,192.05,202.5,3592265
2019-03-12,204.45,206.2,203.15,204.9,1991333
2019-03-13,205.95,208.75,202.25,202.85,2690181
2019-03-14,204.0,211.8,203.0,206.2,6563662
2019-03-15,207.4,208.6,202.35,203.2,2025761
2019-03-18,204.9,205.0,198.55,200.25,1608207
2019-03-19,200.55,205.5,200.3,203.3,1792277
2019-03-20,203.85,204.0,197.15,198.1,2158406
2019-03-22,199.3,201.85,195.2,195.75,1298095
2019-03-25,195.0,199.5,193.6,196.65,1658129
2019-03-26,195.65,197.5,194.05,196.05,1154541
2019-03-27,196.5,200.2,195.1,196.6,1962815
2019-03-28,197.5,200.55,196.75,198.95,1586111
2019-03-29,199.0,206.2,198.85,203.95,2889335
2019-04-01,204.55,209.3,204.2,208.1,1915582
2019-04-02,208.0,214.7,207.55,211.9,3913611
2019-04-03,212.65,213.2,207.35,208.35,2330970
2019-04-04,208.4,212.4,205.65,211.35,2089235
2019-04-05,211.4,215.5,210.05,211.3,2761691
2019-04-08,212.0,214.7,210.0,211.7,1557504
2019-04-09,211.9,211.9,207.95,210.25,827540
2019-04-10,208.1,211.9,207.75,208.8,1142036
2019-04-11,208.7,215.25,208.6,214.6,2439649
2019-04-12,215.95,217.25,213.05,215.15,2620746
2019-04-15,216.45,218.7,213.9,216.65,2673514
2019-04-16,217.4,217.4,214.55,215.7,1143488
2019-04-18,215.7,216.8,207.3,208.85,2818804
2019-04-22,208.15,213.45,208.0,209.35,2003793
2019-04-23,209.8,210.85,204.0,209.6,3217791
2019-04-24,204.0,211.95,200.65,208.9,9668429
2019-04-25,209.4,212.85,207.3,211.2,3228599
2019-04-26,213.0,216.9,209.7,213.2,2510185
2019-04-30,211.0,213.05,207.3,209.2,2370602
2019-05-02,208.1,210.05,205.05,206.3,2271545
2019-05-03,205.9,207.45,203.35,204.0,1639544
2019-05-06,202.9,206.0,202.05,202.65,1068557
2019-05-07,203.1,206.0,198.8,199.75,1453964
2019-05-08,200.0,202.25,198.25,199.45,1452184
2019-05-09,199.3,200.95,195.1,198.6,1365985
2019-05-10,198.6,201.4,197.55,198.5,1246805
2019-05-13,197.25,204.3,197.0,199.85,2827684
2019-05-14,202.0,204.9,197.25,200.25,4190535
2019-05-15,202.3,204.9,198.1,199.25,2581825
2019-05-16,207.0,223.0,197.15,220.8,27398308
2019-05-17,220.0,238.3,218.6,235.4,17955568
2019-05-20,239.8,241.95,231.5,235.85,7507001
2019-05-21,235.0,237.0,229.7,232.5,4396346
2019-05-22,233.0,236.0,230.15,234.05,3274093
2019-05-23,238.0,238.0,229.2,230.3,3287277
2019-05-24,230.7,236.4,227.9,234.9,2395433
2019-05-27,237.2,237.5,232.25,233.4,1832951
2019-05-28,235.4,243.75,233.75,237.3,4121336
2019-05-29,236.9,239.9,232.4,234.35,2445735
2019-05-30,234.1,238.15,233.0,236.85,1442935
2019-05-31,237.0,246.25,235.35,244.0,6568324
2019-06-03,245.0,247.4,242.3,244.95,3279574
2019-06-04,244.6,258.7,244.0,253.45,10943654
2019-06-06,253.0,257.4,246.75,252.5,5822991
2019-06-07,251.5,259.85,247.65,257.0,6012221
2019-06-10,257.0,259.05,250.65,252.7,3098985
2019-06-11,253.45,256.7,250.6,255.35,2440220
2019-06-12,254.8,257.45,253.25,255.15,2028664
2019-06-13,255.2,255.9,251.15,253.85,1232935
2019-06-14,253.0,254.85,246.1,247.05,1914763
2019-06-17,246.5,251.8,243.35,245.7,1818946
2019-06-18,246.25,248.65,245.05,247.8,1752118
2019-06-19,248.6,250.2,243.15,245.3,2503805
2019-06-20,244.85,256.8,244.7,255.85,4602715
2019-06-21,255.85,264.0,253.5,261.8,3760383
2019-06-24,261.0,263.0,256.75,259.95,2281154
2019-06-25,260.0,260.7,256.85,259.15,1699986
2019-06-26,260.0,275.0,258.3,272.65,8391203
2019-06-27,274.0,277.4,269.3,273.8,3685617
2019-06-28,273.8,273.8,267.5,269.7,2322676
2019-07-01,270.1,272.7,268.5,271.55,1425361
2019-07-02,273.3,275.0,269.5,271.8,1702477
2019-07-03,271.0,273.9,269.95,271.65,1027844
2019-07-04,272.2,273.0,268.6,269.65,2067702
2019-07-05,270.0,272.2,263.25,266.6,1804483
2019-07-08,265.0,266.95,260.55,263.55,1429701
2019-07-09,263.1,266.25,261.45,263.55,1723027
2019-07-10,263.3,264.7,250.3,251.65,2861877
2019-07-11,253.0,259.55,252.15,255.95,2071153
2019-07-12,255.0,260.2,253.15,257.95,1087977
2019-07-15,260.0,260.0,253.5,254.3,1832470
2019-07-16,254.3,261.0,254.0,259.55,1245709
2019-07-17,258.65,263.5,255.95,257.0,2631378
2019-07-18,256.7,258.75,254.25,255.1,1082809
2019-07-19,256.0,256.35,245.6,248.85,2750857
2019-07-22,249.0,255.5,247.1,251.6,1740529
2019-07-23,250.0,253.25,249.0,250.4,1441755
2019-07-24,250.0,252.1,248.0,249.9,1761267
2019-07-25,249.8,254.6,249.3,251.6,1509879
2019-07-26,251.95,260.5,250.4,258.35,2006636
2019-07-29,258.5,259.95,252.6,256.0,1208093
2019-07-30,257.0,259.2,247.7,249.7,1577476
2019-07-31,247.0,254.45,245.7,251.6,1479989
2019-08-01,252.0,262.5,250.5,258.75,5362278
2019-08-02,258.7,269.75,254.4,265.6,3587924
2019-08-05,264.35,266.4,259.7,260.9,2298112
2019-08-06,262.0,273.2,261.95,270.55,2899938
2019-08-07,271.25,274.35,268.35,269.4,1761095
2019-08-08,271.5,272.7,266.85,270.9,1823157
2019-08-09,272.0,273.9,264.75,265.5,2192096
2019-08-13,264.5,268.1,261.8,263.6,1060200
2019-08-14,264.1,269.7,261.2,267.0,1331862
2019-08-16,265.85,269.5,263.8,266.85,823258
2019-08-19,267.4,271.0,266.2,268.2,1332431
2019-08-20,268.95,270.35,263.65,265.9,600434
2019-08-21,266.0,266.0,259.6,261.45,1222492
2019-08-22,261.0,262.85,256.65,258.7,864809
2019-08-23,259.55,267.25,256.85,265.95,1376595
2019-08-26,269.25,273.9,265.8,269.05,1791288
2019-08-27,270.0,271.3,264.85,266.4,1420227
2019-08-28,270.0,281.3,267.6,280.05,7632634
2019-08-29,281.0,282.0,271.45,274.55,4231503
2019-08-30,275.5,280.45,274.9,278.5,2714305
2019-09-03,277.0,279.6,270.2,271.2,1619484
2019-09-04,271.95,272.9,262.35,267.0,2261160
2019-09-05,268.0,269.25,263.45,264.45,1401218
2019-09-06,265.0,266.3,259.55,262.75,1255736
2019-09-09,263.5,267.35,261.7,263.8,2640504
2019-09-11,265.95,267.8,257.2,259.35,2667978
2019-09-12,259.8,263.9,258.2,262.3,2744024
2019-09-13,263.9,264.5,256.0,259.0,3050128
2019-09-16,256.5,259.4,255.7,257.5,1044609
2019-09-17,258.0,260.8,255.0,256.25,2237086
2019-09-18,258.0,261.35,253.5,259.75,2360120
2019-09-19,259.7,259.7,250.65,254.45,3546569
2019-09-20,254.1,270.65,249.95,267.35,4803062
2019-09-23,266.0,277.0,265.2,273.65,9811055
2019-09-24,274.0,277.5,271.95,275.0,2160946
2019-09-25,274.5,281.25,271.3,279.45,3273970
2019-09-26,281.9,284.85,277.15,279.9,4937972
2019-09-27,279.9,287.7,278.6,281.95,4289026
2019-09-30,281.95,281.95,275.35,276.0,2057195
2019-10-01,276.0,276.85,267.35,270.65,3532083
2019-10-03,270.0,274.35,268.5,272.75,1509727
2019-10-04,274.1,274.9,262.65,266.2,3182068
2019-10-07,267.75,269.1,262.85,265.7,1072461
2019-10-09,266.1,271.65,264.25,269.95,2022400
2019-10-10,269.9,272.45,265.1,266.65,880540
2019-10-11,268.25,273.9,265.85,272.05,3586098
2019-10-14,274.0,277.8,273.0,275.75,2040226
2019-10-15,277.45,278.45,273.8,277.75,1009890
2019-10-16,277.9,279.0,273.7,275.55,814304
2019-10-17,276.35,280.25,271.75,279.45,1981158
2019-10-18,279.4,285.2,275.8,282.0,3298797
2019-10-22,283.35,287.9,280.55,281.75,1998064
2019-10-23,284.0,284.6,277.0,278.85,1218611
2019-10-24,279.0,285.0,278.1,281.1,1320404
2019-10-25,281.95,281.95,277.35,279.6,1338263
2019-10-27,279.6,281.65,278.15,279.85,277674
2019-10-29,281.85,288.0,278.7,283.4,2690746
2019-10-30,288.0,295.0,284.7,291.75,5628792
2019-10-31,290.0,319.8,283.7,317.0,21060788
2019-11-01,316.8,322.5,304.3,304.95,9141707
2019-11-04,305.1,312.25,301.4,306.6,5879974
2019-11-05,306.6,308.15,299.55,300.5,2621087
2019-11-06,300.0,305.8,299.0,299.9,3708046
2019-11-07,300.5,302.5,296.3,300.85,2003799
2019-11-08,299.0,299.0,294.0,295.2,4689759
2019-11-11,292.0,297.45,292.0,294.95,3794293
2019-11-13,296.2,296.7,287.4,289.5,2579434
2019-11-14,287.0,296.85,285.25,295.5,4984429
2019-11-15,295.55,302.5,295.55,297.75,3644187
2019-11-18,296.5,307.0,296.5,305.3,3635065
2019-11-19,306.45,308.4,300.9,302.5,1672538
2019-11-20,304.9,307.9,301.0,306.8,2044550
2019-11-21,306.8,311.95,300.35,301.8,2983373
2019-11-22,303.0,303.0,296.7,299.6,2167799
2019-11-25,299.9,305.65,299.05,302.15,1483132
2019-11-26,303.8,305.05,298.05,299.5,2171513
2019-11-27,301.0,308.7,298.7,307.35,2647248
2019-11-28,308.1,321.75,307.5,318.7,8388284
2019-11-29,318.0,324.9,314.55,323.15,4891923
2019-12-02,324.8,325.3,316.0,316.8,2025042
2019-12-03,316.2,316.8,310.2,314.4,1564692
2019-12-04,312.2,319.95,311.65,318.9,1659772
2019-12-05,321.3,321.95,312.5,315.6,2887465
2019-12-06,316.0,319.85,312.5,313.75,1692801
2019-12-09,312.1,317.0,311.55,315.45,1118398
2019-12-10,316.0,317.0,311.35,312.85,1292439
2019-12-11,311.5,315.5,309.35,314.35,1854516
2019-12-12,314.6,327.55,314.35,323.55,5568413
2019-12-13,323.9,330.05,321.6,328.05,4606412
2019-12-16,329.0,329.4,320.55,322.25,2144758
2019-12-17,323.8,329.9,322.55,325.15,2918086
2019-12-18,325.0,326.45,304.6,312.35,4790723
2019-12-19,312.4,316.35,309.1,313.95,5360691
2019-12-20,313.35,315.0,311.25,312.65,1799384
2019-12-23,318.2,322.9,313.7,314.9,6065714
2019-12-24,315.05,318.4,312.5,315.35,1933222
2019-12-26,315.0,319.7,312.05,312.9,3323173
2019-12-27,314.0,319.5,313.0,318.45,2357762
2019-12-30,318.45,322.75,317.05,321.4,2910244
