date,open,high,low,close,volume
2009-03-05,37.5,37.8,34.7,35.5,259318
2009-03-06,35.1,35.7,34.4,34.7,206805
2009-03-09,34.15,35.45,32.55,32.8,198662
2009-03-12,33.2,36.0,31.9,32.2,283402
2009-03-13,33.5,33.75,32.15,32.6,702497
2009-03-16,32.8,33.7,32.5,32.85,661917
2009-03-17,33.0,34.35,32.75,33.05,538608
2009-03-18,33.5,36.5,33.5,34.95,875556
2009-03-19,34.15,36.3,34.15,35.0,318090
2009-03-20,34.75,35.0,34.2,34.5,143495
2009-03-23,34.5,37.2,34.5,36.7,499106
2009-03-24,37.5,38.5,36.65,37.0,653175
2009-03-25,36.6,37.4,35.5,36.05,300449
2009-03-26,36.65,38.6,36.0,37.8,926816
2009-03-27,38.25,39.8,37.6,38.85,641246
2009-03-30,38.0,40.45,37.1,37.65,531469
2009-03-31,38.2,40.2,37.0,39.5,640655
2009-04-01,40.25,41.65,39.2,41.3,599194
2009-04-02,41.75,43.05,41.75,42.65,530477
2009-04-06,43.0,44.3,42.5,43.7,541152
2009-04-08,42.8,54.3,42.05,52.65,3821039
2009-04-09,53.5,55.3,50.15,52.4,2424368
2009-04-13,53.35,57.15,52.8,55.9,2165540
2009-04-15,55.9,60.0,55.0,58.7,1930291
2009-04-16,57.0,60.9,50.5,51.75,1216066
2009-04-17,52.5,58.5,52.0,53.1,1941403
2009-04-20,52.0,55.0,51.8,52.9,717538
2009-04-21,51.0,54.6,51.0,53.45,738351
2009-04-22,53.0,55.3,50.5,51.65,804577
2009-04-23,53.0,53.5,50.5,52.95,602410
2009-04-24,54.0,55.6,52.2,55.0,814265
2009-04-27,56.0,57.05,52.55,53.2,695600
2009-04-28,53.9,53.95,48.0,48.35,673480
2009-04-29,50.0,52.5,48.7,51.65,1242705
2009-05-04,54.9,58.35,54.0,55.5,902477
2009-05-05,56.3,68.2,55.5,65.5,8259535
2009-05-06,66.1,68.4,61.0,62.25,4222954
2009-05-07,63.9,65.9,62.3,63.95,1510986
2009-05-08,63.95,66.95,62.0,64.9,2372011
2009-05-11,65.9,66.35,60.25,64.85,3854660
2009-05-12,64.0,65.25,61.8,62.9,2814432
2009-05-13,65.8,66.0,61.2,62.1,1483959
2009-05-14,60.1,63.45,59.4,62.15,954945
2009-05-15,63.5,64.0,61.1,61.7,1026199
2009-05-18,66.0,69.0,65.7,68.0,4876
2009-05-19,70.0,72.3,62.2,70.95,3575035
2009-05-20,70.0,84.9,68.5,79.05,2939394
2009-05-21,79.0,83.7,75.15,77.7,1440373
2009-05-22,75.55,82.9,74.6,81.65,1227930
2009-05-25,82.0,94.5,82.0,91.1,4836144
2009-05-26,92.9,93.9,81.65,83.35,1837499
2009-05-27,85.0,88.5,81.1,85.4,2569978
2009-05-28,85.0,88.55,84.5,87.25,2075853
2009-05-29,87.5,91.0,86.25,87.15,1849853
2009-06-01,89.9,91.0,88.0,90.05,1530137
2009-06-02,91.6,93.75,88.5,92.5,2391975
2009-06-03,93.5,96.0,89.2,91.7,2028071
2009-06-04,90.8,97.5,89.7,94.75,2624952
2009-06-05,95.0,103.7,92.5,97.05,6453586
2009-06-08,96.0,102.45,90.1,94.4,4811555
2009-06-09,93.1,100.6,91.0,99.55,2304059
2009-06-10,100.1,102.0,93.05,96.1,2703879
2009-06-11,97.0,104.25,96.25,101.8,5099997
2009-06-12,102.7,106.35,96.5,97.95,4813288
2009-06-15,96.1,98.3,92.0,93.3,1350007
2009-06-16,91.1,98.75,90.1,96.45,1398743
2009-06-17,96.15,99.75,93.05,94.0,2461437
2009-06-18,94.0,96.9,88.3,91.2,1204467
2009-06-19,92.5,94.5,90.05,93.65,1150603
2009-06-22,94.95,96.4,92.0,92.6,868838
2009-06-23,90.4,92.0,88.75,91.2,828991
2009-06-24,92.4,104.2,91.8,100.6,3546320
2009-06-25,103.0,104.25,98.15,99.25,4023101
2009-06-26,100.95,103.95,99.5,101.5,2406696
2009-06-29,102.8,106.2,102.0,103.45,2508697
2009-06-30,105.0,105.4,94.05,95.45,1519280
2009-07-01,96.0,102.35,92.5,101.2,2036485
2009-07-02,103.0,103.2,99.2,100.6,1464993
2009-07-03,99.65,101.1,97.75,99.7,695217
2009-07-06,99.5,100.75,92.15,93.9,674090
2009-07-07,94.85,100.1,92.25,98.6,1290889
2009-07-08,98.0,98.0,92.5,93.1,650845
2009-07-09,94.1,98.9,91.6,97.75,1191331
2009-07-10,98.1,98.1,90.9,92.5,491151
2009-07-13,90.0,94.0,80.1,83.15,2392691
2009-07-14,85.0,90.25,84.5,89.45,1504729
2009-07-15,91.3,94.7,90.35,93.55,991413
2009-07-16,95.0,97.6,92.5,95.7,1369513
2009-07-17,97.0,101.9,96.55,100.7,1223476
2009-07-20,102.5,103.45,100.5,101.45,972647
2009-07-21,107.0,107.0,101.55,102.2,1699423
2009-07-22,102.95,103.9,98.0,99.3,671484
2009-07-23,101.0,102.0,99.2,101.8,610762
2009-07-24,102.9,103.9,100.65,102.45,789709
2009-07-27,102.0,104.95,98.0,102.7,642114
2009-07-28,102.7,109.95,100.65,108.5,2451532
2009-07-29,109.1,112.45,101.3,110.7,2969442
2009-07-30,110.0,111.5,107.0,110.35,1192504
2009-07-31,112.0,114.2,107.6,109.25,1286957
2009-08-03,109.5,116.45,109.5,115.55,1543972
2009-08-04,116.8,119.0,111.45,113.55,1835743
2009-08-05,113.9,116.3,113.05,115.25,1681843
2009-08-06,115.0,117.85,108.85,110.2,1654991
2009-08-07,109.75,112.9,108.05,109.3,1132798
2009-08-10,111.15,113.5,108.55,110.25,1487247
2009-08-11,109.8,115.8,109.1,113.8,1466069
2009-08-12,113.8,117.85,110.75,114.0,2652878
2009-08-13,116.9,117.65,114.5,115.85,1486725
2009-08-14,116.95,117.0,110.05,111.55,1293490
2009-08-17,109.35,112.0,107.2,108.1,1295531
2009-08-18,108.75,113.2,108.5,111.45,1179433
2009-08-19,112.5,112.5,106.25,107.05,688905
2009-08-20,107.65,110.0,107.55,108.85,591586
2009-08-21,109.0,109.4,106.7,107.45,348042
2009-08-24,109.0,109.6,107.6,108.1,456427
2009-08-25,108.4,108.4,104.6,106.2,459474
2009-08-26,106.0,110.0,106.0,107.5,487860
2009-08-27,107.8,111.2,106.55,109.55,835327
2009-08-28,110.0,112.2,108.45,109.35,416069
2009-08-31,108.0,113.6,107.0,112.6,1092156
2009-09-01,113.2,115.2,110.0,112.55,1188272
2009-09-02,110.5,115.7,110.5,113.1,1486434
2009-09-03,113.35,115.0,112.05,112.55,942968
2009-09-04,113.0,113.5,109.5,111.75,482409
2009-09-07,112.9,113.8,111.15,112.95,455457
2009-09-08,113.0,116.8,112.15,112.85,1100740
2009-09-09,112.85,113.8,109.55,110.05,481175
2009-09-10,111.2,112.8,105.8,107.45,1218904
2009-09-11,108.8,109.35,104.3,105.95,570748
2009-09-14,104.2,107.6,104.2,105.95,492796
2009-09-15,106.45,107.35,104.5,105.45,903695
2009-09-16,106.05,109.75,105.0,108.75,1339730
2009-09-17,109.05,110.5,107.0,107.65,602696
2009-09-18,107.65,108.75,105.4,107.65,471963
2009-09-22,107.95,109.35,105.5,106.05,383827
2009-09-23,106.6,107.1,104.3,104.9,294521
2009-09-24,104.2,108.9,102.0,106.8,945216
2009-09-25,106.0,108.45,105.0,105.65,368853
2009-09-29,106.95,108.35,106.0,106.15,232598
2009-09-30,106.7,111.75,106.25,109.35,1403783
2009-10-01,109.85,110.5,106.0,107.0,515400
2009-10-05,104.2,107.4,103.85,104.25,309996
2009-10-06,105.0,106.9,101.35,105.85,656166
2009-10-07,106.6,110.8,105.5,107.45,1320453
2009-10-08,108.6,111.5,107.25,108.2,1422641
2009-10-09,109.0,112.9,107.75,110.45,1292108
2009-10-12,111.0,111.5,108.55,110.1,527781
2009-10-14,110.8,119.2,109.7,117.7,1898962
2009-10-15,119.1,120.0,114.05,115.5,1784570
2009-10-16,117.0,121.0,113.7,114.2,1008838
2009-10-17,115.0,119.0,114.5,117.45,587679
2009-10-20,118.65,124.4,118.05,123.35,3281050
2009-10-21,124.75,125.4,113.7,115.4,2670841
2009-10-22,114.25,118.25,112.4,114.35,1287202
2009-10-23,115.5,118.5,115.3,117.85,1725766
2009-10-26,119.5,122.2,117.2,118.2,2370926
2009-10-27,118.0,118.2,107.0,107.95,1386542
2009-10-28,108.0,111.8,102.5,110.15,1920778
2009-10-29,108.0,108.55,103.15,104.55,1855415
2009-10-30,106.9,113.3,101.15,102.6,1441067
2009-11-03,103.0,105.4,98.0,98.75,937185
2009-11-04,100.9,102.0,93.85,98.7,1398459
2009-11-05,99.5,101.4,95.5,100.8,1203066
2009-11-06,102.05,106.25,101.5,104.3,1660841
2009-11-09,105.0,106.75,102.9,105.25,636929
2009-11-10,104.6,108.5,103.7,104.5,824444
2009-11-11,104.5,108.0,103.6,107.35,846657
2009-11-12,107.5,109.35,104.7,105.95,1333215
2009-11-13,106.8,108.45,105.7,106.8,877319
2009-11-16,108.0,108.8,104.1,104.7,678536
2009-11-17,105.0,106.4,102.3,103.45,801032
2009-11-18,104.4,110.35,103.65,108.75,1811176
2009-11-19,108.75,110.25,100.4,102.15,1621504
2009-11-20,103.2,105.7,101.15,104.5,1975705
2009-11-23,105.0,105.0,101.0,101.6,1295781
2009-11-24,102.45,104.6,101.6,103.95,785395
2009-11-25,104.5,107.9,104.5,105.95,1081306
2009-11-26,106.5,106.5,101.0,102.25,1405753
2009-11-27,101.0,103.2,97.1,100.35,1475563
2009-11-30,102.0,103.45,101.5,102.65,722235
2009-12-01,103.5,105.9,102.5,105.4,766453
2009-12-02,106.0,106.4,103.05,103.75,517057
2009-12-03,104.7,105.4,103.0,103.9,440926
2009-12-04,103.0,104.95,103.0,103.6,390490
2009-12-07,104.4,104.45,101.2,101.6,484477
2009-12-08,102.6,104.85,101.0,104.1,535633
2009-12-09,103.4,104.5,102.8,103.15,373325
2009-12-10,103.15,106.85,102.5,105.65,834263
2009-12-11,107.8,111.45,105.5,109.85,3970659
2009-12-14,110.9,111.9,108.4,109.6,1819365
2009-12-15,110.35,111.4,105.7,106.9,1431804
2009-12-16,106.5,107.2,104.0,105.7,676943
2009-12-17,106.1,106.15,104.55,105.55,410124
2009-12-18,104.5,107.9,104.5,105.6,529802
2009-12-21,109.5,113.0,105.1,105.45,744554
2009-12-22,106.85,106.85,102.15,105.15,596097
2009-12-23,105.85,107.5,105.1,106.75,495346
2009-12-24,106.75,107.75,105.85,106.2,233267
2009-12-29,106.5,109.5,106.4,108.05,941370
2009-12-30,109.45,110.5,108.1,108.8,840393
2009-12-31,110.0,110.1,106.5,107.15,897040
2010-01-04,108.75,112.9,108.0,112.5,1763583
2010-01-05,115.3,115.3,112.0,112.5,728175
2010-01-06,115.0,116.9,113.1,115.25,1314246
2010-01-07,116.25,116.65,113.8,114.45,632466
2010-01-08,115.2,116.85,113.95,116.15,707198
2010-01-11,117.0,117.5,114.6,115.5,370370
2010-01-12,116.25,116.5,111.0,111.7,475611
2010-01-13,110.95,113.9,108.15,113.15,926503
2010-01-14,113.65,114.5,111.6,112.15,445619
2010-01-15,112.05,114.3,112.0,113.05,317909
2010-01-18,113.0,122.35,111.65,120.0,3918319
2010-01-19,121.2,124.55,119.25,121.1,3306886
2010-01-20,122.7,125.3,121.25,122.8,2396007
2010-01-21,123.4,125.0,117.3,118.8,1456799
2010-01-22,117.0,122.8,112.6,121.95,1110672
2010-01-25,121.0,124.7,119.1,123.95,1778606
2010-01-27,124.0,127.2,120.7,122.0,4300675
2010-01-28,124.05,125.5,121.2,122.6,1395584
2010-01-29,121.35,123.75,117.1,121.95,1908762
2010-02-01,120.8,132.95,120.1,131.1,2255921
2010-02-02,134.0,134.65,126.6,127.3,2185481
2010-02-03,128.0,133.85,127.9,131.7,2033682
2010-02-04,131.8,133.0,126.1,126.8,1365177
2010-02-05,123.0,125.0,120.3,123.1,621008
2010-02-06,124.3,129.5,124.0,128.35,455025
2010-02-08,130.0,131.4,123.5,130.0,898314
2010-02-09,130.0,131.0,127.5,129.1,377277
2010-02-10,129.9,131.0,125.55,126.1,669011
2010-02-11,127.15,129.4,124.7,125.5,973893
2010-02-15,126.0,126.95,122.0,122.4,251771
2010-02-16,121.1,124.7,119.25,122.95,628230
2010-02-17,124.0,125.4,122.1,123.65,616287
2010-02-18,123.55,123.65,118.8,119.65,445218
2010-02-19,120.0,120.9,117.3,119.6,357224
2010-02-22,121.0,122.35,117.7,119.9,461707
2010-02-23,120.45,120.45,116.0,116.85,697253
2010-02-24,113.55,116.5,113.55,115.45,478425
2010-02-25,117.2,117.5,110.15,111.0,544773
2010-02-26,110.5,117.85,110.0,115.1,662127
2010-03-02,116.1,116.4,112.0,114.4,564548
2010-03-03,115.3,126.9,114.5,125.65,1982144
2010-03-04,124.9,126.5,123.15,124.7,528045
2010-03-05,125.2,129.3,123.75,127.05,1283662
2010-03-08,128.15,131.9,125.75,131.2,760742
2010-03-09,130.8,134.0,129.2,129.9,1110352
2010-03-10,128.15,130.0,121.0,121.5,1342773
2010-03-11,119.0,125.6,118.8,122.4,1740842
2010-03-12,124.0,124.4,120.45,122.4,1319681
2010-03-15,126.95,126.95,113.6,115.4,2604923
2010-03-16,113.6,125.8,113.6,123.55,3105957
2010-03-17,123.0,131.55,123.0,129.95,4602968
2010-03-18,131.1,134.25,128.9,133.2,2785725
2010-03-19,135.0,137.45,130.7,136.2,1557824
2010-03-22,135.0,143.4,133.1,138.25,4185861
2010-03-23,138.0,140.05,135.35,136.25,1129470
2010-03-25,135.5,140.9,131.5,134.5,1705674
2010-03-26,135.55,136.7,132.5,133.3,732875
2010-03-29,132.0,138.45,132.0,137.05,1337396
2010-03-30,137.95,138.45,134.8,135.35,705874
2010-03-31,136.0,138.5,136.0,136.55,589134
2010-04-01,137.45,137.45,133.2,134.9,373573
2010-04-05,137.0,138.2,134.3,136.7,444258
2010-04-06,136.9,137.2,134.65,135.1,272150
2010-04-07,134.0,136.95,132.8,135.15,536505
2010-04-08,133.2,136.4,133.05,134.1,271671
2010-04-09,135.0,135.3,127.15,130.1,924609
2010-04-12,129.0,132.45,127.8,131.9,681945
2010-04-13,131.1,132.0,128.9,129.9,581908
2010-04-15,130.9,134.9,130.55,131.2,1931310
2010-04-16,132.0,132.5,123.25,124.7,1221053
2010-04-19,130.65,130.65,116.65,117.4,1104764
2010-04-20,118.0,120.45,116.45,119.2,960466
2010-04-21,120.0,120.0,116.25,116.75,936421
2010-04-22,116.5,117.9,113.2,114.0,438251
2010-04-23,114.0,115.9,109.3,110.25,2083190
2010-04-26,111.0,114.5,108.15,112.9,890308
2010-04-27,113.0,114.35,111.0,111.75,329876
2010-04-28,111.25,112.4,107.7,111.6,873998
2010-04-29,112.2,112.7,106.7,108.05,1127840
2010-04-30,109.5,114.0,109.5,112.7,787208
2010-05-03,112.5,113.25,109.7,110.55,337689
2010-05-04,110.1,111.8,105.6,107.25,696628
2010-05-05,105.0,110.05,102.1,107.65,1086726
2010-05-06,109.05,110.75,102.5,108.55,755975
2010-05-07,105.0,106.9,102.25,104.0,624338
2010-05-10,105.0,109.9,104.6,108.8,479832
2010-05-11,108.95,109.2,105.8,107.0,452040
2010-05-12,106.9,108.65,104.25,106.8,537749
2010-05-13,106.3,115.0,106.3,113.8,1386374
2010-05-14,113.0,114.5,108.1,109.9,684567
2010-05-17,106.0,110.5,106.0,109.7,1024134
2010-05-18,110.5,110.5,107.5,109.05,456335
2010-05-19,107.0,110.25,100.55,102.0,1133083
2010-05-20,101.0,103.9,94.6,95.7,1950721
2010-05-21,91.0,98.95,90.0,97.8,802137
2010-05-24,99.8,102.7,97.15,98.15,597742
2010-05-25,96.85,99.4,92.15,93.7,746712
2010-05-26,95.0,96.55,91.8,94.7,527401
2010-05-27,95.1,95.1,91.1,92.2,1336077
2010-05-28,94.85,99.0,92.75,97.3,1390124
2010-05-31,97.7,97.7,93.55,95.3,597993
2010-06-01,95.5,98.2,93.05,93.65,901602
2010-06-02,94.45,95.45,92.75,94.2,808984
2010-06-03,96.65,96.65,93.55,94.15,363229
2010-06-04,95.0,97.8,93.75,95.05,1129862
2010-06-07,93.5,94.0,91.2,91.75,588452
2010-06-08,92.3,93.45,88.65,89.4,691584
2010-06-09,89.0,90.5,85.25,87.65,1363174
2010-06-10,88.0,91.15,87.5,90.45,821115
2010-06-11,92.0,92.4,90.2,91.55,715624
2010-06-14,92.45,95.8,91.45,93.95,544537
2010-06-15,95.8,96.25,94.25,95.15,631040
2010-06-16,97.0,97.0,94.25,94.9,561124
2010-06-17,95.55,99.0,94.3,97.8,1036882
2010-06-18,99.0,100.75,96.2,96.65,1278900
2010-06-21,98.0,98.65,97.2,97.45,316037
2010-06-22,86.1,98.4,86.1,97.05,317494
2010-06-23,96.3,97.65,96.1,96.45,249414
2010-06-24,97.3,97.3,94.65,95.7,529035
2010-06-25,95.0,98.0,95.0,95.95,252829
2010-06-28,97.15,102.35,95.95,101.85,1272455
2010-06-29,102.0,104.15,100.4,101.15,1045184
2010-06-30,98.4,102.45,98.4,101.95,317546
2010-07-01,101.0,104.25,100.35,102.5,737204
2010-07-02,103.3,104.5,102.95,103.35,539399
2010-07-05,104.5,104.65,102.15,103.2,283529
2010-07-06,103.45,104.85,102.3,102.7,397809
2010-07-07,103.4,103.8,101.2,101.5,195436
2010-07-08,102.5,103.7,101.75,102.05,218024
2010-07-09,102.95,108.0,102.55,107.4,1578632
2010-07-12,108.45,108.45,104.35,104.95,444034
2010-07-13,105.45,108.05,104.35,106.95,682412
2010-07-14,108.25,108.55,104.5,105.05,459183
2010-07-15,105.1,105.95,103.5,104.4,176689
2010-07-16,105.0,106.2,103.15,103.65,431295
2010-07-19,104.0,104.95,102.4,103.0,227209
2010-07-20,101.1,101.5,97.35,99.1,855594
2010-07-21,99.55,100.75,96.9,97.3,406623
2010-07-22,97.55,99.9,97.2,99.2,926417
2010-07-23,101.0,104.45,100.05,102.75,817488
2010-07-26,104.0,104.0,100.2,101.2,461439
2010-07-27,101.2,102.2,100.1,101.2,206241
2010-07-28,101.5,102.75,100.15,101.35,302023
2010-07-29,101.95,103.05,101.0,102.45,277183
2010-07-30,102.55,105.0,102.1,103.5,741642
2010-08-02,105.9,106.0,104.05,105.75,311187
2010-08-03,105.6,109.9,104.8,109.35,634430
2010-08-04,109.0,111.65,107.6,109.0,780753
2010-08-05,109.5,110.6,107.25,107.45,380329
2010-08-06,107.5,108.8,104.45,104.9,485514
2010-08-09,106.0,106.9,104.4,105.3,225925
2010-08-10,105.5,106.45,102.35,105.2,439529
2010-08-11,105.9,106.2,100.55,102.7,578287
2010-08-12,102.0,102.35,100.1,101.4,234086
2010-08-13,101.6,103.85,101.5,102.55,398419
2010-08-16,102.0,105.35,101.3,102.25,600278
2010-08-17,103.7,104.95,103.0,103.55,337246
2010-08-18,103.55,104.4,101.3,101.85,489042
2010-08-19,102.75,104.8,102.05,103.7,396762
2010-08-20,103.0,105.6,102.5,104.55,492149
2010-08-23,105.45,106.75,104.05,104.6,444274
2010-08-24,105.1,105.6,102.95,103.75,363852
2010-08-25,103.0,104.6,100.75,101.0,235482
2010-08-26,101.3,101.95,98.25,99.3,374056
2010-08-27,99.9,100.7,97.35,98.2,174890
2010-08-30,99.8,99.9,95.3,96.2,321900
2010-08-31,96.3,97.4,95.0,96.25,285781
2010-09-01,97.0,98.75,96.1,97.75,377691
2010-09-02,99.0,104.85,98.4,102.35,1546786
2010-09-03,103.5,104.5,100.25,100.8,741314
2010-09-06,101.85,102.25,99.8,100.25,430396
2010-09-07,101.05,104.5,100.5,103.9,814957
2010-09-08,103.9,107.4,103.5,105.0,944572
2010-09-09,105.9,106.9,103.6,105.5,461057
2010-09-13,105.55,107.2,104.55,104.75,452114
2010-09-14,105.0,107.9,104.1,107.25,716082
2010-09-15,108.15,109.2,106.0,106.45,699467
2010-09-16,106.7,107.3,103.3,103.85,423528
2010-09-17,104.6,106.9,104.2,105.8,526641
2010-09-20,106.7,108.9,104.85,108.1,841521
2010-09-21,108.8,109.0,105.05,105.95,532265
2010-09-22,107.0,114.8,106.0,114.15,2874855
2010-09-23,115.2,115.65,112.0,113.1,1228171
2010-09-24,113.5,114.9,112.55,114.1,621241
2010-09-27,114.6,120.85,114.0,118.8,2352979
2010-09-28,118.9,119.8,116.3,118.3,707729
2010-09-29,118.3,123.8,116.1,122.3,1801817
2010-09-30,123.9,125.4,122.05,123.25,1516041
2010-10-01,124.6,125.4,121.15,123.55,1563118
2010-10-04,124.0,127.0,123.0,123.8,905953
2010-10-05,123.2,128.0,123.1,127.15,756718
2010-10-06,128.15,128.5,123.4,124.05,548217
2010-10-07,125.35,126.5,119.2,122.25,697327
2010-10-08,123.15,126.0,120.6,122.25,468758
2010-10-11,125.4,125.4,122.45,124.6,197153
2010-10-12,125.0,127.9,121.15,126.35,457377
2010-10-13,127.0,128.0,124.45,125.1,542582
2010-10-14,125.6,126.45,122.45,123.55,152214
2010-10-15,123.5,124.9,120.75,121.5,277636
2010-10-18,122.3,123.8,119.35,122.65,183270
2010-10-19,124.8,125.7,118.1,118.6,982729
2010-10-20,118.05,120.5,117.0,118.05,847812
2010-10-21,119.45,119.6,117.25,118.3,410191
2010-10-22,119.0,120.0,117.3,117.8,783921
2010-10-25,118.0,118.85,116.7,117.7,504355
2010-10-26,118.5,123.25,116.9,122.4,2039533
2010-10-27,123.05,125.5,120.5,121.8,1552831
2010-10-28,122.9,122.9,118.6,119.4,1135110
2010-10-29,119.8,120.5,118.0,119.8,679471
2010-11-01,120.4,123.6,120.4,122.1,264235
2010-11-02,122.5,125.6,121.05,123.45,1267381
2010-11-03,125.0,125.0,121.2,121.9,536365
2010-11-04,123.0,124.5,121.7,123.75,304365
2010-11-05,124.6,124.9,123.0,123.4,57302
2010-11-08,124.8,127.7,122.1,127.0,1661843
2010-11-09,128.25,130.65,127.0,128.1,1217619
2010-11-10,128.9,130.9,128.0,129.2,720538
2010-11-11,130.4,131.35,125.1,125.75,618723
2010-11-12,123.25,124.55,115.0,116.5,1115432
2010-11-15,115.5,115.5,108.55,111.85,855448
2010-11-16,112.8,113.7,106.2,107.6,568167
2010-11-18,107.0,109.6,99.1,104.9,921837
2010-11-19,104.0,106.8,99.8,100.65,727798
2010-11-22,98.05,109.0,98.05,107.5,1414045
2010-11-23,108.4,108.4,99.2,106.3,786400
2010-11-24,107.0,109.85,104.5,105.85,506976
2010-11-25,105.05,106.95,99.5,100.35,698591
2010-11-26,100.0,102.95,88.0,97.4,1147362
2010-11-29,98.0,104.6,96.8,102.85,562532
2010-11-30,102.85,107.0,101.0,105.4,537612
2010-12-01,105.4,109.9,105.0,108.55,468142
2010-12-02,109.25,118.95,108.25,111.9,1267625
2010-12-03,112.05,115.0,106.1,109.95,674180
2010-12-06,111.75,113.85,109.6,110.65,316975
2010-12-07,110.65,110.75,106.5,109.15,256524
2010-12-08,107.55,108.5,102.35,103.75,333287
2010-12-09,104.85,105.8,100.15,101.85,698756
2010-12-10,99.1,106.1,99.0,103.1,604763
2010-12-13,105.0,107.0,103.15,106.1,244529
2010-12-14,107.15,109.0,106.6,107.5,229956
2010-12-15,106.45,108.55,104.5,106.45,468996
2010-12-16,109.5,111.9,106.5,107.2,794864
2010-12-20,107.85,108.95,104.75,105.6,583806
2010-12-21,106.0,107.75,105.3,107.05,365223
2010-12-22,108.0,108.8,106.0,107.2,214291
2010-12-23,107.5,110.3,106.2,109.7,297647
2010-12-24,110.0,112.95,109.1,112.1,623533
2010-12-27,112.85,114.5,110.35,111.4,596997
2010-12-28,112.2,112.4,110.55,111.15,184609
2010-12-29,111.3,113.7,111.3,112.1,229920
2010-12-30,112.1,113.3,110.2,111.95,196824
2011-01-03,110.95,113.55,110.55,112.65,157240
2011-01-04,113.5,116.65,112.0,115.85,734255
2011-01-05,116.5,117.35,113.1,113.65,298918
2011-01-06,113.05,114.7,111.25,111.95,185124
2011-01-07,111.65,112.2,105.2,106.3,288633
2011-01-10,104.05,108.0,102.25,103.25,284060
2011-01-11,102.7,104.15,100.4,101.45,245849
2011-01-12,102.55,104.6,101.3,104.1,454428
2011-01-13,104.05,105.8,99.55,100.55,347944
2011-01-14,101.0,103.4,98.9,99.7,311578
2011-01-17,99.25,100.8,94.2,94.95,422890
2011-01-18,97.2,97.2,91.55,94.6,264931
2011-01-19,95.2,99.0,94.35,94.75,202076
2011-01-20,93.5,97.5,92.35,95.9,336752
2011-01-21,96.2,97.55,94.65,95.85,127258
2011-01-24,95.05,99.0,95.05,98.6,200993
2011-01-25,99.45,99.55,95.25,96.0,112488
2011-01-27,96.1,97.3,90.25,92.05,586754
2011-01-28,95.5,96.0,89.9,92.05,338483
2011-01-31,91.5,95.5,87.5,92.05,241124
2011-02-01,93.0,93.7,91.3,92.7,189370
2011-02-02,93.7,94.2,91.85,92.9,176347
2011-02-03,92.3,96.7,92.3,95.8,212916
2011-02-04,95.8,96.75,91.9,93.05,122107
2011-02-07,94.0,96.6,92.4,95.8,227284
2011-02-08,96.0,96.6,89.1,90.55,222514
2011-02-09,90.0,90.65,82.3,84.6,212169
2011-02-10,84.0,87.0,80.3,82.9,740225
2011-02-11,84.5,84.5,78.25,83.05,295393
2011-02-14,82.0,88.8,81.8,87.5,408405
2011-02-15,87.95,89.45,79.4,80.9,1868752
2011-02-16,81.3,84.6,80.5,82.85,1016713
2011-02-17,84.5,87.9,77.1,82.65,1145797
2011-02-18,83.7,86.8,83.5,84.15,1101367
2011-02-21,82.5,85.9,81.75,85.1,269414
2011-02-22,84.15,85.35,83.1,84.7,301841
2011-02-23,85.0,87.3,84.0,86.2,564582
2011-02-24,79.8,88.7,79.8,83.05,1096450
2011-02-25,84.25,88.4,83.95,87.4,911008
2011-02-28,87.4,90.95,87.25,89.9,540914
2011-03-01,91.8,99.85,90.2,98.25,911840
2011-03-03,97.55,106.8,95.15,104.05,1405013
2011-03-04,105.6,105.6,101.25,102.75,595066
2011-03-07,100.05,106.0,96.65,103.95,476785
2011-03-08,107.5,107.5,101.1,101.7,222776
2011-03-09,100.0,102.0,100.0,101.4,209090
2011-03-10,100.55,102.6,99.1,99.7,186498
2011-03-11,99.05,100.65,97.8,98.6,139428
2011-03-14,98.95,99.2,96.8,98.45,214372
2011-03-15,95.5,98.3,93.5,96.1,259546
2011-03-16,98.9,98.9,96.35,97.0,100153
2011-03-17,98.85,99.4,96.0,97.55,156900
2011-03-18,98.9,98.9,95.45,96.55,157219
2011-03-21,96.85,97.9,95.1,96.7,97367
2011-03-22,98.1,98.7,96.15,97.0,450236
2011-03-23,98.25,99.1,96.4,96.9,356613
2011-03-24,98.45,98.5,97.1,97.35,112430
2011-03-25,98.95,98.95,96.6,97.6,125050
2011-03-28,97.0,98.6,96.7,97.05,322932
2011-03-29,95.95,97.8,95.1,95.65,354013
2011-03-30,95.4,97.2,95.0,95.95,223004
2011-03-31,96.8,97.35,94.1,96.35,365024
2011-04-01,95.65,100.55,95.6,98.1,892398
2011-04-04,99.0,101.8,98.5,101.0,253236
2011-04-05,102.0,103.0,99.3,101.2,368599
2011-04-06,101.6,102.25,98.25,98.65,376861
2011-04-07,98.55,104.1,97.6,103.15,1209444
2011-04-08,105.0,106.3,101.2,102.45,1036571
2011-04-11,102.0,103.0,99.0,99.3,308746
2011-04-13,98.9,101.3,98.5,99.95,336577
2011-04-15,99.65,101.0,96.5,96.85,315153
2011-04-18,97.05,98.2,95.5,96.0,276262
2011-04-19,97.0,97.3,93.0,96.05,531185
2011-04-20,96.35,105.3,96.35,104.8,2041027
2011-04-21,105.85,106.35,101.8,102.4,835158
2011-04-25,102.4,103.55,101.25,101.75,297819
2011-04-26,103.2,109.5,102.65,108.25,2789029
2011-04-27,109.45,110.8,108.15,108.8,1313754
2011-04-28,109.8,111.0,104.5,106.25,1314513
2011-04-29,107.0,107.9,103.05,103.9,643804
2011-05-02,105.2,105.2,97.55,99.65,3497420
2011-05-03,69.9,69.9,30.0,39.9,7365807
2011-05-04,40.95,42.4,39.3,41.4,2286456
2011-05-05,41.5,42.25,39.1,39.95,727654
2011-05-06,40.1,40.55,39.2,39.95,513481
2011-05-09,40.1,40.5,38.9,39.65,298669
2011-05-10,39.6,41.45,39.35,39.75,700816
2011-05-11,40.25,41.0,39.05,39.4,743479
2011-05-12,39.3,39.3,37.9,38.15,300243
2011-05-13,38.5,39.75,37.65,38.75,483803
2011-05-16,39.05,39.05,37.75,37.95,113531
2011-05-17,38.4,38.4,36.9,37.15,2385006
2011-05-18,37.5,38.15,36.5,36.8,213157
2011-05-19,37.05,37.2,35.2,35.65,295546
2011-05-20,35.0,36.4,35.0,36.05,191176
2011-05-23,36.05,36.35,35.05,35.6,196227
2011-05-24,35.3,35.9,35.25,35.5,96983
2011-05-25,35.2,35.7,34.05,34.6,189195
2011-05-26,35.9,35.9,34.6,34.95,240763
2011-05-27,35.45,36.2,34.75,36.0,167058
2011-05-30,37.0,37.0,35.6,36.25,136535
2011-05-31,37.0,37.75,36.5,37.25,205744
2011-06-01,37.5,39.25,37.35,38.8,458838
2011-06-02,38.2,39.0,37.7,38.1,253443
2011-06-03,38.1,39.0,37.4,37.7,207317
2011-06-06,37.0,37.9,36.1,37.5,229244
2011-06-07,37.15,39.4,37.0,38.8,197618
2011-06-08,38.8,39.7,38.5,38.95,238582
2011-06-09,39.2,39.5,38.7,38.8,185276
2011-06-10,39.6,39.6,38.6,38.7,262495
2011-06-13,39.3,40.1,38.2,39.7,429007
2011-06-14,39.9,40.05,39.35,39.6,159793
2011-06-15,39.6,39.85,38.25,38.7,165452
2011-06-16,38.3,38.95,38.15,38.75,81179
2011-06-17,37.65,39.35,37.65,38.35,149124
2011-06-20,38.4,38.45,36.8,37.0,174272
2011-06-21,37.5,37.5,36.4,36.75,115636
2011-06-22,36.75,38.45,36.25,36.9,129892
2011-06-23,37.0,37.75,36.7,37.25,125816
2011-06-24,38.05,38.25,37.55,38.0,188676
2011-06-27,38.05,38.6,37.8,38.1,174051
2011-06-28,38.3,39.9,37.9,39.3,148914
2011-06-29,39.4,41.65,39.4,40.75,626362
2011-06-30,41.0,42.25,38.4,39.55,2309334
2011-07-01,39.9,39.9,38.05,38.35,726519
2011-07-04,39.0,40.1,38.5,39.85,1396468
2011-07-05,40.0,40.2,38.7,38.85,958899
2011-07-06,39.1,39.1,36.7,37.05,1168923
2011-07-07,37.7,37.7,36.85,37.45,421901
2011-07-08,37.9,38.65,37.25,37.5,657647
2011-07-11,37.6,37.95,36.8,37.05,246335
2011-07-12,36.6,36.8,35.4,36.15,410061
2011-07-13,36.5,37.15,36.2,36.65,333549
2011-07-14,36.7,36.95,36.2,36.55,255337
2011-07-15,35.15,36.95,35.15,36.35,182716
2011-07-18,36.8,36.85,35.8,36.15,262839
2011-07-19,36.2,36.5,35.6,36.35,233662
2011-07-20,36.55,36.7,35.3,35.8,189926
2011-07-21,35.9,35.9,35.1,35.3,136899
2011-07-22,35.05,36.6,35.0,36.2,280433
2011-07-25,36.3,36.9,35.4,36.1,180943
2011-07-26,36.1,36.25,35.1,35.5,163013
2011-07-27,35.65,35.9,34.8,35.1,150543
2011-07-28,35.05,35.5,32.75,33.3,780635
2011-07-29,33.15,34.25,32.8,33.75,260701
2011-08-01,34.1,34.75,33.15,33.7,219009
2011-08-02,33.5,33.5,32.5,33.2,358967
2011-08-03,33.0,33.4,32.5,33.05,127017
2011-08-04,33.45,33.75,32.85,33.1,91789
2011-08-05,32.0,32.5,29.5,30.25,410556
2011-08-08,29.8,31.2,27.3,30.75,702449
2011-08-09,29.0,30.1,27.7,28.9,429395
2011-08-10,29.9,30.55,29.5,29.6,190751
2011-08-11,29.6,30.5,29.2,29.75,414756
2011-08-12,30.95,31.0,29.75,29.85,237119
2011-08-16,30.4,30.4,27.65,27.9,246305
2011-08-17,27.9,28.4,26.2,26.45,336410
2011-08-18,25.0,26.95,24.1,24.5,514337
2011-08-19,24.25,24.25,21.85,22.2,1048138
2011-08-22,22.2,23.0,22.0,22.75,618185
2011-08-23,22.9,23.0,22.45,22.6,497966
2011-08-24,22.75,22.75,21.7,22.0,525574
2011-08-25,22.2,22.2,20.85,21.25,926760
2011-08-26,21.25,21.7,20.3,20.45,360532
2011-08-29,20.9,21.9,20.9,21.7,298473
2011-08-30,22.35,22.35,21.5,21.9,372757
2011-09-02,22.15,23.9,21.5,23.15,674170
2011-09-05,22.5,23.15,22.5,22.9,356572
2011-09-06,22.5,23.0,21.8,22.6,1646900
2011-09-07,22.9,24.4,22.7,23.9,871283
2011-09-08,24.5,24.65,23.85,24.3,425802
2011-09-09,24.3,24.4,23.05,23.25,335369
2011-09-12,23.0,23.0,22.0,22.4,300681
2011-09-13,22.5,22.95,22.1,22.3,306137
2011-09-14,22.6,24.0,22.35,23.8,356616
2011-09-15,24.25,24.95,23.3,23.6,354345
2011-09-16,23.8,23.85,23.0,23.25,220049
2011-09-19,23.15,23.5,22.6,22.9,211252
2011-09-20,23.0,24.2,22.6,23.85,424848
2011-09-21,23.9,25.2,23.25,24.65,491013
2011-09-22,24.15,24.45,22.5,22.75,523035
2011-09-23,22.5,22.9,21.65,22.4,392112
2011-09-26,22.5,22.7,21.6,22.1,268147
2011-09-27,22.6,23.85,22.6,23.0,347889
2011-09-28,22.8,23.4,21.8,21.95,412345
2011-09-29,22.9,22.9,21.2,21.55,708443
2011-09-30,21.0,22.5,21.0,21.65,391634
2011-10-03,21.6,21.6,20.8,20.95,266720
2011-10-04,21.3,21.5,20.7,20.9,249572
2011-10-05,20.3,21.25,19.85,20.1,351829
2011-10-07,20.6,21.2,20.2,20.55,394424
2011-10-10,21.0,21.75,20.35,21.4,504536
2011-10-11,21.7,22.0,21.0,21.15,235651
2011-10-12,21.1,22.0,21.1,21.85,240877
2011-10-13,22.0,22.0,21.1,21.4,220535
2011-10-14,21.0,23.0,20.85,22.5,694197
2011-10-17,22.8,23.5,21.8,21.95,951102
2011-10-18,22.0,22.45,21.5,21.75,308230
2011-10-19,21.95,22.75,21.75,22.4,405501
2011-10-20,22.1,24.2,21.85,22.95,864123
2011-10-21,23.2,23.3,22.1,22.3,341548
2011-10-24,22.6,22.8,21.4,21.75,515060
2011-10-25,21.95,22.5,21.5,22.1,568749
2011-10-26,22.3,22.8,22.2,22.45,107977
2011-10-28,22.6,23.5,22.6,23.05,955438
2011-10-31,23.2,23.45,22.7,22.9,425047
2011-11-01,23.0,23.25,22.4,22.55,198295
2011-11-02,22.4,22.65,22.2,22.35,303913
2011-11-03,22.35,22.55,21.9,22.0,344068
2011-11-04,22.3,23.0,22.2,22.85,1294341
2011-11-08,22.85,23.25,21.65,21.8,693176
2011-11-09,22.4,22.4,20.95,21.0,570847
2011-11-11,21.0,21.15,19.85,20.0,716370
2011-11-14,20.2,20.5,18.0,18.6,1487193
2011-11-15,18.2,18.5,16.25,16.4,1169573
2011-11-16,16.5,16.9,15.55,15.9,2326290
2011-11-17,16.0,16.5,14.85,15.0,1201310
2011-11-18,15.1,15.25,14.55,15.0,1114129
2011-11-21,15.2,15.2,14.55,14.7,574449
2011-11-22,14.95,15.05,14.75,14.95,419625
2011-11-23,15.25,15.65,14.05,14.15,1438711
2011-11-24,14.35,14.5,13.55,14.15,1188460
2011-11-25,14.15,14.7,13.55,13.7,1477756
2011-11-28,14.5,14.6,13.75,14.5,683017
2011-11-29,14.55,15.2,14.1,14.55,993611
2011-11-30,14.0,14.5,13.3,13.45,1362546
2011-12-01,13.8,14.8,13.75,14.55,1314659
2011-12-02,13.9,16.5,13.9,15.9,3001963
2011-12-05,15.95,16.3,15.45,15.7,761387
2011-12-07,16.0,16.0,15.25,15.45,477757
2011-12-08,15.1,15.45,14.8,14.95,516097
2011-12-09,14.4,15.25,14.4,14.85,420886
2011-12-12,15.15,15.4,14.35,14.45,460681
2011-12-13,14.6,14.6,13.8,13.9,421807
2011-12-14,13.55,15.4,13.55,14.9,1906257
2011-12-15,14.3,14.5,14.05,14.25,663819
2011-12-16,14.25,14.45,12.95,13.15,659922
2011-12-19,13.15,14.3,12.8,13.95,867762
2011-12-20,14.5,14.5,13.75,13.9,599715
2011-12-21,14.0,14.45,13.6,13.75,635638
2011-12-22,13.9,14.4,13.9,14.2,831754
2011-12-23,14.3,14.75,14.05,14.2,653087
2011-12-26,14.45,14.45,13.85,14.2,319201
2011-12-27,14.5,14.65,14.0,14.1,398647
2011-12-28,14.1,14.1,13.55,13.65,504876
2011-12-29,13.1,13.5,12.6,12.85,1373116
2011-12-30,13.0,13.35,12.7,12.75,490172
2012-01-02,13.0,13.1,12.8,12.95,264831
2012-01-03,13.05,13.35,13.05,13.25,384921
2012-01-04,13.2,13.85,13.15,13.5,450348
2012-01-05,13.8,13.8,13.35,13.45,271553
2012-01-06,13.45,13.7,13.2,13.6,413211
2012-01-07,13.85,14.1,13.7,13.95,109904
2012-01-09,13.05,15.2,13.05,15.05,1050086
2012-01-10,15.3,15.7,15.2,15.3,610975
2012-01-11,15.5,16.8,15.05,16.25,1095060
2012-01-12,16.25,19.2,15.7,18.5,1903876
2012-01-13,18.0,19.75,18.0,18.85,1847194
2012-01-16,18.4,19.2,18.2,18.6,534936
2012-01-17,18.85,19.15,17.5,17.8,1242702
2012-01-18,17.8,18.0,16.65,16.8,940142
2012-01-19,17.0,17.65,16.7,17.15,655278
2012-01-20,17.25,17.75,16.05,16.6,1133901
2012-01-23,16.15,17.2,16.15,17.0,375412
2012-01-24,17.2,17.6,17.0,17.3,506275
2012-01-25,17.2,18.6,17.2,18.2,1233268
2012-01-27,18.5,21.0,18.5,20.35,2577744
2012-01-30,20.45,21.4,19.15,19.85,2155427
2012-01-31,19.95,20.75,19.85,20.45,838033
2012-02-01,20.45,21.0,20.2,20.75,740300
2012-02-02,20.85,21.5,20.4,20.8,1018945
2012-02-03,20.7,20.9,19.45,19.85,849805
2012-02-06,20.65,20.85,19.75,19.95,858730
2012-02-07,20.2,20.7,19.8,19.95,897718
2012-02-08,18.1,19.9,18.1,18.95,1165915
2012-02-09,19.5,19.55,18.7,19.45,447125
2012-02-10,19.2,19.9,19.0,19.3,465032
2012-02-13,19.25,19.85,18.75,19.65,611225
2012-02-14,19.2,20.45,19.15,20.25,647976
2012-02-15,20.2,20.6,20.0,20.15,650655
2012-02-16,20.0,20.8,19.95,20.0,512946
2012-02-17,20.25,20.95,20.15,20.2,843151
2012-02-21,20.5,20.65,20.1,20.35,537914
2012-02-22,20.45,21.3,18.25,18.95,1099715
2012-02-23,19.0,19.6,18.8,19.4,618463
2012-02-24,19.5,19.9,18.6,18.75,368901
2012-02-27,19.05,19.05,18.0,18.1,397540
2012-02-28,18.3,18.9,18.3,18.65,318621
2012-02-29,18.75,19.2,18.2,18.65,237103
2012-03-01,18.5,18.9,18.3,18.6,322206
2012-03-02,18.7,18.75,18.25,18.35,443685
2012-03-03,18.3,18.65,18.3,18.55,69068
2012-03-05,18.9,19.65,18.75,19.05,1166778
2012-03-06,20.0,21.0,18.0,18.15,1152475
2012-03-07,18.15,18.45,17.65,17.85,678996
2012-03-09,18.15,18.5,17.8,17.95,1077957
2012-03-12,18.4,18.55,18.05,18.1,1069451
2012-03-13,18.1,18.5,18.0,18.05,1174601
2012-03-14,18.45,18.5,17.9,17.95,517365
2012-03-15,18.0,18.45,17.85,17.95,625507
2012-03-16,18.1,18.2,17.25,17.5,924942
2012-03-19,17.8,17.9,16.8,16.95,439985
2012-03-20,16.85,17.2,16.6,16.85,748535
2012-03-21,17.0,17.25,16.8,17.0,811329
2012-03-22,17.0,17.35,16.5,16.65,725785
2012-03-23,16.65,16.95,16.3,16.4,307154
2012-03-26,16.75,16.8,16.0,16.35,678612
2012-03-27,16.75,17.2,16.0,16.1,328898
2012-03-28,16.25,16.25,14.05,15.35,628208
2012-03-29,15.6,15.6,14.8,15.3,359010
2012-03-30,15.3,15.65,14.85,15.45,572255
2012-04-02,15.7,15.7,15.2,15.45,426129
2012-04-03,15.5,16.5,15.4,15.45,630960
2012-04-04,15.4,15.6,15.25,15.45,384169
2012-04-09,15.1,15.7,15.1,15.45,290989
2012-04-10,15.6,15.8,15.2,15.45,146906
2012-04-11,15.3,15.4,15.05,15.15,452022
2012-04-12,15.2,15.65,15.05,15.25,1051956
2012-04-13,15.45,15.5,15.0,15.1,807763
2012-04-16,15.1,15.35,14.9,15.3,212917
2012-04-17,15.45,15.45,15.15,15.25,328324
2012-04-18,15.25,15.85,15.25,15.55,489849
2012-04-19,15.5,15.75,15.35,15.4,248719
2012-04-20,15.35,15.4,15.1,15.15,174530
2012-04-23,15.2,15.3,14.85,14.95,220501
2012-04-24,14.9,15.0,14.6,14.75,142628
2012-04-25,15.0,15.1,14.5,14.6,154333
2012-04-26,16.7,16.7,14.55,14.6,141224
2012-04-27,14.65,14.8,14.4,14.5,145166
2012-04-28,14.6,14.8,14.35,14.6,24565
2012-04-30,14.3,15.0,14.3,14.75,142058
2012-05-02,14.8,15.45,14.7,14.8,101173
2012-05-03,16.3,16.55,15.15,15.25,1284817
2012-05-04,15.25,15.85,14.45,14.55,345092
2012-05-07,14.05,14.95,14.05,14.8,248876
2012-05-08,14.75,15.75,14.55,14.75,468884
2012-05-09,14.5,14.8,14.15,14.25,233918
2012-05-10,14.1,14.3,13.75,14.0,423055
2012-05-11,13.8,13.9,13.4,13.75,244896
2012-05-14,13.9,13.95,12.7,13.15,341974
2012-05-15,12.9,13.45,12.65,13.25,216108
2012-05-16,13.1,14.25,12.9,13.95,434563
2012-05-17,14.0,14.25,13.45,13.7,151681
2012-05-18,13.7,13.7,12.95,13.3,194143
2012-05-21,13.35,13.95,13.35,13.8,121041
2012-05-22,14.0,14.2,13.35,13.45,94028
2012-05-23,13.8,13.8,13.05,13.4,173378
2012-05-24,13.65,13.65,13.1,13.55,111131
2012-05-25,13.6,13.85,13.5,13.75,71354
2012-05-28,13.8,14.0,13.6,13.8,108052
2012-05-29,13.95,14.0,13.65,13.95,57108
2012-05-30,13.95,14.1,13.6,13.95,113915
2012-05-31,13.95,13.95,13.5,13.8,54224
2012-06-01,13.95,13.95,13.45,13.65,101626
2012-06-04,13.85,13.95,13.2,13.85,105272
2012-06-05,14.0,14.0,13.65,13.7,86847
2012-06-06,13.95,14.0,13.7,13.9,64853
2012-06-07,14.0,14.55,13.85,14.35,293287
2012-06-08,14.55,14.85,14.3,14.5,357416
2012-06-11,14.55,14.8,14.45,14.55,109867
2012-06-12,14.4,14.7,14.2,14.5,125236
2012-06-13,14.45,14.8,14.2,14.3,127567
2012-06-14,14.55,14.55,13.1,13.8,123313
2012-06-15,14.0,14.3,13.7,14.0,180616
2012-06-18,14.0,14.3,13.7,13.75,181330
2012-06-19,13.75,14.0,13.5,13.6,65305
2012-06-20,13.75,14.15,13.75,14.05,150827
2012-06-21,14.0,14.6,13.65,14.45,114500
2012-06-22,14.1,15.75,14.05,15.35,661803
2012-06-25,16.35,17.2,16.1,16.4,2407317
2012-06-26,16.6,16.8,15.9,16.15,405327
2012-06-27,16.15,16.7,16.05,16.2,272820
2012-06-28,16.0,16.8,16.0,16.4,378728
2012-06-29,16.6,16.7,16.3,16.55,286245
2012-07-02,16.3,16.8,15.85,15.95,414860
2012-07-03,16.1,16.4,15.9,16.05,398230
2012-07-04,16.1,16.4,16.0,16.05,219791
2012-07-05,16.2,18.4,16.2,18.1,2584854
2012-07-06,18.1,18.6,15.0,18.15,1881211
2012-07-09,18.05,18.25,17.0,17.5,683508
2012-07-10,17.5,17.75,17.25,17.5,566206
2012-07-11,17.5,18.5,17.35,18.0,809825
2012-07-12,18.0,18.0,17.35,17.7,538299
2012-07-13,18.05,18.6,17.75,18.0,869115
2012-07-16,18.1,18.6,17.75,17.95,854969
2012-07-17,17.95,18.55,17.55,17.65,582711
2012-07-18,17.75,17.95,17.3,17.75,236364
2012-07-19,17.75,17.95,17.2,17.35,231980
2012-07-20,17.7,17.7,17.2,17.4,198270
2012-07-23,17.45,17.8,17.1,17.45,308493
2012-07-24,17.55,19.55,17.55,18.95,1991821
2012-07-25,19.0,19.5,18.35,18.9,809282
2012-07-26,18.9,19.3,18.3,18.5,488694
2012-07-27,18.8,18.95,17.5,17.8,362193
2012-07-30,18.35,19.45,18.1,19.25,976665
2012-07-31,19.5,20.0,19.35,19.65,892378
2012-08-01,19.7,20.35,19.5,20.15,717857
2012-08-02,20.1,20.45,19.95,20.3,355922
2012-08-03,20.35,20.65,20.1,20.35,728393
2012-08-06,20.35,22.5,20.35,22.15,1508153
2012-08-07,22.25,22.7,21.3,21.45,1207488
2012-08-08,21.0,21.85,20.75,21.3,555823
2012-08-09,21.3,21.95,20.2,20.65,703770
2012-08-10,20.9,22.9,20.9,22.5,1010099
2012-08-13,22.75,23.5,22.4,23.15,757048
2012-08-14,23.5,23.5,22.5,22.65,462414
2012-08-16,22.5,22.7,21.55,21.85,343659
2012-08-17,21.85,22.35,21.1,21.2,599426
2012-08-21,21.5,22.2,21.3,21.45,529562
2012-08-22,21.45,21.6,20.15,20.25,409114
2012-08-23,20.25,20.5,19.95,20.05,445908
2012-08-24,20.2,20.25,19.7,19.8,310158
2012-08-27,19.8,20.1,18.85,19.0,144302
2012-08-28,19.0,19.0,18.0,18.15,378925
2012-08-29,18.8,19.8,18.5,18.75,554716
2012-08-30,19.0,19.0,18.45,18.6,220523
2012-08-31,18.4,19.2,18.4,18.95,393984
2012-09-03,19.0,19.3,18.75,19.05,525720
2012-09-04,19.3,19.6,19.1,19.25,374926
2012-09-05,19.3,19.3,18.45,18.6,352118
2012-09-06,18.65,19.2,18.45,18.9,241302
2012-09-07,19.15,19.15,18.5,18.65,255879
2012-09-08,18.85,18.95,18.65,18.8,41037
2012-09-10,19.2,19.2,18.55,19.0,372515
2012-09-11,19.9,19.9,18.9,19.05,421198
2012-09-12,19.35,19.35,18.95,19.05,272589
2012-09-13,19.3,19.8,18.95,19.0,375097
2012-09-14,19.45,19.45,18.8,18.9,312574
2012-09-17,19.25,19.5,18.85,18.95,302370
2012-09-18,18.95,20.35,18.7,20.0,1440721
2012-09-20,20.0,20.7,19.8,20.3,700805
2012-09-21,20.5,20.95,20.1,20.7,724377
2012-09-24,21.0,23.4,21.0,22.0,1366099
2012-09-25,20.0,21.7,20.0,20.85,567744
2012-09-26,20.5,21.2,20.2,20.55,442056
2012-09-27,20.8,21.8,20.5,21.45,493965
2012-09-28,21.7,22.9,21.7,22.5,789480
2012-10-01,22.7,23.0,22.4,22.55,342341
2012-10-03,22.6,22.7,21.85,22.0,360700
2012-10-04,22.2,22.7,22.0,22.1,271834
2012-10-05,21.9,22.5,21.3,21.4,280944
2012-10-08,21.5,23.65,19.65,23.25,1545147
2012-10-09,24.7,24.7,23.0,23.2,2336285
2012-10-10,23.2,23.2,22.35,22.55,472852
2012-10-11,22.75,23.75,22.5,23.6,934350
2012-10-12,24.1,24.4,23.35,23.45,1565269
2012-10-15,23.5,23.85,22.85,23.6,444015
2012-10-16,23.7,23.9,23.0,23.3,356664
2012-10-17,23.4,23.6,22.85,22.95,293215
2012-10-18,23.1,23.7,22.8,23.3,357726
2012-10-19,23.25,23.7,22.7,22.75,239093
2012-10-22,22.8,23.25,22.4,22.6,274205
2012-10-23,22.5,22.75,22.0,22.1,184737
2012-10-25,22.2,22.45,21.55,21.65,100047
2012-10-26,21.95,22.05,21.5,21.7,202011
2012-10-29,22.55,22.55,21.45,21.65,280298
2012-10-30,21.4,22.0,21.2,21.5,152865
2012-10-31,21.5,21.9,21.0,21.35,120476
2012-11-01,21.45,21.85,21.2,21.6,129210
2012-11-02,21.7,22.0,21.6,21.8,151727
2012-11-05,21.4,22.0,21.4,21.6,69158
2012-11-06,21.0,21.9,21.0,21.65,91594
2012-11-07,21.95,21.95,21.45,21.75,376757
2012-11-08,21.75,21.75,21.45,21.55,111259
2012-11-09,21.4,21.8,21.3,21.4,138256
2012-11-12,21.25,21.65,20.8,20.95,349808
2012-11-13,21.2,21.25,20.9,21.0,169938
2012-11-15,20.8,21.4,20.45,21.05,267935
2012-11-16,21.15,21.4,20.9,21.0,179298
2012-11-19,20.95,21.95,20.7,21.3,414439
2012-11-20,21.75,23.1,21.3,21.5,402639
2012-11-21,23.0,23.0,21.25,21.45,189809
2012-11-22,21.9,22.5,21.25,21.5,519486
2012-11-23,21.85,22.0,21.5,21.6,400789
2012-11-26,21.6,21.75,20.95,21.05,262540
2012-11-27,21.05,21.3,20.9,20.9,274530
2012-11-29,21.45,21.5,20.7,20.85,306739
2012-11-30,20.7,21.1,20.3,20.9,780143
2012-12-03,21.0,21.3,20.7,20.75,418846
2012-12-04,20.75,20.9,20.5,20.55,271758
2012-12-05,20.55,21.8,20.3,21.0,1120248
2012-12-06,21.4,21.4,20.65,20.95,310903
2012-12-07,21.1,21.5,20.95,21.1,315447
2012-12-10,20.7,21.0,19.8,19.95,744612
2012-12-11,20.0,20.25,18.55,19.0,423676
2012-12-12,18.9,19.35,18.8,19.15,316744
2012-12-13,19.2,19.35,18.5,18.65,193770
2012-12-14,19.15,19.15,18.4,18.95,165612
2012-12-17,19.25,19.4,18.85,19.0,174937
2012-12-18,18.8,19.4,18.5,18.7,384297
2012-12-19,18.8,19.05,18.6,18.8,149252
2012-12-20,18.65,19.05,18.45,18.6,229820
2012-12-21,18.7,19.9,18.2,18.95,849351
2012-12-24,19.25,19.25,17.75,18.55,621134
2012-12-26,18.65,18.8,18.25,18.4,193760
2012-12-27,18.45,18.6,18.1,18.25,202310
2012-12-28,18.45,18.6,18.3,18.3,106245
2013-01-01,18.5,19.2,18.3,19.0,279836
2013-01-02,19.2,19.25,18.75,18.8,272072
2013-01-03,18.8,19.2,18.7,18.9,144632
2013-01-04,19.0,19.2,18.7,18.9,178419
2013-01-07,19.15,19.15,18.65,18.7,355040
2013-01-08,18.7,19.3,18.7,18.95,655717
2013-01-09,19.0,19.0,18.45,18.5,242569
2013-01-10,18.75,18.85,17.95,18.1,434986
2013-01-11,18.25,18.25,17.65,17.75,461412
2013-01-14,17.85,18.0,17.5,17.8,537611
2013-01-15,18.1,18.15,17.6,17.85,655140
2013-01-16,17.8,18.0,17.4,17.6,249010
2013-01-17,17.8,18.05,17.35,17.5,376543
2013-01-18,17.65,18.0,17.05,17.35,276477
2013-01-21,17.3,17.45,17.05,17.1,294407
2013-01-22,17.25,17.25,16.95,17.05,99315
2013-01-23,17.0,17.1,16.7,16.8,143914
2013-01-24,16.8,17.0,15.65,15.9,237671
2013-01-25,16.2,16.45,15.65,16.25,320085
2013-01-28,16.25,16.5,15.9,16.2,195654
2013-01-29,16.2,17.15,16.0,16.9,258237
2013-01-30,17.0,17.3,16.1,16.5,225877
2013-01-31,16.25,16.7,16.1,16.4,535671
2013-02-01,16.55,17.25,16.35,16.75,215033
2013-02-04,16.85,17.25,16.65,16.75,118759
2013-02-05,16.6,16.8,16.45,16.55,72908
2013-02-06,16.8,17.5,16.7,17.35,352359
2013-02-07,17.6,17.95,17.2,17.4,346411
2013-02-08,17.3,18.25,17.1,17.45,225351
2013-02-11,17.75,17.9,16.85,16.95,98246
2013-02-12,17.15,17.2,16.2,16.4,185198
2013-02-13,16.5,16.8,16.0,16.1,367910
2013-02-14,16.4,16.4,15.8,15.85,289039
2013-02-15,16.0,16.9,15.55,16.5,750919
2013-02-18,16.6,17.75,16.6,17.25,573653
2013-02-19,17.7,18.0,17.2,17.4,580169
2013-02-20,17.3,17.7,16.95,17.05,430541
2013-02-21,16.9,17.3,16.35,16.45,433885
2013-02-22,16.3,16.85,16.3,16.65,201452
2013-02-25,16.4,16.8,16.25,16.35,346963
2013-02-26,16.4,16.7,16.1,16.4,255481
2013-02-27,16.7,16.8,16.45,16.65,180888
2013-02-28,16.9,17.0,15.85,16.05,279982
2013-03-01,16.5,16.7,16.0,16.45,303110
2013-03-04,16.2,16.9,15.7,15.8,218474
2013-03-05,16.15,16.6,15.85,16.35,933414
2013-03-06,16.5,16.95,16.45,16.55,290524
2013-03-07,16.85,16.85,16.0,16.45,109939
2013-03-08,16.9,17.0,16.6,16.75,300327
2013-03-11,16.9,17.25,16.6,16.75,302302
2013-03-12,16.9,17.3,16.75,17.05,318153
2013-03-13,17.1,17.4,16.9,17.2,419155
2013-03-14,17.45,17.45,16.75,16.8,420958
2013-03-15,16.7,16.95,15.95,16.1,291563
2013-03-18,16.1,16.9,16.1,16.4,233953
2013-03-19,16.9,16.9,15.8,15.95,244608
2013-03-20,15.9,15.9,15.0,15.15,214773
2013-03-21,15.2,15.3,14.5,14.75,375970
2013-03-22,14.75,14.75,13.85,14.0,676861
2013-03-25,14.25,14.35,13.5,13.75,302455
2013-03-26,13.7,14.8,13.65,14.6,364746
2013-03-28,14.75,15.1,14.45,14.9,254216
2013-04-01,15.25,15.65,14.9,15.4,112777
2013-04-02,16.0,16.45,15.7,16.25,300178
2013-04-03,16.1,16.4,15.5,15.6,174685
2013-04-04,15.85,16.8,15.75,16.5,414013
2013-04-05,18.4,19.1,16.65,16.8,2148288
2013-04-08,17.0,17.0,15.65,15.8,506424
2013-04-09,16.0,16.15,15.1,15.25,301980
2013-04-10,15.25,15.3,14.6,14.9,533511
2013-04-11,15.0,15.2,14.6,14.95,168064
2013-04-12,14.9,15.15,14.75,14.9,110867
2013-04-15,15.0,15.0,14.55,14.65,144535
2013-04-16,14.65,15.05,14.5,14.75,217898
2013-04-17,14.85,14.9,14.65,14.75,78029
2013-04-18,14.6,15.0,14.5,14.75,93286
2013-04-22,14.8,15.15,14.5,14.8,117732
2013-04-23,14.4,15.0,14.4,14.7,104413
2013-04-25,14.65,14.95,14.65,14.75,49018
2013-04-26,14.5,14.95,14.5,14.65,34950
2013-04-29,14.65,14.95,14.45,14.55,67399
2013-04-30,14.7,14.8,14.45,14.55,60415
2013-05-02,14.4,14.9,14.4,14.5,86390
2013-05-03,14.75,14.75,14.25,14.5,48145
2013-05-06,14.75,14.75,14.4,14.5,53757
2013-05-07,14.5,15.1,14.4,14.85,131055
2013-05-08,15.0,15.55,14.85,15.3,130322
2013-05-09,15.0,15.3,14.85,14.95,98430
2013-05-10,14.7,15.15,14.65,14.95,63519
2013-05-11,15.25,15.25,14.75,14.8,4139
2013-05-13,15.0,15.25,14.75,15.0,116533
2013-05-14,15.0,15.2,14.65,14.95,46779
2013-05-15,15.0,15.2,14.85,15.0,27837
2013-05-16,15.0,15.2,14.7,14.95,83593
2013-05-17,14.75,15.2,14.75,15.0,105266
2013-05-20,15.25,15.25,14.75,14.9,45531
2013-05-21,15.0,15.2,14.75,14.9,69546
2013-05-22,14.75,15.2,14.75,14.9,60700
2013-05-23,14.8,15.2,14.75,15.1,288595
2013-05-24,15.0,15.0,14.55,14.6,57269
2013-05-27,14.65,14.75,14.5,14.55,44574
2013-05-28,14.55,14.75,14.4,14.5,28437
2013-05-29,14.4,14.75,14.3,14.4,29865
2013-05-30,14.4,14.8,14.25,14.75,65374
2013-05-31,14.3,14.8,14.05,14.5,48664
2013-06-03,14.25,14.85,14.05,14.5,52990
2013-06-04,14.6,14.8,14.4,14.7,101995
2013-06-05,14.3,14.9,14.25,14.5,38718
2013-06-06,14.5,14.65,14.3,14.4,47450
2013-06-07,14.1,14.8,14.0,14.25,37336
2013-06-10,14.6,14.6,14.0,14.0,41715
2013-06-11,13.75,14.4,13.5,13.95,36904
2013-06-12,14.0,14.6,14.0,14.5,117672
2013-06-13,14.1,14.55,13.9,14.5,54891
2013-06-14,14.15,14.5,13.9,14.2,73244
2013-06-17,14.8,14.8,14.0,14.05,32897
2013-06-18,14.0,14.5,14.0,14.25,64970
2013-06-19,14.1,14.45,14.1,14.25,23475
2013-06-20,14.0,14.8,13.85,14.0,145309
2013-06-21,14.0,14.4,13.65,13.95,75427
2013-06-24,14.0,14.0,13.3,13.45,93704
2013-06-25,13.0,13.8,13.0,13.75,50657
2013-06-26,13.35,14.1,13.3,14.0,99679
2013-06-27,14.15,14.15,13.3,13.4,73930
2013-06-28,13.5,14.05,13.4,14.05,75163
2013-07-01,14.1,14.75,13.6,14.65,56181
2013-07-02,14.25,14.6,14.15,14.4,34393
2013-07-03,14.3,14.65,14.15,14.4,307730
2013-07-04,14.25,15.1,14.25,14.9,218689
2013-07-05,15.0,15.4,14.25,14.6,189804
2013-07-08,14.5,14.5,13.9,13.95,39309
2013-07-09,14.35,14.4,14.05,14.1,25976
2013-07-10,13.6,14.5,13.6,14.3,69683
2013-07-11,14.5,15.0,14.05,14.6,127856
2013-07-12,14.4,14.8,14.4,14.65,27696
2013-07-15,14.75,14.8,13.2,14.75,58505
2013-07-16,14.1,14.5,14.0,14.4,81204
2013-07-17,14.4,14.6,13.65,13.7,114595
2013-07-18,13.85,14.5,13.75,13.95,66944
2013-07-19,13.95,14.2,13.75,13.85,121141
2013-07-22,13.5,14.0,13.5,13.75,31098
2013-07-23,13.75,14.0,13.55,13.6,48694
2013-07-24,13.5,13.7,13.35,13.55,39549
2013-07-25,12.5,13.4,12.5,13.1,46868
2013-07-26,13.15,13.45,13.05,13.1,43403
2013-07-29,12.65,13.5,12.5,12.7,44311
2013-07-30,12.9,12.9,12.25,12.3,39904
2013-07-31,12.05,12.3,11.5,11.6,96687
2013-08-01,11.9,12.5,11.35,11.85,106238
2013-08-02,11.9,11.9,11.05,11.5,53446
2013-08-05,11.5,11.75,11.05,11.25,84409
2013-08-06,11.3,11.3,10.95,11.05,109232
2013-08-07,11.45,11.9,10.75,11.65,49261
2013-08-08,12.5,12.5,11.4,11.95,63418
2013-08-12,11.0,12.35,11.0,12.15,48503
2013-08-13,13.35,13.35,11.6,11.9,26589
2013-08-14,12.2,12.25,11.95,12.1,39313
2013-08-16,12.25,12.25,11.65,11.85,21362
2013-08-19,12.0,12.0,11.1,11.45,19277
2013-08-20,11.05,12.55,11.05,11.45,64805
2013-08-21,11.65,12.0,10.7,11.2,206090
2013-08-22,11.2,11.4,11.1,11.25,20210
2013-08-23,11.35,11.55,10.9,11.05,92388
2013-08-26,10.8,11.35,10.8,10.95,59140
2013-08-27,11.0,11.3,11.0,11.2,67022
2013-08-28,11.45,11.45,10.35,11.2,92041
2013-08-29,11.3,11.35,10.95,11.0,56328
2013-08-30,11.3,12.1,10.95,11.2,98793
2013-09-02,11.9,12.3,11.0,12.3,224620
2013-09-03,13.15,13.15,11.55,11.65,78644
2013-09-04,12.0,12.2,11.55,12.1,65851
2013-09-05,12.0,12.0,11.65,11.75,58719
2013-09-06,11.8,12.2,11.6,12.1,51579
2013-09-10,12.0,12.6,11.65,12.3,127521
2013-09-11,12.3,12.7,12.3,12.4,53542
2013-09-12,12.5,12.8,12.0,12.75,39074
2013-09-13,12.55,13.35,12.55,13.0,146406
2013-09-16,13.1,13.45,13.0,13.15,67147
2013-09-17,13.0,13.3,13.0,13.15,36569
2013-09-18,12.85,13.1,12.7,13.0,70761
2013-09-19,13.0,13.3,12.25,12.75,101917
2013-09-20,12.9,12.9,12.25,12.3,40258
2013-09-23,12.3,12.6,11.35,11.55,63734
2013-09-24,11.6,12.15,11.5,12.0,41021
2013-09-25,12.0,12.15,11.45,11.7,46359
2013-09-26,12.0,12.4,11.85,11.95,55744
2013-09-27,12.15,12.8,11.6,11.85,82551
2013-09-30,11.6,12.0,11.6,11.9,80111
2013-10-01,12.15,12.4,11.85,12.2,34759
2013-10-03,12.05,12.6,12.05,12.45,100757
2013-10-04,12.3,12.75,12.1,12.55,44765
2013-10-07,12.7,13.0,12.4,12.65,37462
2013-10-08,12.8,12.8,12.4,12.55,28226
2013-10-09,12.4,12.7,12.25,12.6,32967
2013-10-10,12.7,13.25,12.55,12.95,96349
2013-10-11,12.5,13.2,12.5,12.75,40505
2013-10-14,12.8,12.9,12.3,12.55,35417
2013-10-15,12.55,12.95,12.3,12.55,53517
2013-10-17,12.75,13.55,12.5,13.15,153182
2013-10-18,13.0,13.5,12.75,13.15,72745
2013-10-21,13.1,13.6,13.0,13.4,118044
2013-10-22,13.6,15.3,13.5,14.85,578092
2013-10-23,15.1,16.1,14.5,15.45,292922
2013-10-24,15.5,16.4,15.1,15.25,395424
2013-10-25,15.3,15.5,14.9,14.95,92853
2013-10-28,15.05,15.35,14.15,14.25,130087
2013-10-29,14.1,14.2,13.5,13.85,43819
2013-10-30,14.1,14.1,13.1,13.55,46380
2013-10-31,13.5,14.1,13.5,13.95,60079
2013-11-01,13.55,14.3,13.55,13.8,93296
2013-11-03,14.0,15.1,13.85,14.85,84571
2013-11-05,14.8,15.25,14.4,14.55,186894
2013-11-06,14.75,15.0,14.55,14.75,97820
2013-11-07,15.0,15.0,14.25,14.4,78260
2013-11-08,14.2,14.95,14.05,14.8,122624
2013-11-11,14.9,14.9,13.85,14.05,76492
2013-11-12,14.4,14.45,13.6,13.65,62427
2013-11-13,13.55,13.7,12.9,13.0,78717
2013-11-14,13.15,13.5,13.1,13.15,34993
2013-11-18,12.95,13.4,12.95,13.05,60776
2013-11-19,13.0,13.15,13.0,13.05,52393
2013-11-20,12.7,15.2,12.7,14.6,652662
2013-11-21,14.5,15.1,14.35,14.55,163175
2013-11-22,14.85,15.2,14.55,14.75,148009
2013-11-25,14.85,15.1,14.55,15.0,213523
2013-11-26,15.15,15.5,14.8,15.2,331674
2013-11-27,15.25,15.35,14.6,14.9,225135
2013-11-28,14.6,15.4,14.35,15.2,337181
2013-11-29,15.0,15.2,14.15,14.3,271183
2013-12-02,14.55,14.8,14.2,14.25,122743
2013-12-03,14.5,14.55,14.05,14.35,117912
2013-12-04,14.45,14.6,14.25,14.25,148969
2013-12-05,14.55,14.55,14.05,14.1,70820
2013-12-06,14.25,14.65,14.15,14.35,380786
2013-12-09,14.8,14.95,14.1,14.3,87072
2013-12-10,14.1,14.4,13.35,13.55,479087
2013-12-11,13.55,14.1,13.3,13.75,128894
2013-12-12,13.8,14.05,13.35,13.5,103149
2013-12-13,13.5,13.65,13.35,13.4,36361
2013-12-16,13.5,13.6,13.25,13.3,41601
2013-12-17,13.45,15.0,13.2,13.5,83206
2013-12-18,13.65,13.85,13.4,13.5,99372
2013-12-19,13.65,14.05,13.6,13.7,183011
2013-12-20,14.0,14.4,13.85,14.05,274381
2013-12-23,14.3,14.3,13.7,13.75,60496
2013-12-24,14.0,14.0,13.75,13.8,52028
2013-12-26,13.9,16.45,13.8,15.75,730315
2013-12-27,16.0,16.0,14.65,14.95,199379
2013-12-30,15.05,15.05,14.0,14.15,171123
2013-12-31,14.15,14.25,13.9,13.95,172528
2014-01-01,14.3,14.3,13.75,14.05,95839
2014-01-02,14.05,14.45,13.7,13.85,151915
2014-01-03,14.0,14.1,13.8,14.0,63773
2014-01-06,14.0,14.3,14.0,14.05,113493
2014-01-07,14.1,14.75,13.85,14.45,233535
2014-01-08,14.3,14.6,14.05,14.2,46108
2014-01-09,14.4,14.75,14.2,14.65,483870
2014-01-10,14.4,14.6,13.9,14.05,77061
2014-01-13,14.55,14.55,13.9,14.0,62675
2014-01-14,14.5,14.5,14.0,14.15,34146
2014-01-15,14.5,14.5,14.1,14.25,62856
2014-01-16,14.1,14.9,14.1,14.2,103549
2014-01-17,14.4,14.5,13.9,13.95,51454
2014-01-20,13.9,13.95,13.7,13.8,27181
2014-01-21,14.1,14.1,13.65,13.75,37914
2014-01-22,13.7,13.95,13.7,13.75,38400
2014-01-23,13.9,13.95,13.7,13.85,22638
2014-01-24,13.7,13.9,13.15,13.45,64828
2014-01-27,13.05,13.75,13.0,13.2,101098
2014-01-28,13.25,13.8,13.25,13.35,17938
2014-01-29,13.6,13.6,13.35,13.45,29957
2014-01-30,13.45,13.55,13.35,13.45,58868
2014-01-31,13.65,13.65,13.4,13.55,31783
2014-02-03,13.5,14.5,13.5,13.5,39036
2014-02-04,13.4,13.7,13.35,13.6,22934
2014-02-05,13.45,14.1,13.45,13.9,42843
2014-02-06,13.8,14.2,13.8,14.0,50564
2014-02-07,14.0,14.2,13.75,14.0,33956
2014-02-10,14.2,14.25,14.0,14.1,36964
2014-02-11,14.45,14.8,14.0,14.65,202107
2014-02-12,14.5,14.85,14.1,14.75,87162
2014-02-13,14.75,15.0,13.9,14.0,155459
2014-02-14,14.1,14.3,14.0,14.15,36594
2014-02-17,14.0,14.4,13.9,14.05,30623
2014-02-18,14.0,14.25,13.35,14.1,109931
2014-02-19,14.2,15.15,14.1,15.0,154343
2014-02-20,15.0,15.0,14.3,14.6,80121
2014-02-21,14.5,14.9,14.35,14.65,44243
2014-02-24,14.15,14.7,14.15,14.6,21980
2014-02-25,14.55,15.1,14.55,14.9,93501
2014-02-26,15.0,15.7,15.0,15.4,139583
2014-02-28,15.2,15.5,14.8,15.0,90133
2014-03-03,14.9,15.3,14.7,15.15,58101
2014-03-04,15.5,15.5,14.8,15.05,25025
2014-03-05,15.0,15.25,14.8,15.15,54433
2014-03-06,14.85,16.15,14.85,16.0,202087
2014-03-07,16.0,16.15,15.55,15.95,151521
2014-03-10,15.15,15.95,15.15,15.65,42324
2014-03-11,15.15,16.2,15.15,15.6,43827
2014-03-12,15.55,15.9,15.5,15.55,39137
2014-03-13,15.3,18.6,15.25,17.9,756601
2014-03-14,18.0,18.3,17.0,17.85,230989
2014-03-18,17.3,18.55,17.25,18.3,184270
2014-03-19,18.25,18.5,17.75,18.05,103069
2014-03-20,18.0,18.65,17.5,17.8,144395
2014-03-21,17.7,18.45,17.25,17.55,58091
2014-03-22,17.5,18.0,17.3,17.8,21176
2014-03-24,17.65,18.3,17.25,17.35,165681
2014-03-25,17.3,17.55,16.85,17.15,67414
2014-03-26,17.7,17.75,16.7,16.95,91352
2014-03-27,16.75,17.25,16.75,17.05,55843
2014-03-28,17.45,17.75,17.0,17.4,148038
2014-03-31,17.45,18.35,17.3,17.75,93905
2014-04-01,17.75,18.85,17.75,18.35,245491
2014-04-02,18.35,19.35,18.35,18.9,262594
2014-04-03,19.0,19.05,18.0,18.2,86626
2014-04-04,18.2,20.9,18.05,20.15,827638
2014-04-07,20.5,21.0,19.5,19.65,292061
2014-04-09,19.9,20.5,19.75,20.0,187347
2014-04-10,20.25,20.3,19.05,19.2,147862
2014-04-11,19.0,19.5,18.8,19.05,69962
2014-04-15,19.0,19.7,18.75,18.9,103107
2014-04-16,18.9,19.35,18.3,18.45,87476
2014-04-17,18.55,18.95,18.55,18.65,41566
2014-04-21,18.9,19.25,18.35,18.5,81790
2014-04-22,18.35,18.85,18.05,18.2,54163
2014-04-23,18.0,19.5,17.75,18.6,406200
2014-04-25,18.7,19.0,18.45,18.6,117388
2014-04-28,18.95,19.1,18.55,18.7,197056
2014-04-29,18.5,18.7,18.05,18.2,54483
2014-04-30,18.5,18.6,17.1,17.3,240434
2014-05-02,17.25,17.65,17.25,17.4,80031
2014-05-05,17.4,17.6,17.1,17.15,39687
2014-05-06,17.15,17.7,16.8,17.35,114177
2014-05-07,17.15,17.9,17.0,17.2,114176
2014-05-08,17.1,17.55,17.05,17.2,42621
2014-05-09,17.25,17.25,16.8,17.05,111380
2014-05-12,16.9,17.65,16.9,17.2,130673
2014-05-13,17.1,17.85,17.1,17.45,128241
2014-05-14,17.65,18.05,17.55,17.75,116639
2014-05-15,17.5,18.2,17.5,17.75,127522
2014-05-16,17.5,18.2,17.5,17.75,115997
2014-05-19,17.75,20.6,17.7,20.1,450992
2014-05-20,20.75,23.6,20.5,22.6,1144152
2014-05-21,22.9,22.9,20.5,21.85,437245
2014-05-22,22.5,24.8,22.5,24.2,897802
2014-05-23,24.9,25.5,24.1,24.65,668559
2014-05-26,25.2,26.2,21.2,22.7,579458
2014-05-27,22.8,22.95,20.7,21.4,428310
2014-05-28,21.85,22.5,21.6,22.0,180103
2014-05-29,22.0,22.2,20.5,21.25,252111
2014-05-30,21.55,23.2,20.85,22.25,402049
2014-06-02,22.85,25.2,22.25,23.45,699591
2014-06-03,23.9,28.1,23.45,28.1,3391647
2014-06-04,29.3,30.8,28.55,30.3,2865937
2014-06-05,30.3,31.4,29.1,31.1,1232226
2014-06-06,32.7,34.2,32.35,34.2,3996111
2014-06-09,35.05,35.6,34.0,34.95,1583368
2014-06-10,35.0,35.75,32.5,34.55,540692
2014-06-11,34.5,34.85,31.1,31.1,632553
2014-06-12,31.0,31.4,28.5,29.65,1018395
2014-06-13,29.4,30.05,26.75,28.45,726792
2014-06-16,28.45,29.0,27.05,28.6,341320
2014-06-17,28.3,30.1,28.3,29.95,493025
2014-06-18,31.0,31.1,28.3,29.25,357643
2014-06-19,29.0,29.9,28.5,28.6,210596
2014-06-20,29.4,30.9,28.15,28.75,724984
2014-06-23,29.1,31.6,28.6,31.45,3967039
2014-06-24,32.2,32.9,31.1,31.5,1313108
2014-06-25,31.75,31.8,30.0,30.7,428851
2014-06-26,30.9,30.9,30.0,30.15,233742
2014-06-27,30.8,31.0,29.3,29.7,245046
2014-06-30,29.4,30.0,28.25,29.2,182181
2014-07-01,29.5,30.25,29.0,29.7,154410
2014-07-02,29.15,30.25,28.85,29.0,214978
2014-07-03,29.5,30.4,27.6,27.85,303202
2014-07-04,27.9,28.95,27.8,28.75,103541
2014-07-07,28.75,30.15,28.5,29.15,267909
2014-07-08,29.0,29.4,27.7,27.8,115026
2014-07-09,27.45,28.15,26.45,26.75,126064
2014-07-10,27.0,27.9,25.45,27.2,159341
2014-07-11,27.95,27.95,25.85,25.9,153384
2014-07-14,26.5,26.5,24.7,24.95,151773
2014-07-15,25.0,26.15,24.75,26.15,66137
2014-07-16,26.05,26.85,25.15,26.5,64302
2014-07-17,26.5,26.85,25.6,25.95,83058
2014-07-18,26.0,26.45,25.05,26.05,37429
2014-07-21,26.0,26.85,26.0,26.4,46464
2014-07-22,26.4,26.4,25.6,25.9,66096
2014-07-23,26.0,26.4,25.5,25.9,54061
2014-07-24,26.1,26.7,25.05,26.25,155028
2014-07-25,26.3,26.3,25.05,25.2,98107
2014-07-28,25.0,25.85,24.4,24.6,89394
2014-07-30,24.0,24.65,23.7,24.1,32747
2014-07-31,24.1,25.15,23.75,23.95,60016
2014-08-01,23.7,25.0,23.25,24.2,62344
2014-08-04,23.5,24.85,23.5,24.65,29245
2014-08-05,24.85,25.8,24.05,25.2,59657
2014-08-06,24.75,25.55,24.45,24.6,37975
2014-08-07,23.85,24.65,23.4,23.4,147735
2014-08-08,22.85,23.2,22.4,22.75,62392
2014-08-11,23.0,23.65,22.55,23.1,45238
2014-08-12,23.7,23.7,22.5,23.3,57257
2014-08-13,22.6,23.4,22.15,22.65,115802
2014-08-14,22.5,23.75,22.1,23.75,83248
2014-08-18,23.1,23.8,23.1,23.35,65591
2014-08-19,23.15,24.5,23.15,24.5,111730
2014-08-20,25.65,25.7,24.35,24.85,138557
2014-08-21,24.9,25.65,24.2,24.55,93969
2014-08-22,23.85,25.75,23.7,25.25,297067
2014-08-25,25.05,25.65,24.75,25.0,135277
2014-08-26,24.9,24.9,23.75,23.75,79935
2014-08-27,24.4,24.4,23.4,23.75,46349
2014-08-28,23.5,23.85,23.1,23.6,85500
2014-09-01,23.8,24.7,23.4,23.65,122228
2014-09-02,23.6,24.8,23.6,24.25,124306
2014-09-03,24.75,24.9,23.5,24.0,102117
2014-09-04,23.6,24.0,23.0,23.55,95400
2014-09-05,24.75,24.75,23.25,23.5,61799
2014-09-08,23.55,24.1,23.0,23.85,146665
2014-09-09,23.9,25.25,23.6,24.75,190291
2014-09-10,24.0,25.5,23.85,24.4,131192
2014-09-11,24.85,26.6,24.35,25.75,186331
2014-09-12,26.3,26.35,24.35,24.65,205973
2014-09-15,24.35,25.15,23.7,24.15,105415
2014-09-16,24.35,24.9,23.1,23.35,131149
2014-09-17,23.45,24.0,22.3,22.85,140230
2014-09-18,23.5,23.5,22.5,22.9,58265
2014-09-19,23.0,23.5,22.75,23.05,84392
2014-09-22,23.0,23.0,21.75,22.45,188607
2014-09-23,22.5,22.9,21.8,22.1,78665
2014-09-24,21.9,22.5,21.2,21.7,47495
2014-09-25,22.0,22.0,20.8,20.95,73103
2014-09-26,20.8,21.7,20.5,20.95,107772
2014-09-29,20.65,21.75,20.6,21.2,54730
2014-09-30,21.2,21.5,20.6,20.75,55949
2014-10-01,20.55,21.85,20.55,21.7,88337
2014-10-07,22.15,22.6,21.9,22.4,57728
2014-10-08,22.05,22.75,21.5,21.85,107604
2014-10-09,22.15,22.4,21.8,22.1,47728
2014-10-10,22.9,22.9,21.8,22.0,62332
2014-10-13,22.5,22.6,21.6,22.4,27056
2014-10-14,22.0,22.5,21.0,21.95,94499
2014-10-16,21.7,22.3,21.45,21.7,57531
2014-10-17,21.5,25.95,21.5,22.8,146489
2014-10-20,22.6,23.45,21.9,22.1,114442
2014-10-21,22.1,22.8,21.5,22.5,75495
2014-10-22,22.2,22.75,22.2,22.45,26836
2014-10-23,22.35,23.2,22.35,22.9,35994
2014-10-27,23.0,23.65,22.35,23.4,140970
2014-10-28,23.15,24.1,22.75,23.85,56282
2014-10-29,23.7,24.2,22.95,23.35,66391
2014-10-30,23.1,23.75,22.9,22.95,29333
2014-10-31,23.0,23.8,22.2,23.1,51405
2014-11-03,23.0,24.4,23.0,23.65,138156
2014-11-05,23.25,24.95,23.25,23.9,163562
2014-11-07,24.3,24.75,22.75,22.85,384681
2014-11-10,22.85,23.25,22.4,22.55,112396
2014-11-11,22.9,23.25,22.25,22.4,225256
2014-11-12,22.8,24.9,22.1,24.35,383379
2014-11-13,24.9,28.25,24.2,27.05,1695827
2014-11-14,27.1,28.8,26.2,27.2,1095122
2014-11-17,27.0,28.65,27.0,27.8,543189
2014-11-18,28.05,30.75,28.05,29.95,1638578
2014-11-19,30.6,31.0,28.7,29.05,912105
2014-11-20,29.0,29.25,27.1,27.9,785527
2014-11-21,27.85,27.85,26.6,26.7,243180
2014-11-24,25.75,28.9,25.75,27.0,186263
2014-11-25,27.15,28.2,24.55,25.7,263588
2014-11-26,25.9,26.8,25.7,26.4,99463
2014-11-27,26.15,26.8,25.5,25.6,87851
2014-11-28,25.5,26.75,25.25,25.45,118625
2014-12-01,24.8,26.05,24.8,25.5,129076
2014-12-02,25.35,26.15,24.9,25.15,112559
2014-12-03,25.55,26.3,25.2,26.1,167751
2014-12-04,26.1,26.45,24.6,25.0,113063
2014-12-05,25.0,26.0,25.0,25.5,135688
2014-12-08,25.5,25.8,24.75,24.9,47746
2014-12-09,24.7,25.7,24.0,24.45,113973
2014-12-10,24.2,26.55,23.05,26.1,197629
2014-12-11,27.75,28.25,26.45,26.8,536112
2014-12-12,26.5,26.85,24.5,24.7,154129
2014-12-15,24.15,25.25,23.3,24.4,106516
2014-12-16,24.5,25.35,23.45,23.65,247014
2014-12-17,23.95,23.95,21.75,22.95,235835
2014-12-18,24.1,24.1,23.0,23.55,224386
2014-12-19,23.95,24.25,22.7,22.95,146890
2014-12-22,22.75,23.55,22.65,23.1,90729
2014-12-23,23.0,23.5,22.6,22.85,160072
2014-12-24,23.0,23.7,22.95,23.4,297351
2014-12-26,24.25,24.25,23.1,23.25,268198
2014-12-29,23.9,23.9,22.35,22.7,115865
2014-12-30,22.5,23.15,22.4,23.0,46414
2015-01-01,23.45,23.75,23.05,23.45,57910
2015-01-02,23.75,26.0,23.6,24.35,347429
2015-01-05,24.15,25.7,24.15,25.15,226147
2015-01-06,25.0,25.6,23.0,23.15,697861
2015-01-07,23.4,23.9,22.95,23.7,130851
2015-01-08,24.5,24.5,23.5,23.8,84991
2015-01-09,24.0,24.5,23.55,23.75,55771
2015-01-12,23.95,25.3,23.55,24.5,100488
2015-01-13,24.95,24.95,23.9,24.15,126801
2015-01-14,24.3,24.35,23.45,23.65,65695
2015-01-15,23.75,25.9,23.7,25.3,439458
2015-01-16,25.3,25.65,24.2,24.55,215927
2015-01-19,25.4,25.4,24.55,24.65,87950
2015-01-20,24.8,25.3,24.2,24.3,77591
2015-01-21,24.1,25.0,24.1,24.3,88845
2015-01-22,24.2,25.05,24.2,24.9,123898
2015-01-23,25.2,25.25,24.1,24.2,59000
2015-01-27,24.3,25.4,23.45,25.0,326414
2015-01-28,25.35,25.6,24.1,24.3,165236
2015-01-29,24.0,24.95,24.0,24.6,83295
2015-01-30,24.25,24.85,24.05,24.15,53536
2015-02-02,24.35,24.75,23.85,24.0,73305
2015-02-03,24.5,24.5,23.3,23.45,98050
2015-02-04,23.6,23.75,23.2,23.35,131384
2015-02-05,23.5,23.6,22.75,23.0,72823
2015-02-06,23.0,23.1,22.25,22.3,77820
2015-02-09,22.1,22.55,21.5,21.75,61132
2015-02-10,21.55,22.5,21.3,21.45,55851
2015-02-11,21.5,22.0,21.4,21.8,57477
2015-02-12,21.75,22.9,21.55,22.1,85768
2015-02-13,22.4,22.6,21.75,22.05,71700
2015-02-16,22.0,22.2,21.7,21.95,63231
2015-02-18,22.55,23.4,21.8,22.95,308234
2015-02-19,22.95,23.4,22.5,22.9,279135
2015-02-20,23.4,24.45,23.0,23.15,231484
2015-02-23,22.5,23.35,22.05,22.25,92558
2015-02-24,22.4,22.8,22.0,22.45,103343
2015-02-25,22.3,22.8,21.9,22.0,120718
2015-02-26,22.0,22.5,21.55,21.75,190277
2015-02-27,22.3,22.3,21.7,21.8,158404
2015-02-28,22.2,22.35,21.6,21.75,96962
2015-03-02,22.15,22.65,21.55,22.0,132996
2015-03-03,22.2,22.7,21.75,21.95,183952
2015-03-04,22.4,22.45,21.75,21.8,97244
2015-03-05,21.55,22.25,21.55,22.0,70423
2015-03-09,22.5,22.5,20.9,21.15,183061
2015-03-10,21.2,21.6,20.8,21.05,80409
2015-03-11,21.1,22.2,20.6,21.15,294221
2015-03-12,21.3,21.6,21.0,21.05,70196
2015-03-13,21.45,21.45,20.05,20.2,153229
2015-03-16,20.45,20.65,19.5,20.25,143054
2015-03-17,20.0,20.6,19.85,20.1,267805
2015-03-18,20.1,20.4,19.75,19.95,143660
2015-03-19,20.1,20.4,19.75,19.9,79998
2015-03-20,20.0,20.25,19.25,19.65,95166
2015-03-23,19.55,19.65,17.85,18.65,200419
2015-03-24,18.35,18.8,18.3,18.55,64483
2015-03-25,18.4,18.9,17.1,17.9,323607
2015-03-26,17.5,18.75,17.5,18.35,88229
2015-03-27,18.0,18.75,18.0,18.2,169512
2015-03-30,18.25,18.8,17.5,18.05,89337
2015-03-31,18.4,18.55,18.05,18.4,61592
2015-04-01,18.7,19.05,18.35,18.9,42315
2015-04-06,18.6,19.85,18.6,19.55,63219
2015-04-07,19.65,19.95,19.1,19.75,57248
2015-04-08,19.9,21.0,19.2,19.45,385177
2015-04-09,19.5,19.75,19.1,19.65,162260
2015-04-10,19.8,20.1,18.9,19.05,173606
2015-04-13,19.05,19.55,19.05,19.2,30447
2015-04-15,19.65,19.65,19.25,19.45,77921
2015-04-16,19.5,20.5,19.45,19.6,151654
2015-04-17,19.55,19.6,18.35,18.45,303764
2015-04-20,18.55,18.6,17.8,18.0,213142
2015-04-21,18.0,18.4,17.75,18.05,111506
2015-04-22,18.4,18.7,17.6,17.7,110823
2015-04-23,17.85,18.2,17.65,18.05,83723
2015-04-24,18.05,18.3,17.55,18.1,114246
2015-04-27,18.0,19.65,17.8,19.05,141346
2015-04-28,18.95,19.95,17.9,18.1,190415
2015-04-29,18.4,19.4,18.35,18.9,79488
2015-04-30,19.0,19.6,18.4,18.65,87467
2015-05-04,19.0,19.15,18.55,18.65,29428
2015-05-05,18.8,19.05,18.25,18.45,45813
2015-05-06,18.4,18.7,18.05,18.15,46673
2015-05-07,18.65,18.9,17.8,17.9,56917
2015-05-08,18.25,18.55,18.05,18.35,40856
2015-05-11,18.85,18.85,18.05,18.15,28252
2015-05-12,17.9,21.4,17.9,20.0,452825
2015-05-13,19.95,20.75,19.0,19.5,58520
2015-05-14,19.3,20.05,18.9,19.8,49515
2015-05-15,19.85,20.4,19.35,19.4,62129
2015-05-18,19.8,20.0,19.35,19.85,46112
2015-05-19,20.15,20.15,18.8,18.95,104170
2015-05-20,19.0,19.15,18.55,18.9,54701
2015-05-21,19.0,19.25,18.5,19.0,63740
2015-05-22,19.2,19.9,19.05,19.35,103270
2015-05-25,19.0,19.45,18.55,18.65,41828
2015-05-26,19.0,19.1,18.55,18.6,28898
2015-05-27,17.05,18.9,17.05,18.55,162088
2015-05-28,18.55,19.45,18.3,18.45,123695
2015-05-29,18.0,19.25,18.0,18.75,30229
2015-06-01,18.2,18.9,18.2,18.5,35514
2015-06-02,18.4,18.45,17.85,17.95,58240
2015-06-03,18.35,18.35,14.55,17.0,149614
2015-06-04,17.0,17.9,17.0,17.1,64576
2015-06-05,17.2,17.25,16.1,16.75,73466
2015-06-08,17.25,17.85,17.25,17.55,67216
2015-06-09,17.0,18.25,17.0,17.45,50712
2015-06-10,17.6,19.25,16.85,17.2,464234
2015-06-11,17.25,17.4,16.25,16.55,92390
2015-06-12,16.1,16.75,16.1,16.3,39306
2015-06-15,16.5,16.65,15.8,16.0,45861
2015-06-16,16.4,16.5,15.95,16.1,25840
2015-06-17,16.15,16.75,16.1,16.25,61554
2015-06-18,16.25,16.6,16.15,16.25,50320
2015-06-19,16.35,16.6,15.8,16.25,77072
2015-06-22,16.3,16.65,15.8,16.4,125305
2015-06-23,16.65,16.7,16.15,16.3,38129
2015-06-24,16.25,16.45,15.95,16.05,68313
2015-06-25,16.0,16.25,15.65,16.0,203228
2015-06-26,16.0,16.35,15.7,16.0,68930
2015-06-29,16.0,16.0,15.4,15.75,48956
2015-06-30,15.7,15.9,15.6,15.75,67825
2015-07-01,15.6,16.55,15.6,16.05,53648
2015-07-02,16.05,16.45,15.7,15.85,35623
2015-07-03,16.35,16.35,15.6,15.65,99683
2015-07-06,15.5,17.9,15.4,17.05,126627
2015-07-07,17.05,17.5,16.65,16.95,65483
2015-07-08,16.5,16.7,16.4,16.55,62286
2015-07-09,16.9,17.0,16.55,16.95,51645
2015-07-10,16.8,17.2,16.6,16.85,35123
2015-07-13,16.85,17.45,16.85,17.2,31340
2015-07-14,16.85,18.15,16.7,17.75,217974
2015-07-15,18.35,18.4,17.85,18.25,85835
2015-07-16,18.0,18.25,17.55,18.05,28483
2015-07-17,18.0,18.95,17.55,18.8,124671
2015-07-20,18.7,19.6,18.0,19.3,60291
2015-07-21,19.0,19.3,18.25,18.55,67173
2015-07-22,18.75,19.4,18.25,19.2,64727
2015-07-23,19.6,19.75,19.1,19.55,147199
2015-07-24,19.5,20.3,19.2,19.95,286224
2015-07-27,21.7,23.9,21.65,23.9,2266871
2015-07-28,24.5,26.9,23.1,25.2,1734650
2015-07-29,26.0,27.9,26.0,26.5,1337812
2015-07-30,27.0,27.6,25.55,26.0,536629
2015-07-31,26.4,26.7,25.55,25.7,191439
2015-08-03,26.0,26.0,24.5,25.1,193131
2015-08-04,24.65,25.45,24.45,25.3,171165
2015-08-05,26.3,27.2,24.7,26.1,489428
2015-08-06,26.5,26.5,25.25,25.65,89417
2015-08-07,25.3,26.55,25.1,25.4,177878
2015-08-10,25.9,25.95,25.1,25.4,133566
2015-08-11,25.85,25.85,24.9,25.1,65927
2015-08-12,25.0,25.9,24.5,24.7,114976
2015-08-13,25.35,25.9,23.75,24.0,116320
2015-08-14,23.55,24.7,23.55,23.9,37865
2015-08-17,23.7,24.3,23.45,23.75,70627
2015-08-18,23.7,24.9,23.7,24.55,41231
2015-08-19,24.25,25.4,24.25,24.55,51229
2015-08-20,25.15,25.5,24.15,24.7,105746
2015-08-21,24.7,24.95,23.9,24.5,45615
2015-08-24,24.0,24.1,22.05,22.1,104765
2015-08-25,20.6,22.25,20.15,22.0,93982
2015-08-26,21.2,23.0,20.75,21.75,120528
2015-08-27,22.1,23.0,22.1,22.35,30777
2015-08-28,22.8,23.4,22.8,22.95,45845
2015-08-31,22.6,23.8,22.6,23.35,50231
2015-09-01,23.7,23.9,22.5,23.45,67509
2015-09-02,23.0,25.2,22.5,24.15,135573
2015-09-03,24.9,25.4,23.5,24.3,67776
2015-09-04,24.0,24.0,23.1,23.35,45895
2015-09-07,23.35,26.5,22.5,23.35,47135
2015-09-08,23.5,24.0,23.05,23.2,22790
2015-09-09,23.4,23.9,23.15,23.45,11147
2015-09-10,23.0,23.85,22.75,23.2,21989
2015-09-11,23.0,23.95,22.95,23.45,23121
2015-09-14,23.15,23.95,23.1,23.6,11554
2015-09-15,23.15,24.2,23.15,23.95,14888
2015-09-16,23.5,24.5,23.5,24.1,45425
2015-09-18,24.9,24.9,24.2,24.6,47985
2015-09-21,24.45,24.6,24.0,24.4,43071
2015-09-22,24.6,24.85,24.15,24.4,29168
2015-09-23,24.15,24.7,23.5,24.5,17169
2015-09-24,24.6,24.65,23.85,24.2,51553
2015-09-28,24.75,25.1,24.1,24.35,30587
2015-09-29,24.7,25.0,23.4,24.55,37927
2015-09-30,25.0,26.1,24.55,25.85,249389
2015-10-01,26.0,27.0,26.0,26.35,195470
2015-10-05,26.05,28.0,25.2,27.35,257521
2015-10-06,27.35,30.8,27.35,30.5,1086418
2015-10-07,30.75,32.4,29.3,29.75,914401
2015-10-08,30.0,30.1,28.4,29.05,316054
2015-10-09,29.1,30.15,27.75,28.0,508237
2015-10-12,28.0,28.9,28.0,28.35,124943
2015-10-13,28.75,32.15,27.65,31.3,616864
2015-10-14,32.0,34.0,30.15,32.5,1147579
2015-10-15,32.15,34.0,32.15,33.65,721291
2015-10-16,33.85,34.9,33.2,33.9,385249
2015-10-19,33.5,35.7,33.5,35.2,424970
2015-10-20,34.35,39.8,34.35,36.85,1206428
2015-10-21,37.0,38.2,34.4,35.0,1054099
2015-10-23,35.6,36.65,33.55,33.95,821429
2015-10-26,34.6,34.6,31.2,31.8,467296
2015-10-27,32.0,33.65,32.0,32.95,388790
2015-10-28,32.1,33.6,31.7,32.25,209135
2015-10-29,32.25,32.95,29.8,30.15,673162
2015-10-30,31.75,31.75,28.35,29.05,2116685
2015-11-02,29.5,29.5,28.05,28.9,497634
2015-11-03,29.85,29.85,28.5,28.65,662347
2015-11-04,28.9,30.0,28.45,28.65,899480
2015-11-05,28.85,29.0,27.5,27.8,389319
2015-11-06,27.95,28.5,27.05,27.4,283006
2015-11-09,27.0,29.0,26.1,28.9,515340
2015-11-10,29.0,29.65,28.35,28.75,410131
2015-11-11,29.55,30.4,29.05,30.15,202700
2015-11-13,29.6,31.6,28.7,30.85,2975739
2015-11-16,30.75,34.35,29.65,33.4,19067284
2015-11-17,33.7,36.2,33.35,34.25,11642152
2015-11-18,34.55,38.3,34.15,37.25,10250600
2015-11-19,37.4,37.6,34.65,35.05,3557755
2015-11-20,35.1,37.15,34.65,35.7,2462652
2015-11-23,36.25,36.8,34.2,35.8,2122513
2015-11-24,35.8,40.2,35.0,39.35,7884155
2015-11-26,39.7,41.3,38.1,38.6,3720353
2015-11-27,38.9,40.25,38.1,38.8,1747993
2015-11-30,39.0,40.0,36.75,37.3,1323215
2015-12-01,37.6,39.45,37.0,39.05,1963355
2015-12-02,39.4,40.6,38.55,38.7,2002039
2015-12-03,39.1,39.7,38.2,38.4,1069787
2015-12-04,38.2,39.2,37.65,38.0,851352
2015-12-07,38.75,38.75,37.25,37.75,860383
2015-12-08,37.9,39.2,36.3,36.95,1514483
2015-12-09,36.5,37.3,33.95,34.75,1736339
2015-12-10,35.2,36.6,35.05,36.4,833009
2015-12-11,36.1,36.8,35.2,36.05,482919
2015-12-14,35.9,38.2,35.1,37.95,1546652
2015-12-15,38.2,41.4,37.55,40.95,4284475
2015-12-16,41.0,42.8,39.55,41.2,4389833
2015-12-17,41.4,42.35,40.75,41.8,1899636
2015-12-18,41.55,43.5,41.3,42.0,2214798
2015-12-21,42.6,43.25,41.6,42.0,1083365
2015-12-22,42.05,43.75,41.15,41.35,1733953
2015-12-23,41.85,42.8,41.25,42.5,1105908
2015-12-24,42.9,43.5,42.0,42.25,961152
2015-12-28,42.75,42.8,41.7,42.15,844547
2015-12-29,42.15,42.55,39.1,40.7,1171188
2015-12-30,40.5,41.75,40.3,41.2,723409
2015-12-31,40.95,43.25,40.9,42.95,1302096
2016-01-01,42.8,46.8,42.6,46.35,3070192
2016-01-04,46.5,50.2,44.65,49.2,4837502
2016-01-05,50.15,50.15,47.25,47.65,2160065
2016-01-06,48.25,50.0,47.5,47.95,3314224
2016-01-07,47.5,47.5,43.5,44.55,1805961
2016-01-08,45.15,53.45,45.15,52.75,6450330
2016-01-11,52.75,55.6,49.65,54.2,6131206
2016-01-12,55.0,55.0,50.35,51.8,2759261
2016-01-13,52.45,54.85,45.2,53.05,7321382
2016-01-14,51.1,53.95,49.4,51.5,4012642
2016-01-15,52.3,52.85,47.0,47.55,1775600
2016-01-18,48.25,49.0,43.0,45.05,2967986
2016-01-19,45.65,51.4,45.65,49.1,2305515
2016-01-20,47.95,50.0,46.05,48.1,1976405
2016-01-21,48.5,49.95,45.55,46.3,1519266
2016-01-22,47.15,49.4,46.7,48.8,1374401
2016-01-25,48.85,49.7,47.7,48.05,775235
2016-01-27,48.35,48.85,46.6,48.15,1197293
2016-01-28,47.8,48.45,46.45,46.95,622733
2016-01-29,47.15,49.7,46.7,49.1,1114819
2016-02-01,49.15,49.75,47.9,48.3,1571469
2016-02-02,48.6,48.8,46.1,46.45,1050372
2016-02-03,45.9,47.5,43.4,44.2,865176
2016-02-04,44.95,45.3,40.55,41.55,1523563
2016-02-05,42.05,43.4,41.1,42.35,964056
2016-02-08,42.15,43.3,42.0,42.6,676557
2016-02-09,42.1,43.9,41.0,41.65,511350
2016-02-10,41.85,41.85,39.5,41.15,686709
2016-02-11,41.0,41.9,37.55,38.05,851209
2016-02-12,38.3,38.35,34.1,36.8,1524110
2016-02-15,37.65,41.65,37.2,40.85,1203607
2016-02-16,41.55,41.85,38.9,39.05,481692
2016-02-17,39.5,39.85,36.3,39.15,1290431
2016-02-18,40.8,41.5,38.85,39.45,595813
2016-02-19,39.0,39.45,38.15,39.0,298878
2016-02-22,38.9,39.9,38.4,38.5,247550
2016-02-23,38.9,39.55,37.6,37.95,242620
2016-02-24,38.8,39.95,38.25,39.05,568717
2016-02-25,39.0,40.65,38.8,39.85,479707
2016-02-26,40.25,41.15,39.2,40.0,389734
2016-02-29,40.35,40.4,36.2,39.1,435160
2016-03-01,40.0,42.0,39.4,41.65,642919
2016-03-02,42.6,43.75,41.15,41.6,619506
2016-03-03,42.2,42.5,40.8,41.6,446851
2016-03-04,41.6,47.2,41.25,46.3,2791303
2016-03-08,46.2,49.45,45.25,48.15,2545746
2016-03-09,47.4,49.35,47.05,48.1,1239803
2016-03-10,48.1,48.6,46.15,46.55,561894
2016-03-11,46.85,47.8,44.5,45.7,567963
2016-03-14,46.0,48.5,46.0,47.95,919150
2016-03-15,48.4,49.9,47.55,49.65,4938034
2016-03-16,49.7,52.95,49.1,52.35,4475240
2016-03-17,52.95,53.3,50.05,50.7,1735452
2016-03-18,51.25,53.4,51.05,52.35,1862722
2016-03-21,52.7,53.9,51.75,52.25,1105453
2016-03-22,52.6,53.2,49.8,51.7,1393156
2016-03-23,52.0,53.3,50.1,50.55,1340104
2016-03-28,50.4,50.6,47.0,48.25,1045303
2016-03-29,48.3,48.9,46.55,46.8,1079055
2016-03-30,47.4,52.05,47.3,51.4,3038759
2016-03-31,51.6,53.6,49.55,50.45,2124932
2016-04-01,50.65,54.6,50.4,52.8,2497527
2016-04-04,52.75,53.4,51.25,51.55,1056493
2016-04-05,50.5,51.0,49.3,50.15,1159568
2016-04-06,50.7,52.95,50.55,52.5,1587539
2016-04-07,52.7,52.7,50.55,50.95,1016212
2016-04-08,50.05,54.2,50.05,52.95,1518148
2016-04-11,53.5,53.6,50.85,51.65,1148621
2016-04-12,51.35,53.4,50.1,52.35,1498452
2016-04-13,52.8,53.2,51.4,51.75,753615
2016-04-18,50.85,56.8,50.85,55.5,3511816
2016-04-20,56.05,56.7,51.8,52.95,3171392
2016-04-21,52.85,53.95,51.35,51.65,724348
2016-04-22,52.0,55.4,51.6,53.8,1417229
2016-04-25,53.5,54.75,52.75,53.3,731092
2016-04-26,53.45,55.25,52.65,53.5,992263
2016-04-27,53.5,55.0,52.9,53.35,788946
2016-04-28,53.55,53.55,51.3,51.9,859541
2016-04-29,52.0,53.35,50.6,52.9,880240
2016-05-02,52.2,53.95,52.15,52.85,653748
2016-05-03,52.85,53.7,51.2,51.55,852802
2016-05-04,51.05,52.45,51.0,51.2,749861
2016-05-05,51.45,53.6,51.45,52.5,1084447
2016-05-06,52.65,53.15,51.85,52.55,653669
2016-05-09,52.4,53.5,52.35,52.6,611879
2016-05-10,52.6,54.2,52.25,52.55,1147533
2016-05-11,52.0,54.55,51.35,54.0,1573150
2016-05-12,54.05,57.0,54.05,56.2,2475238
2016-05-13,56.15,56.7,54.6,55.95,1349374
2016-05-16,56.55,58.4,56.1,57.85,2266922
2016-05-17,57.9,58.0,53.45,53.75,2630314
2016-05-18,53.7,55.25,53.5,53.8,969894
2016-05-19,54.0,54.35,51.2,52.25,838863
2016-05-20,52.1,52.9,49.5,50.15,1140493
2016-05-23,50.2,51.7,50.05,50.3,618499
2016-05-24,50.1,50.75,48.1,48.75,696121
2016-05-25,49.3,49.65,48.3,48.55,837868
2016-05-26,48.95,49.55,48.15,49.05,826523
2016-05-27,49.25,50.4,48.55,49.95,644842
2016-05-30,49.55,50.4,47.5,48.05,705189
2016-05-31,48.3,48.85,47.05,47.4,668082
2016-06-01,47.0,48.95,46.9,47.5,1012411
2016-06-02,47.85,48.3,46.95,47.85,514948
2016-06-03,48.55,50.4,48.3,49.25,1049282
2016-06-06,49.7,51.6,49.55,50.55,1158292
2016-06-07,51.1,52.7,51.1,51.75,897073
2016-06-08,52.0,57.25,51.5,56.3,3475028
2016-06-09,56.1,57.4,54.3,55.8,1747370
2016-06-10,55.7,58.5,55.1,57.6,3133818
2016-06-13,56.7,63.35,56.05,61.2,8092651
2016-06-14,61.9,63.9,59.55,61.2,4435013
2016-06-15,61.4,64.25,60.65,61.5,3459727
2016-06-16,62.5,64.45,58.0,61.45,5442498
2016-06-17,60.25,61.6,58.75,59.3,1951111
2016-06-20,58.0,63.55,58.0,62.35,2175356
2016-06-21,62.95,63.2,61.0,61.4,947845
2016-06-22,61.7,62.7,59.9,61.3,1172935
2016-06-23,60.7,61.5,59.3,60.35,851550
2016-06-24,57.2,58.8,52.2,58.45,2402768
2016-06-27,58.5,64.85,58.5,64.1,4486557
2016-06-28,64.7,67.35,63.55,64.45,4685409
2016-06-29,64.8,65.95,62.75,64.65,2294206
2016-06-30,66.4,67.5,64.25,64.75,2046624
2016-07-01,65.3,66.35,63.8,65.4,1589851
2016-07-04,67.4,67.95,65.6,66.2,1630415
2016-07-05,66.4,66.4,63.2,63.7,944200
2016-07-07,63.25,66.55,63.2,64.2,2737174
2016-07-08,64.35,64.35,61.65,62.1,1171687
2016-07-11,62.7,63.55,62.0,62.2,693870
2016-07-12,62.75,63.75,61.15,61.4,892679
2016-07-13,61.5,62.15,60.0,60.65,866450
2016-07-14,60.5,62.7,60.25,61.5,984165
2016-07-15,61.55,62.35,59.2,59.65,489394
2016-07-18,59.65,60.85,57.85,58.1,771726
2016-07-19,58.1,59.4,57.3,58.0,486602
2016-07-20,58.4,59.6,58.0,59.15,837591
2016-07-21,59.15,61.2,59.05,59.95,933431
2016-07-22,59.75,60.65,59.0,59.3,576137
2016-07-25,59.5,60.8,59.3,60.4,474628
2016-07-26,60.0,60.8,58.6,58.85,317417
2016-07-27,59.0,63.0,59.0,62.4,1851961
2016-07-28,62.45,62.45,60.5,60.85,468792
2016-07-29,61.0,63.8,60.25,62.55,1808221
2016-08-01,62.2,63.8,61.3,61.9,1296211
2016-08-02,61.6,63.6,61.35,62.75,993437
2016-08-03,63.75,64.2,61.05,61.55,1469320
2016-08-04,62.05,62.5,61.0,61.1,470704
2016-08-05,61.75,62.35,60.55,60.8,617930
2016-08-08,61.25,61.5,59.5,59.9,594111
2016-08-09,57.7,57.9,52.9,55.9,1455596
2016-08-10,54.25,57.0,53.1,54.1,699227
2016-08-11,54.25,54.8,50.1,50.95,1056199
2016-08-12,51.6,51.9,49.6,50.95,982380
2016-08-16,50.5,51.85,49.95,50.8,592137
2016-08-17,50.85,51.75,49.9,50.55,466367
2016-08-18,50.5,54.8,49.05,54.5,1652574
2016-08-19,54.95,55.8,53.75,55.45,737938
2016-08-22,55.5,55.8,53.5,53.85,388260
2016-08-23,53.15,54.25,52.75,53.45,425136
2016-08-24,53.5,55.45,53.5,54.95,574888
2016-08-25,55.6,56.95,54.3,55.15,1024671
2016-08-26,55.7,59.0,55.15,57.85,3552803
2016-08-29,57.0,57.0,53.8,54.25,732825
2016-08-30,54.1,55.0,53.0,53.65,597588
2016-08-31,53.5,55.6,52.7,53.5,1161682
2016-09-01,52.75,54.0,52.0,52.25,569555
2016-09-02,53.0,54.0,51.75,52.1,801453
2016-09-06,52.6,53.4,52.25,52.85,303370
2016-09-07,52.9,54.25,52.5,53.3,597770
2016-09-08,53.2,53.85,52.8,53.1,263198
2016-09-09,53.15,54.95,53.05,54.25,794800
2016-09-12,52.95,53.95,52.2,52.8,543938
2016-09-14,53.1,54.1,52.6,52.85,193888
2016-09-15,53.4,53.5,51.65,51.8,244155
2016-09-16,52.3,56.9,52.3,55.75,1801359
2016-09-19,57.4,63.9,57.4,62.9,4777704
2016-09-20,63.4,64.95,60.35,61.0,2406019
2016-09-21,61.4,62.25,59.0,60.0,804990
2016-09-22,60.9,62.9,60.5,62.25,1167886
2016-09-23,62.7,62.7,58.9,59.8,672227
2016-09-26,60.1,60.35,57.55,58.55,817663
2016-09-27,58.65,59.25,56.5,57.15,491639
2016-09-28,57.45,61.5,57.0,60.85,1332759
2016-09-29,61.55,61.75,48.7,58.1,2078740
2016-09-30,58.5,59.7,56.55,57.65,740419
2016-10-03,58.8,59.85,56.6,59.35,1127856
2016-10-04,60.7,61.0,57.75,58.45,1752680
2016-10-05,59.0,61.45,58.55,60.9,1384481
2016-10-06,61.45,62.25,59.05,59.75,703958
2016-10-07,60.15,61.45,59.05,60.9,938771
2016-10-10,61.4,62.35,60.3,61.2,716198
2016-10-13,60.25,61.55,57.85,58.95,616956
2016-10-14,58.6,59.6,57.85,58.5,325792
2016-10-17,58.5,60.45,57.6,57.85,525682
2016-10-18,57.4,59.85,57.4,59.65,526182
2016-10-19,59.0,60.3,59.0,59.3,304103
2016-10-20,59.95,61.8,59.1,61.15,719899
2016-10-21,61.9,62.35,60.3,61.65,717872
2016-10-24,61.2,62.1,60.0,60.35,589524
2016-10-25,61.0,61.3,58.75,59.25,341573
2016-10-26,59.2,59.7,58.4,58.55,233127
2016-10-27,58.95,59.95,58.2,58.4,285983
2016-10-28,58.0,61.9,57.95,60.8,556872
2016-10-30,61.5,62.25,60.8,61.15,169548
2016-11-01,60.2,61.35,59.4,60.15,498710
2016-11-02,59.3,59.9,58.35,58.55,505784
2016-11-03,59.5,59.9,57.85,58.15,298310
2016-11-04,58.5,59.0,56.05,57.15,300351
2016-11-07,58.05,59.0,57.95,58.1,278223
2016-11-08,58.35,60.0,58.35,58.8,460381
2016-11-09,50.0,58.35,49.05,56.95,700904
2016-11-10,58.3,59.75,57.5,57.7,356545
2016-11-11,56.3,57.1,53.5,54.3,450980
2016-11-15,54.5,54.5,51.0,52.8,447816
2016-11-16,53.25,54.4,50.9,51.35,291786
2016-11-17,51.5,53.9,51.0,51.3,261970
2016-11-18,51.9,59.8,50.6,57.45,2219854
2016-11-21,57.0,58.6,52.05,52.85,1137662
2016-11-22,54.0,54.8,52.05,54.15,421612
2016-11-23,54.8,57.7,53.2,56.2,561299
2016-11-24,55.5,58.6,55.3,56.35,704197
2016-11-25,56.45,58.15,56.4,57.2,315583
2016-11-28,57.2,59.5,57.2,59.0,693645
2016-11-29,64.05,65.0,60.0,60.35,3230294
2016-11-30,61.0,61.7,59.0,59.2,791792
2016-12-01,59.4,59.85,58.15,58.3,730898
2016-12-02,57.6,58.55,57.05,57.5,466469
2016-12-05,57.25,58.4,55.5,56.55,485082
2016-12-06,56.95,58.0,56.75,57.25,346308
2016-12-07,57.55,58.1,57.15,57.35,326199
2016-12-08,57.8,58.2,56.6,57.05,382434
2016-12-09,56.85,58.15,56.75,57.3,293653
2016-12-12,57.05,57.2,55.7,56.7,292568
2016-12-13,56.8,57.0,55.9,56.7,274379
2016-12-14,57.1,57.4,54.1,55.5,512288
2016-12-15,55.0,56.75,54.1,55.3,320764
2016-12-16,54.55,56.4,54.55,54.9,299049
2016-12-19,55.0,57.3,54.75,56.8,362605
2016-12-20,57.2,57.45,54.9,55.1,325043
2016-12-21,55.6,55.85,54.1,54.5,252007
2016-12-22,54.3,54.5,53.5,53.75,182808
2016-12-23,53.55,57.2,53.55,56.8,979233
2016-12-26,56.0,57.5,55.3,56.15,354963
2016-12-27,56.5,60.2,56.05,59.9,1305833
2016-12-28,60.15,60.45,59.1,59.55,888695
2016-12-29,59.2,61.3,59.15,60.15,410886
2016-12-30,60.4,62.25,60.25,60.55,899649
2017-01-02,61.0,64.2,60.35,63.9,1974476
2017-01-03,63.95,69.1,63.55,66.9,3441833
2017-01-04,67.3,68.3,64.2,64.75,1000433
2017-01-05,65.35,67.3,64.9,66.0,632367
2017-01-06,66.0,68.3,64.3,66.1,1286944
2017-01-09,66.0,68.4,66.0,68.05,1027526
2017-01-10,68.3,74.85,68.2,74.3,4225914
2017-01-11,75.0,75.25,71.4,72.25,1303635
2017-01-12,72.3,73.85,71.2,72.15,995791
2017-01-13,72.9,73.15,70.25,71.2,785614
2017-01-16,71.0,72.05,69.2,69.4,660209
2017-01-17,69.75,71.3,68.7,70.45,677213
2017-01-18,70.1,70.9,69.1,69.55,476909
2017-01-19,69.5,70.2,68.55,69.4,528599
2017-01-20,69.3,69.5,67.55,67.95,476728
2017-01-23,67.15,71.5,67.15,70.35,715467
2017-01-24,70.1,72.5,70.0,71.85,701554
2017-01-25,72.3,72.75,71.6,72.5,403801
2017-01-27,72.3,74.25,72.3,73.4,594851
2017-01-30,74.3,74.9,73.2,73.55,592869
2017-01-31,73.6,74.25,71.25,71.9,413247
2017-02-01,71.9,74.25,71.65,73.5,604550
2017-02-02,73.4,84.0,73.3,78.1,4431112
2017-02-03,78.0,81.2,77.25,78.4,1374503
2017-02-06,79.4,83.9,79.4,83.15,1530928
2017-02-07,84.0,85.2,80.4,82.3,1533119
2017-02-08,83.0,83.4,79.65,81.6,959951
2017-02-09,82.15,82.8,81.05,81.7,742531
2017-02-10,79.7,80.0,72.6,74.0,5371885
2017-02-13,74.95,75.1,71.75,72.75,936838
2017-02-14,73.45,73.45,70.5,70.9,532332
2017-02-15,70.5,72.2,68.8,69.3,750298
2017-02-16,69.5,71.25,67.7,70.4,678086
2017-02-17,70.55,71.9,70.25,70.6,388785
2017-02-20,70.95,73.05,70.55,72.3,523521
2017-02-21,72.95,72.95,70.6,70.95,411819
2017-02-22,71.0,71.9,70.5,70.65,255150
2017-02-23,71.0,72.5,70.7,72.0,336118
2017-02-27,71.7,72.4,70.2,70.75,431655
2017-02-28,70.2,72.15,70.2,70.8,360132
2017-03-01,71.1,71.5,70.15,70.8,252596
2017-03-02,70.8,71.85,69.75,70.0,386185
2017-03-03,69.7,74.25,69.5,73.65,1598362
2017-03-06,73.8,76.5,73.55,76.0,985183
2017-03-07,77.1,78.15,76.2,76.95,938219
2017-03-08,76.95,76.95,73.0,74.3,547171
2017-03-09,74.35,75.35,73.5,73.85,528173
2017-03-10,74.25,74.55,72.65,72.9,453774
2017-03-14,75.4,77.35,74.1,75.35,1223535
2017-03-15,75.5,76.2,74.15,75.65,438162
2017-03-16,76.65,77.2,75.35,76.3,439295
2017-03-17,76.9,79.75,75.5,78.35,2110836
2017-03-20,78.85,79.7,78.5,79.2,1192603
2017-03-21,79.7,79.75,77.8,78.4,599699
2017-03-22,77.5,78.2,76.85,77.55,1018038
2017-03-23,77.55,82.7,77.55,82.25,2000225
2017-03-24,83.0,85.3,82.5,83.1,1611543
2017-03-27,83.4,87.0,83.35,86.7,1327355
2017-03-28,87.45,87.5,85.8,86.15,901315
2017-03-29,86.95,88.4,85.1,86.25,884505
2017-03-30,86.55,88.7,86.25,87.85,906461
2017-03-31,90.85,91.8,87.75,88.55,2105228
2017-04-03,89.2,93.6,89.0,93.05,1546038
2017-04-05,93.5,94.3,89.6,90.7,1834440
2017-04-06,91.0,92.4,89.7,91.1,919485
2017-04-07,89.5,92.4,89.5,90.6,790511
2017-04-10,91.0,91.25,89.3,90.15,537532
2017-04-11,90.6,92.9,90.0,90.85,895827
2017-04-12,90.0,95.7,89.05,92.5,2695368
2017-04-13,92.75,94.1,92.05,92.25,612330
2017-04-17,92.7,93.55,91.1,92.75,553365
2017-04-18,93.1,93.7,90.55,90.95,437872
2017-04-19,91.1,92.8,90.25,91.2,573699
2017-04-20,91.8,96.2,90.9,94.65,1833101
2017-04-21,98.0,98.75,96.7,97.6,2230468
2017-04-24,98.7,99.9,95.8,98.45,1989523
2017-04-25,99.85,99.85,97.65,98.45,816301
2017-04-26,98.5,99.0,95.0,96.35,554165
2017-04-27,96.95,97.3,94.9,95.3,420004
2017-04-28,95.9,95.9,93.4,94.0,440598
2017-05-02,94.5,95.25,93.1,94.35,400286
2017-05-03,94.9,94.9,92.1,93.95,949048
2017-05-04,94.05,95.0,93.0,93.4,1329482
2017-05-05,93.85,93.85,91.85,92.05,616752
2017-05-08,92.3,92.3,89.6,89.9,562254
2017-05-09,90.65,91.2,89.65,89.95,709814
2017-05-10,90.5,90.65,89.55,89.8,729476
2017-05-11,90.0,91.8,89.6,90.15,552788
2017-05-12,91.0,94.4,90.8,91.95,1408137
2017-05-15,92.8,93.9,92.0,93.2,442709
2017-05-16,93.75,94.5,92.55,94.3,516262
2017-05-17,94.35,94.95,93.5,93.75,324812
2017-05-18,93.05,94.1,90.6,91.1,456236
2017-05-19,91.7,92.85,88.2,89.75,640582
2017-05-22,88.05,90.45,85.0,85.25,862829
2017-05-23,85.0,85.35,80.05,80.75,883866
2017-05-24,80.0,83.0,77.5,80.25,785882
2017-05-25,80.6,84.8,79.65,83.8,425740
2017-05-26,84.1,85.0,82.75,84.45,411769
2017-05-29,84.45,84.45,79.35,80.3,275732
2017-05-30,80.8,81.75,76.8,78.95,471770
2017-05-31,78.95,80.1,77.4,78.2,299710
2017-06-01,78.9,80.2,78.1,79.6,304274
2017-06-02,80.4,80.4,78.25,78.9,376300
2017-06-05,79.0,79.85,78.1,79.05,169697
2017-06-06,79.8,79.8,75.55,76.0,361900
2017-06-07,76.75,76.75,74.3,75.05,347502
2017-06-08,75.4,78.0,74.6,77.75,332191
2017-06-09,78.55,79.55,78.25,78.55,527902
2017-06-12,78.6,78.6,77.15,77.9,254794
2017-06-13,78.5,79.9,76.95,77.15,432966
2017-06-14,76.5,76.75,74.1,75.1,362902
2017-06-15,75.2,76.25,74.5,75.35,333754
2017-06-16,75.75,75.75,73.4,73.95,392436
2017-06-19,74.0,74.0,71.1,71.25,404511
2017-06-20,71.95,73.7,70.8,71.8,483344
2017-06-21,71.8,73.5,71.8,72.6,805303
2017-06-22,73.25,74.35,70.55,71.15,443898
2017-06-23,71.7,71.85,69.9,70.9,295346
2017-06-27,71.7,71.7,68.3,68.8,286540
2017-06-28,68.3,70.5,68.05,69.2,209979
2017-06-29,71.05,72.25,70.65,71.0,368730
2017-06-30,73.9,74.5,72.5,73.05,1091345
2017-07-03,74.3,75.0,73.95,74.65,362549
2017-07-04,74.7,75.75,73.8,74.9,455583
2017-07-05,74.9,76.05,74.1,74.8,365818
2017-07-06,75.1,75.75,74.25,74.65,235559
2017-07-07,74.65,78.2,74.1,75.6,1189876
2017-07-10,76.7,79.0,76.7,77.75,146390
2017-07-11,79.65,80.3,77.9,78.15,720459
2017-07-12,78.4,78.5,76.5,77.05,238119
2017-07-13,77.5,77.7,74.15,74.85,339313
2017-07-14,78.5,79.7,74.6,75.95,1603113
2017-07-17,74.75,75.8,74.2,75.0,335469
2017-07-18,74.7,74.85,73.55,74.1,214044
2017-07-19,75.15,75.15,69.5,70.55,3611421
2017-07-20,74.8,80.65,74.4,75.95,5315678
2017-07-21,76.65,79.5,73.5,77.95,2794970
2017-07-24,78.0,79.35,77.4,78.2,923326
2017-07-25,78.9,84.2,78.75,82.85,3841882
2017-07-26,83.25,85.4,80.75,81.6,2312187
2017-07-27,81.9,82.15,78.5,79.05,1250669
2017-07-28,79.0,80.75,77.65,79.1,1009957
2017-07-31,79.5,81.5,79.15,81.0,1209559
2017-08-01,81.45,82.15,80.5,80.95,851033
2017-08-02,80.7,87.2,80.1,86.05,3113495
2017-08-03,87.05,91.5,87.05,89.45,5361293
2017-08-04,92.05,99.5,90.8,97.8,9415666
2017-08-07,100.0,108.0,100.0,106.75,8855485
2017-08-08,108.0,108.0,93.0,97.3,7977008
2017-08-09,95.5,99.45,93.05,94.05,4430729
2017-08-10,93.1,94.55,86.6,88.3,2730253
2017-08-11,84.85,87.5,80.0,85.25,3493788
2017-08-14,87.2,92.7,87.2,91.35,2237767
2017-08-16,93.0,96.8,92.1,93.85,1997460
2017-08-17,94.25,94.8,91.75,92.3,989937
2017-08-18,90.8,93.45,90.15,91.6,1185264
2017-08-21,92.9,93.5,90.0,90.65,982570
2017-08-22,91.5,91.95,87.9,89.05,865263
2017-08-23,89.75,90.75,88.2,89.65,836553
2017-08-24,92.0,95.4,92.0,92.6,1867883
2017-08-28,93.4,95.2,92.65,93.85,1285263
2017-08-29,92.7,93.0,91.15,91.45,1206646
2017-08-30,92.3,94.45,92.0,93.35,1060049
2017-08-31,93.8,96.5,93.0,95.25,1287309
2017-09-01,95.6,95.95,94.55,95.4,847241
2017-09-04,95.4,95.75,93.45,94.25,725843
2017-09-05,94.35,96.3,93.35,94.15,1015000
2017-09-06,93.45,94.6,92.0,93.4,906487
2017-09-07,94.05,94.6,93.25,93.65,452380
2017-09-08,93.55,93.9,91.35,91.65,758906
2017-09-11,92.5,94.25,91.8,93.15,759458
2017-09-12,93.5,95.2,92.9,93.65,720827
2017-09-13,93.7,95.6,93.0,93.45,769575
2017-09-14,93.6,94.6,93.0,93.15,289018
2017-09-15,92.1,93.45,91.3,91.6,510481
2017-09-18,92.3,92.8,90.95,91.1,480618
2017-09-19,91.6,93.6,91.0,91.75,607160
2017-09-20,92.55,94.5,90.8,92.4,1045570
2017-09-21,92.9,94.75,90.7,91.9,1428826
2017-09-22,91.35,92.5,89.05,89.4,987508
2017-09-25,89.8,90.3,84.15,86.05,647586
2017-09-26,86.5,86.85,84.7,85.7,826027
2017-09-27,88.3,88.9,84.55,85.0,678620
2017-09-28,85.65,85.75,83.1,84.2,608482
2017-09-29,84.9,87.05,84.5,85.3,623059
2017-10-03,86.55,88.25,85.8,87.4,395696
2017-10-04,87.8,88.3,85.55,86.25,441265
2017-10-05,86.5,91.0,86.4,90.65,823006
2017-10-06,91.9,94.4,91.9,92.65,1294483
2017-10-09,92.35,94.2,91.0,92.6,738583
2017-10-10,93.4,100.5,92.15,99.3,4240772
2017-10-11,101.6,101.7,93.25,97.1,3912058
2017-10-12,97.1,98.7,95.0,98.05,1424131
2017-10-13,97.8,97.8,95.2,95.8,736560
2017-10-16,96.2,96.55,94.25,95.25,674887
2017-10-17,95.4,96.3,94.25,94.7,567529
2017-10-18,94.75,96.0,93.8,94.1,549327
2017-10-19,94.0,94.7,92.7,93.35,199738
2017-10-23,94.85,98.0,94.65,97.2,1346420
2017-10-24,97.75,98.8,96.0,96.3,722205
2017-10-25,96.4,97.8,93.8,95.15,905451
2017-10-26,95.45,96.0,94.0,94.35,474852
2017-10-27,96.8,97.0,94.0,94.25,762475
2017-10-30,95.0,96.0,94.0,95.25,764688
2017-10-31,95.7,95.85,94.3,94.5,437085
2017-11-01,96.2,98.0,95.6,96.0,1193228
2017-11-02,96.3,96.75,94.55,95.05,497395
2017-11-03,94.7,95.4,94.05,94.25,586342
2017-11-06,94.95,95.55,93.9,95.05,594533
2017-11-07,95.15,96.5,92.9,93.15,885175
2017-11-08,93.15,94.9,93.15,94.05,676888
2017-11-09,98.0,98.55,94.45,95.65,1079220
2017-11-10,96.5,96.65,93.1,93.3,456331
2017-11-13,93.0,93.7,89.75,90.85,589808
2017-11-14,91.5,92.85,90.7,92.35,425683
2017-11-15,91.0,92.1,88.25,88.9,470002
2017-11-16,88.5,90.0,88.3,88.75,312067
2017-11-17,89.6,90.65,88.5,88.65,421544
2017-11-20,89.2,89.7,88.25,88.85,437153
2017-11-21,89.85,89.85,87.5,87.8,579282
2017-11-22,88.5,88.8,86.6,87.1,299815
2017-11-23,87.5,91.4,87.05,90.55,789705
2017-11-24,90.55,90.9,88.1,88.35,479725
2017-11-27,88.35,89.1,87.3,87.75,414795
2017-11-28,88.0,88.95,86.05,86.6,649687
2017-11-29,86.6,87.85,86.2,86.75,710426
2017-11-30,86.7,86.85,84.6,85.0,562261
2017-12-01,85.8,86.85,83.45,83.9,629613
2017-12-04,84.8,84.8,81.6,81.95,398805
2017-12-05,81.9,89.15,78.5,88.4,2521971
2017-12-06,89.9,89.9,82.1,83.0,2749870
2017-12-07,82.6,85.25,82.25,84.35,934167
2017-12-08,84.95,85.15,83.05,83.35,437396
2017-12-11,84.05,84.15,83.05,83.7,437986
2017-12-12,83.7,83.9,79.9,81.5,784569
2017-12-13,81.0,82.4,79.05,79.8,465168
2017-12-14,80.1,80.5,76.8,77.6,723863
2017-12-15,79.0,79.65,76.55,77.0,489177
2017-12-18,77.5,77.5,73.15,75.05,753725
2017-12-19,75.8,79.9,75.45,78.8,1395777
2017-12-20,79.0,79.4,77.5,78.1,499591
2017-12-21,78.25,78.9,76.55,77.0,524223
2017-12-22,77.05,81.0,77.0,79.05,1025153
2017-12-26,79.05,80.95,78.5,79.05,694371
2017-12-27,79.65,79.7,77.0,77.35,582727
2017-12-28,77.45,77.5,75.65,75.85,466362
2017-12-29,76.05,78.5,75.8,77.55,783432
2018-01-01,77.9,79.6,77.0,78.25,465073
2018-01-02,78.5,79.2,76.25,78.05,559024
2018-01-03,78.1,79.2,77.45,78.25,343039
2018-01-04,78.95,78.95,77.3,77.55,398686
2018-01-05,77.55,79.0,77.5,77.85,422139
2018-01-08,78.0,80.3,77.55,79.15,701795
2018-01-09,79.8,79.8,78.1,78.5,529085
2018-01-10,78.7,79.2,77.5,77.65,464836
2018-01-11,78.2,78.2,77.4,77.7,257277
2018-01-12,77.85,78.5,76.1,76.5,306154
2018-01-15,76.8,77.1,75.55,75.8,365130
2018-01-16,76.2,76.5,73.3,74.0,613924
2018-01-17,74.6,75.5,72.8,74.1,573216
2018-01-18,75.0,75.7,73.25,73.6,734422
2018-01-19,73.0,73.5,69.5,70.25,928622
2018-01-22,68.0,68.0,65.15,66.0,1313044
2018-01-23,66.9,67.4,64.0,64.2,983045
2018-01-24,64.55,64.8,61.0,61.7,1166805
2018-01-25,62.0,63.5,61.95,62.55,921960
2018-01-29,62.6,63.4,61.55,62.0,518557
2018-01-30,61.1,62.2,60.7,61.1,410988
2018-01-31,62.5,66.5,62.2,64.25,2403564
2018-02-01,64.15,65.8,61.7,63.05,754302
2018-02-02,61.05,61.9,58.05,58.45,735277
2018-02-05,57.2,63.75,57.0,62.9,1256734
2018-02-06,59.0,62.8,58.05,60.4,851692
2018-02-07,61.85,65.5,61.8,65.05,865330
2018-02-08,66.2,66.2,64.5,65.15,498730
2018-02-09,61.5,68.95,61.5,66.6,1239410
2018-02-12,67.95,68.6,67.15,68.2,584785
2018-02-14,68.0,71.5,67.55,69.95,1100862
2018-02-15,70.85,70.95,68.8,70.1,597827
2018-02-16,70.5,71.4,69.1,69.7,558629
2018-02-19,69.35,69.35,67.1,67.5,265752
2018-02-20,67.25,68.25,65.8,66.2,308283
2018-02-21,65.9,66.45,64.4,64.65,268418
2018-02-22,64.5,64.85,63.5,64.4,145139
2018-02-23,64.75,65.6,63.15,63.85,301025
2018-02-26,64.5,64.95,63.0,63.8,323541
2018-02-27,63.8,64.45,62.1,62.75,371559
2018-02-28,62.05,64.7,62.0,64.0,415995
2018-03-01,64.0,64.7,62.1,62.55,294299
2018-03-05,62.8,62.85,60.1,60.5,238589
2018-03-06,60.5,60.5,53.5,54.25,1613438
2018-03-07,54.25,54.5,50.1,50.7,1470988
2018-03-08,51.0,51.3,46.0,47.75,1882964
2018-03-09,47.5,50.0,47.0,47.5,1664547
2018-03-12,48.45,50.2,46.6,49.55,1195103
2018-03-13,49.5,51.2,49.0,50.75,733806
2018-03-14,50.7,51.7,50.05,50.35,726139
2018-03-15,50.25,50.65,49.55,49.8,512406
2018-03-16,49.8,50.75,48.05,48.35,546093
2018-03-19,48.0,48.2,45.55,46.35,496947
2018-03-20,46.35,48.9,45.6,47.3,829920
2018-03-21,47.25,48.6,46.25,46.85,1228882
2018-03-22,46.85,47.25,44.05,44.8,416625
2018-03-23,43.75,43.75,42.0,42.5,649641
2018-03-26,42.15,42.85,39.8,40.15,1253332
2018-03-27,40.75,42.55,40.25,42.05,769507
2018-03-28,41.7,41.8,40.35,40.65,431599
2018-04-02,41.0,43.1,40.8,42.55,447570
2018-04-03,42.1,42.85,41.45,42.55,423673
2018-04-04,43.2,44.2,41.8,42.05,583000
2018-04-05,42.8,43.65,42.35,42.9,346731
2018-04-06,43.45,44.2,42.85,43.9,279870
2018-04-09,44.1,44.1,43.0,43.8,233764
2018-04-10,45.05,47.4,44.5,46.0,1265730
2018-04-11,46.4,46.4,44.6,44.85,233426
2018-04-12,44.85,45.8,42.15,42.75,538132
2018-04-13,42.8,43.3,41.4,41.75,345849
2018-04-16,41.6,42.0,41.0,41.65,211675
2018-04-17,41.65,42.55,41.35,41.75,258812
2018-04-18,42.0,42.2,39.0,39.35,753773
2018-04-19,39.45,39.75,33.2,37.7,614639
2018-04-20,38.6,39.6,37.05,39.05,517442
2018-04-23,39.1,40.05,38.9,39.45,539376
2018-04-24,40.5,40.8,39.5,39.65,305497
2018-04-25,39.6,39.6,37.2,37.5,342778
2018-04-26,37.4,37.5,35.0,35.1,708097
2018-04-27,35.4,41.15,34.95,38.4,2207578
2018-04-30,38.6,41.2,38.2,40.3,822244
2018-05-02,40.7,41.45,37.1,38.1,1251320
2018-05-03,38.4,38.6,36.75,37.45,380084
2018-05-04,37.8,39.9,37.35,38.6,793316
2018-05-07,38.0,40.4,37.75,39.8,480838
2018-05-08,39.75,39.85,38.15,38.7,231097
2018-05-09,38.5,39.5,38.2,38.35,328594
2018-05-10,38.5,38.8,37.5,37.75,171115
2018-05-11,37.7,38.6,37.2,38.0,328365
2018-05-14,37.8,38.3,37.4,37.9,196049
2018-05-15,38.65,38.65,36.75,37.5,454901
2018-05-16,37.6,38.15,35.7,35.95,232817
2018-05-17,36.05,38.9,35.9,37.85,441573
2018-05-18,38.7,41.2,37.5,38.8,974619
2018-05-21,38.25,42.6,38.25,40.75,1092135
2018-05-22,42.2,45.0,41.0,44.2,1671680
2018-05-23,44.5,44.55,41.4,42.2,855527
2018-05-24,41.8,43.75,41.55,43.35,443782
2018-05-25,41.9,43.25,40.9,42.55,503790
2018-05-28,44.9,45.9,43.5,45.55,1046967
2018-05-29,47.9,47.9,45.1,46.2,1483708
2018-05-30,45.75,46.45,42.7,45.6,629035
2018-05-31,45.8,45.95,43.35,43.8,855932
2018-06-01,44.25,45.15,43.65,43.9,301655
2018-06-04,43.0,43.0,40.6,40.95,305348
2018-06-05,42.35,42.8,39.6,40.75,1346605
2018-06-06,41.0,41.9,36.75,37.2,1627660
2018-06-07,37.2,38.45,37.0,38.05,706192
2018-06-08,38.0,38.9,37.25,37.85,595917
2018-06-11,39.0,40.9,38.65,40.1,744196
2018-06-12,40.2,40.45,39.65,40.0,288231
2018-06-13,40.5,40.85,39.35,39.5,256922
2018-06-14,40.4,40.4,39.15,39.3,948689
2018-06-15,39.35,40.8,38.95,39.4,1109734
2018-06-18,39.4,39.6,38.1,38.3,305928
2018-06-19,38.3,38.4,37.1,37.3,327080
2018-06-20,36.95,37.5,36.8,37.0,203856
2018-06-21,37.0,37.4,34.8,35.45,851057
2018-06-22,35.15,37.8,34.85,37.0,770639
2018-06-25,36.85,37.6,36.0,36.2,403316
2018-06-26,36.15,38.0,35.6,36.8,537888
2018-06-27,37.05,37.9,36.65,37.0,640827
2018-06-28,37.0,38.0,36.0,37.15,444957
2018-06-29,37.45,38.0,37.2,37.75,277043
2018-07-02,37.5,39.8,37.45,39.0,622978
2018-07-03,39.6,39.7,38.3,39.25,317219
2018-07-04,39.2,39.8,38.0,39.55,428018
2018-07-05,39.85,40.5,39.15,39.4,546247
2018-07-06,39.55,40.0,38.55,39.8,484487
2018-07-09,40.3,40.3,39.6,39.75,393783
2018-07-10,39.9,40.2,39.2,39.7,751940
2018-07-11,39.45,39.7,38.6,38.95,270612
2018-07-12,39.3,40.3,38.75,39.35,704922
2018-07-13,39.2,39.25,38.0,38.15,347377
2018-07-16,38.4,38.45,36.5,36.7,389593
2018-07-17,37.35,38.8,36.15,38.2,174265
2018-07-18,39.0,39.0,36.6,37.25,315317
2018-07-19,37.25,37.25,34.35,34.55,590845
2018-07-20,34.5,35.35,34.05,34.9,289137
2018-07-23,35.35,35.55,34.75,34.9,222390
2018-07-24,34.9,36.35,34.5,35.55,557416
2018-07-25,35.6,36.5,35.2,36.2,533838
2018-07-26,37.0,37.0,36.25,36.65,219180
2018-07-27,37.0,37.7,36.5,37.35,267790
2018-07-30,38.2,39.95,37.5,39.45,442677
2018-07-31,39.75,39.75,39.0,39.45,244747
2018-08-01,39.8,40.9,38.55,38.9,362774
2018-08-02,39.0,39.9,39.0,39.5,429869
2018-08-03,39.8,39.85,39.0,39.2,425199
2018-08-06,39.6,41.5,39.6,41.05,646358
2018-08-07,41.5,42.2,40.25,40.5,378401
2018-08-08,40.1,40.9,39.3,39.4,276632
2018-08-09,39.5,39.65,39.05,39.15,184802
2018-08-10,39.8,39.8,39.0,39.15,162013
2018-08-13,39.35,39.45,38.5,39.2,232313
2018-08-14,39.65,40.95,39.15,39.35,456945
2018-08-16,39.5,39.85,38.7,39.0,189771
2018-08-17,39.05,39.4,38.75,38.95,93729
2018-08-20,39.5,39.6,38.25,38.4,270473
2018-08-21,38.3,38.8,38.05,38.15,201752
2018-08-23,38.2,38.8,37.6,37.7,200865
2018-08-24,37.85,38.8,36.8,37.85,368107
2018-08-27,38.2,38.3,37.85,38.05,143417
2018-08-28,40.35,40.7,37.5,37.7,957456
2018-08-29,38.0,38.55,37.5,38.05,254291
2018-08-30,38.2,38.25,37.7,37.95,201540
2018-08-31,38.0,38.35,37.6,37.8,210018
2018-09-03,38.0,38.5,37.5,38.05,237469
2018-09-04,38.35,38.35,37.0,37.2,148242
2018-09-05,37.0,37.25,36.5,37.1,182511
2018-09-06,37.4,38.65,36.85,37.5,275037
2018-09-07,38.9,38.9,37.7,38.1,680077
2018-09-10,38.8,45.25,38.15,44.0,5739901
2018-09-11,43.45,43.6,40.55,40.9,2208085
2018-09-12,40.5,43.5,40.1,42.6,1916605
2018-09-14,43.05,51.1,42.65,48.7,10891542
2018-09-17,49.0,57.4,48.7,53.75,11965876
2018-09-18,53.1,53.45,48.4,48.65,4946146
2018-09-19,50.2,51.8,47.6,48.85,2602404
2018-09-21,49.0,49.4,44.0,44.0,1298123
2018-09-24,43.1,46.55,41.4,44.55,1581232
2018-09-25,45.45,48.45,44.65,47.6,2532541
2018-09-26,48.6,48.8,44.05,44.6,2577258
2018-09-27,45.2,45.25,42.0,42.2,697283
2018-09-28,42.85,43.0,38.0,38.8,708277
2018-10-01,38.05,39.5,37.0,38.8,800146
2018-10-03,39.0,41.7,38.55,40.1,1086422
2018-10-04,39.45,40.95,38.7,39.05,456442
2018-10-05,39.8,41.15,39.6,40.05,790572
2018-10-08,40.0,41.3,38.5,39.7,576997
2018-10-09,41.0,43.65,40.95,43.3,1681667
2018-10-10,43.95,47.6,41.85,47.6,1375246
2018-10-11,47.9,49.8,45.1,46.6,1732373
2018-10-12,47.85,50.8,47.05,49.9,1254961
2018-10-15,51.5,53.15,49.4,49.8,4514026
2018-10-16,49.9,50.15,47.7,48.05,837013
2018-10-17,48.85,48.9,44.55,45.05,1006577
2018-10-19,45.0,46.4,43.4,45.6,981048
2018-10-22,47.4,47.4,45.05,45.7,561625
2018-10-23,45.55,46.7,44.45,46.0,711217
2018-10-24,47.2,47.45,46.0,46.4,580267
2018-10-25,45.8,47.2,45.2,45.65,707031
2018-10-26,45.7,46.6,44.85,45.6,712002
2018-10-29,46.2,48.5,45.25,47.75,1058851
2018-10-30,47.4,50.25,47.3,48.45,1024814
2018-10-31,48.85,48.85,46.45,47.55,586300
2018-11-01,47.5,48.25,46.85,47.5,491542
2018-11-02,47.6,49.0,46.8,47.25,966031
2018-11-05,47.2,47.2,45.5,45.8,432678
2018-11-06,46.4,46.4,44.7,45.3,369337
2018-11-07,45.9,46.0,45.2,45.75,106978
2018-11-09,46.5,49.75,46.5,49.4,1864991
2018-11-12,52.4,54.3,52.2,54.3,3681592
2018-11-13,56.5,58.3,54.6,55.6,2491650
2018-11-14,55.6,55.6,52.5,53.7,1817208
2018-11-15,53.15,54.5,52.3,52.5,519347
2018-11-16,52.1,52.7,50.0,51.0,522092
2018-11-19,51.5,51.5,49.55,49.85,734711
2018-11-20,49.45,50.95,49.0,49.15,608568
2018-11-21,49.05,49.15,47.4,47.6,462986
2018-11-22,48.7,49.65,47.25,47.6,673882
2018-11-26,47.9,49.65,46.2,49.35,677066
2018-11-27,49.45,52.6,48.65,52.25,1281278
2018-11-28,51.9,52.6,48.15,48.7,404884
2018-11-29,49.0,49.9,48.0,48.6,407314
2018-11-30,48.6,50.25,48.25,49.65,559549
2018-12-03,49.5,50.25,48.35,49.75,343300
2018-12-04,51.75,51.95,50.3,50.95,899631
2018-12-05,50.4,50.6,48.9,50.0,529284
2018-12-06,49.8,50.5,49.6,50.05,378138
2018-12-07,49.95,50.7,47.6,50.3,486556
2018-12-10,49.5,49.5,47.5,47.9,356321
2018-12-11,47.0,49.3,46.9,48.75,290389
2018-12-12,49.0,52.25,48.5,50.65,905467
2018-12-13,50.7,51.0,49.0,49.25,343671
2018-12-14,49.1,50.4,48.55,49.05,223342
2018-12-17,49.5,49.6,48.65,48.95,272770
2018-12-18,49.0,49.2,48.25,48.85,199685
2018-12-19,49.0,49.6,48.8,48.85,807742
2018-12-20,48.85,49.35,48.5,48.75,252768
2018-12-21,48.75,49.2,47.8,48.0,280552
2018-12-24,48.35,48.65,47.75,47.85,186649
2018-12-26,47.55,47.7,46.8,47.4,216302
2018-12-27,47.8,48.0,47.2,47.3,134412
2018-12-28,47.4,48.25,47.25,47.55,171245
2019-01-01,47.8,48.3,47.55,48.15,113252
2019-01-02,48.15,48.45,47.3,47.7,238919
2019-01-03,47.65,49.4,47.2,48.75,554955
2019-01-04,49.0,50.2,48.45,48.7,669675
2019-01-07,48.8,49.75,47.55,47.9,290843
2019-01-08,48.4,50.4,47.85,49.5,808664
2019-01-09,50.0,50.2,48.5,48.9,397079
2019-01-10,48.75,49.5,48.5,48.7,261781
2019-01-11,48.9,49.9,46.95,47.25,663791
2019-01-14,47.0,47.45,46.6,47.0,332559
2019-01-15,47.1,51.5,47.0,49.5,2068309
2019-01-16,49.2,50.5,48.3,49.55,938835
2019-01-17,49.4,49.75,48.15,48.35,383380
2019-01-18,48.5,48.5,47.55,47.65,313382
2019-01-21,47.7,48.3,46.8,46.95,461151
2019-01-22,46.5,46.95,46.0,46.15,196468
2019-01-23,46.4,46.9,45.45,45.7,201818
2019-01-24,45.55,46.2,45.1,45.25,184582
2019-01-25,45.85,46.55,43.9,44.25,225928
2019-01-28,44.3,44.55,41.7,42.15,269024
2019-01-29,42.2,43.4,41.2,42.35,312995
2019-01-30,42.5,43.75,41.5,41.65,385596
2019-01-31,41.8,42.5,41.45,41.85,335306
2019-02-01,42.15,44.3,41.8,42.85,431861
2019-02-04,42.3,42.7,41.7,41.95,174901
2019-02-05,43.4,46.4,43.1,45.4,820997
2019-02-06,48.35,48.8,46.5,47.05,1501083
2019-02-07,46.95,46.95,45.4,45.95,377741
2019-02-08,46.0,47.7,46.0,46.55,451956
2019-02-11,46.1,46.1,44.7,45.05,204041
2019-02-12,45.2,47.4,45.1,46.1,442045
2019-02-13,46.5,47.9,45.0,45.8,506092
2019-02-14,46.5,47.85,45.6,47.15,797739
2019-02-15,47.4,49.55,45.55,45.85,1017094
2019-02-18,45.9,48.2,45.0,47.85,708091
2019-02-19,48.3,50.7,47.9,50.05,1420200
2019-02-20,50.05,51.65,49.7,49.95,908971
2019-02-21,50.0,50.6,49.5,50.2,435848
2019-02-22,50.7,52.8,50.0,51.8,785215
2019-02-25,52.1,58.35,51.9,55.85,4188264
2019-02-26,54.0,55.25,52.85,54.25,1427771
2019-02-27,54.25,56.4,52.25,52.75,1090479
2019-02-28,53.0,55.9,52.65,55.0,1076951
2019-03-01,57.0,59.5,57.0,57.95,2399453
2019-03-05,57.45,59.7,57.4,58.45,730511
2019-03-06,58.9,62.95,58.9,61.5,1831288
2019-03-07,62.4,62.7,56.7,57.05,1233048
2019-03-08,57.5,60.4,57.5,59.0,1153676
2019-03-11,60.0,60.1,57.4,58.05,877529
2019-03-12,58.2,59.2,57.55,57.9,676508
2019-03-13,58.0,58.15,56.05,56.4,381324
2019-03-14,56.4,60.8,56.0,59.9,2892523
2019-03-15,60.25,62.6,58.8,59.4,1587073
2019-03-18,59.6,61.55,58.8,59.45,736872
2019-03-19,59.15,59.45,57.55,57.85,403006
2019-03-20,57.85,58.35,56.55,57.0,353533
2019-03-22,56.5,58.4,56.35,57.25,468345
2019-03-25,57.7,58.75,57.45,57.9,569948
2019-03-26,57.4,58.1,56.55,57.2,453127
2019-03-27,57.05,59.85,56.8,59.3,1260771
2019-03-28,59.95,61.2,59.05,59.8,958087
2019-03-29,59.8,61.65,59.65,61.15,742288
2019-04-01,61.4,66.85,61.4,66.15,2229134
2019-04-02,66.3,66.65,63.35,64.3,770961
2019-04-03,64.35,64.45,59.15,60.5,766498
2019-04-04,59.8,60.35,58.15,59.2,657254
2019-04-05,59.35,62.85,59.35,62.3,1092023
2019-04-08,62.55,62.75,60.15,61.55,848078
2019-04-09,61.15,64.75,60.3,63.85,713857
2019-04-10,63.65,66.55,63.65,64.65,1119721
2019-04-11,64.8,65.5,63.0,63.85,447168
2019-04-12,63.6,64.5,62.9,63.9,291245
2019-04-15,64.0,65.8,63.4,65.4,472989
2019-04-16,65.5,66.5,64.35,65.3,473888
2019-04-18,65.3,66.0,63.1,65.4,754776
2019-04-22,65.5,65.9,63.0,63.25,330951
2019-04-23,63.5,64.7,63.0,63.65,251146
2019-04-24,65.3,65.3,63.2,64.5,253041
2019-04-25,64.7,69.1,64.1,66.4,1855826
2019-04-26,66.8,69.0,66.7,67.85,872209
2019-04-30,67.1,67.55,64.5,66.0,685747
2019-05-02,66.45,68.9,66.2,67.05,882739
2019-05-03,67.0,67.5,66.15,66.45,350199
2019-05-06,65.9,67.15,64.35,66.75,341949
2019-05-07,66.8,68.35,66.05,66.55,445113
2019-05-08,66.9,66.9,62.5,63.65,532158
2019-05-09,64.0,66.5,63.15,65.75,617547
2019-05-10,66.0,67.5,65.95,66.5,481455
2019-05-13,66.5,67.0,62.9,63.85,310733
2019-05-14,63.5,65.75,61.4,65.15,387294
2019-05-15,67.0,67.5,63.7,64.25,508562
2019-05-16,64.5,65.05,61.3,62.5,305881
2019-05-17,63.3,64.85,63.05,63.55,594106
2019-05-20,65.2,67.2,64.95,66.9,655752
2019-05-21,69.0,70.3,67.0,67.95,1765651
2019-05-22,68.25,69.2,65.8,67.8,1536798
2019-05-23,68.9,69.3,66.4,66.7,568610
2019-05-24,66.6,72.9,66.45,70.65,2200204
2019-05-27,71.0,74.2,70.95,72.8,1460920
2019-05-28,71.5,72.6,70.85,71.35,453459
2019-05-29,71.0,73.0,71.0,71.8,373207
2019-05-30,71.7,72.75,70.9,71.7,351355
2019-05-31,74.0,74.35,70.8,71.85,835463
2019-06-03,72.7,78.5,71.85,76.25,5020108
2019-06-04,76.2,77.8,75.0,75.9,1923912
2019-06-06,75.75,75.8,73.5,74.15,600211
2019-06-07,73.8,73.9,72.25,73.1,441130
2019-06-10,74.65,75.0,73.0,73.4,735103
2019-06-11,73.6,73.65,72.0,72.6,763656
2019-06-12,72.65,73.3,72.0,72.45,423069
2019-06-13,72.1,72.8,71.85,72.6,419893
2019-06-14,72.6,73.9,72.15,73.5,675337
2019-06-17,74.0,74.1,72.75,73.55,620978
2019-06-18,71.0,71.25,67.1,67.4,757786
2019-06-19,68.0,69.2,65.15,65.6,567819
2019-06-20,65.1,65.65,62.55,64.4,521049
2019-06-21,65.5,66.8,64.7,65.7,507640
2019-06-24,67.7,67.7,65.05,65.35,188211
2019-06-25,64.95,65.0,63.15,64.2,164908
2019-06-26,63.15,65.35,63.15,64.9,188282
2019-06-27,68.7,69.65,67.55,68.05,974845
2019-06-28,68.5,68.9,66.95,68.3,410870
2019-07-01,71.0,71.4,68.8,69.15,1059922
2019-07-02,69.0,69.4,68.4,69.0,240127
2019-07-03,69.7,70.2,68.1,69.7,215566
2019-07-04,69.25,70.6,69.0,69.6,558498
2019-07-05,69.4,70.55,66.5,67.05,378219
2019-07-08,65.7,66.5,63.15,63.6,464948
2019-07-09,63.45,65.35,62.6,64.9,202733
2019-07-10,63.65,65.4,62.8,63.7,220490
2019-07-11,63.75,64.15,61.25,61.75,228923
2019-07-12,61.8,65.75,61.0,65.05,837624
2019-07-15,65.05,65.5,63.3,63.75,280697
2019-07-16,65.1,66.85,64.35,65.4,742357
2019-07-17,65.15,66.65,64.8,65.85,206402
2019-07-18,65.95,65.95,63.5,64.45,245937
2019-07-19,64.0,64.8,63.0,63.35,230824
2019-07-22,63.5,65.3,62.35,63.55,257224
2019-07-23,63.2,65.0,61.6,62.5,544494
2019-07-24,63.5,64.0,62.2,62.95,490436
2019-07-25,62.95,63.6,60.4,60.95,307667
2019-07-26,61.1,62.4,60.55,61.5,221144
2019-07-29,60.4,61.0,58.5,59.15,327820
2019-07-30,58.55,59.5,57.0,57.35,260027
2019-07-31,56.15,56.95,53.55,54.55,491320
2019-08-01,54.55,55.4,53.55,54.05,282632
2019-08-02,53.65,54.75,52.65,53.55,269689
2019-08-05,51.3,51.65,50.0,50.2,260949
2019-08-06,49.85,52.0,49.3,51.8,226661
2019-08-07,52.0,52.9,50.15,50.9,118384
2019-08-08,50.4,50.4,47.9,48.7,447913
2019-08-09,49.45,52.3,49.05,51.55,299414
2019-08-13,51.55,54.5,50.0,50.4,391628
2019-08-14,50.7,57.8,49.55,56.1,759273
2019-08-16,56.15,57.0,54.1,55.45,571666
2019-08-19,55.5,59.2,55.05,58.15,485313
2019-08-20,58.8,59.5,55.5,56.05,343522
2019-08-21,55.8,56.4,53.3,53.7,232082
2019-08-22,53.65,54.4,49.8,50.85,320571
2019-08-23,51.0,51.95,49.7,51.6,287413
2019-08-26,53.0,53.9,51.0,51.95,272639
2019-08-27,52.05,54.3,51.8,53.9,426874
2019-08-28,54.0,55.75,52.55,54.5,475596
2019-08-29,55.0,56.4,53.5,54.1,468428
2019-08-30,54.1,54.35,52.1,53.45,184689
2019-09-03,52.85,54.95,51.75,52.5,346066
2019-09-04,52.8,54.9,52.15,53.2,513610
2019-09-05,53.75,54.4,52.3,52.95,326958
2019-09-06,52.85,53.5,52.0,52.7,306904
2019-09-09,52.2,53.95,52.0,53.35,310275
2019-09-11,54.0,59.95,53.5,57.55,1550664
2019-09-12,58.0,59.35,56.15,56.55,563984
2019-09-13,57.0,58.15,55.2,57.3,430824
2019-09-16,57.45,61.9,57.4,59.75,674790
2019-09-17,59.6,63.1,59.5,60.2,1224721
2019-09-18,60.9,61.7,58.1,59.55,416705
2019-09-19,59.5,59.9,57.3,58.6,427857
2019-09-20,59.35,61.8,58.7,60.05,691133
2019-09-23,61.0,62.25,60.0,60.25,438865
2019-09-24,60.5,61.8,59.95,60.65,514262
2019-09-25,60.55,64.8,60.05,63.0,1132452
2019-09-26,63.0,65.0,62.5,63.15,583261
2019-09-27,63.45,64.45,61.6,62.1,421187
2019-09-30,62.45,62.5,59.1,59.75,394310
2019-10-01,60.25,61.65,59.0,60.3,348589
2019-10-03,59.7,64.5,59.65,63.8,636700
2019-10-04,63.95,64.85,63.5,64.15,628731
2019-10-07,64.0,64.8,62.4,64.15,255737
2019-10-09,63.95,64.3,62.4,63.35,248125
2019-10-10,63.6,63.7,61.2,62.15,303399
2019-10-11,62.2,62.9,61.5,61.85,296743
2019-10-14,61.2,63.45,61.2,62.6,238507
2019-10-15,63.0,63.45,57.85,60.2,502045
2019-10-16,60.5,60.85,58.4,59.0,344860
2019-10-17,59.05,59.9,58.35,59.4,276735
2019-10-18,58.6,60.7,58.6,60.15,299112
2019-10-22,60.15,63.4,58.5,62.5,365905
2019-10-23,63.0,64.05,62.6,62.8,314909
2019-10-24,63.25,63.65,62.3,62.8,230567
2019-10-25,62.3,63.3,62.0,62.55,180752
2019-10-27,62.95,62.95,62.1,62.65,37370
2019-10-29,63.0,63.45,61.5,62.8,143719
2019-10-30,62.25,63.9,62.2,63.1,177736
2019-10-31,63.4,66.9,62.85,64.45,1237278
2019-11-01,67.0,67.8,65.55,65.9,1052711
2019-11-04,66.05,68.8,65.05,67.7,872864
2019-11-05,67.85,67.85,65.5,66.6,390137
2019-11-06,69.0,69.9,66.55,67.05,887552
2019-11-07,67.0,67.65,66.0,66.5,281827
2019-11-08,67.9,71.1,65.3,68.05,2024712
2019-11-11,68.7,69.9,66.7,67.6,1034686
2019-11-13,66.95,67.1,64.55,65.15,411088
2019-11-14,65.95,65.95,63.4,63.8,324376
2019-11-15,64.15,64.3,63.0,63.15,193958
2019-11-18,63.35,63.75,62.25,62.5,203433
2019-11-19,61.85,64.2,61.7,63.65,397402
2019-11-20,63.6,64.0,61.75,62.55,275122
2019-11-21,62.7,63.05,61.75,62.1,204938
2019-11-22,62.1,62.45,60.9,61.4,146191
2019-11-25,62.65,63.3,61.65,62.45,324533
2019-11-26,62.75,63.0,61.85,62.15,234817
2019-11-27,62.2,62.35,60.0,60.6,252799
2019-11-28,60.5,61.9,60.3,61.0,189833
2019-11-29,61.1,62.3,60.95,61.8,282117
2019-12-02,62.3,62.3,60.9,61.5,136864
2019-12-03,61.5,61.85,59.85,60.25,222273
2019-12-04,60.15,62.9,59.95,62.3,322870
2019-12-05,62.85,66.0,62.35,65.5,1104326
2019-12-06,65.95,66.2,63.25,64.15,711019
2019-12-09,64.7,64.85,60.5,63.2,1067425
2019-12-10,63.0,63.95,61.5,62.2,330033
2019-12-11,62.5,63.2,61.15,61.6,207947
2019-12-12,61.95,62.9,61.75,62.3,189408
2019-12-13,62.4,65.6,62.3,65.0,553109
2019-12-16,64.85,67.1,63.7,64.15,714015
2019-12-17,64.5,64.7,63.3,63.6,246861
2019-12-18,66.4,67.35,65.05,65.4,901701
2019-12-19,65.0,67.45,64.4,66.35,653702
2019-12-20,66.95,67.2,65.7,66.25,291840
2019-12-23,66.0,67.15,64.25,65.05,437082
2019-12-24,65.4,66.0,64.5,65.45,221782
2019-12-26,65.5,68.45,64.25,68.25,1147970
2019-12-27,69.7,70.0,68.0,68.65,2285455
2019-12-30,68.6,68.9,67.45,68.1,567850
