date,open,high,low,close,volume
2009-03-05,9.6,9.6,8.63,8.71,4800730
2009-03-06,8.71,8.95,8.44,8.49,5058000
2009-03-09,8.6,8.6,8.12,8.32,2259420
2009-03-12,8.6,8.69,8.36,8.46,2451800
2009-03-13,8.6,9.01,8.6,8.77,6851430
2009-03-16,9.0,9.0,8.72,8.82,6855365
2009-03-17,8.9,9.3,8.74,8.94,12899060
2009-03-18,9.1,9.44,9.07,9.12,10626470
2009-03-19,9.32,9.42,8.91,9.08,7492830
2009-03-20,9.02,9.12,8.84,8.94,3569560
2009-03-23,8.99,9.35,8.96,9.25,12781475
2009-03-24,9.6,10.35,9.28,9.73,25911350
2009-03-25,9.7,10.08,9.63,9.97,17690084
2009-03-26,10.16,11.06,10.1,10.77,25440924
2009-03-27,10.89,11.25,10.61,11.09,12028500
2009-03-30,11.0,11.0,9.86,9.99,7247590
2009-03-31,10.8,10.8,9.54,10.0,16670245
2009-04-01,10.18,10.46,9.9,10.33,14353765
2009-04-02,10.6,11.2,10.6,10.75,21028204
2009-04-06,10.9,11.3,10.47,10.79,24623336
2009-04-08,10.42,11.75,9.92,11.36,41805000
2009-04-09,11.58,12.98,11.45,12.53,48292964
2009-04-13,12.68,15.11,12.43,13.78,55630272
2009-04-15,13.5,14.98,13.25,14.81,34992876
2009-04-16,15.15,15.6,13.3,13.59,33802540
2009-04-17,13.96,15.0,13.7,14.07,20923156
2009-04-20,14.53,15.04,14.21,14.8,20179690
2009-04-21,14.5,16.25,14.05,15.99,50482408
2009-04-22,16.38,17.48,15.0,15.3,87899424
2009-04-23,15.6,15.74,14.31,14.72,33773744
2009-04-24,14.96,15.43,14.7,15.24,20817656
2009-04-27,15.4,15.96,14.9,15.79,16939596
2009-04-28,15.79,16.14,14.6,14.74,17599356
2009-04-29,14.83,15.56,14.83,15.44,16405930
2009-05-04,15.8,16.96,15.56,16.73,27305850
2009-05-05,16.92,17.2,16.41,16.91,28028050
2009-05-06,17.0,17.08,15.85,16.04,9682000
2009-05-07,16.2,16.88,16.06,16.77,10306075
2009-05-08,16.87,16.96,15.78,16.11,10630815
2009-05-11,16.22,16.48,15.3,15.42,9565000
2009-05-12,15.03,16.17,14.75,15.97,20070176
2009-05-13,16.16,18.18,15.64,17.67,58691660
2009-05-14,17.2,19.71,16.71,19.07,107796984
2009-05-15,19.37,19.62,18.87,19.09,36863248
2009-05-18,21.94,24.56,20.7,23.91,169840
2009-05-19,24.4,29.0,20.16,26.2,56194436
2009-05-20,26.4,27.6,26.0,26.79,20636644
2009-05-21,26.8,26.8,24.4,24.87,20509530
2009-05-22,24.8,25.58,23.71,25.07,13073070
2009-05-25,25.38,26.47,24.73,25.5,11696805
2009-05-26,25.88,26.09,23.88,24.18,11750925
2009-05-27,24.62,25.7,24.47,25.37,13020470
2009-05-28,25.71,25.98,24.53,24.98,18424180
2009-05-29,24.6,25.58,24.6,25.13,14950590
2009-06-01,25.58,26.68,25.1,25.3,11470430
2009-06-02,25.6,25.74,24.05,24.81,10901860
2009-06-03,24.9,27.07,24.51,26.64,47567656
2009-06-04,26.6,27.37,26.41,27.05,38222960
2009-06-05,27.4,28.4,25.5,26.72,40846804
2009-06-08,26.72,27.16,23.7,24.79,19579820
2009-06-09,23.4,26.37,23.0,25.95,29079324
2009-06-10,26.4,27.56,26.0,26.74,24881636
2009-06-11,26.4,26.99,25.66,26.14,10779265
2009-06-12,26.4,26.5,25.6,25.8,10463225
2009-06-15,25.22,26.69,25.2,25.82,12065425
2009-06-16,25.8,27.57,24.86,27.22,28359270
2009-06-17,27.2,27.98,26.0,26.15,35470312
2009-06-18,26.3,26.57,24.21,25.6,18373176
2009-06-19,26.28,27.0,25.2,26.63,17124420
2009-06-22,27.0,27.44,25.9,26.22,12035410
2009-06-23,24.0,28.28,24.0,27.98,22637090
2009-06-24,28.0,28.63,27.21,28.13,22043416
2009-06-25,28.38,28.94,27.56,27.92,22224140
2009-06-26,28.4,28.96,28.2,28.66,12975335
2009-06-29,28.0,31.13,28.0,30.32,35929444
2009-06-30,30.79,30.9,28.98,29.77,30455796
2009-07-01,29.64,30.17,28.05,28.72,17955960
2009-07-02,28.8,29.14,28.01,28.5,8656825
2009-07-03,27.02,28.88,27.02,28.56,5566315
2009-07-06,28.8,28.88,26.5,26.82,14082525
2009-07-07,27.0,27.36,26.01,27.01,9441735
2009-07-08,26.4,28.26,25.62,26.88,15000705
2009-07-09,27.0,27.22,26.1,26.61,7482775
2009-07-10,26.64,26.96,25.34,25.72,8023650
2009-07-13,24.2,25.91,24.2,25.42,5512885
2009-07-14,25.99,27.48,25.78,27.16,10077775
2009-07-15,27.58,28.64,27.58,28.23,7802040
2009-07-16,28.81,29.3,27.41,27.71,7323755
2009-07-17,28.0,29.08,27.9,28.89,6465800
2009-07-20,29.37,31.0,29.2,30.68,16060500
2009-07-21,31.0,32.4,30.23,30.67,53094020
2009-07-22,31.17,31.68,30.5,31.18,19207396
2009-07-23,31.2,31.6,30.36,31.5,11042985
2009-07-24,32.02,32.2,31.2,32.12,12504675
2009-07-27,32.1,32.4,31.51,32.33,7914620
2009-07-28,32.4,33.18,31.6,32.7,14299775
2009-07-29,32.7,32.7,30.54,31.81,6269080
2009-07-30,31.81,32.18,31.4,32.02,4396115
2009-07-31,32.6,32.6,31.43,31.93,6411335
2009-08-03,32.0,32.0,31.22,31.88,3114945
2009-08-04,32.2,32.3,30.1,30.47,7665730
2009-08-05,30.99,31.36,30.27,30.72,4664795
2009-08-06,30.7,31.85,30.02,30.46,6579440
2009-08-07,30.4,30.7,29.0,29.18,6369045
2009-08-10,30.65,31.09,29.24,30.69,8663675
2009-08-11,30.9,31.5,30.14,31.18,4974470
2009-08-12,30.6,31.36,29.6,30.07,9742235
2009-08-13,30.52,32.5,30.52,32.14,13079900
2009-08-14,32.1,32.17,31.42,31.73,6870695
2009-08-17,30.81,31.24,30.23,30.32,4284980
2009-08-18,30.5,31.52,30.03,31.25,3851480
2009-08-19,31.3,32.08,30.9,31.84,7430785
2009-08-20,32.34,32.34,31.25,31.98,7335895
2009-08-21,31.8,35.17,31.66,34.64,30344680
2009-08-24,35.37,35.37,33.62,34.01,12612745
2009-08-25,33.55,35.2,33.03,34.9,16995324
2009-08-26,35.18,35.4,34.2,34.37,8201435
2009-08-27,34.05,34.1,33.4,33.64,9181485
2009-08-28,34.3,34.3,33.09,33.9,5644280
2009-08-31,33.6,33.98,33.16,33.49,4301830
2009-09-01,33.8,34.44,32.64,32.91,8726750
2009-09-02,32.64,33.4,32.05,32.66,3405195
2009-09-03,32.65,33.56,32.48,32.98,3356415
2009-09-04,33.4,33.7,33.0,33.6,5416885
2009-09-07,33.8,34.39,33.6,34.09,7572240
2009-09-08,34.31,35.2,34.04,34.35,13431340
2009-09-09,34.51,34.68,33.36,33.84,4826970
2009-09-10,34.19,34.84,33.9,34.19,7076960
2009-09-11,34.25,35.59,33.85,35.04,14268660
2009-09-14,35.12,35.78,34.6,35.6,14443665
2009-09-15,35.8,37.6,35.74,37.28,18145636
2009-09-16,37.5,38.36,37.3,38.08,10905060
2009-09-17,38.15,40.6,36.93,38.81,21127980
2009-09-18,38.68,39.84,38.28,39.29,15913355
2009-09-22,39.48,39.96,39.01,39.41,6887675
2009-09-23,39.52,39.58,38.08,38.44,6778010
2009-09-24,37.8,38.8,37.21,38.64,8980500
2009-09-25,38.23,39.18,37.52,37.82,4872190
2009-09-29,38.2,39.8,38.13,39.29,8538470
2009-09-30,39.2,41.29,39.2,41.01,14923760
2009-10-01,39.6,41.38,39.6,39.89,12495235
2009-10-05,39.78,39.78,38.04,38.26,6957480
2009-10-06,38.78,39.2,36.91,38.42,16166770
2009-10-07,39.0,42.68,38.83,41.62,44450424
2009-10-08,42.17,42.74,41.13,41.85,18399476
2009-10-09,42.0,42.88,41.5,41.75,15423905
2009-10-12,42.0,42.58,41.67,42.04,5708390
2009-10-14,42.2,44.5,42.2,44.17,16008850
2009-10-15,44.38,47.68,44.21,47.1,23405776
2009-10-16,47.4,48.4,46.2,47.36,17554916
2009-10-17,47.67,48.78,47.45,48.41,4100020
2009-10-20,49.16,52.4,48.8,50.75,25181100
2009-10-21,51.2,51.8,48.36,48.8,35883284
2009-10-22,48.03,50.94,48.03,49.4,34905620
2009-10-23,50.0,51.68,49.8,51.27,17556060
2009-10-26,51.2,51.75,49.0,49.43,9974805
2009-10-27,49.12,50.26,46.2,46.97,18557356
2009-10-28,46.88,48.58,44.31,47.67,18261084
2009-10-29,46.42,47.6,45.0,46.74,15698870
2009-10-30,47.0,49.54,46.9,47.65,15430510
2009-11-03,47.53,47.53,43.0,43.62,8936705
2009-11-04,44.4,45.5,42.8,45.23,10619860
2009-11-05,45.0,49.0,44.0,48.16,17279100
2009-11-06,49.56,51.36,49.01,50.83,18552890
2009-11-09,51.6,53.89,51.05,53.37,21362036
2009-11-10,54.22,54.87,52.82,54.0,19555960
2009-11-11,54.22,54.95,53.46,54.69,16623160
2009-11-12,54.29,54.9,52.82,53.25,13027760
2009-11-13,53.18,53.78,52.2,52.64,10334170
2009-11-16,53.0,54.0,52.35,52.5,9099220
2009-11-17,53.14,53.14,51.44,52.17,9831545
2009-11-18,52.1,52.65,50.4,51.78,6831900
2009-11-19,51.94,51.94,49.48,49.93,8035675
2009-11-20,49.74,52.16,48.91,51.9,14328360
2009-11-23,52.0,52.4,50.64,50.98,8718025
2009-11-24,51.2,51.96,50.46,50.81,9239895
2009-11-25,50.77,51.37,50.0,50.46,8473050
2009-11-26,50.3,50.96,49.73,49.97,18485444
2009-11-27,48.71,49.97,47.0,49.77,8888745
2009-11-30,50.58,50.98,49.8,50.51,6541225
2009-12-01,50.94,54.5,50.51,54.06,16603860
2009-12-02,54.56,55.68,54.01,54.3,18070504
2009-12-03,54.6,55.52,53.28,53.57,8524635
2009-12-04,53.38,54.34,52.67,52.86,5728880
2009-12-07,53.5,54.87,53.04,53.86,10119055
2009-12-08,53.98,54.56,53.42,54.37,9025155
2009-12-09,54.2,54.88,52.8,52.95,5541250
2009-12-10,53.24,53.48,51.48,51.68,14613595
2009-12-11,52.6,52.68,50.8,51.2,9155375
2009-12-14,51.44,51.57,49.71,49.95,6932775
2009-12-15,50.57,50.69,49.3,49.51,13878710
2009-12-16,49.78,49.99,48.6,49.37,6911265
2009-12-17,49.3,50.68,49.0,50.41,8535025
2009-12-18,50.39,50.98,49.9,50.15,7639980
2009-12-21,50.0,50.38,49.2,49.74,3655065
2009-12-22,50.28,51.98,50.01,51.82,9168355
2009-12-23,51.82,53.76,51.82,53.61,10158930
2009-12-24,53.61,54.88,53.05,54.2,8809635
2009-12-29,55.0,55.14,53.81,54.54,4382305
2009-12-30,54.28,54.9,54.02,54.39,4853095
2009-12-31,54.6,54.83,52.88,53.23,7716935
2010-01-04,53.76,53.9,53.23,53.69,2802145
2010-01-05,53.99,55.76,52.0,54.48,18410676
2010-01-06,54.68,55.17,53.42,53.71,8991010
2010-01-07,53.91,53.95,52.61,52.8,5386165
2010-01-08,53.0,53.34,52.4,52.55,4819155
2010-01-11,53.1,54.16,52.81,53.52,4908175
2010-01-12,53.6,54.1,52.07,52.62,6424270
2010-01-13,52.34,52.61,51.34,52.51,9733245
2010-01-14,52.6,54.22,52.6,53.82,8301960
2010-01-15,54.14,54.45,53.23,53.42,3422405
2010-01-18,53.03,54.7,53.03,54.46,4537200
2010-01-19,54.8,57.14,54.7,56.8,27471720
2010-01-20,57.0,57.55,54.4,54.64,24429144
2010-01-21,54.38,54.47,52.6,52.94,15086635
2010-01-22,52.24,52.8,51.0,51.85,12970865
2010-01-25,51.69,51.69,48.58,49.16,12330230
2010-01-27,48.6,48.99,46.26,47.17,15789805
2010-01-28,47.7,50.5,47.6,49.09,20835580
2010-01-29,48.86,50.45,47.8,49.85,17839724
2010-02-01,50.0,51.0,49.14,50.62,6676190
2010-02-02,51.02,51.51,48.3,48.67,9971840
2010-02-03,48.8,50.4,48.8,50.1,9769645
2010-02-04,50.0,50.58,48.0,48.54,7952590
2010-02-05,47.7,48.68,46.44,47.86,6874875
2010-02-06,48.08,49.1,48.08,48.36,606585
2010-02-08,48.98,48.98,46.78,47.69,10837410
2010-02-09,47.98,48.26,47.2,47.57,7301295
2010-02-10,48.0,48.37,46.28,46.52,7506165
2010-02-11,46.96,47.88,46.85,47.48,3536355
2010-02-15,47.99,48.0,46.4,46.85,4014560
2010-02-16,47.36,48.46,46.4,48.0,4980155
2010-02-17,48.4,48.8,47.48,48.37,4762460
2010-02-18,47.8,48.51,47.02,47.2,5075005
2010-02-19,47.0,47.0,45.42,45.87,8918880
2010-02-22,46.9,47.78,46.46,46.91,7945525
2010-02-23,48.5,48.5,46.8,47.23,3237425
2010-02-24,46.98,47.34,45.92,46.16,5871740
2010-02-25,46.4,46.6,44.64,44.95,13324765
2010-02-26,45.22,48.14,44.5,47.32,12029995
2010-03-02,48.18,49.34,47.64,49.02,9204630
2010-03-03,49.4,50.22,49.12,49.94,10502485
2010-03-04,49.6,51.18,49.53,50.9,11228195
2010-03-05,51.02,51.34,50.12,50.32,4388420
2010-03-08,50.98,51.34,50.32,50.8,5080655
2010-03-09,51.0,51.01,49.6,49.83,2641015
2010-03-10,49.6,50.17,49.27,49.67,3003660
2010-03-11,49.26,50.74,49.26,50.36,4836475
2010-03-12,50.6,51.74,50.6,50.75,10432030
2010-03-15,50.6,50.6,49.51,49.71,3612175
2010-03-16,50.0,50.0,48.51,48.9,10078685
2010-03-17,49.3,49.7,49.01,49.19,3913475
2010-03-18,49.3,50.16,48.96,49.91,5650745
2010-03-19,50.01,50.48,48.23,49.46,8837680
2010-03-22,48.56,48.9,47.75,47.96,7115865
2010-03-23,48.42,48.62,47.4,47.58,5133095
2010-03-25,47.94,48.6,47.2,48.18,5224820
2010-03-26,48.4,50.5,48.4,50.28,8707655
2010-03-29,50.42,52.0,50.42,51.49,14296780
2010-03-30,52.01,52.16,51.14,51.31,7335645
2010-03-31,51.82,51.82,50.47,51.24,5007975
2010-04-01,51.56,51.93,51.31,51.61,3521710
2010-04-05,52.2,53.07,51.98,52.84,4644245
2010-04-06,53.2,53.58,52.22,52.48,6365145
2010-04-07,52.6,52.86,51.4,52.09,10603225
2010-04-08,51.99,52.48,51.54,51.99,6244530
2010-04-09,51.99,52.98,51.95,52.73,4370760
2010-04-12,52.74,52.96,52.25,52.66,2224415
2010-04-13,52.9,53.0,51.33,51.55,5783615
2010-04-15,51.9,52.4,50.02,50.39,4089115
2010-04-16,50.2,50.47,49.35,49.89,5549495
2010-04-19,49.0,51.06,49.0,50.77,7217440
2010-04-20,50.82,51.79,50.32,51.31,7296230
2010-04-21,51.77,54.63,51.61,54.35,16987456
2010-04-22,54.34,54.78,53.45,53.79,8208165
2010-04-23,53.7,54.53,53.7,54.21,4530325
2010-04-26,54.82,56.49,54.7,56.26,12143365
2010-04-27,56.56,57.08,54.85,55.12,21166970
2010-04-28,54.4,56.0,54.08,55.46,9269630
2010-04-29,55.38,59.08,55.38,58.65,28447036
2010-04-30,59.6,59.6,56.71,57.13,19277190
2010-05-03,56.95,57.97,56.44,57.39,7647895
2010-05-04,57.9,58.08,55.66,55.88,8617910
2010-05-05,54.64,55.8,54.02,55.27,20693300
2010-05-06,54.9,55.28,53.52,54.01,13834000
2010-05-07,52.51,53.86,52.4,52.95,7877845
2010-05-10,53.32,55.95,53.3,55.59,9155110
2010-05-11,55.8,56.19,54.6,55.18,5954410
2010-05-12,55.34,55.48,53.28,54.41,8773350
2010-05-13,55.2,55.97,54.79,55.42,13422185
2010-05-14,55.6,55.6,54.26,54.57,5220730
2010-05-17,51.44,55.27,48.0,54.56,8113765
2010-05-18,54.54,55.37,53.93,54.55,6345270
2010-05-19,54.0,54.78,52.72,53.04,13933505
2010-05-20,52.8,55.19,52.53,54.87,10469935
2010-05-21,54.0,54.2,52.13,53.08,7767870
2010-05-24,53.99,54.56,52.32,52.77,3885065
2010-05-25,52.48,52.56,51.3,51.64,5831720
2010-05-26,52.26,52.78,51.71,52.25,3842215
2010-05-27,52.58,53.99,50.71,53.44,9105955
2010-05-28,54.36,56.94,53.83,56.35,17248616
2010-05-31,56.4,57.94,55.93,57.59,15246660
2010-06-01,57.07,57.34,55.4,55.79,9646175
2010-06-02,56.0,56.99,55.8,56.71,5225210
2010-06-03,57.0,59.45,56.71,59.05,15319490
2010-06-04,59.67,59.88,58.11,58.44,20339136
2010-06-07,55.0,57.63,55.0,57.2,9889885
2010-06-08,57.74,58.66,56.3,56.51,12587730
2010-06-09,56.8,57.24,54.84,55.85,15872790
2010-06-10,56.4,56.66,55.08,56.36,14100950
2010-06-11,57.2,58.06,56.4,57.52,19351664
2010-06-14,57.8,57.97,56.83,57.34,7216670
2010-06-15,57.1,57.1,56.02,56.74,6833705
2010-06-16,56.9,57.66,56.36,56.57,8650630
2010-06-17,55.89,57.18,55.81,56.84,9364195
2010-06-18,57.0,57.3,55.67,55.98,4498365
2010-06-21,56.0,56.98,56.0,56.33,5213525
2010-06-22,56.0,56.0,52.56,54.37,105086320
2010-06-23,54.6,55.59,54.26,55.39,18562656
2010-06-24,55.8,55.8,53.8,54.21,24032410
2010-06-25,54.3,54.88,53.76,54.45,9247740
2010-06-28,54.04,54.7,53.72,54.41,7928910
2010-06-29,52.0,54.4,52.0,53.59,8492355
2010-06-30,52.6,54.04,52.4,53.86,6513095
2010-07-01,53.4,54.24,53.2,53.92,4876530
2010-07-02,53.8,54.78,53.17,53.56,6543500
2010-07-05,53.2,54.05,53.2,53.68,3366785
2010-07-06,53.8,55.78,53.67,55.17,12565985
2010-07-07,54.98,55.17,53.74,54.02,7697045
2010-07-08,54.42,55.34,54.42,55.16,10207370
2010-07-09,55.52,57.32,55.3,57.14,13881100
2010-07-12,57.4,58.2,56.82,57.17,7227650
2010-07-13,57.3,57.88,56.92,57.53,4193455
2010-07-14,58.13,58.54,56.47,56.82,7848325
2010-07-15,57.2,57.69,56.91,57.33,5437550
2010-07-16,57.5,60.2,57.4,59.89,16281955
2010-07-19,59.43,60.55,59.35,59.57,9497505
2010-07-20,59.8,60.38,59.22,59.49,6897605
2010-07-21,60.0,60.94,58.24,59.57,30466060
2010-07-22,59.8,60.6,59.08,59.76,22666390
2010-07-23,60.0,60.88,59.76,60.37,14222805
2010-07-26,60.4,60.73,59.21,59.75,5270390
2010-07-27,60.0,60.56,59.73,59.95,7666185
2010-07-28,60.3,60.3,58.02,58.35,8390400
2010-07-29,58.54,58.99,58.07,58.4,8817225
2010-07-30,58.66,59.85,58.63,59.13,6382040
2010-08-02,59.2,61.5,59.2,61.09,8622720
2010-08-03,61.6,62.37,61.41,61.85,9672150
2010-08-04,62.27,62.27,60.33,60.72,8660780
2010-08-05,60.8,61.14,59.6,59.85,8250495
2010-08-06,60.0,60.73,59.0,59.26,5116625
2010-08-09,59.64,61.09,59.5,60.99,7789475
2010-08-10,61.1,61.8,60.42,60.55,8704745
2010-08-11,60.6,61.1,59.88,60.1,3709175
2010-08-12,59.6,61.65,59.4,61.15,15778580
2010-08-13,61.51,65.94,61.2,64.2,21814440
2010-08-16,64.0,65.0,63.04,63.73,7440930
2010-08-17,64.8,65.88,62.4,65.53,10344235
2010-08-18,66.0,66.29,64.71,65.56,7274075
2010-08-19,65.6,68.93,65.6,68.54,16292090
2010-08-20,68.24,68.24,66.11,66.3,9727270
2010-08-23,66.27,67.4,65.61,66.57,4911395
2010-08-24,66.57,66.8,65.08,65.72,9155280
2010-08-25,65.59,66.66,64.52,65.55,5592675
2010-08-26,65.8,66.27,64.79,65.2,5893950
2010-08-27,65.0,65.86,63.92,64.36,4381330
2010-08-30,64.4,65.43,62.68,63.28,5447740
2010-08-31,63.0,63.0,60.51,62.24,10598465
2010-09-01,62.51,64.24,62.46,63.97,5837205
2010-09-02,64.76,64.76,63.2,63.6,4108260
2010-09-03,64.2,64.2,62.9,63.73,4032115
2010-09-06,64.34,65.48,64.02,64.42,7848365
2010-09-07,64.78,64.93,63.38,63.52,3606235
2010-09-08,63.6,63.9,62.77,63.54,3926700
2010-09-09,63.8,64.8,63.66,64.15,5297755
2010-09-13,64.6,66.58,64.43,66.12,12927910
2010-09-14,66.4,67.0,65.02,65.74,8993460
2010-09-15,66.0,67.49,65.2,65.33,11953670
2010-09-16,65.62,67.0,65.2,65.86,12823135
2010-09-17,65.4,66.58,65.2,65.89,9792865
2010-09-20,66.2,66.63,65.28,66.43,6478475
2010-09-21,66.6,67.69,65.65,65.84,14427795
2010-09-22,65.73,66.74,65.14,66.47,7066025
2010-09-23,66.8,68.2,66.3,67.56,16191605
2010-09-24,67.56,67.72,66.62,67.39,6469355
2010-09-27,67.8,69.44,67.47,69.13,12002865
2010-09-28,67.8,70.92,67.8,70.29,9442335
2010-09-29,70.62,71.74,70.2,70.56,17306236
2010-09-30,70.42,70.99,68.6,70.03,11737700
2010-10-01,70.8,72.09,70.57,71.4,3722475
2010-10-04,72.34,72.9,71.04,71.8,12549825
2010-10-05,72.0,72.1,70.4,70.62,8813815
2010-10-06,71.2,71.55,70.2,70.42,4794225
2010-10-07,70.8,70.8,68.63,68.96,7249475
2010-10-08,69.13,70.58,68.75,70.28,8242535
2010-10-11,70.77,71.75,70.21,70.81,10663825
2010-10-12,66.54,71.28,66.54,69.6,7888720
2010-10-13,69.98,70.9,69.52,70.54,5981070
2010-10-14,70.93,71.18,69.85,70.06,3919180
2010-10-15,70.22,70.22,69.2,69.41,2759265
2010-10-18,69.6,71.34,68.22,70.96,10247000
2010-10-19,70.8,71.68,68.96,69.38,6109075
2010-10-20,69.59,70.79,69.26,70.47,14248045
2010-10-21,70.47,71.3,68.9,70.76,13544650
2010-10-22,71.4,74.54,71.3,73.84,21616996
2010-10-25,74.4,74.8,73.2,74.47,9667585
2010-10-26,74.6,76.0,73.93,75.77,9453330
2010-10-27,75.6,76.0,73.07,73.79,4802505
2010-10-28,74.01,74.46,71.02,71.83,10555535
2010-10-29,72.0,72.68,70.2,71.9,8917655
2010-11-01,71.9,74.0,71.9,73.87,4418650
2010-11-02,74.13,75.2,73.19,74.03,6357795
2010-11-03,74.7,75.19,74.1,74.51,3750175
2010-11-04,74.64,75.1,74.01,74.42,4108145
2010-11-05,76.4,76.4,74.6,74.88,768555
2010-11-08,74.41,75.2,74.0,74.32,1826310
2010-11-09,74.4,74.8,72.82,73.66,3879155
2010-11-10,73.68,74.2,73.2,73.76,1442595
2010-11-11,74.0,74.03,71.02,71.29,5767760
2010-11-12,71.6,71.6,69.02,69.36,6484470
2010-11-15,69.7,71.55,68.06,71.33,5346515
2010-11-16,71.8,72.02,66.0,66.45,13581775
2010-11-18,66.62,68.24,61.74,64.44,30811560
2010-11-19,65.0,66.4,63.06,64.36,13063555
2010-11-22,64.4,66.0,64.0,65.68,7390675
2010-11-23,65.2,65.98,62.0,64.76,6178070
2010-11-24,64.82,65.59,63.0,63.32,7209965
2010-11-25,63.32,63.6,60.5,61.03,20987304
2010-11-26,61.22,64.19,58.0,61.42,21125330
2010-11-29,61.94,62.85,61.0,61.58,7168645
2010-11-30,62.2,62.48,60.75,61.23,27414596
2010-12-01,61.78,66.94,61.62,65.94,19027190
2010-12-02,66.6,68.35,66.11,67.14,12375410
2010-12-03,67.3,67.6,65.06,65.99,8312995
2010-12-06,66.0,67.52,63.88,64.77,9359035
2010-12-07,64.77,64.9,61.26,61.89,15822090
2010-12-08,62.0,62.14,59.6,60.21,14243950
2010-12-09,60.42,60.76,56.0,57.2,17964636
2010-12-10,56.8,60.38,55.4,58.74,20960516
2010-12-13,59.2,61.8,59.2,61.52,13401820
2010-12-14,61.9,62.25,60.84,61.28,8832165
2010-12-15,61.28,61.94,59.2,60.0,10086820
2010-12-16,60.45,61.18,59.42,59.8,13671850
2010-12-20,59.9,59.94,57.46,58.03,8755130
2010-12-21,57.6,60.07,57.6,59.89,11014830
2010-12-22,60.45,62.0,60.09,61.84,20035924
2010-12-23,62.2,62.8,61.8,62.03,8018655
2010-12-24,62.06,62.2,61.22,61.59,3996530
2010-12-27,61.98,62.18,60.65,61.17,3377110
2010-12-28,61.2,61.59,60.82,61.21,5879880
2010-12-29,61.38,62.16,61.11,61.47,4875155
2010-12-30,61.94,62.03,61.06,61.72,13223115
2011-01-03,63.0,63.39,62.86,63.11,6548575
2011-01-04,63.3,63.54,61.1,61.29,5065755
2011-01-05,60.93,60.93,58.06,58.26,18675996
2011-01-06,58.6,59.09,56.4,56.61,12368650
2011-01-07,56.4,56.59,53.84,54.05,34429152
2011-01-10,53.6,54.98,51.92,52.25,16713970
2011-01-11,52.42,55.18,51.36,54.38,32736660
2011-01-12,54.9,55.4,53.23,55.02,22224560
2011-01-13,54.9,55.26,52.86,53.56,61854584
2011-01-14,53.58,54.09,51.8,52.03,13161815
2011-01-17,51.0,52.38,50.73,50.97,10931255
2011-01-18,51.1,52.45,49.41,51.63,15656915
2011-01-19,51.83,54.4,51.83,54.03,20409990
2011-01-20,54.2,55.53,53.05,54.7,42452384
2011-01-21,54.84,55.7,53.66,53.94,17220680
2011-01-24,53.93,57.08,53.92,56.86,24804664
2011-01-25,57.1,57.88,55.34,55.65,23455516
2011-01-27,55.79,56.14,52.54,52.98,18945784
2011-01-28,52.8,53.2,50.26,51.7,15905835
2011-01-31,51.02,52.89,49.98,52.62,22426984
2011-02-01,52.94,53.57,52.09,52.94,14203150
2011-02-02,53.4,53.96,52.51,52.9,6298200
2011-02-03,53.0,54.3,52.6,54.1,8991560
2011-02-04,54.22,54.66,52.11,52.53,7860090
2011-02-07,52.03,52.8,51.43,51.88,6296600
2011-02-08,52.0,52.2,49.1,49.47,13003960
2011-02-09,49.2,49.79,46.71,47.22,18693110
2011-02-10,47.03,49.1,46.81,48.52,18264090
2011-02-11,48.52,51.8,47.86,51.43,15968680
2011-02-14,52.0,54.06,51.9,53.85,12896945
2011-02-15,54.0,55.76,53.3,55.45,16143960
2011-02-16,55.74,55.94,54.86,55.47,8445685
2011-02-17,55.47,56.79,54.82,56.42,8191020
2011-02-18,56.42,57.68,56.0,56.8,20098216
2011-02-21,56.8,57.17,55.8,56.42,9683510
2011-02-22,56.2,56.61,54.52,55.01,6919435
2011-02-23,54.8,55.2,53.42,53.65,7785735
2011-02-24,53.6,53.91,50.62,51.06,13854735
2011-02-25,51.26,52.24,48.31,51.07,22442336
2011-02-28,51.65,52.88,50.61,51.2,19016470
2011-03-01,52.9,55.0,51.48,54.43,23772824
2011-03-03,54.8,55.58,53.74,54.73,14478735
2011-03-04,55.19,56.47,54.9,55.07,16438515
2011-03-07,54.8,54.8,53.42,54.15,7215755
2011-03-08,54.2,55.26,53.86,54.87,4471895
2011-03-09,55.01,56.0,54.82,55.09,9382465
2011-03-10,54.74,55.09,54.0,54.34,5096680
2011-03-11,53.82,54.28,52.8,53.37,7777520
2011-03-14,53.0,54.44,52.65,54.25,8017895
2011-03-15,53.05,53.8,52.8,53.13,6637555
2011-03-16,52.0,56.09,52.0,55.91,14966180
2011-03-17,55.76,56.54,55.02,55.76,10306295
2011-03-18,55.76,56.47,54.64,54.85,5787535
2011-03-21,55.0,55.34,54.0,54.85,3911865
2011-03-22,55.0,56.34,54.92,55.98,6719340
2011-03-23,55.89,57.36,55.42,57.2,9878840
2011-03-24,57.39,59.32,57.39,58.96,12171740
2011-03-25,59.1,60.26,59.04,59.9,12039925
2011-03-28,59.9,60.98,59.51,60.0,13396905
2011-03-29,60.0,62.08,59.7,61.89,12506910
2011-03-30,61.8,64.39,61.8,64.15,14351730
2011-03-31,64.4,65.19,61.6,61.92,21743964
2011-04-01,62.15,63.18,61.6,62.41,18432944
2011-04-04,62.75,63.1,62.23,62.84,10061365
2011-04-05,63.21,63.21,61.81,62.42,7534680
2011-04-06,62.41,64.1,62.21,63.77,14655590
2011-04-07,63.9,66.4,63.52,66.06,17406080
2011-04-08,66.03,66.7,63.3,63.68,13847625
2011-04-11,63.95,64.4,62.57,63.98,8226180
2011-04-13,63.4,67.0,62.76,66.7,16205700
2011-04-15,67.54,68.22,65.1,66.07,18563700
2011-04-18,66.6,67.8,64.02,64.26,8740035
2011-04-19,65.0,65.35,63.67,64.68,14854605
2011-04-20,65.32,66.7,64.83,66.22,20034990
2011-04-21,66.3,66.3,63.14,63.51,24612390
2011-04-25,66.0,66.0,62.94,63.86,8605665
2011-04-26,64.0,64.26,62.22,63.49,11547175
2011-04-27,63.42,64.18,62.6,63.17,8414855
2011-04-28,63.6,63.6,61.95,62.08,9661930
2011-04-29,64.0,64.0,60.48,61.03,9051370
2011-05-02,61.44,61.7,59.56,59.83,8068585
2011-05-03,59.83,61.15,56.81,57.28,33999060
2011-05-04,57.57,57.72,56.05,56.36,18147336
2011-05-05,56.02,58.3,55.9,57.0,21358370
2011-05-06,57.53,60.56,57.32,60.05,17715710
2011-05-09,60.5,60.86,59.14,59.5,10950520
2011-05-10,59.04,59.66,58.42,59.22,7601880
2011-05-11,59.57,61.1,59.16,60.48,20704840
2011-05-12,60.38,60.75,58.28,58.56,12472660
2011-05-13,58.6,59.96,57.53,59.17,11840615
2011-05-16,58.9,59.0,58.02,58.35,5574080
2011-05-17,58.2,59.0,57.28,57.68,8258335
2011-05-18,57.8,58.16,55.0,56.37,12736370
2011-05-19,56.76,57.4,55.64,55.92,9786010
2011-05-20,56.21,56.79,55.31,56.1,10114365
2011-05-23,56.0,56.3,54.46,54.72,8617790
2011-05-24,54.77,56.68,54.47,56.51,15039720
2011-05-25,56.02,57.1,55.92,56.65,11999550
2011-05-26,56.7,57.65,56.6,57.08,13889720
2011-05-27,57.08,59.66,57.07,59.36,10773700
2011-05-30,59.79,60.4,59.45,59.66,8067125
2011-05-31,59.84,60.41,59.17,60.16,8650880
2011-06-01,60.59,61.03,59.32,59.63,10267290
2011-06-02,58.81,59.3,57.5,57.77,9701010
2011-06-03,57.5,58.6,57.45,58.21,11762220
2011-06-06,58.4,59.74,57.5,59.59,11955225
2011-06-07,59.48,60.14,59.0,59.88,7272330
2011-06-08,59.41,60.79,59.36,60.07,9317635
2011-06-09,60.1,60.56,59.14,59.34,6076805
2011-06-10,59.6,59.76,58.5,58.7,6782495
2011-06-13,58.59,59.16,57.91,58.85,5714175
2011-06-14,59.18,59.89,59.04,59.37,6746005
2011-06-15,54.0,59.53,49.8,58.64,8486805
2011-06-16,58.02,59.28,57.55,58.22,15553865
2011-06-17,58.22,58.36,56.35,56.58,13712050
2011-06-20,56.8,58.51,54.82,58.13,19019650
2011-06-21,58.54,59.0,57.22,57.5,7481730
2011-06-22,58.14,58.28,57.22,57.4,6899700
2011-06-23,57.51,57.89,56.96,57.38,6256775
2011-06-24,57.48,59.9,57.48,59.73,9880570
2011-06-27,59.0,62.97,59.0,62.67,21588200
2011-06-28,62.8,63.4,61.61,61.85,11358380
2011-06-29,62.36,63.16,62.2,62.55,13419565
2011-06-30,63.14,63.56,61.9,62.41,13358020
2011-07-01,63.0,63.9,62.67,63.67,8072215
2011-07-04,63.67,64.38,63.46,63.77,5769920
2011-07-05,63.76,65.15,62.8,64.57,10929780
2011-07-06,64.49,65.86,64.2,65.31,15991885
2011-07-07,65.2,65.77,64.64,65.36,6689395
2011-07-08,65.43,65.62,64.04,64.45,6049245
2011-07-11,64.02,64.7,60.57,64.27,8697655
2011-07-12,63.58,63.89,62.24,62.95,7999320
2011-07-13,63.0,64.1,62.84,63.59,5628320
2011-07-14,63.39,66.05,63.31,65.25,9781340
2011-07-15,65.25,65.98,64.5,64.93,5861115
2011-07-18,64.9,65.92,64.7,65.73,5570885
2011-07-19,65.68,65.94,64.52,64.74,8420390
2011-07-20,65.33,65.66,63.29,63.75,11273205
2011-07-21,63.8,64.75,62.64,63.57,26131440
2011-07-22,64.06,65.96,64.06,65.82,16818244
2011-07-25,65.8,66.9,65.12,66.69,12730100
2011-07-26,66.59,66.65,63.46,63.73,18834144
2011-07-27,64.19,64.19,62.27,62.49,10301780
2011-07-28,62.0,62.98,61.34,62.09,9592190
2011-07-29,61.4,63.19,58.99,62.13,7445680
2011-08-01,62.41,63.77,62.41,63.26,7978855
2011-08-02,63.6,63.6,61.62,61.94,5897630
2011-08-03,60.0,61.6,58.24,61.39,6503080
2011-08-04,61.7,62.8,60.21,60.47,9302330
2011-08-05,60.1,60.72,58.04,60.29,17250204
2011-08-08,59.54,61.4,58.45,60.43,17462704
2011-08-09,58.4,60.5,58.0,58.27,17616760
2011-08-10,60.0,60.72,59.0,60.55,16128585
2011-08-11,59.74,61.86,59.74,61.35,9901570
2011-08-12,61.8,61.82,59.37,59.79,11673340
2011-08-16,60.11,60.7,59.14,59.43,5275695
2011-08-17,58.7,60.09,57.55,57.91,9174650
2011-08-18,58.0,58.26,54.6,54.93,14455395
2011-08-19,54.0,55.0,51.91,52.59,25715164
2011-08-22,52.54,53.72,50.4,53.24,20429560
2011-08-23,53.4,56.2,52.59,55.94,17702410
2011-08-24,55.5,56.91,54.6,55.28,13442000
2011-08-25,55.79,55.8,53.02,53.47,10485525
2011-08-26,53.59,53.8,51.52,51.88,12903110
2011-08-29,52.61,54.94,52.2,54.25,11823165
2011-08-30,55.74,56.66,54.8,55.51,11727690
2011-09-02,56.02,57.14,54.82,55.73,15525085
2011-09-05,55.0,56.7,54.24,56.54,10118085
2011-09-06,56.34,57.34,54.4,57.21,15603800
2011-09-07,57.61,58.42,57.29,58.13,7598780
2011-09-08,58.2,59.6,57.42,59.37,12768200
2011-09-09,58.9,60.08,58.52,58.78,9879810
2011-09-12,57.4,58.2,54.42,54.73,13008740
2011-09-13,55.11,56.58,54.24,54.75,13482710
2011-09-14,55.11,55.62,53.26,55.31,13036435
2011-09-15,55.77,56.2,54.4,55.72,11911470
2011-09-16,56.0,57.1,55.2,56.14,18888316
2011-09-19,55.86,57.05,55.4,56.79,11903795
2011-09-20,56.6,58.0,56.48,57.9,7684020
2011-09-21,57.9,58.26,56.8,57.04,14458750
2011-09-22,56.28,56.28,53.8,54.15,11798900
2011-09-23,54.36,54.36,51.9,53.49,18203380
2011-09-26,53.64,53.85,51.2,52.46,15769770
2011-09-27,53.18,54.73,53.06,54.36,10611675
2011-09-28,54.4,55.0,53.42,54.45,8735315
2011-09-29,54.4,55.98,53.7,55.42,8490515
2011-09-30,55.39,56.32,54.1,54.51,9279710
2011-10-03,53.41,53.58,51.9,52.1,10442095
2011-10-04,52.11,52.88,49.75,50.22,14599175
2011-10-05,51.0,51.36,48.06,49.21,19574676
2011-10-07,50.94,52.99,50.3,52.59,19211636
2011-10-10,53.0,53.08,52.1,52.86,10130925
2011-10-11,53.24,54.06,52.2,52.76,10279310
2011-10-12,52.99,54.57,52.68,54.42,9817185
2011-10-13,54.8,57.16,54.71,56.84,21060084
2011-10-14,56.95,57.6,55.76,56.66,11190895
2011-10-17,57.0,58.2,56.81,57.82,8545830
2011-10-18,57.0,57.0,55.2,55.98,7034360
2011-10-19,56.78,58.2,56.4,57.99,9252890
2011-10-20,57.6,58.6,56.58,56.96,26092164
2011-10-21,57.0,58.05,55.26,55.56,15777150
2011-10-24,55.6,57.1,55.6,56.33,7857415
2011-10-25,56.41,61.8,55.83,61.27,55925696
2011-10-26,61.5,62.2,61.26,61.71,5553270
2011-10-28,62.4,64.77,62.4,63.14,18834490
2011-10-31,63.1,63.98,62.45,62.86,11604940
2011-11-01,62.86,63.13,61.22,61.46,11457365
2011-11-02,61.2,62.38,60.71,61.46,10014775
2011-11-03,61.24,62.48,60.78,61.99,11655165
2011-11-04,62.4,63.46,62.4,63.3,8167640
2011-11-08,63.58,63.7,61.55,61.87,8082855
2011-11-09,62.31,62.39,61.11,61.38,6924105
2011-11-11,60.9,61.25,59.26,59.65,11577545
2011-11-14,60.04,61.2,58.5,58.73,7347265
2011-11-15,58.6,59.54,56.6,56.94,10668825
2011-11-16,56.81,57.0,53.69,54.14,29422930
2011-11-17,54.04,55.76,53.13,54.32,15277110
2011-11-18,53.6,54.59,53.16,54.08,13449210
2011-11-21,54.1,56.0,52.22,52.62,8730830
2011-11-22,53.2,53.89,52.44,53.32,11296025
2011-11-23,53.2,53.38,52.03,52.95,10043650
2011-11-24,53.2,55.8,52.31,55.4,16749210
2011-11-25,55.54,55.95,54.49,54.82,10421620
2011-11-28,55.57,56.48,55.41,56.22,6404140
2011-11-29,56.2,56.46,54.84,55.04,8835055
2011-11-30,54.8,55.19,54.01,54.44,5147235
2011-12-01,55.6,57.32,55.31,55.82,6583495
2011-12-02,55.82,58.26,55.82,58.04,9220790
2011-12-05,57.4,58.28,57.11,57.77,8584095
2011-12-07,57.8,59.89,57.0,59.27,13563890
2011-12-08,56.31,59.02,56.31,57.44,10935975
2011-12-09,56.9,57.56,55.84,57.31,18987444
2011-12-12,57.6,58.32,56.06,56.54,16738910
2011-12-13,56.0,56.2,54.68,55.63,12729365
2011-12-14,55.95,56.8,55.23,55.57,13058660
2011-12-15,55.01,55.01,53.06,53.57,15262180
2011-12-16,54.0,54.72,50.63,51.3,19255796
2011-12-19,51.0,51.25,49.4,51.01,12249735
2011-12-20,51.19,51.6,48.04,48.52,19200076
2011-12-21,49.05,50.6,48.56,50.09,11756070
2011-12-22,50.2,51.8,48.82,51.59,15521760
2011-12-23,51.6,52.27,50.04,50.4,17342680
2011-12-26,50.24,51.35,50.24,50.89,5211800
2011-12-27,51.0,51.1,49.75,50.18,5696920
2011-12-28,50.1,50.29,48.21,48.32,11961890
2011-12-29,48.0,48.29,47.37,47.86,11895005
2011-12-30,48.2,49.08,47.35,47.76,9134895
2012-01-02,48.0,48.51,46.1,46.37,16278750
2012-01-03,47.2,49.38,46.6,49.18,21337224
2012-01-04,49.98,51.0,47.61,48.21,19977936
2012-01-05,48.2,49.82,47.64,49.57,16636020
2012-01-06,49.0,50.55,48.5,49.96,16571055
2012-01-07,50.0,50.57,49.9,50.27,1042020
2012-01-09,50.4,50.48,48.85,49.8,16560130
2012-01-10,50.0,53.1,50.0,52.86,16994660
2012-01-11,52.75,54.7,52.57,54.46,17791780
2012-01-12,54.46,56.7,53.7,56.12,17364820
2012-01-13,56.4,57.14,55.52,56.16,14516560
2012-01-16,55.46,56.39,54.76,56.06,7915470
2012-01-17,56.26,57.91,56.26,57.06,9409235
2012-01-18,57.1,57.2,55.6,56.21,7636335
2012-01-19,57.09,57.64,56.54,57.46,7842060
2012-01-20,57.7,59.98,57.5,59.58,14383555
2012-01-23,60.0,61.88,59.8,61.51,22157770
2012-01-24,61.7,64.7,59.74,63.88,46331848
2012-01-25,64.38,66.58,63.7,66.06,35077840
2012-01-27,65.8,66.63,64.02,65.2,16161410
2012-01-30,64.67,64.91,62.33,62.75,18450956
2012-01-31,63.32,66.4,63.17,66.09,11771910
2012-02-01,66.09,67.49,64.88,67.23,11113750
2012-02-02,67.7,68.3,65.63,67.8,16279970
2012-02-03,67.48,69.36,66.02,68.95,13128310
2012-02-06,69.98,70.89,68.35,69.18,13525150
2012-02-07,69.19,69.51,67.1,67.52,15675840
2012-02-08,67.42,68.08,66.0,66.69,18883530
2012-02-09,66.23,69.6,66.0,69.2,14263600
2012-02-10,68.98,70.0,67.65,69.56,14558735
2012-02-13,69.43,70.4,68.1,69.85,9574445
2012-02-14,69.82,72.0,69.55,71.59,13775870
2012-02-15,75.0,75.0,71.9,73.17,12342405
2012-02-16,73.16,74.48,72.0,73.45,16939124
2012-02-17,74.6,74.83,72.45,72.82,7645555
2012-02-21,71.0,74.18,70.2,73.75,10762910
2012-02-22,73.82,74.15,68.81,69.14,18165724
2012-02-23,68.6,71.26,67.54,70.72,24058310
2012-02-24,70.58,71.46,67.11,67.95,11557050
2012-02-27,67.95,67.95,63.42,63.95,15232130
2012-02-28,65.19,70.2,64.4,69.87,19757524
2012-02-29,70.42,71.17,68.0,69.09,10790200
2012-03-01,68.46,69.24,67.42,68.0,7258105
2012-03-02,68.14,71.35,68.07,70.09,15549565
2012-03-03,70.39,70.57,69.63,69.83,790660
2012-03-05,69.77,69.78,67.33,67.94,6190950
2012-03-06,67.6,71.3,66.74,68.47,19686660
2012-03-07,68.0,68.49,66.2,67.56,16764080
2012-03-09,69.56,74.28,68.65,73.25,24908540
2012-03-12,74.0,74.94,70.87,72.92,119209688
2012-03-13,73.99,73.99,72.6,73.71,11548850
2012-03-14,75.98,77.74,74.15,77.3,26934684
2012-03-15,76.8,77.54,74.0,75.04,32447356
2012-03-16,75.39,76.54,72.84,73.53,20056936
2012-03-19,74.0,74.0,71.43,72.19,10367325
2012-03-20,72.3,73.8,71.36,73.19,13116355
2012-03-21,72.48,75.09,72.48,74.87,11171740
2012-03-22,74.38,76.56,72.6,73.35,20748290
2012-03-23,73.76,75.18,73.24,74.41,10563425
2012-03-26,73.4,74.0,71.03,71.63,18090956
2012-03-27,72.42,72.71,67.1,70.88,44477792
2012-03-28,70.42,70.95,69.22,70.03,15669935
2012-03-29,69.2,73.38,68.24,72.42,22352724
2012-03-30,71.15,74.0,71.15,73.76,10941725
2012-04-02,73.97,75.47,73.66,74.61,19365796
2012-04-03,75.04,76.18,74.5,74.85,9341450
2012-04-04,74.65,75.53,73.75,74.71,9609890
2012-04-09,75.4,75.49,73.36,74.52,11035360
2012-04-10,74.71,76.14,73.4,75.51,10879660
2012-04-11,75.4,75.9,74.36,75.16,11170215
2012-04-12,75.4,76.0,74.02,74.29,15780860
2012-04-13,74.73,75.99,72.7,73.09,16195390
2012-04-16,72.79,74.29,72.55,73.75,13567515
2012-04-17,74.4,75.5,72.62,74.24,21066960
2012-04-18,74.66,75.17,73.73,73.98,8820810
2012-04-19,74.0,74.4,73.23,73.55,6445235
2012-04-20,73.5,73.96,72.3,72.88,8824110
2012-04-23,72.0,74.8,71.12,71.76,11175030
2012-04-24,72.16,72.9,71.41,71.88,6512450
2012-04-25,72.0,74.28,71.85,73.21,21993950
2012-04-26,72.6,72.77,70.91,71.53,22606204
2012-04-27,71.99,72.18,69.1,69.66,14464395
2012-04-28,69.8,70.35,69.3,69.86,536665
2012-04-30,69.4,70.76,69.4,69.94,6884420
2012-05-02,70.4,70.58,69.45,69.73,6990135
2012-05-03,69.1,69.56,67.07,67.56,12518765
2012-05-04,68.0,68.0,66.3,66.74,10880370
2012-05-07,66.5,68.3,64.43,67.91,12162340
2012-05-08,68.02,68.38,65.34,65.83,10386010
2012-05-09,65.32,66.54,63.03,64.1,11543315
2012-05-10,64.2,65.72,63.8,65.2,14769885
2012-05-11,65.68,67.17,64.21,65.9,8626760
2012-05-14,66.01,66.69,63.1,63.72,8432075
2012-05-15,63.0,64.28,62.3,63.35,17594244
2012-05-16,63.0,63.0,59.71,60.71,21600316
2012-05-17,61.0,62.84,60.2,60.47,18025064
2012-05-18,60.0,63.0,58.8,62.49,17588196
2012-05-21,62.61,64.79,62.61,64.48,13322330
2012-05-22,65.25,65.61,63.86,64.31,15228520
2012-05-23,64.0,64.65,63.02,64.14,8794225
2012-05-24,64.61,65.8,64.0,65.6,10688050
2012-05-25,65.6,66.39,65.12,66.01,12383420
2012-05-28,66.19,67.8,66.11,67.62,6017515
2012-05-29,67.79,68.14,67.12,67.69,6101320
2012-05-30,67.62,67.62,65.32,65.6,5598590
2012-05-31,64.2,67.2,64.2,65.97,13771135
2012-06-01,65.97,66.96,64.22,64.67,9887445
2012-06-04,64.0,64.69,62.1,64.21,8922395
2012-06-05,65.48,65.68,63.79,64.62,7766480
2012-06-06,64.81,66.68,64.81,66.31,6369340
2012-06-07,67.8,68.08,65.91,67.63,13314670
2012-06-08,67.5,69.4,66.6,69.09,9168085
2012-06-11,69.71,70.6,68.0,68.56,7975525
2012-06-12,68.2,70.0,67.75,69.62,7317465
2012-06-13,69.9,70.24,68.89,69.22,7604155
2012-06-14,69.06,69.06,66.12,66.41,9960825
2012-06-15,66.8,67.27,66.13,66.88,8841685
2012-06-18,69.19,69.19,64.2,64.98,15032820
2012-06-19,65.01,65.25,63.62,64.62,14011455
2012-06-20,65.0,66.96,64.73,66.5,14036715
2012-06-21,66.13,68.8,65.72,68.65,11307305
2012-06-22,67.58,68.58,67.02,68.05,6976670
2012-06-25,68.2,69.96,67.42,67.82,7174785
2012-06-26,68.0,68.78,67.6,68.28,7873375
2012-06-27,68.72,68.96,66.72,66.97,10714670
2012-06-28,66.2,66.77,64.62,66.32,147813472
2012-06-29,67.2,68.1,66.88,67.88,13399530
2012-07-02,68.33,69.17,67.81,68.88,15016445
2012-07-03,68.88,70.78,68.71,70.13,18270884
2012-07-04,70.39,70.7,69.49,69.93,8020600
2012-07-05,69.73,71.74,68.92,71.52,15680455
2012-07-06,71.5,72.68,70.32,72.23,14544905
2012-07-09,71.96,72.85,71.2,71.95,13207985
2012-07-10,71.79,72.7,71.64,71.89,10979745
2012-07-11,71.78,72.4,70.5,70.67,9174905
2012-07-12,70.5,71.0,69.75,70.73,10477855
2012-07-13,71.0,71.31,69.6,69.85,6516620
2012-07-16,69.62,70.9,69.52,70.0,8210675
2012-07-17,70.6,70.78,69.71,70.1,5113750
2012-07-18,70.0,70.6,68.54,70.23,7929530
2012-07-19,70.6,71.3,70.33,70.97,10560650
2012-07-20,70.88,71.18,69.8,70.79,6447635
2012-07-23,70.21,70.28,67.8,67.94,9730280
2012-07-24,68.19,68.79,67.46,68.16,8626510
2012-07-25,68.43,69.98,67.86,69.21,25745136
2012-07-26,69.6,70.94,68.4,69.13,28565024
2012-07-27,70.54,71.83,70.06,70.88,13970600
2012-07-30,70.01,72.24,57.0,72.02,9900750
2012-07-31,71.97,73.45,71.54,73.04,17070504
2012-08-01,73.2,73.77,72.4,73.1,7090925
2012-08-02,73.4,73.4,72.24,72.68,2448205
2012-08-03,72.6,73.75,71.16,73.56,8135680
2012-08-06,73.8,74.79,72.95,73.14,13706045
2012-08-07,73.13,74.48,73.0,74.06,13446345
2012-08-08,74.0,74.37,73.22,73.45,6365740
2012-08-09,73.5,73.98,72.35,72.53,6608160
2012-08-10,72.18,72.9,71.04,71.31,8033865
2012-08-13,72.0,72.75,70.42,72.38,11347325
2012-08-14,72.57,73.58,72.14,73.14,6790940
2012-08-16,73.88,73.88,71.66,72.0,7627015
2012-08-17,72.2,73.0,71.4,71.87,6120060
2012-08-21,72.09,72.34,71.2,71.65,8803000
2012-08-22,71.56,72.24,70.85,71.45,6659955
2012-08-23,72.0,72.0,70.16,70.9,8833670
2012-08-24,70.74,70.74,68.48,68.9,15464575
2012-08-27,69.59,69.59,67.0,67.17,11928725
2012-08-28,67.2,67.68,66.21,67.12,11033060
2012-08-29,67.12,67.46,66.04,66.16,10056265
2012-08-30,66.2,66.95,65.64,65.99,16751295
2012-08-31,66.01,66.78,65.2,65.75,14183785
2012-09-03,66.24,66.74,65.02,65.6,11635285
2012-09-04,65.8,66.75,65.22,66.6,7125215
2012-09-05,66.4,66.5,64.56,64.82,14429015
2012-09-06,65.19,65.74,64.02,65.36,16073455
2012-09-07,66.39,67.48,66.22,67.0,16270315
2012-09-08,67.04,67.7,67.0,67.51,742790
2012-09-10,67.51,67.78,66.32,66.62,5417165
2012-09-11,66.11,66.84,65.79,65.97,7019740
2012-09-12,66.4,67.5,65.75,67.34,13269955
2012-09-13,67.58,68.5,66.02,67.81,13460900
2012-09-14,68.8,71.98,68.62,71.18,35396820
2012-09-17,71.58,76.16,71.58,75.51,50077476
2012-09-18,75.4,75.43,73.67,74.13,12382345
2012-09-20,73.62,74.08,72.45,72.7,11271160
2012-09-21,72.69,75.17,72.6,74.18,26447800
2012-09-24,74.2,76.2,73.86,75.4,27529840
2012-09-25,75.75,76.83,74.43,75.07,16700605
2012-09-26,74.8,75.29,74.33,74.89,10346245
2012-09-27,75.21,77.0,74.85,76.19,28703356
2012-09-28,76.38,77.68,75.82,76.41,12410220
2012-10-01,76.0,79.0,76.0,78.84,12621070
2012-10-03,78.99,80.5,78.69,80.19,19286544
2012-10-04,80.19,81.39,79.11,79.68,11823615
2012-10-05,80.0,80.39,77.33,78.7,10997845
2012-10-08,78.8,79.58,76.9,77.13,8250440
2012-10-09,77.42,79.28,77.42,78.84,7855350
2012-10-10,78.8,79.18,77.47,78.64,5608425
2012-10-11,78.9,79.66,78.53,79.41,17336536
2012-10-12,79.4,80.0,78.51,78.93,7046720
2012-10-15,78.93,79.38,78.1,78.99,5908305
2012-10-16,79.4,79.4,76.24,76.54,22239764
2012-10-17,77.0,77.5,76.53,77.06,10208270
2012-10-18,77.06,78.4,77.06,77.82,13285105
2012-10-19,77.82,77.91,75.71,76.69,8175230
2012-10-22,76.44,77.55,75.81,77.41,6536820
2012-10-23,77.4,80.13,77.01,79.87,36661592
2012-10-25,80.94,83.65,80.0,83.24,32377850
2012-10-26,82.94,83.59,82.24,82.6,24327756
2012-10-29,83.0,84.2,82.6,82.97,13951570
2012-10-30,82.0,84.0,81.25,81.49,18996924
2012-10-31,81.46,82.43,80.95,82.32,8849940
2012-11-01,82.32,83.52,82.14,82.51,8518460
2012-11-02,82.82,84.35,82.82,84.01,9939630
2012-11-05,84.2,84.7,83.21,83.7,5853575
2012-11-06,83.6,84.35,83.11,84.16,5269325
2012-11-07,83.92,84.88,83.52,84.03,7241575
2012-11-08,82.35,84.15,82.35,83.91,5060790
2012-11-09,84.13,85.49,84.04,85.03,9982530
2012-11-12,85.0,85.99,84.8,84.97,9549265
2012-11-13,85.0,100.8,84.01,84.38,2573430
2012-11-15,84.36,84.36,83.27,83.51,10020390
2012-11-16,83.6,84.64,82.9,83.09,6107865
2012-11-19,83.15,83.72,82.4,82.88,6938635
2012-11-20,83.3,84.13,82.93,83.93,5466705
2012-11-21,84.22,84.97,83.96,84.44,7596265
2012-11-22,84.53,84.84,83.83,84.17,4607595
2012-11-23,84.3,84.42,83.26,84.12,4281765
2012-11-26,84.0,84.68,83.72,83.9,4807645
2012-11-27,84.27,87.1,84.05,86.87,13614240
2012-11-29,86.9,89.55,86.61,88.67,15138480
2012-11-30,88.8,89.58,88.04,88.45,11040960
2012-12-03,88.64,89.8,88.22,89.48,7214650
2012-12-04,88.5,90.52,88.5,90.13,6487305
2012-12-05,90.21,90.78,89.53,90.08,6341945
2012-12-06,90.42,94.0,89.62,93.54,11082015
2012-12-07,94.6,94.6,90.68,91.09,17578004
2012-12-10,91.2,92.09,91.07,91.51,6025060
2012-12-11,91.62,93.2,90.42,91.3,7699350
2012-12-12,91.2,91.76,90.22,90.82,7044145
2012-12-13,91.0,91.18,89.21,89.61,6923545
2012-12-14,89.69,92.53,89.31,92.12,6880120
2012-12-17,92.12,93.43,92.0,93.21,6191905
2012-12-18,93.31,94.36,91.0,93.69,7799660
2012-12-19,93.79,94.95,93.4,93.95,7764605
2012-12-20,94.16,94.98,92.62,94.6,7238320
2012-12-21,94.54,94.6,91.45,91.86,13644435
2012-12-24,91.8,92.68,91.45,92.33,3488290
2012-12-26,92.4,93.4,91.89,92.77,4547165
2012-12-27,92.52,93.64,92.05,93.25,8394315
2012-12-28,93.62,93.62,91.86,92.61,5663540
2013-01-01,93.35,95.7,93.21,95.4,5381020
2013-01-02,95.79,97.92,95.77,97.57,9784680
2013-01-03,97.4,99.39,97.4,98.44,11175970
2013-01-04,98.4,98.81,97.6,97.81,6492540
2013-01-07,97.81,100.28,97.81,99.65,12424670
2013-01-08,99.6,100.2,98.75,99.93,8237425
2013-01-09,100.0,101.98,100.0,100.84,13271735
2013-01-10,101.21,103.36,100.6,103.09,11726305
2013-01-11,103.3,103.31,99.3,99.68,20748980
2013-01-14,99.8,101.92,99.0,101.3,12428020
2013-01-15,101.2,106.5,101.2,105.59,24333504
2013-01-16,106.2,109.0,103.33,103.61,35973648
2013-01-17,103.22,105.76,102.0,104.78,23747744
2013-01-18,104.82,105.35,102.98,103.4,14648145
2013-01-21,103.6,104.2,102.11,102.34,9755405
2013-01-22,102.2,103.8,99.0,101.78,10474485
2013-01-23,101.87,103.39,100.3,102.89,9589035
2013-01-24,102.81,103.2,101.15,101.56,8815275
2013-01-25,101.59,101.74,98.95,100.85,13114410
2013-01-28,101.24,105.06,101.2,104.71,15045005
2013-01-29,105.18,105.2,102.01,102.29,25670720
2013-01-30,102.67,104.49,102.2,104.0,15270780
2013-01-31,104.01,104.76,103.41,104.43,7798360
2013-02-01,104.43,107.32,103.82,106.47,17842710
2013-02-04,106.6,107.78,104.59,104.96,8342665
2013-02-05,104.8,104.96,102.26,102.78,9497325
2013-02-06,103.0,103.73,100.62,102.28,12926095
2013-02-07,102.4,103.2,100.66,101.58,8800420
2013-02-08,101.02,102.77,101.02,101.93,8289905
2013-02-11,102.4,103.68,101.6,103.34,8514845
2013-02-12,103.39,104.6,102.94,104.43,7132355
2013-02-13,105.48,105.48,102.17,102.45,7447230
2013-02-14,102.41,102.49,99.36,100.29,8949720
2013-02-15,100.29,100.71,98.37,100.39,10042725
2013-02-18,100.44,101.67,99.6,100.28,6031220
2013-02-19,100.3,101.2,99.13,101.01,9129495
2013-02-20,101.4,102.19,100.76,101.84,6873390
2013-02-21,101.44,101.44,96.82,97.39,11418430
2013-02-22,97.1,98.74,95.12,98.02,11938300
2013-02-25,98.6,98.6,95.42,95.86,15535955
2013-02-26,95.6,96.0,93.7,94.43,11238880
2013-02-27,94.5,98.68,94.5,98.11,15321650
2013-02-28,99.01,99.48,93.44,94.4,25401920
2013-03-01,95.0,96.78,94.2,94.6,20642990
2013-03-04,96.0,96.0,93.64,94.99,10299945
2013-03-05,95.34,96.58,93.8,96.01,12699775
2013-03-06,97.6,97.6,95.91,96.35,6451520
2013-03-07,96.14,97.29,95.5,97.01,4397380
2013-03-08,97.36,98.1,96.04,97.17,8269145
2013-03-11,97.2,99.6,97.2,98.75,8089175
2013-03-12,99.11,100.11,97.62,98.4,8287530
2013-03-13,98.0,98.21,96.12,96.48,4364440
2013-03-14,96.47,97.68,94.2,96.95,9480165
2013-03-15,97.0,98.2,94.52,94.74,8537335
2013-03-18,94.0,94.65,91.67,91.88,12217560
2013-03-19,92.8,93.0,87.0,87.76,17212970
2013-03-20,87.76,88.72,85.71,86.24,14927190
2013-03-21,86.4,89.2,85.52,86.42,15131420
2013-03-22,86.6,88.91,86.2,88.1,11940000
2013-03-25,89.0,89.6,86.34,87.03,6875915
2013-03-26,86.8,87.23,84.54,85.06,10922525
2013-03-28,88.8,88.8,83.37,85.78,13023190
2013-04-01,85.8,86.8,84.4,86.46,7589125
2013-04-02,85.66,90.18,85.66,89.91,10772960
2013-04-03,89.8,91.94,86.7,87.09,15064410
2013-04-04,86.5,87.37,85.0,85.37,10367295
2013-04-05,85.4,86.9,84.64,85.13,9522365
2013-04-08,85.4,86.09,84.71,85.07,5022015
2013-04-09,85.8,87.36,84.71,84.91,9051245
2013-04-10,85.4,85.98,83.35,85.69,11236575
2013-04-11,86.8,87.7,85.5,87.37,10320780
2013-04-12,87.4,88.94,86.67,88.51,9257855
2013-04-15,89.0,92.66,88.62,91.58,11970230
2013-04-16,91.8,94.12,91.8,93.78,10249140
2013-04-17,94.83,97.6,93.64,95.88,33430050
2013-04-18,96.54,98.6,94.9,98.25,15909155
2013-04-22,98.6,99.8,97.57,98.87,11689930
2013-04-23,99.38,99.49,96.82,99.04,10095395
2013-04-25,99.24,101.66,98.7,100.76,13817710
2013-04-26,100.19,100.48,98.93,99.55,4704920
2013-04-29,99.55,101.54,98.35,100.99,7395980
2013-04-30,101.2,101.8,98.84,100.33,8479455
2013-05-02,100.4,102.2,100.13,100.92,8054630
2013-05-03,100.92,101.71,99.1,99.5,18797890
2013-05-06,99.4,99.6,97.4,99.28,7024525
2013-05-07,99.4,102.2,99.01,101.65,8163965
2013-05-08,101.8,102.51,100.82,101.34,4979590
2013-05-09,101.38,102.38,100.26,100.57,5064430
2013-05-10,100.2,102.35,99.9,102.0,7248730
2013-05-11,101.8,102.78,101.8,102.51,807825
2013-05-13,102.2,102.8,100.23,100.57,4427455
2013-05-14,100.57,102.09,99.6,101.53,6268460
2013-05-15,101.61,106.24,101.61,105.57,10867955
2013-05-16,106.0,109.4,106.0,108.51,11647435
2013-05-17,108.8,109.54,107.51,108.55,6225355
2013-05-20,108.6,109.4,105.62,105.98,6713815
2013-05-21,105.9,106.38,102.73,103.05,7879880
2013-05-22,104.0,104.53,100.97,101.97,6380590
2013-05-23,100.9,100.98,98.8,99.34,7569735
2013-05-24,100.8,101.8,99.17,101.0,6397200
2013-05-27,101.0,104.1,100.8,103.73,5746935
2013-05-28,103.8,104.5,102.6,103.09,5052105
2013-05-29,103.01,103.33,100.1,100.58,5631005
2013-05-30,100.01,101.48,99.61,100.0,5747865
2013-05-31,100.2,100.49,97.2,97.46,7125855
2013-06-03,97.51,100.79,97.3,100.54,6786515
2013-06-04,100.59,101.75,97.89,98.46,7250035
2013-06-05,97.9,100.6,97.9,99.94,5392525
2013-06-06,99.6,101.97,98.47,101.52,8151105
2013-06-07,101.2,102.98,100.1,100.52,6523260
2013-06-10,99.59,100.6,97.47,98.1,7131360
2013-06-11,97.32,97.61,93.28,94.39,9362000
2013-06-12,94.0,94.8,92.24,93.75,9948575
2013-06-13,93.0,93.94,91.03,91.35,9434155
2013-06-14,92.66,96.13,92.65,95.73,11859645
2013-06-17,96.02,97.94,94.0,96.79,11633775
2013-06-18,96.56,96.6,94.56,95.03,8210050
2013-06-19,95.34,95.89,94.12,95.64,10144520
2013-06-20,94.0,94.0,91.62,91.9,11980550
2013-06-21,91.58,92.49,89.11,90.55,21129120
2013-06-24,89.73,90.09,87.7,88.18,5562825
2013-06-25,88.61,90.8,87.15,89.53,12169990
2013-06-26,90.16,91.87,89.15,89.69,6988610
2013-06-27,91.2,92.5,87.4,88.66,11126865
2013-06-28,90.0,92.8,88.25,92.22,17389700
2013-07-01,92.64,94.38,92.24,94.03,9356370
2013-07-02,93.45,94.8,92.68,93.69,8966530
2013-07-03,92.42,94.14,91.23,92.67,10143720
2013-07-04,93.74,95.3,92.31,94.04,11272655
2013-07-05,94.74,95.6,92.6,93.06,6617615
2013-07-08,92.8,93.93,90.67,93.36,8102225
2013-07-09,93.4,96.72,93.4,95.73,10261315
2013-07-10,96.18,96.88,94.6,95.24,6475455
2013-07-11,96.6,98.88,96.4,97.31,8572490
2013-07-12,98.4,98.54,96.42,98.09,4981880
2013-07-15,98.59,100.4,97.0,100.07,8304370
2013-07-16,95.05,96.0,89.0,90.19,48102644
2013-07-17,91.0,91.18,83.32,85.37,51862032
2013-07-18,85.6,88.38,84.44,88.09,34532896
2013-07-19,88.6,89.39,84.6,84.92,24233900
2013-07-22,85.18,86.57,84.4,84.78,13173330
2013-07-23,86.48,88.58,85.65,87.73,16437705
2013-07-24,84.0,84.6,74.76,76.67,116809728
2013-07-25,76.0,78.49,73.9,74.74,59957912
2013-07-26,75.98,76.43,68.44,73.42,80554568
2013-07-29,73.6,74.25,71.42,72.69,25620020
2013-07-30,72.68,74.96,69.31,69.74,35393496
2013-07-31,69.6,69.6,57.0,64.8,103997328
2013-08-01,66.0,67.86,60.81,65.53,66343176
2013-08-02,66.0,66.98,61.0,61.74,39518368
2013-08-05,61.71,62.41,58.0,59.92,47327704
2013-08-06,58.8,59.2,54.1,55.03,42811320
2013-08-07,54.8,59.93,53.71,58.72,68961288
2013-08-08,58.38,58.74,56.0,56.61,43490956
2013-08-12,56.88,61.51,55.1,60.24,60836824
2013-08-13,59.7,63.68,59.42,61.94,79380128
2013-08-14,62.82,63.0,57.68,58.29,67281552
2013-08-16,57.8,57.8,50.52,51.66,72616168
2013-08-19,51.0,51.04,47.02,48.3,80110416
2013-08-20,46.4,49.52,44.03,48.56,95941592
2013-08-21,53.41,56.9,49.22,51.01,183243376
2013-08-22,50.12,50.6,46.74,48.5,156594288
2013-08-23,49.1,52.58,48.56,51.85,90441272
2013-08-26,52.68,53.48,50.7,52.24,58984448
2013-08-27,50.83,50.98,46.68,47.16,67949688
2013-08-28,45.55,46.46,43.22,45.17,88139504
2013-08-29,46.6,47.34,44.7,46.5,66257744
2013-08-30,46.92,49.7,46.2,48.67,83708728
2013-09-02,49.3,51.18,49.2,50.59,51970256
2013-09-03,51.04,51.24,45.22,45.82,76228888
2013-09-04,46.0,48.5,44.6,47.21,76147376
2013-09-05,50.0,58.68,50.0,57.5,155685520
2013-09-06,58.94,59.26,56.02,58.59,92734176
2013-09-10,60.0,62.79,60.0,61.38,74394496
2013-09-11,60.59,61.2,58.76,60.75,69387608
2013-09-12,61.14,61.38,55.26,56.24,71756584
2013-09-13,55.8,57.55,54.84,56.24,74714576
2013-09-16,59.02,60.0,56.72,58.34,63017876
2013-09-17,58.45,60.8,58.02,60.18,55299356
2013-09-18,61.0,63.88,60.54,63.17,70870752
2013-09-19,69.48,78.94,69.48,77.34,171000512
2013-09-20,78.0,78.0,67.0,71.21,175198032
2013-09-23,69.36,72.17,64.71,65.46,100282824
2013-09-24,64.25,67.1,63.3,63.78,113573696
2013-09-25,64.4,64.91,61.26,62.82,89735184
2013-09-26,63.2,64.45,62.2,63.16,71720312
2013-09-27,63.56,64.0,60.4,60.92,58042976
2013-09-30,59.8,59.8,57.23,57.47,54582960
2013-10-01,57.8,59.72,56.08,58.98,93841296
2013-10-03,59.4,62.57,59.2,62.13,70843408
2013-10-04,61.2,63.78,60.92,63.07,81777848
2013-10-07,63.0,63.54,61.27,63.11,50897752
2013-10-08,67.8,69.0,65.41,65.79,87997528
2013-10-09,63.85,68.49,63.85,68.15,76793696
2013-10-10,68.0,68.98,67.23,68.45,51421144
2013-10-11,70.02,70.4,68.5,69.51,49562648
2013-10-14,69.76,70.96,69.2,69.73,36451544
2013-10-15,70.6,70.71,65.8,66.22,59872632
2013-10-17,66.92,68.18,65.27,67.16,48868488
2013-10-18,67.38,69.59,67.3,69.26,36973820
2013-10-21,69.86,72.14,69.65,71.73,47494136
2013-10-22,72.05,74.98,69.8,74.4,123371008
2013-10-23,75.33,76.38,73.11,74.8,80269008
2013-10-24,75.1,75.99,72.14,72.54,52911404
2013-10-25,72.16,72.45,70.89,71.1,34500464
2013-10-28,71.52,72.3,69.08,69.48,25681580
2013-10-29,69.4,74.62,68.23,74.28,79565344
2013-10-30,74.96,75.96,73.64,74.47,46732700
2013-10-31,74.0,74.59,73.08,73.76,37250976
2013-11-01,73.8,77.25,73.3,75.62,53064904
2013-11-03,76.47,76.75,75.32,75.77,6771235
2013-11-05,75.69,76.6,73.62,75.17,45440740
2013-11-06,74.94,75.48,72.82,73.68,31461630
2013-11-07,74.2,74.99,71.91,72.15,34542344
2013-11-08,72.53,73.08,70.48,70.85,40878304
2013-11-11,70.25,70.58,66.35,66.69,47216800
2013-11-12,66.97,68.5,65.16,65.79,34123544
2013-11-13,65.01,67.1,64.73,66.32,44134032
2013-11-14,68.2,70.72,68.04,70.25,43864960
2013-11-18,71.74,72.93,71.42,72.56,30517050
2013-11-19,72.73,73.36,72.11,72.72,20347880
2013-11-20,72.4,74.56,71.42,73.09,38597244
2013-11-21,71.99,72.41,70.31,70.88,38409312
2013-11-22,71.97,72.28,68.42,68.85,37653844
2013-11-25,69.87,70.48,68.64,70.17,38155804
2013-11-26,70.6,73.25,69.55,72.41,107280656
2013-11-27,72.4,72.8,70.43,71.19,27269056
2013-11-28,72.2,73.16,71.8,72.84,23337604
2013-11-29,72.36,74.66,72.36,73.73,27279320
2013-12-02,74.34,75.6,74.34,75.12,22308544
2013-12-03,74.4,74.9,73.7,74.31,16433240
2013-12-04,73.98,74.69,73.55,74.1,17567784
2013-12-05,76.2,79.75,76.0,79.01,58022884
2013-12-06,79.0,79.22,77.43,78.38,31192284
2013-12-09,82.4,82.98,78.46,79.01,33444000
2013-12-10,78.8,78.95,76.0,76.67,25058824
2013-12-11,75.92,77.74,75.15,77.3,27867240
2013-12-12,76.8,77.0,75.5,76.1,23110324
2013-12-13,74.9,75.1,72.9,73.12,19996840
2013-12-16,72.54,73.94,71.54,72.52,19521016
2013-12-17,73.98,74.04,72.17,72.75,18436680
2013-12-18,72.21,75.75,72.21,75.1,35406152
2013-12-19,75.6,75.94,72.68,72.9,21219360
2013-12-20,72.8,74.36,72.17,74.09,17083180
2013-12-23,74.3,76.27,74.3,75.91,17542200
2013-12-24,75.91,76.68,74.91,75.17,14710505
2013-12-26,75.48,75.99,73.93,74.24,14776655
2013-12-27,74.86,75.35,74.4,74.76,10444720
2013-12-30,74.8,75.47,73.5,73.7,10520705
2013-12-31,73.8,74.31,73.27,74.04,9363870
2014-01-01,74.6,75.16,74.22,74.89,6697155
2014-01-02,75.0,76.36,72.04,72.43,30635904
2014-01-03,71.6,74.29,71.6,73.96,19839424
2014-01-06,74.06,74.13,72.42,73.28,15155620
2014-01-07,73.2,73.78,71.86,73.03,24125140
2014-01-08,73.25,73.5,70.71,71.28,25616620
2014-01-09,71.14,71.14,69.6,70.03,19098620
2014-01-10,70.4,71.4,68.35,68.6,20346150
2014-01-13,68.6,69.75,67.0,67.75,24968884
2014-01-14,68.2,69.52,68.04,69.32,19910120
2014-01-15,70.18,71.36,68.46,70.61,64934432
2014-01-16,71.2,72.0,70.42,71.31,24749416
2014-01-17,70.6,71.52,69.88,70.23,20753924
2014-01-20,69.83,72.11,69.83,71.88,16425455
2014-01-21,72.06,73.27,72.06,72.64,15888735
2014-01-22,72.8,72.96,71.73,72.29,14133155
2014-01-23,72.19,72.45,71.1,71.5,13339170
2014-01-24,70.84,71.55,69.03,69.61,13383640
2014-01-27,68.0,68.18,64.0,64.33,37111924
2014-01-28,64.4,65.98,62.89,64.98,46534380
2014-01-29,65.64,66.34,63.6,64.16,22696604
2014-01-30,63.0,63.2,60.65,61.27,28954900
2014-01-31,61.62,62.36,60.82,61.53,33432480
2014-02-03,61.4,61.41,59.75,59.89,27475484
2014-02-04,59.02,61.16,58.28,60.68,39635304
2014-02-05,60.21,61.09,59.61,60.61,30274690
2014-02-06,60.84,62.05,60.31,61.0,27112564
2014-02-07,61.6,62.05,61.0,61.78,18804364
2014-02-10,62.02,62.69,61.13,61.56,16384370
2014-02-11,61.53,62.16,61.02,61.26,13932460
2014-02-12,61.8,62.39,60.42,60.62,26281690
2014-02-13,61.0,61.1,58.82,58.97,24896976
2014-02-14,59.8,60.4,58.83,60.13,17736016
2014-02-17,60.48,61.4,59.41,61.03,26114904
2014-02-18,61.2,62.2,60.76,61.54,27827704
2014-02-19,61.98,62.1,61.0,61.39,18059464
2014-02-20,60.9,61.28,60.26,60.38,18586324
2014-02-21,60.41,61.5,60.41,61.24,11296215
2014-02-24,61.2,61.3,60.24,60.78,15555400
2014-02-25,61.24,61.38,60.31,60.45,12886480
2014-02-26,60.44,61.18,60.3,60.5,16223385
2014-02-28,61.06,61.3,60.44,60.99,15882385
2014-03-03,60.47,62.49,60.31,60.55,23682524
2014-03-04,60.87,64.56,60.72,64.09,46799740
2014-03-05,64.94,67.0,63.93,66.29,60714476
2014-03-06,66.8,69.48,66.22,69.16,47161876
2014-03-07,69.48,75.78,69.4,75.18,89367624
2014-03-10,74.4,77.9,74.0,76.38,63668544
2014-03-11,76.58,77.48,73.28,74.25,50590568
2014-03-12,74.0,74.66,72.18,72.95,41946620
2014-03-13,73.62,75.6,71.22,72.27,36475992
2014-03-14,71.16,71.56,70.06,71.17,36817220
2014-03-18,71.9,73.47,71.82,72.74,27174724
2014-03-19,73.45,74.2,72.26,73.08,31403380
2014-03-20,73.18,73.18,72.0,72.41,17171156
2014-03-21,72.12,73.25,71.32,72.07,16034890
2014-03-22,72.49,72.62,72.22,72.4,1217545
2014-03-24,73.0,76.16,72.95,75.84,37513856
2014-03-25,76.0,76.78,75.32,75.91,19975350
2014-03-26,76.6,80.6,76.44,80.35,65115344
2014-03-27,80.5,80.94,77.5,78.81,39826556
2014-03-28,79.78,81.54,79.66,80.98,29302440
2014-03-31,81.6,83.35,80.74,82.79,32357400
2014-04-01,83.68,83.8,81.04,82.07,34599936
2014-04-02,83.0,84.58,81.95,84.13,27943390
2014-04-03,84.27,84.4,81.64,82.42,22231336
2014-04-04,82.4,85.0,81.64,84.63,30135816
2014-04-07,84.6,86.22,83.8,85.78,26874500
2014-04-09,85.99,89.99,85.65,89.46,31729316
2014-04-10,89.94,91.14,88.82,89.36,38488236
2014-04-11,87.99,90.11,87.6,88.64,21511956
2014-04-15,87.25,89.0,82.67,83.96,32734536
2014-04-16,83.22,85.0,80.8,81.51,37971288
2014-04-17,82.0,83.65,81.82,83.42,25164156
2014-04-21,83.8,88.16,83.7,87.28,29146500
2014-04-22,87.89,88.7,86.52,86.87,25043430
2014-04-23,87.74,89.14,87.1,88.27,54729380
2014-04-25,88.79,94.0,88.38,93.68,63239436
2014-04-28,93.7,94.96,91.3,92.65,24581964
2014-04-29,93.0,93.52,89.4,89.87,30283420
2014-04-30,90.04,90.9,85.75,88.15,35672520
2014-05-02,88.9,90.1,88.04,88.8,15135350
2014-05-05,88.21,89.47,87.13,87.7,25461136
2014-05-06,88.4,89.78,88.37,89.17,16527750
2014-05-07,89.17,89.56,86.7,87.09,16843664
2014-05-08,87.6,88.89,87.4,88.64,14093740
2014-05-09,87.8,99.7,87.8,96.91,83167224
2014-05-12,97.6,100.5,97.42,98.76,49316300
2014-05-13,100.6,107.18,99.93,103.84,84689904
2014-05-14,104.6,106.18,103.2,104.46,28450920
2014-05-15,104.98,106.98,103.51,104.75,25460630
2014-05-16,107.96,119.8,106.29,109.11,67713352
2014-05-19,110.94,114.38,110.02,113.15,36475524
2014-05-20,114.4,114.56,108.77,109.26,22389590
2014-05-21,109.95,110.73,105.45,106.98,25711184
2014-05-22,107.4,112.32,107.4,111.57,23723640
2014-05-23,112.56,113.0,110.36,112.67,24517250
2014-05-26,114.0,116.74,108.91,110.29,29270616
2014-05-27,109.18,111.19,106.0,109.46,27006860
2014-05-28,109.59,113.38,109.3,112.48,18271904
2014-05-29,111.48,112.52,107.4,109.63,46033460
2014-05-30,112.43,115.3,111.08,113.88,45742700
2014-06-02,114.58,115.71,112.06,115.13,23806670
2014-06-03,115.92,117.4,113.6,116.09,31139716
2014-06-04,115.62,117.0,115.02,116.27,16038050
2014-06-05,116.5,117.6,113.84,114.86,26187636
2014-06-06,115.79,117.09,115.0,115.99,15963525
2014-06-09,117.0,117.0,113.43,113.91,35775524
2014-06-10,113.6,114.28,110.42,113.41,29144680
2014-06-11,113.18,113.9,109.45,110.63,46967164
2014-06-12,111.4,111.76,107.89,109.0,20172356
2014-06-13,109.82,110.48,104.82,105.6,27790984
2014-06-16,104.98,108.0,101.5,107.44,30836224
2014-06-17,106.33,111.11,106.04,110.71,26144516
2014-06-18,109.7,111.84,107.6,108.52,21602520
2014-06-19,108.0,109.68,107.06,107.65,18026030
2014-06-20,107.41,109.18,107.41,108.54,13657550
2014-06-23,109.2,110.5,107.6,110.05,11082020
2014-06-24,110.6,112.08,110.42,111.72,12414530
2014-06-25,111.4,111.8,108.04,108.41,14890625
2014-06-26,108.4,109.48,106.75,107.06,21170284
2014-06-27,106.2,107.54,105.12,106.58,14927175
2014-06-30,106.4,109.1,106.4,108.21,17599044
2014-07-01,108.74,111.68,108.44,111.25,20105690
2014-07-02,112.2,114.1,112.05,113.78,18809840
2014-07-03,114.4,114.72,111.86,112.58,13053170
2014-07-04,111.85,112.98,110.01,111.46,12912355
2014-07-07,111.62,112.17,108.05,108.44,12804925
2014-07-08,108.21,109.45,104.5,105.19,22584930
2014-07-09,105.68,106.96,101.94,102.63,19825824
2014-07-10,102.8,109.25,100.8,105.77,35045376
2014-07-11,105.77,107.15,101.6,102.09,18143350
2014-07-14,102.0,105.6,100.44,104.76,20497480
2014-07-15,105.55,106.69,103.26,106.54,15878345
2014-07-16,107.51,108.8,105.9,108.43,12173000
2014-07-17,107.34,110.36,107.29,109.53,13624155
2014-07-18,109.2,111.38,107.5,110.72,20923336
2014-07-21,111.6,112.7,110.62,111.64,10681925
2014-07-22,112.04,112.39,108.2,109.19,19285244
2014-07-23,109.95,110.9,105.51,107.31,36305976
2014-07-24,107.7,109.96,106.96,108.98,20594690
2014-07-25,108.62,110.25,106.69,107.82,13230920
2014-07-28,108.0,109.2,106.5,107.33,9100720
2014-07-30,107.4,108.8,106.26,108.38,14940830
2014-07-31,107.46,109.5,107.46,108.22,16687645
2014-08-01,107.14,109.6,106.03,107.26,19918900
2014-08-04,107.8,108.96,107.0,108.49,11342575
2014-08-05,108.8,109.4,107.4,108.94,13652470
2014-08-06,108.0,109.04,107.2,107.53,13717075
2014-08-07,107.0,107.96,106.05,106.44,14193945
2014-08-08,104.8,105.38,103.21,104.26,18137860
2014-08-11,105.0,107.09,104.66,106.79,16341530
2014-08-12,107.3,109.6,106.93,109.09,12712735
2014-08-13,108.6,109.6,107.82,109.04,18687724
2014-08-14,108.63,109.23,107.28,108.17,9303355
2014-08-18,107.45,112.0,107.45,111.88,16438715
2014-08-19,112.76,116.35,112.57,115.85,28744216
2014-08-20,116.38,116.93,114.75,116.53,12854710
2014-08-21,115.8,117.88,114.63,114.99,20209010
2014-08-22,115.3,117.6,115.3,116.78,14629055
2014-08-25,117.2,118.67,114.65,115.27,16523290
2014-08-26,113.0,114.88,111.36,113.54,18530280
2014-08-27,114.3,115.3,113.26,114.72,10521530
2014-08-28,115.44,115.54,113.16,114.41,12930910
2014-09-01,114.88,119.49,114.53,119.28,17242776
2014-09-02,119.6,122.49,119.54,121.72,23281320
2014-09-03,122.24,125.68,122.0,124.87,36167576
2014-09-04,125.2,125.28,122.82,123.83,12723880
2014-09-05,123.8,124.92,121.31,122.33,14048445
2014-09-08,122.99,124.4,121.93,124.18,9623690
2014-09-09,124.2,125.7,123.0,125.16,11380145
2014-09-10,124.0,124.58,122.38,124.09,13272385
2014-09-11,124.6,125.85,124.51,125.1,10535900
2014-09-12,125.24,126.94,124.6,126.6,10529130
2014-09-15,124.84,124.84,119.58,120.05,21389680
2014-09-16,117.95,119.36,114.82,115.2,20635070
2014-09-17,116.0,118.6,114.26,117.4,22373330
2014-09-18,116.25,119.6,115.39,118.96,14341395
2014-09-19,119.2,119.74,116.12,116.48,9684735
2014-09-22,116.98,118.8,116.6,118.44,7809745
2014-09-23,118.4,119.43,116.1,116.61,6562715
2014-09-24,115.44,116.48,112.52,113.69,8890980
2014-09-25,113.0,113.58,108.34,108.78,12011790
2014-09-26,107.7,115.55,107.19,114.71,13249530
2014-09-29,114.8,115.16,112.31,113.69,7332935
2014-09-30,112.7,114.4,110.77,111.77,9510265
2014-10-01,112.38,112.72,110.51,111.49,5309380
2014-10-07,110.5,112.96,109.19,110.22,6322180
2014-10-08,109.12,111.59,109.02,110.79,6727305
2014-10-09,111.44,116.13,111.44,115.69,9761695
2014-10-10,114.4,115.54,112.25,114.61,8274295
2014-10-13,113.47,117.74,113.2,117.09,9097035
2014-10-14,117.4,119.38,116.69,117.46,8819670
2014-10-16,116.28,120.15,115.73,117.72,13356615
2014-10-17,117.02,120.0,117.02,119.66,9083030
2014-10-20,122.8,123.6,121.23,122.77,9029220
2014-10-21,123.0,125.0,122.43,124.73,8625255
2014-10-22,125.8,126.2,123.13,124.24,6112170
2014-10-23,124.94,125.17,123.87,124.19,636915
2014-10-27,124.4,129.16,123.8,128.79,12679510
2014-10-28,128.8,129.37,126.54,128.26,6769400
2014-10-29,128.66,129.0,127.05,127.66,7074230
2014-10-30,128.19,132.94,127.2,132.52,31458984
2014-10-31,133.6,137.84,133.2,136.9,15570795
2014-11-03,137.08,137.09,135.1,135.67,9279455
2014-11-05,136.18,137.8,133.43,133.97,9979795
2014-11-07,134.98,136.18,133.01,135.23,9392425
2014-11-10,135.6,136.31,133.64,134.93,6305545
2014-11-11,135.0,135.8,133.85,135.32,5124080
2014-11-12,135.8,140.94,135.62,140.13,17274100
2014-11-13,141.0,142.48,138.02,138.69,15115325
2014-11-14,138.78,140.06,137.52,137.89,8353105
2014-11-17,137.8,139.4,137.1,137.91,6580170
2014-11-18,137.98,139.88,136.8,138.71,7901560
2014-11-19,138.6,139.3,135.56,136.21,5732640
2014-11-20,136.42,136.71,134.0,135.09,6640050
2014-11-21,138.4,141.1,137.6,140.6,24618510
2014-11-24,141.5,141.52,138.8,139.73,10982620
2014-11-25,140.19,140.2,134.98,135.66,11316990
2014-11-26,134.33,137.8,134.22,136.71,12708050
2014-11-27,136.4,139.0,135.21,138.65,11706160
2014-11-28,139.04,143.98,139.04,141.99,16628900
2014-12-01,142.06,143.9,142.0,142.93,13368260
2014-12-02,141.81,143.96,139.78,143.58,15632775
2014-12-03,143.6,150.0,143.6,148.26,25366384
2014-12-04,148.8,152.5,146.44,151.92,16231820
2014-12-05,151.65,153.35,149.28,150.12,10470870
2014-12-08,150.24,150.4,146.71,147.15,11133160
2014-12-09,146.38,147.76,142.62,143.36,13694005
2014-12-10,142.6,145.76,142.6,143.45,17204116
2014-12-11,143.0,144.26,140.41,140.96,16623555
2014-12-12,141.54,142.72,139.1,139.78,12044030
2014-12-15,138.38,143.7,138.05,141.71,13295620
2014-12-16,140.4,140.86,136.04,138.19,24593550
2014-12-17,136.8,140.0,134.0,137.28,22411880
2014-12-18,140.0,144.9,139.93,143.95,16173390
2014-12-19,146.01,147.3,144.22,145.69,16823360
2014-12-22,145.2,148.96,144.02,148.25,10991390
2014-12-23,149.69,149.9,146.2,147.09,11301155
2014-12-24,147.52,149.78,146.5,149.01,9685860
2014-12-26,149.23,149.66,147.34,148.2,6999975
2014-12-29,149.2,149.75,147.28,148.49,8101710
2014-12-30,148.8,153.89,147.27,153.52,20468880
2015-01-01,153.8,154.93,153.21,154.51,3675025
2015-01-02,154.6,159.16,154.2,158.44,10627395
2015-01-05,159.3,160.98,157.96,158.78,14164070
2015-01-06,157.71,157.76,153.67,154.33,12749005
2015-01-07,154.0,155.2,150.85,151.47,15567125
2015-01-08,154.0,154.9,152.2,153.83,11130605
2015-01-09,156.0,156.46,150.27,152.77,13265440
2015-01-12,153.2,156.2,151.7,155.57,9423490
2015-01-13,157.1,159.75,155.2,156.35,17997856
2015-01-14,157.59,158.6,155.04,157.34,30983716
2015-01-15,163.6,165.0,161.4,162.64,30096356
2015-01-16,162.7,163.74,160.0,160.53,24563604
2015-01-19,161.99,165.45,161.26,164.99,14671960
2015-01-20,165.4,172.59,165.4,171.67,20434336
2015-01-21,172.2,176.0,169.7,171.04,24417816
2015-01-22,171.8,172.58,168.28,170.4,11307420
2015-01-23,172.88,176.35,171.5,175.24,18715696
2015-01-27,176.0,177.0,172.44,176.57,17618110
2015-01-28,176.24,179.0,174.87,176.76,15155780
2015-01-29,175.81,177.58,174.4,174.85,18110676
2015-01-30,175.6,177.19,171.4,172.49,15269195
2015-02-02,171.79,171.79,163.81,166.44,40766688
2015-02-03,167.98,168.14,160.2,161.43,29277896
2015-02-04,162.2,164.38,158.32,160.47,18173280
2015-02-05,160.16,165.4,158.8,161.57,19136816
2015-02-06,162.0,163.98,159.62,162.16,15057070
2015-02-09,161.0,161.5,158.2,159.31,12726995
2015-02-10,157.94,165.96,146.8,163.56,21805224
2015-02-11,164.0,167.0,164.0,165.31,12201935
2015-02-12,164.84,168.24,163.05,167.82,14864220
2015-02-13,168.4,169.0,166.25,167.01,11192775
2015-02-16,167.9,167.91,162.42,163.13,12646900
2015-02-18,163.2,164.97,161.23,163.93,12668965
2015-02-19,164.7,165.44,160.52,162.67,12998200
2015-02-20,162.78,166.4,160.8,165.01,12511580
2015-02-23,168.2,168.36,161.35,162.2,16180655
2015-02-24,162.4,162.4,159.0,160.07,17155100
2015-02-25,160.6,162.13,158.6,158.97,15775115
2015-02-26,159.0,160.23,156.02,156.72,21484770
2015-02-27,157.98,164.9,157.22,164.16,19578860
2015-02-28,165.9,173.65,162.4,172.39,29852550
2015-03-02,175.0,177.7,173.01,176.5,29341120
2015-03-03,176.98,177.0,173.0,175.73,10322765
2015-03-04,181.21,181.79,169.96,171.33,20876230
2015-03-05,171.0,172.98,168.5,171.34,13710620
2015-03-09,169.0,169.76,164.25,164.83,13809950
2015-03-10,165.19,169.2,163.39,165.52,17286410
2015-03-11,165.6,166.66,163.28,164.58,13969840
2015-03-12,165.8,166.7,163.92,164.64,8946110
2015-03-13,166.25,166.58,159.5,160.67,13538380
2015-03-16,161.4,163.98,159.5,162.77,12452355
2015-03-17,164.3,167.76,163.3,166.64,12641860
2015-03-18,167.4,171.78,165.76,171.14,21565816
2015-03-19,172.6,174.12,165.07,166.8,19070450
2015-03-20,165.79,168.4,163.31,166.41,16854390
2015-03-23,167.28,167.8,164.72,165.84,8688850
2015-03-24,165.74,167.2,162.44,164.53,21492620
2015-03-25,164.6,165.4,160.8,161.3,14640920
2015-03-26,160.2,164.6,158.41,161.27,42225608
2015-03-27,162.56,164.4,156.64,163.2,28115590
2015-03-30,163.87,165.54,163.0,164.59,12687060
2015-03-31,165.54,166.78,162.16,163.15,14274760
2015-04-01,162.44,170.2,161.62,169.55,14082540
2015-04-06,170.01,171.56,168.2,169.18,11597585
2015-04-07,170.5,170.5,167.09,168.16,13655825
2015-04-08,168.76,168.76,163.8,164.12,19859170
2015-04-09,165.2,168.76,164.37,168.34,19811864
2015-04-10,169.29,170.08,167.61,168.52,11584115
2015-04-13,168.78,169.36,167.13,168.34,9860795
2015-04-15,168.86,172.8,167.2,169.13,17151840
2015-04-16,169.73,170.92,167.08,170.16,12454880
2015-04-17,170.07,170.07,161.24,161.88,20015130
2015-04-20,162.58,163.14,155.01,157.58,22838400
2015-04-21,156.53,160.6,154.36,156.75,17859616
2015-04-22,158.0,160.32,155.24,159.21,34472564
2015-04-23,161.0,171.0,160.98,170.26,66203964
2015-04-24,170.8,170.94,164.1,164.79,25613130
2015-04-27,165.56,166.04,160.77,162.22,15325245
2015-04-28,161.76,166.36,161.1,165.29,24754224
2015-04-29,164.8,168.98,164.0,166.91,16815610
2015-04-30,166.32,169.76,165.39,167.89,32475556
2015-05-04,169.4,171.84,168.0,170.78,10958590
2015-05-05,170.4,173.11,169.84,171.49,11601860
2015-05-06,170.0,170.8,163.4,164.21,15416255
2015-05-07,163.96,163.96,157.64,159.68,16180565
2015-05-08,161.3,165.9,160.69,165.22,17101356
2015-05-11,166.4,169.68,165.4,168.87,10048910
2015-05-12,168.7,168.7,163.8,164.53,11975115
2015-05-13,165.2,169.95,165.12,168.15,19426024
2015-05-14,167.88,169.0,165.28,167.76,15087310
2015-05-15,168.88,172.86,168.32,169.91,17026980
2015-05-18,170.74,173.76,170.41,172.91,11991900
2015-05-19,172.8,175.55,171.6,172.81,17563884
2015-05-20,173.34,175.8,173.2,174.96,11868010
2015-05-21,173.99,174.2,170.58,172.16,9573470
2015-05-22,172.76,174.5,172.24,173.37,9091245
2015-05-25,173.4,173.65,170.11,170.54,6228425
2015-05-26,171.24,172.9,169.05,172.15,8637040
2015-05-27,169.6,174.8,169.6,174.18,9011875
2015-05-28,174.34,175.18,171.22,171.81,15283635
2015-05-29,172.14,176.87,172.14,176.46,10859570
2015-06-01,176.98,179.5,175.62,175.91,12704125
2015-06-02,176.59,176.61,168.27,169.14,16620215
2015-06-03,168.6,168.74,165.0,165.88,21569610
2015-06-04,167.0,167.18,164.05,165.43,16055485
2015-06-05,165.4,168.2,163.63,164.68,13471950
2015-06-08,166.0,166.1,163.11,164.52,10556045
2015-06-09,164.58,167.1,163.64,164.64,11576335
2015-06-10,164.6,167.28,164.6,166.69,8792205
2015-06-11,168.0,168.69,160.4,160.92,15458335
2015-06-12,159.78,162.17,158.8,161.09,15189245
2015-06-15,162.38,163.0,159.61,160.71,9629465
2015-06-16,160.8,163.8,159.22,163.1,10452720
2015-06-17,164.0,164.74,162.32,163.42,10595150
2015-06-18,162.1,165.68,161.43,164.93,15115310
2015-06-19,165.2,166.95,164.4,165.98,9672370
2015-06-22,167.16,172.8,167.02,171.88,16062505
2015-06-23,172.18,173.96,171.16,173.28,12920395
2015-06-24,172.2,174.76,170.5,172.01,9633250
2015-06-25,171.48,173.0,169.6,171.73,9546750
2015-06-26,170.4,171.12,167.92,170.15,8739610
2015-06-29,166.6,168.0,164.8,167.51,13008910
2015-06-30,167.8,169.2,166.81,168.77,10901255
2015-07-01,168.78,174.3,168.33,173.41,10008360
2015-07-02,173.6,175.6,173.4,173.94,12745860
2015-07-03,173.96,174.91,172.44,174.27,5434175
2015-07-06,171.94,174.14,171.0,173.91,9839550
2015-07-07,174.0,175.58,171.25,172.4,8516965
2015-07-08,170.0,170.53,158.44,159.5,51260720
2015-07-09,161.8,164.0,159.0,159.96,30729464
2015-07-10,161.59,162.87,160.8,161.97,12458255
2015-07-13,163.0,164.02,157.6,162.9,23861560
2015-07-14,163.0,164.38,161.2,162.4,13142700
2015-07-15,162.34,163.0,160.2,160.86,13717715
2015-07-16,161.6,167.14,160.96,166.07,28100664
2015-07-17,164.2,167.2,162.4,164.91,21185956
2015-07-20,165.18,165.4,162.8,163.59,10734130
2015-07-21,164.0,164.51,161.01,161.53,7971710
2015-07-22,161.4,164.98,160.22,164.62,13214535
2015-07-23,164.4,166.4,163.01,164.07,9892340
2015-07-24,164.2,165.5,161.2,161.63,12759565
2015-07-27,161.6,161.87,156.45,157.06,16092860
2015-07-28,157.59,159.99,156.82,158.99,10796865
2015-07-29,160.38,164.2,159.2,163.22,32223396
2015-07-30,164.4,165.18,161.76,162.5,19520480
2015-07-31,163.58,168.16,162.82,165.79,21541176
2015-08-03,166.99,168.18,164.85,166.65,19091076
2015-08-04,166.3,168.7,165.01,168.33,18714140
2015-08-05,168.8,169.29,165.84,166.12,6614900
2015-08-06,166.6,167.28,165.0,165.52,7253480
2015-08-07,165.6,165.94,163.87,164.29,6664450
2015-08-10,164.8,166.86,162.42,163.35,11091580
2015-08-11,164.0,164.6,159.4,159.73,12570600
2015-08-12,158.96,159.0,153.34,154.0,15414625
2015-08-13,156.0,157.0,151.44,152.43,17850696
2015-08-14,153.2,159.76,153.0,159.36,18962484
2015-08-17,159.39,160.5,156.68,158.12,7442630
2015-08-18,158.99,160.0,156.35,157.2,9974165
2015-08-19,157.6,157.92,154.31,154.85,8477175
2015-08-20,154.8,155.16,140.66,144.01,34706848
2015-08-21,141.79,141.8,135.86,138.43,47775904
2015-08-24,132.6,132.6,119.0,125.94,49036520
2015-08-25,129.6,136.99,127.5,136.14,35878848
2015-08-26,136.14,139.0,132.56,136.33,28419916
2015-08-27,140.94,141.0,133.72,137.52,30871450
2015-08-28,139.97,140.36,131.76,135.34,29301756
2015-08-31,135.39,138.85,134.2,137.89,14909355
2015-09-01,135.98,135.98,130.56,133.28,20935610
2015-09-02,135.0,135.44,130.46,131.85,18930000
2015-09-03,133.2,135.28,132.16,134.34,15062695
2015-09-04,133.0,133.6,127.0,129.44,18705090
2015-09-07,129.8,131.25,128.22,130.14,13447880
2015-09-08,131.28,140.18,130.64,139.37,34189084
2015-09-09,143.55,144.78,142.0,143.31,30508644
2015-09-10,139.0,143.94,138.2,142.6,17735250
2015-09-11,143.94,145.27,140.87,142.19,15170375
2015-09-14,142.0,146.82,141.26,146.33,16565705
2015-09-15,146.54,148.25,145.07,145.8,16110920
2015-09-16,147.0,152.08,147.0,151.69,27152444
2015-09-18,154.6,155.8,152.72,154.33,26829096
2015-09-21,151.93,154.56,151.18,153.44,16264740
2015-09-22,154.4,154.76,144.6,146.65,19125910
2015-09-23,144.6,148.78,142.85,147.65,28532336
2015-09-24,147.54,148.7,143.72,144.18,18338544
2015-09-28,144.0,148.3,144.0,145.98,17370664
2015-09-29,144.02,149.8,140.55,147.72,38504096
2015-09-30,148.86,150.87,144.66,145.94,21025404
2015-10-01,147.8,147.88,143.0,145.72,18723596
2015-10-05,146.55,150.6,146.55,150.05,16198610
2015-10-06,150.48,151.32,147.38,148.62,13222105
2015-10-07,148.62,149.13,146.72,147.15,12428940
2015-10-08,146.6,147.1,144.09,145.47,13806750
2015-10-09,146.66,148.38,144.02,145.13,13380905
2015-10-12,145.86,147.3,144.12,144.75,11647585
2015-10-13,145.18,147.22,144.8,146.76,15112280
2015-10-14,146.6,148.52,146.0,147.74,9671405
2015-10-15,148.4,152.22,148.4,151.83,19755776
2015-10-16,152.0,154.94,150.45,154.64,16218250
2015-10-19,154.57,155.19,153.22,154.09,9387355
2015-10-20,154.18,155.74,152.27,154.02,13621220
2015-10-21,154.0,155.08,151.4,153.06,9432540
2015-10-23,154.52,156.0,152.8,154.23,12371450
2015-10-26,154.8,155.2,148.72,149.24,11315700
2015-10-27,149.2,151.26,148.4,150.26,13654945
2015-10-28,148.2,149.69,143.36,145.53,20105844
2015-10-29,145.98,149.52,141.55,148.72,59974036
2015-10-30,149.98,153.13,148.8,151.73,20048756
2015-11-02,151.04,154.7,150.48,154.4,13308240
2015-11-03,155.08,156.3,153.3,155.86,15156160
2015-11-04,156.8,158.0,156.04,156.75,12395670
2015-11-05,156.0,156.1,151.82,152.4,12105005
2015-11-06,152.44,154.74,150.0,151.69,12841760
2015-11-09,148.8,153.64,147.06,152.39,19696956
2015-11-10,151.03,153.3,147.42,147.93,11980700
2015-11-11,150.0,152.0,150.0,151.26,3522170
2015-11-13,150.7,151.5,146.7,147.62,19647750
2015-11-16,147.2,150.6,147.02,150.19,12772960
2015-11-17,151.28,151.48,147.4,149.13,15427460
2015-11-18,149.13,150.2,144.04,144.61,13495465
2015-11-19,145.7,146.98,144.82,146.68,16618620
2015-11-20,146.67,148.32,145.02,146.24,13068955
2015-11-23,146.8,148.95,146.42,148.13,11223220
2015-11-24,148.0,149.64,147.58,148.83,12498670
2015-11-26,149.39,150.8,149.04,149.96,14841055
2015-11-27,150.2,153.94,149.77,152.54,12464520
2015-11-30,152.4,154.2,152.4,153.64,11087220
2015-12-01,154.0,154.4,151.74,152.04,10485970
2015-12-02,152.44,152.74,149.6,150.13,9236230
2015-12-03,149.0,151.78,149.0,150.41,10662525
2015-12-04,149.0,150.24,147.71,148.0,8180645
2015-12-07,148.98,149.18,146.5,146.98,7792800
2015-12-08,146.2,147.0,144.72,145.15,7330215
2015-12-09,145.0,146.98,142.69,143.34,10317275
2015-12-10,143.98,144.36,140.46,141.42,16252330
2015-12-11,141.8,142.74,134.45,136.12,28722100
2015-12-14,135.82,137.8,133.6,136.65,17360284
2015-12-15,137.6,138.84,135.15,138.27,13407435
2015-12-16,139.4,142.12,138.85,139.71,18151740
2015-12-17,141.6,144.75,141.14,144.22,18659360
2015-12-18,143.58,145.49,142.72,143.74,16685490
2015-12-21,143.4,145.3,143.38,143.77,9460115
2015-12-22,143.99,145.56,142.4,142.79,8068060
2015-12-23,143.6,145.2,143.6,144.95,8680400
2015-12-24,145.23,145.88,144.02,144.87,6064000
2015-12-28,145.18,147.22,145.04,146.59,8447475
2015-12-29,146.89,147.19,145.6,146.29,7058305
2015-12-30,146.76,147.38,146.02,146.85,6045445
2015-12-31,146.82,147.3,144.68,145.16,6457360
2016-01-01,145.53,147.1,144.55,146.49,4988895
2016-01-04,145.98,145.98,140.22,141.15,12693585
2016-01-05,141.8,142.62,139.68,141.54,10345630
2016-01-06,142.39,143.38,140.3,140.77,8329590
2016-01-07,138.58,138.58,135.14,135.77,12052960
2016-01-08,137.0,139.8,136.67,138.74,12796475
2016-01-11,137.0,140.93,135.25,138.9,14801465
2016-01-12,139.51,139.89,133.68,134.59,15401165
2016-01-13,136.3,137.97,132.02,136.54,24823864
2016-01-14,134.59,135.73,132.4,134.84,17869410
2016-01-15,136.0,136.72,132.02,132.74,18152224
2016-01-18,132.2,134.01,130.34,131.2,18905816
2016-01-19,132.6,137.3,131.5,136.25,24393180
2016-01-20,134.78,135.16,126.31,129.25,26445660
2016-01-21,131.01,134.6,129.49,130.86,20534760
2016-01-22,133.4,137.94,132.35,136.8,16567570
2016-01-25,138.38,139.02,134.7,135.5,9817820
2016-01-27,136.02,136.96,133.0,135.61,10075060
2016-01-28,135.97,137.28,133.53,134.31,16022000
2016-01-29,132.6,149.9,130.23,149.36,87063496
2016-02-01,150.88,155.16,148.9,154.48,55294340
2016-02-02,154.48,157.0,152.08,152.86,32985284
2016-02-03,150.27,157.8,150.01,155.54,29323850
2016-02-04,156.94,157.59,150.85,151.87,29722164
2016-02-05,151.84,155.98,151.84,155.41,15978405
2016-02-08,155.04,157.9,153.0,153.67,16112350
2016-02-09,151.71,153.78,148.3,149.37,19050924
2016-02-10,148.42,149.35,145.52,147.07,21933696
2016-02-11,147.0,147.96,141.92,142.89,15571410
2016-02-12,144.0,146.59,138.44,145.69,22277664
2016-02-15,147.04,152.36,147.03,150.68,18884616
2016-02-16,151.69,151.86,146.2,146.77,16563985
2016-02-17,146.58,146.58,140.24,144.07,26398540
2016-02-18,145.6,147.18,141.28,142.85,16055755
2016-02-19,142.2,144.72,141.71,142.51,11826110
2016-02-22,143.2,144.1,141.84,142.55,8648975
2016-02-23,142.5,143.45,136.24,137.27,21500156
2016-02-24,136.77,140.75,134.41,138.13,20841410
2016-02-25,138.96,139.01,133.32,134.1,22305796
2016-02-26,136.46,138.4,133.78,137.31,20627084
2016-02-29,137.59,140.8,132.67,137.8,24929324
2016-03-01,139.36,144.36,138.19,143.88,20408716
2016-03-02,146.2,152.35,146.1,151.05,26665300
2016-03-03,151.8,152.0,148.22,151.53,20116496
2016-03-04,151.2,153.9,149.05,151.81,19092796
2016-03-08,153.8,153.91,150.32,151.91,21291636
2016-03-09,151.0,158.68,150.26,158.12,30298510
2016-03-10,158.8,160.19,156.9,158.28,18269590
2016-03-11,157.4,160.96,157.12,160.12,20752680
2016-03-14,161.0,162.0,159.4,160.4,12531405
2016-03-15,160.2,163.4,159.41,162.19,18064304
2016-03-16,161.4,163.1,159.1,160.88,16745200
2016-03-17,162.22,163.76,158.6,159.91,15460550
2016-03-18,160.2,163.5,159.15,162.85,13220715
2016-03-21,163.6,166.9,162.55,166.37,17150930
2016-03-22,166.2,167.55,164.53,166.44,13091505
2016-03-23,166.0,170.37,165.29,169.85,20967780
2016-03-28,168.63,171.98,167.1,168.45,17251110
2016-03-29,168.2,170.88,167.2,169.27,9845555
2016-03-30,170.7,174.0,169.71,173.26,13545105
2016-03-31,172.5,175.0,171.71,173.01,31232456
2016-04-01,172.6,173.1,170.48,171.12,14136725
2016-04-04,171.18,173.98,171.0,173.59,16196910
2016-04-05,172.0,173.02,165.3,165.84,22500684
2016-04-06,167.0,168.43,165.65,166.81,16484090
2016-04-07,167.79,168.8,166.2,167.1,9215225
2016-04-08,167.4,170.7,166.64,169.88,11833340
2016-04-11,170.6,172.49,169.57,171.93,9609845
2016-04-12,171.96,173.66,170.64,171.86,8861115
2016-04-13,173.42,175.0,173.15,174.03,8343925
2016-04-18,172.4,179.4,172.22,178.71,19491184
2016-04-20,178.94,178.94,175.4,176.38,15352350
2016-04-21,177.68,179.65,175.32,176.27,14804655
2016-04-22,176.0,177.58,174.53,175.15,9580800
2016-04-25,175.42,177.1,174.23,175.73,7570435
2016-04-26,176.0,182.96,175.12,182.14,16571225
2016-04-27,183.0,184.6,179.6,183.1,51044736
2016-04-28,183.27,190.34,183.2,189.11,66735716
2016-04-29,189.6,190.49,185.74,188.59,21534816
2016-05-02,189.58,191.52,188.3,188.99,19933956
2016-05-03,189.3,190.36,185.6,186.24,14613445
2016-05-04,186.2,186.78,182.88,183.52,24070804
2016-05-05,183.8,186.64,181.13,182.43,33803716
2016-05-06,181.8,183.98,181.18,182.04,11919815
2016-05-09,182.96,189.6,182.68,189.24,23103750
2016-05-10,189.8,190.58,187.62,189.95,16215080
2016-05-11,187.25,192.48,185.6,191.27,22916480
2016-05-12,191.2,193.48,190.02,191.01,13195830
2016-05-13,191.21,192.18,188.82,190.11,15825760
2016-05-16,190.59,197.42,189.04,196.06,26057460
2016-05-17,197.74,199.97,193.54,193.99,32223600
2016-05-18,193.28,195.53,192.57,194.25,14691410
2016-05-19,194.34,197.4,192.9,193.38,15444495
2016-05-20,194.98,196.3,192.9,195.54,13374215
2016-05-23,196.55,197.0,194.9,195.62,11301460
2016-05-24,195.01,197.11,194.23,195.4,10828000
2016-05-25,197.0,199.84,197.0,199.2,12132775
2016-05-26,200.0,205.2,199.42,204.21,16518240
2016-05-27,205.0,208.36,203.6,205.1,18491290
2016-05-30,204.88,206.97,204.26,205.39,14618760
2016-05-31,205.4,209.2,203.98,206.6,57458504
2016-06-01,206.3,206.78,201.11,203.58,12213510
2016-06-02,202.85,210.5,202.33,209.81,14912165
2016-06-03,211.0,211.96,208.42,209.88,15162245
2016-06-06,210.0,213.8,208.91,212.94,16298060
2016-06-07,214.5,217.07,212.42,213.24,32603456
2016-06-08,213.1,213.22,208.98,210.76,14662560
2016-06-09,210.76,211.94,207.33,208.01,13298390
2016-06-10,208.52,213.68,208.12,212.66,17476724
2016-06-13,211.59,214.35,210.48,213.03,13488360
2016-06-14,213.02,214.34,211.51,212.92,7728830
2016-06-15,213.71,214.69,211.42,214.18,9095765
2016-06-16,213.2,213.47,209.49,212.11,11322575
2016-06-17,213.0,215.0,212.0,214.17,10541745
2016-06-20,211.59,215.8,211.07,215.05,7533270
2016-06-21,215.61,216.0,213.27,214.28,7588760
2016-06-22,215.0,216.32,213.36,215.77,10105465
2016-06-23,215.26,223.0,215.26,222.16,19308820
2016-06-24,212.45,217.29,208.4,216.1,26805430
2016-06-27,214.09,217.98,213.99,215.15,14452850
2016-06-28,216.58,216.58,212.49,213.98,12291115
2016-06-29,215.0,216.76,214.0,214.54,11630900
2016-06-30,216.38,222.0,214.9,221.42,16237150
2016-07-01,222.53,226.8,221.31,225.94,12687335
2016-07-04,227.0,228.0,223.0,223.52,10167140
2016-07-05,223.78,226.4,222.6,225.28,7817760
2016-07-07,226.0,226.0,222.0,222.42,8108555
2016-07-08,222.25,224.8,221.32,224.05,5656625
2016-07-11,226.4,229.78,226.22,228.7,9376860
2016-07-12,228.4,231.19,227.62,230.73,8146520
2016-07-13,230.54,230.65,227.6,229.34,8914315
2016-07-14,229.6,234.78,229.08,234.29,9619720
2016-07-15,234.4,237.24,232.11,235.84,9389850
2016-07-18,235.02,236.89,234.06,234.9,5684970
2016-07-19,234.0,234.19,228.7,230.67,10242095
2016-07-20,231.1,233.75,229.62,232.56,7295870
2016-07-21,232.4,234.0,230.08,230.93,5165295
2016-07-22,231.0,233.27,229.86,231.34,9143215
2016-07-25,230.01,237.87,229.55,236.55,10202270
2016-07-26,236.6,242.22,235.43,240.03,12171520
2016-07-27,241.18,242.9,235.22,240.09,40172444
2016-07-28,241.39,245.57,240.53,244.7,17546356
2016-07-29,245.0,247.2,241.8,243.39,12436060
2016-08-01,244.8,247.0,240.71,244.28,8392665
2016-08-02,245.2,248.9,244.57,245.68,9455220
2016-08-03,246.6,248.98,243.53,247.11,14034865
2016-08-04,248.1,249.06,244.01,246.31,9219130
2016-08-05,247.96,252.6,246.9,251.69,10681115
2016-08-08,253.63,254.0,251.04,253.05,6486035
2016-08-09,253.03,253.17,250.2,251.97,8699890
2016-08-10,252.8,254.37,249.52,253.48,12298940
2016-08-11,253.0,253.0,247.22,250.5,17711960
2016-08-12,250.8,258.8,250.6,258.14,17444496
2016-08-16,259.79,262.99,257.98,258.99,14094365
2016-08-17,260.2,261.98,257.06,261.67,8196950
2016-08-18,262.04,264.95,261.6,264.13,9260895
2016-08-19,264.2,267.8,263.2,267.19,8321130
2016-08-22,267.0,269.85,266.54,268.66,10797710
2016-08-23,268.64,270.27,267.1,268.25,10622375
2016-08-24,268.25,268.57,266.01,267.57,9255800
2016-08-25,267.86,269.92,267.4,268.71,18358660
2016-08-26,269.32,269.4,263.81,265.3,11571115
2016-08-29,264.94,268.6,263.4,267.73,14935990
2016-08-30,268.6,274.95,268.04,271.04,16352895
2016-08-31,272.0,276.46,268.4,273.22,115844656
2016-09-01,273.94,275.33,272.03,272.97,10078310
2016-09-02,273.0,278.85,272.46,277.67,10368200
2016-09-06,277.99,289.8,277.99,288.16,15724805
2016-09-07,289.54,289.54,278.01,280.31,25600470
2016-09-08,277.43,278.0,264.25,265.65,35636540
2016-09-09,250.01,263.0,249.39,255.25,78742560
2016-09-12,249.8,249.8,239.4,241.02,43954344
2016-09-14,240.62,251.39,240.62,250.7,31911356
2016-09-15,248.0,248.0,241.24,244.36,24159660
2016-09-16,246.4,247.87,231.78,233.96,51458688
2016-09-19,233.2,238.75,231.16,235.47,36763552
2016-09-20,237.82,242.69,234.26,241.41,23871604
2016-09-21,241.82,245.56,241.82,244.05,18703316
2016-09-22,249.0,251.8,246.18,249.31,23157050
2016-09-23,249.0,249.78,245.61,246.63,10170100
2016-09-26,244.39,248.6,243.25,247.07,12014610
2016-09-27,249.4,250.36,247.64,249.38,14692145
2016-09-28,249.2,254.96,249.0,254.24,15717525
2016-09-29,255.2,260.99,245.0,246.16,43012316
2016-09-30,246.31,251.82,242.31,250.94,20948796
2016-10-03,255.0,256.6,252.65,254.05,10837885
2016-10-04,256.0,258.36,254.06,256.81,11167390
2016-10-05,258.8,259.5,254.2,255.83,8482040
2016-10-06,247.42,259.0,246.3,256.01,29599564
2016-10-07,255.2,256.96,253.23,254.76,8982320
2016-10-10,255.8,258.0,255.2,255.9,6132935
2016-10-13,253.6,256.78,247.06,251.14,12997300
2016-10-14,252.0,253.6,248.83,251.99,9909040
2016-10-17,252.88,253.4,248.45,250.11,6591605
2016-10-18,251.0,259.36,251.0,258.21,12869390
2016-10-19,259.59,261.71,255.45,258.31,14327055
2016-10-20,260.2,264.73,259.36,261.76,28955560
2016-10-21,262.81,264.0,259.4,263.48,13051360
2016-10-24,264.0,265.59,261.21,262.16,6980205
2016-10-25,262.0,262.4,259.7,261.69,6748985
2016-10-26,260.79,262.72,256.91,258.05,9314120
2016-10-27,260.0,260.19,248.42,250.72,24423540
2016-10-28,251.8,255.58,251.46,254.46,6607850
2016-10-30,255.74,255.79,252.02,253.27,971080
2016-11-01,254.69,254.69,249.42,249.89,8123990
2016-11-02,247.21,247.59,240.16,241.93,14708685
2016-11-03,242.2,253.0,238.0,241.76,9504210
2016-11-04,243.0,243.08,234.52,239.22,10946935
2016-11-07,242.0,246.38,240.8,241.47,8729235
2016-11-08,243.0,247.18,239.23,245.29,9374000
2016-11-09,228.0,245.9,224.61,243.83,22095676
2016-11-10,248.0,262.6,246.06,258.05,23416240
2016-11-11,254.0,257.2,241.93,242.98,23019024
2016-11-15,243.6,243.6,229.42,231.49,23185210
2016-11-16,235.4,239.8,226.71,236.4,18857496
2016-11-17,236.99,241.65,233.23,234.63,12123435
2016-11-18,235.64,237.11,232.02,236.15,14506735
2016-11-21,236.4,238.29,221.14,222.5,17277556
2016-11-22,225.74,228.2,219.03,226.33,18976840
2016-11-23,229.0,229.2,223.62,225.05,12537850
2016-11-24,224.02,226.0,221.84,223.97,10787270
2016-11-25,226.09,234.34,224.97,233.54,13887575
2016-11-28,227.0,235.2,226.8,229.92,15220840
2016-11-29,230.38,232.76,228.28,228.91,13297495
2016-11-30,229.6,236.16,229.23,234.77,16167775
2016-12-01,235.14,236.95,231.4,232.2,10222350
2016-12-02,230.8,232.72,228.52,230.03,12103050
2016-12-05,231.4,237.5,230.21,236.71,8199915
2016-12-06,237.54,241.29,235.48,238.63,11322055
2016-12-07,239.7,244.0,234.98,237.65,19343400
2016-12-08,238.72,243.78,238.65,243.11,8945565
2016-12-09,244.0,245.0,240.77,243.95,10060200
2016-12-12,242.4,243.6,237.41,238.53,7934645
2016-12-13,239.0,241.96,236.02,241.33,10786580
2016-12-14,242.0,242.14,238.71,239.22,8792235
2016-12-15,236.44,240.9,236.03,237.04,14376015
2016-12-16,237.89,239.4,234.51,236.42,14828850
2016-12-19,236.8,237.57,234.81,235.96,7153710
2016-12-20,236.1,236.71,228.75,229.42,10497495
2016-12-21,230.38,231.31,226.82,227.67,12158130
2016-12-22,227.34,227.34,223.0,225.23,8476115
2016-12-23,225.2,227.99,224.56,224.94,8115335
2016-12-26,223.98,224.2,218.11,220.3,10491065
2016-12-27,220.34,226.62,219.9,225.6,8043755
2016-12-28,225.78,227.8,222.1,222.61,9113155
2016-12-29,222.0,230.74,221.02,229.66,14143345
2016-12-30,229.54,232.25,229.0,231.29,8215860
2017-01-02,232.12,232.4,226.26,228.93,7840160
2017-01-03,229.0,234.54,228.09,232.58,8751180
2017-01-04,233.2,234.38,231.66,232.63,6142000
2017-01-05,234.02,243.88,233.68,242.04,18553124
2017-01-06,243.0,250.38,243.0,249.35,18725904
2017-01-09,250.96,253.55,249.46,251.24,12191130
2017-01-10,251.8,254.8,250.31,252.92,7624730
2017-01-11,254.8,264.53,254.61,263.57,20699224
2017-01-12,263.8,268.7,263.6,265.1,15027680
2017-01-13,265.74,266.79,261.4,263.61,8671860
2017-01-16,263.7,267.14,262.28,265.75,8523630
2017-01-17,267.26,267.26,263.0,264.76,6981840
2017-01-18,265.76,270.25,265.6,269.19,10352885
2017-01-19,268.99,271.3,266.47,269.5,25297636
2017-01-20,270.8,275.74,270.43,271.74,22001130
2017-01-23,272.19,277.8,271.71,276.59,15537505
2017-01-24,278.39,282.64,269.3,271.78,30640810
2017-01-25,274.4,282.0,273.44,281.36,23329876
2017-01-27,282.0,284.3,278.04,279.75,13920505
2017-01-30,279.99,280.09,276.78,277.8,7839290
2017-01-31,277.6,280.0,276.21,279.2,11578925
2017-02-01,280.6,283.28,276.44,282.62,17459400
2017-02-02,283.8,283.8,276.6,277.4,9416970
2017-02-03,277.53,280.46,277.05,279.56,8084475
2017-02-06,282.0,282.15,278.6,279.69,6608055
2017-02-07,279.2,281.0,277.48,279.36,7400480
2017-02-08,280.0,284.65,275.51,282.05,9060940
2017-02-09,283.0,283.92,279.02,281.64,8521155
2017-02-10,282.4,283.29,280.4,282.57,7798400
2017-02-13,283.2,291.46,282.0,290.57,18793784
2017-02-14,291.34,294.36,288.24,291.43,15388990
2017-02-15,291.54,292.08,283.77,286.19,11266445
2017-02-16,286.5,289.2,285.2,287.39,8392305
2017-02-17,289.0,291.74,287.05,288.18,8932190
2017-02-20,288.0,288.01,284.68,285.85,6579210
2017-02-21,286.8,290.76,286.21,289.95,6692070
2017-02-22,290.5,291.71,288.24,289.39,5801400
2017-02-23,290.0,291.0,288.28,289.35,6372095
2017-02-27,288.33,289.05,283.45,284.38,6439075
2017-02-28,285.4,291.9,284.6,290.54,8081825
2017-03-01,291.94,293.3,288.61,290.93,5863515
2017-03-02,292.0,292.04,283.83,284.94,7519330
2017-03-03,284.56,288.39,284.02,286.75,6324110
2017-03-06,289.01,292.96,287.44,292.3,6495315
2017-03-07,293.0,293.0,287.82,289.64,7445505
2017-03-08,290.0,296.32,289.6,294.89,13481850
2017-03-09,295.4,295.76,292.4,293.05,5479040
2017-03-10,294.0,296.89,293.02,296.27,8345885
2017-03-14,304.54,307.8,302.85,306.35,16745770
2017-03-15,305.3,307.2,303.94,305.81,8129185
2017-03-16,308.0,309.09,303.7,305.59,10198655
2017-03-17,308.0,308.0,300.7,301.58,17495736
2017-03-20,303.75,304.8,301.42,303.15,6081850
2017-03-21,304.4,304.43,293.73,296.95,12168835
2017-03-22,295.0,295.4,292.03,294.17,10002040
2017-03-23,294.8,304.3,292.4,303.72,20748350
2017-03-24,307.8,308.95,304.91,305.81,16829936
2017-03-27,305.81,308.4,304.0,305.59,7944450
2017-03-28,306.86,307.9,305.2,306.97,8336700
2017-03-29,307.3,311.0,305.41,308.99,7800535
2017-03-30,308.0,311.5,307.73,310.43,9487205
2017-03-31,310.8,311.0,306.8,309.35,8166155
2017-04-03,309.64,311.22,307.0,307.77,4339220
2017-04-05,311.0,314.0,307.26,313.5,9783590
2017-04-06,313.54,315.07,311.15,312.95,16374930
2017-04-07,311.22,315.18,309.92,311.31,7763240
2017-04-10,312.4,321.0,311.82,319.92,11888320
2017-04-11,320.6,324.7,319.08,322.95,13096210
2017-04-12,323.4,327.0,320.69,326.29,9419810
2017-04-13,325.2,327.59,322.62,323.28,5963665
2017-04-17,323.72,325.18,320.46,322.12,5512460
2017-04-18,322.8,325.59,319.59,321.18,5196760
2017-04-19,320.06,323.8,318.45,321.09,16480495
2017-04-20,304.12,314.99,304.12,309.03,39365808
2017-04-21,311.4,312.56,304.8,308.83,15381650
2017-04-24,309.8,314.63,308.64,310.86,9259060
2017-04-25,312.0,313.4,310.6,311.39,6576035
2017-04-26,312.0,317.38,311.55,316.41,9858260
2017-04-27,317.0,330.38,314.79,328.48,21107456
2017-04-28,327.91,328.93,324.36,326.05,6679805
2017-05-02,326.4,330.36,324.71,326.78,8228195
2017-05-03,327.54,328.29,323.12,326.59,4906685
2017-05-04,326.51,328.0,324.02,325.37,5059810
2017-05-05,325.2,326.2,320.87,321.75,4888600
2017-05-08,322.8,326.8,321.81,323.09,4212900
2017-05-09,323.21,323.32,318.43,320.5,4889665
2017-05-10,321.2,322.99,316.82,319.68,9752185
2017-05-11,321.6,321.6,315.0,315.46,8346570
2017-05-12,316.2,318.36,293.85,296.62,51398636
2017-05-15,299.38,301.2,290.71,294.41,30387720
2017-05-16,295.3,300.0,293.62,296.68,13899055
2017-05-17,296.79,296.79,290.21,290.93,17047740
2017-05-18,287.6,288.78,278.6,280.23,24997430
2017-05-19,282.55,291.0,281.05,286.02,29884736
2017-05-22,288.76,290.11,279.6,281.16,12638575
2017-05-23,282.2,283.6,275.25,280.63,14373025
2017-05-24,281.61,288.8,279.61,285.01,14895365
2017-05-25,286.8,294.0,286.12,292.85,19542616
2017-05-26,293.96,300.0,291.01,298.72,12482845
2017-05-29,298.72,298.74,286.63,287.66,10137385
2017-05-30,287.2,292.2,286.41,287.67,8310575
2017-05-31,288.4,289.68,281.85,286.27,11974010
2017-06-01,286.0,290.0,284.21,288.92,10535155
2017-06-02,291.34,297.5,289.06,296.35,13008640
2017-06-05,296.6,305.26,296.35,304.71,16429705
2017-06-06,305.0,306.49,299.76,301.23,8410250
2017-06-07,303.99,304.03,296.22,298.75,9245400
2017-06-08,299.8,300.34,293.47,295.24,9557160
2017-06-09,295.94,299.79,295.04,297.76,10083805
2017-06-12,296.2,300.86,294.09,296.72,8054565
2017-06-13,297.7,302.19,297.5,298.77,7061315
2017-06-14,299.21,299.95,289.0,289.8,17689740
2017-06-15,289.8,290.0,286.2,289.23,13899395
2017-06-16,289.8,291.67,287.4,288.7,14628365
2017-06-19,290.8,291.15,285.12,286.19,14848970
2017-06-20,286.6,291.08,285.23,289.41,9913855
2017-06-21,287.6,289.03,285.32,286.54,9528905
2017-06-22,287.78,294.0,287.47,290.4,15429910
2017-06-23,290.74,291.66,286.24,287.08,6802620
2017-06-27,291.0,291.08,281.01,283.1,10131580
2017-06-28,282.88,291.81,280.3,289.94,13617320
2017-06-29,291.98,294.0,286.77,287.7,13099315
2017-06-30,287.6,293.37,285.0,292.7,10461845
2017-07-03,293.96,299.2,290.4,298.55,10883920
2017-07-04,301.56,302.4,296.0,297.01,10966170
2017-07-05,297.82,301.94,297.4,301.19,9132875
2017-07-06,300.2,303.8,299.0,300.81,7192995
2017-07-07,300.53,303.04,299.52,301.15,6158365
2017-07-10,302.4,304.4,300.18,302.58,1578255
2017-07-11,303.05,306.6,301.6,302.96,9910100
2017-07-12,303.2,304.54,301.0,303.09,8068060
2017-07-13,303.6,317.6,303.6,316.4,20791404
2017-07-14,318.37,318.97,310.84,312.92,10366505
2017-07-17,313.94,314.98,308.68,309.49,5489385
2017-07-18,309.94,315.49,309.02,311.56,7161790
2017-07-19,312.2,315.3,310.22,314.03,10549830
2017-07-20,314.4,315.8,312.24,314.32,8239275
2017-07-21,314.4,316.29,313.0,315.53,5325410
2017-07-24,315.6,323.8,315.39,318.65,12576130
2017-07-25,319.34,324.74,317.22,323.57,12826760
2017-07-26,324.94,344.8,321.05,342.39,42745712
2017-07-27,349.45,359.6,348.4,357.17,59043404
2017-07-28,353.0,372.2,353.0,368.37,42766660
2017-07-31,370.0,371.6,360.63,361.9,21767736
2017-08-01,363.74,367.6,361.83,365.45,14552820
2017-08-02,366.0,368.59,362.61,365.8,10065875
2017-08-03,364.4,365.78,354.46,357.09,14988025
2017-08-04,354.0,363.05,352.71,361.59,14304925
2017-08-07,362.0,363.4,358.75,359.97,6655985
2017-08-08,359.8,360.4,350.8,352.71,11647730
2017-08-09,351.2,354.89,347.2,348.31,9912435
2017-08-10,348.31,348.84,342.02,346.02,10660635
2017-08-11,341.4,351.46,340.43,347.88,15510645
2017-08-14,350.4,357.2,350.04,355.7,9926005
2017-08-16,356.81,357.8,346.4,352.37,18723056
2017-08-17,355.8,355.8,345.86,347.62,9567955
2017-08-18,346.98,347.46,341.66,344.15,8394525
2017-08-21,344.2,350.6,342.02,343.34,7164610
2017-08-22,346.4,346.4,337.2,342.58,13768740
2017-08-23,343.74,345.6,339.52,344.65,11216740
2017-08-24,345.56,347.79,342.88,343.89,8865265
2017-08-28,344.6,351.56,342.32,350.67,9749985
2017-08-29,350.4,350.67,343.21,344.31,8813485
2017-08-30,346.31,353.0,346.21,350.42,9864255
2017-08-31,350.0,354.88,349.01,350.61,12833805
2017-09-01,350.67,356.0,350.67,355.29,7997070
2017-09-04,354.1,355.93,347.41,352.82,8600510
2017-09-05,353.4,357.56,353.0,355.65,8064790
2017-09-06,354.0,360.96,352.46,358.79,9434255
2017-09-07,360.36,363.8,358.48,360.0,8895275
2017-09-08,361.4,361.54,356.05,357.8,5402980
2017-09-11,359.25,373.15,358.85,368.41,16706180
2017-09-12,370.98,371.77,364.4,370.15,10676065
2017-09-13,370.4,372.4,366.52,367.8,6871880
2017-09-14,369.08,373.2,368.04,370.31,6350920
2017-09-15,365.68,371.8,365.46,369.01,8160390
2017-09-18,370.42,374.4,370.2,371.83,7120825
2017-09-19,372.28,374.4,369.43,373.3,5622390
2017-09-20,373.0,377.2,372.2,376.02,6049650
2017-09-21,375.3,382.9,373.35,377.05,7307710
2017-09-22,376.8,376.8,359.45,360.65,12176561
2017-09-25,361.0,363.7,349.0,359.6,9426506
2017-09-26,361.0,363.0,355.7,360.75,6184763
2017-09-27,364.9,364.9,350.75,353.2,8301438
2017-09-28,353.5,355.45,347.3,350.8,11672921
2017-09-29,353.7,353.9,345.1,350.0,10421179
2017-10-03,354.9,354.9,347.5,351.05,8078173
2017-10-04,352.7,357.5,351.05,355.8,7252399
2017-10-05,357.3,367.5,357.0,359.45,10552658
2017-10-06,360.6,366.8,360.6,365.8,4977073
2017-10-09,367.9,372.65,363.15,370.9,5402776
2017-10-10,372.0,374.0,371.0,372.9,5475930
2017-10-11,374.2,375.0,362.0,363.0,7532154
2017-10-12,363.1,367.65,359.0,365.4,7573094
2017-10-13,366.0,373.05,365.95,369.7,5848807
2017-10-16,374.0,374.2,365.75,367.7,5086334
2017-10-17,369.0,375.9,368.0,373.55,6984827
2017-10-18,366.0,368.0,359.0,362.4,12849346
2017-10-19,364.4,365.3,355.0,357.8,1935015
2017-10-23,358.0,364.55,351.0,353.9,9451524
2017-10-24,355.7,363.4,344.6,347.6,12420114
2017-10-25,356.0,356.0,312.85,326.9,33427154
2017-10-26,331.9,338.65,318.0,331.2,26581626
2017-10-27,307.0,313.5,298.55,307.05,80906672
2017-10-30,311.5,317.45,308.1,314.85,23574790
2017-10-31,317.5,319.25,311.3,314.25,11811133
2017-11-01,317.0,320.5,316.45,318.8,9265421
2017-11-02,321.0,323.9,318.2,320.45,9244908
2017-11-03,322.45,328.0,321.7,325.95,12865964
2017-11-06,327.0,329.0,317.8,319.65,9427134
2017-11-07,323.0,323.0,305.5,311.7,30444032
2017-11-08,313.2,313.65,301.85,303.8,25323556
2017-11-09,305.95,308.8,302.0,304.65,15467103
2017-11-10,305.0,309.9,302.0,304.05,11561127
2017-11-13,306.75,307.95,303.05,303.75,6538482
2017-11-14,305.0,306.35,302.0,302.55,9724235
2017-11-15,302.8,305.8,295.6,300.95,13048729
2017-11-16,302.9,303.95,297.5,301.3,9008654
2017-11-17,308.0,314.4,305.1,306.1,18464900
2017-11-20,309.45,314.0,308.2,313.35,9652806
2017-11-21,316.0,318.0,310.7,312.3,9635431
2017-11-22,315.6,315.8,307.0,309.75,6979712
2017-11-23,310.0,316.35,307.15,313.25,7091441
2017-11-24,315.0,315.95,312.05,313.05,7331839
2017-11-27,312.0,316.0,309.5,315.3,5301460
2017-11-28,314.5,316.9,313.65,315.0,5342555
2017-11-29,315.0,316.0,310.95,312.9,5457734
2017-11-30,311.0,311.95,305.0,306.9,9124083
2017-12-01,307.8,309.9,305.1,306.85,6121307
2017-12-04,307.8,308.2,301.65,303.2,6436175
2017-12-05,302.15,310.0,300.6,308.7,7558058
2017-12-06,306.8,309.9,304.6,306.45,6114939
2017-12-07,306.55,311.95,306.55,310.5,5794382
2017-12-08,312.0,315.5,311.0,312.7,8434605
2017-12-11,313.5,315.8,310.6,311.6,4416465
2017-12-12,312.0,312.0,305.9,306.8,5457103
2017-12-13,306.35,307.35,301.05,301.9,6911856
2017-12-14,303.9,304.65,301.75,303.9,4904177
2017-12-15,307.0,317.45,307.0,315.9,20571224
2017-12-18,315.9,318.0,305.3,311.15,13690080
2017-12-19,314.0,314.4,309.55,312.25,6290291
2017-12-20,312.4,313.4,310.0,311.7,6605913
2017-12-21,311.2,313.95,309.4,310.45,7130623
2017-12-22,310.5,313.5,308.7,310.15,7895699
2017-12-26,310.5,317.9,310.2,315.5,9269961
2017-12-27,316.65,318.95,313.35,315.15,8912485
2017-12-28,314.0,316.0,311.8,313.5,7927990
2017-12-29,313.5,315.8,312.8,315.15,4718184
2018-01-01,315.5,317.75,311.3,312.6,4019878
2018-01-02,313.4,314.0,307.15,311.65,5224976
2018-01-03,312.0,316.5,311.15,315.85,5672263
2018-01-04,316.0,318.4,313.0,317.1,5667580
2018-01-05,317.5,337.9,317.45,332.85,30720676
2018-01-08,336.0,341.3,331.3,333.6,12747890
2018-01-09,334.9,342.8,327.55,341.35,13282560
2018-01-10,341.5,342.35,335.45,339.8,10385044
2018-01-11,339.0,344.25,335.3,343.15,8266266
2018-01-12,344.1,344.7,337.55,340.9,5688676
2018-01-15,341.9,343.7,335.1,336.0,7142164
2018-01-16,336.0,338.75,328.0,334.85,7296505
2018-01-17,335.1,343.5,331.4,342.4,7985222
2018-01-18,350.0,356.9,332.35,341.2,35465088
2018-01-19,347.5,352.25,339.1,349.35,21425788
2018-01-22,349.95,358.25,348.75,355.35,13456538
2018-01-23,359.85,360.4,352.3,359.55,10196645
2018-01-24,357.0,366.3,356.0,364.8,11258771
2018-01-25,364.5,364.5,355.65,361.6,8963188
2018-01-29,361.2,363.7,355.55,358.0,7931235
2018-01-30,358.0,360.8,351.85,353.35,7890491
2018-01-31,353.0,356.55,350.45,354.4,8527044
2018-02-01,355.0,367.25,352.65,359.9,15217926
2018-02-02,354.2,356.0,341.8,349.05,16298953
2018-02-05,340.0,349.0,333.6,343.6,13407059
2018-02-06,325.0,342.9,324.0,338.75,12557261
2018-02-07,344.0,344.0,330.6,332.9,11681640
2018-02-08,332.9,340.35,331.5,335.0,7785799
2018-02-09,330.0,331.45,324.0,325.55,9395513
2018-02-12,326.6,337.2,326.6,335.4,12049356
2018-02-14,336.0,337.85,318.95,320.35,13548524
2018-02-15,321.2,328.8,317.7,319.8,15482667
2018-02-16,324.0,325.0,309.65,311.8,18611798
2018-02-19,313.85,315.0,307.55,312.05,9311433
2018-02-20,314.35,316.1,307.5,308.7,11389041
2018-02-21,311.0,313.9,304.5,312.35,13342678
2018-02-22,311.9,316.9,308.15,316.1,14787238
2018-02-23,316.45,326.0,316.45,323.45,11399732
2018-02-26,326.5,328.2,319.35,326.15,9225197
2018-02-27,325.3,334.25,325.0,327.15,15104405
2018-02-28,323.0,325.2,318.05,322.3,10985771
2018-03-01,322.1,326.0,318.35,321.05,7333939
2018-03-05,318.5,319.0,311.15,312.95,7973146
2018-03-06,317.0,320.5,309.85,312.15,8299126
2018-03-07,312.0,314.9,308.0,311.95,8420190
2018-03-08,312.3,313.25,294.7,308.55,24027680
2018-03-09,310.0,310.95,301.3,303.25,11596136
2018-03-12,305.2,314.5,301.35,311.15,12860205
2018-03-13,310.0,315.4,309.8,312.8,11436348
2018-03-14,311.8,321.9,308.2,318.85,12905495
2018-03-15,318.95,321.0,310.85,311.85,9999620
2018-03-16,312.4,316.85,310.0,312.9,17094364
2018-03-19,316.0,316.5,302.5,304.8,11267355
2018-03-20,303.0,305.8,299.7,302.4,9874137
2018-03-21,305.0,309.05,300.05,300.75,13383435
2018-03-22,301.8,303.7,295.75,298.25,19356592
2018-03-23,293.0,293.05,285.0,286.65,21617996
2018-03-26,286.5,304.9,286.0,303.35,24240032
2018-03-27,307.0,309.25,300.7,303.5,15267419
2018-03-28,300.15,307.5,299.1,304.85,14952643
2018-04-02,307.0,308.5,303.6,306.25,8844027
2018-04-03,306.45,314.2,304.0,313.1,10392997
2018-04-04,313.0,320.0,304.0,305.45,13516525
2018-04-05,311.8,315.6,307.8,313.05,11449637
2018-04-06,314.7,316.0,311.6,314.5,8598435
2018-04-09,316.0,319.9,314.4,316.25,14002415
2018-04-10,320.1,320.5,315.0,319.25,9976629
2018-04-11,320.0,320.0,310.5,312.0,9921987
2018-04-12,312.2,313.35,308.0,311.75,11359462
2018-04-13,312.6,314.45,305.7,309.55,12849690
2018-04-16,307.0,311.1,306.45,310.35,10808237
2018-04-17,311.9,313.35,307.25,307.9,12509310
2018-04-18,311.0,313.7,308.75,309.55,11323144
2018-04-19,311.0,319.5,309.0,318.5,13498117
2018-04-20,317.7,317.7,306.05,308.55,21800868
2018-04-23,310.9,317.0,309.0,313.05,10927239
2018-04-24,314.0,328.8,314.0,324.0,24392058
2018-04-25,323.75,328.5,317.45,325.25,15370686
2018-04-26,327.95,360.25,323.6,352.4,62364792
2018-04-27,365.0,369.0,345.1,348.9,52230752
2018-04-30,350.9,367.2,350.3,362.0,28400084
2018-05-02,361.95,364.7,351.7,354.25,13058846
2018-05-03,354.0,359.25,346.5,353.95,15431044
2018-05-04,354.5,357.75,344.2,345.1,12241946
2018-05-07,347.8,350.0,342.65,347.9,6781161
2018-05-08,350.0,353.95,340.5,343.3,11670852
2018-05-09,344.45,349.75,343.2,347.85,9802803
2018-05-10,350.95,350.95,342.65,344.65,7330619
2018-05-11,346.5,351.8,341.8,350.25,7642090
2018-05-14,350.8,353.8,343.1,344.8,7468232
2018-05-15,346.0,354.6,343.6,345.75,12805393
2018-05-16,344.0,356.45,342.0,349.75,12708109
2018-05-17,351.5,352.0,344.0,345.3,6702419
2018-05-18,346.5,348.8,343.1,345.5,8938377
2018-05-21,346.0,349.2,333.05,334.15,8748958
2018-05-22,334.1,340.75,331.0,334.7,10869535
2018-05-23,335.0,338.75,331.5,333.7,7738850
2018-05-24,336.7,337.0,325.6,330.0,8077461
2018-05-25,333.0,341.9,332.0,339.4,6957024
2018-05-28,341.5,348.25,340.75,345.2,8982939
2018-05-29,344.4,345.9,335.1,338.05,7870400
2018-05-30,335.75,344.0,332.65,343.15,10036644
2018-05-31,345.4,349.4,338.0,346.2,17910412
2018-06-01,347.0,348.7,340.25,342.7,9470256
2018-06-04,343.9,350.9,342.0,342.95,14501600
2018-06-05,342.5,342.75,333.65,336.75,8492155
2018-06-06,337.95,340.55,332.55,339.15,8211104
2018-06-07,341.2,345.5,338.0,339.55,9630695
2018-06-08,337.5,340.25,335.05,337.65,5851442
2018-06-11,338.6,344.85,334.7,335.7,11980621
2018-06-12,335.7,337.95,331.2,332.2,9851496
2018-06-13,336.9,336.9,331.5,333.2,7530350
2018-06-14,333.0,338.35,330.55,337.2,6819965
2018-06-15,333.0,336.2,328.65,330.65,8518379
2018-06-18,330.8,333.85,327.7,331.65,6785348
2018-06-19,330.95,334.5,328.5,330.9,8566372
2018-06-20,331.9,337.0,331.4,336.1,7720519
2018-06-21,336.8,337.6,331.2,332.95,5133865
2018-06-22,333.6,335.7,329.5,335.1,6006046
2018-06-25,334.75,338.95,332.9,334.15,5792052
2018-06-26,333.1,337.75,332.05,335.95,4706265
2018-06-27,336.0,337.75,331.05,335.6,6930662
2018-06-28,336.4,336.4,327.3,329.3,8130250
2018-06-29,330.7,341.75,329.65,339.65,8963268
2018-07-02,338.05,341.7,332.35,337.05,8091469
2018-07-03,337.7,340.5,335.3,336.9,4998778
2018-07-04,337.0,337.5,332.5,335.55,4507001
2018-07-05,338.75,350.8,338.6,348.65,21239764
2018-07-06,348.3,357.7,347.0,352.6,17790500
2018-07-09,356.1,366.9,355.0,363.3,16834620
2018-07-10,363.9,373.1,360.0,371.4,20404168
2018-07-11,370.95,373.35,367.45,371.6,9423127
2018-07-12,372.5,385.0,372.5,374.8,17868600
2018-07-13,376.9,380.3,367.3,376.0,15448753
2018-07-16,376.0,380.8,369.6,378.5,9093938
2018-07-17,377.9,385.9,375.6,380.8,12586691
2018-07-18,381.9,388.0,378.0,383.65,10472260
2018-07-19,380.95,394.35,379.4,392.3,17050256
2018-07-20,391.1,392.5,385.3,386.5,10076070
2018-07-23,387.9,392.35,382.75,386.6,9511403
2018-07-24,389.2,390.0,382.7,384.35,9785989
2018-07-25,386.0,392.7,381.5,382.9,12467278
2018-07-26,385.0,386.3,358.55,369.75,35251244
2018-07-27,374.9,374.9,362.4,370.0,17100820
2018-07-30,372.0,373.0,365.25,369.3,11469162
2018-07-31,370.0,374.7,366.4,367.95,9734450
2018-08-01,369.9,371.55,362.0,365.85,7742871
2018-08-02,364.95,365.65,356.65,361.8,8365895
2018-08-03,364.0,374.0,364.0,373.2,10625834
2018-08-06,374.0,380.7,373.45,377.9,12018227
2018-08-07,380.0,386.4,376.5,381.65,13526041
2018-08-08,382.6,385.75,379.55,382.75,6767532
2018-08-09,383.5,384.7,377.65,381.05,5854134
2018-08-10,382.0,391.0,381.0,382.85,13916077
2018-08-13,379.0,383.0,368.3,370.7,9205915
2018-08-14,369.0,384.3,368.15,382.5,12351125
2018-08-16,381.2,384.85,374.2,378.45,11567658
2018-08-17,382.4,395.65,380.3,393.2,16094026
2018-08-20,396.8,404.0,392.55,394.0,15247130
2018-08-21,396.0,397.45,389.5,391.35,9991245
2018-08-23,395.25,395.5,383.35,388.6,9262319
2018-08-24,387.0,388.7,372.85,374.2,16301075
2018-08-27,378.0,384.65,377.0,383.0,9563369
2018-08-28,386.0,386.0,362.8,370.6,26309238
2018-08-29,373.65,378.55,362.0,365.15,30544752
2018-08-30,369.0,369.0,358.0,361.75,28157288
2018-08-31,343.0,350.0,336.25,343.5,84019024
2018-09-03,347.95,348.0,337.2,339.05,26137760
2018-09-04,340.75,343.4,332.55,334.05,22057644
2018-09-05,332.9,344.9,332.25,343.8,24809578
2018-09-06,346.55,347.8,337.9,339.2,17527530
2018-09-07,341.0,341.05,321.8,323.4,48830424
2018-09-10,323.65,328.9,316.0,323.65,43295624
2018-09-11,326.0,327.85,314.6,316.6,28553718
2018-09-12,318.0,319.95,310.6,314.3,26121444
2018-09-14,318.5,328.5,316.7,323.1,36624892
2018-09-17,317.5,321.85,315.95,318.6,18554056
2018-09-18,319.35,328.95,319.1,323.55,30243504
2018-09-19,326.0,328.75,318.05,319.2,16185496
2018-09-21,287.3,287.3,218.1,226.5,293552768
2018-09-24,236.5,237.5,215.85,226.4,105701376
2018-09-25,230.0,238.85,197.25,219.7,110217424
2018-09-26,223.0,229.8,217.0,223.75,62814784
2018-09-27,226.0,227.0,202.05,203.25,91197200
2018-09-28,203.6,204.0,165.0,183.65,148654880
2018-10-01,180.0,203.8,170.6,200.85,130992624
2018-10-03,205.0,222.95,202.25,212.75,97945696
2018-10-04,209.4,220.0,205.05,215.0,65604016
2018-10-05,215.0,218.5,203.1,206.0,40546788
2018-10-08,210.0,226.6,207.4,221.2,62349640
2018-10-09,225.5,233.8,222.6,224.65,49480208
2018-10-10,229.0,237.0,219.4,233.9,52351176
2018-10-11,222.0,268.95,216.65,240.2,94679664
2018-10-12,247.0,254.4,244.5,246.45,43535320
2018-10-15,248.95,250.6,241.55,246.0,24694396
2018-10-16,247.0,251.4,245.6,248.9,18099074
2018-10-17,252.5,254.85,228.5,231.9,37767848
2018-10-19,225.0,230.55,213.0,217.9,50336400
2018-10-22,221.0,222.35,208.5,211.5,33633640
2018-10-23,209.0,216.7,206.5,213.2,28293780
2018-10-24,217.5,220.0,202.0,204.0,38009320
2018-10-25,202.6,207.5,195.0,198.35,59170164
2018-10-26,178.55,191.65,168.6,180.7,95760080
2018-10-29,185.0,185.9,174.75,181.3,52331612
2018-10-30,182.0,189.9,180.65,182.05,43428184
2018-10-31,185.0,189.5,179.65,188.1,53264488
2018-11-01,192.0,205.75,189.05,204.05,69202992
2018-11-02,212.75,215.9,207.65,209.1,51686588
2018-11-05,209.0,212.35,206.1,210.1,21134350
2018-11-06,212.25,217.9,211.0,214.45,26924066
2018-11-07,217.45,218.0,215.5,215.95,3962712
2018-11-09,214.0,229.4,213.2,227.9,40754088
2018-11-12,230.0,230.85,221.1,223.05,29069172
2018-11-13,222.0,226.85,220.0,225.45,19014120
2018-11-14,226.9,229.0,221.0,222.4,19780790
2018-11-15,215.0,217.95,202.25,205.85,60944632
2018-11-16,201.75,201.75,187.8,191.0,88101872
2018-11-19,198.1,205.95,194.35,204.8,64329716
2018-11-20,198.0,199.75,191.0,192.1,77354752
2018-11-21,196.1,200.8,194.6,198.15,47627192
2018-11-22,200.0,203.85,194.65,195.55,44350628
2018-11-26,189.0,191.95,182.2,187.9,60418384
2018-11-27,193.0,193.8,180.35,182.65,70065936
2018-11-28,180.4,181.0,160.3,162.1,140720496
2018-11-29,157.05,167.0,146.75,160.45,292043456
2018-11-30,164.0,171.35,160.45,169.8,120153168
2018-12-03,174.0,179.5,165.3,178.0,104720592
2018-12-04,180.35,182.45,175.25,176.5,68038864
2018-12-05,173.5,178.45,172.2,173.4,52289540
2018-12-06,169.0,172.5,167.35,168.45,38867660
2018-12-07,170.0,172.0,162.0,166.2,49750932
2018-12-10,162.0,169.5,160.0,165.65,50379612
2018-12-11,164.5,179.85,163.8,177.85,85103088
2018-12-12,182.0,187.5,181.55,186.6,71832336
2018-12-13,193.0,193.2,172.3,174.7,108920032
2018-12-14,172.7,181.6,168.25,180.35,79566064
2018-12-17,183.25,184.45,179.45,181.0,35269768
2018-12-18,180.0,180.9,176.75,179.0,35729864
2018-12-19,180.5,183.15,178.6,179.55,40247600
2018-12-20,179.0,187.6,178.0,186.75,61970824
2018-12-21,188.0,188.45,180.85,182.95,40864240
2018-12-24,184.0,185.5,181.25,182.3,32861722
2018-12-26,182.5,182.65,174.25,179.45,47421248
2018-12-27,183.0,183.45,177.05,178.1,44303876
2018-12-28,180.0,183.3,180.0,181.45,27142500
2019-01-01,182.6,185.9,181.0,184.25,24160878
2019-01-02,183.45,187.0,182.5,184.65,32583204
2019-01-03,185.25,186.0,183.5,184.1,20239948
2019-01-04,184.85,190.3,181.55,189.65,45914916
2019-01-07,193.9,194.4,185.8,187.15,40515240
2019-01-08,188.0,193.2,185.0,192.35,40559176
2019-01-09,193.95,193.95,181.5,186.45,63673200
2019-01-10,188.0,188.9,184.2,186.9,36296992
2019-01-11,188.7,189.9,182.75,184.25,33594784
2019-01-14,185.0,198.0,182.3,195.35,98089776
2019-01-15,196.6,205.0,196.1,203.0,82308056
2019-01-16,204.8,209.15,203.5,208.35,58015712
2019-01-17,209.25,209.55,200.25,201.5,60534704
2019-01-18,202.0,203.05,196.2,198.6,41858020
2019-01-21,199.3,200.5,190.7,191.95,37304992
2019-01-22,191.5,193.8,187.4,192.2,38382360
2019-01-23,194.5,199.5,193.65,197.25,46394304
2019-01-24,199.0,235.0,189.0,215.4,127603904
2019-01-25,225.0,245.0,218.0,219.6,183425648
2019-01-28,222.45,223.0,206.1,207.5,58015752
2019-01-29,207.0,209.45,195.7,202.9,76651016
2019-01-30,211.0,212.0,198.3,199.5,65312136
2019-01-31,202.0,202.45,190.15,194.1,67794992
2019-02-01,195.9,197.2,181.25,185.6,66597684
2019-02-04,184.25,184.7,175.6,179.8,60771732
2019-02-05,179.8,183.5,175.0,176.1,44477884
2019-02-06,178.9,178.95,173.0,176.45,45391448
2019-02-07,177.1,181.8,175.25,176.95,44494972
2019-02-08,177.0,178.5,173.25,175.1,32561740
2019-02-11,175.1,176.0,170.1,173.25,29509228
2019-02-12,173.0,176.25,172.1,172.65,22298518
2019-02-13,173.95,174.7,168.1,169.45,26229114
2019-02-14,186.35,224.0,186.35,221.25,264725008
2019-02-15,226.9,226.9,211.3,219.0,141193120
2019-02-18,201.0,216.7,201.0,213.55,89969424
2019-02-19,215.1,218.1,211.55,212.85,33990276
2019-02-20,216.9,219.8,213.35,217.85,48429456
2019-02-21,218.85,218.85,214.0,215.15,27975632
2019-02-22,214.5,223.7,213.1,222.0,51329944
2019-02-25,223.85,230.6,221.2,229.1,47825224
2019-02-26,223.2,234.45,220.1,229.5,84298896
2019-02-27,233.0,236.8,223.65,228.2,74650024
2019-02-28,230.0,232.75,226.8,231.15,45753500
2019-03-01,234.9,238.5,234.1,237.6,42006408
2019-03-05,236.0,240.75,234.5,237.45,30848700
2019-03-06,238.1,240.65,232.95,235.3,24658588
2019-03-07,235.5,236.0,228.65,231.7,27229610
2019-03-08,231.7,234.9,229.5,232.3,23233664
2019-03-11,233.0,238.0,231.6,236.3,21189816
2019-03-12,238.0,239.2,235.0,235.85,22100816
2019-03-13,236.0,247.6,232.7,244.3,58883296
2019-03-14,248.0,254.0,246.15,249.85,59684200
2019-03-15,251.7,252.8,243.5,245.05,38715468
2019-03-18,247.0,248.55,241.8,245.95,24825632
2019-03-19,246.65,250.5,245.0,248.8,21448040
2019-03-20,248.75,253.0,246.4,252.15,26817388
2019-03-22,253.0,257.5,250.35,252.6,34018752
2019-03-25,250.0,250.4,246.1,247.25,23540100
2019-03-26,247.5,254.8,247.45,253.7,20571726
2019-03-27,258.4,269.85,256.1,268.45,84155312
2019-03-28,270.65,277.7,268.3,276.1,48078072
2019-03-29,277.9,281.5,273.55,275.1,35855964
2019-04-01,276.0,280.0,273.8,275.9,27807546
2019-04-02,278.2,282.05,274.8,280.3,24708930
2019-04-03,283.5,286.0,272.2,273.7,31808834
2019-04-04,274.0,275.0,265.0,268.05,42003552
2019-04-05,270.0,274.0,264.25,266.85,28319924
2019-04-08,267.1,268.1,258.25,260.05,26252468
2019-04-09,261.9,272.0,258.7,270.6,39195172
2019-04-10,272.0,275.45,267.5,268.25,32016248
2019-04-11,268.75,270.25,264.0,269.05,20363800
2019-04-12,269.7,271.9,265.8,267.9,21736272
2019-04-15,268.45,269.9,264.8,265.5,13509220
2019-04-16,267.55,269.2,265.0,266.45,16368625
2019-04-18,266.4,267.95,254.05,255.8,32491440
2019-04-22,253.95,254.4,237.0,238.35,37467080
2019-04-23,239.0,244.65,230.5,232.7,43232832
2019-04-24,233.0,240.4,231.2,239.15,38516952
2019-04-25,241.0,250.4,236.05,237.05,71641176
2019-04-26,239.9,240.35,232.1,237.2,48524120
2019-04-30,213.5,213.5,165.6,168.0,217219920
2019-05-02,162.0,178.0,160.0,173.75,124177864
2019-05-03,177.0,177.8,169.7,175.9,58953904
2019-05-06,168.05,171.9,165.5,166.25,49500412
2019-05-07,169.0,169.95,163.65,164.75,40446604
2019-05-08,165.0,166.5,160.0,160.75,47387736
2019-05-09,158.0,171.4,156.5,170.3,88653904
2019-05-10,172.75,174.25,162.8,163.85,62257936
2019-05-13,164.9,165.45,154.0,154.7,60884256
2019-05-14,155.1,158.9,151.4,155.85,62642516
2019-05-15,154.2,154.3,141.8,142.95,95899312
2019-05-16,144.0,145.9,134.65,137.75,82730880
2019-05-17,141.0,146.0,132.45,134.15,117940440
2019-05-20,142.5,144.9,137.0,143.55,82205264
2019-05-21,145.0,145.0,138.5,141.0,59499616
2019-05-22,141.0,141.25,135.5,137.55,58669728
2019-05-23,143.9,150.8,138.75,139.75,111719248
2019-05-24,141.0,142.9,139.5,141.2,45274708
2019-05-27,142.0,148.45,140.85,146.8,67258368
2019-05-28,148.95,154.9,148.2,152.8,81670496
2019-05-29,154.0,156.0,150.65,151.7,49000784
2019-05-30,150.2,156.5,149.9,155.0,55475576
2019-05-31,156.6,157.0,147.0,147.8,63368992
2019-06-03,148.0,149.9,144.5,149.45,40272408
2019-06-04,148.8,153.85,148.55,152.8,45560540
2019-06-06,148.45,151.2,142.3,143.4,65169528
2019-06-07,143.4,145.45,136.15,139.9,66206668
2019-06-10,141.9,145.0,132.55,135.9,86398912
2019-06-11,135.0,143.5,133.75,139.55,80946656
2019-06-12,136.0,137.8,133.6,134.75,56236716
2019-06-13,130.8,130.8,116.0,117.1,197154832
2019-06-14,118.5,121.0,112.85,115.05,155169984
2019-06-17,118.0,118.35,113.75,116.15,84436080
2019-06-18,116.0,117.5,107.1,109.3,116604528
2019-06-19,109.0,111.45,101.3,103.2,126458240
2019-06-20,102.0,115.9,98.7,114.55,159393072
2019-06-21,114.55,114.8,108.25,109.6,106421504
2019-06-24,112.0,114.0,108.85,111.95,79695312
2019-06-25,111.0,112.5,109.1,110.05,56892280
2019-06-26,109.0,114.65,108.4,113.05,72879536
2019-06-27,113.05,114.5,111.8,112.4,51280992
2019-06-28,112.5,113.0,107.5,108.75,68854688
2019-07-01,109.5,110.5,107.65,109.15,42545440
2019-07-02,108.05,108.05,99.8,100.8,149669584
2019-07-03,100.75,103.8,98.85,99.75,112667720
2019-07-04,101.0,102.15,95.2,96.25,108105008
2019-07-05,95.0,96.85,87.4,88.15,220546896
2019-07-08,87.0,94.6,85.65,93.15,197675520
2019-07-09,95.0,97.0,90.3,91.35,137863888
2019-07-10,92.15,94.0,91.5,93.0,75776544
2019-07-11,94.0,95.0,90.7,92.45,73432272
2019-07-12,93.25,94.85,91.65,94.2,60702976
2019-07-15,95.0,99.3,92.55,93.2,126736904
2019-07-16,94.0,106.5,92.25,103.85,228682128
2019-07-17,108.5,108.5,97.55,98.4,238375008
2019-07-18,88.6,90.25,79.15,85.8,229258096
2019-07-19,86.0,86.9,82.6,83.25,145863648
2019-07-22,83.3,92.5,81.7,91.15,208758720
2019-07-23,89.0,93.9,87.1,90.65,164964352
2019-07-24,91.5,93.65,88.15,89.15,104007120
2019-07-25,88.4,90.4,85.85,87.65,113015176
2019-07-26,88.75,96.9,87.1,96.05,186097456
2019-07-29,95.7,98.7,91.35,94.75,138287216
2019-07-30,95.0,96.3,81.15,86.05,120979048
2019-07-31,86.0,92.35,84.75,91.2,133054944
2019-08-01,88.95,91.3,85.75,88.4,111842104
2019-08-02,87.8,90.9,86.8,88.3,106397712
2019-08-05,88.0,88.0,79.5,81.1,136352608
2019-08-06,80.9,86.65,79.7,85.35,134819808
2019-08-07,86.5,92.0,86.1,86.85,171429824
2019-08-08,89.25,89.9,84.8,89.2,122325008
2019-08-09,91.8,92.45,81.15,82.15,187030768
2019-08-13,84.0,84.2,72.85,73.6,206712608
2019-08-14,74.9,77.9,70.55,76.55,173114128
2019-08-16,79.0,81.45,76.85,79.45,143478784
2019-08-19,79.45,80.75,76.0,76.65,127652184
2019-08-20,76.95,76.95,70.5,71.2,167966736
2019-08-21,71.2,71.5,64.55,65.4,228212992
2019-08-22,66.4,67.7,53.2,56.3,314692576
2019-08-23,56.4,61.25,54.75,59.25,309367840
2019-08-26,62.95,64.7,57.35,62.9,277799296
2019-08-27,62.9,65.35,62.5,64.5,190996864
2019-08-28,64.5,65.15,58.05,59.5,223167616
2019-08-29,59.25,59.3,55.0,57.4,188754016
2019-08-30,58.25,60.95,55.5,59.95,226395040
2019-09-03,59.25,62.3,57.65,58.75,196326960
2019-09-04,58.35,60.3,57.25,59.45,143742208
2019-09-05,59.7,62.35,58.85,61.95,177919552
2019-09-06,61.3,62.15,59.6,60.4,130716448
2019-09-09,60.1,64.1,59.85,63.1,150897856
2019-09-11,66.0,75.45,65.0,71.6,332938592
2019-09-12,71.8,72.2,67.15,67.95,221839872
2019-09-13,67.0,69.5,64.1,68.55,278285536
2019-09-16,67.6,68.2,65.95,67.05,128189224
2019-09-17,67.1,68.8,64.65,65.1,150932032
2019-09-18,66.0,66.45,61.7,64.1,186937024
2019-09-19,64.7,64.8,53.0,54.1,321270944
2019-09-20,53.7,59.9,52.7,55.5,398347296
2019-09-23,57.0,57.5,52.9,55.45,221169296
2019-09-24,54.9,57.65,53.55,56.05,171828064
2019-09-25,55.9,56.85,53.1,53.7,152430784
2019-09-26,53.9,54.25,50.55,51.05,249670432
2019-09-27,50.0,52.9,48.4,48.75,306867616
2019-09-30,48.25,49.1,40.95,41.4,356666336
2019-10-01,42.0,44.3,29.0,32.0,808959168
2019-10-03,35.2,43.45,35.2,42.5,584506432
2019-10-04,45.0,45.9,40.95,42.15,512643776
2019-10-07,45.95,46.8,42.8,45.65,355287488
2019-10-09,45.45,45.45,41.05,43.25,343533088
2019-10-10,41.7,42.7,40.15,40.95,207266032
2019-10-11,41.0,42.0,37.0,39.6,339478528
2019-10-14,39.9,41.5,38.8,40.1,223727104
2019-10-15,41.1,41.45,39.0,40.6,193601936
2019-10-16,40.6,42.05,39.8,41.05,188799872
2019-10-17,41.9,48.2,40.7,47.4,422749760
2019-10-18,46.6,52.7,46.0,51.4,441645536
2019-10-22,53.0,56.6,50.25,51.8,407437568
2019-10-23,51.8,53.5,49.2,51.2,296722592
2019-10-24,51.2,52.55,47.45,48.3,230787328
2019-10-25,48.65,54.3,45.75,52.15,346577920
2019-10-27,55.2,56.45,54.15,54.75,74992656
2019-10-29,54.35,59.9,53.1,58.15,368611136
2019-10-30,59.1,59.45,56.0,56.8,256297920
2019-10-31,56.1,78.7,54.9,70.4,836967424
2019-11-01,71.0,71.85,65.0,66.6,431574592
2019-11-04,59.95,71.3,56.65,66.15,420997696
2019-11-05,70.3,72.0,67.2,68.3,294896160
2019-11-06,68.55,71.15,67.55,68.7,226082896
2019-11-07,68.0,69.3,66.0,66.45,189859136
2019-11-08,65.9,72.3,64.3,68.95,413106976
2019-11-11,70.0,73.55,69.15,73.0,263947824
2019-11-13,74.4,75.3,67.1,68.2,317911136
2019-11-14,68.85,70.8,67.1,68.75,195114960
2019-11-15,69.2,70.2,68.3,68.7,129526064
2019-11-18,69.25,69.25,65.4,65.85,178150592
2019-11-19,65.0,67.25,63.05,64.15,239228496
2019-11-20,62.1,66.45,62.0,65.85,229215328
2019-11-21,66.9,66.9,63.8,64.25,133531520
2019-11-22,64.25,66.15,64.0,64.8,121791624
2019-11-25,64.95,65.5,62.3,63.75,171923328
2019-11-26,64.6,67.5,62.55,63.15,399791680
2019-11-27,68.1,69.0,65.65,68.25,254612192
2019-11-28,69.0,70.65,68.35,70.05,223021360
2019-11-29,72.0,74.0,67.55,68.3,428332384
2019-12-02,69.0,69.3,63.05,64.05,361756064
2019-12-03,64.1,65.25,59.0,59.5,297142432
2019-12-04,58.55,63.45,56.65,63.0,340845440
2019-12-05,63.0,64.0,60.85,62.1,224990592
2019-12-06,60.1,60.75,55.15,56.0,282441280
2019-12-09,56.0,58.85,53.75,56.25,314839584
2019-12-10,54.8,56.35,48.55,50.55,345518752
2019-12-11,47.25,49.4,40.75,42.8,661012672
2019-12-12,43.15,48.8,42.8,45.35,398199424
2019-12-13,45.5,47.65,45.4,46.65,201459984
2019-12-16,47.25,48.0,45.95,46.8,172273648
2019-12-17,47.4,48.2,46.85,47.6,130789040
2019-12-18,48.0,48.2,46.0,46.75,130282560
2019-12-19,46.0,51.4,44.95,49.9,307936416
2019-12-20,49.5,53.5,48.3,51.4,359647936
2019-12-23,50.75,52.3,48.7,49.65,276776864
2019-12-24,50.15,52.0,50.05,51.2,242779984
2019-12-26,51.0,51.6,48.25,48.65,216380352
2019-12-27,49.5,49.75,47.65,48.0,154956576
2019-12-30,47.9,48.95,46.65,47.35,152510288
